timestamp,open,high,low,close,volume
2015-06-01 00:00:00,0.76412,0.76681,0.75978,0.76137,105125.8828125
2015-06-02 00:00:00,0.7614,0.77899,0.76123,0.77596,142965.171875
2015-06-03 00:00:00,0.77596,0.78189,0.77511,0.77706,130605.4296875
2015-06-04 00:00:00,0.77705,0.77793,0.7664,0.76864,126356.21875
2015-06-05 00:00:00,0.76865,0.77261,0.75985,0.76158,93379.0
2015-06-06 00:00:00,0.76158,0.76158,0.76158,0.76158,0.0
2015-06-07 00:00:00,0.76197,0.76276,0.76157,0.76158,6157.52978515625
2015-06-08 00:00:00,0.76157,0.77118,0.76026,0.76871,96815.4296875
2015-06-09 00:00:00,0.76872,0.7722,0.76461,0.76864,112874.0
2015-06-10 00:00:00,0.76864,0.77848,0.76354,0.77277,135736.734375
2015-06-11 00:00:00,0.77276,0.77926,0.7693,0.77475,115984.75
2015-06-12 00:00:00,0.77476,0.77573,0.76777,0.77245,94020.8203125
2015-06-13 00:00:00,0.77245,0.77245,0.77245,0.77245,0.0
2015-06-14 00:00:00,0.77499,0.77526,0.77252,0.77286,4590.919921875
2015-06-15 00:00:00,0.77285,0.77765,0.77035,0.77572,91546.8125
2015-06-16 00:00:00,0.77572,0.77799,0.77218,0.77449,79982.9296875
2015-06-17 00:00:00,0.77448,0.77698,0.76439,0.77207,103747.4296875
2015-06-18 00:00:00,0.77201,0.78486,0.77101,0.779,112140.4375
2015-06-19 00:00:00,0.77899,0.78077,0.77361,0.77712,76952.25
2015-06-20 00:00:00,0.77712,0.77712,0.77712,0.77712,0.0
2015-06-21 00:00:00,0.77648,0.77742,0.77604,0.77652,4298.259765625
2015-06-22 00:00:00,0.77652,0.77961,0.77207,0.77285,87233.15625
2015-06-23 00:00:00,0.77284,0.77483,0.76792,0.77428,93227.9921875
2015-06-24 00:00:00,0.77429,0.77705,0.76828,0.77059,91870.7890625
2015-06-25 00:00:00,0.7706,0.77521,0.77055,0.77315,84676.9375
2015-06-26 00:00:00,0.77315,0.77342,0.76301,0.76557,73985.109375
2015-06-27 00:00:00,0.76557,0.76557,0.76557,0.76557,0.0
2015-06-28 00:00:00,0.76232,0.76456,0.75861,0.76182,11553.490234375
2015-06-29 00:00:00,0.76181,0.7712,0.76126,0.76714,104737.2421875
2015-06-30 00:00:00,0.76714,0.7724,0.76595,0.76918,113947.9296875
2015-07-01 00:00:00,0.76918,0.77384,0.76329,0.76369,97070.8671875
2015-07-02 00:00:00,0.76369,0.7657,0.75893,0.76361,105327.390625
2015-07-03 00:00:00,0.76361,0.76484,0.75059,0.75105,84653.5703125
2015-07-04 00:00:00,0.75105,0.75105,0.75105,0.75105,0.0
2015-07-05 00:00:00,0.74778,0.75125,0.74624,0.7485,7216.93994140625
2015-07-06 00:00:00,0.7485,0.75323,0.74637,0.74746,94431.75
2015-07-07 00:00:00,0.74747,0.74989,0.73977,0.74542,109554.2109375
2015-07-08 00:00:00,0.7454,0.74555,0.73719,0.74205,108169.6171875
2015-07-09 00:00:00,0.74201,0.74915,0.73921,0.74591,104671.921875
2015-07-10 00:00:00,0.7459,0.7496,0.74092,0.74398,89997.78125
2015-07-11 00:00:00,0.74398,0.74398,0.74398,0.74398,0.0
2015-07-12 00:00:00,0.74124,0.7438,0.74124,0.74198,6192.56005859375
2015-07-13 00:00:00,0.74198,0.74681,0.73826,0.73909,113103.7890625
2015-07-14 00:00:00,0.73909,0.74785,0.73873,0.74455,107319.75
2015-07-15 00:00:00,0.74452,0.74886,0.73534,0.737,122818.6796875
2015-07-16 00:00:00,0.73704,0.74367,0.73493,0.74134,103318.5078125
2015-07-17 00:00:00,0.74135,0.74185,0.73672,0.73691,74296.96875
2015-07-18 00:00:00,0.73691,0.73691,0.73691,0.73691,0.0
2015-07-19 00:00:00,0.73772,0.73823,0.73653,0.73676,5637.240234375
2015-07-20 00:00:00,0.73675,0.73971,0.73273,0.73736,105081.375
2015-07-21 00:00:00,0.73734,0.74491,0.73407,0.74234,119757.2578125
2015-07-22 00:00:00,0.74231,0.74383,0.73586,0.73732,116837.9921875
2015-07-23 00:00:00,0.73735,0.74174,0.73491,0.73569,108392.3203125
2015-07-24 00:00:00,0.73572,0.73574,0.72596,0.72783,91550.5390625
2015-07-25 00:00:00,0.72783,0.72783,0.72783,0.72783,0.0
2015-07-26 00:00:00,0.72691,0.7283,0.72672,0.72735,5905.6298828125
2015-07-27 00:00:00,0.72734,0.73241,0.72643,0.72753,106949.828125
2015-07-28 00:00:00,0.72752,0.73487,0.72566,0.73478,113900.1015625
2015-07-29 00:00:00,0.73475,0.73505,0.7282,0.72962,109332.203125
2015-07-30 00:00:00,0.72961,0.73223,0.72542,0.72952,107476.34375
2015-07-31 00:00:00,0.72951,0.73657,0.72343,0.72989,104369.8828125
2015-08-01 00:00:00,0.72989,0.72989,0.72989,0.72989,0.0
2015-08-02 00:00:00,0.73174,0.73174,0.7295,0.72952,8804.6396484375
2015-08-03 00:00:00,0.72954,0.73121,0.72596,0.72742,90287.4921875
2015-08-04 00:00:00,0.72742,0.74278,0.7263,0.73743,123497.28125
2015-08-05 00:00:00,0.73744,0.73949,0.73337,0.73487,114551.4375
2015-08-06 00:00:00,0.7349,0.73916,0.73146,0.73436,106938.8515625
2015-08-07 00:00:00,0.73437,0.74187,0.73332,0.74156,103750.40625
2015-08-08 00:00:00,0.74156,0.74156,0.74156,0.74156,0.0
2015-08-09 00:00:00,0.74108,0.74159,0.73959,0.7397,5642.35986328125
2015-08-10 00:00:00,0.73972,0.74219,0.73532,0.7412,88800.1484375
2015-08-11 00:00:00,0.74121,0.7439,0.72831,0.73135,116325.4609375
2015-08-12 00:00:00,0.73134,0.73889,0.72154,0.73809,127755.5234375
2015-08-13 00:00:00,0.7381,0.74088,0.73228,0.73746,111451.3125
2015-08-14 00:00:00,0.73744,0.73974,0.73546,0.73724,88746.5390625
2015-08-15 00:00:00,0.73724,0.73724,0.73724,0.73724,0.0
2015-08-16 00:00:00,0.73726,0.73806,0.73666,0.73675,3827.550048828125
2015-08-17 00:00:00,0.73675,0.73887,0.73435,0.73713,79036.7890625
2015-08-18 00:00:00,0.73712,0.73858,0.73195,0.73392,89221.453125
2015-08-19 00:00:00,0.7339,0.73749,0.73119,0.73539,97596.890625
2015-08-20 00:00:00,0.73539,0.73726,0.72844,0.73335,93083.4609375
2015-08-21 00:00:00,0.73334,0.73597,0.72869,0.73103,107188.5703125
2015-08-22 00:00:00,0.73103,0.73103,0.73103,0.73103,0.0
2015-08-23 00:00:00,0.72949,0.73111,0.72496,0.72528,10531.3603515625
2015-08-24 00:00:00,0.72527,0.7275,0.7043,0.7175,136763.6875
2015-08-25 00:00:00,0.7175,0.72497,0.70986,0.71002,120340.6171875
2015-08-26 00:00:00,0.71008,0.71525,0.70693,0.71196,126911.34375
2015-08-27 00:00:00,0.71199,0.71809,0.70985,0.71754,113625.03125
2015-08-28 00:00:00,0.7175,0.72054,0.71204,0.71679,101131.7578125
2015-08-29 00:00:00,0.71679,0.71679,0.71679,0.71679,0.0
2015-08-30 00:00:00,0.71507,0.71624,0.71336,0.71381,7651.60986328125
2015-08-31 00:00:00,0.7138,0.71584,0.7082,0.71095,82830.328125
2015-09-01 00:00:00,0.71095,0.71535,0.69981,0.70098,118692.703125
2015-09-02 00:00:00,0.70099,0.70615,0.6982,0.70447,108067.421875
2015-09-03 00:00:00,0.70445,0.70625,0.69919,0.70198,92329.7109375
2015-09-04 00:00:00,0.70195,0.70208,0.6907,0.69071,89739.25
2015-09-05 00:00:00,0.69071,0.69071,0.69071,0.69071,0.0
2015-09-06 00:00:00,0.69249,0.69381,0.69104,0.69349,7828.43017578125
2015-09-07 00:00:00,0.69348,0.6951,0.69139,0.69462,103990.6875
2015-09-08 00:00:00,0.69462,0.70392,0.69327,0.70352,90407.9765625
2015-09-09 00:00:00,0.70353,0.707,0.69594,0.69598,93525.4765625
2015-09-10 00:00:00,0.69601,0.70991,0.69452,0.7073,124732.3515625
2015-09-11 00:00:00,0.7073,0.70917,0.70351,0.70885,68586.9296875
2015-09-12 00:00:00,0.70885,0.70885,0.70885,0.70885,0.0
2015-09-13 00:00:00,0.70804,0.70994,0.70775,0.70979,4697.169921875
2015-09-14 00:00:00,0.70978,0.71643,0.70629,0.71609,80738.109375
2015-09-15 00:00:00,0.71609,0.71654,0.7085,0.71247,77625.7109375
2015-09-16 00:00:00,0.71247,0.72003,0.71227,0.71996,79527.3203125
2015-09-17 00:00:00,0.71994,0.7275,0.71376,0.7188,103973.65625
2015-09-18 00:00:00,0.71882,0.72796,0.71672,0.71893,95264.96875
2015-09-19 00:00:00,0.71893,0.71893,0.71893,0.71893,0.0
2015-09-20 00:00:00,0.71811,0.71946,0.71799,0.71891,4611.68017578125
2015-09-21 00:00:00,0.71893,0.71967,0.71207,0.71266,69695.40625
2015-09-22 00:00:00,0.71265,0.71586,0.70565,0.70741,73812.203125
2015-09-23 00:00:00,0.70741,0.70842,0.69887,0.69971,80768.5625
2015-09-24 00:00:00,0.69972,0.7042,0.69381,0.70089,99051.0390625
2015-09-25 00:00:00,0.70088,0.70419,0.69904,0.70216,69814.5625
2015-09-26 00:00:00,0.70216,0.70216,0.70216,0.70216,0.0
2015-09-27 00:00:00,0.70264,0.70274,0.7007,0.70178,5357.259765625
2015-09-28 00:00:00,0.70176,0.70359,0.69694,0.69699,69678.0390625
2015-09-29 00:00:00,0.69701,0.70234,0.69365,0.70056,91496.6875
2015-09-30 00:00:00,0.70061,0.70381,0.69891,0.70083,91305.8671875
2015-10-01 00:00:00,0.70085,0.70845,0.70047,0.70381,87691.6015625
2015-10-02 00:00:00,0.70381,0.70652,0.7002,0.70437,76033.359375
2015-10-03 00:00:00,0.70437,0.70437,0.70437,0.70437,0.0
2015-10-04 00:00:00,0.70544,0.70577,0.70427,0.70458,5438.14990234375
2015-10-05 00:00:00,0.70456,0.71105,0.70422,0.70846,78032.9296875
2015-10-06 00:00:00,0.70845,0.71747,0.70664,0.71575,85036.2578125
2015-10-07 00:00:00,0.71575,0.72342,0.71494,0.71941,99874.84375
2015-10-08 00:00:00,0.71941,0.72712,0.71646,0.72662,91735.5078125
2015-10-09 00:00:00,0.72661,0.73438,0.7259,0.73328,93625.2109375
2015-10-10 00:00:00,0.73328,0.73328,0.73328,0.73328,0.0
2015-10-11 00:00:00,0.73157,0.7327,0.73119,0.73124,9658.1298828125
2015-10-12 00:00:00,0.73123,0.73817,0.73046,0.73425,72030.078125
2015-10-13 00:00:00,0.73424,0.7349,0.71981,0.72212,106491.2421875
2015-10-14 00:00:00,0.72211,0.73207,0.72012,0.73207,110680.6015625
2015-10-15 00:00:00,0.73206,0.73632,0.72654,0.73252,124951.109375
2015-10-16 00:00:00,0.73251,0.73254,0.72494,0.72662,84951.25
2015-10-17 00:00:00,0.72662,0.72662,0.72662,0.72662,0.0
2015-10-18 00:00:00,0.72551,0.72667,0.72551,0.72589,5236.919921875
2015-10-19 00:00:00,0.72587,0.73069,0.72385,0.72576,78017.4921875
2015-10-20 00:00:00,0.72577,0.72976,0.72465,0.72667,78823.3125
2015-10-21 00:00:00,0.72667,0.72757,0.7202,0.72122,85916.6015625
2015-10-22 00:00:00,0.72123,0.7239,0.71829,0.72109,96325.703125
2015-10-23 00:00:00,0.72109,0.72958,0.72014,0.72172,86057.6171875
2015-10-24 00:00:00,0.72172,0.72172,0.72172,0.72172,0.0
2015-10-25 00:00:00,0.72156,0.72245,0.72075,0.72211,8866.75
2015-10-26 00:00:00,0.72211,0.72692,0.72189,0.72478,80585.4296875
2015-10-27 00:00:00,0.72479,0.72583,0.71787,0.71931,81466.6171875
2015-10-28 00:00:00,0.71932,0.71959,0.70803,0.70942,101562.90625
2015-10-29 00:00:00,0.7095,0.71189,0.70671,0.70886,95738.890625
2015-10-30 00:00:00,0.7089,0.71481,0.7084,0.71354,98939.859375
2015-10-31 00:00:00,0.71354,0.71354,0.71354,0.71354,0.0
2015-11-01 00:00:00,0.71146,0.71356,0.71144,0.71331,8044.14013671875
2015-11-02 00:00:00,0.71331,0.71651,0.71281,0.71564,79969.21875
2015-11-03 00:00:00,0.71564,0.72188,0.71112,0.71881,94869.359375
2015-11-04 00:00:00,0.71881,0.72237,0.71262,0.7135,94574.03125
2015-11-05 00:00:00,0.7135,0.71694,0.71253,0.71457,92331.7265625
2015-11-06 00:00:00,0.71457,0.71693,0.70224,0.70396,98447.0625
2015-11-07 00:00:00,0.70396,0.70396,0.70396,0.70396,0.0
2015-11-08 00:00:00,0.70253,0.70375,0.70252,0.70368,7289.080078125
2015-11-09 00:00:00,0.70367,0.70698,0.7031,0.70502,99466.5
2015-11-10 00:00:00,0.70502,0.7064,0.70155,0.70429,96200.546875
2015-11-11 00:00:00,0.70426,0.70779,0.70397,0.70678,85975.71875
2015-11-12 00:00:00,0.7068,0.71539,0.70596,0.71332,110571.21875
2015-11-13 00:00:00,0.71331,0.71587,0.71062,0.71262,84435.8125
2015-11-14 00:00:00,0.71262,0.71262,0.71262,0.71262,0.0
2015-11-15 00:00:00,0.71184,0.71264,0.70987,0.71067,9710.9501953125
2015-11-16 00:00:00,0.71064,0.71321,0.70802,0.70921,93309.7890625
2015-11-17 00:00:00,0.70919,0.71396,0.70722,0.71116,98386.203125
2015-11-18 00:00:00,0.71115,0.7126,0.70682,0.71166,92442.03125
2015-11-19 00:00:00,0.71165,0.72143,0.71158,0.71899,104490.9765625
2015-11-20 00:00:00,0.71897,0.725,0.71834,0.72358,93200.3203125
2015-11-21 00:00:00,0.72358,0.72358,0.72358,0.72358,0.0
2015-11-22 00:00:00,0.72304,0.72329,0.7224,0.7224,5977.64990234375
2015-11-23 00:00:00,0.72241,0.72275,0.71588,0.71856,98952.2421875
2015-11-24 00:00:00,0.71856,0.7274,0.71852,0.72529,94419.9609375
2015-11-25 00:00:00,0.72529,0.72828,0.72269,0.72531,95694.3125
2015-11-26 00:00:00,0.72529,0.72621,0.72102,0.72172,92829.7421875
2015-11-27 00:00:00,0.72172,0.72393,0.71849,0.71914,75574.8125
2015-11-28 00:00:00,0.71914,0.71914,0.71914,0.71914,0.0
2015-11-29 00:00:00,0.71922,0.71934,0.71783,0.71828,5950.68017578125
2015-11-30 00:00:00,0.71829,0.72497,0.717,0.72308,92085.6875
2015-12-01 00:00:00,0.72308,0.7336,0.72244,0.7322,125886.1875
2015-12-02 00:00:00,0.73221,0.73424,0.72929,0.73014,126883.3671875
2015-12-03 00:00:00,0.73016,0.7363,0.72838,0.73289,138937.3125
2015-12-04 00:00:00,0.73289,0.7385,0.72794,0.73359,128501.46875
2015-12-05 00:00:00,0.73359,0.73359,0.73359,0.73359,0.0
2015-12-06 00:00:00,0.73395,0.73418,0.73303,0.73377,6281.52978515625
2015-12-07 00:00:00,0.73377,0.7339,0.72547,0.72549,112504.03125
2015-12-08 00:00:00,0.72548,0.727,0.71862,0.72222,124070.828125
2015-12-09 00:00:00,0.7222,0.72448,0.71719,0.72326,130072.859375
2015-12-10 00:00:00,0.72327,0.7334,0.7231,0.72708,114344.546875
2015-12-11 00:00:00,0.72707,0.72707,0.71816,0.71846,103165.2734375
2015-12-12 00:00:00,0.71846,0.71846,0.71846,0.71846,0.0
2015-12-13 00:00:00,0.72023,0.7205,0.71596,0.71634,9615.9599609375
2015-12-14 00:00:00,0.71634,0.72694,0.7161,0.7253,118357.6328125
2015-12-15 00:00:00,0.7253,0.72827,0.71605,0.71991,132556.609375
2015-12-16 00:00:00,0.71992,0.72799,0.7176,0.72017,135110.21875
2015-12-17 00:00:00,0.72015,0.72151,0.70967,0.71276,132034.65625
2015-12-18 00:00:00,0.71278,0.72002,0.71147,0.717,102656.0703125
2015-12-19 00:00:00,0.717,0.717,0.717,0.717,0.0
2015-12-20 00:00:00,0.71701,0.71773,0.71585,0.71684,9066.3603515625
2015-12-21 00:00:00,0.71684,0.71979,0.71549,0.71967,93011.6875
2015-12-22 00:00:00,0.71963,0.72487,0.71887,0.723,78058.328125
2015-12-23 00:00:00,0.72299,0.72475,0.72088,0.72314,85647.8671875
2015-12-24 00:00:00,0.72312,0.72824,0.72309,0.72635,61887.4609375
2015-12-25 00:00:00,0.72635,0.72869,0.72447,0.72774,3232.6298828125
2015-12-26 00:00:00,0.72774,0.72774,0.72774,0.72774,0.0
2015-12-27 00:00:00,0.72789,0.72821,0.72716,0.72809,8120.8701171875
2015-12-28 00:00:00,0.72808,0.7281,0.72445,0.72556,70444.078125
2015-12-29 00:00:00,0.72556,0.73027,0.72547,0.72885,75848.421875
2015-12-30 00:00:00,0.72887,0.73031,0.72696,0.72815,82316.8984375
2015-12-31 00:00:00,0.72816,0.7327,0.72662,0.72864,73322.6484375
2016-01-01 00:00:00,0.72864,0.72864,0.72864,0.72864,0.0
2016-01-02 00:00:00,0.72864,0.72864,0.72864,0.72864,0.0
2016-01-03 00:00:00,0.72836,0.73,0.72823,0.7284,5910.169921875
2016-01-04 00:00:00,0.7284,0.72898,0.71556,0.71832,111851.34375
2016-01-05 00:00:00,0.71832,0.72143,0.71319,0.71595,123944.75
2016-01-06 00:00:00,0.71594,0.71713,0.70482,0.70785,145987.53125
2016-01-07 00:00:00,0.70786,0.70858,0.69803,0.70128,155322.6875
2016-01-08 00:00:00,0.70127,0.70758,0.69494,0.69512,135422.515625
2016-01-09 00:00:00,0.69512,0.69512,0.69512,0.69512,0.0
2016-01-10 00:00:00,0.69697,0.69712,0.69266,0.69373,7855.47998046875
2016-01-11 00:00:00,0.69373,0.70354,0.69338,0.69859,147119.59375
2016-01-12 00:00:00,0.69858,0.70205,0.69397,0.69833,149859.453125
2016-01-13 00:00:00,0.69832,0.70483,0.69317,0.69354,143256.484375
2016-01-14 00:00:00,0.69355,0.70017,0.69097,0.69953,159583.046875
2016-01-15 00:00:00,0.69952,0.69955,0.68267,0.68579,140599.84375
2016-01-16 00:00:00,0.68579,0.68579,0.68579,0.68579,0.0
2016-01-17 00:00:00,0.68352,0.68615,0.68346,0.68571,5945.31005859375
2016-01-18 00:00:00,0.6857,0.69277,0.68506,0.68724,114526.71875
2016-01-19 00:00:00,0.68723,0.6957,0.68381,0.69107,141080.125
2016-01-20 00:00:00,0.69103,0.69412,0.68277,0.69403,167134.171875
2016-01-21 00:00:00,0.69401,0.70169,0.68751,0.70151,176086.84375
2016-01-22 00:00:00,0.70153,0.70456,0.69859,0.69997,129283.9296875
2016-01-23 00:00:00,0.69997,0.69997,0.69997,0.69997,0.0
2016-01-24 00:00:00,0.70035,0.70098,0.69988,0.69989,4525.52978515625
2016-01-25 00:00:00,0.69989,0.7031,0.69353,0.69379,127482.6015625
2016-01-26 00:00:00,0.69378,0.7021,0.69185,0.70038,134645.09375
2016-01-27 00:00:00,0.70037,0.70812,0.69917,0.70096,163446.28125
2016-01-28 00:00:00,0.70091,0.71281,0.70076,0.70821,148673.421875
2016-01-29 00:00:00,0.70819,0.71406,0.70584,0.70828,140659.375
2016-01-30 00:00:00,0.70828,0.70828,0.70828,0.70828,0.0
2016-01-31 00:00:00,0.70806,0.70847,0.70624,0.70681,5584.02001953125
2016-02-01 00:00:00,0.70678,0.71208,0.70419,0.71067,118995.5390625
2016-02-02 00:00:00,0.71068,0.71289,0.70225,0.70252,131186.65625
2016-02-03 00:00:00,0.70252,0.71887,0.70025,0.71561,146146.515625
2016-02-04 00:00:00,0.71562,0.72424,0.71562,0.71982,132594.734375
2016-02-05 00:00:00,0.71982,0.72179,0.7062,0.70624,109961.109375
2016-02-06 00:00:00,0.70624,0.70624,0.70624,0.70624,0.0
2016-02-07 00:00:00,0.70681,0.70938,0.70668,0.7084,11561.08984375
2016-02-08 00:00:00,0.70841,0.71282,0.70502,0.70743,128287.640625
2016-02-09 00:00:00,0.70741,0.70954,0.69732,0.70636,150050.78125
2016-02-10 00:00:00,0.70634,0.71248,0.70371,0.71015,151123.65625
2016-02-11 00:00:00,0.71014,0.71528,0.69836,0.7123,166332.921875
2016-02-12 00:00:00,0.71228,0.71269,0.70632,0.71046,123577.859375
2016-02-13 00:00:00,0.71046,0.71046,0.71046,0.71046,0.0
2016-02-14 00:00:00,0.71029,0.7116,0.71005,0.71141,6073.56005859375
2016-02-15 00:00:00,0.71138,0.71712,0.71086,0.71456,100754.2421875
2016-02-16 00:00:00,0.71457,0.71814,0.70812,0.71166,112696.4765625
2016-02-17 00:00:00,0.71165,0.71861,0.70838,0.7172,137301.859375
2016-02-18 00:00:00,0.7172,0.71814,0.71327,0.7149,119204.8984375
2016-02-19 00:00:00,0.7149,0.71537,0.70687,0.71454,106883.859375
2016-02-20 00:00:00,0.71454,0.71454,0.71454,0.71454,0.0
2016-02-21 00:00:00,0.71549,0.71574,0.71355,0.71427,5576.47021484375
2016-02-22 00:00:00,0.71425,0.72465,0.71384,0.72308,107599.8203125
2016-02-23 00:00:00,0.72307,0.72589,0.71849,0.71939,118146.03125
2016-02-24 00:00:00,0.71937,0.72129,0.71454,0.71915,130882.1015625
2016-02-25 00:00:00,0.71916,0.7243,0.71558,0.72353,133382.296875
2016-02-26 00:00:00,0.72351,0.72562,0.71178,0.71234,112361.5
2016-02-27 00:00:00,0.71234,0.71234,0.71234,0.71234,0.0
2016-02-28 00:00:00,0.71181,0.71329,0.71136,0.71262,10348.7998046875
2016-02-29 00:00:00,0.71262,0.71676,0.71084,0.71392,124291.1171875
2016-03-01 00:00:00,0.71392,0.71919,0.71088,0.71806,137362.703125
2016-03-02 00:00:00,0.71806,0.73007,0.71645,0.7285,139713.4375
2016-03-03 00:00:00,0.7285,0.73733,0.72811,0.7356,142171.8125
2016-03-04 00:00:00,0.7356,0.74427,0.73394,0.74371,143787.921875
2016-03-05 00:00:00,0.74371,0.74371,0.74371,0.74371,0.0
2016-03-06 00:00:00,0.74006,0.74242,0.74006,0.74059,9228.1298828125
2016-03-07 00:00:00,0.74059,0.74843,0.73925,0.74563,115588.796875
2016-03-08 00:00:00,0.74565,0.74698,0.74097,0.74325,120048.546875
2016-03-09 00:00:00,0.74325,0.75279,0.74118,0.74667,142551.46875
2016-03-10 00:00:00,0.74667,0.75115,0.74265,0.74573,171778.28125
2016-03-11 00:00:00,0.74574,0.75832,0.7446,0.75644,124968.4375
2016-03-12 00:00:00,0.75644,0.75644,0.75644,0.75644,0.0
2016-03-13 00:00:00,0.75427,0.75613,0.75423,0.75608,12526.16015625
2016-03-14 00:00:00,0.75609,0.75931,0.74917,0.75176,118613.921875
2016-03-15 00:00:00,0.75176,0.75271,0.74449,0.74613,138714.375
2016-03-16 00:00:00,0.74613,0.7574,0.74142,0.75422,134059.90625
2016-03-17 00:00:00,0.75422,0.76586,0.7542,0.76458,169268.5625
2016-03-18 00:00:00,0.76459,0.76797,0.75947,0.7599,116881.8125
2016-03-19 00:00:00,0.7599,0.7599,0.7599,0.7599,0.0
2016-03-20 00:00:00,0.75921,0.76027,0.75894,0.75925,11049.0703125
2016-03-21 00:00:00,0.75925,0.76261,0.75683,0.75685,125863.2265625
2016-03-22 00:00:00,0.75685,0.76423,0.75507,0.7619,117604.8125
2016-03-23 00:00:00,0.7619,0.76484,0.75193,0.75331,120620.0078125
2016-03-24 00:00:00,0.75331,0.75338,0.74768,0.75246,104149.4921875
2016-03-25 00:00:00,0.75246,0.75348,0.74976,0.75017,35082.078125
2016-03-26 00:00:00,0.75017,0.75017,0.75017,0.75017,0.0
2016-03-27 00:00:00,0.75109,0.75191,0.74973,0.7501,5575.56005859375
2016-03-28 00:00:00,0.75009,0.75576,0.74926,0.75524,65794.078125
2016-03-29 00:00:00,0.75524,0.76446,0.75099,0.76351,121731.0078125
2016-03-30 00:00:00,0.7635,0.77084,0.76146,0.76573,142952.140625
2016-03-31 00:00:00,0.76572,0.77221,0.76338,0.76678,124207.828125
2016-04-01 00:00:00,0.76677,0.77002,0.7599,0.76755,112693.71875
2016-04-02 00:00:00,0.76755,0.76755,0.76755,0.76755,0.0
2016-04-03 00:00:00,0.76692,0.76775,0.76639,0.76661,4822.02978515625
2016-04-04 00:00:00,0.76662,0.76729,0.7595,0.75959,102503.2421875
2016-04-05 00:00:00,0.75958,0.76305,0.751,0.7544,125073.703125
2016-04-06 00:00:00,0.7544,0.76191,0.75323,0.761,108484.6796875
2016-04-07 00:00:00,0.76101,0.76369,0.74914,0.75132,119947.953125
2016-04-08 00:00:00,0.75131,0.75789,0.75085,0.75497,96260.0390625
2016-04-09 00:00:00,0.75497,0.75497,0.75497,0.75497,0.0
2016-04-10 00:00:00,0.75425,0.75707,0.75422,0.75633,5881.27001953125
2016-04-11 00:00:00,0.75633,0.76298,0.75276,0.75922,111139.7578125
2016-04-12 00:00:00,0.75921,0.76894,0.75829,0.76841,113624.5703125
2016-04-13 00:00:00,0.76841,0.77158,0.76339,0.76579,117218.96875
2016-04-14 00:00:00,0.76579,0.77366,0.76188,0.76897,109730.0078125
2016-04-15 00:00:00,0.76895,0.77339,0.76803,0.77199,98681.3671875
2016-04-16 00:00:00,0.77199,0.77199,0.77199,0.77199,0.0
2016-04-17 00:00:00,0.76489,0.76752,0.76307,0.76438,11199.8095703125
2016-04-18 00:00:00,0.76436,0.77746,0.76345,0.77685,123430.5234375
2016-04-19 00:00:00,0.77684,0.78258,0.77595,0.77966,114352.3828125
2016-04-20 00:00:00,0.77966,0.78289,0.77666,0.78,126030.4609375
2016-04-21 00:00:00,0.77999,0.78344,0.77324,0.77441,134082.3125
2016-04-22 00:00:00,0.77441,0.77737,0.76934,0.77069,120919.21875
2016-04-23 00:00:00,0.77069,0.77069,0.77069,0.77069,0.0
2016-04-24 00:00:00,0.76936,0.77117,0.76934,0.77091,6031.97998046875
2016-04-25 00:00:00,0.77091,0.77289,0.76907,0.77141,108064.8671875
2016-04-26 00:00:00,0.77137,0.77649,0.76965,0.7745,111329.3671875
2016-04-27 00:00:00,0.7745,0.77648,0.75478,0.7603,146146.453125
2016-04-28 00:00:00,0.76027,0.76572,0.7576,0.7632,140586.875
2016-04-29 00:00:00,0.76321,0.76681,0.75869,0.76048,122529.1015625
2016-04-30 00:00:00,0.76048,0.76048,0.76048,0.76048,0.0
2016-05-01 00:00:00,0.75954,0.762,0.75919,0.7615,6905.89990234375
2016-05-02 00:00:00,0.76149,0.76711,0.75943,0.7662,102118.2890625
2016-05-03 00:00:00,0.76621,0.77182,0.74814,0.74969,141597.3125
2016-05-04 00:00:00,0.74969,0.7517,0.74465,0.7464,125827.53125
2016-05-05 00:00:00,0.7464,0.75135,0.74557,0.74768,98443.046875
2016-05-06 00:00:00,0.74767,0.74767,0.73373,0.7367,110197.703125
2016-05-07 00:00:00,0.7367,0.7367,0.7367,0.7367,0.0
2016-05-08 00:00:00,0.73545,0.7381,0.73505,0.73727,5617.009765625
2016-05-09 00:00:00,0.73727,0.7385,0.73018,0.73147,96997.4609375
2016-05-10 00:00:00,0.73145,0.73806,0.72996,0.73693,100736.6015625
2016-05-11 00:00:00,0.73694,0.7402,0.73357,0.7354,101325.1328125
2016-05-12 00:00:00,0.73537,0.73729,0.73095,0.7316,98178.7421875
2016-05-13 00:00:00,0.73159,0.73192,0.72538,0.72655,108704.953125
2016-05-14 00:00:00,0.72655,0.72655,0.72655,0.72655,0.0
2016-05-15 00:00:00,0.72465,0.72732,0.72453,0.72728,6007.72021484375
2016-05-16 00:00:00,0.72725,0.73085,0.72687,0.72861,72669.5234375
2016-05-17 00:00:00,0.72863,0.73659,0.72821,0.73168,90482.03125
2016-05-18 00:00:00,0.73168,0.73174,0.72149,0.72211,102809.203125
2016-05-19 00:00:00,0.72212,0.72359,0.71762,0.72304,111827.9921875
2016-05-20 00:00:00,0.72302,0.72492,0.72115,0.72209,71657.6171875
2016-05-21 00:00:00,0.72209,0.72209,0.72209,0.72209,0.0
2016-05-22 00:00:00,0.72233,0.72309,0.72173,0.72233,4064.489990234375
2016-05-23 00:00:00,0.72236,0.72594,0.71947,0.72171,83330.1328125
2016-05-24 00:00:00,0.72174,0.7224,0.7145,0.71885,99206.0703125
2016-05-25 00:00:00,0.71887,0.72185,0.71732,0.71861,93490.453125
2016-05-26 00:00:00,0.71861,0.72433,0.71605,0.72242,88817.75
2016-05-27 00:00:00,0.72242,0.72345,0.71718,0.71804,92091.078125
2016-05-28 00:00:00,0.71804,0.71804,0.71804,0.71804,0.0
2016-05-29 00:00:00,0.71766,0.71866,0.71763,0.7178,8101.8701171875
2016-05-30 00:00:00,0.7178,0.71949,0.71485,0.71937,73466.046875
2016-05-31 00:00:00,0.71939,0.72668,0.71846,0.72352,105372.2421875
2016-06-01 00:00:00,0.7235,0.72987,0.7227,0.72483,116767.2890625
2016-06-02 00:00:00,0.72484,0.7269,0.72012,0.72294,104329.4921875
2016-06-03 00:00:00,0.7229,0.73682,0.72234,0.7366,110080.359375
2016-06-04 00:00:00,0.7366,0.7366,0.7366,0.7366,0.0
2016-06-05 00:00:00,0.73662,0.73686,0.73375,0.73426,8125.43994140625
2016-06-06 00:00:00,0.73425,0.73799,0.73151,0.73717,103890.71875
2016-06-07 00:00:00,0.73715,0.74631,0.73593,0.7443,94494.140625
2016-06-08 00:00:00,0.74432,0.75039,0.74301,0.74899,94768.8515625
2016-06-09 00:00:00,0.74897,0.75037,0.74118,0.74126,97171.453125
2016-06-10 00:00:00,0.74123,0.74239,0.73697,0.73733,82655.3515625
2016-06-11 00:00:00,0.73733,0.73733,0.73733,0.73733,0.0
2016-06-12 00:00:00,0.73739,0.73787,0.73655,0.73714,6439.0498046875
2016-06-13 00:00:00,0.73715,0.74105,0.73586,0.73765,88403.3125
2016-06-14 00:00:00,0.73765,0.74042,0.73303,0.73518,94740.5625
2016-06-15 00:00:00,0.73521,0.74453,0.73338,0.74139,104062.3828125
2016-06-16 00:00:00,0.74134,0.74409,0.72849,0.73912,122109.8828125
2016-06-17 00:00:00,0.73918,0.74103,0.73706,0.73922,95228.15625
2016-06-18 00:00:00,0.73922,0.73922,0.73922,0.73922,0.0
2016-06-19 00:00:00,0.74326,0.74374,0.74061,0.74268,10000.3896484375
2016-06-20 00:00:00,0.74266,0.74808,0.74246,0.7456,96836.4296875
2016-06-21 00:00:00,0.74563,0.75121,0.74457,0.74506,92331.203125
2016-06-22 00:00:00,0.74506,0.75261,0.74412,0.75097,101126.9765625
2016-06-23 00:00:00,0.75097,0.76442,0.75082,0.75431,142425.1875
2016-06-24 00:00:00,0.75438,0.75814,0.73042,0.74653,174155.40625
2016-06-25 00:00:00,0.74653,0.74653,0.74653,0.74653,0.0
2016-06-26 00:00:00,0.74136,0.74463,0.74136,0.74271,10021.9599609375
2016-06-27 00:00:00,0.74265,0.74511,0.73245,0.73551,143820.53125
2016-06-28 00:00:00,0.73553,0.74149,0.73422,0.74016,116508.171875
2016-06-29 00:00:00,0.74016,0.74721,0.73813,0.74668,114479.75
2016-06-30 00:00:00,0.74667,0.74677,0.73709,0.74459,139775.453125
2016-07-01 00:00:00,0.74459,0.75025,0.74369,0.74926,98712.796875
2016-07-02 00:00:00,0.74926,0.74926,0.74926,0.74926,0.0
2016-07-03 00:00:00,0.74445,0.74696,0.74444,0.74621,8640.3095703125
2016-07-04 00:00:00,0.74621,0.75443,0.74614,0.75252,89513.65625
2016-07-05 00:00:00,0.75252,0.75446,0.74269,0.74418,117760.890625
2016-07-06 00:00:00,0.74418,0.75285,0.74077,0.75135,141429.609375
2016-07-07 00:00:00,0.75134,0.75383,0.74664,0.74927,132308.1875
2016-07-08 00:00:00,0.74926,0.75731,0.74699,0.75639,105811.59375
2016-07-09 00:00:00,0.75639,0.75639,0.75639,0.75639,0.0
2016-07-10 00:00:00,0.75631,0.75684,0.75568,0.75568,5306.3798828125
2016-07-11 00:00:00,0.75568,0.7575,0.75215,0.75355,106148.546875
2016-07-12 00:00:00,0.75357,0.76576,0.75312,0.76017,117264.8125
2016-07-13 00:00:00,0.76016,0.76381,0.75773,0.75935,122160.703125
2016-07-14 00:00:00,0.75935,0.7653,0.75911,0.76117,123395.953125
2016-07-15 00:00:00,0.76117,0.76757,0.75586,0.75742,114643.3828125
2016-07-16 00:00:00,0.75742,0.75742,0.75742,0.75742,0.0
2016-07-17 00:00:00,0.75909,0.76019,0.75792,0.75889,10173.2802734375
2016-07-18 00:00:00,0.75888,0.76063,0.75648,0.75763,101397.890625
2016-07-19 00:00:00,0.75763,0.75763,0.74758,0.75069,129662.421875
2016-07-20 00:00:00,0.75067,0.75099,0.7453,0.74645,285327.5
2016-07-21 00:00:00,0.74645,0.75137,0.74552,0.75044,586596.0
2016-07-22 00:00:00,0.75044,0.75058,0.74423,0.74608,438259.125
2016-07-23 00:00:00,0.74608,0.74608,0.74608,0.74608,0.0
2016-07-24 00:00:00,0.74588,0.74775,0.74492,0.74728,23061.80078125
2016-07-25 00:00:00,0.74728,0.74922,0.74549,0.74738,399869.9375
2016-07-26 00:00:00,0.74738,0.75396,0.74625,0.75139,636809.8125
2016-07-27 00:00:00,0.75137,0.75652,0.74204,0.75174,580673.4375
2016-07-28 00:00:00,0.75174,0.7549,0.74934,0.75102,499790.28125
2016-07-29 00:00:00,0.75099,0.76099,0.74929,0.75985,553363.1875
2016-07-30 00:00:00,0.75985,0.75985,0.75985,0.75985,0.0
2016-07-31 00:00:00,0.75908,0.76038,0.75846,0.7587,20664.220703125
2016-08-01 00:00:00,0.75871,0.76149,0.75228,0.75266,382449.46875
2016-08-02 00:00:00,0.75266,0.76374,0.74888,0.75973,506632.25
2016-08-03 00:00:00,0.75973,0.76134,0.75679,0.75879,417102.65625
2016-08-04 00:00:00,0.75879,0.76415,0.75872,0.76394,474172.9375
2016-08-05 00:00:00,0.76393,0.76639,0.75973,0.76152,409245.1875
2016-08-06 00:00:00,0.76152,0.76152,0.76152,0.76152,0.0
2016-08-07 00:00:00,0.76179,0.7621,0.76001,0.7611,19255.69921875
2016-08-08 00:00:00,0.76108,0.76719,0.7597,0.766,378189.03125
2016-08-09 00:00:00,0.766,0.76867,0.76218,0.76624,371529.625
2016-08-10 00:00:00,0.76624,0.77556,0.76622,0.77112,410314.71875
2016-08-11 00:00:00,0.77112,0.7725,0.7689,0.76909,330980.4375
2016-08-12 00:00:00,0.76909,0.77245,0.76459,0.76466,321090.65625
2016-08-13 00:00:00,0.76466,0.76466,0.76466,0.76466,0.0
2016-08-14 00:00:00,0.76533,0.76615,0.76507,0.76546,14533.76953125
2016-08-15 00:00:00,0.76546,0.76915,0.7636,0.76752,304999.65625
2016-08-16 00:00:00,0.76752,0.77489,0.76534,0.76946,390081.15625
2016-08-17 00:00:00,0.76947,0.77051,0.76085,0.76616,379567.9375
2016-08-18 00:00:00,0.76616,0.77228,0.76491,0.76773,441569.3125
2016-08-19 00:00:00,0.76771,0.76772,0.75988,0.76253,368876.5
2016-08-20 00:00:00,0.76253,0.76253,0.76253,0.76253,0.0
2016-08-21 00:00:00,0.76024,0.76258,0.7602,0.76056,30251.990234375
2016-08-22 00:00:00,0.76056,0.76443,0.75833,0.76289,428258.28125
2016-08-23 00:00:00,0.76289,0.76549,0.76107,0.76116,401216.3125
2016-08-24 00:00:00,0.76116,0.76336,0.75882,0.76074,405762.5625
2016-08-25 00:00:00,0.76074,0.76387,0.76018,0.76232,358790.46875
2016-08-26 00:00:00,0.7623,0.76919,0.75508,0.7559,407094.15625
2016-08-27 00:00:00,0.7559,0.7559,0.7559,0.7559,0.0
2016-08-28 00:00:00,0.75554,0.75619,0.75391,0.75398,21384.33984375
2016-08-29 00:00:00,0.75398,0.75813,0.75244,0.75749,418468.21875
2016-08-30 00:00:00,0.75748,0.75797,0.75001,0.75228,388075.65625
2016-08-31 00:00:00,0.75228,0.75329,0.74901,0.7518,432619.34375
2016-09-01 00:00:00,0.75181,0.75586,0.75043,0.75496,491020.78125
2016-09-02 00:00:00,0.75496,0.76156,0.75356,0.75689,421683.0
2016-09-03 00:00:00,0.75689,0.75689,0.75689,0.75689,0.0
2016-09-04 00:00:00,0.75671,0.75771,0.75624,0.75638,20330.880859375
2016-09-05 00:00:00,0.75638,0.76059,0.75636,0.75909,365743.25
2016-09-06 00:00:00,0.75911,0.76876,0.75905,0.76823,514085.78125
2016-09-07 00:00:00,0.76822,0.76977,0.7651,0.76675,487948.65625
2016-09-08 00:00:00,0.76674,0.77318,0.76354,0.76495,549832.5
2016-09-09 00:00:00,0.76495,0.76565,0.75357,0.75369,533596.9375
2016-09-10 00:00:00,0.75369,0.75369,0.75369,0.75369,0.0
2016-09-11 00:00:00,0.75379,0.75456,0.75304,0.75418,21695.44921875
2016-09-12 00:00:00,0.75418,0.75665,0.74937,0.75655,588133.6875
2016-09-13 00:00:00,0.75655,0.75678,0.74418,0.74663,631067.3125
2016-09-14 00:00:00,0.74663,0.74954,0.74507,0.74809,615261.8125
2016-09-15 00:00:00,0.7481,0.75223,0.74458,0.75126,611901.0
2016-09-16 00:00:00,0.75126,0.75264,0.74752,0.74902,632566.875
2016-09-17 00:00:00,0.74902,0.74902,0.74902,0.74902,0.0
2016-09-18 00:00:00,0.74785,0.75068,0.74769,0.75009,19591.140625
2016-09-19 00:00:00,0.75009,0.75726,0.75006,0.75383,525267.375
2016-09-20 00:00:00,0.75383,0.75647,0.75299,0.75533,526506.25
2016-09-21 00:00:00,0.75534,0.764,0.75341,0.76322,614502.125
2016-09-22 00:00:00,0.76322,0.76743,0.76252,0.76452,627891.375
2016-09-23 00:00:00,0.76452,0.7653,0.76087,0.76188,569772.625
2016-09-24 00:00:00,0.76188,0.76188,0.76188,0.76188,0.0
2016-09-25 00:00:00,0.76125,0.76202,0.7608,0.76134,26895.30078125
2016-09-26 00:00:00,0.76134,0.76491,0.76025,0.76307,553782.75
2016-09-27 00:00:00,0.76306,0.76952,0.76114,0.76677,564126.3125
2016-09-28 00:00:00,0.76677,0.76957,0.76444,0.76933,646085.25
2016-09-29 00:00:00,0.76931,0.77099,0.7623,0.76275,710361.9375
2016-09-30 00:00:00,0.76275,0.76711,0.75897,0.76557,521886.65625
2016-10-01 00:00:00,0.76557,0.76557,0.76557,0.76557,0.0
2016-10-02 00:00:00,0.76533,0.76645,0.76411,0.76423,16240.349609375
2016-10-03 00:00:00,0.76423,0.76907,0.76402,0.76831,403286.6875
2016-10-04 00:00:00,0.76831,0.76876,0.7606,0.76102,612793.25
2016-10-05 00:00:00,0.76103,0.76444,0.75925,0.76196,501329.40625
2016-10-06 00:00:00,0.76197,0.76208,0.75619,0.75747,455942.6875
2016-10-07 00:00:00,0.75747,0.76241,0.75528,0.75841,676790.4375
2016-10-08 00:00:00,0.75841,0.75841,0.75841,0.75841,0.0
2016-10-09 00:00:00,0.76053,0.76089,0.75927,0.75999,20949.650390625
2016-10-10 00:00:00,0.75999,0.76281,0.75798,0.75988,442702.125
2016-10-11 00:00:00,0.75988,0.75988,0.75329,0.75599,492693.90625
2016-10-12 00:00:00,0.75599,0.75922,0.75461,0.75531,463848.3125
2016-10-13 00:00:00,0.75531,0.75811,0.75061,0.75632,544837.8125
2016-10-14 00:00:00,0.75632,0.76473,0.7556,0.76145,471875.84375
2016-10-15 00:00:00,0.76145,0.76145,0.76145,0.76145,0.0
2016-10-16 00:00:00,0.76199,0.76211,0.75935,0.75948,27965.919921875
2016-10-17 00:00:00,0.75947,0.76415,0.75809,0.76391,428294.875
2016-10-18 00:00:00,0.7639,0.76893,0.76387,0.76729,377813.5625
2016-10-19 00:00:00,0.7673,0.77289,0.7659,0.77256,422572.5
2016-10-20 00:00:00,0.77256,0.77339,0.76178,0.7632,421797.53125
2016-10-21 00:00:00,0.7632,0.76507,0.7587,0.76028,376912.09375
2016-10-22 00:00:00,0.76028,0.76028,0.76028,0.76028,0.0
2016-10-23 00:00:00,0.76074,0.76093,0.76001,0.7602,17656.240234375
2016-10-24 00:00:00,0.76019,0.76404,0.75888,0.75917,200757.9375
2016-10-25 00:00:00,0.75914,0.76545,0.75912,0.76495,110455.453125
2016-10-26 00:00:00,0.76495,0.77086,0.76275,0.7648,115417.25
2016-10-27 00:00:00,0.76479,0.76519,0.75796,0.75895,112459.390625
2016-10-28 00:00:00,0.75896,0.76076,0.75575,0.7595,128672.453125
2016-10-29 00:00:00,0.7595,0.7595,0.7595,0.7595,0.0
2016-10-30 00:00:00,0.75875,0.75986,0.75856,0.75945,7355.759765625
2016-10-31 00:00:00,0.75951,0.76188,0.75828,0.76065,105477.78125
2016-11-01 00:00:00,0.76064,0.76886,0.75977,0.76451,148318.59375
2016-11-02 00:00:00,0.76451,0.76779,0.76122,0.76507,162305.484375
2016-11-03 00:00:00,0.76507,0.76876,0.76367,0.76836,156768.234375
2016-11-04 00:00:00,0.76834,0.76966,0.76517,0.76702,158150.609375
2016-11-05 00:00:00,0.76702,0.76702,0.76702,0.76702,0.0
2016-11-06 00:00:00,0.76778,0.76787,0.76571,0.76767,7915.47998046875
2016-11-07 00:00:00,0.76767,0.77292,0.76662,0.7717,137563.03125
2016-11-08 00:00:00,0.77176,0.77779,0.76889,0.77436,147855.359375
2016-11-09 00:00:00,0.77435,0.77712,0.75792,0.76499,296850.90625
2016-11-10 00:00:00,0.76497,0.77418,0.75675,0.76081,215299.953125
2016-11-11 00:00:00,0.76079,0.76294,0.75249,0.754,220093.703125
2016-11-12 00:00:00,0.754,0.754,0.754,0.754,0.0
2016-11-13 00:00:00,0.75421,0.75612,0.75398,0.75501,9371.26953125
2016-11-14 00:00:00,0.75502,0.75734,0.75235,0.75668,196470.875
2016-11-15 00:00:00,0.75668,0.75808,0.75113,0.75538,188061.3125
2016-11-16 00:00:00,0.75536,0.75708,0.74598,0.74908,175766.796875
2016-11-17 00:00:00,0.74908,0.75012,0.73961,0.73993,168650.140625
2016-11-18 00:00:00,0.73992,0.7406,0.733,0.7334,174968.5
2016-11-19 00:00:00,0.7334,0.7334,0.7334,0.7334,0.0
2016-11-20 00:00:00,0.73304,0.73333,0.7314,0.73239,7593.9501953125
2016-11-21 00:00:00,0.73239,0.73816,0.73106,0.7376,164725.796875
2016-11-22 00:00:00,0.73759,0.74131,0.73687,0.74079,140214.296875
2016-11-23 00:00:00,0.74078,0.74447,0.73696,0.73716,155189.515625
2016-11-24 00:00:00,0.73716,0.74181,0.73641,0.74158,138005.65625
2016-11-25 00:00:00,0.74158,0.74677,0.74,0.74357,157822.515625
2016-11-26 00:00:00,0.74357,0.74357,0.74357,0.74357,0.0
2016-11-27 00:00:00,0.74431,0.74483,0.74345,0.74418,4584.6298828125
2016-11-28 00:00:00,0.74418,0.74944,0.74328,0.74941,144221.515625
2016-11-29 00:00:00,0.74939,0.74972,0.7432,0.74843,141457.09375
2016-11-30 00:00:00,0.74841,0.7497,0.73738,0.73872,168536.203125
2016-12-01 00:00:00,0.73871,0.74237,0.737,0.74214,140045.703125
2016-12-02 00:00:00,0.74211,0.74686,0.74009,0.74524,128771.8125
2016-12-03 00:00:00,0.74524,0.74524,0.74524,0.74524,0.0
2016-12-04 00:00:00,0.74507,0.746,0.74121,0.74384,16121.4296875
2016-12-05 00:00:00,0.74382,0.74977,0.74136,0.74717,152347.921875
2016-12-06 00:00:00,0.74717,0.74802,0.74311,0.74727,128526.078125
2016-12-07 00:00:00,0.74726,0.74863,0.74162,0.74856,103728.3515625
2016-12-08 00:00:00,0.74856,0.75077,0.74284,0.74579,137163.1875
2016-12-09 00:00:00,0.74579,0.74956,0.74347,0.74459,104390.4765625
2016-12-10 00:00:00,0.74459,0.74459,0.74459,0.74459,0.0
2016-12-11 00:00:00,0.74445,0.7451,0.74306,0.74471,6121.93017578125
2016-12-12 00:00:00,0.74473,0.75039,0.74372,0.74963,123986.8984375
2016-12-13 00:00:00,0.74964,0.75231,0.74757,0.74929,130970.171875
2016-12-14 00:00:00,0.74929,0.75244,0.73938,0.74094,158725.125
2016-12-15 00:00:00,0.74094,0.74305,0.73374,0.7366,190703.171875
2016-12-16 00:00:00,0.73659,0.73686,0.72659,0.73021,162004.125
2016-12-17 00:00:00,0.73021,0.73021,0.73021,0.73021,0.0
2016-12-18 00:00:00,0.72816,0.72951,0.72728,0.72893,7802.39990234375
2016-12-19 00:00:00,0.72894,0.73124,0.72403,0.72502,125417.6171875
2016-12-20 00:00:00,0.72506,0.72711,0.72226,0.72664,117841.4765625
2016-12-21 00:00:00,0.72664,0.72791,0.72221,0.72345,111583.7421875
2016-12-22 00:00:00,0.72347,0.72578,0.7197,0.72205,112401.8125
2016-12-23 00:00:00,0.72202,0.7227,0.71596,0.71746,84245.8203125
2016-12-24 00:00:00,0.71746,0.71746,0.71746,0.71746,0.0
2016-12-25 00:00:00,0.71623,0.71812,0.7162,0.71754,2266.179931640625
2016-12-26 00:00:00,0.71754,0.72254,0.71652,0.71788,27801.94921875
2016-12-27 00:00:00,0.71788,0.71965,0.71721,0.71896,86161.3828125
2016-12-28 00:00:00,0.71893,0.72194,0.71634,0.71825,96938.1484375
2016-12-29 00:00:00,0.71826,0.7246,0.71813,0.72345,103519.328125
2016-12-30 00:00:00,0.72345,0.72463,0.71963,0.72027,108676.140625
2016-12-31 00:00:00,0.72027,0.72027,0.72027,0.72027,0.0
2017-01-01 00:00:00,0.72146,0.72164,0.71793,0.72078,708.739990234375
2017-01-02 00:00:00,0.72078,0.72193,0.71654,0.71955,64439.6796875
2017-01-03 00:00:00,0.71953,0.72407,0.71938,0.7229,125037.5078125
2017-01-04 00:00:00,0.7229,0.7288,0.72188,0.72877,146636.015625
2017-01-05 00:00:00,0.72875,0.73564,0.72774,0.73368,177601.390625
2017-01-06 00:00:00,0.73369,0.73546,0.7288,0.72929,144352.3125
2017-01-07 00:00:00,0.72929,0.72929,0.72929,0.72929,0.0
2017-01-08 00:00:00,0.72942,0.73116,0.72879,0.73116,4662.5498046875
2017-01-09 00:00:00,0.73115,0.73735,0.73016,0.73558,141600.390625
2017-01-10 00:00:00,0.73558,0.73843,0.73307,0.7359,155007.46875
2017-01-11 00:00:00,0.7359,0.74713,0.73518,0.74451,196346.71875
2017-01-12 00:00:00,0.74454,0.7518,0.74295,0.74886,171823.34375
2017-01-13 00:00:00,0.74886,0.75082,0.74489,0.7498,159504.296875
2017-01-14 00:00:00,0.7498,0.7498,0.7498,0.7498,0.0
2017-01-15 00:00:00,0.74805,0.75052,0.74801,0.7498,5460.35986328125
2017-01-16 00:00:00,0.74985,0.7502,0.74579,0.74711,120963.4765625
2017-01-17 00:00:00,0.74714,0.75683,0.74646,0.75494,184316.484375
2017-01-18 00:00:00,0.75496,0.7566,0.75023,0.75093,159310.25
2017-01-19 00:00:00,0.75096,0.75739,0.7493,0.75656,185973.09375
2017-01-20 00:00:00,0.7566,0.75883,0.75171,0.75544,174756.59375
2017-01-21 00:00:00,0.75544,0.75544,0.75544,0.75544,0.0
2017-01-22 00:00:00,0.75531,0.75722,0.75514,0.75718,4959.330078125
2017-01-23 00:00:00,0.75719,0.76016,0.75498,0.75817,149386.640625
2017-01-24 00:00:00,0.7582,0.76089,0.7553,0.75909,140494.921875
2017-01-25 00:00:00,0.75913,0.75979,0.75149,0.75735,174741.5
2017-01-26 00:00:00,0.75739,0.75847,0.75212,0.75315,165353.25
2017-01-27 00:00:00,0.75309,0.75723,0.75113,0.75459,152851.046875
2017-01-28 00:00:00,0.75459,0.75459,0.75459,0.75459,0.0
2017-01-29 00:00:00,0.75589,0.75618,0.75516,0.75537,5067.60009765625
2017-01-30 00:00:00,0.75538,0.75664,0.75276,0.75649,125215.890625
2017-01-31 00:00:00,0.75651,0.76053,0.75417,0.75772,158478.09375
2017-02-01 00:00:00,0.75772,0.75967,0.7551,0.75826,146800.875
2017-02-02 00:00:00,0.75824,0.76958,0.75822,0.76542,141202.15625
2017-02-03 00:00:00,0.76544,0.76951,0.76201,0.76827,136945.09375
2017-02-04 00:00:00,0.76827,0.76827,0.76827,0.76827,0.0
2017-02-05 00:00:00,0.76784,0.76827,0.76711,0.76743,4093.5
2017-02-06 00:00:00,0.76743,0.76803,0.76291,0.76449,138166.734375
2017-02-07 00:00:00,0.76451,0.76809,0.76055,0.76203,141110.734375
2017-02-08 00:00:00,0.76204,0.76656,0.76111,0.76313,140301.046875
2017-02-09 00:00:00,0.76311,0.76637,0.76105,0.76231,126821.390625
2017-02-10 00:00:00,0.76232,0.76883,0.76176,0.76743,123919.9375
2017-02-11 00:00:00,0.76743,0.76743,0.76743,0.76743,0.0
2017-02-12 00:00:00,0.76793,0.76803,0.76627,0.76689,4233.22998046875
2017-02-13 00:00:00,0.7669,0.76774,0.76308,0.76409,111056.1484375
2017-02-14 00:00:00,0.7641,0.76963,0.76177,0.76688,130961.65625
2017-02-15 00:00:00,0.76692,0.77211,0.76367,0.77207,125605.0625
2017-02-16 00:00:00,0.77207,0.77318,0.76842,0.76967,142831.0
2017-02-17 00:00:00,0.76965,0.77125,0.76558,0.76644,119256.578125
2017-02-18 00:00:00,0.76644,0.76644,0.76644,0.76644,0.0
2017-02-19 00:00:00,0.76705,0.76771,0.76656,0.76656,3542.85009765625
2017-02-20 00:00:00,0.76656,0.76902,0.7659,0.76889,86729.28125
2017-02-21 00:00:00,0.76889,0.76895,0.76494,0.76753,104632.0
2017-02-22 00:00:00,0.76753,0.77146,0.76666,0.76956,115331.3828125
2017-02-23 00:00:00,0.76954,0.77404,0.76649,0.77124,116200.34375
2017-02-24 00:00:00,0.77124,0.77194,0.76641,0.7667,103446.421875
2017-02-25 00:00:00,0.7667,0.7667,0.7667,0.7667,0.0
2017-02-26 00:00:00,0.76797,0.76832,0.76626,0.76682,5976.1201171875
2017-02-27 00:00:00,0.7668,0.77075,0.76662,0.76753,108098.1328125
2017-02-28 00:00:00,0.76753,0.76944,0.76367,0.76417,124415.4296875
2017-03-01 00:00:00,0.76417,0.76995,0.76364,0.76588,148293.90625
2017-03-02 00:00:00,0.76587,0.76667,0.75573,0.75718,116008.8671875
2017-03-03 00:00:00,0.75717,0.75972,0.75428,0.75934,120769.1015625
2017-03-04 00:00:00,0.75934,0.75934,0.75934,0.75934,0.0
2017-03-05 00:00:00,0.75876,0.75947,0.75828,0.75944,4351.31005859375
2017-03-06 00:00:00,0.75944,0.76092,0.75702,0.75901,109001.8203125
2017-03-07 00:00:00,0.75899,0.76323,0.75837,0.75922,116202.2578125
2017-03-08 00:00:00,0.7592,0.76086,0.7518,0.75264,121405.9765625
2017-03-09 00:00:00,0.75264,0.75339,0.74911,0.75071,127730.9296875
2017-03-10 00:00:00,0.75069,0.75565,0.75053,0.75391,115600.3515625
2017-03-11 00:00:00,0.75391,0.75391,0.75391,0.75391,0.0
2017-03-12 00:00:00,0.75455,0.75506,0.75353,0.75412,4223.22021484375
2017-03-13 00:00:00,0.75411,0.75919,0.75337,0.75656,108560.34375
2017-03-14 00:00:00,0.75656,0.75789,0.754,0.7565,104127.6171875
2017-03-15 00:00:00,0.75651,0.77188,0.75549,0.77056,137709.125
2017-03-16 00:00:00,0.77056,0.77172,0.76631,0.7671,141764.171875
2017-03-17 00:00:00,0.76709,0.77173,0.76656,0.77012,101828.8671875
2017-03-18 00:00:00,0.77012,0.77012,0.77012,0.77012,0.0
2017-03-19 00:00:00,0.76888,0.77089,0.76888,0.77058,4490.75
2017-03-20 00:00:00,0.77062,0.77476,0.76967,0.7729,109907.359375
2017-03-21 00:00:00,0.7729,0.77495,0.76694,0.76725,130946.09375
2017-03-22 00:00:00,0.76723,0.76841,0.76393,0.76671,129498.8515625
2017-03-23 00:00:00,0.7667,0.7668,0.7622,0.76339,140994.703125
2017-03-24 00:00:00,0.76338,0.76403,0.76037,0.76209,113916.6015625
2017-03-25 00:00:00,0.76209,0.76209,0.76209,0.76209,0.0
2017-03-26 00:00:00,0.76358,0.76364,0.76248,0.7632,7008.47021484375
2017-03-27 00:00:00,0.7632,0.7648,0.76078,0.76273,114507.546875
2017-03-28 00:00:00,0.76273,0.76572,0.75872,0.76526,98710.6171875
2017-03-29 00:00:00,0.76529,0.76747,0.76323,0.76701,83285.40625
2017-03-30 00:00:00,0.76699,0.76792,0.76381,0.76527,90250.1484375
2017-03-31 00:00:00,0.76525,0.76624,0.76223,0.7627,92069.71875
2017-04-01 00:00:00,0.7627,0.7627,0.7627,0.7627,0.0
2017-04-02 00:00:00,0.76257,0.76401,0.76252,0.76289,5096.58984375
2017-04-03 00:00:00,0.7629,0.76399,0.7591,0.76047,99726.8984375
2017-04-04 00:00:00,0.76047,0.76149,0.75449,0.75676,103794.6484375
2017-04-05 00:00:00,0.75673,0.75871,0.7559,0.75661,112925.4375
2017-04-06 00:00:00,0.75661,0.7569,0.7532,0.75391,118722.25
2017-04-07 00:00:00,0.75391,0.75443,0.74938,0.74967,127921.921875
2017-04-08 00:00:00,0.74967,0.74967,0.74967,0.74967,0.0
2017-04-09 00:00:00,0.74919,0.75086,0.74916,0.75061,7929.66015625
2017-04-10 00:00:00,0.7506,0.75133,0.7476,0.75052,102643.296875
2017-04-11 00:00:00,0.7505,0.75145,0.74739,0.75008,118457.5703125
2017-04-12 00:00:00,0.75007,0.75433,0.74728,0.75366,133356.234375
2017-04-13 00:00:00,0.75364,0.75952,0.75314,0.75645,126973.7578125
2017-04-14 00:00:00,0.75644,0.75821,0.75572,0.75765,66878.3984375
2017-04-15 00:00:00,0.75765,0.75765,0.75765,0.75765,0.0
2017-04-16 00:00:00,0.75736,0.75846,0.75703,0.75792,5703.1298828125
2017-04-17 00:00:00,0.75792,0.76102,0.75776,0.75911,84382.8984375
2017-04-18 00:00:00,0.75911,0.75957,0.75337,0.75582,118954.890625
2017-04-19 00:00:00,0.75585,0.75622,0.74915,0.7495,108934.671875
2017-04-20 00:00:00,0.7495,0.75467,0.74941,0.75179,110093.703125
2017-04-21 00:00:00,0.75178,0.75455,0.75154,0.75413,97566.7734375
2017-04-22 00:00:00,0.75413,0.75413,0.75413,0.75413,0.0
2017-04-23 00:00:00,0.75842,0.75844,0.75387,0.75559,10354.3095703125
2017-04-24 00:00:00,0.75556,0.75839,0.75468,0.75582,98641.78125
2017-04-25 00:00:00,0.75582,0.75647,0.75201,0.75369,105314.5234375
2017-04-26 00:00:00,0.75369,0.75558,0.74547,0.74784,141382.5625
2017-04-27 00:00:00,0.74783,0.74921,0.74398,0.74685,120092.3671875
2017-04-28 00:00:00,0.74686,0.74905,0.74475,0.74848,105474.8984375
2017-04-29 00:00:00,0.74848,0.74848,0.74848,0.74848,0.0
2017-04-30 00:00:00,0.74691,0.74889,0.7469,0.7483,6966.509765625
2017-05-01 00:00:00,0.74834,0.75401,0.74737,0.75313,70902.5625
2017-05-02 00:00:00,0.75313,0.75559,0.75102,0.75427,92614.8203125
2017-05-03 00:00:00,0.75428,0.75456,0.7419,0.74279,106548.921875
2017-05-04 00:00:00,0.74279,0.74299,0.73827,0.74098,111272.421875
2017-05-05 00:00:00,0.74101,0.74259,0.73674,0.74189,108643.25
2017-05-06 00:00:00,0.74189,0.74189,0.74189,0.74189,0.0
2017-05-07 00:00:00,0.7411,0.74192,0.74046,0.7415,6818.77001953125
2017-05-08 00:00:00,0.74149,0.74244,0.73776,0.73901,108166.3828125
2017-05-09 00:00:00,0.73901,0.73979,0.73287,0.73411,117222.7734375
2017-05-10 00:00:00,0.7341,0.73942,0.73325,0.73572,125505.578125
2017-05-11 00:00:00,0.73571,0.73827,0.73383,0.73761,106932.0078125
2017-05-12 00:00:00,0.7376,0.74207,0.73681,0.7384,105102.7890625
2017-05-13 00:00:00,0.7384,0.7384,0.7384,0.7384,0.0
2017-05-14 00:00:00,0.73894,0.73949,0.73847,0.73929,8701.8603515625
2017-05-15 00:00:00,0.73928,0.74455,0.73871,0.74194,105635.5703125
2017-05-16 00:00:00,0.74193,0.74377,0.73949,0.74207,112331.7421875
2017-05-17 00:00:00,0.74208,0.74432,0.73884,0.74309,123457.4921875
2017-05-18 00:00:00,0.74308,0.74664,0.74079,0.74204,161799.1875
2017-05-19 00:00:00,0.74202,0.74692,0.74061,0.74558,106660.2578125
2017-05-20 00:00:00,0.74558,0.74558,0.74558,0.74558,0.0
2017-05-21 00:00:00,0.74484,0.74575,0.74348,0.74511,5365.6201171875
2017-05-22 00:00:00,0.74512,0.74885,0.74348,0.74699,97774.1015625
2017-05-23 00:00:00,0.74699,0.75171,0.74677,0.747,117160.5625
2017-05-24 00:00:00,0.747,0.75072,0.74422,0.7496,119498.5390625
2017-05-25 00:00:00,0.74963,0.75156,0.74505,0.74537,104117.7265625
2017-05-26 00:00:00,0.74537,0.74611,0.74217,0.74454,93313.2109375
2017-05-27 00:00:00,0.74454,0.74454,0.74454,0.74454,0.0
2017-05-28 00:00:00,0.74379,0.74459,0.74366,0.74414,4628.56982421875
2017-05-29 00:00:00,0.74417,0.74499,0.74267,0.74387,63363.6484375
2017-05-30 00:00:00,0.74388,0.74694,0.74158,0.74576,87457.8203125
2017-05-31 00:00:00,0.74576,0.74755,0.74228,0.74249,99103.7890625
2017-06-01 00:00:00,0.74249,0.74543,0.73717,0.73802,100824.75
2017-06-02 00:00:00,0.738,0.7446,0.73739,0.74391,81850.328125
2017-06-03 00:00:00,0.74391,0.74391,0.74391,0.74391,0.0
2017-06-04 00:00:00,0.74226,0.74396,0.74223,0.74275,7177.85009765625
2017-06-05 00:00:00,0.74273,0.7498,0.74219,0.74864,70631.7578125
2017-06-06 00:00:00,0.74864,0.75217,0.74567,0.75103,98553.078125
2017-06-07 00:00:00,0.75101,0.75664,0.74995,0.75389,97551.078125
2017-06-08 00:00:00,0.75388,0.75541,0.75243,0.75261,91972.1875
2017-06-09 00:00:00,0.75261,0.7544,0.75191,0.75271,77929.09375
2017-06-10 00:00:00,0.75271,0.75271,0.75271,0.75271,0.0
2017-06-11 00:00:00,0.75297,0.75327,0.75255,0.75277,4503.39013671875
2017-06-12 00:00:00,0.75283,0.75483,0.75214,0.75481,75614.96875
2017-06-13 00:00:00,0.7548,0.75646,0.75239,0.7536,81636.2890625
2017-06-14 00:00:00,0.75359,0.76351,0.75323,0.75892,115461.671875
2017-06-15 00:00:00,0.75892,0.76313,0.7568,0.75858,107799.5390625
2017-06-16 00:00:00,0.75857,0.76294,0.75759,0.76202,94367.4296875
2017-06-17 00:00:00,0.76202,0.76202,0.76202,0.76202,0.0
2017-06-18 00:00:00,0.76152,0.76236,0.76152,0.76188,5926.10009765625
2017-06-19 00:00:00,0.76189,0.76289,0.75848,0.75902,87514.8515625
2017-06-20 00:00:00,0.75902,0.76234,0.75702,0.75742,95186.7421875
2017-06-21 00:00:00,0.75744,0.75792,0.75427,0.75493,103865.0703125
2017-06-22 00:00:00,0.75493,0.75614,0.7535,0.75415,104184.5390625
2017-06-23 00:00:00,0.75414,0.75826,0.75404,0.75656,87711.3125
2017-06-24 00:00:00,0.75656,0.75656,0.75656,0.75656,0.0
2017-06-25 00:00:00,0.75637,0.75711,0.75625,0.7571,4953.080078125
2017-06-26 00:00:00,0.7571,0.75992,0.75654,0.75834,103468.2265625
2017-06-27 00:00:00,0.75833,0.76242,0.75767,0.75851,113820.1328125
2017-06-28 00:00:00,0.75851,0.76443,0.7577,0.76363,126484.7890625
2017-06-29 00:00:00,0.7636,0.76882,0.76357,0.76855,112096.96875
2017-06-30 00:00:00,0.76855,0.7712,0.76669,0.7686,105164.5
2017-07-01 00:00:00,0.7686,0.7686,0.7686,0.7686,0.0
2017-07-02 00:00:00,0.7682,0.76946,0.76771,0.76864,7889.10986328125
2017-07-03 00:00:00,0.76864,0.76949,0.76443,0.76653,106024.84375
2017-07-04 00:00:00,0.76652,0.76825,0.7591,0.76113,107021.25
2017-07-05 00:00:00,0.76112,0.76318,0.7571,0.75991,106607.6484375
2017-07-06 00:00:00,0.7599,0.76144,0.75767,0.75791,107022.2890625
2017-07-07 00:00:00,0.75793,0.7623,0.75719,0.76026,103298.890625
2017-07-08 00:00:00,0.76026,0.76026,0.76026,0.76026,0.0
2017-07-09 00:00:00,0.75977,0.76055,0.75943,0.76042,5539.64990234375
2017-07-10 00:00:00,0.76042,0.76144,0.75862,0.76062,89114.6875
2017-07-11 00:00:00,0.7606,0.76422,0.76027,0.7638,95366.109375
2017-07-12 00:00:00,0.76549,0.76551,0.76507,0.76517,1000.0
2017-07-13 00:00:00,0.76791,0.77428,0.76747,0.77396,118047.75
2017-07-14 00:00:00,0.774,0.78338,0.77333,0.78273,106970.34375
2017-07-15 00:00:00,0.78273,0.78273,0.78273,0.78273,0.0
2017-07-16 00:00:00,0.78258,0.78308,0.78201,0.78239,9241.58984375
2017-07-17 00:00:00,0.7824,0.78382,0.77867,0.77888,133068.40625
2017-07-18 00:00:00,0.77892,0.79426,0.77861,0.79178,154132.421875
2017-07-19 00:00:00,0.79178,0.79605,0.79118,0.79595,122272.28125
2017-07-20 00:00:00,0.79595,0.79883,0.78971,0.79463,152866.765625
2017-07-21 00:00:00,0.79467,0.79511,0.78748,0.79123,121734.0234375
2017-07-22 00:00:00,0.79123,0.79123,0.79123,0.79123,0.0
2017-07-23 00:00:00,0.79034,0.79304,0.79034,0.79245,8479.83984375
2017-07-24 00:00:00,0.79245,0.79672,0.79032,0.79253,113547.6484375
2017-07-25 00:00:00,0.79252,0.79702,0.79022,0.79307,115484.9765625
2017-07-26 00:00:00,0.79305,0.80133,0.78776,0.79995,154125.984375
2017-07-27 00:00:00,0.79995,0.80653,0.79561,0.7974,151220.421875
2017-07-28 00:00:00,0.79744,0.80072,0.79366,0.79834,131259.859375
2017-07-29 00:00:00,0.79834,0.79834,0.79834,0.79834,0.0
2017-07-30 00:00:00,0.79813,0.79898,0.79801,0.79808,8002.75
2017-07-31 00:00:00,0.79813,0.80038,0.79558,0.80024,119980.453125
2017-08-01 00:00:00,0.80025,0.80423,0.79535,0.79563,126720.390625
2017-08-02 00:00:00,0.79562,0.79926,0.79411,0.79554,104199.140625
2017-08-03 00:00:00,0.79554,0.79612,0.7914,0.79569,119540.390625
2017-08-04 00:00:00,0.79568,0.79794,0.78911,0.79261,118506.09375
2017-08-05 00:00:00,0.79261,0.79261,0.79261,0.79261,0.0
2017-08-06 00:00:00,0.79182,0.79382,0.79161,0.79267,10037.4296875
2017-08-07 00:00:00,0.79268,0.79484,0.78988,0.79157,84829.4375
2017-08-08 00:00:00,0.79154,0.79425,0.78869,0.78945,102118.4765625
2017-08-09 00:00:00,0.78944,0.79002,0.7855,0.78918,115156.5390625
2017-08-10 00:00:00,0.78918,0.79102,0.78597,0.78679,99806.0234375
2017-08-11 00:00:00,0.7868,0.79091,0.78387,0.78911,116461.3125
2017-08-12 00:00:00,0.78911,0.78911,0.78911,0.78911,0.0
2017-08-13 00:00:00,0.78908,0.79041,0.78874,0.79035,8936.1796875
2017-08-14 00:00:00,0.79031,0.79188,0.78446,0.78551,118100.3125
2017-08-15 00:00:00,0.78551,0.78763,0.78075,0.78251,122310.9609375
2017-08-16 00:00:00,0.78246,0.79336,0.78231,0.79318,126284.140625
2017-08-17 00:00:00,0.79318,0.79625,0.78691,0.78742,131811.65625
2017-08-18 00:00:00,0.78745,0.79439,0.78728,0.79285,115360.65625
2017-08-19 00:00:00,0.79285,0.79285,0.79285,0.79285,0.0
2017-08-20 00:00:00,0.79263,0.79318,0.79229,0.79256,5476.3798828125
2017-08-21 00:00:00,0.79257,0.79503,0.79107,0.7936,100142.7421875
2017-08-22 00:00:00,0.7936,0.79504,0.78974,0.79107,98551.7265625
2017-08-23 00:00:00,0.79109,0.79127,0.78819,0.79103,123296.03125
2017-08-24 00:00:00,0.79103,0.79156,0.78664,0.78969,142776.890625
2017-08-25 00:00:00,0.78969,0.79539,0.78849,0.79296,126916.6484375
2017-08-26 00:00:00,0.79296,0.79296,0.79296,0.79296,0.0
2017-08-27 00:00:00,0.79222,0.79492,0.79222,0.79411,8439.7900390625
2017-08-28 00:00:00,0.79411,0.79727,0.79051,0.79251,114134.5703125
2017-08-29 00:00:00,0.79251,0.79826,0.79215,0.79578,152796.40625
2017-08-30 00:00:00,0.79578,0.79955,0.78899,0.79054,147188.03125
2017-08-31 00:00:00,0.79054,0.79511,0.7871,0.79403,157388.265625
2017-09-01 00:00:00,0.79403,0.79945,0.79212,0.79681,142295.546875
2017-09-02 00:00:00,0.79681,0.79681,0.79681,0.79681,0.0
2017-09-03 00:00:00,0.7947,0.79724,0.79458,0.79642,10368.08984375
2017-09-04 00:00:00,0.79641,0.79709,0.7941,0.79429,118535.3828125
2017-09-05 00:00:00,0.79431,0.80283,0.79417,0.80067,176963.453125
2017-09-06 00:00:00,0.80062,0.80204,0.79631,0.80079,159021.546875
2017-09-07 00:00:00,0.80077,0.80591,0.79743,0.80559,159540.984375
2017-09-08 00:00:00,0.80558,0.81247,0.80495,0.8053,169923.59375
2017-09-09 00:00:00,0.8053,0.8053,0.8053,0.8053,0.0
2017-09-10 00:00:00,0.80554,0.80568,0.80439,0.80482,7199.83984375
2017-09-11 00:00:00,0.80482,0.80581,0.80183,0.8023,131325.9375
2017-09-12 00:00:00,0.8023,0.80491,0.79981,0.80157,135229.265625
2017-09-13 00:00:00,0.8016,0.80438,0.79701,0.79793,132739.46875
2017-09-14 00:00:00,0.79793,0.80161,0.79554,0.8002,190908.390625
2017-09-15 00:00:00,0.80021,0.80348,0.79864,0.79998,125433.5390625
2017-09-16 00:00:00,0.79998,0.79998,0.79998,0.79998,0.0
2017-09-17 00:00:00,0.79957,0.80045,0.79931,0.79951,5575.990234375
2017-09-18 00:00:00,0.79951,0.80346,0.79396,0.79697,116296.7109375
2017-09-19 00:00:00,0.79699,0.80197,0.79617,0.8004,127781.5234375
2017-09-20 00:00:00,0.8004,0.81029,0.79856,0.80153,173565.296875
2017-09-21 00:00:00,0.80155,0.80192,0.79166,0.79294,293677.53125
2017-09-22 00:00:00,0.79297,0.79861,0.79078,0.79592,124063.1796875
2017-09-23 00:00:00,0.79592,0.79592,0.79592,0.79592,0.0
2017-09-24 00:00:00,0.79505,0.79656,0.79486,0.79613,11651.169921875
2017-09-25 00:00:00,0.79613,0.79732,0.79262,0.79372,133096.8125
2017-09-26 00:00:00,0.79372,0.79484,0.78589,0.78759,143921.171875
2017-09-27 00:00:00,0.78759,0.78883,0.78359,0.78494,155189.6875
2017-09-28 00:00:00,0.78494,0.78599,0.77993,0.78475,157782.875
2017-09-29 00:00:00,0.78477,0.78546,0.78163,0.7832,107184.546875
2017-09-30 00:00:00,0.7832,0.7832,0.7832,0.7832,0.0
2017-10-01 00:00:00,0.78325,0.78474,0.78325,0.78416,6523.77001953125
2017-10-02 00:00:00,0.78415,0.78447,0.77951,0.78261,129792.7890625
2017-10-03 00:00:00,0.78264,0.78383,0.77851,0.78356,126691.140625
2017-10-04 00:00:00,0.78356,0.78747,0.78333,0.78608,121872.46875
2017-10-05 00:00:00,0.7861,0.78631,0.77866,0.77909,118645.1875
2017-10-06 00:00:00,0.77909,0.77982,0.77328,0.77705,130922.9921875
2017-10-07 00:00:00,0.77705,0.77705,0.77705,0.77705,0.0
2017-10-08 00:00:00,0.77683,0.7779,0.77677,0.77776,6488.3701171875
2017-10-09 00:00:00,0.77775,0.77821,0.77474,0.77574,94232.65625
2017-10-10 00:00:00,0.77574,0.77968,0.7757,0.7786,124331.4765625
2017-10-11 00:00:00,0.7786,0.78086,0.77704,0.78025,116750.890625
2017-10-12 00:00:00,0.78027,0.78356,0.77979,0.78274,127908.3515625
2017-10-13 00:00:00,0.78272,0.78967,0.78218,0.78857,123983.703125
2017-10-14 00:00:00,0.78857,0.78857,0.78857,0.78857,0.0
2017-10-15 00:00:00,0.78816,0.78894,0.78768,0.78852,4819.080078125
2017-10-16 00:00:00,0.78852,0.78884,0.78399,0.78437,123867.9921875
2017-10-17 00:00:00,0.78437,0.78606,0.78179,0.78489,116040.671875
2017-10-18 00:00:00,0.78489,0.78576,0.78186,0.78423,123495.2890625
2017-10-19 00:00:00,0.78424,0.78835,0.78412,0.78743,133341.203125
2017-10-20 00:00:00,0.78741,0.78783,0.78081,0.78124,119470.90625
2017-10-21 00:00:00,0.78124,0.78124,0.78124,0.78124,0.0
2017-10-22 00:00:00,0.78191,0.78199,0.78048,0.78052,7900.22021484375
2017-10-23 00:00:00,0.78053,0.78341,0.77958,0.7811,105303.140625
2017-10-24 00:00:00,0.7811,0.78244,0.77702,0.77759,129992.109375
2017-10-25 00:00:00,0.77759,0.77836,0.769,0.77072,146257.15625
2017-10-26 00:00:00,0.77072,0.77186,0.76524,0.7661,126896.6328125
2017-10-27 00:00:00,0.7661,0.76778,0.76247,0.76756,120177.546875
2017-10-28 00:00:00,0.76756,0.76756,0.76756,0.76756,0.0
2017-10-29 00:00:00,0.7675,0.7675,0.76642,0.76656,6165.68017578125
2017-10-30 00:00:00,0.76655,0.76986,0.76553,0.76956,103198.6171875
2017-10-31 00:00:00,0.76959,0.76966,0.76393,0.76594,106801.9765625
2017-11-01 00:00:00,0.76593,0.76956,0.76479,0.76756,132959.921875
2017-11-02 00:00:00,0.76756,0.77296,0.76755,0.77135,178826.546875
2017-11-03 00:00:00,0.77136,0.77153,0.76388,0.7649,98189.1328125
2017-11-04 00:00:00,0.7649,0.7649,0.7649,0.7649,0.0
2017-11-05 00:00:00,0.76484,0.76538,0.76446,0.76495,5972.91015625
2017-11-06 00:00:00,0.76495,0.76928,0.7638,0.76861,103873.7734375
2017-11-07 00:00:00,0.76861,0.77005,0.7627,0.7654,106229.171875
2017-11-08 00:00:00,0.76539,0.76848,0.76441,0.76787,83929.59375
2017-11-09 00:00:00,0.76787,0.76937,0.76492,0.76817,99614.59375
2017-11-10 00:00:00,0.76818,0.76948,0.76537,0.76576,82054.96875
2017-11-11 00:00:00,0.76576,0.76576,0.76576,0.76576,0.0
2017-11-12 00:00:00,0.76495,0.7655,0.7645,0.7646,4427.18994140625
2017-11-13 00:00:00,0.7646,0.76654,0.76088,0.76147,74007.0625
2017-11-14 00:00:00,0.76146,0.76495,0.76122,0.76295,85490.390625
2017-11-15 00:00:00,0.76295,0.76313,0.7573,0.75912,102937.578125
2017-11-16 00:00:00,0.75909,0.76093,0.75693,0.75868,81102.078125
2017-11-17 00:00:00,0.75868,0.76075,0.75358,0.75618,80741.0703125
2017-11-18 00:00:00,0.75618,0.75618,0.75618,0.75618,0.0
2017-11-19 00:00:00,0.75654,0.75666,0.75507,0.75525,6510.77001953125
2017-11-20 00:00:00,0.75525,0.75733,0.75437,0.75537,70028.921875
2017-11-21 00:00:00,0.75536,0.75899,0.75317,0.75847,82751.2578125
2017-11-22 00:00:00,0.75847,0.76231,0.7555,0.76127,87516.5625
2017-11-23 00:00:00,0.76127,0.76384,0.76034,0.76246,78644.75
2017-11-24 00:00:00,0.76245,0.76273,0.76064,0.76158,69837.4375
2017-11-25 00:00:00,0.76158,0.76158,0.76158,0.76158,0.0
2017-11-26 00:00:00,0.76162,0.76168,0.7609,0.76107,3546.580078125
2017-11-27 00:00:00,0.76107,0.76445,0.75928,0.7607,80954.640625
2017-11-28 00:00:00,0.76073,0.76198,0.75877,0.76061,92156.78125
2017-11-29 00:00:00,0.76057,0.76074,0.75518,0.75659,92969.25
2017-11-30 00:00:00,0.75659,0.75942,0.7551,0.75622,102131.9609375
2017-12-01 00:00:00,0.75622,0.76389,0.75558,0.76103,125451.65625
2017-12-02 00:00:00,0.76103,0.76103,0.76103,0.76103,0.0
2017-12-03 00:00:00,0.75913,0.76003,0.75868,0.75873,5555.75
2017-12-04 00:00:00,0.75875,0.76137,0.75791,0.76034,89954.28125
2017-12-05 00:00:00,0.76034,0.76533,0.7598,0.76039,101370.2109375
2017-12-06 00:00:00,0.76039,0.76342,0.75581,0.75668,95555.3984375
2017-12-07 00:00:00,0.75666,0.75673,0.7505,0.75108,86580.953125
2017-12-08 00:00:00,0.75105,0.75332,0.7501,0.75054,78370.53125
2017-12-09 00:00:00,0.75054,0.75054,0.75054,0.75054,0.0
2017-12-10 00:00:00,0.75074,0.75117,0.75029,0.75065,3352.75
2017-12-11 00:00:00,0.75066,0.75451,0.75062,0.75284,82704.4375
2017-12-12 00:00:00,0.75284,0.75799,0.75189,0.75561,80990.7265625
2017-12-13 00:00:00,0.75561,0.76392,0.75533,0.76292,96328.53125
2017-12-14 00:00:00,0.76291,0.76793,0.76267,0.76648,110595.8984375
2017-12-15 00:00:00,0.76648,0.76943,0.76376,0.76418,92462.8984375
2017-12-16 00:00:00,0.76418,0.76418,0.76418,0.76418,0.0
2017-12-17 00:00:00,0.76441,0.76492,0.76435,0.7646,3871.02001953125
2017-12-18 00:00:00,0.7646,0.76773,0.76404,0.76639,86023.421875
2017-12-19 00:00:00,0.7664,0.76835,0.76457,0.76515,87032.453125
2017-12-20 00:00:00,0.76515,0.76793,0.76511,0.76705,79991.6796875
2017-12-21 00:00:00,0.76705,0.77077,0.76535,0.77052,71100.71875
2017-12-22 00:00:00,0.77052,0.77205,0.77016,0.77127,73821.390625
2017-12-23 00:00:00,0.77127,0.77127,0.77127,0.77127,0.0
2017-12-24 00:00:00,0.7709,0.77127,0.77084,0.77097,389.1499938964844
2017-12-25 00:00:00,0.77096,0.77244,0.77094,0.77227,5157.330078125
2017-12-26 00:00:00,0.77226,0.77305,0.77122,0.77294,34837.23046875
2017-12-27 00:00:00,0.77295,0.7779,0.77295,0.77733,70752.328125
2017-12-28 00:00:00,0.77733,0.78092,0.77732,0.77935,63330.76953125
2017-12-29 00:00:00,0.77935,0.78248,0.77881,0.77906,62997.76171875
2017-12-30 00:00:00,0.77906,0.77906,0.77906,0.77906,0.0
2017-12-31 00:00:00,0.77906,0.77906,0.77906,0.77906,0.0
2018-01-01 00:00:00,0.78043,0.78173,0.7791,0.77987,6458.83984375
2018-01-02 00:00:00,0.77987,0.78444,0.77987,0.78303,80070.7578125
2018-01-03 00:00:00,0.78304,0.78445,0.78049,0.78264,82318.2734375
2018-01-04 00:00:00,0.78264,0.78684,0.7814,0.78632,86590.9921875
2018-01-05 00:00:00,0.78633,0.78744,0.78347,0.78629,83304.6171875
2018-01-06 00:00:00,0.78629,0.78629,0.78629,0.78629,0.0
2018-01-07 00:00:00,0.78613,0.78707,0.78587,0.78587,3740.800048828125
2018-01-08 00:00:00,0.78587,0.78722,0.78267,0.78447,66751.109375
2018-01-09 00:00:00,0.78446,0.78643,0.78072,0.78106,80609.84375
2018-01-10 00:00:00,0.78106,0.78671,0.7808,0.78462,104854.2109375
2018-01-11 00:00:00,0.78463,0.78958,0.78376,0.78856,115358.78125
2018-01-12 00:00:00,0.78857,0.7924,0.78479,0.79128,114740.46875
2018-01-13 00:00:00,0.79128,0.79128,0.79128,0.79128,0.0
2018-01-14 00:00:00,0.79023,0.79174,0.79023,0.79077,3645.9599609375
2018-01-15 00:00:00,0.79077,0.79784,0.79071,0.796,106688.921875
2018-01-16 00:00:00,0.79599,0.79744,0.79366,0.79701,109728.3671875
2018-01-17 00:00:00,0.79702,0.80224,0.79401,0.79709,130190.609375
2018-01-18 00:00:00,0.79708,0.80114,0.79414,0.80054,118230.0703125
2018-01-19 00:00:00,0.80055,0.80384,0.79816,0.79898,116399.0078125
2018-01-20 00:00:00,0.79898,0.79898,0.79898,0.79898,0.0
2018-01-21 00:00:00,0.7999,0.80024,0.79922,0.80012,3827.659912109375
2018-01-22 00:00:00,0.80012,0.80268,0.79786,0.80072,93368.4609375
2018-01-23 00:00:00,0.80073,0.80295,0.79563,0.80041,111687.9765625
2018-01-24 00:00:00,0.80039,0.80825,0.7993,0.80495,132130.3125
2018-01-25 00:00:00,0.80494,0.81186,0.80043,0.80286,164022.6875
2018-01-26 00:00:00,0.80284,0.81355,0.8025,0.81101,147035.84375
2018-01-27 00:00:00,0.81101,0.81101,0.81101,0.81101,0.0
2018-01-28 00:00:00,0.81016,0.81176,0.81014,0.8116,4803.2998046875
2018-01-29 00:00:00,0.8116,0.81177,0.80737,0.80952,124082.578125
2018-01-30 00:00:00,0.80954,0.81132,0.80423,0.80992,129633.09375
2018-01-31 00:00:00,0.80992,0.81167,0.80347,0.80589,145816.484375
2018-02-01 00:00:00,0.80589,0.8067,0.79871,0.80389,147393.8125
2018-02-02 00:00:00,0.80389,0.80401,0.79175,0.79221,159730.34375
2018-02-03 00:00:00,0.79221,0.79221,0.79221,0.79221,0.0
2018-02-04 00:00:00,0.79134,0.79168,0.78904,0.79042,22675.119140625
2018-02-05 00:00:00,0.7904,0.79535,0.78719,0.78768,170430.59375
2018-02-06 00:00:00,0.7877,0.79098,0.78351,0.7893,268561.6875
2018-02-07 00:00:00,0.78928,0.79072,0.78108,0.78159,154327.765625
2018-02-08 00:00:00,0.78158,0.78432,0.77674,0.77881,193417.8125
2018-02-09 00:00:00,0.77883,0.78297,0.77588,0.78117,182661.65625
2018-02-10 00:00:00,0.78117,0.78117,0.78117,0.78117,0.0
2018-02-11 00:00:00,0.78122,0.78209,0.78108,0.782,3656.1298828125
2018-02-12 00:00:00,0.782,0.78644,0.78091,0.78574,122430.6171875
2018-02-13 00:00:00,0.78575,0.78761,0.78277,0.78611,130150.75
2018-02-14 00:00:00,0.7861,0.79339,0.77727,0.79292,182618.703125
2018-02-15 00:00:00,0.79292,0.79661,0.78916,0.79425,173144.265625
2018-02-16 00:00:00,0.79425,0.79882,0.78921,0.79029,151963.125
2018-02-17 00:00:00,0.79029,0.79029,0.79029,0.79029,0.0
2018-02-18 00:00:00,0.79058,0.79154,0.79057,0.79111,3247.7900390625
2018-02-19 00:00:00,0.79113,0.79349,0.78979,0.79085,110260.28125
2018-02-20 00:00:00,0.79085,0.79332,0.78737,0.78802,152401.234375
2018-02-21 00:00:00,0.78802,0.79019,0.77964,0.77969,170497.796875
2018-02-22 00:00:00,0.77971,0.78596,0.77901,0.78376,135682.46875
2018-02-23 00:00:00,0.78375,0.7843,0.78039,0.78417,111948.578125
2018-02-24 00:00:00,0.78417,0.78417,0.78417,0.78417,0.0
2018-02-25 00:00:00,0.78377,0.78455,0.78359,0.78381,5746.7900390625
2018-02-26 00:00:00,0.78382,0.78931,0.78253,0.78493,105378.6875
2018-02-27 00:00:00,0.78492,0.78681,0.77829,0.7793,151963.390625
2018-02-28 00:00:00,0.7793,0.78187,0.77559,0.77626,134525.703125
2018-03-01 00:00:00,0.77626,0.77691,0.77124,0.77642,181681.515625
2018-03-02 00:00:00,0.7764,0.77733,0.77372,0.77613,148788.09375
2018-03-03 00:00:00,0.77613,0.77613,0.77613,0.77613,0.0
2018-03-04 00:00:00,0.77614,0.77675,0.77444,0.77552,6161.97021484375
2018-03-05 00:00:00,0.77552,0.77734,0.77253,0.77641,125217.25
2018-03-06 00:00:00,0.77641,0.7842,0.7756,0.77855,146946.875
2018-03-07 00:00:00,0.77855,0.78297,0.77716,0.78262,141870.4375
2018-03-08 00:00:00,0.78261,0.78384,0.77725,0.77905,128333.3125
2018-03-09 00:00:00,0.77905,0.78536,0.77761,0.78438,116772.4375
2018-03-10 00:00:00,0.78438,0.78438,0.78438,0.78438,0.0
2018-03-11 00:00:00,0.78474,0.78652,0.78456,0.78605,5787.0498046875
2018-03-12 00:00:00,0.78605,0.78794,0.7854,0.78711,95504.9296875
2018-03-13 00:00:00,0.78711,0.78972,0.78455,0.78595,135288.9375
2018-03-14 00:00:00,0.78593,0.7916,0.78561,0.78798,119770.2109375
2018-03-15 00:00:00,0.78798,0.7885,0.7788,0.77888,113128.8125
2018-03-16 00:00:00,0.77886,0.78037,0.77091,0.77091,98568.859375
2018-03-17 00:00:00,0.77091,0.77091,0.77091,0.77091,0.0
2018-03-18 00:00:00,0.77172,0.77187,0.77112,0.77171,5632.27001953125
2018-03-19 00:00:00,0.7717,0.77255,0.76863,0.77077,110464.7890625
2018-03-20 00:00:00,0.77077,0.77207,0.76786,0.76891,99477.5
2018-03-21 00:00:00,0.7689,0.77795,0.76719,0.7774,128504.7890625
2018-03-22 00:00:00,0.77739,0.7785,0.76867,0.76948,145821.015625
2018-03-23 00:00:00,0.76948,0.77437,0.76939,0.76961,136539.703125
2018-03-24 00:00:00,0.76961,0.76961,0.76961,0.76961,0.0
2018-03-25 00:00:00,0.77021,0.77138,0.76946,0.77094,4954.06005859375
2018-03-26 00:00:00,0.77094,0.77574,0.77082,0.77546,99197.890625
2018-03-27 00:00:00,0.77545,0.77568,0.76748,0.76858,115690.6171875
2018-03-28 00:00:00,0.76858,0.77021,0.76531,0.76609,134520.4375
2018-03-29 00:00:00,0.76608,0.76893,0.76425,0.76842,108105.4921875
2018-03-30 00:00:00,0.76843,0.77061,0.76722,0.76789,113668.953125
2018-03-31 00:00:00,0.76789,0.76789,0.76789,0.76789,0.0
2018-04-01 00:00:00,0.76855,0.76928,0.76807,0.76828,3052.469970703125
2018-04-02 00:00:00,0.76828,0.76947,0.76492,0.76522,65708.3984375
2018-04-03 00:00:00,0.76523,0.77065,0.76521,0.76811,111225.109375
2018-04-04 00:00:00,0.76812,0.7726,0.76625,0.77199,112936.1796875
2018-04-05 00:00:00,0.77199,0.77236,0.76573,0.76683,97694.1015625
2018-04-06 00:00:00,0.76681,0.76993,0.76663,0.76711,108673.5078125
2018-04-07 00:00:00,0.76711,0.76711,0.76711,0.76711,0.0
2018-04-08 00:00:00,0.76788,0.76808,0.76687,0.76778,4230.5400390625
2018-04-09 00:00:00,0.7678,0.77108,0.76517,0.76987,95060.171875
2018-04-10 00:00:00,0.76988,0.77687,0.76934,0.77631,109824.7890625
2018-04-11 00:00:00,0.77632,0.77726,0.77393,0.77619,92614.140625
2018-04-12 00:00:00,0.77618,0.77712,0.77377,0.77575,82522.8125
2018-04-13 00:00:00,0.77575,0.78096,0.77575,0.776,71510.1796875
2018-04-14 00:00:00,0.776,0.776,0.776,0.776,0.0
2018-04-15 00:00:00,0.77688,0.77783,0.77619,0.77722,4262.60009765625
2018-04-16 00:00:00,0.77722,0.77842,0.77519,0.77744,60149.5
2018-04-17 00:00:00,0.77744,0.77909,0.77597,0.77665,79865.0
2018-04-18 00:00:00,0.77666,0.77974,0.7744,0.77874,71188.75
2018-04-19 00:00:00,0.77875,0.78124,0.77187,0.77199,100978.140625
2018-04-20 00:00:00,0.77199,0.77263,0.76549,0.76688,84331.640625
2018-04-21 00:00:00,0.76688,0.76688,0.76688,0.76688,0.0
2018-04-22 00:00:00,0.76699,0.7674,0.76582,0.76586,5597.2001953125
2018-04-23 00:00:00,0.76588,0.76824,0.75994,0.76017,82898.2578125
2018-04-24 00:00:00,0.76018,0.76206,0.75781,0.76055,103103.046875
2018-04-25 00:00:00,0.76055,0.76055,0.75518,0.75684,100083.6171875
2018-04-26 00:00:00,0.75684,0.75886,0.75466,0.75535,116108.296875
2018-04-27 00:00:00,0.75535,0.75835,0.75317,0.75809,96077.75
2018-04-28 00:00:00,0.75809,0.75809,0.75809,0.75809,0.0
2018-04-29 00:00:00,0.75751,0.75802,0.75709,0.75726,3583.659912109375
2018-04-30 00:00:00,0.75728,0.75818,0.75249,0.75315,87879.8125
2018-05-01 00:00:00,0.75316,0.75461,0.74723,0.74815,99765.78125
2018-05-02 00:00:00,0.74816,0.75369,0.74751,0.74863,137050.359375
2018-05-03 00:00:00,0.74863,0.75425,0.7485,0.75287,144228.515625
2018-05-04 00:00:00,0.75287,0.75602,0.74922,0.7537,107118.171875
2018-05-05 00:00:00,0.7537,0.7537,0.7537,0.7537,0.0
2018-05-06 00:00:00,0.75404,0.75415,0.75232,0.75232,3540.6201171875
2018-05-07 00:00:00,0.75232,0.75428,0.74928,0.75189,97298.2578125
2018-05-08 00:00:00,0.7519,0.75277,0.74333,0.74465,124095.8984375
2018-05-09 00:00:00,0.74465,0.74722,0.7412,0.74569,112825.2109375
2018-05-10 00:00:00,0.74569,0.75394,0.74545,0.75248,136965.0
2018-05-11 00:00:00,0.75251,0.75667,0.75223,0.75393,114330.1328125
2018-05-12 00:00:00,0.75393,0.75393,0.75393,0.75393,0.0
2018-05-13 00:00:00,0.75398,0.75531,0.75392,0.75502,5674.919921875
2018-05-14 00:00:00,0.755,0.75646,0.75207,0.75255,85399.53125
2018-05-15 00:00:00,0.75255,0.75371,0.74477,0.74673,125480.046875
2018-05-16 00:00:00,0.74676,0.75231,0.74468,0.75165,118517.15625
2018-05-17 00:00:00,0.75165,0.75471,0.74975,0.75048,127972.7265625
2018-05-18 00:00:00,0.75047,0.75278,0.74882,0.75064,106443.578125
2018-05-19 00:00:00,0.75064,0.75064,0.75064,0.75064,0.0
2018-05-20 00:00:00,0.752,0.7531,0.75156,0.75224,5214.83984375
2018-05-21 00:00:00,0.75224,0.75872,0.75027,0.7581,98946.8984375
2018-05-22 00:00:00,0.75813,0.76053,0.75661,0.75778,111468.65625
2018-05-23 00:00:00,0.75779,0.75823,0.75223,0.75653,140419.9375
2018-05-24 00:00:00,0.75654,0.75823,0.75418,0.75703,137406.296875
2018-05-25 00:00:00,0.75705,0.75897,0.75422,0.75456,120842.6484375
2018-05-26 00:00:00,0.75456,0.75456,0.75456,0.75456,0.0
2018-05-27 00:00:00,0.7558,0.7562,0.75546,0.75563,4956.43017578125
2018-05-28 00:00:00,0.75562,0.75808,0.75393,0.7545,100139.6875
2018-05-29 00:00:00,0.7545,0.75522,0.74758,0.74824,149193.46875
2018-05-30 00:00:00,0.74826,0.75835,0.74825,0.75695,138238.5625
2018-05-31 00:00:00,0.75695,0.75929,0.75523,0.75614,136926.328125
2018-06-01 00:00:00,0.75621,0.75722,0.75136,0.75638,117780.8203125
2018-06-02 00:00:00,0.75638,0.75638,0.75638,0.75638,0.0
2018-06-03 00:00:00,0.75599,0.75721,0.75599,0.75674,3237.18994140625
2018-06-04 00:00:00,0.75675,0.76661,0.7567,0.76511,95014.8671875
2018-06-05 00:00:00,0.76511,0.76557,0.75945,0.76233,127694.65625
2018-06-06 00:00:00,0.76233,0.76765,0.76224,0.76634,110267.0390625
2018-06-07 00:00:00,0.76635,0.76726,0.76122,0.7615,111791.7734375
2018-06-08 00:00:00,0.76156,0.76268,0.75603,0.75982,106147.2109375
2018-06-09 00:00:00,0.75982,0.75982,0.75982,0.75982,0.0
2018-06-10 00:00:00,0.75886,0.76032,0.7588,0.7602,2308.820068359375
2018-06-11 00:00:00,0.7602,0.76213,0.75949,0.7603,73936.6796875
2018-06-12 00:00:00,0.76031,0.76233,0.75654,0.75738,104955.640625
2018-06-13 00:00:00,0.75739,0.76086,0.7529,0.75688,101078.75
2018-06-14 00:00:00,0.75689,0.7576,0.74645,0.74648,135137.875
2018-06-15 00:00:00,0.7465,0.74802,0.74384,0.74384,102958.21875
2018-06-16 00:00:00,0.74384,0.74384,0.74384,0.74384,0.0
2018-06-17 00:00:00,0.74412,0.74422,0.74364,0.74404,3462.5400390625
2018-06-18 00:00:00,0.74402,0.7454,0.73933,0.7403,81934.6796875
2018-06-19 00:00:00,0.7403,0.74266,0.7347,0.73893,129789.75
2018-06-20 00:00:00,0.73895,0.74084,0.73655,0.73714,114295.0234375
2018-06-21 00:00:00,0.73712,0.73935,0.73453,0.73757,159806.828125
2018-06-22 00:00:00,0.73758,0.74433,0.73755,0.74387,127447.25
2018-06-23 00:00:00,0.74387,0.74387,0.74387,0.74387,0.0
2018-06-24 00:00:00,0.74371,0.74423,0.74356,0.74382,3113.800048828125
2018-06-25 00:00:00,0.74393,0.74393,0.7396,0.74088,122157.4609375
2018-06-26 00:00:00,0.74088,0.74228,0.73796,0.73913,135912.734375
2018-06-27 00:00:00,0.73914,0.74069,0.73225,0.73407,223636.890625
2018-06-28 00:00:00,0.73406,0.73617,0.73296,0.73474,142048.90625
2018-06-29 00:00:00,0.73474,0.74089,0.73354,0.74026,140468.171875
2018-06-30 00:00:00,0.74026,0.74026,0.74026,0.74026,0.0
2018-07-01 00:00:00,0.74049,0.74049,0.73956,0.73973,6198.22998046875
2018-07-02 00:00:00,0.73971,0.73982,0.731,0.73376,112905.2578125
2018-07-03 00:00:00,0.73377,0.74039,0.73141,0.73781,121013.8125
2018-07-04 00:00:00,0.73781,0.7424,0.7374,0.73791,97048.1171875
2018-07-05 00:00:00,0.7379,0.74078,0.73611,0.7386,123917.7890625
2018-07-06 00:00:00,0.73861,0.74437,0.73758,0.74271,112582.890625
2018-07-07 00:00:00,0.74271,0.74271,0.74271,0.74271,0.0
2018-07-08 00:00:00,0.74307,0.74371,0.74278,0.74363,4552.43017578125
2018-07-09 00:00:00,0.74363,0.74835,0.74344,0.74697,103012.421875
2018-07-10 00:00:00,0.74697,0.74836,0.74122,0.74154,114069.1484375
2018-07-11 00:00:00,0.74153,0.74286,0.73599,0.73648,142312.296875
2018-07-12 00:00:00,0.73648,0.74195,0.73611,0.74065,103922.421875
2018-07-13 00:00:00,0.74068,0.74236,0.7368,0.7423,94345.34375
2018-07-14 00:00:00,0.7423,0.7423,0.7423,0.7423,0.0
2018-07-15 00:00:00,0.7419,0.74227,0.74124,0.74179,3001.1298828125
2018-07-16 00:00:00,0.74177,0.74419,0.74087,0.74131,107543.5703125
2018-07-17 00:00:00,0.74131,0.74379,0.73756,0.73772,124288.0
2018-07-18 00:00:00,0.73774,0.74075,0.73428,0.73981,119452.4609375
2018-07-19 00:00:00,0.73981,0.74411,0.73222,0.73623,159754.953125
2018-07-20 00:00:00,0.73622,0.74307,0.73177,0.74166,161299.875
2018-07-21 00:00:00,0.74166,0.74166,0.74166,0.74166,0.0
2018-07-22 00:00:00,0.7418,0.74375,0.74166,0.74313,6156.39013671875
2018-07-23 00:00:00,0.74313,0.74355,0.73713,0.73793,116299.65625
2018-07-24 00:00:00,0.73794,0.74338,0.73593,0.74252,116411.90625
2018-07-25 00:00:00,0.74252,0.74643,0.73917,0.74589,132534.8125
2018-07-26 00:00:00,0.74595,0.74628,0.73717,0.73804,121181.9296875
2018-07-27 00:00:00,0.73804,0.74143,0.73697,0.73989,109589.609375
2018-07-28 00:00:00,0.73989,0.73989,0.73989,0.73989,0.0
2018-07-29 00:00:00,0.73976,0.74045,0.73976,0.7398,3168.639892578125
2018-07-30 00:00:00,0.73981,0.7413,0.73853,0.74073,86286.109375
2018-07-31 00:00:00,0.74073,0.74405,0.74037,0.7419,118927.34375
2018-08-01 00:00:00,0.7419,0.74239,0.73896,0.74051,112422.03125
2018-08-02 00:00:00,0.74051,0.7411,0.73548,0.73595,114433.6796875
2018-08-03 00:00:00,0.73595,0.74113,0.73479,0.73948,112462.1015625
2018-08-04 00:00:00,0.73948,0.73948,0.73948,0.73948,0.0
2018-08-05 00:00:00,0.73969,0.73999,0.73925,0.73933,3213.429931640625
2018-08-06 00:00:00,0.73934,0.74051,0.73739,0.73855,84021.453125
2018-08-07 00:00:00,0.73856,0.74393,0.7384,0.74248,88955.40625
2018-08-08 00:00:00,0.74248,0.74391,0.73831,0.74257,82619.8828125
2018-08-09 00:00:00,0.74259,0.74528,0.73652,0.73721,102047.6875
2018-08-10 00:00:00,0.73724,0.73748,0.72804,0.72965,138938.484375
2018-08-11 00:00:00,0.72965,0.72965,0.72965,0.72965,0.0
2018-08-12 00:00:00,0.72724,0.72997,0.72716,0.72876,5979.58984375
2018-08-13 00:00:00,0.72877,0.72922,0.72563,0.72653,136261.40625
2018-08-14 00:00:00,0.72655,0.72833,0.72239,0.72352,119172.1171875
2018-08-15 00:00:00,0.72352,0.72474,0.72021,0.72324,127161.9765625
2018-08-16 00:00:00,0.72324,0.72863,0.72137,0.72584,124655.8203125
2018-08-17 00:00:00,0.72585,0.73192,0.72524,0.73148,105478.6015625
2018-08-18 00:00:00,0.73148,0.73148,0.73148,0.73148,0.0
2018-08-19 00:00:00,0.73142,0.73154,0.73071,0.73079,3329.989990234375
2018-08-20 00:00:00,0.7308,0.73464,0.72954,0.73361,97000.2890625
2018-08-21 00:00:00,0.73362,0.73815,0.73328,0.73609,105364.5625
2018-08-22 00:00:00,0.7361,0.73697,0.73313,0.73336,110545.3125
2018-08-23 00:00:00,0.73336,0.73345,0.72402,0.72432,107516.6015625
2018-08-24 00:00:00,0.72431,0.73442,0.72375,0.73234,110152.640625
2018-08-25 00:00:00,0.73234,0.73234,0.73234,0.73234,0.0
2018-08-26 00:00:00,0.73252,0.73455,0.73252,0.73419,4957.39013671875
2018-08-27 00:00:00,0.73419,0.73563,0.73071,0.73489,99766.0
2018-08-28 00:00:00,0.73489,0.73622,0.73211,0.73443,113959.1328125
2018-08-29 00:00:00,0.73442,0.73485,0.72746,0.73106,118477.90625
2018-08-30 00:00:00,0.73107,0.73107,0.72491,0.72619,115287.2421875
2018-08-31 00:00:00,0.72618,0.72641,0.71754,0.71896,120404.8515625
2018-09-01 00:00:00,0.71896,0.71896,0.71896,0.71896,0.0
2018-09-02 00:00:00,0.71891,0.71916,0.71821,0.71883,3612.8798828125
2018-09-03 00:00:00,0.71882,0.72232,0.71657,0.72073,86356.7109375
2018-09-04 00:00:00,0.72073,0.72352,0.71569,0.71843,133548.8125
2018-09-05 00:00:00,0.71844,0.72178,0.71443,0.71949,123412.21875
2018-09-06 00:00:00,0.71949,0.72107,0.71658,0.71899,120219.5
2018-09-07 00:00:00,0.71899,0.71926,0.70983,0.71031,124113.5078125
2018-09-08 00:00:00,0.71031,0.71031,0.71031,0.71031,0.0
2018-09-09 00:00:00,0.71021,0.71147,0.71002,0.71141,3317.070068359375
2018-09-10 00:00:00,0.7114,0.71315,0.70988,0.7109,96185.046875
2018-09-11 00:00:00,0.71088,0.71286,0.70848,0.71102,104700.1015625
2018-09-12 00:00:00,0.71101,0.71823,0.70931,0.71706,111613.328125
2018-09-13 00:00:00,0.71701,0.72289,0.71675,0.71863,107939.3203125
2018-09-14 00:00:00,0.71864,0.72159,0.71502,0.71509,97127.0
2018-09-15 00:00:00,0.71509,0.71509,0.71509,0.71509,0.0
2018-09-16 00:00:00,0.7153,0.71565,0.71418,0.71422,3512.010009765625
2018-09-17 00:00:00,0.71424,0.71961,0.71416,0.71443,87885.59375
2018-09-18 00:00:00,0.71442,0.72341,0.7144,0.72238,119805.7265625
2018-09-19 00:00:00,0.7224,0.72747,0.72131,0.72584,110612.2890625
2018-09-20 00:00:00,0.72585,0.72926,0.72535,0.72857,101973.5625
2018-09-21 00:00:00,0.72862,0.73038,0.72626,0.72863,95326.5
2018-09-22 00:00:00,0.72863,0.72863,0.72863,0.72863,0.0
2018-09-23 00:00:00,0.72604,0.72783,0.72604,0.72759,3555.419921875
2018-09-24 00:00:00,0.72759,0.72813,0.72493,0.72519,90037.40625
2018-09-25 00:00:00,0.7252,0.72628,0.72358,0.72478,92062.3671875
2018-09-26 00:00:00,0.72477,0.73145,0.72404,0.72561,104639.1796875
2018-09-27 00:00:00,0.72559,0.72681,0.72018,0.72047,95123.2890625
2018-09-28 00:00:00,0.72047,0.72409,0.72026,0.72223,92723.1328125
2018-09-29 00:00:00,0.72223,0.72223,0.72223,0.72223,0.0
2018-09-30 00:00:00,0.72246,0.72316,0.72214,0.72231,3596.800048828125
2018-10-01 00:00:00,0.72232,0.72305,0.72067,0.72272,99074.8515625
2018-10-02 00:00:00,0.72277,0.72375,0.71621,0.71864,107855.2890625
2018-10-03 00:00:00,0.71865,0.71965,0.7093,0.70955,109049.4609375
2018-10-04 00:00:00,0.70957,0.71036,0.70652,0.70802,117095.421875
2018-10-05 00:00:00,0.70803,0.70868,0.70421,0.70458,104116.1484375
2018-10-06 00:00:00,0.70458,0.70458,0.70458,0.70458,0.0
2018-10-07 00:00:00,0.7054,0.70594,0.70475,0.70543,5223.85009765625
2018-10-08 00:00:00,0.70541,0.70809,0.7041,0.70715,97739.1015625
2018-10-09 00:00:00,0.70714,0.71169,0.70538,0.71149,116277.9921875
2018-10-10 00:00:00,0.71149,0.71301,0.70432,0.70632,125725.9921875
2018-10-11 00:00:00,0.70631,0.71287,0.70593,0.7124,168219.1875
2018-10-12 00:00:00,0.71238,0.71393,0.71017,0.71096,129599.5078125
2018-10-13 00:00:00,0.71096,0.71096,0.71096,0.71096,0.0
2018-10-14 00:00:00,0.71103,0.71117,0.71041,0.71066,5761.669921875
2018-10-15 00:00:00,0.71066,0.71486,0.70985,0.71352,127192.8125
2018-10-16 00:00:00,0.71352,0.71507,0.71118,0.71381,105075.1015625
2018-10-17 00:00:00,0.71382,0.71594,0.71043,0.71102,106102.4921875
2018-10-18 00:00:00,0.71104,0.71505,0.70906,0.70957,122322.1328125
2018-10-19 00:00:00,0.70957,0.71497,0.70888,0.71139,119701.9375
2018-10-20 00:00:00,0.71139,0.71139,0.71139,0.71139,0.0
2018-10-21 00:00:00,0.71141,0.71252,0.71107,0.71131,5503.72998046875
2018-10-22 00:00:00,0.71128,0.71248,0.70709,0.70718,114419.0
2018-10-23 00:00:00,0.70719,0.70923,0.70552,0.70915,123071.2421875
2018-10-24 00:00:00,0.70916,0.7106,0.70559,0.70625,134615.0625
2018-10-25 00:00:00,0.70627,0.70992,0.70565,0.70804,133276.984375
2018-10-26 00:00:00,0.70809,0.71037,0.70206,0.70892,138684.203125
2018-10-27 00:00:00,0.70892,0.70892,0.70892,0.70892,0.0
2018-10-28 00:00:00,0.70955,0.71016,0.70875,0.70966,3836.820068359375
2018-10-29 00:00:00,0.70968,0.71084,0.70503,0.70619,126281.7578125
2018-10-30 00:00:00,0.70619,0.71218,0.70579,0.70976,118853.4375
2018-10-31 00:00:00,0.70976,0.71063,0.70674,0.70823,103673.71875
2018-11-01 00:00:00,0.70823,0.72119,0.70797,0.72044,110997.921875
2018-11-02 00:00:00,0.72044,0.72581,0.71821,0.71967,121515.5078125
2018-11-03 00:00:00,0.71967,0.71967,0.71967,0.71967,0.0
2018-11-04 00:00:00,0.71912,0.72044,0.71877,0.7198,3847.739990234375
2018-11-05 00:00:00,0.71981,0.72176,0.71821,0.72112,100644.546875
2018-11-06 00:00:00,0.72113,0.72461,0.72048,0.72423,107272.390625
2018-11-07 00:00:00,0.7242,0.72997,0.72125,0.7274,124798.7265625
2018-11-08 00:00:00,0.7274,0.73022,0.72467,0.72652,131460.65625
2018-11-09 00:00:00,0.7265,0.72703,0.72186,0.72235,126960.75
2018-11-10 00:00:00,0.72235,0.72235,0.72235,0.72235,0.0
2018-11-11 00:00:00,0.72192,0.72283,0.72141,0.72262,4077.239990234375
2018-11-12 00:00:00,0.72263,0.72371,0.71697,0.7174,109563.671875
2018-11-13 00:00:00,0.71742,0.72357,0.71638,0.72302,142205.265625
2018-11-14 00:00:00,0.72302,0.72532,0.71876,0.72324,147287.71875
2018-11-15 00:00:00,0.72323,0.72978,0.72314,0.72709,149447.96875
2018-11-16 00:00:00,0.72708,0.7337,0.72498,0.73283,109023.78125
2018-11-17 00:00:00,0.73283,0.73283,0.73283,0.73283,0.0
2018-11-18 00:00:00,0.73083,0.73245,0.73083,0.7317,6054.68017578125
2018-11-19 00:00:00,0.73169,0.73252,0.72769,0.72948,92080.96875
2018-11-20 00:00:00,0.72947,0.73001,0.72021,0.72164,115457.84375
2018-11-21 00:00:00,0.72163,0.72767,0.72096,0.72615,104918.59375
2018-11-22 00:00:00,0.72616,0.72676,0.72339,0.72495,81013.1796875
2018-11-23 00:00:00,0.72497,0.72543,0.72184,0.72273,85988.2109375
2018-11-24 00:00:00,0.72273,0.72273,0.72273,0.72273,0.0
2018-11-25 00:00:00,0.72277,0.72373,0.72264,0.72318,3348.429931640625
2018-11-26 00:00:00,0.7232,0.72758,0.72121,0.72231,93498.4375
2018-11-27 00:00:00,0.72234,0.72687,0.71989,0.72281,107990.84375
2018-11-28 00:00:00,0.72279,0.73275,0.72208,0.73005,111546.1171875
2018-11-29 00:00:00,0.73006,0.7344,0.72948,0.73217,114096.796875
2018-11-30 00:00:00,0.73217,0.73256,0.72842,0.73119,102757.671875
2018-12-01 00:00:00,0.73119,0.73119,0.73119,0.73119,0.0
2018-12-02 00:00:00,0.73774,0.73801,0.73553,0.73734,5966.64013671875
2018-12-03 00:00:00,0.73734,0.73928,0.7346,0.73559,94176.4921875
2018-12-04 00:00:00,0.73558,0.73931,0.73257,0.73442,131960.671875
2018-12-05 00:00:00,0.73443,0.73554,0.72572,0.7264,97680.4921875
2018-12-06 00:00:00,0.72641,0.72656,0.71912,0.7233,153358.34375
2018-12-07 00:00:00,0.72331,0.72416,0.71967,0.71967,129174.1875
2018-12-08 00:00:00,0.71967,0.71967,0.71967,0.71967,0.0
2018-12-09 00:00:00,0.71862,0.71956,0.71777,0.71801,5856.919921875
2018-12-10 00:00:00,0.718,0.72265,0.7179,0.71906,127897.8203125
2018-12-11 00:00:00,0.71905,0.72246,0.71843,0.72121,124106.5703125
2018-12-12 00:00:00,0.72121,0.72376,0.72009,0.72167,126443.59375
2018-12-13 00:00:00,0.7217,0.72462,0.72118,0.72219,115342.5
2018-12-14 00:00:00,0.72218,0.72279,0.71509,0.71735,114785.15625
2018-12-15 00:00:00,0.71735,0.71735,0.71735,0.71735,0.0
2018-12-16 00:00:00,0.71714,0.71787,0.71714,0.71748,10133.009765625
2018-12-17 00:00:00,0.71749,0.71867,0.71681,0.71762,107203.140625
2018-12-18 00:00:00,0.71765,0.72031,0.71648,0.71888,131280.296875
2018-12-19 00:00:00,0.71889,0.72003,0.7087,0.71124,167154.625
2018-12-20 00:00:00,0.71125,0.71484,0.70856,0.71155,206144.453125
2018-12-21 00:00:00,0.71155,0.71224,0.70306,0.70319,172276.21875
2018-12-22 00:00:00,0.70319,0.70319,0.70319,0.70319,0.0
2018-12-23 00:00:00,0.70387,0.70507,0.70337,0.70486,5121.83984375
2018-12-24 00:00:00,0.70485,0.70685,0.70362,0.70421,140622.03125
2018-12-25 00:00:00,0.70382,0.70626,0.70289,0.70458,7088.97021484375
2018-12-26 00:00:00,0.70457,0.70774,0.70321,0.70733,80428.4921875
2018-12-27 00:00:00,0.70736,0.70768,0.70163,0.70341,188441.796875
2018-12-28 00:00:00,0.70341,0.70687,0.70299,0.70366,142748.703125
2018-12-29 00:00:00,0.70366,0.70366,0.70366,0.70366,0.0
2018-12-30 00:00:00,0.7041,0.70486,0.7037,0.70429,6427.02978515625
2018-12-31 00:00:00,0.70429,0.70709,0.70324,0.70409,103572.4921875
2019-01-01 00:00:00,0.70519,0.70522,0.70431,0.70476,6163.7900390625
2019-01-02 00:00:00,0.70476,0.70481,0.67218,0.69162,197204.6875
2019-01-03 00:00:00,0.69161,0.70189,0.69161,0.70055,216005.625
2019-01-04 00:00:00,0.70054,0.71243,0.69931,0.71167,178892.296875
2019-01-05 00:00:00,0.71167,0.71167,0.71167,0.71167,0.0
2019-01-06 00:00:00,0.71149,0.71244,0.7109,0.7123,6556.4599609375
2019-01-07 00:00:00,0.7123,0.71493,0.71143,0.7144,148536.109375
2019-01-08 00:00:00,0.7144,0.7171,0.7116,0.71647,160343.375
2019-01-09 00:00:00,0.71647,0.71935,0.71429,0.71742,149305.984375
2019-01-10 00:00:00,0.71743,0.71973,0.71456,0.71865,131082.203125
2019-01-11 00:00:00,0.71865,0.72348,0.71819,0.72135,129936.21875
2019-01-12 00:00:00,0.72135,0.72135,0.72135,0.72135,0.0
2019-01-13 00:00:00,0.72111,0.72112,0.72009,0.72009,4271.97998046875
2019-01-14 00:00:00,0.72009,0.72176,0.71753,0.71987,109187.109375
2019-01-15 00:00:00,0.71994,0.72253,0.71796,0.72063,129972.2578125
2019-01-16 00:00:00,0.72063,0.72118,0.71614,0.71716,101314.46875
2019-01-17 00:00:00,0.71714,0.72209,0.71465,0.71891,124263.2734375
2019-01-18 00:00:00,0.71891,0.72143,0.71596,0.71596,108038.546875
2019-01-19 00:00:00,0.71596,0.71596,0.71596,0.71596,0.0
2019-01-20 00:00:00,0.71649,0.71666,0.71592,0.71624,2519.330078125
2019-01-21 00:00:00,0.71618,0.71815,0.71397,0.71585,98195.6796875
2019-01-22 00:00:00,0.71584,0.71599,0.71156,0.71206,101030.0
2019-01-23 00:00:00,0.71205,0.71468,0.71192,0.71467,99842.8125
2019-01-24 00:00:00,0.71465,0.71664,0.70769,0.70918,129878.6796875
2019-01-25 00:00:00,0.70918,0.71848,0.70756,0.71767,132293.4375
2019-01-26 00:00:00,0.71767,0.71767,0.71767,0.71767,0.0
2019-01-27 00:00:00,0.71761,0.71849,0.7173,0.71779,4548.60009765625
2019-01-28 00:00:00,0.7178,0.72036,0.71585,0.71654,89921.453125
2019-01-29 00:00:00,0.71653,0.71757,0.71375,0.71565,111989.9765625
2019-01-30 00:00:00,0.71564,0.72726,0.71494,0.72533,144954.859375
2019-01-31 00:00:00,0.72532,0.72948,0.72453,0.72714,144179.796875
2019-02-01 00:00:00,0.72714,0.72838,0.72362,0.72475,120176.4921875
2019-02-02 00:00:00,0.72475,0.72475,0.72475,0.72475,0.0
2019-02-03 00:00:00,0.72462,0.72494,0.7243,0.72475,3360.72998046875
2019-02-04 00:00:00,0.72473,0.72535,0.7211,0.72123,103862.0625
2019-02-05 00:00:00,0.72123,0.72641,0.71932,0.72419,110807.90625
2019-02-06 00:00:00,0.72418,0.72451,0.71015,0.71098,129123.890625
2019-02-07 00:00:00,0.71101,0.7117,0.7089,0.70936,111333.5078125
2019-02-08 00:00:00,0.70936,0.71011,0.706,0.70858,109758.328125
2019-02-09 00:00:00,0.70858,0.70858,0.70858,0.70858,0.0
2019-02-10 00:00:00,0.70858,0.71073,0.70822,0.70998,5120.52978515625
2019-02-11 00:00:00,0.70999,0.71075,0.70566,0.70618,118193.28125
2019-02-12 00:00:00,0.70618,0.71075,0.70536,0.71032,122354.1796875
2019-02-13 00:00:00,0.71031,0.71355,0.70846,0.7091,124971.15625
2019-02-14 00:00:00,0.7091,0.71312,0.70711,0.71035,147369.9375
2019-02-15 00:00:00,0.71036,0.71481,0.7079,0.71375,126602.6484375
2019-02-16 00:00:00,0.71375,0.71375,0.71375,0.71375,0.0
2019-02-17 00:00:00,0.71323,0.71474,0.71323,0.71445,5493.72998046875
2019-02-18 00:00:00,0.71445,0.71602,0.71241,0.71307,116931.90625
2019-02-19 00:00:00,0.71305,0.71734,0.71031,0.71667,134579.78125
2019-02-20 00:00:00,0.71668,0.71827,0.71408,0.71681,140004.609375
2019-02-21 00:00:00,0.71682,0.72066,0.70697,0.71077,188338.734375
2019-02-22 00:00:00,0.71077,0.71499,0.70823,0.71231,145105.90625
2019-02-23 00:00:00,0.71231,0.71231,0.71231,0.71231,0.0
2019-02-24 00:00:00,0.71346,0.71576,0.71305,0.71566,7038.9599609375
2019-02-25 00:00:00,0.71566,0.71839,0.71339,0.71717,133410.640625
2019-02-26 00:00:00,0.71715,0.71985,0.71417,0.71928,126158.453125
2019-02-27 00:00:00,0.7193,0.71952,0.7127,0.71478,155380.6875
2019-02-28 00:00:00,0.71476,0.71659,0.70893,0.71011,155888.765625
2019-03-01 00:00:00,0.7101,0.71212,0.70691,0.70759,113727.5
2019-03-02 00:00:00,0.70759,0.70759,0.70759,0.70759,0.0
2019-03-03 00:00:00,0.71071,0.71074,0.70931,0.70988,7794.39013671875
2019-03-04 00:00:00,0.7099,0.71022,0.70749,0.70893,131542.34375
2019-03-05 00:00:00,0.70893,0.70966,0.70584,0.70868,119488.328125
2019-03-06 00:00:00,0.70871,0.70916,0.7021,0.70315,128257.359375
2019-03-07 00:00:00,0.70314,0.70512,0.70047,0.70234,105634.2578125
2019-03-08 00:00:00,0.70234,0.70519,0.70028,0.70423,114435.9375
2019-03-09 00:00:00,0.70423,0.70423,0.70423,0.70423,0.0
2019-03-10 00:00:00,0.70291,0.70425,0.70287,0.70371,5035.18994140625
2019-03-11 00:00:00,0.70371,0.70801,0.70262,0.70713,90743.0234375
2019-03-12 00:00:00,0.70713,0.70914,0.70542,0.70621,105421.7109375
2019-03-13 00:00:00,0.70621,0.70975,0.70486,0.70855,98368.0
2019-03-14 00:00:00,0.70856,0.70858,0.70408,0.70672,108184.296875
2019-03-15 00:00:00,0.70672,0.70969,0.70656,0.70814,86743.28125
2019-03-16 00:00:00,0.70814,0.70814,0.70814,0.70814,0.0
2019-03-17 00:00:00,0.70858,0.70869,0.70779,0.70829,3539.659912109375
2019-03-18 00:00:00,0.70829,0.71193,0.70816,0.70982,90154.3671875
2019-03-19 00:00:00,0.70983,0.71105,0.70845,0.7087,104159.953125
2019-03-20 00:00:00,0.70871,0.71494,0.70563,0.71329,129210.0703125
2019-03-21 00:00:00,0.71329,0.71677,0.70893,0.71058,196890.59375
2019-03-22 00:00:00,0.71059,0.71148,0.70753,0.70785,151884.390625
2019-03-23 00:00:00,0.70785,0.70785,0.70785,0.70785,0.0
2019-03-24 00:00:00,0.7076,0.70825,0.70736,0.70802,4595.60986328125
2019-03-25 00:00:00,0.70802,0.71165,0.70651,0.71154,131345.171875
2019-03-26 00:00:00,0.71154,0.71473,0.71132,0.71362,114940.09375
2019-03-27 00:00:00,0.71362,0.71382,0.70682,0.70834,141878.703125
2019-03-28 00:00:00,0.70834,0.71056,0.70629,0.70821,135426.015625
2019-03-29 00:00:00,0.70819,0.71044,0.70739,0.70932,111533.0703125
2019-03-30 00:00:00,0.70932,0.70932,0.70932,0.70932,0.0
2019-03-31 00:00:00,0.71167,0.71184,0.71035,0.71118,6133.7998046875
2019-04-01 00:00:00,0.71118,0.71314,0.71008,0.71091,111174.921875
2019-04-02 00:00:00,0.71092,0.7129,0.70522,0.70566,116633.0
2019-04-03 00:00:00,0.70567,0.71295,0.7054,0.71166,109874.859375
2019-04-04 00:00:00,0.71167,0.71267,0.70974,0.71084,94816.5
2019-04-05 00:00:00,0.71085,0.71314,0.70919,0.71016,80149.453125
2019-04-06 00:00:00,0.71016,0.71016,0.71016,0.71016,0.0
2019-04-07 00:00:00,0.71009,0.71082,0.70995,0.70997,3852.780029296875
2019-04-08 00:00:00,0.70997,0.71303,0.7087,0.71206,81295.59375
2019-04-09 00:00:00,0.71206,0.71519,0.71198,0.71271,92247.296875
2019-04-10 00:00:00,0.71271,0.71745,0.7109,0.71661,107205.9296875
2019-04-11 00:00:00,0.71661,0.7168,0.71162,0.71223,82165.703125
2019-04-12 00:00:00,0.71223,0.71919,0.71156,0.717,100489.5
2019-04-13 00:00:00,0.717,0.717,0.717,0.717,0.0
2019-04-14 00:00:00,0.7175,0.71794,0.71689,0.71701,4485.4599609375
2019-04-15 00:00:00,0.717,0.71818,0.71635,0.71728,92885.1015625
2019-04-16 00:00:00,0.71728,0.71788,0.71394,0.7164,105437.03125
2019-04-17 00:00:00,0.71642,0.72055,0.71561,0.71721,98658.75
2019-04-18 00:00:00,0.71722,0.71988,0.71362,0.71458,101418.3984375
2019-04-19 00:00:00,0.71455,0.71581,0.7144,0.71497,35539.12109375
2019-04-20 00:00:00,0.71497,0.71497,0.71497,0.71497,0.0
2019-04-21 00:00:00,0.71498,0.71525,0.71431,0.71473,3435.739990234375
2019-04-22 00:00:00,0.71474,0.71504,0.71279,0.71332,55429.69921875
2019-04-23 00:00:00,0.71332,0.71336,0.70806,0.70964,90790.1796875
2019-04-24 00:00:00,0.70966,0.70986,0.70039,0.70132,117149.6328125
2019-04-25 00:00:00,0.70131,0.70225,0.69878,0.70165,110863.34375
2019-04-26 00:00:00,0.70166,0.7061,0.70067,0.70353,95259.5625
2019-04-27 00:00:00,0.70353,0.70353,0.70353,0.70353,0.0
2019-04-28 00:00:00,0.70342,0.70442,0.70337,0.70423,2477.10009765625
2019-04-29 00:00:00,0.70423,0.70604,0.70388,0.70543,62606.96875
2019-04-30 00:00:00,0.70543,0.70686,0.70305,0.70491,94593.8828125
2019-05-01 00:00:00,0.70488,0.70607,0.70068,0.70134,74684.2421875
2019-05-02 00:00:00,0.70135,0.7029,0.69928,0.69928,86685.5703125
2019-05-03 00:00:00,0.6993,0.70241,0.69844,0.70218,89211.796875
2019-05-04 00:00:00,0.70218,0.70218,0.70218,0.70218,0.0
2019-05-05 00:00:00,0.69674,0.69976,0.69656,0.69734,11715.349609375
2019-05-06 00:00:00,0.69735,0.70024,0.69624,0.69921,92472.3984375
2019-05-07 00:00:00,0.69922,0.70476,0.69805,0.70076,118908.5234375
2019-05-08 00:00:00,0.70074,0.70263,0.69856,0.69912,120953.7109375
2019-05-09 00:00:00,0.69912,0.69975,0.69646,0.69872,119282.5078125
2019-05-10 00:00:00,0.69871,0.70181,0.69779,0.69974,136058.59375
2019-05-11 00:00:00,0.69974,0.69974,0.69974,0.69974,0.0
2019-05-12 00:00:00,0.69896,0.70001,0.6983,0.69832,7062.830078125
2019-05-13 00:00:00,0.69833,0.6986,0.69392,0.69442,110796.21875
2019-05-14 00:00:00,0.69442,0.69592,0.69345,0.69371,93558.5
2019-05-15 00:00:00,0.69375,0.69379,0.69145,0.69254,98289.8125
2019-05-16 00:00:00,0.69255,0.69325,0.6886,0.68914,95808.796875
2019-05-17 00:00:00,0.68912,0.68968,0.68644,0.68659,96945.9296875
2019-05-18 00:00:00,0.68659,0.68659,0.68659,0.68659,0.0
2019-05-19 00:00:00,0.69098,0.69112,0.68895,0.69014,6817.41015625
2019-05-20 00:00:00,0.69012,0.69337,0.68989,0.69197,97308.5
2019-05-21 00:00:00,0.69202,0.69237,0.68661,0.68823,117874.1484375
2019-05-22 00:00:00,0.68824,0.68962,0.68708,0.68766,98106.0703125
2019-05-23 00:00:00,0.68768,0.69041,0.68645,0.68978,115817.6171875
2019-05-24 00:00:00,0.68978,0.69342,0.68809,0.6926,79576.8828125
2019-05-25 00:00:00,0.6926,0.6926,0.6926,0.6926,0.0
2019-05-26 00:00:00,0.69292,0.69355,0.69266,0.69292,3892.699951171875
2019-05-27 00:00:00,0.69291,0.69382,0.69126,0.69197,55499.8203125
2019-05-28 00:00:00,0.69198,0.69353,0.6916,0.69247,85161.0390625
2019-05-29 00:00:00,0.69247,0.69313,0.6904,0.69178,100499.6171875
2019-05-30 00:00:00,0.69183,0.69365,0.68984,0.69048,92946.6171875
2019-05-31 00:00:00,0.69049,0.69439,0.69005,0.69333,117799.8671875
2019-06-01 00:00:00,0.69333,0.69333,0.69333,0.69333,0.0
2019-06-02 00:00:00,0.69275,0.69371,0.69268,0.69284,7763.81982421875
2019-06-03 00:00:00,0.69284,0.69822,0.6927,0.69698,119982.15625
2019-06-04 00:00:00,0.69699,0.70038,0.69555,0.69903,134181.796875
2019-06-05 00:00:00,0.69902,0.70071,0.69618,0.69694,135406.53125
2019-06-06 00:00:00,0.69698,0.6994,0.69632,0.69735,147085.515625
2019-06-07 00:00:00,0.69738,0.70218,0.69637,0.69979,121769.5078125
2019-06-08 00:00:00,0.69979,0.69979,0.69979,0.69979,0.0
2019-06-09 00:00:00,0.70037,0.70075,0.69924,0.69951,6067.60009765625
2019-06-10 00:00:00,0.6995,0.6999,0.69569,0.69604,120608.0390625
2019-06-11 00:00:00,0.69606,0.69661,0.69467,0.69604,120797.546875
2019-06-12 00:00:00,0.69606,0.69627,0.69248,0.69293,131126.046875
2019-06-13 00:00:00,0.69295,0.69381,0.6901,0.69105,110416.5625
2019-06-14 00:00:00,0.69107,0.69138,0.68609,0.68683,98490.2109375
2019-06-15 00:00:00,0.68683,0.68683,0.68683,0.68683,0.0
2019-06-16 00:00:00,0.68721,0.68797,0.68697,0.68772,5862.39990234375
2019-06-17 00:00:00,0.68772,0.68843,0.68484,0.68513,73351.453125
2019-06-18 00:00:00,0.68514,0.68817,0.68314,0.68808,110392.1171875
2019-06-19 00:00:00,0.68808,0.69089,0.68547,0.68847,113180.7109375
2019-06-20 00:00:00,0.68847,0.69356,0.68796,0.69204,141429.578125
2019-06-21 00:00:00,0.69203,0.69375,0.69029,0.69224,118814.859375
2019-06-22 00:00:00,0.69224,0.69224,0.69224,0.69224,0.0
2019-06-23 00:00:00,0.69304,0.69461,0.69286,0.69458,7666.47998046875
2019-06-24 00:00:00,0.6946,0.69687,0.69426,0.69652,101857.921875
2019-06-25 00:00:00,0.69653,0.69779,0.69414,0.69601,158420.078125
2019-06-26 00:00:00,0.69601,0.69946,0.695,0.69848,115025.609375
2019-06-27 00:00:00,0.69849,0.70087,0.69838,0.70043,101181.546875
2019-06-28 00:00:00,0.70043,0.70224,0.69978,0.70174,87237.6875
2019-06-29 00:00:00,0.70174,0.70174,0.70174,0.70174,0.0
2019-06-30 00:00:00,0.70298,0.70347,0.7022,0.70223,7800.56982421875
2019-07-01 00:00:00,0.70222,0.70231,0.69557,0.69644,91707.359375
2019-07-02 00:00:00,0.69646,0.7,0.69563,0.69937,78671.0078125
2019-07-03 00:00:00,0.69939,0.70392,0.6985,0.70304,78856.0390625
2019-07-04 00:00:00,0.70302,0.70474,0.70151,0.70244,48990.87890625
2019-07-05 00:00:00,0.70244,0.70285,0.6957,0.69761,78964.3984375
2019-07-06 00:00:00,0.69761,0.69761,0.69761,0.69761,0.0
2019-07-07 00:00:00,0.69756,0.69832,0.69751,0.69806,2617.760009765625
2019-07-08 00:00:00,0.69808,0.6994,0.69667,0.69715,58402.53125
2019-07-09 00:00:00,0.69715,0.69743,0.69202,0.69247,73137.71875
2019-07-10 00:00:00,0.69247,0.69687,0.69101,0.69576,92767.3203125
2019-07-11 00:00:00,0.69576,0.69876,0.69536,0.69711,93214.8203125
2019-07-12 00:00:00,0.69712,0.70243,0.69708,0.70174,83865.203125
2019-07-13 00:00:00,0.70174,0.70174,0.70174,0.70174,0.0
2019-07-14 00:00:00,0.7014,0.70228,0.70139,0.70163,1898.18994140625
2019-07-15 00:00:00,0.70168,0.70441,0.70118,0.70373,65774.3515625
2019-07-16 00:00:00,0.70372,0.70424,0.701,0.70152,91844.4609375
2019-07-17 00:00:00,0.70152,0.70245,0.6996,0.70079,84009.4765625
2019-07-18 00:00:00,0.7008,0.70817,0.70047,0.70674,111259.75
2019-07-19 00:00:00,0.70675,0.70767,0.70369,0.70384,100035.0625
2019-07-20 00:00:00,0.70384,0.70384,0.70384,0.70384,0.0
2019-07-21 00:00:00,0.704,0.7047,0.70399,0.70426,2917.64990234375
2019-07-22 00:00:00,0.70423,0.70569,0.70276,0.70289,70747.3125
2019-07-23 00:00:00,0.7029,0.70348,0.69922,0.69947,73828.3203125
2019-07-24 00:00:00,0.69948,0.69951,0.69722,0.69773,75894.53125
2019-07-25 00:00:00,0.69773,0.69837,0.6942,0.695,112145.2265625
2019-07-26 00:00:00,0.695,0.69547,0.69023,0.69094,78219.71875
2019-07-27 00:00:00,0.69094,0.69094,0.69094,0.69094,0.0
2019-07-28 00:00:00,0.69035,0.69122,0.69035,0.6905,1876.6199951171875
2019-07-29 00:00:00,0.69052,0.6916,0.68943,0.68976,57060.171875
2019-07-30 00:00:00,0.68977,0.6908,0.68682,0.68739,74968.046875
2019-07-31 00:00:00,0.68741,0.68988,0.68316,0.68446,143820.890625
2019-08-01 00:00:00,0.68446,0.68675,0.67947,0.68013,164540.015625
2019-08-02 00:00:00,0.68013,0.68182,0.67627,0.67974,181032.5
2019-08-03 00:00:00,0.67974,0.67974,0.67974,0.67974,0.0
2019-08-04 00:00:00,0.67931,0.67945,0.67887,0.67898,4163.5498046875
2019-08-05 00:00:00,0.67901,0.68035,0.67473,0.67622,153444.265625
2019-08-06 00:00:00,0.6762,0.68004,0.67528,0.67616,137440.890625
2019-08-07 00:00:00,0.67617,0.67823,0.66764,0.67567,156556.125
2019-08-08 00:00:00,0.67569,0.68213,0.67456,0.68103,116969.5078125
2019-08-09 00:00:00,0.68102,0.68178,0.67794,0.67803,97070.171875
2019-08-10 00:00:00,0.67803,0.67803,0.67803,0.67803,0.0
2019-08-11 00:00:00,0.6781,0.67851,0.67753,0.67765,3893.739990234375
2019-08-12 00:00:00,0.67766,0.67953,0.67446,0.67551,119982.7265625
2019-08-13 00:00:00,0.67551,0.6818,0.67469,0.67961,176427.59375
2019-08-14 00:00:00,0.67961,0.68084,0.67351,0.67541,186821.625
2019-08-15 00:00:00,0.67541,0.67904,0.67538,0.67717,202685.625
2019-08-16 00:00:00,0.67717,0.67947,0.67703,0.67756,142125.953125
2019-08-17 00:00:00,0.67756,0.67756,0.67756,0.67756,0.0
2019-08-18 00:00:00,0.67788,0.67865,0.67771,0.67857,7996.93017578125
2019-08-19 00:00:00,0.67856,0.67886,0.67541,0.6755,101532.3125
2019-08-20 00:00:00,0.6755,0.67946,0.6755,0.67733,109601.671875
2019-08-21 00:00:00,0.67733,0.67988,0.67726,0.67839,97241.6484375
2019-08-22 00:00:00,0.6784,0.67841,0.67506,0.67552,121991.0
2019-08-23 00:00:00,0.67555,0.67776,0.67354,0.67467,168735.5625
2019-08-24 00:00:00,0.67467,0.67467,0.67467,0.67467,0.0
2019-08-25 00:00:00,0.67363,0.67406,0.66892,0.67062,30834.8203125
2019-08-26 00:00:00,0.67061,0.67876,0.67059,0.67692,235916.984375
2019-08-27 00:00:00,0.6769,0.67763,0.67463,0.67541,145793.40625
2019-08-28 00:00:00,0.67542,0.6762,0.67316,0.67392,143537.515625
2019-08-29 00:00:00,0.67392,0.6753,0.67165,0.67351,153369.828125
2019-08-30 00:00:00,0.6735,0.67399,0.67055,0.67338,136701.703125
2019-08-31 00:00:00,0.67338,0.67338,0.67338,0.67338,0.0
2019-09-01 00:00:00,0.67253,0.67338,0.6722,0.67252,24768.990234375
2019-09-02 00:00:00,0.67253,0.67344,0.67096,0.6711,87610.2421875
2019-09-03 00:00:00,0.6711,0.67637,0.66872,0.67627,126935.90625
2019-09-04 00:00:00,0.67627,0.68006,0.67586,0.67961,105584.5234375
2019-09-05 00:00:00,0.67962,0.68296,0.67961,0.68113,125475.46875
2019-09-06 00:00:00,0.68114,0.68611,0.68066,0.68443,105406.3828125
2019-09-07 00:00:00,0.68443,0.68443,0.68443,0.68443,0.0
2019-09-08 00:00:00,0.68382,0.68491,0.68381,0.68456,8417.8203125
2019-09-09 00:00:00,0.68455,0.68753,0.6837,0.68636,86070.9921875
2019-09-10 00:00:00,0.68634,0.68698,0.68486,0.68576,84666.5625
2019-09-11 00:00:00,0.68574,0.68846,0.68482,0.68744,83354.703125
2019-09-12 00:00:00,0.68749,0.68943,0.68601,0.68623,118383.3828125
2019-09-13 00:00:00,0.68624,0.68902,0.68589,0.68779,79475.3828125
2019-09-14 00:00:00,0.68779,0.68779,0.68779,0.68779,0.0
2019-09-15 00:00:00,0.68615,0.6883,0.68612,0.68774,11348.7197265625
2019-09-16 00:00:00,0.68775,0.68836,0.68535,0.6861,99058.9375
2019-09-17 00:00:00,0.6861,0.68688,0.68302,0.68651,102467.9921875
2019-09-18 00:00:00,0.68652,0.68659,0.68119,0.68228,97317.4296875
2019-09-19 00:00:00,0.68229,0.6823,0.67799,0.67907,94578.109375
2019-09-20 00:00:00,0.67908,0.68084,0.67597,0.67631,90209.65625
2019-09-21 00:00:00,0.67631,0.67631,0.67631,0.67631,0.0
2019-09-22 00:00:00,0.67719,0.67727,0.67642,0.67681,5696.0400390625
2019-09-23 00:00:00,0.67681,0.67812,0.6765,0.67729,91299.78125
2019-09-24 00:00:00,0.67731,0.68058,0.67649,0.67968,90506.5234375
2019-09-25 00:00:00,0.67969,0.68035,0.67387,0.67538,108935.953125
2019-09-26 00:00:00,0.67538,0.67805,0.67457,0.67528,99992.546875
2019-09-27 00:00:00,0.67527,0.67791,0.67431,0.67622,92954.078125
2019-09-28 00:00:00,0.67622,0.67622,0.67622,0.67622,0.0
2019-09-29 00:00:00,0.67597,0.67653,0.67569,0.6761,6489.91015625
2019-09-30 00:00:00,0.6761,0.677,0.67409,0.67501,86976.609375
2019-10-01 00:00:00,0.67501,0.67755,0.66719,0.67075,128004.4921875
2019-10-02 00:00:00,0.67075,0.67181,0.66704,0.67077,117380.9375
2019-10-03 00:00:00,0.67078,0.67525,0.6702,0.67442,111055.4765625
2019-10-04 00:00:00,0.67441,0.67735,0.67432,0.67671,96624.2109375
2019-10-05 00:00:00,0.67671,0.67671,0.67671,0.67671,0.0
2019-10-06 00:00:00,0.67547,0.67648,0.67547,0.6763,9501.9296875
2019-10-07 00:00:00,0.6763,0.6764,0.67284,0.67319,86738.921875
2019-10-08 00:00:00,0.67318,0.67567,0.67222,0.6728,99418.9921875
2019-10-09 00:00:00,0.6728,0.67497,0.67099,0.67187,99644.4609375
2019-10-10 00:00:00,0.67188,0.6774,0.67127,0.67621,131565.765625
2019-10-11 00:00:00,0.6762,0.68101,0.67589,0.6788,110492.15625
2019-10-12 00:00:00,0.6788,0.6788,0.6788,0.6788,0.0
2019-10-13 00:00:00,0.67885,0.67976,0.67877,0.67971,9832.08984375
2019-10-14 00:00:00,0.67969,0.68011,0.67507,0.67746,93970.9609375
2019-10-15 00:00:00,0.67746,0.67882,0.67423,0.67527,120824.2734375
2019-10-16 00:00:00,0.67527,0.67651,0.67232,0.67556,107922.1796875
2019-10-17 00:00:00,0.67555,0.68327,0.67535,0.68243,105906.8671875
2019-10-18 00:00:00,0.68242,0.68562,0.68224,0.68556,72621.8984375
2019-10-19 00:00:00,0.68556,0.68556,0.68556,0.68556,0.0
2019-10-20 00:00:00,0.68454,0.68547,0.68395,0.68479,15268.98046875
2019-10-21 00:00:00,0.68479,0.688,0.68476,0.687,78879.0234375
2019-10-22 00:00:00,0.68699,0.68825,0.68501,0.68601,98517.3984375
2019-10-23 00:00:00,0.686,0.68604,0.68336,0.68494,90858.6015625
2019-10-24 00:00:00,0.68494,0.68573,0.68105,0.68156,102094.9765625
2019-10-25 00:00:00,0.68157,0.68359,0.68089,0.68196,66616.921875
2019-10-26 00:00:00,0.68196,0.68196,0.68196,0.68196,0.0
2019-10-27 00:00:00,0.68185,0.68256,0.68181,0.68219,6621.6201171875
2019-10-28 00:00:00,0.68218,0.6845,0.68104,0.68389,68300.3515625
2019-10-29 00:00:00,0.68389,0.68715,0.68379,0.68555,85275.1328125
2019-10-30 00:00:00,0.68554,0.69046,0.68483,0.68969,111202.5234375
2019-10-31 00:00:00,0.68968,0.69294,0.68829,0.68921,119262.8203125
2019-11-01 00:00:00,0.68921,0.6921,0.68836,0.69114,93200.53125
2019-11-02 00:00:00,0.69114,0.69114,0.69114,0.69114,0.0
2019-11-03 00:00:00,0.69128,0.69151,0.69071,0.69148,3364.139892578125
2019-11-04 00:00:00,0.69148,0.69248,0.68762,0.68885,84698.2109375
2019-11-05 00:00:00,0.68884,0.69277,0.68769,0.68892,109214.3125
2019-11-06 00:00:00,0.68893,0.69071,0.68687,0.68761,79658.09375
2019-11-07 00:00:00,0.68761,0.69129,0.68613,0.68986,110235.9609375
2019-11-08 00:00:00,0.68986,0.6906,0.68472,0.68578,78581.046875
2019-11-09 00:00:00,0.68578,0.68578,0.68578,0.68578,0.0
2019-11-10 00:00:00,0.68552,0.68609,0.68552,0.68571,3643.6201171875
2019-11-11 00:00:00,0.6857,0.68652,0.68448,0.68479,61503.44140625
2019-11-12 00:00:00,0.68478,0.6857,0.6831,0.68412,87948.7421875
2019-11-13 00:00:00,0.6841,0.68568,0.68208,0.68387,89008.6796875
2019-11-14 00:00:00,0.68387,0.68409,0.67692,0.67864,95878.6484375
2019-11-15 00:00:00,0.67864,0.68218,0.67803,0.68168,65471.30078125
2019-11-16 00:00:00,0.68168,0.68168,0.68168,0.68168,0.0
2019-11-17 00:00:00,0.68119,0.68164,0.68102,0.68145,2800.47998046875
2019-11-18 00:00:00,0.68144,0.68222,0.67984,0.68043,65814.7890625
2019-11-19 00:00:00,0.68044,0.68345,0.67847,0.68242,68040.0390625
2019-11-20 00:00:00,0.68241,0.68307,0.67897,0.67972,76938.203125
2019-11-21 00:00:00,0.67972,0.68136,0.6783,0.6788,85973.34375
2019-11-22 00:00:00,0.6788,0.6803,0.67802,0.67821,67380.90625
2019-11-23 00:00:00,0.67821,0.67821,0.67821,0.67821,0.0
2019-11-24 00:00:00,0.67901,0.67917,0.67865,0.67911,2378.1298828125
2019-11-25 00:00:00,0.67912,0.67989,0.67677,0.67761,59471.51953125
2019-11-26 00:00:00,0.67761,0.6795,0.67676,0.67865,75734.7890625
2019-11-27 00:00:00,0.67864,0.67909,0.67587,0.67678,64490.609375
2019-11-28 00:00:00,0.6768,0.67735,0.67612,0.67674,49161.3984375
2019-11-29 00:00:00,0.67674,0.67792,0.67539,0.67597,52189.94140625
2019-11-30 00:00:00,0.67597,0.67597,0.67597,0.67597,0.0
2019-12-01 00:00:00,0.67678,0.67684,0.67612,0.67648,2847.510009765625
2019-12-02 00:00:00,0.67648,0.68255,0.67636,0.68173,64707.58984375
2019-12-03 00:00:00,0.68173,0.68617,0.68156,0.68492,76084.09375
2019-12-04 00:00:00,0.68494,0.68546,0.68127,0.68488,82070.2578125
2019-12-05 00:00:00,0.68487,0.68545,0.68206,0.6832,61807.5390625
2019-12-06 00:00:00,0.68322,0.68568,0.68231,0.68374,60200.94140625
2019-12-07 00:00:00,0.68374,0.68374,0.68374,0.68374,0.0
2019-12-08 00:00:00,0.68282,0.6838,0.68282,0.6835,2353.419921875
2019-12-09 00:00:00,0.6835,0.6836,0.68178,0.68258,51686.6796875
2019-12-10 00:00:00,0.68259,0.6837,0.67999,0.68107,66484.59375
2019-12-11 00:00:00,0.68107,0.68892,0.68041,0.68696,73043.171875
2019-12-12 00:00:00,0.68697,0.69383,0.68695,0.69252,96737.8203125
2019-12-13 00:00:00,0.69252,0.69287,0.6864,0.68718,112611.109375
2019-12-14 00:00:00,0.68718,0.68718,0.68718,0.68718,0.0
2019-12-15 00:00:00,0.68835,0.68844,0.68696,0.68742,8059.5498046875
2019-12-16 00:00:00,0.68742,0.68975,0.68679,0.6872,68725.4609375
2019-12-17 00:00:00,0.68723,0.68772,0.68379,0.68503,74679.3203125
2019-12-18 00:00:00,0.68503,0.68641,0.68382,0.68545,71329.5
2019-12-19 00:00:00,0.68545,0.68905,0.68535,0.68895,70290.0390625
2019-12-20 00:00:00,0.68896,0.69064,0.68839,0.6896,56238.0390625
2019-12-21 00:00:00,0.6896,0.6896,0.6896,0.6896,0.0
2019-12-22 00:00:00,0.68903,0.69055,0.68903,0.69053,3353.2099609375
2019-12-23 00:00:00,0.69054,0.69284,0.68968,0.69252,54650.66015625
2019-12-24 00:00:00,0.69251,0.693,0.6912,0.69192,57816.0703125
2019-12-25 00:00:00,0.69192,0.6926,0.69112,0.69241,2604.3798828125
2019-12-26 00:00:00,0.6924,0.69494,0.69215,0.69463,24276.400390625
2019-12-27 00:00:00,0.69464,0.69868,0.69429,0.69792,63836.26171875
2019-12-28 00:00:00,0.69792,0.69792,0.69792,0.69792,0.0
2019-12-29 00:00:00,0.698,0.69891,0.69777,0.69815,2983.35009765625
2019-12-30 00:00:00,0.69815,0.70041,0.69815,0.70008,69433.59375
2019-12-31 00:00:00,0.70006,0.70316,0.6999,0.70115,55269.9296875
2020-01-01 00:00:00,0.70137,0.70192,0.70048,0.70182,3360.070068359375
2020-01-02 00:00:00,0.70188,0.70195,0.69782,0.69829,73586.0703125
2020-01-03 00:00:00,0.69828,0.69862,0.69299,0.69456,85081.84375
2020-01-04 00:00:00,0.69456,0.69456,0.69456,0.69456,0.0
2020-01-05 00:00:00,0.69416,0.69445,0.69322,0.69432,6039.64990234375
2020-01-06 00:00:00,0.69432,0.69574,0.6925,0.69364,75450.3671875
2020-01-07 00:00:00,0.69366,0.69389,0.68498,0.68594,93305.359375
2020-01-08 00:00:00,0.68592,0.68851,0.68487,0.68749,114252.40625
2020-01-09 00:00:00,0.68749,0.68802,0.685,0.68529,69627.5078125
2020-01-10 00:00:00,0.68531,0.69109,0.68505,0.68981,74002.75
2020-01-11 00:00:00,0.68981,0.68981,0.68981,0.68981,0.0
2020-01-12 00:00:00,0.68967,0.69054,0.68932,0.68996,3069.7099609375
2020-01-13 00:00:00,0.68994,0.69195,0.68943,0.6897,69056.1484375
2020-01-14 00:00:00,0.68969,0.69094,0.68848,0.68944,77149.6484375
2020-01-15 00:00:00,0.68943,0.69163,0.68771,0.69069,67071.9765625
2020-01-16 00:00:00,0.69069,0.69335,0.68875,0.68981,69407.9609375
2020-01-17 00:00:00,0.68981,0.69108,0.687,0.68708,63525.7109375
2020-01-18 00:00:00,0.68708,0.68708,0.68708,0.68708,0.0
2020-01-19 00:00:00,0.68721,0.68826,0.6872,0.6881,2965.639892578125
2020-01-20 00:00:00,0.6881,0.68882,0.68549,0.68752,44273.140625
2020-01-21 00:00:00,0.68754,0.68802,0.68418,0.68471,74190.0703125
2020-01-22 00:00:00,0.68471,0.68559,0.68268,0.6841,68822.2265625
2020-01-23 00:00:00,0.6841,0.68785,0.6829,0.68482,92885.1171875
2020-01-24 00:00:00,0.6848,0.6857,0.68172,0.6819,69455.9765625
2020-01-25 00:00:00,0.6819,0.6819,0.6819,0.6819,0.0
2020-01-26 00:00:00,0.68119,0.68184,0.68007,0.68009,12548.509765625
2020-01-27 00:00:00,0.68009,0.68168,0.67518,0.67614,81226.0078125
2020-01-28 00:00:00,0.67614,0.67664,0.67367,0.67636,74707.1796875
2020-01-29 00:00:00,0.67633,0.67769,0.67349,0.6753,75668.8671875
2020-01-30 00:00:00,0.67529,0.67531,0.66997,0.67052,93238.1875
2020-01-31 00:00:00,0.67051,0.67294,0.66825,0.6685,88098.78125
2020-02-01 00:00:00,0.6685,0.6685,0.6685,0.6685,0.0
2020-02-02 00:00:00,0.66834,0.66953,0.66832,0.66924,6874.2099609375
2020-02-03 00:00:00,0.66921,0.67067,0.66833,0.66893,86536.2109375
2020-02-04 00:00:00,0.66893,0.67416,0.66784,0.67307,87668.5078125
2020-02-05 00:00:00,0.67309,0.67738,0.67234,0.67511,87434.296875
2020-02-06 00:00:00,0.67511,0.67648,0.67266,0.67309,68806.2734375
2020-02-07 00:00:00,0.6731,0.6731,0.66619,0.66707,75967.1796875
2020-02-08 00:00:00,0.66707,0.66707,0.66707,0.66707,0.0
2020-02-09 00:00:00,0.66647,0.66782,0.66647,0.66696,6469.18994140625
2020-02-10 00:00:00,0.66697,0.6707,0.66676,0.66892,67253.6015625
2020-02-11 00:00:00,0.66892,0.67363,0.66805,0.6718,59366.5
2020-02-12 00:00:00,0.67179,0.67498,0.67065,0.67128,415340.5625
2020-02-13 00:00:00,0.67128,0.67449,0.67094,0.67186,578360.0
2020-02-14 00:00:00,0.67186,0.67312,0.67089,0.67105,360170.71875
2020-02-15 00:00:00,0.67105,0.67105,0.67105,0.67105,0.0
2020-02-16 00:00:00,0.67197,0.67291,0.67162,0.67252,3583.110107421875
2020-02-17 00:00:00,0.67252,0.6733,0.67065,0.67092,40441.73046875
2020-02-18 00:00:00,0.67091,0.67093,0.66733,0.66936,64732.44921875
2020-02-19 00:00:00,0.66935,0.67072,0.66649,0.66805,56295.98828125
2020-02-20 00:00:00,0.66805,0.66931,0.66099,0.66114,74753.09375
2020-02-21 00:00:00,0.66114,0.66385,0.65855,0.66241,76260.4296875
2020-02-22 00:00:00,0.66241,0.66241,0.66241,0.66241,0.0
2020-02-23 00:00:00,0.65839,0.66085,0.65838,0.66054,6844.41015625
2020-02-24 00:00:00,0.66054,0.66195,0.65862,0.66103,95242.25
2020-02-25 00:00:00,0.66103,0.66221,0.6586,0.66047,97993.3515625
2020-02-26 00:00:00,0.66046,0.66067,0.65419,0.65464,102199.703125
2020-02-27 00:00:00,0.65464,0.65918,0.6543,0.65798,112400.7734375
2020-02-28 00:00:00,0.65799,0.6585,0.64335,0.65056,183409.265625
2020-02-29 00:00:00,0.65056,0.65056,0.65056,0.65056,0.0
2020-03-01 00:00:00,0.64668,0.65247,0.64623,0.65132,8521.26953125
2020-03-02 00:00:00,0.65131,0.65677,0.64886,0.65487,148996.34375
2020-03-03 00:00:00,0.65484,0.66453,0.65093,0.65826,154220.9375
2020-03-04 00:00:00,0.65827,0.66291,0.65827,0.66279,97538.6796875
2020-03-05 00:00:00,0.66279,0.66364,0.65835,0.66156,82669.7265625
2020-03-06 00:00:00,0.66158,0.6657,0.65847,0.66387,110699.4921875
2020-03-07 00:00:00,0.66387,0.66387,0.66387,0.66387,0.0
2020-03-08 00:00:00,0.66057,0.6623,0.65935,0.66121,17496.189453125
2020-03-09 00:00:00,0.6612,0.66846,0.6307,0.65969,234038.515625
2020-03-10 00:00:00,0.65974,0.66035,0.6462,0.64938,162900.5
2020-03-11 00:00:00,0.64944,0.65393,0.64697,0.64764,155513.03125
2020-03-12 00:00:00,0.64766,0.64811,0.62114,0.62738,274511.96875
2020-03-13 00:00:00,0.62744,0.63253,0.61224,0.61835,215807.375
2020-03-14 00:00:00,0.61835,0.61835,0.61835,0.61835,0.0
2020-03-15 00:00:00,0.61473,0.63027,0.61062,0.61783,22516.609375
2020-03-16 00:00:00,0.61783,0.61882,0.60786,0.61012,240214.28125
2020-03-17 00:00:00,0.61014,0.61483,0.59585,0.5989,232696.90625
2020-03-18 00:00:00,0.5989,0.60283,0.57017,0.5792,267504.8125
2020-03-19 00:00:00,0.57921,0.59639,0.55068,0.57427,337280.375
2020-03-20 00:00:00,0.57427,0.5985,0.57087,0.57978,298818.125
2020-03-21 00:00:00,0.57978,0.57978,0.57978,0.57978,0.0
2020-03-22 00:00:00,0.58034,0.58244,0.57045,0.5752,33737.05859375
2020-03-23 00:00:00,0.57519,0.58846,0.56993,0.58746,394852.5
2020-03-24 00:00:00,0.58746,0.59896,0.58643,0.59689,281483.21875
2020-03-25 00:00:00,0.59688,0.6073,0.58927,0.59012,249142.140625
2020-03-26 00:00:00,0.59011,0.60869,0.58698,0.60774,221757.875
2020-03-27 00:00:00,0.60774,0.61998,0.60222,0.61572,244857.109375
2020-03-28 00:00:00,0.61572,0.61572,0.61572,0.61572,0.0
2020-03-29 00:00:00,0.61497,0.61831,0.61124,0.6173,17988.9296875
2020-03-30 00:00:00,0.61732,0.61835,0.61111,0.61642,216463.28125
2020-03-31 00:00:00,0.61645,0.62131,0.60745,0.61375,318620.34375
2020-04-01 00:00:00,0.61379,0.61848,0.60384,0.60893,217532.328125
2020-04-02 00:00:00,0.60894,0.61186,0.60065,0.60644,215424.515625
2020-04-03 00:00:00,0.60643,0.6075,0.59797,0.59867,178373.9375
2020-04-04 00:00:00,0.59867,0.59867,0.59867,0.59867,0.0
2020-04-05 00:00:00,0.6011,0.60152,0.59845,0.59922,9717.4296875
2020-04-06 00:00:00,0.59926,0.6122,0.59905,0.61163,176293.171875
2020-04-07 00:00:00,0.61166,0.62078,0.60969,0.61514,231950.59375
2020-04-08 00:00:00,0.61509,0.62446,0.61152,0.62326,185049.75
2020-04-09 00:00:00,0.62334,0.6363,0.61948,0.63306,181127.1875
2020-04-10 00:00:00,0.63306,0.63673,0.63123,0.63409,40906.171875
2020-04-11 00:00:00,0.63409,0.63409,0.63409,0.63409,0.0
2020-04-12 00:00:00,0.63458,0.63574,0.63255,0.63342,5066.240234375
2020-04-13 00:00:00,0.63343,0.64089,0.63301,0.63987,101089.03125
2020-04-14 00:00:00,0.63987,0.64443,0.6374,0.64345,141042.40625
2020-04-15 00:00:00,0.64345,0.64358,0.62838,0.6308,160334.71875
2020-04-16 00:00:00,0.63081,0.63848,0.62639,0.63589,211215.40625
2020-04-17 00:00:00,0.63592,0.63829,0.63139,0.63598,172042.5625
2020-04-18 00:00:00,0.63598,0.63598,0.63598,0.63598,0.0
2020-04-19 00:00:00,0.63622,0.63665,0.63362,0.63363,7097.009765625
2020-04-20 00:00:00,0.63363,0.6397,0.63296,0.63412,146535.265625
2020-04-21 00:00:00,0.63415,0.63462,0.6253,0.6292,160048.375
2020-04-22 00:00:00,0.62923,0.63525,0.62808,0.62963,117238.3671875
2020-04-23 00:00:00,0.62971,0.64061,0.62825,0.63756,134775.828125
2020-04-24 00:00:00,0.6376,0.63981,0.63368,0.63892,96126.4296875
2020-04-25 00:00:00,0.63892,0.63892,0.63892,0.63892,0.0
2020-04-26 00:00:00,0.63807,0.63982,0.63806,0.63969,4131.77978515625
2020-04-27 00:00:00,0.63971,0.64712,0.63921,0.64491,100837.8828125
2020-04-28 00:00:00,0.64492,0.65136,0.64338,0.65019,106634.2578125
2020-04-29 00:00:00,0.65019,0.65582,0.65008,0.6554,98251.9375
2020-04-30 00:00:00,0.65538,0.65695,0.64825,0.64941,136794.0
2020-05-01 00:00:00,0.64943,0.64968,0.64097,0.64149,86768.3125
2020-05-02 00:00:00,0.64149,0.64149,0.64149,0.64149,0.0
2020-05-03 00:00:00,0.6412,0.64125,0.63725,0.6376,8259.1904296875
2020-05-04 00:00:00,0.63759,0.64344,0.63723,0.64252,99593.0390625
2020-05-05 00:00:00,0.64253,0.64756,0.64165,0.64327,105171.3828125
2020-05-06 00:00:00,0.6433,0.64525,0.63779,0.63905,113384.3828125
2020-05-07 00:00:00,0.63907,0.65102,0.63907,0.65002,109492.8984375
2020-05-08 00:00:00,0.65012,0.65476,0.64974,0.65301,87296.53125
2020-05-09 00:00:00,0.65301,0.65301,0.65301,0.65301,0.0
2020-05-10 00:00:00,0.65309,0.65368,0.65137,0.65349,5254.02978515625
2020-05-11 00:00:00,0.65349,0.65611,0.64562,0.64837,82249.1015625
2020-05-12 00:00:00,0.64839,0.6536,0.64318,0.64512,116337.65625
2020-05-13 00:00:00,0.64514,0.6524,0.6438,0.64525,158361.8125
2020-05-14 00:00:00,0.64532,0.64732,0.64031,0.647,141297.625
2020-05-15 00:00:00,0.647,0.64728,0.64017,0.64126,111403.8671875
2020-05-16 00:00:00,0.64126,0.64126,0.64126,0.64126,0.0
2020-05-17 00:00:00,0.6419,0.64278,0.64098,0.64248,5161.64990234375
2020-05-18 00:00:00,0.6425,0.6528,0.64195,0.65229,97784.5078125
2020-05-19 00:00:00,0.65233,0.65847,0.65094,0.65399,111241.9765625
2020-05-20 00:00:00,0.65401,0.66157,0.65273,0.65907,96853.78125
2020-05-21 00:00:00,0.65912,0.6598,0.65485,0.6566,109569.2109375
2020-05-22 00:00:00,0.65659,0.65719,0.65056,0.65334,94314.09375
2020-05-23 00:00:00,0.65334,0.65334,0.65334,0.65334,0.0
2020-05-24 00:00:00,0.65315,0.65479,0.65286,0.65449,4757.06982421875
2020-05-25 00:00:00,0.65449,0.65498,0.65194,0.65494,66871.671875
2020-05-26 00:00:00,0.65496,0.66749,0.65418,0.66451,113409.0390625
2020-05-27 00:00:00,0.66451,0.668,0.65672,0.66207,158709.5625
2020-05-28 00:00:00,0.66209,0.66671,0.65877,0.6632,141667.390625
2020-05-29 00:00:00,0.66319,0.66829,0.66181,0.6665,163211.203125
2020-05-30 00:00:00,0.6665,0.6665,0.6665,0.6665,0.0
2020-05-31 00:00:00,0.6657,0.66687,0.66479,0.6658,6719.97021484375
2020-06-01 00:00:00,0.66579,0.6813,0.66577,0.67835,135540.765625
2020-06-02 00:00:00,0.67835,0.69219,0.67744,0.69133,141984.96875
2020-06-03 00:00:00,0.69135,0.69829,0.6856,0.69265,171392.921875
2020-06-04 00:00:00,0.69268,0.69871,0.68819,0.69385,173634.359375
2020-06-05 00:00:00,0.69386,0.70125,0.69304,0.69668,155940.796875
2020-06-06 00:00:00,0.69668,0.69668,0.69668,0.69668,0.0
2020-06-07 00:00:00,0.69646,0.70029,0.69645,0.69994,5969.25
2020-06-08 00:00:00,0.69994,0.70289,0.69614,0.70231,107958.2734375
2020-06-09 00:00:00,0.70234,0.70424,0.6898,0.69389,147910.4375
2020-06-10 00:00:00,0.69392,0.70637,0.69321,0.69676,176721.71875
2020-06-11 00:00:00,0.69678,0.69936,0.68181,0.68285,238302.25
2020-06-12 00:00:00,0.68286,0.69114,0.67992,0.68638,245929.125
2020-06-13 00:00:00,0.68638,0.68638,0.68638,0.68638,0.0
2020-06-14 00:00:00,0.6841,0.68452,0.68099,0.68252,13885.48046875
2020-06-15 00:00:00,0.68252,0.69624,0.67761,0.69619,254700.4375
2020-06-16 00:00:00,0.69622,0.69762,0.68333,0.68928,230222.515625
2020-06-17 00:00:00,0.6893,0.69223,0.68518,0.68759,191546.359375
2020-06-18 00:00:00,0.68759,0.69019,0.68357,0.68558,168786.125
2020-06-19 00:00:00,0.6856,0.69111,0.68292,0.68336,142229.5625
2020-06-20 00:00:00,0.68336,0.68336,0.68336,0.68336,0.0
2020-06-21 00:00:00,0.68098,0.68306,0.68097,0.68191,8791.5
2020-06-22 00:00:00,0.68195,0.69347,0.68163,0.69286,115042.390625
2020-06-23 00:00:00,0.69285,0.69743,0.68575,0.69428,145673.21875
2020-06-24 00:00:00,0.69429,0.69616,0.68533,0.68552,150544.640625
2020-06-25 00:00:00,0.68553,0.68949,0.68469,0.68876,146651.40625
2020-06-26 00:00:00,0.68877,0.68949,0.68401,0.68641,108421.0
2020-06-27 00:00:00,0.68641,0.68641,0.68641,0.68641,0.0
2020-06-28 00:00:00,0.68566,0.6866,0.68452,0.68596,4860.14990234375
2020-06-29 00:00:00,0.68598,0.68905,0.68414,0.68713,110182.34375
2020-06-30 00:00:00,0.68714,0.69117,0.68322,0.68994,115276.6875
2020-07-01 00:00:00,0.68994,0.69432,0.68766,0.69109,115337.6015625
2020-07-02 00:00:00,0.69109,0.69519,0.69012,0.69185,116161.609375
2020-07-03 00:00:00,0.69189,0.69472,0.69133,0.6934,74058.5625
2020-07-04 00:00:00,0.6934,0.6934,0.6934,0.6934,0.0
2020-07-05 00:00:00,0.69285,0.69495,0.69282,0.69477,3235.580078125
2020-07-06 00:00:00,0.69476,0.69873,0.69461,0.69742,83730.578125
2020-07-07 00:00:00,0.69744,0.69972,0.69217,0.69415,111196.3125
2020-07-08 00:00:00,0.69417,0.69879,0.69269,0.69851,110890.3671875
2020-07-09 00:00:00,0.69852,0.70007,0.69496,0.69594,128693.3984375
2020-07-10 00:00:00,0.69595,0.69689,0.69233,0.69479,101168.1328125
2020-07-11 00:00:00,0.69479,0.69479,0.69479,0.69479,0.0
2020-07-12 00:00:00,0.69486,0.6959,0.6948,0.69489,5199.02001953125
2020-07-13 00:00:00,0.6949,0.69927,0.69355,0.69358,117132.4609375
2020-07-14 00:00:00,0.6936,0.69933,0.69209,0.69876,190567.03125
2020-07-15 00:00:00,0.69876,0.70373,0.69851,0.70078,127732.7578125
2020-07-16 00:00:00,0.70078,0.70124,0.69628,0.6975,116190.7421875
2020-07-17 00:00:00,0.69754,0.70046,0.69732,0.69936,71641.3984375
2020-07-18 00:00:00,0.69936,0.69936,0.69936,0.69936,0.0
2020-07-19 00:00:00,0.69849,0.70036,0.69843,0.70025,3509.419921875
2020-07-20 00:00:00,0.70029,0.70253,0.69725,0.70213,91618.671875
2020-07-21 00:00:00,0.70214,0.71465,0.70152,0.71377,119917.2109375
2020-07-22 00:00:00,0.71378,0.71827,0.71114,0.71362,162636.265625
2020-07-23 00:00:00,0.71363,0.71615,0.70902,0.70983,139298.234375
2020-07-24 00:00:00,0.70982,0.71249,0.70637,0.7104,120741.4296875
2020-07-25 00:00:00,0.7104,0.7104,0.7104,0.7104,0.0
2020-07-26 00:00:00,0.70873,0.71074,0.70864,0.70961,7452.33984375
2020-07-27 00:00:00,0.70964,0.71597,0.70961,0.7158,107866.8828125
2020-07-28 00:00:00,0.7158,0.71765,0.71125,0.71578,116026.6328125
2020-07-29 00:00:00,0.7158,0.71966,0.71491,0.71714,113521.640625
2020-07-30 00:00:00,0.71714,0.72045,0.71202,0.72016,128351.6484375
2020-07-31 00:00:00,0.72016,0.72268,0.71329,0.71418,131828.09375
2020-08-01 00:00:00,0.71418,0.71418,0.71418,0.71418,0.0
2020-08-02 00:00:00,0.71292,0.71493,0.71288,0.71446,12199.240234375
2020-08-03 00:00:00,0.71447,0.71494,0.70759,0.71159,103683.8828125
2020-08-04 00:00:00,0.71157,0.71765,0.71055,0.71758,105460.4765625
2020-08-05 00:00:00,0.71757,0.72409,0.71653,0.71973,98202.9296875
2020-08-06 00:00:00,0.71974,0.7239,0.71737,0.7231,120897.1875
2020-08-07 00:00:00,0.72314,0.72429,0.71443,0.71558,116944.328125
2020-08-08 00:00:00,0.71558,0.71558,0.71558,0.71558,0.0
2020-08-09 00:00:00,0.71597,0.71636,0.71469,0.71553,6647.2900390625
2020-08-10 00:00:00,0.71553,0.71837,0.71397,0.71548,86260.6015625
2020-08-11 00:00:00,0.71548,0.71894,0.71345,0.71446,108433.953125
2020-08-12 00:00:00,0.71446,0.71754,0.71093,0.71639,114612.203125
2020-08-13 00:00:00,0.7164,0.71875,0.71353,0.71472,94337.0
2020-08-14 00:00:00,0.71475,0.71749,0.71316,0.71697,67668.671875
2020-08-15 00:00:00,0.71697,0.71697,0.71697,0.71697,0.0
2020-08-16 00:00:00,0.71646,0.71934,0.71627,0.7192,4543.830078125
2020-08-17 00:00:00,0.71921,0.7227,0.71704,0.72136,62959.98828125
2020-08-18 00:00:00,0.72136,0.72642,0.72086,0.72542,93451.0234375
2020-08-19 00:00:00,0.72542,0.72753,0.71789,0.71863,246765.8125
2020-08-20 00:00:00,0.71865,0.72078,0.71353,0.72033,100952.34375
2020-08-21 00:00:00,0.72033,0.72155,0.71391,0.71598,91390.03125
2020-08-22 00:00:00,0.71598,0.71598,0.71598,0.71598,0.0
2020-08-23 00:00:00,0.71658,0.71693,0.71414,0.71591,3264.60009765625
2020-08-24 00:00:00,0.71592,0.72037,0.71522,0.71688,205968.609375
2020-08-25 00:00:00,0.7169,0.72067,0.71498,0.71974,187894.734375
2020-08-26 00:00:00,0.71973,0.72454,0.71868,0.72443,96879.8828125
2020-08-27 00:00:00,0.72445,0.72902,0.72163,0.72689,278962.03125
2020-08-28 00:00:00,0.7269,0.73663,0.72552,0.73639,154133.453125
2020-08-29 00:00:00,0.73639,0.73639,0.73639,0.73639,0.0
2020-08-30 00:00:00,0.73582,0.73717,0.73575,0.73697,4176.6298828125
2020-08-31 00:00:00,0.73697,0.74028,0.73397,0.73769,277106.8125
2020-09-01 00:00:00,0.73771,0.74132,0.73588,0.73765,149961.453125
2020-09-02 00:00:00,0.73765,0.73798,0.7301,0.73275,116431.9609375
2020-09-03 00:00:00,0.73275,0.73324,0.7251,0.72535,162231.890625
2020-09-04 00:00:00,0.72534,0.72983,0.72218,0.72804,148950.4375
2020-09-05 00:00:00,0.72804,0.72804,0.72804,0.72804,0.0
2020-09-06 00:00:00,0.7285,0.72908,0.72728,0.72804,7789.2998046875
2020-09-07 00:00:00,0.72803,0.72978,0.72697,0.72798,68530.25
2020-09-08 00:00:00,0.72799,0.73085,0.71918,0.7209,139253.109375
2020-09-09 00:00:00,0.7209,0.72876,0.72054,0.72748,142890.953125
2020-09-10 00:00:00,0.72749,0.73241,0.72471,0.7261,141944.78125
2020-09-11 00:00:00,0.72611,0.73056,0.72583,0.72817,95294.6796875
2020-09-12 00:00:00,0.72817,0.72817,0.72817,0.72817,0.0
2020-09-13 00:00:00,0.72767,0.72887,0.72749,0.72816,3937.719970703125
2020-09-14 00:00:00,0.72815,0.73032,0.7264,0.72827,67461.7109375
2020-09-15 00:00:00,0.72832,0.73422,0.72664,0.72951,92333.34375
2020-09-16 00:00:00,0.72949,0.73448,0.72781,0.72963,110817.359375
2020-09-17 00:00:00,0.72962,0.73188,0.72537,0.7313,145864.09375
2020-09-18 00:00:00,0.73131,0.73337,0.72821,0.72852,117081.96875
2020-09-19 00:00:00,0.72852,0.72852,0.72852,0.72852,0.0
2020-09-20 00:00:00,0.72865,0.72979,0.72858,0.72933,4582.669921875
2020-09-21 00:00:00,0.72933,0.73237,0.71988,0.72281,135258.4375
2020-09-22 00:00:00,0.72281,0.72349,0.71539,0.7172,128375.1796875
2020-09-23 00:00:00,0.7172,0.71742,0.70594,0.70638,144263.765625
2020-09-24 00:00:00,0.70638,0.70806,0.70155,0.70544,145924.015625
2020-09-25 00:00:00,0.70544,0.70864,0.70052,0.70249,116986.8828125
2020-09-26 00:00:00,0.70249,0.70249,0.70249,0.70249,0.0
2020-09-27 00:00:00,0.70283,0.70445,0.70283,0.70394,3036.659912109375
2020-09-28 00:00:00,0.70394,0.7096,0.70321,0.70932,103754.8671875
2020-09-29 00:00:00,0.70934,0.71453,0.70738,0.7145,101573.9296875
2020-09-30 00:00:00,0.71449,0.71748,0.70999,0.71644,140279.390625
2020-10-01 00:00:00,0.71644,0.72086,0.71543,0.71805,137150.375
2020-10-02 00:00:00,0.71804,0.71845,0.71304,0.71585,155699.8125
2020-10-03 00:00:00,0.71585,0.71585,0.71585,0.71585,0.0
2020-10-04 00:00:00,0.71659,0.71743,0.71561,0.71728,3983.64990234375
2020-10-05 00:00:00,0.71729,0.71942,0.71622,0.71927,84321.796875
2020-10-06 00:00:00,0.71928,0.72083,0.70952,0.71087,125139.8828125
2020-10-07 00:00:00,0.71087,0.71511,0.7098,0.71354,91539.421875
2020-10-08 00:00:00,0.71354,0.71756,0.71227,0.71747,78368.25
2020-10-09 00:00:00,0.71744,0.72425,0.71678,0.72396,74999.921875
2020-10-10 00:00:00,0.72396,0.72396,0.72396,0.72396,0.0
2020-10-11 00:00:00,0.72192,0.72335,0.72192,0.72242,4008.679931640625
2020-10-12 00:00:00,0.72242,0.72345,0.72021,0.72083,70377.9375
2020-10-13 00:00:00,0.72085,0.72085,0.71497,0.71637,116906.421875
2020-10-14 00:00:00,0.71638,0.71902,0.7128,0.71406,109060.109375
2020-10-15 00:00:00,0.71407,0.71482,0.70556,0.70874,123150.859375
2020-10-16 00:00:00,0.70874,0.7096,0.70702,0.70763,90288.46875
2020-10-17 00:00:00,0.70763,0.70763,0.70763,0.70763,0.0
2020-10-18 00:00:00,0.70786,0.70948,0.707,0.70928,3747.760009765625
2020-10-19 00:00:00,0.70928,0.71143,0.70455,0.70534,81548.3203125
2020-10-20 00:00:00,0.70535,0.70721,0.70204,0.70498,85412.8828125
2020-10-21 00:00:00,0.70494,0.71364,0.70494,0.71038,102162.21875
2020-10-22 00:00:00,0.71039,0.71389,0.70847,0.71268,91748.34375
2020-10-23 00:00:00,0.71267,0.71577,0.71007,0.71349,82234.4921875
2020-10-24 00:00:00,0.71349,0.71349,0.71349,0.71349,0.0
2020-10-25 00:00:00,0.71328,0.71415,0.71152,0.71309,6438.27978515625
2020-10-26 00:00:00,0.71309,0.7146,0.71024,0.71164,97781.21875
2020-10-27 00:00:00,0.71164,0.71466,0.71127,0.71225,85095.046875
2020-10-28 00:00:00,0.71225,0.71569,0.70378,0.70545,124185.5
2020-10-29 00:00:00,0.70545,0.70756,0.7002,0.70372,130808.5703125
2020-10-30 00:00:00,0.7037,0.70718,0.70111,0.7026,144754.890625
2020-10-31 00:00:00,0.7026,0.7026,0.7026,0.7026,0.0
2020-11-01 00:00:00,0.70237,0.70246,0.69965,0.70071,6920.43017578125
2020-11-02 00:00:00,0.7007,0.70571,0.69904,0.70525,113292.171875
2020-11-03 00:00:00,0.70531,0.72046,0.70275,0.71962,100105.953125
2020-11-04 00:00:00,0.71962,0.72216,0.70481,0.71796,247640.734375
2020-11-05 00:00:00,0.71793,0.72889,0.71445,0.72616,173712.40625
2020-11-06 00:00:00,0.72617,0.7287,0.72386,0.72558,140992.625
2020-11-07 00:00:00,0.72558,0.72558,0.72558,0.72558,0.0
2020-11-08 00:00:00,0.72782,0.72895,0.72709,0.72857,6423.5
2020-11-09 00:00:00,0.72858,0.73396,0.72663,0.72787,198497.4375
2020-11-10 00:00:00,0.72786,0.72939,0.72522,0.72813,168234.59375
2020-11-11 00:00:00,0.72811,0.73178,0.72597,0.72833,108824.0234375
2020-11-12 00:00:00,0.72834,0.72933,0.7223,0.72393,112058.7265625
2020-11-13 00:00:00,0.72397,0.72728,0.72211,0.72663,76996.8203125
2020-11-14 00:00:00,0.72663,0.72663,0.72663,0.72663,0.0
2020-11-15 00:00:00,0.72652,0.72962,0.72632,0.72892,6197.33984375
2020-11-16 00:00:00,0.72893,0.73261,0.72802,0.73193,100749.0625
2020-11-17 00:00:00,0.73192,0.73394,0.72875,0.72958,86277.671875
2020-11-18 00:00:00,0.72958,0.73303,0.72714,0.72962,94604.8984375
2020-11-19 00:00:00,0.72961,0.72995,0.7254,0.72674,104469.421875
2020-11-20 00:00:00,0.72675,0.73236,0.72675,0.73004,92111.6875
2020-11-21 00:00:00,0.73004,0.73004,0.73004,0.73004,0.0
2020-11-22 00:00:00,0.73006,0.73146,0.72985,0.73125,4773.919921875
2020-11-23 00:00:00,0.73123,0.73371,0.72649,0.72943,82598.203125
2020-11-24 00:00:00,0.72942,0.73672,0.72907,0.73659,90456.3671875
2020-11-25 00:00:00,0.73661,0.73732,0.73246,0.73633,92827.2421875
2020-11-26 00:00:00,0.73633,0.7374,0.73521,0.7356,54180.5
2020-11-27 00:00:00,0.73565,0.73986,0.73523,0.73778,70662.4765625
2020-11-28 00:00:00,0.73778,0.73778,0.73778,0.73778,0.0
2020-11-29 00:00:00,0.73853,0.74041,0.73826,0.74005,2666.159912109375
2020-11-30 00:00:00,0.74005,0.7407,0.73388,0.73584,97594.65625
2020-12-01 00:00:00,0.73586,0.73831,0.73413,0.738,89829.109375
2020-12-02 00:00:00,0.738,0.74195,0.73509,0.74142,90053.609375
2020-12-03 00:00:00,0.74141,0.74492,0.73975,0.74359,80978.2265625
2020-12-04 00:00:00,0.74358,0.74435,0.74098,0.74229,90597.703125
2020-12-05 00:00:00,0.74229,0.74229,0.74229,0.74229,0.0
2020-12-06 00:00:00,0.7431,0.7436,0.74272,0.74298,4779.72998046875
2020-12-07 00:00:00,0.74298,0.74532,0.7372,0.74149,82082.140625
2020-12-08 00:00:00,0.74151,0.7435,0.73989,0.74088,81098.90625
2020-12-09 00:00:00,0.74084,0.74847,0.74072,0.74332,90740.6328125
2020-12-10 00:00:00,0.74333,0.75395,0.74331,0.75228,107409.4921875
2020-12-11 00:00:00,0.75231,0.75714,0.75198,0.75305,90094.8125
2020-12-12 00:00:00,0.75305,0.75305,0.75305,0.75305,0.0
2020-12-13 00:00:00,0.75489,0.75584,0.75471,0.75494,3235.4599609375
2020-12-14 00:00:00,0.75493,0.75777,0.7524,0.75346,83959.21875
2020-12-15 00:00:00,0.75348,0.75712,0.75069,0.75572,75778.75
2020-12-16 00:00:00,0.75571,0.75784,0.75384,0.75692,84486.453125
2020-12-17 00:00:00,0.75692,0.76393,0.75667,0.76139,69419.6484375
2020-12-18 00:00:00,0.76138,0.76244,0.75824,0.76193,72060.4296875
2020-12-19 00:00:00,0.76193,0.76193,0.76193,0.76193,0.0
2020-12-20 00:00:00,0.75851,0.76058,0.75843,0.75868,4407.6298828125
2020-12-21 00:00:00,0.75868,0.76016,0.74617,0.75753,141949.3125
2020-12-22 00:00:00,0.75752,0.75832,0.75165,0.75536,99895.3984375
2020-12-23 00:00:00,0.7553,0.75912,0.75235,0.75822,87776.6328125
2020-12-24 00:00:00,0.75822,0.76063,0.75778,0.75919,75789.3203125
2020-12-25 00:00:00,0.75919,0.76066,0.7576,0.7604,5017.35009765625
2020-12-26 00:00:00,0.7604,0.7604,0.7604,0.7604,0.0
2020-12-27 00:00:00,0.75998,0.76122,0.75838,0.761,3368.610107421875
2020-12-28 00:00:00,0.76101,0.76221,0.75568,0.75871,71842.1484375
2020-12-29 00:00:00,0.75874,0.76244,0.75837,0.76097,69903.6171875
2020-12-30 00:00:00,0.76097,0.76903,0.76061,0.76874,68974.0234375
2020-12-31 00:00:00,0.76877,0.77418,0.76856,0.76928,69811.0390625
2021-01-01 00:00:00,0.76928,0.76928,0.76928,0.76928,0.0
2021-01-02 00:00:00,0.76928,0.76928,0.76928,0.76928,0.0
2021-01-03 00:00:00,0.77027,0.77139,0.76896,0.77109,5762.169921875
2021-01-04 00:00:00,0.77109,0.77403,0.76419,0.76692,125177.9765625
2021-01-05 00:00:00,0.76692,0.77773,0.76605,0.77618,135324.015625
2021-01-06 00:00:00,0.77621,0.78198,0.77327,0.78152,194727.765625
2021-01-07 00:00:00,0.78152,0.7816,0.77252,0.77682,136765.40625
2021-01-08 00:00:00,0.77683,0.77985,0.7728,0.77591,176576.34375
2021-01-09 00:00:00,0.77591,0.77591,0.77591,0.77591,0.0
2021-01-10 00:00:00,0.7755,0.776,0.77115,0.77202,7078.52978515625
2021-01-11 00:00:00,0.7721,0.77305,0.76658,0.77068,136616.03125
2021-01-12 00:00:00,0.77067,0.77771,0.76864,0.77752,117909.15625
2021-01-13 00:00:00,0.77752,0.7781,0.77212,0.77461,106208.6875
2021-01-14 00:00:00,0.77462,0.78051,0.77281,0.77752,113434.0234375
2021-01-15 00:00:00,0.77751,0.77883,0.76811,0.7698,123491.6796875
2021-01-16 00:00:00,0.7698,0.7698,0.7698,0.7698,0.0
2021-01-17 00:00:00,0.77076,0.77102,0.76826,0.76828,4851.16015625
2021-01-18 00:00:00,0.7683,0.77039,0.76585,0.76846,96363.6328125
2021-01-19 00:00:00,0.76846,0.77248,0.76842,0.77131,103503.2109375
2021-01-20 00:00:00,0.77132,0.7763,0.77,0.77544,101145.3515625
2021-01-21 00:00:00,0.77544,0.7782,0.77411,0.77593,109774.546875
2021-01-22 00:00:00,0.77594,0.77686,0.77016,0.77117,109290.546875
2021-01-23 00:00:00,0.77117,0.77117,0.77117,0.77117,0.0
2021-01-24 00:00:00,0.77158,0.77206,0.77053,0.7713,4415.72021484375
2021-01-25 00:00:00,0.77135,0.7747,0.76824,0.77143,126650.7421875
2021-01-26 00:00:00,0.77143,0.7754,0.76686,0.77529,101549.5234375
2021-01-27 00:00:00,0.77529,0.77635,0.7641,0.76478,168079.765625
2021-01-28 00:00:00,0.76478,0.76975,0.75915,0.76703,186680.25
2021-01-29 00:00:00,0.76703,0.77036,0.76309,0.76405,197762.453125
2021-01-30 00:00:00,0.76405,0.76405,0.76405,0.76405,0.0
2021-01-31 00:00:00,0.76198,0.76302,0.76056,0.76207,9299.3798828125
2021-02-01 00:00:00,0.76204,0.76623,0.76119,0.76331,155375.0625
2021-02-02 00:00:00,0.7633,0.76611,0.75634,0.76055,133651.984375
2021-02-03 00:00:00,0.76054,0.76367,0.76012,0.76359,107601.0078125
2021-02-04 00:00:00,0.76359,0.76474,0.75878,0.75999,105183.921875
2021-02-05 00:00:00,0.75999,0.7678,0.75826,0.76748,96588.6328125
2021-02-06 00:00:00,0.76748,0.76748,0.76748,0.76748,0.0
2021-02-07 00:00:00,0.76679,0.76813,0.76666,0.7678,5625.02001953125
2021-02-08 00:00:00,0.76783,0.77145,0.76508,0.77079,72979.1484375
2021-02-09 00:00:00,0.77079,0.77426,0.77038,0.77395,87014.5234375
2021-02-10 00:00:00,0.77395,0.77557,0.77169,0.77233,108591.75
2021-02-11 00:00:00,0.77233,0.77712,0.77124,0.77513,75079.7578125
2021-02-12 00:00:00,0.77512,0.77642,0.77177,0.77592,56156.83984375
2021-02-13 00:00:00,0.77592,0.77592,0.77592,0.77592,0.0
2021-02-14 00:00:00,0.77655,0.77674,0.77586,0.77624,3906.5400390625
2021-02-15 00:00:00,0.77626,0.77884,0.77592,0.7785,45706.6796875
2021-02-16 00:00:00,0.77849,0.78049,0.77302,0.7735,79609.1796875
2021-02-17 00:00:00,0.77351,0.77716,0.7724,0.77576,98440.078125
2021-02-18 00:00:00,0.77574,0.77893,0.77307,0.77678,100232.2421875
2021-02-19 00:00:00,0.77678,0.78766,0.77572,0.78658,93365.9921875
2021-02-20 00:00:00,0.78658,0.78658,0.78658,0.78658,0.0
2021-02-21 00:00:00,0.78698,0.78916,0.78654,0.7882,3687.5400390625
2021-02-22 00:00:00,0.78819,0.7929,0.78549,0.79137,99765.2265625
2021-02-23 00:00:00,0.79138,0.79344,0.788,0.79067,102892.8828125
2021-02-24 00:00:00,0.79067,0.79778,0.78948,0.79752,117202.28125
2021-02-25 00:00:00,0.79751,0.80068,0.78583,0.78622,158646.390625
2021-02-26 00:00:00,0.78622,0.78715,0.76918,0.77034,214363.703125
2021-02-27 00:00:00,0.77034,0.77034,0.77034,0.77034,0.0
2021-02-28 00:00:00,0.77107,0.77586,0.77067,0.77521,6193.0498046875
2021-03-01 00:00:00,0.77523,0.77864,0.77213,0.7773,122847.6875
2021-03-02 00:00:00,0.77729,0.78372,0.77353,0.78238,142921.96875
2021-03-03 00:00:00,0.7824,0.78379,0.7752,0.77525,137891.9375
2021-03-04 00:00:00,0.77526,0.78147,0.77041,0.77139,177236.8125
2021-03-05 00:00:00,0.77134,0.77262,0.76213,0.76815,181277.3125
2021-03-06 00:00:00,0.76815,0.76815,0.76815,0.76815,0.0
2021-03-07 00:00:00,0.7691,0.7722,0.769,0.77077,6288.0498046875
2021-03-08 00:00:00,0.77076,0.77138,0.76358,0.76552,165276.609375
2021-03-09 00:00:00,0.76551,0.77255,0.76211,0.77149,135683.046875
2021-03-10 00:00:00,0.77148,0.77452,0.76681,0.77298,129829.4375
2021-03-11 00:00:00,0.77298,0.77934,0.77228,0.7785,109813.5703125
2021-03-12 00:00:00,0.77851,0.78003,0.77239,0.77576,121907.171875
2021-03-13 00:00:00,0.77576,0.77576,0.77576,0.77576,0.0
2021-03-14 00:00:00,0.77497,0.77629,0.77466,0.77613,5394.7099609375
2021-03-15 00:00:00,0.77617,0.77752,0.77054,0.77475,104257.578125
2021-03-16 00:00:00,0.77475,0.77571,0.77101,0.77457,95295.9609375
2021-03-17 00:00:00,0.77456,0.78141,0.76987,0.7814,118252.1171875
2021-03-18 00:00:00,0.78143,0.78489,0.77489,0.7752,146403.1875
2021-03-19 00:00:00,0.77523,0.77719,0.77172,0.77369,126772.6796875
2021-03-20 00:00:00,0.77369,0.77369,0.77369,0.77369,0.0
2021-03-21 00:00:00,0.77041,0.77296,0.77023,0.77221,6394.97998046875
2021-03-22 00:00:00,0.77223,0.77561,0.77044,0.77443,89317.2421875
2021-03-23 00:00:00,0.77442,0.77464,0.75988,0.76062,103478.671875
2021-03-24 00:00:00,0.76063,0.7628,0.75779,0.75903,94342.3125
2021-03-25 00:00:00,0.75906,0.76138,0.75627,0.75921,109408.6171875
2021-03-26 00:00:00,0.75923,0.76439,0.75873,0.76371,74686.15625
2021-03-27 00:00:00,0.76371,0.76371,0.76371,0.76371,0.0
2021-03-28 00:00:00,0.76315,0.76445,0.76299,0.76366,3989.14990234375
2021-03-29 00:00:00,0.76366,0.76553,0.76147,0.76381,80914.03125
2021-03-30 00:00:00,0.76383,0.76635,0.75844,0.76078,84674.96875
2021-03-31 00:00:00,0.76079,0.76361,0.75878,0.75935,83589.4921875
2021-04-01 00:00:00,0.75936,0.76194,0.75315,0.76161,88816.65625
2021-04-02 00:00:00,0.76162,0.76369,0.75925,0.75976,28224.2890625
2021-04-03 00:00:00,0.75976,0.75976,0.75976,0.75976,0.0
2021-04-04 00:00:00,0.76027,0.76205,0.76019,0.76189,6050.0400390625
2021-04-05 00:00:00,0.7619,0.766,0.7598,0.7657,47030.62109375
2021-04-06 00:00:00,0.76566,0.76679,0.76053,0.76659,74347.3828125
2021-04-07 00:00:00,0.76659,0.76765,0.76002,0.76131,84483.59375
2021-04-08 00:00:00,0.76131,0.76599,0.76022,0.76561,74691.6484375
2021-04-09 00:00:00,0.76564,0.76606,0.75876,0.76168,76923.90625
2021-04-10 00:00:00,0.76168,0.76168,0.76168,0.76168,0.0
2021-04-11 00:00:00,0.76135,0.76274,0.76096,0.7621,3398.830078125
2021-04-12 00:00:00,0.7621,0.76351,0.75945,0.76265,70934.546875
2021-04-13 00:00:00,0.76265,0.76527,0.75846,0.76467,88897.6171875
2021-04-14 00:00:00,0.76468,0.77374,0.76342,0.77244,85930.171875
2021-04-15 00:00:00,0.77243,0.77606,0.77051,0.77507,83917.203125
2021-04-16 00:00:00,0.77507,0.77588,0.77237,0.77327,68798.8515625
2021-04-17 00:00:00,0.77327,0.77327,0.77327,0.77327,0.0
2021-04-18 00:00:00,0.77269,0.77315,0.77127,0.77127,3260.3798828125
2021-04-19 00:00:00,0.77129,0.77841,0.77056,0.77641,80566.1796875
2021-04-20 00:00:00,0.77643,0.78155,0.77088,0.77218,93195.7265625
2021-04-21 00:00:00,0.7722,0.7762,0.76991,0.77536,84362.7890625
2021-04-22 00:00:00,0.77536,0.77642,0.76902,0.77037,97511.3828125
2021-04-23 00:00:00,0.77039,0.776,0.76998,0.77438,72225.203125
2021-04-24 00:00:00,0.77438,0.77438,0.77438,0.77438,0.0
2021-04-25 00:00:00,0.77382,0.77523,0.77382,0.7742,3064.169921875
2021-04-26 00:00:00,0.77421,0.78148,0.77414,0.77964,75107.109375
2021-04-27 00:00:00,0.77962,0.78034,0.77612,0.77671,71950.390625
2021-04-28 00:00:00,0.7767,0.78057,0.77247,0.78006,81471.7734375
2021-04-29 00:00:00,0.78005,0.78175,0.77499,0.77768,78736.6328125
2021-04-30 00:00:00,0.77768,0.77838,0.76955,0.77067,81658.890625
2021-05-01 00:00:00,0.77067,0.77067,0.77067,0.77067,0.0
2021-05-02 00:00:00,0.77197,0.77214,0.77123,0.77197,2890.860107421875
2021-05-03 00:00:00,0.77199,0.77664,0.77058,0.77578,64889.609375
2021-05-04 00:00:00,0.77581,0.77605,0.76747,0.77128,97209.359375
2021-05-05 00:00:00,0.77128,0.77545,0.77036,0.77506,73462.96875
2021-05-06 00:00:00,0.77505,0.77879,0.77006,0.77867,92533.1328125
2021-05-07 00:00:00,0.77864,0.78621,0.77606,0.78412,91130.3828125
2021-05-08 00:00:00,0.78412,0.78412,0.78412,0.78412,0.0
2021-05-09 00:00:00,0.78574,0.78619,0.78447,0.78579,3560.5400390625
2021-05-10 00:00:00,0.78579,0.78905,0.78264,0.78401,84508.7890625
2021-05-11 00:00:00,0.78402,0.78563,0.78197,0.78371,103413.140625
2021-05-12 00:00:00,0.78375,0.78419,0.77189,0.7732,126083.359375
2021-05-13 00:00:00,0.7732,0.77458,0.76879,0.77234,116413.03125
2021-05-14 00:00:00,0.77237,0.7787,0.77137,0.77756,87265.5703125
2021-05-15 00:00:00,0.77756,0.77756,0.77756,0.77756,0.0
2021-05-16 00:00:00,0.77687,0.77833,0.77672,0.7778,2435.35009765625
2021-05-17 00:00:00,0.77778,0.77781,0.773,0.7773,84810.6875
2021-05-18 00:00:00,0.7773,0.78132,0.77674,0.77873,80322.6328125
2021-05-19 00:00:00,0.77875,0.77972,0.77104,0.77195,131006.9609375
2021-05-20 00:00:00,0.77196,0.77811,0.7716,0.7769,85046.5234375
2021-05-21 00:00:00,0.77689,0.77823,0.77186,0.77254,77609.84375
2021-05-22 00:00:00,0.77254,0.77254,0.77254,0.77254,0.0
2021-05-23 00:00:00,0.77278,0.77315,0.77227,0.77248,2461.10009765625
2021-05-24 00:00:00,0.77245,0.77573,0.77056,0.77503,62288.46875
2021-05-25 00:00:00,0.77502,0.77759,0.77326,0.77497,78781.0078125
2021-05-26 00:00:00,0.77495,0.77955,0.77306,0.77392,81101.7109375
2021-05-27 00:00:00,0.7739,0.77571,0.77226,0.7742,79993.7109375
2021-05-28 00:00:00,0.7742,0.77468,0.76769,0.77078,78415.15625
2021-05-29 00:00:00,0.77078,0.77078,0.77078,0.77078,0.0
2021-05-30 00:00:00,0.77084,0.77147,0.77046,0.77075,1850.3399658203125
2021-05-31 00:00:00,0.77077,0.7746,0.77001,0.7743,57457.6796875
2021-06-01 00:00:00,0.77434,0.77689,0.77304,0.77553,77354.140625
2021-06-02 00:00:00,0.77554,0.77728,0.77148,0.77436,65093.23828125
2021-06-03 00:00:00,0.77438,0.77534,0.7645,0.76614,83404.6328125
2021-06-04 00:00:00,0.76616,0.77448,0.76507,0.77383,70661.28125
2021-06-05 00:00:00,0.77383,0.77383,0.77383,0.77383,0.0
2021-06-06 00:00:00,0.77322,0.77444,0.77222,0.77408,1294.8800048828125
2021-06-07 00:00:00,0.77408,0.77653,0.77262,0.77559,49219.23828125
2021-06-08 00:00:00,0.77557,0.77632,0.77312,0.77365,55699.91015625
2021-06-09 00:00:00,0.77364,0.77618,0.77238,0.77289,52194.03125
2021-06-10 00:00:00,0.77288,0.77631,0.77169,0.77469,89179.140625
2021-06-11 00:00:00,0.77472,0.77753,0.76879,0.77019,74537.890625
2021-06-12 00:00:00,0.77019,0.77019,0.77019,0.77019,0.0
2021-06-13 00:00:00,0.77036,0.77095,0.77036,0.77072,1314.1300048828125
2021-06-14 00:00:00,0.77073,0.77255,0.76934,0.77113,60689.609375
2021-06-15 00:00:00,0.77114,0.77163,0.76737,0.76852,79048.75
2021-06-16 00:00:00,0.76855,0.77152,0.76043,0.76144,118824.59375
2021-06-17 00:00:00,0.76143,0.76452,0.75392,0.75564,138007.703125
2021-06-18 00:00:00,0.75563,0.75606,0.74761,0.74762,139066.71875
2021-06-19 00:00:00,0.74762,0.74762,0.74762,0.74762,0.0
2021-06-20 00:00:00,0.74834,0.75051,0.74796,0.7501,4969.240234375
2021-06-21 00:00:00,0.75008,0.75457,0.74771,0.75342,132602.421875
2021-06-22 00:00:00,0.75342,0.7564,0.74936,0.75537,94736.34375
2021-06-23 00:00:00,0.75537,0.75986,0.75374,0.75727,97038.15625
2021-06-24 00:00:00,0.75729,0.75911,0.75651,0.75813,98144.4296875
2021-06-25 00:00:00,0.75813,0.76162,0.75792,0.75895,87272.796875
2021-06-26 00:00:00,0.75895,0.75895,0.75895,0.75895,0.0
2021-06-27 00:00:00,0.75738,0.7595,0.75735,0.75941,3302.75
2021-06-28 00:00:00,0.7594,0.76013,0.75541,0.75677,78259.4921875
2021-06-29 00:00:00,0.75678,0.75702,0.75071,0.75129,80536.890625
2021-06-30 00:00:00,0.75131,0.75267,0.74914,0.7497,83610.4296875
2021-07-01 00:00:00,0.7497,0.75074,0.74599,0.7465,89070.7890625
2021-07-02 00:00:00,0.7465,0.75326,0.74441,0.75218,90555.75
2021-07-03 00:00:00,0.75218,0.75218,0.75218,0.75218,0.0
2021-07-04 00:00:00,0.75204,0.75287,0.75171,0.75176,4064.929931640625
2021-07-05 00:00:00,0.75176,0.75472,0.75084,0.754,67335.8203125
2021-07-06 00:00:00,0.75401,0.75985,0.74803,0.74942,117828.0078125
2021-07-07 00:00:00,0.74943,0.75335,0.74623,0.74829,102094.828125
2021-07-08 00:00:00,0.74828,0.74835,0.7416,0.74325,174652.65625
2021-07-09 00:00:00,0.74327,0.74937,0.74093,0.74904,113125.9921875
2021-07-10 00:00:00,0.74904,0.74904,0.74904,0.74904,0.0
2021-07-11 00:00:00,0.74779,0.74926,0.74776,0.74891,3924.139892578125
2021-07-12 00:00:00,0.7489,0.74956,0.74478,0.74772,92758.828125
2021-07-13 00:00:00,0.74773,0.75026,0.74258,0.74393,109388.9609375
2021-07-14 00:00:00,0.7439,0.74871,0.74306,0.74802,121314.046875
2021-07-15 00:00:00,0.74802,0.74843,0.74099,0.74222,111985.546875
2021-07-16 00:00:00,0.74225,0.74423,0.73917,0.7393,89991.703125
2021-07-17 00:00:00,0.7393,0.7393,0.7393,0.7393,0.0
2021-07-18 00:00:00,0.73991,0.74082,0.73848,0.73877,4630.18994140625
2021-07-19 00:00:00,0.73878,0.73888,0.73213,0.73367,138909.421875
2021-07-20 00:00:00,0.73366,0.73567,0.72993,0.73381,114504.2421875
2021-07-21 00:00:00,0.73381,0.73622,0.7289,0.73512,88869.28125
2021-07-22 00:00:00,0.73511,0.7399,0.73417,0.73799,101678.953125
2021-07-23 00:00:00,0.738,0.73895,0.73565,0.73624,75757.5390625
2021-07-24 00:00:00,0.73624,0.73624,0.73624,0.73624,0.0
2021-07-25 00:00:00,0.73624,0.73721,0.73552,0.73674,2063.389892578125
2021-07-26 00:00:00,0.73676,0.73902,0.73301,0.73835,93181.796875
2021-07-27 00:00:00,0.73835,0.73883,0.73367,0.73656,108165.9375
2021-07-28 00:00:00,0.73656,0.7381,0.73164,0.73764,126871.1484375
2021-07-29 00:00:00,0.73764,0.74131,0.73589,0.73955,85777.8828125
2021-07-30 00:00:00,0.73953,0.74041,0.73306,0.73415,96664.953125
2021-07-31 00:00:00,0.73415,0.73415,0.73415,0.73415,0.0
2021-08-01 00:00:00,0.73323,0.73457,0.73323,0.73411,2730.64990234375
2021-08-02 00:00:00,0.73414,0.73817,0.73286,0.73598,79783.0390625
2021-08-03 00:00:00,0.73599,0.74079,0.73569,0.73961,92645.2265625
2021-08-04 00:00:00,0.73959,0.74263,0.73696,0.73818,74137.171875
2021-08-05 00:00:00,0.73818,0.74155,0.73762,0.74024,68279.046875
2021-08-06 00:00:00,0.74024,0.74041,0.7346,0.73518,70053.2890625
2021-08-07 00:00:00,0.73518,0.73518,0.73518,0.73518,0.0
2021-08-08 00:00:00,0.7351,0.7357,0.73297,0.73346,6378.4599609375
2021-08-09 00:00:00,0.73347,0.73634,0.73275,0.73294,63070.859375
2021-08-10 00:00:00,0.73294,0.73556,0.73155,0.73432,58189.98828125
2021-08-11 00:00:00,0.73434,0.73888,0.73228,0.737,66263.921875
2021-08-12 00:00:00,0.737,0.73728,0.73315,0.73406,50463.12890625
2021-08-13 00:00:00,0.73407,0.73809,0.73328,0.73677,43114.4296875
2021-08-14 00:00:00,0.73677,0.73677,0.73677,0.73677,0.0
2021-08-15 00:00:00,0.73614,0.73725,0.73614,0.73648,2265.469970703125
2021-08-16 00:00:00,0.73649,0.73672,0.73189,0.73386,53117.859375
2021-08-17 00:00:00,0.73386,0.73386,0.72421,0.72548,77645.3671875
2021-08-18 00:00:00,0.72546,0.7269,0.72282,0.72304,75673.6796875
2021-08-19 00:00:00,0.72304,0.72344,0.71419,0.71458,112995.1796875
2021-08-20 00:00:00,0.71457,0.71559,0.71056,0.71347,84990.6328125
2021-08-21 00:00:00,0.71347,0.71347,0.71347,0.71347,0.0
2021-08-22 00:00:00,0.71213,0.71408,0.711,0.71378,3551.340087890625
2021-08-23 00:00:00,0.71379,0.72175,0.71379,0.72081,71566.5703125
2021-08-24 00:00:00,0.7208,0.72706,0.72003,0.72481,66199.1015625
2021-08-25 00:00:00,0.72483,0.728,0.72367,0.72759,66345.78125
2021-08-26 00:00:00,0.72761,0.72792,0.72338,0.72378,75244.171875
2021-08-27 00:00:00,0.72378,0.73164,0.72216,0.73089,79973.9296875
2021-08-28 00:00:00,0.73089,0.73089,0.73089,0.73089,0.0
2021-08-29 00:00:00,0.73029,0.73157,0.73029,0.7315,2255.840087890625
2021-08-30 00:00:00,0.73149,0.73181,0.7284,0.72894,51561.6796875
2021-08-31 00:00:00,0.72896,0.73409,0.72876,0.73173,86750.7578125
2021-09-01 00:00:00,0.73174,0.73835,0.73075,0.73654,74387.453125
2021-09-02 00:00:00,0.73654,0.74091,0.73554,0.7397,73053.7734375
2021-09-03 00:00:00,0.73971,0.74775,0.73949,0.7447,83830.078125
2021-09-04 00:00:00,0.7447,0.7447,0.7447,0.7447,0.0
2021-09-05 00:00:00,0.74531,0.74544,0.74424,0.74425,3170.659912109375
2021-09-06 00:00:00,0.74425,0.74433,0.74259,0.74358,88210.5234375
2021-09-07 00:00:00,0.74357,0.7468,0.73743,0.73859,97083.796875
2021-09-08 00:00:00,0.73861,0.74036,0.73446,0.73607,99572.8515625
2021-09-09 00:00:00,0.73607,0.73938,0.73465,0.73672,103737.1875
2021-09-10 00:00:00,0.73674,0.74093,0.73477,0.73512,80921.828125
2021-09-11 00:00:00,0.73512,0.73512,0.73512,0.73512,0.0
2021-09-12 00:00:00,0.73473,0.73678,0.73473,0.7365,2607.139892578125
2021-09-13 00:00:00,0.73648,0.73753,0.73356,0.73652,83802.328125
2021-09-14 00:00:00,0.73652,0.73729,0.73129,0.73163,101522.6796875
2021-09-15 00:00:00,0.73164,0.73436,0.73007,0.73408,86476.859375
2021-09-16 00:00:00,0.73407,0.73468,0.72736,0.72909,84931.609375
2021-09-17 00:00:00,0.72909,0.73212,0.72612,0.72613,87390.6796875
2021-09-18 00:00:00,0.72613,0.72613,0.72613,0.72613,0.0
2021-09-19 00:00:00,0.72616,0.72668,0.72589,0.7263,2386.3701171875
2021-09-20 00:00:00,0.7263,0.72679,0.72196,0.7259,140513.875
2021-09-21 00:00:00,0.72591,0.72826,0.72212,0.72279,107267.9765625
2021-09-22 00:00:00,0.72278,0.7296,0.72233,0.72318,132131.125
2021-09-23 00:00:00,0.72319,0.7315,0.72224,0.72962,99859.6796875
2021-09-24 00:00:00,0.72962,0.73161,0.72356,0.72577,90870.3125
2021-09-25 00:00:00,0.72577,0.72577,0.72577,0.72577,0.0
2021-09-26 00:00:00,0.72525,0.72678,0.72505,0.72645,2866.449951171875
2021-09-27 00:00:00,0.72646,0.72934,0.72491,0.72799,107889.6171875
2021-09-28 00:00:00,0.72797,0.73106,0.7225,0.72435,138368.171875
2021-09-29 00:00:00,0.72431,0.72638,0.717,0.71782,114829.4296875
2021-09-30 00:00:00,0.7178,0.7257,0.71766,0.72282,130948.1484375
2021-10-01 00:00:00,0.72282,0.7276,0.71916,0.72598,149254.296875
2021-10-02 00:00:00,0.72598,0.72598,0.72598,0.72598,0.0
2021-10-03 00:00:00,0.72568,0.72823,0.72563,0.72742,5916.39013671875
2021-10-04 00:00:00,0.72741,0.73037,0.72508,0.72888,132571.984375
2021-10-05 00:00:00,0.72886,0.73006,0.72484,0.72875,105650.8671875
2021-10-06 00:00:00,0.72874,0.72915,0.72254,0.72819,148576.328125
2021-10-07 00:00:00,0.72816,0.73238,0.72701,0.73162,96533.0703125
2021-10-08 00:00:00,0.73159,0.73377,0.72877,0.73052,120706.6796875
2021-10-09 00:00:00,0.73052,0.73052,0.73052,0.73052,0.0
2021-10-10 00:00:00,0.73047,0.7312,0.72917,0.72939,3907.280029296875
2021-10-11 00:00:00,0.7294,0.73725,0.72934,0.73478,101934.609375
2021-10-12 00:00:00,0.73476,0.73841,0.73318,0.73328,114005.1796875
2021-10-13 00:00:00,0.73329,0.7383,0.7323,0.73825,107797.921875
2021-10-14 00:00:00,0.73825,0.74262,0.73714,0.74131,88784.5703125
2021-10-15 00:00:00,0.74131,0.74396,0.7403,0.74174,82309.5703125
2021-10-16 00:00:00,0.74174,0.74174,0.74174,0.74174,0.0
2021-10-17 00:00:00,0.74146,0.7437,0.74125,0.74237,6262.10986328125
2021-10-18 00:00:00,0.74238,0.74251,0.73781,0.74148,92547.53125
2021-10-19 00:00:00,0.74149,0.74851,0.74144,0.74744,93715.4921875
2021-10-20 00:00:00,0.74743,0.75222,0.74647,0.75146,95491.7265625
2021-10-21 00:00:00,0.75145,0.7546,0.7458,0.74628,97197.671875
2021-10-22 00:00:00,0.7463,0.75118,0.74533,0.74631,120278.34375
2021-10-23 00:00:00,0.74631,0.74631,0.74631,0.74631,0.0
2021-10-24 00:00:00,0.74647,0.7471,0.7462,0.74682,3170.030029296875
2021-10-25 00:00:00,0.74679,0.75048,0.74641,0.74912,94573.46875
2021-10-26 00:00:00,0.74912,0.7525,0.74888,0.75119,98755.5625
2021-10-27 00:00:00,0.75119,0.75356,0.74868,0.74995,115096.2734375
2021-10-28 00:00:00,0.74996,0.7555,0.74793,0.75305,137166.265625
2021-10-29 00:00:00,0.75305,0.75548,0.74998,0.75191,118105.921875
2021-10-30 00:00:00,0.75191,0.75191,0.75191,0.75191,0.0
2021-10-31 00:00:00,0.75059,0.75203,0.75059,0.75173,3158.340087890625
2021-11-01 00:00:00,0.75172,0.75357,0.74857,0.75199,86797.9921875
2021-11-02 00:00:00,0.752,0.75315,0.74198,0.74354,104353.421875
2021-11-03 00:00:00,0.74353,0.74691,0.74119,0.74684,122546.09375
2021-11-04 00:00:00,0.74683,0.74701,0.73824,0.74078,108994.9296875
2021-11-05 00:00:00,0.74077,0.74117,0.73595,0.73979,121107.4375
2021-11-06 00:00:00,0.73979,0.73979,0.73979,0.73979,0.0
2021-11-07 00:00:00,0.73911,0.74036,0.7391,0.73947,3025.639892578125
2021-11-08 00:00:00,0.73948,0.74307,0.73838,0.7414,73133.9375
2021-11-09 00:00:00,0.74142,0.74312,0.73603,0.73754,103230.75
2021-11-10 00:00:00,0.73754,0.73929,0.73225,0.73333,121571.09375
2021-11-11 00:00:00,0.73332,0.73406,0.72859,0.729,98812.8125
2021-11-12 00:00:00,0.729,0.73347,0.72761,0.73282,80179.8671875
2021-11-13 00:00:00,0.73282,0.73282,0.73282,0.73282,0.0
2021-11-14 00:00:00,0.73217,0.73359,0.73217,0.73316,2084.22998046875
2021-11-15 00:00:00,0.73313,0.73702,0.73228,0.73447,77363.5078125
2021-11-16 00:00:00,0.73447,0.73676,0.72917,0.73006,96813.6796875
2021-11-17 00:00:00,0.73006,0.73044,0.72582,0.72676,97686.25
2021-11-18 00:00:00,0.72676,0.72926,0.72491,0.72759,82328.171875
2021-11-19 00:00:00,0.72759,0.72909,0.72264,0.72298,114935.8671875
2021-11-20 00:00:00,0.72298,0.72298,0.72298,0.72298,0.0
2021-11-21 00:00:00,0.72344,0.72352,0.72281,0.72306,2593.93994140625
2021-11-22 00:00:00,0.72305,0.72729,0.72202,0.72268,100560.109375
2021-11-23 00:00:00,0.72268,0.72359,0.72064,0.72212,109702.453125
2021-11-24 00:00:00,0.72213,0.72271,0.71835,0.72011,111441.34375
2021-11-25 00:00:00,0.72009,0.72088,0.71725,0.71727,83203.421875
2021-11-26 00:00:00,0.71727,0.71772,0.71106,0.7113,160142.796875
2021-11-27 00:00:00,0.7113,0.7113,0.7113,0.7113,0.0
2021-11-28 00:00:00,0.71353,0.71446,0.71142,0.71421,5448.97021484375
2021-11-29 00:00:00,0.71418,0.71591,0.71132,0.71449,102024.90625
2021-11-30 00:00:00,0.7145,0.71702,0.70624,0.71242,194085.15625
2021-12-01 00:00:00,0.71245,0.71727,0.70943,0.71068,128377.3984375
2021-12-02 00:00:00,0.71068,0.71192,0.70835,0.7087,141300.703125
2021-12-03 00:00:00,0.70867,0.70897,0.69926,0.69951,137733.328125
2021-12-04 00:00:00,0.69951,0.69951,0.69951,0.69951,0.0
2021-12-05 00:00:00,0.69978,0.70199,0.69978,0.70167,3177.2099609375
2021-12-06 00:00:00,0.70168,0.70541,0.7006,0.70483,91426.21875
2021-12-07 00:00:00,0.70482,0.71239,0.70391,0.71217,91486.7265625
2021-12-08 00:00:00,0.7122,0.71833,0.71166,0.71682,111120.96875
2021-12-09 00:00:00,0.71681,0.71864,0.71353,0.71458,74692.4375
2021-12-10 00:00:00,0.71458,0.71819,0.71316,0.71671,80507.4296875
2021-12-11 00:00:00,0.71671,0.71671,0.71671,0.71671,0.0
2021-12-12 00:00:00,0.71584,0.71718,0.71574,0.7165,3368.969970703125
2021-12-13 00:00:00,0.71649,0.71757,0.71101,0.71306,73792.640625
2021-12-14 00:00:00,0.71306,0.71351,0.70895,0.71033,76234.7890625
2021-12-15 00:00:00,0.71035,0.71771,0.70915,0.71659,110858.6875
2021-12-16 00:00:00,0.7166,0.72233,0.7145,0.71749,118497.4921875
2021-12-17 00:00:00,0.71748,0.71814,0.71217,0.71217,101260.5234375
2021-12-18 00:00:00,0.71217,0.71217,0.71217,0.71217,0.0
2021-12-19 00:00:00,0.71271,0.71323,0.71086,0.71159,3451.0400390625
2021-12-20 00:00:00,0.7116,0.71272,0.70817,0.71088,124796.5078125
2021-12-21 00:00:00,0.71088,0.71557,0.70981,0.71471,67546.7890625
2021-12-22 00:00:00,0.7147,0.72198,0.71202,0.72115,65146.6796875
2021-12-23 00:00:00,0.72113,0.72513,0.71956,0.72315,61561.73046875
2021-12-24 00:00:00,0.72316,0.72434,0.72129,0.72159,63184.9609375
2021-12-25 00:00:00,0.72159,0.72159,0.72159,0.72159,0.0
2021-12-26 00:00:00,0.72255,0.72373,0.72181,0.72291,1517.5799560546875
2021-12-27 00:00:00,0.72291,0.72443,0.72051,0.7235,42870.12109375
2021-12-28 00:00:00,0.72353,0.72634,0.72183,0.72317,41297.73046875
2021-12-29 00:00:00,0.72317,0.7272,0.72126,0.72578,58018.98828125
2021-12-30 00:00:00,0.72577,0.72753,0.7243,0.72489,52458.75
2021-12-31 00:00:00,0.72488,0.7277,0.72438,0.72641,51935.03125
2022-01-01 00:00:00,0.72641,0.72641,0.72641,0.72641,0.0
2022-01-02 00:00:00,0.72538,0.72749,0.72538,0.72671,1199.8299560546875
2022-01-03 00:00:00,0.72669,0.72766,0.71837,0.7195,53604.171875
2022-01-04 00:00:00,0.71954,0.72483,0.71846,0.72382,68303.890625
2022-01-05 00:00:00,0.72381,0.72719,0.72138,0.72201,85133.84375
2022-01-06 00:00:00,0.72201,0.72205,0.71455,0.71619,96490.140625
2022-01-07 00:00:00,0.71617,0.71873,0.71293,0.71776,76559.15625
2022-01-08 00:00:00,0.71776,0.71776,0.71776,0.71776,0.0
2022-01-09 00:00:00,0.71724,0.71841,0.71703,0.71778,2757.64990234375
2022-01-10 00:00:00,0.71777,0.72021,0.71483,0.71794,99033.1328125
2022-01-11 00:00:00,0.71797,0.72141,0.71544,0.72093,87773.7109375
2022-01-12 00:00:00,0.72092,0.72922,0.71998,0.72813,90770.296875
2022-01-13 00:00:00,0.72813,0.73138,0.72731,0.72805,83521.9375
2022-01-14 00:00:00,0.72805,0.72931,0.71977,0.72094,96377.7265625
2022-01-15 00:00:00,0.72094,0.72094,0.72094,0.72094,0.0
2022-01-16 00:00:00,0.72147,0.72234,0.7207,0.72153,2628.919921875
2022-01-17 00:00:00,0.72153,0.7229,0.7195,0.72108,59689.55078125
2022-01-18 00:00:00,0.72108,0.72274,0.71696,0.71865,112362.390625
2022-01-19 00:00:00,0.71869,0.72376,0.71765,0.72155,92956.203125
2022-01-20 00:00:00,0.72155,0.7276,0.72041,0.72158,95376.296875
2022-01-21 00:00:00,0.72159,0.72182,0.71711,0.71721,130069.8125
2022-01-22 00:00:00,0.71721,0.71721,0.71721,0.71721,0.0
2022-01-23 00:00:00,0.71708,0.71872,0.71708,0.71868,4300.52978515625
2022-01-24 00:00:00,0.71869,0.7187,0.70901,0.71533,172861.21875
2022-01-25 00:00:00,0.71535,0.7176,0.71209,0.7158,176206.546875
2022-01-26 00:00:00,0.71578,0.71809,0.70951,0.71208,171681.71875
2022-01-27 00:00:00,0.71207,0.71209,0.70233,0.70345,190715.3125
2022-01-28 00:00:00,0.70349,0.70454,0.69669,0.69917,218465.21875
2022-01-29 00:00:00,0.69917,0.69917,0.69917,0.69917,0.0
2022-01-30 00:00:00,0.69893,0.6997,0.69866,0.69959,4262.60009765625
2022-01-31 00:00:00,0.69959,0.70762,0.69915,0.70675,119842.0703125
2022-02-01 00:00:00,0.70674,0.7139,0.70329,0.71332,136095.328125
2022-02-02 00:00:00,0.71331,0.71587,0.71177,0.71201,110391.15625
2022-02-03 00:00:00,0.71201,0.71678,0.71093,0.71417,153450.625
2022-02-04 00:00:00,0.71418,0.7151,0.70512,0.70724,142106.171875
2022-02-05 00:00:00,0.70724,0.70724,0.70724,0.70724,0.0
2022-02-06 00:00:00,0.70764,0.70854,0.70746,0.70791,3512.429931640625
2022-02-07 00:00:00,0.70794,0.71299,0.70648,0.71265,119975.3515625
2022-02-08 00:00:00,0.71267,0.7147,0.71062,0.71446,106243.8125
2022-02-09 00:00:00,0.71446,0.71941,0.71413,0.71765,85698.578125
2022-02-10 00:00:00,0.71767,0.72483,0.71467,0.71609,153474.875
2022-02-11 00:00:00,0.7161,0.71848,0.71081,0.71318,200489.71875
2022-02-12 00:00:00,0.71318,0.71318,0.71318,0.71318,0.0
2022-02-13 00:00:00,0.7126,0.71499,0.71254,0.71439,6316.58984375
2022-02-14 00:00:00,0.71436,0.71461,0.70857,0.71314,212252.28125
2022-02-15 00:00:00,0.71313,0.71561,0.71012,0.71477,141042.84375
2022-02-16 00:00:00,0.71475,0.72075,0.7143,0.7192,137327.96875
2022-02-17 00:00:00,0.71919,0.72171,0.7149,0.71866,187724.265625
2022-02-18 00:00:00,0.71865,0.72275,0.71643,0.71711,156778.484375
2022-02-19 00:00:00,0.71711,0.71711,0.71711,0.71711,0.0
2022-02-20 00:00:00,0.71694,0.7178,0.71664,0.71712,4140.93994140625
2022-02-21 00:00:00,0.71715,0.72223,0.71669,0.71834,158834.9375
2022-02-22 00:00:00,0.71836,0.72331,0.71802,0.72261,189534.203125
2022-02-23 00:00:00,0.7226,0.72835,0.72182,0.72271,140934.984375
2022-02-24 00:00:00,0.7227,0.72287,0.70942,0.71596,345324.78125
2022-02-25 00:00:00,0.71597,0.72373,0.71392,0.72333,230494.40625
2022-02-26 00:00:00,0.72333,0.72333,0.72333,0.72333,0.0
2022-02-27 00:00:00,0.71584,0.71898,0.71568,0.7185,12659.259765625
2022-02-28 00:00:00,0.71848,0.72671,0.7167,0.72582,227726.640625
2022-03-01 00:00:00,0.72583,0.72893,0.72376,0.72605,184959.015625
2022-03-02 00:00:00,0.72605,0.73062,0.72429,0.72925,203354.125
2022-03-03 00:00:00,0.72925,0.73472,0.72757,0.73354,163641.15625
2022-03-04 00:00:00,0.73352,0.73801,0.73,0.737,198782.171875
2022-03-05 00:00:00,0.737,0.737,0.737,0.737,0.0
2022-03-06 00:00:00,0.73732,0.73945,0.73541,0.73935,8658.8603515625
2022-03-07 00:00:00,0.73934,0.74408,0.73094,0.73286,256055.71875
2022-03-08 00:00:00,0.73288,0.73476,0.72448,0.72669,247004.015625
2022-03-09 00:00:00,0.72671,0.73369,0.72662,0.73162,168091.359375
2022-03-10 00:00:00,0.73163,0.73671,0.7287,0.73649,172900.796875
2022-03-11 00:00:00,0.73653,0.73661,0.72818,0.72901,163260.921875
2022-03-12 00:00:00,0.72901,0.72901,0.72901,0.72901,0.0
2022-03-13 00:00:00,0.72878,0.72983,0.72805,0.7296,4882.7099609375
2022-03-14 00:00:00,0.72961,0.72966,0.71858,0.71979,140208.765625
2022-03-15 00:00:00,0.71979,0.72269,0.71647,0.71894,139863.3125
2022-03-16 00:00:00,0.71894,0.72965,0.71801,0.72879,168799.859375
2022-03-17 00:00:00,0.72879,0.73927,0.72829,0.73807,158173.265625
2022-03-18 00:00:00,0.73808,0.74174,0.73602,0.74128,111924.0703125
2022-03-19 00:00:00,0.74128,0.74128,0.74128,0.74128,0.0
2022-03-20 00:00:00,0.74034,0.74137,0.73995,0.74092,4376.08984375
2022-03-21 00:00:00,0.74093,0.74243,0.73733,0.73952,120669.2734375
2022-03-22 00:00:00,0.73951,0.74765,0.73751,0.74616,115172.5078125
2022-03-23 00:00:00,0.74615,0.75067,0.74497,0.74984,108218.28125
2022-03-24 00:00:00,0.74985,0.75272,0.74659,0.75096,121325.6328125
2022-03-25 00:00:00,0.75098,0.75363,0.74945,0.75123,129363.9375
2022-03-26 00:00:00,0.75123,0.75123,0.75123,0.75123,0.0
2022-03-27 00:00:00,0.74998,0.7521,0.74954,0.75169,4530.02001953125
2022-03-28 00:00:00,0.75166,0.75395,0.74662,0.74963,143155.71875
2022-03-29 00:00:00,0.74963,0.7524,0.74555,0.75139,160211.65625
2022-03-30 00:00:00,0.75139,0.75359,0.74935,0.75009,131136.125
2022-03-31 00:00:00,0.75009,0.75252,0.74701,0.74911,131044.5234375
2022-04-01 00:00:00,0.74911,0.75241,0.74721,0.74973,111439.8203125
2022-04-02 00:00:00,0.74973,0.74973,0.74973,0.74973,0.0
2022-04-03 00:00:00,0.74873,0.74948,0.74737,0.7485,2781.0
2022-04-04 00:00:00,0.74851,0.75559,0.74825,0.75427,98259.5078125
2022-04-05 00:00:00,0.75426,0.76607,0.75355,0.75848,125549.9921875
2022-04-06 00:00:00,0.75846,0.75927,0.74855,0.75041,139884.484375
2022-04-07 00:00:00,0.7504,0.7513,0.74663,0.74775,122800.5078125
2022-04-08 00:00:00,0.74774,0.74922,0.74259,0.74577,105275.109375
2022-04-09 00:00:00,0.74577,0.74577,0.74577,0.74577,0.0
2022-04-10 00:00:00,0.74548,0.74652,0.74447,0.7445,3726.820068359375
2022-04-11 00:00:00,0.74449,0.74601,0.74114,0.74141,118328.3515625
2022-04-12 00:00:00,0.74141,0.74929,0.73992,0.74532,135351.640625
2022-04-13 00:00:00,0.74532,0.74742,0.73913,0.74495,141708.125
2022-04-14 00:00:00,0.74498,0.74679,0.73969,0.74072,136932.078125
2022-04-15 00:00:00,0.74071,0.74125,0.73892,0.73898,61846.23046875
2022-04-16 00:00:00,0.73898,0.73898,0.73898,0.73898,0.0
2022-04-17 00:00:00,0.73899,0.7403,0.73831,0.73958,4608.91015625
2022-04-18 00:00:00,0.73959,0.73967,0.73423,0.73564,90164.2421875
2022-04-19 00:00:00,0.73561,0.73996,0.73446,0.73928,122101.7734375
2022-04-20 00:00:00,0.73929,0.74571,0.73724,0.74435,124273.3984375
2022-04-21 00:00:00,0.74435,0.74577,0.73589,0.73597,129427.7578125
2022-04-22 00:00:00,0.736,0.73687,0.72342,0.72352,147784.34375
2022-04-23 00:00:00,0.72352,0.72352,0.72352,0.72352,0.0
2022-04-24 00:00:00,0.72498,0.72501,0.72315,0.72316,6578.509765625
2022-04-25 00:00:00,0.72317,0.7233,0.71346,0.71761,223226.640625
2022-04-26 00:00:00,0.71761,0.72282,0.7118,0.7141,175892.09375
2022-04-27 00:00:00,0.71412,0.71901,0.71009,0.71211,180742.265625
2022-04-28 00:00:00,0.71211,0.71616,0.70544,0.71087,205003.578125
2022-04-29 00:00:00,0.71092,0.71794,0.70571,0.70581,167126.828125
2022-04-30 00:00:00,0.70581,0.70581,0.70581,0.70581,0.0
2022-05-01 00:00:00,0.70682,0.70752,0.70595,0.70624,9714.419921875
2022-05-02 00:00:00,0.70625,0.70815,0.70294,0.70503,138067.984375
2022-05-03 00:00:00,0.70503,0.71472,0.70503,0.71004,164887.65625
2022-05-04 00:00:00,0.71003,0.72648,0.70882,0.72509,187355.5
2022-05-05 00:00:00,0.72509,0.72657,0.70768,0.71187,233012.390625
2022-05-06 00:00:00,0.71189,0.71347,0.70579,0.7071,265239.875
2022-05-07 00:00:00,0.7071,0.7071,0.7071,0.7071,0.0
2022-05-08 00:00:00,0.70624,0.70704,0.70419,0.70441,11871.5302734375
2022-05-09 00:00:00,0.70441,0.70458,0.69429,0.69531,234630.9375
2022-05-10 00:00:00,0.6953,0.69857,0.69102,0.69321,285551.59375
2022-05-11 00:00:00,0.6932,0.70532,0.69256,0.69258,251535.46875
2022-05-12 00:00:00,0.69258,0.69526,0.68284,0.68679,293715.59375
2022-05-13 00:00:00,0.68679,0.69405,0.68625,0.69356,174913.1875
2022-05-14 00:00:00,0.69356,0.69356,0.69356,0.69356,0.0
2022-05-15 00:00:00,0.69174,0.69527,0.69174,0.69469,5823.2099609375
2022-05-16 00:00:00,0.69467,0.6982,0.68718,0.69723,179218.8125
2022-05-17 00:00:00,0.69722,0.704,0.69713,0.70296,177823.9375
2022-05-18 00:00:00,0.70293,0.70461,0.69491,0.69575,161853.28125
2022-05-19 00:00:00,0.69576,0.70722,0.69531,0.70411,243235.515625
2022-05-20 00:00:00,0.70411,0.7073,0.70016,0.70381,181515.34375
2022-05-21 00:00:00,0.70381,0.70381,0.70381,0.70381,0.0
2022-05-22 00:00:00,0.70465,0.70688,0.7039,0.70609,7743.7001953125
2022-05-23 00:00:00,0.70608,0.71265,0.70581,0.70858,170240.296875
2022-05-24 00:00:00,0.70858,0.71186,0.70565,0.71008,173257.515625
2022-05-25 00:00:00,0.71006,0.71184,0.70351,0.70889,183741.125
2022-05-26 00:00:00,0.70888,0.71092,0.70567,0.70976,141286.34375
2022-05-27 00:00:00,0.70977,0.71665,0.70888,0.7157,130999.953125
2022-05-28 00:00:00,0.7157,0.7157,0.7157,0.7157,0.0
2022-05-29 00:00:00,0.71575,0.71651,0.71446,0.71578,5405.419921875
2022-05-30 00:00:00,0.71579,0.71994,0.71565,0.71936,107095.046875
2022-05-31 00:00:00,0.71937,0.7203,0.71492,0.7182,160236.546875
2022-06-01 00:00:00,0.71822,0.72298,0.71552,0.71707,154779.796875
2022-06-02 00:00:00,0.71707,0.72701,0.71403,0.72645,128995.59375
2022-06-03 00:00:00,0.72645,0.72826,0.72011,0.72034,129555.046875
2022-06-04 00:00:00,0.72034,0.72034,0.72034,0.72034,0.0
2022-06-05 00:00:00,0.72115,0.72158,0.71999,0.72002,5231.89990234375
2022-06-06 00:00:00,0.72003,0.72313,0.71801,0.71859,108069.90625
2022-06-07 00:00:00,0.71858,0.72461,0.71566,0.72207,158030.765625
2022-06-08 00:00:00,0.72205,0.72337,0.7175,0.71858,141805.3125
2022-06-09 00:00:00,0.71859,0.71938,0.7093,0.70971,163653.046875
2022-06-10 00:00:00,0.7097,0.71375,0.70369,0.7044,192332.1875
2022-06-11 00:00:00,0.7044,0.7044,0.7044,0.7044,0.0
2022-06-12 00:00:00,0.70352,0.70446,0.70148,0.70192,8432.7001953125
2022-06-13 00:00:00,0.70192,0.70337,0.69107,0.69401,224906.078125
2022-06-14 00:00:00,0.694,0.69699,0.685,0.68868,244129.90625
2022-06-15 00:00:00,0.6887,0.70238,0.68852,0.70172,264536.53125
2022-06-16 00:00:00,0.70171,0.70685,0.6943,0.70395,255477.15625
2022-06-17 00:00:00,0.70395,0.70423,0.6897,0.69322,216133.375
2022-06-18 00:00:00,0.69322,0.69322,0.69322,0.69322,0.0
2022-06-19 00:00:00,0.6915,0.69566,0.6915,0.69504,8119.72998046875
2022-06-20 00:00:00,0.69501,0.69954,0.69262,0.69676,151398.40625
2022-06-21 00:00:00,0.69674,0.69933,0.69342,0.6959,171167.5
2022-06-22 00:00:00,0.69592,0.6961,0.68809,0.69045,184042.015625
2022-06-23 00:00:00,0.69046,0.69258,0.68687,0.69021,201286.71875
2022-06-24 00:00:00,0.6902,0.69573,0.68881,0.69402,161081.765625
2022-06-25 00:00:00,0.69402,0.69402,0.69402,0.69402,0.0
2022-06-26 00:00:00,0.69415,0.69584,0.69365,0.69438,7265.72021484375
2022-06-27 00:00:00,0.69433,0.69482,0.69066,0.69204,195003.859375
2022-06-28 00:00:00,0.69203,0.69641,0.69022,0.69027,214235.625
2022-06-29 00:00:00,0.69028,0.69195,0.68611,0.68776,220658.484375
2022-06-30 00:00:00,0.68774,0.69188,0.68529,0.68973,210902.171875
2022-07-01 00:00:00,0.68971,0.69027,0.67634,0.68105,222648.078125
2022-07-02 00:00:00,0.68105,0.68105,0.68105,0.68105,0.0
2022-07-03 00:00:00,0.68038,0.68248,0.68038,0.68127,9321.7900390625
2022-07-04 00:00:00,0.68126,0.68882,0.67931,0.68707,138675.65625
2022-07-05 00:00:00,0.68706,0.68943,0.67612,0.67933,228573.953125
2022-07-06 00:00:00,0.67932,0.68256,0.67614,0.67814,245762.671875
2022-07-07 00:00:00,0.67813,0.685,0.67639,0.6847,180843.03125
2022-07-08 00:00:00,0.68472,0.68738,0.67911,0.68538,197060.1875
2022-07-09 00:00:00,0.68538,0.68538,0.68538,0.68538,0.0
2022-07-10 00:00:00,0.68404,0.6854,0.68356,0.68444,8048.9501953125
2022-07-11 00:00:00,0.6845,0.68453,0.67141,0.67398,197856.046875
2022-07-12 00:00:00,0.67399,0.67784,0.67104,0.67453,218828.015625
2022-07-13 00:00:00,0.67452,0.68029,0.67251,0.67319,278722.3125
2022-07-14 00:00:00,0.67319,0.67874,0.6681,0.67557,340825.125
2022-07-15 00:00:00,0.67555,0.68058,0.67186,0.67887,245670.984375
2022-07-16 00:00:00,0.67887,0.67887,0.67887,0.67887,0.0
2022-07-17 00:00:00,0.67847,0.68135,0.67838,0.68128,9907.830078125
2022-07-18 00:00:00,0.68127,0.6854,0.67926,0.68091,194024.03125
2022-07-19 00:00:00,0.68092,0.6912,0.68019,0.68948,219459.015625
2022-07-20 00:00:00,0.68948,0.69297,0.68726,0.68835,200714.375
2022-07-21 00:00:00,0.68833,0.69378,0.68585,0.69216,228950.75
2022-07-22 00:00:00,0.69214,0.69769,0.68927,0.69227,224191.390625
2022-07-23 00:00:00,0.69227,0.69227,0.69227,0.69227,0.0
2022-07-24 00:00:00,0.69217,0.69264,0.69027,0.69031,8416.599609375
2022-07-25 00:00:00,0.69032,0.69647,0.68782,0.69497,188315.484375
2022-07-26 00:00:00,0.69501,0.69826,0.69216,0.69447,167636.0625
2022-07-27 00:00:00,0.69447,0.70117,0.69114,0.69933,188745.578125
2022-07-28 00:00:00,0.6993,0.70134,0.69544,0.6997,212644.765625
2022-07-29 00:00:00,0.69973,0.70312,0.69105,0.69881,209588.6875
2022-07-30 00:00:00,0.69881,0.69881,0.69881,0.69881,0.0
2022-07-31 00:00:00,0.69697,0.69866,0.69671,0.697,11336.73046875
2022-08-01 00:00:00,0.697,0.70466,0.69676,0.70234,218603.046875
2022-08-02 00:00:00,0.70235,0.70316,0.68878,0.68897,342696.125
2022-08-03 00:00:00,0.68903,0.6955,0.68857,0.6937,253539.625
2022-08-04 00:00:00,0.6937,0.69893,0.69344,0.69591,230431.328125
2022-08-05 00:00:00,0.69593,0.69742,0.68689,0.69111,226066.828125
2022-08-06 00:00:00,0.69111,0.69111,0.69111,0.69111,0.0
2022-08-07 00:00:00,0.68913,0.69107,0.68913,0.69024,10502.259765625
2022-08-08 00:00:00,0.69024,0.70087,0.68974,0.6988,170174.625
2022-08-09 00:00:00,0.6988,0.69942,0.6953,0.69537,147128.0
2022-08-10 00:00:00,0.69536,0.71085,0.69461,0.70812,217787.8125
2022-08-11 00:00:00,0.7081,0.71363,0.70625,0.71008,207087.59375
2022-08-12 00:00:00,0.7101,0.71278,0.70842,0.71201,165218.0
2022-08-13 00:00:00,0.71201,0.71201,0.71201,0.71201,0.0
2022-08-14 00:00:00,0.71129,0.71242,0.71055,0.71148,8177.009765625
2022-08-15 00:00:00,0.7115,0.71246,0.70105,0.70183,171912.5625
2022-08-16 00:00:00,0.70183,0.70395,0.69905,0.70189,181952.40625
2022-08-17 00:00:00,0.70188,0.70258,0.69104,0.69305,238295.84375
2022-08-18 00:00:00,0.69305,0.69694,0.68984,0.69106,222933.625
2022-08-19 00:00:00,0.6911,0.69191,0.68585,0.68712,179531.15625
2022-08-20 00:00:00,0.68712,0.68712,0.68712,0.68712,0.0
2022-08-21 00:00:00,0.6869,0.68775,0.68607,0.68763,10811.580078125
2022-08-22 00:00:00,0.68764,0.69283,0.68617,0.68775,197584.625
2022-08-23 00:00:00,0.68775,0.69628,0.68555,0.69205,242861.15625
2022-08-24 00:00:00,0.69205,0.69283,0.68784,0.69049,198461.203125
2022-08-25 00:00:00,0.69049,0.69907,0.69017,0.69613,212579.484375
2022-08-26 00:00:00,0.69614,0.70084,0.68877,0.68892,252774.203125
2022-08-27 00:00:00,0.68892,0.68892,0.68892,0.68892,0.0
2022-08-28 00:00:00,0.68781,0.68852,0.68596,0.6864,14030.7802734375
2022-08-29 00:00:00,0.68641,0.69255,0.68403,0.69067,270004.8125
2022-08-30 00:00:00,0.69069,0.69556,0.6845,0.68536,280863.4375
2022-08-31 00:00:00,0.68536,0.69036,0.68254,0.68273,315397.90625
2022-09-01 00:00:00,0.68272,0.68452,0.67706,0.67944,315810.1875
2022-09-02 00:00:00,0.67943,0.68543,0.67788,0.68165,270016.46875
2022-09-03 00:00:00,0.68165,0.68165,0.68165,0.68165,0.0
2022-09-04 00:00:00,0.67773,0.67977,0.67757,0.67885,12339.66015625
2022-09-05 00:00:00,0.67885,0.68146,0.67722,0.68104,164743.375
2022-09-06 00:00:00,0.68104,0.68317,0.67245,0.67272,281109.0
2022-09-07 00:00:00,0.67276,0.67732,0.66985,0.67517,264890.3125
2022-09-08 00:00:00,0.67519,0.67654,0.67124,0.6764,306616.28125
2022-09-09 00:00:00,0.67638,0.68768,0.67616,0.68385,254074.8125
2022-09-10 00:00:00,0.68385,0.68385,0.68385,0.68385,0.0
2022-09-11 00:00:00,0.68273,0.685,0.68208,0.68449,11396.490234375
2022-09-12 00:00:00,0.6845,0.68991,0.68236,0.68922,207519.203125
2022-09-13 00:00:00,0.68923,0.69155,0.67246,0.674,257254.9375
2022-09-14 00:00:00,0.674,0.67617,0.67044,0.6752,276351.46875
2022-09-15 00:00:00,0.67524,0.67694,0.66843,0.6686,236507.109375
2022-09-16 00:00:00,0.6686,0.67236,0.66694,0.67195,242920.046875
2022-09-17 00:00:00,0.67195,0.67195,0.67195,0.67195,0.0
2022-09-18 00:00:00,0.67136,0.67334,0.67099,0.67244,10786.9296875
2022-09-19 00:00:00,0.67244,0.67349,0.66715,0.67318,198240.3125
2022-09-20 00:00:00,0.67318,0.6747,0.66759,0.66942,221038.453125
2022-09-21 00:00:00,0.66941,0.67044,0.66068,0.66116,295642.3125
2022-09-22 00:00:00,0.6612,0.66703,0.65736,0.66436,361546.8125
2022-09-23 00:00:00,0.66432,0.66552,0.65108,0.65358,325651.0625
2022-09-24 00:00:00,0.65358,0.65358,0.65358,0.65358,0.0
2022-09-25 00:00:00,0.65141,0.65374,0.65092,0.65301,19206.560546875
2022-09-26 00:00:00,0.65302,0.65363,0.64371,0.64708,442397.59375
2022-09-27 00:00:00,0.64709,0.65126,0.64134,0.64339,372943.1875
2022-09-28 00:00:00,0.64335,0.65303,0.63626,0.65023,466754.40625
2022-09-29 00:00:00,0.65024,0.6518,0.6435,0.65078,407985.5
2022-09-30 00:00:00,0.65077,0.65234,0.63907,0.64023,400019.6875
2022-10-01 00:00:00,0.64023,0.64023,0.64023,0.64023,0.0
2022-10-02 00:00:00,0.63995,0.64278,0.63975,0.64192,17846.720703125
2022-10-03 00:00:00,0.64192,0.65214,0.64109,0.65025,319714.6875
2022-10-04 00:00:00,0.65026,0.6547,0.64497,0.65127,314757.625
2022-10-05 00:00:00,0.65127,0.65256,0.6416,0.65117,336869.34375
2022-10-06 00:00:00,0.65116,0.65404,0.63887,0.64137,411975.125
2022-10-07 00:00:00,0.64136,0.64319,0.63537,0.63604,298244.59375
2022-10-08 00:00:00,0.63604,0.63604,0.63604,0.63604,0.0
2022-10-09 00:00:00,0.63569,0.63656,0.63415,0.63601,20763.490234375
2022-10-10 00:00:00,0.63601,0.63796,0.62742,0.62953,343400.78125
2022-10-11 00:00:00,0.62953,0.63453,0.62468,0.62641,379973.375
2022-10-12 00:00:00,0.62641,0.62983,0.6235,0.62751,379692.84375
2022-10-13 00:00:00,0.62747,0.63159,0.61695,0.62943,382467.6875
2022-10-14 00:00:00,0.62943,0.63465,0.61934,0.61989,396541.4375
2022-10-15 00:00:00,0.61989,0.61989,0.61989,0.61989,0.0
2022-10-16 00:00:00,0.62053,0.62232,0.62021,0.62212,12731.1396484375
2022-10-17 00:00:00,0.62212,0.63115,0.62091,0.62967,275392.59375
2022-10-18 00:00:00,0.62966,0.63393,0.62653,0.63142,326957.25
2022-10-19 00:00:00,0.63141,0.63236,0.62507,0.62627,257982.375
2022-10-20 00:00:00,0.62627,0.63555,0.62278,0.62736,323914.71875
2022-10-21 00:00:00,0.62738,0.63923,0.62096,0.63853,383296.03125
2022-10-22 00:00:00,0.63853,0.63853,0.63853,0.63853,0.0
2022-10-23 00:00:00,0.63939,0.64104,0.63545,0.63679,50176.48046875
2022-10-24 00:00:00,0.63679,0.63761,0.62718,0.63269,416249.78125
2022-10-25 00:00:00,0.63271,0.64116,0.6303,0.63834,401629.21875
2022-10-26 00:00:00,0.63836,0.65104,0.63716,0.64951,418885.65625
2022-10-27 00:00:00,0.64951,0.65214,0.6425,0.64497,446612.9375
2022-10-28 00:00:00,0.64498,0.64792,0.63884,0.64116,375204.1875
2022-10-29 00:00:00,0.64116,0.64116,0.64116,0.64116,0.0
2022-10-30 00:00:00,0.63945,0.64086,0.63864,0.64,23227.240234375
2022-10-31 00:00:00,0.64,0.64273,0.63675,0.64087,297021.34375
2022-11-01 00:00:00,0.64088,0.64634,0.63764,0.63956,389458.5
2022-11-02 00:00:00,0.63956,0.64916,0.63309,0.63372,372290.96875
2022-11-03 00:00:00,0.63372,0.63713,0.62716,0.62873,389281.78125
2022-11-04 00:00:00,0.62872,0.64822,0.62842,0.64729,425713.4375
2022-11-05 00:00:00,0.64729,0.64729,0.64729,0.64729,0.0
2022-11-06 00:00:00,0.6414,0.64461,0.64072,0.64383,13587.080078125
2022-11-07 00:00:00,0.64383,0.64899,0.64059,0.64735,342902.84375
2022-11-08 00:00:00,0.64735,0.65506,0.64436,0.65079,319243.34375
2022-11-09 00:00:00,0.65079,0.65216,0.64137,0.64298,394513.03125
2022-11-10 00:00:00,0.64298,0.6631,0.6386,0.66055,415163.3125
2022-11-11 00:00:00,0.66057,0.67162,0.65772,0.67052,441698.59375
2022-11-12 00:00:00,0.67052,0.67052,0.67052,0.67052,0.0
2022-11-13 00:00:00,0.66994,0.67031,0.66677,0.66943,15158.9697265625
2022-11-14 00:00:00,0.66942,0.67231,0.66628,0.66916,386288.375
2022-11-15 00:00:00,0.66917,0.67969,0.6685,0.67687,511410.75
2022-11-16 00:00:00,0.67689,0.67921,0.67192,0.67381,407772.96875
2022-11-17 00:00:00,0.67383,0.67505,0.66334,0.66867,346312.9375
2022-11-18 00:00:00,0.66867,0.67298,0.66609,0.66684,324879.625
2022-11-19 00:00:00,0.66684,0.66684,0.66684,0.66684,0.0
2022-11-20 00:00:00,0.66585,0.66829,0.66585,0.66825,5898.0
2022-11-21 00:00:00,0.66825,0.6683,0.6584,0.66068,323059.15625
2022-11-22 00:00:00,0.66067,0.66509,0.66037,0.66483,275299.09375
2022-11-23 00:00:00,0.66484,0.67459,0.66334,0.67455,316874.46875
2022-11-24 00:00:00,0.67454,0.67777,0.67307,0.67646,194088.859375
2022-11-25 00:00:00,0.67647,0.67804,0.67201,0.67466,206248.875
2022-11-26 00:00:00,0.67466,0.67466,0.67466,0.67466,0.0
2022-11-27 00:00:00,0.67163,0.67278,0.67096,0.67104,8917.2001953125
2022-11-28 00:00:00,0.67106,0.67241,0.66412,0.66509,302494.90625
2022-11-29 00:00:00,0.66509,0.67483,0.66396,0.66826,301282.0625
2022-11-30 00:00:00,0.6683,0.68018,0.66696,0.67986,357791.1875
2022-12-01 00:00:00,0.67987,0.68437,0.67822,0.68098,390935.53125
2022-12-02 00:00:00,0.68097,0.68355,0.67421,0.67914,348198.78125
2022-12-03 00:00:00,0.67914,0.67914,0.67914,0.67914,0.0
2022-12-04 00:00:00,0.67835,0.68123,0.67716,0.68118,8883.9296875
2022-12-05 00:00:00,0.68118,0.68504,0.66863,0.6706,310543.125
2022-12-06 00:00:00,0.67062,0.67437,0.66802,0.66975,296899.125
2022-12-07 00:00:00,0.66975,0.67415,0.66682,0.67247,342110.1875
2022-12-08 00:00:00,0.67246,0.67803,0.66978,0.67745,275686.0
2022-12-09 00:00:00,0.67743,0.6813,0.67419,0.6793,296769.25
2022-12-10 00:00:00,0.6793,0.6793,0.6793,0.6793,0.0
2022-12-11 00:00:00,0.67827,0.67974,0.6778,0.6778,6147.7900390625
2022-12-12 00:00:00,0.67782,0.67949,0.67282,0.67513,236188.296875
2022-12-13 00:00:00,0.67512,0.68927,0.67394,0.6841,281049.84375
2022-12-14 00:00:00,0.6841,0.68809,0.68095,0.68567,279414.90625
2022-12-15 00:00:00,0.68566,0.68693,0.66761,0.67049,257172.609375
2022-12-16 00:00:00,0.6705,0.67355,0.66748,0.66851,210886.15625
2022-12-17 00:00:00,0.66851,0.66851,0.66851,0.66851,0.0
2022-12-18 00:00:00,0.67037,0.67092,0.66824,0.66867,4003.320068359375
2022-12-19 00:00:00,0.66868,0.67321,0.66839,0.67049,182697.0625
2022-12-20 00:00:00,0.67048,0.67437,0.66286,0.66873,304127.4375
2022-12-21 00:00:00,0.66873,0.67277,0.6656,0.67122,203290.4375
2022-12-22 00:00:00,0.67122,0.6767,0.66497,0.66756,186362.375
2022-12-23 00:00:00,0.66756,0.67244,0.66598,0.6713,193868.8125
2022-12-24 00:00:00,0.6713,0.6713,0.6713,0.6713,0.0
2022-12-25 00:00:00,0.66918,0.67136,0.66876,0.67057,513.5
2022-12-26 00:00:00,0.67056,0.67562,0.66785,0.67434,15872.9697265625
2022-12-27 00:00:00,0.67433,0.67754,0.67229,0.67284,162429.28125
2022-12-28 00:00:00,0.67281,0.68006,0.67185,0.67463,168379.75
2022-12-29 00:00:00,0.67464,0.67871,0.671,0.67652,141831.4375
2022-12-30 00:00:00,0.67653,0.68203,0.67533,0.68126,189157.0625
2022-12-31 00:00:00,0.68126,0.68126,0.68126,0.68126,0.0
2023-01-01 00:00:00,0.67896,0.68182,0.67896,0.68131,186.17999267578125
2023-01-02 00:00:00,0.68124,0.68181,0.67847,0.68074,48827.6796875
2023-01-03 00:00:00,0.68074,0.6834,0.66874,0.6725,245311.828125
2023-01-04 00:00:00,0.67248,0.68858,0.67226,0.68282,279008.375
2023-01-05 00:00:00,0.68282,0.68445,0.67345,0.6752,251202.78125
2023-01-06 00:00:00,0.6752,0.68863,0.67217,0.68742,269603.15625
2023-01-07 00:00:00,0.68742,0.68742,0.68742,0.68742,0.0
2023-01-08 00:00:00,0.68773,0.68966,0.68732,0.68955,7345.259765625
2023-01-09 00:00:00,0.68955,0.69494,0.68844,0.69088,222990.375
2023-01-10 00:00:00,0.6909,0.69272,0.68591,0.68927,219625.984375
2023-01-11 00:00:00,0.68929,0.6925,0.68724,0.69087,168415.015625
2023-01-12 00:00:00,0.69085,0.69842,0.68707,0.69665,257620.640625
2023-01-13 00:00:00,0.69664,0.69936,0.69148,0.69676,210863.890625
2023-01-14 00:00:00,0.69676,0.69676,0.69676,0.69676,0.0
2023-01-15 00:00:00,0.69681,0.69772,0.69663,0.69715,4311.93017578125
2023-01-16 00:00:00,0.69714,0.70187,0.69403,0.69654,138325.71875
2023-01-17 00:00:00,0.69658,0.69969,0.69292,0.69872,207941.796875
2023-01-18 00:00:00,0.69873,0.70631,0.69351,0.69433,265873.28125
2023-01-19 00:00:00,0.69432,0.69475,0.68713,0.69113,197766.6875
2023-01-20 00:00:00,0.69115,0.69732,0.69057,0.69672,159151.96875
2023-01-21 00:00:00,0.69672,0.69672,0.69672,0.69672,0.0
2023-01-22 00:00:00,0.69615,0.6984,0.69591,0.69831,3729.4599609375
2023-01-23 00:00:00,0.6983,0.70394,0.69615,0.70283,179995.59375
2023-01-24 00:00:00,0.70284,0.70573,0.6993,0.70499,162510.546875
2023-01-25 00:00:00,0.70504,0.71221,0.70377,0.7107,171769.625
2023-01-26 00:00:00,0.71069,0.71421,0.70788,0.71132,179755.65625
2023-01-27 00:00:00,0.71133,0.71291,0.70817,0.71064,155999.875
2023-01-28 00:00:00,0.71064,0.71064,0.71064,0.71064,0.0
2023-01-29 00:00:00,0.70944,0.71088,0.70944,0.71074,4363.43017578125
2023-01-30 00:00:00,0.71075,0.71198,0.70506,0.70575,173653.953125
2023-01-31 00:00:00,0.70574,0.70641,0.69832,0.70507,197744.25
2023-02-01 00:00:00,0.70507,0.71573,0.70359,0.71469,221593.625
2023-02-02 00:00:00,0.71467,0.71564,0.70677,0.70722,235445.40625
2023-02-03 00:00:00,0.70719,0.70723,0.69184,0.69191,228429.203125
2023-02-04 00:00:00,0.69191,0.69191,0.69191,0.69191,0.0
2023-02-05 00:00:00,0.68924,0.69294,0.68916,0.69182,8106.22021484375
2023-02-06 00:00:00,0.69179,0.69481,0.68549,0.68883,178111.546875
2023-02-07 00:00:00,0.68884,0.69879,0.68852,0.6964,247230.921875
2023-02-08 00:00:00,0.6964,0.69959,0.69184,0.69276,174020.828125
2023-02-09 00:00:00,0.69276,0.70108,0.69207,0.6938,159373.359375
2023-02-10 00:00:00,0.6938,0.69597,0.69085,0.69143,204596.71875
2023-02-11 00:00:00,0.69143,0.69143,0.69143,0.69143,0.0
2023-02-12 00:00:00,0.69135,0.6919,0.69099,0.69125,3642.320068359375
2023-02-13 00:00:00,0.69125,0.69731,0.68898,0.69679,156303.3125
2023-02-14 00:00:00,0.6968,0.70294,0.69209,0.69865,272711.875
2023-02-15 00:00:00,0.69864,0.69867,0.68644,0.69059,192098.34375
2023-02-16 00:00:00,0.69061,0.69357,0.68398,0.68614,211854.296875
2023-02-17 00:00:00,0.68612,0.68839,0.68112,0.68761,188206.984375
2023-02-18 00:00:00,0.68761,0.68761,0.68761,0.68761,0.0
2023-02-19 00:00:00,0.68645,0.68755,0.68634,0.68686,3740.489990234375
2023-02-20 00:00:00,0.68684,0.69203,0.6862,0.69081,116473.84375
2023-02-21 00:00:00,0.69082,0.69194,0.68471,0.68625,200433.59375
2023-02-22 00:00:00,0.68625,0.68645,0.67941,0.68111,190378.703125
2023-02-23 00:00:00,0.68111,0.68412,0.67808,0.68082,170119.46875
2023-02-24 00:00:00,0.68082,0.68236,0.67179,0.67219,188485.546875
2023-02-25 00:00:00,0.67219,0.67219,0.67219,0.67219,0.0
2023-02-26 00:00:00,0.6728,0.67377,0.67226,0.6733,5398.47998046875
2023-02-27 00:00:00,0.67329,0.67442,0.66975,0.67398,153653.078125
2023-02-28 00:00:00,0.67398,0.67571,0.67032,0.67298,156909.296875
2023-03-01 00:00:00,0.67298,0.67832,0.66945,0.67587,199139.546875
2023-03-02 00:00:00,0.67588,0.67656,0.6706,0.67314,182159.234375
2023-03-03 00:00:00,0.67313,0.67743,0.67281,0.67674,152248.3125
2023-03-04 00:00:00,0.67674,0.67674,0.67674,0.67674,0.0
2023-03-05 00:00:00,0.67448,0.6761,0.67436,0.67532,5296.0400390625
2023-03-06 00:00:00,0.67533,0.67692,0.67158,0.67306,132060.625
2023-03-07 00:00:00,0.67307,0.67476,0.65793,0.65884,217522.09375
2023-03-08 00:00:00,0.65884,0.66287,0.65674,0.65937,159146.34375
2023-03-09 00:00:00,0.65935,0.66358,0.65755,0.65884,144483.5625
2023-03-10 00:00:00,0.65884,0.66399,0.65633,0.65781,270031.125
2023-03-11 00:00:00,0.65781,0.65781,0.65781,0.65781,0.0
2023-03-12 00:00:00,0.66118,0.66467,0.65952,0.66326,27419.83984375
2023-03-13 00:00:00,0.66325,0.67163,0.6601,0.66545,392606.125
2023-03-14 00:00:00,0.66548,0.66954,0.66312,0.66867,282716.8125
2023-03-15 00:00:00,0.66868,0.67111,0.65894,0.66169,296881.71875
2023-03-16 00:00:00,0.66168,0.66677,0.66129,0.66628,271003.34375
2023-03-17 00:00:00,0.66626,0.67242,0.66536,0.66949,175765.9375
2023-03-18 00:00:00,0.66949,0.66949,0.66949,0.66949,0.0
2023-03-19 00:00:00,0.6712,0.67185,0.66909,0.67122,11521.0
2023-03-20 00:00:00,0.67122,0.67296,0.66653,0.67161,162921.90625
2023-03-21 00:00:00,0.67161,0.67258,0.66491,0.66778,117516.859375
2023-03-22 00:00:00,0.66778,0.67585,0.66608,0.66967,152335.546875
2023-03-23 00:00:00,0.66968,0.67551,0.66691,0.66805,142181.828125
2023-03-24 00:00:00,0.66808,0.66939,0.66246,0.66422,138689.296875
2023-03-25 00:00:00,0.66422,0.66422,0.66422,0.66422,0.0
2023-03-26 00:00:00,0.66506,0.6658,0.66357,0.66542,5696.18994140625
2023-03-27 00:00:00,0.66541,0.66653,0.66333,0.66586,108093.1015625
2023-03-28 00:00:00,0.66585,0.67098,0.66539,0.67055,90825.7265625
2023-03-29 00:00:00,0.6706,0.67127,0.66609,0.66811,96248.5703125
2023-03-30 00:00:00,0.66812,0.67182,0.66611,0.67147,96245.84375
2023-03-31 00:00:00,0.67146,0.67375,0.66698,0.66829,100126.1875
2023-04-01 00:00:00,0.66829,0.66829,0.66829,0.66829,0.0
2023-04-02 00:00:00,0.66829,0.6686,0.66551,0.6658,8274.4296875
2023-04-03 00:00:00,0.66581,0.67928,0.66506,0.67858,129007.9375
2023-04-04 00:00:00,0.67859,0.67928,0.67203,0.67594,117968.046875
2023-04-05 00:00:00,0.67594,0.67795,0.66764,0.67158,120615.1328125
2023-04-06 00:00:00,0.67157,0.67194,0.66526,0.66739,84575.71875
2023-04-07 00:00:00,0.66738,0.66907,0.66403,0.66643,41402.55078125
2023-04-08 00:00:00,0.66643,0.66643,0.66643,0.66643,0.0
2023-04-09 00:00:00,0.66491,0.66739,0.66491,0.66725,3390.719970703125
2023-04-10 00:00:00,0.66726,0.66797,0.66181,0.66477,63812.1015625
2023-04-11 00:00:00,0.66476,0.66794,0.66428,0.66526,87793.7890625
2023-04-12 00:00:00,0.66526,0.67228,0.66502,0.6696,110799.09375
2023-04-13 00:00:00,0.6696,0.67963,0.66849,0.67832,107426.8828125
2023-04-14 00:00:00,0.67833,0.68057,0.66947,0.6704,112681.8203125
2023-04-15 00:00:00,0.6704,0.6704,0.6704,0.6704,0.0
2023-04-16 00:00:00,0.67017,0.67079,0.66972,0.67051,2548.530029296875
2023-04-17 00:00:00,0.67048,0.67188,0.66805,0.66982,93496.3671875
2023-04-18 00:00:00,0.66983,0.6747,0.6697,0.67351,99420.7734375
2023-04-19 00:00:00,0.67351,0.6741,0.66896,0.67047,96478.9609375
2023-04-20 00:00:00,0.67047,0.6771,0.66965,0.67425,79439.6015625
2023-04-21 00:00:00,0.67424,0.67427,0.66773,0.66887,74474.5390625
2023-04-22 00:00:00,0.66887,0.66887,0.66887,0.66887,0.0
2023-04-23 00:00:00,0.6689,0.66972,0.66887,0.66906,2286.81005859375
2023-04-24 00:00:00,0.66906,0.67046,0.66651,0.6703,64995.94140625
2023-04-25 00:00:00,0.67029,0.6705,0.66139,0.66356,70996.15625
2023-04-26 00:00:00,0.66356,0.66388,0.6591,0.66076,93114.609375
2023-04-27 00:00:00,0.66076,0.6635,0.65949,0.66296,86581.2421875
2023-04-28 00:00:00,0.66298,0.66418,0.65728,0.66112,93320.328125
2023-04-29 00:00:00,0.66112,0.66112,0.66112,0.66112,0.0
2023-04-30 00:00:00,0.66118,0.66165,0.66069,0.66095,3566.820068359375
2023-05-01 00:00:00,0.66096,0.66677,0.66091,0.66223,66757.2734375
2023-05-02 00:00:00,0.66222,0.67167,0.66201,0.66702,97181.0
2023-05-03 00:00:00,0.66701,0.67028,0.664,0.66412,105290.0703125
2023-05-04 00:00:00,0.66415,0.67059,0.664,0.66957,111404.3203125
2023-05-05 00:00:00,0.66957,0.67566,0.66875,0.67456,86721.8203125
2023-05-06 00:00:00,0.67456,0.67456,0.67456,0.67456,0.0
2023-05-07 00:00:00,0.67433,0.67549,0.67433,0.67464,4074.800048828125
2023-05-08 00:00:00,0.67466,0.68032,0.67396,0.67801,56212.55078125
2023-05-09 00:00:00,0.67799,0.67864,0.67461,0.67661,57208.30859375
2023-05-10 00:00:00,0.67662,0.68176,0.67438,0.67805,84301.3203125
2023-05-11 00:00:00,0.67805,0.67958,0.66884,0.6699,89305.9375
2023-05-12 00:00:00,0.66989,0.67059,0.66357,0.66392,64565.19921875
2023-05-13 00:00:00,0.66392,0.66392,0.66392,0.66392,0.0
2023-05-14 00:00:00,0.66447,0.66472,0.6641,0.66464,3982.659912109375
2023-05-15 00:00:00,0.66464,0.67084,0.66416,0.67015,59431.62109375
2023-05-16 00:00:00,0.67015,0.67092,0.66497,0.66573,68784.65625
2023-05-17 00:00:00,0.66573,0.66728,0.66286,0.66553,70300.0078125
2023-05-18 00:00:00,0.66556,0.66672,0.66045,0.66266,73224.2421875
2023-05-19 00:00:00,0.66267,0.66748,0.66163,0.66455,83548.859375
2023-05-20 00:00:00,0.66455,0.66455,0.66455,0.66455,0.0
2023-05-21 00:00:00,0.66434,0.66584,0.66419,0.66583,4418.0
2023-05-22 00:00:00,0.66584,0.66672,0.66268,0.66481,74905.5390625
2023-05-23 00:00:00,0.66481,0.66616,0.66067,0.66131,77711.0703125
2023-05-24 00:00:00,0.66131,0.66148,0.65294,0.65427,92149.46875
2023-05-25 00:00:00,0.65426,0.65439,0.64966,0.64978,83602.59375
2023-05-26 00:00:00,0.64981,0.65438,0.649,0.65142,74175.3828125
2023-05-27 00:00:00,0.65142,0.65142,0.65142,0.65142,0.0
2023-05-28 00:00:00,0.65213,0.65281,0.65156,0.65244,3138.8701171875
2023-05-29 00:00:00,0.65242,0.65537,0.65229,0.65275,32323.330078125
2023-05-30 00:00:00,0.65274,0.65591,0.65025,0.65171,81942.6328125
2023-05-31 00:00:00,0.65169,0.65384,0.64579,0.65057,93076.921875
2023-06-01 00:00:00,0.65057,0.65813,0.64839,0.65773,83348.5625
2023-06-02 00:00:00,0.65774,0.6638,0.65735,0.66038,84511.4296875
2023-06-03 00:00:00,0.66038,0.66038,0.66038,0.66038,0.0
2023-06-04 00:00:00,0.65951,0.66052,0.65947,0.65968,4249.2099609375
2023-06-05 00:00:00,0.65968,0.6637,0.65788,0.66122,71220.5234375
2023-06-06 00:00:00,0.66125,0.66848,0.66092,0.66798,77376.0234375
2023-06-07 00:00:00,0.66798,0.67169,0.66411,0.6658,75320.5234375
2023-06-08 00:00:00,0.66581,0.67176,0.66545,0.67118,69078.5
2023-06-09 00:00:00,0.6712,0.67503,0.66923,0.67374,61571.3515625
2023-06-10 00:00:00,0.67374,0.67374,0.67374,0.67374,0.0
2023-06-11 00:00:00,0.67254,0.67457,0.67254,0.67442,2201.2900390625
2023-06-12 00:00:00,0.67443,0.67731,0.6731,0.67519,53736.23828125
2023-06-13 00:00:00,0.67518,0.68066,0.67376,0.67697,90510.296875
2023-06-14 00:00:00,0.67698,0.68352,0.67553,0.67961,88658.921875
2023-06-15 00:00:00,0.67959,0.68923,0.67649,0.6879,92333.78125
2023-06-16 00:00:00,0.6879,0.68993,0.68545,0.68715,91713.4921875
2023-06-17 00:00:00,0.68715,0.68715,0.68715,0.68715,0.0
2023-06-18 00:00:00,0.68769,0.6882,0.68699,0.68716,3819.7099609375
2023-06-19 00:00:00,0.68715,0.68775,0.68333,0.68491,59512.23046875
2023-06-20 00:00:00,0.6849,0.68535,0.67526,0.67894,91699.296875
2023-06-21 00:00:00,0.67893,0.68042,0.67404,0.67983,101469.140625
2023-06-22 00:00:00,0.67983,0.68056,0.67442,0.67588,89859.75
2023-06-23 00:00:00,0.67587,0.67672,0.66623,0.66743,92377.8203125
2023-06-24 00:00:00,0.66743,0.66743,0.66743,0.66743,0.0
2023-06-25 00:00:00,0.66774,0.66825,0.66725,0.66805,4299.25
2023-06-26 00:00:00,0.66804,0.66935,0.66541,0.66735,72841.171875
2023-06-27 00:00:00,0.66735,0.67203,0.66695,0.66817,86724.828125
2023-06-28 00:00:00,0.66816,0.66888,0.6596,0.65984,87701.671875
2023-06-29 00:00:00,0.65983,0.66402,0.65948,0.66165,89157.5625
2023-06-30 00:00:00,0.66167,0.66711,0.66029,0.66594,88269.78125
2023-07-01 00:00:00,0.66594,0.66594,0.66594,0.66594,0.0
2023-07-02 00:00:00,0.66599,0.66636,0.66567,0.66577,1832.93994140625
2023-07-03 00:00:00,0.66578,0.66914,0.66366,0.66735,71917.6875
2023-07-04 00:00:00,0.66736,0.6705,0.6641,0.6693,53030.19921875
2023-07-05 00:00:00,0.6693,0.66981,0.66514,0.66544,72918.4296875
2023-07-06 00:00:00,0.66545,0.66876,0.65988,0.66281,98085.4609375
2023-07-07 00:00:00,0.66282,0.67002,0.66191,0.66868,97327.9375
2023-07-08 00:00:00,0.66868,0.66868,0.66868,0.66868,0.0
2023-07-09 00:00:00,0.66819,0.66954,0.6674,0.66875,4472.509765625
2023-07-10 00:00:00,0.66874,0.66952,0.66231,0.66761,76870.203125
2023-07-11 00:00:00,0.66762,0.66948,0.66503,0.66927,84643.1328125
2023-07-12 00:00:00,0.66925,0.67957,0.66822,0.67919,120308.5
2023-07-13 00:00:00,0.67921,0.68944,0.67848,0.68878,97779.6015625
2023-07-14 00:00:00,0.6888,0.68946,0.683,0.68348,95957.3203125
2023-07-15 00:00:00,0.68348,0.68348,0.68348,0.68348,0.0
2023-07-16 00:00:00,0.68412,0.68416,0.68264,0.68368,2836.22998046875
2023-07-17 00:00:00,0.68367,0.68378,0.6787,0.68096,75157.9765625
2023-07-18 00:00:00,0.68095,0.68368,0.67885,0.68128,117436.8203125
2023-07-19 00:00:00,0.68127,0.68191,0.67496,0.67707,118339.671875
2023-07-20 00:00:00,0.67707,0.68464,0.67699,0.67779,128395.59375
2023-07-21 00:00:00,0.67779,0.67874,0.67219,0.6726,91949.1328125
2023-07-22 00:00:00,0.6726,0.6726,0.6726,0.6726,0.0
2023-07-23 00:00:00,0.67273,0.67331,0.67221,0.67248,3727.919921875
2023-07-24 00:00:00,0.67249,0.67557,0.67145,0.67313,102033.109375
2023-07-25 00:00:00,0.67316,0.67945,0.6725,0.67869,97713.328125
2023-07-26 00:00:00,0.6787,0.67908,0.67285,0.67606,124759.1015625
2023-07-27 00:00:00,0.67604,0.68207,0.66978,0.67116,142336.4375
2023-07-28 00:00:00,0.67114,0.67121,0.66221,0.66466,143935.6875
2023-07-29 00:00:00,0.66466,0.66466,0.66466,0.66466,0.0
2023-07-30 00:00:00,0.66511,0.66647,0.6643,0.66591,6250.47021484375
2023-07-31 00:00:00,0.66591,0.6739,0.66573,0.67156,99446.640625
2023-08-01 00:00:00,0.67155,0.67231,0.66017,0.6617,101585.2421875
2023-08-02 00:00:00,0.66171,0.66295,0.65263,0.6541,100356.9375
2023-08-03 00:00:00,0.65409,0.65682,0.65137,0.656,111674.0078125
2023-08-04 00:00:00,0.65599,0.66091,0.65449,0.65663,124430.953125
2023-08-05 00:00:00,0.65663,0.65663,0.65663,0.65663,0.0
2023-08-06 00:00:00,0.65713,0.65746,0.65661,0.65731,4576.330078125
2023-08-07 00:00:00,0.6573,0.65924,0.65548,0.65718,79952.3203125
2023-08-08 00:00:00,0.6572,0.65758,0.64961,0.65326,100315.0
2023-08-09 00:00:00,0.65327,0.65709,0.65196,0.65347,95384.90625
2023-08-10 00:00:00,0.65347,0.66164,0.65113,0.65113,124915.4765625
2023-08-11 00:00:00,0.65114,0.65332,0.64855,0.64919,102030.9296875
2023-08-12 00:00:00,0.64919,0.64919,0.64919,0.64919,0.0
2023-08-13 00:00:00,0.64951,0.64984,0.64911,0.64944,4203.7099609375
2023-08-14 00:00:00,0.64943,0.65025,0.64534,0.64875,112387.6171875
2023-08-15 00:00:00,0.64875,0.65212,0.64509,0.64569,137339.90625
2023-08-16 00:00:00,0.64571,0.64802,0.64128,0.64131,120449.8125
2023-08-17 00:00:00,0.64131,0.645,0.6364,0.64056,127256.0625
2023-08-18 00:00:00,0.64056,0.64285,0.63786,0.63997,114666.6484375
2023-08-19 00:00:00,0.63997,0.63997,0.63997,0.63997,0.0
2023-08-20 00:00:00,0.64054,0.64139,0.64012,0.64137,4982.27978515625
2023-08-21 00:00:00,0.64137,0.6421,0.63867,0.64127,100876.390625
2023-08-22 00:00:00,0.64126,0.64575,0.64029,0.64239,99285.40625
2023-08-23 00:00:00,0.64238,0.64826,0.64105,0.64802,100608.7109375
2023-08-24 00:00:00,0.64803,0.64878,0.6411,0.64123,95052.21875
2023-08-25 00:00:00,0.64124,0.64408,0.63795,0.64011,112256.9765625
2023-08-26 00:00:00,0.64011,0.64011,0.64011,0.64011,0.0
2023-08-27 00:00:00,0.6402,0.64164,0.6402,0.64156,4443.39013671875
2023-08-28 00:00:00,0.64155,0.64392,0.64013,0.64275,88501.0
2023-08-29 00:00:00,0.64275,0.64863,0.64008,0.64755,116199.3828125
2023-08-30 00:00:00,0.64756,0.65218,0.64489,0.64786,112107.7421875
2023-08-31 00:00:00,0.64785,0.65074,0.64606,0.64859,115709.390625
2023-09-01 00:00:00,0.64859,0.65215,0.6438,0.64479,118951.859375
2023-09-02 00:00:00,0.64479,0.64479,0.64479,0.64479,0.0
2023-09-03 00:00:00,0.64357,0.64531,0.64357,0.64513,3232.010009765625
2023-09-04 00:00:00,0.64515,0.64801,0.64496,0.64569,59108.75
2023-09-05 00:00:00,0.6457,0.64593,0.6357,0.63741,123501.9921875
2023-09-06 00:00:00,0.6374,0.64042,0.63567,0.63809,123882.5234375
2023-09-07 00:00:00,0.63807,0.63946,0.63617,0.63775,97372.5390625
2023-09-08 00:00:00,0.63778,0.64144,0.63668,0.63746,76660.390625
2023-09-09 00:00:00,0.63746,0.63746,0.63746,0.63746,0.0
2023-09-10 00:00:00,0.63823,0.64016,0.63753,0.63963,7671.91015625
2023-09-11 00:00:00,0.63964,0.6449,0.63877,0.6429,97278.6484375
2023-09-12 00:00:00,0.6429,0.64395,0.6408,0.64277,90093.4296875
2023-09-13 00:00:00,0.64276,0.64336,0.63797,0.64203,114586.046875
2023-09-14 00:00:00,0.64203,0.64591,0.64184,0.643,131482.0625
2023-09-15 00:00:00,0.643,0.64731,0.64242,0.64268,83089.5390625
2023-09-16 00:00:00,0.64268,0.64268,0.64268,0.64268,0.0
2023-09-17 00:00:00,0.64331,0.64403,0.64264,0.64393,2447.7099609375
2023-09-18 00:00:00,0.64391,0.64484,0.64162,0.6439,81221.46875
2023-09-19 00:00:00,0.64392,0.64734,0.64274,0.64636,85953.7890625
2023-09-20 00:00:00,0.64636,0.65108,0.6435,0.64355,129559.5
2023-09-21 00:00:00,0.64353,0.64401,0.63851,0.64089,106985.1484375
2023-09-22 00:00:00,0.64089,0.64648,0.64033,0.6438,102625.78125
2023-09-23 00:00:00,0.6438,0.6438,0.6438,0.6438,0.0
2023-09-24 00:00:00,0.64393,0.6444,0.64357,0.64403,4333.8798828125
2023-09-25 00:00:00,0.64404,0.64461,0.64037,0.64215,76866.4375
2023-09-26 00:00:00,0.64215,0.64301,0.63869,0.63929,106776.078125
2023-09-27 00:00:00,0.6393,0.64086,0.63309,0.63481,101870.6796875
2023-09-28 00:00:00,0.63481,0.64318,0.63468,0.64261,138462.34375
2023-09-29 00:00:00,0.64261,0.65005,0.64207,0.64285,124512.2265625
2023-09-30 00:00:00,0.64285,0.64285,0.64285,0.64285,0.0
2023-10-01 00:00:00,0.64211,0.64426,0.6421,0.64367,6318.490234375
2023-10-02 00:00:00,0.64365,0.64446,0.63569,0.63614,104396.8984375
2023-10-03 00:00:00,0.63614,0.63634,0.62851,0.6308,152322.390625
2023-10-04 00:00:00,0.63081,0.6342,0.62859,0.63281,153209.640625
2023-10-05 00:00:00,0.6328,0.63773,0.63238,0.6369,119815.171875
2023-10-06 00:00:00,0.63693,0.63998,0.63122,0.63829,135124.1875
2023-10-07 00:00:00,0.63829,0.63829,0.63829,0.63829,0.0
2023-10-08 00:00:00,0.63625,0.63693,0.63441,0.63685,9656.490234375
2023-10-09 00:00:00,0.63688,0.64228,0.63424,0.64208,92112.703125
2023-10-10 00:00:00,0.64207,0.64353,0.63898,0.64316,124716.6484375
2023-10-11 00:00:00,0.64315,0.64449,0.63876,0.64173,111896.6875
2023-10-12 00:00:00,0.64173,0.64306,0.63067,0.63155,108417.328125
2023-10-13 00:00:00,0.63157,0.63339,0.62859,0.62941,109343.3515625
2023-10-14 00:00:00,0.62941,0.62941,0.62941,0.62941,0.0
2023-10-15 00:00:00,0.63016,0.6311,0.62979,0.6311,7115.91015625
2023-10-16 00:00:00,0.63111,0.63446,0.63023,0.63371,86457.09375
2023-10-17 00:00:00,0.63372,0.63794,0.6336,0.63624,117672.890625
2023-10-18 00:00:00,0.63625,0.63929,0.63275,0.63326,107457.59375
2023-10-19 00:00:00,0.6333,0.63561,0.62955,0.63239,187832.125
2023-10-20 00:00:00,0.6324,0.63252,0.6297,0.63092,94213.078125
2023-10-21 00:00:00,0.63092,0.63092,0.63092,0.63092,0.0
2023-10-22 00:00:00,0.63152,0.63215,0.63092,0.63196,5488.0
2023-10-23 00:00:00,0.63197,0.63483,0.62885,0.63359,96927.5
2023-10-24 00:00:00,0.63361,0.63786,0.63349,0.63596,113963.640625
2023-10-25 00:00:00,0.63597,0.63992,0.62843,0.62933,118277.109375
2023-10-26 00:00:00,0.62934,0.63346,0.62698,0.6333,155348.296875
2023-10-27 00:00:00,0.63328,0.63675,0.63242,0.63329,98164.7421875
2023-10-28 00:00:00,0.63329,0.63329,0.63329,0.63329,0.0
2023-10-29 00:00:00,0.63364,0.63436,0.63321,0.6338,6362.8701171875
2023-10-30 00:00:00,0.63381,0.63835,0.63365,0.63675,94756.7265625
2023-10-31 00:00:00,0.63673,0.63737,0.6314,0.63364,121102.109375
2023-11-01 00:00:00,0.63363,0.6422,0.63179,0.6422,145499.03125
2023-11-02 00:00:00,0.64221,0.64555,0.64124,0.64275,106901.3125
2023-11-03 00:00:00,0.64276,0.65179,0.64193,0.65105,128554.453125
2023-11-04 00:00:00,0.65105,0.65105,0.65105,0.65105,0.0
2023-11-05 00:00:00,0.65033,0.65164,0.65033,0.65149,4601.77001953125
2023-11-06 00:00:00,0.6515,0.65226,0.64844,0.64884,87569.1015625
2023-11-07 00:00:00,0.64884,0.6501,0.64036,0.64298,106425.0390625
2023-11-08 00:00:00,0.64298,0.6449,0.63958,0.64067,96462.09375
2023-11-09 00:00:00,0.64071,0.64279,0.6357,0.63611,122940.8203125
2023-11-10 00:00:00,0.6361,0.63665,0.63381,0.63579,111946.171875
2023-11-11 00:00:00,0.63579,0.63579,0.63579,0.63579,0.0
2023-11-12 00:00:00,0.6349,0.63682,0.6349,0.63637,6138.7001953125
2023-11-13 00:00:00,0.63637,0.63909,0.63518,0.6379,74286.6171875
2023-11-14 00:00:00,0.63793,0.65119,0.636,0.64978,124526.3671875
2023-11-15 00:00:00,0.64978,0.65418,0.6483,0.6511,115549.859375
2023-11-16 00:00:00,0.65111,0.65165,0.64602,0.64686,118069.25
2023-11-17 00:00:00,0.64688,0.65153,0.64521,0.65128,102941.703125
2023-11-18 00:00:00,0.65128,0.65128,0.65128,0.65128,0.0
2023-11-19 00:00:00,0.65013,0.65182,0.65013,0.65102,4878.669921875
2023-11-20 00:00:00,0.651,0.65645,0.65003,0.65597,102413.8515625
2023-11-21 00:00:00,0.65595,0.65892,0.6544,0.65571,130631.96875
2023-11-22 00:00:00,0.65571,0.65692,0.65209,0.6542,118075.15625
2023-11-23 00:00:00,0.6542,0.65743,0.65417,0.65594,62016.25
2023-11-24 00:00:00,0.65593,0.65906,0.65493,0.6581,72041.328125
2023-11-25 00:00:00,0.6581,0.6581,0.6581,0.6581,0.0
2023-11-26 00:00:00,0.65753,0.65857,0.65753,0.65804,3637.9599609375
2023-11-27 00:00:00,0.65805,0.66137,0.65663,0.66132,92094.9609375
2023-11-28 00:00:00,0.66132,0.66654,0.65958,0.66555,120856.7890625
2023-11-29 00:00:00,0.66555,0.66761,0.66053,0.66168,130019.1484375
2023-11-30 00:00:00,0.66169,0.66499,0.65704,0.66062,174271.640625
2023-12-01 00:00:00,0.66064,0.66752,0.65989,0.66712,123996.0625
2023-12-02 00:00:00,0.66712,0.66712,0.66712,0.66712,0.0
2023-12-03 00:00:00,0.66636,0.66901,0.66634,0.66818,6889.68017578125
2023-12-04 00:00:00,0.66818,0.66879,0.66044,0.66166,125033.2578125
2023-12-05 00:00:00,0.66166,0.66214,0.65436,0.65542,136323.515625
2023-12-06 00:00:00,0.65544,0.6597,0.65464,0.65507,131521.734375
2023-12-07 00:00:00,0.65508,0.66198,0.6525,0.65935,148653.5
2023-12-08 00:00:00,0.65936,0.66191,0.65574,0.65746,183857.78125
2023-12-09 00:00:00,0.65746,0.65746,0.65746,0.65746,0.0
2023-12-10 00:00:00,0.65665,0.65827,0.65665,0.65791,5789.43017578125
2023-12-11 00:00:00,0.6579,0.65823,0.65495,0.6564,108550.328125
2023-12-12 00:00:00,0.65641,0.66119,0.65392,0.6564,127270.1015625
2023-12-13 00:00:00,0.65641,0.66728,0.65409,0.66648,156473.84375
2023-12-14 00:00:00,0.66648,0.67281,0.66615,0.67011,178727.140625
2023-12-15 00:00:00,0.67012,0.6728,0.66626,0.67001,129761.96875
2023-12-16 00:00:00,0.67001,0.67001,0.67001,0.67001,0.0
2023-12-17 00:00:00,0.66956,0.67032,0.66926,0.66983,4572.0400390625
2023-12-18 00:00:00,0.66983,0.67349,0.66899,0.67034,122941.6328125
2023-12-19 00:00:00,0.67036,0.6774,0.67024,0.6758,116799.7265625
2023-12-20 00:00:00,0.67581,0.67787,0.67231,0.67396,127092.140625
2023-12-21 00:00:00,0.67395,0.68032,0.67355,0.67958,167905.078125
2023-12-22 00:00:00,0.67957,0.68245,0.67727,0.67957,188534.265625
2023-12-23 00:00:00,0.67957,0.67957,0.67957,0.67957,0.0
2023-12-24 00:00:00,0.67816,0.67903,0.67786,0.67838,65.69999694824219
2023-12-25 00:00:00,0.67866,0.68088,0.67684,0.68031,3825.35009765625
2023-12-26 00:00:00,0.68031,0.68287,0.67969,0.68236,98632.640625
2023-12-27 00:00:00,0.68237,0.68538,0.68174,0.68522,87688.2734375
2023-12-28 00:00:00,0.68524,0.68706,0.68222,0.68251,137708.578125
2023-12-29 00:00:00,0.6825,0.6846,0.67806,0.68078,135233.796875
2023-12-30 00:00:00,0.68078,0.68078,0.68078,0.68078,0.0
2023-12-31 00:00:00,0.68078,0.68078,0.68078,0.68078,0.0
2024-01-01 00:00:00,0.68043,0.68154,0.68043,0.68089,3310.10009765625
2024-01-02 00:00:00,0.68091,0.68386,0.67564,0.67659,120889.6484375
2024-01-03 00:00:00,0.67661,0.67704,0.67015,0.67342,161168.484375
2024-01-04 00:00:00,0.67342,0.67594,0.66961,0.67056,135657.28125
2024-01-05 00:00:00,0.67055,0.67475,0.664,0.67129,158987.046875
2024-01-06 00:00:00,0.67129,0.67129,0.67129,0.67129,0.0
2024-01-07 00:00:00,0.67148,0.67162,0.67097,0.67154,2800.280029296875
2024-01-08 00:00:00,0.67153,0.67342,0.66771,0.67161,117631.5234375
2024-01-09 00:00:00,0.67156,0.67342,0.66766,0.6684,116529.703125
2024-01-10 00:00:00,0.6684,0.67125,0.66824,0.67016,91150.2734375
2024-01-11 00:00:00,0.67017,0.67258,0.66466,0.66987,154388.375
2024-01-12 00:00:00,0.66989,0.67283,0.66774,0.66856,120863.0
2024-01-13 00:00:00,0.66856,0.66856,0.66856,0.66856,0.0
2024-01-14 00:00:00,0.66819,0.66911,0.66808,0.66886,5006.31005859375
2024-01-15 00:00:00,0.66886,0.6704,0.66491,0.66499,72310.75
2024-01-16 00:00:00,0.665,0.66502,0.65757,0.65884,145433.5
2024-01-17 00:00:00,0.65884,0.65942,0.65245,0.65514,127093.078125
2024-01-18 00:00:00,0.65514,0.65821,0.65246,0.65811,128618.5234375
2024-01-19 00:00:00,0.65813,0.66012,0.65647,0.65935,96246.328125
2024-01-20 00:00:00,0.65935,0.65935,0.65935,0.65935,0.0
2024-01-21 00:00:00,0.65885,0.66,0.65883,0.65946,4543.169921875
2024-01-22 00:00:00,0.65947,0.66132,0.65646,0.657,119637.8671875
2024-01-23 00:00:00,0.657,0.6612,0.65512,0.65857,115786.3125
2024-01-24 00:00:00,0.65856,0.66206,0.65654,0.65752,170201.796875
2024-01-25 00:00:00,0.65751,0.66092,0.65656,0.65816,157208.328125
2024-01-26 00:00:00,0.65814,0.66092,0.65718,0.65718,116161.1875
2024-01-27 00:00:00,0.65718,0.65718,0.65718,0.65718,0.0
2024-01-28 00:00:00,0.6571,0.65824,0.65691,0.65766,4948.16015625
2024-01-29 00:00:00,0.65764,0.66156,0.65728,0.6613,96737.6015625
2024-01-30 00:00:00,0.6613,0.66242,0.65746,0.65945,115461.96875
2024-01-31 00:00:00,0.65945,0.66222,0.6551,0.65624,209455.515625
2024-02-01 00:00:00,0.65623,0.65784,0.65076,0.65738,179062.046875
2024-02-02 00:00:00,0.65737,0.66099,0.65018,0.65099,162795.6875
2024-02-03 00:00:00,0.65099,0.65099,0.65099,0.65099,0.0
2024-02-04 00:00:00,0.651,0.65144,0.64872,0.65043,6206.240234375
2024-02-05 00:00:00,0.65042,0.65198,0.64682,0.64796,133921.34375
2024-02-06 00:00:00,0.64798,0.65285,0.64792,0.65275,107067.7265625
2024-02-07 00:00:00,0.65274,0.65398,0.65147,0.65197,128323.1796875
2024-02-08 00:00:00,0.65196,0.65316,0.648,0.64983,100278.28125
2024-02-09 00:00:00,0.64984,0.65338,0.64868,0.65213,112342.5
2024-02-10 00:00:00,0.65213,0.65213,0.65213,0.65213,0.0
2024-02-11 00:00:00,0.65134,0.65258,0.651,0.65242,4851.58984375
2024-02-12 00:00:00,0.6524,0.65426,0.65118,0.65284,61441.62109375
2024-02-13 00:00:00,0.65285,0.65405,0.64422,0.64528,111134.4609375
2024-02-14 00:00:00,0.64525,0.64988,0.64459,0.64983,113179.6875
2024-02-15 00:00:00,0.64983,0.6529,0.64771,0.65248,108723.046875
2024-02-16 00:00:00,0.65248,0.65442,0.6496,0.65279,117105.6328125
2024-02-17 00:00:00,0.65279,0.65279,0.65279,0.65279,0.0
2024-02-18 00:00:00,0.65245,0.65375,0.65245,0.65364,3541.31005859375
2024-02-19 00:00:00,0.65365,0.65515,0.65283,0.65303,62976.6015625
2024-02-20 00:00:00,0.65303,0.65786,0.6521,0.65527,88517.2734375
2024-02-21 00:00:00,0.65527,0.65729,0.65328,0.65534,141219.21875
2024-02-22 00:00:00,0.65536,0.65946,0.654,0.65581,100971.28125
2024-02-23 00:00:00,0.65582,0.65801,0.65493,0.65619,68895.6875
2024-02-24 00:00:00,0.65619,0.65619,0.65619,0.65619,0.0
2024-02-25 00:00:00,0.65643,0.65664,0.65525,0.65631,2510.64990234375
2024-02-26 00:00:00,0.65628,0.6565,0.65304,0.65388,57774.41015625
2024-02-27 00:00:00,0.65387,0.65574,0.65245,0.65432,65974.34375
2024-02-28 00:00:00,0.65432,0.65492,0.64883,0.6494,76728.2265625
2024-02-29 00:00:00,0.64942,0.65306,0.64866,0.64997,108028.1015625
2024-03-01 00:00:00,0.64998,0.65336,0.6489,0.65251,107964.828125
2024-03-02 00:00:00,0.65251,0.65251,0.65251,0.65251,0.0
2024-03-03 00:00:00,0.65211,0.65291,0.652,0.65268,4027.449951171875
2024-03-04 00:00:00,0.65269,0.6535,0.65036,0.65065,67591.2109375
2024-03-05 00:00:00,0.65064,0.65205,0.6477,0.65031,87591.5234375
2024-03-06 00:00:00,0.65028,0.65812,0.64922,0.6566,91597.359375
2024-03-07 00:00:00,0.65659,0.66241,0.65636,0.66206,83023.9296875
2024-03-08 00:00:00,0.66207,0.66671,0.66127,0.66218,112636.7421875
2024-03-09 00:00:00,0.66218,0.66218,0.66218,0.66218,0.0
2024-03-10 00:00:00,0.66208,0.66261,0.66174,0.66241,5093.89990234375
2024-03-11 00:00:00,0.66241,0.66264,0.65963,0.6614,112041.03125
2024-03-12 00:00:00,0.6614,0.66383,0.65839,0.6607,131534.734375
2024-03-13 00:00:00,0.66069,0.66347,0.65998,0.66271,88937.9765625
2024-03-14 00:00:00,0.66269,0.66314,0.65699,0.6578,117430.34375
2024-03-15 00:00:00,0.65782,0.65792,0.65517,0.65569,106768.9921875
2024-03-16 00:00:00,0.65569,0.65569,0.65569,0.65569,0.0
2024-03-17 00:00:00,0.65571,0.65625,0.65556,0.65571,4378.52001953125
2024-03-18 00:00:00,0.6557,0.65736,0.65503,0.65564,66858.78125
2024-03-19 00:00:00,0.65568,0.65635,0.65036,0.65248,109491.1484375
2024-03-20 00:00:00,0.65248,0.65987,0.65111,0.65985,124256.5
2024-03-21 00:00:00,0.65983,0.66342,0.65606,0.6571,150113.796875
2024-03-22 00:00:00,0.65709,0.65763,0.65098,0.65128,116749.03125
2024-03-23 00:00:00,0.65128,0.65128,0.65128,0.65128,0.0
2024-03-24 00:00:00,0.65136,0.65192,0.65103,0.65149,4310.14013671875
2024-03-25 00:00:00,0.6515,0.65465,0.65097,0.65374,87006.6796875
2024-03-26 00:00:00,0.65376,0.65587,0.65299,0.65379,80661.53125
2024-03-27 00:00:00,0.65379,0.65379,0.65108,0.6523,100754.53125
2024-03-28 00:00:00,0.65229,0.65406,0.64849,0.65144,100024.453125
2024-03-29 00:00:00,0.65139,0.65324,0.65036,0.65076,21316.7890625
2024-03-30 00:00:00,0.65076,0.65076,0.65076,0.65076,0.0
2024-03-31 00:00:00,0.65119,0.6536,0.65119,0.6533,6394.580078125
2024-04-01 00:00:00,0.65332,0.65384,0.64802,0.64873,66913.9765625
2024-04-02 00:00:00,0.64872,0.65234,0.64846,0.65127,98565.2421875
2024-04-03 00:00:00,0.65126,0.65704,0.65029,0.65678,117250.96875
2024-04-04 00:00:00,0.65678,0.66185,0.65651,0.65872,95139.921875
2024-04-05 00:00:00,0.65872,0.6592,0.65488,0.65773,124894.2265625
2024-04-06 00:00:00,0.65773,0.65773,0.65773,0.65773,0.0
2024-04-07 00:00:00,0.65743,0.65753,0.65675,0.65693,5608.2900390625
2024-04-08 00:00:00,0.65693,0.66095,0.65589,0.66046,112500.140625
2024-04-09 00:00:00,0.66045,0.6644,0.65982,0.66278,103033.96875
2024-04-10 00:00:00,0.66278,0.66309,0.64982,0.65069,186460.796875
2024-04-11 00:00:00,0.65068,0.65525,0.65015,0.654,111668.8203125
2024-04-12 00:00:00,0.65402,0.65428,0.64555,0.64602,113822.8125
2024-04-13 00:00:00,0.64602,0.64602,0.64602,0.64602,0.0
2024-04-14 00:00:00,0.64639,0.64783,0.64605,0.6474,5228.7001953125
2024-04-15 00:00:00,0.64742,0.64928,0.64373,0.64413,120663.0078125
2024-04-16 00:00:00,0.64411,0.64431,0.63886,0.6412,147629.515625
2024-04-17 00:00:00,0.64119,0.64457,0.64024,0.64382,111832.3203125
2024-04-18 00:00:00,0.64382,0.64562,0.6416,0.6423,114881.9296875
2024-04-19 00:00:00,0.64229,0.64326,0.63618,0.64158,151195.9375
2024-04-20 00:00:00,0.64158,0.64158,0.64158,0.64158,0.0
2024-04-21 00:00:00,0.64092,0.64263,0.64092,0.64247,3994.360107421875
2024-04-22 00:00:00,0.64249,0.64551,0.6423,0.64514,81013.1875
2024-04-23 00:00:00,0.64513,0.64898,0.64406,0.64877,92696.5234375
2024-04-24 00:00:00,0.64877,0.65293,0.64828,0.64972,92251.4765625
2024-04-25 00:00:00,0.64974,0.65385,0.64848,0.65214,89148.609375
2024-04-26 00:00:00,0.65215,0.65537,0.65168,0.65319,90475.359375
2024-04-27 00:00:00,0.65319,0.65319,0.65319,0.65319,0.0
2024-04-28 00:00:00,0.65235,0.65417,0.6523,0.65413,2770.429931640625
2024-04-29 00:00:00,0.65415,0.65863,0.6536,0.656,102779.359375
2024-04-30 00:00:00,0.65599,0.65644,0.64673,0.64743,99380.2578125
2024-05-01 00:00:00,0.64747,0.65398,0.64648,0.65295,116331.7109375
2024-05-02 00:00:00,0.65293,0.6574,0.65152,0.65695,129324.953125
2024-05-03 00:00:00,0.65693,0.66485,0.65641,0.66081,127224.8828125
2024-05-04 00:00:00,0.66081,0.66081,0.66081,0.66081,0.0
2024-05-05 00:00:00,0.66145,0.6618,0.66043,0.66081,3676.8701171875
2024-05-06 00:00:00,0.66081,0.66381,0.66048,0.66228,61004.37109375
2024-05-07 00:00:00,0.6623,0.66432,0.65861,0.65881,91259.9296875
2024-05-08 00:00:00,0.65879,0.65937,0.65575,0.65772,69667.34375
2024-05-09 00:00:00,0.65771,0.66225,0.65649,0.66164,78105.0078125
2024-05-10 00:00:00,0.66166,0.66219,0.65956,0.66008,75402.546875
2024-05-11 00:00:00,0.66008,0.66008,0.66008,0.66008,0.0
2024-05-12 00:00:00,0.6599,0.66064,0.65989,0.65997,2871.35009765625
2024-05-13 00:00:00,0.65993,0.66283,0.65853,0.66106,56009.328125
2024-05-14 00:00:00,0.66105,0.66273,0.65786,0.66233,81853.6171875
2024-05-15 00:00:00,0.66235,0.67013,0.66211,0.66995,98160.6796875
2024-05-16 00:00:00,0.66996,0.67137,0.66537,0.66817,80743.5234375
2024-05-17 00:00:00,0.66817,0.67006,0.66484,0.66922,65858.2109375
2024-05-18 00:00:00,0.66922,0.66922,0.66922,0.66922,0.0
2024-05-19 00:00:00,0.66904,0.67031,0.66894,0.6699,2940.39990234375
2024-05-20 00:00:00,0.66991,0.67089,0.66615,0.66712,72562.1015625
2024-05-21 00:00:00,0.66714,0.66787,0.66461,0.66657,63643.53125
2024-05-22 00:00:00,0.66659,0.66848,0.66074,0.66179,76449.3828125
2024-05-23 00:00:00,0.66181,0.66527,0.65972,0.66002,103381.40625
2024-05-24 00:00:00,0.66,0.66361,0.65917,0.66272,71775.296875
2024-05-25 00:00:00,0.66272,0.66272,0.66272,0.66272,0.0
2024-05-26 00:00:00,0.66219,0.66342,0.66218,0.66222,2645.550048828125
2024-05-27 00:00:00,0.66223,0.66595,0.66222,0.66554,51377.0390625
2024-05-28 00:00:00,0.66554,0.66794,0.66412,0.66473,81136.71875
2024-05-29 00:00:00,0.66474,0.66653,0.66056,0.66131,101712.7109375
2024-05-30 00:00:00,0.66132,0.66472,0.65904,0.66292,113235.71875
2024-05-31 00:00:00,0.66293,0.66724,0.66263,0.66513,117474.3515625
2024-06-01 00:00:00,0.66513,0.66513,0.66513,0.66513,0.0
2024-06-02 00:00:00,0.6646,0.66563,0.6646,0.66552,4992.60009765625
2024-06-03 00:00:00,0.66552,0.66947,0.66321,0.66892,122406.28125
2024-06-04 00:00:00,0.66894,0.66984,0.66305,0.66451,126327.53125
2024-06-05 00:00:00,0.66453,0.6664,0.66256,0.6655,98861.8203125
2024-06-06 00:00:00,0.6655,0.6683,0.6633,0.66692,80072.640625
2024-06-07 00:00:00,0.66692,0.66808,0.65785,0.65788,100323.4375
2024-06-08 00:00:00,0.65788,0.65788,0.65788,0.65788,0.0
2024-06-09 00:00:00,0.65785,0.65829,0.65753,0.65815,3137.669921875
2024-06-10 00:00:00,0.65816,0.66118,0.65756,0.6607,66839.140625
2024-06-11 00:00:00,0.66071,0.66132,0.65882,0.66072,78709.5078125
2024-06-12 00:00:00,0.66073,0.6704,0.65968,0.66628,128200.078125
2024-06-13 00:00:00,0.66631,0.66749,0.66251,0.66306,86301.40625
2024-06-14 00:00:00,0.66307,0.66412,0.6591,0.66135,97362.578125
2024-06-15 00:00:00,0.66135,0.66135,0.66135,0.66135,0.0
2024-06-16 00:00:00,0.65979,0.66174,0.65979,0.6612,2451.75
2024-06-17 00:00:00,0.6612,0.66189,0.65849,0.66173,65593.0390625
2024-06-18 00:00:00,0.66172,0.66617,0.65995,0.66608,85156.8203125
2024-06-19 00:00:00,0.66606,0.6677,0.66591,0.66734,37549.87890625
2024-06-20 00:00:00,0.66734,0.66789,0.66471,0.66602,73084.4296875
2024-06-21 00:00:00,0.66601,0.66693,0.66312,0.66398,79057.7421875
2024-06-22 00:00:00,0.66398,0.66398,0.66398,0.66398,0.0
2024-06-23 00:00:00,0.66349,0.66414,0.66331,0.66342,2730.830078125
2024-06-24 00:00:00,0.66343,0.66673,0.66257,0.66535,66869.8671875
2024-06-25 00:00:00,0.66537,0.66723,0.66347,0.6644,62927.16015625
2024-06-26 00:00:00,0.66439,0.66882,0.66356,0.66449,77742.6796875
2024-06-27 00:00:00,0.66449,0.66721,0.66396,0.66495,74946.453125
2024-06-28 00:00:00,0.66497,0.66841,0.66195,0.66676,94547.890625
2024-06-29 00:00:00,0.66676,0.66676,0.66676,0.66676,0.0
2024-06-30 00:00:00,0.66792,0.66804,0.66722,0.66733,4029.760009765625
2024-07-01 00:00:00,0.66735,0.6688,0.66435,0.66538,98901.7734375
2024-07-02 00:00:00,0.66537,0.66703,0.66336,0.66681,80522.78125
2024-07-03 00:00:00,0.66683,0.67331,0.66647,0.67115,75347.6015625
2024-07-04 00:00:00,0.67114,0.67313,0.67098,0.67243,33258.30859375
2024-07-05 00:00:00,0.67242,0.67524,0.67093,0.67471,98783.7734375
2024-07-06 00:00:00,0.67471,0.67471,0.67471,0.67471,0.0
2024-07-07 00:00:00,0.67355,0.67488,0.67346,0.67458,6627.1201171875
2024-07-08 00:00:00,0.67456,0.67607,0.67315,0.67423,65470.3984375
2024-07-09 00:00:00,0.67426,0.67473,0.67235,0.67412,65550.3125
2024-07-10 00:00:00,0.67413,0.67518,0.67314,0.67511,67671.203125
2024-07-11 00:00:00,0.67513,0.67983,0.67468,0.67694,130070.6171875
2024-07-12 00:00:00,0.67692,0.67933,0.67536,0.67823,92341.53125
2024-07-13 00:00:00,0.67823,0.67823,0.67823,0.67823,0.0
2024-07-14 00:00:00,0.6769,0.67783,0.67626,0.67703,5749.2099609375
2024-07-15 00:00:00,0.67702,0.67883,0.67521,0.6762,73842.7265625
2024-07-16 00:00:00,0.6762,0.67625,0.67143,0.67314,86261.2578125
2024-07-17 00:00:00,0.67312,0.67544,0.67205,0.67301,131430.09375
2024-07-18 00:00:00,0.67302,0.67431,0.66972,0.67033,89282.390625
2024-07-19 00:00:00,0.67033,0.6707,0.66797,0.66834,78380.71875
2024-07-20 00:00:00,0.66834,0.66834,0.66834,0.66834,0.0
2024-07-21 00:00:00,0.6688,0.67018,0.66833,0.66954,4500.0
2024-07-22 00:00:00,0.66952,0.66954,0.6631,0.66381,81638.59375
2024-07-23 00:00:00,0.66382,0.66455,0.66105,0.66115,66941.7109375
2024-07-24 00:00:00,0.66116,0.66128,0.65721,0.65732,88046.0234375
2024-07-25 00:00:00,0.65729,0.65737,0.65125,0.65396,122620.84375
2024-07-26 00:00:00,0.65395,0.65681,0.65394,0.65462,86229.7890625
2024-07-27 00:00:00,0.65462,0.65462,0.65462,0.65462,0.0
2024-07-28 00:00:00,0.65474,0.65601,0.65463,0.65525,3757.050048828125
2024-07-29 00:00:00,0.65524,0.6568,0.65237,0.65506,69001.328125
2024-07-30 00:00:00,0.65507,0.6562,0.65286,0.65399,74660.6015625
2024-07-31 00:00:00,0.65397,0.65555,0.64792,0.6548,127261.6015625
2024-08-01 00:00:00,0.6548,0.65595,0.64884,0.64931,115014.890625
2024-08-02 00:00:00,0.64931,0.65472,0.64863,0.65093,128824.046875
2024-08-03 00:00:00,0.65093,0.65093,0.65093,0.65093,0.0
2024-08-04 00:00:00,0.65098,0.65173,0.64941,0.64973,10060.8603515625
2024-08-05 00:00:00,0.64973,0.65221,0.63481,0.65148,293237.25
2024-08-06 00:00:00,0.65151,0.65412,0.64719,0.65139,195293.40625
2024-08-07 00:00:00,0.65139,0.65742,0.65069,0.65179,150114.34375
2024-08-08 00:00:00,0.6518,0.65942,0.65096,0.65905,122521.0234375
2024-08-09 00:00:00,0.65902,0.66049,0.65662,0.65712,85788.5234375
2024-08-10 00:00:00,0.65712,0.65712,0.65712,0.65712,0.0
2024-08-11 00:00:00,0.65664,0.65752,0.65646,0.65683,3706.8701171875
2024-08-12 00:00:00,0.65682,0.66046,0.65674,0.65846,61928.16015625
2024-08-13 00:00:00,0.65847,0.66388,0.65786,0.66371,79432.640625
2024-08-14 00:00:00,0.66374,0.66425,0.65897,0.65971,97619.328125
2024-08-15 00:00:00,0.65972,0.66341,0.65626,0.66117,75463.84375
2024-08-16 00:00:00,0.66117,0.6671,0.66097,0.66672,57831.359375
2024-08-17 00:00:00,0.66672,0.66672,0.66672,0.66672,0.0
2024-08-18 00:00:00,0.66626,0.6676,0.66568,0.66722,3092.7099609375
2024-08-19 00:00:00,0.66723,0.67379,0.66715,0.67334,67172.7578125
2024-08-20 00:00:00,0.67335,0.67488,0.67127,0.67458,62116.3203125
2024-08-21 00:00:00,0.67459,0.67607,0.67304,0.67489,66500.5625
2024-08-22 00:00:00,0.6749,0.67523,0.66967,0.67064,68881.9296875
2024-08-23 00:00:00,0.67065,0.6798,0.67044,0.67957,73787.5625
2024-08-24 00:00:00,0.67957,0.67957,0.67957,0.67957,0.0
2024-08-25 00:00:00,0.67868,0.67967,0.67848,0.67869,4360.10986328125
2024-08-26 00:00:00,0.6787,0.67961,0.67662,0.67724,65856.5625
2024-08-27 00:00:00,0.67726,0.67951,0.67612,0.67868,70544.71875
2024-08-28 00:00:00,0.67868,0.68125,0.67639,0.67826,77913.21875
2024-08-29 00:00:00,0.67828,0.68235,0.67826,0.67953,85601.703125
2024-08-30 00:00:00,0.67954,0.68162,0.6751,0.67638,73759.15625
2024-08-31 00:00:00,0.67638,0.67638,0.67638,0.67638,0.0
2024-09-01 00:00:00,0.67624,0.67724,0.67618,0.67676,2897.93994140625
2024-09-02 00:00:00,0.67675,0.67944,0.67564,0.67867,40016.48828125
2024-09-03 00:00:00,0.67868,0.67919,0.67064,0.67128,97352.2734375
2024-09-04 00:00:00,0.67128,0.6749,0.66852,0.67155,85141.328125
2024-09-05 00:00:00,0.67154,0.67412,0.67132,0.67403,76907.546875
2024-09-06 00:00:00,0.67401,0.67669,0.66594,0.66689,121637.609375
2024-09-07 00:00:00,0.66689,0.66689,0.66689,0.66689,0.0
2024-09-08 00:00:00,0.66644,0.66739,0.66634,0.66693,3270.719970703125
2024-09-09 00:00:00,0.66692,0.66885,0.66475,0.6657,61766.28125
2024-09-10 00:00:00,0.66571,0.66762,0.66407,0.66525,69966.21875
2024-09-11 00:00:00,0.66527,0.66789,0.66217,0.66739,96969.796875
2024-09-12 00:00:00,0.66739,0.6728,0.66561,0.67256,79236.9375
2024-09-13 00:00:00,0.67255,0.67322,0.66919,0.67022,74213.4921875
2024-09-14 00:00:00,0.67022,0.67022,0.67022,0.67022,0.0
2024-09-15 00:00:00,0.66957,0.67136,0.66955,0.67132,3548.39990234375
2024-09-16 00:00:00,0.67132,0.67533,0.67054,0.67512,56480.26953125
2024-09-17 00:00:00,0.67513,0.67684,0.67411,0.676,63319.6484375
2024-09-18 00:00:00,0.676,0.68198,0.6742,0.67654,110572.25
2024-09-19 00:00:00,0.67658,0.68389,0.67373,0.68088,103907.203125
2024-09-20 00:00:00,0.68089,0.68284,0.67826,0.68057,77444.5
2024-09-21 00:00:00,0.68057,0.68057,0.68057,0.68057,0.0
2024-09-22 00:00:00,0.67956,0.68106,0.67956,0.68095,2630.72998046875
2024-09-23 00:00:00,0.68096,0.68532,0.67999,0.68328,67079.859375
2024-09-24 00:00:00,0.68329,0.69067,0.68135,0.69054,82052.9921875
2024-09-25 00:00:00,0.69053,0.69077,0.68176,0.68186,75137.328125
2024-09-26 00:00:00,0.68187,0.69044,0.68187,0.68921,88131.28125
2024-09-27 00:00:00,0.68921,0.69368,0.68675,0.69009,83740.59375
2024-09-28 00:00:00,0.69009,0.69009,0.69009,0.69009,0.0
2024-09-29 00:00:00,0.69022,0.692,0.68947,0.69182,3725.570068359375
2024-09-30 00:00:00,0.69185,0.69418,0.68982,0.69148,84465.609375
2024-10-01 00:00:00,0.69147,0.69341,0.68561,0.6879,104627.3203125
2024-10-02 00:00:00,0.68791,0.69153,0.6875,0.68837,83846.6796875
2024-10-03 00:00:00,0.68837,0.68858,0.68296,0.68498,92061.8125
2024-10-04 00:00:00,0.68498,0.68517,0.67851,0.67922,80967.65625
2024-10-05 00:00:00,0.67922,0.67922,0.67922,0.67922,0.0
2024-10-06 00:00:00,0.67869,0.68075,0.67865,0.67974,5089.93017578125
2024-10-07 00:00:00,0.67972,0.68099,0.67429,0.67551,86688.2734375
2024-10-08 00:00:00,0.6755,0.67691,0.67146,0.67389,109623.1171875
2024-10-09 00:00:00,0.67388,0.67616,0.67074,0.6716,102068.5390625
2024-10-10 00:00:00,0.6715,0.67434,0.66993,0.67403,98803.078125
2024-10-11 00:00:00,0.67405,0.67588,0.67244,0.67485,54686.1015625
2024-10-12 00:00:00,0.67485,0.67485,0.67485,0.67485,0.0
2024-10-13 00:00:00,0.67354,0.67449,0.67229,0.67301,5680.490234375
2024-10-14 00:00:00,0.67301,0.67446,0.67018,0.67245,67271.0234375
2024-10-15 00:00:00,0.67248,0.67324,0.6673,0.6677,75745.171875
2024-10-16 00:00:00,0.6677,0.67005,0.6657,0.66641,67665.1015625
2024-10-17 00:00:00,0.6664,0.67099,0.66632,0.66989,85647.7890625
2024-10-18 00:00:00,0.6699,0.6719,0.66937,0.6705,60256.4609375
2024-10-19 00:00:00,0.6705,0.6705,0.6705,0.6705,0.0
2024-10-20 00:00:00,0.6703,0.67151,0.66999,0.67134,2949.610107421875
2024-10-21 00:00:00,0.67136,0.6723,0.66516,0.66537,58163.671875
2024-10-22 00:00:00,0.66535,0.66947,0.66504,0.66812,64186.0390625
2024-10-23 00:00:00,0.66812,0.6691,0.66135,0.66341,92112.65625
2024-10-24 00:00:00,0.66342,0.66611,0.66206,0.66341,76375.953125
2024-10-25 00:00:00,0.66342,0.66463,0.66007,0.6601,66110.203125
2024-10-26 00:00:00,0.6601,0.6601,0.6601,0.6601,0.0
2024-10-27 00:00:00,0.66117,0.66145,0.66007,0.66025,5260.77001953125
2024-10-28 00:00:00,0.66024,0.66099,0.65778,0.65827,57265.421875
2024-10-29 00:00:00,0.65828,0.65844,0.65447,0.65579,75587.7109375
2024-10-30 00:00:00,0.65577,0.65958,0.65364,0.65722,86672.7734375
2024-10-31 00:00:00,0.65722,0.65839,0.65393,0.65763,86020.0703125
2024-11-01 00:00:00,0.65761,0.65909,0.65535,0.6558,79263.3671875
2024-11-02 00:00:00,0.6558,0.6558,0.6558,0.6558,0.0
2024-11-03 00:00:00,0.66094,0.66125,0.65841,0.65904,7422.68994140625
2024-11-04 00:00:00,0.65904,0.66186,0.65771,0.65833,111329.7890625
2024-11-05 00:00:00,0.65834,0.66445,0.65784,0.66399,106635.6484375
2024-11-06 00:00:00,0.664,0.66414,0.65119,0.65664,303095.375
2024-11-07 00:00:00,0.65663,0.66874,0.65636,0.66745,210859.859375
2024-11-08 00:00:00,0.66744,0.66752,0.65578,0.65811,172886.078125
2024-11-09 00:00:00,0.65811,0.65811,0.65811,0.65811,0.0
2024-11-10 00:00:00,0.6579,0.65862,0.65749,0.65836,4719.41015625
2024-11-11 00:00:00,0.65835,0.65979,0.65621,0.65784,147709.34375
2024-11-12 00:00:00,0.65782,0.65815,0.65136,0.65291,166839.4375
2024-11-13 00:00:00,0.6529,0.65455,0.64799,0.64931,186980.734375
2024-11-14 00:00:00,0.64933,0.64954,0.64401,0.64548,210636.265625
2024-11-15 00:00:00,0.64549,0.64809,0.64424,0.64572,193793.15625
2024-11-16 00:00:00,0.64572,0.64572,0.64572,0.64572,0.0
2024-11-17 00:00:00,0.64598,0.64644,0.64565,0.64644,4811.669921875
2024-11-18 00:00:00,0.64645,0.65108,0.64475,0.65052,146648.15625
2024-11-19 00:00:00,0.65053,0.6541,0.64818,0.65409,186102.453125
2024-11-20 00:00:00,0.6541,0.65439,0.6484,0.65112,144170.15625
2024-11-21 00:00:00,0.65113,0.65319,0.64967,0.6509,169279.328125
2024-11-22 00:00:00,0.6509,0.65211,0.64707,0.64968,197635.0
2024-11-23 00:00:00,0.64968,0.64968,0.64968,0.64968,0.0
2024-11-24 00:00:00,0.65373,0.65482,0.65227,0.65389,9395.8203125
2024-11-25 00:00:00,0.65388,0.65494,0.64546,0.64629,162182.5
2024-11-26 00:00:00,0.64629,0.65072,0.64334,0.64738,180394.859375
2024-11-27 00:00:00,0.6474,0.65029,0.64587,0.64962,154228.34375
2024-11-28 00:00:00,0.64962,0.65089,0.64768,0.65066,87334.90625
2024-11-29 00:00:00,0.65066,0.65276,0.64954,0.65068,170069.609375
2024-11-30 00:00:00,0.65068,0.65068,0.65068,0.65068,0.0
2024-12-01 00:00:00,0.651,0.65136,0.64973,0.65013,6182.64013671875
2024-12-02 00:00:00,0.65011,0.65104,0.64425,0.64743,161322.625
2024-12-03 00:00:00,0.64741,0.65042,0.64548,0.64848,146432.625
2024-12-04 00:00:00,0.64846,0.64879,0.63988,0.64311,184020.703125
2024-12-05 00:00:00,0.64313,0.64552,0.6421,0.64503,126664.1875
2024-12-06 00:00:00,0.64504,0.64508,0.63723,0.63868,137862.234375
2024-12-07 00:00:00,0.63868,0.63868,0.63868,0.63868,0.0
2024-12-08 00:00:00,0.63881,0.64015,0.63877,0.63991,4085.31005859375
2024-12-09 00:00:00,0.6399,0.6471,0.63798,0.64369,126598.2109375
2024-12-10 00:00:00,0.64372,0.64376,0.63648,0.63751,141197.796875
2024-12-11 00:00:00,0.6375,0.63888,0.63363,0.6383,151542.90625
2024-12-12 00:00:00,0.6382,0.6429,0.6359,0.63706,151981.046875
2024-12-13 00:00:00,0.63707,0.63833,0.63513,0.6357,123982.890625
2024-12-14 00:00:00,0.6357,0.6357,0.6357,0.6357,0.0
2024-12-15 00:00:00,0.63502,0.63678,0.63502,0.63665,3582.820068359375
2024-12-16 00:00:00,0.63664,0.63823,0.63448,0.6376,100190.09375
2024-12-17 00:00:00,0.63761,0.63775,0.63311,0.63388,94985.5625
2024-12-18 00:00:00,0.63388,0.63388,0.61995,0.62045,152070.109375
2024-12-19 00:00:00,0.62043,0.62648,0.61985,0.62304,160765.3125
2024-12-20 00:00:00,0.62305,0.62739,0.62145,0.62476,171791.3125
2024-12-21 00:00:00,0.62476,0.62476,0.62476,0.62476,0.0
2024-12-22 00:00:00,0.62558,0.62575,0.62448,0.62541,3728.449951171875
2024-12-23 00:00:00,0.62541,0.62646,0.62185,0.62428,110892.15625
2024-12-24 00:00:00,0.62427,0.62481,0.62191,0.62257,75665.0234375
2024-12-25 00:00:00,0.62258,0.62462,0.62214,0.62428,3083.10009765625
2024-12-26 00:00:00,0.62428,0.62537,0.62135,0.62225,101316.1875
2024-12-27 00:00:00,0.62225,0.62256,0.61999,0.62146,96487.546875
2024-12-28 00:00:00,0.62146,0.62146,0.62146,0.62146,0.0
2024-12-29 00:00:00,0.62126,0.62339,0.62105,0.62243,3550.5
2024-12-30 00:00:00,0.62245,0.62464,0.62015,0.62176,105155.65625
2024-12-31 00:00:00,0.62178,0.62311,0.61785,0.61867,111770.8203125
2025-01-01 00:00:00,0.61804,0.61939,0.61796,0.6193,4018.77001953125
2025-01-02 00:00:00,0.6193,0.62223,0.61878,0.62006,143902.0625
2025-01-03 00:00:00,0.62007,0.62248,0.61975,0.62148,98192.390625
2025-01-04 00:00:00,0.62148,0.62148,0.62148,0.62148,0.0
2025-01-05 00:00:00,0.62094,0.62243,0.6204,0.62203,3426.909912109375
2025-01-06 00:00:00,0.62205,0.63018,0.62183,0.62376,152853.09375
2025-01-07 00:00:00,0.62379,0.62878,0.62268,0.62336,151620.34375
2025-01-08 00:00:00,0.62336,0.62416,0.61871,0.62105,152933.3125
2025-01-09 00:00:00,0.62105,0.62125,0.61715,0.61893,85850.1484375
2025-01-10 00:00:00,0.61893,0.62055,0.61389,0.61426,145297.875
2025-01-11 00:00:00,0.61426,0.61426,0.61426,0.61426,0.0
2025-01-12 00:00:00,0.61441,0.61583,0.61414,0.61531,3342.93994140625
2025-01-13 00:00:00,0.61531,0.62025,0.61306,0.61904,115802.7109375
2025-01-14 00:00:00,0.61906,0.62069,0.61656,0.61905,123466.4296875
2025-01-15 00:00:00,0.61903,0.62461,0.61808,0.62349,113588.25
2025-01-16 00:00:00,0.62349,0.62456,0.61916,0.62093,134996.875
2025-01-17 00:00:00,0.62093,0.62268,0.61637,0.61896,105449.1015625
2025-01-18 00:00:00,0.61896,0.61896,0.61896,0.61896,0.0
2025-01-19 00:00:00,0.61964,0.61997,0.61893,0.6197,2892.39990234375
2025-01-20 00:00:00,0.6197,0.62862,0.61964,0.62798,122419.8125
2025-01-21 00:00:00,0.62799,0.62885,0.62077,0.62614,168007.765625
2025-01-22 00:00:00,0.62614,0.62951,0.62524,0.62724,111531.9921875
2025-01-23 00:00:00,0.62723,0.62993,0.62546,0.62823,112240.0078125
2025-01-24 00:00:00,0.62823,0.63303,0.62781,0.63097,136790.296875
2025-01-25 00:00:00,0.63097,0.63097,0.63097,0.63097,0.0
2025-01-26 00:00:00,0.63026,0.63045,0.62905,0.6293,3678.030029296875
2025-01-27 00:00:00,0.62932,0.63074,0.62563,0.62591,164227.109375
2025-01-28 00:00:00,0.62591,0.62737,0.62363,0.62509,102276.5234375
2025-01-29 00:00:00,0.6251,0.62553,0.62097,0.62388,136633.390625
2025-01-30 00:00:00,0.62388,0.62429,0.61984,0.62137,110718.140625
2025-01-31 00:00:00,0.62135,0.62621,0.62034,0.62058,146565.15625
2025-02-01 00:00:00,0.62058,0.62058,0.62058,0.62058,0.0
2025-02-02 00:00:00,0.61611,0.61656,0.61369,0.61411,13545.2099609375
2025-02-03 00:00:00,0.61411,0.62367,0.60873,0.6217,214552.546875
2025-02-04 00:00:00,0.62169,0.62615,0.61702,0.62488,112373.7578125
2025-02-05 00:00:00,0.62491,0.62964,0.62397,0.62833,95221.84375
2025-02-06 00:00:00,0.62833,0.62876,0.62547,0.62808,77255.8203125
2025-02-07 00:00:00,0.62807,0.63004,0.62525,0.62696,118448.078125
2025-02-08 00:00:00,0.62696,0.62696,0.62696,0.62696,0.0
2025-02-09 00:00:00,0.62326,0.62605,0.62326,0.62574,5991.22998046875
2025-02-10 00:00:00,0.62573,0.62869,0.6252,0.62695,76578.046875
2025-02-11 00:00:00,0.62697,0.63015,0.62599,0.62961,76027.46875
2025-02-12 00:00:00,0.62963,0.63089,0.62347,0.62812,102376.21875
2025-02-13 00:00:00,0.62815,0.63224,0.62544,0.6316,113766.2421875
2025-02-14 00:00:00,0.63159,0.63672,0.631,0.63475,88463.09375
2025-02-15 00:00:00,0.63475,0.63475,0.63475,0.63475,0.0
2025-02-16 00:00:00,0.63444,0.63562,0.63444,0.6356,3678.4599609375
2025-02-17 00:00:00,0.63559,0.63734,0.63484,0.63549,54736.30078125
2025-02-18 00:00:00,0.63548,0.63673,0.63338,0.63518,67209.0078125
2025-02-19 00:00:00,0.63517,0.63696,0.63362,0.63401,69083.1875
2025-02-20 00:00:00,0.63403,0.6408,0.63273,0.6402,92373.0625
2025-02-21 00:00:00,0.6402,0.64075,0.63513,0.63534,90388.1484375
2025-02-22 00:00:00,0.63534,0.63534,0.63534,0.63534,0.0
2025-02-23 00:00:00,0.63603,0.63737,0.63582,0.63684,4892.419921875
2025-02-24 00:00:00,0.63685,0.63916,0.6336,0.63382,100271.40625
2025-02-25 00:00:00,0.63381,0.6356,0.63216,0.63509,104993.03125
2025-02-26 00:00:00,0.63508,0.63522,0.62953,0.63086,110866.65625
2025-02-27 00:00:00,0.63089,0.63096,0.623,0.62309,115745.5
2025-02-28 00:00:00,0.62311,0.62374,0.61922,0.62025,115037.703125
2025-03-01 00:00:00,0.62025,0.62025,0.62025,0.62025,0.0
2025-03-02 00:00:00,0.62135,0.62234,0.62077,0.62195,4533.5
2025-03-03 00:00:00,0.62194,0.62541,0.62034,0.62152,121553.3984375
2025-03-04 00:00:00,0.62153,0.62792,0.61867,0.62675,195706.9375
2025-03-05 00:00:00,0.62674,0.63418,0.62335,0.63361,177821.59375
2025-03-06 00:00:00,0.63362,0.63634,0.63199,0.63312,165042.15625
2025-03-07 00:00:00,0.63312,0.63369,0.62815,0.63031,134766.765625
2025-03-08 00:00:00,0.63031,0.63031,0.63031,0.63031,0.0
2025-03-09 00:00:00,0.63068,0.63114,0.62951,0.63025,7815.81982421875
2025-03-10 00:00:00,0.63027,0.63305,0.62639,0.62797,129664.3515625
2025-03-11 00:00:00,0.62799,0.63113,0.62584,0.62948,146494.734375
2025-03-12 00:00:00,0.62949,0.63282,0.62761,0.6328,112649.5703125
2025-03-13 00:00:00,0.63279,0.63334,0.62687,0.62857,98212.6015625
2025-03-14 00:00:00,0.62856,0.63309,0.62773,0.63207,90513.3984375
2025-03-15 00:00:00,0.63207,0.63207,0.63207,0.63207,0.0
2025-03-16 00:00:00,0.63195,0.63334,0.6315,0.63249,4437.5498046875
2025-03-17 00:00:00,0.63249,0.63905,0.63207,0.63803,82715.7578125
2025-03-18 00:00:00,0.63802,0.63905,0.63435,0.6361,93497.171875
2025-03-19 00:00:00,0.63611,0.63661,0.6319,0.63628,95056.03125
2025-03-20 00:00:00,0.63627,0.63631,0.62707,0.63017,85716.8984375
2025-03-21 00:00:00,0.63017,0.63057,0.62575,0.62676,70203.0
2025-03-22 00:00:00,0.62676,0.62676,0.62676,0.62676,0.0
2025-03-23 00:00:00,0.62664,0.62884,0.62663,0.62884,7743.9501953125
2025-03-24 00:00:00,0.62885,0.63048,0.62672,0.62862,80633.4296875
2025-03-25 00:00:00,0.62861,0.6325,0.62781,0.63064,73770.5234375
2025-03-26 00:00:00,0.63062,0.63301,0.6278,0.62858,90730.828125
2025-03-27 00:00:00,0.62858,0.63178,0.62853,0.63005,84527.2734375
2025-03-28 00:00:00,0.63005,0.63117,0.62804,0.62829,74769.046875
2025-03-29 00:00:00,0.62829,0.62829,0.62829,0.62829,0.0
2025-03-30 00:00:00,0.62843,0.62905,0.62686,0.62819,7271.5498046875
2025-03-31 00:00:00,0.62819,0.62999,0.62183,0.62395,101060.3125
2025-04-01 00:00:00,0.62391,0.62902,0.62314,0.62875,102402.4296875
2025-04-02 00:00:00,0.62876,0.63403,0.62255,0.62633,118169.34375
2025-04-03 00:00:00,0.62632,0.63887,0.62554,0.63253,192765.34375
2025-04-04 00:00:00,0.63252,0.63314,0.59862,0.60372,321263.46875
2025-04-05 00:00:00,0.60372,0.60372,0.60372,0.60372,0.0
2025-04-06 00:00:00,0.59919,0.60096,0.59319,0.59861,42224.5390625
2025-04-07 00:00:00,0.59862,0.61267,0.59439,0.59963,434645.53125
2025-04-08 00:00:00,0.59966,0.60848,0.59394,0.59525,286938.21875
2025-04-09 00:00:00,0.59525,0.61751,0.59132,0.61327,368439.40625
2025-04-10 00:00:00,0.61323,0.6249,0.61152,0.62225,331880.34375
2025-04-11 00:00:00,0.62225,0.63003,0.61807,0.62865,346599.625
2025-04-12 00:00:00,0.62865,0.62865,0.62865,0.62865,0.0
2025-04-13 00:00:00,0.6303,0.63055,0.62777,0.63002,15089.009765625
2025-04-14 00:00:00,0.63003,0.63423,0.62747,0.63184,183091.59375
2025-04-15 00:00:00,0.63183,0.63826,0.63183,0.63372,133023.65625
2025-04-16 00:00:00,0.6337,0.63911,0.63304,0.63685,144281.515625
2025-04-17 00:00:00,0.63686,0.63934,0.63327,0.63885,112191.15625
2025-04-18 00:00:00,0.63885,0.63928,0.63665,0.63731,525310.125
2025-04-19 00:00:00,0.63731,0.63731,0.63731,0.63731,0.0
2025-04-20 00:00:00,0.63684,0.63927,0.63659,0.63893,11445.6201171875
2025-04-21 00:00:00,0.63891,0.64373,0.63829,0.6421,89240.546875
2025-04-22 00:00:00,0.64211,0.64389,0.63486,0.63754,137451.984375
2025-04-23 00:00:00,0.63754,0.64351,0.63517,0.63634,141171.5
2025-04-24 00:00:00,0.63634,0.64139,0.63432,0.63997,105081.2421875
2025-04-25 00:00:00,0.63996,0.64206,0.6374,0.63957,90413.40625
2025-04-26 00:00:00,0.63957,0.63957,0.63957,0.63957,0.0
2025-04-27 00:00:00,0.63835,0.64052,0.63799,0.63818,5734.72998046875
2025-04-28 00:00:00,0.6382,0.64347,0.63674,0.64275,91161.96875
2025-04-29 00:00:00,0.64274,0.64493,0.63744,0.63868,89288.546875
2025-04-30 00:00:00,0.63867,0.64173,0.63554,0.641,102499.3515625
2025-05-01 00:00:00,0.64101,0.64268,0.63645,0.63848,87772.7734375
2025-05-02 00:00:00,0.63849,0.64695,0.63815,0.64414,108932.0390625
2025-05-03 00:00:00,0.64414,0.64414,0.64414,0.64414,0.0
2025-05-04 00:00:00,0.64428,0.64574,0.64402,0.64433,5654.009765625
2025-05-05 00:00:00,0.64435,0.64934,0.64338,0.64603,84343.359375
2025-05-06 00:00:00,0.64604,0.65141,0.64374,0.65028,99623.546875
2025-05-07 00:00:00,0.65027,0.65114,0.64205,0.64303,108146.140625
2025-05-08 00:00:00,0.64305,0.6464,0.63913,0.63931,105573.140625
2025-05-09 00:00:00,0.63929,0.6432,0.63703,0.6409,71891.6796875
2025-05-10 00:00:00,0.6409,0.6409,0.6409,0.6409,0.0
2025-05-11 00:00:00,0.64284,0.6431,0.64162,0.64186,8698.16015625
2025-05-12 00:00:00,0.64188,0.64603,0.63535,0.6372,125556.609375
2025-05-13 00:00:00,0.63721,0.64782,0.63608,0.64716,103591.140625
2025-05-14 00:00:00,0.64717,0.65007,0.64196,0.64267,107557.8984375
2025-05-15 00:00:00,0.6427,0.64571,0.639,0.64036,88264.15625
2025-05-16 00:00:00,0.64037,0.64356,0.63874,0.64003,72414.7265625
2025-05-17 00:00:00,0.64003,0.64003,0.64003,0.64003,0.0
2025-05-18 00:00:00,0.63957,0.64124,0.6395,0.64087,5365.10986328125
2025-05-19 00:00:00,0.64088,0.64645,0.63978,0.64537,75390.1875
2025-05-20 00:00:00,0.64539,0.64546,0.63912,0.64251,91335.921875
2025-05-21 00:00:00,0.64249,0.64688,0.64224,0.6432,108716.5390625
2025-05-22 00:00:00,0.64325,0.64582,0.64067,0.64083,89242.3828125
2025-05-23 00:00:00,0.64085,0.64991,0.64079,0.64925,93222.5390625
2025-05-24 00:00:00,0.64925,0.64925,0.64925,0.64925,0.0
2025-05-25 00:00:00,0.64824,0.65063,0.64821,0.65014,8213.4404296875
2025-05-26 00:00:00,0.65013,0.6537,0.64794,0.64796,54892.19140625
2025-05-27 00:00:00,0.64795,0.64954,0.64343,0.64471,82582.5625
2025-05-28 00:00:00,0.64473,0.64529,0.64095,0.64219,94848.921875
2025-05-29 00:00:00,0.64218,0.64597,0.64067,0.64434,106886.8828125
2025-05-30 00:00:00,0.64434,0.6452,0.64071,0.64283,95077.921875
2025-05-31 00:00:00,0.64283,0.64283,0.64283,0.64283,0.0
2025-06-01 00:00:00,0.64326,0.64499,0.64307,0.64424,4157.60009765625
2025-06-02 00:00:00,0.64425,0.64999,0.6442,0.64982,81785.4375
2025-06-03 00:00:00,0.64981,0.64987,0.64439,0.64638,77192.5
2025-06-04 00:00:00,0.64637,0.65044,0.64501,0.64891,73451.53125
2025-06-05 00:00:00,0.64891,0.65375,0.64855,0.65097,95788.1875
2025-06-06 00:00:00,0.65096,0.65166,0.64791,0.64877,86730.1015625
2025-06-07 00:00:00,0.64877,0.64877,0.64877,0.64877,0.0
2025-06-08 00:00:00,0.6496,0.65012,0.6494,0.64982,2928.110107421875
2025-06-09 00:00:00,0.64984,0.65334,0.64934,0.65161,54580.26953125
2025-06-10 00:00:00,0.65163,0.65328,0.64895,0.65284,77653.8671875
2025-06-11 00:00:00,0.65286,0.65455,0.64956,0.65083,75504.2890625
2025-06-12 00:00:00,0.65084,0.65332,0.64768,0.65267,89547.59375
2025-06-13 00:00:00,0.65266,0.65268,0.64559,0.64821,128923.296875
2025-06-14 00:00:00,0.64821,0.64821,0.64821,0.64821,0.0
2025-06-15 00:00:00,0.64801,0.64937,0.64759,0.64915,8777.169921875
2025-06-16 00:00:00,0.64916,0.65516,0.64661,0.65119,84576.828125
2025-06-17 00:00:00,0.6512,0.65435,0.64656,0.64801,95510.96875
2025-06-18 00:00:00,0.648,0.65371,0.64765,0.65058,104663.0234375
2025-06-19 00:00:00,0.65058,0.6509,0.64452,0.64851,79995.9375
2025-06-20 00:00:00,0.6485,0.64951,0.64445,0.64445,74129.6171875
2025-06-21 00:00:00,0.64445,0.64445,0.64445,0.64445,0.0
2025-06-22 00:00:00,0.6424,0.64482,0.64145,0.64454,8546.8203125
2025-06-23 00:00:00,0.64454,0.64865,0.6372,0.64764,114398.8671875
2025-06-24 00:00:00,0.64766,0.65191,0.64706,0.64949,109603.4921875
2025-06-25 00:00:00,0.6495,0.65227,0.64839,0.65205,75718.59375
2025-06-26 00:00:00,0.6521,0.65635,0.65098,0.65463,98573.7734375
2025-06-27 00:00:00,0.65466,0.65607,0.65077,0.65271,92525.7578125
2025-06-28 00:00:00,0.65271,0.65271,0.65271,0.65271,0.0
2025-06-29 00:00:00,0.65319,0.65383,0.65309,0.65316,4970.7001953125
2025-06-30 00:00:00,0.65314,0.65835,0.65224,0.65758,94915.9296875
2025-07-01 00:00:00,0.65761,0.65899,0.65534,0.65792,82945.359375
2025-07-02 00:00:00,0.65792,0.65883,0.65429,0.65815,82779.75
2025-07-03 00:00:00,0.65815,0.65861,0.65366,0.6576,88750.59375
2025-07-04 00:00:00,0.65758,0.65784,0.65453,0.65454,101455.1796875
2025-07-05 00:00:00,0.65454,0.65454,0.65454,0.65454,0.0
2025-07-06 00:00:00,0.65555,0.65558,0.65465,0.65497,3032.139892578125
2025-07-07 00:00:00,0.65497,0.65525,0.64849,0.6506,95294.1875
2025-07-08 00:00:00,0.65059,0.65576,0.65058,0.65237,108393.421875
2025-07-09 00:00:00,0.65238,0.65476,0.65092,0.65355,82971.859375
2025-07-10 00:00:00,0.65354,0.65947,0.65333,0.65929,70803.7109375
2025-07-11 00:00:00,0.6593,0.65942,0.65558,0.65736,91120.6484375
2025-07-12 00:00:00,0.65736,0.65736,0.65736,0.65736,0.0
2025-07-13 00:00:00,0.65605,0.65771,0.65605,0.65748,4517.14990234375
2025-07-14 00:00:00,0.65746,0.65871,0.65391,0.65434,71636.2734375
2025-07-15 00:00:00,0.65433,0.65753,0.65074,0.65181,120520.609375
2025-07-16 00:00:00,0.65182,0.65539,0.64948,0.65222,106124.109375
2025-07-17 00:00:00,0.65221,0.65232,0.64539,0.64973,100278.59375
2025-07-18 00:00:00,0.64974,0.65404,0.64963,0.65049,64173.78125
2025-07-19 00:00:00,0.65049,0.65049,0.65049,0.65049,0.0
2025-07-20 00:00:00,0.65165,0.65171,0.65029,0.65119,3911.280029296875
2025-07-21 00:00:00,0.65119,0.6537,0.64975,0.65268,50779.53125
2025-07-22 00:00:00,0.6527,0.65592,0.65034,0.65525,63553.140625
2025-07-23 00:00:00,0.65525,0.66043,0.65497,0.66012,72543.7578125
2025-07-24 00:00:00,0.66011,0.66247,0.65857,0.65942,71049.7421875
2025-07-25 00:00:00,0.65942,0.65982,0.65504,0.65643,68105.1015625
2025-07-26 00:00:00,0.65643,0.65643,0.65643,0.65643,0.0
2025-07-27 00:00:00,0.65714,0.65764,0.65686,0.65704,3334.739990234375
2025-07-28 00:00:00,0.65706,0.65854,0.65125,0.65214,85000.578125
2025-07-29 00:00:00,0.65213,0.65296,0.64956,0.65128,71475.453125
2025-07-30 00:00:00,0.65128,0.65285,0.64255,0.64448,124729.859375
2025-07-31 00:00:00,0.6445,0.64759,0.6421,0.64273,102123.96875
2025-08-01 00:00:00,0.64271,0.64929,0.64185,0.64684,137070.28125
2025-08-02 00:00:00,0.64684,0.64684,0.64684,0.64684,0.0
2025-08-03 00:00:00,0.64645,0.64724,0.64606,0.64687,4435.4501953125
2025-08-04 00:00:00,0.64684,0.64893,0.64586,0.64735,71117.0
2025-08-05 00:00:00,0.64737,0.64791,0.64493,0.64715,76596.9375
2025-08-06 00:00:00,0.64715,0.65084,0.64707,0.64992,59181.44921875
2025-08-07 00:00:00,0.64993,0.65409,0.64891,0.65246,83288.78125
2025-08-08 00:00:00,0.65249,0.65345,0.6511,0.65202,56530.5703125
2025-08-09 00:00:00,0.65202,0.65202,0.65202,0.65202,0.0
2025-08-10 00:00:00,0.65197,0.65226,0.6516,0.6516,1662.8599853515625
2025-08-11 00:00:00,0.65161,0.65281,0.65008,0.65129,84514.0390625
2025-08-12 00:00:00,0.65129,0.654,0.64814,0.65292,118583.953125
2025-08-13 00:00:00,0.65291,0.65623,0.65159,0.65504,62616.83984375
2025-08-14 00:00:00,0.65504,0.65684,0.64823,0.64969,122870.0
2025-08-15 00:00:00,0.64969,0.65224,0.64874,0.65035,59423.12890625
2025-08-16 00:00:00,0.65035,0.65035,0.65035,0.65035,0.0
2025-08-17 00:00:00,0.65073,0.65126,0.65054,0.65119,1606.02001953125
2025-08-18 00:00:00,0.65117,0.65239,0.6481,0.64941,63882.05078125
2025-08-19 00:00:00,0.64941,0.64967,0.64492,0.64531,83871.046875
2025-08-20 00:00:00,0.64531,0.64548,0.64231,0.64348,70494.203125
2025-08-21 00:00:00,0.64347,0.64364,0.64068,0.64251,60295.12890625
2025-08-22 00:00:00,0.6425,0.65006,0.64147,0.64875,83214.921875
2025-08-23 00:00:00,0.64875,0.64875,0.64875,0.64875,0.0
2025-08-24 00:00:00,0.64896,0.64944,0.64834,0.64841,3195.52001953125
2025-08-25 00:00:00,0.64843,0.65046,0.64711,0.6481,61545.6484375
2025-08-26 00:00:00,0.64811,0.65003,0.64694,0.6495,71440.6484375
2025-08-27 00:00:00,0.64948,0.65125,0.6462,0.65122,70562.6484375
2025-08-28 00:00:00,0.6512,0.65372,0.65053,0.65301,71675.5
2025-08-29 00:00:00,0.65303,0.65482,0.65224,0.65364,67362.5
2025-08-30 00:00:00,0.65364,0.65364,0.65364,0.65364,0.0
2025-08-31 00:00:00,0.65429,0.6546,0.65366,0.65427,1684.489990234375
2025-09-01 00:00:00,0.65426,0.65597,0.65345,0.65565,44170.94921875
2025-09-02 00:00:00,0.65567,0.65581,0.64826,0.65183,102612.8203125
2025-09-03 00:00:00,0.65182,0.65541,0.65017,0.65444,75882.796875
2025-09-04 00:00:00,0.65445,0.65493,0.64979,0.65218,78385.65625
2025-09-05 00:00:00,0.65219,0.65884,0.65194,0.65521,109311.9609375
2025-09-06 00:00:00,0.65521,0.65521,0.65521,0.65521,0.0
2025-09-07 00:00:00,0.65495,0.65555,0.65456,0.65544,3792.760009765625
2025-09-08 00:00:00,0.65545,0.65983,0.65476,0.65974,68249.2421875
2025-09-09 00:00:00,0.65974,0.66193,0.65793,0.65852,77115.3515625
2025-09-10 00:00:00,0.65851,0.66352,0.65796,0.66186,74038.9765625
2025-09-11 00:00:00,0.66185,0.66663,0.65895,0.66651,76434.8984375
2025-09-12 00:00:00,0.66649,0.66685,0.66303,0.66483,64982.078125
2025-09-13 00:00:00,0.66483,0.66483,0.66483,0.66483,0.0
2025-09-14 00:00:00,0.66275,0.66495,0.66275,0.66484,2875.409912109375
2025-09-15 00:00:00,0.66484,0.66744,0.66446,0.66721,57324.48046875
2025-09-16 00:00:00,0.6672,0.66884,0.66595,0.66881,74893.46875
2025-09-17 00:00:00,0.66883,0.67065,0.6641,0.66517,93434.390625
2025-09-18 00:00:00,0.66518,0.66594,0.66065,0.66163,130026.859375
2025-09-19 00:00:00,0.66163,0.66191,0.65854,0.65892,82162.640625
2025-09-20 00:00:00,0.65892,0.65892,0.65892,0.65892,0.0
2025-09-21 00:00:00,0.65878,0.65951,0.65824,0.65882,2820.60009765625
2025-09-22 00:00:00,0.65879,0.66022,0.65746,0.66006,59342.62890625
2025-09-23 00:00:00,0.66006,0.66151,0.65809,0.65985,69406.65625
2025-09-24 00:00:00,0.65987,0.66276,0.65741,0.65856,83017.40625
2025-09-25 00:00:00,0.65856,0.66035,0.65255,0.65377,98085.1328125
2025-09-26 00:00:00,0.65378,0.65511,0.652,0.65438,75932.2734375
2025-09-27 00:00:00,0.65438,0.65438,0.65438,0.65438,0.0
2025-09-28 00:00:00,0.65441,0.6552,0.65439,0.65515,1708.5899658203125
2025-09-29 00:00:00,0.65514,0.65807,0.65472,0.65776,65818.8671875
2025-09-30 00:00:00,0.65775,0.66281,0.65706,0.66102,101788.3671875
2025-10-01 00:00:00,0.66104,0.66286,0.65888,0.66151,112662.9921875
2025-10-02 00:00:00,0.66152,0.66241,0.65764,0.65986,81873.6484375
2025-10-03 00:00:00,0.65988,0.66137,0.65885,0.66008,92159.0
2025-10-04 00:00:00,0.66008,0.66008,0.66008,0.66008,0.0
2025-10-05 00:00:00,0.65809,0.6594,0.65803,0.65934,7469.080078125
2025-10-06 00:00:00,0.65937,0.66201,0.65898,0.6616,105219.2109375
2025-10-07 00:00:00,0.6616,0.6624,0.65773,0.65796,82033.7109375
2025-10-08 00:00:00,0.65796,0.65913,0.6556,0.6584,75642.1328125
2025-10-09 00:00:00,0.65841,0.66119,0.65396,0.65601,94830.4296875
2025-10-10 00:00:00,0.656,0.65725,0.64696,0.64696,119285.0234375
2025-10-11 00:00:00,0.64696,0.64696,0.64696,0.64696,0.0
2025-10-12 00:00:00,0.65105,0.65134,0.64907,0.64974,10811.2998046875
2025-10-13 00:00:00,0.64974,0.65325,0.64966,0.65115,73694.546875
2025-10-14 00:00:00,0.65112,0.65208,0.64399,0.64906,115818.59375
2025-10-15 00:00:00,0.64906,0.65231,0.64857,0.65073,94931.3515625
2025-10-16 00:00:00,0.65073,0.65153,0.64706,0.64815,117845.1328125
2025-10-17 00:00:00,0.64814,0.65022,0.64429,0.64915,116114.84375
2025-10-18 00:00:00,0.64915,0.64915,0.64915,0.64915,0.0
2025-10-19 00:00:00,0.64896,0.65056,0.6487,0.65007,3189.800048828125
2025-10-20 00:00:00,0.65006,0.65207,0.64839,0.65157,70667.8203125
2025-10-21 00:00:00,0.65155,0.65246,0.64724,0.64905,95723.8984375
2025-10-22 00:00:00,0.64905,0.65117,0.64778,0.64876,91657.1015625
2025-10-23 00:00:00,0.64875,0.65174,0.64783,0.65142,68907.1875
2025-10-24 00:00:00,0.65141,0.65285,0.64924,0.65108,73118.7265625
2025-10-25 00:00:00,0.65108,0.65108,0.65108,0.65108,0.0
2025-10-26 00:00:00,0.65399,0.65435,0.65275,0.65332,6867.83984375
2025-10-27 00:00:00,0.65332,0.65604,0.65278,0.65579,74642.78125
2025-10-28 00:00:00,0.65579,0.65903,0.6544,0.65844,73329.1328125
2025-10-29 00:00:00,0.65844,0.66172,0.65565,0.65762,140473.40625
2025-10-30 00:00:00,0.65761,0.65971,0.65322,0.65587,128969.296875
2025-10-31 00:00:00,0.65586,0.65597,0.65327,0.65404,75621.4296875
2025-11-01 00:00:00,0.65404,0.65404,0.65404,0.65404,0.0
2025-11-02 00:00:00,0.65421,0.65478,0.65377,0.65448,2440.409912109375
2025-11-03 00:00:00,0.65449,0.65622,0.65172,0.65379,68573.78125
2025-11-04 00:00:00,0.65378,0.65378,0.64806,0.64843,100289.0
2025-11-05 00:00:00,0.64841,0.65125,0.64583,0.65091,72576.9765625
2025-11-06 00:00:00,0.65093,0.65182,0.64628,0.64833,84069.21875
2025-11-07 00:00:00,0.64833,0.64987,0.64672,0.64901,90243.7109375
2025-11-08 00:00:00,0.64901,0.64901,0.64901,0.64901,0.0
2025-11-09 00:00:00,0.64946,0.65022,0.64884,0.65017,4490.4501953125
2025-11-10 00:00:00,0.65016,0.65398,0.64955,0.65342,52907.53125
2025-11-11 00:00:00,0.65342,0.65377,0.6512,0.65288,56764.12109375
2025-11-12 00:00:00,0.65285,0.655,0.65156,0.65357,62123.30859375
2025-11-13 00:00:00,0.65361,0.65799,0.65235,0.65263,102721.4765625
2025-11-14 00:00:00,0.65262,0.6551,0.65032,0.6535,115041.6875
2025-11-15 00:00:00,0.6535,0.6535,0.6535,0.6535,0.0
2025-11-16 00:00:00,0.65308,0.65355,0.65293,0.65322,2901.0400390625
2025-11-17 00:00:00,0.65324,0.65371,0.64817,0.64918,79588.1484375
2025-11-18 00:00:00,0.6492,0.6518,0.64645,0.65081,107317.5
2025-11-19 00:00:00,0.6508,0.65086,0.64507,0.64899,100976.4609375
2025-11-20 00:00:00,0.649,0.65023,0.64358,0.64487,127286.1875
2025-11-21 00:00:00,0.64487,0.64604,0.6421,0.64539,126693.296875
2025-11-22 00:00:00,0.64539,0.64539,0.64539,0.64539,0.0
2025-11-23 00:00:00,0.64559,0.64656,0.64543,0.64612,2679.169921875
2025-11-24 00:00:00,0.6461,0.64683,0.64417,0.64649,66203.9296875
2025-11-25 00:00:00,0.64648,0.64754,0.64358,0.64699,89925.5
2025-11-26 00:00:00,0.64698,0.65275,0.64686,0.65229,86872.2421875
2025-11-27 00:00:00,0.6523,0.65395,0.65212,0.65353,40500.4609375
2025-11-28 00:00:00,0.65352,0.65588,0.65199,0.65491,251191.515625
2025-11-29 00:00:00,0.65491,0.65491,0.65491,0.65491,0.0
2025-11-30 00:00:00,0.65384,0.65531,0.65357,0.6551,3208.530029296875
2025-12-01 00:00:00,0.65508,0.6566,0.65361,0.65413,86381.6875
2025-12-02 00:00:00,0.65415,0.65733,0.65376,0.65731,67244.7734375
2025-12-03 00:00:00,0.65733,0.66039,0.65521,0.66035,80062.09375
2025-12-04 00:00:00,0.6604,0.66237,0.66017,0.6606,81622.84375
2025-12-05 00:00:00,0.66061,0.66485,0.66061,0.66382,66611.203125
2025-12-06 00:00:00,0.66382,0.66382,0.66382,0.66382,0.0
2025-12-07 00:00:00,0.66321,0.66395,0.66266,0.66343,4890.27001953125
2025-12-08 00:00:00,0.66346,0.66488,0.66139,0.66265,61463.08984375
2025-12-09 00:00:00,0.66264,0.66541,0.66078,0.6639,90321.03125
2025-12-10 00:00:00,0.66396,0.66855,0.66284,0.66731,95732.703125
2025-12-11 00:00:00,0.66732,0.66786,0.66261,0.6662,95426.1484375
2025-12-12 00:00:00,0.6662,0.66767,0.6632,0.66502,91442.453125
2025-12-13 00:00:00,0.66502,0.66502,0.66502,0.66502,0.0
2025-12-14 00:00:00,0.66404,0.66505,0.66316,0.6647,4411.7001953125
2025-12-15 00:00:00,0.66471,0.66561,0.66309,0.66409,77066.09375
2025-12-16 00:00:00,0.66411,0.66608,0.66178,0.66321,129554.21875
2025-12-17 00:00:00,0.6632,0.66331,0.65988,0.66,97691.03125
2025-12-18 00:00:00,0.66001,0.66305,0.6592,0.66132,99143.2109375
2025-12-19 00:00:00,0.6613,0.66247,0.65997,0.66068,70384.09375
2025-12-20 00:00:00,0.66068,0.66068,0.66068,0.66068,0.0
2025-12-21 00:00:00,0.66113,0.66146,0.66053,0.66119,2925.77001953125
2025-12-22 00:00:00,0.66119,0.6661,0.66102,0.6657,63445.6484375
2025-12-23 00:00:00,0.66572,0.67023,0.66554,0.67017,80851.21875
2025-12-24 00:00:00,0.67021,0.67171,0.66974,0.67011,70345.4765625
2025-12-25 00:00:00,0.67004,0.67134,0.66933,0.67046,9300.419921875
2025-12-26 00:00:00,0.67044,0.67243,0.66967,0.6714,82772.7265625
2025-12-27 00:00:00,0.6714,0.6714,0.6714,0.6714,0.0
2025-12-28 00:00:00,0.66984,0.67155,0.66956,0.67142,3957.010009765625
2025-12-29 00:00:00,0.6714,0.67271,0.66826,0.66947,100613.6328125
2025-12-30 00:00:00,0.66946,0.67175,0.66876,0.66953,69387.328125
2025-12-31 00:00:00,0.66954,0.67008,0.66593,0.66726,82478.9296875
