timestamp,open,high,low,close,volume
2017-01-01 00:00:00,1555.1,1555.1,1555.1,1555.1,0.0
2017-01-02 00:00:00,1555.1,1555.1,1555.1,1555.1,0.0
2017-01-03 00:00:00,1555.1,1555.1,1555.1,1555.1,0.0
2017-01-04 00:00:00,1555.1,1555.1,1555.1,1555.1,0.0
2017-01-05 00:00:00,1555.1,1555.1,1555.1,1555.1,0.0
2017-01-06 00:00:00,1555.1,1555.1,1555.1,1555.1,0.0
2017-01-07 00:00:00,1555.1,1555.1,1555.1,1555.1,0.0
2017-01-08 00:00:00,1555.1,1555.1,1555.1,1555.1,0.0
2017-01-09 00:00:00,1555.1,1555.1,1555.1,1555.1,0.0
2017-01-10 00:00:00,1555.1,1555.1,1555.1,1555.1,0.0
2017-01-11 00:00:00,1555.1,1555.1,1555.1,1555.1,0.0
2017-01-12 00:00:00,1555.1,1555.1,1555.1,1555.1,0.0
2017-01-13 00:00:00,1555.1,1555.1,1555.1,1555.1,0.0
2017-01-14 00:00:00,1555.1,1555.1,1555.1,1555.1,0.0
2017-01-15 00:00:00,1555.1,1555.1,1555.1,1555.1,0.0
2017-01-16 00:00:00,1555.1,1555.1,1555.1,1555.1,0.0
2017-01-17 00:00:00,1555.1,1555.1,1555.1,1555.1,0.0
2017-01-18 00:00:00,1555.1,1555.1,1555.1,1555.1,0.0
2017-01-19 00:00:00,1555.1,1555.1,1555.1,1555.1,0.0
2017-01-20 00:00:00,1555.1,1555.1,1555.1,1555.1,0.0
2017-01-21 00:00:00,1555.1,1555.1,1555.1,1555.1,0.0
2017-01-22 00:00:00,1555.1,1555.1,1555.1,1555.1,0.0
2017-01-23 00:00:00,1555.1,1555.1,1555.1,1555.1,0.0
2017-01-24 00:00:00,1555.1,1555.1,1555.1,1555.1,0.0
2017-01-25 00:00:00,1555.1,1555.1,1555.1,1555.1,0.0
2017-01-26 00:00:00,1555.1,1555.1,1555.1,1555.1,0.0
2017-01-27 00:00:00,1555.1,1555.1,1555.1,1555.1,0.0
2017-01-28 00:00:00,1555.1,1555.1,1555.1,1555.1,0.0
2017-01-29 00:00:00,1555.1,1555.1,1555.1,1555.1,0.0
2017-01-30 00:00:00,1555.1,1555.1,1555.1,1555.1,0.0
2017-01-31 00:00:00,1555.1,1555.1,1555.1,1555.1,0.0
2017-02-01 00:00:00,1555.1,1555.1,1555.1,1555.1,0.0
2017-02-02 00:00:00,1555.1,1555.1,1555.1,1555.1,0.0
2017-02-03 00:00:00,1555.1,1555.1,1555.1,1555.1,0.0
2017-02-04 00:00:00,1555.1,1555.1,1555.1,1555.1,0.0
2017-02-05 00:00:00,1555.1,1555.1,1555.1,1555.1,0.0
2017-02-06 00:00:00,1555.1,1555.1,1555.1,1555.1,0.0
2017-02-07 00:00:00,1555.1,1555.1,1555.1,1555.1,0.0
2017-02-08 00:00:00,1555.1,1555.1,1555.1,1555.1,0.0
2017-02-09 00:00:00,1555.1,1555.1,1555.1,1555.1,0.0
2017-02-10 00:00:00,1555.1,1555.1,1555.1,1555.1,0.0
2017-02-11 00:00:00,1555.1,1555.1,1555.1,1555.1,0.0
2017-02-12 00:00:00,1555.1,1555.1,1555.1,1555.1,0.0
2017-02-13 00:00:00,1555.1,1555.1,1555.1,1555.1,0.0
2017-02-14 00:00:00,1555.1,1555.1,1555.1,1555.1,0.0
2017-02-15 00:00:00,1555.1,1555.1,1555.1,1555.1,0.0
2017-02-16 00:00:00,1555.1,1555.1,1555.1,1555.1,0.0
2017-02-17 00:00:00,1555.1,1555.1,1555.1,1555.1,0.0
2017-02-18 00:00:00,1555.1,1555.1,1555.1,1555.1,0.0
2017-02-19 00:00:00,1555.1,1555.1,1555.1,1555.1,0.0
2017-02-20 00:00:00,1555.1,1555.1,1555.1,1555.1,0.0
2017-02-21 00:00:00,1555.1,1555.1,1555.1,1555.1,0.0
2017-02-22 00:00:00,1555.1,1555.1,1555.1,1555.1,0.0
2017-02-23 00:00:00,1555.1,1555.1,1555.1,1555.1,0.0
2017-02-24 00:00:00,1555.1,1555.1,1555.1,1555.1,0.0
2017-02-25 00:00:00,1555.1,1555.1,1555.1,1555.1,0.0
2017-02-26 00:00:00,1555.1,1555.1,1555.1,1555.1,0.0
2017-02-27 00:00:00,1555.1,1555.1,1555.1,1555.1,0.0
2017-02-28 00:00:00,1555.1,1555.1,1555.1,1555.1,0.0
2017-03-01 00:00:00,1555.1,1555.1,1555.1,1555.1,0.0
2017-03-02 00:00:00,1555.1,1555.1,1555.1,1555.1,0.0
2017-03-03 00:00:00,1555.1,1555.1,1555.1,1555.1,0.0
2017-03-04 00:00:00,1555.1,1555.1,1555.1,1555.1,0.0
2017-03-05 00:00:00,1555.1,1555.1,1555.1,1555.1,0.0
2017-03-06 00:00:00,1555.1,1555.1,1555.1,1555.1,0.0
2017-03-07 00:00:00,1555.1,1555.1,1555.1,1555.1,0.0
2017-03-08 00:00:00,1555.1,1555.1,1555.1,1555.1,0.0
2017-03-09 00:00:00,1555.1,1555.1,1555.1,1555.1,0.0
2017-03-10 00:00:00,1555.1,1555.1,1555.1,1555.1,0.0
2017-03-11 00:00:00,1555.1,1555.1,1555.1,1555.1,0.0
2017-03-12 00:00:00,1555.1,1555.1,1555.1,1555.1,0.0
2017-03-13 00:00:00,1555.1,1555.1,1555.1,1555.1,0.0
2017-03-14 00:00:00,1555.1,1555.1,1555.1,1555.1,0.0
2017-03-15 00:00:00,1555.1,1555.1,1555.1,1555.1,0.0
2017-03-16 00:00:00,1555.1,1555.1,1555.1,1555.1,0.0
2017-03-17 00:00:00,1555.1,1555.1,1555.1,1555.1,0.0
2017-03-18 00:00:00,1555.1,1555.1,1555.1,1555.1,0.0
2017-03-19 00:00:00,1555.1,1555.1,1555.1,1555.1,0.0
2017-03-20 00:00:00,1555.1,1555.1,1555.1,1555.1,0.0
2017-03-21 00:00:00,1555.1,1555.1,1555.1,1555.1,0.0
2017-03-22 00:00:00,1555.1,1555.1,1555.1,1555.1,0.0
2017-03-23 00:00:00,1555.1,1555.1,1555.1,1555.1,0.0
2017-03-24 00:00:00,1555.1,1555.1,1555.1,1555.1,0.0
2017-03-25 00:00:00,1555.1,1555.1,1555.1,1555.1,0.0
2017-03-26 00:00:00,1555.1,1555.1,1555.1,1555.1,0.0
2017-03-27 00:00:00,1555.1,1555.1,1555.1,1555.1,0.0
2017-03-28 00:00:00,1555.1,1555.1,1555.1,1555.1,0.0
2017-03-29 00:00:00,1555.1,1555.1,1555.1,1555.1,0.0
2017-03-30 00:00:00,1555.1,1555.1,1555.1,1555.1,0.0
2017-03-31 00:00:00,1555.1,1555.1,1555.1,1555.1,0.0
2017-04-01 00:00:00,1555.1,1555.1,1555.1,1555.1,0.0
2017-04-02 00:00:00,1555.1,1555.1,1555.1,1555.1,0.0
2017-04-03 00:00:00,1555.1,1555.1,1555.1,1555.1,0.0
2017-04-04 00:00:00,1555.1,1555.1,1555.1,1555.1,0.0
2017-04-05 00:00:00,1555.1,1555.1,1555.1,1555.1,0.0
2017-04-06 00:00:00,1555.1,1555.1,1555.1,1555.1,0.0
2017-04-07 00:00:00,1555.1,1555.1,1555.1,1555.1,0.0
2017-04-08 00:00:00,1555.1,1555.1,1555.1,1555.1,0.0
2017-04-09 00:00:00,1555.1,1555.1,1555.1,1555.1,0.0
2017-04-10 00:00:00,1555.1,1555.1,1555.1,1555.1,0.0
2017-04-11 00:00:00,1555.1,1555.1,1555.1,1555.1,0.0
2017-04-12 00:00:00,1555.1,1555.1,1555.1,1555.1,0.0
2017-04-13 00:00:00,1555.1,1555.1,1555.1,1555.1,0.0
2017-04-14 00:00:00,1555.1,1555.1,1555.1,1555.1,0.0
2017-04-15 00:00:00,1555.1,1555.1,1555.1,1555.1,0.0
2017-04-16 00:00:00,1555.1,1555.1,1555.1,1555.1,0.0
2017-04-17 00:00:00,1555.1,1555.1,1555.1,1555.1,0.0
2017-04-18 00:00:00,1555.1,1555.1,1555.1,1555.1,0.0
2017-04-19 00:00:00,1555.1,1555.1,1555.1,1555.1,0.0
2017-04-20 00:00:00,1555.1,1555.1,1555.1,1555.1,0.0
2017-04-21 00:00:00,1555.1,1555.1,1555.1,1555.1,0.0
2017-04-22 00:00:00,1555.1,1555.1,1555.1,1555.1,0.0
2017-04-23 00:00:00,1555.1,1555.1,1555.1,1555.1,0.0
2017-04-24 00:00:00,1555.1,1555.1,1555.1,1555.1,0.0
2017-04-25 00:00:00,1555.1,1555.1,1555.1,1555.1,0.0
2017-04-26 00:00:00,1555.1,1555.1,1555.1,1555.1,0.0
2017-04-27 00:00:00,1555.1,1555.1,1555.1,1555.1,0.0
2017-04-28 00:00:00,1555.1,1555.1,1555.1,1555.1,0.0
2017-04-29 00:00:00,1555.1,1555.1,1555.1,1555.1,0.0
2017-04-30 00:00:00,1555.1,1555.1,1555.1,1555.1,0.0
2017-05-01 00:00:00,1555.1,1555.1,1555.1,1555.1,0.0
2017-05-02 00:00:00,1555.1,1555.1,1555.1,1555.1,0.0
2017-05-03 00:00:00,1555.1,1555.1,1555.1,1555.1,0.0
2017-05-04 00:00:00,1555.1,1555.1,1555.1,1555.1,0.0
2017-05-05 00:00:00,1555.1,1555.1,1555.1,1555.1,0.0
2017-05-06 00:00:00,1555.1,1555.1,1555.1,1555.1,0.0
2017-05-07 00:00:00,1555.1,1590.2,1554.4,1589.9,0.12800000607967377
2017-05-08 00:00:00,1555.1,1699.9,1544.2,1668.5,2261.914794921875
2017-05-09 00:00:00,1667.3,1752.6,1651.3,1719.0,1319.330078125
2017-05-10 00:00:00,1718.9,1766.2,1710.2,1751.9,1538.98046875
2017-05-11 00:00:00,1779.7,1886.1,1775.6,1829.7,1615.84423828125
2017-05-12 00:00:00,1799.1,1824.0,1650.7,1690.8,2544.943115234375
2017-05-13 00:00:00,1690.8,1690.8,1690.8,1690.8,0.0
2017-05-14 00:00:00,1774.8,1799.8,1757.1,1793.4,323.6973876953125
2017-05-15 00:00:00,1793.6,1801.9,1711.3,1726.2,1069.5699462890625
2017-05-16 00:00:00,1739.8,1781.9,1709.5,1778.3,2826.4794921875
2017-05-17 00:00:00,1779.4,1853.1,1743.1,1812.9,4100.806640625
2017-05-18 00:00:00,1813.1,1904.0,1797.6,1896.3,3009.2666015625
2017-05-19 00:00:00,1896.7,1961.6,1852.2,1937.8,1358.06005859375
2017-05-20 00:00:00,1937.8,1937.8,1937.8,1937.8,0.0
2017-05-21 00:00:00,2026.7,2059.4,1985.5,2032.4,359.93670654296875
2017-05-22 00:00:00,2032.0,2298.0,1972.6,2104.6,3296.746826171875
2017-05-23 00:00:00,2104.6,2269.6,2100.4,2255.4,2443.903076171875
2017-05-24 00:00:00,2256.2,2435.0,2254.4,2429.8,2092.187255859375
2017-05-25 00:00:00,2420.5,2799.0,2205.8,2329.2,3235.869140625
2017-05-26 00:00:00,2329.2,2661.5,2241.4,2241.6,2814.52783203125
2017-05-27 00:00:00,2241.6,2241.6,2241.6,2241.6,0.0
2017-05-28 00:00:00,2205.2,2248.3,2082.0,2180.2,338.6141052246094
2017-05-29 00:00:00,2179.5,2352.6,2094.4,2274.3,5475.02880859375
2017-05-30 00:00:00,2275.0,2330.5,2129.4,2191.7,4838.4736328125
2017-05-31 00:00:00,2191.4,2335.7,2147.5,2303.4,4911.75
2017-06-01 00:00:00,2303.5,2475.2,2298.4,2418.4,2561.6953125
2017-06-02 00:00:00,2418.4,2449.0,2379.4,2429.9,2867.5283203125
2017-06-03 00:00:00,2429.9,2429.9,2429.9,2429.9,0.0
2017-06-04 00:00:00,2522.4,2536.9,2470.7,2523.1,219.30160522460938
2017-06-05 00:00:00,2523.5,2629.1,2518.2,2624.5,1588.6805419921875
2017-06-06 00:00:00,2690.0,2938.5,2670.8,2869.1,2599.212890625
2017-06-07 00:00:00,2868.8,2881.6,2609.3,2686.3,3192.322509765625
2017-06-08 00:00:00,2684.9,2811.9,2618.4,2807.7,2606.01220703125
2017-06-09 00:00:00,2807.6,2860.4,2786.6,2834.5,2096.91064453125
2017-06-10 00:00:00,2834.5,2834.5,2834.5,2834.5,0.0
2017-06-11 00:00:00,2925.5,2998.9,2855.0,2954.0,230.12109375
2017-06-12 00:00:00,2954.2,3000.0,2426.7,2523.6,1305.149658203125
2017-06-13 00:00:00,2654.0,2784.5,2632.0,2710.0,2602.001708984375
2017-06-14 00:00:00,2709.9,2811.1,2326.2,2452.7,1288.675048828125
2017-06-15 00:00:00,2341.3,2470.1,2075.1,2406.7,2707.504638671875
2017-06-16 00:00:00,2405.4,2520.7,2302.5,2487.9,2289.20947265625
2017-06-17 00:00:00,2487.9,2487.9,2487.9,2487.9,0.0
2017-06-18 00:00:00,2527.4,2538.1,2458.2,2508.2,380.72869873046875
2017-06-19 00:00:00,2514.3,2585.4,2483.6,2580.0,2472.23388671875
2017-06-20 00:00:00,2597.0,2772.1,2583.7,2725.1,2598.62353515625
2017-06-21 00:00:00,2725.1,2780.0,2569.3,2647.3,1744.5087890625
2017-06-22 00:00:00,2647.4,2728.6,2597.7,2683.5,2504.177978515625
2017-06-23 00:00:00,2683.4,2734.1,2664.1,2707.0,1993.8310546875
2017-06-24 00:00:00,2707.0,2707.0,2707.0,2707.0,0.0
2017-06-25 00:00:00,2517.7,2523.2,2407.6,2498.8,244.7801971435547
2017-06-26 00:00:00,2498.7,2556.0,2252.6,2407.9,2638.714111328125
2017-06-27 00:00:00,2407.9,2570.5,2264.4,2570.5,2798.6708984375
2017-06-28 00:00:00,2570.5,2602.3,2455.4,2553.5,2159.847900390625
2017-06-29 00:00:00,2553.0,2591.8,2502.4,2530.1,2354.597900390625
2017-06-30 00:00:00,2531.1,2552.2,2478.2,2501.6,1542.1304931640625
2017-07-01 00:00:00,2501.6,2501.6,2501.6,2501.6,0.0
2017-07-02 00:00:00,2480.6,2534.4,2474.1,2507.9,226.19630432128906
2017-07-03 00:00:00,2508.1,2584.6,2471.4,2546.9,1906.78466796875
2017-07-04 00:00:00,2546.6,2637.4,2543.9,2602.0,1912.1258544921875
2017-07-05 00:00:00,2602.0,2629.2,2537.5,2614.7,1676.4117431640625
2017-07-06 00:00:00,2612.3,2621.6,2578.4,2603.7,1930.7177734375
2017-07-07 00:00:00,2603.5,2608.5,2486.7,2514.9,1428.204833984375
2017-07-08 00:00:00,2514.9,2514.9,2514.9,2514.9,0.0
2017-07-09 00:00:00,2533.2,2544.2,2497.1,2500.2,203.3887939453125
2017-07-10 00:00:00,2499.8,2523.0,2256.4,2330.7,1962.3614501953125
2017-07-11 00:00:00,2330.6,2408.4,2254.1,2329.4,2066.253662109375
2017-07-12 00:00:00,2300.9,2413.0,2241.8,2382.4,2509.165771484375
2017-07-13 00:00:00,2381.4,2417.5,2307.1,2339.4,2156.5458984375
2017-07-14 00:00:00,2339.5,2352.1,2150.3,2157.9,2007.1337890625
2017-07-15 00:00:00,2157.9,2157.9,2157.9,2157.9,0.0
2017-07-16 00:00:00,1902.1,1938.4,1850.6,1905.4,281.7882080078125
2017-07-17 00:00:00,1906.4,2230.1,1904.4,2224.2,2138.071044921875
2017-07-18 00:00:00,2221.4,2393.8,2144.0,2307.4,2796.5693359375
2017-07-19 00:00:00,2348.4,2394.4,2216.0,2259.0,2475.968017578125
2017-07-20 00:00:00,2259.0,2773.0,2257.0,2740.0,2046.6241455078125
2017-07-21 00:00:00,2634.6,2650.4,2612.8,2625.0,115.45269775390625
2017-07-22 00:00:00,2625.0,2625.0,2625.0,2625.0,0.0
2017-07-23 00:00:00,2777.9,2805.0,2720.4,2755.6,280.93011474609375
2017-07-24 00:00:00,2754.6,2801.9,2719.7,2758.6,1902.3111572265625
2017-07-25 00:00:00,2758.8,2777.3,2449.8,2561.6,2291.65869140625
2017-07-26 00:00:00,2561.3,2609.4,2402.6,2525.1,2063.70556640625
2017-07-27 00:00:00,2525.7,2686.2,2510.7,2664.9,1955.5035400390625
2017-07-28 00:00:00,2665.2,2833.0,2655.4,2754.3,2261.23095703125
2017-07-29 00:00:00,2754.3,2754.3,2754.3,2754.3,0.0
2017-07-30 00:00:00,2754.3,2754.3,2754.3,2754.3,0.0
2017-07-31 00:00:00,2759.5,2906.3,2678.2,2869.2,3427.927490234375
2017-08-01 00:00:00,2868.5,2923.9,2637.9,2729.2,3108.872314453125
2017-08-02 00:00:00,2729.2,2757.0,2648.9,2699.9,2614.7890625
2017-08-03 00:00:00,2699.9,2803.6,2698.3,2789.3,2126.35791015625
2017-08-04 00:00:00,2789.3,2877.1,2761.3,2832.0,1821.3670654296875
2017-08-05 00:00:00,2832.0,2832.0,2832.0,2832.0,0.0
2017-08-06 00:00:00,3266.6,3291.9,3212.6,3229.4,219.56869506835938
2017-08-07 00:00:00,3229.4,3422.6,3190.9,3393.8,2306.226806640625
2017-08-08 00:00:00,3396.8,3486.6,3346.0,3422.6,2537.857421875
2017-08-09 00:00:00,3422.7,3433.7,3236.7,3344.0,2917.888427734375
2017-08-10 00:00:00,3356.3,3460.2,3315.1,3434.1,2151.535888671875
2017-08-11 00:00:00,3481.5,3588.3,3457.9,3587.9,1412.9647216796875
2017-08-12 00:00:00,3587.9,3587.9,3587.9,3587.9,0.0
2017-08-13 00:00:00,4060.0,4124.4,3953.4,4060.5,353.5335998535156
2017-08-14 00:00:00,4060.5,4340.6,3978.0,4320.6,2464.885986328125
2017-08-15 00:00:00,4320.5,4449.9,3807.5,4159.9,2818.842529296875
2017-08-16 00:00:00,4159.9,4390.9,4111.8,4380.4,554.9028930664062
2017-08-17 00:00:00,4380.2,4476.3,4179.3,4335.7,1634.192626953125
2017-08-18 00:00:00,4280.0,4309.9,4189.6,4300.4,573.1151733398438
2017-08-19 00:00:00,4300.4,4300.4,4300.4,4300.4,0.0
2017-08-20 00:00:00,4130.7,4180.6,4042.3,4063.4,305.7922058105469
2017-08-21 00:00:00,4063.4,4102.4,3964.1,3996.6,1720.2655029296875
2017-08-22 00:00:00,3774.8,4141.3,3770.6,4092.0,2181.821533203125
2017-08-23 00:00:00,4092.0,4259.9,4003.3,4144.3,2151.707275390625
2017-08-24 00:00:00,4144.4,4358.5,4111.8,4312.1,2054.205810546875
2017-08-25 00:00:00,4312.0,4453.0,4284.4,4329.0,1722.23193359375
2017-08-26 00:00:00,4329.0,4329.0,4329.0,4329.0,0.0
2017-08-27 00:00:00,4356.2,4375.5,4327.1,4329.1,213.9456024169922
2017-08-28 00:00:00,4338.5,4396.0,4185.7,4385.6,2053.636474609375
2017-08-29 00:00:00,4385.5,4641.7,4345.8,4590.9,2013.3822021484375
2017-08-30 00:00:00,4592.2,4636.9,4495.3,4581.1,1695.0458984375
2017-08-31 00:00:00,4581.0,4766.5,4576.2,4734.4,1525.0614013671875
2017-09-01 00:00:00,4734.4,4734.4,4734.4,4734.4,0.0
2017-09-02 00:00:00,4734.4,4734.4,4734.4,4734.4,0.0
2017-09-03 00:00:00,4734.4,4734.4,4734.4,4734.4,0.0
2017-09-04 00:00:00,4626.0,4628.2,4157.9,4344.1,2373.810546875
2017-09-05 00:00:00,4344.1,4524.3,4029.4,4432.5,2713.792724609375
2017-09-06 00:00:00,4432.5,4681.3,4419.2,4616.2,2819.53564453125
2017-09-07 00:00:00,4616.2,4690.0,4479.2,4624.2,3060.58740234375
2017-09-08 00:00:00,4624.2,4692.4,4139.4,4247.4,2370.464599609375
2017-09-09 00:00:00,4247.4,4247.4,4247.4,4247.4,0.0
2017-09-10 00:00:00,4330.4,4345.0,4226.6,4251.4,228.20570373535156
2017-09-11 00:00:00,4251.4,4378.5,4110.1,4214.4,3704.842041015625
2017-09-12 00:00:00,4214.4,4384.9,4078.7,4159.9,2332.152099609375
2017-09-13 00:00:00,4159.7,4171.5,3732.0,3855.4,2587.805908203125
2017-09-14 00:00:00,3855.4,3925.3,3212.6,3249.2,3167.25634765625
2017-09-15 00:00:00,3328.6,3837.3,2972.6,3720.0,2972.41357421875
2017-09-16 00:00:00,3720.0,3720.0,3720.0,3720.0,0.0
2017-09-17 00:00:00,3765.3,3796.1,3699.5,3712.1,267.9801025390625
2017-09-18 00:00:00,3712.4,4121.0,3702.6,4094.8,3502.51123046875
2017-09-19 00:00:00,4011.9,4049.0,3850.4,3902.6,2464.070068359375
2017-09-20 00:00:00,3901.2,4042.9,3832.0,3866.7,2218.127685546875
2017-09-21 00:00:00,3866.4,3904.7,3571.8,3623.3,2469.571044921875
2017-09-22 00:00:00,3652.5,3761.0,3509.6,3614.4,1084.4869384765625
2017-09-23 00:00:00,3614.4,3614.4,3614.4,3614.4,0.0
2017-09-24 00:00:00,3676.3,3695.3,3655.4,3669.0,163.34649658203125
2017-09-25 00:00:00,3669.0,3960.3,3666.7,3919.2,1039.647705078125
2017-09-26 00:00:00,3919.3,3964.6,3849.8,3881.4,2132.0986328125
2017-09-27 00:00:00,3882.3,4229.4,3872.0,4200.0,1909.6982421875
2017-09-28 00:00:00,4200.0,4275.5,4124.3,4186.8,2254.764892578125
2017-09-29 00:00:00,4186.5,4218.7,4014.5,4169.4,1436.6380615234375
2017-09-30 00:00:00,4169.4,4169.4,4169.4,4169.4,0.0
2017-10-01 00:00:00,4169.4,4169.4,4169.4,4169.4,0.0
2017-10-02 00:00:00,4386.7,4469.0,4359.8,4397.2,1018.7393188476562
2017-10-03 00:00:00,4385.8,4425.1,4236.1,4310.1,1021.6911010742188
2017-10-04 00:00:00,4310.0,4346.8,4181.9,4219.3,1568.033447265625
2017-10-05 00:00:00,4214.9,4360.3,4144.5,4315.3,1413.093994140625
2017-10-06 00:00:00,4315.4,4415.9,4293.0,4338.2,1263.392822265625
2017-10-07 00:00:00,4338.2,4338.2,4338.2,4338.2,0.0
2017-10-08 00:00:00,4561.8,4613.6,4535.1,4598.2,202.0045928955078
2017-10-09 00:00:00,4598.1,4870.0,4554.8,4772.2,1953.6275634765625
2017-10-10 00:00:00,4770.3,4926.5,4707.5,4748.3,1920.4246826171875
2017-10-11 00:00:00,4748.2,4874.9,4714.1,4818.5,1770.1474609375
2017-10-12 00:00:00,4818.2,5437.2,4810.5,5434.4,2434.142822265625
2017-10-13 00:00:00,5435.5,5865.5,5387.0,5613.0,2129.047119140625
2017-10-14 00:00:00,5613.0,5613.0,5613.0,5613.0,0.0
2017-10-15 00:00:00,5507.0,5737.2,5476.3,5693.7,200.15989685058594
2017-10-16 00:00:00,5693.7,5785.3,5574.8,5751.4,2373.01318359375
2017-10-17 00:00:00,5751.6,5769.3,5522.6,5594.5,1817.809814453125
2017-10-18 00:00:00,5594.8,5600.0,5106.7,5574.0,2166.688232421875
2017-10-19 00:00:00,5574.0,5738.9,5517.8,5702.8,1926.86083984375
2017-10-20 00:00:00,5703.0,6064.0,5614.0,5973.2,1698.416015625
2017-10-21 00:00:00,5973.2,5973.2,5973.2,5973.2,0.0
2017-10-22 00:00:00,5990.0,6029.9,5855.2,5996.6,192.2866973876953
2017-10-23 00:00:00,5996.6,6056.8,5647.7,5905.7,2702.650634765625
2017-10-24 00:00:00,5905.7,5906.3,5464.3,5521.2,3921.30419921875
2017-10-25 00:00:00,5521.2,5758.7,5373.4,5737.7,3015.45458984375
2017-10-26 00:00:00,5737.0,5984.9,5692.2,5890.1,2197.949462890625
2017-10-27 00:00:00,5890.0,5995.0,5689.6,5750.9,1848.045654296875
2017-10-28 00:00:00,5750.9,5750.9,5750.9,5750.9,0.0
2017-10-29 00:00:00,5945.1,6250.6,5945.1,6133.4,231.2200927734375
2017-10-30 00:00:00,6133.2,6215.0,6027.0,6123.8,1835.8824462890625
2017-10-31 00:00:00,6123.7,6466.4,6085.6,6445.0,1867.7724609375
2017-11-01 00:00:00,6445.0,6757.8,6362.7,6741.6,2136.885498046875
2017-11-02 00:00:00,6741.6,7390.9,6732.9,7025.9,2415.29931640625
2017-11-03 00:00:00,7026.0,7449.0,6933.1,7228.0,2235.0009765625
2017-11-04 00:00:00,7228.0,7228.0,7228.0,7228.0,0.0
2017-11-05 00:00:00,7513.1,7592.2,7303.6,7380.5,268.22479248046875
2017-11-06 00:00:00,7382.0,7423.7,6925.4,6953.5,3026.627197265625
2017-11-07 00:00:00,6960.1,7226.0,6958.6,7122.8,2847.4619140625
2017-11-08 00:00:00,7122.8,7882.2,7034.8,7457.0,2952.343505859375
2017-11-09 00:00:00,7458.4,7470.2,7053.9,7150.1,2607.2666015625
2017-11-10 00:00:00,7150.1,7345.2,6413.7,6580.3,2177.4638671875
2017-11-11 00:00:00,6580.3,6580.3,6580.3,6580.3,0.0
2017-11-12 00:00:00,6060.3,6187.8,5602.7,5843.5,327.4071960449219
2017-11-13 00:00:00,5844.2,6812.5,5801.3,6528.8,3360.815673828125
2017-11-14 00:00:00,6530.0,6748.0,6477.0,6603.1,3125.8896484375
2017-11-15 00:00:00,6603.0,7344.1,6602.9,7277.4,2277.6337890625
2017-11-16 00:00:00,7274.4,7985.4,7114.7,7838.6,2162.52490234375
2017-11-17 00:00:00,7838.6,7996.4,7532.4,7697.3,2010.1993408203125
2017-11-18 00:00:00,7697.3,7697.3,7697.3,7697.3,0.0
2017-11-19 00:00:00,7965.0,8098.7,7931.0,8031.8,196.5435028076172
2017-11-20 00:00:00,8031.8,8299.3,7943.2,8237.3,1498.3350830078125
2017-11-21 00:00:00,8237.4,8374.0,7797.5,8096.9,1756.306640625
2017-11-22 00:00:00,8096.8,8303.0,8061.0,8237.4,1612.9725341796875
2017-11-23 00:00:00,8237.6,8268.4,8009.4,8019.3,1733.7933349609375
2017-11-24 00:00:00,8019.3,8327.4,7872.3,8249.0,1551.6409912109375
2017-11-25 00:00:00,8249.0,8249.0,8249.0,8249.0,0.0
2017-11-26 00:00:00,9288.9,9518.7,9146.1,9317.9,172.27650451660156
2017-11-27 00:00:00,9317.5,9763.0,9309.7,9763.0,1875.337890625
2017-11-28 00:00:00,9740.9,9975.2,9624.7,9908.8,1531.575439453125
2017-11-29 00:00:00,9931.5,11433.3,8980.4,9788.7,2966.50439453125
2017-11-30 00:00:00,9784.5,10810.7,9011.1,9916.3,4016.28271484375
2017-12-01 00:00:00,9916.0,10939.9,9372.8,10896.8,2963.370361328125
2017-12-02 00:00:00,10896.8,10896.8,10896.8,10896.8,0.0
2017-12-03 00:00:00,11643.1,11845.2,10500.1,11220.0,346.7637939453125
2017-12-04 00:00:00,11219.8,11638.1,10927.1,11633.9,2560.916259765625
2017-12-05 00:00:00,11634.2,11864.0,11496.6,11718.3,2023.7923583984375
2017-12-06 00:00:00,11718.3,13953.4,11700.6,13705.1,2565.52197265625
2017-12-07 00:00:00,13718.5,16784.3,13487.5,16341.6,2312.149169921875
2017-12-08 00:00:00,16341.3,17021.2,13864.9,15640.4,281.90350341796875
2017-12-09 00:00:00,15640.4,15640.4,15640.4,15640.4,0.0
2017-12-10 00:00:00,15426.1,15912.6,14524.1,15065.6,370.9184875488281
2017-12-11 00:00:00,15097.0,17424.0,15011.3,16749.7,1946.344482421875
2017-12-12 00:00:00,16747.3,17596.3,16292.9,17145.7,993.0982055664062
2017-12-13 00:00:00,17147.0,17619.9,15741.1,16358.0,1836.6534423828125
2017-12-14 00:00:00,16354.0,17101.0,16029.3,16386.1,1858.193603515625
2017-12-15 00:00:00,16491.6,17957.2,16359.4,17628.5,902.1947021484375
2017-12-16 00:00:00,17628.5,17628.5,17628.5,17628.5,0.0
2017-12-17 00:00:00,19089.9,19510.2,18670.8,19024.6,237.13209533691406
2017-12-18 00:00:00,19025.0,19229.1,18117.9,18929.0,2437.701171875
2017-12-19 00:00:00,18927.6,19001.9,16728.1,17585.2,2299.6650390625
2017-12-20 00:00:00,17585.8,17835.3,15585.3,16443.4,3004.76904296875
2017-12-21 00:00:00,16454.7,17338.9,14852.9,15682.0,1804.20166015625
2017-12-22 00:00:00,15684.5,15825.1,10772.3,14233.6,268.35650634765625
2017-12-23 00:00:00,14233.6,14233.6,14233.6,14233.6,0.0
2017-12-24 00:00:00,13053.4,14147.2,12534.7,14138.8,147.4741973876953
2017-12-25 00:00:00,13985.0,14622.5,13162.3,13950.7,649.76708984375
2017-12-26 00:00:00,13947.4,16131.3,13894.7,15790.5,3320.029541015625
2017-12-27 00:00:00,15790.2,16499.1,14604.0,15390.7,2625.36279296875
2017-12-28 00:00:00,15391.6,15489.1,13497.5,14459.0,2276.29443359375
2017-12-29 00:00:00,14447.3,15092.6,13939.2,14308.1,2677.669189453125
2017-12-30 00:00:00,14308.1,14308.1,14308.1,14308.1,0.0
2017-12-31 00:00:00,14308.1,14308.1,14308.1,14308.1,0.0
2018-01-01 00:00:00,13496.1,13610.8,13347.2,13378.2,76.66899871826172
2018-01-02 00:00:00,13375.6,15196.7,12920.7,14707.6,849.4949951171875
2018-01-03 00:00:00,14678.7,15373.7,14555.7,15092.7,893.8737182617188
2018-01-04 00:00:00,15093.4,15366.9,14167.2,15106.7,867.7930297851562
2018-01-05 00:00:00,15106.8,16880.2,14786.3,16781.9,847.7329711914062
2018-01-06 00:00:00,16781.9,16781.9,16781.9,16781.9,0.0
2018-01-07 00:00:00,16140.0,16408.4,16099.1,16120.6,64.38269805908203
2018-01-08 00:00:00,16116.5,16227.0,13864.8,14940.1,895.3026733398438
2018-01-09 00:00:00,14919.2,15321.2,14110.1,14396.2,748.2362060546875
2018-01-10 00:00:00,14358.6,14845.5,13387.5,14843.8,841.2285766601562
2018-01-11 00:00:00,14847.0,14913.8,12744.3,13242.9,755.3150024414062
2018-01-12 00:00:00,13198.5,14065.6,12782.5,13697.2,698.1314697265625
2018-01-13 00:00:00,13697.2,13697.2,13697.2,13697.2,0.0
2018-01-14 00:00:00,13357.3,13650.2,13348.4,13572.4,58.64910125732422
2018-01-15 00:00:00,13572.3,14273.5,13342.4,13530.8,761.6536254882812
2018-01-16 00:00:00,13532.5,13539.4,9975.8,11339.5,688.3806762695312
2018-01-17 00:00:00,11337.1,11720.7,9124.9,11095.4,820.8588256835938
2018-01-18 00:00:00,11154.6,12007.0,10545.7,11207.0,1093.6351318359375
2018-01-19 00:00:00,11196.8,11885.3,10839.8,11309.5,1148.8685302734375
2018-01-20 00:00:00,11309.5,11309.5,11309.5,11309.5,0.0
2018-01-21 00:00:00,11321.7,11474.2,11119.6,11474.1,101.10880279541016
2018-01-22 00:00:00,11466.9,11831.9,9979.9,10742.8,1444.2960205078125
2018-01-23 00:00:00,10738.2,11338.4,9908.2,10782.4,1379.0758056640625
2018-01-24 00:00:00,10798.5,11444.7,10446.9,11332.3,1198.2281494140625
2018-01-25 00:00:00,11335.9,11662.4,10846.6,11090.8,1015.6077880859375
2018-01-26 00:00:00,11082.2,11564.0,10260.5,10847.4,987.5296020507812
2018-01-27 00:00:00,10847.4,10847.4,10847.4,10847.4,0.0
2018-01-28 00:00:00,11725.4,11734.4,11611.3,11639.8,0.4198000133037567
2018-01-29 00:00:00,11635.2,11723.4,10994.6,11142.1,6.429900169372559
2018-01-30 00:00:00,11148.9,11166.6,9755.9,10006.3,8.08549976348877
2018-01-31 00:00:00,10036.0,10321.0,9584.0,10121.4,7.787899971008301
2018-02-01 00:00:00,10111.8,10199.2,8600.5,9018.3,8.631699562072754
2018-02-02 00:00:00,9019.5,9083.7,7563.5,8534.9,7.9644999504089355
2018-02-03 00:00:00,8534.9,8534.9,8534.9,8534.9,0.0
2018-02-04 00:00:00,8017.5,8370.4,8002.2,8122.4,0.7766000032424927
2018-02-05 00:00:00,8120.8,8299.9,6540.6,6857.3,452.8486633300781
2018-02-06 00:00:00,6870.4,7883.7,5881.5,7644.4,1235.3599853515625
2018-02-07 00:00:00,7638.4,8538.2,7139.6,7527.0,1075.9599609375
2018-02-08 00:00:00,7538.3,8580.1,7526.7,8190.2,912.3599853515625
2018-02-09 00:00:00,8197.4,8676.7,7705.5,8505.4,753.6599731445312
2018-02-10 00:00:00,8505.4,8505.4,8505.4,8505.4,0.0
2018-02-11 00:00:00,8241.5,8277.7,7970.3,8020.4,65.11000061035156
2018-02-12 00:00:00,8023.0,8927.9,8021.3,8843.3,270.0523986816406
2018-02-13 00:00:00,8845.1,8883.3,8312.8,8464.5,813.0999755859375
2018-02-14 00:00:00,8465.0,9441.8,8460.1,9419.7,891.9600219726562
2018-02-15 00:00:00,9420.6,10162.0,9288.2,9962.2,971.2100219726562
2018-02-16 00:00:00,9957.0,10236.1,9645.0,10028.3,808.22998046875
2018-02-17 00:00:00,10028.3,10028.3,10028.3,10028.3,0.0
2018-02-18 00:00:00,10697.8,10703.2,10315.1,10345.9,80.02999877929688
2018-02-19 00:00:00,10339.4,11193.6,10264.3,11105.9,896.5800170898438
2018-02-20 00:00:00,11115.2,11716.2,11027.1,11164.0,920.4299926757812
2018-02-21 00:00:00,11171.0,11213.9,10189.4,10400.1,1061.0799560546875
2018-02-22 00:00:00,10396.2,10869.0,9673.6,9780.2,1028.3499755859375
2018-02-23 00:00:00,9773.1,10353.2,9531.7,9860.1,1099.6324462890625
2018-02-24 00:00:00,9860.1,9860.1,9860.1,9860.1,0.0
2018-02-25 00:00:00,9535.0,9625.5,9490.5,9517.9,107.99500274658203
2018-02-26 00:00:00,9528.6,10391.9,9323.2,10259.6,1322.0250244140625
2018-02-27 00:00:00,10244.9,10800.9,10083.3,10523.5,1422.60498046875
2018-02-28 00:00:00,10530.0,11008.8,10227.9,10255.3,1340.8599853515625
2018-03-01 00:00:00,10263.1,11025.7,10169.7,10858.6,785.5399780273438
2018-03-02 00:00:00,10864.5,11118.2,10731.5,10970.2,698.989990234375
2018-03-03 00:00:00,10970.2,10970.2,10970.2,10970.2,0.0
2018-03-04 00:00:00,11367.0,11463.3,11280.5,11437.4,49.68000030517578
2018-03-05 00:00:00,11442.3,11620.9,11357.2,11378.0,617.510009765625
2018-03-06 00:00:00,11362.7,11377.2,10517.4,10670.5,743.8699951171875
2018-03-07 00:00:00,10649.7,10844.1,9389.6,9856.6,862.7999877929688
2018-03-08 00:00:00,9867.8,10055.6,9032.7,9255.4,843.3699951171875
2018-03-09 00:00:00,9264.1,9373.5,8336.0,9049.0,930.5
2018-03-10 00:00:00,9049.0,9049.0,9049.0,9049.0,0.0
2018-03-11 00:00:00,9049.0,9049.0,9049.0,9049.0,0.0
2018-03-12 00:00:00,9496.3,9855.1,8744.2,8959.0,717.6400146484375
2018-03-13 00:00:00,9086.3,9432.4,8809.0,9106.2,808.1900024414062
2018-03-14 00:00:00,9106.5,9309.8,7905.0,8156.4,760.75
2018-03-15 00:00:00,8155.3,8375.6,7633.1,8217.9,787.5999755859375
2018-03-16 00:00:00,8216.6,8560.3,7872.9,8485.6,634.3599853515625
2018-03-17 00:00:00,8485.6,8485.6,8485.6,8485.6,0.0
2018-03-18 00:00:00,8159.4,8208.2,8011.9,8158.7,81.66000366210938
2018-03-19 00:00:00,8146.8,8677.3,8075.5,8563.2,794.3699951171875
2018-03-20 00:00:00,8562.9,8958.1,8282.0,8833.2,1064.092529296875
2018-03-21 00:00:00,8833.1,9096.5,8680.8,8817.4,1577.6300048828125
2018-03-22 00:00:00,8816.8,9011.9,8415.1,8634.6,1633.824951171875
2018-03-23 00:00:00,8636.0,8641.2,8213.1,8542.3,1323.405029296875
2018-03-24 00:00:00,8542.3,8542.3,8542.3,8542.3,0.0
2018-03-25 00:00:00,8547.0,8569.5,8321.2,8377.6,169.4600067138672
2018-03-26 00:00:00,8377.6,8422.3,7782.9,8062.1,1618.322509765625
2018-03-27 00:00:00,8062.7,8133.6,7668.6,7710.3,1909.822509765625
2018-03-28 00:00:00,7711.2,8023.9,7658.2,7864.5,1563.8125
2018-03-29 00:00:00,7864.5,7884.7,6838.8,7014.2,1937.9725341796875
2018-03-30 00:00:00,7014.1,7193.0,6516.3,6793.4,2294.034912109375
2018-03-31 00:00:00,6793.4,6793.4,6793.4,6793.4,0.0
2018-04-01 00:00:00,6748.5,6772.2,6687.4,6741.6,134.71249389648438
2018-04-02 00:00:00,6741.6,7041.1,6699.7,6980.0,1657.824951171875
2018-04-03 00:00:00,6980.0,7435.2,6943.2,7344.2,1573.91748046875
2018-04-04 00:00:00,7344.1,7344.9,6634.4,6715.1,1668.9549560546875
2018-04-05 00:00:00,6715.3,6841.6,6506.5,6699.7,1905.9649658203125
2018-04-06 00:00:00,6700.6,6774.4,6437.9,6529.7,1376.0400390625
2018-04-07 00:00:00,6529.7,6529.7,6529.7,6529.7,0.0
2018-04-08 00:00:00,6923.3,6976.8,6922.6,6948.2,83.01000213623047
2018-04-09 00:00:00,6948.2,7101.8,6545.4,6700.7,835.8599853515625
2018-04-10 00:00:00,6700.9,6808.7,6587.3,6761.1,878.5549926757812
2018-04-11 00:00:00,6761.2,6894.4,6731.5,6872.8,885.407470703125
2018-04-12 00:00:00,6872.8,7944.5,6688.1,7844.7,1607.5849609375
2018-04-13 00:00:00,7845.1,8146.7,7678.7,7821.0,1677.1624755859375
2018-04-14 00:00:00,7821.0,7821.0,7821.0,7821.0,0.0
2018-04-15 00:00:00,8231.8,8296.2,8226.1,8287.7,94.72750091552734
2018-04-16 00:00:00,8287.8,8337.1,7831.1,7983.8,1566.0050048828125
2018-04-17 00:00:00,7984.0,8085.8,7753.9,7817.9,1438.447509765625
2018-04-18 00:00:00,7818.2,8158.4,7806.9,8094.1,755.6199951171875
2018-04-19 00:00:00,8093.7,8221.0,8027.3,8202.8,1206.3974609375
2018-04-20 00:00:00,8202.8,8484.6,8145.5,8450.2,1196.7099609375
2018-04-21 00:00:00,8450.2,8450.2,8450.2,8450.2,0.0
2018-04-22 00:00:00,8840.6,8841.5,8688.1,8723.4,178.4600067138672
2018-04-23 00:00:00,8723.4,8924.1,8704.5,8868.2,1394.4300537109375
2018-04-24 00:00:00,8868.3,9659.9,8860.7,9574.6,1584.72998046875
2018-04-25 00:00:00,9574.6,9682.5,8691.8,8790.7,2111.71240234375
2018-04-26 00:00:00,8790.8,9231.2,8587.5,9203.6,1757.280029296875
2018-04-27 00:00:00,9203.6,9303.4,8884.4,8902.0,1251.8074951171875
2018-04-28 00:00:00,8902.0,8902.0,8902.0,8902.0,0.0
2018-04-29 00:00:00,9251.1,9346.9,9249.7,9325.1,84.29499816894531
2018-04-30 00:00:00,9327.0,9373.7,9047.6,9169.0,1151.219970703125
2018-05-01 00:00:00,9169.0,9171.0,8763.1,8999.0,1358.68505859375
2018-05-02 00:00:00,8998.8,9192.2,8910.4,9150.9,981.1500244140625
2018-05-03 00:00:00,9150.9,9726.5,9095.0,9662.7,1191.3974609375
2018-05-04 00:00:00,9662.6,9703.7,9459.2,9613.1,1121.3675537109375
2018-05-05 00:00:00,9613.1,9613.1,9613.1,9613.1,0.0
2018-05-06 00:00:00,9467.6,9568.3,9451.4,9553.3,91.25250244140625
2018-05-07 00:00:00,9554.1,9587.3,9117.5,9293.8,1316.217529296875
2018-05-08 00:00:00,9293.8,9385.9,8977.0,9109.0,1125.1424560546875
2018-05-09 00:00:00,9109.1,9398.3,8899.9,9237.2,1061.6925048828125
2018-05-10 00:00:00,9239.1,9316.8,8933.9,8946.3,1182.3050537109375
2018-05-11 00:00:00,8946.3,8948.4,8319.1,8371.9,1346.3800048828125
2018-05-12 00:00:00,8371.9,8371.9,8371.9,8371.9,0.0
2018-05-13 00:00:00,8592.4,8680.6,8590.7,8620.8,99.86750030517578
2018-05-14 00:00:00,8620.8,8812.8,8221.3,8604.3,1533.655029296875
2018-05-15 00:00:00,8604.6,8778.3,8361.9,8405.3,1037.5400390625
2018-05-16 00:00:00,8405.1,8424.8,8035.8,8274.8,624.2100219726562
2018-05-17 00:00:00,8274.5,8403.9,7933.1,7989.0,590.6500244140625
2018-05-18 00:00:00,7989.1,8208.2,7863.5,8160.7,514.6900024414062
2018-05-19 00:00:00,8160.7,8160.7,8160.7,8160.7,0.0
2018-05-20 00:00:00,8458.7,8477.0,8416.3,8455.6,37.20000076293945
2018-05-21 00:00:00,8456.0,8513.1,8249.6,8324.6,705.260009765625
2018-05-22 00:00:00,8325.0,8338.9,7889.6,7921.6,1205.425048828125
2018-05-23 00:00:00,7921.9,7958.7,7376.1,7436.8,1753.6650390625
2018-05-24 00:00:00,7437.2,7658.9,7207.4,7513.9,1780.1324462890625
2018-05-25 00:00:00,7513.8,7583.7,7272.2,7379.8,1195.37255859375
2018-05-26 00:00:00,7379.8,7379.8,7379.8,7379.8,0.0
2018-05-27 00:00:00,7259.4,7304.2,7255.0,7278.9,66.02999877929688
2018-05-28 00:00:00,7279.1,7369.6,7008.9,7037.9,1304.469970703125
2018-05-29 00:00:00,7037.9,7456.1,6987.3,7394.7,1095.8924560546875
2018-05-30 00:00:00,7396.1,7489.1,7210.1,7315.1,1148.4024658203125
2018-05-31 00:00:00,7315.1,7532.1,7272.4,7424.2,1167.197509765625
2018-06-01 00:00:00,7424.9,7540.5,7288.1,7372.6,968.2625122070312
2018-06-02 00:00:00,7372.6,7372.6,7372.6,7372.6,0.0
2018-06-03 00:00:00,7625.5,7647.7,7625.5,7644.3,61.5724983215332
2018-06-04 00:00:00,7644.2,7689.9,7390.3,7429.8,970.0625
2018-06-05 00:00:00,7429.8,7597.2,7293.4,7553.2,1053.62744140625
2018-06-06 00:00:00,7553.2,7627.2,7422.9,7589.7,893.2000122070312
2018-06-07 00:00:00,7589.7,7684.7,7570.6,7621.5,975.3599853515625
2018-06-08 00:00:00,7621.5,7628.8,7479.9,7580.7,997.5349731445312
2018-06-09 00:00:00,7580.7,7580.7,7580.7,7580.7,0.0
2018-06-10 00:00:00,6675.4,6707.8,6596.5,6702.9,169.91250610351562
2018-06-11 00:00:00,6702.9,6842.1,6577.0,6813.2,1455.4599609375
2018-06-12 00:00:00,6813.3,6813.8,6386.0,6482.1,1331.6500244140625
2018-06-13 00:00:00,6482.3,6547.7,6068.0,6231.9,1086.074951171875
2018-06-14 00:00:00,6232.0,6637.7,6205.8,6571.4,1380.0999755859375
2018-06-15 00:00:00,6571.6,6592.4,6388.4,6432.5,1365.0150146484375
2018-06-16 00:00:00,6432.5,6432.5,6432.5,6432.5,0.0
2018-06-17 00:00:00,6430.8,6436.6,6364.1,6376.7,145.12750244140625
2018-06-18 00:00:00,6376.6,6728.9,6320.8,6644.0,1134.844970703125
2018-06-19 00:00:00,6644.1,6770.6,6604.7,6671.4,1135.68505859375
2018-06-20 00:00:00,6671.3,6744.4,6493.4,6693.8,1127.1875
2018-06-21 00:00:00,6693.9,6721.2,6617.6,6649.8,846.3524780273438
2018-06-22 00:00:00,6649.9,6662.2,5847.2,6007.4,1166.8499755859375
2018-06-23 00:00:00,6007.4,6007.4,6007.4,6007.4,0.0
2018-06-24 00:00:00,6121.3,6132.7,6046.4,6084.4,153.82000732421875
2018-06-25 00:00:00,6084.4,6270.8,6024.6,6185.3,1521.06005859375
2018-06-26 00:00:00,6185.3,6210.8,5992.3,6010.2,1441.3275146484375
2018-06-27 00:00:00,6010.2,6117.1,5937.1,6072.2,1109.4825439453125
2018-06-28 00:00:00,6072.2,6098.4,5768.2,5794.5,1055.4625244140625
2018-06-29 00:00:00,5794.6,5876.1,5732.2,5842.3,1705.9749755859375
2018-06-30 00:00:00,5842.3,5842.3,5842.3,5842.3,0.0
2018-07-01 00:00:00,6279.8,6325.4,6278.8,6289.6,116.19499969482422
2018-07-02 00:00:00,6290.8,6610.3,6215.7,6550.6,1432.030029296875
2018-07-03 00:00:00,6551.7,6608.5,6406.8,6442.9,1147.7874755859375
2018-07-04 00:00:00,6442.9,6725.0,6354.4,6526.1,902.0125122070312
2018-07-05 00:00:00,6526.1,6639.9,6393.2,6469.7,1434.1650390625
2018-07-06 00:00:00,6469.8,6569.6,6392.2,6509.2,1103.0274658203125
2018-07-07 00:00:00,6509.2,6509.2,6509.2,6509.2,0.0
2018-07-08 00:00:00,6687.5,6696.2,6616.9,6643.9,114.2925033569336
2018-07-09 00:00:00,6643.9,6739.9,6562.4,6604.0,1080.8699951171875
2018-07-10 00:00:00,6604.4,6618.1,6216.6,6243.7,1848.237548828125
2018-07-11 00:00:00,6243.7,6339.5,6226.3,6318.5,1243.37744140625
2018-07-12 00:00:00,6318.5,6318.5,6026.3,6183.7,1203.5174560546875
2018-07-13 00:00:00,6183.6,6273.5,6066.4,6124.5,780.9650268554688
2018-07-14 00:00:00,6124.5,6124.5,6124.5,6124.5,0.0
2018-07-15 00:00:00,6318.7,6322.7,6278.4,6289.6,55.45750045776367
2018-07-16 00:00:00,6289.6,6684.9,6272.1,6667.6,979.072509765625
2018-07-17 00:00:00,6667.6,7390.9,6601.8,7254.5,897.3400268554688
2018-07-18 00:00:00,7254.6,7517.5,7181.8,7316.4,625.6799926757812
2018-07-19 00:00:00,7316.7,7493.2,7222.7,7412.3,936.7000122070312
2018-07-20 00:00:00,7412.3,7617.9,7218.0,7293.5,1146.657470703125
2018-07-21 00:00:00,7293.5,7293.5,7293.5,7293.5,0.0
2018-07-22 00:00:00,7469.6,7506.9,7282.9,7338.0,166.91000366210938
2018-07-23 00:00:00,7338.2,7737.9,7315.8,7656.3,1310.905029296875
2018-07-24 00:00:00,7656.6,8417.4,7640.5,8343.0,1691.5550537109375
2018-07-25 00:00:00,8343.0,8421.3,7997.3,8109.5,1476.0074462890625
2018-07-26 00:00:00,8109.5,8249.4,7793.1,7871.9,1192.7149658203125
2018-07-27 00:00:00,7871.9,8209.6,7739.3,8168.3,1060.8299560546875
2018-07-28 00:00:00,8168.3,8168.3,8168.3,8168.3,0.0
2018-07-29 00:00:00,8137.6,8209.5,8115.4,8153.6,97.4574966430664
2018-07-30 00:00:00,8153.6,8207.9,7801.0,8114.5,1212.4124755859375
2018-07-31 00:00:00,8114.5,8114.5,7584.5,7668.2,1313.85498046875
2018-08-01 00:00:00,7668.6,7691.2,7379.6,7544.4,1083.7774658203125
2018-08-02 00:00:00,7544.4,7639.8,7405.4,7474.4,925.1525268554688
2018-08-03 00:00:00,7474.4,7475.0,7229.7,7327.5,460.5674743652344
2018-08-04 00:00:00,7327.5,7327.5,7327.5,7327.5,0.0
2018-08-05 00:00:00,6993.8,7017.7,6953.3,6967.8,0.2670300006866455
2018-08-06 00:00:00,6967.7,7096.6,6782.1,6875.2,3.236248016357422
2018-08-07 00:00:00,6875.1,7089.0,6622.0,6657.8,3.5437819957733154
2018-08-08 00:00:00,6657.9,6658.4,6068.2,6220.1,4.405228137969971
2018-08-09 00:00:00,6220.3,6564.0,6131.4,6477.1,3.156972885131836
2018-08-10 00:00:00,6477.1,6513.3,6085.2,6128.0,3.28085994720459
2018-08-11 00:00:00,6128.0,6128.0,6128.0,6128.0,0.0
2018-08-12 00:00:00,6279.2,6333.1,6237.2,6252.5,0.39041799306869507
2018-08-13 00:00:00,6252.5,6470.8,6094.9,6191.5,3.870410919189453
2018-08-14 00:00:00,6191.5,6206.1,5827.0,6133.5,5.688687801361084
2018-08-15 00:00:00,6133.5,6556.2,6125.9,6209.4,4.153240203857422
2018-08-16 00:00:00,6209.3,6413.7,6154.8,6253.0,4.668436050415039
2018-08-17 00:00:00,6253.0,6491.4,6233.0,6414.9,4.897592067718506
2018-08-18 00:00:00,6414.9,6414.9,6414.9,6414.9,0.0
2018-08-19 00:00:00,6468.5,6484.6,6417.9,6423.7,0.3560889959335327
2018-08-20 00:00:00,6423.9,6460.7,6172.5,6198.4,3.1941802501678467
2018-08-21 00:00:00,6198.4,6433.8,6190.1,6415.9,3.2191760540008545
2018-08-22 00:00:00,6416.0,6813.7,6192.1,6296.7,4.5451340675354
2018-08-23 00:00:00,6296.8,6503.5,6287.4,6464.6,2.9944748878479004
2018-08-24 00:00:00,6464.9,6581.8,6394.5,6550.7,2.7959840297698975
2018-08-25 00:00:00,6550.7,6550.7,6550.7,6550.7,0.0
2018-08-26 00:00:00,6619.0,6657.4,6606.3,6646.7,0.2767530083656311
2018-08-27 00:00:00,6647.7,6877.1,6595.0,6848.5,2.9309730529785156
2018-08-28 00:00:00,6848.6,7064.7,6805.6,7016.1,3.494497060775757
2018-08-29 00:00:00,7015.8,7059.5,6851.6,6972.4,3.3176560401916504
2018-08-30 00:00:00,6972.4,6993.1,6739.1,6923.9,3.269788980484009
2018-08-31 00:00:00,6924.0,7026.6,6830.0,6987.7,2.5071020126342773
2018-09-01 00:00:00,6987.7,6987.7,6987.7,6987.7,0.0
2018-09-02 00:00:00,7223.7,7246.3,7208.7,7233.9,0.24067099392414093
2018-09-03 00:00:00,7234.5,7270.7,7134.3,7200.4,2.8911519050598145
2018-09-04 00:00:00,7200.4,7343.9,7173.6,7300.1,2.6522300243377686
2018-09-05 00:00:00,7300.1,7326.6,6610.5,6627.8,3.803889036178589
2018-09-06 00:00:00,6627.9,6653.3,6211.3,6441.1,4.8585381507873535
2018-09-07 00:00:00,6441.1,6472.1,6269.1,6385.1,2.925468921661377
2018-09-08 00:00:00,6385.1,6385.1,6385.1,6385.1,0.0
2018-09-09 00:00:00,6328.2,6333.4,6153.5,6178.7,0.4960080087184906
2018-09-10 00:00:00,6178.7,6296.3,6170.1,6251.1,3.4426639080047607
2018-09-11 00:00:00,6250.0,6344.5,6121.1,6225.7,3.319875955581665
2018-09-12 00:00:00,6225.7,6283.0,6142.3,6270.5,3.5676848888397217
2018-09-13 00:00:00,6270.5,6466.5,6269.4,6427.8,3.1158759593963623
2018-09-14 00:00:00,6427.8,6522.0,6330.7,6475.1,2.428581953048706
2018-09-15 00:00:00,6475.1,6475.1,6475.1,6475.1,0.0
2018-09-16 00:00:00,6441.2,6446.3,6420.2,6438.3,0.2103469967842102
2018-09-17 00:00:00,6438.3,6470.3,6149.5,6191.9,2.9376940727233887
2018-09-18 00:00:00,6192.0,6323.7,6168.7,6276.3,2.2482669353485107
2018-09-19 00:00:00,6276.3,6454.4,6051.4,6329.1,1.7337100505828857
2018-09-20 00:00:00,6329.9,6475.7,6279.7,6433.0,2.0399279594421387
2018-09-21 00:00:00,6433.1,6716.5,6431.9,6658.4,3.2697041034698486
2018-09-22 00:00:00,6658.4,6658.4,6658.4,6658.4,0.0
2018-09-23 00:00:00,6618.9,6658.1,6610.4,6643.4,0.271232008934021
2018-09-24 00:00:00,6643.5,6661.1,6496.8,6523.1,2.5084269046783447
2018-09-25 00:00:00,6523.1,6523.3,6271.4,6375.3,3.475965976715088
2018-09-26 00:00:00,6375.1,6485.3,6321.6,6399.3,2.4466519355773926
2018-09-27 00:00:00,6399.8,6671.7,6374.3,6622.8,2.7218799591064453
2018-09-28 00:00:00,6622.8,6736.4,6477.6,6587.7,3.0476369857788086
2018-09-29 00:00:00,6587.7,6587.7,6587.7,6587.7,0.0
2018-09-30 00:00:00,6503.3,6580.5,6494.0,6551.1,0.3202280104160309
2018-10-01 00:00:00,6551.0,6586.5,6446.0,6527.9,2.4232699871063232
2018-10-02 00:00:00,6528.1,6552.8,6400.3,6461.9,1.819870948791504
2018-10-03 00:00:00,6461.9,6472.8,6353.0,6428.1,2.123131036758423
2018-10-04 00:00:00,6428.2,6565.0,6414.7,6515.0,1.6725280284881592
2018-10-05 00:00:00,6515.0,6548.1,6472.3,6508.7,1.280465006828308
2018-10-06 00:00:00,6508.7,6508.7,6508.7,6508.7,0.0
2018-10-07 00:00:00,6484.7,6551.4,6476.1,6536.4,0.14636899530887604
2018-10-08 00:00:00,6536.5,6636.9,6497.1,6584.2,1.4035149812698364
2018-10-09 00:00:00,6584.2,6609.3,6510.2,6575.2,1.0646140575408936
2018-10-10 00:00:00,6575.2,6576.1,6409.6,6495.8,1.2970939874649048
2018-10-11 00:00:00,6495.8,6516.6,6061.1,6159.2,2.810331106185913
2018-10-12 00:00:00,6159.2,6248.2,6091.9,6189.9,1.2245069742202759
2018-10-13 00:00:00,6189.9,6189.9,6189.9,6189.9,0.0
2018-10-14 00:00:00,6209.6,6302.8,6147.9,6180.3,0.1694670021533966
2018-10-15 00:00:00,6180.1,7255.7,6151.2,6377.4,3.264857053756714
2018-10-16 00:00:00,6377.4,6431.5,6340.4,6398.7,0.5697730183601379
2018-10-17 00:00:00,6398.9,6402.6,6351.0,6380.4,0.2456749975681305
2018-10-18 00:00:00,6379.7,6428.8,6296.6,6335.5,0.41957300901412964
2018-10-19 00:00:00,6335.5,6348.2,6298.5,6321.8,0.32290101051330566
2018-10-20 00:00:00,6321.8,6321.8,6321.8,6321.8,0.0
2018-10-21 00:00:00,6375.1,6377.8,6346.4,6353.1,0.02986299991607666
2018-10-22 00:00:00,6353.1,6365.0,6315.4,6348.4,0.25234198570251465
2018-10-23 00:00:00,6348.4,6356.4,6298.1,6335.1,0.30258598923683167
2018-10-24 00:00:00,6335.1,6399.7,6334.2,6354.9,0.38188600540161133
2018-10-25 00:00:00,6354.9,6360.8,6301.4,6334.4,0.6429849863052368
2018-10-26 00:00:00,6334.3,6390.2,6320.9,6345.1,0.2672460079193115
2018-10-27 00:00:00,6345.1,6345.1,6345.1,6345.1,0.0
2018-10-28 00:00:00,6335.8,6359.1,6332.9,6345.1,0.03508999943733215
2018-10-29 00:00:00,6343.6,6356.0,6148.6,6205.7,0.5072529911994934
2018-10-30 00:00:00,6204.5,6230.1,6184.1,6211.3,0.34876900911331177
2018-10-31 00:00:00,6208.3,6293.5,6142.6,6245.0,0.36462000012397766
2018-11-01 00:00:00,6245.9,6299.9,6234.4,6282.8,0.30065399408340454
2018-11-02 00:00:00,6281.7,6319.2,6271.9,6293.5,0.36265501379966736
2018-11-03 00:00:00,6293.5,6293.5,6293.5,6293.5,0.0
2018-11-04 00:00:00,6354.2,6364.1,6347.8,6361.5,0.03929600119590759
2018-11-05 00:00:00,6362.0,6380.4,6313.1,6344.9,0.37968799471855164
2018-11-06 00:00:00,6344.0,6394.0,6326.7,6387.8,0.38479599356651306
2018-11-07 00:00:00,6388.0,6477.9,6386.2,6442.1,0.4198310077190399
2018-11-08 00:00:00,6442.1,6452.7,6332.3,6347.5,0.45098400115966797
2018-11-09 00:00:00,6346.9,6355.8,6251.2,6268.7,0.37471601366996765
2018-11-10 00:00:00,6268.7,6268.7,6268.7,6268.7,0.0
2018-11-11 00:00:00,6257.8,6302.4,6250.3,6297.9,0.08555400371551514
2018-11-12 00:00:00,6297.6,6323.6,6242.3,6265.5,0.37186199426651
2018-11-13 00:00:00,6267.0,6268.3,6192.0,6197.9,0.5451110005378723
2018-11-14 00:00:00,6197.2,6233.3,5247.5,5542.7,0.7325599789619446
2018-11-15 00:00:00,5536.4,5580.5,5144.8,5519.3,0.9539200067520142
2018-11-16 00:00:00,5519.5,5549.0,5380.9,5386.0,0.48786601424217224
2018-11-17 00:00:00,5386.0,5386.0,5386.0,5386.0,0.0
2018-11-18 00:00:00,5484.7,5498.4,5469.0,5498.0,0.07500399649143219
2018-11-19 00:00:00,5496.2,5498.8,4632.6,4674.3,2.63381290435791
2018-11-20 00:00:00,4674.9,4831.5,3994.8,4293.0,2.7142651081085205
2018-11-21 00:00:00,4291.7,4570.6,4187.3,4482.7,2.313270092010498
2018-11-22 00:00:00,4482.9,4529.7,4182.3,4207.0,1.5226949453353882
2018-11-23 00:00:00,4207.4,4299.2,4033.3,4199.2,1.6685030460357666
2018-11-24 00:00:00,4199.2,4199.2,4199.2,4199.2,0.0
2018-11-25 00:00:00,3987.6,4031.1,3855.3,3876.0,0.1642410010099411
2018-11-26 00:00:00,3875.8,4011.4,3461.4,3670.0,2.2687830924987793
2018-11-27 00:00:00,3670.1,3768.9,3505.0,3710.7,1.8523579835891724
2018-11-28 00:00:00,3710.8,4298.3,3710.8,4159.7,2.2880260944366455
2018-11-29 00:00:00,4159.5,4341.8,4028.6,4185.3,2.3143959045410156
2018-11-30 00:00:00,4185.4,4237.8,3808.1,3870.8,2.1282410621643066
2018-12-01 00:00:00,3870.8,3870.8,3870.8,3870.8,0.0
2018-12-02 00:00:00,4086.3,4099.6,4006.0,4041.7,0.13316500186920166
2018-12-03 00:00:00,4042.2,4056.7,3687.7,3774.1,1.7181639671325684
2018-12-04 00:00:00,3774.3,3973.2,3685.4,3843.8,1.6479389667510986
2018-12-05 00:00:00,3843.7,3854.2,3608.1,3637.0,1.584637999534607
2018-12-06 00:00:00,3637.3,3782.8,3368.3,3374.7,1.83220636844635
2018-12-07 00:00:00,3374.9,3471.6,3154.6,3329.9,1.802651047706604
2018-12-08 00:00:00,3329.9,3329.9,3329.9,3329.9,0.0
2018-12-09 00:00:00,3464.4,3495.6,3449.9,3467.3,0.10234499722719193
2018-12-10 00:00:00,3467.4,3530.6,3295.8,3347.7,1.5817545652389526
2018-12-11 00:00:00,3347.9,3367.8,3238.5,3289.7,1.381173014640808
2018-12-12 00:00:00,3289.8,3427.6,3266.0,3371.2,1.174934983253479
2018-12-13 00:00:00,3371.1,3380.2,3165.4,3203.7,1.1411149501800537
2018-12-14 00:00:00,3203.6,3233.6,3076.5,3097.6,0.9574490189552307
2018-12-15 00:00:00,3097.6,3097.6,3097.6,3097.6,0.0
2018-12-16 00:00:00,3142.7,3144.0,3123.8,3133.5,0.06891699880361557
2018-12-17 00:00:00,3133.7,3524.2,3123.0,3437.9,1.1217119693756104
2018-12-18 00:00:00,3437.8,3620.1,3374.9,3607.8,1.2836519479751587
2018-12-19 00:00:00,3607.9,3863.0,3585.6,3621.8,1.8877259492874146
2018-12-20 00:00:00,3621.9,4111.9,3603.1,4012.8,2.6247949600219727
2018-12-21 00:00:00,4011.2,4101.7,3716.3,3788.8,2.553769111633301
2018-12-22 00:00:00,3788.8,3788.8,3788.8,3788.8,0.0
2018-12-23 00:00:00,3889.1,3896.8,3849.9,3884.2,0.14678899943828583
2018-12-24 00:00:00,3884.6,4175.6,3884.4,4005.8,1.8145300149917603
2018-12-25 00:00:00,3731.6,3757.0,3679.2,3719.6,0.19259999692440033
2018-12-26 00:00:00,3719.5,3802.2,3626.2,3748.7,1.9925520420074463
2018-12-27 00:00:00,3748.5,3779.9,3507.5,3531.2,1.870766043663025
2018-12-28 00:00:00,3531.3,3900.8,3516.9,3832.7,1.6595699787139893
2018-12-29 00:00:00,3832.7,3832.7,3832.7,3832.7,0.0
2018-12-30 00:00:00,3760.5,3785.0,3747.5,3773.2,0.11269500106573105
2018-12-31 00:00:00,3773.1,3779.1,3576.1,3612.0,1.0969040393829346
2019-01-01 00:00:00,3658.6,3780.4,3649.9,3762.8,0.14349399507045746
2019-01-02 00:00:00,3763.3,3855.1,3718.1,3829.3,1.777696967124939
2019-01-03 00:00:00,3829.3,3832.7,3701.7,3727.4,1.3756920099258423
2019-01-04 00:00:00,3727.5,3791.0,3672.1,3773.8,1.2770390510559082
2019-01-05 00:00:00,3773.8,3773.8,3773.8,3773.8,0.0
2019-01-06 00:00:00,3739.4,4017.6,3704.9,3981.1,0.471235990524292
2019-01-07 00:00:00,3981.2,4010.0,3914.2,3946.0,1.2613550424575806
2019-01-08 00:00:00,3946.1,4048.6,3890.2,3935.5,1.3197070360183716
2019-01-09 00:00:00,3935.5,3986.0,3909.9,3942.6,1.281754970550537
2019-01-10 00:00:00,3942.7,3975.5,3513.1,3566.4,1.4994109869003296
2019-01-11 00:00:00,3566.2,3637.4,3530.0,3588.6,0.9483150243759155
2019-01-12 00:00:00,3588.6,3588.6,3588.6,3588.6,0.0
2019-01-13 00:00:00,3558.5,3574.7,3425.4,3454.6,0.5159559845924377
2019-01-14 00:00:00,3454.7,3651.0,3448.6,3603.7,0.9710000157356262
2019-01-15 00:00:00,3603.8,3627.5,3487.4,3519.8,1.0940660238265991
2019-01-16 00:00:00,3519.7,3606.1,3512.9,3547.8,1.2540429830551147
2019-01-17 00:00:00,3547.7,3598.8,3484.6,3579.9,1.1026300191879272
2019-01-18 00:00:00,3579.7,3583.3,3520.0,3552.1,0.8568310141563416
2019-01-19 00:00:00,3552.1,3552.1,3552.1,3552.1,0.0
2019-01-20 00:00:00,3621.5,3642.4,3417.9,3473.9,0.44761601090431213
2019-01-21 00:00:00,3476.2,3509.3,3431.0,3473.1,0.8909540176391602
2019-01-22 00:00:00,3473.2,3551.2,3373.2,3516.7,0.8838760256767273
2019-01-23 00:00:00,3516.6,3554.8,3462.2,3493.4,0.7384819984436035
2019-01-24 00:00:00,3493.3,3534.9,3469.6,3510.3,0.9964900016784668
2019-01-25 00:00:00,3510.9,3518.6,3451.6,3497.8,0.7586429715156555
2019-01-26 00:00:00,3497.8,3497.8,3497.8,3497.8,0.0
2019-01-27 00:00:00,3495.6,3502.3,3417.5,3471.6,0.4010410010814667
2019-01-28 00:00:00,3471.5,3475.4,3321.4,3370.3,1.1735060214996338
2019-01-29 00:00:00,3370.2,3378.8,3285.1,3334.8,1.0764939785003662
2019-01-30 00:00:00,3335.0,3399.7,3313.1,3376.2,0.8857420086860657
2019-01-31 00:00:00,3376.1,3413.0,3337.1,3352.2,0.8296700119972229
2019-02-01 00:00:00,3352.3,3397.1,3312.9,3389.7,0.8122940063476562
2019-02-02 00:00:00,3389.7,3389.7,3389.7,3389.7,0.0
2019-02-03 00:00:00,3407.1,3411.4,3327.1,3354.7,0.5586310029029846
2019-02-04 00:00:00,3354.6,3377.4,3335.9,3351.2,0.6619930267333984
2019-02-05 00:00:00,3351.2,3371.1,3338.9,3370.2,0.49587300419807434
2019-02-06 00:00:00,3370.3,3384.7,3277.6,3306.1,0.8874030113220215
2019-02-07 00:00:00,3306.0,3322.2,3292.9,3299.6,0.77252197265625
2019-02-08 00:00:00,3299.3,3650.6,3284.7,3533.4,0.9436420202255249
2019-02-09 00:00:00,3533.4,3533.4,3533.4,3533.4,0.0
2019-02-10 00:00:00,3563.7,3596.5,3518.6,3589.0,0.42511600255966187
2019-02-11 00:00:00,3589.1,3591.7,3519.7,3530.8,0.8277689814567566
2019-02-12 00:00:00,3530.7,3558.8,3491.2,3527.4,0.9660220146179199
2019-02-13 00:00:00,3527.5,3568.6,3501.0,3516.0,0.9174209833145142
2019-02-14 00:00:00,3515.9,3529.7,3476.7,3500.7,55.07368850708008
2019-02-15 00:00:00,3500.8,3557.0,3486.8,3504.3,110.70742797851562
2019-02-16 00:00:00,3504.3,3504.3,3504.3,3504.3,0.0
2019-02-17 00:00:00,3521.2,3604.9,3496.3,3565.3,47.68269348144531
2019-02-18 00:00:00,3565.2,3856.6,3557.2,3809.4,559.6629638671875
2019-02-19 00:00:00,3809.6,3910.9,3783.4,3830.4,395.2357482910156
2019-02-20 00:00:00,3830.4,3904.1,3806.1,3877.4,275.473388671875
2019-02-21 00:00:00,3877.5,3926.7,3809.2,3840.3,258.90167236328125
2019-02-22 00:00:00,3840.2,3895.5,3826.1,3880.8,183.37625122070312
2019-02-23 00:00:00,3880.8,3880.8,3880.8,3880.8,0.0
2019-02-24 00:00:00,3724.8,3725.7,3669.3,3673.9,69.73999786376953
2019-02-25 00:00:00,3674.0,3800.1,3670.3,3758.0,445.06292724609375
2019-02-26 00:00:00,3758.3,3768.6,3705.9,3736.4,214.3142547607422
2019-02-27 00:00:00,3738.5,3763.1,3599.9,3739.4,214.85812377929688
2019-02-28 00:00:00,3739.2,3825.6,3706.9,3731.4,243.4674835205078
2019-03-01 00:00:00,3731.5,3783.8,3731.3,3768.9,133.3612823486328
2019-03-02 00:00:00,3768.9,3768.9,3768.9,3768.9,0.0
2019-03-03 00:00:00,3750.8,3758.0,3702.3,3728.1,29.900104522705078
2019-03-04 00:00:00,3728.0,3745.9,3612.6,3639.2,268.1407470703125
2019-03-05 00:00:00,3639.3,3811.5,3633.0,3785.1,248.24302673339844
2019-03-06 00:00:00,3785.0,3832.1,3750.5,3791.7,178.8434600830078
2019-03-07 00:00:00,3791.8,3830.2,3769.9,3796.5,208.3616485595703
2019-03-08 00:00:00,3796.0,3850.7,3788.5,3807.2,190.76190185546875
2019-03-09 00:00:00,3807.2,3807.2,3807.2,3807.2,0.0
2019-03-10 00:00:00,3856.4,3856.6,3811.2,3839.3,11.504319190979004
2019-03-11 00:00:00,3839.4,3852.6,3760.6,3790.9,176.18215942382812
2019-03-12 00:00:00,3790.8,3817.3,3739.3,3800.6,186.0176239013672
2019-03-13 00:00:00,3800.5,3812.7,3767.9,3790.6,127.72615051269531
2019-03-14 00:00:00,3790.8,3840.7,3725.2,3794.5,139.4493408203125
2019-03-15 00:00:00,3794.6,3848.5,3788.4,3837.5,126.62853240966797
2019-03-16 00:00:00,3837.5,3837.5,3837.5,3837.5,0.0
2019-03-17 00:00:00,3929.6,3930.7,3873.6,3905.1,7.545750141143799
2019-03-18 00:00:00,3905.4,3956.6,3874.7,3910.1,167.20838928222656
2019-03-19 00:00:00,3910.1,3951.6,3890.0,3939.3,169.9585723876953
2019-03-20 00:00:00,3940.6,3986.6,3904.1,3971.8,194.40179443359375
2019-03-21 00:00:00,3971.7,3996.9,3862.1,3914.3,134.23451232910156
2019-03-22 00:00:00,3914.1,3944.2,3907.3,3917.9,0.8897960186004639
2019-03-23 00:00:00,3917.9,3917.9,3917.9,3917.9,0.0
2019-03-24 00:00:00,3927.0,3927.0,3889.9,3909.3,0.5201969742774963
2019-03-25 00:00:00,3909.4,3921.6,3804.4,3848.0,1.040281057357788
2019-03-26 00:00:00,3847.9,3871.4,3826.8,3861.4,1.996440052986145
2019-03-27 00:00:00,3861.1,3981.3,3858.5,3966.7,0.8344410061836243
2019-03-28 00:00:00,3966.6,3971.4,3939.4,3952.5,0.6175280213356018
2019-03-29 00:00:00,3952.4,4045.7,3951.7,4013.9,0.5102540254592896
2019-03-30 00:00:00,4013.9,4013.9,4013.9,4013.9,0.0
2019-03-31 00:00:00,4039.1,4046.4,4021.2,4038.5,0.7883710265159607
2019-04-01 00:00:00,4038.8,4093.4,3999.9,4081.5,1.5148940086364746
2019-04-02 00:00:00,4081.6,5026.5,4077.8,4845.7,25.314983367919922
2019-04-03 00:00:00,4846.3,5288.9,4756.3,4916.7,74.99305725097656
2019-04-04 00:00:00,4916.6,5016.1,4732.4,4849.7,40.3613395690918
2019-04-05 00:00:00,4849.8,5010.3,4827.6,4939.7,43.35403060913086
2019-04-06 00:00:00,4939.7,4939.7,4939.7,4939.7,0.0
2019-04-07 00:00:00,4985.1,5202.0,4972.9,5137.3,17.099224090576172
2019-04-08 00:00:00,5137.9,5290.1,5075.9,5230.5,128.2925262451172
2019-04-09 00:00:00,5231.5,5231.5,5093.4,5134.3,83.67208099365234
2019-04-10 00:00:00,5133.6,5403.2,5108.2,5263.9,68.81092071533203
2019-04-11 00:00:00,5264.5,5285.8,4917.6,4983.5,167.88197326660156
2019-04-12 00:00:00,4983.0,5057.7,4864.0,4983.6,107.08645629882812
2019-04-13 00:00:00,4983.6,4983.6,4983.6,4983.6,0.0
2019-04-14 00:00:00,5006.3,5126.4,4958.3,5104.5,9.741605758666992
2019-04-15 00:00:00,5104.5,5131.5,4892.2,4974.4,26.305967330932617
2019-04-16 00:00:00,4974.8,5172.4,4960.0,5146.3,28.70378875732422
2019-04-17 00:00:00,5146.2,5211.0,5129.1,5169.4,35.00326156616211
2019-04-18 00:00:00,5169.4,5260.3,5165.5,5223.3,20.15735626220703
2019-04-19 00:00:00,5223.9,5296.3,5141.2,5209.6,23.19101905822754
2019-04-20 00:00:00,5209.6,5209.6,5209.6,5209.6,0.0
2019-04-21 00:00:00,5260.7,5287.3,5166.8,5240.2,7.235785007476807
2019-04-22 00:00:00,5240.1,5378.9,5197.1,5328.5,43.077842712402344
2019-04-23 00:00:00,5328.4,5564.0,5305.8,5476.5,87.56757354736328
2019-04-24 00:00:00,5474.3,5563.4,5318.7,5384.7,151.35374450683594
2019-04-25 00:00:00,5384.3,5452.5,4931.4,5074.9,90.1294174194336
2019-04-26 00:00:00,5074.1,5225.5,4989.3,5036.9,99.5298843383789
2019-04-27 00:00:00,5036.9,5036.9,5036.9,5036.9,0.0
2019-04-28 00:00:00,5113.1,5153.8,5047.8,5098.0,0.5594729781150818
2019-04-29 00:00:00,5098.1,5130.8,5026.8,5091.6,39.37703323364258
2019-04-30 00:00:00,5091.4,5228.1,5071.9,5212.5,13.384002685546875
2019-05-01 00:00:00,5212.6,5297.7,5209.5,5264.0,29.8170223236084
2019-05-02 00:00:00,5264.1,5363.7,5251.3,5330.2,39.880191802978516
2019-05-03 00:00:00,5330.8,5737.5,5312.9,5629.3,86.58802032470703
2019-05-04 00:00:00,5629.3,5629.3,5629.3,5629.3,0.0
2019-05-05 00:00:00,5708.5,5719.2,5613.2,5654.6,90.8967056274414
2019-05-06 00:00:00,5654.7,5697.6,5507.3,5630.4,291.53924560546875
2019-05-07 00:00:00,5630.3,5910.2,5630.1,5689.3,22.538835525512695
2019-05-08 00:00:00,5689.2,5929.1,5605.2,5886.3,20.385530471801758
2019-05-09 00:00:00,5886.1,6112.7,5876.1,6094.2,24.48032569885254
2019-05-10 00:00:00,6093.8,6370.1,6049.6,6230.5,24.210264205932617
2019-05-11 00:00:00,6230.5,6230.5,6230.5,6230.5,0.0
2019-05-12 00:00:00,7161.3,7523.1,6714.4,6919.2,11.100526809692383
2019-05-13 00:00:00,6919.3,8103.8,6809.9,7763.3,136.0418243408203
2019-05-14 00:00:00,7763.1,8278.9,7568.3,7934.6,175.57373046875
2019-05-15 00:00:00,7934.7,8243.6,7784.4,8145.5,110.06521606445312
2019-05-16 00:00:00,8145.5,8330.0,7608.9,7822.9,56.04327392578125
2019-05-17 00:00:00,7822.8,7882.5,6536.9,7043.7,127.46286010742188
2019-05-18 00:00:00,7043.7,7043.7,7043.7,7043.7,0.0
2019-05-19 00:00:00,7203.4,8238.6,7194.8,8139.5,16.405736923217773
2019-05-20 00:00:00,8138.6,8138.6,7521.7,7944.7,139.04379272460938
2019-05-21 00:00:00,7945.2,8054.4,7728.0,7895.3,71.35215759277344
2019-05-22 00:00:00,7895.3,7982.7,7468.1,7568.6,74.43428039550781
2019-05-23 00:00:00,7568.2,7923.8,7422.1,7821.8,98.97144317626953
2019-05-24 00:00:00,7822.2,8121.6,7741.6,8056.7,65.12721252441406
2019-05-25 00:00:00,8056.7,8056.7,8056.7,8056.7,0.0
2019-05-26 00:00:00,8009.1,8719.6,7836.0,8682.5,41.79055404663086
2019-05-27 00:00:00,8682.6,8884.9,8607.8,8715.8,232.98614501953125
2019-05-28 00:00:00,8716.2,8758.6,8509.7,8661.5,90.11572265625
2019-05-29 00:00:00,8661.5,8699.2,8374.4,8606.2,59.634857177734375
2019-05-30 00:00:00,8606.4,9026.3,7972.6,8218.6,139.15516662597656
2019-05-31 00:00:00,8219.1,8456.8,8054.9,8446.8,112.41654968261719
2019-06-01 00:00:00,8446.8,8446.8,8446.8,8446.8,0.0
2019-06-02 00:00:00,8497.0,8774.5,8491.6,8679.0,6.518274784088135
2019-06-03 00:00:00,8679.1,8684.0,8013.3,8053.0,95.64441680908203
2019-06-04 00:00:00,8053.0,8053.0,7384.8,7613.5,166.26974487304688
2019-06-05 00:00:00,7612.9,7866.4,7522.4,7729.8,84.89814758300781
2019-06-06 00:00:00,7729.9,7813.1,7403.0,7746.4,59.23619842529297
2019-06-07 00:00:00,7746.3,8074.1,7706.4,7842.0,59.43611145019531
2019-06-08 00:00:00,7842.0,7842.0,7842.0,7842.0,0.0
2019-06-09 00:00:00,7871.8,7904.1,7455.9,7578.8,13.018767356872559
2019-06-10 00:00:00,7579.0,8024.2,7467.7,7960.0,115.5166244506836
2019-06-11 00:00:00,7959.6,7996.8,7657.6,7860.5,51.0906982421875
2019-06-12 00:00:00,7860.6,8215.8,7765.7,8116.2,80.07870483398438
2019-06-13 00:00:00,8116.8,8274.1,8004.6,8178.2,50.195003509521484
2019-06-14 00:00:00,8179.0,8410.6,8124.5,8393.5,54.758853912353516
2019-06-15 00:00:00,8393.5,8393.5,8393.5,8393.5,0.0
2019-06-16 00:00:00,8800.0,9328.5,8745.9,8919.3,11.203741073608398
2019-06-17 00:00:00,8919.5,9416.5,8918.0,9275.3,277.9847717285156
2019-06-18 00:00:00,9275.2,9298.7,8876.4,9023.7,131.29042053222656
2019-06-19 00:00:00,9022.4,9261.5,8980.0,9220.9,80.92479705810547
2019-06-20 00:00:00,9220.6,9540.9,9158.0,9474.6,77.2703857421875
2019-06-21 00:00:00,9474.8,9895.8,9474.5,9881.1,144.1006317138672
2019-06-22 00:00:00,9881.1,9881.1,9881.1,9881.1,0.0
2019-06-23 00:00:00,10607.1,11186.9,10434.9,10772.9,96.47587585449219
2019-06-24 00:00:00,10771.4,11036.1,10493.3,10973.8,880.8326416015625
2019-06-25 00:00:00,10973.8,11731.6,10950.5,11696.9,731.5238037109375
2019-06-26 00:00:00,11697.0,13797.0,11619.1,12874.7,896.9659423828125
2019-06-27 00:00:00,12874.7,13287.5,10249.5,11095.6,1226.8968505859375
2019-06-28 00:00:00,11095.3,12341.8,10707.9,12159.5,931.1500854492188
2019-06-29 00:00:00,12159.5,12159.5,12159.5,12159.5,0.0
2019-06-30 00:00:00,11810.4,12139.5,10600.9,10698.9,117.58222961425781
2019-07-01 00:00:00,10699.0,11141.3,9933.0,10522.7,1308.9375
2019-07-02 00:00:00,10521.6,10865.0,9600.8,10776.8,1102.6666259765625
2019-07-03 00:00:00,10776.6,11956.8,10776.3,11919.4,1149.4759521484375
2019-07-04 00:00:00,11919.4,11995.5,11011.9,11090.1,839.5051879882812
2019-07-05 00:00:00,11090.1,11382.0,10721.1,10977.1,658.7554321289062
2019-07-06 00:00:00,10977.1,10977.1,10977.1,10977.1,0.0
2019-07-07 00:00:00,11180.2,11559.8,11035.6,11418.4,52.36817932128906
2019-07-08 00:00:00,11418.5,12335.5,11275.9,12242.5,833.2642211914062
2019-07-09 00:00:00,12242.5,12768.7,12072.9,12509.2,966.66845703125
2019-07-10 00:00:00,12509.2,13132.0,11503.7,12038.5,945.91357421875
2019-07-11 00:00:00,12038.5,12039.0,10929.1,11290.0,1022.1609497070312
2019-07-12 00:00:00,11290.1,11861.7,11034.0,11852.6,611.7924194335938
2019-07-13 00:00:00,11852.6,11852.6,11852.6,11852.6,0.0
2019-07-14 00:00:00,11317.1,11406.3,10036.5,10129.3,90.63619232177734
2019-07-15 00:00:00,10129.3,11018.9,9806.3,10796.3,1018.4037475585938
2019-07-16 00:00:00,10796.3,10979.3,9310.7,9368.0,1120.7352294921875
2019-07-17 00:00:00,9367.9,9930.9,9024.3,9642.5,1009.292236328125
2019-07-18 00:00:00,9642.5,10736.7,9236.8,10589.6,1097.378662109375
2019-07-19 00:00:00,10589.5,10714.8,10068.7,10471.9,849.3999633789062
2019-07-20 00:00:00,10471.9,10471.9,10471.9,10471.9,0.0
2019-07-21 00:00:00,10705.9,10775.2,10279.2,10537.3,58.40552520751953
2019-07-22 00:00:00,10537.4,10626.9,10010.7,10266.8,686.8804931640625
2019-07-23 00:00:00,10266.8,10268.2,9755.6,9789.4,659.1981201171875
2019-07-24 00:00:00,9789.0,9855.4,9459.3,9714.8,516.3414306640625
2019-07-25 00:00:00,9714.7,10125.4,9685.3,9821.9,422.0141296386719
2019-07-26 00:00:00,9821.9,9836.4,9602.5,9774.9,292.1505432128906
2019-07-27 00:00:00,9774.9,9774.9,9774.9,9774.9,0.0
2019-07-28 00:00:00,9408.5,9546.2,9062.6,9473.7,81.52803802490234
2019-07-29 00:00:00,9473.7,9658.2,9327.3,9443.6,490.89691162109375
2019-07-30 00:00:00,9443.6,9705.6,9323.1,9533.8,442.1490173339844
2019-07-31 00:00:00,9533.7,10072.4,9515.6,10035.6,445.5399475097656
2019-08-01 00:00:00,10035.1,10434.5,9829.3,10352.1,423.2938232421875
2019-08-02 00:00:00,10352.0,10612.7,10280.2,10348.1,455.54541015625
2019-08-03 00:00:00,10348.1,10348.1,10348.1,10348.1,0.0
2019-08-04 00:00:00,10759.8,11025.8,10518.3,10921.7,65.58883666992188
2019-08-05 00:00:00,10921.6,11891.1,10921.6,11742.8,819.9053344726562
2019-08-06 00:00:00,11742.8,12260.6,11152.9,11405.6,600.6348266601562
2019-08-07 00:00:00,11405.9,12087.4,11334.4,11917.9,799.79345703125
2019-08-08 00:00:00,11918.0,11995.5,11419.5,11931.7,640.6038818359375
2019-08-09 00:00:00,11931.7,11976.1,11600.5,11805.7,389.7851257324219
2019-08-10 00:00:00,11805.7,11805.7,11805.7,11805.7,0.0
2019-08-11 00:00:00,11223.2,11524.4,11045.8,11484.1,34.15655517578125
2019-08-12 00:00:00,11484.1,11494.5,11175.9,11330.7,291.3932189941406
2019-08-13 00:00:00,11330.5,11383.9,10692.2,10801.3,335.681640625
2019-08-14 00:00:00,10801.4,10801.4,9847.2,9963.8,422.2925109863281
2019-08-15 00:00:00,9963.7,10385.2,9427.2,10241.7,535.0126342773438
2019-08-16 00:00:00,10241.7,10482.3,9693.4,10337.4,594.1294555664062
2019-08-17 00:00:00,10337.4,10337.4,10337.4,10337.4,0.0
2019-08-18 00:00:00,10157.2,10449.0,10008.9,10261.5,44.18507766723633
2019-08-19 00:00:00,10261.5,10876.4,10216.1,10864.8,442.84625244140625
2019-08-20 00:00:00,10865.6,10894.4,10508.5,10711.4,441.2981262207031
2019-08-21 00:00:00,10711.5,10745.3,9809.5,10071.2,528.2566528320312
2019-08-22 00:00:00,10069.5,10176.7,9704.0,10056.8,666.3038330078125
2019-08-23 00:00:00,10056.8,10413.1,9992.9,10304.1,473.65948486328125
2019-08-24 00:00:00,10304.1,10304.1,10304.1,10304.1,0.0
2019-08-25 00:00:00,10087.5,10280.7,9849.8,10083.0,51.86686325073242
2019-08-26 00:00:00,10083.0,10603.3,10080.7,10304.8,546.5663452148438
2019-08-27 00:00:00,10304.8,10320.2,9970.1,10115.9,323.361572265625
2019-08-28 00:00:00,10115.9,10222.5,9508.5,9659.1,367.0919189453125
2019-08-29 00:00:00,9659.1,9660.4,9269.8,9433.3,129.822509765625
2019-08-30 00:00:00,9433.3,9636.1,9302.7,9569.9,1.109969973564148
2019-08-31 00:00:00,9569.9,9569.9,9569.9,9569.9,0.0
2019-09-01 00:00:00,9583.8,9768.8,9578.5,9712.1,0.19657400250434875
2019-09-02 00:00:00,9711.4,10410.9,9701.4,10328.5,292.3018798828125
2019-09-03 00:00:00,10328.5,10721.0,10233.2,10573.9,512.4334716796875
2019-09-04 00:00:00,10574.0,10770.9,10328.2,10524.3,528.3074340820312
2019-09-05 00:00:00,10524.2,10604.7,10415.2,10519.3,462.5686950683594
2019-09-06 00:00:00,10519.3,10887.5,10153.4,10300.8,538.7233276367188
2019-09-07 00:00:00,10300.8,10300.8,10300.8,10300.8,0.0
2019-09-08 00:00:00,10428.3,10533.0,10200.5,10343.8,25.48811912536621
2019-09-09 00:00:00,10343.8,10475.1,10015.6,10255.4,586.0691528320312
2019-09-10 00:00:00,10255.4,10331.8,9880.9,10041.8,443.0252380371094
2019-09-11 00:00:00,10041.8,10197.1,9809.1,10103.0,438.4801025390625
2019-09-12 00:00:00,10103.1,10407.4,9981.4,10368.2,337.76446533203125
2019-09-13 00:00:00,10368.1,10396.3,10105.5,10213.4,369.1761474609375
2019-09-14 00:00:00,10213.4,10213.4,10213.4,10213.4,0.0
2019-09-15 00:00:00,10303.2,10324.1,10213.2,10250.6,29.84937858581543
2019-09-16 00:00:00,10250.8,10319.1,10019.3,10206.0,303.7685546875
2019-09-17 00:00:00,10205.9,10217.9,10080.0,10131.4,269.1017150878906
2019-09-18 00:00:00,10131.3,10201.7,10028.8,10099.9,164.69268798828125
2019-09-19 00:00:00,10099.7,10309.7,9591.5,10216.4,345.3624572753906
2019-09-20 00:00:00,10216.4,10251.0,10007.6,10078.6,234.3517303466797
2019-09-21 00:00:00,10078.6,10078.6,10078.6,10078.6,0.0
2019-09-22 00:00:00,9919.9,10026.2,9794.5,9971.8,32.440311431884766
2019-09-23 00:00:00,9971.8,9992.3,9557.6,9634.3,561.8010864257812
2019-09-24 00:00:00,9634.2,9720.7,8047.7,8475.1,498.40576171875
2019-09-25 00:00:00,8475.1,8687.7,8168.3,8380.4,519.707763671875
2019-09-26 00:00:00,8380.4,8407.0,7681.3,8005.0,631.0098876953125
2019-09-27 00:00:00,8005.0,8058.7,7811.9,8002.7,344.07501220703125
2019-09-28 00:00:00,8002.7,8002.7,8002.7,8002.7,0.0
2019-09-29 00:00:00,8158.3,8180.4,7849.9,7997.2,38.00917434692383
2019-09-30 00:00:00,7997.2,8303.0,7657.8,8248.6,622.0077514648438
2019-10-01 00:00:00,8248.6,8471.6,8142.7,8266.1,626.2866821289062
2019-10-02 00:00:00,8265.8,8334.1,8120.2,8326.9,316.60333251953125
2019-10-03 00:00:00,8326.8,8358.8,8029.7,8184.4,272.7032775878906
2019-10-04 00:00:00,8184.6,8187.7,7971.9,8109.1,242.99929809570312
2019-10-05 00:00:00,8109.1,8109.1,8109.1,8109.1,0.0
2019-10-06 00:00:00,8091.7,8118.2,7733.7,7803.8,29.34210205078125
2019-10-07 00:00:00,7803.9,8254.3,7713.6,8153.9,550.0029296875
2019-10-08 00:00:00,8153.9,8284.5,8057.3,8126.3,512.8994140625
2019-10-09 00:00:00,8126.3,8634.4,8065.1,8532.9,719.6329345703125
2019-10-10 00:00:00,8533.0,8604.0,8399.1,8529.4,490.0073547363281
2019-10-11 00:00:00,8529.4,8755.1,8231.6,8282.6,464.1186828613281
2019-10-12 00:00:00,8282.6,8282.6,8282.6,8282.6,0.0
2019-10-13 00:00:00,8250.8,8410.2,8125.4,8224.0,45.299041748046875
2019-10-14 00:00:00,8224.0,8346.9,8163.4,8299.2,404.3486022949219
2019-10-15 00:00:00,8299.1,8359.7,8058.6,8105.0,404.2467346191406
2019-10-16 00:00:00,8105.0,8118.0,7855.8,7940.4,309.9941711425781
2019-10-17 00:00:00,7940.5,8069.6,7883.2,8018.1,387.4574279785156
2019-10-18 00:00:00,8017.9,8062.7,7765.0,7888.5,411.8457336425781
2019-10-19 00:00:00,7888.5,7888.5,7888.5,7888.5,0.0
2019-10-20 00:00:00,7905.1,8244.7,7821.2,8177.7,43.36236572265625
2019-10-21 00:00:00,8177.7,8287.2,8102.2,8153.8,482.3052673339844
2019-10-22 00:00:00,8153.8,8256.3,7942.5,7966.6,487.78668212890625
2019-10-23 00:00:00,7966.6,7992.6,7247.4,7417.4,466.9206848144531
2019-10-24 00:00:00,7417.1,7453.5,7301.8,7371.8,486.57318115234375
2019-10-25 00:00:00,7371.6,8712.4,7340.6,8511.0,657.5319213867188
2019-10-26 00:00:00,8511.0,8511.0,8511.0,8511.0,0.0
2019-10-27 00:00:00,9199.3,9742.8,9052.8,9493.6,97.75454711914062
2019-10-28 00:00:00,9493.9,9875.5,9140.6,9163.5,963.3191528320312
2019-10-29 00:00:00,9164.9,9504.1,9033.7,9376.2,715.151611328125
2019-10-30 00:00:00,9376.3,9376.8,8944.8,9109.1,649.4296875
2019-10-31 00:00:00,9109.0,9373.3,8903.3,9099.3,661.6572875976562
2019-11-01 00:00:00,9099.5,9244.0,9003.7,9153.5,628.3770751953125
2019-11-02 00:00:00,9153.5,9153.5,9153.5,9153.5,0.0
2019-11-03 00:00:00,9251.2,9322.6,9021.7,9146.4,38.313621520996094
2019-11-04 00:00:00,9148.1,9506.8,9071.2,9359.1,570.4115600585938
2019-11-05 00:00:00,9358.6,9425.4,9132.8,9263.9,532.9766845703125
2019-11-06 00:00:00,9263.0,9389.3,9201.4,9285.9,538.464599609375
2019-11-07 00:00:00,9286.3,9314.5,9030.5,9147.0,553.2617797851562
2019-11-08 00:00:00,9147.1,9192.2,8616.9,8805.2,524.83740234375
2019-11-09 00:00:00,8805.2,8805.2,8805.2,8805.2,0.0
2019-11-10 00:00:00,8748.8,9058.2,8694.2,8977.6,46.98137664794922
2019-11-11 00:00:00,8978.1,9011.7,8548.6,8662.3,399.619140625
2019-11-12 00:00:00,8662.1,8807.9,8508.7,8757.8,403.5666809082031
2019-11-13 00:00:00,8758.0,8779.0,8651.3,8704.8,357.52484130859375
2019-11-14 00:00:00,8704.7,8730.2,8505.0,8571.0,346.8367614746094
2019-11-15 00:00:00,8570.9,8712.8,8326.1,8394.2,386.0124206542969
2019-11-16 00:00:00,8394.2,8394.2,8394.2,8394.2,0.0
2019-11-17 00:00:00,8423.5,8569.4,8322.3,8447.4,12.05802059173584
2019-11-18 00:00:00,8448.3,8448.3,7982.2,8114.4,440.20892333984375
2019-11-19 00:00:00,8114.5,8141.1,7941.6,8065.9,418.56585693359375
2019-11-20 00:00:00,8065.9,8164.0,7970.7,8025.3,364.0910339355469
2019-11-21 00:00:00,8025.4,8059.3,7344.0,7558.6,457.69793701171875
2019-11-22 00:00:00,7558.5,7653.5,6739.3,7282.8,693.3388671875
2019-11-23 00:00:00,7282.8,7282.8,7282.8,7282.8,0.0
2019-11-24 00:00:00,7271.6,7285.9,6816.1,6849.2,45.80995559692383
2019-11-25 00:00:00,6849.3,7318.2,6470.6,7066.2,942.5615844726562
2019-11-26 00:00:00,7066.2,7282.7,6974.3,7106.5,812.4630126953125
2019-11-27 00:00:00,7106.4,7614.7,6794.9,7465.8,884.6672973632812
2019-11-28 00:00:00,7465.7,7601.8,7318.7,7374.6,557.5838623046875
2019-11-29 00:00:00,7374.7,7807.3,7362.3,7648.1,593.1712036132812
2019-11-30 00:00:00,7648.1,7648.1,7648.1,7648.1,0.0
2019-12-01 00:00:00,7497.5,7498.2,7187.2,7346.8,72.15062713623047
2019-12-02 00:00:00,7347.3,7373.5,7109.2,7246.4,568.9978637695312
2019-12-03 00:00:00,7247.5,7354.5,7188.0,7244.2,491.7475280761719
2019-12-04 00:00:00,7244.2,7712.7,7039.9,7141.8,627.0149536132812
2019-12-05 00:00:00,7141.7,7430.7,7110.5,7337.6,626.4190063476562
2019-12-06 00:00:00,7337.5,7545.5,7254.8,7411.5,429.7621154785156
2019-12-07 00:00:00,7411.5,7411.5,7411.5,7411.5,0.0
2019-12-08 00:00:00,7446.9,7517.4,7337.6,7464.3,14.858198165893555
2019-12-09 00:00:00,7464.6,7595.6,7229.8,7279.9,318.4991455078125
2019-12-10 00:00:00,7279.9,7333.4,7105.7,7164.5,415.303955078125
2019-12-11 00:00:00,7165.3,7210.5,7075.3,7146.2,336.885009765625
2019-12-12 00:00:00,7146.4,7229.6,7025.3,7131.6,446.1875305175781
2019-12-13 00:00:00,7198.6,7208.1,7188.8,7208.1,0.009170000441372395
2019-12-14 00:00:00,7208.1,7208.1,7208.1,7208.1,0.0
2019-12-15 00:00:00,7004.8,7146.0,6952.3,7055.7,20.18326187133789
2019-12-16 00:00:00,7055.7,7081.7,6774.7,6820.7,363.6037292480469
2019-12-17 00:00:00,6820.7,6876.6,6503.9,6559.0,448.3280029296875
2019-12-18 00:00:00,6559.0,7385.5,6378.7,7230.6,746.7160034179688
2019-12-19 00:00:00,7230.6,7316.1,6989.4,7092.8,467.8479309082031
2019-12-20 00:00:00,7092.8,7159.2,7023.2,7140.0,258.0222473144531
2019-12-21 00:00:00,7140.0,7140.0,7140.0,7140.0,0.0
2019-12-22 00:00:00,7085.5,7462.1,7068.3,7456.4,1.1114009618759155
2019-12-23 00:00:00,7456.8,7631.1,7207.6,7255.4,308.6160888671875
2019-12-24 00:00:00,7255.5,7367.7,7103.3,7188.5,551.452392578125
2019-12-25 00:00:00,7180.9,7185.4,7111.2,7137.3,30.56334686279297
2019-12-26 00:00:00,7138.1,7370.3,7094.0,7135.9,415.8961181640625
2019-12-27 00:00:00,7135.8,7194.9,7006.4,7159.6,245.7750244140625
2019-12-28 00:00:00,7159.6,7159.6,7159.6,7159.6,0.0
2019-12-29 00:00:00,7243.1,7465.9,7223.0,7325.6,1.4065070152282715
2019-12-30 00:00:00,7326.2,7331.0,7145.8,7160.8,337.0698547363281
2019-12-31 00:00:00,7160.9,7241.7,7058.5,7100.5,346.5816650390625
2020-01-01 00:00:00,7157.6,7164.5,7101.2,7119.7,18.654563903808594
2020-01-02 00:00:00,7119.7,7126.9,6849.7,6889.4,291.9514465332031
2020-01-03 00:00:00,6890.6,7341.8,6802.8,7211.9,616.019775390625
2020-01-04 00:00:00,7263.5,7336.2,7207.8,7291.8,1.0065059661865234
2020-01-05 00:00:00,7290.0,7432.7,7259.0,7294.8,55.902862548828125
2020-01-06 00:00:00,7296.9,7747.6,7286.3,7707.7,690.669921875
2020-01-07 00:00:00,7707.8,8155.1,7679.0,8100.2,1067.7294921875
2020-01-08 00:00:00,8100.1,8406.1,7816.9,7990.4,1058.032958984375
2020-01-09 00:00:00,7990.4,7990.7,7692.4,7757.4,985.0078735351562
2020-01-10 00:00:00,7760.4,8076.7,7622.9,7986.8,802.8833618164062
2020-01-11 00:00:00,8102.8,8228.5,7945.4,7964.2,2.0997629165649414
2020-01-12 00:00:00,7959.0,8127.6,7908.8,8124.5,37.81360626220703
2020-01-13 00:00:00,8124.4,8136.6,7991.5,8051.1,310.4416809082031
2020-01-14 00:00:00,8051.2,8835.2,8050.8,8763.8,1056.1859130859375
2020-01-15 00:00:00,8763.5,8844.1,8504.3,8751.9,792.3624267578125
2020-01-16 00:00:00,8751.7,8790.9,8528.0,8655.5,742.1932373046875
2020-01-17 00:00:00,8656.3,8951.4,8608.3,8849.6,674.5415649414062
2020-01-18 00:00:00,8857.3,8896.7,8750.7,8849.7,1.7876969575881958
2020-01-19 00:00:00,8849.7,9123.0,8429.1,8639.9,76.08184814453125
2020-01-20 00:00:00,8640.5,8678.8,8454.1,8571.8,584.9213256835938
2020-01-21 00:00:00,8572.0,8712.6,8429.5,8665.6,585.0936889648438
2020-01-22 00:00:00,8665.1,8733.9,8516.7,8604.8,471.2974548339844
2020-01-23 00:00:00,8604.8,8609.4,8222.9,8327.6,505.6593933105469
2020-01-24 00:00:00,8327.5,8453.8,8163.4,8439.1,477.9771728515625
2020-01-25 00:00:00,8220.7,8344.0,8213.8,8271.8,1.0289440155029297
2020-01-26 00:00:00,8271.3,8538.1,8226.8,8538.1,47.69792938232422
2020-01-27 00:00:00,8538.3,8934.1,8505.8,8838.3,682.7306518554688
2020-01-28 00:00:00,8838.1,9352.9,8834.1,9337.4,750.7955932617188
2020-01-29 00:00:00,9337.0,9375.4,9171.9,9229.6,643.6463623046875
2020-01-30 00:00:00,9229.7,9507.8,9130.9,9448.2,735.2841186523438
2020-01-31 00:00:00,9448.1,9464.7,9143.2,9296.6,522.3037719726562
2020-02-01 00:00:00,9368.3,9386.1,9232.2,9321.5,1.2354739904403687
2020-02-02 00:00:00,9320.8,9409.7,9097.7,9265.0,38.9517936706543
2020-02-03 00:00:00,9264.9,9548.6,9164.6,9222.0,491.48419189453125
2020-02-04 00:00:00,9223.6,9286.1,9022.7,9107.6,433.1804504394531
2020-02-05 00:00:00,9107.6,9710.5,9094.5,9559.8,789.8731079101562
2020-02-06 00:00:00,9559.7,9800.5,9473.5,9703.0,758.9210815429688
2020-02-07 00:00:00,9703.0,9815.2,9661.1,9689.7,588.8174438476562
2020-02-08 00:00:00,9648.1,9887.3,9645.7,9849.4,1.0367560386657715
2020-02-09 00:00:00,9847.3,10116.6,9831.7,10108.3,42.95010757446289
2020-02-10 00:00:00,10108.2,10137.2,9702.4,9795.2,683.3247680664062
2020-02-11 00:00:00,9795.0,10328.9,9655.5,10212.3,721.0942993164062
2020-02-12 00:00:00,10213.0,10424.4,10194.5,10294.0,668.9742431640625
2020-02-13 00:00:00,10294.2,10454.4,10031.1,10177.5,813.6813354492188
2020-02-14 00:00:00,10177.4,10335.9,10046.9,10287.1,851.792724609375
2020-02-15 00:00:00,10225.0,10230.6,9712.8,9848.9,1.516334056854248
2020-02-16 00:00:00,9847.2,9987.9,9569.2,9863.1,63.29741668701172
2020-02-17 00:00:00,9862.8,9911.7,9418.3,9648.7,726.377197265625
2020-02-18 00:00:00,9649.4,10222.6,9555.6,10133.7,729.297119140625
2020-02-19 00:00:00,10134.8,10246.0,9261.6,9544.2,717.2294921875
2020-02-20 00:00:00,9543.8,9636.1,9359.5,9550.6,624.9054565429688
2020-02-21 00:00:00,9550.5,9713.1,9521.7,9618.0,651.8479614257812
2020-02-22 00:00:00,9640.6,9641.5,9608.2,9613.4,0.06007799878716469
2020-02-23 00:00:00,9614.1,9958.4,9609.6,9909.2,63.65019226074219
2020-02-24 00:00:00,9909.0,9968.2,9431.4,9602.0,589.2379760742188
2020-02-25 00:00:00,9602.5,9619.8,9189.8,9250.1,427.1822509765625
2020-02-26 00:00:00,9249.8,9308.1,8570.2,8719.3,324.8257751464844
2020-02-27 00:00:00,8719.9,8913.9,8467.3,8758.6,605.1602783203125
2020-02-28 00:00:00,8758.3,8842.8,8380.5,8612.9,773.0065307617188
2020-02-29 00:00:00,8683.7,8742.7,8469.4,8469.4,1.9496519565582275
2020-03-01 00:00:00,8468.8,8694.9,8350.8,8467.7,70.31905364990234
2020-03-02 00:00:00,8466.6,8916.3,8433.1,8860.6,703.092041015625
2020-03-03 00:00:00,8861.1,8868.1,8604.6,8699.6,540.427978515625
2020-03-04 00:00:00,8699.5,8790.2,8613.7,8700.4,512.6776733398438
2020-03-05 00:00:00,8700.3,9113.1,8700.3,9013.7,790.8960571289062
2020-03-06 00:00:00,9013.6,9123.6,8942.5,9078.8,705.7999267578125
2020-03-07 00:00:00,8832.6,8870.9,8821.3,8843.0,0.13140900433063507
2020-03-08 00:00:00,8840.0,8843.7,7945.4,7979.3,108.86775970458984
2020-03-09 00:00:00,7979.2,8125.0,7579.7,7874.6,729.0183715820312
2020-03-10 00:00:00,7874.4,8096.4,7680.3,7836.0,560.2000122070312
2020-03-11 00:00:00,7835.9,7934.2,7535.4,7882.6,617.5341186523438
2020-03-12 00:00:00,7882.6,7910.4,4644.0,4814.8,982.5988159179688
2020-03-13 00:00:00,4818.3,5935.5,3850.6,5388.9,905.5818481445312
2020-03-14 00:00:00,5239.4,5271.8,4997.5,5105.4,0.371845006942749
2020-03-15 00:00:00,5103.4,5897.2,5037.7,5287.5,109.35655212402344
2020-03-16 00:00:00,5288.4,5290.7,4378.0,4983.9,1112.135986328125
2020-03-17 00:00:00,4984.1,5505.0,4887.6,5278.7,1139.823974609375
2020-03-18 00:00:00,5278.6,5391.8,4967.2,5357.9,1187.4703369140625
2020-03-19 00:00:00,5357.9,6370.9,5211.9,6129.3,1175.2987060546875
2020-03-20 00:00:00,6129.3,6888.1,5645.3,5915.5,1209.646728515625
2020-03-21 00:00:00,6057.3,6396.2,5810.3,6136.6,2.2982780933380127
2020-03-22 00:00:00,6141.6,6357.2,5693.2,5764.0,141.06362915039062
2020-03-23 00:00:00,5763.9,6578.7,5635.1,6438.8,1148.0841064453125
2020-03-24 00:00:00,6438.7,6807.9,6347.1,6713.5,1090.858642578125
2020-03-25 00:00:00,6713.7,6928.9,6417.1,6632.2,1073.72021484375
2020-03-26 00:00:00,6632.3,6737.8,6476.2,6702.3,922.5982666015625
2020-03-27 00:00:00,6702.5,6810.9,6531.3,6627.3,601.3007202148438
2020-03-28 00:00:00,6187.9,6276.3,5979.1,6194.2,1.460595965385437
2020-03-29 00:00:00,6193.7,6222.6,5816.9,5820.6,70.64854431152344
2020-03-30 00:00:00,5820.6,6571.6,5798.6,6351.1,979.3334350585938
2020-03-31 00:00:00,6351.1,6472.3,6287.1,6370.4,783.3543701171875
2020-04-01 00:00:00,6370.4,6650.3,6102.8,6609.6,981.719970703125
2020-04-02 00:00:00,6609.6,7193.7,6527.6,6743.6,1161.832275390625
2020-04-03 00:00:00,6743.6,6989.3,6562.1,6646.5,1025.060791015625
2020-04-04 00:00:00,6680.1,6942.9,6671.8,6813.8,0.8845229744911194
2020-04-05 00:00:00,6813.8,6850.7,6625.8,6719.7,55.92597198486328
2020-04-06 00:00:00,6719.8,7307.6,6715.7,7285.6,1177.5972900390625
2020-04-07 00:00:00,7284.8,7410.5,7022.5,7144.5,1116.922119140625
2020-04-08 00:00:00,7144.6,7370.5,7098.0,7311.6,1004.02197265625
2020-04-09 00:00:00,7311.5,7319.4,7060.4,7236.0,804.2438354492188
2020-04-10 00:00:00,7235.8,7246.9,6696.2,6865.9,906.6246948242188
2020-04-11 00:00:00,6854.4,6854.4,6716.5,6830.3,1.1357159614562988
2020-04-12 00:00:00,6830.4,7142.4,6734.7,6852.3,103.02587127685547
2020-04-13 00:00:00,6852.2,6852.3,6534.8,6803.3,942.6458740234375
2020-04-14 00:00:00,6803.4,6929.3,6722.0,6819.9,960.5823974609375
2020-04-15 00:00:00,6819.5,6883.0,6551.6,6565.2,662.7852172851562
2020-04-16 00:00:00,6565.1,7155.6,6423.9,7056.8,1027.6119384765625
2020-04-17 00:00:00,7057.0,7097.3,6945.0,7004.4,807.5431518554688
2020-04-18 00:00:00,7041.3,7246.2,7007.5,7203.3,1.2908090353012085
2020-04-19 00:00:00,7203.4,7216.0,7012.5,7074.1,109.73551940917969
2020-04-20 00:00:00,7074.1,7166.7,6704.9,6783.7,1040.2186279296875
2020-04-21 00:00:00,6782.9,6897.2,6719.0,6797.2,851.3027954101562
2020-04-22 00:00:00,6797.3,7111.3,6771.5,7080.1,750.9010620117188
2020-04-23 00:00:00,7080.5,7706.1,6980.3,7434.3,984.1345825195312
2020-04-24 00:00:00,7433.9,7553.7,7340.7,7477.3,599.3404541015625
2020-04-25 00:00:00,7529.9,7654.1,7442.5,7491.0,1.0119019746780396
2020-04-26 00:00:00,7490.7,7651.2,7466.8,7649.5,75.19295501708984
2020-04-27 00:00:00,7649.2,7742.4,7582.9,7734.1,826.0709838867188
2020-04-28 00:00:00,7734.1,7740.4,7616.3,7703.1,732.0294799804688
2020-04-29 00:00:00,7703.1,8916.7,7672.8,8734.0,1248.789306640625
2020-04-30 00:00:00,8733.9,9413.9,8355.8,8571.3,1479.70654296875
2020-05-01 00:00:00,8570.8,9013.8,8566.7,8676.1,893.5218505859375
2020-05-02 00:00:00,8767.2,8959.9,8720.4,8923.0,1.767030954360962
2020-05-03 00:00:00,8923.1,9141.8,8674.1,8850.3,95.823486328125
2020-05-04 00:00:00,8850.3,8912.7,8480.3,8829.0,992.4529418945312
2020-05-05 00:00:00,8829.1,9065.1,8732.2,8969.7,969.4683227539062
2020-05-06 00:00:00,8969.8,9353.2,8867.0,9107.2,1041.6966552734375
2020-05-07 00:00:00,9107.2,10016.2,8988.5,9949.7,1234.2122802734375
2020-05-08 00:00:00,9949.8,9994.7,9676.9,9944.1,971.579833984375
2020-05-09 00:00:00,9627.6,9734.3,9465.1,9479.9,1.7757110595703125
2020-05-10 00:00:00,9480.4,9504.1,8085.1,8679.7,116.6465072631836
2020-05-11 00:00:00,8679.7,9115.5,8145.7,8515.6,1383.2142333984375
2020-05-12 00:00:00,8515.4,8922.4,8486.7,8766.0,1200.353515625
2020-05-13 00:00:00,8766.1,9357.1,8749.2,9265.5,1261.6510009765625
2020-05-14 00:00:00,9265.5,9888.5,9212.9,9737.5,1174.0045166015625
2020-05-15 00:00:00,9737.5,9788.7,9092.2,9186.1,771.8984985351562
2020-05-16 00:00:00,9326.4,9380.1,9297.3,9326.9,0.29329100251197815
2020-05-17 00:00:00,9326.5,9828.4,9273.1,9619.4,84.72282409667969
2020-05-18 00:00:00,9619.5,9898.5,9414.7,9674.8,761.9137573242188
2020-05-19 00:00:00,9674.8,9841.1,9409.9,9722.8,1030.010986328125
2020-05-20 00:00:00,9722.5,9783.3,9259.3,9453.8,832.6963500976562
2020-05-21 00:00:00,9453.8,9511.8,8748.4,9003.5,878.25
2020-05-22 00:00:00,9003.6,9210.6,8876.1,9127.6,610.6494140625
2020-05-23 00:00:00,9180.1,9186.6,9100.2,9120.8,0.2580749988555908
2020-05-24 00:00:00,9120.9,9241.5,8640.1,8658.0,86.35384368896484
2020-05-25 00:00:00,8658.5,8921.6,8581.4,8843.4,947.4016723632812
2020-05-26 00:00:00,8843.4,8962.0,8644.1,8785.1,673.1903686523438
2020-05-27 00:00:00,8785.0,9172.5,8759.1,9150.3,529.1898803710938
2020-05-28 00:00:00,9150.5,9567.5,9060.0,9523.6,515.1976318359375
2020-05-29 00:00:00,9522.4,9549.7,9285.0,9362.3,452.1469421386719
2020-05-30 00:00:00,9491.3,9683.5,9346.9,9646.2,1.6520830392837524
2020-05-31 00:00:00,9646.5,9646.8,9334.4,9390.2,77.36141967773438
2020-06-01 00:00:00,9390.1,10357.3,9367.4,10152.5,293.9875183105469
2020-06-02 00:00:00,10152.5,10176.8,9245.7,9463.6,512.7511596679688
2020-06-03 00:00:00,9463.9,9633.8,9341.0,9609.4,470.616455078125
2020-06-04 00:00:00,9610.3,9829.2,9404.7,9736.2,644.470703125
2020-06-05 00:00:00,9736.1,9800.9,9566.6,9659.6,548.91796875
2020-06-06 00:00:00,9553.2,9674.3,9520.8,9610.1,1.1354680061340332
2020-06-07 00:00:00,9610.0,9751.6,9342.1,9697.9,66.37100219726562
2020-06-08 00:00:00,9697.8,9754.1,9598.6,9727.1,569.5053100585938
2020-06-09 00:00:00,9727.1,9834.6,9527.8,9727.0,570.071044921875
2020-06-10 00:00:00,9726.9,9959.3,9651.3,9836.6,611.9252319335938
2020-06-11 00:00:00,9836.5,9953.5,9038.1,9217.1,568.39404296875
2020-06-12 00:00:00,9217.1,9495.6,9177.2,9407.5,434.7165222167969
2020-06-13 00:00:00,9369.1,9434.4,9308.2,9418.2,0.7753720283508301
2020-06-14 00:00:00,9417.9,9422.2,9199.6,9276.2,66.46781158447266
2020-06-15 00:00:00,9276.3,9443.7,8853.5,9375.5,586.103759765625
2020-06-16 00:00:00,9375.4,9534.9,9329.2,9471.9,520.1071166992188
2020-06-17 00:00:00,9471.8,9505.3,9189.2,9399.1,322.7189636230469
2020-06-18 00:00:00,9399.8,9423.0,9218.0,9324.2,330.05859375
2020-06-19 00:00:00,9323.3,9374.4,9177.9,9259.3,290.0987548828125
2020-06-20 00:00:00,9264.0,9337.1,9260.6,9303.5,0.1892859935760498
2020-06-21 00:00:00,9303.7,9359.4,9223.1,9232.2,9.486096382141113
2020-06-22 00:00:00,9229.9,9730.6,9217.4,9634.6,292.2801818847656
2020-06-23 00:00:00,9634.6,9667.0,9524.2,9565.9,404.5038757324219
2020-06-24 00:00:00,9565.9,9612.1,9146.3,9232.6,322.5994873046875
2020-06-25 00:00:00,9232.6,9278.7,8939.8,9185.9,367.1008605957031
2020-06-26 00:00:00,9186.2,9234.4,8975.9,9132.4,343.6871337890625
2020-06-27 00:00:00,8888.7,9024.2,8881.0,8948.6,0.34208500385284424
2020-06-28 00:00:00,8948.5,9130.8,8880.7,9062.3,45.00447463989258
2020-06-29 00:00:00,9064.0,9179.4,8962.5,9132.4,496.3060607910156
2020-06-30 00:00:00,9133.2,9150.5,9008.1,9079.8,444.0414733886719
2020-07-01 00:00:00,9080.4,9240.9,9037.0,9181.0,496.6555480957031
2020-07-02 00:00:00,9180.9,9210.0,8891.6,9034.9,563.8438110351562
2020-07-03 00:00:00,9035.4,9077.9,9001.8,9037.5,378.6968994140625
2020-07-04 00:00:00,9022.1,9138.0,8992.7,9084.2,0.4155550003051758
2020-07-05 00:00:00,9084.7,9089.7,8870.3,9026.6,16.072572708129883
2020-07-06 00:00:00,9026.6,9315.9,9008.0,9292.4,255.0006866455078
2020-07-07 00:00:00,9293.6,9323.4,9150.7,9201.5,280.06219482421875
2020-07-08 00:00:00,9201.3,9420.3,9180.8,9384.2,319.7161865234375
2020-07-09 00:00:00,9384.1,9392.3,9109.1,9182.3,273.18505859375
2020-07-10 00:00:00,9182.2,9197.0,9070.0,9175.7,199.76141357421875
2020-07-11 00:00:00,9206.8,9225.0,9129.9,9179.4,0.6448619961738586
2020-07-12 00:00:00,9179.5,9287.1,9106.0,9245.5,2.2674849033355713
2020-07-13 00:00:00,9245.4,9287.2,9144.9,9180.7,1.8710319995880127
2020-07-14 00:00:00,9180.6,9223.2,9069.9,9199.9,1.0350379943847656
2020-07-15 00:00:00,9199.9,9216.5,9101.0,9138.0,0.728829026222229
2020-07-16 00:00:00,9138.0,9157.5,8977.1,9074.5,0.8479030132293701
2020-07-17 00:00:00,9074.5,9125.8,9022.6,9100.4,0.4994350075721741
2020-07-18 00:00:00,9082.6,9155.2,9071.6,9118.5,0.6161559820175171
2020-07-19 00:00:00,9118.6,9180.0,9053.4,9157.8,0.9720770120620728
2020-07-20 00:00:00,9158.1,9168.0,9081.6,9106.6,0.6176319718360901
2020-07-21 00:00:00,9106.6,9381.3,9102.1,9337.3,0.8671929836273193
2020-07-22 00:00:00,9337.8,9508.1,9229.7,9480.8,0.650439977645874
2020-07-23 00:00:00,9480.8,9621.9,9402.5,9557.8,0.5526970028877258
2020-07-24 00:00:00,9557.8,9575.6,9421.1,9572.0,0.41430801153182983
2020-07-25 00:00:00,9538.3,9690.1,9517.3,9654.8,0.8702939748764038
2020-07-26 00:00:00,9655.3,10114.0,9606.2,9883.5,1.2098350524902344
2020-07-27 00:00:00,9883.5,11351.3,9879.8,10990.0,2.205759048461914
2020-07-28 00:00:00,10990.0,11200.7,10534.0,10876.5,2.1203958988189697
2020-07-29 00:00:00,10876.5,11293.9,10794.6,11053.6,1.5579309463500977
2020-07-30 00:00:00,11053.7,11128.2,10796.6,11057.4,1.267827033996582
2020-07-31 00:00:00,11057.3,11398.3,10921.7,11270.7,0.759598970413208
2020-08-01 00:00:00,11601.4,11814.9,11453.5,11752.4,2.9436049461364746
2020-08-02 00:00:00,11752.4,12043.2,10532.2,11009.0,3.827362060546875
2020-08-03 00:00:00,11009.3,11423.6,10907.8,11178.6,0.9317820072174072
2020-08-04 00:00:00,11178.3,11361.5,10986.2,11137.3,0.5864959955215454
2020-08-05 00:00:00,11137.3,11739.5,11045.2,11697.3,0.6300820112228394
2020-08-06 00:00:00,11697.3,11857.0,11523.0,11715.4,0.6898840069770813
2020-08-07 00:00:00,11715.5,11859.7,11293.7,11452.2,0.5940960049629211
2020-08-08 00:00:00,11452.2,11452.2,11452.2,11452.2,0.0
2020-08-09 00:00:00,11618.2,11644.0,11574.5,11628.5,0.13180600106716156
2020-08-10 00:00:00,11628.5,12025.5,11462.5,11839.7,1.2763530015945435
2020-08-11 00:00:00,11840.1,11885.0,11071.7,11331.2,2.1968860626220703
2020-08-12 00:00:00,11331.2,11567.6,11110.7,11515.0,1.2732629776000977
2020-08-13 00:00:00,11515.0,11742.6,11222.6,11736.1,1.7389769554138184
2020-08-14 00:00:00,11736.1,11805.1,11599.0,11759.8,1.6299309730529785
2020-08-15 00:00:00,11759.8,11759.8,11759.8,11759.8,0.0
2020-08-16 00:00:00,11792.9,11863.7,11781.1,11859.9,0.2856299877166748
2020-08-17 00:00:00,11860.1,12419.8,11719.4,12244.1,2.3030378818511963
2020-08-18 00:00:00,12243.6,12340.1,11780.4,11900.2,2.857954978942871
2020-08-19 00:00:00,11899.7,11964.9,11539.4,11700.6,4.162632942199707
2020-08-20 00:00:00,11700.2,11836.7,11621.7,11808.9,2.5812129974365234
2020-08-21 00:00:00,11617.7,11651.7,11438.6,11472.6,0.7158849835395813
2020-08-22 00:00:00,11472.6,11634.6,11317.6,11617.0,4.308324813842773
2020-08-23 00:00:00,11653.1,11656.9,11610.9,11610.9,0.15099500119686127
2020-08-24 00:00:00,11596.1,11769.2,11540.4,11699.2,1.9642150402069092
2020-08-25 00:00:00,11699.2,11712.4,11066.8,11272.5,2.9604859352111816
2020-08-26 00:00:00,11272.5,11485.0,11200.0,11410.6,1.8174530267715454
2020-08-27 00:00:00,11410.6,11537.3,11072.3,11273.8,2.633301019668579
2020-08-28 00:00:00,11454.4,11482.1,11408.8,11474.9,107848.09375
2020-08-29 00:00:00,11474.9,11530.6,11381.3,11463.9,251131.3125
2020-08-30 00:00:00,11415.1,11659.9,11406.6,11659.6,3.9284329414367676
2020-08-31 00:00:00,11659.0,11722.5,11527.1,11601.3,1.6265109777450562
2020-09-01 00:00:00,11600.9,12005.1,11488.1,11874.0,2.689491033554077
2020-09-02 00:00:00,11874.5,11901.0,11165.1,11366.6,2.6521589756011963
2020-09-03 00:00:00,11366.8,11452.3,9993.5,10150.7,4.853580951690674
2020-09-04 00:00:00,10149.8,10611.8,9893.1,10438.0,3.657097101211548
2020-09-05 00:00:00,10438.0,10539.0,9831.3,10141.9,4.590796947479248
2020-09-06 00:00:00,10141.9,10331.4,9979.2,10237.0,4.396668910980225
2020-09-07 00:00:00,10237.3,10389.2,9863.6,10354.8,4.399449825286865
2020-09-08 00:00:00,10354.6,10421.6,9840.4,10105.3,5.108589172363281
2020-09-09 00:00:00,10105.7,10328.1,9965.3,10207.2,2.9997000694274902
2020-09-10 00:00:00,10207.1,10470.4,10205.0,10327.4,1.6590830087661743
2020-09-11 00:00:00,10327.4,10382.2,10188.1,10372.1,0.5541560053825378
2020-09-12 00:00:00,10371.7,10458.7,10256.9,10425.8,0.7542939782142639
2020-09-13 00:00:00,10425.9,10558.7,10196.7,10316.8,0.6068810224533081
2020-09-14 00:00:00,10316.9,10740.7,10232.3,10657.5,0.7983850240707397
2020-09-15 00:00:00,10657.5,10916.5,10606.8,10765.9,0.9616979956626892
2020-09-16 00:00:00,10765.9,11076.2,10649.3,10935.2,1.0129339694976807
2020-09-17 00:00:00,10935.1,11026.0,10733.1,10925.7,0.8659039735794067
2020-09-18 00:00:00,10925.7,11019.9,10801.3,10911.1,0.7871059775352478
2020-09-19 00:00:00,10911.0,11157.0,10869.5,11062.8,0.7238979935646057
2020-09-20 00:00:00,11062.8,11062.9,10748.2,10899.0,0.70694899559021
2020-09-21 00:00:00,10898.7,10972.3,10285.5,10399.1,0.9650660157203674
2020-09-22 00:00:00,10400.2,10554.0,10341.4,10514.9,0.7557979822158813
2020-09-23 00:00:00,10514.4,10521.2,10120.3,10217.1,0.8232460021972656
2020-09-24 00:00:00,10217.1,10773.0,10177.1,10718.9,0.8760460019111633
2020-09-25 00:00:00,10718.9,10741.4,10541.9,10666.0,0.9144480228424072
2020-09-26 00:00:00,10666.6,10800.5,10634.4,10711.8,0.7517020106315613
2020-09-27 00:00:00,10711.7,10783.1,10577.4,10755.2,0.7297189831733704
2020-09-28 00:00:00,10755.5,10938.3,10621.2,10674.4,0.7901380062103271
2020-09-29 00:00:00,10674.4,10846.5,10622.3,10822.1,0.7124279737472534
2020-09-30 00:00:00,10822.0,10826.9,10647.5,10760.2,0.6149259805679321
2020-10-01 00:00:00,10760.5,10907.8,10432.3,10596.4,0.6529499888420105
2020-10-02 00:00:00,10596.2,10642.2,10365.5,10548.8,0.9417129755020142
2020-10-03 00:00:00,10549.7,10581.2,10477.3,10531.0,0.6730089783668518
2020-10-04 00:00:00,10530.9,10676.1,10507.8,10655.8,0.588720977306366
2020-10-05 00:00:00,10655.7,10778.2,10608.9,10775.6,0.586234986782074
2020-10-06 00:00:00,10775.6,10780.7,10510.5,10583.2,0.6316059827804565
2020-10-07 00:00:00,10583.2,10662.2,10530.1,10652.9,0.5480419993400574
2020-10-08 00:00:00,10652.8,10940.6,10520.0,10912.3,0.616474986076355
2020-10-09 00:00:00,10912.3,11095.8,10818.8,11033.6,0.5849559903144836
2020-10-10 00:00:00,11033.4,11462.8,11033.4,11279.6,0.6821200251579285
2020-10-11 00:00:00,11279.3,11420.8,11264.7,11353.9,0.5309669971466064
2020-10-12 00:00:00,11353.7,11708.7,11184.2,11516.0,0.7756029963493347
2020-10-13 00:00:00,11516.0,11541.2,11295.3,11406.4,0.7525069713592529
2020-10-14 00:00:00,11406.2,11531.8,11277.9,11408.4,0.6614410281181335
2020-10-15 00:00:00,11408.5,11606.9,11249.2,11490.2,0.6557719707489014
2020-10-16 00:00:00,11490.2,11529.9,11197.0,11300.9,0.785781979560852
2020-10-17 00:00:00,11301.3,11384.3,11248.5,11345.7,0.488319993019104
2020-10-18 00:00:00,11345.8,11498.4,11334.1,11492.1,0.38573798537254333
2020-10-19 00:00:00,11492.1,11817.3,11395.9,11737.4,0.6913729906082153
2020-10-20 00:00:00,11737.4,12035.7,11667.7,11904.3,0.865077018737793
2020-10-21 00:00:00,11904.3,13230.6,11882.1,12789.2,1.169618010520935
2020-10-22 00:00:00,12789.3,13184.9,12683.9,12968.3,1.0457500219345093
2020-10-23 00:00:00,12963.5,13016.0,12712.2,12916.4,0.885977029800415
2020-10-24 00:00:00,12916.4,13153.0,12863.5,13105.4,0.6601970195770264
2020-10-25 00:00:00,13105.6,13333.9,12884.8,13021.2,0.6723610162734985
2020-10-26 00:00:00,13021.2,13229.5,12768.5,13052.1,0.9312970042228699
2020-10-27 00:00:00,13052.1,13771.1,13045.8,13636.5,0.8969020247459412
2020-10-28 00:00:00,13636.5,13836.0,12883.9,13270.0,1.169998049736023
2020-10-29 00:00:00,13270.0,13632.5,12965.9,13448.4,0.9347710013389587
2020-10-30 00:00:00,13448.4,13680.8,13109.8,13540.9,1.367395043373108
2020-10-31 00:00:00,13541.6,14069.1,13406.0,13778.0,2.471627950668335
2020-11-01 00:00:00,13777.7,13879.6,13609.7,13751.3,2.488987684249878
2020-11-02 00:00:00,13751.7,13821.2,13198.3,13550.7,1.138759970664978
2020-11-03 00:00:00,13550.7,14064.5,13276.4,14024.2,1.2512019872665405
2020-11-04 00:00:00,14024.1,14256.3,13526.6,14144.2,1.1298819780349731
2020-11-05 00:00:00,14144.2,15747.1,14094.4,15589.7,1.6138010025024414
2020-11-06 00:00:00,15587.3,15950.5,15188.8,15576.8,1.8196059465408325
2020-11-07 00:00:00,15577.0,15749.8,14354.5,14816.1,1.9955110549926758
2020-11-08 00:00:00,14817.1,15633.8,14709.9,15463.1,1.4550440311431885
2020-11-09 00:00:00,15462.7,15834.7,14809.8,15321.1,1.6036330461502075
2020-11-10 00:00:00,15321.1,15458.6,15077.1,15295.3,1.2431620359420776
2020-11-11 00:00:00,15293.5,15976.4,15272.2,15683.6,1.37887704372406
2020-11-12 00:00:00,15683.6,16343.8,15462.0,16288.3,1.3795499801635742
2020-11-13 00:00:00,16288.3,16470.8,15955.0,16317.3,1.2857710123062134
2020-11-14 00:00:00,16317.1,16317.3,15703.4,16058.7,2.843118906021118
2020-11-15 00:00:00,16058.7,16146.7,15776.1,15949.1,2.5652849674224854
2020-11-16 00:00:00,15949.1,16869.0,15858.1,16709.1,1.3339637517929077
2020-11-17 00:00:00,16709.1,17860.0,16553.7,17664.3,1.5225410461425781
2020-11-18 00:00:00,17664.3,18465.0,17227.1,17778.2,2.015101909637451
2020-11-19 00:00:00,17778.1,18176.4,17343.0,17804.0,1.5565530061721802
2020-11-20 00:00:00,17804.3,18811.0,17746.5,18650.9,1.8305280208587646
2020-11-21 00:00:00,18650.7,18955.2,18341.1,18692.1,3.696739912033081
2020-11-22 00:00:00,18692.1,18740.2,17602.8,18418.7,5.3634867668151855
2020-11-23 00:00:00,18418.6,18758.8,17987.5,18361.4,2.077824115753174
2020-11-24 00:00:00,18363.8,19419.6,18060.4,19152.5,1.9418729543685913
2020-11-25 00:00:00,19152.4,19480.4,18489.2,18704.6,1.5866860151290894
2020-11-26 00:00:00,18704.6,18902.2,16202.8,17145.1,2.8479700088500977
2020-11-27 00:00:00,17145.0,17453.8,16424.8,17122.5,2.1603219509124756
2020-11-28 00:00:00,17122.1,17870.3,16856.0,17716.6,1.6715857982635498
2020-11-29 00:00:00,17714.7,18329.3,17519.7,18179.2,1.7305949926376343
2020-11-30 00:00:00,18179.3,19857.9,18179.3,19689.1,2.1362783908843994
2020-12-01 00:00:00,19689.3,19892.7,18119.5,18760.9,3.2221920490264893
2020-12-02 00:00:00,18762.0,19320.1,18318.4,19200.2,2.8336384296417236
2020-12-03 00:00:00,19200.2,19593.4,18861.8,19425.3,2.1198079586029053
2020-12-04 00:00:00,19424.9,19520.4,18560.2,18637.7,2.1673970222473145
2020-12-05 00:00:00,18637.3,19162.1,18490.1,19134.3,1.742009162902832
2020-12-06 00:00:00,19135.1,19399.3,18861.8,19352.3,1.5891139507293701
2020-12-07 00:00:00,19352.0,19404.4,18885.5,19155.4,1.553558349609375
2020-12-08 00:00:00,19155.3,19274.1,18180.4,18294.3,1.759207010269165
2020-12-09 00:00:00,18294.1,18622.2,17619.5,18526.5,2.162105083465576
2020-12-10 00:00:00,18526.5,18533.2,17885.8,18229.3,1.7146220207214355
2020-12-11 00:00:00,18231.3,18268.3,17565.5,18075.3,2.2823610305786133
2020-12-12 00:00:00,18238.3,18928.7,18187.3,18791.8,1.6523170471191406
2020-12-13 00:00:00,18791.6,19389.3,18705.6,19140.6,1.7878860235214233
2020-12-14 00:00:00,19140.6,19322.1,18978.0,19250.8,1.8258039951324463
2020-12-15 00:00:00,19251.3,19537.4,19030.1,19417.4,1.8444219827651978
2020-12-16 00:00:00,19417.5,21534.4,19278.7,21339.8,2.244281053543091
2020-12-17 00:00:00,21338.5,23741.9,21232.5,22804.1,4.810280799865723
2020-12-18 00:00:00,22803.7,23260.1,22339.9,23111.5,4.047295093536377
2020-12-19 00:00:00,23111.5,24156.1,22770.8,23834.2,2.751642942428589
2020-12-20 00:00:00,23832.0,24270.1,23095.5,23455.8,3.6860690116882324
2020-12-21 00:00:00,23455.8,24089.3,21931.5,22706.4,3.9117069244384766
2020-12-22 00:00:00,22706.4,23814.2,22363.7,23802.3,3.94297194480896
2020-12-23 00:00:00,23802.3,24059.5,22625.1,23203.5,4.166335105895996
2020-12-24 00:00:00,23202.8,23757.2,22693.9,23692.5,3.501948118209839
2020-12-25 00:00:00,23691.9,24749.0,23391.3,24682.0,2.6913609504699707
2020-12-26 00:00:00,24681.0,26799.5,24466.7,26440.7,2.5264010429382324
2020-12-27 00:00:00,26445.7,28357.3,25778.6,26227.7,4.34855318069458
2020-12-28 00:00:00,26226.7,27449.5,26057.9,27007.3,4.35335111618042
2020-12-29 00:00:00,27007.5,27375.5,25826.6,27344.4,4.13810396194458
2020-12-30 00:00:00,27344.6,28976.2,27335.1,28862.3,4.262065887451172
2020-12-31 00:00:00,28861.2,29275.1,27970.1,28967.5,3.244831085205078
2021-01-01 00:00:00,29222.5,29389.1,29176.1,29384.7,0.1240909993648529
2021-01-02 00:00:00,29384.5,33297.4,29017.1,32191.7,3.584300994873047
2021-01-03 00:00:00,32187.2,34773.0,31995.5,33050.1,4.743780136108398
2021-01-04 00:00:00,33050.1,33636.3,27909.6,32007.5,5.00350284576416
2021-01-05 00:00:00,32007.3,34473.2,29924.1,34027.5,5.570329189300537
2021-01-06 00:00:00,34027.5,37012.6,33353.4,36834.5,4.971030235290527
2021-01-07 00:00:00,36838.9,40373.2,36339.9,39473.4,5.719508171081543
2021-01-08 00:00:00,39471.5,41967.1,36585.5,40630.4,5.233135223388672
2021-01-09 00:00:00,40630.4,41422.9,38765.3,40238.9,1.9527809619903564
2021-01-10 00:00:00,40226.9,41435.7,34888.7,38156.0,2.5626070499420166
2021-01-11 00:00:00,38152.0,38243.7,30288.2,35412.5,5.464716911315918
2021-01-12 00:00:00,35414.8,36587.7,32482.3,33998.7,2.4005589485168457
2021-01-13 00:00:00,33996.9,37783.7,32339.9,37347.7,2.2661240100860596
2021-01-14 00:00:00,37347.7,40073.6,36732.3,39105.6,1.9749929904937744
2021-01-15 00:00:00,39105.6,39649.8,34384.3,36734.0,52968.99609375
2021-01-16 00:00:00,36734.9,37919.2,35367.1,35986.6,91884.8125
2021-01-17 00:00:00,35983.0,36816.2,33831.8,35798.0,82430.0625
2021-01-18 00:00:00,35798.6,37404.7,34755.2,36603.4,124566.046875
2021-01-19 00:00:00,36590.0,37830.3,35878.5,35898.1,130235.6015625
2021-01-20 00:00:00,35897.8,36383.0,33382.7,35485.6,110583.0
2021-01-21 00:00:00,35480.1,35597.7,30022.0,30793.8,120234.6875
2021-01-22 00:00:00,30800.8,33831.3,28778.2,32982.5,105331.2578125
2021-01-23 00:00:00,32981.7,33453.8,31415.5,32082.4,70042.5234375
2021-01-24 00:00:00,32080.3,33058.9,30934.6,32261.2,63377.37890625
2021-01-25 00:00:00,32264.3,34855.6,31912.9,32245.6,1.2743209600448608
2021-01-26 00:00:00,32244.0,32918.3,30813.1,32495.3,1.4485889673233032
2021-01-27 00:00:00,32495.1,32559.4,29207.0,30393.3,1.7233450412750244
2021-01-28 00:00:00,30396.7,33809.0,29876.1,33412.2,1.7267529964447021
2021-01-29 00:00:00,33422.3,38605.3,31973.9,34223.2,1.9492239952087402
2021-01-30 00:00:00,34225.2,34890.5,32831.8,34290.9,0.8695769906044006
2021-01-31 00:00:00,34289.6,34355.2,32183.7,33105.4,0.8459330201148987
2021-02-01 00:00:00,33104.8,34682.1,32311.5,33514.8,1.5719679594039917
2021-02-02 00:00:00,33514.7,35983.7,33432.2,35486.4,1.4902700185775757
2021-02-03 00:00:00,35486.7,37698.2,35382.0,37666.3,1.3721749782562256
2021-02-04 00:00:00,37668.3,38723.9,36196.6,36969.8,2.006830930709839
2021-02-05 00:00:00,36969.8,38328.1,36607.8,38297.2,1.4553810358047485
2021-02-06 00:00:00,38304.3,40935.6,38236.3,39250.8,1.1249109506607056
2021-02-07 00:00:00,39254.0,39688.4,37382.5,38845.4,1.2954679727554321
2021-02-08 00:00:00,38845.3,46714.3,38041.7,46388.2,1.5090110301971436
2021-02-09 00:00:00,46390.3,48183.5,45007.9,46474.4,1.7272429466247559
2021-02-10 00:00:00,46471.7,47331.5,43706.3,44809.1,1.4823980331420898
2021-02-11 00:00:00,44810.4,48636.4,43999.7,47958.3,1.4101769924163818
2021-02-12 00:00:00,47959.1,48890.1,46250.0,47387.5,1.5987730026245117
2021-02-13 00:00:00,47386.6,48154.6,46242.2,47186.6,1.0884950160980225
2021-02-14 00:00:00,47187.0,49643.9,47066.4,48631.1,1.1458109617233276
2021-02-15 00:00:00,48628.5,49000.0,45891.0,47899.6,1.7473399639129639
2021-02-16 00:00:00,47899.7,50544.9,47030.8,49137.1,1.8874560594558716
2021-02-17 00:00:00,49136.9,52596.9,48921.4,52115.9,1.8191570043563843
2021-02-18 00:00:00,52115.3,52511.9,50858.9,51553.0,1.1978520154953003
2021-02-19 00:00:00,51550.4,56284.8,50730.5,55894.5,1.4716030359268188
2021-02-20 00:00:00,55907.8,57451.8,53977.1,55893.7,0.8721669912338257
2021-02-21 00:00:00,55893.7,58304.5,55492.2,57446.1,1.7683360576629639
2021-02-22 00:00:00,57443.3,57529.4,47598.3,54101.7,2.064863920211792
2021-02-23 00:00:00,54101.7,54151.9,44905.1,48859.6,3.339289903640747
2021-02-24 00:00:00,48858.1,51374.0,46990.0,49699.8,2.315843105316162
2021-02-25 00:00:00,49698.8,52038.4,46687.7,47026.7,1.9988720417022705
2021-02-26 00:00:00,47033.0,48416.0,44122.1,46290.7,2.4243319034576416
2021-02-27 00:00:00,46277.6,48301.9,45007.0,46123.8,1.5098669528961182
2021-02-28 00:00:00,46121.6,46606.8,42990.3,45204.6,2.5485939979553223
2021-03-01 00:00:00,45201.8,49781.2,45004.7,49592.9,1.7391200065612793
2021-03-02 00:00:00,49590.0,50198.9,47048.0,48451.4,1.7690329551696777
2021-03-03 00:00:00,48451.5,52595.0,48135.3,50352.0,1.7536959648132324
2021-03-04 00:00:00,50352.0,51757.2,47461.3,48319.9,2.0916900634765625
2021-03-05 00:00:00,48318.8,49428.9,46276.4,48722.0,1.8995939493179321
2021-03-06 00:00:00,48721.8,49159.2,47046.7,48847.8,1.239400029182434
2021-03-07 00:00:00,48854.6,51419.4,48854.6,50944.0,1.480700969696045
2021-03-08 00:00:00,50941.2,52368.8,49299.5,52367.8,1.5538179874420166
2021-03-09 00:00:00,52367.8,54886.9,51828.3,54886.4,1.4803409576416016
2021-03-10 00:00:00,54885.6,57339.5,53001.1,55837.0,1.8436100482940674
2021-03-11 00:00:00,55836.2,58100.0,54267.6,57761.9,2.0545239448547363
2021-03-12 00:00:00,57761.9,58019.9,55025.2,57195.1,1.5800340175628662
2021-03-13 00:00:00,57194.8,61722.4,56055.7,61123.1,1.1992260217666626
2021-03-14 00:00:00,61126.8,61624.9,58959.5,58965.2,1.2575620412826538
2021-03-15 00:00:00,58957.2,60550.9,54676.8,55607.1,2.118885040283203
2021-03-16 00:00:00,55607.1,56886.8,53226.5,56876.4,1.8900049924850464
2021-03-17 00:00:00,56876.4,58932.1,54132.3,58876.7,2.24737811088562
2021-03-18 00:00:00,58880.7,60058.9,57020.6,57604.0,1.7142430543899536
2021-03-19 00:00:00,57602.7,59419.3,56255.0,58034.6,1.5268930196762085
2021-03-20 00:00:00,58032.2,59819.7,57803.4,58081.6,0.9788100123405457
2021-03-21 00:00:00,58081.6,58584.0,55503.7,57320.6,1.4383469820022583
2021-03-22 00:00:00,57320.6,58380.8,53729.7,54051.3,2.047534942626953
2021-03-23 00:00:00,54051.3,55796.9,52961.1,54314.1,1.8472100496292114
2021-03-24 00:00:00,54314.1,57165.7,51680.0,52252.3,1.80663001537323
2021-03-25 00:00:00,52254.3,53187.8,50405.4,51279.1,1.9468820095062256
2021-03-26 00:00:00,51279.1,55055.0,51226.6,55024.7,1.9645620584487915
2021-03-27 00:00:00,55022.0,56563.7,53951.1,55824.8,1.1007000207901
2021-03-28 00:00:00,55824.8,56495.4,54691.7,55737.9,1.1091569662094116
2021-03-29 00:00:00,55737.3,58357.2,54886.5,57588.4,1.774780035018921
2021-03-30 00:00:00,57588.4,59394.2,57021.9,58752.3,1.9543060064315796
2021-03-31 00:00:00,58748.0,59784.9,56875.7,58747.3,2.0584371089935303
2021-04-01 00:00:00,58742.9,59440.5,57929.6,58686.1,1.5827720165252686
2021-04-02 00:00:00,58684.1,60051.7,58432.1,58945.7,1.1582030057907104
2021-04-03 00:00:00,58940.7,59743.5,56910.5,57051.0,0.6304270029067993
2021-04-04 00:00:00,57046.3,58448.6,56452.0,58169.9,0.8168529868125916
2021-04-05 00:00:00,58169.9,59211.9,56806.1,59088.0,1.5224659442901611
2021-04-06 00:00:00,59088.8,59425.5,57354.1,57974.9,1.309872031211853
2021-04-07 00:00:00,57975.0,58604.1,55434.7,55914.3,1.4926010370254517
2021-04-08 00:00:00,55912.1,58107.8,55674.5,58033.3,0.9762229919433594
2021-04-09 00:00:00,58033.3,58839.7,57655.3,58053.8,1.0618259906768799
2021-04-10 00:00:00,58056.4,61126.7,57836.2,59738.3,0.7808759808540344
2021-04-11 00:00:00,59738.3,60619.6,59184.0,59939.1,0.8740310072898865
2021-04-12 00:00:00,59939.1,61208.8,59388.2,59805.2,1.5086959600448608
2021-04-13 00:00:00,59805.2,63703.6,59767.6,63542.8,1.6589560508728027
2021-04-14 00:00:00,63542.8,64848.7,61287.2,62934.5,1.8663970232009888
2021-04-15 00:00:00,62934.5,63779.1,62006.5,63185.7,1.561398983001709
2021-04-16 00:00:00,63186.2,63541.4,60016.3,61380.8,1.7712039947509766
2021-04-17 00:00:00,61379.8,62521.0,59679.8,60021.4,0.8110290169715881
2021-04-18 00:00:00,60035.8,60376.5,52258.3,56231.2,1.6614539623260498
2021-04-19 00:00:00,56228.2,57554.0,54272.2,55654.1,1.9071799516677856
2021-04-20 00:00:00,55654.5,57059.5,53379.7,56453.4,2.269897937774658
2021-04-21 00:00:00,56453.4,56761.7,53597.8,53767.2,2.148848056793213
2021-04-22 00:00:00,53767.2,55416.0,50467.7,51671.6,2.542175054550171
2021-04-23 00:00:00,51671.6,52088.0,47502.0,51128.9,2.4968008995056152
2021-04-24 00:00:00,51129.3,51178.5,48734.2,50061.2,1.2430369853973389
2021-04-25 00:00:00,50067.9,50539.3,47057.7,49076.1,1.452860951423645
2021-04-26 00:00:00,49076.4,54359.7,48792.7,54015.3,2.7818338871002197
2021-04-27 00:00:00,54015.3,55451.9,53317.8,55030.1,1.8542720079421997
2021-04-28 00:00:00,55029.0,56425.7,53856.8,54838.1,2.088479995727539
2021-04-29 00:00:00,54837.9,55174.0,52360.0,53538.2,1.9702320098876953
2021-04-30 00:00:00,53538.3,57950.8,53043.7,57748.8,1.6306289434432983
2021-05-01 00:00:00,57746.6,58486.9,57035.8,57812.5,0.8615729808807373
2021-05-02 00:00:00,57812.5,57925.6,56065.1,56575.7,1.0917869806289673
2021-05-03 00:00:00,56574.3,58939.2,56490.1,57161.8,1.7476420402526855
2021-05-04 00:00:00,57161.8,57190.6,53102.2,53189.2,2.339900016784668
2021-05-05 00:00:00,53189.2,57913.6,52952.0,57472.8,1.9530450105667114
2021-05-06 00:00:00,57469.3,58363.6,55279.2,56390.2,2.1663169860839844
2021-05-07 00:00:00,56388.8,58656.4,55287.8,57326.7,2.3616199493408203
2021-05-08 00:00:00,57326.6,59480.7,56938.5,58912.8,1.0802439451217651
2021-05-09 00:00:00,58912.8,59215.8,56278.0,58258.8,1.2219810485839844
2021-05-10 00:00:00,58258.8,59533.5,53708.9,55830.6,2.968640089035034
2021-05-11 00:00:00,55827.2,56896.0,54470.4,56707.4,2.753856897354126
2021-05-12 00:00:00,56707.4,57951.6,48620.3,49474.9,2.912437915802002
2021-05-13 00:00:00,49468.7,51350.3,45910.4,49648.2,3.00689697265625
2021-05-14 00:00:00,49648.2,51518.3,48860.7,49841.6,2.5112879276275635
2021-05-15 00:00:00,49847.3,50663.9,46559.1,46721.3,1.4753479957580566
2021-05-16 00:00:00,46719.7,49729.3,43816.3,46412.4,2.0153110027313232
2021-05-17 00:00:00,46412.4,46590.7,42084.3,43523.4,3.23779296875
2021-05-18 00:00:00,43523.4,45798.0,42265.9,42843.7,3.3517439365386963
2021-05-19 00:00:00,42843.7,43537.2,29814.0,36713.0,3.1167030334472656
2021-05-20 00:00:00,36713.0,42478.3,34972.1,40565.9,3.270904064178467
2021-05-21 00:00:00,40566.8,42217.0,33502.1,37288.2,3.2119009494781494
2021-05-22 00:00:00,37287.8,38807.5,35218.9,37431.9,2.254019021987915
2021-05-23 00:00:00,37431.7,38241.6,31110.5,34651.8,3.058608055114746
2021-05-24 00:00:00,34651.8,39884.6,34432.9,38808.1,3.21514892578125
2021-05-25 00:00:00,38807.2,39793.7,36458.8,38332.7,3.311600923538208
2021-05-26 00:00:00,38330.4,40829.2,37798.4,39248.1,2.694751024246216
2021-05-27 00:00:00,39247.1,40349.1,37157.9,38489.0,2.3646199703216553
2021-05-28 00:00:00,38489.0,38828.3,34681.1,35632.7,2.614331007003784
2021-05-29 00:00:00,35632.8,37251.8,33618.3,34574.5,1.1910840272903442
2021-05-30 00:00:00,34577.2,36453.0,33402.7,35623.0,2.7158780097961426
2021-05-31 00:00:00,35623.0,37468.0,34154.0,37236.6,2.9231700897216797
2021-06-01 00:00:00,37236.6,37866.2,35687.2,36636.6,2.7042229175567627
2021-06-02 00:00:00,36635.9,38189.9,35899.6,37534.8,1.7573809623718262
2021-06-03 00:00:00,37534.8,39439.0,37159.9,39190.6,2.2833709716796875
2021-06-04 00:00:00,39192.8,39230.4,35552.6,36813.3,1.9228689670562744
2021-06-05 00:00:00,36813.1,37872.1,34812.7,35490.4,1.8740689754486084
2021-06-06 00:00:00,35489.9,36414.5,35230.4,35757.2,2.1468238830566406
2021-06-07 00:00:00,35758.2,36750.2,33319.5,33540.7,2.165858030319214
2021-06-08 00:00:00,33540.7,34013.5,31016.3,33359.7,2.7687549591064453
2021-06-09 00:00:00,33359.6,37494.2,32382.3,37345.4,2.4775660037994385
2021-06-10 00:00:00,37345.4,38376.1,35788.6,36639.1,2.719630002975464
2021-06-11 00:00:00,36638.1,37616.1,35946.7,37280.8,2.779463052749634
2021-06-12 00:00:00,37283.5,37402.7,34632.0,35498.3,1.8718680143356323
2021-06-13 00:00:00,35498.3,39323.5,34755.4,38982.3,2.329792022705078
2021-06-14 00:00:00,38977.3,40984.4,38716.6,40484.4,2.7128379344940186
2021-06-15 00:00:00,40484.5,41264.0,39536.2,40118.9,2.8369839191436768
2021-06-16 00:00:00,40118.9,40444.4,38079.2,38302.9,2.5708279609680176
2021-06-17 00:00:00,38302.9,39507.1,37357.0,38046.9,2.1242830753326416
2021-06-18 00:00:00,38046.9,38158.2,35119.3,35770.5,2.068326950073242
2021-06-19 00:00:00,35775.9,36395.9,34833.1,35447.9,1.4309329986572266
2021-06-20 00:00:00,35447.9,36071.3,33327.8,35558.5,1.7807940244674683
2021-06-21 00:00:00,35558.3,35699.9,31232.3,31588.4,2.3071820735931396
2021-06-22 00:00:00,31588.2,33265.0,28795.9,32486.0,2.5049591064453125
2021-06-23 00:00:00,32486.0,34785.8,31690.0,33642.4,1.9146029949188232
2021-06-24 00:00:00,33642.4,35243.3,32301.7,34620.3,1.6667180061340332
2021-06-25 00:00:00,34620.3,35460.3,31252.0,31545.7,1.8755429983139038
2021-06-26 00:00:00,31541.8,32636.9,30125.4,32236.7,1.8841619491577148
2021-06-27 00:00:00,32236.0,34692.9,31967.4,34657.4,2.476269006729126
2021-06-28 00:00:00,34659.6,35252.9,33849.8,34448.8,1.8190670013427734
2021-06-29 00:00:00,34450.2,36562.7,34198.0,35871.6,1.8443690538406372
2021-06-30 00:00:00,35870.6,36053.1,34019.0,35012.2,1.312885046005249
2021-07-01 00:00:00,35012.3,35023.7,32706.1,33482.6,1.3552910089492798
2021-07-02 00:00:00,33482.6,33924.6,32677.2,33753.0,1.097762942314148
2021-07-03 00:00:00,33753.8,34881.9,33300.9,34636.4,0.5405920147895813
2021-07-04 00:00:00,34634.8,35902.9,34342.5,35249.5,0.5155119895935059
2021-07-05 00:00:00,35250.7,35250.7,33112.8,33653.4,1.2988779544830322
2021-07-06 00:00:00,33653.5,35059.0,33512.0,34186.5,1.3243809938430786
2021-07-07 00:00:00,34185.1,35010.5,33769.9,33835.9,1.5357739925384521
2021-07-08 00:00:00,33836.4,33894.9,32069.9,32839.3,1.5041190385818481
2021-07-09 00:00:00,32838.4,34038.1,32236.6,33775.2,1.1665550470352173
2021-07-10 00:00:00,33775.9,34215.9,32998.5,33467.4,0.4359540045261383
2021-07-11 00:00:00,33467.3,34560.4,33285.1,34210.9,0.4736259877681732
2021-07-12 00:00:00,34211.3,34621.5,32626.2,33060.7,0.8310239911079407
2021-07-13 00:00:00,33060.7,33292.2,32163.5,32690.0,0.8257160186767578
2021-07-14 00:00:00,32690.2,33062.1,31560.7,32780.1,0.9392189979553223
2021-07-15 00:00:00,32779.4,33142.3,31107.1,31827.4,0.8711950182914734
2021-07-16 00:00:00,31827.5,32210.0,31001.8,31345.6,0.9418399930000305
2021-07-17 00:00:00,31348.7,31892.9,31134.3,31478.1,0.484591007232666
2021-07-18 00:00:00,31482.9,32386.1,31086.9,31743.0,0.4411109983921051
2021-07-19 00:00:00,31744.2,31849.0,30420.1,30797.1,0.7611610293388367
2021-07-20 00:00:00,30797.5,31016.4,29267.8,29752.4,0.8928290009498596
2021-07-21 00:00:00,29753.0,32769.3,29461.8,32098.2,1.1534080505371094
2021-07-22 00:00:00,32101.8,32556.4,31688.8,32255.2,1.0617179870605469
2021-07-23 00:00:00,32255.4,33590.9,31969.8,33590.9,1.1606650352478027
2021-07-24 00:00:00,33592.9,34468.1,33383.8,34232.6,0.4788399934768677
2021-07-25 00:00:00,34235.2,35389.1,33841.5,35373.7,0.6647830009460449
2021-07-26 00:00:00,35373.7,40490.9,35209.2,37205.5,2.9848320484161377
2021-07-27 00:00:00,37205.5,39486.6,36365.4,39442.2,2.42338490486145
2021-07-28 00:00:00,39442.2,40851.0,38772.7,39985.1,2.264436960220337
2021-07-29 00:00:00,39982.8,40594.7,39248.8,39991.4,1.8328319787979126
2021-07-30 00:00:00,39991.4,42255.7,38307.5,42180.9,1.7081660032272339
2021-07-31 00:00:00,42183.1,42316.8,41027.0,41415.4,0.8043149709701538
2021-08-01 00:00:00,41415.9,42550.0,39420.4,39825.4,1.1724209785461426
2021-08-02 00:00:00,39825.4,40437.1,38654.5,39111.2,1.2647600173950195
2021-08-03 00:00:00,39112.1,39738.4,37609.9,38155.9,1.3880330324172974
2021-08-04 00:00:00,38155.8,39917.1,37490.3,39692.3,1.2263259887695312
2021-08-05 00:00:00,39692.3,41332.6,37307.0,40844.4,1.4395179748535156
2021-08-06 00:00:00,40844.9,43310.2,39859.9,42821.5,1.1702899932861328
2021-08-07 00:00:00,42820.9,44689.8,42501.1,44571.4,0.9154210090637207
2021-08-08 00:00:00,44580.8,45296.1,43266.2,43782.3,2.1697959899902344
2021-08-09 00:00:00,43781.8,46440.7,42791.3,46235.2,1.7458720207214355
2021-08-10 00:00:00,46231.3,46663.3,44618.9,45550.3,1.2733349800109863
2021-08-11 00:00:00,45552.1,46721.3,45314.9,45506.9,1.2475509643554688
2021-08-12 00:00:00,45507.5,46178.8,43764.6,44368.3,1.2627619504928589
2021-08-13 00:00:00,44369.2,47821.8,44212.0,47780.9,1.1666250228881836
2021-08-14 00:00:00,47782.2,48113.1,46037.6,47061.7,1.1414860486984253
2021-08-15 00:00:00,47061.7,47329.6,45496.0,46968.5,1.4902050495147705
2021-08-16 00:00:00,46968.5,48006.7,45638.6,45873.6,1.5183579921722412
2021-08-17 00:00:00,45873.2,47120.1,44389.9,44637.9,1.234768033027649
2021-08-18 00:00:00,44634.7,45977.4,44183.8,44672.1,1.2568720579147339
2021-08-19 00:00:00,44671.9,46999.9,43917.6,46722.1,1.1104580163955688
2021-08-20 00:00:00,46722.7,49329.3,46606.7,49297.6,1.1712700128555298
2021-08-21 00:00:00,49299.7,49750.8,48257.1,48824.3,0.6317070126533508
2021-08-22 00:00:00,48821.9,49468.8,48060.6,49243.2,1.695227026939392
2021-08-23 00:00:00,49243.2,50457.1,49008.3,49477.8,2.141165018081665
2021-08-24 00:00:00,49477.8,49823.0,47562.2,47638.7,1.4742510318756104
2021-08-25 00:00:00,47637.3,49207.9,47097.0,48934.1,1.2444499731063843
2021-08-26 00:00:00,48933.9,49312.0,46289.5,46802.1,1.2611570358276367
2021-08-27 00:00:00,46804.1,49121.7,46322.6,49040.5,2.8284459114074707
2021-08-28 00:00:00,49041.7,49265.9,48352.1,48876.7,0.7064279913902283
2021-08-29 00:00:00,48878.6,49607.2,47772.2,48752.8,1.1952650547027588
2021-08-30 00:00:00,48752.8,48853.0,46824.8,46937.9,1.8606009483337402
2021-08-31 00:00:00,46938.6,48209.9,46658.6,47079.0,1.2162909507751465
2021-09-01 00:00:00,47078.8,49074.9,46499.7,48791.7,1.3429889678955078
2021-09-02 00:00:00,48790.1,50331.8,48582.7,49233.4,1.375478982925415
2021-09-03 00:00:00,49233.1,50977.2,48320.0,49973.8,1.5765210390090942
2021-09-04 00:00:00,49972.1,50502.2,49380.4,49892.4,0.7756379842758179
2021-09-05 00:00:00,49892.4,51846.0,49462.8,51749.6,1.104066014289856
2021-09-06 00:00:00,51749.6,52733.4,50976.3,52644.0,1.6759740114212036
2021-09-07 00:00:00,52643.9,52883.9,42952.7,46810.9,1.980638027191162
2021-09-08 00:00:00,46808.5,47290.6,44412.9,46009.5,1.9192839860916138
2021-09-09 00:00:00,46009.4,47347.6,45500.2,46350.5,1.3582960367202759
2021-09-10 00:00:00,46349.8,46989.3,44123.4,44802.8,1.200402021408081
2021-09-11 00:00:00,44802.8,45942.7,44688.2,45117.4,0.7836650013923645
2021-09-12 00:00:00,45118.8,46405.6,44715.2,46000.7,0.9380840063095093
2021-09-13 00:00:00,46000.7,46799.8,43394.9,44885.3,2.647568941116333
2021-09-14 00:00:00,44886.5,47193.6,44630.6,47064.4,2.343280076980591
2021-09-15 00:00:00,47064.4,48393.8,46654.1,48077.2,2.3560359477996826
2021-09-16 00:00:00,48076.7,48433.7,46973.0,47705.0,2.38309907913208
2021-09-17 00:00:00,47705.0,48104.1,46706.5,47245.9,1.8437880277633667
2021-09-18 00:00:00,47246.3,48752.2,47015.5,48257.5,0.9257439970970154
2021-09-19 00:00:00,48257.2,48328.0,46793.6,47188.6,1.064113974571228
2021-09-20 00:00:00,47189.4,47283.2,42500.0,42957.4,2.422903060913086
2021-09-21 00:00:00,42956.4,43573.0,39559.4,40660.1,2.6597869396209717
2021-09-22 00:00:00,40664.8,43953.2,40530.8,43509.6,2.573362112045288
2021-09-23 00:00:00,43511.1,44930.2,43034.8,44826.2,2.736726999282837
2021-09-24 00:00:00,44826.2,45088.9,40705.5,42793.2,2.6428089141845703
2021-09-25 00:00:00,42795.2,42936.9,41657.4,42659.2,1.0582749843597412
2021-09-26 00:00:00,42658.9,43874.0,40765.1,43140.0,1.2286089658737183
2021-09-27 00:00:00,43135.2,44300.8,42059.4,42112.3,2.371830940246582
2021-09-28 00:00:00,42111.6,42709.1,40838.4,40965.5,2.7892720699310303
2021-09-29 00:00:00,40966.1,42534.3,40722.8,41470.1,1.8465429544448853
2021-09-30 00:00:00,41470.1,44048.7,41359.7,43757.0,1.906553030014038
2021-10-01 00:00:00,43757.4,48409.2,43232.5,48096.6,2.0322771072387695
2021-10-02 00:00:00,48100.0,48275.8,47402.5,47598.9,1.8477330207824707
2021-10-03 00:00:00,47597.7,49145.1,47080.1,48167.9,2.381722927093506
2021-10-04 00:00:00,48167.9,49429.6,46872.4,49183.8,2.191364049911499
2021-10-05 00:00:00,49183.8,51836.0,49015.6,51428.5,2.237144947052002
2021-10-06 00:00:00,51428.5,55691.8,50362.5,55273.1,2.2026729583740234
2021-10-07 00:00:00,55274.0,55284.0,53353.5,53736.6,2.11401104927063
2021-10-08 00:00:00,53736.6,56031.7,53590.8,53884.4,2.1323719024658203
2021-10-09 00:00:00,53887.5,55403.8,53639.9,54901.7,1.8032939434051514
2021-10-10 00:00:00,54901.5,56421.9,54100.6,54637.1,2.7403039932250977
2021-10-11 00:00:00,54636.8,57763.2,54393.5,57422.6,1.6553900241851807
2021-10-12 00:00:00,57422.4,57594.2,53916.6,55944.8,2.0909159183502197
2021-10-13 00:00:00,55944.8,57709.0,54216.7,57309.1,1.9816759824752808
2021-10-14 00:00:00,57309.5,58452.4,56792.4,57293.0,1.8075289726257324
2021-10-15 00:00:00,57290.4,62799.6,56821.0,61592.1,2.081986904144287
2021-10-16 00:00:00,61592.1,62262.8,60099.7,60812.9,2.05035400390625
2021-10-17 00:00:00,60812.9,61633.3,58938.5,61467.2,2.5005619525909424
2021-10-18 00:00:00,61464.9,62619.6,59837.4,61979.0,1.6356960535049438
2021-10-19 00:00:00,61978.5,64412.0,61398.8,64228.2,2.016256093978882
2021-10-20 00:00:00,64223.2,66923.5,63474.2,65955.3,1.7921099662780762
2021-10-21 00:00:00,65955.6,66586.0,62033.8,62142.1,2.5053980350494385
2021-10-22 00:00:00,62141.8,63671.8,59960.4,60622.5,2.095339059829712
2021-10-23 00:00:00,60622.4,61662.1,59640.8,61244.2,1.8987599611282349
2021-10-24 00:00:00,61244.2,61428.4,59473.4,60787.9,2.1000449657440186
2021-10-25 00:00:00,60789.1,63644.1,60592.6,63021.0,1.1578079462051392
2021-10-26 00:00:00,63021.0,63221.7,59812.1,60260.5,1.7990440130233765
2021-10-27 00:00:00,60260.5,61419.8,58048.5,58390.2,2.0007779598236084
2021-10-28 00:00:00,58390.2,62398.9,57836.5,60534.8,2.165843963623047
2021-10-29 00:00:00,60534.8,62901.8,60139.0,62191.8,2.026829957962036
2021-10-30 00:00:00,62194.3,62297.4,60714.8,61823.8,1.618211030960083
2021-10-31 00:00:00,61823.8,62351.9,59965.6,61279.8,2.3839900493621826
2021-11-01 00:00:00,61280.4,62422.8,59500.0,60881.9,1.549291968345642
2021-11-02 00:00:00,60881.9,64231.4,60610.7,63186.0,2.0109710693359375
2021-11-03 00:00:00,63186.1,63493.0,60224.3,62872.3,1.7752959728240967
2021-11-04 00:00:00,62872.3,63049.6,60668.9,61386.1,1.508273959159851
2021-11-05 00:00:00,61386.1,62562.4,60721.1,60953.6,1.4228980541229248
2021-11-06 00:00:00,60946.5,61524.9,60049.4,61469.8,1.3711069822311401
2021-11-07 00:00:00,61471.4,63248.3,61336.7,63248.3,1.605855941772461
2021-11-08 00:00:00,63248.3,67725.3,63248.3,67493.2,1.215728998184204
2021-11-09 00:00:00,67494.3,68480.3,66222.2,66881.1,1.5648369789123535
2021-11-10 00:00:00,66880.6,68932.7,62885.6,64855.3,1.7796789407730103
2021-11-11 00:00:00,64854.0,65534.1,64075.9,64752.2,1.3830829858779907
2021-11-12 00:00:00,64750.3,65406.7,62247.6,64085.5,1.6013250350952148
2021-11-13 00:00:00,64084.8,64896.2,63338.1,64340.6,1.4396530389785767
2021-11-14 00:00:00,64340.6,65446.3,63561.3,65440.2,1.7806899547576904
2021-11-15 00:00:00,65440.8,66297.1,63363.8,63560.6,1.1484639644622803
2021-11-16 00:00:00,63560.6,63565.0,58612.1,60043.6,1.9797190427780151
2021-11-17 00:00:00,60043.6,60765.8,58379.1,60299.2,2.192234992980957
2021-11-18 00:00:00,60297.0,60911.4,56464.3,56866.4,2.4119300842285156
2021-11-19 00:00:00,56866.4,58342.2,55587.9,58055.6,1.8379219770431519
2021-11-20 00:00:00,58055.1,59816.4,57369.5,59690.9,1.140997052192688
2021-11-21 00:00:00,59690.9,59991.2,58492.0,58650.6,2.0867440700531006
2021-11-22 00:00:00,58650.5,59414.0,55600.4,56225.0,1.6803460121154785
2021-11-23 00:00:00,56224.4,57818.7,55351.2,57513.6,2.1100211143493652
2021-11-24 00:00:00,57513.6,57677.3,55847.5,57104.6,1.6855900287628174
2021-11-25 00:00:00,57104.6,59381.5,56990.3,58930.9,1.4728889465332031
2021-11-26 00:00:00,58929.9,59131.7,53486.9,53721.9,2.0018138885498047
2021-11-27 00:00:00,53713.0,55244.6,53590.6,54703.0,1.710407018661499
2021-11-28 00:00:00,54700.3,57427.0,53368.4,57262.3,2.02424693107605
2021-11-29 00:00:00,57262.3,58866.2,56684.8,57773.8,1.2136859893798828
2021-11-30 00:00:00,57775.4,59177.2,55871.8,56925.8,1.947443962097168
2021-12-01 00:00:00,56927.3,59046.0,56432.5,57167.7,2.0445470809936523
2021-12-02 00:00:00,57167.0,57356.3,55793.0,56463.8,1.8737030029296875
2021-12-03 00:00:00,56463.7,57597.3,51717.8,53610.9,1.9674090147018433
2021-12-04 00:00:00,53603.7,53808.6,42387.4,49181.7,2.478614091873169
2021-12-05 00:00:00,49183.0,49690.3,47780.6,49398.1,2.572321891784668
2021-12-06 00:00:00,49412.2,50959.0,47183.2,50462.6,1.916445016860962
2021-12-07 00:00:00,50462.6,51922.9,50013.3,50567.1,1.7004649639129639
2021-12-08 00:00:00,50567.1,51185.8,48624.6,50457.4,1.5464634895324707
2021-12-09 00:00:00,50457.4,50772.9,47280.2,47524.8,1.882912039756775
2021-12-10 00:00:00,47524.8,50047.2,46859.5,47117.4,2.026492118835449
2021-12-11 00:00:00,47109.6,49437.9,46735.1,49326.5,1.5338200330734253
2021-12-12 00:00:00,49326.5,50729.0,48618.9,50031.7,1.708327054977417
2021-12-13 00:00:00,50041.3,50152.4,45745.8,46667.6,2.0618979930877686
2021-12-14 00:00:00,46669.0,48612.5,46258.0,48316.8,1.8032029867172241
2021-12-15 00:00:00,48315.7,49439.8,46528.0,48830.2,1.8707690238952637
2021-12-16 00:00:00,48831.7,49392.1,47488.3,47589.1,1.4477620124816895
2021-12-17 00:00:00,47581.7,47956.3,45438.9,46100.2,1.50996994972229
2021-12-18 00:00:00,46101.5,47297.9,45469.7,46797.1,0.9269030094146729
2021-12-19 00:00:00,46799.0,48244.8,46399.2,46637.0,1.0787607431411743
2021-12-20 00:00:00,46637.2,47458.4,45520.6,46856.7,1.6110750436782837
2021-12-21 00:00:00,46855.2,49279.2,46610.0,48857.7,1.3706530332565308
2021-12-22 00:00:00,48858.2,49519.9,48404.5,48600.0,1.2908059358596802
2021-12-23 00:00:00,48600.0,51332.6,48010.9,50773.4,1.249127984046936
2021-12-24 00:00:00,50773.9,51791.6,50392.4,50774.3,1.197618007659912
2021-12-25 00:00:00,50774.8,51089.0,50145.3,50362.8,0.5378659963607788
2021-12-26 00:00:00,50371.0,51217.3,49436.1,50738.2,0.9804797172546387
2021-12-27 00:00:00,50738.2,52012.8,50420.2,50654.2,1.236387014389038
2021-12-28 00:00:00,50654.0,50654.0,47272.2,47496.2,1.6673320531845093
2021-12-29 00:00:00,47498.9,48089.5,46057.7,46412.3,1.440418004989624
2021-12-30 00:00:00,46412.3,47848.0,45937.6,47067.6,1.1038709878921509
2021-12-31 00:00:00,47067.7,48512.0,46779.2,47429.4,0.9461230039596558
2022-01-01 00:00:00,46974.0,47875.5,46806.1,47676.4,0.22051399946212769
2022-01-02 00:00:00,47674.9,47919.0,46635.2,47247.1,0.9245830178260803
2022-01-03 00:00:00,47247.1,47518.8,45700.0,46392.4,1.2993730306625366
2022-01-04 00:00:00,46392.8,47482.0,45503.3,45776.1,1.3985710144042969
2022-01-05 00:00:00,45779.0,47000.7,42440.9,43381.4,1.7400330305099487
2022-01-06 00:00:00,43390.8,43722.2,42393.4,43039.0,1.6789109706878662
2022-01-07 00:00:00,43038.9,43078.2,40620.1,41487.5,2.041745901107788
2022-01-08 00:00:00,41489.2,42248.7,40550.5,41631.8,1.15249764919281
2022-01-09 00:00:00,41632.1,42724.8,41250.5,41815.0,1.2031241655349731
2022-01-10 00:00:00,41808.9,42188.6,39604.1,41770.7,1.4335299730300903
2022-01-11 00:00:00,41771.8,43054.1,41230.5,42682.7,1.366492748260498
2022-01-12 00:00:00,42682.1,44252.6,42424.2,43862.7,1.5748629570007324
2022-01-13 00:00:00,43858.9,44382.0,42276.8,42517.9,1.6159627437591553
2022-01-14 00:00:00,42517.2,43394.5,41731.7,43025.2,1.4878307580947876
2022-01-15 00:00:00,43025.6,43755.8,42535.6,43034.8,0.9049620032310486
2022-01-16 00:00:00,43034.8,43423.0,42560.1,43030.6,1.0381649732589722
2022-01-17 00:00:00,43030.5,43140.6,41505.9,42166.2,1.2144798040390015
2022-01-18 00:00:00,42165.2,42617.1,41246.8,42319.2,1.8912321329116821
2022-01-19 00:00:00,42317.2,42517.4,41106.5,41624.7,1.4730639457702637
2022-01-20 00:00:00,41624.4,43451.7,40547.2,40674.9,1.2487391233444214
2022-01-21 00:00:00,40650.6,41055.3,35437.0,36436.9,1.9677326679229736
2022-01-22 00:00:00,36436.9,36770.9,33982.9,35035.9,1.4051189422607422
2022-01-23 00:00:00,35035.9,36488.9,34598.8,36241.9,0.46941179037094116
2022-01-24 00:00:00,36209.5,37490.7,32925.6,36635.9,1.536936640739441
2022-01-25 00:00:00,36628.3,37551.2,35668.0,36926.9,1.6455650329589844
2022-01-26 00:00:00,36916.2,38858.2,36206.1,36853.0,2.0613558292388916
2022-01-27 00:00:00,36853.0,37178.9,35486.6,37132.9,1.8470556735992432
2022-01-28 00:00:00,37132.9,37943.7,36120.1,37693.9,1.6145505905151367
2022-01-29 00:00:00,37679.9,38677.7,37292.9,38126.1,0.9913250207901001
2022-01-30 00:00:00,38128.9,38319.1,37334.9,37874.9,1.8663350343704224
2022-01-31 00:00:00,37857.7,38687.2,36642.0,38449.2,1.345112681388855
2022-02-01 00:00:00,38449.7,39215.3,38035.6,38666.9,1.6271977424621582
2022-02-02 00:00:00,38666.7,38822.5,36582.0,36875.8,1.2185758352279663
2022-02-03 00:00:00,36875.8,37302.3,36218.9,37265.5,1.2569080591201782
2022-02-04 00:00:00,37265.1,41692.6,36996.6,41554.3,1.5540399551391602
2022-02-05 00:00:00,41548.7,41905.0,40917.9,41387.9,0.6717410087585449
2022-02-06 00:00:00,41370.9,42654.9,41135.7,42363.2,0.3610498905181885
2022-02-07 00:00:00,42363.1,44455.7,41631.6,43809.8,1.4211750030517578
2022-02-08 00:00:00,43809.8,45430.9,42658.2,44020.5,1.606205701828003
2022-02-09 00:00:00,44020.5,44779.9,43128.8,44377.5,1.4194331169128418
2022-02-10 00:00:00,44377.5,45791.3,43166.3,43475.9,1.3704270124435425
2022-02-11 00:00:00,43462.7,43962.3,41997.9,42404.5,1.2143292427062988
2022-02-12 00:00:00,42404.5,43063.0,41710.0,42282.7,0.37176719307899475
2022-02-13 00:00:00,42282.7,42758.5,41854.9,42123.4,0.2762337625026703
2022-02-14 00:00:00,42123.4,42893.2,41510.4,42502.9,1.0271100997924805
2022-02-15 00:00:00,42494.6,44714.4,42397.7,44518.5,1.0617619752883911
2022-02-16 00:00:00,44518.5,44529.2,43336.0,43840.2,0.8827493190765381
2022-02-17 00:00:00,43840.2,44133.0,40039.0,40507.9,1.2091845273971558
2022-02-18 00:00:00,40507.9,40991.7,39423.8,39970.9,0.8926503658294678
2022-02-19 00:00:00,39970.9,40436.1,39618.7,40136.9,0.34244757890701294
2022-02-20 00:00:00,40136.9,40179.9,38009.9,38348.9,0.3296124041080475
2022-02-21 00:00:00,38347.5,39437.4,36769.9,37014.5,1.2680102586746216
2022-02-22 00:00:00,37014.5,38390.0,36318.9,38228.9,1.2797907590866089
2022-02-23 00:00:00,38197.9,39280.0,37044.9,37294.1,0.807332456111908
2022-02-24 00:00:00,37294.1,39640.1,34299.6,38314.9,2.569572925567627
2022-02-25 00:00:00,38300.1,39718.0,37986.4,39177.8,1.1413390636444092
2022-02-26 00:00:00,39177.7,40235.0,38651.7,39076.4,0.8985196948051453
2022-02-27 00:00:00,39081.9,39882.0,37000.0,37723.9,1.0542235374450684
2022-02-28 00:00:00,37723.9,44125.0,37426.6,43143.5,1.463878870010376
2022-03-01 00:00:00,43144.9,44986.0,42823.1,44381.2,1.6154365539550781
2022-03-02 00:00:00,44381.7,45250.4,43306.1,43964.9,1.3531498908996582
2022-03-03 00:00:00,43964.9,44133.1,41793.5,42427.9,0.892521321773529
2022-03-04 00:00:00,42415.1,42476.5,38555.9,39104.9,1.377419352531433
2022-03-05 00:00:00,39104.9,39560.5,38562.9,39353.6,0.8064020276069641
2022-03-06 00:00:00,39353.5,39662.3,38089.4,38375.0,0.7428336143493652
2022-03-07 00:00:00,38375.0,39562.7,37118.8,37978.9,1.5106475353240967
2022-03-08 00:00:00,37958.4,39317.9,37837.3,38700.9,1.686161994934082
2022-03-09 00:00:00,38690.4,42587.3,38616.8,41902.2,1.4495532512664795
2022-03-10 00:00:00,41903.8,41996.0,38555.8,39388.9,1.2832417488098145
2022-03-11 00:00:00,39386.7,40204.5,38190.1,38674.9,1.5857263803482056
2022-03-12 00:00:00,38674.9,39401.7,38613.9,39110.0,1.0992419719696045
2022-03-13 00:00:00,38858.9,39253.9,37547.9,37731.4,1.0692939758300781
2022-03-14 00:00:00,37730.9,39856.2,37527.5,39647.9,1.3601690530776978
2022-03-15 00:00:00,39647.9,39861.2,38188.5,39250.9,1.011559247970581
2022-03-16 00:00:00,39247.0,41642.5,38876.7,41073.9,1.4526019096374512
2022-03-17 00:00:00,41067.8,41418.3,40500.0,40885.3,0.9918288588523865
2022-03-18 00:00:00,40883.4,42346.9,40144.0,41716.2,0.9942802786827087
2022-03-19 00:00:00,41716.2,42401.7,41481.3,42167.9,0.9848660230636597
2022-03-20 00:00:00,42167.9,42250.8,40882.1,41219.1,1.2473266124725342
2022-03-21 00:00:00,41215.9,41504.5,40480.6,40986.3,0.9115161895751953
2022-03-22 00:00:00,40986.3,43269.6,40902.5,42317.3,1.1624021530151367
2022-03-23 00:00:00,42317.6,42961.6,41724.3,42847.8,0.9760303497314453
2022-03-24 00:00:00,42848.4,44265.5,42595.8,43950.3,1.1921000480651855
2022-03-25 00:00:00,43949.9,45115.8,43560.0,44271.1,1.0546061992645264
2022-03-26 00:00:00,44271.0,44629.9,44049.2,44484.4,0.38049009442329407
2022-03-27 00:00:00,44485.1,46961.7,44391.1,46872.2,0.6860179901123047
2022-03-28 00:00:00,46805.8,48229.2,46626.7,47082.3,0.7620667219161987
2022-03-29 00:00:00,47070.0,48130.0,46947.4,47393.8,1.15864098072052
2022-03-30 00:00:00,47393.6,47734.8,46540.7,47012.9,1.127930998802185
2022-03-31 00:00:00,47012.9,47644.7,45274.4,45478.4,1.0359641313552856
2022-04-01 00:00:00,45476.4,46659.9,44195.7,46237.4,0.7790179252624512
2022-04-02 00:00:00,46237.4,47154.3,45601.1,45825.0,0.5641077756881714
2022-04-03 00:00:00,45825.0,47452.2,45515.7,46364.4,0.8396607041358948
2022-04-04 00:00:00,46364.4,46834.1,45108.9,46547.2,1.1595557928085327
2022-04-05 00:00:00,46544.3,47213.3,45365.8,45449.0,0.8168048858642578
2022-04-06 00:00:00,45449.1,45465.4,43094.4,43138.5,1.0657920837402344
2022-04-07 00:00:00,43138.8,43931.8,42718.6,43409.5,0.7430375218391418
2022-04-08 00:00:00,43401.7,43996.7,42051.6,42255.4,0.8252053260803223
2022-04-09 00:00:00,42255.4,42760.4,42108.1,42723.5,0.5706484317779541
2022-04-10 00:00:00,42724.6,43452.7,41864.6,42113.5,0.5884976983070374
2022-04-11 00:00:00,42115.6,42383.3,39244.0,39483.2,0.8318197131156921
2022-04-12 00:00:00,39483.1,40659.1,39258.1,40038.6,0.7673527002334595
2022-04-13 00:00:00,40048.9,41544.1,39547.0,41102.4,0.6456663012504578
2022-04-14 00:00:00,41105.5,41450.7,39534.6,39889.0,0.7822697758674622
2022-04-15 00:00:00,39883.6,40795.1,39724.8,40489.6,0.6920490264892578
2022-04-16 00:00:00,40497.7,40641.9,39970.5,40340.9,0.778656005859375
2022-04-17 00:00:00,40345.6,40551.5,39518.5,39644.0,0.6414920091629028
2022-04-18 00:00:00,39645.9,41023.2,38515.3,40760.3,0.6322123408317566
2022-04-19 00:00:00,40760.5,41697.9,40539.9,41447.8,0.6544402241706848
2022-04-20 00:00:00,41446.8,42153.2,40872.0,41323.5,0.7761200070381165
2022-04-21 00:00:00,41318.2,42990.3,39760.8,40522.4,0.5432353019714355
2022-04-22 00:00:00,40522.4,40739.3,39147.1,39647.2,0.8859090805053711
2022-04-23 00:00:00,39647.2,39929.7,39231.2,39400.8,1.0055389404296875
2022-04-24 00:00:00,39400.6,39895.9,38993.5,39458.1,0.7280361652374268
2022-04-25 00:00:00,39458.1,40542.1,38177.4,40393.4,0.9735116958618164
2022-04-26 00:00:00,40392.1,40741.9,37693.9,38071.8,0.9442973136901855
2022-04-27 00:00:00,38072.0,39418.3,37847.0,39206.0,0.9722915291786194
2022-04-28 00:00:00,39204.1,40406.9,38847.8,39702.8,0.9370319247245789
2022-04-29 00:00:00,39702.3,39878.5,38140.9,38528.1,0.8785688281059265
2022-04-30 00:00:00,38527.9,38796.2,37568.3,37597.0,0.692259669303894
2022-05-01 00:00:00,37598.9,38617.6,37380.0,38433.7,0.8481100797653198
2022-05-02 00:00:00,38432.8,39121.4,38081.2,38474.3,1.0084476470947266
2022-05-03 00:00:00,38474.1,38679.4,37487.6,37689.4,0.6164292097091675
2022-05-04 00:00:00,37683.2,39969.4,37629.4,39644.6,1.0712482929229736
2022-05-05 00:00:00,39644.6,39783.8,35548.8,36507.6,1.1645950078964233
2022-05-06 00:00:00,36504.1,36621.5,35247.6,35934.9,1.5918606519699097
2022-05-07 00:00:00,35936.6,36061.2,34800.8,35432.4,1.2322490215301514
2022-05-08 00:00:00,35432.4,35463.9,33710.6,33997.8,1.4913660287857056
2022-05-09 00:00:00,33998.2,34195.9,29990.9,30039.5,1.7193142175674438
2022-05-10 00:00:00,30046.5,32607.4,29777.0,30970.1,1.9981060028076172
2022-05-11 00:00:00,30969.9,32111.3,27660.8,28931.4,3.499363899230957
2022-05-12 00:00:00,28931.4,30112.9,25340.4,28894.8,2.3635079860687256
2022-05-13 00:00:00,28895.0,30926.5,28638.5,29167.2,1.4750471115112305
2022-05-14 00:00:00,29167.1,30222.6,28512.2,29980.8,1.9284155368804932
2022-05-15 00:00:00,29980.7,31379.6,29380.8,31246.1,1.2874428033828735
2022-05-16 00:00:00,31245.0,31245.5,29039.7,29780.8,1.6454706192016602
2022-05-17 00:00:00,29783.9,30740.8,29380.1,30366.6,1.5548003911972046
2022-05-18 00:00:00,30366.5,30625.8,28561.7,28625.0,1.7036751508712769
2022-05-19 00:00:00,28625.3,30453.9,28608.1,30239.5,1.8531330823898315
2022-05-20 00:00:00,30239.7,30678.8,28651.8,29090.7,1.854524850845337
2022-05-21 00:00:00,29090.7,29549.2,28850.0,29363.4,1.1300270557403564
2022-05-22 00:00:00,29363.5,30406.2,29177.0,30217.3,1.479482650756836
2022-05-23 00:00:00,30215.9,30664.8,28792.7,29017.3,1.7123548984527588
2022-05-24 00:00:00,29016.0,29753.0,28586.9,29570.8,0.8868004679679871
2022-05-25 00:00:00,29570.8,30120.8,29257.0,29450.3,0.8957980871200562
2022-05-26 00:00:00,29450.3,29786.0,27946.6,29115.0,1.325165033340454
2022-05-27 00:00:00,29113.8,29364.6,28192.4,28535.3,1.5088920593261719
2022-05-28 00:00:00,28535.2,29174.5,28435.0,28945.1,1.2753159999847412
2022-05-29 00:00:00,28947.7,29491.6,28752.9,29390.7,1.4210079908370972
2022-05-30 00:00:00,29390.7,32125.5,29217.6,31654.8,0.9460502862930298
2022-05-31 00:00:00,31655.5,32417.9,31153.7,31719.0,0.7660279870033264
2022-06-01 00:00:00,31719.0,31906.8,29254.3,29728.0,1.0336240530014038
2022-06-02 00:00:00,29725.9,30597.0,29516.6,30370.0,0.8273705840110779
2022-06-03 00:00:00,30369.8,30608.7,29264.7,29605.8,1.0275994539260864
2022-06-04 00:00:00,29607.7,29995.2,29454.0,29778.1,1.0684603452682495
2022-06-05 00:00:00,29778.1,30111.3,29454.0,29840.8,1.6847070455551147
2022-06-06 00:00:00,29839.6,31672.5,29800.7,31287.6,1.1843613386154175
2022-06-07 00:00:00,31287.2,31501.5,29151.6,31064.0,1.6036150455474854
2022-06-08 00:00:00,31063.8,31260.9,29796.3,30140.6,2.3048019409179688
2022-06-09 00:00:00,30139.8,30638.9,29883.8,30039.7,2.090718984603882
2022-06-10 00:00:00,30039.3,30290.3,28790.6,28998.1,2.1788899898529053
2022-06-11 00:00:00,28998.0,29346.1,28052.6,28348.8,1.8242210149765015
2022-06-12 00:00:00,28350.7,28470.0,26492.4,26510.0,2.351058006286621
2022-06-13 00:00:00,26507.1,26803.8,21883.2,22414.2,2.836514949798584
2022-06-14 00:00:00,22414.4,23234.8,20781.1,22072.4,2.823725938796997
2022-06-15 00:00:00,22072.1,22719.9,20037.2,22518.9,2.651503086090088
2022-06-16 00:00:00,22503.0,22914.1,20163.6,20330.2,2.551356077194214
2022-06-17 00:00:00,20329.0,21286.9,20183.8,20382.8,2.593730926513672
2022-06-18 00:00:00,20383.5,20685.0,17520.0,18915.3,3.0180819034576416
2022-06-19 00:00:00,18914.2,20738.6,17902.0,20512.8,2.666100025177002
2022-06-20 00:00:00,20511.3,20996.4,19582.4,20516.6,2.6345291137695312
2022-06-21 00:00:00,20518.5,21654.5,20301.1,20661.5,2.4919168949127197
2022-06-22 00:00:00,20661.3,20824.6,19717.8,19926.8,2.4595909118652344
2022-06-23 00:00:00,19926.0,21158.8,19834.8,21052.5,2.3297040462493896
2022-06-24 00:00:00,21052.6,21473.3,20686.4,21158.5,2.3999290466308594
2022-06-25 00:00:00,21158.6,21545.4,20863.7,21439.6,1.9649800062179565
2022-06-26 00:00:00,21440.2,21823.3,20901.5,20996.2,1.872920036315918
2022-06-27 00:00:00,20994.2,21469.0,20471.8,20685.6,2.0167129039764404
2022-06-28 00:00:00,20686.0,21155.7,20145.7,20221.2,2.200831890106201
2022-06-29 00:00:00,20221.8,20368.8,19805.1,20063.4,2.187809944152832
2022-06-30 00:00:00,20063.6,20110.2,18590.5,19920.6,2.227216958999634
2022-07-01 00:00:00,19908.1,20830.3,18917.0,19182.3,2.4100139141082764
2022-07-02 00:00:00,19187.6,19357.0,18897.3,19191.5,1.4426729679107666
2022-07-03 00:00:00,19190.4,19588.0,18737.8,19259.0,1.773980975151062
2022-07-04 00:00:00,19258.4,20283.6,18999.8,20176.5,1.9996349811553955
2022-07-05 00:00:00,20176.2,20687.4,19250.5,20127.4,2.2393739223480225
2022-07-06 00:00:00,20126.2,20616.7,19715.1,20506.4,2.312180995941162
2022-07-07 00:00:00,20506.3,21791.7,20214.5,21574.2,2.114828109741211
2022-07-08 00:00:00,21575.0,22423.7,21146.2,21517.2,2.407015085220337
2022-07-09 00:00:00,21517.2,21916.9,21279.4,21540.4,1.9704220294952393
2022-07-10 00:00:00,21541.0,21552.9,20618.8,20808.8,2.2261970043182373
2022-07-11 00:00:00,20810.6,20813.5,19834.3,19908.2,3.1128830909729004
2022-07-12 00:00:00,19907.9,20000.7,19194.8,19272.9,2.43900203704834
2022-07-13 00:00:00,19272.7,20289.8,18876.8,20187.2,2.530611038208008
2022-07-14 00:00:00,20187.2,20844.2,19586.9,20541.3,3.2779510021209717
2022-07-15 00:00:00,20540.6,21144.9,20337.4,20763.3,2.333498001098633
2022-07-16 00:00:00,20763.3,21536.8,20412.0,21157.9,1.9642800092697144
2022-07-17 00:00:00,21156.4,21612.1,20715.5,20754.4,2.0441930294036865
2022-07-18 00:00:00,20754.3,22734.6,20725.8,22407.2,1.9797919988632202
2022-07-19 00:00:00,22406.8,23753.1,21550.3,23364.0,1.8237260580062866
2022-07-20 00:00:00,23364.0,24239.5,22891.1,23185.2,1.7180709838867188
2022-07-21 00:00:00,23182.3,23384.7,22310.2,23117.3,1.524271011352539
2022-07-22 00:00:00,23116.7,23718.6,22474.5,22622.6,1.745972990989685
2022-07-23 00:00:00,22622.6,22940.1,21912.0,22410.7,1.9303719997406006
2022-07-24 00:00:00,22410.9,22970.0,22230.7,22548.1,2.1204750537872314
2022-07-25 00:00:00,22545.1,22624.4,21227.6,21267.1,1.6570229530334473
2022-07-26 00:00:00,21267.2,21298.9,20691.3,21224.7,1.436318039894104
2022-07-27 00:00:00,21224.7,23061.8,21011.7,22923.8,1.4261540174484253
2022-07-28 00:00:00,22923.7,24156.0,22555.9,23817.4,1.7288240194320679
2022-07-29 00:00:00,23817.4,24397.7,23412.9,23723.6,1.811290979385376
2022-07-30 00:00:00,23723.6,24598.1,23483.0,23603.7,1.5430049896240234
2022-07-31 00:00:00,23603.9,24149.7,23197.1,23272.5,1.8365609645843506
2022-08-01 00:00:00,23271.0,23463.2,22828.1,23242.7,1.4896210432052612
2022-08-02 00:00:00,23242.7,23409.0,22632.1,22954.0,1.8507230281829834
2022-08-03 00:00:00,22954.8,23596.9,22662.4,22792.9,1.7678600549697876
2022-08-04 00:00:00,22792.7,23187.6,22373.1,22584.9,1.7657949924468994
2022-08-05 00:00:00,22584.6,23425.3,22557.2,23255.8,1.9195829629898071
2022-08-06 00:00:00,23255.7,23292.1,22882.6,22915.7,1.8506699800491333
2022-08-07 00:00:00,22915.5,23340.7,22812.5,23140.9,1.5396840572357178
2022-08-08 00:00:00,23141.5,24204.1,23125.0,23781.2,1.2513560056686401
2022-08-09 00:00:00,23780.0,23880.9,22849.9,23120.3,1.4569289684295654
2022-08-10 00:00:00,23120.3,24175.7,22642.9,23918.4,1.6432780027389526
2022-08-11 00:00:00,23918.6,24865.8,23831.3,23905.4,2.421066999435425
2022-08-12 00:00:00,23905.4,24399.1,23571.7,24350.1,2.3063089847564697
2022-08-13 00:00:00,24352.1,24833.9,24264.6,24406.0,1.914463996887207
2022-08-14 00:00:00,24405.8,24991.1,24115.0,24272.4,1.7234660387039185
2022-08-15 00:00:00,24273.7,25166.2,23747.6,24063.5,1.4162980318069458
2022-08-16 00:00:00,24063.3,24206.0,23636.3,23820.2,1.4676599502563477
2022-08-17 00:00:00,23818.6,24396.8,23153.3,23300.8,1.42778742313385
2022-08-18 00:00:00,23301.1,23554.4,23078.2,23155.9,1.1854219436645508
2022-08-19 00:00:00,23155.8,23164.7,20723.3,20769.9,1.9388370513916016
2022-08-20 00:00:00,20773.5,21310.0,20729.0,21098.6,2.1094019412994385
2022-08-21 00:00:00,21098.7,21740.6,21032.5,21477.8,1.655603051185608
2022-08-22 00:00:00,21477.8,21485.1,20866.9,21370.0,0.8924041390419006
2022-08-23 00:00:00,21370.0,21637.6,20864.8,21488.3,0.8618171811103821
2022-08-24 00:00:00,21489.7,21854.9,21117.9,21332.7,1.1087100505828857
2022-08-25 00:00:00,21333.1,21774.2,21275.9,21531.3,0.8319444060325623
2022-08-26 00:00:00,21531.3,21830.2,20051.8,20175.7,1.2559089660644531
2022-08-27 00:00:00,20175.7,20316.0,19785.8,19999.4,1.0599809885025024
2022-08-28 00:00:00,19999.4,20122.8,19487.6,19519.1,0.22379854321479797
2022-08-29 00:00:00,19522.2,20378.6,19511.1,20258.9,0.5813429951667786
2022-08-30 00:00:00,20258.9,20533.5,19515.8,19775.0,0.7146944999694824
2022-08-31 00:00:00,19775.5,20442.0,19769.5,20015.4,0.8670219779014587
2022-09-01 00:00:00,20015.4,20166.2,19540.1,20091.3,0.7004680037498474
2022-09-02 00:00:00,20091.4,20399.3,19723.0,19893.5,1.2514959573745728
2022-09-03 00:00:00,19893.5,19990.3,19616.4,19793.4,0.45602384209632874
2022-09-04 00:00:00,19793.4,19984.8,19550.8,19964.0,0.6240729093551636
2022-09-05 00:00:00,19964.0,20015.4,19607.8,19754.9,0.47046640515327454
2022-09-06 00:00:00,19755.1,20139.6,18639.3,18753.6,0.7907609939575195
2022-09-07 00:00:00,18753.5,19421.8,18514.8,19252.8,0.7427743673324585
2022-09-08 00:00:00,19253.3,19414.1,18990.9,19283.4,0.34201058745384216
2022-09-09 00:00:00,19283.5,21551.1,19261.5,21302.1,0.9895219802856445
2022-09-10 00:00:00,21302.1,21762.5,21092.4,21612.7,1.3316650390625
2022-09-11 00:00:00,21613.2,21817.1,21320.2,21797.9,0.9134427905082703
2022-09-12 00:00:00,21796.0,22439.4,21514.9,22359.8,1.3121919631958008
2022-09-13 00:00:00,22360.4,22737.7,19845.6,20136.9,1.5956289768218994
2022-09-14 00:00:00,20136.9,20484.5,19590.6,20191.5,0.7947400212287903
2022-09-15 00:00:00,20190.9,20294.3,19493.2,19663.7,1.2793200016021729
2022-09-16 00:00:00,19664.1,19851.4,19300.9,19740.5,0.5356074571609497
2022-09-17 00:00:00,19742.8,20143.3,19707.7,20077.9,0.700302004814148
2022-09-18 00:00:00,20077.8,20078.9,19314.8,19380.1,1.091413974761963
2022-09-19 00:00:00,19380.6,19641.4,18233.0,19502.0,1.2168829441070557
2022-09-20 00:00:00,19502.0,19595.5,18711.2,18841.1,0.7285574078559875
2022-09-21 00:00:00,18837.7,19844.6,18140.0,18430.6,1.0281636714935303
2022-09-22 00:00:00,18430.6,19464.5,18334.0,19368.1,1.021569013595581
2022-09-23 00:00:00,19368.6,19452.5,18501.2,19223.8,0.7475069761276245
2022-09-24 00:00:00,19225.5,19247.2,18777.0,18888.9,0.0674465000629425
2022-09-25 00:00:00,18888.9,19130.4,18603.7,18772.5,0.13745570182800293
2022-09-26 00:00:00,18772.5,19274.0,18653.0,19189.5,1.2723020315170288
2022-09-27 00:00:00,19189.6,20336.8,18797.2,19041.6,0.9570996761322021
2022-09-28 00:00:00,19043.6,19729.9,18452.8,19372.1,1.6280549764633179
2022-09-29 00:00:00,19372.1,19603.9,18811.4,19555.3,2.004470109939575
2022-09-30 00:00:00,19556.7,20141.8,19138.9,19364.6,0.9526320099830627
2022-10-01 00:00:00,19364.6,19422.2,19129.0,19273.3,0.05042240023612976
2022-10-02 00:00:00,19273.3,19354.6,18893.3,19023.1,0.10754500329494476
2022-10-03 00:00:00,19023.4,19669.4,18935.2,19595.7,0.2817937135696411
2022-10-04 00:00:00,19595.7,20424.1,19465.8,20311.1,1.1949248313903809
2022-10-05 00:00:00,20311.1,20330.8,19713.1,20125.5,1.3899768590927124
2022-10-06 00:00:00,20125.5,20407.9,19832.2,19925.1,0.26187750697135925
2022-10-07 00:00:00,19925.1,20018.0,19297.3,19469.8,0.4197598993778229
2022-10-08 00:00:00,19469.8,19566.2,19216.0,19377.3,0.33813801407814026
2022-10-09 00:00:00,19377.3,19516.9,19288.6,19407.0,0.04807300120592117
2022-10-10 00:00:00,19407.0,19487.0,19013.0,19096.1,0.1329679936170578
2022-10-11 00:00:00,19096.1,19225.2,18828.0,19020.9,0.14767630398273468
2022-10-12 00:00:00,19021.1,19192.3,18941.8,19118.2,0.7269809246063232
2022-10-13 00:00:00,19117.8,19463.6,18153.0,19345.4,0.8171790838241577
2022-10-14 00:00:00,19345.4,19905.2,19013.7,19114.0,0.9503028392791748
2022-10-15 00:00:00,19115.8,19164.0,18957.5,19029.6,1.1378769874572754
2022-10-16 00:00:00,19029.7,19382.9,19026.1,19226.7,1.277356505393982
2022-10-17 00:00:00,19226.7,19634.8,19124.6,19512.7,0.13837149739265442
2022-10-18 00:00:00,19546.3,19638.8,19291.8,19318.3,0.0341619998216629
2022-10-19 00:00:00,19292.5,19321.6,19041.1,19087.7,0.08672849833965302
2022-10-20 00:00:00,19088.8,19304.4,18895.5,19010.1,0.1303378939628601
2022-10-21 00:00:00,19010.9,19209.3,18634.8,19105.2,0.5118786096572876
2022-10-22 00:00:00,19105.7,19214.9,19051.8,19166.9,0.014741499908268452
2022-10-23 00:00:00,19168.0,19652.2,19042.5,19534.7,0.05458280071616173
2022-10-24 00:00:00,19534.9,19558.5,19133.7,19294.2,0.3335019052028656
2022-10-25 00:00:00,19294.1,20374.6,19208.2,20048.1,1.2669349908828735
2022-10-26 00:00:00,20045.5,20979.4,20024.4,20740.5,1.0264519453048706
2022-10-27 00:00:00,20740.5,20836.2,20171.4,20253.8,0.31798839569091797
2022-10-28 00:00:00,20253.9,20711.2,19984.5,20533.8,1.0614874362945557
2022-10-29 00:00:00,20534.1,21034.3,20496.7,20778.5,1.493965983390808
2022-10-30 00:00:00,20778.4,20889.6,20459.3,20589.9,1.6111899614334106
2022-10-31 00:00:00,20589.1,20797.2,20207.9,20457.6,1.0668981075286865
2022-11-01 00:00:00,20457.6,20645.8,20297.6,20447.3,0.17126570641994476
2022-11-02 00:00:00,20447.7,20763.1,20025.2,20114.4,0.6484181880950928
2022-11-03 00:00:00,20114.4,20350.0,20008.2,20169.8,1.2185419797897339
2022-11-04 00:00:00,20169.6,21253.9,20146.3,21087.8,0.8623322248458862
2022-11-05 00:00:00,21087.8,21413.9,21021.5,21270.7,0.14993040263652802
2022-11-06 00:00:00,21270.7,21333.0,20858.7,20871.8,0.28117498755455017
2022-11-07 00:00:00,20870.5,21035.7,20362.0,20560.7,0.6606945991516113
2022-11-08 00:00:00,20560.7,20635.8,17151.1,18511.1,1.1163288354873657
2022-11-09 00:00:00,18511.1,18550.6,15541.5,15862.1,2.617266893386841
2022-11-10 00:00:00,15860.4,18132.0,15707.4,17532.9,2.4590001106262207
2022-11-11 00:00:00,17532.9,17628.2,16322.5,16948.2,2.746640920639038
2022-11-12 00:00:00,16951.1,17003.1,16534.2,16746.7,0.3232133686542511
2022-11-13 00:00:00,16749.6,16895.0,16206.3,16285.1,0.1234183982014656
2022-11-14 00:00:00,16285.1,17156.3,15830.0,16570.9,0.581838071346283
2022-11-15 00:00:00,16570.9,17069.9,16483.1,16841.1,1.146098017692566
2022-11-16 00:00:00,16841.1,16959.7,16330.6,16618.7,1.8077510595321655
2022-11-17 00:00:00,16613.6,16693.5,16368.9,16643.8,0.9980677962303162
2022-11-18 00:00:00,16644.9,16941.1,16501.3,16615.5,1.207887053489685
2022-11-19 00:00:00,16615.4,16762.0,16471.1,16649.5,0.7531039714813232
2022-11-20 00:00:00,16649.1,16695.5,16092.9,16224.7,1.228991985321045
2022-11-21 00:00:00,16224.7,16253.8,15440.1,15722.1,2.565418004989624
2022-11-22 00:00:00,15722.0,16247.8,15571.6,16177.7,1.8864810466766357
2022-11-23 00:00:00,16171.5,16641.4,16114.1,16557.4,0.17727389931678772
2022-11-24 00:00:00,16557.4,16755.4,16418.4,16556.8,0.7548289895057678
2022-11-25 00:00:00,16556.8,16569.9,16310.1,16449.0,0.1295360028743744
2022-11-26 00:00:00,16450.3,16630.4,16356.9,16415.9,0.024315999820828438
2022-11-27 00:00:00,16415.9,16553.3,16366.0,16387.7,0.028886500746011734
2022-11-28 00:00:00,16387.7,16442.1,15968.4,16174.0,0.08608350157737732
2022-11-29 00:00:00,16174.0,16502.4,16063.2,16401.9,0.06720100343227386
2022-11-30 00:00:00,16402.7,17207.1,16391.9,17130.7,0.09400399774312973
2022-12-01 00:00:00,17130.7,17260.7,16834.1,16940.1,0.43197599053382874
2022-12-02 00:00:00,16940.1,17066.0,16764.4,17029.6,0.30518248677253723
2022-12-03 00:00:00,17029.1,17094.9,16834.9,16849.7,0.48322969675064087
2022-12-04 00:00:00,16849.7,17165.9,16847.6,17076.3,0.044293008744716644
2022-12-05 00:00:00,17076.3,17383.7,16841.2,16929.0,0.44676101207733154
2022-12-06 00:00:00,16929.3,17064.8,16875.7,17051.6,0.8194100260734558
2022-12-07 00:00:00,17051.7,17098.8,16654.1,16803.0,0.7871530055999756
2022-12-08 00:00:00,16802.5,17258.3,16706.0,17188.5,0.8701940178871155
2022-12-09 00:00:00,17189.0,17308.6,17039.4,17066.9,0.3376465141773224
2022-12-10 00:00:00,17067.1,17186.8,17056.0,17090.6,0.008340200409293175
2022-12-11 00:00:00,17090.6,17230.1,17028.6,17057.9,0.014660939574241638
2022-12-12 00:00:00,17055.5,17202.3,16843.8,17173.3,0.3121606111526489
2022-12-13 00:00:00,17174.2,17928.6,17051.8,17738.0,1.105679988861084
2022-12-14 00:00:00,17737.9,18340.2,17631.4,17767.9,1.1987169981002808
2022-12-15 00:00:00,17767.5,17816.0,17250.0,17321.1,0.9662960171699524
2022-12-16 00:00:00,17321.2,17489.4,16466.5,16569.2,0.9730899930000305
2022-12-17 00:00:00,16569.1,16757.7,16521.9,16744.2,0.8067820072174072
2022-12-18 00:00:00,16744.3,16804.7,16623.7,16704.7,0.8795049786567688
2022-12-19 00:00:00,16704.9,16778.9,16240.1,16401.7,0.7479239702224731
2022-12-20 00:00:00,16400.9,17011.7,16362.3,16863.3,0.8023149967193604
2022-12-21 00:00:00,16862.7,16884.7,16698.5,16790.5,0.670602023601532
2022-12-22 00:00:00,16790.0,16826.6,16529.1,16781.0,0.8068519830703735
2022-12-23 00:00:00,16780.8,16894.8,16695.0,16712.9,0.8654559850692749
2022-12-24 00:00:00,16712.7,16797.8,16710.9,16772.4,0.1690479964017868
2022-12-25 00:00:00,16772.6,16788.8,16660.5,16764.9,0.1671680063009262
2022-12-26 00:00:00,16787.5,16906.9,16760.8,16878.2,0.5170184969902039
2022-12-27 00:00:00,16879.1,16929.3,16557.7,16662.4,0.37983301281929016
2022-12-28 00:00:00,16662.6,16738.6,16431.2,16508.5,0.5531240105628967
2022-12-29 00:00:00,16508.5,16622.0,16451.2,16596.4,0.3725680112838745
2022-12-30 00:00:00,16595.5,16608.7,16301.9,16538.9,0.8547670245170593
2022-12-31 00:00:00,16541.8,16569.3,16464.1,16530.2,0.03585100173950195
2023-01-01 00:00:00,16474.3,16581.7,16461.0,16575.5,0.11329499632120132
2023-01-02 00:00:00,16575.4,16754.6,16510.9,16633.6,0.5115399956703186
2023-01-03 00:00:00,16633.6,16732.5,16570.9,16641.2,0.020162999629974365
2023-01-04 00:00:00,16641.2,16952.2,16617.6,16811.9,0.24710500240325928
2023-01-05 00:00:00,16812.0,16839.5,16724.8,16792.4,0.01693899929523468
2023-01-06 00:00:00,16792.4,16992.9,16648.8,16886.5,0.16071000695228577
2023-01-07 00:00:00,16886.5,16913.8,16853.0,16907.2,0.07415899634361267
2023-01-08 00:00:00,16907.2,17129.9,16855.4,17090.2,0.1782270073890686
2023-01-09 00:00:00,17090.2,17357.5,17073.2,17143.8,0.31769201159477234
2023-01-10 00:00:00,17143.8,17451.5,17113.7,17404.6,0.4012709856033325
2023-01-11 00:00:00,17405.1,17954.6,17279.8,17906.7,0.5714619755744934
2023-01-12 00:00:00,17907.1,19065.6,17873.2,18822.4,0.3375140130519867
2023-01-13 00:00:00,18822.4,19936.9,18687.1,19872.2,0.14516599476337433
2023-01-14 00:00:00,19872.2,21257.6,19829.2,20919.2,0.35650399327278137
2023-01-15 00:00:00,20919.2,21012.2,20530.4,20844.0,0.2058691531419754
2023-01-16 00:00:00,20840.9,21405.3,20595.7,21153.8,1.3386319875717163
2023-01-17 00:00:00,21153.8,21540.5,20837.2,21103.6,0.9846100211143494
2023-01-18 00:00:00,21103.6,21597.8,20374.0,20640.1,0.5075049996376038
2023-01-19 00:00:00,20640.1,21150.3,20629.1,21045.2,1.4157073497772217
2023-01-20 00:00:00,21045.2,22689.6,20838.2,22605.4,1.6574640274047852
2023-01-21 00:00:00,22605.4,23308.6,22376.8,22743.9,1.9370789527893066
2023-01-22 00:00:00,22744.1,23037.6,22274.7,22675.2,1.7570029497146606
2023-01-23 00:00:00,22674.5,23129.4,22488.9,22882.4,1.381261944770813
2023-01-24 00:00:00,22882.1,23122.4,22438.6,22597.0,1.63162100315094
2023-01-25 00:00:00,22596.5,23778.6,22299.3,23021.3,1.8284790515899658
2023-01-26 00:00:00,23021.7,23245.6,22827.7,22972.4,1.2922650575637817
2023-01-27 00:00:00,22972.6,23462.7,22507.8,23019.4,0.16697800159454346
2023-01-28 00:00:00,23019.4,23134.2,22854.0,22992.4,0.03690610080957413
2023-01-29 00:00:00,22992.6,23920.4,22943.4,23711.8,0.22146299481391907
2023-01-30 00:00:00,23711.8,23763.3,22479.9,22794.8,0.17467999458312988
2023-01-31 00:00:00,22795.1,23269.8,22688.0,23095.9,0.18550899624824524
2023-02-01 00:00:00,23096.4,23772.9,22744.6,23696.9,0.19136500358581543
2023-02-02 00:00:00,23697.1,24217.1,23381.9,23456.9,0.8928549885749817
2023-02-03 00:00:00,23457.0,23677.8,23185.6,23371.5,0.13530799746513367
2023-02-04 00:00:00,23371.5,23543.5,23198.2,23290.2,0.08139300346374512
2023-02-05 00:00:00,23290.2,23391.6,22729.6,22899.5,0.21192699670791626
2023-02-06 00:00:00,22899.5,23113.1,22607.0,22726.2,0.26649999618530273
2023-02-07 00:00:00,22726.2,23306.5,22714.5,23212.0,0.22542600333690643
2023-02-08 00:00:00,23212.0,23403.1,22646.2,22924.8,0.20083600282669067
2023-02-09 00:00:00,22924.9,22970.8,21665.6,21758.9,1.6925938129425049
2023-02-10 00:00:00,21759.9,21902.6,21439.7,21563.8,1.0240910053253174
2023-02-11 00:00:00,21563.8,21865.4,21540.6,21825.9,0.2836019992828369
2023-02-12 00:00:00,21825.8,22048.7,21569.9,21749.6,1.3462820053100586
2023-02-13 00:00:00,21750.2,21860.0,21342.3,21754.1,0.9887400269508362
2023-02-14 00:00:00,21754.1,22284.7,21525.7,22169.8,0.31516098976135254
2023-02-15 00:00:00,22169.8,24330.7,22016.1,24294.0,0.6348350048065186
2023-02-16 00:00:00,24294.0,25213.6,23481.0,23484.0,0.7339239716529846
2023-02-17 00:00:00,23484.0,24980.8,23314.2,24519.1,0.6010689735412598
2023-02-18 00:00:00,24519.1,24836.8,24384.5,24599.2,0.5344240069389343
2023-02-19 00:00:00,24599.3,25151.9,24168.0,24240.9,1.7530980110168457
2023-02-20 00:00:00,24240.3,25076.2,23812.9,24802.5,2.5072789192199707
2023-02-21 00:00:00,24802.5,25207.8,24126.0,24414.9,1.796983003616333
2023-02-22 00:00:00,24414.9,24436.8,23552.8,24150.1,1.3302949666976929
2023-02-23 00:00:00,24150.7,24560.7,23582.6,23909.1,0.5102139711380005
2023-02-24 00:00:00,23909.2,24093.7,22831.3,23123.7,0.20612500607967377
2023-02-25 00:00:00,23123.7,23158.1,22746.1,23129.6,0.08428800106048584
2023-02-26 00:00:00,23129.6,23644.8,23032.0,23521.5,0.11100000143051147
2023-02-27 00:00:00,23521.5,23852.4,23086.2,23459.0,0.3409217894077301
2023-02-28 00:00:00,23459.0,23561.7,23002.9,23102.6,0.13500119745731354
2023-03-01 00:00:00,23102.9,23953.0,22994.6,23600.3,0.08884280174970627
2023-03-02 00:00:00,23600.3,23760.7,23169.3,23432.3,0.07012999802827835
2023-03-03 00:00:00,23432.6,23440.4,21961.8,22295.7,1.0499860048294067
2023-03-04 00:00:00,22295.7,22359.4,22129.8,22311.5,0.10623399913311005
2023-03-05 00:00:00,22311.5,22615.6,22174.4,22393.9,0.22182300686836243
2023-03-06 00:00:00,22393.9,22554.7,22239.6,22372.8,0.27592599391937256
2023-03-07 00:00:00,22372.8,22513.7,21911.8,22168.1,0.35154300928115845
2023-03-08 00:00:00,22168.1,22245.7,21567.2,21670.0,0.11702000349760056
2023-03-09 00:00:00,21670.0,21792.3,20028.0,20329.4,0.44380998611450195
2023-03-10 00:00:00,20329.9,20331.9,19540.5,20168.9,0.17783500254154205
2023-03-11 00:00:00,20170.7,20884.7,19829.0,20504.4,0.5176929831504822
2023-03-12 00:00:00,20504.4,22203.8,20337.6,22112.6,0.7175989747047424
2023-03-13 00:00:00,22113.4,24556.7,21850.9,24163.5,1.0338841676712036
2023-03-14 00:00:00,24165.5,26485.1,24021.1,24716.6,1.435405969619751
2023-03-15 00:00:00,24716.6,25233.2,23890.7,24337.3,0.6836400032043457
2023-03-16 00:00:00,24336.7,25170.4,24170.9,25013.2,0.7401739954948425
2023-03-17 00:00:00,25012.3,27769.4,24909.9,27392.9,0.8117589950561523
2023-03-18 00:00:00,27393.3,27714.9,26596.3,26918.4,1.1086859703063965
2023-03-19 00:00:00,26922.2,28370.9,26854.7,28014.5,1.0666409730911255
2023-03-20 00:00:00,28014.4,28520.1,27188.4,27746.6,3.3347530364990234
2023-03-21 00:00:00,27753.6,28451.2,27362.6,28153.0,5.68773078918457
2023-03-22 00:00:00,28153.0,28878.9,26653.7,27272.1,1.8629039525985718
2023-03-23 00:00:00,27272.1,28778.9,27139.5,28297.8,1.908352017402649
2023-03-24 00:00:00,28302.3,28377.2,27309.6,27374.9,1.4135750532150269
2023-03-25 00:00:00,27424.7,27772.1,27158.2,27451.9,0.8765990138053894
2023-03-26 00:00:00,27452.5,28179.5,27410.6,27959.9,1.191094994544983
2023-03-27 00:00:00,27958.2,28011.2,26486.7,27106.7,1.184689998626709
2023-03-28 00:00:00,27106.7,27469.1,26619.5,27234.5,0.6242550015449524
2023-03-29 00:00:00,27234.8,28602.5,27224.3,28319.8,0.3161740005016327
2023-03-30 00:00:00,28319.9,29139.2,27662.4,27997.2,1.3230539560317993
2023-03-31 00:00:00,27997.2,28615.6,27481.5,28409.3,1.2919679880142212
2023-04-01 00:00:00,28410.3,28761.3,28209.1,28432.5,0.8320704102516174
2023-04-02 00:00:00,28433.1,28503.4,27843.4,28149.1,0.10557950288057327
2023-04-03 00:00:00,28149.1,28469.0,27190.2,27768.0,0.580283522605896
2023-04-04 00:00:00,27767.9,28402.1,27633.2,28135.8,0.7893059849739075
2023-04-05 00:00:00,28134.2,28748.1,27776.1,28143.2,1.0716780424118042
2023-04-06 00:00:00,28142.5,28157.1,27684.7,28007.6,0.28242799639701843
2023-04-07 00:00:00,28007.4,28076.3,27752.9,27866.8,1.1150480508804321
2023-04-08 00:00:00,27866.0,28110.7,27817.2,27921.0,0.8420040011405945
2023-04-09 00:00:00,27920.7,28503.5,27786.0,28298.1,1.3377710580825806
2023-04-10 00:00:00,28297.9,29751.9,28138.9,29619.8,1.971582055091858
2023-04-11 00:00:00,29619.8,30523.9,29578.1,30204.8,1.7365831136703491
2023-04-12 00:00:00,30204.8,30467.1,29645.8,29872.2,0.6520704030990601
2023-04-13 00:00:00,29873.7,30569.3,29843.1,30372.7,1.2775189876556396
2023-04-14 00:00:00,30372.7,30995.1,29970.4,30427.8,3.185640811920166
2023-04-15 00:00:00,30427.3,30559.9,30173.5,30289.8,0.09439882636070251
2023-04-16 00:00:00,30289.8,30527.8,30116.3,30293.3,0.07776019722223282
2023-04-17 00:00:00,30293.3,30301.1,29226.7,29411.6,0.6792140007019043
2023-04-18 00:00:00,29411.7,30452.4,29089.2,30358.6,0.6635378003120422
2023-04-19 00:00:00,30358.6,30385.7,28569.1,28785.3,0.6592175960540771
2023-04-20 00:00:00,28785.3,29061.5,27968.3,28206.5,1.0808744430541992
2023-04-21 00:00:00,28205.8,28328.4,27089.5,27191.8,1.1884745359420776
2023-04-22 00:00:00,27191.8,27846.8,27074.5,27783.3,0.07396149635314941
2023-04-23 00:00:00,27783.3,27783.3,27317.0,27557.0,0.11279860138893127
2023-04-24 00:00:00,27557.0,27956.6,26950.0,27478.5,0.5456740260124207
2023-04-25 00:00:00,27477.4,28352.6,27159.0,28265.5,1.3274550437927246
2023-04-26 00:00:00,28265.1,29978.7,27212.8,28388.9,1.9232380390167236
2023-04-27 00:00:00,28389.9,29849.0,28353.4,29444.8,1.154276967048645
2023-04-28 00:00:00,29444.8,29565.7,28877.6,29273.5,1.279600977897644
2023-04-29 00:00:00,29274.3,29405.5,29023.5,29208.9,1.1385430097579956
2023-04-30 00:00:00,29208.9,29924.2,29068.3,29205.7,0.9907395839691162
2023-05-01 00:00:00,29206.0,29306.8,27635.6,28042.8,0.5975705981254578
2023-05-02 00:00:00,28042.8,28858.5,27849.7,28643.2,0.3948017954826355
2023-05-03 00:00:00,28643.4,29234.0,28098.6,28999.1,1.365077018737793
2023-05-04 00:00:00,28999.1,29336.5,28653.2,28817.7,0.85248202085495
2023-05-05 00:00:00,28818.3,29658.4,28798.6,29473.7,0.9647780060768127
2023-05-06 00:00:00,29474.9,29784.9,28374.8,28865.7,1.369784951210022
2023-05-07 00:00:00,28865.7,29148.3,28401.6,28435.2,1.5545099973678589
2023-05-08 00:00:00,28436.1,28628.8,27255.2,27656.8,0.813736617565155
2023-05-09 00:00:00,27656.8,27792.2,27338.4,27611.2,0.1251630038022995
2023-05-10 00:00:00,27612.1,28289.6,26787.2,27583.0,0.422978013753891
2023-05-11 00:00:00,27584.3,27607.1,26691.7,26949.2,0.3294597864151001
2023-05-12 00:00:00,26949.2,27065.7,25793.6,26748.5,0.8404979705810547
2023-05-13 00:00:00,26748.5,26996.7,26641.8,26729.3,0.03633600100874901
2023-05-14 00:00:00,26729.3,27156.0,26548.2,26892.3,0.09754399955272675
2023-05-15 00:00:00,26894.2,27634.0,26715.9,27131.1,0.8432070016860962
2023-05-16 00:00:00,27131.2,27264.4,26829.1,27000.5,1.1121220588684082
2023-05-17 00:00:00,27000.4,27469.4,26525.5,27372.1,1.3799687623977661
2023-05-18 00:00:00,27373.2,27448.8,26329.8,26789.5,1.1138285398483276
2023-05-19 00:00:00,26789.5,27147.2,26604.2,26830.0,0.09514530003070831
2023-05-20 00:00:00,26830.0,27115.9,26777.9,27073.7,0.4927588701248169
2023-05-21 00:00:00,27073.8,27240.5,26634.2,26718.7,1.2290669679641724
2023-05-22 00:00:00,26718.7,27064.9,26507.3,26818.5,0.10645700246095657
2023-05-23 00:00:00,26818.5,27455.0,26773.5,27189.7,0.20197199285030365
2023-05-24 00:00:00,27189.7,27189.7,26048.1,26294.7,0.43765801191329956
2023-05-25 00:00:00,26294.7,26586.3,25836.6,26444.1,0.15438500046730042
2023-05-26 00:00:00,26445.2,26906.2,26304.2,26653.9,0.09336499869823456
2023-05-27 00:00:00,26653.9,26861.0,26535.2,26829.6,0.03548799827694893
2023-05-28 00:00:00,26829.6,28221.0,26747.9,28052.1,0.1334719955921173
2023-05-29 00:00:00,28052.2,28419.8,27505.7,27710.6,0.133200004696846
2023-05-30 00:00:00,27710.6,28016.8,27528.8,27664.9,0.1748110055923462
2023-05-31 00:00:00,27664.9,27807.2,26817.3,27186.2,0.2466530054807663
2023-06-01 00:00:00,27186.8,27315.6,26584.0,26792.1,0.6486819982528687
2023-06-02 00:00:00,26792.1,27260.5,26478.9,27187.2,0.3933199942111969
2023-06-03 00:00:00,27187.5,27297.0,26901.6,27044.6,0.4926953911781311
2023-06-04 00:00:00,27044.6,27422.9,26930.8,27092.6,0.09663259983062744
2023-06-05 00:00:00,27092.6,27097.7,25365.9,25699.3,1.1848222017288208
2023-06-06 00:00:00,25699.4,27331.0,25326.7,27204.0,2.0657238960266113
2023-06-07 00:00:00,27203.9,27356.1,26094.6,26316.2,2.138174057006836
2023-06-08 00:00:00,26315.7,26787.5,26186.7,26467.9,1.639312982559204
2023-06-09 00:00:00,26467.9,26749.9,26251.9,26417.7,1.5495860576629639
2023-06-10 00:00:00,26417.6,26469.9,25365.7,25818.0,0.6443923115730286
2023-06-11 00:00:00,25818.2,26180.0,25613.2,25895.8,1.1222490072250366
2023-06-12 00:00:00,25895.8,26071.2,25594.2,25871.4,1.834939956665039
2023-06-13 00:00:00,25871.6,26397.3,25688.4,25900.9,1.8383029699325562
2023-06-14 00:00:00,25904.7,26053.9,24795.2,25095.3,1.1359519958496094
2023-06-15 00:00:00,25095.3,25717.1,24766.6,25565.1,2.16491961479187
2023-06-16 00:00:00,25562.6,26474.7,25151.0,26264.5,2.068877935409546
2023-06-17 00:00:00,26265.0,26718.1,26100.9,26482.2,0.6619189977645874
2023-06-18 00:00:00,26482.6,26659.8,26223.8,26311.4,0.8614910244941711
2023-06-19 00:00:00,26306.2,27031.0,26230.4,26812.7,1.671802043914795
2023-06-20 00:00:00,26816.0,28373.2,26621.4,28280.4,0.9494770169258118
2023-06-21 00:00:00,28280.4,30756.5,28242.2,29964.8,2.243942975997925
2023-06-22 00:00:00,29963.1,30469.6,29546.5,29865.6,1.6629250049591064
2023-06-23 00:00:00,29865.6,31389.8,29781.8,30646.9,1.699524998664856
2023-06-24 00:00:00,30648.1,30750.8,30205.2,30512.8,0.27256301045417786
2023-06-25 00:00:00,30512.8,31011.5,30261.1,30445.0,0.13947400450706482
2023-06-26 00:00:00,30446.4,30629.6,29911.7,30237.3,0.2680020034313202
2023-06-27 00:00:00,30237.8,30976.8,30201.0,30665.3,0.24254649877548218
2023-06-28 00:00:00,30666.6,30682.8,29844.2,30053.2,0.22137099504470825
2023-06-29 00:00:00,30054.8,30806.7,30018.6,30420.5,0.17892199754714966
2023-06-30 00:00:00,30420.5,31254.6,29430.2,30406.3,0.6986650228500366
2023-07-01 00:00:00,30407.1,30629.2,30257.4,30557.1,0.03538750112056732
2023-07-02 00:00:00,30557.1,30747.7,30161.4,30586.1,0.31842800974845886
2023-07-03 00:00:00,30589.3,31355.8,30538.7,31128.0,1.678555965423584
2023-07-04 00:00:00,31128.0,31296.0,30598.5,30741.5,1.6454459428787231
2023-07-05 00:00:00,30741.5,30847.7,30174.1,30474.5,0.2712601125240326
2023-07-06 00:00:00,30474.5,31504.5,29826.7,29873.3,0.8769789934158325
2023-07-07 00:00:00,29874.3,30418.9,29688.6,30286.9,1.3098454475402832
2023-07-08 00:00:00,30288.1,30324.5,29983.8,30260.3,0.21568499505519867
2023-07-09 00:00:00,30260.4,30407.2,30032.0,30135.4,0.7534499764442444
2023-07-10 00:00:00,30138.9,31012.3,29924.4,30383.3,1.7595000267028809
2023-07-11 00:00:00,30380.8,30779.1,30282.5,30592.4,1.4891870021820068
2023-07-12 00:00:00,30592.6,30943.0,30181.8,30361.9,1.4201600551605225
2023-07-13 00:00:00,30355.0,31793.9,30233.3,31455.7,1.6610089540481567
2023-07-14 00:00:00,31455.7,31603.0,29901.0,30268.8,0.3644050061702728
2023-07-15 00:00:00,30268.8,30351.2,30192.5,30264.0,0.0275494996458292
2023-07-16 00:00:00,30267.0,30419.1,30048.7,30217.3,0.07845500111579895
2023-07-17 00:00:00,30217.3,30308.6,29643.4,30112.6,0.25933998823165894
2023-07-18 00:00:00,30114.3,30213.5,29498.1,29827.8,0.448001503944397
2023-07-19 00:00:00,29829.9,30161.2,29742.8,29880.4,1.44137704372406
2023-07-20 00:00:00,29880.6,30384.1,29543.7,29775.8,1.4662779569625854
2023-07-21 00:00:00,29775.4,30029.4,29695.8,29843.2,0.6904190182685852
2023-07-22 00:00:00,29844.7,29939.1,29614.4,29760.7,0.01705550029873848
2023-07-23 00:00:00,29760.7,30319.8,29717.5,30056.5,0.05286699905991554
2023-07-24 00:00:00,30056.5,30068.9,28840.7,29152.7,0.18565349280834198
2023-07-25 00:00:00,29152.7,29331.4,29027.8,29190.9,0.028645500540733337
2023-07-26 00:00:00,29190.9,29646.3,29082.6,29318.0,0.06588450074195862
2023-07-27 00:00:00,29318.0,29531.6,29062.8,29190.5,0.03717850148677826
2023-07-28 00:00:00,29190.5,29497.8,29090.7,29253.5,0.03494049981236458
2023-07-29 00:00:00,29253.5,29348.5,29194.4,29321.8,0.007581999991089106
2023-07-30 00:00:00,29321.5,29411.7,29011.9,29242.7,0.035011500120162964
2023-07-31 00:00:00,29243.3,29489.6,29084.7,29200.2,0.046087998896837234
2023-08-01 00:00:00,29200.2,29701.3,28549.3,29669.7,0.2570885121822357
2023-08-02 00:00:00,29670.7,30002.2,28892.0,29146.5,1.1379990577697754
2023-08-03 00:00:00,29146.5,29393.0,28927.7,29152.7,0.2577205002307892
2023-08-04 00:00:00,29149.9,29289.2,28775.8,29011.9,1.4345749616622925
2023-08-05 00:00:00,29012.4,29049.1,28898.5,28982.0,0.13965900242328644
2023-08-06 00:00:00,28982.2,29151.5,28899.4,29046.9,0.17674699425697327
2023-08-07 00:00:00,29046.1,29223.2,28645.6,29172.2,0.7771649956703186
2023-08-08 00:00:00,29174.0,30178.2,29088.2,29730.6,1.4303239583969116
2023-08-09 00:00:00,29730.8,30091.8,29332.5,29539.3,1.3061460256576538
2023-08-10 00:00:00,29537.9,29691.9,29291.2,29401.9,1.0305500030517578
2023-08-11 00:00:00,29393.9,29517.2,29200.5,29335.3,0.4623979926109314
2023-08-12 00:00:00,29335.6,29432.3,29284.8,29388.7,0.14833800494670868
2023-08-13 00:00:00,29380.3,29423.2,29229.5,29261.6,0.2100909948348999
2023-08-14 00:00:00,29246.8,29623.3,29061.0,29372.7,0.5103279948234558
2023-08-15 00:00:00,29372.0,29415.2,29038.4,29132.2,0.19638299942016602
2023-08-16 00:00:00,29131.7,29186.2,28659.1,28662.8,0.497842013835907
2023-08-17 00:00:00,28663.9,28708.7,25357.2,26590.0,0.6087334156036377
2023-08-18 00:00:00,26589.2,26785.1,25622.1,25986.3,0.25825750827789307
2023-08-19 00:00:00,25986.6,26231.4,25755.3,26062.1,0.05622050166130066
2023-08-20 00:00:00,26062.1,26258.5,25948.8,26154.4,0.04166699945926666
2023-08-21 00:00:00,26154.4,26210.5,25795.8,26089.2,0.01341249980032444
2023-08-22 00:00:00,26089.6,26105.5,25339.0,26019.4,0.019021999090909958
2023-08-23 00:00:00,26020.4,26777.2,25780.8,26392.5,0.07542899996042252
2023-08-24 00:00:00,26392.6,26534.3,25841.8,26139.7,0.1883939951658249
2023-08-25 00:00:00,26139.6,26269.8,25752.7,25987.1,0.15201100707054138
2023-08-26 00:00:00,25987.7,26050.3,25920.3,25981.1,0.005811499897390604
2023-08-27 00:00:00,25981.1,26141.8,25931.8,26066.3,0.02010750025510788
2023-08-28 00:00:00,26066.3,26212.6,25840.6,26075.8,0.06467100232839584
2023-08-29 00:00:00,26077.8,28106.9,25881.7,27682.7,0.13039599359035492
2023-08-30 00:00:00,27684.4,27732.1,27027.6,27267.3,0.014531999826431274
2023-08-31 00:00:00,27267.3,27519.2,25669.6,25903.3,0.21285200119018555
2023-09-01 00:00:00,25903.6,26108.4,25301.2,25736.7,0.6299945116043091
2023-09-02 00:00:00,25738.6,25945.3,25677.8,25830.6,0.20769500732421875
2023-09-03 00:00:00,25831.8,26082.2,25768.9,25931.6,0.40955498814582825
2023-09-04 00:00:00,25932.6,26058.2,25610.2,25785.7,0.7462329864501953
2023-09-05 00:00:00,25786.9,25842.5,25539.0,25751.7,1.0863330364227295
2023-09-06 00:00:00,25749.8,26005.6,25374.9,25722.3,1.4074170589447021
2023-09-07 00:00:00,25721.6,26395.1,25573.6,26227.8,1.2676899433135986
2023-09-08 00:00:00,26229.9,26400.8,25623.4,25841.2,1.1800520420074463
2023-09-09 00:00:00,25841.0,25877.8,25726.3,25861.5,0.07751999795436859
2023-09-10 00:00:00,25861.6,25959.1,25554.8,25800.7,0.5451409816741943
2023-09-11 00:00:00,25801.0,25860.5,24889.3,25123.6,1.664592981338501
2023-09-12 00:00:00,25124.2,26500.9,25094.5,25801.8,1.6606999635696411
2023-09-13 00:00:00,25801.8,26369.1,25737.3,26162.2,1.1175719499588013
2023-09-14 00:00:00,26191.3,26810.2,26105.0,26494.3,0.6347630023956299
2023-09-15 00:00:00,26494.3,26824.7,26188.3,26537.3,0.5452589988708496
2023-09-16 00:00:00,26537.7,26711.1,26406.6,26527.1,0.38845500349998474
2023-09-17 00:00:00,26527.3,26581.4,26342.1,26495.1,0.559054970741272
2023-09-18 00:00:00,26495.2,27379.2,26373.7,26724.3,0.7992079854011536
2023-09-19 00:00:00,26724.3,27450.2,26637.6,27188.2,0.8200960159301758
2023-09-20 00:00:00,27188.2,27352.7,26788.3,27090.8,0.7670360207557678
2023-09-21 00:00:00,27090.8,27124.2,26338.9,26528.7,1.1281709671020508
2023-09-22 00:00:00,26528.5,26703.4,26421.5,26513.3,0.8738530278205872
2023-09-23 00:00:00,26513.2,26597.3,26448.2,26542.5,0.20076599717140198
2023-09-24 00:00:00,26542.5,26689.6,26124.4,26213.0,0.278099000453949
2023-09-25 00:00:00,26213.0,26399.6,25960.9,26262.2,0.5646299719810486
2023-09-26 00:00:00,26262.2,26357.1,26053.1,26175.0,0.9992150068283081
2023-09-27 00:00:00,26174.5,26800.0,26063.4,26329.3,0.7835497260093689
2023-09-28 00:00:00,26329.3,27266.1,26290.3,26986.7,1.1210379600524902
2023-09-29 00:00:00,26986.4,27199.3,26651.2,26841.9,0.6155239939689636
2023-09-30 00:00:00,26841.6,27051.6,26819.8,26924.9,0.2680700123310089
2023-10-01 00:00:00,26924.8,28010.7,26905.3,27952.2,0.5356150269508362
2023-10-02 00:00:00,27952.5,28552.7,27260.5,27460.5,0.9773489832878113
2023-10-03 00:00:00,27460.7,27633.0,27142.8,27390.0,0.5268329977989197
2023-10-04 00:00:00,27390.5,27794.3,27181.8,27747.5,0.6140999794006348
2023-10-05 00:00:00,27748.1,28078.7,27321.1,27375.3,0.542460024356842
2023-10-06 00:00:00,27374.9,28223.7,27143.2,27880.0,0.6227139830589294
2023-10-07 00:00:00,27881.2,27985.9,27797.3,27925.9,0.43887200951576233
2023-10-08 00:00:00,27926.0,28058.2,27671.5,27893.7,0.6688140034675598
2023-10-09 00:00:00,27893.2,27960.1,27240.3,27553.8,0.5897449851036072
2023-10-10 00:00:00,27553.7,27696.9,27259.4,27357.4,0.4617899954319
2023-10-11 00:00:00,27357.0,27438.3,26499.1,26833.9,0.7293220162391663
2023-10-12 00:00:00,26833.9,26902.0,26516.0,26719.3,0.6976320147514343
2023-10-13 00:00:00,26719.9,27057.3,26638.9,26798.4,0.6483950018882751
2023-10-14 00:00:00,26800.6,26924.1,26752.8,26813.5,0.2727217972278595
2023-10-15 00:00:00,26786.6,27256.1,26766.1,27131.0,0.34320199489593506
2023-10-16 00:00:00,27131.0,29959.1,27088.7,28479.2,0.6107829809188843
2023-10-17 00:00:00,28480.1,28585.9,28055.9,28369.6,0.8612419962882996
2023-10-18 00:00:00,28369.8,28943.4,28116.6,28286.8,0.659171998500824
2023-10-19 00:00:00,28286.7,28874.7,28100.7,28690.1,0.49442800879478455
2023-10-20 00:00:00,28690.1,30189.2,28555.7,29619.6,1.614596962928772
2023-10-21 00:00:00,29620.6,30303.9,29411.3,29876.9,0.3684239983558655
2023-10-22 00:00:00,29877.7,30206.9,29627.8,29960.3,0.7763640284538269
2023-10-23 00:00:00,29959.0,34560.7,29853.3,33039.4,0.8697090148925781
2023-10-24 00:00:00,33037.9,35179.9,32811.5,33889.6,0.9332659840583801
2023-10-25 00:00:00,33889.6,35093.5,33661.7,34461.3,0.5323519706726074
2023-10-26 00:00:00,34460.4,34793.0,33704.0,34118.9,0.41013848781585693
2023-10-27 00:00:00,34118.9,34206.6,33366.3,33840.9,0.18943700194358826
2023-10-28 00:00:00,33840.8,34449.0,33804.7,34045.0,0.24054400622844696
2023-10-29 00:00:00,34044.7,34713.9,33903.1,34492.3,0.264539510011673
2023-10-30 00:00:00,34492.7,34820.2,34051.9,34459.2,0.46045801043510437
2023-10-31 00:00:00,34461.9,34689.7,34018.3,34618.1,0.11678750067949295
2023-11-01 00:00:00,34618.5,35539.4,34064.9,35386.9,0.3173550069332123
2023-11-02 00:00:00,35387.2,35914.4,34288.8,34907.2,0.24159300327301025
2023-11-03 00:00:00,34907.3,34910.3,34092.5,34671.0,0.11866799741983414
2023-11-04 00:00:00,34671.0,35222.5,34541.7,35039.9,0.03101249970495701
2023-11-05 00:00:00,35041.7,35350.7,34451.5,35000.2,0.13652150332927704
2023-11-06 00:00:00,35000.2,35237.0,34713.7,35006.3,0.8738290071487427
2023-11-07 00:00:00,35007.0,35854.1,34494.8,35393.1,1.0780595541000366
2023-11-08 00:00:00,35374.2,36068.8,35067.2,35586.0,1.00456702709198
2023-11-09 00:00:00,35586.0,37933.7,35505.8,36662.9,1.6030880212783813
2023-11-10 00:00:00,36663.3,37484.9,36289.7,37259.7,0.6975774168968201
2023-11-11 00:00:00,37259.9,37358.9,36672.7,37094.7,0.20664100348949432
2023-11-12 00:00:00,37094.7,37183.5,36696.7,37045.7,0.2534309923648834
2023-11-13 00:00:00,37045.7,37383.6,36329.5,36440.8,0.18411900103092194
2023-11-14 00:00:00,36440.8,36717.0,34789.5,35510.9,0.38543790578842163
2023-11-15 00:00:00,35510.9,37922.9,35327.8,37826.7,0.38536301255226135
2023-11-16 00:00:00,37826.7,37907.8,35478.2,36130.4,0.3115566074848175
2023-11-17 00:00:00,36130.4,36745.7,35827.4,36572.5,0.17568160593509674
2023-11-18 00:00:00,36572.5,36809.5,36151.5,36539.9,0.03804140165448189
2023-11-19 00:00:00,36540.1,37472.9,36366.9,37346.5,0.08361580222845078
2023-11-20 00:00:00,37346.5,37718.9,36684.0,37425.4,0.7874277830123901
2023-11-21 00:00:00,37425.4,37615.4,35710.7,35710.7,1.50409734249115
2023-11-22 00:00:00,35710.7,37825.9,35608.9,37384.9,0.2625778019428253
2023-11-23 00:00:00,37385.1,37605.2,36854.5,37260.3,0.512844979763031
2023-11-24 00:00:00,37260.5,38380.7,37222.9,37680.7,0.8524360060691833
2023-11-25 00:00:00,37683.7,37860.8,37563.6,37757.9,0.07427039742469788
2023-11-26 00:00:00,37757.9,37780.1,37122.2,37410.1,0.03487959876656532
2023-11-27 00:00:00,37410.1,37525.1,36687.4,37207.0,0.1333457976579666
2023-11-28 00:00:00,37207.3,38349.7,36836.7,37790.9,0.33365899324417114
2023-11-29 00:00:00,37790.9,38407.2,37548.3,37826.4,0.573993980884552
2023-11-30 00:00:00,37826.4,38111.6,37469.9,37692.3,0.04816560074687004
2023-12-01 00:00:00,37692.3,38946.2,37588.5,38646.6,0.09680140018463135
2023-12-02 00:00:00,38646.6,39674.9,38596.1,39424.2,0.2537660002708435
2023-12-03 00:00:00,39423.3,40158.8,39244.4,39942.7,0.1363140046596527
2023-12-04 00:00:00,39943.7,42364.8,39943.6,41949.1,0.3310104012489319
2023-12-05 00:00:00,41949.0,44445.5,41373.7,44041.4,0.44130000472068787
2023-12-06 00:00:00,44041.6,44244.7,43331.4,43724.6,0.20370779931545258
2023-12-07 00:00:00,43724.6,44006.1,42809.9,43257.4,0.20072400569915771
2023-12-08 00:00:00,43257.4,44675.5,43051.5,44136.1,0.18223559856414795
2023-12-09 00:00:00,44139.9,44312.1,43566.1,43674.6,0.04759800061583519
2023-12-10 00:00:00,43675.5,44004.6,43547.7,43751.5,0.03551200032234192
2023-12-11 00:00:00,43751.4,43771.0,40147.2,41200.0,0.735152006149292
2023-12-12 00:00:00,41200.0,42048.7,40630.7,41450.6,0.7065972089767456
2023-12-13 00:00:00,41450.7,43410.4,40597.2,42833.2,0.2490379959344864
2023-12-14 00:00:00,42833.2,43369.3,41497.0,42990.6,0.441254585981369
2023-12-15 00:00:00,42990.6,43048.6,41639.1,41875.0,0.13785099983215332
2023-12-16 00:00:00,41875.0,42646.9,41579.8,42213.9,0.050530798733234406
2023-12-17 00:00:00,42213.9,42355.7,41218.7,41333.0,0.14254620671272278
2023-12-18 00:00:00,41333.0,42710.4,40493.2,42616.2,0.33208799362182617
2023-12-19 00:00:00,42616.5,43428.2,41779.7,42230.8,0.26053258776664734
2023-12-20 00:00:00,42235.7,44242.7,42167.2,43627.1,1.232038974761963
2023-12-21 00:00:00,43627.1,44201.9,43262.3,43828.1,1.1202709674835205
2023-12-22 00:00:00,43829.0,44361.6,43380.3,43948.6,1.1250840425491333
2023-12-23 00:00:00,43948.5,43973.1,43270.2,43689.1,0.24031679332256317
2023-12-24 00:00:00,43689.1,43908.5,42565.1,42967.0,0.03216160088777542
2023-12-25 00:00:00,43387.2,43676.9,43307.0,43539.8,0.007695999927818775
2023-12-26 00:00:00,43539.8,43561.3,41612.3,42480.0,0.2021539956331253
2023-12-27 00:00:00,42480.0,43644.2,42075.6,43427.4,0.17401160299777985
2023-12-28 00:00:00,43427.4,43756.1,42252.1,42545.6,0.20607620477676392
2023-12-29 00:00:00,42545.6,43092.2,41249.3,42005.7,0.21047720313072205
2023-12-30 00:00:00,42005.7,42560.8,41495.8,42109.7,0.0491533987224102
2023-12-31 00:00:00,42109.9,42844.3,41952.8,42447.6,0.026763400062918663
2024-01-01 00:00:00,43712.4,44154.2,43426.2,44146.3,0.01586659997701645
2024-01-02 00:00:00,44146.3,45865.2,44117.6,44915.6,0.45498600602149963
2024-01-03 00:00:00,44918.4,45467.6,40833.6,42808.9,0.6481059789657593
2024-01-04 00:00:00,42809.1,44750.7,42593.7,44113.6,0.37338799238204956
2024-01-05 00:00:00,44113.6,44298.2,42731.0,44124.6,1.1281479597091675
2024-01-06 00:00:00,44122.6,44195.8,43372.1,43930.0,0.49503299593925476
2024-01-07 00:00:00,43928.7,44439.4,43554.7,43883.4,0.6835730075836182
2024-01-08 00:00:00,43889.6,47243.8,43156.7,46928.6,1.4430999755859375
2024-01-09 00:00:00,46931.0,47913.0,44860.4,46058.2,3.6028409004211426
2024-01-10 00:00:00,46058.2,47663.7,44323.5,46629.6,5.13657283782959
2024-01-11 00:00:00,46636.0,48946.2,45575.2,46301.3,5.413002014160156
2024-01-12 00:00:00,46301.3,46476.7,41386.9,42709.8,3.8580870628356934
2024-01-13 00:00:00,42709.8,43206.3,42362.8,42805.5,0.5434340238571167
2024-01-14 00:00:00,42805.0,43028.4,41679.2,41679.2,0.49846789240837097
2024-01-15 00:00:00,41679.2,43324.0,41662.2,42461.4,1.1557320356369019
2024-01-16 00:00:00,42461.4,43528.6,42021.8,43101.0,1.2869919538497925
2024-01-17 00:00:00,43102.5,43153.1,42152.4,42708.2,0.8694369792938232
2024-01-18 00:00:00,42722.2,42876.0,40587.2,41261.2,1.1436790227890015
2024-01-19 00:00:00,41261.2,42136.2,40233.5,41561.0,0.8622474074363708
2024-01-20 00:00:00,41562.3,41778.2,41367.4,41647.6,0.024297600612044334
2024-01-21 00:00:00,41647.6,41836.7,41467.9,41542.5,0.04790309816598892
2024-01-22 00:00:00,41542.0,41638.6,39389.9,39486.2,0.6610569953918457
2024-01-23 00:00:00,39505.7,40114.2,38480.2,39842.5,0.6771259903907776
2024-01-24 00:00:00,39846.3,40497.2,39435.5,40041.6,1.1282039880752563
2024-01-25 00:00:00,40035.7,40251.2,39504.0,39901.7,1.1475499868392944
2024-01-26 00:00:00,39899.3,42198.8,39772.5,41749.8,1.1180249452590942
2024-01-27 00:00:00,41750.1,42152.7,41360.5,42084.4,0.2205830067396164
2024-01-28 00:00:00,42085.8,42789.2,41586.7,41993.2,0.4458445906639099
2024-01-29 00:00:00,41991.2,43271.1,41772.6,43265.4,0.8316519856452942
2024-01-30 00:00:00,43265.7,43822.0,42652.9,42916.3,0.9713934063911438
2024-01-31 00:00:00,42916.3,43706.2,42249.4,42526.1,0.8112649917602539
2024-02-01 00:00:00,42520.9,43236.7,41842.2,43037.4,0.7028043866157532
2024-02-02 00:00:00,43037.4,43432.0,42508.7,43122.7,0.5116525888442993
2024-02-03 00:00:00,43122.9,43296.9,42833.7,42966.5,0.02812040038406849
2024-02-04 00:00:00,42966.5,43068.1,42188.8,42545.6,0.07119239866733551
2024-02-05 00:00:00,42545.6,43500.7,42213.2,42619.3,0.5074130296707153
2024-02-06 00:00:00,42625.7,43335.6,42491.6,43063.4,0.46977919340133667
2024-02-07 00:00:00,43063.4,44359.9,42733.9,44309.4,0.7097510099411011
2024-02-08 00:00:00,44310.6,45574.0,44298.7,45271.9,1.4821902513504028
2024-02-09 00:00:00,45271.9,48164.9,45220.0,47095.3,2.9980709552764893
2024-02-10 00:00:00,47091.9,48129.5,46838.4,47721.8,0.2616429924964905
2024-02-11 00:00:00,47720.6,48554.0,47540.2,48275.8,0.3395965099334717
2024-02-12 00:00:00,48275.0,50308.3,47685.2,49907.0,3.424565553665161
2024-02-13 00:00:00,49907.0,50354.4,48299.2,49695.5,2.510935068130493
2024-02-14 00:00:00,49695.5,52009.3,49216.3,51797.3,4.969473838806152
2024-02-15 00:00:00,51797.3,52807.2,51312.2,51895.8,5.47721004486084
2024-02-16 00:00:00,51895.3,52545.3,51575.2,52101.5,3.8233609199523926
2024-02-17 00:00:00,52105.3,52152.9,50604.4,51625.0,0.15954139828681946
2024-02-18 00:00:00,51625.3,52338.5,51152.3,52104.6,0.18454299867153168
2024-02-19 00:00:00,52104.6,52455.1,51647.8,51737.3,2.6647396087646484
2024-02-20 00:00:00,51737.3,52945.5,50728.2,52229.0,5.0118021965026855
2024-02-21 00:00:00,52228.9,52332.1,50605.2,51810.9,4.968104839324951
2024-02-22 00:00:00,51812.2,52027.9,50890.6,51252.2,2.3174550533294678
2024-02-23 00:00:00,51252.2,51488.4,50460.5,50685.9,2.02268385887146
2024-02-24 00:00:00,50685.9,51645.7,50520.2,51525.7,0.1916034072637558
2024-02-25 00:00:00,51525.2,51921.4,51246.9,51693.4,0.5050904154777527
2024-02-26 00:00:00,51693.5,54886.1,50876.4,54450.2,3.868652105331421
2024-02-27 00:00:00,54450.2,57561.7,54428.9,57013.9,6.728270053863525
2024-02-28 00:00:00,57013.9,63993.7,56670.6,62457.8,6.384544849395752
2024-02-29 00:00:00,62457.8,63628.7,60345.3,61125.5,8.249799728393555
2024-03-01 00:00:00,61138.2,63185.1,60753.5,62371.6,5.447923183441162
2024-03-02 00:00:00,62374.6,62434.6,61566.3,61982.5,0.4856429994106293
2024-03-03 00:00:00,61980.9,63194.9,61323.9,63119.2,0.6612426042556763
2024-03-04 00:00:00,63121.0,68486.9,62343.6,68296.8,8.087462425231934
2024-03-05 00:00:00,68296.9,69157.7,59111.9,63759.5,7.884794235229492
2024-03-06 00:00:00,63759.5,67597.6,62791.9,66054.5,7.819396018981934
2024-03-07 00:00:00,66052.8,67989.8,65538.3,66899.6,6.998538017272949
2024-03-08 00:00:00,66827.5,69988.5,66141.1,68224.0,5.616721153259277
2024-03-09 00:00:00,68226.8,68640.7,67978.4,68341.4,0.6569460034370422
2024-03-10 00:00:00,68341.0,69905.8,68153.6,68947.8,1.5923980474472046
2024-03-11 00:00:00,68947.8,72817.8,67046.1,72047.9,7.079776763916016
2024-03-12 00:00:00,72055.7,72955.6,68582.9,71417.7,6.214562892913818
2024-03-13 00:00:00,71417.7,73623.5,71289.0,73045.3,6.624638080596924
2024-03-14 00:00:00,73042.3,73758.0,68516.6,71344.6,5.080353736877441
2024-03-15 00:00:00,71344.6,72361.8,65563.9,69450.4,3.423732042312622
2024-03-16 00:00:00,69449.7,69984.9,64745.8,65236.2,0.9540929794311523
2024-03-17 00:00:00,65232.5,68837.8,64496.9,68311.3,2.0667099952697754
2024-03-18 00:00:00,68316.0,68888.7,66539.2,67568.8,3.739137887954712
2024-03-19 00:00:00,67560.7,68075.1,61493.2,61876.5,3.598433017730713
2024-03-20 00:00:00,61876.5,68088.9,60742.3,67819.3,4.600719928741455
2024-03-21 00:00:00,67825.8,68188.3,64501.4,65460.7,5.116308212280273
2024-03-22 00:00:00,65458.1,66597.0,62256.7,63749.4,2.7261579036712646
2024-03-23 00:00:00,63753.8,65958.5,62948.1,63955.3,0.631850004196167
2024-03-24 00:00:00,63952.6,67585.4,63753.0,67167.1,0.7547490000724792
2024-03-25 00:00:00,67167.6,71140.0,66359.7,69870.6,1.5443569421768188
2024-03-26 00:00:00,69854.6,71509.7,69265.4,69951.3,2.0438270568847656
2024-03-27 00:00:00,69949.7,71711.9,68347.6,69395.8,1.2822929620742798
2024-03-28 00:00:00,69392.9,71507.7,68817.2,70738.9,1.0577900409698486
2024-03-29 00:00:00,70738.0,70874.3,68985.2,69838.6,0.34511399269104004
2024-03-30 00:00:00,69838.6,70302.1,69531.9,69567.5,0.8254500031471252
2024-03-31 00:00:00,69568.5,71327.7,69538.1,71244.0,0.764854907989502
2024-04-01 00:00:00,71241.7,71255.0,68030.0,69616.1,1.4741209745407104
2024-04-02 00:00:00,69616.1,69655.6,64542.1,65416.8,1.7963130474090576
2024-04-03 00:00:00,65414.5,66864.0,64463.2,65921.0,1.9742059707641602
2024-04-04 00:00:00,65921.0,69289.9,65038.2,68450.5,1.5882489681243896
2024-04-05 00:00:00,68455.4,68695.2,65937.7,67791.4,1.4953700304031372
2024-04-06 00:00:00,67791.4,69643.4,67500.0,68860.5,0.47967061400413513
2024-04-07 00:00:00,68860.4,70260.6,68800.9,69320.1,0.7450311779975891
2024-04-08 00:00:00,69322.6,72726.9,69022.2,71591.2,0.6255810260772705
2024-04-09 00:00:00,71590.7,71717.2,68181.2,69096.5,0.7059500217437744
2024-04-10 00:00:00,69094.6,71108.2,67452.7,70583.7,0.8419970273971558
2024-04-11 00:00:00,70583.7,71238.7,69515.7,69966.7,1.071902871131897
2024-04-12 00:00:00,69966.7,71176.6,65135.2,67087.4,1.1721030473709106
2024-04-13 00:00:00,67083.5,67897.4,60833.3,63931.8,1.0696749687194824
2024-04-14 00:00:00,63933.1,65811.2,62093.2,65672.2,1.790482759475708
2024-04-15 00:00:00,65675.2,66812.5,62263.7,63393.3,1.8492180109024048
2024-04-16 00:00:00,63398.9,64318.5,61586.4,63785.2,1.5953370332717896
2024-04-17 00:00:00,63785.2,64464.7,59652.8,61229.2,1.329118013381958
2024-04-18 00:00:00,61229.2,64097.9,60791.2,63444.8,1.51596999168396
2024-04-19 00:00:00,63432.7,65439.2,59588.9,63783.2,1.172685980796814
2024-04-20 00:00:00,63779.7,65397.4,63056.0,64903.7,0.3669779896736145
2024-04-21 00:00:00,64901.0,65660.7,64184.9,64907.8,0.2975490093231201
2024-04-22 00:00:00,64907.9,67200.6,64484.1,66784.0,0.8769000172615051
2024-04-23 00:00:00,66782.5,67153.2,65799.3,66366.7,0.8621619939804077
2024-04-24 00:00:00,66369.5,67030.6,63544.4,64238.7,0.9474239945411682
2024-04-25 00:00:00,64238.7,65245.7,62743.7,64461.1,1.0610320568084717
2024-04-26 00:00:00,64460.4,64776.0,63294.0,63677.2,0.9568439722061157
2024-04-27 00:00:00,63683.5,63834.9,62325.8,63424.6,0.5115820169448853
2024-04-28 00:00:00,63424.6,64331.4,62763.1,63076.7,0.5202500224113464
2024-04-29 00:00:00,63078.4,64184.9,61761.3,63820.0,0.8385189771652222
2024-04-30 00:00:00,63831.1,64694.0,59072.7,60606.1,0.5559149980545044
2024-05-01 00:00:00,60606.0,60807.3,56512.3,58260.1,1.1220159530639648
2024-05-02 00:00:00,58303.0,59592.0,56917.6,59063.2,1.1482460498809814
2024-05-03 00:00:00,59064.1,63300.6,58795.5,62847.9,0.6956400275230408
2024-05-04 00:00:00,62849.1,64500.4,62500.7,63870.4,0.4810729920864105
2024-05-05 00:00:00,63871.5,64614.6,62902.0,64012.6,0.6867120265960693
2024-05-06 00:00:00,64013.5,65479.1,62692.1,63137.5,0.79025799036026
2024-05-07 00:00:00,63137.5,64367.3,62245.3,62300.7,0.5851849913597107
2024-05-08 00:00:00,62299.4,62990.5,60851.4,61152.1,0.6131190061569214
2024-05-09 00:00:00,61152.1,63385.2,60610.0,63035.7,0.6749079823493958
2024-05-10 00:00:00,63035.7,63431.1,60180.1,60727.0,0.6783559918403625
2024-05-11 00:00:00,60726.4,61416.9,60394.1,60792.1,0.24328400194644928
2024-05-12 00:00:00,60792.0,61826.4,60595.1,61438.3,0.4209130108356476
2024-05-13 00:00:00,61438.3,63420.4,60738.6,62901.2,0.8043010234832764
2024-05-14 00:00:00,62892.5,63075.6,61086.9,61536.5,0.7370409965515137
2024-05-15 00:00:00,61534.1,66426.0,61296.7,66196.9,0.7795640230178833
2024-05-16 00:00:00,66196.9,66715.1,64573.0,65196.3,0.840241014957428
2024-05-17 00:00:00,65196.3,67436.2,65082.2,66981.2,1.0135829448699951
2024-05-18 00:00:00,66981.2,67342.7,66558.9,66889.5,0.16428729891777039
2024-05-19 00:00:00,66889.3,67667.3,65869.5,66235.2,0.43470799922943115
2024-05-20 00:00:00,66235.2,71461.2,66048.5,71391.3,1.2166759967803955
2024-05-21 00:00:00,71392.4,71923.1,69131.8,70106.2,0.9541109800338745
2024-05-22 00:00:00,70106.1,70613.7,68902.6,69125.1,0.8830609917640686
2024-05-23 00:00:00,69116.5,70027.7,66261.2,67926.0,1.091346025466919
2024-05-24 00:00:00,67922.5,69224.1,66588.3,68482.8,0.9201779961585999
2024-05-25 00:00:00,68480.4,69564.2,68422.3,69251.7,0.3750840127468109
2024-05-26 00:00:00,69252.1,69517.7,68065.3,68468.8,0.613279402256012
2024-05-27 00:00:00,68462.5,70625.2,68212.3,69389.1,0.9336659908294678
2024-05-28 00:00:00,69365.2,69546.7,67211.2,68363.3,1.1835269927978516
2024-05-29 00:00:00,68359.6,68885.3,67071.5,67594.2,0.9514510035514832
2024-05-30 00:00:00,67600.8,69479.0,67093.0,68313.8,0.9366400241851807
2024-05-31 00:00:00,68317.6,68990.4,66611.1,67414.0,0.7909479737281799
2024-06-01 00:00:00,67408.6,67824.2,67309.9,67716.6,0.15723900496959686
2024-06-02 00:00:00,67717.7,68388.7,67256.0,67724.3,0.3898110091686249
2024-06-03 00:00:00,67726.3,70238.2,67571.1,68768.6,0.9046800136566162
2024-06-04 00:00:00,68768.6,71039.8,68526.0,70516.8,0.8772839903831482
2024-06-05 00:00:00,70516.8,71747.2,70346.9,71080.8,0.7874619960784912
2024-06-06 00:00:00,71082.2,71611.9,70085.3,70753.4,0.8009349703788757
2024-06-07 00:00:00,70757.2,71913.3,68400.0,69260.9,1.0272719860076904
2024-06-08 00:00:00,69261.6,69528.8,69132.8,69268.3,0.34229591488838196
2024-06-09 00:00:00,69268.0,69790.1,69108.1,69602.7,0.32962319254875183
2024-06-10 00:00:00,69602.8,70141.8,69137.5,69480.3,0.9123072028160095
2024-06-11 00:00:00,69481.8,69532.9,66047.2,67288.7,1.2658580541610718
2024-06-12 00:00:00,67288.7,69967.1,66863.2,68219.1,1.3729350566864014
2024-06-13 00:00:00,68219.1,68377.2,66229.2,66722.5,1.3375389575958252
2024-06-14 00:00:00,66721.1,67310.3,65034.4,65939.2,1.0988340377807617
2024-06-15 00:00:00,65939.2,66363.4,65749.0,66170.3,0.18895399570465088
2024-06-16 00:00:00,66171.4,66881.1,65991.2,66617.7,0.5154770016670227
2024-06-17 00:00:00,66617.7,67258.7,65074.7,66469.0,1.0574560165405273
2024-06-18 00:00:00,66467.3,66557.4,64019.1,65140.0,0.8986039757728577
2024-06-19 00:00:00,65140.9,65691.8,64651.7,64934.8,0.8031010031700134
2024-06-20 00:00:00,64930.5,66453.0,64519.7,64839.7,0.9391210079193115
2024-06-21 00:00:00,64834.6,65041.5,63350.7,64055.1,0.9922230243682861
2024-06-22 00:00:00,64055.1,64443.0,63844.9,64219.3,0.12038800120353699
2024-06-23 00:00:00,64219.1,64471.2,63135.0,63142.2,0.20184040069580078
2024-06-24 00:00:00,63142.2,63320.0,58444.2,60256.2,0.9806879758834839
2024-06-25 00:00:00,60256.2,62355.6,60211.2,61760.2,0.7345809936523438
2024-06-26 00:00:00,61761.5,62441.2,60656.1,60825.7,0.8111889958381653
2024-06-27 00:00:00,60825.7,62310.2,60546.9,61576.4,0.7575100064277649
2024-06-28 00:00:00,61603.3,62135.7,59884.4,60248.2,0.6906229853630066
2024-06-29 00:00:00,60247.2,61138.2,60208.7,60869.9,0.34113800525665283
2024-06-30 00:00:00,60870.2,62925.2,60617.0,62689.7,0.5215280055999756
2024-07-01 00:00:00,62689.7,63812.8,62454.2,62828.9,0.535984992980957
2024-07-02 00:00:00,62824.7,63184.0,61710.1,62028.9,0.4444350004196167
2024-07-03 00:00:00,62028.9,62178.7,59369.3,60120.7,0.5177969932556152
2024-07-04 00:00:00,60120.7,60431.3,56733.1,57015.5,0.7058370113372803
2024-07-05 00:00:00,57015.5,57496.3,53509.2,56574.3,0.9053859710693359
2024-07-06 00:00:00,56569.4,58437.5,55958.2,58201.6,0.668071985244751
2024-07-07 00:00:00,58202.4,58402.9,55697.3,55824.0,0.8532860279083252
2024-07-08 00:00:00,55824.0,58162.9,54261.5,56682.5,1.4128409624099731
2024-07-09 00:00:00,56682.5,58243.9,56264.3,58009.2,1.1231880187988281
2024-07-10 00:00:00,57997.2,59425.8,57128.9,57692.0,1.1175780296325684
2024-07-11 00:00:00,57692.0,59431.7,57029.0,57309.9,1.3265119791030884
2024-07-12 00:00:00,57310.4,58491.0,56519.2,57843.9,1.478158950805664
2024-07-13 00:00:00,57843.5,59809.9,57705.8,59160.3,0.21143700182437897
2024-07-14 00:00:00,59159.4,61365.4,59147.7,60772.9,0.25728100538253784
2024-07-15 00:00:00,60771.4,64889.2,60636.1,64703.0,1.3989670276641846
2024-07-16 00:00:00,64715.3,65357.2,62388.6,65043.2,1.2552440166473389
2024-07-17 00:00:00,65043.2,66079.1,63834.2,64061.1,0.833607017993927
2024-07-18 00:00:00,64061.0,65075.4,63200.0,63945.6,0.6276929974555969
2024-07-19 00:00:00,63945.6,67422.9,63273.9,66642.5,0.8154129981994629
2024-07-20 00:00:00,66645.3,67567.9,66209.9,67117.7,0.30779600143432617
2024-07-21 00:00:00,67118.0,68333.0,65785.5,68129.7,0.2823669910430908
2024-07-22 00:00:00,68129.7,68454.4,66547.2,67534.0,0.6424620151519775
2024-07-23 00:00:00,67532.9,67733.7,65422.2,65903.4,0.676110029220581
2024-07-24 00:00:00,65902.2,67081.8,65086.1,65346.0,0.4934900104999542
2024-07-25 00:00:00,65339.8,66101.2,63425.4,65766.1,0.5222219824790955
2024-07-26 00:00:00,65763.4,68150.2,65684.2,67858.9,0.4091539978981018
2024-07-27 00:00:00,67856.3,69353.0,66587.3,67864.5,0.3441070020198822
2024-07-28 00:00:00,67866.5,68271.0,67032.0,68207.5,0.2238280028104782
2024-07-29 00:00:00,68207.3,69995.0,66415.2,66744.5,0.34439799189567566
2024-07-30 00:00:00,66744.5,66966.2,65282.5,66142.8,0.3168320059776306
2024-07-31 00:00:00,66141.2,66787.1,64492.9,64595.1,0.3751699924468994
2024-08-01 00:00:00,64596.2,65552.3,62216.2,65290.5,0.4826990067958832
2024-08-02 00:00:00,65290.5,65531.1,61090.9,61352.9,0.5399150252342224
2024-08-03 00:00:00,61352.9,62126.4,59806.9,60659.4,0.5724329948425293
2024-08-04 00:00:00,60658.8,61054.5,57145.4,58113.3,0.7740079760551453
2024-08-05 00:00:00,58113.3,58262.3,49049.7,53971.7,1.6508890390396118
2024-08-06 00:00:00,53971.7,57025.2,53929.3,56002.2,1.8103729486465454
2024-08-07 00:00:00,56002.2,57695.8,54526.3,55104.5,1.3476409912109375
2024-08-08 00:00:00,55105.6,62666.2,54719.9,61662.0,0.9755989909172058
2024-08-09 00:00:00,61662.0,61715.1,59528.7,60797.0,0.9365450143814087
2024-08-10 00:00:00,60799.6,61434.9,60191.9,60900.9,0.20608900487422943
2024-08-11 00:00:00,60901.1,61793.2,58251.5,58684.9,0.5976049900054932
2024-08-12 00:00:00,58683.8,60671.2,57638.7,59319.9,1.2812000513076782
2024-08-13 00:00:00,59319.9,61567.7,58400.5,60566.2,1.9034810066223145
2024-08-14 00:00:00,60569.3,61726.6,58428.6,58653.1,1.710023045539856
2024-08-15 00:00:00,58654.9,59827.5,56108.9,57517.5,0.9012770056724548
2024-08-16 00:00:00,57517.5,59803.7,57066.6,58823.8,0.7064380049705505
2024-08-17 00:00:00,58824.2,59665.9,58738.3,59454.7,0.20354266464710236
2024-08-18 00:00:00,59457.3,60235.9,58396.3,58409.7,0.31190600991249084
2024-08-19 00:00:00,58409.1,59584.1,57796.2,59430.2,0.6519749760627747
2024-08-20 00:00:00,59428.5,61385.7,58560.4,58980.0,0.6723830103874207
2024-08-21 00:00:00,58976.5,61800.3,58766.2,61135.2,0.7004380822181702
2024-08-22 00:00:00,61134.7,61379.7,59748.0,60349.2,0.6358500123023987
2024-08-23 00:00:00,60349.2,64921.9,60320.5,64026.6,0.5662819743156433
2024-08-24 00:00:00,64026.5,64464.6,63512.9,64115.9,0.2957819998264313
2024-08-25 00:00:00,64115.9,64988.0,63754.9,64214.2,0.19691599905490875
2024-08-26 00:00:00,64215.9,64460.6,62786.1,62807.4,0.4318679869174957
2024-08-27 00:00:00,62807.1,63180.4,58008.0,59407.9,0.3983139991760254
2024-08-28 00:00:00,59407.9,60181.0,57832.1,59001.1,0.5991569757461548
2024-08-29 00:00:00,59001.2,61134.2,58701.2,59347.4,0.5998380184173584
2024-08-30 00:00:00,59345.1,59882.9,57721.2,59050.9,0.45308300852775574
2024-08-31 00:00:00,59052.5,59381.8,58676.4,58939.0,0.13201799988746643
2024-09-01 00:00:00,58938.2,59028.7,57171.2,57263.8,0.3207840025424957
2024-09-02 00:00:00,57265.0,59375.9,57094.2,59098.3,0.47358399629592896
2024-09-03 00:00:00,59104.7,59773.6,57380.6,57447.2,0.4302450120449066
2024-09-04 00:00:00,57448.5,58484.2,55607.3,57936.2,0.582502007484436
2024-09-05 00:00:00,57937.1,58280.7,55623.2,56142.1,0.6295440196990967
2024-09-06 00:00:00,56142.1,56962.6,52466.6,53884.9,0.5477079749107361
2024-09-07 00:00:00,53889.8,54815.2,53668.0,54123.4,0.30966898798942566
2024-09-08 00:00:00,54125.5,55272.1,53596.3,54830.3,0.30785998702049255
2024-09-09 00:00:00,54829.4,58018.5,54554.9,57018.6,0.41227099299430847
2024-09-10 00:00:00,57019.6,58011.2,56375.2,57605.9,0.3380396068096161
2024-09-11 00:00:00,57609.5,57955.4,55526.9,57311.8,0.43256598711013794
2024-09-12 00:00:00,57312.0,58518.2,57300.9,58100.2,0.40976500511169434
2024-09-13 00:00:00,58098.8,60604.9,57601.5,60478.2,0.47012001276016235
2024-09-14 00:00:00,60478.2,60594.9,59383.5,59964.2,0.13502100110054016
2024-09-15 00:00:00,59964.4,60351.3,58665.7,59096.5,0.2925949990749359
2024-09-16 00:00:00,59096.5,59171.0,57476.2,58178.1,0.4016000032424927
2024-09-17 00:00:00,58178.1,61295.4,57588.2,60281.7,0.4253920018672943
2024-09-18 00:00:00,60281.6,61753.2,59148.4,61728.2,0.4731619954109192
2024-09-19 00:00:00,61730.6,63838.5,61549.5,62916.7,0.5251160264015198
2024-09-20 00:00:00,62916.7,64099.5,62325.6,63145.5,0.40450599789619446
2024-09-21 00:00:00,63145.8,63526.8,62690.6,63318.9,0.23302499949932098
2024-09-22 00:00:00,63321.3,63960.0,62354.4,63550.8,0.3140084147453308
2024-09-23 00:00:00,63546.8,64705.9,62576.9,63302.2,0.4153600037097931
2024-09-24 00:00:00,63301.2,64647.9,62696.3,64233.6,0.2817699909210205
2024-09-25 00:00:00,64235.5,64780.2,62913.2,63119.5,0.2554379999637604
2024-09-26 00:00:00,63119.5,65793.7,62636.7,65139.8,0.43486499786376953
2024-09-27 00:00:00,65139.3,66435.1,64801.7,65723.9,0.43377700448036194
2024-09-28 00:00:00,65723.2,66204.4,65394.3,65825.7,0.2257319986820221
2024-09-29 00:00:00,65826.8,66040.8,65393.1,65569.0,0.2783460021018982
2024-09-30 00:00:00,65570.7,65591.3,62828.1,63293.7,0.38076600432395935
2024-10-01 00:00:00,63293.7,64088.1,60154.0,60774.6,0.5085330009460449
2024-10-02 00:00:00,60771.1,62327.3,59966.2,60608.3,0.5371779799461365
2024-10-03 00:00:00,60604.2,61439.7,59826.5,60718.9,0.5315529704093933
2024-10-04 00:00:00,60718.2,62446.6,60428.6,62025.6,0.42086300253868103
2024-10-05 00:00:00,62025.6,62336.7,61621.2,62023.7,0.14216500520706177
2024-10-06 00:00:00,62024.5,62936.6,61772.9,62786.1,0.21692000329494476
2024-10-07 00:00:00,62786.1,64429.7,62095.9,62188.8,0.5001389980316162
2024-10-08 00:00:00,62188.8,63161.7,61819.5,62122.1,0.5419099926948547
2024-10-09 00:00:00,62122.1,62505.0,60271.5,60715.3,0.4025000035762787
2024-10-10 00:00:00,60457.0,61271.7,58902.6,60284.5,0.3513830006122589
2024-10-11 00:00:00,60284.5,63383.1,60054.6,62453.6,0.2531760036945343
2024-10-12 00:00:00,62455.9,63410.8,62401.9,63172.3,0.14625099301338196
2024-10-13 00:00:00,63172.2,63252.3,62013.7,62838.9,0.14287300407886505
2024-10-14 00:00:00,62838.9,66433.7,62421.2,66051.2,0.39419299364089966
2024-10-15 00:00:00,66051.2,67917.2,64769.3,67039.2,0.3876500129699707
2024-10-16 00:00:00,67039.2,68380.1,66717.7,67581.5,0.2927030026912689
2024-10-17 00:00:00,67581.5,67903.9,66637.2,67388.9,0.2938250005245209
2024-10-18 00:00:00,67388.9,68965.4,67153.5,68361.0,0.2863680124282837
2024-10-19 00:00:00,68361.0,68624.2,67977.9,68336.1,0.0930820032954216
2024-10-20 00:00:00,68336.5,69328.3,68065.6,68999.2,0.09925699979066849
2024-10-21 00:00:00,68999.2,69486.7,66812.3,67338.9,0.22534899413585663
2024-10-22 00:00:00,67338.9,67762.1,66537.4,67388.4,0.28179100155830383
2024-10-23 00:00:00,67388.4,67413.2,65120.1,66625.7,0.34147098660469055
2024-10-24 00:00:00,66635.2,68801.6,66424.3,68164.5,0.3335529863834381
2024-10-25 00:00:00,68164.5,68731.1,65436.5,66499.4,0.3512380123138428
2024-10-26 00:00:00,66499.4,67300.0,66268.1,67032.9,0.1514827013015747
2024-10-27 00:00:00,67032.9,68196.2,66855.0,67908.4,0.24651899933815002
2024-10-28 00:00:00,67909.1,70184.6,67501.2,69882.9,0.3147369921207428
2024-10-29 00:00:00,69889.3,73572.3,69678.8,72685.4,0.36004599928855896
2024-10-30 00:00:00,72686.0,72900.3,71370.8,72298.2,0.3225820064544678
2024-10-31 00:00:00,72298.2,72637.1,69569.2,70162.1,0.39229899644851685
2024-11-01 00:00:00,70163.7,71558.2,68750.7,69402.1,0.5410270094871521
2024-11-02 00:00:00,69402.0,69826.8,68986.5,69331.7,0.2114395946264267
2024-11-03 00:00:00,69331.3,69347.7,67435.9,68734.1,0.522845983505249
2024-11-04 00:00:00,68734.1,69457.7,66793.7,67817.2,0.6206279993057251
2024-11-05 00:00:00,67817.2,70517.2,67438.6,69343.4,0.5772179961204529
2024-11-06 00:00:00,69343.4,76446.5,69258.8,75603.1,0.9364849925041199
2024-11-07 00:00:00,75603.2,76915.4,74423.8,75888.1,0.7255740165710449
2024-11-08 00:00:00,75890.2,77219.5,75563.4,76501.6,0.4074360132217407
2024-11-09 00:00:00,76501.6,76888.7,75695.5,76650.9,0.2990339994430542
2024-11-10 00:00:00,76658.2,81469.1,76479.9,80386.8,0.8721519708633423
2024-11-11 00:00:00,80386.8,89570.4,80191.8,88724.4,0.5853040218353271
2024-11-12 00:00:00,88705.6,89941.8,85072.3,88000.9,0.8149080276489258
2024-11-13 00:00:00,88001.4,93437.7,86279.4,90464.2,0.8606200218200684
2024-11-14 00:00:00,90463.7,91770.7,86658.7,87299.7,1.147907018661499
2024-11-15 00:00:00,87299.7,91851.7,87084.2,90993.1,0.9351289868354797
2024-11-16 00:00:00,90993.2,91755.6,90065.2,90588.2,0.46095600724220276
2024-11-17 00:00:00,90605.2,91423.2,88658.3,89829.2,0.5158810019493103
2024-11-18 00:00:00,89831.2,92609.2,89360.2,90484.2,0.9395459890365601
2024-11-19 00:00:00,90484.2,94017.7,90380.7,92401.2,0.8435379862785339
2024-11-20 00:00:00,92401.7,94929.1,91587.2,94342.2,0.7620599865913391
2024-11-21 00:00:00,94345.0,99037.2,94074.2,98420.2,1.1250020265579224
2024-11-22 00:00:00,98420.2,99751.0,97213.7,98958.9,0.9211519956588745
2024-11-23 00:00:00,98959.2,98979.0,97206.7,97751.7,0.354312002658844
2024-11-24 00:00:00,97750.2,98644.2,95773.2,97999.7,0.5886110067367554
2024-11-25 00:00:00,98000.7,98942.7,92567.0,92971.7,0.8728340268135071
2024-11-26 00:00:00,92972.2,94975.7,90697.7,91880.7,0.8113269805908203
2024-11-27 00:00:00,91881.5,97334.8,91718.2,95934.7,0.6110039949417114
2024-11-28 00:00:00,95935.2,96642.2,94650.7,95639.7,0.44822201132774353
2024-11-29 00:00:00,95640.7,98713.7,95380.7,97425.4,0.6452460289001465
2024-11-30 00:00:00,97425.4,97444.5,96100.2,96448.7,0.48886701464653015
2024-12-01 00:00:00,96447.7,97830.8,95735.7,97240.2,0.6505150198936462
2024-12-02 00:00:00,97239.2,98173.7,94386.2,95835.7,0.8080160021781921
2024-12-03 00:00:00,95831.7,96280.7,93567.7,95899.2,0.4610159993171692
2024-12-04 00:00:00,95900.2,99224.2,94636.7,98737.2,0.4498560130596161
2024-12-05 00:00:00,98723.7,103627.2,91983.6,97028.2,0.6395019888877869
2024-12-06 00:00:00,97026.2,102067.7,96481.4,99826.2,0.5255749821662903
2024-12-07 00:00:00,99826.2,100517.4,98950.2,99908.7,0.2721270024776459
2024-12-08 00:00:00,99907.7,101378.5,98727.7,101146.7,0.22990000247955322
2024-12-09 00:00:00,101145.7,101232.7,94229.2,97327.2,0.41189900040626526
2024-12-10 00:00:00,97327.2,98248.2,94257.8,96620.2,0.5307859778404236
2024-12-11 00:00:00,96624.1,101925.7,95702.7,101149.8,0.41512399911880493
2024-12-12 00:00:00,101140.9,102529.2,99267.8,99999.7,0.4216170012950897
2024-12-13 00:00:00,99999.2,101885.4,99206.2,101363.6,0.3529619872570038
2024-12-14 00:00:00,101363.6,102584.9,100535.8,101334.9,0.22813700139522552
2024-12-15 00:00:00,101334.9,105045.2,101160.9,104388.8,0.21193300187587738
2024-12-16 00:00:00,104393.4,107781.7,103272.4,106059.8,0.4383949935436249
2024-12-17 00:00:00,106059.3,108301.3,105313.1,106116.2,0.4133400022983551
2024-12-18 00:00:00,106118.2,106463.2,99988.1,100140.1,0.5051050186157227
2024-12-19 00:00:00,100143.0,102731.1,95517.5,97338.9,0.6434029936790466
2024-12-20 00:00:00,97338.1,98088.6,92110.5,97699.9,0.6239190101623535
2024-12-21 00:00:00,97699.9,99531.4,96304.3,97164.9,0.47359499335289
2024-12-22 00:00:00,97172.0,97322.8,94117.8,95062.3,0.483258992433548
2024-12-23 00:00:00,95058.2,96413.5,92350.5,94730.6,0.5302850008010864
2024-12-24 00:00:00,94735.7,99398.2,93424.7,98529.3,0.44318699836730957
2024-12-25 00:00:00,97909.2,99429.7,97494.7,99305.4,0.24178500473499298
2024-12-26 00:00:00,99315.2,99832.1,95064.7,95634.3,0.47026100754737854
2024-12-27 00:00:00,95634.3,97270.0,93256.0,94106.7,0.4524640142917633
2024-12-28 00:00:00,94106.6,95469.0,93942.9,95065.7,0.21856899559497833
2024-12-29 00:00:00,95065.2,95104.9,92832.2,93532.1,0.2340002954006195
2024-12-30 00:00:00,93531.7,94868.5,91278.7,92581.1,0.4746510088443756
2024-12-31 00:00:00,92586.0,96099.2,91877.4,95565.4,0.30059799551963806
2025-01-01 00:00:00,94097.3,94895.8,93408.3,94350.2,0.18855899572372437
2025-01-02 00:00:00,94358.2,97709.7,94124.2,96858.3,0.48159700632095337
2025-01-03 00:00:00,96859.4,98914.7,95983.7,98074.7,0.3631109893321991
2025-01-04 00:00:00,98074.6,98695.9,97459.2,98144.7,0.299564003944397
2025-01-05 00:00:00,98145.3,98783.9,97184.9,98312.1,0.2984260022640228
2025-01-06 00:00:00,98312.4,102462.1,97878.2,102227.2,0.47631800174713135
2025-01-07 00:00:00,102227.9,102684.0,96074.1,96908.4,0.4410569965839386
2025-01-08 00:00:00,96906.1,97213.3,92435.5,95012.1,0.5115479826927185
2025-01-09 00:00:00,95007.9,95305.5,91157.1,92511.6,0.6236400008201599
2025-01-10 00:00:00,92511.0,95797.8,92184.6,94636.0,0.6875839829444885
2025-01-11 00:00:00,94636.3,94918.5,93759.8,94504.8,0.3340669870376587
2025-01-12 00:00:00,94504.8,95318.7,93605.2,94472.4,0.34613901376724243
2025-01-13 00:00:00,94472.6,95831.9,89161.4,94478.8,0.8439409732818604
2025-01-14 00:00:00,94477.5,97312.1,94296.6,96496.7,0.5674579739570618
2025-01-15 00:00:00,96498.1,100677.8,96429.0,100475.5,0.4197370111942291
2025-01-16 00:00:00,100476.9,100831.4,97267.0,99934.7,0.4458880126476288
2025-01-17 00:00:00,99940.2,105898.8,99885.4,104041.9,0.4318920075893402
2025-01-18 00:00:00,104041.9,104868.0,102168.3,104369.9,0.3941130042076111
2025-01-19 00:00:00,104369.9,106249.3,99501.9,101196.3,0.5748059749603271
2025-01-20 00:00:00,101196.3,109285.6,99425.2,102103.1,0.8672239780426025
2025-01-21 00:00:00,102103.0,107243.9,100035.6,106112.9,0.6333739757537842
2025-01-22 00:00:00,106113.4,106366.2,103286.6,103626.9,0.42826199531555176
2025-01-23 00:00:00,103626.4,106829.1,101193.8,103887.4,0.5430610179901123
2025-01-24 00:00:00,103886.5,107131.7,102717.6,104798.4,0.5223450064659119
2025-01-25 00:00:00,104802.7,105228.8,104042.2,104668.4,0.14843499660491943
2025-01-26 00:00:00,104668.5,105397.3,102441.9,102558.9,0.22663600742816925
2025-01-27 00:00:00,102558.9,103202.4,97682.7,102026.1,0.7298780083656311
2025-01-28 00:00:00,102027.7,103721.4,100173.7,101252.9,0.4321480095386505
2025-01-29 00:00:00,101241.0,104756.2,101237.9,103708.9,0.4035620093345642
2025-01-30 00:00:00,103708.8,106419.4,103264.3,104702.7,0.35533300042152405
2025-01-31 00:00:00,104701.1,106036.4,101464.8,102349.2,0.347694993019104
2025-02-01 00:00:00,102349.2,102716.5,100194.7,100563.7,0.24757300317287445
2025-02-02 00:00:00,100563.7,101394.7,96126.1,97632.9,0.6080650091171265
2025-02-03 00:00:00,97633.5,102529.9,91450.7,101417.4,0.7697238922119141
2025-02-04 00:00:00,101417.6,101757.8,96109.7,97711.7,0.7494189739227295
2025-02-05 00:00:00,97711.7,99165.2,96106.7,96538.7,1.147047996520996
2025-02-06 00:00:00,96538.7,99099.7,95650.1,96522.4,1.0028748512268066
2025-02-07 00:00:00,96526.8,100169.9,95580.2,96471.9,0.4962019920349121
2025-02-08 00:00:00,96471.8,96853.9,95629.9,96411.1,0.2461480051279068
2025-02-09 00:00:00,96411.1,97277.1,94673.8,96439.8,0.26178398728370667
2025-02-10 00:00:00,96439.8,98313.0,95234.1,97406.9,0.41018998622894287
2025-02-11 00:00:00,97406.3,98485.7,94805.4,95730.0,0.4581120014190674
2025-02-12 00:00:00,95729.8,98068.4,94049.4,97831.6,0.47912099957466125
2025-02-13 00:00:00,97831.9,98054.4,95169.8,96589.4,0.5303329825401306
2025-02-14 00:00:00,96590.2,98839.4,96254.4,97443.9,0.4048149883747101
2025-02-15 00:00:00,97442.8,97932.8,97165.7,97531.8,0.2087790071964264
2025-02-16 00:00:00,97531.4,97672.8,96025.7,96080.8,0.21170499920845032
2025-02-17 00:00:00,96075.5,96940.8,95154.8,95701.8,0.5300120115280151
2025-02-18 00:00:00,95702.8,96645.8,93264.8,95539.8,0.9206380248069763
2025-02-19 00:00:00,95540.8,96840.1,94937.8,96565.8,0.6489710211753845
2025-02-20 00:00:00,96598.9,98690.9,96338.8,98262.8,0.5880110263824463
2025-02-21 00:00:00,98261.8,99438.8,94732.8,96091.9,0.7677329778671265
2025-02-22 00:00:00,96107.9,96919.4,95708.0,96517.0,0.11446800082921982
2025-02-23 00:00:00,96520.1,96614.8,95178.8,96188.8,0.19736100733280182
2025-02-24 00:00:00,96189.8,96418.8,91255.8,91454.9,0.8524519801139832
2025-02-25 00:00:00,91453.8,92438.8,85899.8,88539.9,0.8315079808235168
2025-02-26 00:00:00,88540.0,89268.3,82054.8,84038.8,1.046233057975769
2025-02-27 00:00:00,84043.8,86915.8,82542.8,84544.8,1.3533029556274414
2025-02-28 00:00:00,84547.8,85057.9,78151.8,84232.6,1.1302049160003662
2025-03-01 00:00:00,84234.8,86469.8,83707.4,85958.8,0.32348600029945374
2025-03-02 00:00:00,85946.8,95029.8,84956.8,94199.8,1.0744940042495728
2025-03-03 00:00:00,94193.8,94354.8,84995.8,86090.8,1.7126373052597046
2025-03-04 00:00:00,86091.8,88907.2,81462.4,87214.8,1.4748339653015137
2025-03-05 00:00:00,87215.1,90954.8,86335.2,90581.3,0.621379017829895
2025-03-06 00:00:00,90583.5,92767.0,87771.3,89887.6,0.620864987373352
2025-03-07 00:00:00,89885.8,91217.5,84640.8,86695.8,0.6520259976387024
2025-03-08 00:00:00,86691.8,86798.2,85144.3,86141.5,0.22885200381278992
2025-03-09 00:00:00,86141.4,86414.9,79979.7,80678.9,0.45712220668792725
2025-03-10 00:00:00,80679.2,83964.9,77383.2,78529.9,0.6694260239601135
2025-03-11 00:00:00,78528.7,83566.8,76573.6,82871.5,0.6690490245819092
2025-03-12 00:00:00,82871.6,84395.9,80549.8,83636.3,0.6266859769821167
2025-03-13 00:00:00,83632.0,84270.6,79886.5,81053.4,0.62677401304245
2025-03-14 00:00:00,81070.1,85270.4,80721.8,83924.7,0.5273165106773376
2025-03-15 00:00:00,83924.7,84625.3,83553.4,84286.3,0.16732199490070343
2025-03-16 00:00:00,84300.5,85027.2,81950.2,82539.1,0.24532300233840942
2025-03-17 00:00:00,82539.3,84710.4,82403.8,83975.6,0.47481799125671387
2025-03-18 00:00:00,83979.5,83986.1,81091.2,82664.3,0.47328099608421326
2025-03-19 00:00:00,82664.2,86986.6,82510.4,86843.7,0.46654099225997925
2025-03-20 00:00:00,86844.2,87442.4,83578.4,84149.9,0.532692015171051
2025-03-21 00:00:00,84149.1,84780.2,83086.1,83996.8,0.402211993932724
2025-03-22 00:00:00,83992.8,84452.6,83597.8,83789.2,0.10993809998035431
2025-03-23 00:00:00,83786.9,86070.9,83740.3,86044.3,0.19394400715827942
2025-03-24 00:00:00,86046.6,88753.9,85500.3,87477.9,0.4138549864292145
2025-03-25 00:00:00,87477.4,88519.0,86271.8,87399.8,0.38715699315071106
2025-03-26 00:00:00,87396.3,88259.5,85819.1,86875.8,0.37856999039649963
2025-03-27 00:00:00,86877.0,87727.1,85781.3,87177.6,0.3705649971961975
2025-03-28 00:00:00,87174.5,87454.4,83503.7,84316.7,0.4369199872016907
2025-03-29 00:00:00,84320.9,84519.0,81557.7,82551.7,0.19270800054073334
2025-03-30 00:00:00,82559.3,83443.8,81538.2,82338.9,0.1597529947757721
2025-03-31 00:00:00,82352.4,83899.9,81260.5,82518.0,0.23700200021266937
2025-04-01 00:00:00,82516.9,85496.4,82388.9,85152.6,0.20527300238609314
2025-04-02 00:00:00,85153.1,88465.3,82307.9,82482.6,0.26003000140190125
2025-04-03 00:00:00,82425.8,83910.0,81145.8,83128.1,0.2458840012550354
2025-04-04 00:00:00,83147.1,84697.4,81634.4,83795.0,0.2776699960231781
2025-04-05 00:00:00,83794.6,84173.2,82282.5,83439.3,0.1441500037908554
2025-04-06 00:00:00,83440.7,83709.0,77054.6,78346.9,0.31096601486206055
2025-04-07 00:00:00,78349.2,81151.2,74409.4,79121.0,0.39203330874443054
2025-04-08 00:00:00,79121.4,80830.4,76158.0,76238.7,0.3448876142501831
2025-04-09 00:00:00,76237.5,83558.3,74552.9,82577.6,0.38010698556900024
2025-04-10 00:00:00,82574.2,82709.3,78388.4,79537.4,0.27490100264549255
2025-04-11 00:00:00,79483.8,84214.5,78909.5,83322.2,0.26868200302124023
2025-04-12 00:00:00,83314.5,85844.9,82700.1,85205.9,0.22795599699020386
2025-04-13 00:00:00,85213.7,86027.9,82957.8,83707.1,0.25742700695991516
2025-04-14 00:00:00,83717.6,85783.0,83639.5,84564.0,0.24326999485492706
2025-04-15 00:00:00,84563.8,86440.1,83542.8,83613.6,0.21711799502372742
2025-04-16 00:00:00,83613.1,85466.6,83067.8,84014.8,0.23564599454402924
2025-04-17 00:00:00,84011.3,85454.0,83724.1,84922.4,0.18804700672626495
2025-04-18 00:00:00,84931.4,85113.8,84270.4,84401.3,0.10987299680709839
2025-04-19 00:00:00,84401.3,85559.9,84293.6,85009.8,0.12206649780273438
2025-04-20 00:00:00,85009.5,85256.2,83907.7,85157.1,0.10431499779224396
2025-04-21 00:00:00,85158.8,88512.9,85068.8,87493.7,0.21351000666618347
2025-04-22 00:00:00,87493.9,93870.6,87068.5,93466.6,0.2561669945716858
2025-04-23 00:00:00,93464.2,94601.8,91919.3,93707.9,0.23480400443077087
2025-04-24 00:00:00,93694.9,94026.6,91675.3,93999.6,0.2102230042219162
2025-04-25 00:00:00,93999.9,95893.1,92862.9,94643.9,0.23252999782562256
2025-04-26 00:00:00,94642.6,95208.4,93860.0,94601.5,0.12220100313425064
2025-04-27 00:00:00,94604.0,95286.0,93614.8,93759.9,0.11935999989509583
2025-04-28 00:00:00,93760.2,95610.9,92822.5,95023.7,0.21324500441551208
2025-04-29 00:00:00,95023.6,95474.8,93745.2,94256.9,0.19040200114250183
2025-04-30 00:00:00,94255.4,95232.7,92898.8,94165.1,0.18337100744247437
2025-05-01 00:00:00,94164.9,97486.2,94126.7,96503.7,0.20897400379180908
2025-05-02 00:00:00,96505.4,97922.5,96329.8,96864.7,0.1996839940547943
2025-05-03 00:00:00,96867.8,96909.6,95705.2,95800.3,0.08919300138950348
2025-05-04 00:00:00,95800.5,96247.4,94142.3,94267.7,0.11108999699354172
2025-05-05 00:00:00,94266.0,95181.9,93505.7,94712.9,0.18193399906158447
2025-05-06 00:00:00,94714.5,96892.4,93359.5,96808.1,0.1771879941225052
2025-05-07 00:00:00,96812.7,97675.6,95801.0,97034.9,0.22691099345684052
2025-05-08 00:00:00,97033.4,104106.1,96883.0,103233.0,0.3860880136489868
2025-05-09 00:00:00,103232.4,104303.0,102335.6,102921.8,0.3558560013771057
2025-05-10 00:00:00,102924.0,104931.9,102767.5,104752.7,0.17294800281524658
2025-05-11 00:00:00,104756.0,104915.7,103295.1,104122.6,0.19090600311756134
2025-05-12 00:00:00,104109.6,105725.2,100731.6,102785.0,0.3197160065174103
2025-05-13 00:00:00,102785.5,104990.0,101431.7,104110.9,0.29241999983787537
2025-05-14 00:00:00,104113.0,104336.1,102598.8,103521.0,0.23805099725723267
2025-05-15 00:00:00,103519.3,104175.4,101411.4,103770.5,0.28428900241851807
2025-05-16 00:00:00,103767.6,104568.1,103111.5,103434.9,0.2704010009765625
2025-05-17 00:00:00,103434.9,103676.8,102573.0,103095.9,0.189752995967865
2025-05-18 00:00:00,103097.4,106646.8,103070.3,106475.9,0.24662500619888306
2025-05-19 00:00:00,106478.5,107102.3,102089.5,105602.5,0.4030340015888214
2025-05-20 00:00:00,105603.4,107324.8,104202.4,106862.5,0.3151730000972748
2025-05-21 00:00:00,106853.7,110697.9,106122.5,109659.5,0.37088000774383545
2025-05-22 00:00:00,109665.1,111981.8,109237.4,111703.6,0.36061498522758484
2025-05-23 00:00:00,111704.0,111800.2,106744.1,107266.8,0.34287598729133606
2025-05-24 00:00:00,107268.5,109452.6,106832.2,107728.9,0.1960815042257309
2025-05-25 00:00:00,107734.2,109342.5,106584.9,109026.6,0.22468699514865875
2025-05-26 00:00:00,109026.8,110445.4,108697.6,109448.8,0.23801399767398834
2025-05-27 00:00:00,109448.8,110772.9,107528.9,108960.5,0.29381799697875977
2025-05-28 00:00:00,108954.2,109314.2,106779.9,107798.5,0.24924400448799133
2025-05-29 00:00:00,107789.9,108919.4,105316.9,105559.2,0.35332900285720825
2025-05-30 00:00:00,105558.2,106324.5,103582.7,103968.1,0.31526198983192444
2025-05-31 00:00:00,103968.1,104900.4,103049.1,104580.7,0.1788720041513443
2025-06-01 00:00:00,104582.6,105902.9,103750.0,105690.5,0.16561399400234222
2025-06-02 00:00:00,105676.3,105979.2,103686.4,105899.3,0.30457600951194763
2025-06-03 00:00:00,105900.9,106862.9,104897.0,105436.4,0.2064650058746338
2025-06-04 00:00:00,105421.5,106034.3,104194.4,104733.6,0.18444499373435974
2025-06-05 00:00:00,104733.5,105962.7,100397.2,101547.4,0.278315007686615
2025-06-06 00:00:00,101550.0,105411.7,101129.1,104332.9,0.23051199316978455
2025-06-07 00:00:00,104341.2,105934.9,103904.6,105553.9,0.1382959932088852
2025-06-08 00:00:00,105554.9,106470.6,104982.2,105763.9,0.11483199894428253
2025-06-09 00:00:00,105762.9,110552.4,105348.2,110287.4,0.24216699600219727
2025-06-10 00:00:00,110286.4,110394.8,108368.9,110261.8,0.2785319983959198
2025-06-11 00:00:00,110268.9,110394.4,108084.8,108650.7,0.2635979950428009
2025-06-12 00:00:00,108655.7,108829.1,105697.1,105712.9,0.28749901056289673
2025-06-13 00:00:00,105697.6,106167.9,102754.7,106053.6,0.4391779899597168
2025-06-14 00:00:00,106049.4,106199.2,104300.8,105400.3,0.15207600593566895
2025-06-15 00:00:00,105408.7,106119.0,104457.8,105568.6,0.21417100727558136
2025-06-16 00:00:00,105568.8,108953.8,104975.4,106825.6,0.3614180088043213
2025-06-17 00:00:00,106826.3,107765.5,103361.8,104572.8,0.3699289858341217
2025-06-18 00:00:00,104563.6,105551.9,103501.3,104892.5,0.34188398718833923
2025-06-19 00:00:00,104892.4,105241.3,103923.0,104656.2,0.257066011428833
2025-06-20 00:00:00,104656.0,106525.3,102333.6,103292.6,0.3008739948272705
2025-06-21 00:00:00,103293.1,103995.7,100907.6,102139.4,0.13548199832439423
2025-06-22 00:00:00,102142.5,103401.6,98218.4,100981.4,0.2572540044784546
2025-06-23 00:00:00,100981.3,106092.0,99664.8,105378.1,0.7061229944229126
2025-06-24 00:00:00,105380.1,106324.8,104655.8,106112.9,0.4076339900493622
2025-06-25 00:00:00,106107.9,108180.9,105856.4,107385.5,0.25792598724365234
2025-06-26 00:00:00,107386.1,108321.5,106608.4,106999.3,0.20347599685192108
2025-06-27 00:00:00,107001.0,107781.0,106425.4,107088.0,0.18727099895477295
2025-06-28 00:00:00,107094.5,107577.1,106820.9,107329.0,0.0769679993391037
2025-06-29 00:00:00,107329.2,108526.9,107179.6,108368.0,0.10390099883079529
2025-06-30 00:00:00,108377.1,108779.1,106725.2,107149.6,0.23671400547027588
2025-07-01 00:00:00,107144.0,107562.4,105250.7,105684.9,0.2755320072174072
2025-07-02 00:00:00,105685.2,109782.3,105104.4,108860.4,0.27378201484680176
2025-07-03 00:00:00,108860.0,110552.6,108548.0,109615.2,0.27079200744628906
2025-07-04 00:00:00,109612.3,109795.8,107277.9,108006.9,0.21572700142860413
2025-07-05 00:00:00,108007.3,108411.8,107786.8,108225.7,0.08885999768972397
2025-07-06 00:00:00,108234.7,109699.2,107816.7,109202.8,0.13002100586891174
2025-07-07 00:00:00,109209.0,109719.6,107497.6,108260.9,0.24515999853610992
2025-07-08 00:00:00,108263.5,109227.4,107435.8,108926.4,0.20814399421215057
2025-07-09 00:00:00,108926.7,112033.8,108310.3,111266.9,0.23438000679016113
2025-07-10 00:00:00,111265.8,116825.8,110564.7,116003.8,0.22966399788856506
2025-07-11 00:00:00,115989.6,118852.3,115207.7,117562.6,0.28354498744010925
2025-07-12 00:00:00,117562.9,118223.9,116894.1,117452.6,0.12036100029945374
2025-07-13 00:00:00,117456.2,119479.3,117238.5,119114.8,0.15272200107574463
2025-07-14 00:00:00,119127.3,123207.5,118936.4,119840.9,0.34602299332618713
2025-07-15 00:00:00,119840.9,119945.9,115693.9,117746.4,0.46622899174690247
2025-07-16 00:00:00,117743.3,120081.2,117024.8,118688.6,0.3117839992046356
2025-07-17 00:00:00,118669.4,120981.0,117480.4,119260.6,0.3100070059299469
2025-07-18 00:00:00,119240.8,120892.5,116887.2,117999.6,0.3351669907569885
2025-07-19 00:00:00,117999.5,118541.3,117327.7,117894.9,0.17319799959659576
2025-07-20 00:00:00,117895.7,118889.5,116531.6,117301.2,0.19099800288677216
2025-07-21 00:00:00,117304.9,119660.7,116558.8,117411.4,0.2667590081691742
2025-07-22 00:00:00,117412.6,120279.9,116167.4,119988.4,0.28449898958206177
2025-07-23 00:00:00,119990.2,120147.5,117339.8,118790.6,0.26386699080467224
2025-07-24 00:00:00,118789.1,119522.2,117182.1,118382.4,0.2783539891242981
2025-07-25 00:00:00,118377.5,118494.9,114733.4,117615.0,0.4356740117073059
2025-07-26 00:00:00,117615.6,118326.9,117144.4,117964.7,0.10297700017690659
2025-07-27 00:00:00,117963.7,119778.9,117853.9,119452.0,0.1322530061006546
2025-07-28 00:00:00,119453.0,119819.0,117384.5,118050.9,0.22758199274539948
2025-07-29 00:00:00,118054.1,119250.2,116915.6,117911.8,0.25838398933410645
2025-07-30 00:00:00,117896.2,118779.9,115754.1,117813.9,0.27191999554634094
2025-07-31 00:00:00,117814.0,118899.0,115479.2,115738.0,0.22755199670791626
2025-08-01 00:00:00,115721.6,116041.5,112649.7,113228.8,0.3769010007381439
2025-08-02 00:00:00,113219.4,113996.0,111971.6,112513.1,0.15424199402332306
2025-08-03 00:00:00,112522.4,114770.8,111894.6,114198.7,0.14134399592876434
2025-08-04 00:00:00,114204.9,115732.9,114103.6,115035.4,0.25486400723457336
2025-08-05 00:00:00,115038.9,115099.7,112614.9,114106.8,0.24449899792671204
2025-08-06 00:00:00,114106.3,115723.4,113337.0,115008.8,0.22278699278831482
2025-08-07 00:00:00,115004.5,117665.8,114260.7,117496.1,0.2898640036582947
2025-08-08 00:00:00,117482.0,117664.2,115864.0,116663.1,0.19957099854946136
2025-08-09 00:00:00,116663.3,117916.6,116311.5,116474.9,0.1431179940700531
2025-08-10 00:00:00,116467.9,119306.4,116467.9,119291.7,0.18295100331306458
2025-08-11 00:00:00,119296.3,122293.2,118084.0,118689.1,0.2670019865036011
2025-08-12 00:00:00,118689.1,120302.9,118187.6,120100.9,0.20856399834156036
2025-08-13 00:00:00,120102.4,123717.0,118922.6,123340.9,0.323525995016098
2025-08-14 00:00:00,123344.3,124494.5,117201.1,118373.8,0.3203180134296417
2025-08-15 00:00:00,118373.3,119311.9,116840.7,117422.9,0.24883300065994263
2025-08-16 00:00:00,117420.9,117985.5,117207.3,117438.1,0.07448700070381165
2025-08-17 00:00:00,117437.1,118619.4,117237.4,117471.2,0.08645199984312057
2025-08-18 00:00:00,117469.4,117611.4,114688.9,116269.1,0.23865200579166412
2025-08-19 00:00:00,116269.3,116759.8,112697.9,112841.5,0.2751080095767975
2025-08-20 00:00:00,112838.7,114607.5,112358.9,114258.8,0.2622610032558441
2025-08-21 00:00:00,114259.3,114787.9,111956.3,112460.0,0.2415110021829605
2025-08-22 00:00:00,112458.6,117398.4,111638.3,116882.8,0.2537510097026825
2025-08-23 00:00:00,116884.2,116971.7,114502.4,115363.8,0.16200999915599823
2025-08-24 00:00:00,115363.3,115602.1,110637.4,113459.5,0.19770200550556183
2025-08-25 00:00:00,113463.9,113627.3,109266.0,110120.7,0.3328230082988739
2025-08-26 00:00:00,110120.8,112374.4,108692.8,111767.4,0.32604700326919556
2025-08-27 00:00:00,111767.0,112645.6,110337.0,111241.1,0.33143699169158936
2025-08-28 00:00:00,111241.7,113468.3,110847.4,112557.8,0.254721999168396
2025-08-29 00:00:00,112554.8,112625.6,107453.5,108359.5,0.35675400495529175
2025-08-30 00:00:00,108363.6,108909.8,107358.9,108809.6,0.13695000112056732
2025-08-31 00:00:00,108809.8,109480.4,108058.3,108234.8,0.17354099452495575
2025-09-01 00:00:00,108239.5,109889.9,107238.8,109221.4,0.31992000341415405
2025-09-02 00:00:00,109224.4,111765.0,108360.8,111223.1,0.3320789933204651
2025-09-03 00:00:00,111226.3,112592.8,110521.5,111734.9,0.432981014251709
2025-09-04 00:00:00,111737.8,112201.8,109311.5,110721.8,0.526075005531311
2025-09-05 00:00:00,110716.8,113381.8,110198.8,110653.2,0.4345040023326874
2025-09-06 00:00:00,110655.1,111299.5,109974.2,110199.5,0.10135900229215622
2025-09-07 00:00:00,110201.4,111588.3,110181.9,111124.8,0.12336699664592743
2025-09-08 00:00:00,111123.8,112919.7,110593.8,112058.5,0.2626039981842041
2025-09-09 00:00:00,112072.8,113272.9,110749.7,111526.8,0.27408701181411743
2025-09-10 00:00:00,111525.5,114343.4,110903.5,113965.2,0.2806070148944855
2025-09-11 00:00:00,113965.9,115514.9,113417.6,115511.9,0.31073400378227234
2025-09-12 00:00:00,115513.5,116811.5,114759.8,116094.0,0.2772032916545868
2025-09-13 00:00:00,116094.4,116348.8,115189.0,115953.6,0.07648950070142746
2025-09-14 00:00:00,115954.0,116205.9,115161.1,115293.9,0.11607600003480911
2025-09-15 00:00:00,115301.8,116772.5,114386.6,115367.4,0.3706589937210083
2025-09-16 00:00:00,115361.3,116984.5,114754.8,116816.7,0.2597450017929077
2025-09-17 00:00:00,116818.4,117302.4,114731.9,116465.6,0.3008979856967926
2025-09-18 00:00:00,116471.4,117964.0,116110.6,117103.4,0.22616900503635406
2025-09-19 00:00:00,117098.5,117493.9,115103.2,115678.7,0.1718129962682724
2025-09-20 00:00:00,115678.4,116178.2,115450.1,115737.1,0.07335899770259857
2025-09-21 00:00:00,115737.3,115881.5,115223.0,115269.9,0.10717199742794037
2025-09-22 00:00:00,115270.8,115430.4,111932.6,112706.4,0.4790650010108948
2025-09-23 00:00:00,112716.9,113332.0,111468.2,111990.1,0.5365399718284607
2025-09-24 00:00:00,112003.5,113984.8,111082.9,113316.7,0.4485270082950592
2025-09-25 00:00:00,113329.7,113540.5,108629.5,108999.8,0.8905199766159058
2025-09-26 00:00:00,108999.8,110350.8,108646.6,109678.7,0.9323700070381165
2025-09-27 00:00:00,109679.7,109784.6,109095.8,109663.5,0.11902900040149689
2025-09-28 00:00:00,109674.0,112359.9,109206.1,112178.5,0.2640160024166107
2025-09-29 00:00:00,112176.8,114468.8,111567.6,114350.0,0.7222480177879333
2025-09-30 00:00:00,114349.4,114828.4,112678.2,114048.9,0.5123509764671326
2025-10-01 00:00:00,114049.2,118691.9,113958.8,118645.4,0.5575379729270935
2025-10-02 00:00:00,118650.2,121090.4,118321.7,120604.5,0.5088819861412048
2025-10-03 00:00:00,120611.4,123965.6,119314.7,122300.9,0.5226590037345886
2025-10-04 00:00:00,122310.2,122875.4,121595.5,122440.1,0.10940500348806381
2025-10-05 00:00:00,122440.6,125701.8,122178.4,123498.4,0.30344900488853455
2025-10-06 00:00:00,123512.4,126262.6,123108.9,124712.6,0.6624900102615356
2025-10-07 00:00:00,124712.7,125209.8,120637.8,121383.5,0.6373410224914551
2025-10-08 00:00:00,121375.4,124218.4,121080.4,123330.4,0.6843029856681824
2025-10-09 00:00:00,123328.2,123801.9,119705.4,121691.7,0.6076840162277222
2025-10-10 00:00:00,121686.2,122568.3,106934.9,112966.9,0.7214490175247192
2025-10-11 00:00:00,112962.9,113428.4,109701.9,110751.8,0.6301530003547668
2025-10-12 00:00:00,110753.5,115819.7,109668.6,115053.9,0.7882329821586609
2025-10-13 00:00:00,115069.8,116017.8,113712.0,115253.7,0.7368220090866089
2025-10-14 00:00:00,115245.2,115496.3,109941.9,113056.9,0.8912479877471924
2025-10-15 00:00:00,113057.8,113637.6,110188.8,110786.4,0.7699270248413086
2025-10-16 00:00:00,110798.4,111996.2,107451.0,108183.9,0.8329470157623291
2025-10-17 00:00:00,108179.8,109244.5,103517.2,106443.2,0.9071969985961914
2025-10-18 00:00:00,106436.9,107510.9,106327.3,107194.8,0.29079198837280273
2025-10-19 00:00:00,107181.9,109464.0,106098.8,108662.4,0.4329580068588257
2025-10-20 00:00:00,108662.3,111720.1,107441.9,110554.5,0.5023080110549927
2025-10-21 00:00:00,110554.6,114036.9,107460.9,108347.3,0.5903149843215942
2025-10-22 00:00:00,108347.4,109134.8,106685.8,107562.9,0.7528600096702576
2025-10-23 00:00:00,107563.8,111315.9,107485.4,110091.6,0.692080020904541
2025-10-24 00:00:00,110090.4,112047.7,109706.1,111017.9,0.5523710250854492
2025-10-25 00:00:00,111019.9,111941.7,110673.2,111648.0,0.16187000274658203
2025-10-26 00:00:00,111627.8,115434.4,111232.1,114530.5,0.6800339818000793
2025-10-27 00:00:00,114528.0,116368.5,113821.8,114079.4,0.6140249967575073
2025-10-28 00:00:00,114078.9,116080.4,112208.9,112900.1,0.39384499192237854
2025-10-29 00:00:00,112901.4,113651.4,109249.8,110011.1,0.7684580087661743
2025-10-30 00:00:00,110015.4,111588.8,106277.1,108290.9,1.2962310314178467
2025-10-31 00:00:00,108292.8,111031.5,108250.9,109535.9,0.6203380227088928
2025-11-01 00:00:00,109536.6,110491.0,109298.1,110032.0,0.24935899674892426
2025-11-02 00:00:00,110062.8,111156.8,109445.9,110509.8,0.6138319969177246
2025-11-03 00:00:00,110513.4,110725.8,105269.0,106529.1,1.2098139524459839
2025-11-04 00:00:00,106529.0,107255.8,98877.4,101445.4,2.9452269077301025
2025-11-05 00:00:00,101479.8,104513.9,98927.8,103844.4,1.2388670444488525
2025-11-06 00:00:00,103870.8,104161.7,100225.0,101266.4,1.9842150211334229
2025-11-07 00:00:00,101265.4,104024.9,99182.3,103257.4,2.5844199657440186
2025-11-08 00:00:00,103260.1,103329.9,101389.0,102289.8,0.16796499490737915
2025-11-09 00:00:00,102290.8,105435.5,101399.3,104683.3,0.5610960125923157
2025-11-10 00:00:00,104683.2,106625.1,104242.9,105963.1,0.71110999584198
2025-11-11 00:00:00,105960.1,107465.8,102423.0,103000.5,1.1825120449066162
2025-11-12 00:00:00,103001.5,105288.9,100791.1,101618.9,0.9587590098381042
2025-11-13 00:00:00,101621.7,104010.3,97949.6,99661.5,1.795348048210144
2025-11-14 00:00:00,99652.8,99853.8,93912.9,94526.7,1.5262420177459717
2025-11-15 00:00:00,94541.1,96805.3,94438.6,95540.5,0.3236750066280365
2025-11-16 00:00:00,95552.8,96557.0,92909.0,94165.5,0.511381983757019
2025-11-17 00:00:00,94166.5,95963.2,91155.6,92081.4,0.8296499848365784
2025-11-18 00:00:00,92081.0,93766.9,89195.9,92893.2,0.6929460167884827
2025-11-19 00:00:00,92890.4,92941.9,88481.8,91465.8,0.6007360219955444
2025-11-20 00:00:00,91466.6,93073.9,85965.8,86523.4,0.7246549725532532
2025-11-21 00:00:00,86506.6,87396.4,80521.3,85074.4,1.3327480554580688
2025-11-22 00:00:00,85078.4,85547.4,83440.4,84699.1,0.6472740173339844
2025-11-23 00:00:00,84723.8,88104.9,84629.2,86788.2,0.9806680083274841
2025-11-24 00:00:00,86814.8,89213.8,85204.9,88262.7,1.638008952140808
2025-11-25 00:00:00,88255.7,88488.8,86055.9,87337.8,1.5945849418640137
2025-11-26 00:00:00,87344.8,90610.4,86277.1,90455.5,1.4931889772415161
2025-11-27 00:00:00,90455.1,91913.6,90063.6,91300.7,1.3253450393676758
2025-11-28 00:00:00,91302.9,93044.8,90190.8,90883.9,1.767907977104187
2025-11-29 00:00:00,90882.9,91155.8,90157.8,90812.4,0.6048679947853088
2025-11-30 00:00:00,90795.6,91961.8,90318.6,90351.8,0.7823600172996521
2025-12-01 00:00:00,90343.9,90415.2,83799.2,86255.3,1.854123592376709
2025-12-02 00:00:00,86270.8,92320.4,86160.0,91283.5,1.8950209617614746
2025-12-03 00:00:00,91266.8,94182.4,90981.8,93455.5,1.506598949432373
2025-12-04 00:00:00,93452.7,94078.7,90864.5,92085.4,1.4161269664764404
2025-12-05 00:00:00,92085.0,92688.9,88078.0,89340.0,1.3754459619522095
2025-12-06 00:00:00,89341.9,90281.9,88894.1,89242.9,0.3223649859428406
2025-12-07 00:00:00,89219.8,91763.6,87690.2,90375.6,0.6278160214424133
2025-12-08 00:00:00,90376.4,92284.6,89576.7,90601.4,1.489490032196045
2025-12-09 00:00:00,90624.6,94600.9,89518.8,92675.7,1.4940589666366577
2025-12-10 00:00:00,92664.8,94473.8,91569.8,92016.5,1.0463500022888184
2025-12-11 00:00:00,92018.1,93567.1,89246.1,92516.3,1.2138140201568604
2025-12-12 00:00:00,92501.8,92772.4,89460.6,90272.8,1.2293310165405273
2025-12-13 00:00:00,90266.7,90648.6,89754.2,90253.6,0.13696199655532837
2025-12-14 00:00:00,90251.0,90492.0,87557.6,88137.0,0.33586499094963074
2025-12-15 00:00:00,88139.4,90018.7,85133.9,86414.8,1.2910430431365967
2025-12-16 00:00:00,86413.8,88152.3,85223.6,87823.9,1.353337049484253
2025-12-17 00:00:00,87824.0,90320.6,85262.9,86213.2,1.37978994846344
2025-12-18 00:00:00,86208.7,89460.6,84387.3,85469.2,1.3972899913787842
2025-12-19 00:00:00,85470.5,89384.8,85066.1,88115.5,1.46635901927948
2025-12-20 00:00:00,88107.8,88532.4,87798.4,88314.4,0.19495999813079834
2025-12-21 00:00:00,88314.1,89054.9,87560.4,88633.8,0.576524019241333
2025-12-22 00:00:00,88634.8,90558.8,87856.3,88526.9,1.3637629747390747
2025-12-23 00:00:00,88562.7,88922.4,86538.0,87444.5,1.2272659540176392
2025-12-24 00:00:00,87475.8,88042.3,86368.4,87662.6,1.0982619524002075
2025-12-25 00:00:00,87662.6,88587.2,86885.5,87186.8,0.1481959968805313
2025-12-26 00:00:00,87218.8,89508.3,86579.8,87357.9,1.0953789949417114
2025-12-27 00:00:00,87311.3,87974.8,87198.2,87863.9,0.09720800071954727
2025-12-28 00:00:00,87864.0,88062.1,87373.9,87873.8,0.21465200185775757
2025-12-29 00:00:00,87850.7,90389.2,86695.6,87097.4,0.6473990082740784
2025-12-30 00:00:00,87098.0,89378.5,86720.3,88370.3,0.550160825252533
2025-12-31 00:00:00,88376.8,89159.9,88110.0,88408.8,0.21063099801540375
