timestamp,open,high,low,close,volume
2017-01-01 00:00:00,496.9,496.9,496.9,496.9,0.0
2017-01-02 00:00:00,496.9,496.9,496.9,496.9,0.0
2017-01-03 00:00:00,496.9,496.9,496.9,496.9,0.0
2017-01-04 00:00:00,496.9,496.9,496.9,496.9,0.0
2017-01-05 00:00:00,496.9,496.9,496.9,496.9,0.0
2017-01-06 00:00:00,496.9,496.9,496.9,496.9,0.0
2017-01-07 00:00:00,496.9,496.9,496.9,496.9,0.0
2017-01-08 00:00:00,496.9,496.9,496.9,496.9,0.0
2017-01-09 00:00:00,496.9,496.9,496.9,496.9,0.0
2017-01-10 00:00:00,496.9,496.9,496.9,496.9,0.0
2017-01-11 00:00:00,496.9,496.9,496.9,496.9,0.0
2017-01-12 00:00:00,496.9,496.9,496.9,496.9,0.0
2017-01-13 00:00:00,496.9,496.9,496.9,496.9,0.0
2017-01-14 00:00:00,496.9,496.9,496.9,496.9,0.0
2017-01-15 00:00:00,496.9,496.9,496.9,496.9,0.0
2017-01-16 00:00:00,496.9,496.9,496.9,496.9,0.0
2017-01-17 00:00:00,496.9,496.9,496.9,496.9,0.0
2017-01-18 00:00:00,496.9,496.9,496.9,496.9,0.0
2017-01-19 00:00:00,496.9,496.9,496.9,496.9,0.0
2017-01-20 00:00:00,496.9,496.9,496.9,496.9,0.0
2017-01-21 00:00:00,496.9,496.9,496.9,496.9,0.0
2017-01-22 00:00:00,496.9,496.9,496.9,496.9,0.0
2017-01-23 00:00:00,496.9,496.9,496.9,496.9,0.0
2017-01-24 00:00:00,496.9,496.9,496.9,496.9,0.0
2017-01-25 00:00:00,496.9,496.9,496.9,496.9,0.0
2017-01-26 00:00:00,496.9,496.9,496.9,496.9,0.0
2017-01-27 00:00:00,496.9,496.9,496.9,496.9,0.0
2017-01-28 00:00:00,496.9,496.9,496.9,496.9,0.0
2017-01-29 00:00:00,496.9,496.9,496.9,496.9,0.0
2017-01-30 00:00:00,496.9,496.9,496.9,496.9,0.0
2017-01-31 00:00:00,496.9,496.9,496.9,496.9,0.0
2017-02-01 00:00:00,496.9,496.9,496.9,496.9,0.0
2017-02-02 00:00:00,496.9,496.9,496.9,496.9,0.0
2017-02-03 00:00:00,496.9,496.9,496.9,496.9,0.0
2017-02-04 00:00:00,496.9,496.9,496.9,496.9,0.0
2017-02-05 00:00:00,496.9,496.9,496.9,496.9,0.0
2017-02-06 00:00:00,496.9,496.9,496.9,496.9,0.0
2017-02-07 00:00:00,496.9,496.9,496.9,496.9,0.0
2017-02-08 00:00:00,496.9,496.9,496.9,496.9,0.0
2017-02-09 00:00:00,496.9,496.9,496.9,496.9,0.0
2017-02-10 00:00:00,496.9,496.9,496.9,496.9,0.0
2017-02-11 00:00:00,496.9,496.9,496.9,496.9,0.0
2017-02-12 00:00:00,496.9,496.9,496.9,496.9,0.0
2017-02-13 00:00:00,496.9,496.9,496.9,496.9,0.0
2017-02-14 00:00:00,496.9,496.9,496.9,496.9,0.0
2017-02-15 00:00:00,496.9,496.9,496.9,496.9,0.0
2017-02-16 00:00:00,496.9,496.9,496.9,496.9,0.0
2017-02-17 00:00:00,496.9,496.9,496.9,496.9,0.0
2017-02-18 00:00:00,496.9,496.9,496.9,496.9,0.0
2017-02-19 00:00:00,496.9,496.9,496.9,496.9,0.0
2017-02-20 00:00:00,496.9,496.9,496.9,496.9,0.0
2017-02-21 00:00:00,496.9,496.9,496.9,496.9,0.0
2017-02-22 00:00:00,496.9,496.9,496.9,496.9,0.0
2017-02-23 00:00:00,496.9,496.9,496.9,496.9,0.0
2017-02-24 00:00:00,496.9,496.9,496.9,496.9,0.0
2017-02-25 00:00:00,496.9,496.9,496.9,496.9,0.0
2017-02-26 00:00:00,496.9,496.9,496.9,496.9,0.0
2017-02-27 00:00:00,496.9,496.9,496.9,496.9,0.0
2017-02-28 00:00:00,496.9,496.9,496.9,496.9,0.0
2017-03-01 00:00:00,496.9,496.9,496.9,496.9,0.0
2017-03-02 00:00:00,496.9,496.9,496.9,496.9,0.0
2017-03-03 00:00:00,496.9,496.9,496.9,496.9,0.0
2017-03-04 00:00:00,496.9,496.9,496.9,496.9,0.0
2017-03-05 00:00:00,496.9,496.9,496.9,496.9,0.0
2017-03-06 00:00:00,496.9,496.9,496.9,496.9,0.0
2017-03-07 00:00:00,496.9,496.9,496.9,496.9,0.0
2017-03-08 00:00:00,496.9,496.9,496.9,496.9,0.0
2017-03-09 00:00:00,496.9,496.9,496.9,496.9,0.0
2017-03-10 00:00:00,496.9,496.9,496.9,496.9,0.0
2017-03-11 00:00:00,496.9,496.9,496.9,496.9,0.0
2017-03-12 00:00:00,496.9,496.9,496.9,496.9,0.0
2017-03-13 00:00:00,496.9,496.9,496.9,496.9,0.0
2017-03-14 00:00:00,496.9,496.9,496.9,496.9,0.0
2017-03-15 00:00:00,496.9,496.9,496.9,496.9,0.0
2017-03-16 00:00:00,496.9,496.9,496.9,496.9,0.0
2017-03-17 00:00:00,496.9,496.9,496.9,496.9,0.0
2017-03-18 00:00:00,496.9,496.9,496.9,496.9,0.0
2017-03-19 00:00:00,496.9,496.9,496.9,496.9,0.0
2017-03-20 00:00:00,496.9,496.9,496.9,496.9,0.0
2017-03-21 00:00:00,496.9,496.9,496.9,496.9,0.0
2017-03-22 00:00:00,496.9,496.9,496.9,496.9,0.0
2017-03-23 00:00:00,496.9,496.9,496.9,496.9,0.0
2017-03-24 00:00:00,496.9,496.9,496.9,496.9,0.0
2017-03-25 00:00:00,496.9,496.9,496.9,496.9,0.0
2017-03-26 00:00:00,496.9,496.9,496.9,496.9,0.0
2017-03-27 00:00:00,496.9,496.9,496.9,496.9,0.0
2017-03-28 00:00:00,496.9,496.9,496.9,496.9,0.0
2017-03-29 00:00:00,496.9,496.9,496.9,496.9,0.0
2017-03-30 00:00:00,496.9,496.9,496.9,496.9,0.0
2017-03-31 00:00:00,496.9,496.9,496.9,496.9,0.0
2017-04-01 00:00:00,496.9,496.9,496.9,496.9,0.0
2017-04-02 00:00:00,496.9,496.9,496.9,496.9,0.0
2017-04-03 00:00:00,496.9,496.9,496.9,496.9,0.0
2017-04-04 00:00:00,496.9,496.9,496.9,496.9,0.0
2017-04-05 00:00:00,496.9,496.9,496.9,496.9,0.0
2017-04-06 00:00:00,496.9,496.9,496.9,496.9,0.0
2017-04-07 00:00:00,496.9,496.9,496.9,496.9,0.0
2017-04-08 00:00:00,496.9,496.9,496.9,496.9,0.0
2017-04-09 00:00:00,496.9,496.9,496.9,496.9,0.0
2017-04-10 00:00:00,496.9,496.9,496.9,496.9,0.0
2017-04-11 00:00:00,496.9,496.9,496.9,496.9,0.0
2017-04-12 00:00:00,496.9,496.9,496.9,496.9,0.0
2017-04-13 00:00:00,496.9,496.9,496.9,496.9,0.0
2017-04-14 00:00:00,496.9,496.9,496.9,496.9,0.0
2017-04-15 00:00:00,496.9,496.9,496.9,496.9,0.0
2017-04-16 00:00:00,496.9,496.9,496.9,496.9,0.0
2017-04-17 00:00:00,496.9,496.9,496.9,496.9,0.0
2017-04-18 00:00:00,496.9,496.9,496.9,496.9,0.0
2017-04-19 00:00:00,496.9,496.9,496.9,496.9,0.0
2017-04-20 00:00:00,496.9,496.9,496.9,496.9,0.0
2017-04-21 00:00:00,496.9,496.9,496.9,496.9,0.0
2017-04-22 00:00:00,496.9,496.9,496.9,496.9,0.0
2017-04-23 00:00:00,496.9,496.9,496.9,496.9,0.0
2017-04-24 00:00:00,496.9,496.9,496.9,496.9,0.0
2017-04-25 00:00:00,496.9,496.9,496.9,496.9,0.0
2017-04-26 00:00:00,496.9,496.9,496.9,496.9,0.0
2017-04-27 00:00:00,496.9,496.9,496.9,496.9,0.0
2017-04-28 00:00:00,496.9,496.9,496.9,496.9,0.0
2017-04-29 00:00:00,496.9,496.9,496.9,496.9,0.0
2017-04-30 00:00:00,496.9,496.9,496.9,496.9,0.0
2017-05-01 00:00:00,496.9,496.9,496.9,496.9,0.0
2017-05-02 00:00:00,496.9,496.9,496.9,496.9,0.0
2017-05-03 00:00:00,496.9,496.9,496.9,496.9,0.0
2017-05-04 00:00:00,496.9,496.9,496.9,496.9,0.0
2017-05-05 00:00:00,496.9,496.9,496.9,496.9,0.0
2017-05-06 00:00:00,496.9,496.9,496.9,496.9,0.0
2017-05-07 00:00:00,496.9,496.9,496.9,496.9,0.0
2017-05-08 00:00:00,496.9,496.9,496.9,496.9,0.0
2017-05-09 00:00:00,496.9,496.9,496.9,496.9,0.0
2017-05-10 00:00:00,496.9,496.9,496.9,496.9,0.0
2017-05-11 00:00:00,496.9,496.9,496.9,496.9,0.0
2017-05-12 00:00:00,496.9,496.9,496.9,496.9,0.0
2017-05-13 00:00:00,496.9,496.9,496.9,496.9,0.0
2017-05-14 00:00:00,496.9,496.9,496.9,496.9,0.0
2017-05-15 00:00:00,496.9,496.9,496.9,496.9,0.0
2017-05-16 00:00:00,496.9,496.9,496.9,496.9,0.0
2017-05-17 00:00:00,496.9,496.9,496.9,496.9,0.0
2017-05-18 00:00:00,496.9,496.9,496.9,496.9,0.0
2017-05-19 00:00:00,496.9,496.9,496.9,496.9,0.0
2017-05-20 00:00:00,496.9,496.9,496.9,496.9,0.0
2017-05-21 00:00:00,496.9,496.9,496.9,496.9,0.0
2017-05-22 00:00:00,496.9,496.9,496.9,496.9,0.0
2017-05-23 00:00:00,496.9,496.9,496.9,496.9,0.0
2017-05-24 00:00:00,496.9,496.9,496.9,496.9,0.0
2017-05-25 00:00:00,496.9,496.9,496.9,496.9,0.0
2017-05-26 00:00:00,496.9,496.9,496.9,496.9,0.0
2017-05-27 00:00:00,496.9,496.9,496.9,496.9,0.0
2017-05-28 00:00:00,496.9,496.9,496.9,496.9,0.0
2017-05-29 00:00:00,496.9,496.9,496.9,496.9,0.0
2017-05-30 00:00:00,496.9,496.9,496.9,496.9,0.0
2017-05-31 00:00:00,496.9,496.9,496.9,496.9,0.0
2017-06-01 00:00:00,496.9,496.9,496.9,496.9,0.0
2017-06-02 00:00:00,496.9,496.9,496.9,496.9,0.0
2017-06-03 00:00:00,496.9,496.9,496.9,496.9,0.0
2017-06-04 00:00:00,496.9,496.9,496.9,496.9,0.0
2017-06-05 00:00:00,496.9,496.9,496.9,496.9,0.0
2017-06-06 00:00:00,496.9,496.9,496.9,496.9,0.0
2017-06-07 00:00:00,496.9,496.9,496.9,496.9,0.0
2017-06-08 00:00:00,496.9,496.9,496.9,496.9,0.0
2017-06-09 00:00:00,496.9,496.9,496.9,496.9,0.0
2017-06-10 00:00:00,496.9,496.9,496.9,496.9,0.0
2017-06-11 00:00:00,496.9,496.9,496.9,496.9,0.0
2017-06-12 00:00:00,496.9,496.9,496.9,496.9,0.0
2017-06-13 00:00:00,496.9,496.9,496.9,496.9,0.0
2017-06-14 00:00:00,496.9,496.9,496.9,496.9,0.0
2017-06-15 00:00:00,496.9,496.9,496.9,496.9,0.0
2017-06-16 00:00:00,496.9,496.9,496.9,496.9,0.0
2017-06-17 00:00:00,496.9,496.9,496.9,496.9,0.0
2017-06-18 00:00:00,496.9,496.9,496.9,496.9,0.0
2017-06-19 00:00:00,496.9,496.9,496.9,496.9,0.0
2017-06-20 00:00:00,496.9,496.9,496.9,496.9,0.0
2017-06-21 00:00:00,496.9,496.9,496.9,496.9,0.0
2017-06-22 00:00:00,496.9,496.9,496.9,496.9,0.0
2017-06-23 00:00:00,496.9,496.9,496.9,496.9,0.0
2017-06-24 00:00:00,496.9,496.9,496.9,496.9,0.0
2017-06-25 00:00:00,496.9,496.9,496.9,496.9,0.0
2017-06-26 00:00:00,496.9,496.9,496.9,496.9,0.0
2017-06-27 00:00:00,496.9,496.9,496.9,496.9,0.0
2017-06-28 00:00:00,496.9,496.9,496.9,496.9,0.0
2017-06-29 00:00:00,496.9,496.9,496.9,496.9,0.0
2017-06-30 00:00:00,496.9,496.9,496.9,496.9,0.0
2017-07-01 00:00:00,496.9,496.9,496.9,496.9,0.0
2017-07-02 00:00:00,496.9,496.9,496.9,496.9,0.0
2017-07-03 00:00:00,496.9,496.9,496.9,496.9,0.0
2017-07-04 00:00:00,496.9,496.9,496.9,496.9,0.0
2017-07-05 00:00:00,496.9,496.9,496.9,496.9,0.0
2017-07-06 00:00:00,496.9,496.9,496.9,496.9,0.0
2017-07-07 00:00:00,496.9,496.9,496.9,496.9,0.0
2017-07-08 00:00:00,496.9,496.9,496.9,496.9,0.0
2017-07-09 00:00:00,496.9,496.9,496.9,496.9,0.0
2017-07-10 00:00:00,496.9,496.9,496.9,496.9,0.0
2017-07-11 00:00:00,496.9,496.9,496.9,496.9,0.0
2017-07-12 00:00:00,496.9,496.9,496.9,496.9,0.0
2017-07-13 00:00:00,496.9,496.9,496.9,496.9,0.0
2017-07-14 00:00:00,496.9,496.9,496.9,496.9,0.0
2017-07-15 00:00:00,496.9,496.9,496.9,496.9,0.0
2017-07-16 00:00:00,496.9,496.9,496.9,496.9,0.0
2017-07-17 00:00:00,496.9,496.9,496.9,496.9,0.0
2017-07-18 00:00:00,496.9,496.9,496.9,496.9,0.0
2017-07-19 00:00:00,496.9,496.9,496.9,496.9,0.0
2017-07-20 00:00:00,496.9,496.9,496.9,496.9,0.0
2017-07-21 00:00:00,496.9,496.9,496.9,496.9,0.0
2017-07-22 00:00:00,496.9,496.9,496.9,496.9,0.0
2017-07-23 00:00:00,496.9,496.9,496.9,496.9,0.0
2017-07-24 00:00:00,496.9,496.9,496.9,496.9,0.0
2017-07-25 00:00:00,496.9,496.9,496.9,496.9,0.0
2017-07-26 00:00:00,496.9,496.9,496.9,496.9,0.0
2017-07-27 00:00:00,496.9,496.9,496.9,496.9,0.0
2017-07-28 00:00:00,496.9,496.9,496.9,496.9,0.0
2017-07-29 00:00:00,496.9,496.9,496.9,496.9,0.0
2017-07-30 00:00:00,496.9,496.9,496.9,496.9,0.0
2017-07-31 00:00:00,496.9,496.9,496.9,496.9,0.0
2017-08-01 00:00:00,496.9,496.9,496.9,496.9,0.0
2017-08-02 00:00:00,496.9,496.9,496.9,496.9,0.0
2017-08-03 00:00:00,496.9,496.9,496.9,496.9,0.0
2017-08-04 00:00:00,496.9,496.9,496.9,496.9,0.0
2017-08-05 00:00:00,496.9,496.9,496.9,496.9,0.0
2017-08-06 00:00:00,496.9,496.9,496.9,496.9,0.0
2017-08-07 00:00:00,496.9,496.9,496.9,496.9,0.0
2017-08-08 00:00:00,496.9,496.9,496.9,496.9,0.0
2017-08-09 00:00:00,496.9,496.9,496.9,496.9,0.0
2017-08-10 00:00:00,496.9,496.9,496.9,496.9,0.0
2017-08-11 00:00:00,496.9,496.9,496.9,496.9,0.0
2017-08-12 00:00:00,496.9,496.9,496.9,496.9,0.0
2017-08-13 00:00:00,496.9,496.9,496.9,496.9,0.0
2017-08-14 00:00:00,496.9,496.9,496.9,496.9,0.0
2017-08-15 00:00:00,496.9,496.9,496.9,496.9,0.0
2017-08-16 00:00:00,496.9,496.9,496.9,496.9,0.0
2017-08-17 00:00:00,496.9,496.9,496.9,496.9,0.0
2017-08-18 00:00:00,496.9,496.9,496.9,496.9,0.0
2017-08-19 00:00:00,496.9,496.9,496.9,496.9,0.0
2017-08-20 00:00:00,496.9,496.9,496.9,496.9,0.0
2017-08-21 00:00:00,496.9,496.9,496.9,496.9,0.0
2017-08-22 00:00:00,496.9,496.9,496.9,496.9,0.0
2017-08-23 00:00:00,496.9,496.9,496.9,496.9,0.0
2017-08-24 00:00:00,496.9,496.9,496.9,496.9,0.0
2017-08-25 00:00:00,496.9,496.9,496.9,496.9,0.0
2017-08-26 00:00:00,496.9,496.9,496.9,496.9,0.0
2017-08-27 00:00:00,496.9,496.9,496.9,496.9,0.0
2017-08-28 00:00:00,496.9,496.9,496.9,496.9,0.0
2017-08-29 00:00:00,496.9,496.9,496.9,496.9,0.0
2017-08-30 00:00:00,496.9,496.9,496.9,496.9,0.0
2017-08-31 00:00:00,496.9,496.9,496.9,496.9,0.0
2017-09-01 00:00:00,496.9,496.9,496.9,496.9,0.0
2017-09-02 00:00:00,496.9,496.9,496.9,496.9,0.0
2017-09-03 00:00:00,496.9,496.9,496.9,496.9,0.0
2017-09-04 00:00:00,496.9,496.9,496.9,496.9,0.0
2017-09-05 00:00:00,496.9,496.9,496.9,496.9,0.0
2017-09-06 00:00:00,496.9,496.9,496.9,496.9,0.0
2017-09-07 00:00:00,496.9,496.9,496.9,496.9,0.0
2017-09-08 00:00:00,496.9,496.9,496.9,496.9,0.0
2017-09-09 00:00:00,496.9,496.9,496.9,496.9,0.0
2017-09-10 00:00:00,496.9,496.9,496.9,496.9,0.0
2017-09-11 00:00:00,496.9,496.9,496.9,496.9,0.0
2017-09-12 00:00:00,496.9,496.9,496.9,496.9,0.0
2017-09-13 00:00:00,496.9,496.9,496.9,496.9,0.0
2017-09-14 00:00:00,496.9,496.9,496.9,496.9,0.0
2017-09-15 00:00:00,496.9,496.9,496.9,496.9,0.0
2017-09-16 00:00:00,496.9,496.9,496.9,496.9,0.0
2017-09-17 00:00:00,496.9,496.9,496.9,496.9,0.0
2017-09-18 00:00:00,496.9,496.9,496.9,496.9,0.0
2017-09-19 00:00:00,496.9,496.9,496.9,496.9,0.0
2017-09-20 00:00:00,496.9,496.9,496.9,496.9,0.0
2017-09-21 00:00:00,496.9,496.9,496.9,496.9,0.0
2017-09-22 00:00:00,496.9,496.9,496.9,496.9,0.0
2017-09-23 00:00:00,496.9,496.9,496.9,496.9,0.0
2017-09-24 00:00:00,496.9,496.9,496.9,496.9,0.0
2017-09-25 00:00:00,496.9,496.9,496.9,496.9,0.0
2017-09-26 00:00:00,496.9,496.9,496.9,496.9,0.0
2017-09-27 00:00:00,496.9,496.9,496.9,496.9,0.0
2017-09-28 00:00:00,496.9,496.9,496.9,496.9,0.0
2017-09-29 00:00:00,496.9,496.9,496.9,496.9,0.0
2017-09-30 00:00:00,496.9,496.9,496.9,496.9,0.0
2017-10-01 00:00:00,496.9,496.9,496.9,496.9,0.0
2017-10-02 00:00:00,496.9,496.9,496.9,496.9,0.0
2017-10-03 00:00:00,496.9,496.9,496.9,496.9,0.0
2017-10-04 00:00:00,496.9,496.9,496.9,496.9,0.0
2017-10-05 00:00:00,496.9,496.9,496.9,496.9,0.0
2017-10-06 00:00:00,496.9,496.9,496.9,496.9,0.0
2017-10-07 00:00:00,496.9,496.9,496.9,496.9,0.0
2017-10-08 00:00:00,496.9,496.9,496.9,496.9,0.0
2017-10-09 00:00:00,496.9,496.9,496.9,496.9,0.0
2017-10-10 00:00:00,496.9,496.9,496.9,496.9,0.0
2017-10-11 00:00:00,496.9,496.9,496.9,496.9,0.0
2017-10-12 00:00:00,496.9,496.9,496.9,496.9,0.0
2017-10-13 00:00:00,496.9,496.9,496.9,496.9,0.0
2017-10-14 00:00:00,496.9,496.9,496.9,496.9,0.0
2017-10-15 00:00:00,496.9,496.9,496.9,496.9,0.0
2017-10-16 00:00:00,496.9,496.9,496.9,496.9,0.0
2017-10-17 00:00:00,496.9,496.9,496.9,496.9,0.0
2017-10-18 00:00:00,496.9,496.9,496.9,496.9,0.0
2017-10-19 00:00:00,496.9,496.9,496.9,496.9,0.0
2017-10-20 00:00:00,496.9,496.9,496.9,496.9,0.0
2017-10-21 00:00:00,496.9,496.9,496.9,496.9,0.0
2017-10-22 00:00:00,496.9,496.9,496.9,496.9,0.0
2017-10-23 00:00:00,496.9,496.9,496.9,496.9,0.0
2017-10-24 00:00:00,496.9,496.9,496.9,496.9,0.0
2017-10-25 00:00:00,496.9,496.9,496.9,496.9,0.0
2017-10-26 00:00:00,496.9,496.9,496.9,496.9,0.0
2017-10-27 00:00:00,496.9,496.9,496.9,496.9,0.0
2017-10-28 00:00:00,496.9,496.9,496.9,496.9,0.0
2017-10-29 00:00:00,496.9,496.9,496.9,496.9,0.0
2017-10-30 00:00:00,496.9,496.9,496.9,496.9,0.0
2017-10-31 00:00:00,496.9,496.9,496.9,496.9,0.0
2017-11-01 00:00:00,496.9,496.9,496.9,496.9,0.0
2017-11-02 00:00:00,496.9,496.9,496.9,496.9,0.0
2017-11-03 00:00:00,496.9,496.9,496.9,496.9,0.0
2017-11-04 00:00:00,496.9,496.9,496.9,496.9,0.0
2017-11-05 00:00:00,496.9,496.9,496.9,496.9,0.0
2017-11-06 00:00:00,496.9,496.9,496.9,496.9,0.0
2017-11-07 00:00:00,496.9,496.9,496.9,496.9,0.0
2017-11-08 00:00:00,496.9,496.9,496.9,496.9,0.0
2017-11-09 00:00:00,496.9,496.9,496.9,496.9,0.0
2017-11-10 00:00:00,496.9,496.9,496.9,496.9,0.0
2017-11-11 00:00:00,496.9,496.9,496.9,496.9,0.0
2017-11-12 00:00:00,496.9,496.9,496.9,496.9,0.0
2017-11-13 00:00:00,496.9,496.9,496.9,496.9,0.0
2017-11-14 00:00:00,496.9,496.9,496.9,496.9,0.0
2017-11-15 00:00:00,496.9,496.9,496.9,496.9,0.0
2017-11-16 00:00:00,496.9,496.9,496.9,496.9,0.0
2017-11-17 00:00:00,496.9,496.9,496.9,496.9,0.0
2017-11-18 00:00:00,496.9,496.9,496.9,496.9,0.0
2017-11-19 00:00:00,496.9,496.9,496.9,496.9,0.0
2017-11-20 00:00:00,496.9,496.9,496.9,496.9,0.0
2017-11-21 00:00:00,496.9,496.9,496.9,496.9,0.0
2017-11-22 00:00:00,496.9,496.9,496.9,496.9,0.0
2017-11-23 00:00:00,496.9,496.9,496.9,496.9,0.0
2017-11-24 00:00:00,496.9,496.9,496.9,496.9,0.0
2017-11-25 00:00:00,496.9,496.9,496.9,496.9,0.0
2017-11-26 00:00:00,496.9,496.9,496.9,496.9,0.0
2017-11-27 00:00:00,496.9,496.9,496.9,496.9,0.0
2017-11-28 00:00:00,496.9,496.9,496.9,496.9,0.0
2017-11-29 00:00:00,496.9,496.9,496.9,496.9,0.0
2017-11-30 00:00:00,496.9,496.9,496.9,496.9,0.0
2017-12-01 00:00:00,496.9,496.9,496.9,496.9,0.0
2017-12-02 00:00:00,496.9,496.9,496.9,496.9,0.0
2017-12-03 00:00:00,496.9,496.9,496.9,496.9,0.0
2017-12-04 00:00:00,496.9,496.9,496.9,496.9,0.0
2017-12-05 00:00:00,496.9,496.9,496.9,496.9,0.0
2017-12-06 00:00:00,496.9,496.9,496.9,496.9,0.0
2017-12-07 00:00:00,496.9,496.9,496.9,496.9,0.0
2017-12-08 00:00:00,496.9,496.9,496.9,496.9,0.0
2017-12-09 00:00:00,496.9,496.9,496.9,496.9,0.0
2017-12-10 00:00:00,496.9,496.9,496.9,496.9,0.0
2017-12-11 00:00:00,496.9,504.1,496.8,499.3,0.6602839827537537
2017-12-12 00:00:00,499.1,640.0,486.5,620.4,137340.0
2017-12-13 00:00:00,620.4,742.0,584.1,693.1,138100.0
2017-12-14 00:00:00,693.0,742.0,647.0,688.4,143834.0
2017-12-15 00:00:00,689.7,692.4,601.4,675.2,137518.109375
2017-12-16 00:00:00,675.2,675.2,675.2,675.2,0.0
2017-12-17 00:00:00,700.4,726.1,699.5,707.2,11337.3466796875
2017-12-18 00:00:00,707.4,800.1,670.9,787.0,156916.0
2017-12-19 00:00:00,787.0,870.0,771.7,815.3,152480.0
2017-12-20 00:00:00,814.8,832.5,720.7,797.4,155770.0
2017-12-21 00:00:00,797.2,841.6,752.0,784.2,156680.0
2017-12-22 00:00:00,784.0,792.5,500.5,700.8,132421.28125
2017-12-23 00:00:00,700.8,700.8,700.8,700.8,0.0
2017-12-24 00:00:00,652.4,695.0,614.1,688.2,12573.49609375
2017-12-25 00:00:00,687.6,750.0,683.3,724.1,158254.0
2017-12-26 00:00:00,724.1,764.0,715.9,751.1,158616.0
2017-12-27 00:00:00,751.1,770.0,704.5,734.6,156540.0
2017-12-28 00:00:00,734.6,739.0,666.4,711.9,138414.0
2017-12-29 00:00:00,712.0,750.4,704.9,726.6,94940.0
2017-12-30 00:00:00,726.6,726.6,726.6,726.6,0.0
2017-12-31 00:00:00,726.6,726.6,726.6,726.6,0.0
2018-01-01 00:00:00,755.8,758.7,748.0,750.5,8636.0
2018-01-02 00:00:00,748.7,874.5,748.7,856.2,107032.0
2018-01-03 00:00:00,855.6,943.6,845.3,934.5,107142.0
2018-01-04 00:00:00,934.7,990.3,897.7,938.5,104970.0
2018-01-05 00:00:00,938.3,1010.5,926.4,950.7,103312.0
2018-01-06 00:00:00,950.7,950.7,950.7,950.7,0.0
2018-01-07 00:00:00,1082.3,1110.7,1074.1,1107.9,3782.0
2018-01-08 00:00:00,1111.7,1221.5,966.4,1129.3,110448.0
2018-01-09 00:00:00,1127.6,1293.3,1123.2,1282.2,110752.0
2018-01-10 00:00:00,1282.3,1376.4,1202.7,1240.3,127728.0
2018-01-11 00:00:00,1240.3,1327.1,1092.9,1132.0,132500.0
2018-01-12 00:00:00,1132.0,1281.1,1079.5,1249.4,123250.0
2018-01-13 00:00:00,1249.4,1249.4,1249.4,1249.4,0.0
2018-01-14 00:00:00,1314.7,1362.8,1313.7,1352.6,7068.0
2018-01-15 00:00:00,1352.4,1374.4,1264.7,1271.6,125746.0
2018-01-16 00:00:00,1271.8,1274.9,857.0,1052.7,97778.0
2018-01-17 00:00:00,1051.1,1106.3,759.6,1014.7,91806.0
2018-01-18 00:00:00,1020.8,1083.8,935.6,999.7,141546.0
2018-01-19 00:00:00,998.2,1082.7,964.1,1015.3,129598.0
2018-01-20 00:00:00,1015.3,1015.3,1015.3,1015.3,0.0
2018-01-21 00:00:00,1025.6,1043.0,1008.2,1041.7,11448.0
2018-01-22 00:00:00,1041.6,1078.4,910.3,992.3,138918.0
2018-01-23 00:00:00,992.4,1015.9,902.4,978.2,136992.0
2018-01-24 00:00:00,978.8,1058.5,951.5,1057.3,113384.0
2018-01-25 00:00:00,1055.7,1096.6,1017.0,1042.1,113384.0
2018-01-26 00:00:00,1040.2,1069.9,979.7,1031.2,66485.1640625
2018-01-27 00:00:00,1031.2,1031.2,1031.2,1031.2,0.0
2018-01-28 00:00:00,1224.9,1234.2,1219.6,1224.8,4.140999794006348
2018-01-29 00:00:00,1223.5,1234.3,1145.3,1165.3,50.39400100708008
2018-01-30 00:00:00,1165.5,1168.7,1028.9,1059.3,64.11799621582031
2018-01-31 00:00:00,1058.8,1119.7,1014.0,1108.0,67.59300231933594
2018-02-01 00:00:00,1107.1,1153.6,945.4,1026.3,71.11100006103516
2018-02-02 00:00:00,1019.2,1026.3,735.6,882.9,70.58000183105469
2018-02-03 00:00:00,882.9,882.9,882.9,882.9,0.0
2018-02-04 00:00:00,805.2,844.8,803.2,821.0,5.616000175476074
2018-02-05 00:00:00,821.0,852.3,625.5,688.8,83.5250015258789
2018-02-06 00:00:00,690.0,796.9,560.1,779.4,102.38700103759766
2018-02-07 00:00:00,778.8,854.7,712.0,745.8,80.11100006103516
2018-02-08 00:00:00,746.6,839.3,743.9,808.3,67.18299865722656
2018-02-09 00:00:00,806.8,874.5,775.4,856.4,51.56800079345703
2018-02-10 00:00:00,856.4,856.4,856.4,856.4,0.0
2018-02-11 00:00:00,827.8,830.8,802.0,805.7,4.288000106811523
2018-02-12 00:00:00,805.5,870.6,805.3,860.3,53.31399917602539
2018-02-13 00:00:00,859.5,863.3,817.6,835.5,39.27299880981445
2018-02-14 00:00:00,834.5,917.6,834.5,914.5,39.887001037597656
2018-02-15 00:00:00,913.8,942.3,898.0,922.8,39.46699905395508
2018-02-16 00:00:00,922.3,940.5,903.2,931.6,33.51300048828125
2018-02-17 00:00:00,931.6,931.6,931.6,931.6,0.0
2018-02-18 00:00:00,923.5,925.0,906.9,908.0,3.1059999465942383
2018-02-19 00:00:00,908.2,949.8,906.1,934.8,32.05099868774414
2018-02-20 00:00:00,934.7,952.8,870.9,878.8,30.586999893188477
2018-02-21 00:00:00,878.8,900.1,812.1,834.1,43.611000061035156
2018-02-22 00:00:00,833.8,865.7,783.3,799.0,45.26900100708008
2018-02-23 00:00:00,799.1,876.8,782.3,826.6,41.64400100708008
2018-02-24 00:00:00,826.6,826.6,826.6,826.6,0.0
2018-02-25 00:00:00,835.3,841.8,832.0,834.5,2.88700008392334
2018-02-26 00:00:00,834.4,873.6,828.6,861.7,42.26300048828125
2018-02-27 00:00:00,862.9,889.6,855.9,866.8,37.266998291015625
2018-02-28 00:00:00,865.7,882.4,844.2,845.6,37.909000396728516
2018-03-01 00:00:00,845.2,874.2,841.4,864.8,32.86000061035156
2018-03-02 00:00:00,865.0,870.0,844.4,851.1,23.075000762939453
2018-03-03 00:00:00,851.1,851.1,851.1,851.1,0.0
2018-03-04 00:00:00,858.2,859.8,854.8,859.7,2.311000108718872
2018-03-05 00:00:00,858.7,863.6,844.3,844.5,23.138999938964844
2018-03-06 00:00:00,843.6,845.3,798.0,809.2,29.04199981689453
2018-03-07 00:00:00,809.1,819.5,719.4,745.1,37.27000045776367
2018-03-08 00:00:00,744.0,766.7,683.1,693.4,37.54600143432617
2018-03-09 00:00:00,693.2,706.4,636.5,696.1,47.012001037597656
2018-03-10 00:00:00,696.1,696.1,696.1,696.1,0.0
2018-03-11 00:00:00,714.4,722.9,712.1,715.9,2.9019999504089355
2018-03-12 00:00:00,714.8,735.4,673.4,692.3,35.07500076293945
2018-03-13 00:00:00,692.2,709.3,675.0,684.4,37.87799835205078
2018-03-14 00:00:00,684.4,698.1,581.1,607.6,36.1619987487793
2018-03-15 00:00:00,607.8,615.3,566.8,605.7,34.78799819946289
2018-03-16 00:00:00,604.9,621.0,580.4,608.5,28.275999069213867
2018-03-17 00:00:00,608.5,608.5,608.5,608.5,0.0
2018-03-18 00:00:00,548.3,548.4,521.7,533.1,5.874000072479248
2018-03-19 00:00:00,533.1,554.0,511.3,550.9,48.108001708984375
2018-03-20 00:00:00,551.0,562.7,512.3,552.7,40.62900161743164
2018-03-21 00:00:00,552.7,585.7,540.7,555.6,32.67499923706055
2018-03-22 00:00:00,555.7,573.4,512.4,534.2,35.41600036621094
2018-03-23 00:00:00,535.0,535.6,503.2,520.5,25.3439998626709
2018-03-24 00:00:00,520.5,520.5,520.5,520.5,0.0
2018-03-25 00:00:00,527.3,530.6,514.6,518.4,3.078000068664551
2018-03-26 00:00:00,518.5,521.5,463.0,481.5,33.81800079345703
2018-03-27 00:00:00,481.4,487.1,441.9,444.1,39.46900177001953
2018-03-28 00:00:00,443.9,460.3,435.7,441.3,33.652000427246094
2018-03-29 00:00:00,441.2,444.0,376.3,380.2,45.76599884033203
2018-03-30 00:00:00,380.1,407.6,361.2,382.2,47.20100021362305
2018-03-31 00:00:00,382.2,382.2,382.2,382.2,0.0
2018-04-01 00:00:00,375.1,376.7,372.2,375.1,2.500999927520752
2018-04-02 00:00:00,375.2,390.4,372.1,380.9,29.617000579833984
2018-04-03 00:00:00,380.8,415.7,377.0,412.1,26.993000030517578
2018-04-04 00:00:00,412.1,413.4,367.2,375.1,32.5
2018-04-05 00:00:00,375.0,383.5,363.6,377.9,37.89500045776367
2018-04-06 00:00:00,378.0,382.0,359.8,366.0,28.031999588012695
2018-04-07 00:00:00,366.0,366.0,366.0,366.0,0.0
2018-04-08 00:00:00,394.6,398.7,394.5,396.8,2.6630001068115234
2018-04-09 00:00:00,396.7,427.8,384.4,395.4,33.832000732421875
2018-04-10 00:00:00,395.3,414.6,388.6,411.7,23.347999572753906
2018-04-11 00:00:00,411.7,429.8,407.5,426.8,22.812000274658203
2018-04-12 00:00:00,426.7,494.8,410.2,491.1,40.43899917602539
2018-04-13 00:00:00,491.0,525.5,478.9,489.6,39.79399871826172
2018-04-14 00:00:00,489.6,489.6,489.6,489.6,0.0
2018-04-15 00:00:00,521.2,531.0,520.5,530.7,2.556999921798706
2018-04-16 00:00:00,530.8,534.0,495.2,508.3,42.30699920654297
2018-04-17 00:00:00,508.1,517.6,497.9,499.8,32.4370002746582
2018-04-18 00:00:00,499.8,523.4,498.4,522.2,27.365999221801758
2018-04-19 00:00:00,522.1,566.5,518.1,564.0,32.79100036621094
2018-04-20 00:00:00,563.9,592.1,554.4,589.4,30.114999771118164
2018-04-21 00:00:00,589.4,589.4,589.4,589.4,0.0
2018-04-22 00:00:00,633.7,634.3,614.1,617.7,3.1530001163482666
2018-04-23 00:00:00,617.6,644.9,616.1,640.4,26.142000198364258
2018-04-24 00:00:00,640.6,708.4,640.4,700.1,37.61199951171875
2018-04-25 00:00:00,700.2,700.5,590.4,614.0,66.60900115966797
2018-04-26 00:00:00,613.9,662.3,597.5,659.0,45.48500061035156
2018-04-27 00:00:00,658.8,682.0,642.7,646.6,33.4010009765625
2018-04-28 00:00:00,646.6,646.6,646.6,646.6,0.0
2018-04-29 00:00:00,678.1,687.3,677.9,685.9,2.2200000286102295
2018-04-30 00:00:00,686.0,690.0,659.9,666.9,30.367000579833984
2018-05-01 00:00:00,667.2,670.9,625.2,668.0,36.939998626708984
2018-05-02 00:00:00,667.9,687.7,660.5,683.6,30.016000747680664
2018-05-03 00:00:00,683.7,784.3,682.7,774.7,45.6619987487793
2018-05-04 00:00:00,774.9,801.7,756.0,782.0,38.52299880981445
2018-05-05 00:00:00,782.0,782.0,782.0,782.0,0.0
2018-05-06 00:00:00,780.2,787.6,778.8,786.1,3.8469998836517334
2018-05-07 00:00:00,786.2,791.3,693.0,749.4,56.95600128173828
2018-05-08 00:00:00,749.5,771.7,716.8,744.6,39.42499923706055
2018-05-09 00:00:00,744.4,757.0,706.4,747.3,35.10499954223633
2018-05-10 00:00:00,747.4,764.1,719.2,720.8,34.19200134277344
2018-05-11 00:00:00,720.7,732.3,663.8,671.0,43.308998107910156
2018-05-12 00:00:00,671.0,671.0,671.0,671.0,0.0
2018-05-13 00:00:00,724.6,735.2,724.1,725.7,3.556999921798706
2018-05-14 00:00:00,725.9,738.4,682.5,723.7,51.016998291015625
2018-05-15 00:00:00,723.5,735.2,692.3,702.2,42.742000579833984
2018-05-16 00:00:00,702.2,707.2,672.3,703.5,45.388999938964844
2018-05-17 00:00:00,703.4,715.2,658.6,664.8,38.486000061035156
2018-05-18 00:00:00,664.9,687.6,654.0,684.4,34.79499816894531
2018-05-19 00:00:00,684.4,684.4,684.4,684.4,0.0
2018-05-20 00:00:00,715.4,716.2,708.2,712.1,2.9679999351501465
2018-05-21 00:00:00,712.2,715.7,684.5,693.6,28.17300033569336
2018-05-22 00:00:00,693.6,695.6,635.2,638.1,37.69499969482422
2018-05-23 00:00:00,638.0,646.3,560.8,573.7,48.30799865722656
2018-05-24 00:00:00,573.7,605.9,541.9,599.0,49.891998291015625
2018-05-25 00:00:00,599.1,612.7,572.6,580.1,33.474998474121094
2018-05-26 00:00:00,580.1,580.1,580.1,580.1,0.0
2018-05-27 00:00:00,561.6,567.5,561.0,566.9,1.1369999647140503
2018-05-28 00:00:00,567.1,571.6,503.8,508.8,41.68899917602539
2018-05-29 00:00:00,508.7,569.0,507.9,562.6,42.58399963378906
2018-05-30 00:00:00,562.6,581.7,538.6,553.6,42.56399917602539
2018-05-31 00:00:00,553.5,582.3,550.7,573.9,36.41299819946289
2018-06-01 00:00:00,573.8,585.7,560.6,562.5,30.365999221801758
2018-06-02 00:00:00,562.5,562.5,562.5,562.5,0.0
2018-06-03 00:00:00,615.5,615.8,612.6,615.5,2.2360000610351562
2018-06-04 00:00:00,615.4,621.9,576.3,587.9,26.094999313354492
2018-06-05 00:00:00,587.8,609.5,573.0,604.8,33.810001373291016
2018-06-06 00:00:00,604.9,608.4,590.5,602.8,26.659000396728516
2018-06-07 00:00:00,602.9,613.0,595.9,601.0,24.52899932861328
2018-06-08 00:00:00,600.9,604.8,589.9,595.3,20.111000061035156
2018-06-09 00:00:00,595.3,595.3,595.3,595.3,0.0
2018-06-10 00:00:00,512.2,521.8,500.2,521.4,5.932000160217285
2018-06-11 00:00:00,521.3,532.3,506.5,528.2,44.21200180053711
2018-06-12 00:00:00,528.1,535.2,481.4,490.9,37.652000427246094
2018-06-13 00:00:00,491.0,498.0,446.9,472.7,47.301998138427734
2018-06-14 00:00:00,472.6,522.8,456.8,516.5,48.250999450683594
2018-06-15 00:00:00,516.5,517.7,482.7,491.0,32.85599899291992
2018-06-16 00:00:00,491.0,491.0,491.0,491.0,0.0
2018-06-17 00:00:00,495.4,496.0,490.7,493.1,2.875
2018-06-18 00:00:00,493.2,521.0,484.5,514.3,25.545000076293945
2018-06-19 00:00:00,514.4,544.2,511.7,535.1,24.576000213623047
2018-06-20 00:00:00,535.1,538.2,513.7,532.8,24.26300048828125
2018-06-21 00:00:00,532.9,541.2,518.9,522.4,21.113000869750977
2018-06-22 00:00:00,522.5,523.0,453.8,460.3,18.003999710083008
2018-06-23 00:00:00,460.3,460.3,460.3,460.3,0.0
2018-06-24 00:00:00,454.5,456.9,445.0,451.8,2.946000099182129
2018-06-25 00:00:00,451.7,470.1,442.0,455.8,22.375999450683594
2018-06-26 00:00:00,455.9,459.3,426.7,427.8,20.33099937438965
2018-06-27 00:00:00,427.8,443.1,418.4,439.3,17.858999252319336
2018-06-28 00:00:00,439.2,441.0,415.3,418.4,16.395000457763672
2018-06-29 00:00:00,418.8,422.2,402.8,410.9,17.666000366210938
2018-06-30 00:00:00,410.9,410.9,410.9,410.9,0.0
2018-07-01 00:00:00,448.9,451.9,447.7,450.3,1.6540000438690186
2018-07-02 00:00:00,449.7,479.3,441.6,473.9,14.324999809265137
2018-07-03 00:00:00,473.9,484.0,458.0,459.5,13.164999961853027
2018-07-04 00:00:00,459.6,479.7,449.8,464.6,14.489999771118164
2018-07-05 00:00:00,464.7,476.5,457.3,465.9,16.180999755859375
2018-07-06 00:00:00,465.7,472.4,449.8,466.2,12.133999824523926
2018-07-07 00:00:00,466.2,466.2,466.2,466.2,0.0
2018-07-08 00:00:00,485.1,488.6,482.7,483.7,1.4470000267028809
2018-07-09 00:00:00,483.7,485.6,466.3,469.4,12.020999908447266
2018-07-10 00:00:00,469.0,471.0,426.4,430.6,18.804000854492188
2018-07-11 00:00:00,430.7,445.1,422.9,442.8,14.684000015258789
2018-07-12 00:00:00,442.9,443.1,416.0,428.4,15.060999870300293
2018-07-13 00:00:00,428.3,439.4,423.0,428.2,10.78600025177002
2018-07-14 00:00:00,428.2,428.2,428.2,428.2,0.0
2018-07-15 00:00:00,450.2,450.8,445.8,447.2,1.0989999771118164
2018-07-16 00:00:00,447.1,477.6,442.7,476.6,23.58799934387207
2018-07-17 00:00:00,476.4,508.8,463.8,496.5,29.211999893188477
2018-07-18 00:00:00,496.6,512.4,467.5,476.8,33.840999603271484
2018-07-19 00:00:00,476.7,481.4,460.5,466.3,26.104000091552734
2018-07-20 00:00:00,466.4,466.5,440.4,442.6,26.121999740600586
2018-07-21 00:00:00,442.6,442.6,442.6,442.6,0.0
2018-07-22 00:00:00,461.8,463.5,452.4,455.1,4.3379998207092285
2018-07-23 00:00:00,455.0,467.0,444.8,447.5,25.70400047302246
2018-07-24 00:00:00,447.4,481.7,446.1,476.7,31.562000274658203
2018-07-25 00:00:00,476.7,482.2,461.7,469.5,32.0629997253418
2018-07-26 00:00:00,469.4,481.9,457.6,459.8,24.702999114990234
2018-07-27 00:00:00,459.9,467.3,454.0,464.8,24.01300048828125
2018-07-28 00:00:00,464.8,464.8,464.8,464.8,0.0
2018-07-29 00:00:00,463.4,467.2,462.1,464.1,2.697000026702881
2018-07-30 00:00:00,464.0,466.4,444.0,454.2,25.000999450683594
2018-07-31 00:00:00,454.1,454.9,425.6,429.5,26.900999069213867
2018-08-01 00:00:00,429.6,432.5,405.6,417.2,27.315000534057617
2018-08-02 00:00:00,417.4,422.1,405.6,408.6,21.094999313354492
2018-08-03 00:00:00,408.5,417.3,395.4,413.3,13.723679542541504
2018-08-04 00:00:00,413.3,413.3,413.3,413.3,0.0
2018-08-05 00:00:00,409.6,410.7,405.9,406.4,0.5599899888038635
2018-08-06 00:00:00,406.5,410.5,398.9,402.6,8.505990028381348
2018-08-07 00:00:00,402.5,408.0,367.0,375.7,9.159649848937988
2018-08-08 00:00:00,375.6,378.0,345.6,353.0,12.364150047302246
2018-08-09 00:00:00,352.9,367.9,348.6,361.2,7.0200300216674805
2018-08-10 00:00:00,361.1,363.3,340.6,340.8,7.526370048522949
2018-08-11 00:00:00,340.8,340.8,340.8,340.8,0.0
2018-08-12 00:00:00,317.7,319.2,315.1,315.9,1.132159948348999
2018-08-13 00:00:00,315.8,319.8,278.9,281.7,9.680780410766602
2018-08-14 00:00:00,281.7,281.8,248.3,276.0,16.18316078186035
2018-08-15 00:00:00,276.2,302.2,274.9,278.8,14.37732982635498
2018-08-16 00:00:00,278.9,296.4,275.9,284.5,11.543740272521973
2018-08-17 00:00:00,284.6,305.2,283.0,298.4,9.326689720153809
2018-08-18 00:00:00,298.4,298.4,298.4,298.4,0.0
2018-08-19 00:00:00,299.1,299.8,296.6,297.3,1.3722800016403198
2018-08-20 00:00:00,297.2,301.4,267.1,268.4,9.732979774475098
2018-08-21 00:00:00,268.3,283.2,267.4,278.8,9.250419616699219
2018-08-22 00:00:00,278.7,296.4,257.5,267.9,10.112589836120605
2018-08-23 00:00:00,268.0,277.9,266.0,273.6,7.506649971008301
2018-08-24 00:00:00,273.7,279.3,268.1,277.7,5.509130001068115
2018-08-25 00:00:00,277.7,277.7,277.7,277.7,0.0
2018-08-26 00:00:00,270.3,272.4,269.8,272.0,0.4494999945163727
2018-08-27 00:00:00,272.0,285.6,269.6,285.5,4.606649875640869
2018-08-28 00:00:00,285.5,295.5,280.5,293.2,6.440030097961426
2018-08-29 00:00:00,293.3,294.6,282.0,286.3,4.853439807891846
2018-08-30 00:00:00,286.4,288.5,270.1,281.9,6.217889785766602
2018-08-31 00:00:00,281.7,282.5,274.4,281.0,4.604909896850586
2018-09-01 00:00:00,281.0,281.0,281.0,281.0,0.0
2018-09-02 00:00:00,291.3,293.2,290.0,292.7,0.5539000034332275
2018-09-03 00:00:00,292.6,293.9,283.4,286.5,6.542109966278076
2018-09-04 00:00:00,286.6,290.0,280.1,282.9,7.306839942932129
2018-09-05 00:00:00,282.9,285.2,224.3,225.8,10.808300018310547
2018-09-06 00:00:00,225.7,230.5,209.1,227.3,14.821319580078125
2018-09-07 00:00:00,227.2,231.7,211.6,215.4,9.690930366516113
2018-09-08 00:00:00,215.4,215.4,215.4,215.4,0.0
2018-09-09 00:00:00,199.3,199.7,189.5,193.6,1.6068899631500244
2018-09-10 00:00:00,193.5,200.2,185.1,195.3,10.910090446472168
2018-09-11 00:00:00,195.2,197.1,174.4,183.2,10.655179977416992
2018-09-12 00:00:00,183.3,183.3,165.8,181.1,11.043490409851074
2018-09-13 00:00:00,181.2,213.0,181.1,209.3,12.686630249023438
2018-09-14 00:00:00,209.4,222.3,201.0,216.9,11.407730102539062
2018-09-15 00:00:00,216.9,216.9,216.9,216.9,0.0
2018-09-16 00:00:00,220.1,220.5,216.7,218.2,0.5710099935531616
2018-09-17 00:00:00,218.3,223.0,190.6,194.2,10.914730072021484
2018-09-18 00:00:00,194.1,212.7,192.4,206.9,9.02422046661377
2018-09-19 00:00:00,206.8,212.9,195.8,207.9,8.65824031829834
2018-09-20 00:00:00,208.0,225.7,205.2,222.6,6.849800109863281
2018-09-21 00:00:00,222.5,250.1,219.2,241.0,9.514900207519531
2018-09-22 00:00:00,241.0,241.0,241.0,241.0,0.0
2018-09-23 00:00:00,239.9,243.6,238.3,242.8,0.7192000150680542
2018-09-24 00:00:00,242.6,244.0,223.4,226.1,8.480469703674316
2018-09-25 00:00:00,226.2,226.2,201.7,217.4,10.838459968566895
2018-09-26 00:00:00,217.5,220.8,205.6,212.4,8.652729988098145
2018-09-27 00:00:00,212.4,232.0,208.4,227.0,8.237360000610352
2018-09-28 00:00:00,227.1,231.9,213.3,219.1,7.734879970550537
2018-09-29 00:00:00,219.1,219.1,219.1,219.1,0.0
2018-09-30 00:00:00,226.3,232.8,225.4,230.8,1.0350099802017212
2018-10-01 00:00:00,230.8,233.1,223.0,229.3,5.094470024108887
2018-10-02 00:00:00,229.4,230.0,221.1,223.9,3.6064400672912598
2018-10-03 00:00:00,223.8,224.4,214.3,218.7,5.47868013381958
2018-10-04 00:00:00,218.7,224.4,217.6,220.4,4.656819820404053
2018-10-05 00:00:00,220.3,223.0,217.4,221.2,3.173490047454834
2018-10-06 00:00:00,221.2,221.2,221.2,221.2,0.0
2018-10-07 00:00:00,218.5,221.5,218.0,220.5,0.32016000151634216
2018-10-08 00:00:00,220.6,226.1,218.3,223.9,4.655389785766602
2018-10-09 00:00:00,223.9,224.9,220.4,222.2,6.370689868927002
2018-10-10 00:00:00,222.1,222.5,217.4,219.6,9.595000267028809
2018-10-11 00:00:00,219.7,219.9,181.4,184.9,27.003999710083008
2018-10-12 00:00:00,184.8,195.3,183.1,191.4,15.338000297546387
2018-10-13 00:00:00,191.4,191.4,191.4,191.4,0.0
2018-10-14 00:00:00,191.4,191.4,191.4,191.4,0.0
2018-10-15 00:00:00,188.8,225.1,186.9,204.7,20.61199951171875
2018-10-16 00:00:00,203.9,208.9,200.7,205.5,8.276000022888184
2018-10-17 00:00:00,205.5,208.0,200.0,204.5,5.939000129699707
2018-10-18 00:00:00,204.5,205.0,194.0,197.5,9.256999969482422
2018-10-19 00:00:00,197.5,199.8,195.0,197.0,6.0
2018-10-20 00:00:00,197.0,197.0,197.0,197.0,0.0
2018-10-21 00:00:00,197.0,197.0,197.0,197.0,0.0
2018-10-22 00:00:00,199.9,201.2,194.6,196.2,4.920000076293945
2018-10-23 00:00:00,196.1,197.0,192.8,196.0,5.40500020980835
2018-10-24 00:00:00,196.1,197.5,195.2,195.6,4.01200008392334
2018-10-25 00:00:00,195.6,195.8,192.8,194.6,4.693999767303467
2018-10-26 00:00:00,194.6,199.1,193.6,195.0,4.014999866485596
2018-10-27 00:00:00,195.0,195.0,195.0,195.0,0.0
2018-10-28 00:00:00,195.0,195.0,195.0,195.0,0.0
2018-10-29 00:00:00,197.4,197.6,186.6,189.3,4.9019999504089355
2018-10-30 00:00:00,189.2,191.4,188.0,190.3,4.947000026702881
2018-10-31 00:00:00,190.3,194.1,186.8,191.8,5.290999889373779
2018-11-01 00:00:00,191.9,193.5,191.2,192.8,4.000999927520752
2018-11-02 00:00:00,192.7,196.4,192.7,195.2,3.3910000324249268
2018-11-03 00:00:00,195.2,195.2,195.2,195.2,0.0
2018-11-04 00:00:00,195.2,195.2,195.2,195.2,0.0
2018-11-05 00:00:00,205.1,206.2,200.5,203.5,4.9730000495910645
2018-11-06 00:00:00,203.5,213.9,202.1,213.4,6.182000160217285
2018-11-07 00:00:00,213.6,217.7,210.4,211.7,6.492000102996826
2018-11-08 00:00:00,211.6,213.1,204.8,205.1,5.559000015258789
2018-11-09 00:00:00,205.3,207.1,202.1,203.4,3.575000047683716
2018-11-10 00:00:00,203.4,203.4,203.4,203.4,0.0
2018-11-11 00:00:00,203.4,203.4,203.4,203.4,0.0
2018-11-12 00:00:00,204.7,206.1,202.1,203.7,3.8410000801086426
2018-11-13 00:00:00,203.6,203.7,197.8,198.2,4.521999835968018
2018-11-14 00:00:00,198.2,199.8,160.4,172.8,15.994000434875488
2018-11-15 00:00:00,172.7,175.8,160.5,173.6,16.45400047302246
2018-11-16 00:00:00,173.8,174.4,165.3,165.8,6.306000232696533
2018-11-17 00:00:00,165.8,165.8,165.8,165.8,0.0
2018-11-18 00:00:00,169.2,170.9,168.4,170.8,0.5170000195503235
2018-11-19 00:00:00,170.8,170.8,137.4,140.4,14.67473030090332
2018-11-20 00:00:00,140.3,144.6,116.7,122.6,17.600814819335938
2018-11-21 00:00:00,123.4,132.3,117.5,129.6,14.733678817749023
2018-11-22 00:00:00,129.7,131.6,117.5,118.3,10.092033386230469
2018-11-23 00:00:00,118.4,120.1,111.6,115.0,9.110212326049805
2018-11-24 00:00:00,115.0,115.0,115.0,115.0,0.0
2018-11-25 00:00:00,111.2,112.2,108.3,109.4,1.031440019607544
2018-11-26 00:00:00,109.4,111.9,97.7,101.9,10.932083129882812
2018-11-27 00:00:00,101.8,106.3,94.2,103.6,10.81315803527832
2018-11-28 00:00:00,103.7,121.1,103.6,116.9,10.05502986907959
2018-11-29 00:00:00,117.4,118.4,108.6,111.8,10.2035551071167
2018-11-30 00:00:00,111.7,114.4,105.0,106.5,7.800479888916016
2018-12-01 00:00:00,106.5,106.5,106.5,106.5,0.0
2018-12-02 00:00:00,111.4,112.0,109.5,110.3,0.46531999111175537
2018-12-03 00:00:00,109.9,110.6,100.3,102.6,5.672599792480469
2018-12-04 00:00:00,102.6,107.5,100.2,104.1,6.329060077667236
2018-12-05 00:00:00,104.1,104.6,95.6,95.7,4.987579822540283
2018-12-06 00:00:00,96.1,98.4,84.2,84.2,7.303804874420166
2018-12-07 00:00:00,84.3,93.0,76.6,88.2,9.936274528503418
2018-12-08 00:00:00,88.2,88.2,88.2,88.2,0.0
2018-12-09 00:00:00,88.1,89.6,87.2,87.7,0.6493499875068665
2018-12-10 00:00:00,88.7,90.4,82.6,84.3,12.806249618530273
2018-12-11 00:00:00,85.1,86.7,80.6,82.0,13.898550033569336
2018-12-12 00:00:00,82.9,86.5,81.3,84.1,10.111100196838379
2018-12-13 00:00:00,84.8,85.9,79.0,81.4,9.432550430297852
2018-12-14 00:00:00,81.3,82.1,76.8,76.9,11.676650047302246
2018-12-15 00:00:00,76.9,76.9,76.9,76.9,0.0
2018-12-16 00:00:00,79.0,80.1,78.6,79.5,0.7696999907493591
2018-12-17 00:00:00,79.4,92.2,78.8,89.3,13.7704496383667
2018-12-18 00:00:00,89.5,96.9,87.0,96.0,11.2020902633667
2018-12-19 00:00:00,96.0,103.1,93.6,94.4,22.419414520263672
2018-12-20 00:00:00,94.8,112.2,93.8,109.5,31.512725830078125
2018-12-21 00:00:00,109.9,114.3,100.5,103.0,32.02024459838867
2018-12-22 00:00:00,103.0,103.0,103.0,103.0,0.0
2018-12-23 00:00:00,125.0,125.7,123.2,124.9,1.931730031967163
2018-12-24 00:00:00,124.7,154.1,124.5,137.3,38.70454025268555
2018-12-25 00:00:00,125.2,126.6,121.5,123.8,2.943535089492798
2018-12-26 00:00:00,123.9,131.7,118.8,125.5,37.35130310058594
2018-12-27 00:00:00,125.5,127.0,107.6,109.5,32.71329116821289
2018-12-28 00:00:00,109.5,133.4,108.3,129.3,26.768970489501953
2018-12-29 00:00:00,129.3,129.3,129.3,129.3,0.0
2018-12-30 00:00:00,133.1,134.8,132.5,133.9,2.5302300453186035
2018-12-31 00:00:00,133.2,134.2,124.3,125.6,22.09348487854004
2019-01-01 00:00:00,132.7,135.9,131.9,134.8,2.3580000400543213
2019-01-02 00:00:00,134.5,151.8,133.9,148.4,31.102825164794922
2019-01-03 00:00:00,148.5,149.6,139.6,142.3,30.628684997558594
2019-01-04 00:00:00,142.7,150.8,140.5,149.1,25.1881103515625
2019-01-05 00:00:00,149.1,149.1,149.1,149.1,0.0
2019-01-06 00:00:00,147.7,154.3,146.5,150.8,10.39826488494873
2019-01-07 00:00:00,150.8,152.2,143.9,145.4,18.530120849609375
2019-01-08 00:00:00,145.4,148.0,141.5,144.0,23.85444450378418
2019-01-09 00:00:00,144.6,147.8,143.4,144.4,18.214069366455078
2019-01-10 00:00:00,144.2,145.9,117.4,121.1,25.332395553588867
2019-01-11 00:00:00,121.1,123.7,117.0,120.4,18.231550216674805
2019-01-12 00:00:00,120.4,120.4,120.4,120.4,0.0
2019-01-13 00:00:00,119.4,120.5,108.2,110.5,16.510799407958984
2019-01-14 00:00:00,110.5,126.4,110.3,123.4,20.27518653869629
2019-01-15 00:00:00,122.4,125.5,112.2,115.1,22.90009307861328
2019-01-16 00:00:00,115.3,122.7,114.5,117.2,24.12676429748535
2019-01-17 00:00:00,117.3,119.0,112.7,117.5,20.003028869628906
2019-01-18 00:00:00,117.4,117.9,113.5,114.9,13.290663719177246
2019-01-19 00:00:00,114.9,114.9,114.9,114.9,0.0
2019-01-20 00:00:00,118.7,119.0,111.3,112.8,13.225526809692383
2019-01-21 00:00:00,112.5,113.5,109.2,111.2,10.651287078857422
2019-01-22 00:00:00,111.3,114.9,106.7,113.3,9.544961929321289
2019-01-23 00:00:00,113.3,114.3,110.1,111.9,7.173264980316162
2019-01-24 00:00:00,111.9,112.6,109.3,111.8,6.800368785858154
2019-01-25 00:00:00,111.8,112.6,109.5,110.6,7.054642200469971
2019-01-26 00:00:00,110.6,110.6,110.6,110.6,0.0
2019-01-27 00:00:00,110.4,111.1,106.3,107.0,10.529287338256836
2019-01-28 00:00:00,107.6,107.9,96.4,100.9,16.628034591674805
2019-01-29 00:00:00,101.0,101.6,97.7,99.0,12.858965873718262
2019-01-30 00:00:00,99.5,104.8,98.5,103.3,13.844109535217285
2019-01-31 00:00:00,103.0,105.6,100.0,100.8,15.442541122436523
2019-02-01 00:00:00,101.3,102.6,98.3,102.1,11.949058532714844
2019-02-02 00:00:00,102.1,102.1,102.1,102.1,0.0
2019-02-03 00:00:00,105.3,106.0,99.9,101.9,11.185480117797852
2019-02-04 00:00:00,102.1,103.7,100.5,102.2,8.503395080566406
2019-02-05 00:00:00,101.5,102.7,100.3,101.1,9.17497444152832
2019-02-06 00:00:00,102.1,102.8,95.9,98.3,12.833881378173828
2019-02-07 00:00:00,98.7,100.9,97.9,99.2,8.27335262298584
2019-02-08 00:00:00,98.8,117.8,97.6,112.4,17.153728485107422
2019-02-09 00:00:00,112.4,112.4,112.4,112.4,0.0
2019-02-10 00:00:00,114.6,120.6,110.7,119.0,18.21729278564453
2019-02-11 00:00:00,120.0,120.5,113.5,115.3,16.28176498413086
2019-02-12 00:00:00,115.6,117.8,112.8,116.4,9.931793212890625
2019-02-13 00:00:00,116.4,120.5,114.9,116.1,5.554296970367432
2019-02-14 00:00:00,116.1,118.6,114.4,114.9,6.9293718338012695
2019-02-15 00:00:00,114.9,118.5,114.4,115.4,9.970250129699707
2019-02-16 00:00:00,115.4,115.4,115.4,115.4,0.0
2019-02-17 00:00:00,116.9,129.6,116.8,127.3,8.420999526977539
2019-02-18 00:00:00,127.7,143.2,126.5,140.1,16.10675048828125
2019-02-19 00:00:00,140.1,144.6,137.7,137.7,14.696749687194824
2019-02-20 00:00:00,138.1,144.1,135.1,142.4,12.807900428771973
2019-02-21 00:00:00,142.2,144.3,137.1,139.9,12.803059577941895
2019-02-22 00:00:00,139.9,143.2,137.7,142.0,10.499540328979492
2019-02-23 00:00:00,142.0,142.0,142.0,142.0,0.0
2019-02-24 00:00:00,133.9,134.1,126.3,126.8,14.039999961853027
2019-02-25 00:00:00,126.7,136.6,126.3,133.2,41.390010833740234
2019-02-26 00:00:00,133.2,133.6,128.5,131.4,12.981590270996094
2019-02-27 00:00:00,131.4,135.4,121.7,129.9,12.866080284118652
2019-02-28 00:00:00,129.9,134.2,127.4,130.2,14.37522029876709
2019-03-01 00:00:00,130.2,133.2,129.5,131.7,10.267399787902832
2019-03-02 00:00:00,131.7,131.7,131.7,131.7,0.0
2019-03-03 00:00:00,127.9,129.8,123.2,124.8,5.994939804077148
2019-03-04 00:00:00,125.5,126.0,118.3,120.8,12.774580001831055
2019-03-05 00:00:00,120.9,133.2,119.8,132.0,12.62024974822998
2019-03-06 00:00:00,132.0,135.9,129.0,132.7,13.089150428771973
2019-03-07 00:00:00,132.7,135.3,130.3,131.8,11.690620422363281
2019-03-08 00:00:00,131.8,134.3,129.9,130.5,10.054559707641602
2019-03-09 00:00:00,130.5,130.5,130.5,130.5,0.0
2019-03-10 00:00:00,132.1,132.3,129.2,129.6,6.253489971160889
2019-03-11 00:00:00,129.7,131.0,125.6,127.6,11.591959953308105
2019-03-12 00:00:00,127.7,130.0,123.5,127.8,11.608220100402832
2019-03-13 00:00:00,127.9,128.5,125.3,126.8,12.219679832458496
2019-03-14 00:00:00,126.8,130.1,124.5,127.0,10.649290084838867
2019-03-15 00:00:00,127.0,132.5,126.5,130.9,9.271430015563965
2019-03-16 00:00:00,130.9,130.9,130.9,130.9,0.0
2019-03-17 00:00:00,136.1,136.1,132.4,133.7,6.065780162811279
2019-03-18 00:00:00,133.7,136.8,131.1,132.6,10.754899978637695
2019-03-19 00:00:00,132.6,134.3,131.4,133.6,11.11439037322998
2019-03-20 00:00:00,133.8,135.0,131.1,134.4,10.343729972839355
2019-03-21 00:00:00,134.4,134.8,127.9,130.0,12.412010192871094
2019-03-22 00:00:00,130.0,132.6,129.3,131.5,9.370269775390625
2019-03-23 00:00:00,131.5,131.5,131.5,131.5,0.0
2019-03-24 00:00:00,132.3,132.3,129.6,131.0,3.8279199600219727
2019-03-25 00:00:00,131.1,131.8,126.4,128.1,10.239700317382812
2019-03-26 00:00:00,128.7,129.4,126.7,128.1,10.587030410766602
2019-03-27 00:00:00,128.8,135.3,128.1,134.1,11.740960121154785
2019-03-28 00:00:00,134.7,134.7,131.8,133.1,12.652409553527832
2019-03-29 00:00:00,133.1,137.4,132.1,135.5,12.396989822387695
2019-03-30 00:00:00,135.5,135.5,135.5,135.5,0.0
2019-03-31 00:00:00,137.8,137.8,135.6,136.8,4.160160064697266
2019-04-01 00:00:00,136.8,138.5,134.6,136.7,14.556150436401367
2019-04-02 00:00:00,136.6,163.0,135.9,160.2,19.284189224243164
2019-04-03 00:00:00,160.3,175.6,148.4,156.9,21.8712158203125
2019-04-04 00:00:00,156.9,160.5,149.0,153.2,21.150999069213867
2019-04-05 00:00:00,153.3,163.9,151.5,158.8,15.46875
2019-04-06 00:00:00,158.8,158.8,158.8,158.8,0.0
2019-04-07 00:00:00,161.2,172.0,159.6,170.4,14.22249984741211
2019-04-08 00:00:00,170.5,182.8,169.4,176.1,21.245500564575195
2019-04-09 00:00:00,176.1,176.4,170.0,171.4,18.88599967956543
2019-04-10 00:00:00,171.4,180.8,166.2,173.1,17.81475067138672
2019-04-11 00:00:00,173.2,173.5,156.2,160.5,18.416749954223633
2019-04-12 00:00:00,160.6,163.1,155.1,158.8,14.832249641418457
2019-04-13 00:00:00,158.8,158.8,158.8,158.8,0.0
2019-04-14 00:00:00,159.3,164.7,157.3,163.7,6.484000205993652
2019-04-15 00:00:00,163.8,165.0,151.7,155.7,17.63050079345703
2019-04-16 00:00:00,155.6,163.3,154.8,162.0,16.83099937438965
2019-04-17 00:00:00,161.9,164.0,160.1,161.6,16.929000854492188
2019-04-18 00:00:00,162.1,171.6,161.4,169.7,18.274999618530273
2019-04-19 00:00:00,169.7,169.8,165.0,167.6,16.024499893188477
2019-04-20 00:00:00,167.6,167.6,167.6,167.6,0.0
2019-04-21 00:00:00,169.3,169.9,161.9,165.4,8.246749877929688
2019-04-22 00:00:00,165.3,169.2,163.4,166.5,16.381750106811523
2019-04-23 00:00:00,167.0,172.5,164.5,165.9,16.09724998474121
2019-04-24 00:00:00,165.8,166.6,155.8,161.2,17.785499572753906
2019-04-25 00:00:00,161.2,162.0,142.6,147.6,17.910999298095703
2019-04-26 00:00:00,147.6,151.3,144.0,146.7,14.780750274658203
2019-04-27 00:00:00,146.7,146.7,146.7,146.7,0.0
2019-04-28 00:00:00,151.2,152.1,148.1,148.8,6.936500072479248
2019-04-29 00:00:00,148.8,150.3,144.4,147.9,17.059749603271484
2019-04-30 00:00:00,147.9,156.5,147.5,155.9,16.966249465942383
2019-05-01 00:00:00,155.9,158.3,151.8,153.9,16.04075050354004
2019-05-02 00:00:00,153.8,156.1,151.4,154.2,18.243999481201172
2019-05-03 00:00:00,154.3,164.5,152.8,160.9,14.984749794006348
2019-05-04 00:00:00,160.9,160.9,160.9,160.9,0.0
2019-05-05 00:00:00,157.5,159.0,154.9,156.3,11.357000350952148
2019-05-06 00:00:00,156.4,171.3,152.9,166.8,34.4275016784668
2019-05-07 00:00:00,166.8,176.2,161.1,161.9,19.32175064086914
2019-05-08 00:00:00,161.9,167.8,158.2,165.4,17.50374984741211
2019-05-09 00:00:00,165.5,169.1,160.8,166.0,15.280750274658203
2019-05-10 00:00:00,166.1,171.9,163.3,166.6,14.88599967956543
2019-05-11 00:00:00,166.6,166.6,166.6,166.6,0.0
2019-05-12 00:00:00,188.5,200.0,178.7,184.1,31.441999435424805
2019-05-13 00:00:00,184.1,204.4,181.4,192.0,24.89900016784668
2019-05-14 00:00:00,192.1,216.5,191.1,213.2,27.25200080871582
2019-05-15 00:00:00,213.3,246.5,213.1,244.8,25.775999069213867
2019-05-16 00:00:00,244.7,275.8,238.3,260.5,42.867000579833984
2019-05-17 00:00:00,260.5,265.2,219.2,228.3,33.0255012512207
2019-05-18 00:00:00,228.3,228.3,228.3,228.3,0.0
2019-05-19 00:00:00,229.7,260.5,228.6,256.9,25.05525016784668
2019-05-20 00:00:00,256.8,256.8,235.3,248.2,26.942750930786133
2019-05-21 00:00:00,248.3,260.2,243.7,250.6,24.95199966430664
2019-05-22 00:00:00,250.5,257.2,236.2,239.5,24.61224937438965
2019-05-23 00:00:00,239.4,244.5,227.1,241.4,23.13599967956543
2019-05-24 00:00:00,241.5,251.9,237.7,248.9,17.94055938720703
2019-05-25 00:00:00,248.9,248.9,248.9,248.9,0.0
2019-05-26 00:00:00,247.5,266.8,242.1,264.2,23.06450080871582
2019-05-27 00:00:00,264.1,275.5,260.4,267.2,27.60849952697754
2019-05-28 00:00:00,267.3,272.3,261.3,267.0,23.578250885009766
2019-05-29 00:00:00,266.9,270.1,256.2,265.3,21.20599937438965
2019-05-30 00:00:00,265.3,284.6,235.0,250.4,29.97974967956543
2019-05-31 00:00:00,250.5,260.0,241.2,257.7,25.286500930786133
2019-06-01 00:00:00,257.7,257.7,257.7,257.7,0.0
2019-06-02 00:00:00,260.5,269.7,259.9,265.1,18.990249633789062
2019-06-03 00:00:00,265.1,266.0,243.3,245.5,27.105499267578125
2019-06-04 00:00:00,245.4,246.7,228.8,236.8,28.95574951171875
2019-06-05 00:00:00,236.9,244.8,233.4,242.0,22.462749481201172
2019-06-06 00:00:00,242.0,246.7,231.8,245.2,19.216249465942383
2019-06-07 00:00:00,245.3,250.1,240.8,242.8,16.963499069213867
2019-06-08 00:00:00,242.8,242.8,242.8,242.8,0.0
2019-06-09 00:00:00,240.2,241.0,222.7,227.3,17.06475067138672
2019-06-10 00:00:00,227.3,244.1,223.3,243.7,20.582500457763672
2019-06-11 00:00:00,243.7,244.9,233.4,241.1,18.257749557495117
2019-06-12 00:00:00,241.2,259.4,238.8,258.7,19.017749786376953
2019-06-13 00:00:00,258.8,260.4,250.2,251.1,17.919750213623047
2019-06-14 00:00:00,251.1,254.5,248.2,253.8,13.559749603271484
2019-06-15 00:00:00,253.8,253.8,253.8,253.8,0.0
2019-06-16 00:00:00,265.1,274.8,259.3,264.1,20.58074951171875
2019-06-17 00:00:00,264.2,271.6,262.7,269.7,19.07724952697754
2019-06-18 00:00:00,269.8,270.1,256.5,260.2,18.178749084472656
2019-06-19 00:00:00,260.1,265.9,258.5,264.7,17.243249893188477
2019-06-20 00:00:00,264.8,270.3,261.8,267.9,17.816749572753906
2019-06-21 00:00:00,268.0,292.7,267.7,291.0,42.98324966430664
2019-06-22 00:00:00,291.0,291.0,291.0,291.0,0.0
2019-06-23 00:00:00,304.3,313.6,300.4,303.4,53.433998107910156
2019-06-24 00:00:00,303.5,309.9,292.2,307.8,214.73599243164062
2019-06-25 00:00:00,306.7,314.3,301.8,312.4,185.26321411132812
2019-06-26 00:00:00,313.4,360.3,310.7,331.5,395.39959716796875
2019-06-27 00:00:00,331.6,340.3,271.3,290.5,506.73345947265625
2019-06-28 00:00:00,290.4,309.5,286.7,302.7,305.57550048828125
2019-06-29 00:00:00,302.7,302.7,302.7,302.7,0.0
2019-06-30 00:00:00,312.6,319.2,282.7,287.1,73.3905029296875
2019-07-01 00:00:00,287.2,298.2,274.6,290.5,307.70623779296875
2019-07-02 00:00:00,290.6,292.9,267.3,288.0,305.42401123046875
2019-07-03 00:00:00,287.1,300.4,285.9,298.9,232.8390350341797
2019-07-04 00:00:00,298.8,300.2,277.1,279.6,189.91775512695312
2019-07-05 00:00:00,279.7,291.8,276.8,283.7,178.3195037841797
2019-07-06 00:00:00,283.7,283.7,283.7,283.7,0.0
2019-07-07 00:00:00,283.4,307.7,280.0,303.1,36.62950134277344
2019-07-08 00:00:00,302.1,311.9,298.4,310.2,156.05099487304688
2019-07-09 00:00:00,310.1,315.5,299.2,304.7,177.30299377441406
2019-07-10 00:00:00,304.6,311.7,278.7,285.6,248.5022430419922
2019-07-11 00:00:00,284.4,285.6,259.3,265.6,294.7072448730469
2019-07-12 00:00:00,265.7,276.9,262.4,274.1,189.12033081054688
2019-07-13 00:00:00,274.1,274.1,274.1,274.1,0.0
2019-07-14 00:00:00,265.0,265.7,219.7,223.0,60.178001403808594
2019-07-15 00:00:00,222.9,232.6,199.9,225.2,307.7225036621094
2019-07-16 00:00:00,225.1,231.5,187.7,195.7,342.7344970703125
2019-07-17 00:00:00,195.8,216.9,189.4,208.3,295.6524963378906
2019-07-18 00:00:00,208.4,226.9,203.0,222.1,268.1505126953125
2019-07-19 00:00:00,223.2,223.7,210.2,217.4,224.96600341796875
2019-07-20 00:00:00,217.4,217.4,217.4,217.4,0.0
2019-07-21 00:00:00,224.8,225.7,213.2,221.5,36.70650100708008
2019-07-22 00:00:00,221.4,225.2,208.3,214.1,187.10899353027344
2019-07-23 00:00:00,213.1,216.2,204.8,208.9,153.1320037841797
2019-07-24 00:00:00,209.0,215.1,197.9,213.4,185.7239990234375
2019-07-25 00:00:00,213.5,222.8,211.7,216.2,169.66400146484375
2019-07-26 00:00:00,216.1,217.6,209.2,215.2,127.61650085449219
2019-07-27 00:00:00,215.2,215.2,215.2,215.2,0.0
2019-07-28 00:00:00,203.1,210.3,194.7,208.2,43.56949996948242
2019-07-29 00:00:00,208.3,212.2,203.0,207.6,139.60275268554688
2019-07-30 00:00:00,206.5,211.5,201.2,206.7,118.62024688720703
2019-07-31 00:00:00,206.8,215.8,205.5,214.5,113.13249969482422
2019-08-01 00:00:00,215.5,215.9,207.9,213.4,97.67649841308594
2019-08-02 00:00:00,213.3,219.8,210.9,212.7,78.60724639892578
2019-08-03 00:00:00,212.7,212.7,212.7,212.7,0.0
2019-08-04 00:00:00,217.9,220.7,213.4,218.7,24.541500091552734
2019-08-05 00:00:00,219.8,233.9,218.8,229.8,139.41749572753906
2019-08-06 00:00:00,229.9,236.5,218.6,222.9,136.33200073242188
2019-08-07 00:00:00,222.8,228.1,217.2,223.0,139.1649932861328
2019-08-08 00:00:00,221.9,223.5,211.5,217.8,104.04450225830078
2019-08-09 00:00:00,216.8,218.2,202.7,206.2,91.40899658203125
2019-08-10 00:00:00,206.2,206.2,206.2,206.2,0.0
2019-08-11 00:00:00,201.9,213.6,201.6,213.1,13.322999954223633
2019-08-12 00:00:00,213.2,213.5,205.9,207.1,69.94499969482422
2019-08-13 00:00:00,208.1,208.2,199.8,205.4,83.6719970703125
2019-08-14 00:00:00,204.3,206.1,178.9,183.3,132.67950439453125
2019-08-15 00:00:00,183.2,186.7,170.6,185.0,153.82749938964844
2019-08-16 00:00:00,184.9,185.0,175.2,181.0,112.86325073242188
2019-08-17 00:00:00,181.0,181.0,181.0,181.0,0.0
2019-08-18 00:00:00,181.4,193.9,179.2,190.5,14.869999885559082
2019-08-19 00:00:00,190.5,200.5,188.9,199.3,93.62249755859375
2019-08-20 00:00:00,199.4,199.8,190.6,193.5,76.135498046875
2019-08-21 00:00:00,193.4,194.0,176.9,184.0,94.4574966430664
2019-08-22 00:00:00,184.2,192.0,178.8,186.4,104.6449966430664
2019-08-23 00:00:00,186.4,193.6,184.6,189.7,73.5199966430664
2019-08-24 00:00:00,189.7,189.7,189.7,189.7,0.0
2019-08-25 00:00:00,186.8,188.4,178.9,183.4,11.270000457763672
2019-08-26 00:00:00,183.5,191.2,181.6,185.3,66.64600372314453
2019-08-27 00:00:00,184.2,186.0,180.4,182.8,48.45399856567383
2019-08-28 00:00:00,182.9,185.0,162.9,169.8,66.4947509765625
2019-08-29 00:00:00,168.7,170.4,159.7,164.7,39.15549850463867
2019-08-30 00:00:00,164.8,166.3,161.7,165.0,8.281999588012695
2019-08-31 00:00:00,165.0,165.0,165.0,165.0,0.0
2019-09-01 00:00:00,166.4,168.4,166.2,167.1,1.1410000324249268
2019-09-02 00:00:00,167.2,178.6,166.5,175.5,51.52750015258789
2019-09-03 00:00:00,175.7,179.9,171.3,174.9,66.4489974975586
2019-09-04 00:00:00,175.0,177.4,169.9,170.8,64.2760009765625
2019-09-05 00:00:00,171.8,172.7,166.4,169.8,53.37200164794922
2019-09-06 00:00:00,171.0,175.5,162.0,165.7,55.85200119018555
2019-09-07 00:00:00,165.7,165.7,165.7,165.7,0.0
2019-09-08 00:00:00,174.0,180.4,172.8,178.5,12.229000091552734
2019-09-09 00:00:00,178.4,183.1,172.0,177.5,66.12000274658203
2019-09-10 00:00:00,176.5,181.5,172.6,176.7,59.64099884033203
2019-09-11 00:00:00,176.5,179.2,170.8,174.2,60.499000549316406
2019-09-12 00:00:00,174.3,179.7,172.4,178.0,35.91400146484375
2019-09-13 00:00:00,177.9,178.7,173.7,177.9,37.64950180053711
2019-09-14 00:00:00,177.9,177.9,177.9,177.9,0.0
2019-09-15 00:00:00,184.8,187.2,182.3,185.2,9.078499794006348
2019-09-16 00:00:00,185.2,196.5,184.5,193.5,66.80699920654297
2019-09-17 00:00:00,194.7,212.1,192.0,204.8,88.59649658203125
2019-09-18 00:00:00,204.9,214.3,203.7,206.1,93.97000122070312
2019-09-19 00:00:00,206.1,221.4,198.4,217.8,112.41850280761719
2019-09-20 00:00:00,216.7,219.1,209.0,213.1,82.08350372314453
2019-09-21 00:00:00,213.1,213.1,213.1,213.1,0.0
2019-09-22 00:00:00,210.8,211.2,202.0,208.1,19.628999710083008
2019-09-23 00:00:00,208.2,208.6,195.1,198.0,94.35700225830078
2019-09-24 00:00:00,196.9,199.5,151.3,163.3,204.98574829101562
2019-09-25 00:00:00,163.2,172.0,158.7,165.9,160.98049926757812
2019-09-26 00:00:00,165.9,167.9,149.2,162.9,125.33550262451172
2019-09-27 00:00:00,161.8,168.7,157.4,168.0,74.05750274658203
2019-09-28 00:00:00,168.0,168.0,168.0,168.0,0.0
2019-09-29 00:00:00,169.8,170.7,160.4,165.2,18.484500885009766
2019-09-30 00:00:00,165.2,178.7,161.2,178.2,103.18049621582031
2019-10-01 00:00:00,178.1,182.8,170.5,173.0,127.78399658203125
2019-10-02 00:00:00,172.0,178.5,170.1,177.8,64.22899627685547
2019-10-03 00:00:00,177.9,178.2,166.7,172.0,68.50849914550781
2019-10-04 00:00:00,170.9,176.5,167.2,174.2,55.282501220703125
2019-10-05 00:00:00,174.2,174.2,174.2,174.2,0.0
2019-10-06 00:00:00,172.6,173.0,163.5,167.0,16.045000076293945
2019-10-07 00:00:00,165.0,179.5,164.6,177.3,86.1500015258789
2019-10-08 00:00:00,176.2,182.2,173.2,177.7,87.55850219726562
2019-10-09 00:00:00,176.7,192.9,175.3,190.2,95.61699676513672
2019-10-10 00:00:00,190.1,191.8,184.0,188.7,73.0719985961914
2019-10-11 00:00:00,187.7,194.5,176.5,178.8,90.61599731445312
2019-10-12 00:00:00,178.8,178.8,178.8,178.8,0.0
2019-10-13 00:00:00,175.7,180.7,174.7,178.0,13.90250015258789
2019-10-14 00:00:00,177.0,184.8,176.5,183.8,59.10449981689453
2019-10-15 00:00:00,183.9,185.4,173.8,176.4,71.55149841308594
2019-10-16 00:00:00,176.4,178.1,168.4,171.5,59.964500427246094
2019-10-17 00:00:00,171.4,176.0,168.6,174.2,58.32149887084961
2019-10-18 00:00:00,174.3,174.4,165.3,170.0,57.81449890136719
2019-10-19 00:00:00,170.0,170.0,170.0,170.0,0.0
2019-10-20 00:00:00,167.9,172.9,165.3,171.4,10.008999824523926
2019-10-21 00:00:00,172.4,175.0,167.9,171.2,49.595001220703125
2019-10-22 00:00:00,170.2,172.4,166.7,168.2,53.79399871826172
2019-10-23 00:00:00,168.3,168.4,150.4,159.3,100.43624877929688
2019-10-24 00:00:00,159.4,160.9,155.2,156.5,60.983001708984375
2019-10-25 00:00:00,156.4,184.5,156.4,178.0,108.44300079345703
2019-10-26 00:00:00,178.0,178.0,178.0,178.0,0.0
2019-10-27 00:00:00,176.0,185.3,172.8,180.2,28.274499893188477
2019-10-28 00:00:00,180.2,186.9,176.8,179.0,119.64900207519531
2019-10-29 00:00:00,178.9,190.2,177.6,186.9,104.71224975585938
2019-10-30 00:00:00,186.8,189.1,176.4,179.3,107.81749725341797
2019-10-31 00:00:00,179.2,182.5,174.2,178.3,88.364501953125
2019-11-01 00:00:00,178.2,181.7,174.3,181.4,57.5880012512207
2019-11-02 00:00:00,181.4,181.4,181.4,181.4,0.0
2019-11-03 00:00:00,178.9,180.9,175.0,177.5,13.678000450134277
2019-11-04 00:00:00,177.5,186.5,176.4,183.1,65.7967529296875
2019-11-05 00:00:00,183.2,189.4,178.9,184.7,85.3012466430664
2019-11-06 00:00:00,185.9,191.5,183.8,187.1,64.29824829101562
2019-11-07 00:00:00,188.2,189.3,180.7,183.4,63.4162483215332
2019-11-08 00:00:00,182.3,185.0,177.0,182.3,68.14700317382812
2019-11-09 00:00:00,182.3,182.3,182.3,182.3,0.0
2019-11-10 00:00:00,180.7,187.5,179.3,185.8,13.690500259399414
2019-11-11 00:00:00,184.8,187.0,179.7,180.5,55.310001373291016
2019-11-12 00:00:00,180.5,184.2,178.3,183.9,50.36349868774414
2019-11-13 00:00:00,182.8,186.3,181.0,184.8,35.05550003051758
2019-11-14 00:00:00,184.7,185.4,178.9,180.4,45.85300064086914
2019-11-15 00:00:00,180.4,183.4,173.6,175.4,52.619998931884766
2019-11-16 00:00:00,175.4,175.4,175.4,175.4,0.0
2019-11-17 00:00:00,178.1,182.1,176.0,179.7,10.204500198364258
2019-11-18 00:00:00,179.7,180.9,171.3,173.8,55.51599884033203
2019-11-19 00:00:00,173.8,175.0,168.5,172.7,59.459999084472656
2019-11-20 00:00:00,171.6,174.2,169.1,170.2,43.3849983215332
2019-11-21 00:00:00,170.2,172.4,152.8,156.7,71.97699737548828
2019-11-22 00:00:00,156.7,159.9,135.0,150.2,162.72975158691406
2019-11-23 00:00:00,150.2,150.2,150.2,150.2,0.0
2019-11-24 00:00:00,147.9,148.9,134.9,136.9,22.066499710083008
2019-11-25 00:00:00,137.0,148.6,127.8,142.9,139.72650146484375
2019-11-26 00:00:00,143.0,146.9,139.7,143.6,76.88849639892578
2019-11-27 00:00:00,143.7,152.8,136.9,149.9,120.7405014038086
2019-11-28 00:00:00,150.0,151.8,145.3,146.9,79.75749969482422
2019-11-29 00:00:00,146.9,154.7,146.4,149.4,82.11100006103516
2019-11-30 00:00:00,149.4,149.4,149.4,149.4,0.0
2019-12-01 00:00:00,147.5,149.1,142.1,147.9,18.643999099731445
2019-12-02 00:00:00,146.8,148.5,142.8,145.8,55.15999984741211
2019-12-03 00:00:00,144.7,147.0,141.9,143.2,42.941001892089844
2019-12-04 00:00:00,143.2,149.3,139.4,142.4,76.99250030517578
2019-12-05 00:00:00,142.5,145.9,139.9,144.0,57.38750076293945
2019-12-06 00:00:00,144.0,146.7,142.2,144.2,37.16849899291992
2019-12-07 00:00:00,144.2,144.2,144.2,144.2,0.0
2019-12-08 00:00:00,143.2,148.5,142.4,146.5,6.645999908447266
2019-12-09 00:00:00,146.5,148.4,142.6,144.2,46.765499114990234
2019-12-10 00:00:00,143.1,145.0,139.9,141.4,32.259498596191406
2019-12-11 00:00:00,141.4,143.3,137.9,139.1,27.4689998626709
2019-12-12 00:00:00,139.1,142.7,135.4,140.6,36.45800018310547
2019-12-13 00:00:00,138.9,139.4,138.9,139.4,0.13075900077819824
2019-12-14 00:00:00,139.4,139.4,139.4,139.4,0.0
2019-12-15 00:00:00,137.6,139.8,135.8,138.2,6.53249979019165
2019-12-16 00:00:00,138.2,139.5,126.3,129.4,55.06074905395508
2019-12-17 00:00:00,129.3,129.5,116.7,118.8,59.75550079345703
2019-12-18 00:00:00,118.9,131.6,113.3,129.9,108.39176177978516
2019-12-19 00:00:00,130.0,131.0,121.9,124.0,60.1662483215332
2019-12-20 00:00:00,124.0,126.2,121.9,124.0,26.80500030517578
2019-12-21 00:00:00,124.0,124.0,124.0,124.0,0.0
2019-12-22 00:00:00,123.0,131.5,122.8,130.7,5.067999839782715
2019-12-23 00:00:00,130.7,133.5,124.6,126.2,39.84524917602539
2019-12-24 00:00:00,126.3,128.0,125.1,126.4,40.51974868774414
2019-12-25 00:00:00,124.0,124.0,123.1,123.3,3.7165000438690186
2019-12-26 00:00:00,123.4,130.5,122.6,123.9,56.93424987792969
2019-12-27 00:00:00,123.8,125.1,120.6,123.9,47.750999450683594
2019-12-28 00:00:00,123.9,123.9,123.9,123.9,0.0
2019-12-29 00:00:00,126.2,136.1,125.7,132.7,8.402000427246094
2019-12-30 00:00:00,132.8,134.3,128.4,129.5,40.145999908447266
2019-12-31 00:00:00,129.4,131.7,126.1,126.7,46.41374969482422
2020-01-01 00:00:00,130.0,130.3,127.8,128.5,2.7060000896453857
2020-01-02 00:00:00,128.6,128.6,124.4,125.2,34.07225036621094
2020-01-03 00:00:00,125.1,133.2,123.9,130.7,56.16725158691406
2020-01-04 00:00:00,131.4,134.0,130.9,132.5,6.164000034332275
2020-01-05 00:00:00,132.4,136.6,132.4,133.7,10.131750106811523
2020-01-06 00:00:00,133.7,142.9,133.2,142.7,61.75600051879883
2020-01-07 00:00:00,142.8,143.7,137.4,141.4,73.46025085449219
2020-01-08 00:00:00,141.4,146.4,135.5,139.0,88.0199966430664
2020-01-09 00:00:00,139.1,139.9,133.8,136.2,63.24800109863281
2020-01-10 00:00:00,136.1,143.6,133.7,141.3,54.57374954223633
2020-01-11 00:00:00,142.2,146.3,140.6,141.0,7.656000137329102
2020-01-12 00:00:00,140.8,145.0,140.4,144.9,9.916749954223633
2020-01-13 00:00:00,145.0,145.4,140.5,142.0,27.44474983215332
2020-01-14 00:00:00,141.9,169.1,141.9,164.3,179.27674865722656
2020-01-15 00:00:00,164.2,170.2,157.5,164.7,180.8144989013672
2020-01-16 00:00:00,164.7,165.7,157.0,162.5,133.9864959716797
2020-01-17 00:00:00,162.6,172.6,160.5,169.4,158.05325317382812
2020-01-18 00:00:00,170.1,177.6,163.4,172.5,16.030000686645508
2020-01-19 00:00:00,172.7,176.2,160.3,165.2,29.226999282836914
2020-01-20 00:00:00,165.1,167.7,159.5,165.0,83.7542495727539
2020-01-21 00:00:00,164.9,168.3,163.1,167.7,65.33525085449219
2020-01-22 00:00:00,167.7,169.4,164.1,166.1,63.74674987792969
2020-01-23 00:00:00,166.0,166.2,157.2,160.9,113.6407470703125
2020-01-24 00:00:00,160.8,162.7,153.6,161.5,89.09075164794922
2020-01-25 00:00:00,156.9,160.8,156.8,158.5,6.889999866485596
2020-01-26 00:00:00,158.5,166.0,157.5,165.9,15.50100040435791
2020-01-27 00:00:00,166.0,170.2,163.3,168.2,124.5425033569336
2020-01-28 00:00:00,168.3,174.8,168.3,174.4,120.6362533569336
2020-01-29 00:00:00,174.3,176.8,171.6,171.8,95.63825225830078
2020-01-30 00:00:00,171.7,185.2,168.9,182.9,132.00050354003906
2020-01-31 00:00:00,183.0,183.9,173.5,179.0,95.25199890136719
2020-02-01 00:00:00,181.4,182.3,178.0,181.9,7.994999885559082
2020-02-02 00:00:00,181.8,191.7,177.5,186.6,22.17650032043457
2020-02-03 00:00:00,186.7,193.5,184.9,187.9,107.90274810791016
2020-02-04 00:00:00,188.0,189.9,182.8,186.6,107.09075164794922
2020-02-05 00:00:00,186.7,206.2,186.0,202.3,133.24525451660156
2020-02-06 00:00:00,202.3,214.6,199.6,211.3,193.4552459716797
2020-02-07 00:00:00,211.4,222.8,211.3,217.9,179.36099243164062
2020-02-08 00:00:00,215.8,226.3,215.6,221.7,11.847000122070312
2020-02-09 00:00:00,221.7,229.2,221.6,227.2,20.392250061035156
2020-02-10 00:00:00,227.3,228.0,215.3,221.3,171.89224243164062
2020-02-11 00:00:00,221.4,238.1,216.3,236.3,180.50750732421875
2020-02-12 00:00:00,236.4,274.3,236.3,264.6,270.7829895019531
2020-02-13 00:00:00,264.7,276.3,254.8,266.8,305.9501647949219
2020-02-14 00:00:00,266.9,284.2,258.6,281.1,228.46099853515625
2020-02-15 00:00:00,280.9,283.6,260.0,263.2,23.54199981689453
2020-02-16 00:00:00,263.1,272.2,235.2,257.6,58.215248107910156
2020-02-17 00:00:00,257.5,267.1,241.1,266.4,339.3085021972656
2020-02-18 00:00:00,266.5,284.9,257.7,281.8,284.2496643066406
2020-02-19 00:00:00,281.9,285.4,250.2,257.0,298.9177551269531
2020-02-20 00:00:00,256.9,262.7,244.2,255.9,327.47198486328125
2020-02-21 00:00:00,255.8,267.0,252.7,261.5,199.94000244140625
2020-02-22 00:00:00,261.1,261.3,259.6,260.4,1.0130000114440918
2020-02-23 00:00:00,260.4,275.1,259.9,273.9,27.528749465942383
2020-02-24 00:00:00,274.0,276.4,255.3,263.9,206.92625427246094
2020-02-25 00:00:00,264.0,264.7,243.1,244.9,233.76849365234375
2020-02-26 00:00:00,244.9,248.3,213.9,222.0,316.4036560058594
2020-02-27 00:00:00,222.1,236.8,208.3,226.0,341.2022399902344
2020-02-28 00:00:00,226.1,233.1,212.2,224.6,320.260498046875
2020-02-29 00:00:00,229.4,231.7,215.6,215.8,16.040000915527344
2020-03-01 00:00:00,216.1,226.1,210.5,215.8,43.44350051879883
2020-03-02 00:00:00,215.9,233.0,214.2,230.5,198.30650329589844
2020-03-03 00:00:00,230.6,231.2,218.5,222.2,169.371826171875
2020-03-04 00:00:00,222.2,227.2,218.9,223.0,146.1582489013672
2020-03-05 00:00:00,222.9,232.8,222.9,227.1,169.218505859375
2020-03-06 00:00:00,227.2,240.1,226.1,239.5,144.6842498779297
2020-03-07 00:00:00,236.8,239.2,235.3,235.9,0.9380000233650208
2020-03-08 00:00:00,235.7,236.0,194.5,197.9,60.03974914550781
2020-03-09 00:00:00,198.0,207.1,188.3,201.1,383.3817443847656
2020-03-10 00:00:00,201.0,204.7,194.0,199.0,193.1195068359375
2020-03-11 00:00:00,199.0,201.5,180.1,193.0,210.8052520751953
2020-03-12 00:00:00,193.1,194.0,100.7,107.3,561.416259765625
2020-03-13 00:00:00,107.4,143.8,87.7,127.4,539.666259765625
2020-03-14 00:00:00,124.8,125.4,119.2,120.6,2.2130000591278076
2020-03-15 00:00:00,120.7,132.1,118.4,121.8,54.665748596191406
2020-03-16 00:00:00,121.7,122.2,99.2,109.8,363.31451416015625
2020-03-17 00:00:00,109.9,119.6,108.0,114.5,232.1999969482422
2020-03-18 00:00:00,114.6,117.3,108.7,117.0,192.3159942626953
2020-03-19 00:00:00,117.1,142.0,114.2,135.2,219.5644989013672
2020-03-20 00:00:00,135.2,151.7,114.6,123.9,287.4367370605469
2020-03-21 00:00:00,128.8,136.2,124.2,131.2,16.805999755859375
2020-03-22 00:00:00,131.3,135.6,119.3,120.8,53.63349914550781
2020-03-23 00:00:00,120.7,136.5,118.0,135.2,281.58624267578125
2020-03-24 00:00:00,135.2,142.6,131.5,137.4,254.49024963378906
2020-03-25 00:00:00,137.3,141.2,131.4,134.7,211.98875427246094
2020-03-26 00:00:00,134.8,138.7,132.0,137.4,128.2257537841797
2020-03-27 00:00:00,137.5,140.2,133.1,136.0,95.60350036621094
2020-03-28 00:00:00,127.6,131.6,123.8,129.7,7.176000118255615
2020-03-29 00:00:00,129.7,130.4,122.2,122.9,18.116750717163086
2020-03-30 00:00:00,122.9,134.0,122.5,130.8,109.5114974975586
2020-03-31 00:00:00,130.7,133.7,128.9,131.4,81.91999816894531
2020-04-01 00:00:00,131.6,135.6,127.4,134.5,89.18675231933594
2020-04-02 00:00:00,134.6,148.5,134.0,139.9,145.78775024414062
2020-04-03 00:00:00,139.8,145.3,136.4,139.1,104.60649871826172
2020-04-04 00:00:00,140.8,145.0,140.0,142.8,3.98799991607666
2020-04-05 00:00:00,142.9,144.2,139.2,141.2,14.099499702453613
2020-04-06 00:00:00,141.3,170.5,141.2,170.0,176.35499572753906
2020-04-07 00:00:00,170.1,175.0,160.7,163.0,190.35450744628906
2020-04-08 00:00:00,162.9,173.1,162.0,171.9,144.71400451660156
2020-04-09 00:00:00,171.9,172.0,163.8,168.2,103.88200378417969
2020-04-10 00:00:00,168.2,168.8,150.8,157.7,154.80474853515625
2020-04-11 00:00:00,158.2,158.3,152.5,156.9,8.111000061035156
2020-04-12 00:00:00,157.0,163.8,153.6,157.3,29.64525032043457
2020-04-13 00:00:00,157.3,157.9,148.3,155.3,152.854248046875
2020-04-14 00:00:00,155.2,160.7,154.2,157.0,121.1675033569336
2020-04-15 00:00:00,157.0,159.9,150.5,151.2,112.44525146484375
2020-04-16 00:00:00,151.2,173.7,146.8,171.0,225.52525329589844
2020-04-17 00:00:00,171.1,172.0,166.9,169.3,102.24400329589844
2020-04-18 00:00:00,171.8,188.3,170.1,186.1,13.92199993133545
2020-04-19 00:00:00,186.2,187.1,175.1,178.8,40.95624923706055
2020-04-20 00:00:00,178.7,185.2,165.3,168.9,230.10499572753906
2020-04-21 00:00:00,168.8,173.4,166.9,169.5,181.29275512695312
2020-04-22 00:00:00,169.5,182.8,168.5,181.5,134.3715057373047
2020-04-23 00:00:00,181.7,192.8,177.0,184.0,188.03050231933594
2020-04-24 00:00:00,184.0,188.4,183.4,186.5,131.0157470703125
2020-04-25 00:00:00,195.0,196.3,190.2,192.8,10.149999618530273
2020-04-26 00:00:00,192.7,198.2,188.9,196.3,27.976499557495117
2020-04-27 00:00:00,196.3,197.8,188.2,195.2,151.49325561523438
2020-04-28 00:00:00,195.3,196.4,190.9,195.2,108.22624969482422
2020-04-29 00:00:00,195.3,217.8,195.2,214.1,249.26475524902344
2020-04-30 00:00:00,214.2,225.9,200.9,204.7,388.7409973144531
2020-05-01 00:00:00,204.6,215.9,204.6,208.3,228.90725708007812
2020-05-02 00:00:00,211.0,213.8,208.9,212.5,12.741000175476074
2020-05-03 00:00:00,212.6,217.5,203.6,208.6,39.4952507019043
2020-05-04 00:00:00,208.5,209.4,193.6,205.3,244.7429962158203
2020-05-05 00:00:00,205.4,210.6,199.9,203.9,171.80299377441406
2020-05-06 00:00:00,204.0,209.7,196.8,197.6,168.22500610351562
2020-05-07 00:00:00,197.5,213.7,195.4,210.9,224.94850158691406
2020-05-08 00:00:00,211.0,215.4,205.7,213.0,145.42349243164062
2020-05-09 00:00:00,210.3,212.8,206.8,208.4,11.256999969482422
2020-05-10 00:00:00,208.3,208.4,179.0,186.2,57.63325119018555
2020-05-11 00:00:00,186.1,192.1,174.9,184.4,265.489501953125
2020-05-12 00:00:00,184.4,190.8,184.2,188.3,171.44200134277344
2020-05-13 00:00:00,188.4,199.7,186.9,198.3,169.94000244140625
2020-05-14 00:00:00,198.4,204.7,194.2,201.8,151.74525451660156
2020-05-15 00:00:00,201.9,202.5,190.1,191.8,124.28825378417969
2020-05-16 00:00:00,198.5,200.2,198.5,198.8,1.9529999494552612
2020-05-17 00:00:00,198.9,208.2,198.0,205.4,30.775999069213867
2020-05-18 00:00:00,205.5,215.4,205.5,213.3,191.27549743652344
2020-05-19 00:00:00,213.2,214.3,207.7,213.2,172.19825744628906
2020-05-20 00:00:00,213.3,214.1,204.6,208.4,152.9929962158203
2020-05-21 00:00:00,208.3,210.0,190.0,197.0,178.84449768066406
2020-05-22 00:00:00,197.0,207.8,194.6,206.7,133.9287567138672
2020-05-23 00:00:00,206.5,206.7,204.8,205.0,1.4450000524520874
2020-05-24 00:00:00,205.1,209.0,197.9,198.1,33.962249755859375
2020-05-25 00:00:00,198.1,204.2,196.5,202.6,133.76150512695312
2020-05-26 00:00:00,202.5,203.5,195.2,199.3,99.73149871826172
2020-05-27 00:00:00,199.4,206.9,199.2,206.9,103.73725128173828
2020-05-28 00:00:00,206.9,219.1,203.0,218.8,136.85000610351562
2020-05-29 00:00:00,218.9,223.2,216.0,218.5,115.67124938964844
2020-05-30 00:00:00,231.1,245.4,229.7,242.1,12.437000274658203
2020-05-31 00:00:00,242.0,243.8,228.2,229.9,46.7807502746582
2020-06-01 00:00:00,229.8,249.9,229.2,246.9,279.2929992675781
2020-06-02 00:00:00,247.0,251.8,224.3,236.1,175.24342346191406
2020-06-03 00:00:00,236.2,243.7,232.0,243.1,172.98422241210938
2020-06-04 00:00:00,243.0,245.1,234.7,241.7,199.11862182617188
2020-06-05 00:00:00,241.6,246.4,237.7,240.0,177.37232971191406
2020-06-06 00:00:00,239.1,242.9,237.8,240.4,6.689000129699707
2020-06-07 00:00:00,240.3,243.9,233.3,243.2,27.517765045166016
2020-06-08 00:00:00,243.3,246.4,239.5,245.0,137.24346923828125
2020-06-09 00:00:00,245.1,248.5,237.3,242.5,123.7823715209961
2020-06-10 00:00:00,242.6,249.0,240.7,246.5,117.71764373779297
2020-06-11 00:00:00,246.6,248.9,224.3,228.6,151.1283416748047
2020-06-12 00:00:00,228.7,237.9,226.5,236.0,102.64801788330078
2020-06-13 00:00:00,234.7,237.1,233.4,236.6,6.208000183105469
2020-06-14 00:00:00,236.7,236.9,228.2,229.9,20.010080337524414
2020-06-15 00:00:00,230.0,232.2,216.6,229.5,139.9476776123047
2020-06-16 00:00:00,229.4,234.5,227.3,233.7,114.60183715820312
2020-06-17 00:00:00,233.8,235.6,226.2,232.1,110.93620300292969
2020-06-18 00:00:00,232.2,232.9,226.1,229.5,79.93978118896484
2020-06-19 00:00:00,229.4,230.3,224.9,227.7,62.88579559326172
2020-06-20 00:00:00,226.2,228.0,226.1,227.3,1.159999966621399
2020-06-21 00:00:00,227.3,229.7,225.5,226.3,11.904410362243652
2020-06-22 00:00:00,226.2,245.3,225.8,241.7,98.32837677001953
2020-06-23 00:00:00,241.8,243.4,239.3,241.5,75.47051239013672
2020-06-24 00:00:00,241.6,247.6,229.3,232.8,105.53338623046875
2020-06-25 00:00:00,232.7,233.6,225.7,230.8,96.44113159179688
2020-06-26 00:00:00,230.7,231.8,225.9,228.5,82.91629791259766
2020-06-27 00:00:00,216.9,220.6,216.9,219.1,1.9500000476837158
2020-06-28 00:00:00,219.1,226.2,216.2,223.3,17.253610610961914
2020-06-29 00:00:00,223.4,228.4,219.4,226.3,85.50569915771484
2020-06-30 00:00:00,226.4,227.1,221.3,224.0,68.44977569580078
2020-07-01 00:00:00,224.0,231.2,222.6,229.6,72.87027740478516
2020-07-02 00:00:00,229.5,230.6,221.5,224.9,89.06172943115234
2020-07-03 00:00:00,224.8,226.7,223.9,225.2,50.92728042602539
2020-07-04 00:00:00,224.6,229.1,223.6,227.7,4.156000137329102
2020-07-05 00:00:00,227.7,228.3,222.0,226.2,13.595410346984863
2020-07-06 00:00:00,226.2,240.4,225.5,240.1,48.528404235839844
2020-07-07 00:00:00,240.1,242.2,233.1,237.9,38.49832534790039
2020-07-08 00:00:00,238.0,247.4,236.4,245.6,52.5289192199707
2020-07-09 00:00:00,245.6,246.1,236.4,240.4,41.615203857421875
2020-07-10 00:00:00,240.4,240.5,234.1,237.7,26.83572006225586
2020-07-11 00:00:00,238.6,239.2,236.0,237.6,4.313000202178955
2020-07-12 00:00:00,237.7,242.4,235.1,241.3,8.65637493133545
2020-07-13 00:00:00,241.4,243.6,235.7,237.8,9.296039581298828
2020-07-14 00:00:00,237.8,240.4,235.3,238.8,7.152975082397461
2020-07-15 00:00:00,238.9,239.8,234.9,236.8,6.124654769897461
2020-07-16 00:00:00,236.9,237.6,228.3,231.9,8.210559844970703
2020-07-17 00:00:00,232.0,232.9,230.0,230.8,4.658329963684082
2020-07-18 00:00:00,231.5,235.4,231.5,234.2,5.0980000495910645
2020-07-19 00:00:00,234.2,238.3,231.8,237.6,7.631490230560303
2020-07-20 00:00:00,237.7,238.2,232.6,234.5,6.68179988861084
2020-07-21 00:00:00,234.4,245.4,234.0,244.2,8.618385314941406
2020-07-22 00:00:00,244.2,267.8,240.3,262.7,10.076194763183594
2020-07-23 00:00:00,262.7,279.0,258.9,274.0,17.084945678710938
2020-07-24 00:00:00,273.9,285.4,266.9,284.9,16.579235076904297
2020-07-25 00:00:00,283.1,307.7,280.4,304.0,21.211000442504883
2020-07-26 00:00:00,304.1,318.5,299.0,309.8,31.857019424438477
2020-07-27 00:00:00,309.8,332.3,309.7,320.8,41.37739181518555
2020-07-28 00:00:00,320.9,325.8,304.8,315.9,40.48265838623047
2020-07-29 00:00:00,316.0,323.8,311.4,316.6,27.823389053344727
2020-07-30 00:00:00,316.6,340.9,312.9,333.5,22.687870025634766
2020-07-31 00:00:00,333.6,346.5,327.5,342.4,27.032245635986328
2020-08-01 00:00:00,354.8,391.8,350.9,385.8,103.68399810791016
2020-08-02 00:00:00,385.8,414.0,330.2,370.5,158.0493621826172
2020-08-03 00:00:00,370.4,396.6,365.4,384.6,37.0665397644043
2020-08-04 00:00:00,384.7,401.6,379.5,388.2,33.14421081542969
2020-08-05 00:00:00,388.1,406.2,383.0,399.6,27.458194732666016
2020-08-06 00:00:00,399.6,402.4,389.7,393.5,24.866079330444336
2020-08-07 00:00:00,393.6,396.9,363.2,373.3,25.693660736083984
2020-08-08 00:00:00,373.3,373.3,373.3,373.3,0.0
2020-08-09 00:00:00,391.7,392.9,386.0,388.8,2.4315900802612305
2020-08-10 00:00:00,388.8,398.5,384.6,394.3,19.278305053710938
2020-08-11 00:00:00,394.4,396.7,364.9,377.2,28.424379348754883
2020-08-12 00:00:00,377.3,387.9,364.9,385.6,22.384870529174805
2020-08-13 00:00:00,385.7,430.1,375.3,423.5,29.321910858154297
2020-08-14 00:00:00,423.6,443.0,416.9,439.6,24.237060546875
2020-08-15 00:00:00,439.6,439.6,439.6,439.6,0.0
2020-08-16 00:00:00,429.0,433.2,428.2,432.2,3.7301299571990967
2020-08-17 00:00:00,432.1,445.4,418.7,429.7,30.176345825195312
2020-08-18 00:00:00,429.6,432.6,413.1,420.7,25.999780654907227
2020-08-19 00:00:00,420.7,425.2,392.2,406.0,32.26180648803711
2020-08-20 00:00:00,406.1,417.7,400.8,414.5,22.409360885620117
2020-08-21 00:00:00,395.7,399.5,383.2,386.0,14.371399879455566
2020-08-22 00:00:00,386.0,395.2,377.7,393.6,86.3102035522461
2020-08-23 00:00:00,393.3,393.5,390.7,390.9,3.0464999675750732
2020-08-24 00:00:00,389.2,408.8,386.1,406.4,19.410364151000977
2020-08-25 00:00:00,406.3,407.6,368.5,381.6,25.372034072875977
2020-08-26 00:00:00,381.7,391.8,376.0,384.4,19.026979446411133
2020-08-27 00:00:00,384.4,395.4,370.2,381.6,22.50658416748047
2020-08-28 00:00:00,394.3,394.6,389.0,393.5,14.338700294494629
2020-08-29 00:00:00,393.5,403.8,390.3,396.6,86.26380157470703
2020-08-30 00:00:00,396.6,428.1,396.4,427.2,77.20189666748047
2020-08-31 00:00:00,427.1,437.5,416.7,432.3,12.30150032043457
2020-09-01 00:00:00,432.4,487.1,428.0,474.1,29.66449546813965
2020-09-02 00:00:00,474.1,479.7,419.9,438.5,34.43553161621094
2020-09-03 00:00:00,438.4,449.4,372.1,380.6,43.12688064575195
2020-09-04 00:00:00,380.6,399.9,358.6,383.7,40.435699462890625
2020-09-05 00:00:00,383.7,392.8,309.3,333.1,93.32579803466797
2020-09-06 00:00:00,333.1,358.7,314.6,351.2,81.0622329711914
2020-09-07 00:00:00,351.3,356.9,321.8,351.9,41.31038284301758
2020-09-08 00:00:00,352.0,355.1,323.8,335.7,38.16447067260742
2020-09-09 00:00:00,335.6,357.6,329.1,349.5,29.15973472595215
2020-09-10 00:00:00,349.5,376.2,348.9,366.5,16.560684204101562
2020-09-11 00:00:00,366.4,373.4,354.3,371.9,7.284163951873779
2020-09-12 00:00:00,372.0,386.6,363.5,386.2,12.247454643249512
2020-09-13 00:00:00,386.1,388.7,352.2,365.0,15.116464614868164
2020-09-14 00:00:00,365.0,383.0,354.4,375.8,7.214899063110352
2020-09-15 00:00:00,375.7,380.9,361.0,362.6,6.675749778747559
2020-09-16 00:00:00,362.5,372.2,353.5,363.7,6.377829074859619
2020-09-17 00:00:00,363.6,392.7,362.0,388.0,6.330712795257568
2020-09-18 00:00:00,388.1,391.2,374.1,382.5,5.361039161682129
2020-09-19 00:00:00,382.6,386.8,375.6,383.6,9.414548873901367
2020-09-20 00:00:00,383.6,383.6,363.5,369.4,9.296180725097656
2020-09-21 00:00:00,369.5,375.4,329.5,338.6,7.186850070953369
2020-09-22 00:00:00,338.5,345.4,334.1,342.8,4.487695217132568
2020-09-23 00:00:00,342.8,343.1,312.1,319.1,5.15435791015625
2020-09-24 00:00:00,319.0,351.7,315.2,347.5,5.368295192718506
2020-09-25 00:00:00,347.4,356.4,336.3,350.1,6.383042812347412
2020-09-26 00:00:00,350.2,354.4,344.5,352.4,12.097390174865723
2020-09-27 00:00:00,352.5,360.5,345.7,356.0,10.574811935424805
2020-09-28 00:00:00,356.1,366.8,350.4,352.3,5.525199890136719
2020-09-29 00:00:00,352.3,358.9,348.6,358.4,4.951465129852295
2020-09-30 00:00:00,358.4,360.0,349.8,358.1,4.246190071105957
2020-10-01 00:00:00,358.2,368.9,344.0,351.3,5.523064136505127
2020-10-02 00:00:00,351.2,352.9,333.0,343.7,8.16071605682373
2020-10-03 00:00:00,343.8,349.5,341.8,344.5,6.2083258628845215
2020-10-04 00:00:00,344.4,352.7,342.5,350.9,5.483755111694336
2020-10-05 00:00:00,350.8,354.9,347.3,352.3,5.088047981262207
2020-10-06 00:00:00,352.3,353.7,335.2,339.1,4.934226036071777
2020-10-07 00:00:00,339.2,341.4,331.6,340.1,3.9639599323272705
2020-10-08 00:00:00,340.2,352.0,332.6,349.6,4.320738792419434
2020-10-09 00:00:00,349.6,366.5,346.0,363.3,4.7647600173950195
2020-10-10 00:00:00,363.3,376.3,363.0,369.3,9.128473281860352
2020-10-11 00:00:00,369.3,375.8,367.6,372.7,7.519689083099365
2020-10-12 00:00:00,372.8,393.6,364.1,385.3,5.882046222686768
2020-10-13 00:00:00,385.2,386.9,373.1,379.7,5.969937801361084
2020-10-14 00:00:00,379.8,386.1,371.9,377.4,5.275784969329834
2020-10-15 00:00:00,377.5,380.4,368.6,376.4,5.2696099281311035
2020-10-16 00:00:00,376.2,378.6,360.0,363.5,6.318384170532227
2020-10-17 00:00:00,363.6,368.8,361.5,366.8,6.218348026275635
2020-10-18 00:00:00,366.8,377.2,365.8,377.0,4.301352024078369
2020-10-19 00:00:00,376.9,383.1,371.4,378.0,4.677305221557617
2020-10-20 00:00:00,377.9,379.5,364.4,367.4,5.240048885345459
2020-10-21 00:00:00,367.3,400.8,366.5,389.8,3.8116419315338135
2020-10-22 00:00:00,389.8,420.0,389.7,413.0,3.829258918762207
2020-10-23 00:00:00,413.0,417.8,400.3,407.6,5.910102844238281
2020-10-24 00:00:00,407.8,414.9,405.5,410.8,7.710812091827393
2020-10-25 00:00:00,410.7,416.0,401.7,404.6,5.861017227172852
2020-10-26 00:00:00,404.6,409.8,381.4,391.7,5.988190174102783
2020-10-27 00:00:00,391.7,409.1,388.7,402.1,3.8808250427246094
2020-10-28 00:00:00,402.0,407.8,379.2,386.9,2.6858439445495605
2020-10-29 00:00:00,386.9,392.5,379.3,385.9,2.041840076446533
2020-10-30 00:00:00,385.9,390.6,372.2,380.8,4.879617214202881
2020-10-31 00:00:00,380.9,392.0,378.7,385.0,15.781949043273926
2020-11-01 00:00:00,384.9,396.2,383.3,395.2,9.226064682006836
2020-11-02 00:00:00,395.3,402.9,376.8,381.8,2.195772886276245
2020-11-03 00:00:00,381.9,388.8,369.0,386.7,1.973520040512085
2020-11-04 00:00:00,386.8,407.5,375.6,401.5,2.2733020782470703
2020-11-05 00:00:00,401.4,419.6,395.3,415.5,3.240910053253174
2020-11-06 00:00:00,415.5,456.7,413.9,454.4,5.605167865753174
2020-11-07 00:00:00,454.5,466.8,423.1,433.9,32.44743347167969
2020-11-08 00:00:00,433.9,458.5,430.9,452.8,16.2624568939209
2020-11-09 00:00:00,452.8,457.6,432.7,443.0,5.368185043334961
2020-11-10 00:00:00,443.3,453.7,437.6,449.2,2.8675808906555176
2020-11-11 00:00:00,449.2,475.0,448.3,462.1,2.850645065307617
2020-11-12 00:00:00,462.1,468.9,451.3,461.3,2.60021710395813
2020-11-13 00:00:00,461.2,476.4,456.4,475.1,3.200505018234253
2020-11-14 00:00:00,475.3,476.0,450.4,459.2,18.846843719482422
2020-11-15 00:00:00,459.3,461.3,438.8,447.0,16.508426666259766
2020-11-16 00:00:00,446.9,464.7,444.3,459.3,1.6247279644012451
2020-11-17 00:00:00,459.2,483.5,458.6,481.1,2.4575979709625244
2020-11-18 00:00:00,481.0,494.1,460.0,477.4,4.362084865570068
2020-11-19 00:00:00,477.5,479.4,463.6,470.2,2.005373954772949
2020-11-20 00:00:00,470.3,513.1,469.6,508.4,4.307077884674072
2020-11-21 00:00:00,508.5,551.8,500.7,550.8,32.20307159423828
2020-11-22 00:00:00,550.9,579.9,510.4,559.1,47.44894790649414
2020-11-23 00:00:00,559.2,609.9,548.9,607.6,6.300489902496338
2020-11-24 00:00:00,607.5,621.8,588.6,603.9,7.60113000869751
2020-11-25 00:00:00,603.8,604.9,553.1,567.9,7.839541912078857
2020-11-26 00:00:00,567.9,575.7,481.4,518.8,23.806175231933594
2020-11-27 00:00:00,518.8,529.5,492.6,516.9,10.883358001708984
2020-11-28 00:00:00,517.0,546.5,505.4,536.2,21.882963180541992
2020-11-29 00:00:00,536.2,575.6,529.5,574.9,19.940065383911133
2020-11-30 00:00:00,575.1,615.3,569.4,615.3,11.159470558166504
2020-12-01 00:00:00,615.4,634.8,562.4,584.3,11.130082130432129
2020-12-02 00:00:00,584.2,603.1,574.1,596.0,5.156806945800781
2020-12-03 00:00:00,596.0,622.3,584.8,615.2,3.198580026626587
2020-12-04 00:00:00,615.1,619.0,564.3,565.9,7.0583319664001465
2020-12-05 00:00:00,565.9,595.7,559.4,595.2,27.691503524780273
2020-12-06 00:00:00,595.1,605.7,581.5,600.3,26.070222854614258
2020-12-07 00:00:00,600.4,601.8,582.9,589.9,2.7047300338745117
2020-12-08 00:00:00,589.9,593.7,547.6,553.0,3.9040229320526123
2020-12-09 00:00:00,552.9,576.4,528.6,571.7,5.912231922149658
2020-12-10 00:00:00,571.6,574.1,546.3,557.3,3.2521560192108154
2020-12-11 00:00:00,557.3,558.7,534.1,546.0,5.329230785369873
2020-12-12 00:00:00,551.9,572.2,549.5,566.4,22.487512588500977
2020-12-13 00:00:00,566.4,592.9,561.8,588.8,24.19313621520996
2020-12-14 00:00:00,588.7,590.1,574.0,584.7,2.1403229236602783
2020-12-15 00:00:00,584.8,595.3,577.8,587.5,1.9511229991912842
2020-12-16 00:00:00,587.6,637.9,579.6,636.1,3.4700729846954346
2020-12-17 00:00:00,636.1,675.1,625.8,641.6,7.823596000671387
2020-12-18 00:00:00,641.5,662.8,628.0,652.6,5.396918773651123
2020-12-19 00:00:00,652.7,668.3,644.3,656.7,29.758832931518555
2020-12-20 00:00:00,656.6,659.3,620.2,636.6,28.915403366088867
2020-12-21 00:00:00,636.5,646.5,595.1,606.2,5.269888877868652
2020-12-22 00:00:00,606.3,635.8,586.4,634.9,5.140964031219482
2020-12-23 00:00:00,634.8,637.0,550.8,583.8,5.560320854187012
2020-12-24 00:00:00,583.7,613.0,564.1,610.1,5.560215950012207
2020-12-25 00:00:00,610.2,631.3,602.1,624.7,33.243350982666016
2020-12-26 00:00:00,624.7,650.7,613.4,634.8,30.29420280456543
2020-12-27 00:00:00,634.8,712.9,623.3,682.5,53.53220748901367
2020-12-28 00:00:00,682.4,745.4,679.3,727.9,8.903701782226562
2020-12-29 00:00:00,727.8,737.8,686.5,730.1,7.240859031677246
2020-12-30 00:00:00,730.2,756.9,715.6,750.9,5.93245792388916
2020-12-31 00:00:00,751.1,754.0,721.5,737.0,3.983016014099121
2021-01-01 00:00:00,727.8,731.6,725.8,728.8,1.7105690240859985
2021-01-02 00:00:00,728.9,786.6,715.2,773.1,41.72886657714844
2021-01-03 00:00:00,773.0,1010.2,768.8,977.8,68.82453155517578
2021-01-04 00:00:00,978.0,1165.0,883.7,1040.4,95.00775146484375
2021-01-05 00:00:00,1040.3,1133.6,974.2,1101.4,87.5421142578125
2021-01-06 00:00:00,1101.4,1213.6,1059.6,1210.3,71.9937973022461
2021-01-07 00:00:00,1210.2,1287.4,1148.6,1224.2,74.0101318359375
2021-01-08 00:00:00,1224.2,1272.3,1063.2,1216.3,110.26026153564453
2021-01-09 00:00:00,1216.4,1306.2,1172.0,1279.1,62.75586700439453
2021-01-10 00:00:00,1279.0,1349.8,1158.6,1253.0,91.54231262207031
2021-01-11 00:00:00,1253.3,1257.9,910.2,1086.6,145.64964294433594
2021-01-12 00:00:00,1086.5,1148.5,1005.0,1047.7,106.11146545410156
2021-01-13 00:00:00,1047.7,1134.8,985.0,1128.5,90.76020050048828
2021-01-14 00:00:00,1128.8,1244.2,1086.2,1228.7,83.66879272460938
2021-01-15 00:00:00,1228.7,1253.2,1068.6,1167.7,96.73611450195312
2021-01-16 00:00:00,1167.7,1291.3,1149.9,1226.6,63.455299377441406
2021-01-17 00:00:00,1226.1,1266.6,1164.9,1231.2,84.13190460205078
2021-01-18 00:00:00,1231.2,1258.9,1182.1,1256.6,74.84391784667969
2021-01-19 00:00:00,1256.3,1437.5,1250.4,1366.7,92.98725891113281
2021-01-20 00:00:00,1366.7,1406.3,1235.6,1375.8,99.37178802490234
2021-01-21 00:00:00,1375.7,1387.4,1082.7,1109.2,112.70816802978516
2021-01-22 00:00:00,1109.2,1273.2,1039.5,1231.8,111.85193634033203
2021-01-23 00:00:00,1231.9,1271.3,1196.2,1232.5,59.28956985473633
2021-01-24 00:00:00,1232.5,1397.7,1220.5,1392.0,80.8811264038086
2021-01-25 00:00:00,1392.0,1473.6,1292.4,1316.6,95.8602066040039
2021-01-26 00:00:00,1316.4,1376.2,1244.0,1366.9,102.41506958007812
2021-01-27 00:00:00,1366.8,1372.8,1205.4,1241.4,107.3969497680664
2021-01-28 00:00:00,1241.4,1360.9,1219.2,1333.9,85.11770629882812
2021-01-29 00:00:00,1334.4,1438.7,1286.1,1377.6,90.69478607177734
2021-01-30 00:00:00,1377.7,1403.8,1324.3,1377.5,57.75316619873047
2021-01-31 00:00:00,1377.5,1379.3,1280.6,1311.9,66.83267974853516
2021-02-01 00:00:00,1311.8,1375.5,1270.0,1372.7,61.644405364990234
2021-02-02 00:00:00,1372.7,1546.9,1359.9,1511.3,78.9616470336914
2021-02-03 00:00:00,1511.2,1670.1,1508.1,1665.9,69.85420989990234
2021-02-04 00:00:00,1665.9,1696.4,1556.3,1595.9,72.74036407470703
2021-02-05 00:00:00,1595.8,1761.1,1591.7,1719.2,70.23143768310547
2021-02-06 00:00:00,1719.6,1743.0,1645.1,1677.2,63.683738708496094
2021-02-07 00:00:00,1677.1,1692.4,1492.5,1613.0,106.00320434570312
2021-02-08 00:00:00,1613.0,1776.8,1564.8,1750.9,71.96219635009766
2021-02-09 00:00:00,1751.6,1822.2,1707.6,1770.3,73.30168914794922
2021-02-10 00:00:00,1770.0,1836.9,1679.0,1741.1,74.93834686279297
2021-02-11 00:00:00,1740.9,1816.8,1704.0,1786.2,69.6856918334961
2021-02-12 00:00:00,1785.6,1866.4,1739.3,1842.9,80.47586059570312
2021-02-13 00:00:00,1843.3,1873.0,1763.6,1815.6,98.41210174560547
2021-02-14 00:00:00,1815.8,1850.8,1786.1,1801.7,99.69322204589844
2021-02-15 00:00:00,1801.6,1835.0,1661.1,1777.2,122.33279418945312
2021-02-16 00:00:00,1777.1,1824.3,1725.0,1780.5,113.36161041259766
2021-02-17 00:00:00,1781.0,1854.7,1732.2,1849.6,93.32020568847656
2021-02-18 00:00:00,1849.4,1948.0,1849.4,1938.0,111.64735412597656
2021-02-19 00:00:00,1937.2,1972.8,1890.0,1955.7,85.33660888671875
2021-02-20 00:00:00,1955.9,2038.0,1811.1,1914.4,92.88074493408203
2021-02-21 00:00:00,1914.3,1974.6,1883.5,1933.5,111.94113159179688
2021-02-22 00:00:00,1933.8,1936.6,1535.0,1776.9,161.19178771972656
2021-02-23 00:00:00,1776.8,1780.6,1356.8,1576.9,267.4609069824219
2021-02-24 00:00:00,1576.7,1712.1,1500.1,1623.5,194.4897918701172
2021-02-25 00:00:00,1623.8,1670.5,1457.0,1479.4,165.95205688476562
2021-02-26 00:00:00,1479.4,1560.8,1399.5,1442.7,189.23760986328125
2021-02-27 00:00:00,1442.6,1525.2,1424.6,1458.4,102.9328384399414
2021-02-28 00:00:00,1458.3,1467.8,1293.0,1420.5,134.53916931152344
2021-03-01 00:00:00,1420.5,1572.1,1411.2,1569.0,98.02904510498047
2021-03-02 00:00:00,1569.0,1603.8,1454.8,1486.8,56.24345016479492
2021-03-03 00:00:00,1486.8,1655.1,1476.2,1565.8,77.35664367675781
2021-03-04 00:00:00,1565.9,1623.3,1503.4,1537.0,102.12974548339844
2021-03-05 00:00:00,1537.0,1547.0,1440.9,1526.8,105.13162231445312
2021-03-06 00:00:00,1526.8,1669.0,1511.7,1649.0,117.03469848632812
2021-03-07 00:00:00,1649.4,1732.4,1629.6,1725.1,84.26189422607422
2021-03-08 00:00:00,1725.6,1840.8,1664.6,1831.9,128.634765625
2021-03-09 00:00:00,1831.8,1869.6,1799.0,1869.6,61.98148727416992
2021-03-10 00:00:00,1870.2,1878.0,1756.5,1793.7,106.06121063232422
2021-03-11 00:00:00,1793.6,1844.9,1723.8,1824.8,67.0244140625
2021-03-12 00:00:00,1825.2,1839.9,1720.0,1765.1,75.64603424072266
2021-03-13 00:00:00,1765.0,1941.7,1726.9,1919.1,91.6695327758789
2021-03-14 00:00:00,1918.8,1929.1,1836.2,1846.1,59.89520263671875
2021-03-15 00:00:00,1846.1,1888.0,1734.2,1792.7,62.028785705566406
2021-03-16 00:00:00,1792.9,1817.6,1710.5,1803.8,52.54810333251953
2021-03-17 00:00:00,1803.7,1838.0,1741.5,1822.2,44.681793212890625
2021-03-18 00:00:00,1822.1,1847.7,1758.6,1774.6,67.25180053710938
2021-03-19 00:00:00,1774.6,1838.3,1733.3,1807.9,52.279300689697266
2021-03-20 00:00:00,1807.9,1866.6,1799.6,1804.2,22.6196346282959
2021-03-21 00:00:00,1804.0,1815.2,1747.2,1782.2,18.56566047668457
2021-03-22 00:00:00,1782.3,1805.6,1655.8,1680.3,32.7304573059082
2021-03-23 00:00:00,1679.8,1719.9,1650.4,1666.3,57.30467224121094
2021-03-24 00:00:00,1666.3,1738.1,1544.0,1579.8,75.79535675048828
2021-03-25 00:00:00,1579.8,1620.1,1548.0,1585.1,80.29293060302734
2021-03-26 00:00:00,1585.2,1698.6,1585.0,1698.3,72.08360290527344
2021-03-27 00:00:00,1698.4,1730.1,1664.6,1711.5,31.074953079223633
2021-03-28 00:00:00,1711.4,1723.8,1659.4,1685.2,38.517303466796875
2021-03-29 00:00:00,1685.2,1839.1,1675.2,1814.3,56.95263671875
2021-03-30 00:00:00,1814.7,1857.0,1784.9,1839.2,40.18022918701172
2021-03-31 00:00:00,1839.5,1945.4,1771.2,1917.2,59.435935974121094
2021-04-01 00:00:00,1917.3,1980.2,1885.1,1966.6,67.80274963378906
2021-04-02 00:00:00,1966.6,2142.2,1947.8,2132.8,56.24011993408203
2021-04-03 00:00:00,2132.8,2137.0,2000.8,2006.9,54.12646484375
2021-04-04 00:00:00,2006.6,2090.5,1979.3,2074.5,46.637657165527344
2021-04-05 00:00:00,2074.5,2128.2,2002.2,2105.1,35.47259521484375
2021-04-06 00:00:00,2105.2,2148.4,2044.7,2110.6,63.2359504699707
2021-04-07 00:00:00,2110.8,2127.0,1930.4,1961.6,81.6984634399414
2021-04-08 00:00:00,1961.6,2082.7,1948.8,2079.6,27.777921676635742
2021-04-09 00:00:00,2079.8,2098.0,2048.1,2065.1,70.9181900024414
2021-04-10 00:00:00,2065.2,2192.0,2056.2,2132.3,36.572265625
2021-04-11 00:00:00,2132.3,2161.7,2111.3,2148.7,33.3026008605957
2021-04-12 00:00:00,2148.7,2197.3,2101.2,2136.2,33.34672927856445
2021-04-13 00:00:00,2136.2,2314.8,2134.2,2298.3,73.19566345214844
2021-04-14 00:00:00,2298.1,2444.2,2281.1,2430.4,83.18262481689453
2021-04-15 00:00:00,2430.6,2544.1,2400.5,2515.5,64.40972900390625
2021-04-16 00:00:00,2515.7,2546.7,2303.4,2424.1,99.33683776855469
2021-04-17 00:00:00,2424.2,2495.3,2314.5,2316.7,47.0037727355957
2021-04-18 00:00:00,2317.2,2338.5,2001.7,2239.5,85.77252197265625
2021-04-19 00:00:00,2239.3,2280.7,2080.0,2161.3,81.53006744384766
2021-04-20 00:00:00,2161.4,2347.1,2053.3,2331.1,81.08061981201172
2021-04-21 00:00:00,2330.8,2468.0,2236.6,2356.0,77.4610824584961
2021-04-22 00:00:00,2356.0,2642.6,2305.2,2399.5,71.6386489868164
2021-04-23 00:00:00,2399.5,2440.2,2106.3,2368.0,114.55216217041016
2021-04-24 00:00:00,2367.6,2369.1,2158.6,2214.0,51.88871383666992
2021-04-25 00:00:00,2214.4,2355.9,2165.8,2320.5,59.25010299682617
2021-04-26 00:00:00,2320.6,2540.2,2305.0,2532.9,100.93462371826172
2021-04-27 00:00:00,2532.6,2679.4,2482.8,2666.7,81.69029998779297
2021-04-28 00:00:00,2666.4,2758.0,2560.0,2747.9,81.62049102783203
2021-04-29 00:00:00,2748.4,2797.9,2671.0,2756.7,59.57532501220703
2021-04-30 00:00:00,2756.9,2797.7,2725.7,2774.5,53.91194534301758
2021-05-01 00:00:00,2774.4,2953.1,2755.5,2946.9,29.958730697631836
2021-05-02 00:00:00,2947.0,2983.9,2854.6,2950.2,29.55072784423828
2021-05-03 00:00:00,2950.4,3454.1,2950.4,3429.4,62.16909408569336
2021-05-04 00:00:00,3429.8,3527.0,3168.1,3239.1,131.65574645996094
2021-05-05 00:00:00,3239.0,3549.6,3210.1,3525.8,91.40457916259766
2021-05-06 00:00:00,3526.2,3606.6,3381.1,3490.5,106.69493103027344
2021-05-07 00:00:00,3490.6,3590.8,3356.8,3482.7,105.14097595214844
2021-05-08 00:00:00,3482.7,3956.6,3453.0,3914.3,44.39926528930664
2021-05-09 00:00:00,3914.9,3982.4,3730.6,3925.8,67.77848815917969
2021-05-10 00:00:00,3926.0,4211.1,3676.4,3947.7,168.4398956298828
2021-05-11 00:00:00,3947.5,4182.6,3776.1,4175.9,176.62200927734375
2021-05-12 00:00:00,4175.5,4378.7,3742.9,3822.6,194.67686462402344
2021-05-13 00:00:00,3821.8,4037.1,3544.5,3717.1,157.1070556640625
2021-05-14 00:00:00,3716.9,4175.6,3693.0,4078.7,151.27728271484375
2021-05-15 00:00:00,4078.6,4132.0,3631.5,3646.5,76.21142578125
2021-05-16 00:00:00,3647.1,3877.2,3347.0,3582.0,84.83373260498047
2021-05-17 00:00:00,3582.3,3586.5,3118.9,3281.1,163.40603637695312
2021-05-18 00:00:00,3280.9,3564.5,3240.3,3376.2,154.76539611816406
2021-05-19 00:00:00,3376.7,3440.5,1890.6,2438.0,189.85877990722656
2021-05-20 00:00:00,2439.2,2995.7,2158.8,2772.8,185.7651824951172
2021-05-21 00:00:00,2772.6,2940.1,2105.8,2433.5,157.1222381591797
2021-05-22 00:00:00,2432.7,2483.8,2156.0,2294.2,68.25909423828125
2021-05-23 00:00:00,2295.2,2380.2,1730.6,2097.4,93.16915130615234
2021-05-24 00:00:00,2097.7,2672.9,2082.4,2648.4,109.36137390136719
2021-05-25 00:00:00,2648.5,2751.2,2385.1,2705.4,161.57318115234375
2021-05-26 00:00:00,2706.4,2911.1,2646.6,2888.0,114.01287078857422
2021-05-27 00:00:00,2887.6,2889.2,2639.1,2741.7,91.11058044433594
2021-05-28 00:00:00,2742.1,2760.7,2329.5,2410.6,123.44935607910156
2021-05-29 00:00:00,2410.7,2572.9,2207.0,2277.0,53.95020294189453
2021-05-30 00:00:00,2277.8,2475.2,2182.7,2385.7,109.95166778564453
2021-05-31 00:00:00,2385.6,2717.7,2274.6,2704.8,81.00333404541016
2021-06-01 00:00:00,2704.2,2738.9,2527.5,2631.8,57.2410888671875
2021-06-02 00:00:00,2631.9,2799.1,2551.5,2704.5,45.82004165649414
2021-06-03 00:00:00,2705.1,2888.0,2661.1,2853.8,45.8169059753418
2021-06-04 00:00:00,2855.7,2857.8,2552.0,2688.1,62.018184661865234
2021-06-05 00:00:00,2688.6,2815.3,2553.6,2627.3,47.67655944824219
2021-06-06 00:00:00,2627.4,2744.4,2613.5,2709.9,34.58146286010742
2021-06-07 00:00:00,2709.8,2845.4,2572.4,2591.1,55.74951171875
2021-06-08 00:00:00,2590.9,2620.0,2308.8,2507.2,84.16033172607422
2021-06-09 00:00:00,2507.3,2624.4,2407.0,2609.1,79.74531555175781
2021-06-10 00:00:00,2609.2,2623.0,2426.3,2469.4,54.67190170288086
2021-06-11 00:00:00,2469.6,2495.9,2320.5,2352.7,37.87335205078125
2021-06-12 00:00:00,2352.6,2451.0,2258.0,2369.1,33.553733825683594
2021-06-13 00:00:00,2369.3,2547.3,2308.7,2507.8,31.937223434448242
2021-06-14 00:00:00,2508.0,2607.0,2461.6,2579.6,49.290794372558594
2021-06-15 00:00:00,2579.9,2638.7,2508.3,2541.3,53.00083541870117
2021-06-16 00:00:00,2541.6,2553.2,2350.1,2366.3,37.32025146484375
2021-06-17 00:00:00,2365.8,2457.3,2304.4,2370.8,30.973834991455078
2021-06-18 00:00:00,2371.3,2375.8,2137.5,2231.4,33.24357986450195
2021-06-19 00:00:00,2231.9,2275.6,2161.2,2164.7,27.725130081176758
2021-06-20 00:00:00,2164.2,2273.9,2042.3,2240.8,27.25963020324707
2021-06-21 00:00:00,2241.0,2257.5,1864.1,1884.2,46.01162338256836
2021-06-22 00:00:00,1884.2,1994.2,1699.4,1878.1,53.97264862060547
2021-06-23 00:00:00,1879.1,2042.8,1821.8,1966.4,39.79877853393555
2021-06-24 00:00:00,1966.5,2033.2,1883.3,1986.8,28.455949783325195
2021-06-25 00:00:00,1986.9,2017.9,1791.2,1808.5,38.5692253112793
2021-06-26 00:00:00,1808.2,1850.3,1716.3,1827.6,31.693147659301758
2021-06-27 00:00:00,1827.7,1982.5,1806.4,1981.5,31.334375381469727
2021-06-28 00:00:00,1981.6,2141.8,1960.3,2082.1,31.707210540771484
2021-06-29 00:00:00,2082.5,2243.6,2074.1,2163.4,33.21744918823242
2021-06-30 00:00:00,2163.7,2285.3,2087.7,2273.3,36.21226119995117
2021-07-01 00:00:00,2273.7,2274.6,2073.6,2107.1,36.14663314819336
2021-07-02 00:00:00,2107.1,2157.0,2016.7,2153.4,35.61172866821289
2021-07-03 00:00:00,2153.7,2236.2,2111.3,2225.5,30.013090133666992
2021-07-04 00:00:00,2225.6,2385.8,2188.4,2321.0,30.3159236907959
2021-07-05 00:00:00,2321.0,2321.7,2158.7,2194.5,33.84446716308594
2021-07-06 00:00:00,2195.3,2347.0,2192.8,2320.4,32.412391662597656
2021-07-07 00:00:00,2320.6,2406.0,2293.1,2315.5,29.14027214050293
2021-07-08 00:00:00,2315.3,2323.4,2084.0,2114.3,48.98557662963867
2021-07-09 00:00:00,2114.2,2185.9,2047.2,2144.8,39.03676223754883
2021-07-10 00:00:00,2144.8,2190.0,2073.7,2108.7,24.25424575805664
2021-07-11 00:00:00,2108.5,2171.7,2079.7,2138.5,21.640016555786133
2021-07-12 00:00:00,2138.5,2166.2,2005.8,2030.4,18.831621170043945
2021-07-13 00:00:00,2030.4,2043.6,1915.8,1938.5,23.292814254760742
2021-07-14 00:00:00,1938.6,2017.4,1865.3,1992.5,30.444868087768555
2021-07-15 00:00:00,1992.4,2037.3,1879.7,1916.3,24.584718704223633
2021-07-16 00:00:00,1916.0,1962.7,1848.9,1875.4,27.61018180847168
2021-07-17 00:00:00,1875.3,1916.9,1847.0,1897.2,30.237966537475586
2021-07-18 00:00:00,1897.3,1991.2,1877.2,1888.9,25.85239028930664
2021-07-19 00:00:00,1889.3,1915.9,1803.7,1815.8,30.98846435546875
2021-07-20 00:00:00,1816.1,1837.9,1716.9,1783.7,24.423904418945312
2021-07-21 00:00:00,1784.0,2028.3,1753.2,1992.8,26.56261444091797
2021-07-22 00:00:00,1993.1,2044.1,1947.9,2023.0,35.172645568847656
2021-07-23 00:00:00,2022.8,2129.1,1995.3,2123.2,31.296937942504883
2021-07-24 00:00:00,2123.5,2197.4,2105.9,2184.6,25.602853775024414
2021-07-25 00:00:00,2185.0,2195.2,2107.0,2190.3,28.52877426147461
2021-07-26 00:00:00,2190.3,2428.6,2171.8,2226.4,45.13702392578125
2021-07-27 00:00:00,2226.4,2317.8,2150.7,2299.7,37.43606948852539
2021-07-28 00:00:00,2298.8,2343.6,2243.4,2298.1,38.08978271484375
2021-07-29 00:00:00,2299.4,2398.1,2265.3,2381.1,27.27372169494629
2021-07-30 00:00:00,2381.3,2468.8,2315.8,2461.4,31.394681930541992
2021-07-31 00:00:00,2461.0,2551.4,2420.4,2529.8,28.321510314941406
2021-08-01 00:00:00,2530.3,2696.4,2513.7,2555.4,33.383872985839844
2021-08-02 00:00:00,2555.3,2663.0,2508.7,2606.2,39.270660400390625
2021-08-03 00:00:00,2605.9,2630.5,2445.1,2505.7,35.813289642333984
2021-08-04 00:00:00,2505.6,2767.8,2457.1,2723.3,32.97280502319336
2021-08-05 00:00:00,2722.9,2842.4,2530.8,2827.0,47.96714782714844
2021-08-06 00:00:00,2827.2,2946.7,2720.8,2890.5,53.21974563598633
2021-08-07 00:00:00,2890.4,3170.9,2865.4,3160.8,44.87614822387695
2021-08-08 00:00:00,3160.6,3187.9,2948.4,3012.1,55.99155807495117
2021-08-09 00:00:00,3011.5,3186.5,2894.2,3162.4,62.24839401245117
2021-08-10 00:00:00,3162.4,3232.7,3051.6,3139.0,61.97286605834961
2021-08-11 00:00:00,3139.3,3272.1,3121.0,3161.4,60.76542282104492
2021-08-12 00:00:00,3161.0,3238.1,2978.6,3045.8,55.91262435913086
2021-08-13 00:00:00,3046.0,3325.5,3034.5,3321.9,47.505741119384766
2021-08-14 00:00:00,3321.8,3330.4,3205.2,3264.3,32.18891143798828
2021-08-15 00:00:00,3264.2,3321.0,3112.7,3309.3,34.61893844604492
2021-08-16 00:00:00,3309.1,3335.2,3133.4,3142.8,37.58405685424805
2021-08-17 00:00:00,3143.0,3288.2,2990.3,3007.8,28.895456314086914
2021-08-18 00:00:00,3008.0,3122.3,2950.2,3010.6,24.051523208618164
2021-08-19 00:00:00,3011.8,3184.0,2956.0,3180.8,25.803239822387695
2021-08-20 00:00:00,3181.2,3298.5,3174.7,3284.5,23.918455123901367
2021-08-21 00:00:00,3284.7,3309.2,3207.9,3224.2,29.46162986755371
2021-08-22 00:00:00,3223.9,3272.7,3127.1,3239.4,28.5849609375
2021-08-23 00:00:00,3239.3,3376.4,3231.8,3320.9,31.905029296875
2021-08-24 00:00:00,3320.8,3356.0,3145.1,3167.5,31.835939407348633
2021-08-25 00:00:00,3167.4,3245.4,3079.1,3224.7,24.908645629882812
2021-08-26 00:00:00,3224.6,3247.4,3053.3,3089.4,18.974300384521484
2021-08-27 00:00:00,3089.5,3278.0,3058.3,3271.5,20.404415130615234
2021-08-28 00:00:00,3271.4,3282.5,3208.9,3243.3,35.44300842285156
2021-08-29 00:00:00,3243.4,3283.2,3151.1,3221.8,62.12263488769531
2021-08-30 00:00:00,3221.7,3344.8,3141.9,3225.4,30.663129806518555
2021-08-31 00:00:00,3225.3,3469.8,3186.9,3426.5,34.51911926269531
2021-09-01 00:00:00,3426.4,3837.9,3380.1,3825.1,31.11419105529785
2021-09-02 00:00:00,3824.5,3834.0,3720.3,3783.2,21.62258529663086
2021-09-03 00:00:00,3783.2,4023.8,3709.3,3935.6,41.96505355834961
2021-09-04 00:00:00,3936.1,3966.9,3831.0,3883.0,64.66459655761719
2021-09-05 00:00:00,3883.0,3978.0,3832.0,3949.5,83.66360473632812
2021-09-06 00:00:00,3949.5,3968.4,3865.6,3924.3,27.745624542236328
2021-09-07 00:00:00,3924.1,3943.7,3013.3,3431.1,43.43030548095703
2021-09-08 00:00:00,3431.5,3556.8,3216.1,3495.5,34.3439826965332
2021-09-09 00:00:00,3495.5,3564.3,3393.3,3421.0,23.046899795532227
2021-09-10 00:00:00,3421.1,3510.5,3145.9,3205.4,25.942089080810547
2021-09-11 00:00:00,3205.3,3344.0,3196.1,3262.9,66.1202163696289
2021-09-12 00:00:00,3262.5,3467.8,3228.6,3401.3,74.39433288574219
2021-09-13 00:00:00,3400.3,3425.9,3110.5,3281.5,55.47590255737305
2021-09-14 00:00:00,3281.4,3433.7,3267.2,3432.6,24.382715225219727
2021-09-15 00:00:00,3432.6,3612.9,3357.6,3611.5,21.360509872436523
2021-09-16 00:00:00,3611.3,3672.0,3480.7,3565.4,39.978721618652344
2021-09-17 00:00:00,3565.4,3591.3,3347.0,3394.4,52.762874603271484
2021-09-18 00:00:00,3394.5,3537.7,3366.6,3431.8,43.088443756103516
2021-09-19 00:00:00,3432.1,3453.2,3278.0,3324.7,72.43997192382812
2021-09-20 00:00:00,3324.8,3341.9,2916.5,2973.3,76.18775939941406
2021-09-21 00:00:00,2973.2,3101.0,2648.6,2761.7,95.89073181152344
2021-09-22 00:00:00,2761.7,3086.1,2734.4,3074.8,45.61864471435547
2021-09-23 00:00:00,3075.0,3170.7,3032.1,3150.5,31.487430572509766
2021-09-24 00:00:00,3150.5,3156.4,2733.2,2926.4,68.26908874511719
2021-09-25 00:00:00,2926.3,2964.4,2804.0,2920.2,82.80592346191406
2021-09-26 00:00:00,2920.1,3112.9,2739.3,3058.8,103.30272674560547
2021-09-27 00:00:00,3058.8,3162.8,2921.3,2922.7,56.0553092956543
2021-09-28 00:00:00,2922.5,2966.3,2786.1,2802.2,67.61631774902344
2021-09-29 00:00:00,2802.0,2945.4,2779.1,2846.3,68.72332763671875
2021-09-30 00:00:00,2846.2,3044.7,2833.8,2996.1,56.75812911987305
2021-10-01 00:00:00,2996.3,3327.3,2965.5,3306.5,48.635765075683594
2021-10-02 00:00:00,3306.6,3464.5,3255.5,3384.1,84.76251983642578
2021-10-03 00:00:00,3384.1,3484.8,3342.7,3415.7,91.93114471435547
2021-10-04 00:00:00,3415.7,3433.6,3269.4,3383.3,33.91986846923828
2021-10-05 00:00:00,3383.1,3543.2,3361.7,3511.5,34.515419006347656
2021-10-06 00:00:00,3511.7,3627.1,3339.4,3571.8,48.24024200439453
2021-10-07 00:00:00,3572.1,3650.7,3467.5,3584.3,40.03923416137695
2021-10-08 00:00:00,3584.3,3666.4,3533.5,3557.8,37.885677337646484
2021-10-09 00:00:00,3557.7,3629.7,3535.6,3571.6,71.34274291992188
2021-10-10 00:00:00,3571.5,3600.1,3404.8,3411.5,104.19043731689453
2021-10-11 00:00:00,3411.5,3618.7,3372.4,3538.3,33.471153259277344
2021-10-12 00:00:00,3538.3,3545.0,3399.7,3486.9,54.318115234375
2021-10-13 00:00:00,3486.6,3609.0,3408.9,3603.5,47.256072998046875
2021-10-14 00:00:00,3603.5,3821.9,3585.0,3787.0,36.86130142211914
2021-10-15 00:00:00,3786.9,3900.8,3731.3,3863.8,57.810611724853516
2021-10-16 00:00:00,3864.4,3965.6,3800.5,3825.0,73.5630111694336
2021-10-17 00:00:00,3825.3,3914.9,3647.1,3843.3,92.57828521728516
2021-10-18 00:00:00,3843.2,3890.2,3673.3,3741.5,98.98450469970703
2021-10-19 00:00:00,3741.4,3883.7,3728.5,3873.3,47.68394088745117
2021-10-20 00:00:00,3873.4,4165.0,3824.9,4158.6,34.823665618896484
2021-10-21 00:00:00,4158.6,4369.3,4009.6,4049.9,81.25557708740234
2021-10-22 00:00:00,4049.9,4165.0,3888.6,3967.3,53.90605926513672
2021-10-23 00:00:00,3967.2,4167.5,3934.0,4164.1,75.00547790527344
2021-10-24 00:00:00,4164.1,4180.8,3958.8,4078.3,93.9253921508789
2021-10-25 00:00:00,4078.3,4232.0,4065.6,4216.7,49.01374816894531
2021-10-26 00:00:00,4216.7,4292.1,4088.3,4126.2,52.036659240722656
2021-10-27 00:00:00,4126.5,4303.6,3912.7,3920.1,32.607669830322266
2021-10-28 00:00:00,3920.2,4290.6,3890.4,4284.7,30.007854461669922
2021-10-29 00:00:00,4284.6,4455.9,4264.3,4414.8,68.54197692871094
2021-10-30 00:00:00,4414.9,4429.8,4238.6,4320.5,73.35448455810547
2021-10-31 00:00:00,4320.7,4391.8,4164.9,4285.9,106.9343490600586
2021-11-01 00:00:00,4286.0,4378.7,4149.2,4318.6,39.30827331542969
2021-11-02 00:00:00,4318.7,4597.6,4284.1,4589.5,26.854515075683594
2021-11-03 00:00:00,4589.8,4665.2,4453.2,4601.4,24.614492416381836
2021-11-04 00:00:00,4601.7,4604.5,4418.9,4532.6,22.36078453063965
2021-11-05 00:00:00,4532.7,4569.1,4442.3,4475.1,18.478315353393555
2021-11-06 00:00:00,4474.3,4528.1,4327.9,4517.4,49.32242965698242
2021-11-07 00:00:00,4517.5,4634.6,4503.0,4612.9,57.043060302734375
2021-11-08 00:00:00,4612.9,4820.4,4612.8,4807.3,43.53563690185547
2021-11-09 00:00:00,4807.1,4837.2,4710.9,4728.3,35.13745880126953
2021-11-10 00:00:00,4728.7,4862.8,4465.8,4628.7,53.59934997558594
2021-11-11 00:00:00,4628.5,4778.1,4575.4,4717.9,27.156530380249023
2021-11-12 00:00:00,4717.8,4804.9,4506.4,4664.0,60.64657974243164
2021-11-13 00:00:00,4663.8,4703.4,4582.7,4641.5,60.652198791503906
2021-11-14 00:00:00,4641.6,4690.9,4512.5,4623.0,79.94769287109375
2021-11-15 00:00:00,4623.0,4765.9,4537.7,4560.3,39.37995529174805
2021-11-16 00:00:00,4560.2,4560.3,4105.2,4205.8,58.735740661621094
2021-11-17 00:00:00,4205.9,4296.5,4065.0,4285.7,58.773521423339844
2021-11-18 00:00:00,4285.8,4342.2,3956.3,3993.9,86.40611267089844
2021-11-19 00:00:00,3993.8,4308.4,3971.9,4294.3,62.59347915649414
2021-11-20 00:00:00,4294.1,4433.8,4202.2,4411.4,52.04138946533203
2021-11-21 00:00:00,4411.4,4422.4,4244.0,4257.7,100.40364837646484
2021-11-22 00:00:00,4258.7,4316.1,4021.5,4084.8,61.844425201416016
2021-11-23 00:00:00,4084.8,4384.2,4059.0,4337.6,38.23966598510742
2021-11-24 00:00:00,4337.5,4370.5,4165.7,4266.8,43.654850006103516
2021-11-25 00:00:00,4266.7,4551.3,4245.9,4521.9,25.756450653076172
2021-11-26 00:00:00,4521.9,4550.8,3913.7,4040.3,62.86483383178711
2021-11-27 00:00:00,4040.2,4181.8,4027.2,4094.2,87.39334106445312
2021-11-28 00:00:00,4093.9,4298.3,3965.8,4294.9,108.84050750732422
2021-11-29 00:00:00,4294.9,4459.1,4278.4,4444.6,37.01084518432617
2021-11-30 00:00:00,4444.7,4752.4,4347.7,4628.9,37.999210357666016
2021-12-01 00:00:00,4628.9,4779.3,4523.6,4582.6,30.534669876098633
2021-12-02 00:00:00,4582.6,4634.3,4432.7,4510.3,26.507434844970703
2021-12-03 00:00:00,4510.2,4654.2,4044.0,4217.0,46.89533615112305
2021-12-04 00:00:00,4217.1,4235.9,3487.9,4120.2,130.77334594726562
2021-12-05 00:00:00,4120.1,4250.7,4034.1,4198.1,138.5826416015625
2021-12-06 00:00:00,4198.1,4375.0,3921.5,4350.2,48.85904312133789
2021-12-07 00:00:00,4350.3,4425.6,4256.9,4306.1,32.55413818359375
2021-12-08 00:00:00,4306.1,4451.5,4224.8,4437.4,27.411895751953125
2021-12-09 00:00:00,4437.5,4487.2,4072.4,4102.0,56.01072692871094
2021-12-10 00:00:00,4101.9,4227.4,3886.2,3899.2,92.60436248779297
2021-12-11 00:00:00,3897.2,4094.7,3832.2,4083.5,93.18551635742188
2021-12-12 00:00:00,4083.5,4172.4,3985.5,4128.8,100.21240234375
2021-12-13 00:00:00,4129.0,4141.3,3667.8,3779.9,87.62164306640625
2021-12-14 00:00:00,3779.9,3878.7,3683.2,3857.5,61.47788619995117
2021-12-15 00:00:00,3857.5,4089.5,3641.8,4016.7,55.566707611083984
2021-12-16 00:00:00,4017.1,4110.2,3949.9,3953.6,53.96150207519531
2021-12-17 00:00:00,3953.7,3990.2,3697.5,3871.5,63.224185943603516
2021-12-18 00:00:00,3871.6,3994.5,3764.2,3957.8,98.13131713867188
2021-12-19 00:00:00,3957.7,4027.4,3884.9,3921.4,124.49457550048828
2021-12-20 00:00:00,3921.4,3978.7,3751.6,3941.7,60.31843948364258
2021-12-21 00:00:00,3941.8,4059.6,3910.8,4013.0,37.97010040283203
2021-12-22 00:00:00,4013.1,4072.2,3936.0,3977.1,26.604122161865234
2021-12-23 00:00:00,3977.1,4150.4,3891.8,4108.8,37.52226638793945
2021-12-24 00:00:00,4108.8,4132.7,4016.8,4042.9,20.736942291259766
2021-12-25 00:00:00,4043.1,4135.0,4020.9,4092.4,28.66299057006836
2021-12-26 00:00:00,4092.9,4102.6,4003.6,4060.3,52.542076110839844
2021-12-27 00:00:00,4060.5,4123.6,4029.7,4034.7,32.533870697021484
2021-12-28 00:00:00,4034.7,4034.7,3756.5,3789.2,45.83592224121094
2021-12-29 00:00:00,3789.2,3823.4,3600.7,3624.9,49.9608268737793
2021-12-30 00:00:00,3624.9,3764.9,3581.8,3705.5,52.74127197265625
2021-12-31 00:00:00,3705.6,3810.9,3682.4,3743.9,25.055879592895508
2022-01-01 00:00:00,3706.6,3772.9,3688.6,3763.0,13.936590194702148
2022-01-02 00:00:00,3762.9,3850.8,3714.3,3826.7,52.63743209838867
2022-01-03 00:00:00,3826.6,3846.7,3678.6,3761.6,38.425296783447266
2022-01-04 00:00:00,3761.7,3887.5,3710.5,3781.2,38.664329528808594
2022-01-05 00:00:00,3781.1,3844.0,3409.1,3533.5,58.79551696777344
2022-01-06 00:00:00,3534.4,3545.3,3296.8,3402.0,57.87712478637695
2022-01-07 00:00:00,3402.1,3410.8,3060.6,3193.3,73.5563735961914
2022-01-08 00:00:00,3193.9,3243.1,2996.6,3076.3,92.30367279052734
2022-01-09 00:00:00,3076.3,3207.2,3055.5,3147.8,89.39717102050781
2022-01-10 00:00:00,3147.8,3176.3,2925.6,3079.6,65.40982818603516
2022-01-11 00:00:00,3079.6,3261.2,3049.0,3236.5,27.8192195892334
2022-01-12 00:00:00,3236.5,3408.1,3203.4,3369.5,24.957679748535156
2022-01-13 00:00:00,3369.5,3408.6,3230.2,3238.9,23.887277603149414
2022-01-14 00:00:00,3238.7,3339.4,3187.9,3306.0,25.524362564086914
2022-01-15 00:00:00,3305.9,3368.7,3260.5,3323.8,74.97547149658203
2022-01-16 00:00:00,3323.9,3389.1,3271.7,3345.5,96.33901977539062
2022-01-17 00:00:00,3345.6,3355.3,3139.5,3206.9,25.15830421447754
2022-01-18 00:00:00,3206.9,3240.5,3080.9,3157.4,30.437278747558594
2022-01-19 00:00:00,3157.4,3172.4,3048.8,3081.2,32.1663818359375
2022-01-20 00:00:00,3081.1,3268.4,2983.3,2998.6,34.32398223876953
2022-01-21 00:00:00,2998.6,3029.8,2466.6,2565.3,101.47002410888672
2022-01-22 00:00:00,2564.8,2622.5,2298.2,2408.2,178.41195678710938
2022-01-23 00:00:00,2408.2,2547.1,2367.9,2537.2,125.35050201416016
2022-01-24 00:00:00,2536.9,2537.3,2156.1,2438.4,97.86064910888672
2022-01-25 00:00:00,2438.0,2504.3,2347.2,2456.7,65.84699249267578
2022-01-26 00:00:00,2456.7,2719.2,2398.9,2460.8,42.58200454711914
2022-01-27 00:00:00,2460.8,2518.0,2312.9,2421.9,27.478849411010742
2022-01-28 00:00:00,2422.0,2555.5,2356.3,2542.6,32.13691711425781
2022-01-29 00:00:00,2542.9,2635.8,2517.6,2599.5,106.90524291992188
2022-01-30 00:00:00,2599.5,2637.8,2540.7,2600.0,107.86772155761719
2022-01-31 00:00:00,2599.7,2704.4,2475.4,2685.7,22.272790908813477
2022-02-01 00:00:00,2685.1,2811.2,2672.9,2786.7,28.23822784423828
2022-02-02 00:00:00,2786.6,2809.0,2612.3,2678.1,29.350563049316406
2022-02-03 00:00:00,2678.8,2722.4,2573.4,2694.3,32.29965591430664
2022-02-04 00:00:00,2694.2,2994.8,2670.4,2993.9,37.31172561645508
2022-02-05 00:00:00,2993.9,3059.2,2958.0,3011.0,86.03118133544922
2022-02-06 00:00:00,3011.0,3072.1,2950.7,3054.2,86.22134399414062
2022-02-07 00:00:00,3054.3,3186.4,2991.8,3138.5,32.62168884277344
2022-02-08 00:00:00,3138.6,3230.2,3024.9,3115.7,22.91496467590332
2022-02-09 00:00:00,3115.8,3270.3,3053.7,3243.4,20.430362701416016
2022-02-10 00:00:00,3243.4,3280.9,3056.5,3071.0,44.748104095458984
2022-02-11 00:00:00,3071.2,3137.3,2877.3,2924.8,60.34669494628906
2022-02-12 00:00:00,2924.8,2983.4,2855.3,2915.7,95.03153991699219
2022-02-13 00:00:00,2916.3,2951.4,2834.8,2869.1,73.18412780761719
2022-02-14 00:00:00,2869.2,2962.8,2828.7,2927.4,25.799501419067383
2022-02-15 00:00:00,2927.5,3194.9,2910.3,3183.0,21.592613220214844
2022-02-16 00:00:00,3183.0,3186.3,3043.0,3120.6,20.9678955078125
2022-02-17 00:00:00,3120.7,3158.7,2851.2,2890.1,33.98732376098633
2022-02-18 00:00:00,2890.1,2941.8,2750.1,2776.2,68.42807006835938
2022-02-19 00:00:00,2776.0,2829.1,2694.3,2760.9,89.31356811523438
2022-02-20 00:00:00,2760.9,2761.5,2572.8,2618.5,109.70703125
2022-02-21 00:00:00,2618.7,2755.6,2557.5,2565.7,87.28899383544922
2022-02-22 00:00:00,2565.5,2663.9,2498.4,2634.8,60.4024543762207
2022-02-23 00:00:00,2634.6,2751.8,2574.5,2577.2,49.71712112426758
2022-02-24 00:00:00,2577.3,2732.3,2298.6,2594.5,104.7457275390625
2022-02-25 00:00:00,2594.4,2833.1,2569.9,2765.3,56.61149597167969
2022-02-26 00:00:00,2765.2,2874.4,2727.1,2776.7,116.27108764648438
2022-02-27 00:00:00,2776.7,2832.2,2557.2,2614.4,128.63681030273438
2022-02-28 00:00:00,2614.4,2948.1,2567.4,2919.6,51.306392669677734
2022-03-01 00:00:00,2919.6,3035.1,2852.6,2973.6,54.81591796875
2022-03-02 00:00:00,2973.7,3041.7,2911.8,2945.4,49.89897918701172
2022-03-03 00:00:00,2945.4,2968.2,2782.9,2830.6,55.45320510864258
2022-03-04 00:00:00,2830.6,2832.5,2570.8,2618.8,83.5484390258789
2022-03-05 00:00:00,2618.8,2681.7,2586.7,2661.7,73.97946166992188
2022-03-06 00:00:00,2661.7,2672.8,2533.0,2547.1,77.40493774414062
2022-03-07 00:00:00,2547.2,2644.8,2442.3,2488.6,61.15926742553711
2022-03-08 00:00:00,2488.4,2621.6,2478.4,2573.5,70.48200988769531
2022-03-09 00:00:00,2573.5,2770.3,2564.6,2725.0,49.69970703125
2022-03-10 00:00:00,2724.4,2730.6,2550.3,2604.2,52.47199630737305
2022-03-11 00:00:00,2604.3,2673.7,2523.0,2552.4,33.48365020751953
2022-03-12 00:00:00,2552.4,2610.5,2549.6,2587.5,163.18128967285156
2022-03-13 00:00:00,2565.0,2599.3,2490.1,2512.8,68.74341583251953
2022-03-14 00:00:00,2512.7,2605.8,2496.8,2586.9,45.94987869262695
2022-03-15 00:00:00,2586.9,2666.1,2505.8,2615.3,43.591007232666016
2022-03-16 00:00:00,2615.4,2785.9,2602.4,2771.6,35.69255065917969
2022-03-17 00:00:00,2771.6,2834.0,2744.6,2810.7,24.207733154296875
2022-03-18 00:00:00,2810.7,2982.3,2766.2,2935.7,22.140270233154297
2022-03-19 00:00:00,2935.8,2984.6,2892.7,2948.7,71.78864288330078
2022-03-20 00:00:00,2948.7,2961.2,2815.8,2859.2,76.89537811279297
2022-03-21 00:00:00,2859.2,2958.4,2830.0,2887.3,15.168130874633789
2022-03-22 00:00:00,2887.2,3048.9,2884.2,2966.9,20.511869430541992
2022-03-23 00:00:00,2966.9,3042.5,2918.9,3034.0,15.74919605255127
2022-03-24 00:00:00,3034.0,3126.3,3000.6,3109.2,16.736492156982422
2022-03-25 00:00:00,3109.2,3191.0,3074.0,3099.8,25.006145477294922
2022-03-26 00:00:00,3100.0,3148.5,3082.8,3142.3,47.47919845581055
2022-03-27 00:00:00,3142.6,3295.7,3124.0,3293.3,85.57322692871094
2022-03-28 00:00:00,3293.3,3429.8,3272.7,3330.5,17.429258346557617
2022-03-29 00:00:00,3330.4,3479.7,3328.8,3398.7,18.8330135345459
2022-03-30 00:00:00,3398.7,3444.6,3330.5,3383.1,21.300844192504883
2022-03-31 00:00:00,3383.1,3442.4,3259.4,3279.3,21.785615921020508
2022-04-01 00:00:00,3279.4,3478.5,3210.1,3452.3,31.983821868896484
2022-04-02 00:00:00,3452.1,3528.6,3431.5,3441.0,105.8901596069336
2022-04-03 00:00:00,3441.1,3577.5,3410.3,3518.8,107.908935546875
2022-04-04 00:00:00,3518.7,3543.4,3405.8,3516.6,30.859703063964844
2022-04-05 00:00:00,3516.5,3551.3,3394.9,3403.3,26.04727554321289
2022-04-06 00:00:00,3403.4,3403.7,3159.0,3165.4,53.74461364746094
2022-04-07 00:00:00,3165.3,3265.9,3140.2,3224.4,47.498348236083984
2022-04-08 00:00:00,3224.0,3309.6,3169.3,3188.3,33.17768478393555
2022-04-09 00:00:00,3188.3,3265.4,3177.9,3255.2,66.6106185913086
2022-04-10 00:00:00,3255.2,3305.0,3189.4,3198.9,70.91920471191406
2022-04-11 00:00:00,3198.8,3210.9,2946.8,2976.3,66.98809051513672
2022-04-12 00:00:00,2976.2,3082.5,2947.7,3025.5,50.00557327270508
2022-04-13 00:00:00,3025.5,3126.0,2993.9,3115.1,32.69614028930664
2022-04-14 00:00:00,3115.1,3140.8,2973.4,3018.4,27.102636337280273
2022-04-15 00:00:00,3018.5,3055.4,2991.3,3036.9,27.358173370361328
2022-04-16 00:00:00,3036.5,3082.6,3007.5,3056.4,56.20589828491211
2022-04-17 00:00:00,3056.5,3078.8,2980.0,2984.4,55.56733322143555
2022-04-18 00:00:00,2984.4,3066.7,2881.5,3052.6,47.43970489501953
2022-04-19 00:00:00,3052.7,3127.5,3027.1,3098.8,33.033931732177734
2022-04-20 00:00:00,3098.8,3163.9,3034.2,3073.7,28.276565551757812
2022-04-21 00:00:00,3073.5,3176.2,2941.0,2980.4,44.98741912841797
2022-04-22 00:00:00,2980.4,3029.4,2930.9,2958.8,43.284423828125
2022-04-23 00:00:00,2958.8,2975.3,2913.2,2929.6,67.01243591308594
2022-04-24 00:00:00,2929.5,2964.1,2909.2,2918.2,68.88524627685547
2022-04-25 00:00:00,2918.1,3022.7,2795.2,3003.7,51.369903564453125
2022-04-26 00:00:00,3003.8,3033.3,2764.5,2806.2,51.915584564208984
2022-04-27 00:00:00,2806.2,2916.3,2791.8,2886.2,44.22035598754883
2022-04-28 00:00:00,2886.1,2975.9,2850.6,2933.4,48.50552749633789
2022-04-29 00:00:00,2933.4,2942.8,2773.0,2812.7,90.54689025878906
2022-04-30 00:00:00,2812.8,2838.1,2714.7,2723.4,82.87110137939453
2022-05-01 00:00:00,2723.3,2845.2,2714.6,2821.7,82.08968353271484
2022-05-02 00:00:00,2821.6,2878.6,2775.3,2852.8,69.80341339111328
2022-05-03 00:00:00,2852.9,2857.7,2751.9,2777.5,68.02094268798828
2022-05-04 00:00:00,2777.5,2962.9,2767.5,2936.6,66.46338653564453
2022-05-05 00:00:00,2936.7,2950.0,2685.1,2743.5,67.9883041381836
2022-05-06 00:00:00,2743.8,2753.8,2629.6,2687.7,106.92506408691406
2022-05-07 00:00:00,2687.6,2699.5,2584.5,2631.6,71.1352767944336
2022-05-08 00:00:00,2631.6,2637.6,2482.4,2516.4,88.56244659423828
2022-05-09 00:00:00,2516.4,2525.9,2222.5,2228.2,126.72673797607422
2022-05-10 00:00:00,2228.2,2453.2,2196.3,2338.0,141.8619384765625
2022-05-11 00:00:00,2338.0,2447.4,1997.4,2074.2,190.4973907470703
2022-05-12 00:00:00,2074.1,2186.5,1700.7,1950.1,79.60668182373047
2022-05-13 00:00:00,1950.0,2140.8,1932.0,2001.6,53.00603485107422
2022-05-14 00:00:00,2001.5,2062.2,1943.4,2049.1,103.91255950927734
2022-05-15 00:00:00,2049.2,2160.5,1993.3,2139.3,83.7161636352539
2022-05-16 00:00:00,2139.4,2139.4,1973.3,2016.9,23.873414993286133
2022-05-17 00:00:00,2017.1,2116.0,2002.0,2085.3,16.348066329956055
2022-05-18 00:00:00,2085.4,2104.8,1902.3,1908.6,13.86935806274414
2022-05-19 00:00:00,1908.5,2034.6,1897.2,2013.9,15.016526222229004
2022-05-20 00:00:00,2014.0,2058.5,1917.5,1952.1,22.852785110473633
2022-05-21 00:00:00,1952.3,1984.2,1930.8,1968.9,57.033958435058594
2022-05-22 00:00:00,1968.8,2050.5,1959.9,2037.4,49.550506591796875
2022-05-23 00:00:00,2037.3,2083.1,1951.4,1967.6,11.179038047790527
2022-05-24 00:00:00,1967.7,1987.8,1907.1,1973.9,4.806293964385986
2022-05-25 00:00:00,1973.8,2015.8,1928.5,1937.0,4.7274980545043945
2022-05-26 00:00:00,1936.9,1959.9,1734.3,1787.0,6.319440841674805
2022-05-27 00:00:00,1786.8,1816.6,1699.4,1720.6,22.733627319335938
2022-05-28 00:00:00,1720.6,1803.3,1715.5,1786.0,91.62162017822266
2022-05-29 00:00:00,1786.0,1821.0,1756.8,1808.0,73.57646179199219
2022-05-30 00:00:00,1808.1,2007.0,1798.4,1994.2,5.704567909240723
2022-05-31 00:00:00,1994.1,2010.9,1921.1,1936.9,6.057480812072754
2022-06-01 00:00:00,1936.8,1967.8,1758.7,1812.8,6.449220180511475
2022-06-02 00:00:00,1812.8,1847.6,1778.3,1829.2,6.022398948669434
2022-06-03 00:00:00,1829.1,1838.6,1732.7,1769.0,15.446150779724121
2022-06-04 00:00:00,1768.9,1810.1,1742.4,1799.4,64.12229919433594
2022-06-05 00:00:00,1799.3,1824.9,1767.7,1801.1,42.102874755859375
2022-06-06 00:00:00,1801.4,1914.3,1799.9,1854.7,5.297630786895752
2022-06-07 00:00:00,1854.8,1869.9,1721.3,1809.5,33.21635818481445
2022-06-08 00:00:00,1809.4,1834.2,1761.5,1787.7,86.15740966796875
2022-06-09 00:00:00,1787.5,1828.9,1773.3,1784.5,71.9978256225586
2022-06-10 00:00:00,1784.4,1800.2,1649.9,1656.5,87.47454833984375
2022-06-11 00:00:00,1657.1,1676.2,1497.3,1528.2,78.95256042480469
2022-06-12 00:00:00,1528.3,1541.6,1421.2,1430.6,80.6590576171875
2022-06-13 00:00:00,1430.5,1450.0,1161.6,1205.4,129.84349060058594
2022-06-14 00:00:00,1205.5,1262.8,1072.2,1204.5,120.61931610107422
2022-06-15 00:00:00,1204.6,1244.2,1010.4,1233.9,115.50851440429688
2022-06-16 00:00:00,1233.0,1253.6,1048.2,1064.3,102.10872650146484
2022-06-17 00:00:00,1064.4,1113.7,1047.1,1081.5,97.50007629394531
2022-06-18 00:00:00,1081.6,1092.4,875.6,991.3,134.71495056152344
2022-06-19 00:00:00,991.2,1154.1,932.4,1124.3,85.46177673339844
2022-06-20 00:00:00,1124.4,1165.2,1048.9,1124.3,101.81324768066406
2022-06-21 00:00:00,1124.2,1190.1,1105.3,1122.0,92.11503601074219
2022-06-22 00:00:00,1122.1,1123.3,1040.0,1046.0,85.7928237915039
2022-06-23 00:00:00,1046.1,1150.1,1041.4,1141.2,75.08833312988281
2022-06-24 00:00:00,1141.1,1240.4,1128.4,1220.2,84.67298889160156
2022-06-25 00:00:00,1220.2,1252.4,1176.7,1238.4,65.0694580078125
2022-06-26 00:00:00,1238.5,1276.3,1191.6,1194.4,51.237998962402344
2022-06-27 00:00:00,1194.4,1234.7,1170.9,1188.3,70.59410858154297
2022-06-28 00:00:00,1188.2,1232.6,1132.5,1139.7,73.12600708007812
2022-06-29 00:00:00,1139.6,1152.1,1083.0,1096.0,75.53621673583984
2022-06-30 00:00:00,1096.0,1102.5,994.8,1067.6,77.00092315673828
2022-07-01 00:00:00,1067.5,1111.1,1029.4,1053.8,79.22496032714844
2022-07-02 00:00:00,1054.0,1073.3,1021.9,1063.0,41.963905334472656
2022-07-03 00:00:00,1063.1,1083.0,1037.1,1070.2,38.72050476074219
2022-07-04 00:00:00,1070.1,1156.5,1041.2,1147.0,62.98331832885742
2022-07-05 00:00:00,1147.1,1169.3,1073.8,1128.4,74.13357543945312
2022-07-06 00:00:00,1128.5,1200.2,1107.9,1183.0,75.12262725830078
2022-07-07 00:00:00,1182.9,1251.1,1159.6,1233.8,63.671485900878906
2022-07-08 00:00:00,1233.9,1272.6,1189.4,1209.0,73.21929931640625
2022-07-09 00:00:00,1209.1,1230.7,1199.7,1213.8,35.48020935058594
2022-07-10 00:00:00,1213.9,1216.4,1150.7,1164.8,34.985599517822266
2022-07-11 00:00:00,1164.9,1167.6,1087.9,1092.8,62.7374267578125
2022-07-12 00:00:00,1092.7,1094.4,1029.7,1034.7,62.405818939208984
2022-07-13 00:00:00,1034.8,1115.0,1003.1,1111.5,67.71680450439453
2022-07-14 00:00:00,1111.6,1210.3,1068.7,1189.9,69.67436218261719
2022-07-15 00:00:00,1189.8,1283.8,1177.9,1226.9,73.60528564453125
2022-07-16 00:00:00,1226.8,1419.1,1189.0,1352.9,60.737491607666016
2022-07-17 00:00:00,1353.0,1383.3,1316.6,1335.4,59.30479049682617
2022-07-18 00:00:00,1335.5,1594.0,1332.8,1579.0,98.65808868408203
2022-07-19 00:00:00,1578.8,1627.7,1490.1,1539.9,106.88143157958984
2022-07-20 00:00:00,1539.8,1618.3,1483.6,1519.0,95.97425842285156
2022-07-21 00:00:00,1519.1,1602.9,1461.6,1572.9,90.64035034179688
2022-07-22 00:00:00,1572.8,1643.2,1514.6,1531.6,87.21173095703125
2022-07-23 00:00:00,1531.6,1592.7,1486.0,1546.2,63.6827392578125
2022-07-24 00:00:00,1546.3,1661.3,1544.5,1595.1,63.2613525390625
2022-07-25 00:00:00,1595.2,1606.5,1433.0,1437.6,86.68667602539062
2022-07-26 00:00:00,1437.7,1451.6,1354.0,1446.9,86.78172302246094
2022-07-27 00:00:00,1446.7,1641.6,1418.4,1633.9,86.55303192138672
2022-07-28 00:00:00,1633.9,1781.8,1593.4,1722.5,95.04222869873047
2022-07-29 00:00:00,1722.4,1762.3,1654.6,1718.0,99.3286361694336
2022-07-30 00:00:00,1718.2,1740.8,1671.6,1695.0,66.99906158447266
2022-07-31 00:00:00,1695.1,1751.4,1663.7,1676.7,56.05296325683594
2022-08-01 00:00:00,1676.8,1702.3,1604.8,1628.2,87.69854736328125
2022-08-02 00:00:00,1628.1,1675.3,1557.3,1628.6,94.82958984375
2022-08-03 00:00:00,1628.5,1682.1,1587.8,1616.1,91.2530746459961
2022-08-04 00:00:00,1616.2,1660.5,1578.3,1605.6,87.745361328125
2022-08-05 00:00:00,1605.7,1737.9,1603.4,1732.8,97.9885025024414
2022-08-06 00:00:00,1733.2,1745.8,1682.0,1688.4,85.82705688476562
2022-08-07 00:00:00,1688.4,1726.0,1666.8,1697.8,51.14016342163086
2022-08-08 00:00:00,1697.7,1814.4,1691.8,1774.7,86.87200927734375
2022-08-09 00:00:00,1774.6,1788.1,1666.9,1700.5,85.03777313232422
2022-08-10 00:00:00,1700.6,1881.7,1655.3,1851.5,87.7956771850586
2022-08-11 00:00:00,1851.4,1940.0,1848.5,1878.6,95.5765151977539
2022-08-12 00:00:00,1878.5,1962.6,1851.7,1955.8,92.6371078491211
2022-08-13 00:00:00,1955.8,2016.5,1943.5,1981.8,77.5294189453125
2022-08-14 00:00:00,1981.8,2028.2,1904.4,1933.3,60.45222091674805
2022-08-15 00:00:00,1933.4,2010.1,1870.7,1896.6,92.36627197265625
2022-08-16 00:00:00,1896.5,1912.0,1850.7,1874.2,83.93567657470703
2022-08-17 00:00:00,1874.2,1954.0,1816.7,1831.4,80.723388671875
2022-08-18 00:00:00,1831.5,1879.4,1818.6,1843.7,79.97804260253906
2022-08-19 00:00:00,1843.5,1845.2,1598.9,1604.5,102.4382095336914
2022-08-20 00:00:00,1604.4,1653.9,1521.6,1573.2,113.94432067871094
2022-08-21 00:00:00,1573.3,1642.5,1560.5,1615.2,60.37334442138672
2022-08-22 00:00:00,1615.4,1626.1,1527.6,1622.1,88.45555114746094
2022-08-23 00:00:00,1622.0,1670.8,1561.5,1662.9,83.79083251953125
2022-08-24 00:00:00,1663.0,1691.0,1602.9,1653.7,80.65995025634766
2022-08-25 00:00:00,1653.6,1719.2,1651.2,1692.8,75.26209259033203
2022-08-26 00:00:00,1692.7,1703.3,1482.5,1503.8,90.86898803710938
2022-08-27 00:00:00,1504.0,1514.9,1445.6,1488.3,70.66385650634766
2022-08-28 00:00:00,1488.2,1507.8,1421.4,1423.7,50.62831497192383
2022-08-29 00:00:00,1423.6,1557.2,1419.7,1549.4,72.80857849121094
2022-08-30 00:00:00,1549.3,1602.9,1471.4,1521.7,68.29093170166016
2022-08-31 00:00:00,1521.6,1616.5,1521.6,1551.4,83.40570068359375
2022-09-01 00:00:00,1551.5,1595.9,1510.3,1583.5,71.10796356201172
2022-09-02 00:00:00,1583.3,1645.9,1543.9,1571.5,58.42988586425781
2022-09-03 00:00:00,1571.4,1578.3,1532.3,1554.9,36.7529411315918
2022-09-04 00:00:00,1554.9,1579.7,1538.2,1576.5,32.01154327392578
2022-09-05 00:00:00,1576.4,1627.4,1554.9,1614.9,38.53636169433594
2022-09-06 00:00:00,1615.0,1683.6,1552.5,1556.2,47.66889190673828
2022-09-07 00:00:00,1556.3,1654.2,1488.4,1627.0,60.67201614379883
2022-09-08 00:00:00,1626.9,1658.9,1592.5,1632.9,60.39948272705078
2022-09-09 00:00:00,1633.0,1743.2,1628.0,1715.0,58.89529037475586
2022-09-10 00:00:00,1715.1,1786.6,1703.3,1772.0,23.59341812133789
2022-09-11 00:00:00,1772.1,1785.6,1719.2,1764.1,35.9466667175293
2022-09-12 00:00:00,1764.2,1780.5,1691.8,1713.9,66.3302230834961
2022-09-13 00:00:00,1714.0,1756.1,1559.0,1571.7,67.25946044921875
2022-09-14 00:00:00,1571.5,1644.3,1550.3,1635.9,63.450809478759766
2022-09-15 00:00:00,1636.0,1650.9,1456.6,1470.0,82.92201232910156
2022-09-16 00:00:00,1470.0,1480.8,1403.4,1429.6,70.41785430908203
2022-09-17 00:00:00,1429.4,1473.2,1406.9,1466.3,36.148681640625
2022-09-18 00:00:00,1466.7,1467.1,1321.8,1331.9,43.17494583129883
2022-09-19 00:00:00,1332.0,1389.4,1278.6,1373.5,80.78902435302734
2022-09-20 00:00:00,1373.3,1381.9,1310.4,1320.4,76.1568603515625
2022-09-21 00:00:00,1320.3,1401.9,1217.8,1243.3,74.34972381591797
2022-09-22 00:00:00,1243.2,1345.6,1234.8,1323.7,76.59745788574219
2022-09-23 00:00:00,1323.8,1356.4,1259.6,1322.8,82.06489562988281
2022-09-24 00:00:00,1322.9,1345.0,1304.2,1314.4,46.11869812011719
2022-09-25 00:00:00,1314.5,1334.0,1266.8,1292.0,36.032772064208984
2022-09-26 00:00:00,1291.9,1337.4,1276.1,1333.7,68.3405990600586
2022-09-27 00:00:00,1333.8,1397.4,1301.3,1325.4,74.04927825927734
2022-09-28 00:00:00,1325.4,1352.6,1251.8,1334.4,73.55281066894531
2022-09-29 00:00:00,1334.5,1349.1,1285.9,1333.1,65.60353088378906
2022-09-30 00:00:00,1333.2,1370.3,1312.2,1324.6,59.88129425048828
2022-10-01 00:00:00,1324.5,1330.3,1300.4,1309.2,17.394161224365234
2022-10-02 00:00:00,1309.2,1315.0,1267.2,1274.0,11.694662094116211
2022-10-03 00:00:00,1274.1,1326.9,1260.6,1320.6,44.697486877441406
2022-10-04 00:00:00,1320.7,1366.5,1316.4,1359.1,59.15123748779297
2022-10-05 00:00:00,1359.2,1361.8,1313.7,1350.0,49.87276840209961
2022-10-06 00:00:00,1350.0,1381.5,1343.3,1349.5,51.99446487426758
2022-10-07 00:00:00,1349.5,1358.9,1315.1,1326.7,37.352210998535156
2022-10-08 00:00:00,1326.8,1333.3,1301.2,1312.8,16.74765968322754
2022-10-09 00:00:00,1312.7,1326.1,1304.9,1320.8,7.4091620445251465
2022-10-10 00:00:00,1320.8,1335.6,1284.9,1287.2,27.824060440063477
2022-10-11 00:00:00,1287.3,1295.1,1264.5,1277.4,41.33446502685547
2022-10-12 00:00:00,1277.5,1303.5,1272.5,1292.0,21.5533447265625
2022-10-13 00:00:00,1292.0,1298.6,1189.8,1284.6,25.974218368530273
2022-10-14 00:00:00,1284.6,1340.2,1281.0,1292.5,30.438854217529297
2022-10-15 00:00:00,1292.6,1297.5,1261.4,1272.4,12.662877082824707
2022-10-16 00:00:00,1272.5,1312.8,1272.5,1303.2,12.694493293762207
2022-10-17 00:00:00,1303.1,1335.8,1293.2,1328.9,30.15947151184082
2022-10-18 00:00:00,1324.7,1332.1,1300.7,1304.3,6.170989036560059
2022-10-19 00:00:00,1308.2,1310.9,1277.7,1282.3,13.936249732971191
2022-10-20 00:00:00,1282.4,1308.0,1268.0,1280.4,37.49901580810547
2022-10-21 00:00:00,1280.4,1304.5,1251.4,1295.8,10.650632858276367
2022-10-22 00:00:00,1295.8,1317.3,1290.1,1311.3,2.42561411857605
2022-10-23 00:00:00,1311.4,1368.0,1297.2,1361.4,6.189528942108154
2022-10-24 00:00:00,1361.4,1367.8,1321.6,1341.1,33.97856903076172
2022-10-25 00:00:00,1341.3,1522.1,1332.6,1457.5,42.16328430175781
2022-10-26 00:00:00,1457.5,1592.1,1455.2,1563.8,50.43225860595703
2022-10-27 00:00:00,1563.8,1575.8,1501.9,1511.4,51.71992111206055
2022-10-28 00:00:00,1511.5,1571.8,1479.7,1550.6,32.788455963134766
2022-10-29 00:00:00,1550.6,1660.8,1543.6,1617.6,26.25830841064453
2022-10-30 00:00:00,1617.8,1637.4,1574.0,1588.4,21.142677307128906
2022-10-31 00:00:00,1588.5,1632.6,1543.9,1570.4,53.72378921508789
2022-11-01 00:00:00,1570.6,1609.5,1561.0,1576.0,45.691864013671875
2022-11-02 00:00:00,1576.1,1618.2,1498.8,1516.3,47.79905319213867
2022-11-03 00:00:00,1516.2,1556.3,1513.2,1528.6,38.08458709716797
2022-11-04 00:00:00,1528.6,1673.2,1525.9,1640.9,37.70812225341797
2022-11-05 00:00:00,1640.9,1662.9,1619.1,1624.5,17.105165481567383
2022-11-06 00:00:00,1624.5,1635.9,1562.4,1565.9,28.835790634155273
2022-11-07 00:00:00,1565.5,1605.6,1543.9,1565.7,53.98038101196289
2022-11-08 00:00:00,1565.8,1576.7,1221.7,1332.2,93.01127624511719
2022-11-09 00:00:00,1332.2,1334.6,1070.6,1098.8,157.50050354003906
2022-11-10 00:00:00,1098.8,1345.8,1082.6,1294.6,122.56556701660156
2022-11-11 00:00:00,1294.8,1304.3,1197.9,1281.2,106.36395263671875
2022-11-12 00:00:00,1281.4,1284.8,1232.1,1252.3,41.78984451293945
2022-11-13 00:00:00,1252.4,1270.0,1198.6,1217.7,49.04405212402344
2022-11-14 00:00:00,1217.7,1286.1,1168.5,1238.6,42.16569519042969
2022-11-15 00:00:00,1238.8,1286.3,1230.4,1249.5,50.771060943603516
2022-11-16 00:00:00,1249.5,1264.7,1184.1,1213.1,33.25035858154297
2022-11-17 00:00:00,1213.0,1224.6,1180.0,1197.0,34.03554153442383
2022-11-18 00:00:00,1197.1,1229.1,1195.6,1206.6,33.750606536865234
2022-11-19 00:00:00,1206.7,1229.1,1192.1,1214.4,11.771454811096191
2022-11-20 00:00:00,1214.4,1222.9,1129.1,1139.1,26.921037673950195
2022-11-21 00:00:00,1139.0,1141.7,1077.1,1103.4,75.51676177978516
2022-11-22 00:00:00,1103.7,1138.6,1072.1,1135.9,56.212093353271484
2022-11-23 00:00:00,1135.9,1186.5,1124.3,1181.0,33.333980560302734
2022-11-24 00:00:00,1181.0,1213.9,1177.8,1200.8,26.45615577697754
2022-11-25 00:00:00,1200.8,1203.6,1168.3,1194.3,30.747943878173828
2022-11-26 00:00:00,1194.3,1230.7,1191.9,1202.6,19.087745666503906
2022-11-27 00:00:00,1202.6,1219.9,1187.5,1190.8,12.119065284729004
2022-11-28 00:00:00,1190.8,1196.1,1148.2,1164.7,10.582530975341797
2022-11-29 00:00:00,1164.8,1223.7,1155.8,1213.5,28.630388259887695
2022-11-30 00:00:00,1213.5,1306.7,1210.0,1292.1,33.492618560791016
2022-12-01 00:00:00,1292.0,1295.3,1260.6,1273.8,17.286334991455078
2022-12-02 00:00:00,1273.8,1294.4,1263.4,1291.3,9.079269409179688
2022-12-03 00:00:00,1291.4,1304.0,1234.1,1238.1,13.162496566772461
2022-12-04 00:00:00,1238.0,1283.6,1237.9,1277.4,12.076424598693848
2022-12-05 00:00:00,1277.4,1302.6,1244.7,1256.9,8.238594055175781
2022-12-06 00:00:00,1257.0,1272.0,1239.5,1269.0,10.084565162658691
2022-12-07 00:00:00,1269.1,1274.4,1216.6,1228.6,13.304972648620605
2022-12-08 00:00:00,1228.9,1289.5,1219.7,1277.9,23.233827590942383
2022-12-09 00:00:00,1277.9,1293.4,1253.6,1258.7,3.5307888984680176
2022-12-10 00:00:00,1258.8,1280.7,1257.4,1263.8,0.895546019077301
2022-12-11 00:00:00,1263.8,1281.4,1252.9,1260.9,0.9290019869804382
2022-12-12 00:00:00,1260.9,1276.2,1238.7,1273.1,14.233550071716309
2022-12-13 00:00:00,1273.1,1343.7,1253.5,1318.3,18.420284271240234
2022-12-14 00:00:00,1318.2,1348.7,1298.2,1304.9,32.825233459472656
2022-12-15 00:00:00,1305.0,1308.6,1257.2,1264.0,19.558883666992188
2022-12-16 00:00:00,1264.0,1276.9,1151.4,1162.5,12.963208198547363
2022-12-17 00:00:00,1162.7,1187.2,1159.7,1184.6,41.215362548828125
2022-12-18 00:00:00,1184.6,1193.9,1169.9,1180.8,21.753787994384766
2022-12-19 00:00:00,1180.9,1192.5,1153.7,1165.1,4.245543003082275
2022-12-20 00:00:00,1165.3,1226.9,1160.6,1214.7,11.925930976867676
2022-12-21 00:00:00,1214.7,1219.5,1202.0,1211.4,2.301340103149414
2022-12-22 00:00:00,1211.4,1234.0,1181.1,1215.2,5.408143997192383
2022-12-23 00:00:00,1215.3,1227.1,1210.3,1215.7,21.569095611572266
2022-12-24 00:00:00,1215.6,1223.2,1210.2,1216.2,18.09432029724121
2022-12-25 00:00:00,1216.1,1219.8,1192.4,1215.2,5.764368057250977
2022-12-26 00:00:00,1215.2,1228.3,1209.6,1225.0,0.8869479894638062
2022-12-27 00:00:00,1225.0,1231.0,1198.3,1208.9,15.4446439743042
2022-12-28 00:00:00,1208.8,1212.7,1179.4,1187.5,26.11943244934082
2022-12-29 00:00:00,1187.6,1203.4,1184.3,1197.9,20.959327697753906
2022-12-30 00:00:00,1197.8,1199.4,1179.1,1195.1,36.63728332519531
2022-12-31 00:00:00,1194.8,1203.7,1187.6,1198.1,0.6158080101013184
2023-01-01 00:00:00,1198.1,1200.4,1189.4,1197.8,0.5898159742355347
2023-01-02 00:00:00,1197.8,1221.4,1190.5,1211.6,4.528751850128174
2023-01-03 00:00:00,1211.6,1217.2,1202.7,1211.8,1.9369720220565796
2023-01-04 00:00:00,1212.0,1268.4,1210.0,1254.3,4.610397815704346
2023-01-05 00:00:00,1254.3,1257.1,1239.7,1248.5,6.8778839111328125
2023-01-06 00:00:00,1248.5,1273.4,1234.2,1265.0,7.0948710441589355
2023-01-07 00:00:00,1265.0,1266.7,1257.9,1261.3,0.5412499904632568
2023-01-08 00:00:00,1261.4,1292.2,1255.5,1287.6,1.2972240447998047
2023-01-09 00:00:00,1287.6,1342.1,1283.0,1317.9,9.091644287109375
2023-01-10 00:00:00,1317.9,1344.1,1314.4,1332.9,6.3134942054748535
2023-01-11 00:00:00,1332.8,1395.0,1318.9,1386.8,4.141394138336182
2023-01-12 00:00:00,1386.9,1435.2,1365.1,1413.5,18.29580307006836
2023-01-13 00:00:00,1413.5,1460.8,1398.7,1447.6,6.355639934539795
2023-01-14 00:00:00,1447.6,1593.6,1445.4,1547.6,37.95389175415039
2023-01-15 00:00:00,1547.6,1564.2,1514.2,1550.1,16.084552764892578
2023-01-16 00:00:00,1550.0,1599.6,1519.8,1573.7,45.234474182128906
2023-01-17 00:00:00,1573.9,1604.6,1539.5,1562.1,54.116817474365234
2023-01-18 00:00:00,1562.2,1605.7,1498.9,1508.7,49.906829833984375
2023-01-19 00:00:00,1508.7,1560.9,1507.5,1548.1,41.1765022277832
2023-01-20 00:00:00,1548.0,1663.7,1539.0,1654.5,36.153560638427734
2023-01-21 00:00:00,1654.5,1676.2,1618.2,1623.4,7.029736042022705
2023-01-22 00:00:00,1623.4,1661.0,1602.3,1624.8,6.054412841796875
2023-01-23 00:00:00,1624.8,1644.6,1584.7,1623.5,10.954435348510742
2023-01-24 00:00:00,1623.5,1638.3,1531.9,1552.9,27.272483825683594
2023-01-25 00:00:00,1552.8,1636.6,1513.6,1608.7,63.31547546386719
2023-01-26 00:00:00,1608.9,1629.5,1575.9,1598.3,46.79927444458008
2023-01-27 00:00:00,1598.3,1618.4,1550.7,1594.0,12.142937660217285
2023-01-28 00:00:00,1594.0,1602.8,1554.3,1569.6,3.2488420009613037
2023-01-29 00:00:00,1569.6,1657.4,1564.0,1641.9,5.717741966247559
2023-01-30 00:00:00,1641.9,1644.1,1532.7,1563.5,49.221824645996094
2023-01-31 00:00:00,1563.7,1601.8,1558.7,1582.6,27.868661880493164
2023-02-01 00:00:00,1582.6,1644.4,1555.9,1638.7,6.306111812591553
2023-02-02 00:00:00,1638.9,1710.9,1623.5,1640.2,12.143637657165527
2023-02-03 00:00:00,1640.6,1672.4,1624.9,1659.3,22.481971740722656
2023-02-04 00:00:00,1659.3,1691.6,1641.2,1663.6,8.230685234069824
2023-02-05 00:00:00,1663.6,1670.4,1607.7,1626.4,12.391658782958984
2023-02-06 00:00:00,1626.4,1655.1,1603.4,1611.5,6.442026138305664
2023-02-07 00:00:00,1611.5,1674.9,1610.4,1668.4,6.862646102905273
2023-02-08 00:00:00,1668.5,1694.5,1628.7,1647.4,4.461228847503662
2023-02-09 00:00:00,1647.5,1652.7,1521.9,1542.7,6.373187065124512
2023-02-10 00:00:00,1542.7,1551.5,1490.3,1508.7,8.118998527526855
2023-02-11 00:00:00,1508.7,1540.3,1502.4,1535.9,10.34161376953125
2023-02-12 00:00:00,1535.9,1545.0,1490.8,1512.6,1.9340920448303223
2023-02-13 00:00:00,1512.6,1523.4,1460.3,1502.9,7.573413848876953
2023-02-14 00:00:00,1503.2,1564.7,1490.7,1552.4,28.111942291259766
2023-02-15 00:00:00,1552.7,1676.2,1539.9,1671.9,40.33086395263672
2023-02-16 00:00:00,1671.9,1737.7,1630.5,1634.6,58.96159744262695
2023-02-17 00:00:00,1634.3,1716.3,1627.4,1690.4,43.94131088256836
2023-02-18 00:00:00,1690.4,1710.2,1677.6,1688.9,2.0927460193634033
2023-02-19 00:00:00,1688.9,1722.8,1664.3,1677.5,16.13596534729004
2023-02-20 00:00:00,1677.3,1716.2,1648.0,1699.3,46.726680755615234
2023-02-21 00:00:00,1699.3,1712.7,1634.4,1655.8,49.37106704711914
2023-02-22 00:00:00,1655.8,1663.3,1594.2,1639.9,37.38134002685547
2023-02-23 00:00:00,1639.7,1674.8,1625.8,1647.4,33.42737579345703
2023-02-24 00:00:00,1647.5,1661.5,1573.3,1603.5,2.8002610206604004
2023-02-25 00:00:00,1603.5,1604.9,1555.4,1591.5,7.661192893981934
2023-02-26 00:00:00,1591.6,1647.4,1585.1,1638.3,9.405288696289062
2023-02-27 00:00:00,1638.2,1661.9,1605.3,1630.8,1.2170259952545166
2023-02-28 00:00:00,1630.6,1644.6,1594.5,1602.4,0.7926120162010193
2023-03-01 00:00:00,1602.5,1666.7,1593.1,1662.2,1.1014460325241089
2023-03-02 00:00:00,1662.3,1674.7,1616.1,1645.0,1.0458099842071533
2023-03-03 00:00:00,1645.1,1646.2,1538.0,1565.5,5.025365829467773
2023-03-04 00:00:00,1565.5,1573.2,1546.3,1563.6,5.6944122314453125
2023-03-05 00:00:00,1563.5,1585.0,1550.7,1561.4,9.70232105255127
2023-03-06 00:00:00,1561.4,1580.3,1552.4,1562.9,0.3127880096435547
2023-03-07 00:00:00,1562.9,1580.6,1533.5,1558.8,1.5363930463790894
2023-03-08 00:00:00,1558.9,1567.3,1525.6,1529.6,1.7685960531234741
2023-03-09 00:00:00,1529.6,1543.3,1409.2,1433.2,4.822850227355957
2023-03-10 00:00:00,1433.1,1434.5,1367.2,1428.5,53.41123580932617
2023-03-11 00:00:00,1428.5,1494.9,1413.3,1479.3,25.61014175415039
2023-03-12 00:00:00,1478.9,1607.3,1455.0,1588.5,38.003997802734375
2023-03-13 00:00:00,1587.9,1696.9,1567.6,1676.6,41.5118408203125
2023-03-14 00:00:00,1676.3,1780.3,1660.5,1701.7,38.949676513671875
2023-03-15 00:00:00,1701.7,1718.2,1611.9,1652.2,11.81518268585205
2023-03-16 00:00:00,1652.2,1692.2,1634.6,1673.7,6.564745903015137
2023-03-17 00:00:00,1673.8,1799.4,1663.3,1789.6,10.346691131591797
2023-03-18 00:00:00,1789.7,1841.7,1749.5,1759.4,41.11418533325195
2023-03-19 00:00:00,1759.5,1842.5,1758.7,1782.7,41.62514114379883
2023-03-20 00:00:00,1782.8,1805.4,1726.2,1735.3,24.728483200073242
2023-03-21 00:00:00,1735.4,1836.0,1721.2,1803.8,22.350597381591797
2023-03-22 00:00:00,1803.8,1820.3,1712.5,1735.7,17.32079315185547
2023-03-23 00:00:00,1735.9,1855.9,1731.0,1813.8,6.907793998718262
2023-03-24 00:00:00,1813.9,1818.6,1725.7,1740.1,7.844252109527588
2023-03-25 00:00:00,1748.4,1761.1,1713.0,1740.9,3.893996000289917
2023-03-26 00:00:00,1740.9,1797.3,1738.4,1772.9,5.840662956237793
2023-03-27 00:00:00,1772.7,1778.9,1685.1,1713.2,12.732888221740723
2023-03-28 00:00:00,1713.2,1791.5,1699.8,1770.2,6.023561954498291
2023-03-29 00:00:00,1770.3,1823.5,1770.1,1790.2,5.676624774932861
2023-03-30 00:00:00,1790.3,1826.0,1761.1,1790.7,18.052188873291016
2023-03-31 00:00:00,1790.8,1843.0,1777.9,1817.8,7.556571006774902
2023-04-01 00:00:00,1817.9,1838.7,1806.6,1818.6,17.520675659179688
2023-04-02 00:00:00,1818.7,1822.0,1771.2,1792.3,2.6430580615997314
2023-04-03 00:00:00,1792.3,1836.9,1761.5,1808.1,8.206110954284668
2023-04-04 00:00:00,1808.3,1887.8,1800.6,1868.8,7.373353958129883
2023-04-05 00:00:00,1868.3,1938.9,1862.2,1906.3,18.310409545898438
2023-04-06 00:00:00,1906.3,1907.3,1852.8,1870.5,6.000370025634766
2023-04-07 00:00:00,1870.5,1880.4,1841.3,1861.1,3.2560648918151855
2023-04-08 00:00:00,1861.1,1876.2,1845.1,1847.1,1.5430079698562622
2023-04-09 00:00:00,1847.1,1871.0,1823.1,1856.7,8.495431900024414
2023-04-10 00:00:00,1856.7,1916.5,1844.9,1908.3,12.747310638427734
2023-04-11 00:00:00,1908.4,1934.9,1883.0,1888.9,6.329525947570801
2023-04-12 00:00:00,1889.0,1930.7,1855.7,1915.9,8.946416854858398
2023-04-13 00:00:00,1916.0,2020.6,1898.2,2011.4,15.241511344909668
2023-04-14 00:00:00,2011.4,2127.5,2008.6,2097.9,24.000051498413086
2023-04-15 00:00:00,2098.2,2108.6,2070.6,2089.4,6.676366806030273
2023-04-16 00:00:00,2089.4,2138.7,2072.2,2117.3,4.470109939575195
2023-04-17 00:00:00,2117.3,2118.9,2056.2,2072.6,7.555645942687988
2023-04-18 00:00:00,2072.7,2120.7,2051.9,2101.6,8.831554412841797
2023-04-19 00:00:00,2101.6,2102.5,1922.3,1933.0,15.104557037353516
2023-04-20 00:00:00,1932.6,1979.7,1913.5,1940.0,14.155638694763184
2023-04-21 00:00:00,1940.0,1953.6,1824.2,1844.1,13.285199165344238
2023-04-22 00:00:00,1844.2,1884.5,1840.6,1871.3,3.6247758865356445
2023-04-23 00:00:00,1871.4,1879.6,1835.2,1859.1,4.602078914642334
2023-04-24 00:00:00,1859.2,1886.3,1805.4,1839.2,7.501192092895508
2023-04-25 00:00:00,1839.3,1874.4,1800.8,1863.3,7.405028820037842
2023-04-26 00:00:00,1863.3,1961.5,1784.2,1863.9,14.954415321350098
2023-04-27 00:00:00,1863.9,1935.9,1858.9,1905.9,15.084712028503418
2023-04-28 00:00:00,1905.9,1921.4,1872.3,1888.2,37.21440124511719
2023-04-29 00:00:00,1888.1,1915.8,1882.8,1905.8,13.058485984802246
2023-04-30 00:00:00,1905.9,1936.3,1865.7,1867.0,5.298766136169434
2023-05-01 00:00:00,1867.5,1884.0,1803.1,1828.2,21.47772789001465
2023-05-02 00:00:00,1828.2,1878.7,1821.6,1867.8,20.67622947692871
2023-05-03 00:00:00,1867.9,1913.1,1841.4,1902.6,8.95903205871582
2023-05-04 00:00:00,1902.9,1914.9,1864.8,1875.2,4.6969099044799805
2023-05-05 00:00:00,1875.2,1996.8,1873.8,1991.9,17.524080276489258
2023-05-06 00:00:00,1992.0,2015.7,1862.2,1897.0,16.277053833007812
2023-05-07 00:00:00,1896.9,1933.3,1869.2,1870.6,9.790336608886719
2023-05-08 00:00:00,1870.6,1883.6,1809.9,1846.1,14.304819107055664
2023-05-09 00:00:00,1846.1,1859.2,1829.4,1844.9,5.271359920501709
2023-05-10 00:00:00,1845.0,1885.5,1789.3,1839.3,20.673431396484375
2023-05-11 00:00:00,1839.2,1840.2,1770.4,1792.2,44.53306579589844
2023-05-12 00:00:00,1792.5,1813.1,1737.5,1804.2,19.01570701599121
2023-05-13 00:00:00,1804.2,1813.1,1782.7,1792.0,3.3557679653167725
2023-05-14 00:00:00,1792.1,1820.4,1787.6,1797.2,3.276067018508911
2023-05-15 00:00:00,1797.2,1844.4,1783.4,1813.7,13.133479118347168
2023-05-16 00:00:00,1813.7,1829.7,1794.7,1821.9,15.484559059143066
2023-05-17 00:00:00,1821.9,1834.1,1782.4,1819.5,10.756072998046875
2023-05-18 00:00:00,1819.6,1828.8,1769.3,1798.1,3.4363949298858643
2023-05-19 00:00:00,1798.1,1826.5,1794.3,1808.7,2.670944929122925
2023-05-20 00:00:00,1808.7,1826.6,1803.4,1817.3,1.2284489870071411
2023-05-21 00:00:00,1817.4,1826.4,1794.9,1802.2,4.721738815307617
2023-05-22 00:00:00,1802.1,1825.9,1789.1,1814.5,28.847036361694336
2023-05-23 00:00:00,1814.6,1869.0,1812.6,1852.0,15.769023895263672
2023-05-24 00:00:00,1852.1,1852.2,1776.7,1797.9,2.6494300365448
2023-05-25 00:00:00,1797.9,1815.3,1759.8,1803.7,2.342971086502075
2023-05-26 00:00:00,1803.8,1836.0,1795.2,1824.2,1.3176209926605225
2023-05-27 00:00:00,1824.3,1832.8,1811.6,1828.0,1.3454539775848389
2023-05-28 00:00:00,1828.1,1916.7,1821.4,1906.7,9.8273286819458
2023-05-29 00:00:00,1906.8,1925.4,1872.2,1891.1,3.411487102508545
2023-05-30 00:00:00,1891.1,1915.1,1880.3,1899.1,1.6345499753952026
2023-05-31 00:00:00,1899.1,1905.6,1846.7,1871.9,3.1676220893859863
2023-06-01 00:00:00,1872.0,1886.6,1838.9,1859.9,4.045085906982422
2023-06-02 00:00:00,1859.8,1908.5,1846.9,1903.1,6.7871479988098145
2023-06-03 00:00:00,1903.5,1905.3,1880.1,1889.7,11.482556343078613
2023-06-04 00:00:00,1889.6,1912.1,1882.2,1887.7,15.604537010192871
2023-06-05 00:00:00,1887.7,1888.5,1777.8,1809.0,7.588537216186523
2023-06-06 00:00:00,1809.1,1895.6,1796.5,1882.5,3.558640956878662
2023-06-07 00:00:00,1882.6,1894.9,1819.8,1830.6,5.353559970855713
2023-06-08 00:00:00,1830.6,1859.3,1826.4,1844.2,2.3510329723358154
2023-06-09 00:00:00,1844.3,1852.9,1825.9,1836.4,2.5827128887176514
2023-06-10 00:00:00,1836.4,1840.8,1717.0,1749.6,17.098031997680664
2023-06-11 00:00:00,1749.7,1775.6,1737.7,1750.9,21.42633628845215
2023-06-12 00:00:00,1750.7,1756.7,1719.5,1740.2,8.526341438293457
2023-06-13 00:00:00,1740.3,1763.2,1722.8,1737.5,21.67681312561035
2023-06-14 00:00:00,1737.5,1747.6,1628.9,1648.9,6.900897979736328
2023-06-15 00:00:00,1648.9,1676.4,1621.4,1663.1,11.749537467956543
2023-06-16 00:00:00,1663.1,1725.1,1649.1,1712.7,6.304829120635986
2023-06-17 00:00:00,1713.0,1764.7,1709.2,1725.1,3.0655980110168457
2023-06-18 00:00:00,1725.1,1745.2,1711.7,1718.3,5.822189807891846
2023-06-19 00:00:00,1718.4,1748.1,1699.6,1734.4,4.6955671310424805
2023-06-20 00:00:00,1734.5,1793.9,1712.3,1790.7,5.186604022979736
2023-06-21 00:00:00,1790.8,1898.3,1785.8,1887.3,12.419705390930176
2023-06-22 00:00:00,1887.2,1930.7,1864.6,1870.2,20.746673583984375
2023-06-23 00:00:00,1869.9,1933.8,1861.3,1889.6,8.03511905670166
2023-06-24 00:00:00,1889.6,1902.8,1863.8,1873.5,3.3351900577545166
2023-06-25 00:00:00,1873.6,1927.4,1867.7,1896.8,29.36612892150879
2023-06-26 00:00:00,1897.0,1906.3,1835.2,1856.8,20.47835922241211
2023-06-27 00:00:00,1856.8,1909.8,1852.7,1887.4,7.386283874511719
2023-06-28 00:00:00,1887.5,1888.0,1816.1,1825.1,11.21365737915039
2023-06-29 00:00:00,1825.0,1877.0,1824.9,1849.7,25.62757682800293
2023-06-30 00:00:00,1849.7,1943.9,1823.4,1929.2,35.26875686645508
2023-07-01 00:00:00,1929.5,1940.0,1904.6,1921.9,25.853580474853516
2023-07-02 00:00:00,1922.0,1956.7,1884.9,1934.9,23.695369720458984
2023-07-03 00:00:00,1934.8,1974.3,1931.7,1953.2,18.006362915039062
2023-07-04 00:00:00,1953.2,1964.4,1929.3,1933.8,5.156966209411621
2023-07-05 00:00:00,1933.9,1940.1,1893.0,1908.6,16.8072566986084
2023-07-06 00:00:00,1908.6,1955.3,1844.0,1844.0,22.840572357177734
2023-07-07 00:00:00,1844.0,1875.4,1824.1,1866.9,22.271831512451172
2023-07-08 00:00:00,1867.1,1869.0,1838.3,1863.2,5.288881778717041
2023-07-09 00:00:00,1863.3,1876.7,1853.5,1860.9,21.030559539794922
2023-07-10 00:00:00,1861.0,1903.2,1844.8,1878.3,4.9104108810424805
2023-07-11 00:00:00,1878.4,1888.6,1860.3,1876.1,3.354048013687134
2023-07-12 00:00:00,1876.2,1899.8,1863.1,1869.2,8.079595565795898
2023-07-13 00:00:00,1869.0,2011.3,1860.7,2003.5,35.67517852783203
2023-07-14 00:00:00,2003.6,2026.6,1897.5,1934.7,13.710030555725098
2023-07-15 00:00:00,1934.6,1944.6,1922.6,1929.3,17.838289260864258
2023-07-16 00:00:00,1929.2,1941.4,1912.8,1920.7,24.960142135620117
2023-07-17 00:00:00,1920.6,1934.3,1872.0,1909.2,16.60367774963379
2023-07-18 00:00:00,1909.3,1914.8,1875.2,1895.2,4.643380165100098
2023-07-19 00:00:00,1895.3,1919.2,1880.4,1886.4,4.206405162811279
2023-07-20 00:00:00,1886.4,1926.4,1875.8,1889.2,4.697480201721191
2023-07-21 00:00:00,1889.3,1902.8,1882.6,1887.8,2.1308419704437256
2023-07-22 00:00:00,1887.9,1893.3,1850.3,1864.1,2.9266090393066406
2023-07-23 00:00:00,1864.2,1902.2,1856.3,1886.2,11.885542869567871
2023-07-24 00:00:00,1886.2,1888.2,1831.1,1846.7,10.991230964660645
2023-07-25 00:00:00,1846.8,1864.8,1841.8,1854.7,9.398625373840332
2023-07-26 00:00:00,1854.6,1884.5,1845.6,1868.9,8.374850273132324
2023-07-27 00:00:00,1869.0,1882.9,1851.9,1857.9,5.485628128051758
2023-07-28 00:00:00,1857.8,1879.6,1854.0,1869.7,16.61738395690918
2023-07-29 00:00:00,1869.6,1882.9,1865.3,1877.9,9.071459770202637
2023-07-30 00:00:00,1878.0,1882.1,1846.9,1858.6,21.362022399902344
2023-07-31 00:00:00,1858.5,1873.6,1848.5,1852.9,8.988557815551758
2023-08-01 00:00:00,1852.8,1871.6,1812.6,1869.7,9.578256607055664
2023-08-02 00:00:00,1869.7,1875.5,1817.9,1836.3,2.2354259490966797
2023-08-03 00:00:00,1836.3,1854.3,1822.8,1831.4,1.9984970092773438
2023-08-04 00:00:00,1831.4,1846.7,1813.0,1823.2,1.8383129835128784
2023-08-05 00:00:00,1823.2,1834.3,1820.3,1832.1,1.4999799728393555
2023-08-06 00:00:00,1832.1,1833.7,1821.2,1824.9,3.1955909729003906
2023-08-07 00:00:00,1825.1,1841.1,1797.8,1823.7,1.841372013092041
2023-08-08 00:00:00,1824.2,1872.5,1821.2,1852.6,5.246841907501221
2023-08-09 00:00:00,1852.7,1867.7,1842.0,1851.2,4.6128997802734375
2023-08-10 00:00:00,1851.1,1861.2,1842.2,1847.6,2.5838680267333984
2023-08-11 00:00:00,1847.6,1852.4,1834.2,1842.8,0.8976650238037109
2023-08-12 00:00:00,1842.8,1849.8,1841.3,1844.8,0.46496400237083435
2023-08-13 00:00:00,1846.1,1858.0,1830.7,1836.8,1.2395440340042114
2023-08-14 00:00:00,1836.8,1851.2,1831.4,1841.0,6.527431964874268
2023-08-15 00:00:00,1841.0,1842.8,1810.9,1824.1,0.588047981262207
2023-08-16 00:00:00,1824.0,1826.3,1794.6,1802.8,1.9259660243988037
2023-08-17 00:00:00,1802.7,1807.1,1548.1,1678.5,5.845483779907227
2023-08-18 00:00:00,1678.4,1696.2,1640.3,1657.1,6.7965922355651855
2023-08-19 00:00:00,1656.9,1692.5,1649.7,1666.4,7.387847900390625
2023-08-20 00:00:00,1666.5,1691.1,1658.5,1682.3,2.4491889476776123
2023-08-21 00:00:00,1682.4,1684.5,1647.9,1664.5,0.7362840175628662
2023-08-22 00:00:00,1664.6,1666.2,1578.8,1631.3,1.8974529504776
2023-08-23 00:00:00,1631.4,1697.4,1625.9,1676.2,2.9869580268859863
2023-08-24 00:00:00,1676.1,1680.0,1635.0,1657.5,2.985403060913086
2023-08-25 00:00:00,1657.6,1671.8,1632.2,1648.8,1.4779109954833984
2023-08-26 00:00:00,1648.8,1650.5,1638.9,1643.2,0.5965840220451355
2023-08-27 00:00:00,1643.2,1655.9,1641.9,1654.8,0.9528689980506897
2023-08-28 00:00:00,1654.8,1658.9,1622.0,1649.1,3.12084698677063
2023-08-29 00:00:00,1649.0,1742.1,1636.1,1726.8,5.014534950256348
2023-08-30 00:00:00,1726.6,1727.9,1693.3,1702.3,4.932178020477295
2023-08-31 00:00:00,1702.2,1721.6,1628.5,1642.5,2.685368061065674
2023-09-01 00:00:00,1642.4,1651.1,1599.3,1624.1,7.13808012008667
2023-09-02 00:00:00,1624.2,1641.4,1623.1,1633.7,15.2161283493042
2023-09-03 00:00:00,1633.6,1643.6,1621.8,1632.6,18.05710792541504
2023-09-04 00:00:00,1632.7,1641.4,1613.5,1626.4,5.435577869415283
2023-09-05 00:00:00,1626.3,1643.6,1606.2,1630.7,3.3884830474853516
2023-09-06 00:00:00,1630.6,1665.4,1607.4,1629.1,4.329287052154541
2023-09-07 00:00:00,1629.2,1655.4,1619.8,1645.1,1.6764520406723022
2023-09-08 00:00:00,1645.1,1655.2,1613.5,1631.7,0.5411649942398071
2023-09-09 00:00:00,1631.8,1633.2,1625.6,1632.0,0.4108079969882965
2023-09-10 00:00:00,1632.1,1632.3,1594.4,1613.9,2.293375015258789
2023-09-11 00:00:00,1614.0,1615.6,1529.6,1548.3,4.126389980316162
2023-09-12 00:00:00,1548.2,1620.2,1546.0,1590.2,2.3785479068756104
2023-09-13 00:00:00,1590.2,1614.8,1578.7,1605.2,0.6313480138778687
2023-09-14 00:00:00,1605.2,1640.7,1604.2,1624.1,0.8585289716720581
2023-09-15 00:00:00,1624.1,1649.3,1608.9,1637.3,0.8738250136375427
2023-09-16 00:00:00,1637.4,1648.4,1628.4,1631.5,1.1660109758377075
2023-09-17 00:00:00,1631.5,1632.1,1609.6,1620.0,11.018170356750488
2023-09-18 00:00:00,1620.1,1666.1,1605.2,1634.0,2.843271017074585
2023-09-19 00:00:00,1633.9,1657.7,1624.7,1640.4,3.741982936859131
2023-09-20 00:00:00,1640.3,1646.4,1602.9,1619.2,3.702009916305542
2023-09-21 00:00:00,1619.1,1622.3,1564.9,1580.7,4.499797821044922
2023-09-22 00:00:00,1580.8,1599.2,1574.0,1588.7,3.828857898712158
2023-09-23 00:00:00,1588.7,1593.8,1584.4,1590.5,13.097700119018555
2023-09-24 00:00:00,1590.6,1597.9,1568.4,1577.9,19.994991302490234
2023-09-25 00:00:00,1577.9,1593.9,1560.9,1584.8,3.8063580989837646
2023-09-26 00:00:00,1584.9,1595.3,1576.9,1590.2,2.9401960372924805
2023-09-27 00:00:00,1590.2,1629.8,1580.7,1594.6,2.5872631072998047
2023-09-28 00:00:00,1594.6,1664.5,1594.1,1649.9,1.6485919952392578
2023-09-29 00:00:00,1649.9,1685.2,1645.6,1663.4,0.8336340188980103
2023-09-30 00:00:00,1663.4,1690.8,1661.9,1667.8,1.5049749612808228
2023-10-01 00:00:00,1667.8,1750.2,1665.3,1730.2,6.384744167327881
2023-10-02 00:00:00,1730.1,1740.6,1634.7,1659.9,9.178228378295898
2023-10-03 00:00:00,1659.9,1667.5,1640.6,1653.8,3.1955249309539795
2023-10-04 00:00:00,1653.9,1654.7,1623.7,1643.4,7.199831008911133
2023-10-05 00:00:00,1643.5,1651.6,1606.1,1608.9,4.199737071990967
2023-10-06 00:00:00,1609.0,1657.9,1609.0,1641.6,6.0260491371154785
2023-10-07 00:00:00,1641.6,1644.4,1628.1,1631.6,6.568920135498047
2023-10-08 00:00:00,1631.6,1639.4,1614.6,1630.7,1.8154770135879517
2023-10-09 00:00:00,1630.8,1633.3,1547.1,1577.0,5.666014194488525
2023-10-10 00:00:00,1576.9,1591.8,1548.8,1564.8,7.4570841789245605
2023-10-11 00:00:00,1564.8,1575.3,1543.3,1563.5,2.8692240715026855
2023-10-12 00:00:00,1563.6,1565.2,1519.0,1536.4,4.684403896331787
2023-10-13 00:00:00,1536.4,1570.2,1534.3,1547.7,5.274274826049805
2023-10-14 00:00:00,1547.6,1557.9,1541.0,1551.5,21.05784034729004
2023-10-15 00:00:00,1551.6,1563.0,1546.3,1554.9,17.241037368774414
2023-10-16 00:00:00,1555.0,1637.5,1552.3,1597.6,13.628618240356445
2023-10-17 00:00:00,1597.6,1598.4,1550.2,1562.2,5.961100101470947
2023-10-18 00:00:00,1562.1,1582.8,1553.1,1560.6,8.428860664367676
2023-10-19 00:00:00,1560.7,1572.1,1539.5,1564.4,6.363650798797607
2023-10-20 00:00:00,1564.6,1628.3,1558.9,1600.6,10.332422256469727
2023-10-21 00:00:00,1600.5,1640.7,1588.8,1626.1,16.822620391845703
2023-10-22 00:00:00,1626.2,1664.7,1619.0,1660.7,26.913583755493164
2023-10-23 00:00:00,1661.0,1792.4,1654.8,1763.0,21.831388473510742
2023-10-24 00:00:00,1763.0,1851.1,1752.9,1782.1,23.348270416259766
2023-10-25 00:00:00,1782.1,1813.7,1757.8,1784.9,4.107189178466797
2023-10-26 00:00:00,1784.9,1862.8,1760.3,1801.3,2.7893619537353516
2023-10-27 00:00:00,1801.3,1801.4,1744.1,1775.5,5.5225749015808105
2023-10-28 00:00:00,1775.4,1799.4,1768.5,1773.4,22.186439514160156
2023-10-29 00:00:00,1773.2,1809.1,1760.1,1793.1,10.596025466918945
2023-10-30 00:00:00,1793.1,1827.5,1775.9,1807.0,2.4801928997039795
2023-10-31 00:00:00,1807.0,1817.1,1779.7,1812.0,1.067594051361084
2023-11-01 00:00:00,1812.0,1855.2,1782.6,1845.1,1.8307679891586304
2023-11-02 00:00:00,1845.2,1872.3,1783.4,1798.3,2.4101080894470215
2023-11-03 00:00:00,1798.4,1831.3,1775.4,1829.5,3.948199987411499
2023-11-04 00:00:00,1829.4,1867.2,1820.8,1854.0,15.439970016479492
2023-11-05 00:00:00,1853.9,1909.7,1844.7,1891.0,28.23047637939453
2023-11-06 00:00:00,1890.0,1912.4,1867.9,1898.7,6.937467098236084
2023-11-07 00:00:00,1898.6,1905.1,1848.0,1884.1,8.525334358215332
2023-11-08 00:00:00,1884.1,1902.1,1871.1,1886.5,4.476805210113525
2023-11-09 00:00:00,1886.5,2128.5,1880.7,2119.2,11.660714149475098
2023-11-10 00:00:00,2118.8,2133.3,2063.6,2074.2,12.074134826660156
2023-11-11 00:00:00,2074.3,2087.8,2027.8,2049.9,38.50713348388672
2023-11-12 00:00:00,2050.0,2063.9,2013.0,2042.8,15.671645164489746
2023-11-13 00:00:00,2043.0,2115.6,2027.7,2051.9,12.217120170593262
2023-11-14 00:00:00,2051.9,2062.1,1934.5,1977.1,12.993673324584961
2023-11-15 00:00:00,1977.1,2060.4,1964.9,2057.3,2.525113105773926
2023-11-16 00:00:00,2057.3,2088.9,1937.1,1959.3,6.701425075531006
2023-11-17 00:00:00,1959.3,1988.6,1904.4,1957.6,3.458367109298706
2023-11-18 00:00:00,1957.6,1969.0,1915.0,1960.2,6.594409942626953
2023-11-19 00:00:00,1960.4,2014.1,1941.8,2010.0,6.370797157287598
2023-11-20 00:00:00,2009.9,2064.7,1992.7,2019.4,5.779118061065674
2023-11-21 00:00:00,2019.5,2032.9,1930.2,1932.1,3.6752450466156006
2023-11-22 00:00:00,1932.1,2089.6,1928.6,2060.9,8.443821907043457
2023-11-23 00:00:00,2061.0,2085.6,2037.6,2059.4,13.320591926574707
2023-11-24 00:00:00,2059.5,2130.9,2057.1,2078.4,4.58859395980835
2023-11-25 00:00:00,2078.5,2088.2,2063.9,2080.7,10.072772026062012
2023-11-26 00:00:00,2080.7,2091.8,2034.6,2059.9,5.354214191436768
2023-11-27 00:00:00,2060.0,2069.1,1983.6,2024.8,1.618783950805664
2023-11-28 00:00:00,2024.8,2073.0,1992.7,2046.0,1.5940710306167603
2023-11-29 00:00:00,2046.2,2072.3,2017.2,2026.2,0.9462559819221497
2023-11-30 00:00:00,2026.2,2052.2,2019.2,2049.7,0.8935840129852295
2023-12-01 00:00:00,2049.8,2108.1,2043.2,2084.3,1.591012954711914
2023-12-02 00:00:00,2084.3,2185.1,2082.7,2162.3,28.1151123046875
2023-12-03 00:00:00,2162.3,2213.5,2148.1,2190.8,13.071284294128418
2023-12-04 00:00:00,2190.9,2271.0,2189.7,2240.0,10.964736938476562
2023-12-05 00:00:00,2240.2,2306.5,2186.6,2291.1,4.250948905944824
2023-12-06 00:00:00,2291.2,2309.1,2218.6,2230.2,5.596508979797363
2023-12-07 00:00:00,2230.3,2380.6,2220.9,2353.8,3.1820290088653564
2023-12-08 00:00:00,2353.8,2388.0,2336.3,2354.4,2.854630947113037
2023-12-09 00:00:00,2354.7,2399.1,2326.9,2337.4,5.909142017364502
2023-12-10 00:00:00,2337.6,2374.0,2320.1,2348.8,3.7663979530334473
2023-12-11 00:00:00,2349.2,2352.0,2142.7,2221.5,22.21976661682129
2023-12-12 00:00:00,2221.2,2240.1,2162.6,2199.8,30.866315841674805
2023-12-13 00:00:00,2199.5,2279.9,2143.4,2257.8,26.644691467285156
2023-12-14 00:00:00,2257.6,2329.1,2227.5,2313.2,25.282249450683594
2023-12-15 00:00:00,2313.3,2315.3,2195.6,2216.1,21.686439514160156
2023-12-16 00:00:00,2216.4,2257.7,2205.8,2223.5,27.77004051208496
2023-12-17 00:00:00,2223.2,2242.1,2189.4,2192.7,28.801727294921875
2023-12-18 00:00:00,2192.6,2220.7,2113.4,2216.5,9.302450180053711
2023-12-19 00:00:00,2216.5,2251.2,2132.5,2174.7,5.194119930267334
2023-12-20 00:00:00,2174.7,2262.0,2155.3,2199.2,21.478118896484375
2023-12-21 00:00:00,2199.2,2276.5,2180.3,2238.2,6.413957118988037
2023-12-22 00:00:00,2237.4,2340.3,2228.8,2322.5,9.667302131652832
2023-12-23 00:00:00,2322.7,2328.4,2264.4,2306.3,6.3470458984375
2023-12-24 00:00:00,2306.3,2323.4,2244.5,2261.5,9.099628448486328
2023-12-25 00:00:00,2265.3,2282.7,2259.3,2269.7,1.4898229837417603
2023-12-26 00:00:00,2269.7,2272.5,2178.6,2228.2,5.482054233551025
2023-12-27 00:00:00,2228.3,2390.8,2209.2,2379.3,10.839638710021973
2023-12-28 00:00:00,2378.7,2443.8,2335.0,2342.9,15.435697555541992
2023-12-29 00:00:00,2343.0,2383.7,2252.5,2295.2,19.4127197265625
2023-12-30 00:00:00,2295.2,2319.1,2265.6,2288.7,6.908702850341797
2023-12-31 00:00:00,2288.9,2316.2,2274.7,2298.4,4.2684149742126465
2024-01-01 00:00:00,2338.2,2349.4,2321.7,2349.4,1.4527980089187622
2024-01-02 00:00:00,2349.4,2430.0,2343.5,2353.3,7.551751136779785
2024-01-03 00:00:00,2353.3,2382.4,2101.5,2207.8,21.494773864746094
2024-01-04 00:00:00,2207.8,2293.8,2202.5,2266.2,23.102256774902344
2024-01-05 00:00:00,2266.4,2274.6,2205.0,2266.2,29.20301628112793
2024-01-06 00:00:00,2266.6,2267.5,2214.3,2238.9,10.319795608520508
2024-01-07 00:00:00,2238.5,2255.2,2205.8,2219.9,14.74703598022461
2024-01-08 00:00:00,2219.9,2357.4,2165.0,2329.1,34.224464416503906
2024-01-09 00:00:00,2329.1,2368.8,2231.4,2341.8,39.81217575073242
2024-01-10 00:00:00,2341.8,2637.4,2337.7,2582.1,123.20137786865234
2024-01-11 00:00:00,2582.1,2688.0,2564.1,2615.8,115.65635681152344
2024-01-12 00:00:00,2615.7,2715.3,2451.6,2517.7,123.99422454833984
2024-01-13 00:00:00,2517.7,2587.4,2492.3,2575.5,61.8969612121582
2024-01-14 00:00:00,2574.8,2576.3,2465.4,2468.2,59.70734786987305
2024-01-15 00:00:00,2468.1,2549.5,2466.6,2507.9,91.20026397705078
2024-01-16 00:00:00,2507.9,2611.5,2496.1,2584.1,95.38375854492188
2024-01-17 00:00:00,2584.0,2590.1,2502.9,2525.5,96.5113296508789
2024-01-18 00:00:00,2525.5,2544.2,2422.2,2466.4,102.57307434082031
2024-01-19 00:00:00,2466.5,2500.6,2411.3,2485.8,80.90052032470703
2024-01-20 00:00:00,2485.7,2485.7,2448.0,2469.3,16.726499557495117
2024-01-21 00:00:00,2469.3,2479.4,2450.5,2452.9,9.032713890075684
2024-01-22 00:00:00,2453.0,2463.0,2300.8,2310.4,51.091007232666016
2024-01-23 00:00:00,2310.3,2347.8,2163.6,2239.1,57.01072692871094
2024-01-24 00:00:00,2239.8,2261.7,2193.8,2232.1,40.534515380859375
2024-01-25 00:00:00,2232.5,2239.8,2168.8,2214.9,36.288455963134766
2024-01-26 00:00:00,2214.6,2279.5,2193.4,2263.2,37.91859817504883
2024-01-27 00:00:00,2263.9,2278.2,2248.8,2265.6,11.194877624511719
2024-01-28 00:00:00,2265.6,2305.7,2241.3,2254.4,25.90455436706543
2024-01-29 00:00:00,2254.5,2320.0,2232.0,2315.1,31.809242248535156
2024-01-30 00:00:00,2315.0,2389.2,2294.8,2340.6,33.95234298706055
2024-01-31 00:00:00,2340.7,2349.4,2261.0,2280.6,41.20950698852539
2024-02-01 00:00:00,2280.6,2309.0,2239.8,2301.5,32.225555419921875
2024-02-02 00:00:00,2301.4,2321.4,2279.0,2303.9,24.874561309814453
2024-02-03 00:00:00,2303.9,2324.3,2288.5,2293.6,14.340702056884766
2024-02-04 00:00:00,2293.6,2307.8,2265.7,2287.2,21.483867645263672
2024-02-05 00:00:00,2287.2,2334.4,2266.0,2296.1,24.326839447021484
2024-02-06 00:00:00,2296.1,2388.2,2293.2,2370.1,28.063947677612305
2024-02-07 00:00:00,2370.1,2442.1,2351.1,2422.6,25.52532958984375
2024-02-08 00:00:00,2422.7,2459.4,2409.1,2417.3,21.26084327697754
2024-02-09 00:00:00,2417.2,2520.9,2416.6,2483.5,34.83279800415039
2024-02-10 00:00:00,2483.4,2514.0,2470.7,2497.8,24.249780654907227
2024-02-11 00:00:00,2497.9,2537.2,2491.8,2504.7,28.715391159057617
2024-02-12 00:00:00,2504.6,2663.3,2470.6,2657.4,40.119285583496094
2024-02-13 00:00:00,2657.5,2683.7,2588.8,2638.8,45.452491760253906
2024-02-14 00:00:00,2638.1,2784.8,2616.6,2773.7,46.84992980957031
2024-02-15 00:00:00,2773.9,2866.4,2760.1,2821.6,31.077499389648438
2024-02-16 00:00:00,2822.3,2856.0,2744.3,2799.8,31.16080093383789
2024-02-17 00:00:00,2799.8,2802.6,2718.1,2784.3,28.720531463623047
2024-02-18 00:00:00,2784.4,2891.4,2764.0,2878.9,38.69328689575195
2024-02-19 00:00:00,2879.1,2980.6,2856.0,2942.3,52.33220291137695
2024-02-20 00:00:00,2941.8,3030.6,2872.8,3012.9,53.18059158325195
2024-02-21 00:00:00,3012.9,3015.2,2867.4,2965.9,59.19165802001953
2024-02-22 00:00:00,2966.1,3033.0,2904.0,2968.0,50.25670623779297
2024-02-23 00:00:00,2967.9,2991.0,2901.8,2917.7,42.11328887939453
2024-02-24 00:00:00,2917.8,3003.0,2901.9,2989.7,25.745840072631836
2024-02-25 00:00:00,2989.8,3118.2,2981.4,3110.3,44.61957931518555
2024-02-26 00:00:00,3110.3,3194.6,3035.3,3175.0,45.08007049560547
2024-02-27 00:00:00,3175.1,3286.6,3164.3,3240.6,43.49315643310547
2024-02-28 00:00:00,3241.1,3485.2,3183.8,3383.2,62.69878387451172
2024-02-29 00:00:00,3383.3,3520.1,3299.7,3338.0,77.28881072998047
2024-03-01 00:00:00,3338.1,3450.2,3337.0,3431.9,53.05647659301758
2024-03-02 00:00:00,3432.4,3457.8,3394.0,3419.7,64.44522094726562
2024-03-03 00:00:00,3419.5,3488.8,3360.4,3485.6,76.79344177246094
2024-03-04 00:00:00,3485.7,3640.2,3433.1,3628.3,44.74043273925781
2024-03-05 00:00:00,3629.0,3824.1,3201.7,3554.3,68.7646255493164
2024-03-06 00:00:00,3554.4,3898.5,3498.6,3818.2,70.75605010986328
2024-03-07 00:00:00,3817.5,3935.9,3733.9,3871.0,66.0146255493164
2024-03-08 00:00:00,3870.6,3995.7,3824.4,3888.3,55.25774383544922
2024-03-09 00:00:00,3888.5,3947.0,3873.5,3909.4,57.087181091308594
2024-03-10 00:00:00,3909.6,3967.8,3792.6,3877.6,82.01441955566406
2024-03-11 00:00:00,3877.9,4085.4,3731.7,4062.4,77.19271087646484
2024-03-12 00:00:00,4062.7,4089.7,3830.2,3977.5,70.34326934814453
2024-03-13 00:00:00,3977.5,4080.9,3931.3,4003.5,53.659420013427734
2024-03-14 00:00:00,4004.4,4008.9,3719.6,3877.9,86.88529205322266
2024-03-15 00:00:00,3878.2,3928.9,3565.2,3738.9,115.78107452392578
2024-03-16 00:00:00,3739.4,3777.1,3465.4,3519.1,101.29003143310547
2024-03-17 00:00:00,3519.5,3675.4,3410.0,3639.8,125.11425018310547
2024-03-18 00:00:00,3639.8,3641.0,3453.5,3517.6,79.90316009521484
2024-03-19 00:00:00,3517.5,3542.4,3148.1,3156.5,118.0040054321289
2024-03-20 00:00:00,3156.5,3532.3,3057.6,3512.8,114.93788146972656
2024-03-21 00:00:00,3513.2,3583.6,3408.0,3489.7,82.7419662475586
2024-03-22 00:00:00,3489.7,3539.6,3246.0,3333.1,88.52970123291016
2024-03-23 00:00:00,3333.6,3432.2,3267.1,3327.1,61.45092010498047
2024-03-24 00:00:00,3327.2,3468.6,3297.4,3452.1,76.79801177978516
2024-03-25 00:00:00,3452.4,3656.2,3417.2,3587.6,60.481964111328125
2024-03-26 00:00:00,3587.9,3675.7,3541.8,3587.5,48.64360046386719
2024-03-27 00:00:00,3585.2,3662.9,3460.0,3498.4,53.42748260498047
2024-03-28 00:00:00,3498.4,3608.8,3461.6,3558.5,65.9062728881836
2024-03-29 00:00:00,3558.2,3581.5,3470.5,3506.9,43.532012939453125
2024-03-30 00:00:00,3506.9,3563.8,3483.9,3503.7,53.15705871582031
2024-03-31 00:00:00,3503.8,3652.0,3503.1,3642.7,45.64539337158203
2024-04-01 00:00:00,3642.8,3643.3,3414.3,3501.0,28.927730560302734
2024-04-02 00:00:00,3504.2,3504.2,3211.5,3276.2,30.051647186279297
2024-04-03 00:00:00,3276.1,3364.8,3201.7,3308.6,52.6577262878418
2024-04-04 00:00:00,3308.4,3440.6,3249.7,3325.6,38.14103698730469
2024-04-05 00:00:00,3325.6,3343.3,3208.6,3314.9,46.49916076660156
2024-04-06 00:00:00,3315.0,3395.4,3304.4,3349.9,49.4256591796875
2024-04-07 00:00:00,3350.0,3456.6,3342.3,3451.3,55.066490173339844
2024-04-08 00:00:00,3451.5,3727.3,3405.2,3691.7,60.396881103515625
2024-04-09 00:00:00,3691.8,3723.7,3450.4,3502.8,71.32556915283203
2024-04-10 00:00:00,3502.8,3557.3,3410.8,3542.6,75.421875
2024-04-11 00:00:00,3542.8,3614.8,3471.8,3500.2,58.62102508544922
2024-04-12 00:00:00,3500.3,3550.0,3094.4,3235.0,68.2796401977539
2024-04-13 00:00:00,3234.6,3298.0,2848.5,3007.6,95.67288208007812
2024-04-14 00:00:00,3007.4,3172.8,2907.9,3154.0,137.64559936523438
2024-04-15 00:00:00,3153.8,3276.1,3023.0,3099.4,118.75245666503906
2024-04-16 00:00:00,3099.6,3125.5,2989.4,3082.1,120.5440444946289
2024-04-17 00:00:00,3082.5,3120.9,2912.7,2982.6,113.51891326904297
2024-04-18 00:00:00,2982.3,3091.7,2951.9,3062.4,100.93238830566406
2024-04-19 00:00:00,3061.7,3125.5,2863.7,3053.6,108.15409088134766
2024-04-20 00:00:00,3053.6,3167.0,3015.6,3152.8,41.072940826416016
2024-04-21 00:00:00,3152.7,3194.4,3113.3,3146.3,35.06340789794922
2024-04-22 00:00:00,3146.4,3232.9,3126.2,3199.2,56.664730072021484
2024-04-23 00:00:00,3199.0,3261.8,3151.1,3216.6,77.09038543701172
2024-04-24 00:00:00,3216.5,3290.5,3102.1,3138.0,104.52346801757812
2024-04-25 00:00:00,3137.9,3189.5,3070.4,3153.6,107.12939453125
2024-04-26 00:00:00,3153.5,3165.8,3100.1,3125.7,81.46708679199219
2024-04-27 00:00:00,3125.7,3281.3,3064.0,3253.1,52.426979064941406
2024-04-28 00:00:00,3253.1,3354.9,3247.9,3260.9,53.80802536010742
2024-04-29 00:00:00,3261.1,3285.2,3114.1,3214.7,82.65000915527344
2024-04-30 00:00:00,3214.5,3248.6,2916.4,3010.6,126.67731475830078
2024-05-01 00:00:00,3010.4,3021.2,2813.8,2969.8,165.13360595703125
2024-05-02 00:00:00,2969.0,3014.2,2890.1,2985.5,97.6811752319336
2024-05-03 00:00:00,2985.4,3125.8,2956.5,3099.7,66.41791534423828
2024-05-04 00:00:00,3099.8,3165.8,3089.6,3115.8,40.55778121948242
2024-05-05 00:00:00,3115.8,3169.4,3072.4,3134.3,47.42689514160156
2024-05-06 00:00:00,3134.5,3218.5,3044.2,3060.3,50.567901611328125
2024-05-07 00:00:00,3060.5,3127.5,2998.3,3003.2,47.2432861328125
2024-05-08 00:00:00,3003.3,3035.5,2934.3,2971.7,42.37629318237305
2024-05-09 00:00:00,2971.3,3056.7,2948.5,3033.7,31.27526092529297
2024-05-10 00:00:00,3033.8,3050.8,2876.4,2905.1,35.937496185302734
2024-05-11 00:00:00,2905.0,2939.6,2881.6,2909.4,23.661720275878906
2024-05-12 00:00:00,2909.3,2951.7,2899.2,2926.8,26.641538619995117
2024-05-13 00:00:00,2926.9,2993.5,2862.0,2947.9,36.76566696166992
2024-05-14 00:00:00,2947.8,2957.3,2859.2,2879.6,32.19047546386719
2024-05-15 00:00:00,2880.0,3039.1,2861.4,3030.9,41.843528747558594
2024-05-16 00:00:00,3030.5,3038.9,2921.0,2942.4,43.33235168457031
2024-05-17 00:00:00,2942.5,3117.7,2931.0,3089.0,50.68510055541992
2024-05-18 00:00:00,3088.9,3143.8,3081.0,3120.6,25.58213996887207
2024-05-19 00:00:00,3120.9,3134.1,3049.6,3068.9,33.34037780761719
2024-05-20 00:00:00,3068.8,3689.9,3046.2,3659.0,66.62713623046875
2024-05-21 00:00:00,3659.1,3836.4,3624.0,3787.3,68.4476547241211
2024-05-22 00:00:00,3787.5,3810.3,3651.8,3734.5,53.533973693847656
2024-05-23 00:00:00,3735.2,3944.8,3528.8,3780.2,79.6478271484375
2024-05-24 00:00:00,3780.2,3826.2,3626.8,3722.7,57.77242660522461
2024-05-25 00:00:00,3722.8,3773.4,3703.7,3747.0,33.39548110961914
2024-05-26 00:00:00,3747.0,3879.9,3729.0,3822.7,33.425025939941406
2024-05-27 00:00:00,3823.9,3974.1,3820.9,3889.8,49.00660705566406
2024-05-28 00:00:00,3891.4,3927.4,3769.0,3841.5,57.237796783447266
2024-05-29 00:00:00,3842.0,3883.2,3740.4,3763.4,52.98108673095703
2024-05-30 00:00:00,3763.7,3821.9,3700.6,3745.1,99.19389343261719
2024-05-31 00:00:00,3745.1,3842.8,3721.0,3754.1,83.56394958496094
2024-06-01 00:00:00,3754.8,3829.7,3744.4,3812.8,27.329940795898438
2024-06-02 00:00:00,3813.0,3834.3,3750.4,3778.9,45.494720458984375
2024-06-03 00:00:00,3778.3,3848.0,3756.9,3764.2,80.54444122314453
2024-06-04 00:00:00,3764.6,3829.4,3730.0,3807.8,77.93316650390625
2024-06-05 00:00:00,3808.8,3884.1,3775.8,3863.1,51.396705627441406
2024-06-06 00:00:00,3863.2,3875.3,3757.2,3810.8,62.468021392822266
2024-06-07 00:00:00,3811.0,3838.5,3577.9,3672.0,85.61351013183594
2024-06-08 00:00:00,3672.0,3706.8,3658.8,3678.6,21.084659576416016
2024-06-09 00:00:00,3678.5,3716.9,3663.8,3703.5,17.812118530273438
2024-06-10 00:00:00,3703.5,3710.2,3641.4,3664.5,26.109922409057617
2024-06-11 00:00:00,3664.5,3669.1,3429.2,3494.5,55.728912353515625
2024-06-12 00:00:00,3494.4,3653.6,3459.2,3557.8,44.90840148925781
2024-06-13 00:00:00,3557.7,3559.1,3426.4,3467.0,51.80065155029297
2024-06-14 00:00:00,3467.1,3529.2,3360.6,3475.2,56.11028289794922
2024-06-15 00:00:00,3475.1,3587.5,3466.7,3565.6,29.982959747314453
2024-06-16 00:00:00,3565.5,3647.9,3538.8,3621.7,32.504512786865234
2024-06-17 00:00:00,3621.8,3635.5,3464.1,3509.0,66.21492004394531
2024-06-18 00:00:00,3509.1,3514.9,3354.0,3481.1,91.99822235107422
2024-06-19 00:00:00,3481.5,3585.7,3464.0,3558.1,81.63435363769531
2024-06-20 00:00:00,3558.2,3623.0,3483.4,3510.6,93.66376495361328
2024-06-21 00:00:00,3510.5,3545.2,3444.3,3512.8,106.2282485961914
2024-06-22 00:00:00,3513.1,3515.7,3469.7,3492.5,18.736919403076172
2024-06-23 00:00:00,3492.6,3518.5,3401.2,3417.4,31.85337257385254
2024-06-24 00:00:00,3417.9,3431.5,3231.9,3349.4,70.19129180908203
2024-06-25 00:00:00,3349.4,3426.0,3332.9,3392.1,45.98810577392578
2024-06-26 00:00:00,3392.0,3423.5,3324.1,3368.1,37.274085998535156
2024-06-27 00:00:00,3368.1,3473.5,3359.5,3445.5,30.282115936279297
2024-06-28 00:00:00,3445.5,3484.1,3357.9,3369.3,36.18061828613281
2024-06-29 00:00:00,3369.4,3402.3,3366.5,3372.9,25.811100006103516
2024-06-30 00:00:00,3373.0,3450.9,3347.9,3432.5,38.06892013549805
2024-07-01 00:00:00,3432.5,3517.9,3419.9,3438.6,29.059513092041016
2024-07-02 00:00:00,3438.6,3460.7,3394.7,3416.4,20.414451599121094
2024-07-03 00:00:00,3416.4,3426.8,3249.5,3290.5,37.452728271484375
2024-07-04 00:00:00,3292.4,3308.9,3048.4,3056.6,53.79484176635742
2024-07-05 00:00:00,3056.5,3106.5,2809.2,2977.5,83.0224838256836
2024-07-06 00:00:00,2977.4,3078.6,2951.4,3064.7,42.67692184448242
2024-07-07 00:00:00,3064.8,3070.9,2919.8,2928.7,46.2999267578125
2024-07-08 00:00:00,2928.2,3092.0,2821.2,3016.5,80.20719909667969
2024-07-09 00:00:00,3016.3,3111.7,3001.8,3064.2,62.995399475097656
2024-07-10 00:00:00,3064.2,3148.5,3021.9,3098.7,53.391658782958984
2024-07-11 00:00:00,3098.7,3213.1,3052.6,3097.0,58.44709396362305
2024-07-12 00:00:00,3097.1,3155.5,3045.2,3130.7,59.636199951171875
2024-07-13 00:00:00,3130.5,3198.7,3109.9,3172.6,20.643659591674805
2024-07-14 00:00:00,3172.3,3265.8,3160.3,3242.3,21.942867279052734
2024-07-15 00:00:00,3242.2,3492.2,3230.8,3482.7,36.643707275390625
2024-07-16 00:00:00,3481.5,3495.7,3345.1,3442.7,58.781280517578125
2024-07-17 00:00:00,3442.7,3514.8,3374.4,3385.1,59.309478759765625
2024-07-18 00:00:00,3384.9,3487.1,3365.6,3423.6,45.8179931640625
2024-07-19 00:00:00,3424.0,3538.3,3374.7,3501.4,47.56193923950195
2024-07-20 00:00:00,3501.5,3537.2,3477.7,3515.5,29.14866065979004
2024-07-21 00:00:00,3515.6,3543.3,3409.9,3533.6,41.50959014892578
2024-07-22 00:00:00,3533.7,3560.2,3421.9,3437.6,53.57625198364258
2024-07-23 00:00:00,3437.5,3538.3,3388.0,3480.1,68.01361083984375
2024-07-24 00:00:00,3480.2,3485.7,3300.5,3333.5,48.197898864746094
2024-07-25 00:00:00,3333.4,3339.6,3085.1,3172.7,67.17210388183594
2024-07-26 00:00:00,3172.5,3283.3,3168.1,3270.6,49.530555725097656
2024-07-27 00:00:00,3270.5,3323.3,3187.2,3246.9,34.73550033569336
2024-07-28 00:00:00,3246.8,3281.3,3196.8,3267.7,37.12398147583008
2024-07-29 00:00:00,3267.8,3394.4,3255.5,3315.8,58.879825592041016
2024-07-30 00:00:00,3315.5,3363.1,3231.5,3276.8,49.645206451416016
2024-07-31 00:00:00,3276.7,3345.5,3211.0,3229.6,50.04443359375
2024-08-01 00:00:00,3230.1,3239.8,3077.2,3200.1,50.59908676147461
2024-08-02 00:00:00,3199.7,3215.4,2960.3,2981.5,50.65913009643555
2024-08-03 00:00:00,2981.5,3013.6,2857.1,2900.6,74.8740234375
2024-08-04 00:00:00,2900.5,2931.1,2628.0,2686.6,86.01020812988281
2024-08-05 00:00:00,2686.4,2694.5,2117.2,2417.4,121.44635772705078
2024-08-06 00:00:00,2417.2,2552.3,2413.6,2459.6,80.78418731689453
2024-08-07 00:00:00,2459.5,2549.2,2306.6,2340.9,84.8487548828125
2024-08-08 00:00:00,2340.7,2721.0,2318.4,2681.2,73.01126861572266
2024-08-09 00:00:00,2680.5,2704.6,2550.8,2595.6,72.3688735961914
2024-08-10 00:00:00,2595.8,2641.4,2573.8,2607.6,26.84988021850586
2024-08-11 00:00:00,2607.5,2716.6,2538.9,2553.3,74.38939666748047
2024-08-12 00:00:00,2553.1,2747.5,2508.3,2720.5,81.51909637451172
2024-08-13 00:00:00,2720.5,2736.1,2610.1,2700.1,61.31878662109375
2024-08-14 00:00:00,2700.4,2776.3,2631.3,2659.3,57.94929504394531
2024-08-15 00:00:00,2659.6,2673.1,2515.1,2567.7,56.45167541503906
2024-08-16 00:00:00,2567.9,2628.3,2549.7,2589.4,54.5621452331543
2024-08-17 00:00:00,2589.3,2625.0,2583.9,2612.1,24.99173927307129
2024-08-18 00:00:00,2612.2,2684.3,2592.8,2609.8,35.33174514770508
2024-08-19 00:00:00,2610.0,2645.9,2562.0,2634.2,43.825443267822266
2024-08-20 00:00:00,2635.2,2693.1,2553.1,2570.6,38.546749114990234
2024-08-21 00:00:00,2570.5,2660.8,2534.5,2628.3,45.26170349121094
2024-08-22 00:00:00,2628.4,2642.6,2582.0,2620.7,35.096370697021484
2024-08-23 00:00:00,2620.8,2796.5,2619.4,2760.5,48.14057540893555
2024-08-24 00:00:00,2761.1,2817.6,2730.7,2767.0,34.897499084472656
2024-08-25 00:00:00,2766.8,2788.7,2731.9,2744.6,33.22136306762695
2024-08-26 00:00:00,2744.7,2759.7,2665.2,2678.3,39.31314468383789
2024-08-27 00:00:00,2678.2,2697.4,2393.8,2455.5,48.00448989868164
2024-08-28 00:00:00,2455.4,2552.2,2417.6,2526.0,61.44139099121094
2024-08-29 00:00:00,2525.9,2594.0,2502.3,2525.6,46.3898811340332
2024-08-30 00:00:00,2525.4,2548.0,2430.2,2521.5,48.280513763427734
2024-08-31 00:00:00,2521.4,2529.6,2488.0,2510.7,16.209779739379883
2024-09-01 00:00:00,2510.6,2513.5,2397.9,2423.7,40.912437438964844
2024-09-02 00:00:00,2423.4,2562.1,2421.3,2535.8,42.56402587890625
2024-09-03 00:00:00,2535.9,2550.9,2413.8,2422.5,35.8131103515625
2024-09-04 00:00:00,2422.8,2487.3,2305.7,2446.4,54.222415924072266
2024-09-05 00:00:00,2446.3,2463.6,2345.8,2366.3,48.75624465942383
2024-09-06 00:00:00,2366.1,2406.0,2146.1,2220.2,47.73943328857422
2024-09-07 00:00:00,2220.2,2309.0,2216.9,2271.0,32.31629943847656
2024-09-08 00:00:00,2271.1,2329.7,2238.7,2294.9,29.939889907836914
2024-09-09 00:00:00,2294.9,2378.0,2270.7,2357.2,32.59358596801758
2024-09-10 00:00:00,2357.3,2397.0,2318.9,2386.1,23.12851905822754
2024-09-11 00:00:00,2386.2,2387.1,2275.4,2338.1,29.21608543395996
2024-09-12 00:00:00,2338.2,2389.6,2313.2,2359.5,20.99980354309082
2024-09-13 00:00:00,2359.4,2462.2,2335.1,2436.9,22.589860916137695
2024-09-14 00:00:00,2436.9,2438.2,2374.9,2415.7,15.476940155029297
2024-09-15 00:00:00,2415.8,2428.3,2283.9,2313.8,21.3783016204834
2024-09-16 00:00:00,2313.9,2333.4,2250.6,2293.1,26.458332061767578
2024-09-17 00:00:00,2293.2,2391.2,2261.1,2339.5,22.16899871826172
2024-09-18 00:00:00,2339.2,2373.9,2274.8,2372.3,30.071542739868164
2024-09-19 00:00:00,2372.4,2492.0,2370.5,2463.1,29.55362892150879
2024-09-20 00:00:00,2463.0,2569.5,2435.2,2557.7,34.27075958251953
2024-09-21 00:00:00,2557.8,2620.2,2524.4,2610.3,30.302640914916992
2024-09-22 00:00:00,2610.4,2629.7,2522.6,2578.8,35.552040100097656
2024-09-23 00:00:00,2579.2,2700.8,2537.7,2644.6,35.839839935302734
2024-09-24 00:00:00,2645.0,2668.7,2589.5,2650.9,21.192903518676758
2024-09-25 00:00:00,2651.0,2671.4,2553.2,2577.5,20.685312271118164
2024-09-26 00:00:00,2577.8,2663.8,2557.1,2629.9,24.01068115234375
2024-09-27 00:00:00,2629.9,2725.8,2613.0,2691.0,24.06209373474121
2024-09-28 00:00:00,2691.0,2700.9,2648.0,2672.9,25.196399688720703
2024-09-29 00:00:00,2673.0,2681.4,2632.0,2655.3,31.664527893066406
2024-09-30 00:00:00,2655.7,2660.9,2572.5,2599.7,27.183687210083008
2024-10-01 00:00:00,2599.8,2656.5,2411.4,2445.7,38.19696807861328
2024-10-02 00:00:00,2445.4,2496.7,2348.6,2361.7,39.846805572509766
2024-10-03 00:00:00,2361.3,2400.9,2307.7,2347.5,39.39272689819336
2024-10-04 00:00:00,2347.4,2439.2,2336.8,2410.1,26.784738540649414
2024-10-05 00:00:00,2410.1,2425.5,2385.9,2412.3,18.919979095458984
2024-10-06 00:00:00,2412.3,2455.4,2404.6,2437.7,21.526199340820312
2024-10-07 00:00:00,2437.4,2518.6,2402.3,2420.3,22.49481773376465
2024-10-08 00:00:00,2420.1,2463.7,2396.8,2438.3,22.90315818786621
2024-10-09 00:00:00,2438.2,2470.5,2346.7,2373.2,26.504945755004883
2024-10-10 00:00:00,2373.1,2418.1,2328.4,2383.3,29.76329231262207
2024-10-11 00:00:00,2383.4,2469.4,2378.2,2434.8,18.80654525756836
2024-10-12 00:00:00,2434.8,2488.2,2429.1,2474.4,16.978139877319336
2024-10-13 00:00:00,2474.4,2483.0,2434.5,2467.0,18.7199764251709
2024-10-14 00:00:00,2467.3,2651.8,2441.6,2627.9,20.205642700195312
2024-10-15 00:00:00,2628.6,2686.4,2535.6,2605.4,26.063282012939453
2024-10-16 00:00:00,2605.5,2645.6,2586.8,2609.2,24.045867919921875
2024-10-17 00:00:00,2609.3,2646.2,2573.6,2603.6,20.363523483276367
2024-10-18 00:00:00,2603.4,2673.7,2594.6,2637.7,20.012136459350586
2024-10-19 00:00:00,2637.7,2658.6,2629.2,2646.4,14.837039947509766
2024-10-20 00:00:00,2646.4,2757.1,2633.7,2745.1,19.897783279418945
2024-10-21 00:00:00,2745.0,2767.4,2653.2,2664.3,14.901342391967773
2024-10-22 00:00:00,2664.6,2669.8,2604.2,2620.8,15.823893547058105
2024-10-23 00:00:00,2620.9,2624.1,2448.6,2522.7,20.500904083251953
2024-10-24 00:00:00,2522.7,2560.1,2504.9,2533.7,26.08441162109375
2024-10-25 00:00:00,2533.4,2564.0,2375.3,2431.7,45.4520149230957
2024-10-26 00:00:00,2431.7,2499.4,2421.3,2480.2,22.566059112548828
2024-10-27 00:00:00,2480.3,2521.0,2461.6,2505.8,40.57192611694336
2024-10-28 00:00:00,2505.8,2583.6,2469.6,2565.6,78.9668197631836
2024-10-29 00:00:00,2565.8,2680.0,2559.4,2637.0,79.16841888427734
2024-10-30 00:00:00,2636.5,2720.8,2598.2,2657.2,71.02887725830078
2024-10-31 00:00:00,2657.2,2667.2,2499.4,2516.0,63.71738052368164
2024-11-01 00:00:00,2516.0,2584.9,2465.6,2506.0,70.41485595703125
2024-11-02 00:00:00,2505.9,2518.2,2468.9,2492.0,27.626399993896484
2024-11-03 00:00:00,2491.9,2494.2,2409.1,2455.9,43.501197814941406
2024-11-04 00:00:00,2455.8,2489.6,2356.0,2396.4,87.66390991210938
2024-11-05 00:00:00,2396.3,2478.6,2379.1,2420.7,68.47530364990234
2024-11-06 00:00:00,2420.6,2742.8,2418.7,2720.2,79.55619812011719
2024-11-07 00:00:00,2720.5,2915.3,2698.7,2893.6,62.76641845703125
2024-11-08 00:00:00,2894.1,2981.2,2884.8,2959.8,35.236053466796875
2024-11-09 00:00:00,2959.8,3155.6,2952.7,3124.7,53.0442008972168
2024-11-10 00:00:00,3124.6,3246.9,3065.5,3182.1,93.60232543945312
2024-11-11 00:00:00,3182.1,3386.2,3104.9,3371.7,42.5484504699707
2024-11-12 00:00:00,3371.7,3440.8,3207.5,3243.5,46.920265197753906
2024-11-13 00:00:00,3243.6,3337.3,3117.7,3188.6,49.63621139526367
2024-11-14 00:00:00,3188.8,3239.3,3029.2,3057.3,112.76033020019531
2024-11-15 00:00:00,3057.1,3129.8,3013.1,3086.4,100.52630615234375
2024-11-16 00:00:00,3086.4,3217.9,3068.7,3131.5,70.44245910644531
2024-11-17 00:00:00,3131.7,3159.9,3035.0,3074.3,83.41069030761719
2024-11-18 00:00:00,3074.4,3223.3,3049.2,3206.5,81.90676879882812
2024-11-19 00:00:00,3206.8,3220.4,3066.2,3107.9,82.00717163085938
2024-11-20 00:00:00,3108.0,3158.3,3029.2,3069.3,78.52778625488281
2024-11-21 00:00:00,3069.3,3386.4,3032.1,3356.5,102.23477172851562
2024-11-22 00:00:00,3356.4,3425.7,3259.2,3327.8,95.48458099365234
2024-11-23 00:00:00,3327.8,3497.6,3312.6,3394.4,89.29151916503906
2024-11-24 00:00:00,3394.5,3450.0,3283.0,3361.4,99.1666488647461
2024-11-25 00:00:00,3361.5,3545.2,3301.3,3413.7,118.75261688232422
2024-11-26 00:00:00,3413.4,3461.6,3252.6,3322.9,113.28213500976562
2024-11-27 00:00:00,3322.8,3686.3,3300.4,3654.2,95.65142822265625
2024-11-28 00:00:00,3654.1,3663.7,3529.2,3578.3,86.4572982788086
2024-11-29 00:00:00,3578.2,3646.8,3534.4,3589.3,69.35094451904297
2024-11-30 00:00:00,3589.3,3738.7,3565.6,3704.6,80.19091033935547
2024-12-01 00:00:00,3704.7,3746.5,3659.9,3708.6,89.64623260498047
2024-12-02 00:00:00,3708.5,3760.7,3555.1,3642.9,98.22315979003906
2024-12-03 00:00:00,3643.2,3669.5,3501.0,3615.9,73.37223052978516
2024-12-04 00:00:00,3615.9,3893.2,3614.9,3840.3,79.35081481933594
2024-12-05 00:00:00,3840.0,3957.0,3679.9,3786.1,92.31436920166016
2024-12-06 00:00:00,3786.3,4092.6,3778.4,4000.8,76.58772277832031
2024-12-07 00:00:00,4001.0,4025.9,3969.2,3997.5,50.21892166137695
2024-12-08 00:00:00,3997.4,4016.2,3924.5,4005.6,42.894004821777344
2024-12-09 00:00:00,4006.2,4006.5,3501.3,3712.2,22.67784309387207
2024-12-10 00:00:00,3711.1,3777.1,3514.9,3627.5,10.857121467590332
2024-12-11 00:00:00,3627.4,3848.4,3562.1,3831.3,5.618587017059326
2024-12-12 00:00:00,3825.3,3986.0,3796.9,3879.5,4.477826118469238
2024-12-13 00:00:00,3879.6,3966.1,3851.2,3903.5,7.294878005981445
2024-12-14 00:00:00,3903.6,3940.9,3820.7,3865.1,42.89084243774414
2024-12-15 00:00:00,3865.1,3969.7,3827.0,3954.3,33.087364196777344
2024-12-16 00:00:00,3954.4,4105.2,3880.0,3984.2,5.853395938873291
2024-12-17 00:00:00,3984.5,4038.3,3845.7,3890.0,4.870662689208984
2024-12-18 00:00:00,3890.0,3902.4,3613.2,3622.1,6.625980854034424
2024-12-19 00:00:00,3622.0,3715.4,3324.4,3411.5,11.388531684875488
2024-12-20 00:00:00,3411.4,3494.5,3095.2,3466.1,17.974891662597656
2024-12-21 00:00:00,3466.4,3549.1,3287.4,3332.7,63.85068130493164
2024-12-22 00:00:00,3333.0,3396.1,3213.7,3276.1,49.16145324707031
2024-12-23 00:00:00,3276.2,3460.1,3211.9,3416.1,11.524621963500977
2024-12-24 00:00:00,3416.0,3534.5,3351.6,3489.2,8.671915054321289
2024-12-25 00:00:00,3493.1,3547.1,3433.4,3491.5,26.126676559448242
2024-12-26 00:00:00,3491.6,3509.2,3299.2,3328.6,8.040472984313965
2024-12-27 00:00:00,3328.6,3434.6,3300.4,3324.3,12.074572563171387
2024-12-28 00:00:00,3324.4,3416.8,3313.0,3393.5,29.504520416259766
2024-12-29 00:00:00,3393.5,3404.0,3318.0,3348.2,24.304134368896484
2024-12-30 00:00:00,3348.1,3427.1,3295.0,3353.5,3.785183906555176
2024-12-31 00:00:00,3353.6,3444.0,3307.5,3420.6,2.0646440982818604
2025-01-01 00:00:00,3341.6,3365.4,3310.4,3350.6,11.257596969604492
2025-01-02 00:00:00,3350.7,3502.2,3344.3,3450.3,3.3018319606781006
2025-01-03 00:00:00,3449.9,3626.6,3417.5,3603.3,5.340579032897949
2025-01-04 00:00:00,3603.5,3666.2,3567.3,3652.1,32.40810012817383
2025-01-05 00:00:00,3652.4,3670.6,3589.4,3633.0,25.827665328979492
2025-01-06 00:00:00,3632.9,3742.6,3607.8,3686.0,3.0179688930511475
2025-01-07 00:00:00,3685.9,3698.9,3353.3,3377.6,5.997223854064941
2025-01-08 00:00:00,3378.0,3411.6,3204.5,3323.7,4.850845813751221
2025-01-09 00:00:00,3323.2,3353.6,3155.3,3216.4,4.2585248947143555
2025-01-10 00:00:00,3216.5,3318.3,3192.1,3262.2,13.299747467041016
2025-01-11 00:00:00,3262.0,3314.6,3213.8,3277.7,28.688039779663086
2025-01-12 00:00:00,3277.8,3293.9,3218.9,3261.7,23.860126495361328
2025-01-13 00:00:00,3261.7,3332.3,2914.1,3132.6,43.04718780517578
2025-01-14 00:00:00,3132.7,3251.6,3121.6,3222.0,18.864532470703125
2025-01-15 00:00:00,3221.6,3471.7,3182.4,3448.6,3.751710891723633
2025-01-16 00:00:00,3448.7,3456.6,3261.3,3304.4,4.451754093170166
2025-01-17 00:00:00,3304.5,3523.7,3303.8,3471.1,8.013815879821777
2025-01-18 00:00:00,3471.2,3492.1,3221.5,3299.7,71.14671325683594
2025-01-19 00:00:00,3299.8,3440.7,3121.5,3207.9,101.58914947509766
2025-01-20 00:00:00,3208.4,3443.7,3138.4,3278.1,20.470611572265625
2025-01-21 00:00:00,3277.9,3364.7,3198.6,3324.8,7.82574987411499
2025-01-22 00:00:00,3324.9,3362.7,3220.0,3238.2,3.7902650833129883
2025-01-23 00:00:00,3238.0,3345.8,3179.9,3336.2,5.347011089324951
2025-01-24 00:00:00,3336.1,3424.0,3272.6,3305.4,8.248746871948242
2025-01-25 00:00:00,3305.5,3345.9,3265.1,3314.3,34.15985870361328
2025-01-26 00:00:00,3314.5,3356.8,3225.3,3228.2,58.96159362792969
2025-01-27 00:00:00,3228.2,3250.0,3018.6,3178.5,8.041216850280762
2025-01-28 00:00:00,3178.7,3220.4,3035.6,3072.9,4.666226863861084
2025-01-29 00:00:00,3072.8,3178.3,3051.0,3110.9,4.967564105987549
2025-01-30 00:00:00,3110.8,3280.5,3090.3,3244.7,4.78509521484375
2025-01-31 00:00:00,3244.6,3435.1,3210.5,3295.7,8.529936790466309
2025-02-01 00:00:00,3295.6,3326.6,3097.4,3112.8,46.64929962158203
2025-02-02 00:00:00,3112.6,3158.6,2748.7,2866.0,134.56460571289062
2025-02-03 00:00:00,2866.1,2921.2,2130.6,2880.0,29.318315505981445
2025-02-04 00:00:00,2879.9,2888.8,2631.4,2728.4,10.004874229431152
2025-02-05 00:00:00,2728.6,2824.2,2696.9,2785.5,7.376328945159912
2025-02-06 00:00:00,2785.4,2855.3,2654.9,2683.9,7.434295177459717
2025-02-07 00:00:00,2683.7,2796.2,2559.1,2618.6,12.903156280517578
2025-02-08 00:00:00,2618.8,2663.8,2584.3,2628.9,56.588218688964844
2025-02-09 00:00:00,2629.2,2694.6,2519.3,2624.6,65.00714111328125
2025-02-10 00:00:00,2624.6,2691.4,2557.7,2658.6,6.252586841583252
2025-02-11 00:00:00,2658.7,2722.1,2558.9,2598.9,5.681460857391357
2025-02-12 00:00:00,2598.8,2793.4,2546.5,2736.1,9.455890655517578
2025-02-13 00:00:00,2735.6,2754.9,2611.2,2673.1,10.28704833984375
2025-02-14 00:00:00,2672.9,2789.0,2662.2,2721.6,11.79039192199707
2025-02-15 00:00:00,2722.1,2735.2,2661.6,2689.2,32.507999420166016
2025-02-16 00:00:00,2689.2,2722.3,2650.1,2658.6,26.78199577331543
2025-02-17 00:00:00,2658.6,2846.3,2637.0,2740.8,7.14584493637085
2025-02-18 00:00:00,2740.9,2753.6,2602.2,2667.3,8.299622535705566
2025-02-19 00:00:00,2667.4,2733.0,2652.4,2712.2,5.680323123931885
2025-02-20 00:00:00,2712.3,2767.9,2704.5,2735.6,4.684754848480225
2025-02-21 00:00:00,2735.5,2842.8,2610.7,2657.3,13.584554672241211
2025-02-22 00:00:00,2657.3,2793.5,2647.9,2759.2,38.05596160888672
2025-02-23 00:00:00,2759.1,2852.8,2741.4,2816.4,35.034690856933594
2025-02-24 00:00:00,2816.3,2836.5,2471.0,2510.2,10.30988883972168
2025-02-25 00:00:00,2510.0,2527.6,2317.0,2489.8,15.496249198913574
2025-02-26 00:00:00,2489.7,2501.3,2250.0,2329.8,11.966978073120117
2025-02-27 00:00:00,2329.9,2375.9,2225.3,2302.0,9.745609283447266
2025-02-28 00:00:00,2302.1,2308.8,2071.1,2232.0,16.44270133972168
2025-03-01 00:00:00,2232.3,2276.1,2138.2,2212.8,51.82038116455078
2025-03-02 00:00:00,2212.8,2548.3,2168.8,2515.4,85.47301483154297
2025-03-03 00:00:00,2515.5,2520.5,2092.8,2144.4,12.980798721313477
2025-03-04 00:00:00,2144.3,2218.5,1993.4,2167.8,12.497261047363281
2025-03-05 00:00:00,2167.7,2269.8,2151.9,2238.2,9.835959434509277
2025-03-06 00:00:00,2238.3,2316.8,2174.3,2199.1,12.01576042175293
2025-03-07 00:00:00,2199.0,2255.1,2101.2,2136.5,16.683799743652344
2025-03-08 00:00:00,2136.5,2229.8,2100.5,2199.6,35.155799865722656
2025-03-09 00:00:00,2199.5,2208.2,1987.4,2016.5,65.92767333984375
2025-03-10 00:00:00,2016.6,2148.8,1807.7,1861.0,16.715892791748047
2025-03-11 00:00:00,1861.2,1959.6,1753.2,1919.9,11.040077209472656
2025-03-12 00:00:00,1920.0,1952.5,1826.8,1904.6,9.089988708496094
2025-03-13 00:00:00,1904.5,1919.5,1818.5,1860.6,6.514924049377441
2025-03-14 00:00:00,1860.5,1942.6,1857.3,1907.3,8.566863059997559
2025-03-15 00:00:00,1907.2,1953.2,1899.6,1933.3,24.976619720458984
2025-03-16 00:00:00,1933.1,1936.6,1858.1,1883.7,34.37128829956055
2025-03-17 00:00:00,1883.8,1949.3,1876.8,1923.3,3.7826879024505615
2025-03-18 00:00:00,1923.2,1932.5,1869.0,1928.2,3.6063499450683594
2025-03-19 00:00:00,1928.3,2067.5,1924.4,2055.1,6.950991153717041
2025-03-20 00:00:00,2055.1,2065.8,1949.5,1979.7,8.712596893310547
2025-03-21 00:00:00,1979.7,1992.4,1933.6,1960.9,9.713959693908691
2025-03-22 00:00:00,1960.9,2002.4,1959.4,1976.8,32.61708068847656
2025-03-23 00:00:00,1976.9,2016.9,1973.1,2003.9,37.595394134521484
2025-03-24 00:00:00,2003.9,2100.6,1974.5,2078.5,5.203073978424072
2025-03-25 00:00:00,2078.6,2095.2,2034.3,2063.6,4.047970771789551
2025-03-26 00:00:00,2063.7,2075.9,1978.4,2006.5,3.901186943054199
2025-03-27 00:00:00,2006.6,2034.4,1983.9,2000.1,3.198051929473877
2025-03-28 00:00:00,2000.0,2012.6,1858.0,1891.9,8.958344459533691
2025-03-29 00:00:00,1891.9,1908.5,1794.1,1823.9,42.216121673583984
2025-03-30 00:00:00,1824.2,1845.4,1765.9,1804.3,40.80470657348633
2025-03-31 00:00:00,1804.3,1850.6,1773.3,1818.7,37.81168746948242
2025-04-01 00:00:00,1818.6,1924.2,1814.1,1901.7,33.293609619140625
2025-04-02 00:00:00,1901.7,1952.3,1778.8,1792.3,12.696816444396973
2025-04-03 00:00:00,1791.6,1841.9,1749.9,1813.6,2.2571959495544434
2025-04-04 00:00:00,1813.7,1832.2,1757.5,1812.0,5.260796070098877
2025-04-05 00:00:00,1812.1,1822.4,1761.0,1801.5,17.708219528198242
2025-04-06 00:00:00,1801.7,1812.7,1533.9,1576.1,44.71282958984375
2025-04-07 00:00:00,1576.3,1634.3,1406.9,1549.6,26.023181915283203
2025-04-08 00:00:00,1549.6,1615.8,1443.9,1469.5,2.015937089920044
2025-04-09 00:00:00,1469.6,1685.9,1382.6,1666.5,2.523695945739746
2025-04-10 00:00:00,1666.4,1666.8,1469.8,1518.8,1.8756569623947144
2025-04-11 00:00:00,1518.4,1587.7,1501.5,1561.8,4.933257102966309
2025-04-12 00:00:00,1561.6,1664.8,1541.3,1640.5,28.33919906616211
2025-04-13 00:00:00,1640.9,1645.7,1559.4,1594.4,37.17915725708008
2025-04-14 00:00:00,1594.4,1688.0,1592.6,1620.8,1.6016379594802856
2025-04-15 00:00:00,1620.9,1657.7,1581.0,1585.9,1.444280982017517
2025-04-16 00:00:00,1585.9,1610.4,1536.8,1574.8,1.5585850477218628
2025-04-17 00:00:00,1574.7,1613.2,1561.1,1580.6,1.1900509595870972
2025-04-18 00:00:00,1580.7,1596.4,1571.4,1584.2,2.755990982055664
2025-04-19 00:00:00,1584.3,1626.7,1580.7,1609.5,15.259320259094238
2025-04-20 00:00:00,1609.4,1615.4,1562.1,1584.8,10.431811332702637
2025-04-21 00:00:00,1584.8,1655.3,1561.8,1577.3,1.0805360078811646
2025-04-22 00:00:00,1577.2,1775.3,1538.5,1754.3,1.7501120567321777
2025-04-23 00:00:00,1754.6,1831.0,1743.5,1793.2,1.8058079481124878
2025-04-24 00:00:00,1793.1,1800.2,1721.1,1767.6,1.2942559719085693
2025-04-25 00:00:00,1767.7,1825.2,1737.5,1781.6,5.184369087219238
2025-04-26 00:00:00,1781.5,1837.5,1776.6,1817.6,25.80228042602539
2025-04-27 00:00:00,1818.0,1854.1,1780.4,1789.2,20.790546417236328
2025-04-28 00:00:00,1789.2,1825.1,1743.3,1797.4,1.0223649740219116
2025-04-29 00:00:00,1797.4,1840.2,1778.8,1796.0,1.0224720239639282
2025-04-30 00:00:00,1796.0,1814.6,1730.7,1791.2,1.0506340265274048
2025-05-01 00:00:00,1791.3,1871.1,1790.1,1836.1,1.6783289909362793
2025-05-02 00:00:00,1836.1,1867.8,1812.1,1838.6,4.286868095397949
2025-05-03 00:00:00,1838.8,1844.9,1806.5,1829.7,18.381959915161133
2025-05-04 00:00:00,1829.8,1845.9,1800.7,1806.4,20.767179489135742
2025-05-05 00:00:00,1806.3,1829.9,1780.0,1817.4,0.8891599774360657
2025-05-06 00:00:00,1817.5,1817.8,1749.7,1814.3,1.1569650173187256
2025-05-07 00:00:00,1814.5,1846.7,1785.5,1808.8,1.384598970413208
2025-05-08 00:00:00,1808.9,2222.9,1806.5,2205.0,4.328990936279297
2025-05-09 00:00:00,2205.0,2487.1,2183.0,2341.1,7.895227909088135
2025-05-10 00:00:00,2341.1,2597.1,2314.4,2580.5,67.08438110351562
2025-05-11 00:00:00,2580.2,2604.7,2434.3,2512.4,69.4701156616211
2025-05-12 00:00:00,2512.6,2621.5,2405.8,2492.9,4.629114151000977
2025-05-13 00:00:00,2493.1,2735.3,2414.3,2677.4,3.9550740718841553
2025-05-14 00:00:00,2677.3,2722.2,2545.6,2607.6,3.38617205619812
2025-05-15 00:00:00,2607.9,2643.6,2476.7,2546.2,3.1221189498901367
2025-05-16 00:00:00,2546.3,2645.9,2526.0,2533.7,8.072305679321289
2025-05-17 00:00:00,2533.6,2535.1,2444.9,2472.8,52.84061813354492
2025-05-18 00:00:00,2472.9,2584.5,2321.1,2496.0,51.301021575927734
2025-05-19 00:00:00,2496.3,2544.7,2347.6,2526.3,2.963606119155884
2025-05-20 00:00:00,2526.4,2585.3,2443.2,2522.4,2.4628360271453857
2025-05-21 00:00:00,2522.5,2613.8,2451.8,2549.3,5.604055881500244
2025-05-22 00:00:00,2549.5,2689.9,2543.3,2662.4,9.584402084350586
2025-05-23 00:00:00,2662.4,2730.4,2498.9,2522.7,20.70745277404785
2025-05-24 00:00:00,2522.5,2573.3,2511.6,2528.0,36.15678024291992
2025-05-25 00:00:00,2528.1,2552.1,2462.3,2549.2,40.43036651611328
2025-05-26 00:00:00,2549.4,2597.6,2525.3,2561.6,6.866827964782715
2025-05-27 00:00:00,2561.6,2710.6,2507.8,2659.7,8.628884315490723
2025-05-28 00:00:00,2659.5,2686.9,2607.8,2679.9,8.655890464782715
2025-05-29 00:00:00,2678.9,2784.9,2618.6,2628.8,14.163530349731445
2025-05-30 00:00:00,2628.7,2646.1,2504.9,2527.9,27.55646514892578
2025-05-31 00:00:00,2527.9,2548.2,2473.0,2525.8,34.74684143066406
2025-06-01 00:00:00,2525.9,2545.7,2467.3,2537.4,47.92106628417969
2025-06-02 00:00:00,2537.4,2613.3,2473.5,2605.6,10.550912857055664
2025-06-03 00:00:00,2606.0,2654.7,2578.5,2591.6,24.1451358795166
2025-06-04 00:00:00,2591.5,2677.4,2581.8,2606.2,26.425783157348633
2025-06-05 00:00:00,2606.1,2638.9,2390.3,2413.2,5.459442138671875
2025-06-06 00:00:00,2413.4,2529.3,2384.4,2473.9,11.502874374389648
2025-06-07 00:00:00,2474.0,2541.5,2454.5,2522.6,33.9863395690918
2025-06-08 00:00:00,2522.5,2545.8,2490.1,2508.3,31.979150772094727
2025-06-09 00:00:00,2508.4,2691.5,2477.0,2678.5,2.4995460510253906
2025-06-10 00:00:00,2678.5,2823.1,2654.8,2814.0,14.645209312438965
2025-06-11 00:00:00,2813.9,2876.9,2742.1,2769.7,7.032723903656006
2025-06-12 00:00:00,2769.7,2782.5,2615.9,2641.2,3.936173915863037
2025-06-13 00:00:00,2640.7,2643.3,2438.7,2575.9,13.391185760498047
2025-06-14 00:00:00,2576.2,2576.5,2486.3,2528.6,34.044612884521484
2025-06-15 00:00:00,2528.7,2556.0,2488.7,2545.2,33.836021423339844
2025-06-16 00:00:00,2545.2,2678.0,2513.3,2542.1,4.039405822753906
2025-06-17 00:00:00,2542.2,2615.9,2452.4,2507.8,4.516843795776367
2025-06-18 00:00:00,2507.0,2545.1,2465.7,2523.0,4.045551776885986
2025-06-19 00:00:00,2522.9,2544.4,2483.1,2519.0,1.7318140268325806
2025-06-20 00:00:00,2519.0,2566.2,2367.2,2404.3,3.178908109664917
2025-06-21 00:00:00,2404.3,2444.7,2215.9,2293.8,4.244105815887451
2025-06-22 00:00:00,2294.0,2311.9,2111.2,2225.4,8.462273597717285
2025-06-23 00:00:00,2225.3,2437.3,2187.7,2410.7,5.039455890655518
2025-06-24 00:00:00,2410.8,2480.1,2376.3,2446.4,2.888659954071045
2025-06-25 00:00:00,2446.5,2466.3,2390.7,2417.1,2.523564100265503
2025-06-26 00:00:00,2417.2,2518.1,2394.5,2414.2,3.101030111312866
2025-06-27 00:00:00,2414.3,2461.1,2381.4,2421.5,1.8512439727783203
2025-06-28 00:00:00,2421.7,2446.0,2404.6,2434.8,0.8559120297431946
2025-06-29 00:00:00,2434.7,2521.8,2410.2,2498.4,1.188539981842041
2025-06-30 00:00:00,2498.7,2520.8,2431.9,2483.6,1.8842660188674927
2025-07-01 00:00:00,2482.7,2498.4,2384.0,2403.0,1.705199956893921
2025-07-02 00:00:00,2402.9,2615.8,2373.3,2568.5,2.7783620357513428
2025-07-03 00:00:00,2568.6,2633.2,2555.0,2589.3,3.2207300662994385
2025-07-04 00:00:00,2589.1,2600.6,2472.7,2505.8,2.9237279891967773
2025-07-05 00:00:00,2505.9,2527.3,2486.7,2514.5,1.9891400337219238
2025-07-06 00:00:00,2514.7,2602.2,2502.2,2569.0,3.4010519981384277
2025-07-07 00:00:00,2569.1,2587.6,2510.7,2539.9,3.277801990509033
2025-07-08 00:00:00,2540.0,2624.9,2521.8,2613.5,2.8701679706573486
2025-07-09 00:00:00,2613.4,2792.7,2588.9,2767.5,3.286952018737793
2025-07-10 00:00:00,2767.6,2997.0,2754.9,2949.1,4.818137168884277
2025-07-11 00:00:00,2949.3,3036.8,2916.0,2956.2,6.436953067779541
2025-07-12 00:00:00,2956.1,2977.9,2903.1,2941.0,1.367460012435913
2025-07-13 00:00:00,2941.0,3018.1,2935.5,2970.8,2.5627779960632324
2025-07-14 00:00:00,2971.0,3079.7,2962.2,3011.9,6.284542083740234
2025-07-15 00:00:00,3011.6,3141.6,2931.7,3137.1,5.323674201965332
2025-07-16 00:00:00,3137.2,3422.1,3099.2,3370.2,4.776021957397461
2025-07-17 00:00:00,3370.2,3522.4,3309.5,3477.0,6.613924026489258
2025-07-18 00:00:00,3477.1,3673.5,3460.1,3546.9,6.775693893432617
2025-07-19 00:00:00,3546.7,3607.0,3508.5,3592.7,2.54338002204895
2025-07-20 00:00:00,3592.9,3821.5,3578.7,3756.2,6.546475887298584
2025-07-21 00:00:00,3756.3,3857.1,3702.7,3761.4,4.984096050262451
2025-07-22 00:00:00,3761.6,3797.9,3616.9,3746.1,2.4123659133911133
2025-07-23 00:00:00,3746.3,3763.5,3527.1,3627.1,2.5215959548950195
2025-07-24 00:00:00,3627.2,3770.6,3506.9,3706.4,2.112623929977417
2025-07-25 00:00:00,3706.8,3743.3,3574.3,3723.2,3.081913948059082
2025-07-26 00:00:00,3723.2,3791.0,3699.4,3740.2,1.594655990600586
2025-07-27 00:00:00,3740.4,3876.8,3730.0,3871.9,2.4735538959503174
2025-07-28 00:00:00,3871.3,3938.0,3752.5,3796.4,2.56699800491333
2025-07-29 00:00:00,3796.3,3882.2,3715.5,3790.8,4.742908000946045
2025-07-30 00:00:00,3790.8,3830.7,3677.0,3806.7,5.744507789611816
2025-07-31 00:00:00,3806.5,3875.8,3681.5,3695.6,3.686039924621582
2025-08-01 00:00:00,3694.1,3721.0,3428.1,3484.7,7.20399808883667
2025-08-02 00:00:00,3484.8,3534.5,3366.4,3390.8,1.6107319593429565
2025-08-03 00:00:00,3390.9,3518.8,3354.0,3495.5,1.2852599620819092
2025-08-04 00:00:00,3495.5,3733.4,3489.3,3718.1,1.9946260452270508
2025-08-05 00:00:00,3718.4,3718.4,3544.3,3609.1,3.296755075454712
2025-08-06 00:00:00,3609.3,3696.6,3562.0,3681.1,1.9186359643936157
2025-08-07 00:00:00,3681.1,3926.1,3646.9,3909.4,2.0564160346984863
2025-08-08 00:00:00,3908.6,4068.2,3878.2,4007.6,1.8129420280456543
2025-08-09 00:00:00,4007.3,4322.4,4005.1,4259.9,8.439475059509277
2025-08-10 00:00:00,4259.9,4329.0,4159.2,4249.2,6.924269199371338
2025-08-11 00:00:00,4249.3,4362.6,4164.5,4222.1,6.8881659507751465
2025-08-12 00:00:00,4221.9,4634.9,4218.3,4587.7,3.6053879261016846
2025-08-13 00:00:00,4587.8,4782.9,4562.6,4748.1,32.1163444519043
2025-08-14 00:00:00,4748.3,4787.6,4455.3,4546.8,39.82301712036133
2025-08-15 00:00:00,4546.9,4666.3,4370.7,4439.2,42.26215744018555
2025-08-16 00:00:00,4439.1,4490.7,4373.5,4421.3,19.40346908569336
2025-08-17 00:00:00,4421.1,4574.7,4396.4,4473.2,10.266397476196289
2025-08-18 00:00:00,4473.1,4482.3,4225.1,4313.1,4.654491901397705
2025-08-19 00:00:00,4313.0,4353.8,4065.1,4072.7,19.53240394592285
2025-08-20 00:00:00,4072.8,4375.9,4061.5,4333.7,26.120431900024414
2025-08-21 00:00:00,4332.9,4337.6,4202.0,4221.8,16.312862396240234
2025-08-22 00:00:00,4221.6,4883.0,4205.5,4827.3,21.347681045532227
2025-08-23 00:00:00,4827.4,4827.5,4658.1,4774.2,9.45744800567627
2025-08-24 00:00:00,4774.2,4952.5,4709.1,4777.0,21.988155364990234
2025-08-25 00:00:00,4777.6,4794.7,4333.5,4374.8,36.10214614868164
2025-08-26 00:00:00,4374.9,4631.7,4311.3,4599.2,26.474258422851562
2025-08-27 00:00:00,4599.3,4661.3,4480.0,4504.7,19.880722045898438
2025-08-28 00:00:00,4504.9,4630.7,4428.6,4509.3,16.382030487060547
2025-08-29 00:00:00,4509.1,4514.4,4268.2,4358.0,21.486984252929688
2025-08-30 00:00:00,4358.1,4412.4,4256.8,4371.7,1.0933560132980347
2025-08-31 00:00:00,4371.6,4495.6,4370.7,4389.6,2.936784029006958
2025-09-01 00:00:00,4389.6,4488.2,4209.9,4312.1,15.313591957092285
2025-09-02 00:00:00,4313.2,4414.2,4255.6,4324.0,17.28484535217285
2025-09-03 00:00:00,4323.9,4488.7,4281.1,4450.4,15.760676383972168
2025-09-04 00:00:00,4450.5,4480.9,4264.4,4298.1,31.269710540771484
2025-09-05 00:00:00,4298.0,4481.0,4253.6,4304.9,28.542747497558594
2025-09-06 00:00:00,4304.9,4326.2,4236.3,4273.6,1.7489240169525146
2025-09-07 00:00:00,4273.3,4333.7,4269.3,4304.7,7.697874069213867
2025-09-08 00:00:00,4304.4,4381.7,4277.6,4305.5,18.42043113708496
2025-09-09 00:00:00,4305.7,4379.8,4275.9,4308.1,17.02672004699707
2025-09-10 00:00:00,4307.8,4451.1,4283.9,4348.7,18.162893295288086
2025-09-11 00:00:00,4348.6,4472.4,4337.6,4460.6,21.20997428894043
2025-09-12 00:00:00,4458.5,4743.5,4450.1,4712.4,20.795150756835938
2025-09-13 00:00:00,4712.8,4765.3,4605.3,4666.9,1.9560860395431519
2025-09-14 00:00:00,4667.0,4692.1,4579.5,4606.5,13.258525848388672
2025-09-15 00:00:00,4606.3,4669.8,4465.6,4525.1,19.499582290649414
2025-09-16 00:00:00,4524.9,4536.8,4424.7,4502.6,14.153096199035645
2025-09-17 00:00:00,4502.7,4615.4,4427.1,4591.4,20.663162231445312
2025-09-18 00:00:00,4591.5,4643.6,4553.1,4588.6,15.851880073547363
2025-09-19 00:00:00,4588.5,4619.9,4438.0,4468.4,14.25434398651123
2025-09-20 00:00:00,4468.3,4508.8,4454.4,4480.0,4.637159824371338
2025-09-21 00:00:00,4479.8,4498.9,4444.0,4446.1,6.166056156158447
2025-09-22 00:00:00,4446.6,4456.5,4070.5,4202.0,30.4063777923584
2025-09-23 00:00:00,4201.7,4227.0,4116.9,4164.7,21.77056121826172
2025-09-24 00:00:00,4165.2,4206.6,4074.1,4153.5,14.843082427978516
2025-09-25 00:00:00,4153.7,4161.3,3824.8,3873.4,41.52163314819336
2025-09-26 00:00:00,3873.3,4069.1,3869.5,4032.1,31.544050216674805
2025-09-27 00:00:00,4031.7,4037.5,3973.6,4019.4,8.349811553955078
2025-09-28 00:00:00,4019.6,4145.4,3965.6,4144.7,16.89952278137207
2025-09-29 00:00:00,4144.4,4237.1,4085.0,4217.0,17.515268325805664
2025-09-30 00:00:00,4217.6,4242.3,4092.1,4145.1,24.598569869995117
2025-10-01 00:00:00,4144.3,4352.7,4123.2,4348.9,21.674007415771484
2025-10-02 00:00:00,4349.0,4517.6,4334.6,4486.2,22.893306732177734
2025-10-03 00:00:00,4486.1,4592.9,4429.5,4513.4,26.353012084960938
2025-10-04 00:00:00,4513.5,4518.9,4440.3,4487.6,1.5792280435562134
2025-10-05 00:00:00,4487.7,4616.5,4468.2,4514.6,18.943464279174805
2025-10-06 00:00:00,4515.0,4736.7,4489.4,4685.9,23.591777801513672
2025-10-07 00:00:00,4685.1,4756.2,4433.5,4449.1,30.578065872192383
2025-10-08 00:00:00,4449.2,4557.2,4414.3,4525.9,33.10501480102539
2025-10-09 00:00:00,4526.0,4530.4,4269.3,4369.2,32.691139221191406
2025-10-10 00:00:00,4369.3,4394.5,3520.1,3834.1,69.34488677978516
2025-10-11 00:00:00,3833.9,3883.0,3648.9,3746.5,72.77720642089844
2025-10-12 00:00:00,3746.9,4196.0,3696.6,4155.7,98.74330139160156
2025-10-13 00:00:00,4155.7,4292.8,4046.0,4243.9,73.21916198730469
2025-10-14 00:00:00,4244.0,4264.7,3892.2,4125.2,76.38250732421875
2025-10-15 00:00:00,4125.0,4212.0,3931.7,3986.6,54.95526123046875
2025-10-16 00:00:00,3986.5,4083.5,3827.0,3894.4,68.77082824707031
2025-10-17 00:00:00,3894.2,3948.6,3676.8,3829.8,64.88818359375
2025-10-18 00:00:00,3829.7,3927.4,3818.6,3887.3,9.975811958312988
2025-10-19 00:00:00,3887.2,4028.1,3828.5,3983.3,15.800739288330078
2025-10-20 00:00:00,3983.1,4084.2,3909.0,3977.7,19.88045310974121
2025-10-21 00:00:00,3977.7,4108.8,3840.5,3873.5,21.842506408691406
2025-10-22 00:00:00,3871.1,3889.8,3711.3,3804.3,22.05362892150879
2025-10-23 00:00:00,3804.5,3931.8,3795.8,3857.1,14.624256134033203
2025-10-24 00:00:00,3857.2,4019.5,3846.5,3933.0,17.96312141418457
2025-10-25 00:00:00,3932.9,3966.4,3910.8,3953.1,1.2509560585021973
2025-10-26 00:00:00,3953.0,4176.6,3918.6,4157.8,13.177632331848145
2025-10-27 00:00:00,4157.6,4251.2,4094.0,4117.9,25.62676429748535
2025-10-28 00:00:00,4117.8,4173.6,3932.8,3978.9,26.078998565673828
2025-10-29 00:00:00,3978.8,4034.8,3840.5,3901.4,26.690792083740234
2025-10-30 00:00:00,3901.5,3947.3,3677.6,3802.5,30.685428619384766
2025-10-31 00:00:00,3802.6,3900.4,3794.9,3843.9,17.779308319091797
2025-11-01 00:00:00,3843.8,3907.1,3827.2,3872.0,11.388611793518066
2025-11-02 00:00:00,3872.1,3916.0,3836.8,3905.4,23.753541946411133
2025-11-03 00:00:00,3905.6,3913.0,3557.6,3602.1,67.95634460449219
2025-11-04 00:00:00,3601.8,3652.3,3056.9,3285.4,83.52496337890625
2025-11-05 00:00:00,3285.5,3479.1,3165.6,3423.1,66.26500701904297
2025-11-06 00:00:00,3422.8,3454.5,3243.0,3313.9,65.22930145263672
2025-11-07 00:00:00,3313.2,3470.0,3192.6,3432.4,70.64356994628906
2025-11-08 00:00:00,3432.4,3481.9,3351.0,3399.8,6.799170017242432
2025-11-09 00:00:00,3399.7,3618.2,3357.5,3582.3,42.166038513183594
2025-11-10 00:00:00,3582.0,3657.4,3506.5,3565.3,53.90957260131836
2025-11-11 00:00:00,3565.4,3645.9,3401.9,3415.5,55.60829544067383
2025-11-12 00:00:00,3416.6,3586.5,3371.1,3413.5,39.39904022216797
2025-11-13 00:00:00,3413.6,3563.9,3152.3,3229.0,56.83153533935547
2025-11-14 00:00:00,3229.2,3253.6,3067.1,3108.9,54.69289016723633
2025-11-15 00:00:00,3108.9,3228.1,3107.4,3166.2,17.51142120361328
2025-11-16 00:00:00,3166.1,3245.5,3000.4,3093.2,54.6843376159668
2025-11-17 00:00:00,3093.0,3219.2,2954.1,3026.4,87.76435089111328
2025-11-18 00:00:00,3026.7,3167.9,2942.4,3121.6,96.56250762939453
2025-11-19 00:00:00,3121.5,3123.2,2869.0,3022.8,86.60677337646484
2025-11-20 00:00:00,3022.9,3060.6,2786.8,2829.5,111.8021011352539
2025-11-21 00:00:00,2831.3,2885.0,2620.2,2761.8,199.62362670898438
2025-11-22 00:00:00,2761.9,2797.7,2701.4,2768.8,56.64283752441406
2025-11-23 00:00:00,2768.6,2857.0,2765.5,2800.3,63.78632354736328
2025-11-24 00:00:00,2799.8,2984.1,2761.4,2952.5,91.56910705566406
2025-11-25 00:00:00,2952.2,2979.1,2855.2,2958.3,77.79114532470703
2025-11-26 00:00:00,2958.4,3043.4,2888.0,3026.0,71.20039367675781
2025-11-27 00:00:00,3025.7,3070.2,2985.4,3014.4,53.35503387451172
2025-11-28 00:00:00,3014.5,3096.8,2993.3,3029.1,55.13578796386719
2025-11-29 00:00:00,3028.9,3050.7,2963.0,2988.9,10.126243591308594
2025-11-30 00:00:00,2989.2,3051.7,2975.7,2991.0,14.740045547485352
2025-12-01 00:00:00,2991.1,2997.1,2718.8,2798.4,63.2885627746582
2025-12-02 00:00:00,2798.5,3033.0,2782.0,2996.5,58.48762130737305
2025-12-03 00:00:00,2996.3,3213.1,2984.9,3187.5,61.9895133972168
2025-12-04 00:00:00,3188.0,3239.3,3066.0,3133.1,60.78663635253906
2025-12-05 00:00:00,3133.2,3192.1,2984.9,3020.5,58.551307678222656
2025-12-06 00:00:00,3020.6,3067.9,3011.4,3038.2,11.201156616210938
2025-12-07 00:00:00,3038.0,3148.8,2915.4,3059.4,22.249340057373047
2025-12-08 00:00:00,3059.3,3179.2,3040.5,3123.9,57.753963470458984
2025-12-09 00:00:00,3123.8,3396.9,3090.5,3317.7,56.060150146484375
2025-12-10 00:00:00,3317.3,3446.5,3287.3,3324.3,60.871368408203125
2025-12-11 00:00:00,3323.9,3327.3,3145.9,3236.7,63.590370178222656
2025-12-12 00:00:00,3236.4,3265.1,3044.9,3083.3,56.7800178527832
2025-12-13 00:00:00,3083.5,3134.5,3077.1,3114.0,8.29345417022705
2025-12-14 00:00:00,3113.9,3128.8,3026.7,3061.7,18.42354965209961
2025-12-15 00:00:00,3061.8,3175.7,2894.5,2963.9,58.82761764526367
2025-12-16 00:00:00,2964.1,2979.3,2877.4,2961.1,64.08558654785156
2025-12-17 00:00:00,2961.3,3028.7,2789.0,2832.6,65.1369857788086
2025-12-18 00:00:00,2832.9,2995.6,2773.0,2826.8,68.82284545898438
2025-12-19 00:00:00,2827.7,3017.8,2806.3,2976.3,69.11015319824219
2025-12-20 00:00:00,2976.4,2991.8,2965.5,2976.6,5.776803970336914
2025-12-21 00:00:00,2976.9,3011.4,2941.8,3001.4,15.147540092468262
2025-12-22 00:00:00,3001.5,3075.3,2961.0,3007.9,64.28572082519531
2025-12-23 00:00:00,3006.9,3035.1,2898.7,2963.2,64.17005157470703
2025-12-24 00:00:00,2964.0,2976.3,2885.9,2943.8,56.06356430053711
2025-12-25 00:00:00,2943.7,2967.5,2888.2,2901.9,3.0667710304260254
2025-12-26 00:00:00,2902.3,2992.0,2891.1,2924.1,55.31182098388672
2025-12-27 00:00:00,2924.5,2958.4,2914.7,2947.2,4.957921028137207
2025-12-28 00:00:00,2947.0,2958.8,2923.0,2948.0,10.100110054016113
2025-12-29 00:00:00,2948.9,3055.4,2905.6,2934.9,56.88637924194336
2025-12-30 00:00:00,2934.8,3005.6,2914.1,2969.4,51.53091049194336
2025-12-31 00:00:00,2969.5,3022.7,2957.4,2988.7,29.69998550415039
