timestamp,open,high,low,close,volume
2003-01-01 00:00:00,1.0491,1.0506,1.0461,1.0489,172064.0
2003-01-02 00:00:00,1.049,1.0502,1.0331,1.0359,157161.0
2003-01-03 00:00:00,1.0355,1.0445,1.0335,1.0425,119225.0
2003-01-04 00:00:00,1.0425,1.0425,1.0425,1.0425,0.0
2003-01-05 00:00:00,1.0425,1.0425,1.0425,1.0425,0.0
2003-01-06 00:00:00,1.0419,1.05,1.041,1.0461,89419.0
2003-01-07 00:00:00,1.0459,1.0477,1.0392,1.0408,153096.0
2003-01-08 00:00:00,1.0406,1.0539,1.0356,1.0492,81290.0
2003-01-09 00:00:00,1.0493,1.0547,1.0443,1.0485,174774.0
2003-01-10 00:00:00,1.0484,1.0591,1.047,1.0573,77225.0
2003-01-11 00:00:00,1.0573,1.0573,1.0573,1.0573,0.0
2003-01-12 00:00:00,1.0573,1.0573,1.0573,1.0573,0.0
2003-01-13 00:00:00,1.0572,1.059,1.0522,1.0537,176129.0
2003-01-14 00:00:00,1.0534,1.0605,1.053,1.055,96193.0
2003-01-15 00:00:00,1.0551,1.0599,1.0499,1.0552,162580.0
2003-01-16 00:00:00,1.0556,1.0633,1.054,1.0612,142258.0
2003-01-17 00:00:00,1.0618,1.0685,1.0599,1.0667,170709.0
2003-01-18 00:00:00,1.0667,1.0667,1.0667,1.0667,0.0
2003-01-19 00:00:00,1.0667,1.0667,1.0667,1.0667,0.0
2003-01-20 00:00:00,1.0664,1.0697,1.0628,1.0673,98903.0
2003-01-21 00:00:00,1.0674,1.0741,1.0629,1.0727,47419.0
2003-01-22 00:00:00,1.0724,1.0747,1.068,1.0737,46064.0
2003-01-23 00:00:00,1.0728,1.0785,1.0701,1.0746,117871.0
2003-01-24 00:00:00,1.0741,1.0861,1.0736,1.0826,170709.0
2003-01-25 00:00:00,1.0826,1.0826,1.0826,1.0826,0.0
2003-01-26 00:00:00,1.0826,1.0826,1.0826,1.0826,0.0
2003-01-27 00:00:00,1.0826,1.0913,1.0779,1.0855,78580.0
2003-01-28 00:00:00,1.0845,1.0862,1.0778,1.0828,77225.0
2003-01-29 00:00:00,1.0821,1.0899,1.0806,1.0839,60967.0
2003-01-30 00:00:00,1.0838,1.0852,1.0726,1.0818,100258.0
2003-01-31 00:00:00,1.0813,1.0838,1.072,1.0769,139548.0
2003-02-01 00:00:00,1.0769,1.0769,1.0769,1.0769,0.0
2003-02-02 00:00:00,1.0769,1.0769,1.0769,1.0769,0.0
2003-02-03 00:00:00,1.0768,1.0802,1.0688,1.0791,131419.0
2003-02-04 00:00:00,1.0783,1.0912,1.0761,1.0886,147677.0
2003-02-05 00:00:00,1.0888,1.0942,1.0734,1.0778,92129.0
2003-02-06 00:00:00,1.078,1.0864,1.0764,1.0829,77225.0
2003-02-07 00:00:00,1.0821,1.0837,1.0731,1.0823,90774.0
2003-02-08 00:00:00,1.0823,1.0823,1.0823,1.0823,0.0
2003-02-09 00:00:00,1.0823,1.0823,1.0823,1.0823,0.0
2003-02-10 00:00:00,1.0813,1.0827,1.0726,1.073,62322.0
2003-02-11 00:00:00,1.073,1.0762,1.0666,1.0734,168000.0
2003-02-12 00:00:00,1.0732,1.0769,1.0704,1.0705,109742.0
2003-02-13 00:00:00,1.0705,1.0858,1.0705,1.0828,63677.0
2003-02-14 00:00:00,1.0827,1.085,1.0762,1.079,88064.0
2003-02-15 00:00:00,1.079,1.079,1.079,1.079,0.0
2003-02-16 00:00:00,1.079,1.079,1.079,1.079,0.0
2003-02-17 00:00:00,1.0787,1.0794,1.0675,1.0722,54193.0
2003-02-18 00:00:00,1.0711,1.0757,1.0676,1.0682,173419.0
2003-02-19 00:00:00,1.0686,1.0766,1.0666,1.0745,54193.0
2003-02-20 00:00:00,1.0746,1.0835,1.074,1.0817,130064.0
2003-02-21 00:00:00,1.0825,1.0847,1.0752,1.0769,159871.0
2003-02-22 00:00:00,1.0769,1.0769,1.0769,1.0769,0.0
2003-02-23 00:00:00,1.0769,1.0769,1.0769,1.0769,0.0
2003-02-24 00:00:00,1.0771,1.0807,1.0708,1.0794,86709.0
2003-02-25 00:00:00,1.0795,1.0822,1.0744,1.0757,59612.0
2003-02-26 00:00:00,1.0759,1.081,1.0731,1.0781,154451.0
2003-02-27 00:00:00,1.0781,1.0837,1.0737,1.0743,59612.0
2003-02-28 00:00:00,1.0741,1.0807,1.0737,1.08,98903.0
2003-03-01 00:00:00,1.08,1.08,1.08,1.08,0.0
2003-03-02 00:00:00,1.08,1.08,1.08,1.08,0.0
2003-03-03 00:00:00,1.0802,1.0901,1.077,1.0891,143613.0
2003-03-04 00:00:00,1.0892,1.0936,1.0876,1.0886,56903.0
2003-03-05 00:00:00,1.0886,1.1003,1.0886,1.0955,153096.0
2003-03-06 00:00:00,1.0958,1.1009,1.0926,1.0971,48774.0
2003-03-07 00:00:00,1.0967,1.1066,1.0967,1.1008,104322.0
2003-03-08 00:00:00,1.1008,1.1008,1.1008,1.1008,0.0
2003-03-09 00:00:00,1.1008,1.1008,1.1008,1.1008,0.0
2003-03-10 00:00:00,1.1005,1.1073,1.0998,1.1055,88064.0
2003-03-11 00:00:00,1.1056,1.1083,1.1006,1.1038,151742.0
2003-03-12 00:00:00,1.1041,1.1057,1.0984,1.0996,74516.0
2003-03-13 00:00:00,1.0995,1.0995,1.0781,1.0783,143613.0
2003-03-14 00:00:00,1.0774,1.082,1.0694,1.0736,79935.0
2003-03-15 00:00:00,1.0736,1.0736,1.0736,1.0736,0.0
2003-03-16 00:00:00,1.0736,1.0736,1.0736,1.0736,0.0
2003-03-17 00:00:00,1.074,1.0843,1.0584,1.0618,172064.0
2003-03-18 00:00:00,1.0621,1.0653,1.0544,1.0632,48774.0
2003-03-19 00:00:00,1.0616,1.0653,1.0538,1.0644,169355.0
2003-03-20 00:00:00,1.0644,1.0655,1.055,1.0583,73161.0
2003-03-21 00:00:00,1.0583,1.067,1.0532,1.0602,100258.0
2003-03-22 00:00:00,1.0602,1.0602,1.0602,1.0602,0.0
2003-03-23 00:00:00,1.0602,1.0602,1.0602,1.0602,0.0
2003-03-24 00:00:00,1.0529,1.0607,1.0529,1.0595,142258.0
2003-03-25 00:00:00,1.0596,1.0674,1.0564,1.0645,174774.0
2003-03-26 00:00:00,1.0646,1.0721,1.0629,1.066,62322.0
2003-03-27 00:00:00,1.066,1.0702,1.0619,1.0694,153096.0
2003-03-28 00:00:00,1.0695,1.0744,1.0658,1.0695,100258.0
2003-03-29 00:00:00,1.0695,1.0695,1.0695,1.0695,0.0
2003-03-30 00:00:00,1.0695,1.0695,1.0695,1.0695,0.0
2003-03-31 00:00:00,1.0782,1.08,1.0777,1.0786,169355.0
2003-04-01 00:00:00,1.0786,1.0931,1.0779,1.0917,85354.0
2003-04-02 00:00:00,1.0917,1.0958,1.083,1.0935,82645.0
2003-04-03 00:00:00,1.0933,1.0942,1.0728,1.0763,127354.0
2003-04-04 00:00:00,1.0761,1.0791,1.0682,1.0762,135484.0
2003-04-05 00:00:00,1.0762,1.0762,1.0762,1.0762,0.0
2003-04-06 00:00:00,1.0762,1.0762,1.0762,1.0762,0.0
2003-04-07 00:00:00,1.0732,1.0732,1.0657,1.0674,112451.0
2003-04-08 00:00:00,1.0674,1.0702,1.0557,1.0678,140903.0
2003-04-09 00:00:00,1.0675,1.0728,1.0638,1.0717,82645.0
2003-04-10 00:00:00,1.0717,1.0782,1.0671,1.0769,111096.0
2003-04-11 00:00:00,1.077,1.083,1.0757,1.0784,132774.0
2003-04-12 00:00:00,1.0784,1.0784,1.0784,1.0784,0.0
2003-04-13 00:00:00,1.0784,1.0784,1.0784,1.0784,0.0
2003-04-14 00:00:00,1.0754,1.0754,1.0714,1.0724,127354.0
2003-04-15 00:00:00,1.0726,1.0811,1.0713,1.0773,51483.0
2003-04-16 00:00:00,1.0774,1.0821,1.0715,1.0792,126000.0
2003-04-17 00:00:00,1.0791,1.0919,1.078,1.0906,138193.0
2003-04-18 00:00:00,1.0905,1.0975,1.0863,1.088,90774.0
2003-04-19 00:00:00,1.088,1.088,1.088,1.088,0.0
2003-04-20 00:00:00,1.088,1.088,1.088,1.088,0.0
2003-04-21 00:00:00,1.0877,1.0906,1.0874,1.0899,161225.0
2003-04-22 00:00:00,1.0898,1.0906,1.0819,1.0857,136838.0
2003-04-23 00:00:00,1.0858,1.1002,1.0845,1.0962,139548.0
2003-04-24 00:00:00,1.0963,1.0982,1.0918,1.0954,177484.0
2003-04-25 00:00:00,1.0954,1.1048,1.0941,1.1033,86709.0
2003-04-26 00:00:00,1.1033,1.1033,1.1033,1.1033,0.0
2003-04-27 00:00:00,1.1033,1.1033,1.1033,1.1033,0.0
2003-04-28 00:00:00,1.1034,1.1045,1.1025,1.1034,132774.0
2003-04-29 00:00:00,1.1034,1.1076,1.0971,1.0975,109742.0
2003-04-30 00:00:00,1.0973,1.1124,1.0927,1.1107,151742.0
2003-05-01 00:00:00,1.1109,1.1187,1.1095,1.1172,143613.0
2003-05-02 00:00:00,1.1171,1.1285,1.115,1.1236,119225.0
2003-05-03 00:00:00,1.1236,1.1236,1.1236,1.1236,0.0
2003-05-04 00:00:00,1.12273,1.12338,1.1216,1.12169,257040.5
2003-05-05 00:00:00,1.12161,1.13009,1.12014,1.12924,1276005.625
2003-05-06 00:00:00,1.12921,1.14506,1.12723,1.14234,1281467.0
2003-05-07 00:00:00,1.14218,1.14323,1.13265,1.13494,1272596.625
2003-05-08 00:00:00,1.13507,1.15077,1.13006,1.1482,1266581.25
2003-05-09 00:00:00,1.14831,1.15366,1.14346,1.14867,1273338.75
2003-05-10 00:00:00,1.14867,1.14867,1.14867,1.14867,0.0
2003-05-11 00:00:00,1.1487,1.15645,1.14867,1.15605,251031.40625
2003-05-12 00:00:00,1.15632,1.16229,1.15225,1.15559,1268230.875
2003-05-13 00:00:00,1.15544,1.15591,1.1462,1.15277,1268298.75
2003-05-14 00:00:00,1.15265,1.15352,1.14661,1.1477,1277767.125
2003-05-15 00:00:00,1.14767,1.1487,1.13702,1.13838,1277082.625
2003-05-16 00:00:00,1.13825,1.15936,1.13675,1.15936,1269253.625
2003-05-17 00:00:00,1.15936,1.15936,1.15936,1.15936,0.0
2003-05-18 00:00:00,1.15938,1.16841,1.1583,1.16576,257162.0
2003-05-19 00:00:00,1.16546,1.17353,1.16205,1.1641,1273931.375
2003-05-20 00:00:00,1.16404,1.17364,1.15998,1.17321,1278140.25
2003-05-21 00:00:00,1.17312,1.17437,1.16226,1.16404,1269465.625
2003-05-22 00:00:00,1.16424,1.17266,1.16181,1.16908,1276182.125
2003-05-23 00:00:00,1.16892,1.18411,1.16635,1.18378,1274671.875
2003-05-24 00:00:00,1.18378,1.18378,1.18378,1.18378,0.0
2003-05-25 00:00:00,1.18387,1.18402,1.18144,1.18177,258763.09375
2003-05-26 00:00:00,1.18158,1.18744,1.17955,1.18567,1276787.125
2003-05-27 00:00:00,1.18548,1.19286,1.1807,1.18102,1268165.375
2003-05-28 00:00:00,1.18107,1.18439,1.17037,1.17516,1277431.5
2003-05-29 00:00:00,1.17522,1.19144,1.16909,1.18922,1282574.75
2003-05-30 00:00:00,1.18908,1.18963,1.17419,1.17815,1265655.625
2003-05-31 00:00:00,1.17815,1.17815,1.17815,1.17815,0.0
2003-06-01 00:00:00,1.178,1.17813,1.17058,1.17203,261501.0
2003-06-02 00:00:00,1.172,1.17671,1.16504,1.17441,1154189.75
2003-06-03 00:00:00,1.17411,1.17773,1.16858,1.17337,1274435.25
2003-06-04 00:00:00,1.17324,1.17463,1.16321,1.16444,1274721.0
2003-06-05 00:00:00,1.16448,1.1885,1.16273,1.18397,1278773.5
2003-06-06 00:00:00,1.18391,1.18772,1.16829,1.16973,1281686.625
2003-06-07 00:00:00,1.16973,1.16973,1.16973,1.16973,0.0
2003-06-08 00:00:00,1.16977,1.17102,1.16839,1.16989,258739.203125
2003-06-09 00:00:00,1.16983,1.17846,1.16548,1.17094,1272847.875
2003-06-10 00:00:00,1.17087,1.174,1.1662,1.16773,1270742.25
2003-06-11 00:00:00,1.16755,1.17805,1.16571,1.17571,1260827.75
2003-06-12 00:00:00,1.1755,1.18038,1.1702,1.17693,1269766.25
2003-06-13 00:00:00,1.17674,1.18758,1.17338,1.18651,1275204.375
2003-06-14 00:00:00,1.18651,1.18651,1.18651,1.18651,0.0
2003-06-15 00:00:00,1.18663,1.18759,1.18573,1.18759,148354.90625
2003-06-16 00:00:00,1.18763,1.19263,1.18125,1.18178,1269543.5
2003-06-17 00:00:00,1.18178,1.18652,1.1767,1.17831,1267648.75
2003-06-18 00:00:00,1.1781,1.18016,1.16604,1.16817,1264011.375
2003-06-19 00:00:00,1.16816,1.17372,1.15826,1.17041,1267001.75
2003-06-20 00:00:00,1.17026,1.17333,1.15501,1.16021,1272308.5
2003-06-21 00:00:00,1.16021,1.16021,1.16021,1.16021,0.0
2003-06-22 00:00:00,1.15922,1.15997,1.15707,1.1585,148538.09375
2003-06-23 00:00:00,1.15839,1.16028,1.15069,1.1549,1266922.125
2003-06-24 00:00:00,1.15488,1.15801,1.1475,1.14959,1278849.75
2003-06-25 00:00:00,1.14968,1.16205,1.14937,1.15365,1276287.125
2003-06-26 00:00:00,1.15352,1.15425,1.14105,1.1423,1271366.375
2003-06-27 00:00:00,1.14231,1.14665,1.13984,1.14291,1270267.625
2003-06-28 00:00:00,1.14291,1.14291,1.14291,1.14291,0.0
2003-06-29 00:00:00,1.1428,1.1436,1.1419,1.14234,150243.5
2003-06-30 00:00:00,1.14228,1.1532,1.13964,1.15196,1280180.125
2003-07-01 00:00:00,1.15201,1.16069,1.15045,1.15613,1273960.25
2003-07-02 00:00:00,1.15593,1.15668,1.15035,1.153,1270346.125
2003-07-03 00:00:00,1.15282,1.15387,1.14316,1.14915,1274444.125
2003-07-04 00:00:00,1.14888,1.14933,1.14462,1.14912,1283634.625
2003-07-05 00:00:00,1.14912,1.14912,1.14912,1.14912,0.0
2003-07-06 00:00:00,1.14902,1.14902,1.14526,1.14663,256599.5
2003-07-07 00:00:00,1.14641,1.14693,1.1308,1.13213,1273448.0
2003-07-08 00:00:00,1.13219,1.13498,1.12577,1.13135,1256787.875
2003-07-09 00:00:00,1.13165,1.1365,1.13029,1.13362,1278480.625
2003-07-10 00:00:00,1.13356,1.13914,1.13085,1.13593,1265136.75
2003-07-11 00:00:00,1.13552,1.13601,1.12735,1.12773,1267071.5
2003-07-12 00:00:00,1.12773,1.12773,1.12773,1.12773,0.0
2003-07-13 00:00:00,1.12773,1.1297,1.1266,1.12788,146818.09375
2003-07-14 00:00:00,1.12776,1.1307,1.1241,1.12702,1271514.875
2003-07-15 00:00:00,1.12701,1.13358,1.1155,1.11762,1267089.625
2003-07-16 00:00:00,1.11763,1.12305,1.11113,1.12269,1272513.5
2003-07-17 00:00:00,1.12243,1.12477,1.11556,1.12323,1266487.25
2003-07-18 00:00:00,1.12336,1.13022,1.11701,1.1267,1282322.25
2003-07-19 00:00:00,1.1267,1.1267,1.1267,1.1267,0.0
2003-07-20 00:00:00,1.12673,1.12711,1.12434,1.12452,145986.703125
2003-07-21 00:00:00,1.12439,1.1356,1.12401,1.13349,1274002.25
2003-07-22 00:00:00,1.13309,1.13713,1.13044,1.1325,1253745.25
2003-07-23 00:00:00,1.13224,1.1491,1.13119,1.1483,1271592.125
2003-07-24 00:00:00,1.14842,1.15091,1.1422,1.14695,1271439.5
2003-07-25 00:00:00,1.14668,1.15477,1.14425,1.15094,1249058.5
2003-07-26 00:00:00,1.15094,1.15094,1.15094,1.15094,0.0
2003-07-27 00:00:00,1.15583,1.15601,1.14716,1.14959,260901.796875
2003-07-28 00:00:00,1.14939,1.15172,1.14511,1.14842,1273846.75
2003-07-29 00:00:00,1.14852,1.15365,1.14268,1.14413,1273543.375
2003-07-30 00:00:00,1.1441,1.14509,1.13338,1.13476,1267444.625
2003-07-31 00:00:00,1.13501,1.13611,1.12222,1.12363,1264844.5
2003-08-01 00:00:00,1.1235,1.1281,1.11338,1.12709,1218436.125
2003-08-02 00:00:00,1.12709,1.12709,1.12709,1.12709,0.0
2003-08-03 00:00:00,1.1277,1.12883,1.1263,1.12678,540509.6875
2003-08-04 00:00:00,1.12672,1.13734,1.12564,1.13523,1269311.5
2003-08-05 00:00:00,1.13518,1.13969,1.13054,1.13908,1283456.5
2003-08-06 00:00:00,1.13868,1.1425,1.13238,1.13364,1267238.125
2003-08-07 00:00:00,1.13375,1.14138,1.13173,1.1364,1272338.25
2003-08-08 00:00:00,1.13632,1.13774,1.12861,1.13053,1179078.25
2003-08-09 00:00:00,1.13053,1.13053,1.13053,1.13053,0.0
2003-08-10 00:00:00,1.13053,1.13053,1.13053,1.13053,0.0
2003-08-11 00:00:00,1.12882,1.13788,1.12615,1.13544,1332321.0
2003-08-12 00:00:00,1.13535,1.13709,1.12659,1.12727,1340615.125
2003-08-13 00:00:00,1.12724,1.13302,1.12169,1.13093,1352524.0
2003-08-14 00:00:00,1.13097,1.13365,1.12234,1.1265,1335924.75
2003-08-15 00:00:00,1.12629,1.12868,1.12396,1.12597,1234155.625
2003-08-16 00:00:00,1.12597,1.12597,1.12597,1.12597,0.0
2003-08-17 00:00:00,1.12525,1.13219,1.12337,1.12614,83366.0
2003-08-18 00:00:00,1.12601,1.12672,1.11221,1.11382,1353761.25
2003-08-19 00:00:00,1.11377,1.1147,1.10534,1.11293,1338473.75
2003-08-20 00:00:00,1.11277,1.11397,1.10783,1.11084,1347231.75
2003-08-21 00:00:00,1.11067,1.11088,1.08826,1.09295,1344975.25
2003-08-22 00:00:00,1.09287,1.09445,1.0835,1.08845,1264166.75
2003-08-23 00:00:00,1.08845,1.08845,1.08845,1.08845,0.0
2003-08-24 00:00:00,1.08496,1.08695,1.08469,1.08551,92062.1015625
2003-08-25 00:00:00,1.08533,1.09169,1.07973,1.08265,1342775.125
2003-08-26 00:00:00,1.08269,1.0908,1.07911,1.08739,1340140.125
2003-08-27 00:00:00,1.08714,1.09288,1.08303,1.08512,1339286.375
2003-08-28 00:00:00,1.08491,1.09114,1.08082,1.08791,1345976.25
2003-08-29 00:00:00,1.08784,1.09964,1.08678,1.09792,1274356.0
2003-08-30 00:00:00,1.09792,1.09792,1.09792,1.09792,0.0
2003-08-31 00:00:00,1.09873,1.09938,1.09794,1.09887,88392.5
2003-09-01 00:00:00,1.09882,1.10125,1.09487,1.09576,1204219.625
2003-09-02 00:00:00,1.09581,1.0961,1.07975,1.08022,1326005.0
2003-09-03 00:00:00,1.08036,1.08715,1.07606,1.08167,1362868.125
2003-09-04 00:00:00,1.08164,1.09485,1.08075,1.09305,1348508.625
2003-09-05 00:00:00,1.09326,1.11116,1.0915,1.11077,1258797.375
2003-09-06 00:00:00,1.11077,1.11077,1.11077,1.11077,0.0
2003-09-07 00:00:00,1.10973,1.11043,1.10762,1.10892,98337.203125
2003-09-08 00:00:00,1.10899,1.11282,1.10448,1.10653,1341294.75
2003-09-09 00:00:00,1.10657,1.1239,1.10514,1.12168,1363170.5
2003-09-10 00:00:00,1.12169,1.12347,1.11608,1.11811,1364766.75
2003-09-11 00:00:00,1.11792,1.12695,1.11537,1.11831,1364460.875
2003-09-12 00:00:00,1.11816,1.13208,1.11329,1.12877,1275471.75
2003-09-13 00:00:00,1.12877,1.12877,1.12877,1.12877,0.0
2003-09-14 00:00:00,1.12675,1.12779,1.12502,1.12748,90649.8984375
2003-09-15 00:00:00,1.12744,1.13082,1.12401,1.12766,1350359.25
2003-09-16 00:00:00,1.12765,1.13165,1.11523,1.11632,1345838.75
2003-09-17 00:00:00,1.11625,1.12989,1.11366,1.1275,1340349.75
2003-09-18 00:00:00,1.1275,1.13414,1.12246,1.12482,1338139.375
2003-09-19 00:00:00,1.12476,1.13905,1.12374,1.13793,1280040.0
2003-09-20 00:00:00,1.13793,1.13793,1.13793,1.13793,0.0
2003-09-21 00:00:00,1.14333,1.14954,1.14246,1.14568,95800.796875
2003-09-22 00:00:00,1.14542,1.15031,1.14124,1.14694,1352392.75
2003-09-23 00:00:00,1.1469,1.15233,1.1426,1.1438,1349430.75
2003-09-24 00:00:00,1.14377,1.15034,1.14262,1.14814,1351906.25
2003-09-25 00:00:00,1.14819,1.15321,1.14568,1.14667,1341406.625
2003-09-26 00:00:00,1.14673,1.14965,1.14385,1.14744,1269473.25
2003-09-27 00:00:00,1.14744,1.14744,1.14744,1.14744,0.0
2003-09-28 00:00:00,1.14488,1.14656,1.14488,1.14593,91015.5
2003-09-29 00:00:00,1.14592,1.16366,1.13927,1.15753,1352743.0
2003-09-30 00:00:00,1.15756,1.17323,1.15717,1.16738,1347019.625
2003-10-01 00:00:00,1.1671,1.17327,1.16523,1.17151,1353190.75
2003-10-02 00:00:00,1.17147,1.17668,1.16596,1.1676,1349787.25
2003-10-03 00:00:00,1.16764,1.17193,1.15487,1.15734,1285489.625
2003-10-04 00:00:00,1.15734,1.15734,1.15734,1.15734,0.0
2003-10-05 00:00:00,1.15585,1.15943,1.15557,1.15893,86420.0
2003-10-06 00:00:00,1.15889,1.17212,1.15309,1.17121,1346179.25
2003-10-07 00:00:00,1.17128,1.18098,1.1696,1.17741,1337950.875
2003-10-08 00:00:00,1.17761,1.18399,1.17675,1.1821,1342844.375
2003-10-09 00:00:00,1.18217,1.18588,1.1683,1.17344,1342475.75
2003-10-10 00:00:00,1.17325,1.18461,1.17012,1.17954,1261653.0
2003-10-11 00:00:00,1.17954,1.17954,1.17954,1.17954,0.0
2003-10-12 00:00:00,1.18039,1.18138,1.17982,1.18103,79808.203125
2003-10-13 00:00:00,1.18094,1.18113,1.16512,1.16904,1346379.25
2003-10-14 00:00:00,1.169,1.17638,1.15803,1.17241,1337216.25
2003-10-15 00:00:00,1.17202,1.17431,1.15889,1.16171,1352444.125
2003-10-16 00:00:00,1.16172,1.16942,1.15721,1.15786,1332556.5
2003-10-17 00:00:00,1.15775,1.16828,1.15515,1.16734,1270575.375
2003-10-18 00:00:00,1.16734,1.16734,1.16734,1.16734,0.0
2003-10-19 00:00:00,1.17028,1.1727,1.16852,1.16979,94603.8984375
2003-10-20 00:00:00,1.1696,1.16974,1.16,1.16264,1335044.25
2003-10-21 00:00:00,1.16268,1.16991,1.16152,1.1649,1336706.75
2003-10-22 00:00:00,1.16519,1.18276,1.16463,1.18177,1341201.125
2003-10-23 00:00:00,1.18166,1.18434,1.17546,1.18201,1339291.625
2003-10-24 00:00:00,1.18182,1.18546,1.17589,1.17738,1267595.375
2003-10-25 00:00:00,1.17738,1.17738,1.17738,1.17738,0.0
2003-10-26 00:00:00,1.17615,1.17829,1.17589,1.1777,88881.296875
2003-10-27 00:00:00,1.17752,1.17805,1.1717,1.17347,1346951.25
2003-10-28 00:00:00,1.17338,1.17383,1.16535,1.16629,1354644.75
2003-10-29 00:00:00,1.1663,1.1717,1.16554,1.16597,1327023.125
2003-10-30 00:00:00,1.16629,1.17536,1.16096,1.16225,1343465.875
2003-10-31 00:00:00,1.16228,1.16551,1.15615,1.15851,1287163.625
2003-11-01 00:00:00,1.15851,1.15851,1.15851,1.15851,0.0
2003-11-02 00:00:00,1.15835,1.15894,1.15689,1.1579,87321.5
2003-11-03 00:00:00,1.15796,1.16177,1.14264,1.14547,1348210.5
2003-11-04 00:00:00,1.14544,1.15118,1.14244,1.14722,1347965.25
2003-11-05 00:00:00,1.1471,1.14956,1.14118,1.14239,1341507.75
2003-11-06 00:00:00,1.14251,1.14614,1.13873,1.14081,1344918.75
2003-11-07 00:00:00,1.14075,1.15414,1.13769,1.15269,1302945.0
2003-11-08 00:00:00,1.15269,1.15269,1.15269,1.15269,0.0
2003-11-09 00:00:00,1.151,1.15177,1.14941,1.15031,86318.703125
2003-11-10 00:00:00,1.15028,1.15337,1.14418,1.14494,1348165.125
2003-11-11 00:00:00,1.14465,1.15294,1.14416,1.15056,1338472.0
2003-11-12 00:00:00,1.15066,1.16589,1.15024,1.16462,1347272.25
2003-11-13 00:00:00,1.16447,1.17503,1.16305,1.17374,1363074.75
2003-11-14 00:00:00,1.17367,1.18006,1.17289,1.17732,1292357.75
2003-11-15 00:00:00,1.17732,1.17732,1.17732,1.17732,0.0
2003-11-16 00:00:00,1.1784,1.18334,1.17714,1.1829,92999.6015625
2003-11-17 00:00:00,1.18271,1.18474,1.17234,1.17462,1358689.5
2003-11-18 00:00:00,1.17462,1.19727,1.17319,1.19537,1357378.625
2003-11-19 00:00:00,1.19556,1.19767,1.18699,1.18929,1354826.625
2003-11-20 00:00:00,1.18919,1.19543,1.18808,1.1899,1360667.375
2003-11-21 00:00:00,1.18993,1.19369,1.18553,1.19126,1294958.25
2003-11-22 00:00:00,1.19126,1.19126,1.19126,1.19126,0.0
2003-11-23 00:00:00,1.19135,1.19185,1.18996,1.19064,70649.296875
2003-11-24 00:00:00,1.19097,1.19167,1.17544,1.17807,1337171.5
2003-11-25 00:00:00,1.17805,1.18175,1.17509,1.17741,1348085.875
2003-11-26 00:00:00,1.17766,1.1947,1.17732,1.19255,1356713.0
2003-11-27 00:00:00,1.19274,1.19362,1.18821,1.19104,1342401.75
2003-11-28 00:00:00,1.19101,1.20129,1.18959,1.19902,1283031.875
2003-11-29 00:00:00,1.19902,1.19902,1.19902,1.19902,0.0
2003-11-30 00:00:00,1.19711,1.20297,1.19643,1.2027,88874.8984375
2003-12-01 00:00:00,1.20283,1.20392,1.19354,1.19596,1370018.5
2003-12-02 00:00:00,1.19572,1.21111,1.19391,1.20835,1348560.625
2003-12-03 00:00:00,1.20839,1.21255,1.20683,1.21122,1350222.75
2003-12-04 00:00:00,1.21112,1.21533,1.20286,1.20724,1349408.0
2003-12-05 00:00:00,1.20721,1.21767,1.20601,1.21634,1278248.25
2003-12-06 00:00:00,1.21634,1.21634,1.21634,1.21634,0.0
2003-12-07 00:00:00,1.21635,1.21762,1.21581,1.21652,85946.8984375
2003-12-08 00:00:00,1.2163,1.22376,1.21466,1.22152,1353890.5
2003-12-09 00:00:00,1.22157,1.22735,1.21851,1.22443,1346106.875
2003-12-10 00:00:00,1.22438,1.22639,1.21511,1.21852,1349414.75
2003-12-11 00:00:00,1.21869,1.22321,1.21113,1.22226,1360462.0
2003-12-12 00:00:00,1.22187,1.23047,1.22056,1.2273,1289667.5
2003-12-13 00:00:00,1.2273,1.2273,1.2273,1.2273,0.0
2003-12-14 00:00:00,1.22505,1.22505,1.21273,1.21841,97620.203125
2003-12-15 00:00:00,1.21842,1.23216,1.21694,1.23098,1343654.625
2003-12-16 00:00:00,1.23094,1.23584,1.22984,1.23169,1346760.375
2003-12-17 00:00:00,1.23167,1.24198,1.22939,1.23978,1365885.125
2003-12-18 00:00:00,1.23957,1.24369,1.23571,1.24179,1344893.25
2003-12-19 00:00:00,1.24164,1.24311,1.23408,1.23713,1280362.5
2003-12-20 00:00:00,1.23713,1.23713,1.23713,1.23713,0.0
2003-12-21 00:00:00,1.2388,1.24085,1.23468,1.23527,91785.6015625
2003-12-22 00:00:00,1.23503,1.24447,1.23497,1.2392,1341708.375
2003-12-23 00:00:00,1.23909,1.24239,1.23803,1.2395,1337819.25
2003-12-24 00:00:00,1.2395,1.24688,1.23929,1.24525,1316542.5
2003-12-25 00:00:00,1.24453,1.24608,1.24324,1.24432,910164.5
2003-12-26 00:00:00,1.24425,1.24676,1.24191,1.24246,1256263.25
2003-12-27 00:00:00,1.24246,1.24246,1.24246,1.24246,0.0
2003-12-28 00:00:00,1.2437,1.24377,1.24214,1.24294,74856.703125
2003-12-29 00:00:00,1.24258,1.25058,1.24212,1.24793,1332635.0
2003-12-30 00:00:00,1.24805,1.25603,1.24742,1.2545,1347303.125
2003-12-31 00:00:00,1.25429,1.26455,1.25119,1.2594,1269560.0
2004-01-01 00:00:00,1.25934,1.26035,1.24679,1.25723,559789.625
2004-01-02 00:00:00,1.25701,1.26263,1.25198,1.25806,1277971.375
2004-01-03 00:00:00,1.25806,1.25806,1.25806,1.25806,0.0
2004-01-04 00:00:00,1.25855,1.26477,1.25779,1.26308,83720.3984375
2004-01-05 00:00:00,1.26308,1.26924,1.26288,1.2682,1353480.5
2004-01-06 00:00:00,1.2682,1.28083,1.2665,1.2714,1354807.375
2004-01-07 00:00:00,1.27145,1.27404,1.26168,1.26367,1345833.0
2004-01-08 00:00:00,1.26353,1.27839,1.25576,1.27686,1348587.5
2004-01-09 00:00:00,1.27682,1.28665,1.27021,1.28123,1274567.875
2004-01-10 00:00:00,1.28123,1.28123,1.28123,1.28123,0.0
2004-01-11 00:00:00,1.28209,1.28559,1.28209,1.28467,87809.5
2004-01-12 00:00:00,1.28482,1.28956,1.27306,1.2738,1341146.625
2004-01-13 00:00:00,1.27352,1.27947,1.27114,1.27826,1347248.25
2004-01-14 00:00:00,1.27834,1.2785,1.26276,1.26504,1338836.25
2004-01-15 00:00:00,1.26501,1.26693,1.25562,1.25937,1359077.625
2004-01-16 00:00:00,1.25947,1.26071,1.23494,1.23936,1277853.75
2004-01-17 00:00:00,1.23936,1.23936,1.23936,1.23936,0.0
2004-01-18 00:00:00,1.23768,1.24002,1.23569,1.23822,93569.5
2004-01-19 00:00:00,1.23817,1.24226,1.23323,1.23493,1338577.25
2004-01-20 00:00:00,1.2349,1.25977,1.23411,1.25812,1348920.75
2004-01-21 00:00:00,1.25792,1.26695,1.25488,1.26529,1352647.625
2004-01-22 00:00:00,1.26541,1.27475,1.26349,1.27184,1350262.75
2004-01-23 00:00:00,1.27195,1.27732,1.25621,1.25781,1287883.375
2004-01-24 00:00:00,1.25781,1.25781,1.25781,1.25781,0.0
2004-01-25 00:00:00,1.25739,1.25857,1.25606,1.2567,84790.5
2004-01-26 00:00:00,1.25661,1.26095,1.24542,1.24824,1361808.375
2004-01-27 00:00:00,1.24834,1.26608,1.24391,1.26318,1316358.25
2004-01-28 00:00:00,1.26337,1.26415,1.24113,1.24345,1344328.5
2004-01-29 00:00:00,1.24349,1.25252,1.23607,1.2405,1334867.75
2004-01-30 00:00:00,1.24037,1.24897,1.23491,1.24731,1294345.125
2004-01-31 00:00:00,1.24731,1.24731,1.24731,1.24731,0.0
2004-02-01 00:00:00,1.24741,1.24848,1.24646,1.24721,84245.3984375
2004-02-02 00:00:00,1.24704,1.24792,1.23882,1.2427,1347688.5
2004-02-03 00:00:00,1.24272,1.25967,1.24124,1.25417,1353304.0
2004-02-04 00:00:00,1.25392,1.25593,1.24919,1.25354,1355069.75
2004-02-05 00:00:00,1.25325,1.26348,1.25157,1.25643,1354204.625
2004-02-06 00:00:00,1.25654,1.27226,1.251,1.27,1287807.125
2004-02-07 00:00:00,1.27,1.27,1.27,1.27,0.0
2004-02-08 00:00:00,1.26218,1.26466,1.25963,1.26429,98487.8984375
2004-02-09 00:00:00,1.2645,1.27589,1.26441,1.26872,1365285.75
2004-02-10 00:00:00,1.26875,1.27848,1.26649,1.26789,1369272.5
2004-02-11 00:00:00,1.26783,1.2843,1.26482,1.2825,1363432.75
2004-02-12 00:00:00,1.28227,1.28432,1.27873,1.28148,1359120.25
2004-02-13 00:00:00,1.28112,1.28898,1.27135,1.27305,1299378.125
2004-02-14 00:00:00,1.27305,1.27305,1.27305,1.27305,0.0
2004-02-15 00:00:00,1.27417,1.2755,1.2721,1.27252,92360.0
2004-02-16 00:00:00,1.27267,1.2787,1.27139,1.27589,1347337.375
2004-02-17 00:00:00,1.27594,1.28751,1.27533,1.28558,1369595.75
2004-02-18 00:00:00,1.28548,1.29247,1.26561,1.27246,1356747.125
2004-02-19 00:00:00,1.27243,1.27643,1.26516,1.27492,1346864.375
2004-02-20 00:00:00,1.27525,1.27579,1.24928,1.25319,1294776.125
2004-02-21 00:00:00,1.25319,1.25319,1.25319,1.25319,0.0
2004-02-22 00:00:00,1.25261,1.25314,1.24969,1.25063,95043.3984375
2004-02-23 00:00:00,1.25026,1.25932,1.24494,1.25651,1363891.5
2004-02-24 00:00:00,1.25663,1.27115,1.25203,1.26713,1346989.0
2004-02-25 00:00:00,1.2671,1.27039,1.24716,1.24955,1365991.25
2004-02-26 00:00:00,1.24939,1.25129,1.23826,1.24409,1340622.375
2004-02-27 00:00:00,1.24393,1.25049,1.23718,1.24887,1286226.25
2004-02-28 00:00:00,1.24887,1.24887,1.24887,1.24887,0.0
2004-02-29 00:00:00,1.24823,1.25315,1.24726,1.25297,93395.203125
2004-03-01 00:00:00,1.253,1.25398,1.24215,1.24431,1350250.75
2004-03-02 00:00:00,1.24432,1.24489,1.21938,1.21976,1360707.5
2004-03-03 00:00:00,1.2197,1.22158,1.20546,1.21874,1345327.25
2004-03-04 00:00:00,1.21877,1.2238,1.21334,1.21984,1348739.0
2004-03-05 00:00:00,1.21978,1.24275,1.21731,1.23642,1284502.75
2004-03-06 00:00:00,1.23642,1.23642,1.23642,1.23642,0.0
2004-03-07 00:00:00,1.23781,1.23888,1.23552,1.23609,92354.8984375
2004-03-08 00:00:00,1.23604,1.2423,1.23359,1.24182,1360754.0
2004-03-09 00:00:00,1.24182,1.24573,1.22716,1.23138,1357455.875
2004-03-10 00:00:00,1.23145,1.23282,1.21946,1.22271,1355033.0
2004-03-11 00:00:00,1.22256,1.23831,1.2162,1.23448,1356225.75
2004-03-12 00:00:00,1.23425,1.23519,1.21707,1.22145,1285258.25
2004-03-13 00:00:00,1.22145,1.22145,1.22145,1.22145,0.0
2004-03-14 00:00:00,1.22277,1.22336,1.21802,1.22099,94951.296875
2004-03-15 00:00:00,1.22088,1.23154,1.22013,1.22645,1357185.75
2004-03-16 00:00:00,1.22645,1.23695,1.22295,1.22545,1359962.25
2004-03-17 00:00:00,1.22542,1.2287,1.2173,1.22215,1341499.875
2004-03-18 00:00:00,1.2221,1.24315,1.22184,1.23819,1352578.0
2004-03-19 00:00:00,1.23825,1.24058,1.2254,1.22829,1286930.875
2004-03-20 00:00:00,1.22829,1.22829,1.22829,1.22829,0.0
2004-03-21 00:00:00,1.22727,1.22865,1.22657,1.2273,89458.0
2004-03-22 00:00:00,1.22733,1.23983,1.22189,1.23385,1362258.0
2004-03-23 00:00:00,1.234,1.23678,1.22628,1.23379,1361544.0
2004-03-24 00:00:00,1.2337,1.23653,1.21027,1.2133,1362608.75
2004-03-25 00:00:00,1.21334,1.21987,1.20962,1.21324,1365256.625
2004-03-26 00:00:00,1.21324,1.22083,1.20733,1.21272,1301405.0
2004-03-27 00:00:00,1.21272,1.21272,1.21272,1.21272,0.0
2004-03-28 00:00:00,1.21142,1.21403,1.21033,1.21146,95989.703125
2004-03-29 00:00:00,1.21141,1.21668,1.20559,1.21558,1350203.25
2004-03-30 00:00:00,1.21543,1.22263,1.21534,1.21774,1307247.75
2004-03-31 00:00:00,1.2177,1.23203,1.21682,1.23016,1357457.75
2004-04-01 00:00:00,1.22994,1.23862,1.22532,1.23526,1365750.125
2004-04-02 00:00:00,1.23527,1.23677,1.20978,1.21305,1291025.25
2004-04-03 00:00:00,1.21305,1.21305,1.21305,1.21305,0.0
2004-04-04 00:00:00,1.21076,1.21187,1.20936,1.21021,96248.1015625
2004-04-05 00:00:00,1.2099,1.21263,1.19808,1.20074,1375911.25
2004-04-06 00:00:00,1.20086,1.21419,1.19802,1.21197,1359877.375
2004-04-07 00:00:00,1.21189,1.21966,1.20472,1.21656,1363471.25
2004-04-08 00:00:00,1.2165,1.22166,1.20574,1.20738,1355090.375
2004-04-09 00:00:00,1.20731,1.21104,1.20607,1.20869,1190653.125
2004-04-10 00:00:00,1.20869,1.20869,1.20869,1.20869,0.0
2004-04-11 00:00:00,1.20857,1.20922,1.20667,1.20683,81998.796875
2004-04-12 00:00:00,1.20726,1.20956,1.2049,1.20731,1337788.5
2004-04-13 00:00:00,1.2073,1.20808,1.19021,1.1924,1331098.25
2004-04-14 00:00:00,1.19248,1.19739,1.18678,1.19383,1376461.375
2004-04-15 00:00:00,1.19407,1.1992,1.1891,1.19727,1374690.75
2004-04-16 00:00:00,1.19732,1.20442,1.1921,1.19929,1300013.75
2004-04-17 00:00:00,1.19929,1.19929,1.19929,1.19929,0.0
2004-04-18 00:00:00,1.19989,1.20261,1.1998,1.20123,94743.203125
2004-04-19 00:00:00,1.20132,1.20756,1.19952,1.20022,1352479.875
2004-04-20 00:00:00,1.20049,1.20089,1.18198,1.18271,1362834.625
2004-04-21 00:00:00,1.18272,1.19111,1.17758,1.17937,1359517.125
2004-04-22 00:00:00,1.17941,1.19401,1.17913,1.19227,1366570.875
2004-04-23 00:00:00,1.19223,1.19262,1.17935,1.1838,1275468.875
2004-04-24 00:00:00,1.1838,1.1838,1.1838,1.1838,0.0
2004-04-25 00:00:00,1.18177,1.1821,1.17799,1.17893,96851.0
2004-04-26 00:00:00,1.17908,1.1884,1.17573,1.18606,1354695.375
2004-04-27 00:00:00,1.18602,1.19456,1.18302,1.19238,1354666.125
2004-04-28 00:00:00,1.19212,1.19496,1.182,1.18232,1359561.75
2004-04-29 00:00:00,1.18257,1.19841,1.18027,1.19538,1374761.5
2004-04-30 00:00:00,1.19547,1.20089,1.19185,1.19827,1287718.875
2004-05-01 00:00:00,1.19827,1.19827,1.19827,1.19827,0.0
2004-05-02 00:00:00,1.1977,1.2,1.19745,1.19837,96030.3984375
2004-05-03 00:00:00,1.19844,1.19934,1.19189,1.19336,1358936.375
2004-05-04 00:00:00,1.19309,1.21173,1.19284,1.21049,1348087.875
2004-05-05 00:00:00,1.21052,1.21786,1.20998,1.21584,1362100.625
2004-05-06 00:00:00,1.21604,1.21734,1.20625,1.20685,1370209.25
2004-05-07 00:00:00,1.20684,1.21313,1.1872,1.18887,1291185.0
2004-05-08 00:00:00,1.18887,1.18887,1.18887,1.18887,0.0
2004-05-09 00:00:00,1.18648,1.18936,1.1858,1.18602,98786.1015625
2004-05-10 00:00:00,1.18619,1.18785,1.18103,1.18631,1360349.25
2004-05-11 00:00:00,1.18658,1.18885,1.17869,1.18752,1354748.75
2004-05-12 00:00:00,1.18752,1.19402,1.18322,1.19092,1374317.25
2004-05-13 00:00:00,1.19081,1.19294,1.17708,1.18015,1374528.75
2004-05-14 00:00:00,1.18023,1.19007,1.17806,1.18869,1302515.125
2004-05-15 00:00:00,1.18869,1.18869,1.18869,1.18869,0.0
2004-05-16 00:00:00,1.18832,1.18958,1.18758,1.18799,94551.203125
2004-05-17 00:00:00,1.18838,1.2058,1.18782,1.20364,1358104.875
2004-05-18 00:00:00,1.20349,1.20358,1.19272,1.19397,1370785.375
2004-05-19 00:00:00,1.19429,1.20409,1.19381,1.19997,1365915.25
2004-05-20 00:00:00,1.20001,1.20127,1.18942,1.19544,1371075.875
2004-05-21 00:00:00,1.19542,1.20679,1.1953,1.19761,1299252.375
2004-05-22 00:00:00,1.19761,1.19761,1.19761,1.19761,0.0
2004-05-23 00:00:00,1.19817,1.20021,1.19782,1.19897,97363.5
2004-05-24 00:00:00,1.19899,1.20231,1.19324,1.19926,1366705.25
2004-05-25 00:00:00,1.19924,1.21263,1.19888,1.21077,1366979.25
2004-05-26 00:00:00,1.21082,1.21422,1.20814,1.20992,1351294.875
2004-05-27 00:00:00,1.21,1.22884,1.20867,1.22695,1362757.25
2004-05-28 00:00:00,1.22714,1.22956,1.22002,1.22186,1291061.375
2004-05-29 00:00:00,1.22186,1.22186,1.22186,1.22186,0.0
2004-05-30 00:00:00,1.22304,1.22529,1.22272,1.22299,97281.0
2004-05-31 00:00:00,1.22307,1.22362,1.21722,1.21765,1134711.5
2004-06-01 00:00:00,1.21772,1.22657,1.21543,1.22408,1382109.75
2004-06-02 00:00:00,1.22415,1.2303,1.2203,1.22117,1376524.375
2004-06-03 00:00:00,1.22137,1.22496,1.2168,1.22105,1365369.5
2004-06-04 00:00:00,1.22105,1.23179,1.21395,1.22816,1295108.5
2004-06-05 00:00:00,1.22816,1.22816,1.22816,1.22816,0.0
2004-06-06 00:00:00,1.22867,1.23339,1.22742,1.23253,98967.203125
2004-06-07 00:00:00,1.23269,1.23373,1.22992,1.23107,1362278.0
2004-06-08 00:00:00,1.2313,1.235,1.22434,1.22654,1358450.75
2004-06-09 00:00:00,1.22666,1.22716,1.20225,1.20309,1367077.25
2004-06-10 00:00:00,1.20324,1.21179,1.20276,1.20868,1347182.0
2004-06-11 00:00:00,1.20855,1.20877,1.19624,1.20056,1302280.25
2004-06-12 00:00:00,1.20056,1.20056,1.20056,1.20056,0.0
2004-06-13 00:00:00,1.1996,1.20011,1.196,1.1976,98037.3984375
2004-06-14 00:00:00,1.19745,1.20872,1.19512,1.20621,1354963.0
2004-06-15 00:00:00,1.20632,1.21694,1.20254,1.21498,1374126.125
2004-06-16 00:00:00,1.21465,1.21677,1.19787,1.20022,1359887.75
2004-06-17 00:00:00,1.20035,1.20769,1.19901,1.20351,1366220.0
2004-06-18 00:00:00,1.20311,1.21467,1.19725,1.21377,1300398.125
2004-06-19 00:00:00,1.21377,1.21377,1.21377,1.21377,0.0
2004-06-20 00:00:00,1.21308,1.2145,1.21287,1.21289,95521.5
2004-06-21 00:00:00,1.21305,1.21441,1.20749,1.21172,1348038.75
2004-06-22 00:00:00,1.21152,1.21306,1.20652,1.21062,1363591.75
2004-06-23 00:00:00,1.2105,1.21911,1.20624,1.20793,1371745.75
2004-06-24 00:00:00,1.2075,1.21889,1.2038,1.21677,1352296.375
2004-06-25 00:00:00,1.21685,1.21841,1.21062,1.21771,1284859.0
2004-06-26 00:00:00,1.21771,1.21771,1.21771,1.21771,0.0
2004-06-27 00:00:00,1.2173,1.21816,1.21634,1.21659,99577.0
2004-06-28 00:00:00,1.21641,1.22268,1.21209,1.21874,1358848.875
2004-06-29 00:00:00,1.21848,1.21865,1.20646,1.20869,1347315.25
2004-06-30 00:00:00,1.20849,1.22078,1.2063,1.21997,1354017.5
2004-07-01 00:00:00,1.21987,1.22068,1.21319,1.21618,1349128.875
2004-07-02 00:00:00,1.21629,1.23271,1.21416,1.23174,1297504.125
2004-07-03 00:00:00,1.23174,1.23174,1.23174,1.23174,0.0
2004-07-04 00:00:00,1.23205,1.2335,1.23093,1.23254,97841.0
2004-07-05 00:00:00,1.23279,1.23304,1.22654,1.23033,1349995.875
2004-07-06 00:00:00,1.23027,1.2329,1.22638,1.22956,1346328.5
2004-07-07 00:00:00,1.22934,1.23879,1.22715,1.23749,1348843.875
2004-07-08 00:00:00,1.23742,1.24042,1.23386,1.23893,1345642.75
2004-07-09 00:00:00,1.23877,1.2422,1.23677,1.24148,1281116.875
2004-07-10 00:00:00,1.24148,1.24148,1.24148,1.24148,0.0
2004-07-11 00:00:00,1.2406,1.2418,1.24016,1.24151,98907.296875
2004-07-12 00:00:00,1.24146,1.2435,1.23795,1.23943,1353257.625
2004-07-13 00:00:00,1.23934,1.23958,1.22979,1.23247,1364854.5
2004-07-14 00:00:00,1.23235,1.24201,1.23173,1.23857,1363203.0
2004-07-15 00:00:00,1.23855,1.23861,1.23255,1.23518,1355117.25
2004-07-16 00:00:00,1.23505,1.24579,1.23269,1.24487,1274207.625
2004-07-17 00:00:00,1.24487,1.24487,1.24487,1.24487,0.0
2004-07-18 00:00:00,1.24412,1.24602,1.24355,1.24521,97029.1015625
2004-07-19 00:00:00,1.24509,1.24609,1.23975,1.24271,1354528.875
2004-07-20 00:00:00,1.24256,1.24536,1.22981,1.23184,1343293.625
2004-07-21 00:00:00,1.23171,1.2348,1.22089,1.22572,1380497.0
2004-07-22 00:00:00,1.22556,1.22911,1.22279,1.22566,1361575.875
2004-07-23 00:00:00,1.2254,1.22673,1.20843,1.20918,1289068.125
2004-07-24 00:00:00,1.20918,1.20918,1.20918,1.20918,0.0
2004-07-25 00:00:00,1.20932,1.21157,1.20895,1.21046,97514.5
2004-07-26 00:00:00,1.21067,1.21699,1.20853,1.21321,1341121.5
2004-07-27 00:00:00,1.21327,1.2189,1.20338,1.2063,1346516.25
2004-07-28 00:00:00,1.20629,1.2078,1.19972,1.20484,1362384.625
2004-07-29 00:00:00,1.20509,1.20932,1.19912,1.20361,1345975.875
2004-07-30 00:00:00,1.20349,1.21183,1.19997,1.20135,1284340.375
2004-07-31 00:00:00,1.20135,1.20135,1.20135,1.20135,0.0
2004-08-01 00:00:00,1.20114,1.20757,1.20103,1.20565,96828.203125
2004-08-02 00:00:00,1.20563,1.20928,1.20128,1.202,1367694.0
2004-08-03 00:00:00,1.20207,1.20751,1.19941,1.20522,1361830.375
2004-08-04 00:00:00,1.20547,1.20659,1.19695,1.20559,1356724.75
2004-08-05 00:00:00,1.20546,1.20727,1.20189,1.20554,1348480.375
2004-08-06 00:00:00,1.20525,1.229,1.20431,1.2279,1292744.5
2004-08-07 00:00:00,1.2279,1.2279,1.2279,1.2279,0.0
2004-08-08 00:00:00,1.22805,1.22883,1.22622,1.22725,96681.796875
2004-08-09 00:00:00,1.22697,1.22885,1.22444,1.22642,1343911.875
2004-08-10 00:00:00,1.2264,1.23179,1.22191,1.22334,1356356.375
2004-08-11 00:00:00,1.22339,1.22497,1.21937,1.22271,1345909.875
2004-08-12 00:00:00,1.22234,1.22948,1.22186,1.22354,1352254.0
2004-08-13 00:00:00,1.22347,1.23754,1.2175,1.23723,1292944.875
2004-08-14 00:00:00,1.23723,1.23723,1.23723,1.23723,0.0
2004-08-15 00:00:00,1.23668,1.23826,1.23668,1.23707,98619.703125
2004-08-16 00:00:00,1.23717,1.2378,1.23158,1.23555,1344901.75
2004-08-17 00:00:00,1.23554,1.23845,1.23096,1.23485,1357538.875
2004-08-18 00:00:00,1.23482,1.23642,1.22847,1.23376,1354802.375
2004-08-19 00:00:00,1.23347,1.23781,1.23305,1.23624,1358120.75
2004-08-20 00:00:00,1.23639,1.23804,1.22791,1.23169,1291823.75
2004-08-21 00:00:00,1.23169,1.23169,1.23169,1.23169,0.0
2004-08-22 00:00:00,1.23088,1.23231,1.22955,1.23099,93508.0
2004-08-23 00:00:00,1.23124,1.2314,1.21298,1.21486,1348137.0
2004-08-24 00:00:00,1.21479,1.21656,1.20583,1.20701,1344214.0
2004-08-25 00:00:00,1.20702,1.21156,1.20504,1.20784,1355827.375
2004-08-26 00:00:00,1.20764,1.21157,1.2045,1.21069,1345860.75
2004-08-27 00:00:00,1.21047,1.21343,1.19995,1.20086,1292374.125
2004-08-28 00:00:00,1.20086,1.20086,1.20086,1.20086,0.0
2004-08-29 00:00:00,1.20061,1.20174,1.20007,1.20086,95193.296875
2004-08-30 00:00:00,1.20071,1.2067,1.19849,1.20458,1354207.875
2004-08-31 00:00:00,1.20439,1.21934,1.2043,1.21768,1351285.375
2004-09-01 00:00:00,1.21738,1.22198,1.21461,1.21879,1356002.625
2004-09-02 00:00:00,1.21883,1.2199,1.21392,1.21656,1340557.5
2004-09-03 00:00:00,1.21647,1.21917,1.20399,1.20532,1270059.75
2004-09-04 00:00:00,1.20532,1.20532,1.20532,1.20532,0.0
2004-09-05 00:00:00,1.20558,1.20688,1.20501,1.20652,90363.296875
2004-09-06 00:00:00,1.20641,1.20783,1.20449,1.2064,1346766.625
2004-09-07 00:00:00,1.20624,1.21112,1.20508,1.2085,1344433.25
2004-09-08 00:00:00,1.20835,1.21914,1.20242,1.21804,1335372.75
2004-09-09 00:00:00,1.21792,1.22481,1.21575,1.22326,1340710.25
2004-09-10 00:00:00,1.22317,1.23069,1.21974,1.22664,1276819.75
2004-09-11 00:00:00,1.22664,1.22664,1.22664,1.22664,0.0
2004-09-12 00:00:00,1.2257,1.22842,1.22568,1.22824,94848.0
2004-09-13 00:00:00,1.22813,1.22865,1.22215,1.22643,1341837.25
2004-09-14 00:00:00,1.22649,1.22938,1.22236,1.22481,1350486.5
2004-09-15 00:00:00,1.22477,1.22593,1.21323,1.21463,1343742.75
2004-09-16 00:00:00,1.21455,1.21971,1.21192,1.21835,1348453.125
2004-09-17 00:00:00,1.2183,1.22215,1.21555,1.21842,1278557.125
2004-09-18 00:00:00,1.21842,1.21842,1.21842,1.21842,0.0
2004-09-19 00:00:00,1.21749,1.2184,1.21576,1.21654,93615.0
2004-09-20 00:00:00,1.21647,1.21784,1.21212,1.2172,1337796.0
2004-09-21 00:00:00,1.21699,1.23459,1.21663,1.23235,1346430.0
2004-09-22 00:00:00,1.23236,1.23297,1.22277,1.22657,1352815.75
2004-09-23 00:00:00,1.22664,1.2332,1.22514,1.22756,1342273.0
2004-09-24 00:00:00,1.22745,1.23595,1.22363,1.22714,1274864.375
2004-09-25 00:00:00,1.22714,1.22714,1.22714,1.22714,0.0
2004-09-26 00:00:00,1.22742,1.22855,1.22647,1.22751,98863.296875
2004-09-27 00:00:00,1.22725,1.2314,1.22449,1.22999,1353443.25
2004-09-28 00:00:00,1.22986,1.23462,1.22766,1.23128,1355436.75
2004-09-29 00:00:00,1.23118,1.23383,1.22874,1.23271,1338026.25
2004-09-30 00:00:00,1.23277,1.24427,1.23126,1.24261,1357420.125
2004-10-01 00:00:00,1.24233,1.24328,1.23822,1.23972,1280447.875
2004-10-02 00:00:00,1.23972,1.23972,1.23972,1.23972,0.0
2004-10-03 00:00:00,1.23879,1.23992,1.23789,1.23871,95102.203125
2004-10-04 00:00:00,1.2387,1.23907,1.22561,1.22801,1350751.875
2004-10-05 00:00:00,1.22827,1.23281,1.22607,1.2315,1348271.75
2004-10-06 00:00:00,1.23145,1.23219,1.22455,1.22841,1341129.75
2004-10-07 00:00:00,1.22847,1.23125,1.22698,1.2295,1354057.25
2004-10-08 00:00:00,1.22954,1.24317,1.22812,1.24077,1278657.375
2004-10-09 00:00:00,1.24077,1.24077,1.24077,1.24077,0.0
2004-10-10 00:00:00,1.24112,1.24209,1.24021,1.24077,89764.703125
2004-10-11 00:00:00,1.24085,1.24157,1.23671,1.23736,1353190.25
2004-10-12 00:00:00,1.23704,1.23726,1.2286,1.23155,1343132.875
2004-10-13 00:00:00,1.23144,1.23549,1.22257,1.23392,1347219.75
2004-10-14 00:00:00,1.2339,1.24178,1.23196,1.2385,1340954.25
2004-10-15 00:00:00,1.23804,1.24987,1.23788,1.24767,1266497.375
2004-10-16 00:00:00,1.24767,1.24767,1.24767,1.24767,0.0
2004-10-17 00:00:00,1.24713,1.24846,1.24678,1.24819,95255.703125
2004-10-18 00:00:00,1.24795,1.25328,1.24592,1.24808,1349976.75
2004-10-19 00:00:00,1.24767,1.25249,1.24488,1.2511,1342743.625
2004-10-20 00:00:00,1.25077,1.2627,1.24855,1.25788,1344130.0
2004-10-21 00:00:00,1.25782,1.2648,1.25729,1.26108,1353623.25
2004-10-22 00:00:00,1.26107,1.269,1.25981,1.26856,1285125.5
2004-10-23 00:00:00,1.26856,1.26856,1.26856,1.26856,0.0
2004-10-24 00:00:00,1.26911,1.27407,1.26911,1.27366,98380.1015625
2004-10-25 00:00:00,1.2734,1.28276,1.27318,1.27845,1337529.0
2004-10-26 00:00:00,1.27846,1.284,1.27244,1.27487,1338914.75
2004-10-27 00:00:00,1.27462,1.28108,1.2691,1.2692,1338373.5
2004-10-28 00:00:00,1.26927,1.27649,1.26405,1.27447,1334393.875
2004-10-29 00:00:00,1.27436,1.27976,1.27079,1.27867,1266222.25
2004-10-30 00:00:00,1.27867,1.27867,1.27867,1.27867,0.0
2004-10-31 00:00:00,1.27886,1.28298,1.27886,1.28243,95069.296875
2004-11-01 00:00:00,1.2822,1.28253,1.27164,1.27411,1344146.375
2004-11-02 00:00:00,1.274,1.27471,1.26634,1.27134,1334539.5
2004-11-03 00:00:00,1.27157,1.28294,1.26575,1.28209,1346166.625
2004-11-04 00:00:00,1.28205,1.28954,1.27898,1.28693,1338358.0
2004-11-05 00:00:00,1.28685,1.29709,1.27545,1.29591,1266079.0
2004-11-06 00:00:00,1.29591,1.29591,1.29591,1.29591,0.0
2004-11-07 00:00:00,1.29608,1.29725,1.29548,1.29606,95079.0
2004-11-08 00:00:00,1.29601,1.29841,1.29021,1.29076,1335383.0
2004-11-09 00:00:00,1.29029,1.29372,1.28842,1.28949,1336968.0
2004-11-10 00:00:00,1.28921,1.30014,1.28496,1.28803,1315779.875
2004-11-11 00:00:00,1.28804,1.29181,1.28577,1.29042,1336649.25
2004-11-12 00:00:00,1.2904,1.2987,1.28741,1.29712,1275007.375
2004-11-13 00:00:00,1.29712,1.29712,1.29712,1.29712,0.0
2004-11-14 00:00:00,1.29798,1.29887,1.29644,1.29856,91949.703125
2004-11-15 00:00:00,1.29834,1.29969,1.29154,1.29339,1344811.375
2004-11-16 00:00:00,1.29336,1.29915,1.29163,1.29567,1339286.0
2004-11-17 00:00:00,1.29587,1.30448,1.29487,1.30324,1347522.25
2004-11-18 00:00:00,1.30341,1.30715,1.29381,1.29456,1328719.625
2004-11-19 00:00:00,1.2943,1.3066,1.29372,1.30201,1275294.75
2004-11-20 00:00:00,1.30201,1.30201,1.30201,1.30201,0.0
2004-11-21 00:00:00,1.30255,1.30483,1.30176,1.30203,93509.203125
2004-11-22 00:00:00,1.30193,1.30505,1.3012,1.30356,1333518.875
2004-11-23 00:00:00,1.30357,1.3101,1.29758,1.30973,1340503.0
2004-11-24 00:00:00,1.30957,1.31879,1.30814,1.31724,1338590.125
2004-11-25 00:00:00,1.31743,1.32794,1.31602,1.32536,1332947.75
2004-11-26 00:00:00,1.32551,1.33278,1.31847,1.32926,1248660.625
2004-11-27 00:00:00,1.32926,1.32926,1.32926,1.32926,0.0
2004-11-28 00:00:00,1.32845,1.32851,1.32628,1.32669,94016.703125
2004-11-29 00:00:00,1.32656,1.33033,1.32281,1.32601,1323155.375
2004-11-30 00:00:00,1.32596,1.33297,1.32297,1.32937,1318856.25
2004-12-01 00:00:00,1.32909,1.33544,1.32734,1.33436,1325066.75
2004-12-02 00:00:00,1.33435,1.33806,1.32359,1.32566,1327824.875
2004-12-03 00:00:00,1.32564,1.34592,1.32501,1.34479,1265403.875
2004-12-04 00:00:00,1.34479,1.34479,1.34479,1.34479,0.0
2004-12-05 00:00:00,1.34424,1.3452,1.34344,1.34458,90485.8984375
2004-12-06 00:00:00,1.34433,1.34538,1.33862,1.33932,1312248.75
2004-12-07 00:00:00,1.33912,1.34681,1.33891,1.34264,1329332.625
2004-12-08 00:00:00,1.34268,1.34295,1.31924,1.33429,1321508.625
2004-12-09 00:00:00,1.33426,1.33577,1.32499,1.33008,1329242.75
2004-12-10 00:00:00,1.32974,1.33002,1.31391,1.32214,1252076.625
2004-12-11 00:00:00,1.32214,1.32214,1.32214,1.32214,0.0
2004-12-12 00:00:00,1.32053,1.32285,1.31871,1.32188,94386.0
2004-12-13 00:00:00,1.32196,1.33247,1.32135,1.33148,1328048.125
2004-12-14 00:00:00,1.3315,1.33304,1.3258,1.33026,1329415.375
2004-12-15 00:00:00,1.33027,1.34415,1.32592,1.33993,1324396.25
2004-12-16 00:00:00,1.33986,1.3427,1.31917,1.32491,1333438.5
2004-12-17 00:00:00,1.3247,1.33148,1.32259,1.33049,1265429.375
2004-12-18 00:00:00,1.33049,1.33049,1.33049,1.33049,0.0
2004-12-19 00:00:00,1.33086,1.3339,1.32964,1.33088,94496.5
2004-12-20 00:00:00,1.33101,1.3407,1.32945,1.33875,1322509.75
2004-12-21 00:00:00,1.33874,1.34062,1.33364,1.33637,1333467.125
2004-12-22 00:00:00,1.33634,1.3402,1.3341,1.33866,1322940.0
2004-12-23 00:00:00,1.33872,1.35145,1.33784,1.35069,1342817.75
2004-12-24 00:00:00,1.35045,1.35455,1.34821,1.3529,1264401.25
2004-12-25 00:00:00,1.3529,1.3529,1.3529,1.3529,0.0
2004-12-26 00:00:00,1.35265,1.3534,1.35173,1.35229,87812.5
2004-12-27 00:00:00,1.35231,1.36374,1.3511,1.36194,1318668.375
2004-12-28 00:00:00,1.36187,1.36415,1.35725,1.35902,1327182.75
2004-12-29 00:00:00,1.35899,1.36448,1.35557,1.36032,1315343.75
2004-12-30 00:00:00,1.36028,1.36649,1.3573,1.36212,1312024.375
2004-12-31 00:00:00,1.36211,1.36581,1.35027,1.35523,1052681.875
2005-01-01 00:00:00,1.35523,1.35523,1.35523,1.35523,0.0
2005-01-02 00:00:00,1.35385,1.35771,1.35351,1.35761,92894.3984375
2005-01-03 00:00:00,1.35772,1.35777,1.33856,1.34624,1324418.75
2005-01-04 00:00:00,1.34649,1.34931,1.32493,1.32778,1332732.875
2005-01-05 00:00:00,1.32788,1.33004,1.32147,1.32731,1321343.625
2005-01-06 00:00:00,1.32757,1.32765,1.31539,1.31782,1333010.625
2005-01-07 00:00:00,1.3178,1.32479,1.30234,1.30505,1265563.375
2005-01-08 00:00:00,1.30505,1.30505,1.30505,1.30505,0.0
2005-01-09 00:00:00,1.30452,1.30722,1.30452,1.30706,93126.1015625
2005-01-10 00:00:00,1.30719,1.31203,1.30552,1.31047,1318538.25
2005-01-11 00:00:00,1.31056,1.3169,1.30971,1.31125,1324920.25
2005-01-12 00:00:00,1.31125,1.32908,1.30813,1.32552,1316044.25
2005-01-13 00:00:00,1.32547,1.32639,1.31918,1.32063,1320041.375
2005-01-14 00:00:00,1.32065,1.32082,1.30556,1.31078,1265683.0
2005-01-15 00:00:00,1.31078,1.31078,1.31078,1.31078,0.0
2005-01-16 00:00:00,1.31021,1.31142,1.3094,1.30949,89647.296875
2005-01-17 00:00:00,1.30953,1.3126,1.30332,1.30449,1322326.875
2005-01-18 00:00:00,1.30464,1.3072,1.29928,1.30125,832553.5
2005-01-19 00:00:00,1.30124,1.3116,1.29633,1.29973,1313855.875
2005-01-20 00:00:00,1.29984,1.30214,1.29241,1.29596,1314876.75
2005-01-21 00:00:00,1.29582,1.3066,1.29197,1.30373,1265140.25
2005-01-22 00:00:00,1.30373,1.30373,1.30373,1.30373,0.0
2005-01-23 00:00:00,1.3039,1.30478,1.30336,1.30371,95491.203125
2005-01-24 00:00:00,1.30374,1.30966,1.30267,1.30347,1321099.625
2005-01-25 00:00:00,1.30364,1.30741,1.29436,1.29664,1315600.375
2005-01-26 00:00:00,1.29659,1.31065,1.29634,1.30734,1322500.75
2005-01-27 00:00:00,1.30737,1.31209,1.30089,1.30359,1329485.875
2005-01-28 00:00:00,1.3037,1.30776,1.29838,1.30334,1256274.625
2005-01-29 00:00:00,1.30334,1.30334,1.30334,1.30334,0.0
2005-01-30 00:00:00,1.30315,1.30366,1.30039,1.30185,95169.796875
2005-01-31 00:00:00,1.30189,1.30568,1.29752,1.30463,1330072.25
2005-02-01 00:00:00,1.30458,1.30627,1.29956,1.30374,1327458.25
2005-02-02 00:00:00,1.30441,1.30912,1.30039,1.30291,1326145.875
2005-02-03 00:00:00,1.30273,1.30349,1.294,1.29668,1324250.25
2005-02-04 00:00:00,1.29655,1.30367,1.2845,1.28664,1264389.375
2005-02-05 00:00:00,1.28664,1.28664,1.28664,1.28664,0.0
2005-02-06 00:00:00,1.2864,1.28648,1.28472,1.28504,99476.796875
2005-02-07 00:00:00,1.28508,1.28627,1.27311,1.27592,1323582.125
2005-02-08 00:00:00,1.27577,1.27961,1.27299,1.27679,1325102.375
2005-02-09 00:00:00,1.27665,1.28129,1.27323,1.28089,1320764.375
2005-02-10 00:00:00,1.2807,1.29033,1.27359,1.28721,1331353.5
2005-02-11 00:00:00,1.28724,1.28941,1.28422,1.2862,1253717.375
2005-02-12 00:00:00,1.2862,1.2862,1.2862,1.2862,0.0
2005-02-13 00:00:00,1.2859,1.2886,1.28564,1.28826,91915.3984375
2005-02-14 00:00:00,1.2879,1.29877,1.28776,1.29658,1336044.75
2005-02-15 00:00:00,1.29672,1.3048,1.29432,1.30104,1330124.5
2005-02-16 00:00:00,1.30105,1.30608,1.29573,1.30194,1331507.375
2005-02-17 00:00:00,1.30207,1.30882,1.3012,1.30705,1328764.25
2005-02-18 00:00:00,1.307,1.30813,1.30128,1.30699,1260354.25
2005-02-19 00:00:00,1.30699,1.30699,1.30699,1.30699,0.0
2005-02-20 00:00:00,1.30563,1.30682,1.30396,1.30659,92198.8984375
2005-02-21 00:00:00,1.30658,1.30764,1.30303,1.30605,1305964.75
2005-02-22 00:00:00,1.30608,1.3267,1.30504,1.32569,1332764.25
2005-02-23 00:00:00,1.32545,1.32731,1.31843,1.31992,1332007.875
2005-02-24 00:00:00,1.31987,1.32682,1.31519,1.31773,1316262.875
2005-02-25 00:00:00,1.31787,1.32468,1.31432,1.32423,1259069.25
2005-02-26 00:00:00,1.32423,1.32423,1.32423,1.32423,0.0
2005-02-27 00:00:00,1.3233,1.32491,1.3228,1.32477,94229.6015625
2005-02-28 00:00:00,1.32469,1.32777,1.3206,1.32146,1325413.25
2005-03-01 00:00:00,1.32127,1.3224,1.31622,1.31681,1326485.875
2005-03-02 00:00:00,1.31687,1.3177,1.30869,1.31329,1327414.25
2005-03-03 00:00:00,1.31335,1.31632,1.30953,1.31008,1326606.0
2005-03-04 00:00:00,1.30999,1.3253,1.30884,1.32335,1267938.375
2005-03-05 00:00:00,1.32335,1.32335,1.32335,1.32335,0.0
2005-03-06 00:00:00,1.32352,1.3243,1.32296,1.3233,92413.3984375
2005-03-07 00:00:00,1.32334,1.32461,1.31763,1.3216,1317348.375
2005-03-08 00:00:00,1.32167,1.33602,1.32048,1.33436,1318142.625
2005-03-09 00:00:00,1.33444,1.34211,1.33294,1.33732,1325536.75
2005-03-10 00:00:00,1.3371,1.34519,1.33665,1.34361,1320108.25
2005-03-11 00:00:00,1.34356,1.34767,1.33964,1.34536,1253352.75
2005-03-12 00:00:00,1.34536,1.34536,1.34536,1.34536,0.0
2005-03-13 00:00:00,1.34509,1.34732,1.34494,1.34685,90600.3984375
2005-03-14 00:00:00,1.34714,1.34759,1.33345,1.33615,1327142.625
2005-03-15 00:00:00,1.33571,1.34075,1.329,1.33073,1320995.125
2005-03-16 00:00:00,1.3306,1.34377,1.32894,1.34068,1331467.375
2005-03-17 00:00:00,1.34067,1.34175,1.33264,1.33769,1334615.875
2005-03-18 00:00:00,1.33753,1.33843,1.32583,1.33216,1254765.875
2005-03-19 00:00:00,1.33216,1.33216,1.33216,1.33216,0.0
2005-03-20 00:00:00,1.33172,1.33174,1.33025,1.33132,91739.203125
2005-03-21 00:00:00,1.33157,1.33159,1.31393,1.31571,1331591.625
2005-03-22 00:00:00,1.31553,1.32217,1.30322,1.3072,1326965.5
2005-03-23 00:00:00,1.30714,1.30841,1.29559,1.29875,1340002.25
2005-03-24 00:00:00,1.29845,1.30293,1.29249,1.29269,1332949.625
2005-03-25 00:00:00,1.29257,1.29674,1.29241,1.29536,1266841.875
2005-03-26 00:00:00,1.29536,1.29536,1.29536,1.29536,0.0
2005-03-27 00:00:00,1.29509,1.29633,1.29406,1.29509,95397.8984375
2005-03-28 00:00:00,1.29508,1.29549,1.28536,1.28827,1368201.125
2005-03-29 00:00:00,1.28817,1.29545,1.28771,1.29333,1366266.25
2005-03-30 00:00:00,1.29321,1.29825,1.29067,1.2921,1377796.75
2005-03-31 00:00:00,1.29205,1.3018,1.29087,1.29624,1373961.25
2005-04-01 00:00:00,1.29617,1.30445,1.28701,1.2908,1308146.875
2005-04-02 00:00:00,1.2908,1.2908,1.2908,1.2908,0.0
2005-04-03 00:00:00,1.29021,1.2903,1.28751,1.28812,100055.296875
2005-04-04 00:00:00,1.28809,1.29022,1.2817,1.28459,1369603.375
2005-04-05 00:00:00,1.2842,1.28747,1.27977,1.2845,1373474.375
2005-04-06 00:00:00,1.28443,1.29051,1.28357,1.2869,1361242.125
2005-04-07 00:00:00,1.28705,1.29362,1.28305,1.28305,1379279.25
2005-04-08 00:00:00,1.283,1.29367,1.28061,1.2931,1294392.125
2005-04-09 00:00:00,1.2931,1.2931,1.2931,1.2931,0.0
2005-04-10 00:00:00,1.29314,1.29347,1.29056,1.29239,108568.6015625
2005-04-11 00:00:00,1.2919,1.30019,1.29027,1.29759,1361399.0
2005-04-12 00:00:00,1.29721,1.30045,1.28496,1.29011,1360649.125
2005-04-13 00:00:00,1.29021,1.29525,1.28496,1.29057,1355449.125
2005-04-14 00:00:00,1.29037,1.29075,1.27667,1.28094,1339234.0
2005-04-15 00:00:00,1.28104,1.29382,1.27757,1.29187,1269225.75
2005-04-16 00:00:00,1.29187,1.29187,1.29187,1.29187,0.0
2005-04-17 00:00:00,1.29086,1.29219,1.28878,1.29132,96067.5
2005-04-18 00:00:00,1.29094,1.30417,1.28725,1.30109,1330381.375
2005-04-19 00:00:00,1.30085,1.30761,1.29801,1.30594,1349797.375
2005-04-20 00:00:00,1.30599,1.31038,1.29901,1.31001,1350209.375
2005-04-21 00:00:00,1.30979,1.31192,1.30239,1.30361,1343478.5
2005-04-22 00:00:00,1.30345,1.30908,1.30195,1.30577,1284612.375
2005-04-23 00:00:00,1.30577,1.30577,1.30577,1.30577,0.0
2005-04-24 00:00:00,1.30602,1.30686,1.30318,1.30435,98317.8984375
2005-04-25 00:00:00,1.30413,1.30448,1.2954,1.29847,1347755.25
2005-04-26 00:00:00,1.29838,1.30128,1.29454,1.29735,1340585.625
2005-04-27 00:00:00,1.29733,1.29865,1.29028,1.2924,1345610.875
2005-04-28 00:00:00,1.29237,1.29393,1.28789,1.29015,1354227.0
2005-04-29 00:00:00,1.29004,1.29779,1.28511,1.28696,1282351.875
2005-04-30 00:00:00,1.28696,1.28696,1.28696,1.28696,0.0
2005-05-01 00:00:00,1.28628,1.28643,1.28476,1.2848,99253.796875
2005-05-02 00:00:00,1.28493,1.2873,1.28356,1.28536,1351527.875
2005-05-03 00:00:00,1.28512,1.29111,1.28264,1.28759,1347264.125
2005-05-04 00:00:00,1.28755,1.29711,1.28726,1.29419,1339961.0
2005-05-05 00:00:00,1.2941,1.2988,1.29226,1.29452,1346408.875
2005-05-06 00:00:00,1.29429,1.29616,1.28083,1.28343,1294014.375
2005-05-07 00:00:00,1.28343,1.28343,1.28343,1.28343,0.0
2005-05-08 00:00:00,1.28174,1.28287,1.28077,1.28129,101383.0
2005-05-09 00:00:00,1.28132,1.28742,1.27887,1.28443,1361771.875
2005-05-10 00:00:00,1.28444,1.28875,1.28139,1.28744,1346753.25
2005-05-11 00:00:00,1.28738,1.29099,1.2776,1.28007,1348038.75
2005-05-12 00:00:00,1.28015,1.28057,1.26628,1.26787,1345955.875
2005-05-13 00:00:00,1.26789,1.26864,1.26086,1.2633,1276888.25
2005-05-14 00:00:00,1.2633,1.2633,1.2633,1.2633,0.0
2005-05-15 00:00:00,1.2632,1.26338,1.25817,1.26035,96626.296875
2005-05-16 00:00:00,1.26016,1.26468,1.25603,1.26249,1348503.25
2005-05-17 00:00:00,1.2623,1.26616,1.25874,1.25903,1348368.75
2005-05-18 00:00:00,1.25867,1.26885,1.25841,1.26686,1345871.125
2005-05-19 00:00:00,1.26665,1.26883,1.26035,1.26306,1343863.25
2005-05-20 00:00:00,1.263,1.26521,1.25268,1.25457,1274292.375
2005-05-21 00:00:00,1.25457,1.25457,1.25457,1.25457,0.0
2005-05-22 00:00:00,1.25454,1.25519,1.25375,1.25475,97555.203125
2005-05-23 00:00:00,1.2549,1.25953,1.25339,1.2572,1349192.5
2005-05-24 00:00:00,1.25716,1.2627,1.25513,1.25589,1340007.625
2005-05-25 00:00:00,1.2558,1.26179,1.25484,1.26019,1331441.75
2005-05-26 00:00:00,1.26035,1.26121,1.24906,1.25076,1338930.625
2005-05-27 00:00:00,1.25075,1.25874,1.25052,1.25803,1267544.875
2005-05-28 00:00:00,1.25803,1.25803,1.25803,1.25803,0.0
2005-05-29 00:00:00,1.25718,1.25764,1.25094,1.25137,96709.296875
2005-05-30 00:00:00,1.25122,1.25441,1.24566,1.248,1349652.75
2005-05-31 00:00:00,1.2476,1.2479,1.22888,1.22998,1337848.125
2005-06-01 00:00:00,1.22981,1.23386,1.21581,1.21952,1336891.25
2005-06-02 00:00:00,1.21958,1.22933,1.21785,1.22697,1337245.625
2005-06-03 00:00:00,1.22697,1.23318,1.21989,1.22316,1259303.875
2005-06-04 00:00:00,1.22316,1.22316,1.22316,1.22316,0.0
2005-06-05 00:00:00,1.22218,1.22288,1.22137,1.22202,96183.1015625
2005-06-06 00:00:00,1.22174,1.22919,1.22174,1.22615,1334599.25
2005-06-07 00:00:00,1.22592,1.23124,1.22342,1.22818,1334332.375
2005-06-08 00:00:00,1.22798,1.23508,1.22055,1.22364,1286361.25
2005-06-09 00:00:00,1.22382,1.22547,1.2177,1.22289,1335426.75
2005-06-10 00:00:00,1.22237,1.2247,1.21032,1.21159,1229102.75
2005-06-11 00:00:00,1.21159,1.21159,1.21159,1.21159,0.0
2005-06-12 00:00:00,1.21041,1.21163,1.2102,1.21136,99029.8984375
2005-06-13 00:00:00,1.21121,1.21183,1.20262,1.21033,1329700.75
2005-06-14 00:00:00,1.21022,1.21496,1.20121,1.20277,1328133.0
2005-06-15 00:00:00,1.2027,1.21306,1.20252,1.2109,1337899.75
2005-06-16 00:00:00,1.211,1.21656,1.20556,1.21044,1347609.375
2005-06-17 00:00:00,1.21037,1.22887,1.20871,1.2277,1263655.5
2005-06-18 00:00:00,1.2277,1.2277,1.2277,1.2277,0.0
2005-06-19 00:00:00,1.22377,1.22505,1.2179,1.22082,100033.0
2005-06-20 00:00:00,1.22072,1.22648,1.21215,1.21272,1332746.25
2005-06-21 00:00:00,1.21298,1.22032,1.20682,1.21856,1329742.75
2005-06-22 00:00:00,1.21844,1.2196,1.20971,1.21281,1348133.5
2005-06-23 00:00:00,1.21272,1.21414,1.2014,1.20213,1338625.125
2005-06-24 00:00:00,1.20202,1.21058,1.19861,1.20867,1268269.875
2005-06-25 00:00:00,1.20867,1.20867,1.20867,1.20867,0.0
2005-06-26 00:00:00,1.2082,1.21354,1.20805,1.21243,101576.0
2005-06-27 00:00:00,1.21236,1.21836,1.21169,1.21647,1337221.375
2005-06-28 00:00:00,1.21639,1.21722,1.20435,1.20687,1328856.25
2005-06-29 00:00:00,1.20642,1.21096,1.20144,1.20911,1321187.75
2005-06-30 00:00:00,1.20899,1.21184,1.20421,1.20853,1332882.25
2005-07-01 00:00:00,1.20838,1.21028,1.19354,1.19547,1278457.75
2005-07-02 00:00:00,1.19547,1.19547,1.19547,1.19547,0.0
2005-07-03 00:00:00,1.19462,1.19462,1.19047,1.19309,97925.6015625
2005-07-04 00:00:00,1.19319,1.19479,1.18834,1.19088,1339139.375
2005-07-05 00:00:00,1.19064,1.19376,1.18663,1.19192,1334498.875
2005-07-06 00:00:00,1.19227,1.19492,1.18893,1.19255,1337505.125
2005-07-07 00:00:00,1.19247,1.2038,1.19046,1.19308,1334298.625
2005-07-08 00:00:00,1.19341,1.1983,1.18738,1.19655,1281713.0
2005-07-09 00:00:00,1.19655,1.19655,1.19655,1.19655,0.0
2005-07-10 00:00:00,1.19633,1.19739,1.19526,1.19665,99017.6015625
2005-07-11 00:00:00,1.19651,1.20839,1.19551,1.20551,1331251.625
2005-07-12 00:00:00,1.20516,1.22549,1.20485,1.22151,1339620.375
2005-07-13 00:00:00,1.22154,1.22203,1.20611,1.20749,1333922.375
2005-07-14 00:00:00,1.2077,1.2123,1.20528,1.20937,1339806.125
2005-07-15 00:00:00,1.20944,1.2135,1.20209,1.20328,1268220.75
2005-07-16 00:00:00,1.20328,1.20328,1.20328,1.20328,0.0
2005-07-17 00:00:00,1.20389,1.20425,1.20151,1.20425,102689.203125
2005-07-18 00:00:00,1.20413,1.20869,1.20355,1.20586,1339451.25
2005-07-19 00:00:00,1.20587,1.20606,1.19521,1.20278,1330227.0
2005-07-20 00:00:00,1.20248,1.21859,1.20174,1.21395,1336999.875
2005-07-21 00:00:00,1.21395,1.2246,1.20978,1.2156,1333653.25
2005-07-22 00:00:00,1.21529,1.2188,1.2049,1.20619,1263397.375
2005-07-23 00:00:00,1.20619,1.20619,1.20619,1.20619,0.0
2005-07-24 00:00:00,1.20567,1.20594,1.20329,1.20582,98261.6015625
2005-07-25 00:00:00,1.20549,1.20859,1.20242,1.20418,1341583.75
2005-07-26 00:00:00,1.20455,1.20614,1.1978,1.20168,1333553.875
2005-07-27 00:00:00,1.20133,1.20823,1.19634,1.20656,1346535.875
2005-07-28 00:00:00,1.20674,1.21479,1.20336,1.21258,1331337.875
2005-07-29 00:00:00,1.21242,1.2158,1.20732,1.21194,1274216.125
2005-07-30 00:00:00,1.21194,1.21194,1.21194,1.21194,0.0
2005-07-31 00:00:00,1.21149,1.21258,1.21132,1.21219,96196.8984375
2005-08-01 00:00:00,1.21196,1.22453,1.21193,1.21898,1336030.75
2005-08-02 00:00:00,1.21885,1.22479,1.21804,1.21918,1337328.25
2005-08-03 00:00:00,1.21924,1.23426,1.21453,1.23286,1336439.25
2005-08-04 00:00:00,1.23283,1.24006,1.22984,1.2385,1334780.25
2005-08-05 00:00:00,1.23828,1.23934,1.2307,1.23662,1280096.875
2005-08-06 00:00:00,1.23662,1.23662,1.23662,1.23662,0.0
2005-08-07 00:00:00,1.23497,1.2359,1.23202,1.23283,101638.203125
2005-08-08 00:00:00,1.23299,1.23883,1.23114,1.23594,1342985.25
2005-08-09 00:00:00,1.23591,1.24123,1.23267,1.23552,1342712.5
2005-08-10 00:00:00,1.2355,1.24237,1.23329,1.23818,1339805.25
2005-08-11 00:00:00,1.23804,1.24769,1.23728,1.24571,1346500.0
2005-08-12 00:00:00,1.24545,1.24846,1.23833,1.24397,1277610.375
2005-08-13 00:00:00,1.24397,1.24397,1.24397,1.24397,0.0
2005-08-14 00:00:00,1.24462,1.24667,1.24334,1.24507,104514.796875
2005-08-15 00:00:00,1.24528,1.24528,1.23424,1.23482,1344563.25
2005-08-16 00:00:00,1.23461,1.23712,1.22957,1.23559,1343521.375
2005-08-17 00:00:00,1.23566,1.23663,1.22532,1.22604,1339023.75
2005-08-18 00:00:00,1.22605,1.22924,1.21528,1.2182,1334653.75
2005-08-19 00:00:00,1.21821,1.21917,1.21246,1.21483,1270138.75
2005-08-20 00:00:00,1.21483,1.21483,1.21483,1.21483,0.0
2005-08-21 00:00:00,1.21606,1.21673,1.21517,1.21607,98437.796875
2005-08-22 00:00:00,1.21607,1.22418,1.21571,1.22281,1339039.25
2005-08-23 00:00:00,1.2228,1.22528,1.21871,1.22192,1328602.125
2005-08-24 00:00:00,1.2219,1.22791,1.2158,1.22567,1338326.75
2005-08-25 00:00:00,1.2256,1.2325,1.22548,1.2281,1334484.125
2005-08-26 00:00:00,1.22812,1.2339,1.22698,1.22815,1284303.0
2005-08-27 00:00:00,1.22815,1.22815,1.22815,1.22815,0.0
2005-08-28 00:00:00,1.22825,1.23428,1.22784,1.23367,96408.6015625
2005-08-29 00:00:00,1.23362,1.23448,1.2215,1.22208,1358160.125
2005-08-30 00:00:00,1.22202,1.2234,1.2169,1.22151,1357225.5
2005-08-31 00:00:00,1.22138,1.23559,1.21843,1.23383,1330103.0
2005-09-01 00:00:00,1.23384,1.25225,1.23212,1.24761,1326895.75
2005-09-02 00:00:00,1.24717,1.25875,1.24624,1.25097,1273093.75
2005-09-03 00:00:00,1.25097,1.25097,1.25097,1.25097,0.0
2005-09-04 00:00:00,1.25151,1.25429,1.25135,1.25333,96907.296875
2005-09-05 00:00:00,1.25282,1.2583,1.25008,1.25019,1347217.75
2005-09-06 00:00:00,1.25037,1.25145,1.24422,1.24571,1339485.125
2005-09-07 00:00:00,1.24577,1.25359,1.24023,1.24169,1334906.5
2005-09-08 00:00:00,1.24159,1.24508,1.2381,1.24048,1328435.25
2005-09-09 00:00:00,1.24021,1.24567,1.23724,1.24072,1267006.25
2005-09-10 00:00:00,1.24072,1.24072,1.24072,1.24072,0.0
2005-09-11 00:00:00,1.24161,1.24161,1.23913,1.24117,98819.796875
2005-09-12 00:00:00,1.24112,1.24129,1.22664,1.22936,1335674.125
2005-09-13 00:00:00,1.22918,1.23144,1.22456,1.2284,1326008.25
2005-09-14 00:00:00,1.228,1.23257,1.22596,1.22712,1330378.5
2005-09-15 00:00:00,1.22725,1.22727,1.2193,1.22299,1331711.125
2005-09-16 00:00:00,1.22271,1.23071,1.21995,1.22344,1273695.125
2005-09-17 00:00:00,1.22344,1.22344,1.22344,1.22344,0.0
2005-09-18 00:00:00,1.22287,1.22308,1.21422,1.2162,94894.5
2005-09-19 00:00:00,1.21623,1.21733,1.20967,1.21411,1330358.75
2005-09-20 00:00:00,1.21436,1.21897,1.2103,1.21148,1317105.875
2005-09-21 00:00:00,1.21154,1.22662,1.21077,1.22598,1335247.625
2005-09-22 00:00:00,1.22584,1.22667,1.21322,1.21408,1333523.0
2005-09-23 00:00:00,1.21407,1.21657,1.20251,1.20347,1256521.375
2005-09-24 00:00:00,1.20347,1.20347,1.20347,1.20347,0.0
2005-09-25 00:00:00,1.2029,1.20369,1.20151,1.20325,99119.796875
2005-09-26 00:00:00,1.20316,1.20786,1.20102,1.20716,1313792.25
2005-09-27 00:00:00,1.20711,1.20802,1.19778,1.201,1314912.25
2005-09-28 00:00:00,1.20097,1.2068,1.19914,1.20541,1321894.875
2005-09-29 00:00:00,1.20536,1.20738,1.20052,1.20187,1323774.75
2005-09-30 00:00:00,1.2018,1.20879,1.19958,1.20638,1257450.75
2005-10-01 00:00:00,1.20638,1.20638,1.20638,1.20638,0.0
2005-10-02 00:00:00,1.20552,1.20608,1.20099,1.2024,95868.6015625
2005-10-03 00:00:00,1.20231,1.20289,1.18985,1.19166,1314120.75
2005-10-04 00:00:00,1.19165,1.19466,1.19038,1.19174,1315970.25
2005-10-05 00:00:00,1.19164,1.20159,1.19136,1.20112,1315918.375
2005-10-06 00:00:00,1.20122,1.22032,1.20107,1.21619,1313843.5
2005-10-07 00:00:00,1.21616,1.21778,1.20948,1.21261,1254501.25
2005-10-08 00:00:00,1.21261,1.21261,1.21261,1.21261,0.0
2005-10-09 00:00:00,1.21143,1.21322,1.21066,1.21253,97153.203125
2005-10-10 00:00:00,1.21245,1.21517,1.20392,1.20503,1308823.875
2005-10-11 00:00:00,1.205,1.2054,1.19604,1.19655,1328135.875
2005-10-12 00:00:00,1.19636,1.2051,1.19498,1.20204,1314597.625
2005-10-13 00:00:00,1.20201,1.20357,1.19127,1.20094,1315903.625
2005-10-14 00:00:00,1.20095,1.21042,1.19794,1.20742,1255672.625
2005-10-15 00:00:00,1.20742,1.20742,1.20742,1.20742,0.0
2005-10-16 00:00:00,1.20727,1.20885,1.20545,1.20635,99517.3984375
2005-10-17 00:00:00,1.20607,1.21184,1.19912,1.20023,1327754.375
2005-10-18 00:00:00,1.20042,1.20103,1.19149,1.19265,1324670.5
2005-10-19 00:00:00,1.19275,1.20013,1.18742,1.19817,1307867.75
2005-10-20 00:00:00,1.19816,1.20362,1.19483,1.20353,1318376.625
2005-10-21 00:00:00,1.2036,1.20738,1.19278,1.19576,1246910.5
2005-10-22 00:00:00,1.19576,1.19576,1.19576,1.19576,0.0
2005-10-23 00:00:00,1.19457,1.19484,1.19239,1.19289,97476.3984375
2005-10-24 00:00:00,1.19288,1.20196,1.19185,1.19574,1310321.125
2005-10-25 00:00:00,1.19575,1.21166,1.19353,1.20961,1321703.875
2005-10-26 00:00:00,1.20926,1.2135,1.20424,1.20496,1318045.125
2005-10-27 00:00:00,1.20487,1.21709,1.20481,1.21385,1322200.25
2005-10-28 00:00:00,1.2139,1.21687,1.20473,1.20619,1259352.25
2005-10-29 00:00:00,1.20619,1.20619,1.20619,1.20619,0.0
2005-10-30 00:00:00,1.20584,1.20684,1.2041,1.20599,98239.3984375
2005-10-31 00:00:00,1.20591,1.20877,1.19668,1.19865,1309123.375
2005-11-01 00:00:00,1.19866,1.20398,1.19715,1.20184,1342374.25
2005-11-02 00:00:00,1.20184,1.20825,1.19854,1.20651,1328362.75
2005-11-03 00:00:00,1.20622,1.20802,1.19338,1.19475,1335030.75
2005-11-04 00:00:00,1.1948,1.19918,1.18023,1.18098,1261669.125
2005-11-05 00:00:00,1.18098,1.18098,1.18098,1.18098,0.0
2005-11-06 00:00:00,1.18055,1.18111,1.17958,1.18022,99902.296875
2005-11-07 00:00:00,1.18024,1.18297,1.17753,1.17869,1316089.75
2005-11-08 00:00:00,1.17881,1.17927,1.1709,1.17634,1320539.25
2005-11-09 00:00:00,1.17615,1.17879,1.17177,1.17732,1327578.375
2005-11-10 00:00:00,1.17738,1.1793,1.16692,1.16703,1325785.625
2005-11-11 00:00:00,1.167,1.17328,1.16698,1.17306,1257093.75
2005-11-12 00:00:00,1.17306,1.17306,1.17306,1.17306,0.0
2005-11-13 00:00:00,1.1727,1.1733,1.17081,1.17318,97507.203125
2005-11-14 00:00:00,1.17309,1.17716,1.16594,1.1688,1324044.375
2005-11-15 00:00:00,1.16854,1.17339,1.16404,1.17292,1314336.875
2005-11-16 00:00:00,1.1728,1.17301,1.16454,1.16735,1299204.125
2005-11-17 00:00:00,1.16728,1.17615,1.16417,1.17451,1293545.25
2005-11-18 00:00:00,1.17443,1.17909,1.1663,1.17715,1256918.625
2005-11-19 00:00:00,1.17715,1.17715,1.17715,1.17715,0.0
2005-11-20 00:00:00,1.17663,1.17819,1.17637,1.17721,87614.796875
2005-11-21 00:00:00,1.17716,1.18357,1.17169,1.17296,1295397.875
2005-11-22 00:00:00,1.17304,1.18231,1.16865,1.18108,1301820.875
2005-11-23 00:00:00,1.18112,1.18612,1.17634,1.18065,1317770.25
2005-11-24 00:00:00,1.1806,1.18231,1.17694,1.17775,1300300.75
2005-11-25 00:00:00,1.17772,1.17784,1.17075,1.17194,1240184.0
2005-11-26 00:00:00,1.17194,1.17194,1.17194,1.17194,0.0
2005-11-27 00:00:00,1.17112,1.17186,1.17027,1.17119,90607.703125
2005-11-28 00:00:00,1.17114,1.19005,1.16796,1.18428,1299869.875
2005-11-29 00:00:00,1.18432,1.18609,1.17369,1.17635,1302777.25
2005-11-30 00:00:00,1.17623,1.18002,1.17439,1.17956,1307128.25
2005-12-01 00:00:00,1.17964,1.18022,1.16895,1.17378,1297666.75
2005-12-02 00:00:00,1.17382,1.17461,1.1662,1.17134,1242276.5
2005-12-03 00:00:00,1.17134,1.17134,1.17134,1.17134,0.0
2005-12-04 00:00:00,1.16972,1.17171,1.16914,1.17154,92098.296875
2005-12-05 00:00:00,1.17143,1.18188,1.16865,1.17825,1295006.25
2005-12-06 00:00:00,1.17823,1.18054,1.17548,1.17968,1305464.25
2005-12-07 00:00:00,1.17962,1.17971,1.17029,1.17138,1303389.25
2005-12-08 00:00:00,1.17144,1.1848,1.17024,1.18105,1310673.375
2005-12-09 00:00:00,1.18105,1.18348,1.17649,1.1813,1245436.75
2005-12-10 00:00:00,1.1813,1.1813,1.1813,1.1813,0.0
2005-12-11 00:00:00,1.17999,1.18035,1.17753,1.17886,90845.5
2005-12-12 00:00:00,1.17893,1.19813,1.17877,1.19509,1308185.75
2005-12-13 00:00:00,1.19508,1.19849,1.19044,1.19445,1309650.75
2005-12-14 00:00:00,1.19434,1.20586,1.19428,1.19712,1310702.5
2005-12-15 00:00:00,1.19694,1.20377,1.19346,1.1963,1310750.0
2005-12-16 00:00:00,1.1965,1.20247,1.1936,1.20104,1234142.5
2005-12-17 00:00:00,1.20104,1.20104,1.20104,1.20104,0.0
2005-12-18 00:00:00,1.20133,1.20363,1.19501,1.20337,92640.5
2005-12-19 00:00:00,1.2033,1.20358,1.19741,1.20035,1297105.375
2005-12-20 00:00:00,1.20028,1.2011,1.18378,1.18725,1312471.625
2005-12-21 00:00:00,1.18722,1.19087,1.17999,1.18294,1313658.0
2005-12-22 00:00:00,1.18284,1.18949,1.18094,1.1869,1301064.0
2005-12-23 00:00:00,1.18693,1.1883,1.183,1.18669,1245835.125
2005-12-24 00:00:00,1.18669,1.18669,1.18669,1.18669,0.0
2005-12-25 00:00:00,1.18601,1.18765,1.18479,1.18545,95179.703125
2005-12-26 00:00:00,1.1853,1.18934,1.18261,1.18343,1342744.75
2005-12-27 00:00:00,1.18336,1.18751,1.18208,1.18513,1292474.375
2005-12-28 00:00:00,1.1851,1.19297,1.18105,1.18441,1297553.375
2005-12-29 00:00:00,1.18442,1.18783,1.18178,1.18466,1293036.625
2005-12-30 00:00:00,1.18467,1.18858,1.17764,1.1846,1239004.0
2005-12-31 00:00:00,1.1846,1.1846,1.1846,1.1846,0.0
2006-01-01 00:00:00,1.18391,1.18456,1.18391,1.1844,93149.1015625
2006-01-02 00:00:00,1.18428,1.18458,1.18088,1.18125,1306572.875
2006-01-03 00:00:00,1.18115,1.20329,1.18108,1.20308,1309101.625
2006-01-04 00:00:00,1.20301,1.21427,1.20237,1.21072,1310289.25
2006-01-05 00:00:00,1.2107,1.21189,1.20663,1.21027,1302623.625
2006-01-06 00:00:00,1.21022,1.21765,1.20794,1.21504,1242582.5
2006-01-07 00:00:00,1.21504,1.21504,1.21504,1.21504,0.0
2006-01-08 00:00:00,1.21417,1.2152,1.21338,1.21383,91711.203125
2006-01-09 00:00:00,1.21388,1.21519,1.20533,1.20717,1306683.75
2006-01-10 00:00:00,1.20721,1.21073,1.20358,1.20595,1315356.75
2006-01-11 00:00:00,1.20592,1.21436,1.20447,1.21356,1320213.25
2006-01-12 00:00:00,1.21362,1.21612,1.20061,1.20407,1299735.125
2006-01-13 00:00:00,1.20407,1.21411,1.20279,1.21405,1243081.25
2006-01-14 00:00:00,1.21405,1.21405,1.21405,1.21405,0.0
2006-01-15 00:00:00,1.2136,1.21727,1.21331,1.21645,93293.1015625
2006-01-16 00:00:00,1.21629,1.21689,1.2104,1.21155,1303250.0
2006-01-17 00:00:00,1.21146,1.21386,1.20502,1.21058,1302564.25
2006-01-18 00:00:00,1.2105,1.21546,1.20702,1.21047,1307200.875
2006-01-19 00:00:00,1.21045,1.21224,1.20528,1.20887,1298258.375
2006-01-20 00:00:00,1.20872,1.21403,1.20427,1.21339,1234989.375
2006-01-21 00:00:00,1.21339,1.21339,1.21339,1.21339,0.0
2006-01-22 00:00:00,1.21306,1.21659,1.2128,1.21625,99128.796875
2006-01-23 00:00:00,1.2162,1.23188,1.21603,1.23027,1328152.625
2006-01-24 00:00:00,1.23009,1.23077,1.22565,1.22619,1312111.375
2006-01-25 00:00:00,1.2261,1.23204,1.2232,1.22423,1304291.875
2006-01-26 00:00:00,1.22422,1.22676,1.21964,1.22119,1304152.5
2006-01-27 00:00:00,1.22103,1.22332,1.2086,1.20925,1253396.875
2006-01-28 00:00:00,1.20925,1.20925,1.20925,1.20925,0.0
2006-01-29 00:00:00,1.20895,1.2108,1.20877,1.2103,88028.3984375
2006-01-30 00:00:00,1.21032,1.21132,1.20632,1.20817,1300707.25
2006-01-31 00:00:00,1.20812,1.2188,1.20782,1.21448,1304809.75
2006-02-01 00:00:00,1.21441,1.2162,1.20479,1.20623,1309895.375
2006-02-02 00:00:00,1.2063,1.21062,1.20314,1.2081,1307360.75
2006-02-03 00:00:00,1.20802,1.21087,1.19694,1.2023,1238522.5
2006-02-04 00:00:00,1.2023,1.2023,1.2023,1.2023,0.0
2006-02-05 00:00:00,1.20191,1.20363,1.20165,1.20238,87691.0
2006-02-06 00:00:00,1.20239,1.2045,1.19448,1.19575,1303952.375
2006-02-07 00:00:00,1.19574,1.20136,1.19416,1.19883,1300604.625
2006-02-08 00:00:00,1.19874,1.19912,1.19223,1.19605,1293520.125
2006-02-09 00:00:00,1.19602,1.19931,1.19461,1.19906,1301209.625
2006-02-10 00:00:00,1.19901,1.20238,1.18874,1.19014,1228119.625
2006-02-11 00:00:00,1.19014,1.19014,1.19014,1.19014,0.0
2006-02-12 00:00:00,1.18984,1.19044,1.18909,1.18981,91200.8984375
2006-02-13 00:00:00,1.18988,1.19179,1.18783,1.19097,1299764.75
2006-02-14 00:00:00,1.1908,1.19247,1.18585,1.19113,1289167.25
2006-02-15 00:00:00,1.19103,1.19497,1.18696,1.18825,1300481.75
2006-02-16 00:00:00,1.1882,1.19109,1.18494,1.19025,1298112.125
2006-02-17 00:00:00,1.19017,1.19462,1.1857,1.19365,1238041.125
2006-02-18 00:00:00,1.19365,1.19365,1.19365,1.19365,0.0
2006-02-19 00:00:00,1.1928,1.19474,1.1919,1.19439,91344.703125
2006-02-20 00:00:00,1.19428,1.19726,1.19233,1.19306,1286828.875
2006-02-21 00:00:00,1.19294,1.19336,1.18907,1.19162,1301932.75
2006-02-22 00:00:00,1.19159,1.19283,1.18624,1.19135,1294001.5
2006-02-23 00:00:00,1.1912,1.19677,1.18896,1.19186,1297229.5
2006-02-24 00:00:00,1.19193,1.1932,1.18609,1.1876,1247326.875
2006-02-25 00:00:00,1.1876,1.1876,1.1876,1.1876,0.0
2006-02-26 00:00:00,1.18674,1.18784,1.18285,1.1835,95171.703125
2006-02-27 00:00:00,1.18353,1.18762,1.18254,1.18456,1294388.25
2006-02-28 00:00:00,1.18451,1.19399,1.18324,1.19293,1298050.625
2006-03-01 00:00:00,1.19279,1.19719,1.18903,1.19166,1298141.25
2006-03-02 00:00:00,1.19162,1.20433,1.19104,1.20348,1299412.25
2006-03-03 00:00:00,1.2035,1.20507,1.19951,1.2042,1247210.125
2006-03-04 00:00:00,1.2042,1.2042,1.2042,1.2042,0.0
2006-03-05 00:00:00,1.20408,1.20907,1.20395,1.2079,92165.3984375
2006-03-06 00:00:00,1.20799,1.2091,1.19895,1.20128,1300471.25
2006-03-07 00:00:00,1.2012,1.20195,1.18669,1.18875,1289823.75
2006-03-08 00:00:00,1.18872,1.19387,1.18713,1.19208,1301453.0
2006-03-09 00:00:00,1.19207,1.19492,1.18962,1.18988,1299646.625
2006-03-10 00:00:00,1.18992,1.19259,1.18593,1.19064,1232586.5
2006-03-11 00:00:00,1.19064,1.19064,1.19064,1.19064,0.0
2006-03-12 00:00:00,1.19032,1.19188,1.19032,1.19138,94560.6015625
2006-03-13 00:00:00,1.19139,1.19672,1.19139,1.19633,1299550.125
2006-03-14 00:00:00,1.19636,1.20299,1.194,1.20138,1289347.625
2006-03-15 00:00:00,1.20138,1.20732,1.20042,1.20681,1299279.375
2006-03-16 00:00:00,1.20684,1.21878,1.20341,1.21709,1296535.5
2006-03-17 00:00:00,1.21712,1.22061,1.21415,1.21865,1245917.875
2006-03-18 00:00:00,1.21865,1.21865,1.21865,1.21865,0.0
2006-03-19 00:00:00,1.21787,1.21849,1.21645,1.21749,89582.8984375
2006-03-20 00:00:00,1.21746,1.21948,1.21469,1.21593,1307198.25
2006-03-21 00:00:00,1.21577,1.21642,1.20749,1.2104,1302362.5
2006-03-22 00:00:00,1.21037,1.21061,1.20632,1.20747,1312519.875
2006-03-23 00:00:00,1.20738,1.20781,1.1953,1.19684,1302403.75
2006-03-24 00:00:00,1.19674,1.20451,1.19482,1.20354,1235433.375
2006-03-25 00:00:00,1.20354,1.20354,1.20354,1.20354,0.0
2006-03-26 00:00:00,1.20274,1.20372,1.20221,1.20322,89587.8984375
2006-03-27 00:00:00,1.20317,1.20561,1.20003,1.20113,1292213.0
2006-03-28 00:00:00,1.20118,1.21046,1.19905,1.20046,1301802.875
2006-03-29 00:00:00,1.20034,1.20478,1.19804,1.20264,1307281.75
2006-03-30 00:00:00,1.20263,1.21708,1.20222,1.21673,1304711.875
2006-03-31 00:00:00,1.21659,1.21736,1.20834,1.21134,1234275.125
2006-04-01 00:00:00,1.21134,1.21134,1.21134,1.21134,0.0
2006-04-02 00:00:00,1.21075,1.21203,1.21016,1.21019,90218.796875
2006-04-03 00:00:00,1.21011,1.21499,1.2033,1.21442,1301692.125
2006-04-04 00:00:00,1.2144,1.22739,1.21192,1.22525,1298464.25
2006-04-05 00:00:00,1.22523,1.23043,1.22408,1.22801,1303757.25
2006-04-06 00:00:00,1.22795,1.23294,1.21916,1.22035,1302577.0
2006-04-07 00:00:00,1.22028,1.22207,1.20801,1.20859,1249042.0
2006-04-08 00:00:00,1.20859,1.20859,1.20859,1.20859,0.0
2006-04-09 00:00:00,1.20884,1.21095,1.20859,1.21007,93083.3984375
2006-04-10 00:00:00,1.20999,1.21278,1.20751,1.21035,1298259.375
2006-04-11 00:00:00,1.21031,1.21608,1.20884,1.21544,1304391.875
2006-04-12 00:00:00,1.21544,1.21661,1.20648,1.21012,1301857.625
2006-04-13 00:00:00,1.2101,1.21307,1.20684,1.21075,1298397.375
2006-04-14 00:00:00,1.21072,1.21149,1.20953,1.21033,1228708.5
2006-04-15 00:00:00,1.21033,1.21033,1.21033,1.21033,0.0
2006-04-16 00:00:00,1.21142,1.21369,1.21116,1.21343,87511.703125
2006-04-17 00:00:00,1.2134,1.22853,1.21325,1.22569,1289065.5
2006-04-18 00:00:00,1.22561,1.23666,1.22233,1.23554,1311427.375
2006-04-19 00:00:00,1.23552,1.23927,1.22856,1.23718,1306737.0
2006-04-20 00:00:00,1.23713,1.2373,1.22683,1.22965,1294053.625
2006-04-21 00:00:00,1.22972,1.23564,1.22693,1.23381,1243450.0
2006-04-22 00:00:00,1.23381,1.23381,1.23381,1.23381,0.0
2006-04-23 00:00:00,1.23515,1.23766,1.2351,1.23662,94419.1015625
2006-04-24 00:00:00,1.23667,1.24126,1.23326,1.23795,1311531.125
2006-04-25 00:00:00,1.23779,1.24376,1.23636,1.24226,1315166.625
2006-04-26 00:00:00,1.2422,1.24691,1.23853,1.24485,1304703.75
2006-04-27 00:00:00,1.24482,1.25461,1.24045,1.25388,1309554.5
2006-04-28 00:00:00,1.25384,1.2639,1.25133,1.26269,1244706.5
2006-04-29 00:00:00,1.26269,1.26269,1.26269,1.26269,0.0
2006-04-30 00:00:00,1.2622,1.26312,1.26091,1.26143,90773.0
2006-05-01 00:00:00,1.26155,1.26873,1.25545,1.25638,1294985.875
2006-05-02 00:00:00,1.25639,1.26652,1.25574,1.26067,1309076.125
2006-05-03 00:00:00,1.26071,1.26674,1.25914,1.26288,1309097.375
2006-05-04 00:00:00,1.26293,1.27172,1.25707,1.26944,1299879.25
2006-05-05 00:00:00,1.26947,1.27615,1.26731,1.27195,1243242.375
2006-05-06 00:00:00,1.27195,1.27195,1.27195,1.27195,0.0
2006-05-07 00:00:00,1.27222,1.27485,1.27192,1.27397,89243.703125
2006-05-08 00:00:00,1.27385,1.27838,1.26918,1.26979,1962988.875
2006-05-09 00:00:00,1.26975,1.27805,1.2661,1.27594,1312170.0
2006-05-10 00:00:00,1.27589,1.28296,1.27496,1.27558,1303344.5
2006-05-11 00:00:00,1.2756,1.28696,1.26842,1.28465,1304480.375
2006-05-12 00:00:00,1.28462,1.29528,1.284,1.29203,1255944.25
2006-05-13 00:00:00,1.29203,1.29203,1.29203,1.29203,0.0
2006-05-14 00:00:00,1.29238,1.29698,1.29178,1.29486,114546.1015625
2006-05-15 00:00:00,1.2946,1.29497,1.27753,1.27898,1978881.25
2006-05-16 00:00:00,1.27891,1.28663,1.27696,1.28495,1985016.25
2006-05-17 00:00:00,1.28489,1.29155,1.27012,1.27411,1969300.875
2006-05-18 00:00:00,1.27403,1.28695,1.27355,1.28576,1969329.375
2006-05-19 00:00:00,1.28588,1.28629,1.26946,1.27631,1896381.625
2006-05-20 00:00:00,1.27631,1.27631,1.27631,1.27631,0.0
2006-05-21 00:00:00,1.27743,1.27763,1.27466,1.27594,169484.40625
2006-05-22 00:00:00,1.27598,1.28843,1.2695,1.28494,1991793.75
2006-05-23 00:00:00,1.28484,1.2877,1.27631,1.27895,1976164.125
2006-05-24 00:00:00,1.27884,1.28848,1.27296,1.27665,1975063.75
2006-05-25 00:00:00,1.27662,1.2824,1.27453,1.27982,1978471.375
2006-05-26 00:00:00,1.28004,1.28314,1.26994,1.27309,1884523.25
2006-05-27 00:00:00,1.27309,1.27309,1.27309,1.27309,0.0
2006-05-28 00:00:00,1.27347,1.27542,1.27159,1.27472,171005.796875
2006-05-29 00:00:00,1.2746,1.27663,1.27319,1.2745,1964601.125
2006-05-30 00:00:00,1.27468,1.29062,1.27413,1.2855,1979527.25
2006-05-31 00:00:00,1.28544,1.29008,1.28,1.28144,1991742.0
2006-06-01 00:00:00,1.28139,1.28221,1.2722,1.28171,1988005.25
2006-06-02 00:00:00,1.28168,1.29367,1.27936,1.29147,1897242.375
2006-06-03 00:00:00,1.29147,1.29147,1.29147,1.29147,0.0
2006-06-04 00:00:00,1.2916,1.29316,1.29083,1.29245,172460.0
2006-06-05 00:00:00,1.2925,1.29767,1.28917,1.28936,1983582.625
2006-06-06 00:00:00,1.28932,1.2932,1.28037,1.28242,1972890.25
2006-06-07 00:00:00,1.28249,1.28356,1.27599,1.28,1975844.0
2006-06-08 00:00:00,1.27998,1.28008,1.26256,1.26405,1992503.5
2006-06-09 00:00:00,1.26399,1.26816,1.25963,1.2631,1876124.25
2006-06-10 00:00:00,1.2631,1.2631,1.2631,1.2631,0.0
2006-06-11 00:00:00,1.26364,1.26378,1.26034,1.26067,160219.09375
2006-06-12 00:00:00,1.26068,1.2649,1.25662,1.25786,1976115.375
2006-06-13 00:00:00,1.25779,1.26135,1.25237,1.25457,1986739.75
2006-06-14 00:00:00,1.25446,1.26458,1.24987,1.26062,1980937.0
2006-06-15 00:00:00,1.26045,1.26555,1.25812,1.26414,1977419.0
2006-06-16 00:00:00,1.26414,1.26701,1.26165,1.26439,1865621.125
2006-06-17 00:00:00,1.26439,1.26439,1.26439,1.26439,0.0
2006-06-18 00:00:00,1.26395,1.26467,1.26276,1.26341,173332.203125
2006-06-19 00:00:00,1.26331,1.26351,1.25503,1.2574,1980682.625
2006-06-20 00:00:00,1.25728,1.26154,1.25368,1.25975,1964655.0
2006-06-21 00:00:00,1.25964,1.26763,1.25892,1.26656,1964871.375
2006-06-22 00:00:00,1.26642,1.2677,1.25496,1.25775,1970001.25
2006-06-23 00:00:00,1.25781,1.25862,1.24764,1.25046,1884926.0
2006-06-24 00:00:00,1.25046,1.25046,1.25046,1.25046,0.0
2006-06-25 00:00:00,1.25024,1.25185,1.24907,1.25155,175747.90625
2006-06-26 00:00:00,1.25148,1.26066,1.25019,1.26054,1978103.75
2006-06-27 00:00:00,1.26052,1.2616,1.256,1.25679,1989633.75
2006-06-28 00:00:00,1.25669,1.25828,1.25153,1.25414,1975126.0
2006-06-29 00:00:00,1.254,1.26669,1.24861,1.26608,1978275.875
2006-06-30 00:00:00,1.26622,1.27927,1.26589,1.27839,1882767.0
2006-07-01 00:00:00,1.27839,1.27839,1.27839,1.27839,0.0
2006-07-02 00:00:00,1.27799,1.27892,1.27744,1.27876,134144.59375
2006-07-03 00:00:00,1.27874,1.28196,1.27609,1.27987,1958401.875
2006-07-04 00:00:00,1.27976,1.28192,1.27714,1.27773,1974970.125
2006-07-05 00:00:00,1.27769,1.28357,1.27058,1.2727,1968712.25
2006-07-06 00:00:00,1.2727,1.278,1.2718,1.27723,1964022.375
2006-07-07 00:00:00,1.27719,1.28571,1.27385,1.28047,1889919.25
2006-07-08 00:00:00,1.28047,1.28047,1.28047,1.28047,0.0
2006-07-09 00:00:00,1.2812,1.2816,1.28029,1.28083,150460.0
2006-07-10 00:00:00,1.28062,1.28092,1.27205,1.2735,1979473.25
2006-07-11 00:00:00,1.27347,1.27769,1.27042,1.27624,1967331.25
2006-07-12 00:00:00,1.27615,1.2777,1.26768,1.26978,1974561.5
2006-07-13 00:00:00,1.26957,1.27284,1.26642,1.269,1964642.125
2006-07-14 00:00:00,1.2688,1.26912,1.26263,1.26465,1876177.5
2006-07-15 00:00:00,1.26465,1.26465,1.26465,1.26465,0.0
2006-07-16 00:00:00,1.26433,1.26561,1.26249,1.2631,139136.5
2006-07-17 00:00:00,1.26305,1.26404,1.25076,1.25205,1962808.875
2006-07-18 00:00:00,1.2519,1.25571,1.24755,1.24983,1978938.75
2006-07-19 00:00:00,1.24968,1.26071,1.24439,1.2595,1987016.625
2006-07-20 00:00:00,1.25934,1.26519,1.25872,1.26315,1976384.875
2006-07-21 00:00:00,1.26312,1.27039,1.26258,1.26955,1882687.25
2006-07-22 00:00:00,1.26955,1.26955,1.26955,1.26955,0.0
2006-07-23 00:00:00,1.27003,1.27094,1.2692,1.2695,140991.59375
2006-07-24 00:00:00,1.26903,1.26929,1.26085,1.26211,1965479.125
2006-07-25 00:00:00,1.26217,1.267,1.2561,1.2577,1969638.25
2006-07-26 00:00:00,1.25767,1.27242,1.2558,1.27077,1968066.125
2006-07-27 00:00:00,1.27069,1.27693,1.26792,1.26848,1975075.0
2006-07-28 00:00:00,1.26852,1.27712,1.26576,1.2757,1872589.75
2006-07-29 00:00:00,1.2757,1.2757,1.2757,1.2757,0.0
2006-07-30 00:00:00,1.27557,1.27701,1.27544,1.27694,139670.5
2006-07-31 00:00:00,1.27699,1.27813,1.27391,1.27625,1982235.0
2006-08-01 00:00:00,1.27622,1.2828,1.27182,1.28215,1961911.0
2006-08-02 00:00:00,1.28217,1.2833,1.27747,1.27908,1961633.25
2006-08-03 00:00:00,1.27913,1.28324,1.27391,1.27982,1972572.125
2006-08-04 00:00:00,1.27969,1.29075,1.27746,1.28687,1900030.125
2006-08-05 00:00:00,1.28687,1.28687,1.28687,1.28687,0.0
2006-08-06 00:00:00,1.28685,1.28907,1.28643,1.28848,140066.0
2006-08-07 00:00:00,1.28852,1.28861,1.28043,1.28194,1958225.25
2006-08-08 00:00:00,1.28192,1.28884,1.27644,1.27881,1967377.625
2006-08-09 00:00:00,1.27856,1.28995,1.27689,1.28677,1969142.375
2006-08-10 00:00:00,1.28672,1.2909,1.2746,1.279,1975220.0
2006-08-11 00:00:00,1.279,1.27932,1.27101,1.27227,1897216.5
2006-08-12 00:00:00,1.27227,1.27227,1.27227,1.27227,0.0
2006-08-13 00:00:00,1.2722,1.27438,1.26884,1.27365,135108.296875
2006-08-14 00:00:00,1.27353,1.27602,1.27044,1.27205,1969622.875
2006-08-15 00:00:00,1.27195,1.28027,1.26953,1.27845,1979553.375
2006-08-16 00:00:00,1.27844,1.28628,1.2767,1.28495,1972837.5
2006-08-17 00:00:00,1.28494,1.28845,1.28109,1.28286,1976949.75
2006-08-18 00:00:00,1.28283,1.28431,1.27788,1.28224,1874826.75
2006-08-19 00:00:00,1.28224,1.28224,1.28224,1.28224,0.0
2006-08-20 00:00:00,1.2818,1.28381,1.28019,1.28342,138398.203125
2006-08-21 00:00:00,1.28342,1.29374,1.28313,1.28629,1976528.125
2006-08-22 00:00:00,1.28626,1.28842,1.27822,1.2796,1975210.25
2006-08-23 00:00:00,1.27955,1.285,1.27744,1.27791,1964351.875
2006-08-24 00:00:00,1.27785,1.28363,1.27513,1.27583,1993164.875
2006-08-25 00:00:00,1.27571,1.27803,1.2726,1.27492,1881205.25
2006-08-26 00:00:00,1.27492,1.27492,1.27492,1.27492,0.0
2006-08-27 00:00:00,1.27511,1.27694,1.275,1.27578,136934.59375
2006-08-28 00:00:00,1.27561,1.28183,1.27558,1.27891,1955285.875
2006-08-29 00:00:00,1.27869,1.28371,1.27489,1.28293,1984734.25
2006-08-30 00:00:00,1.28276,1.28486,1.28102,1.28305,1979163.75
2006-08-31 00:00:00,1.28313,1.28776,1.2784,1.28064,1991799.5
2006-09-01 00:00:00,1.2807,1.28456,1.27561,1.28304,1911157.25
2006-09-02 00:00:00,1.28304,1.28304,1.28304,1.28304,0.0
2006-09-03 00:00:00,1.28306,1.2856,1.28294,1.28525,147496.5
2006-09-04 00:00:00,1.28527,1.28737,1.28381,1.28581,2000225.75
2006-09-05 00:00:00,1.28575,1.28603,1.27944,1.28139,2012299.125
2006-09-06 00:00:00,1.28124,1.28309,1.27666,1.2816,2023003.75
2006-09-07 00:00:00,1.28103,1.28282,1.27035,1.27258,2005246.25
2006-09-08 00:00:00,1.27255,1.273,1.26495,1.26719,1905660.25
2006-09-09 00:00:00,1.26719,1.26719,1.26719,1.26719,0.0
2006-09-10 00:00:00,1.2664,1.26727,1.26595,1.26671,144513.09375
2006-09-11 00:00:00,1.26685,1.27376,1.26471,1.26973,2010676.875
2006-09-12 00:00:00,1.26984,1.2728,1.26587,1.26797,2022028.5
2006-09-13 00:00:00,1.26793,1.2716,1.26656,1.26972,2010939.75
2006-09-14 00:00:00,1.26958,1.27507,1.2673,1.27167,2014141.875
2006-09-15 00:00:00,1.27186,1.2734,1.26309,1.26568,1912425.375
2006-09-16 00:00:00,1.26568,1.26568,1.26568,1.26568,0.0
2006-09-17 00:00:00,1.26459,1.2653,1.26232,1.26358,144719.796875
2006-09-18 00:00:00,1.26358,1.27095,1.26346,1.27056,1989220.25
2006-09-19 00:00:00,1.27054,1.27266,1.2647,1.26736,2016292.25
2006-09-20 00:00:00,1.26738,1.27258,1.2662,1.26917,2013594.25
2006-09-21 00:00:00,1.26904,1.27968,1.26881,1.27844,2006607.875
2006-09-22 00:00:00,1.2784,1.28292,1.27652,1.27754,1908666.625
2006-09-23 00:00:00,1.27754,1.27754,1.27754,1.27754,0.0
2006-09-24 00:00:00,1.27723,1.27941,1.27698,1.27856,146341.703125
2006-09-25 00:00:00,1.27885,1.28183,1.27303,1.27523,2020289.25
2006-09-26 00:00:00,1.27522,1.2762,1.26604,1.2694,2022125.25
2006-09-27 00:00:00,1.26927,1.27152,1.2668,1.271,2012302.5
2006-09-28 00:00:00,1.27113,1.27309,1.26774,1.27044,2009084.875
2006-09-29 00:00:00,1.27047,1.27121,1.26387,1.26694,1900126.75
2006-09-30 00:00:00,1.26694,1.26694,1.26694,1.26694,0.0
2006-10-01 00:00:00,1.2672,1.2687,1.26708,1.2681,144550.703125
2006-10-02 00:00:00,1.26808,1.27566,1.26604,1.27417,2005889.5
2006-10-03 00:00:00,1.27394,1.27637,1.27162,1.27306,2019646.25
2006-10-04 00:00:00,1.27315,1.27379,1.26667,1.27176,1997654.75
2006-10-05 00:00:00,1.27159,1.27241,1.26707,1.269,2015051.0
2006-10-06 00:00:00,1.26912,1.27022,1.25722,1.25983,1908063.25
2006-10-07 00:00:00,1.25983,1.25983,1.25983,1.25983,0.0
2006-10-08 00:00:00,1.25892,1.25957,1.25826,1.25938,148308.5
2006-10-09 00:00:00,1.25944,1.26124,1.25817,1.2592,2012492.375
2006-10-10 00:00:00,1.25909,1.2612,1.25182,1.25328,2000415.25
2006-10-11 00:00:00,1.25314,1.25555,1.25002,1.2518,1986143.375
2006-10-12 00:00:00,1.25183,1.25654,1.25138,1.25559,2018404.5
2006-10-13 00:00:00,1.2555,1.25763,1.24823,1.25241,1909235.0
2006-10-14 00:00:00,1.25241,1.25241,1.25241,1.25241,0.0
2006-10-15 00:00:00,1.25111,1.2518,1.24946,1.24984,145726.703125
2006-10-16 00:00:00,1.24972,1.25412,1.24863,1.25288,2007114.375
2006-10-17 00:00:00,1.2527,1.2566,1.25102,1.25375,2012162.0
2006-10-18 00:00:00,1.25365,1.25575,1.25001,1.25405,2007292.0
2006-10-19 00:00:00,1.25404,1.26394,1.25299,1.26257,2010139.75
2006-10-20 00:00:00,1.26253,1.26397,1.25975,1.26121,1912702.875
2006-10-21 00:00:00,1.26121,1.26121,1.26121,1.26121,0.0
2006-10-22 00:00:00,1.26115,1.26193,1.26037,1.26143,140569.59375
2006-10-23 00:00:00,1.2616,1.26209,1.25353,1.25457,2019916.625
2006-10-24 00:00:00,1.25448,1.25757,1.25228,1.2556,2006333.25
2006-10-25 00:00:00,1.25513,1.26214,1.25512,1.26124,2020281.5
2006-10-26 00:00:00,1.26133,1.27006,1.26087,1.26869,2023822.25
2006-10-27 00:00:00,1.2687,1.27493,1.26612,1.27343,1904742.125
2006-10-28 00:00:00,1.27343,1.27343,1.27343,1.27343,0.0
2006-10-29 00:00:00,1.27264,1.27362,1.27199,1.27269,146978.203125
2006-10-30 00:00:00,1.27284,1.27341,1.26996,1.27139,2029585.5
2006-10-31 00:00:00,1.27149,1.27808,1.26793,1.27638,1999979.625
2006-11-01 00:00:00,1.27637,1.27961,1.27413,1.27531,2027700.75
2006-11-02 00:00:00,1.27535,1.27836,1.27347,1.27759,2014180.75
2006-11-03 00:00:00,1.27748,1.27808,1.26825,1.27148,1915342.125
2006-11-04 00:00:00,1.27148,1.27148,1.27148,1.27148,0.0
2006-11-05 00:00:00,1.27083,1.27185,1.27062,1.27156,145797.5
2006-11-06 00:00:00,1.27151,1.27326,1.2689,1.27238,2009479.125
2006-11-07 00:00:00,1.27218,1.28186,1.27198,1.27758,2007145.25
2006-11-08 00:00:00,1.27755,1.28059,1.27457,1.27586,2010871.25
2006-11-09 00:00:00,1.27562,1.28469,1.27472,1.28319,2007793.75
2006-11-10 00:00:00,1.28308,1.28963,1.28263,1.28385,1906984.375
2006-11-11 00:00:00,1.28385,1.28385,1.28385,1.28385,0.0
2006-11-12 00:00:00,1.2836,1.28517,1.28317,1.28457,148364.90625
2006-11-13 00:00:00,1.28437,1.28768,1.27935,1.282,2011583.0
2006-11-14 00:00:00,1.28185,1.28695,1.27916,1.28114,2009447.625
2006-11-15 00:00:00,1.28092,1.28328,1.27725,1.28204,2003901.75
2006-11-16 00:00:00,1.2822,1.28361,1.27823,1.27897,2009616.625
2006-11-17 00:00:00,1.27876,1.28444,1.27586,1.28255,1909302.75
2006-11-18 00:00:00,1.28255,1.28255,1.28255,1.28255,0.0
2006-11-19 00:00:00,1.28203,1.28314,1.28155,1.28182,147113.0
2006-11-20 00:00:00,1.28179,1.28499,1.2801,1.28132,1989581.625
2006-11-21 00:00:00,1.28131,1.28529,1.2797,1.28409,2006284.25
2006-11-22 00:00:00,1.28378,1.29552,1.2837,1.29368,2005859.75
2006-11-23 00:00:00,1.29346,1.29735,1.29233,1.29487,2013550.25
2006-11-24 00:00:00,1.29494,1.31043,1.29431,1.3091,1900395.75
2006-11-25 00:00:00,1.3091,1.3091,1.3091,1.3091,0.0
2006-11-26 00:00:00,1.31103,1.31714,1.31096,1.31546,148732.0
2006-11-27 00:00:00,1.3154,1.31565,1.30856,1.31308,1981984.0
2006-11-28 00:00:00,1.31307,1.32163,1.31166,1.31997,2014144.75
2006-11-29 00:00:00,1.32003,1.32147,1.31322,1.31454,1951690.375
2006-11-30 00:00:00,1.31431,1.32732,1.31393,1.3248,2000100.5
2006-12-01 00:00:00,1.32504,1.33454,1.32187,1.33323,1903575.0
2006-12-02 00:00:00,1.33323,1.33323,1.33323,1.33323,0.0
2006-12-03 00:00:00,1.33303,1.33653,1.33266,1.33536,146031.5
2006-12-04 00:00:00,1.33526,1.33541,1.32815,1.33318,1989752.875
2006-12-05 00:00:00,1.33335,1.33611,1.32878,1.33135,2004492.75
2006-12-06 00:00:00,1.33141,1.33397,1.32542,1.32831,1993112.25
2006-12-07 00:00:00,1.32832,1.33232,1.32709,1.32828,2000070.75
2006-12-08 00:00:00,1.32816,1.3361,1.31911,1.31985,1920912.375
2006-12-09 00:00:00,1.31985,1.31985,1.31985,1.31985,0.0
2006-12-10 00:00:00,1.31791,1.31934,1.31649,1.3184,146811.59375
2006-12-11 00:00:00,1.31819,1.32614,1.31287,1.32481,2000119.75
2006-12-12 00:00:00,1.32481,1.32906,1.32126,1.32812,2018871.25
2006-12-13 00:00:00,1.32791,1.32858,1.31907,1.32143,2016813.125
2006-12-14 00:00:00,1.32144,1.32508,1.31373,1.31521,2008010.25
2006-12-15 00:00:00,1.31512,1.31817,1.30586,1.30785,1909944.0
2006-12-16 00:00:00,1.30785,1.30785,1.30785,1.30785,0.0
2006-12-17 00:00:00,1.3068,1.3086,1.3068,1.30803,145686.296875
2006-12-18 00:00:00,1.30804,1.31165,1.30522,1.3101,1998156.625
2006-12-19 00:00:00,1.30995,1.32141,1.30794,1.3204,2019648.125
2006-12-20 00:00:00,1.32033,1.32432,1.31584,1.31827,2010522.5
2006-12-21 00:00:00,1.31825,1.32121,1.3142,1.31789,2002917.0
2006-12-22 00:00:00,1.31797,1.32116,1.31084,1.31247,1921390.75
2006-12-23 00:00:00,1.31247,1.31247,1.31247,1.31247,0.0
2006-12-24 00:00:00,1.31207,1.31361,1.31141,1.31349,143693.703125
2006-12-25 00:00:00,1.31316,1.31648,1.30974,1.31318,2031912.75
2006-12-26 00:00:00,1.31312,1.31401,1.30865,1.31059,2053577.75
2006-12-27 00:00:00,1.3107,1.31764,1.30973,1.31211,2011843.75
2006-12-28 00:00:00,1.31219,1.31997,1.31017,1.31437,2024002.25
2006-12-29 00:00:00,1.31425,1.32049,1.31347,1.3192,1935527.0
2006-12-30 00:00:00,1.3192,1.3192,1.3192,1.3192,0.0
2006-12-31 00:00:00,1.31917,1.31975,1.31876,1.31913,139917.5
2007-01-01 00:00:00,1.31908,1.32176,1.3165,1.3212,1995253.25
2007-01-02 00:00:00,1.32137,1.32951,1.32101,1.32724,2009651.25
2007-01-03 00:00:00,1.32702,1.32903,1.31461,1.3169,2016586.75
2007-01-04 00:00:00,1.31689,1.31783,1.30704,1.3086,2007975.25
2007-01-05 00:00:00,1.30866,1.31029,1.29804,1.29995,1916538.375
2007-01-06 00:00:00,1.29995,1.29995,1.29995,1.29995,0.0
2007-01-07 00:00:00,1.29963,1.30166,1.29921,1.30039,147057.59375
2007-01-08 00:00:00,1.30055,1.30389,1.29722,1.30356,2008339.25
2007-01-09 00:00:00,1.3035,1.30517,1.29855,1.29919,2000760.25
2007-01-10 00:00:00,1.29921,1.30002,1.29261,1.29347,2024176.25
2007-01-11 00:00:00,1.29345,1.30124,1.28804,1.2891,2006020.0
2007-01-12 00:00:00,1.28909,1.29418,1.28668,1.29215,1901452.0
2007-01-13 00:00:00,1.29215,1.29215,1.29215,1.29215,0.0
2007-01-14 00:00:00,1.29124,1.29301,1.29124,1.29242,145868.90625
2007-01-15 00:00:00,1.29254,1.2955,1.29121,1.29299,1996016.125
2007-01-16 00:00:00,1.29338,1.29875,1.29062,1.29165,2024047.25
2007-01-17 00:00:00,1.29159,1.29494,1.28973,1.29368,1995550.75
2007-01-18 00:00:00,1.29372,1.29756,1.28971,1.2959,1998417.25
2007-01-19 00:00:00,1.29594,1.29998,1.29129,1.29485,1912796.75
2007-01-20 00:00:00,1.29485,1.29485,1.29485,1.29485,0.0
2007-01-21 00:00:00,1.29467,1.2964,1.29441,1.2959,142418.0
2007-01-22 00:00:00,1.29597,1.29769,1.29201,1.29466,1999560.25
2007-01-23 00:00:00,1.29486,1.30423,1.29288,1.302,2006431.125
2007-01-24 00:00:00,1.30195,1.30357,1.29475,1.29609,2004162.625
2007-01-25 00:00:00,1.2959,1.30002,1.29139,1.29357,2006920.125
2007-01-26 00:00:00,1.29329,1.29391,1.28807,1.29154,1908831.625
2007-01-27 00:00:00,1.29154,1.29154,1.29154,1.29154,0.0
2007-01-28 00:00:00,1.2913,1.29246,1.2907,1.29192,144621.59375
2007-01-29 00:00:00,1.29215,1.29655,1.28948,1.29601,2008845.125
2007-01-30 00:00:00,1.29608,1.298,1.29436,1.29617,1994957.375
2007-01-31 00:00:00,1.2963,1.30356,1.29239,1.3022,2007278.75
2007-02-01 00:00:00,1.30211,1.30482,1.30011,1.30123,2001901.5
2007-02-02 00:00:00,1.3014,1.30615,1.29474,1.2958,1915940.5
2007-02-03 00:00:00,1.2958,1.2958,1.2958,1.2958,0.0
2007-02-04 00:00:00,1.29532,1.29646,1.29498,1.29582,140985.40625
2007-02-05 00:00:00,1.29597,1.29651,1.29126,1.29316,2007367.25
2007-02-06 00:00:00,1.29302,1.29904,1.29095,1.29802,1995282.0
2007-02-07 00:00:00,1.2982,1.30232,1.29647,1.30209,2006523.125
2007-02-08 00:00:00,1.30208,1.30428,1.29759,1.30343,2013665.375
2007-02-09 00:00:00,1.30359,1.30452,1.29817,1.30047,1917801.625
2007-02-10 00:00:00,1.30047,1.30047,1.30047,1.30047,0.0
2007-02-11 00:00:00,1.29899,1.30237,1.2983,1.30167,151109.90625
2007-02-12 00:00:00,1.30147,1.30359,1.2939,1.2956,2038653.125
2007-02-13 00:00:00,1.29546,1.30426,1.29498,1.30298,1995206.875
2007-02-14 00:00:00,1.30264,1.31488,1.30218,1.31368,2007682.375
2007-02-15 00:00:00,1.31346,1.31716,1.31173,1.31329,2013517.25
2007-02-16 00:00:00,1.31316,1.31443,1.30958,1.31356,1912794.75
2007-02-17 00:00:00,1.31356,1.31356,1.31356,1.31356,0.0
2007-02-18 00:00:00,1.31266,1.31621,1.31266,1.31465,143662.796875
2007-02-19 00:00:00,1.31462,1.3161,1.31201,1.31498,2029745.875
2007-02-20 00:00:00,1.31492,1.31881,1.31271,1.3146,2016416.125
2007-02-21 00:00:00,1.31434,1.31648,1.31116,1.31361,2007480.25
2007-02-22 00:00:00,1.31354,1.31404,1.30796,1.31212,2003030.625
2007-02-23 00:00:00,1.31227,1.31863,1.31013,1.31627,1919778.125
2007-02-24 00:00:00,1.31627,1.31627,1.31627,1.31627,0.0
2007-02-25 00:00:00,1.31622,1.3186,1.31581,1.318,143690.796875
2007-02-26 00:00:00,1.31808,1.31971,1.31491,1.31911,2003567.125
2007-02-27 00:00:00,1.31911,1.32578,1.31579,1.32259,2000891.625
2007-02-28 00:00:00,1.32297,1.32369,1.31787,1.32273,1989967.375
2007-03-01 00:00:00,1.32255,1.32389,1.31547,1.31644,2011117.5
2007-03-02 00:00:00,1.31656,1.31998,1.31408,1.31882,1901846.75
2007-03-03 00:00:00,1.31882,1.31882,1.31882,1.31882,0.0
2007-03-04 00:00:00,1.31847,1.32101,1.31817,1.3182,145321.703125
2007-03-05 00:00:00,1.31802,1.31926,1.30723,1.3084,2005407.375
2007-03-06 00:00:00,1.30813,1.3139,1.30798,1.31332,2001061.625
2007-03-07 00:00:00,1.31338,1.31844,1.31086,1.31747,1998426.25
2007-03-08 00:00:00,1.31735,1.31813,1.31154,1.31365,1995945.375
2007-03-09 00:00:00,1.31343,1.31583,1.30864,1.31126,1907882.625
2007-03-10 00:00:00,1.31126,1.31126,1.31126,1.31126,0.0
2007-03-11 00:00:00,1.31236,1.31415,1.31068,1.31242,144953.59375
2007-03-12 00:00:00,1.31221,1.31992,1.31054,1.3186,2009176.875
2007-03-13 00:00:00,1.31857,1.32186,1.31547,1.31867,2004232.75
2007-03-14 00:00:00,1.31856,1.3244,1.31764,1.32318,2023897.125
2007-03-15 00:00:00,1.32323,1.32791,1.31919,1.32783,2004994.375
2007-03-16 00:00:00,1.3278,1.33381,1.32722,1.33103,1894184.125
2007-03-17 00:00:00,1.33103,1.33103,1.33103,1.33103,0.0
2007-03-18 00:00:00,1.33082,1.33196,1.33039,1.33161,673741.375
2007-03-19 00:00:00,1.33142,1.33241,1.3278,1.33095,2009526.125
2007-03-20 00:00:00,1.33097,1.33232,1.32701,1.33135,2697619.0
2007-03-21 00:00:00,1.33137,1.34094,1.32861,1.33956,2674355.75
2007-03-22 00:00:00,1.33958,1.34002,1.3309,1.33285,2670839.75
2007-03-23 00:00:00,1.33311,1.33407,1.32749,1.32812,2549144.5
2007-03-24 00:00:00,1.32812,1.32812,1.32812,1.32812,0.0
2007-03-25 00:00:00,1.32795,1.32949,1.32571,1.32708,801882.1875
2007-03-26 00:00:00,1.32724,1.33455,1.32534,1.33267,633067.625
2007-03-27 00:00:00,1.33277,1.33667,1.33013,1.33482,614434.3125
2007-03-28 00:00:00,1.332,1.33716,1.33006,1.33082,625586.1875
2007-03-29 00:00:00,1.33084,1.33517,1.32984,1.33285,631056.1875
2007-03-30 00:00:00,1.33277,1.33985,1.3288,1.33535,920597.375
2007-03-31 00:00:00,1.33535,1.33535,1.33535,1.33535,0.0
2007-04-01 00:00:00,1.33525,1.3379,1.33495,1.3354,89109.6015625
2007-04-02 00:00:00,1.3353,1.33802,1.33312,1.33715,1083944.375
2007-04-03 00:00:00,1.33709,1.33802,1.33179,1.33225,1073795.125
2007-04-04 00:00:00,1.3323,1.3381,1.3321,1.3374,1078796.0
2007-04-05 00:00:00,1.3374,1.3441,1.33525,1.34245,943729.625
2007-04-06 00:00:00,1.34245,1.3428,1.3364,1.33835,424575.875
2007-04-07 00:00:00,1.33835,1.33835,1.33835,1.33835,0.0
2007-04-08 00:00:00,1.33732,1.3387,1.33635,1.3368,89566.0
2007-04-09 00:00:00,1.3368,1.3379,1.334,1.3353,415206.15625
2007-04-10 00:00:00,1.3353,1.3456,1.3349,1.34285,1221595.25
2007-04-11 00:00:00,1.3429,1.3441,1.34065,1.3436,1046517.3125
2007-04-12 00:00:00,1.3436,1.3504,1.34315,1.3486,857578.9375
2007-04-13 00:00:00,1.3485,1.35525,1.34815,1.35233,475318.4375
2007-04-14 00:00:00,1.35233,1.35233,1.35233,1.35233,0.0
2007-04-15 00:00:00,1.35285,1.3577,1.35221,1.3568,91544.1015625
2007-04-16 00:00:00,1.35685,1.357,1.35221,1.3527,957397.1875
2007-04-17 00:00:00,1.3527,1.3594,1.3525,1.35715,1048149.125
2007-04-18 00:00:00,1.3572,1.362,1.3556,1.36145,1199612.625
2007-04-19 00:00:00,1.36145,1.3628,1.35605,1.3624,913949.5
2007-04-20 00:00:00,1.3624,1.3637,1.35809,1.35853,1019758.25
2007-04-21 00:00:00,1.35853,1.35853,1.35853,1.35853,0.0
2007-04-22 00:00:00,1.35893,1.3607,1.3585,1.3599,51480.69921875
2007-04-23 00:00:00,1.3598,1.36025,1.354,1.358,711124.875
2007-04-24 00:00:00,1.358,1.3643,1.3548,1.36335,1103965.125
2007-04-25 00:00:00,1.3634,1.3665,1.3622,1.3639,891863.0
2007-04-26 00:00:00,1.3639,1.3654,1.3584,1.3592,1224942.625
2007-04-27 00:00:00,1.3593,1.3682,1.35865,1.36541,1007695.5625
2007-04-28 00:00:00,1.36541,1.36541,1.36541,1.36541,0.0
2007-04-29 00:00:00,1.36492,1.36553,1.3615,1.36235,95204.796875
2007-04-30 00:00:00,1.36235,1.36777,1.35884,1.3651,661827.3125
2007-05-01 00:00:00,1.36515,1.36711,1.35897,1.36021,663136.125
2007-05-02 00:00:00,1.36026,1.36097,1.35598,1.35927,658226.5
2007-05-03 00:00:00,1.3593,1.36193,1.35459,1.35508,667260.3125
2007-05-04 00:00:00,1.35512,1.36088,1.35344,1.35826,627684.875
2007-05-05 00:00:00,1.35826,1.35826,1.35826,1.35826,0.0
2007-05-06 00:00:00,1.35891,1.36031,1.35882,1.35917,91286.8984375
2007-05-07 00:00:00,1.3592,1.36255,1.35897,1.35957,670362.1875
2007-05-08 00:00:00,1.35962,1.36202,1.35155,1.35377,673291.375
2007-05-09 00:00:00,1.35379,1.35641,1.35187,1.35326,659581.625
2007-05-10 00:00:00,1.35325,1.35624,1.34656,1.34757,674125.1875
2007-05-11 00:00:00,1.3476,1.35305,1.34628,1.35206,635856.875
2007-05-12 00:00:00,1.35206,1.35206,1.35206,1.35206,0.0
2007-05-13 00:00:00,1.3526,1.35433,1.3517,1.35397,96707.1015625
2007-05-14 00:00:00,1.35395,1.3557,1.35235,1.35417,666226.875
2007-05-15 00:00:00,1.3542,1.36071,1.35264,1.35896,667524.625
2007-05-16 00:00:00,1.35901,1.36081,1.35035,1.35208,672132.125
2007-05-17 00:00:00,1.3521,1.35421,1.34773,1.34937,665732.8125
2007-05-18 00:00:00,1.3494,1.35205,1.34648,1.35058,625631.5
2007-05-19 00:00:00,1.35058,1.35058,1.35058,1.35058,0.0
2007-05-20 00:00:00,1.35051,1.35288,1.34979,1.35195,98498.3984375
2007-05-21 00:00:00,1.35195,1.35214,1.34359,1.3462,661448.3125
2007-05-22 00:00:00,1.34615,1.34744,1.34376,1.34487,663223.625
2007-05-23 00:00:00,1.34487,1.35004,1.34149,1.34541,666930.375
2007-05-24 00:00:00,1.34537,1.34602,1.34155,1.34221,670874.8125
2007-05-25 00:00:00,1.34215,1.34714,1.34114,1.34497,504892.59375
2007-05-26 00:00:00,1.34497,1.34497,1.34497,1.34497,0.0
2007-05-27 00:00:00,1.34388,1.3451,1.34322,1.3446,268952.90625
2007-05-28 00:00:00,1.34456,1.34579,1.34425,1.34505,657377.125
2007-05-29 00:00:00,1.34509,1.35183,1.34192,1.34507,663017.0
2007-05-30 00:00:00,1.34511,1.34563,1.34079,1.3431,661319.625
2007-05-31 00:00:00,1.3431,1.3471,1.34219,1.34528,663849.6875
2007-06-01 00:00:00,1.34526,1.34602,1.33915,1.34406,506819.90625
2007-06-02 00:00:00,1.34406,1.34406,1.34406,1.34406,0.0
2007-06-03 00:00:00,1.34468,1.34473,1.34353,1.3442,274651.5
2007-06-04 00:00:00,1.34422,1.34978,1.34317,1.34907,658113.0
2007-06-05 00:00:00,1.34909,1.35515,1.34885,1.35157,662570.375
2007-06-06 00:00:00,1.35162,1.35371,1.34844,1.34957,663013.5
2007-06-07 00:00:00,1.34963,1.35113,1.34209,1.34247,659573.125
2007-06-08 00:00:00,1.34251,1.34269,1.33225,1.33684,618281.5
2007-06-09 00:00:00,1.33684,1.33684,1.33684,1.33684,0.0
2007-06-10 00:00:00,1.33717,1.33729,1.33513,1.33559,92613.0
2007-06-11 00:00:00,1.33557,1.33606,1.33325,1.3349,654331.6875
2007-06-12 00:00:00,1.33496,1.33683,1.32981,1.33,647280.1875
2007-06-13 00:00:00,1.32997,1.33144,1.32621,1.3307,647115.6875
2007-06-14 00:00:00,1.33067,1.33221,1.32789,1.3308,653253.8125
2007-06-15 00:00:00,1.33077,1.33888,1.33047,1.33741,491663.5
2007-06-16 00:00:00,1.33741,1.33741,1.33741,1.33741,0.0
2007-06-17 00:00:00,1.33859,1.3388,1.33737,1.33855,278734.3125
2007-06-18 00:00:00,1.3386,1.34178,1.33822,1.34147,642318.8125
2007-06-19 00:00:00,1.34156,1.34343,1.3384,1.34229,635136.8125
2007-06-20 00:00:00,1.34233,1.3436,1.339,1.33967,641042.8125
2007-06-21 00:00:00,1.33973,1.34044,1.33717,1.33888,638015.8125
2007-06-22 00:00:00,1.33889,1.34683,1.33772,1.34629,608437.125
2007-06-23 00:00:00,1.34629,1.34629,1.34629,1.34629,0.0
2007-06-24 00:00:00,1.34667,1.34711,1.34548,1.34616,88518.3984375
2007-06-25 00:00:00,1.34617,1.34719,1.34384,1.34623,625846.375
2007-06-26 00:00:00,1.34617,1.34764,1.3431,1.34491,629831.1875
2007-06-27 00:00:00,1.34484,1.34548,1.34167,1.3454,630931.8125
2007-06-28 00:00:00,1.34536,1.34788,1.34233,1.34363,630253.6875
2007-06-29 00:00:00,1.34359,1.35464,1.34284,1.35416,483231.1875
2007-06-30 00:00:00,1.35416,1.35416,1.35416,1.35416,0.0
2007-07-01 00:00:00,1.35411,1.35465,1.35258,1.35343,277310.3125
2007-07-02 00:00:00,1.35344,1.36374,1.35258,1.36187,613119.6875
2007-07-03 00:00:00,1.36193,1.36323,1.35833,1.36054,605410.6875
2007-07-04 00:00:00,1.36061,1.36299,1.36044,1.36159,602458.1875
2007-07-05 00:00:00,1.36164,1.36574,1.35784,1.35922,616735.1875
2007-07-06 00:00:00,1.35931,1.36396,1.35678,1.36226,583368.625
2007-07-07 00:00:00,1.36226,1.36226,1.36226,1.36226,0.0
2007-07-08 00:00:00,1.36247,1.36347,1.36204,1.36237,76657.1015625
2007-07-09 00:00:00,1.3624,1.36372,1.36086,1.36203,574519.1875
2007-07-10 00:00:00,1.36196,1.37822,1.35935,1.37429,595630.6875
2007-07-11 00:00:00,1.37419,1.37795,1.37299,1.37443,605041.625
2007-07-12 00:00:00,1.37437,1.37971,1.37419,1.37823,595202.5
2007-07-13 00:00:00,1.37817,1.38103,1.37621,1.37843,442585.0
2007-07-14 00:00:00,1.37843,1.37843,1.37843,1.37843,0.0
2007-07-15 00:00:00,1.37832,1.37901,1.37676,1.3775,265630.90625
2007-07-16 00:00:00,1.37749,1.38019,1.37603,1.37733,519774.1875
2007-07-17 00:00:00,1.37734,1.37974,1.3758,1.37935,539368.8125
2007-07-18 00:00:00,1.37932,1.3831,1.37565,1.38045,556303.5
2007-07-19 00:00:00,1.38044,1.38284,1.37852,1.37968,552985.5
2007-07-20 00:00:00,1.37955,1.38418,1.37777,1.38315,801833.1875
2007-07-21 00:00:00,1.38315,1.38315,1.38315,1.38315,0.0
2007-07-22 00:00:00,1.38334,1.38438,1.38268,1.38364,240408.203125
2007-07-23 00:00:00,1.38357,1.38452,1.37912,1.37982,860823.0
2007-07-24 00:00:00,1.37997,1.38515,1.37951,1.38195,862692.625
2007-07-25 00:00:00,1.38179,1.38251,1.36944,1.37203,859919.4375
2007-07-26 00:00:00,1.372,1.37714,1.36888,1.37502,859175.875
2007-07-27 00:00:00,1.37499,1.37521,1.36204,1.36322,840826.25
2007-07-28 00:00:00,1.36322,1.36322,1.36322,1.36322,0.0
2007-07-29 00:00:00,1.36206,1.36415,1.36058,1.36322,33563.84375
2007-07-30 00:00:00,1.36321,1.37274,1.36175,1.37197,860957.25
2007-07-31 00:00:00,1.37197,1.3724,1.36636,1.36711,863489.75
2007-08-01 00:00:00,1.3671,1.37099,1.36363,1.36642,858923.25
2007-08-02 00:00:00,1.36625,1.37063,1.36478,1.37024,862263.375
2007-08-03 00:00:00,1.37024,1.38178,1.36811,1.37806,839504.3125
2007-08-04 00:00:00,1.37806,1.37806,1.37806,1.37806,0.0
2007-08-05 00:00:00,1.3786,1.38387,1.3786,1.38163,33186.7890625
2007-08-06 00:00:00,1.38176,1.38386,1.37764,1.3808,861623.5625
2007-08-07 00:00:00,1.38098,1.38132,1.37314,1.37496,859596.625
2007-08-08 00:00:00,1.37526,1.38259,1.37185,1.37993,861340.5
2007-08-09 00:00:00,1.37984,1.38167,1.36533,1.36624,860358.5625
2007-08-10 00:00:00,1.36655,1.37049,1.36406,1.3693,806215.875
2007-08-11 00:00:00,1.3693,1.3693,1.3693,1.3693,0.0
2007-08-12 00:00:00,1.36887,1.36936,1.3678,1.36897,76149.09375
2007-08-13 00:00:00,1.36883,1.37091,1.35974,1.36069,859343.125
2007-08-14 00:00:00,1.36062,1.3625,1.35238,1.35295,859345.3125
2007-08-15 00:00:00,1.353,1.35319,1.34127,1.34281,857494.5
2007-08-16 00:00:00,1.34292,1.34464,1.33594,1.34285,857247.1875
2007-08-17 00:00:00,1.3425,1.3546,1.33691,1.34714,806380.8125
2007-08-18 00:00:00,1.34714,1.34714,1.34714,1.34714,0.0
2007-08-19 00:00:00,1.3476,1.3489,1.34705,1.34705,77242.140625
2007-08-20 00:00:00,1.34734,1.35076,1.34573,1.3471,856476.0625
2007-08-21 00:00:00,1.3471,1.35203,1.34485,1.34658,854998.0625
2007-08-22 00:00:00,1.34635,1.35576,1.34459,1.35456,860180.25
2007-08-23 00:00:00,1.35477,1.35879,1.35324,1.3561,861210.25
2007-08-24 00:00:00,1.35613,1.36836,1.35497,1.36789,806608.0625
2007-08-25 00:00:00,1.36789,1.36789,1.36789,1.36789,0.0
2007-08-26 00:00:00,1.36745,1.36814,1.36612,1.36777,76167.9921875
2007-08-27 00:00:00,1.36777,1.36852,1.36303,1.36343,859784.25
2007-08-28 00:00:00,1.3634,1.36799,1.35698,1.3574,854761.0
2007-08-29 00:00:00,1.3576,1.36802,1.3557,1.36682,862037.0
2007-08-30 00:00:00,1.36671,1.3672,1.35883,1.36674,861215.25
2007-08-31 00:00:00,1.36669,1.37191,1.36158,1.36284,803948.5625
2007-09-01 00:00:00,1.36284,1.36284,1.36284,1.36284,0.0
2007-09-02 00:00:00,1.36276,1.36349,1.36223,1.36308,77001.390625
2007-09-03 00:00:00,1.36299,1.36541,1.36017,1.36109,858945.8125
2007-09-04 00:00:00,1.36094,1.36256,1.3548,1.36221,854540.5625
2007-09-05 00:00:00,1.36209,1.36712,1.3566,1.36506,857962.5625
2007-09-06 00:00:00,1.36498,1.37098,1.36308,1.36902,858970.625
2007-09-07 00:00:00,1.36906,1.37978,1.36601,1.37647,807954.5
2007-09-08 00:00:00,1.37647,1.37647,1.37647,1.37647,0.0
2007-09-09 00:00:00,1.37681,1.37851,1.37659,1.37772,75144.3515625
2007-09-10 00:00:00,1.37743,1.38143,1.37644,1.37907,859297.8125
2007-09-11 00:00:00,1.37906,1.38482,1.37756,1.38372,862666.75
2007-09-12 00:00:00,1.38352,1.39141,1.38207,1.38928,858036.5625
2007-09-13 00:00:00,1.38923,1.39265,1.386,1.3871,858054.3125
2007-09-14 00:00:00,1.38696,1.38947,1.38414,1.38725,837686.6875
2007-09-15 00:00:00,1.38725,1.38725,1.38725,1.38725,0.0
2007-09-16 00:00:00,1.3868,1.38727,1.38522,1.38585,33145.6015625
2007-09-17 00:00:00,1.38589,1.38899,1.38474,1.38649,858047.8125
2007-09-18 00:00:00,1.3865,1.39889,1.38271,1.39748,863957.4375
2007-09-19 00:00:00,1.39726,1.39867,1.39323,1.39722,861869.625
2007-09-20 00:00:00,1.39717,1.40993,1.39659,1.4067,859777.0
2007-09-21 00:00:00,1.40669,1.41195,1.40394,1.40887,803940.5
2007-09-22 00:00:00,1.40887,1.40887,1.40887,1.40887,0.0
2007-09-23 00:00:00,1.40901,1.40938,1.40811,1.40901,78164.9453125
2007-09-24 00:00:00,1.40897,1.41293,1.40653,1.40704,858135.1875
2007-09-25 00:00:00,1.4071,1.41628,1.40567,1.41454,867051.6875
2007-09-26 00:00:00,1.4145,1.41556,1.41084,1.41263,863585.75
2007-09-27 00:00:00,1.41268,1.41892,1.41195,1.41544,861774.375
2007-09-28 00:00:00,1.41537,1.42772,1.41462,1.42697,840462.25
2007-09-29 00:00:00,1.42697,1.42697,1.42697,1.42697,0.0
2007-09-30 00:00:00,1.42723,1.42808,1.42604,1.42671,33058.3515625
2007-10-01 00:00:00,1.42678,1.42751,1.42075,1.42299,861465.875
2007-10-02 00:00:00,1.42329,1.42389,1.41353,1.41517,864020.75
2007-10-03 00:00:00,1.41512,1.42012,1.40791,1.40961,865640.125
2007-10-04 00:00:00,1.40947,1.41488,1.40641,1.41342,864407.3125
2007-10-05 00:00:00,1.41336,1.41569,1.40313,1.41293,840626.8125
2007-10-06 00:00:00,1.41293,1.41293,1.41293,1.41293,0.0
2007-10-07 00:00:00,1.4134,1.41526,1.41335,1.41481,32420.599609375
2007-10-08 00:00:00,1.41468,1.41487,1.40321,1.4044,863947.5625
2007-10-09 00:00:00,1.40434,1.41147,1.40093,1.41049,863695.0625
2007-10-10 00:00:00,1.41067,1.41715,1.40914,1.41373,864942.1875
2007-10-11 00:00:00,1.4137,1.42402,1.41318,1.41973,868383.0625
2007-10-12 00:00:00,1.41982,1.42125,1.41522,1.41703,812598.375
2007-10-13 00:00:00,1.41703,1.41703,1.41703,1.41703,0.0
2007-10-14 00:00:00,1.41745,1.41866,1.41609,1.41649,76941.859375
2007-10-15 00:00:00,1.4164,1.42429,1.41559,1.4198,864637.625
2007-10-16 00:00:00,1.42043,1.42265,1.41397,1.41742,864182.8125
2007-10-17 00:00:00,1.41751,1.42301,1.41562,1.42045,866204.6875
2007-10-18 00:00:00,1.4204,1.43097,1.41921,1.42893,864422.375
2007-10-19 00:00:00,1.42905,1.43179,1.42426,1.42988,840633.8125
2007-10-20 00:00:00,1.42988,1.42988,1.42988,1.42988,0.0
2007-10-21 00:00:00,1.43037,1.43501,1.43037,1.43364,33973.0390625
2007-10-22 00:00:00,1.43364,1.43437,1.41231,1.41747,865109.25
2007-10-23 00:00:00,1.4174,1.42782,1.41687,1.42545,859710.6875
2007-10-24 00:00:00,1.4254,1.42698,1.41873,1.42599,861285.5
2007-10-25 00:00:00,1.42583,1.43443,1.42436,1.43223,860972.3125
2007-10-26 00:00:00,1.43222,1.4399,1.43137,1.43894,838481.5625
2007-10-27 00:00:00,1.43894,1.43894,1.43894,1.43894,0.0
2007-10-28 00:00:00,1.44146,1.44221,1.43989,1.44021,33298.23828125
2007-10-29 00:00:00,1.44037,1.44378,1.43738,1.44153,862371.3125
2007-10-30 00:00:00,1.44135,1.44428,1.43717,1.44369,861946.5625
2007-10-31 00:00:00,1.44376,1.45035,1.44172,1.44695,860596.125
2007-11-01 00:00:00,1.44688,1.44788,1.43995,1.4423,862782.75
2007-11-02 00:00:00,1.44234,1.45273,1.44184,1.44977,807936.0
2007-11-03 00:00:00,1.44977,1.44977,1.44977,1.44977,0.0
2007-11-04 00:00:00,1.45126,1.45234,1.44982,1.45023,77299.203125
2007-11-05 00:00:00,1.45002,1.45095,1.44406,1.4475,860877.875
2007-11-06 00:00:00,1.44746,1.45706,1.44654,1.45593,860608.1875
2007-11-07 00:00:00,1.45623,1.47294,1.45495,1.46203,856154.5
2007-11-08 00:00:00,1.46218,1.47027,1.46159,1.46762,859169.4375
2007-11-09 00:00:00,1.46761,1.47519,1.46286,1.46725,834365.75
2007-11-10 00:00:00,1.46725,1.46725,1.46725,1.46725,0.0
2007-11-11 00:00:00,1.46713,1.46778,1.46322,1.46558,32478.875
2007-11-12 00:00:00,1.46544,1.46632,1.45168,1.45178,862021.25
2007-11-13 00:00:00,1.4521,1.46325,1.45172,1.46182,854514.875
2007-11-14 00:00:00,1.46171,1.47245,1.46092,1.46492,860939.5625
2007-11-15 00:00:00,1.4649,1.47038,1.46009,1.46174,860134.5
2007-11-16 00:00:00,1.46181,1.46721,1.45786,1.46584,836871.1875
2007-11-17 00:00:00,1.46584,1.46584,1.46584,1.46584,0.0
2007-11-18 00:00:00,1.4668,1.46734,1.46618,1.4667,33278.0234375
2007-11-19 00:00:00,1.46682,1.46884,1.4617,1.46656,859446.375
2007-11-20 00:00:00,1.46657,1.48517,1.46303,1.48295,858034.125
2007-11-21 00:00:00,1.48294,1.48689,1.47707,1.48547,855784.5
2007-11-22 00:00:00,1.48551,1.4873,1.48185,1.48502,857259.0625
2007-11-23 00:00:00,1.48495,1.49646,1.47816,1.48358,802921.75
2007-11-24 00:00:00,1.48358,1.48358,1.48358,1.48358,0.0
2007-11-25 00:00:00,1.4826,1.48381,1.48158,1.48322,77248.1484375
2007-11-26 00:00:00,1.48342,1.48869,1.48011,1.4871,858794.0
2007-11-27 00:00:00,1.48707,1.49078,1.48061,1.48332,855812.625
2007-11-28 00:00:00,1.48337,1.48579,1.47078,1.48372,857912.625
2007-11-29 00:00:00,1.48368,1.48442,1.47188,1.47561,861007.625
2007-11-30 00:00:00,1.47552,1.47849,1.46231,1.46313,840515.875
2007-12-01 00:00:00,1.46313,1.46313,1.46313,1.46313,0.0
2007-12-02 00:00:00,1.46315,1.46653,1.46298,1.46583,32566.94921875
2007-12-03 00:00:00,1.46585,1.47077,1.4618,1.46682,856373.875
2007-12-04 00:00:00,1.46673,1.47688,1.46315,1.47609,861667.75
2007-12-05 00:00:00,1.47599,1.47701,1.45905,1.45932,859866.25
2007-12-06 00:00:00,1.4595,1.46593,1.45234,1.4655,856402.0625
2007-12-07 00:00:00,1.46557,1.46725,1.45946,1.46534,839479.625
2007-12-08 00:00:00,1.46534,1.46534,1.46534,1.46534,0.0
2007-12-09 00:00:00,1.46527,1.46593,1.46443,1.46508,32364.30078125
2007-12-10 00:00:00,1.46512,1.47356,1.46361,1.47072,858247.9375
2007-12-11 00:00:00,1.47061,1.47506,1.46378,1.46586,863510.1875
2007-12-12 00:00:00,1.46609,1.4748,1.46469,1.4711,861805.125
2007-12-13 00:00:00,1.47108,1.47379,1.45742,1.46248,863397.3125
2007-12-14 00:00:00,1.46246,1.46578,1.44094,1.44282,808360.875
2007-12-15 00:00:00,1.44282,1.44282,1.44282,1.44282,0.0
2007-12-16 00:00:00,1.43901,1.44173,1.43784,1.44139,77911.0
2007-12-17 00:00:00,1.44144,1.44521,1.43273,1.44084,859485.125
2007-12-18 00:00:00,1.44101,1.44357,1.43639,1.44166,861210.0625
2007-12-19 00:00:00,1.44167,1.44235,1.43229,1.43797,862917.5
2007-12-20 00:00:00,1.43817,1.43899,1.43073,1.43292,861021.6875
2007-12-21 00:00:00,1.43289,1.44101,1.43218,1.43772,839524.75
2007-12-22 00:00:00,1.43772,1.43772,1.43772,1.43772,0.0
2007-12-23 00:00:00,1.43714,1.43824,1.43643,1.43724,32745.150390625
2007-12-24 00:00:00,1.43763,1.44129,1.43692,1.43933,863321.875
2007-12-25 00:00:00,1.43938,1.44205,1.43825,1.4394,861617.5
2007-12-26 00:00:00,1.43936,1.45058,1.43866,1.44819,862873.1875
2007-12-27 00:00:00,1.44846,1.46411,1.44643,1.46082,858463.0625
2007-12-28 00:00:00,1.46094,1.47273,1.45873,1.4721,840526.4375
2007-12-29 00:00:00,1.4721,1.4721,1.4721,1.4721,0.0
2007-12-30 00:00:00,1.47195,1.47351,1.47022,1.47312,33191.0
2007-12-31 00:00:00,1.47344,1.47491,1.45651,1.45844,862314.0625
2008-01-01 00:00:00,1.45841,1.46285,1.45718,1.46174,860346.625
2008-01-02 00:00:00,1.46172,1.4749,1.45925,1.4714,861171.5625
2008-01-03 00:00:00,1.47142,1.47807,1.46842,1.47411,861327.3125
2008-01-04 00:00:00,1.47404,1.48241,1.4691,1.47397,808796.625
2008-01-05 00:00:00,1.47397,1.47397,1.47397,1.47397,0.0
2008-01-06 00:00:00,1.47506,1.47547,1.47395,1.47472,77007.921875
2008-01-07 00:00:00,1.47483,1.47494,1.46557,1.46802,862234.875
2008-01-08 00:00:00,1.4681,1.47428,1.46754,1.47042,862930.0625
2008-01-09 00:00:00,1.4705,1.47427,1.46357,1.46584,859026.625
2008-01-10 00:00:00,1.46582,1.48133,1.46387,1.4798,863844.8125
2008-01-11 00:00:00,1.47976,1.4819,1.47585,1.47717,839643.25
2008-01-12 00:00:00,1.47717,1.47717,1.47717,1.47717,0.0
2008-01-13 00:00:00,1.47733,1.48159,1.47733,1.48029,32626.8359375
2008-01-14 00:00:00,1.48035,1.49146,1.47931,1.48644,865715.375
2008-01-15 00:00:00,1.48647,1.49219,1.47698,1.4799,867003.125
2008-01-16 00:00:00,1.4799,1.48583,1.45923,1.4659,865265.1875
2008-01-17 00:00:00,1.46598,1.47141,1.45863,1.46362,861326.6875
2008-01-18 00:00:00,1.4636,1.46941,1.45982,1.46168,837042.5
2008-01-19 00:00:00,1.46168,1.46168,1.46168,1.46168,0.0
2008-01-20 00:00:00,1.45965,1.4608,1.45849,1.45942,32828.88671875
2008-01-21 00:00:00,1.45941,1.45977,1.44085,1.44158,862669.1875
2008-01-22 00:00:00,1.44154,1.4684,1.43621,1.4642,862350.0
2008-01-23 00:00:00,1.46419,1.46518,1.45072,1.46262,864527.8125
2008-01-24 00:00:00,1.46253,1.47779,1.45874,1.47685,865028.125
2008-01-25 00:00:00,1.47672,1.47736,1.46567,1.46807,810514.625
2008-01-26 00:00:00,1.46807,1.46807,1.46807,1.46807,0.0
2008-01-27 00:00:00,1.46812,1.47084,1.46736,1.4689,76159.96875
2008-01-28 00:00:00,1.46886,1.47977,1.46588,1.47847,869726.75
2008-01-29 00:00:00,1.47831,1.4788,1.47346,1.47659,867312.9375
2008-01-30 00:00:00,1.47666,1.49073,1.47508,1.48247,870129.0
2008-01-31 00:00:00,1.48246,1.49137,1.47994,1.48619,869326.1875
2008-02-01 00:00:00,1.48596,1.49468,1.47839,1.47995,845760.25
2008-02-02 00:00:00,1.47995,1.47995,1.47995,1.47995,0.0
2008-02-03 00:00:00,1.48053,1.48106,1.47895,1.48011,33888.24609375
2008-02-04 00:00:00,1.47997,1.48482,1.47889,1.48243,864405.125
2008-02-05 00:00:00,1.48232,1.48314,1.46185,1.46334,867846.0625
2008-02-06 00:00:00,1.46316,1.46699,1.45877,1.46114,868255.0
2008-02-07 00:00:00,1.46119,1.46513,1.44366,1.44742,863657.9375
2008-02-08 00:00:00,1.44737,1.45475,1.44467,1.4503,845777.875
2008-02-09 00:00:00,1.4503,1.4503,1.4503,1.4503,0.0
2008-02-10 00:00:00,1.45197,1.45279,1.45076,1.45234,33943.30078125
2008-02-11 00:00:00,1.45228,1.45786,1.44788,1.44972,867693.0
2008-02-12 00:00:00,1.44974,1.46141,1.44923,1.4578,870135.875
2008-02-13 00:00:00,1.45778,1.45988,1.45307,1.4552,867079.8125
2008-02-14 00:00:00,1.45526,1.46475,1.45457,1.46391,868501.125
2008-02-15 00:00:00,1.46409,1.47084,1.46266,1.46802,815330.6875
2008-02-16 00:00:00,1.46802,1.46802,1.46802,1.46802,0.0
2008-02-17 00:00:00,1.46748,1.46806,1.46626,1.46708,78158.78125
2008-02-18 00:00:00,1.46712,1.46901,1.46081,1.46478,865757.1875
2008-02-19 00:00:00,1.46468,1.4756,1.46378,1.47274,865977.6875
2008-02-20 00:00:00,1.47305,1.4733,1.46123,1.47207,862974.125
2008-02-21 00:00:00,1.472,1.48366,1.46986,1.48108,865622.75
2008-02-22 00:00:00,1.48095,1.48614,1.47847,1.48235,843257.0625
2008-02-23 00:00:00,1.48235,1.48235,1.48235,1.48235,0.0
2008-02-24 00:00:00,1.4831,1.48396,1.48259,1.48307,32685.42578125
2008-02-25 00:00:00,1.48313,1.4844,1.47909,1.48303,866493.125
2008-02-26 00:00:00,1.48312,1.50454,1.47754,1.49949,861186.875
2008-02-27 00:00:00,1.49948,1.51435,1.49774,1.5115,858801.3125
2008-02-28 00:00:00,1.51132,1.52301,1.50706,1.51913,865316.625
2008-02-29 00:00:00,1.51908,1.52383,1.51417,1.51762,842838.0625
2008-03-01 00:00:00,1.51762,1.51762,1.51762,1.51762,0.0
2008-03-02 00:00:00,1.51832,1.52256,1.51781,1.51987,33416.875
2008-03-03 00:00:00,1.51987,1.52734,1.51554,1.51957,865630.875
2008-03-04 00:00:00,1.51958,1.52467,1.51706,1.52044,867808.75
2008-03-05 00:00:00,1.5204,1.53015,1.51425,1.52749,867431.75
2008-03-06 00:00:00,1.52764,1.53957,1.52678,1.53792,867729.9375
2008-03-07 00:00:00,1.53811,1.54591,1.53138,1.5354,816864.75
2008-03-08 00:00:00,1.5354,1.5354,1.5354,1.5354,0.0
2008-03-09 00:00:00,1.53607,1.5403,1.53544,1.53924,76202.9609375
2008-03-10 00:00:00,1.5392,1.54003,1.53116,1.53352,867772.0
2008-03-11 00:00:00,1.53349,1.54948,1.52812,1.53355,858351.5625
2008-03-12 00:00:00,1.53372,1.55725,1.53323,1.55386,865544.4375
2008-03-13 00:00:00,1.55392,1.56433,1.55181,1.56189,866621.875
2008-03-14 00:00:00,1.56194,1.56869,1.55294,1.56816,810793.6875
2008-03-15 00:00:00,1.56816,1.56816,1.56816,1.56816,0.0
2008-03-16 00:00:00,1.56745,1.57694,1.56709,1.57478,78433.0625
2008-03-17 00:00:00,1.57478,1.59021,1.56859,1.57418,871966.5
2008-03-18 00:00:00,1.57425,1.58311,1.56081,1.5653,867751.125
2008-03-19 00:00:00,1.56519,1.57852,1.55808,1.56345,867845.625
2008-03-20 00:00:00,1.56355,1.56404,1.53926,1.54357,865829.25
2008-03-21 00:00:00,1.54324,1.54739,1.54014,1.54305,805171.0625
2008-03-22 00:00:00,1.54305,1.54305,1.54305,1.54305,0.0
2008-03-23 00:00:00,1.54349,1.54389,1.54003,1.5403,77172.6953125
2008-03-24 00:00:00,1.5406,1.54543,1.53381,1.54316,867997.375
2008-03-25 00:00:00,1.54311,1.56579,1.54079,1.5609,858461.0
2008-03-26 00:00:00,1.56093,1.58582,1.55795,1.5819,855649.5625
2008-03-27 00:00:00,1.58185,1.58455,1.57237,1.58086,864266.0
2008-03-28 00:00:00,1.58101,1.58387,1.57392,1.57953,842958.5625
2008-03-29 00:00:00,1.57953,1.57953,1.57953,1.57953,0.0
2008-03-30 00:00:00,1.57956,1.57984,1.57931,1.57963,33080.046875
2008-03-31 00:00:00,1.5796,1.58974,1.57444,1.57568,861612.5
2008-04-01 00:00:00,1.57559,1.57857,1.55612,1.56168,863033.6875
2008-04-02 00:00:00,1.56158,1.57007,1.5531,1.56732,863773.4375
2008-04-03 00:00:00,1.56731,1.56858,1.55073,1.56599,862945.625
2008-04-04 00:00:00,1.56575,1.57726,1.56345,1.57266,800111.125
2008-04-05 00:00:00,1.57266,1.57266,1.57266,1.57266,0.0
2008-04-06 00:00:00,1.57302,1.57375,1.57071,1.573,77925.9453125
2008-04-07 00:00:00,1.573,1.57308,1.56247,1.57058,864247.9375
2008-04-08 00:00:00,1.57074,1.57983,1.56718,1.56945,865798.125
2008-04-09 00:00:00,1.5694,1.58645,1.56835,1.58162,864904.75
2008-04-10 00:00:00,1.58155,1.59143,1.57221,1.57563,868850.8125
2008-04-11 00:00:00,1.57547,1.58564,1.5747,1.57892,811099.375
2008-04-12 00:00:00,1.57892,1.57892,1.57892,1.57892,0.0
2008-04-13 00:00:00,1.57834,1.57834,1.56913,1.57101,78137.046875
2008-04-14 00:00:00,1.57097,1.58867,1.56684,1.58242,864804.25
2008-04-15 00:00:00,1.58224,1.58754,1.57486,1.57846,868069.9375
2008-04-16 00:00:00,1.5785,1.59786,1.57746,1.59365,864136.9375
2008-04-17 00:00:00,1.59371,1.59826,1.58446,1.59046,866386.5
2008-04-18 00:00:00,1.59037,1.59566,1.57092,1.58139,841563.5
2008-04-19 00:00:00,1.58139,1.58139,1.58139,1.58139,0.0
2008-04-20 00:00:00,1.58086,1.58207,1.57924,1.5808,33340.88671875
2008-04-21 00:00:00,1.58097,1.59466,1.5789,1.59096,867129.5625
2008-04-22 00:00:00,1.59117,1.60183,1.58307,1.59721,864492.875
2008-04-23 00:00:00,1.5972,1.59977,1.58583,1.58804,868407.3125
2008-04-24 00:00:00,1.58795,1.58836,1.56331,1.56727,870701.375
2008-04-25 00:00:00,1.56764,1.57063,1.55506,1.56292,844226.125
2008-04-26 00:00:00,1.56292,1.56292,1.56292,1.56292,0.0
2008-04-27 00:00:00,1.56242,1.56291,1.55892,1.56165,33497.44921875
2008-04-28 00:00:00,1.56168,1.56924,1.55904,1.5654,866573.625
2008-04-29 00:00:00,1.56534,1.56587,1.55384,1.55752,868191.4375
2008-04-30 00:00:00,1.55772,1.56415,1.55161,1.56241,865984.75
2008-05-01 00:00:00,1.56238,1.56425,1.54273,1.54764,862966.125
2008-05-02 00:00:00,1.54765,1.54978,1.53599,1.54227,843686.6875
2008-05-03 00:00:00,1.54227,1.54227,1.54227,1.54227,0.0
2008-05-04 00:00:00,1.5427,1.54394,1.54204,1.54345,33123.375
2008-05-05 00:00:00,1.54332,1.55196,1.54232,1.55008,866147.1875
2008-05-06 00:00:00,1.55016,1.55945,1.54495,1.55162,865517.8125
2008-05-07 00:00:00,1.55161,1.55188,1.53312,1.53416,865953.75
2008-05-08 00:00:00,1.53426,1.54407,1.52825,1.54032,865671.3125
2008-05-09 00:00:00,1.54045,1.54909,1.53889,1.54883,811952.4375
2008-05-10 00:00:00,1.54883,1.54883,1.54883,1.54883,0.0
2008-05-11 00:00:00,1.54831,1.54831,1.54384,1.54656,76021.015625
2008-05-12 00:00:00,1.54662,1.55699,1.53627,1.55301,861889.9375
2008-05-13 00:00:00,1.55298,1.55653,1.54275,1.54683,864942.125
2008-05-14 00:00:00,1.5471,1.5486,1.53925,1.5464,864371.6875
2008-05-15 00:00:00,1.54648,1.5547,1.54173,1.54563,863493.125
2008-05-16 00:00:00,1.54579,1.56019,1.54463,1.55724,843560.125
2008-05-17 00:00:00,1.55724,1.55724,1.55724,1.55724,0.0
2008-05-18 00:00:00,1.55779,1.5598,1.55687,1.55812,33370.55078125
2008-05-19 00:00:00,1.55802,1.56333,1.54811,1.55264,866521.1875
2008-05-20 00:00:00,1.55259,1.56796,1.55035,1.56472,864430.625
2008-05-21 00:00:00,1.56458,1.57965,1.56287,1.57787,868732.9375
2008-05-22 00:00:00,1.5779,1.5813,1.56893,1.573,868214.3125
2008-05-23 00:00:00,1.57318,1.57939,1.56947,1.5762,846790.9375
2008-05-24 00:00:00,1.5762,1.5762,1.5762,1.5762,0.0
2008-05-25 00:00:00,1.57652,1.57831,1.57457,1.57776,32864.55078125
2008-05-26 00:00:00,1.57769,1.5791,1.57391,1.57763,865145.8125
2008-05-27 00:00:00,1.57781,1.58178,1.56695,1.56867,864792.0625
2008-05-28 00:00:00,1.56859,1.576,1.56056,1.56545,862335.9375
2008-05-29 00:00:00,1.56545,1.5662,1.548,1.5515,860090.6875
2008-05-30 00:00:00,1.5513,1.55682,1.54594,1.55504,811128.0
2008-05-31 00:00:00,1.55504,1.55504,1.55504,1.55504,0.0
2008-06-01 00:00:00,1.55512,1.55655,1.55455,1.55564,77590.984375
2008-06-02 00:00:00,1.5557,1.55881,1.54845,1.5538,864369.6875
2008-06-03 00:00:00,1.55384,1.56275,1.54085,1.54489,861010.0625
2008-06-04 00:00:00,1.5448,1.54825,1.54157,1.5432,862259.5
2008-06-05 00:00:00,1.54323,1.56045,1.53633,1.5595,862919.875
2008-06-06 00:00:00,1.55928,1.57831,1.55691,1.57794,838852.0625
2008-06-07 00:00:00,1.57794,1.57794,1.57794,1.57794,0.0
2008-06-08 00:00:00,1.57831,1.57986,1.57719,1.57792,32986.12109375
2008-06-09 00:00:00,1.57787,1.58432,1.5616,1.56469,861553.625
2008-06-10 00:00:00,1.56495,1.56495,1.54371,1.54574,861815.1875
2008-06-11 00:00:00,1.54582,1.55868,1.54507,1.5558,861762.8125
2008-06-12 00:00:00,1.55585,1.55628,1.53764,1.54457,860957.375
2008-06-13 00:00:00,1.54456,1.54621,1.53004,1.53773,844552.1875
2008-06-14 00:00:00,1.53773,1.53773,1.53773,1.53773,0.0
2008-06-15 00:00:00,1.53826,1.54126,1.53779,1.53829,33412.6953125
2008-06-16 00:00:00,1.5383,1.55188,1.53433,1.54635,861788.8125
2008-06-17 00:00:00,1.54622,1.55514,1.54558,1.55152,863878.25
2008-06-18 00:00:00,1.55156,1.55513,1.54598,1.5543,860651.875
2008-06-19 00:00:00,1.55447,1.55863,1.54631,1.54961,859878.625
2008-06-20 00:00:00,1.54983,1.5651,1.54878,1.56104,809952.5
2008-06-21 00:00:00,1.56104,1.56104,1.56104,1.56104,0.0
2008-06-22 00:00:00,1.56153,1.56357,1.55917,1.5602,76289.9296875
2008-06-23 00:00:00,1.56006,1.56268,1.54661,1.55202,860231.6875
2008-06-24 00:00:00,1.55192,1.56216,1.54876,1.5572,858961.625
2008-06-25 00:00:00,1.55731,1.56872,1.55335,1.56626,859331.4375
2008-06-26 00:00:00,1.56656,1.57672,1.56249,1.57593,860820.9375
2008-06-27 00:00:00,1.57587,1.57973,1.57154,1.57832,840857.9375
2008-06-28 00:00:00,1.57832,1.57832,1.57832,1.57832,0.0
2008-06-29 00:00:00,1.57789,1.57979,1.57701,1.57917,32626.962890625
2008-06-30 00:00:00,1.57894,1.58359,1.57271,1.5759,860010.0625
2008-07-01 00:00:00,1.57602,1.58249,1.5721,1.57872,857696.4375
2008-07-02 00:00:00,1.57871,1.58917,1.57736,1.58762,854162.0
2008-07-03 00:00:00,1.58757,1.59117,1.56708,1.56833,855155.0
2008-07-04 00:00:00,1.56823,1.57262,1.56524,1.57041,836310.5
2008-07-05 00:00:00,1.57041,1.57041,1.57041,1.57041,0.0
2008-07-06 00:00:00,1.57002,1.57064,1.56859,1.5693,32912.80078125
2008-07-07 00:00:00,1.56917,1.57533,1.56072,1.57226,858047.6875
2008-07-08 00:00:00,1.5723,1.57392,1.56333,1.56622,857477.875
2008-07-09 00:00:00,1.56644,1.57494,1.56472,1.57282,855525.6875
2008-07-10 00:00:00,1.57315,1.58022,1.56876,1.5785,856472.875
2008-07-11 00:00:00,1.5791,1.59472,1.57604,1.59443,806391.4375
2008-07-12 00:00:00,1.59443,1.59443,1.59443,1.59443,0.0
2008-07-13 00:00:00,1.59498,1.59709,1.58954,1.5899,76514.34375
2008-07-14 00:00:00,1.59008,1.5935,1.58392,1.58872,858248.8125
2008-07-15 00:00:00,1.58888,1.60389,1.58643,1.5915,860935.125
2008-07-16 00:00:00,1.59157,1.59477,1.57985,1.58242,857409.5625
2008-07-17 00:00:00,1.58216,1.58929,1.57815,1.58502,859988.875
2008-07-18 00:00:00,1.58501,1.58867,1.58035,1.58464,835675.375
2008-07-19 00:00:00,1.58464,1.58464,1.58464,1.58464,0.0
2008-07-20 00:00:00,1.58418,1.58461,1.58265,1.58422,33749.6015625
2008-07-21 00:00:00,1.58424,1.59313,1.58296,1.59103,856633.25
2008-07-22 00:00:00,1.5913,1.59442,1.57536,1.57772,859914.75
2008-07-23 00:00:00,1.57782,1.57989,1.56664,1.56812,859185.8125
2008-07-24 00:00:00,1.56809,1.57139,1.56253,1.5683,858251.3125
2008-07-25 00:00:00,1.56831,1.57537,1.56588,1.57084,834647.0625
2008-07-26 00:00:00,1.57084,1.57084,1.57084,1.57084,0.0
2008-07-27 00:00:00,1.57047,1.57067,1.56801,1.56896,33585.44140625
2008-07-28 00:00:00,1.56909,1.57683,1.56809,1.57422,858583.0
2008-07-29 00:00:00,1.57434,1.57573,1.55493,1.55882,857697.375
2008-07-30 00:00:00,1.55877,1.56166,1.55183,1.55805,854064.75
2008-07-31 00:00:00,1.55793,1.56995,1.55658,1.55812,855777.875
2008-08-01 00:00:00,1.55825,1.55886,1.55142,1.55625,805106.875
2008-08-02 00:00:00,1.55625,1.55625,1.55625,1.55625,0.0
2008-08-03 00:00:00,1.55638,1.5579,1.55586,1.55658,76726.7890625
2008-08-04 00:00:00,1.55662,1.56306,1.55526,1.55638,858256.1875
2008-08-05 00:00:00,1.55624,1.55646,1.54442,1.5464,858722.3125
2008-08-06 00:00:00,1.5465,1.55167,1.53956,1.54195,850771.9375
2008-08-07 00:00:00,1.54205,1.55019,1.53068,1.53109,857908.25
2008-08-08 00:00:00,1.53117,1.53128,1.4993,1.50062,835186.625
2008-08-09 00:00:00,1.50062,1.50062,1.50062,1.50062,0.0
2008-08-10 00:00:00,1.5,1.5,1.49026,1.49321,31973.49609375
2008-08-11 00:00:00,1.49333,1.50835,1.48786,1.49121,853893.75
2008-08-12 00:00:00,1.49117,1.49646,1.48112,1.48911,856868.625
2008-08-13 00:00:00,1.48891,1.49796,1.48397,1.48963,861116.5625
2008-08-14 00:00:00,1.48968,1.49499,1.47572,1.47726,858394.1875
2008-08-15 00:00:00,1.47727,1.47928,1.46554,1.46986,836756.9375
2008-08-16 00:00:00,1.46986,1.46986,1.46986,1.46986,0.0
2008-08-17 00:00:00,1.46988,1.47009,1.4696,1.4699,31008.044921875
2008-08-18 00:00:00,1.46976,1.47679,1.4666,1.46944,857614.5625
2008-08-19 00:00:00,1.4694,1.48043,1.46272,1.47914,842389.5
2008-08-20 00:00:00,1.47911,1.47985,1.46685,1.47499,854385.125
2008-08-21 00:00:00,1.4749,1.49078,1.47398,1.4887,854233.375
2008-08-22 00:00:00,1.48851,1.48949,1.47568,1.47843,801762.625
2008-08-23 00:00:00,1.47843,1.47843,1.47843,1.47843,0.0
2008-08-24 00:00:00,1.47803,1.47901,1.47737,1.47805,76131.796875
2008-08-25 00:00:00,1.4781,1.48067,1.46921,1.47242,854598.3125
2008-08-26 00:00:00,1.4725,1.47269,1.45655,1.46429,862068.5
2008-08-27 00:00:00,1.46437,1.47761,1.46419,1.4743,863736.375
2008-08-28 00:00:00,1.47462,1.48103,1.46691,1.47013,866715.3125
2008-08-29 00:00:00,1.47026,1.47674,1.46368,1.46695,839958.9375
2008-08-30 00:00:00,1.46695,1.46695,1.46695,1.46695,0.0
2008-08-31 00:00:00,1.46748,1.47198,1.46748,1.46967,33253.44140625
2008-09-01 00:00:00,1.46962,1.47029,1.45543,1.4581,864054.4375
2008-09-02 00:00:00,1.45808,1.45981,1.44626,1.44873,863668.1875
2008-09-03 00:00:00,1.44866,1.45219,1.43811,1.45129,865372.125
2008-09-04 00:00:00,1.45134,1.45438,1.42108,1.42572,858690.375
2008-09-05 00:00:00,1.42574,1.43462,1.41957,1.42595,811435.375
2008-09-06 00:00:00,1.42595,1.42595,1.42595,1.42595,0.0
2008-09-07 00:00:00,1.42658,1.43986,1.42658,1.43524,75586.953125
2008-09-08 00:00:00,1.4351,1.4428,1.40516,1.4133,864570.75
2008-09-09 00:00:00,1.41335,1.42267,1.40435,1.40919,857770.9375
2008-09-10 00:00:00,1.40922,1.41796,1.39332,1.39359,858807.0
2008-09-11 00:00:00,1.39351,1.4038,1.38778,1.40064,862747.3125
2008-09-12 00:00:00,1.40081,1.42395,1.39683,1.42178,840771.875
2008-09-13 00:00:00,1.42178,1.42178,1.42178,1.42178,0.0
2008-09-14 00:00:00,1.42253,1.43488,1.42253,1.43163,31915.41796875
2008-09-15 00:00:00,1.43164,1.44821,1.4082,1.42425,860959.375
2008-09-16 00:00:00,1.42423,1.42826,1.40699,1.41656,864007.0
2008-09-17 00:00:00,1.41667,1.43837,1.40966,1.4335,861177.375
2008-09-18 00:00:00,1.43353,1.45404,1.42772,1.42985,858961.8125
2008-09-19 00:00:00,1.42982,1.44975,1.41494,1.44643,808572.4375
2008-09-20 00:00:00,1.44643,1.44643,1.44643,1.44643,0.0
2008-09-21 00:00:00,1.44698,1.45012,1.4433,1.44887,75853.703125
2008-09-22 00:00:00,1.44877,1.4864,1.44513,1.48008,860803.3125
2008-09-23 00:00:00,1.48003,1.48264,1.46195,1.46831,864502.3125
2008-09-24 00:00:00,1.46822,1.47451,1.45996,1.4651,864581.5625
2008-09-25 00:00:00,1.46506,1.47667,1.45584,1.46624,861457.5
2008-09-26 00:00:00,1.4663,1.46777,1.45538,1.45865,806983.125
2008-09-27 00:00:00,1.45865,1.45865,1.45865,1.45865,0.0
2008-09-28 00:00:00,1.45811,1.45811,1.4507,1.45357,75163.796875
2008-09-29 00:00:00,1.45356,1.45675,1.43001,1.43655,1723486.25
2008-09-30 00:00:00,1.43677,1.44243,1.40067,1.41178,863617.0625
2008-10-01 00:00:00,1.4119,1.4174,1.39755,1.39905,860587.0
2008-10-02 00:00:00,1.399,1.40145,1.37455,1.3786,936619.375
2008-10-03 00:00:00,1.3786,1.39065,1.37025,1.37821,893181.4375
2008-10-04 00:00:00,1.37821,1.37821,1.37821,1.37821,0.0
2008-10-05 00:00:00,1.37702,1.37728,1.361,1.3649,108474.484375
2008-10-06 00:00:00,1.3649,1.367,1.3443,1.3515,1128964.5
2008-10-07 00:00:00,1.3515,1.37425,1.34815,1.357,816986.3125
2008-10-08 00:00:00,1.35687,1.37535,1.35429,1.3608,710345.0
2008-10-09 00:00:00,1.36079,1.37812,1.35528,1.35568,178114.703125
2008-10-10 00:00:00,1.35567,1.36407,1.32592,1.33868,144093.90625
2008-10-11 00:00:00,1.33868,1.33868,1.33868,1.33868,0.0
2008-10-12 00:00:00,1.34055,1.36181,1.33977,1.35955,123789.2890625
2008-10-13 00:00:00,1.35969,1.36795,1.34498,1.36528,174724.109375
2008-10-14 00:00:00,1.3654,1.37639,1.35585,1.35616,172571.296875
2008-10-15 00:00:00,1.35583,1.36847,1.3421,1.34334,173120.40625
2008-10-16 00:00:00,1.34333,1.35329,1.33467,1.34835,174862.921875
2008-10-17 00:00:00,1.34814,1.35116,1.33846,1.34038,168278.390625
2008-10-18 00:00:00,1.34038,1.34038,1.34038,1.34038,0.0
2008-10-19 00:00:00,1.34057,1.34437,1.33917,1.34418,203851.3125
2008-10-20 00:00:00,1.34435,1.35299,1.32871,1.33373,712170.25
2008-10-21 00:00:00,1.3338,1.33514,1.29995,1.30052,712126.25
2008-10-22 00:00:00,1.30056,1.3031,1.27257,1.27701,713110.125
2008-10-23 00:00:00,1.27699,1.30016,1.27319,1.28979,713188.3125
2008-10-24 00:00:00,1.28987,1.29033,1.24941,1.262,687335.0625
2008-10-25 00:00:00,1.262,1.262,1.262,1.262,0.0
2008-10-26 00:00:00,1.26206,1.26213,1.25293,1.26188,80954.171875
2008-10-27 00:00:00,1.26219,1.26774,1.23331,1.24602,1427686.75
2008-10-28 00:00:00,1.24645,1.28374,1.2329,1.28055,712542.4375
2008-10-29 00:00:00,1.28055,1.2991,1.26235,1.2956,665064.8125
2008-10-30 00:00:00,1.29565,1.3285,1.2805,1.28685,652547.0625
2008-10-31 00:00:00,1.28715,1.2885,1.26675,1.273,566094.3125
2008-11-01 00:00:00,1.273,1.273,1.273,1.273,0.0
2008-11-02 00:00:00,1.27328,1.2783,1.27256,1.27711,16632.900390625
2008-11-03 00:00:00,1.27725,1.28985,1.2575,1.26135,724720.6875
2008-11-04 00:00:00,1.2615,1.3048,1.2525,1.2981,909200.3125
2008-11-05 00:00:00,1.2981,1.31145,1.27925,1.29135,865519.625
2008-11-06 00:00:00,1.29135,1.2932,1.26735,1.26875,819687.9375
2008-11-07 00:00:00,1.26875,1.285,1.2652,1.2711,739615.25
2008-11-08 00:00:00,1.2711,1.2711,1.2711,1.2711,0.0
2008-11-09 00:00:00,1.27612,1.2827,1.2713,1.2823,58397.8984375
2008-11-10 00:00:00,1.2823,1.2927,1.27175,1.2745,683097.625
2008-11-11 00:00:00,1.27455,1.28,1.2476,1.2511,640325.4375
2008-11-12 00:00:00,1.2511,1.2631,1.24365,1.2457,696354.8125
2008-11-13 00:00:00,1.2457,1.28525,1.2388,1.2786,491633.8125
2008-11-14 00:00:00,1.2786,1.2799,1.25765,1.25927,707743.375
2008-11-15 00:00:00,1.25927,1.25927,1.25927,1.25927,0.0
2008-11-16 00:00:00,1.25928,1.26035,1.25145,1.25215,103335.8515625
2008-11-17 00:00:00,1.25215,1.27415,1.25115,1.26405,616106.0625
2008-11-18 00:00:00,1.26415,1.27,1.25665,1.26345,695577.8125
2008-11-19 00:00:00,1.26345,1.2814,1.2472,1.2503,566431.9375
2008-11-20 00:00:00,1.2503,1.25935,1.2423,1.2438,557304.625
2008-11-21 00:00:00,1.2438,1.26375,1.24295,1.2582,584608.9375
2008-11-22 00:00:00,1.2582,1.2582,1.2582,1.2582,0.0
2008-11-23 00:00:00,1.2573,1.26535,1.25727,1.264,54371.30078125
2008-11-24 00:00:00,1.264,1.296,1.2567,1.29135,885193.125
2008-11-25 00:00:00,1.2914,1.3081,1.28035,1.303,725078.0625
2008-11-26 00:00:00,1.3031,1.30315,1.2819,1.28935,759981.25
2008-11-27 00:00:00,1.28945,1.2968,1.2859,1.28925,697413.875
2008-11-28 00:00:00,1.28925,1.2957,1.2645,1.26913,708614.4375
2008-11-29 00:00:00,1.26913,1.26913,1.26913,1.26913,0.0
2008-11-30 00:00:00,1.26949,1.27157,1.26676,1.26676,53084.94140625
2008-12-01 00:00:00,1.2667,1.27035,1.2581,1.2596,748071.375
2008-12-02 00:00:00,1.2596,1.27655,1.2562,1.2708,724955.5625
2008-12-03 00:00:00,1.27085,1.27415,1.2602,1.2704,823930.625
2008-12-04 00:00:00,1.2704,1.28475,1.2549,1.2773,844708.4375
2008-12-05 00:00:00,1.27725,1.2799,1.2627,1.27167,713587.75
2008-12-06 00:00:00,1.27167,1.27167,1.27167,1.27167,0.0
2008-12-07 00:00:00,1.26759,1.2734,1.26748,1.2729,48396.1015625
2008-12-08 00:00:00,1.2729,1.29675,1.27265,1.29125,811737.0625
2008-12-09 00:00:00,1.29125,1.30005,1.2798,1.2926,929368.25
2008-12-10 00:00:00,1.2926,1.307,1.29035,1.3013,999561.3125
2008-12-11 00:00:00,1.30125,1.3403,1.3005,1.33275,770447.5625
2008-12-12 00:00:00,1.33275,1.3415,1.32505,1.33575,509293.65625
2008-12-13 00:00:00,1.33575,1.33575,1.33575,1.33575,0.0
2008-12-14 00:00:00,1.33737,1.34535,1.33484,1.3442,61967.6015625
2008-12-15 00:00:00,1.3442,1.3726,1.343,1.3694,659072.9375
2008-12-16 00:00:00,1.3694,1.41475,1.363,1.4065,730008.0625
2008-12-17 00:00:00,1.4064,1.44365,1.4007,1.44055,628838.75
2008-12-18 00:00:00,1.44055,1.46925,1.41875,1.4293,477603.6875
2008-12-19 00:00:00,1.42915,1.43095,1.38265,1.39071,477163.1875
2008-12-20 00:00:00,1.39071,1.39071,1.39071,1.39071,0.0
2008-12-21 00:00:00,1.39055,1.39755,1.39045,1.39755,24817.400390625
2008-12-22 00:00:00,1.39755,1.41245,1.39025,1.39519,551357.75
2008-12-23 00:00:00,1.39519,1.4021,1.39135,1.3933,464167.34375
2008-12-24 00:00:00,1.39335,1.4019,1.3933,1.40008,298178.34375
2008-12-25 00:00:00,1.39997,1.40465,1.39757,1.40125,464419.34375
2008-12-26 00:00:00,1.4012,1.41155,1.39895,1.40215,130677.875
2008-12-27 00:00:00,1.40215,1.40215,1.40215,1.40215,0.0
2008-12-28 00:00:00,1.40552,1.41125,1.40444,1.4103,40992.0
2008-12-29 00:00:00,1.4104,1.43625,1.39165,1.40335,603020.4375
2008-12-30 00:00:00,1.40335,1.4221,1.3988,1.41395,515789.5625
2008-12-31 00:00:00,1.41395,1.41445,1.38505,1.39746,355075.53125
2009-01-01 00:00:00,1.39734,1.40707,1.396,1.39974,483112.84375
2009-01-02 00:00:00,1.40013,1.40255,1.38385,1.39162,404106.90625
2009-01-03 00:00:00,1.39162,1.39162,1.39162,1.39162,0.0
2009-01-04 00:00:00,1.3851,1.39595,1.38508,1.39575,42659.3984375
2009-01-05 00:00:00,1.39575,1.3961,1.35495,1.36365,547385.625
2009-01-06 00:00:00,1.3634,1.3637,1.3313,1.35045,639391.75
2009-01-07 00:00:00,1.3505,1.3747,1.3432,1.36135,742192.5
2009-01-08 00:00:00,1.36135,1.37965,1.35345,1.3696,742629.4375
2009-01-09 00:00:00,1.36975,1.37305,1.3415,1.34488,482369.5
2009-01-10 00:00:00,1.34488,1.34488,1.34488,1.34488,0.0
2009-01-11 00:00:00,1.3426,1.3483,1.3405,1.34155,66706.640625
2009-01-12 00:00:00,1.3416,1.34455,1.32938,1.3357,608021.5625
2009-01-13 00:00:00,1.33575,1.3358,1.31402,1.31985,721291.8125
2009-01-14 00:00:00,1.31995,1.3337,1.3094,1.32115,629166.5
2009-01-15 00:00:00,1.3211,1.3234,1.30247,1.31585,804170.0625
2009-01-16 00:00:00,1.31585,1.33425,1.31445,1.32693,686911.375
2009-01-17 00:00:00,1.32693,1.32693,1.32693,1.32693,0.0
2009-01-18 00:00:00,1.32868,1.33845,1.32594,1.3357,84667.703125
2009-01-19 00:00:00,1.33575,1.33805,1.30565,1.30925,612203.875
2009-01-20 00:00:00,1.30925,1.3102,1.2847,1.28825,618840.0
2009-01-21 00:00:00,1.28825,1.30855,1.28235,1.3,671035.375
2009-01-22 00:00:00,1.3,1.3082,1.29085,1.3004,572080.9375
2009-01-23 00:00:00,1.3004,1.30345,1.27675,1.29758,527027.6875
2009-01-24 00:00:00,1.29758,1.29758,1.29758,1.29758,0.0
2009-01-25 00:00:00,1.2982,1.29927,1.2878,1.28945,58470.76953125
2009-01-26 00:00:00,1.2894,1.32355,1.2861,1.3187,734996.3125
2009-01-27 00:00:00,1.31835,1.3329,1.31165,1.3214,757645.9375
2009-01-28 00:00:00,1.3214,1.3323,1.31015,1.31525,862882.4375
2009-01-29 00:00:00,1.3153,1.3179,1.29165,1.2937,769246.125
2009-01-30 00:00:00,1.2937,1.29415,1.27625,1.28227,744655.3125
2009-01-31 00:00:00,1.28227,1.28227,1.28227,1.28227,0.0
2009-02-01 00:00:00,1.28138,1.28158,1.27412,1.27495,78391.5
2009-02-02 00:00:00,1.27485,1.28985,1.27055,1.2813,648975.6875
2009-02-03 00:00:00,1.28115,1.30565,1.2801,1.30105,723181.375
2009-02-04 00:00:00,1.30105,1.30705,1.28125,1.28545,716988.9375
2009-02-05 00:00:00,1.28545,1.2905,1.27615,1.27885,683218.125
2009-02-06 00:00:00,1.27885,1.29925,1.2747,1.29212,614237.6875
2009-02-07 00:00:00,1.29212,1.29212,1.29212,1.29212,0.0
2009-02-08 00:00:00,1.29232,1.2986,1.29228,1.2958,76415.9609375
2009-02-09 00:00:00,1.2958,1.30925,1.2872,1.29605,846577.125
2009-02-10 00:00:00,1.296,1.30735,1.28095,1.29105,851000.1875
2009-02-11 00:00:00,1.2911,1.2998,1.2833,1.28655,758348.0
2009-02-12 00:00:00,1.28655,1.2943,1.2721,1.28825,711221.75
2009-02-13 00:00:00,1.2883,1.2942,1.2821,1.28602,497929.3125
2009-02-14 00:00:00,1.28602,1.28602,1.28602,1.28602,0.0
2009-02-15 00:00:00,1.28862,1.28905,1.27525,1.27905,101068.9609375
2009-02-16 00:00:00,1.27905,1.28245,1.27265,1.2797,550859.3125
2009-02-17 00:00:00,1.27975,1.27995,1.25575,1.25825,840829.9375
2009-02-18 00:00:00,1.25825,1.264,1.25125,1.25655,556075.9375
2009-02-19 00:00:00,1.25655,1.276,1.25565,1.26565,598060.8125
2009-02-20 00:00:00,1.2656,1.2879,1.25565,1.28182,699846.5
2009-02-21 00:00:00,1.28182,1.28182,1.28182,1.28182,0.0
2009-02-22 00:00:00,1.2832,1.28358,1.27603,1.2791,79750.3984375
2009-02-23 00:00:00,1.2791,1.29915,1.26645,1.267,1088380.375
2009-02-24 00:00:00,1.2671,1.28775,1.2662,1.287,992273.0625
2009-02-25 00:00:00,1.28705,1.28985,1.26895,1.2716,1119363.5
2009-02-26 00:00:00,1.2716,1.28105,1.2682,1.27175,657442.6875
2009-02-27 00:00:00,1.2717,1.275,1.2604,1.26677,696522.0625
2009-02-28 00:00:00,1.26677,1.26677,1.26677,1.26677,0.0
2009-03-01 00:00:00,1.26755,1.26758,1.2585,1.2589,91644.71875
2009-03-02 00:00:00,1.25915,1.2632,1.25385,1.25605,850354.9375
2009-03-03 00:00:00,1.25615,1.26775,1.2521,1.2528,874058.625
2009-03-04 00:00:00,1.2529,1.2663,1.2456,1.2633,883002.75
2009-03-05 00:00:00,1.2633,1.2639,1.24805,1.25445,713652.1875
2009-03-06 00:00:00,1.25445,1.27505,1.25375,1.26582,803165.0625
2009-03-07 00:00:00,1.26582,1.26582,1.26582,1.26582,0.0
2009-03-08 00:00:00,1.26345,1.27155,1.26337,1.2715,95047.828125
2009-03-09 00:00:00,1.2715,1.27265,1.25555,1.2618,1018979.3125
2009-03-10 00:00:00,1.26185,1.28215,1.26105,1.27145,1039687.0625
2009-03-11 00:00:00,1.27145,1.28645,1.2616,1.2805,1086459.25
2009-03-12 00:00:00,1.2805,1.29445,1.27315,1.2897,1032065.6875
2009-03-13 00:00:00,1.2897,1.2957,1.2862,1.29278,838616.9375
2009-03-14 00:00:00,1.29278,1.29278,1.29278,1.29278,0.0
2009-03-15 00:00:00,1.2926,1.29278,1.28375,1.28805,111945.703125
2009-03-16 00:00:00,1.2881,1.3071,1.2867,1.2974,1113758.25
2009-03-17 00:00:00,1.2973,1.3041,1.293,1.3032,767913.875
2009-03-18 00:00:00,1.30315,1.35345,1.2986,1.3487,979551.4375
2009-03-19 00:00:00,1.34865,1.37375,1.34165,1.36595,973669.625
2009-03-20 00:00:00,1.36595,1.3726,1.3517,1.35782,840869.9375
2009-03-21 00:00:00,1.35782,1.35782,1.35782,1.35782,0.0
2009-03-22 00:00:00,1.35785,1.3674,1.3559,1.36265,104322.9375
2009-03-23 00:00:00,1.36265,1.3736,1.3485,1.36175,740968.375
2009-03-24 00:00:00,1.36175,1.3678,1.34305,1.3481,1102403.75
2009-03-25 00:00:00,1.3481,1.36465,1.3418,1.3574,822079.875
2009-03-26 00:00:00,1.3574,1.36385,1.3494,1.3527,920529.0625
2009-03-27 00:00:00,1.3528,1.3591,1.32565,1.32852,688928.25
2009-03-28 00:00:00,1.32852,1.32852,1.32852,1.32852,0.0
2009-03-29 00:00:00,1.32885,1.32957,1.32105,1.3266,59230.59765625
2009-03-30 00:00:00,1.32665,1.328,1.3116,1.31875,679706.0
2009-03-31 00:00:00,1.3188,1.33425,1.31735,1.3256,758106.5
2009-04-01 00:00:00,1.32565,1.3286,1.31665,1.32435,686394.125
2009-04-02 00:00:00,1.32405,1.3517,1.324,1.3472,686199.75
2009-04-03 00:00:00,1.3472,1.3495,1.3365,1.34809,610215.25
2009-04-04 00:00:00,1.34809,1.34809,1.34809,1.34809,0.0
2009-04-05 00:00:00,1.34813,1.3552,1.34798,1.3535,66939.84375
2009-04-06 00:00:00,1.3535,1.35815,1.3322,1.3322,632651.375
2009-04-07 00:00:00,1.3322,1.3397,1.32265,1.3268,672255.0
2009-04-08 00:00:00,1.3268,1.33075,1.3148,1.3251,719821.75
2009-04-09 00:00:00,1.3251,1.33355,1.3097,1.3121,587616.5625
2009-04-10 00:00:00,1.312,1.31898,1.3092,1.3186,190374.40625
2009-04-11 00:00:00,1.3186,1.3186,1.3186,1.3186,0.0
2009-04-12 00:00:00,1.31842,1.3189,1.31515,1.31535,28228.80078125
2009-04-13 00:00:00,1.31535,1.33915,1.3127,1.3375,248680.625
2009-04-14 00:00:00,1.3375,1.3377,1.3226,1.32675,516724.9375
2009-04-15 00:00:00,1.32675,1.32975,1.3146,1.32215,613693.5625
2009-04-16 00:00:00,1.3223,1.3268,1.31265,1.31855,620866.25
2009-04-17 00:00:00,1.31845,1.3193,1.3017,1.30401,588757.375
2009-04-18 00:00:00,1.30401,1.30401,1.30401,1.30401,0.0
2009-04-19 00:00:00,1.30432,1.30684,1.3006,1.3007,45914.6015625
2009-04-20 00:00:00,1.30065,1.3018,1.2891,1.2904,548846.5625
2009-04-21 00:00:00,1.2904,1.29935,1.28965,1.29355,564519.5625
2009-04-22 00:00:00,1.2935,1.3037,1.28845,1.30075,595346.5
2009-04-23 00:00:00,1.30065,1.31605,1.29795,1.3125,541885.3125
2009-04-24 00:00:00,1.3125,1.3301,1.31125,1.324,546586.625
2009-04-25 00:00:00,1.324,1.324,1.324,1.324,0.0
2009-04-26 00:00:00,1.31513,1.32544,1.31512,1.32185,42118.8984375
2009-04-27 00:00:00,1.32185,1.32185,1.29985,1.3023,553640.6875
2009-04-28 00:00:00,1.3023,1.3166,1.29635,1.3131,490523.78125
2009-04-29 00:00:00,1.31305,1.3339,1.312,1.32655,480448.53125
2009-04-30 00:00:00,1.32655,1.33855,1.31905,1.3244,476323.90625
2009-05-01 00:00:00,1.32435,1.33275,1.3227,1.32717,322376.125
2009-05-02 00:00:00,1.32717,1.32717,1.32717,1.32717,0.0
2009-05-03 00:00:00,1.32725,1.32899,1.32485,1.32873,68438.3984375
2009-05-04 00:00:00,1.32872,1.34375,1.3212,1.3415,418689.96875
2009-05-05 00:00:00,1.34145,1.34355,1.3282,1.33035,409808.5625
2009-05-06 00:00:00,1.3303,1.33745,1.32455,1.33,501116.46875
2009-05-07 00:00:00,1.33,1.347,1.32515,1.3386,368673.0625
2009-05-08 00:00:00,1.33855,1.3653,1.33415,1.36334,378679.90625
2009-05-09 00:00:00,1.36334,1.36334,1.36334,1.36334,0.0
2009-05-10 00:00:00,1.36312,1.36638,1.36145,1.36315,31537.30078125
2009-05-11 00:00:00,1.36315,1.3667,1.3557,1.3584,598779.0
2009-05-12 00:00:00,1.35835,1.37075,1.35625,1.36765,783382.9375
2009-05-13 00:00:00,1.36765,1.3722,1.3534,1.354,612235.9375
2009-05-14 00:00:00,1.354,1.3665,1.35245,1.3631,442743.59375
2009-05-15 00:00:00,1.36305,1.365,1.3462,1.34939,399921.40625
2009-05-16 00:00:00,1.34939,1.34939,1.34939,1.34939,0.0
2009-05-17 00:00:00,1.34878,1.34937,1.3442,1.3453,44688.30078125
2009-05-18 00:00:00,1.3454,1.3563,1.3423,1.355,474748.5625
2009-05-19 00:00:00,1.355,1.3668,1.353,1.3643,510881.71875
2009-05-20 00:00:00,1.3642,1.3829,1.35835,1.3783,502459.53125
2009-05-21 00:00:00,1.3782,1.39405,1.3728,1.39405,544892.9375
2009-05-22 00:00:00,1.39405,1.405,1.38995,1.39954,630401.875
2009-05-23 00:00:00,1.39954,1.39954,1.39954,1.39954,0.0
2009-05-24 00:00:00,1.4,1.4048,1.39827,1.40255,31005.5
2009-05-25 00:00:00,1.4025,1.40275,1.39575,1.4009,390766.5625
2009-05-26 00:00:00,1.40085,1.4022,1.386,1.3992,830252.0625
2009-05-27 00:00:00,1.3992,1.3996,1.38223,1.38315,791618.0
2009-05-28 00:00:00,1.38315,1.3983,1.3793,1.39475,790822.75
2009-05-29 00:00:00,1.39475,1.41685,1.39425,1.41534,808376.25
2009-05-30 00:00:00,1.41534,1.41534,1.41534,1.41534,0.0
2009-05-31 00:00:00,1.41573,1.41678,1.41,1.41041,69044.7578125
2009-06-01 00:00:00,1.4105,1.4246,1.4099,1.41805,802773.1875
2009-06-02 00:00:00,1.418,1.4331,1.41015,1.42885,779902.0625
2009-06-03 00:00:00,1.4289,1.4337,1.41085,1.4142,824556.0625
2009-06-04 00:00:00,1.41415,1.4241,1.407,1.41675,956396.5625
2009-06-05 00:00:00,1.41675,1.42675,1.39325,1.39598,763198.375
2009-06-06 00:00:00,1.39598,1.39598,1.39598,1.39598,0.0
2009-06-07 00:00:00,1.39665,1.3977,1.39268,1.39745,55887.0
2009-06-08 00:00:00,1.39745,1.4002,1.3805,1.39285,829431.0625
2009-06-09 00:00:00,1.39285,1.4101,1.3852,1.4062,757557.5
2009-06-10 00:00:00,1.4062,1.41435,1.3915,1.3988,697572.9375
2009-06-11 00:00:00,1.39875,1.41715,1.3943,1.41245,672799.0
2009-06-12 00:00:00,1.4124,1.4127,1.3936,1.40119,706399.0
2009-06-13 00:00:00,1.40119,1.40119,1.40119,1.40119,0.0
2009-06-14 00:00:00,1.40142,1.40312,1.39661,1.39763,77697.71875
2009-06-15 00:00:00,1.3976,1.39814,1.37575,1.37737,204391.90625
2009-06-16 00:00:00,1.3775,1.39196,1.37484,1.38143,205342.5
2009-06-17 00:00:00,1.38138,1.39699,1.38107,1.39681,204404.40625
2009-06-18 00:00:00,1.39627,1.39897,1.38819,1.3908,204021.5
2009-06-19 00:00:00,1.39076,1.4012,1.3883,1.39374,331146.1875
2009-06-20 00:00:00,1.39374,1.39374,1.39374,1.39374,0.0
2009-06-21 00:00:00,1.39378,1.39617,1.39244,1.39355,18800.099609375
2009-06-22 00:00:00,1.39355,1.39355,1.3826,1.3849,550257.8125
2009-06-23 00:00:00,1.3849,1.4108,1.38285,1.4069,609682.1875
2009-06-24 00:00:00,1.4069,1.4138,1.38875,1.39415,574803.25
2009-06-25 00:00:00,1.39415,1.40117,1.38885,1.40092,543918.9375
2009-06-26 00:00:00,1.40086,1.4118,1.40066,1.40553,459420.0
2009-06-27 00:00:00,1.40553,1.40553,1.40553,1.40553,0.0
2009-06-28 00:00:00,1.40515,1.40765,1.40449,1.40695,36789.30859375
2009-06-29 00:00:00,1.40697,1.40703,1.40679,1.40691,448234.0625
2009-06-30 00:00:00,1.40978,1.40988,1.40962,1.4098,587896.8125
2009-07-01 00:00:00,1.40364,1.41993,1.39978,1.41447,82236.3984375
2009-07-02 00:00:00,1.41446,1.41488,1.39256,1.39596,81619.6015625
2009-07-03 00:00:00,1.39592,1.40282,1.39494,1.39638,77869.6015625
2009-07-04 00:00:00,1.39638,1.39638,1.39638,1.39638,0.0
2009-07-05 00:00:00,1.39591,1.39693,1.39485,1.39573,6363.2998046875
2009-07-06 00:00:00,1.39581,1.39977,1.38749,1.39914,81200.203125
2009-07-07 00:00:00,1.39913,1.40497,1.38853,1.38957,81738.203125
2009-07-08 00:00:00,1.38934,1.39391,1.38294,1.38615,81161.1015625
2009-07-09 00:00:00,1.38608,1.40722,1.38582,1.4009,81129.6015625
2009-07-10 00:00:00,1.40084,1.40116,1.38734,1.39312,76544.6015625
2009-07-11 00:00:00,1.39312,1.39312,1.39312,1.39312,0.0
2009-07-12 00:00:00,1.39364,1.39757,1.39361,1.39712,6687.7001953125
2009-07-13 00:00:00,1.39722,1.40038,1.38942,1.40015,81124.296875
2009-07-14 00:00:00,1.40032,1.40136,1.39084,1.39787,80232.0
2009-07-15 00:00:00,1.39786,1.41335,1.39662,1.40908,81178.203125
2009-07-16 00:00:00,1.40924,1.41648,1.40536,1.41309,80576.203125
2009-07-17 00:00:00,1.41314,1.41492,1.40599,1.40943,78090.296875
2009-07-18 00:00:00,1.40943,1.40943,1.40943,1.40943,0.0
2009-07-19 00:00:00,1.40953,1.41365,1.40904,1.41333,6395.7001953125
2009-07-20 00:00:00,1.41344,1.42494,1.41244,1.42075,80137.703125
2009-07-21 00:00:00,1.42071,1.4276,1.41601,1.41972,81553.0
2009-07-22 00:00:00,1.41967,1.42562,1.41529,1.42008,81721.3984375
2009-07-23 00:00:00,1.42013,1.42908,1.41181,1.41609,80922.6015625
2009-07-24 00:00:00,1.41614,1.42529,1.41337,1.42018,78244.3984375
2009-07-25 00:00:00,1.42018,1.42018,1.42018,1.42018,0.0
2009-07-26 00:00:00,1.42057,1.42316,1.41862,1.41913,6511.39990234375
2009-07-27 00:00:00,1.41919,1.42967,1.41692,1.4244,81008.5
2009-07-28 00:00:00,1.42448,1.43028,1.41277,1.41451,79819.703125
2009-07-29 00:00:00,1.41451,1.41949,1.40043,1.40137,80799.5
2009-07-30 00:00:00,1.40151,1.4094,1.40124,1.40831,82607.703125
2009-07-31 00:00:00,1.40831,1.42796,1.40759,1.4254,76927.0
2009-08-01 00:00:00,1.4254,1.4254,1.4254,1.4254,0.0
2009-08-02 00:00:00,1.42535,1.43084,1.42432,1.42873,6865.39990234375
2009-08-03 00:00:00,1.42866,1.44444,1.42025,1.44065,80742.796875
2009-08-04 00:00:00,1.44064,1.44295,1.43645,1.44147,81258.8984375
2009-08-05 00:00:00,1.44135,1.44469,1.4354,1.4408,80830.296875
2009-08-06 00:00:00,1.44085,1.44284,1.43261,1.43683,82235.0
2009-08-07 00:00:00,1.43695,1.44111,1.41533,1.41875,78773.1015625
2009-08-08 00:00:00,1.41875,1.41875,1.41875,1.41875,0.0
2009-08-09 00:00:00,1.41828,1.41976,1.41646,1.41917,6833.89990234375
2009-08-10 00:00:00,1.41913,1.42177,1.41014,1.41289,81771.296875
2009-08-11 00:00:00,1.41287,1.41849,1.41066,1.41507,82407.3984375
2009-08-12 00:00:00,1.41485,1.42463,1.40827,1.42157,80571.0
2009-08-13 00:00:00,1.42154,1.43264,1.42063,1.42718,82381.6015625
2009-08-14 00:00:00,1.42724,1.43058,1.41561,1.42024,78105.1015625
2009-08-15 00:00:00,1.42024,1.42024,1.42024,1.42024,0.0
2009-08-16 00:00:00,1.41972,1.41972,1.41666,1.41677,6464.7001953125
2009-08-17 00:00:00,1.41661,1.41694,1.4044,1.41055,81594.203125
2009-08-18 00:00:00,1.41071,1.41529,1.40657,1.41271,78041.296875
2009-08-19 00:00:00,1.41405,1.42656,1.40804,1.42475,75015.6015625
2009-08-20 00:00:00,1.42488,1.42738,1.41999,1.42532,80919.6015625
2009-08-21 00:00:00,1.42533,1.43776,1.42043,1.43206,77762.796875
2009-08-22 00:00:00,1.43206,1.43206,1.43206,1.43206,0.0
2009-08-23 00:00:00,1.43253,1.43478,1.43253,1.43381,6819.2001953125
2009-08-24 00:00:00,1.43386,1.43572,1.42775,1.4288,81795.3984375
2009-08-25 00:00:00,1.42943,1.43609,1.42496,1.42862,81269.8984375
2009-08-26 00:00:00,1.42828,1.43508,1.42026,1.42332,82141.1015625
2009-08-27 00:00:00,1.4236,1.44054,1.42157,1.43704,81915.796875
2009-08-28 00:00:00,1.43715,1.43884,1.4279,1.42966,79220.1015625
2009-08-29 00:00:00,1.42966,1.42966,1.42966,1.42966,0.0
2009-08-30 00:00:00,1.43009,1.43187,1.42804,1.43039,6336.2998046875
2009-08-31 00:00:00,1.43034,1.43685,1.42531,1.43349,81950.3984375
2009-09-01 00:00:00,1.43345,1.4378,1.41741,1.4206,81116.6015625
2009-09-02 00:00:00,1.42067,1.42937,1.41868,1.4269,81895.8984375
2009-09-03 00:00:00,1.42712,1.43466,1.42338,1.42557,81797.5
2009-09-04 00:00:00,1.42552,1.43252,1.41894,1.42923,78690.203125
2009-09-05 00:00:00,1.42923,1.42923,1.42923,1.42923,0.0
2009-09-06 00:00:00,1.42972,1.43208,1.4295,1.43207,6309.0
2009-09-07 00:00:00,1.43208,1.4362,1.43142,1.43335,81300.296875
2009-09-08 00:00:00,1.43324,1.45351,1.4326,1.45002,81540.6015625
2009-09-09 00:00:00,1.44998,1.4598,1.44631,1.45472,81195.703125
2009-09-10 00:00:00,1.45478,1.46103,1.45007,1.458,81101.1015625
2009-09-11 00:00:00,1.45811,1.46317,1.45527,1.45635,76839.796875
2009-09-12 00:00:00,1.45635,1.45635,1.45635,1.45635,0.0
2009-09-13 00:00:00,1.45681,1.46067,1.45675,1.45764,7311.5
2009-09-14 00:00:00,1.45755,1.46516,1.45121,1.46387,80767.296875
2009-09-15 00:00:00,1.46373,1.4685,1.45597,1.4669,80772.1015625
2009-09-16 00:00:00,1.46675,1.47353,1.46429,1.47075,80746.203125
2009-09-17 00:00:00,1.47084,1.47654,1.46853,1.47295,80685.203125
2009-09-18 00:00:00,1.47305,1.47367,1.46455,1.47145,78837.3984375
2009-09-19 00:00:00,1.47145,1.47145,1.47145,1.47145,0.0
2009-09-20 00:00:00,1.471,1.471,1.46794,1.47027,6384.0
2009-09-21 00:00:00,1.47035,1.47121,1.46082,1.46819,81694.296875
2009-09-22 00:00:00,1.46815,1.48383,1.46807,1.48078,81228.203125
2009-09-23 00:00:00,1.48084,1.48421,1.46852,1.47258,81990.0
2009-09-24 00:00:00,1.47261,1.48026,1.46205,1.46481,81445.203125
2009-09-25 00:00:00,1.46494,1.47234,1.46114,1.46915,77354.1015625
2009-09-26 00:00:00,1.46915,1.46915,1.46915,1.46915,0.0
2009-09-27 00:00:00,1.4696,1.47197,1.46823,1.47082,6430.7001953125
2009-09-28 00:00:00,1.47071,1.4711,1.45593,1.46193,80859.796875
2009-09-29 00:00:00,1.46198,1.46455,1.45246,1.45917,81056.203125
2009-09-30 00:00:00,1.45924,1.46728,1.45723,1.46502,80730.796875
2009-10-01 00:00:00,1.46504,1.46668,1.45084,1.4514,80660.796875
2009-10-02 00:00:00,1.45138,1.46467,1.44792,1.45703,76453.8984375
2009-10-03 00:00:00,1.45703,1.45703,1.45703,1.45703,0.0
2009-10-04 00:00:00,1.45773,1.46127,1.45772,1.45964,6833.7001953125
2009-10-05 00:00:00,1.45953,1.46685,1.45908,1.46558,80719.703125
2009-10-06 00:00:00,1.46563,1.47612,1.46541,1.47193,81330.0
2009-10-07 00:00:00,1.47205,1.47361,1.4648,1.47131,81895.203125
2009-10-08 00:00:00,1.47125,1.4816,1.47026,1.47717,80730.3984375
2009-10-09 00:00:00,1.47706,1.47759,1.46721,1.47285,78595.296875
2009-10-10 00:00:00,1.47285,1.47285,1.47285,1.47285,0.0
2009-10-11 00:00:00,1.4724,1.47412,1.47133,1.4718,6489.60009765625
2009-10-12 00:00:00,1.47194,1.48127,1.46751,1.47913,80912.703125
2009-10-13 00:00:00,1.4791,1.48756,1.47575,1.48491,82458.3984375
2009-10-14 00:00:00,1.48471,1.49443,1.48371,1.49319,80547.0
2009-10-15 00:00:00,1.49323,1.49687,1.48412,1.49529,82102.1015625
2009-10-16 00:00:00,1.49535,1.4966,1.48463,1.49055,78533.1015625
2009-10-17 00:00:00,1.49055,1.49055,1.49055,1.49055,0.0
2009-10-18 00:00:00,1.49047,1.49178,1.48787,1.48941,6513.2998046875
2009-10-19 00:00:00,1.48938,1.49801,1.48301,1.49663,81251.8984375
2009-10-20 00:00:00,1.49658,1.4994,1.48806,1.49295,79091.796875
2009-10-21 00:00:00,1.49298,1.50456,1.48846,1.50121,79731.203125
2009-10-22 00:00:00,1.50138,1.5042,1.49413,1.50371,80550.796875
2009-10-23 00:00:00,1.50378,1.5059,1.4983,1.49951,75106.796875
2009-10-24 00:00:00,1.49951,1.49951,1.49951,1.49951,0.0
2009-10-25 00:00:00,1.49934,1.50107,1.49823,1.49878,6588.2998046875
2009-10-26 00:00:00,1.49883,1.506,1.4842,1.48559,79807.703125
2009-10-27 00:00:00,1.48567,1.4926,1.4766,1.48179,79106.6015625
2009-10-28 00:00:00,1.48186,1.48405,1.46888,1.47149,79558.796875
2009-10-29 00:00:00,1.4714,1.48582,1.46836,1.48373,80703.203125
2009-10-30 00:00:00,1.48383,1.48585,1.47003,1.47295,77442.203125
2009-10-31 00:00:00,1.47295,1.47295,1.47295,1.47295,0.0
2009-11-01 00:00:00,1.47243,1.47411,1.46814,1.47035,6447.2001953125
2009-11-02 00:00:00,1.47037,1.48445,1.47037,1.47705,79677.0
2009-11-03 00:00:00,1.47704,1.48088,1.46235,1.47284,79664.796875
2009-11-04 00:00:00,1.47288,1.49069,1.47003,1.48659,80226.3984375
2009-11-05 00:00:00,1.48655,1.49166,1.48067,1.48748,80436.8984375
2009-11-06 00:00:00,1.48753,1.49138,1.48102,1.48454,76990.5
2009-11-07 00:00:00,1.48454,1.48454,1.48454,1.48454,0.0
2009-11-08 00:00:00,1.48499,1.48866,1.48495,1.48649,6684.39990234375
2009-11-09 00:00:00,1.48644,1.50197,1.485,1.50037,80265.8984375
2009-11-10 00:00:00,1.50034,1.50206,1.49357,1.499,80268.1015625
2009-11-11 00:00:00,1.49904,1.50495,1.49498,1.49817,79514.703125
2009-11-12 00:00:00,1.49808,1.50149,1.48201,1.48542,79219.3984375
2009-11-13 00:00:00,1.48541,1.4935,1.48231,1.48991,76291.203125
2009-11-14 00:00:00,1.48991,1.48991,1.48991,1.48991,0.0
2009-11-15 00:00:00,1.49027,1.49573,1.49019,1.49558,6493.39990234375
2009-11-16 00:00:00,1.49555,1.50148,1.48805,1.49783,79823.203125
2009-11-17 00:00:00,1.49815,1.49984,1.48048,1.48741,79442.3984375
2009-11-18 00:00:00,1.48727,1.49896,1.48661,1.49524,79442.3984375
2009-11-19 00:00:00,1.49542,1.49552,1.48395,1.49129,80232.0
2009-11-20 00:00:00,1.49115,1.49347,1.47998,1.48595,76921.0
2009-11-21 00:00:00,1.48595,1.48595,1.48595,1.48595,0.0
2009-11-22 00:00:00,1.48625,1.48699,1.48313,1.48664,6145.10009765625
2009-11-23 00:00:00,1.48665,1.49977,1.48654,1.49528,79850.1015625
2009-11-24 00:00:00,1.49533,1.49887,1.48859,1.49652,79005.0
2009-11-25 00:00:00,1.49645,1.51441,1.4959,1.51252,79469.546875
2009-11-26 00:00:00,1.51257,1.51381,1.49404,1.49682,79117.9609375
2009-11-27 00:00:00,1.49653,1.49985,1.48264,1.49853,76688.1015625
2009-11-28 00:00:00,1.49853,1.49853,1.49853,1.49853,0.0
2009-11-29 00:00:00,1.49897,1.50284,1.4962,1.49943,6202.2998046875
2009-11-30 00:00:00,1.49931,1.50825,1.49702,1.50343,79568.3984375
2009-12-01 00:00:00,1.50351,1.51194,1.49719,1.50885,79048.1015625
2009-12-02 00:00:00,1.50881,1.51096,1.5029,1.50635,80282.5
2009-12-03 00:00:00,1.50638,1.51398,1.50344,1.5061,78852.6015625
2009-12-04 00:00:00,1.50618,1.50911,1.48188,1.48547,75649.5
2009-12-05 00:00:00,1.48547,1.48547,1.48547,1.48547,0.0
2009-12-06 00:00:00,1.48536,1.48729,1.48455,1.48695,6848.89990234375
2009-12-07 00:00:00,1.48705,1.49042,1.47535,1.48371,79311.703125
2009-12-08 00:00:00,1.48353,1.48652,1.46699,1.46909,79617.296875
2009-12-09 00:00:00,1.46904,1.47809,1.46717,1.47346,80040.296875
2009-12-10 00:00:00,1.47356,1.47597,1.46827,1.47275,78473.0
2009-12-11 00:00:00,1.47285,1.47758,1.45845,1.46066,76777.796875
2009-12-12 00:00:00,1.46066,1.46066,1.46066,1.46066,0.0
2009-12-13 00:00:00,1.46105,1.46325,1.45955,1.46217,6858.5
2009-12-14 00:00:00,1.46211,1.46848,1.46042,1.46558,80084.6015625
2009-12-15 00:00:00,1.46563,1.46581,1.45011,1.45383,79782.3984375
2009-12-16 00:00:00,1.45398,1.45903,1.45023,1.45219,79353.703125
2009-12-17 00:00:00,1.45204,1.45306,1.43035,1.43427,80870.1015625
2009-12-18 00:00:00,1.43429,1.44105,1.42582,1.43364,77342.8984375
2009-12-19 00:00:00,1.43364,1.43364,1.43364,1.43364,0.0
2009-12-20 00:00:00,1.43306,1.43376,1.42913,1.43301,6611.39990234375
2009-12-21 00:00:00,1.43301,1.43727,1.42636,1.42834,80092.1015625
2009-12-22 00:00:00,1.42838,1.4332,1.42149,1.42518,79824.296875
2009-12-23 00:00:00,1.42514,1.43646,1.42315,1.43328,81283.703125
2009-12-24 00:00:00,1.43331,1.4418,1.43278,1.43767,79324.8984375
2009-12-25 00:00:00,1.43761,1.44365,1.43558,1.43772,75390.5
2009-12-26 00:00:00,1.43772,1.43772,1.43772,1.43772,0.0
2009-12-27 00:00:00,1.43776,1.43997,1.43564,1.43724,6643.5
2009-12-28 00:00:00,1.43726,1.44138,1.43505,1.43719,80112.296875
2009-12-29 00:00:00,1.43723,1.44572,1.43311,1.43386,80661.3984375
2009-12-30 00:00:00,1.43397,1.43606,1.42694,1.43384,79295.296875
2009-12-31 00:00:00,1.43377,1.444,1.43025,1.43283,79605.796875
2010-01-01 00:00:00,1.43283,1.43356,1.43181,1.43335,76787.3984375
2010-01-02 00:00:00,1.43335,1.43335,1.43335,1.43335,0.0
2010-01-03 00:00:00,1.43295,1.43359,1.4291,1.43141,6331.2998046875
2010-01-04 00:00:00,1.43143,1.44556,1.42559,1.44244,80019.3984375
2010-01-05 00:00:00,1.44238,1.44834,1.43445,1.43634,79887.1015625
2010-01-06 00:00:00,1.43638,1.44342,1.42807,1.44005,80971.796875
2010-01-07 00:00:00,1.44008,1.44432,1.42976,1.43155,80807.5
2010-01-08 00:00:00,1.43164,1.44382,1.42616,1.44083,76152.3984375
2010-01-09 00:00:00,1.44083,1.44083,1.44083,1.44083,0.0
2010-01-10 00:00:00,1.44123,1.44761,1.44049,1.44631,6299.39990234375
2010-01-11 00:00:00,1.44631,1.45539,1.44614,1.45063,80141.203125
2010-01-12 00:00:00,1.45064,1.45479,1.44507,1.4475,79495.1015625
2010-01-13 00:00:00,1.44751,1.45797,1.4455,1.45215,80513.703125
2010-01-14 00:00:00,1.45209,1.45546,1.4445,1.44982,79970.703125
2010-01-15 00:00:00,1.44974,1.45023,1.43347,1.43849,76228.203125
2010-01-16 00:00:00,1.43849,1.43849,1.43849,1.43849,0.0
2010-01-17 00:00:00,1.43814,1.43814,1.43335,1.43665,6627.7001953125
2010-01-18 00:00:00,1.43665,1.4407,1.43325,1.44039,80160.8984375
2010-01-19 00:00:00,1.44025,1.44124,1.42498,1.42788,79005.1015625
2010-01-20 00:00:00,1.42796,1.42877,1.4078,1.41119,80300.5
2010-01-21 00:00:00,1.41115,1.41422,1.40247,1.40979,78980.1015625
2010-01-22 00:00:00,1.40977,1.41805,1.40837,1.41361,76660.296875
2010-01-23 00:00:00,1.41361,1.41361,1.41361,1.41361,0.0
2010-01-24 00:00:00,1.41409,1.41705,1.41396,1.41517,6676.39990234375
2010-01-25 00:00:00,1.41498,1.41939,1.41248,1.41458,79577.203125
2010-01-26 00:00:00,1.41454,1.4178,1.40397,1.40808,79232.6015625
2010-01-27 00:00:00,1.40804,1.40957,1.39944,1.4028,79686.703125
2010-01-28 00:00:00,1.40274,1.40516,1.39454,1.3962,79625.5
2010-01-29 00:00:00,1.39604,1.39861,1.38589,1.38605,74382.1015625
2010-01-30 00:00:00,1.38605,1.38605,1.38605,1.38605,0.0
2010-01-31 00:00:00,1.38565,1.38817,1.38511,1.38732,6726.5
2010-02-01 00:00:00,1.38724,1.39366,1.38501,1.392,80121.6015625
2010-02-02 00:00:00,1.39203,1.39756,1.3883,1.39737,80001.703125
2010-02-03 00:00:00,1.39741,1.40247,1.38803,1.38969,80279.703125
2010-02-04 00:00:00,1.38951,1.39022,1.37121,1.37395,79771.203125
2010-02-05 00:00:00,1.37411,1.37448,1.35816,1.36763,75829.5
2010-02-06 00:00:00,1.36763,1.36763,1.36763,1.36763,0.0
2010-02-07 00:00:00,1.36815,1.37025,1.36282,1.36409,6658.89990234375
2010-02-08 00:00:00,1.36421,1.37128,1.36195,1.36539,79780.5
2010-02-09 00:00:00,1.3654,1.38385,1.36456,1.37809,78892.8984375
2010-02-10 00:00:00,1.378,1.38112,1.36747,1.37467,80856.796875
2010-02-11 00:00:00,1.37449,1.37999,1.3593,1.36857,79712.5
2010-02-12 00:00:00,1.36865,1.3688,1.35276,1.36305,76504.203125
2010-02-13 00:00:00,1.36305,1.36305,1.36305,1.36305,0.0
2010-02-14 00:00:00,1.36257,1.36257,1.35983,1.3622,6248.39990234375
2010-02-15 00:00:00,1.36219,1.36323,1.35767,1.35966,79982.5
2010-02-16 00:00:00,1.35964,1.37778,1.35872,1.37605,80744.703125
2010-02-17 00:00:00,1.37601,1.37892,1.35834,1.36065,80313.6015625
2010-02-18 00:00:00,1.36079,1.36529,1.34431,1.34587,81205.5
2010-02-19 00:00:00,1.34618,1.36172,1.34525,1.36082,76576.6015625
2010-02-20 00:00:00,1.36082,1.36082,1.36082,1.36082,0.0
2010-02-21 00:00:00,1.3613,1.36477,1.35993,1.36278,6731.2001953125
2010-02-22 00:00:00,1.36284,1.36534,1.35723,1.36045,79886.203125
2010-02-23 00:00:00,1.36048,1.36917,1.3495,1.35227,80612.296875
2010-02-24 00:00:00,1.35231,1.36253,1.34995,1.35389,80248.1015625
2010-02-25 00:00:00,1.35381,1.35696,1.34484,1.35353,81211.703125
2010-02-26 00:00:00,1.35358,1.36825,1.3532,1.3628,75635.703125
2010-02-27 00:00:00,1.3628,1.3628,1.3628,1.3628,0.0
2010-02-28 00:00:00,1.36332,1.36515,1.36134,1.3637,6825.7001953125
2010-03-01 00:00:00,1.36385,1.36538,1.34589,1.35588,80245.8984375
2010-03-02 00:00:00,1.35597,1.36207,1.34345,1.36192,80341.3984375
2010-03-03 00:00:00,1.36185,1.37356,1.35898,1.36999,80384.703125
2010-03-04 00:00:00,1.37003,1.37108,1.35504,1.3581,80287.703125
2010-03-05 00:00:00,1.35807,1.36297,1.35288,1.36222,75827.6015625
2010-03-06 00:00:00,1.36222,1.36222,1.36222,1.36222,0.0
2010-03-07 00:00:00,1.36229,1.36452,1.36223,1.3635,6593.7001953125
2010-03-08 00:00:00,1.36353,1.37038,1.36038,1.36147,79508.8984375
2010-03-09 00:00:00,1.36148,1.36348,1.35337,1.36046,79334.5
2010-03-10 00:00:00,1.36051,1.36795,1.35416,1.36408,80078.796875
2010-03-11 00:00:00,1.36424,1.36862,1.36175,1.3681,80046.0
2010-03-12 00:00:00,1.36804,1.37981,1.36671,1.37653,75758.3984375
2010-03-13 00:00:00,1.37653,1.37653,1.37653,1.37653,0.0
2010-03-14 00:00:00,1.37699,1.37778,1.3756,1.37712,6702.2998046875
2010-03-15 00:00:00,1.37714,1.37738,1.36382,1.36737,79949.1015625
2010-03-16 00:00:00,1.36734,1.37808,1.36549,1.37663,79907.203125
2010-03-17 00:00:00,1.37664,1.38171,1.37232,1.37344,79646.1015625
2010-03-18 00:00:00,1.37371,1.37387,1.35826,1.36089,79865.796875
2010-03-19 00:00:00,1.36081,1.36269,1.34997,1.35292,76481.8984375
2010-03-20 00:00:00,1.35292,1.35292,1.35292,1.35292,0.0
2010-03-21 00:00:00,1.3534,1.35387,1.35093,1.3512,6702.89990234375
2010-03-22 00:00:00,1.35124,1.35678,1.34606,1.35661,79707.203125
2010-03-23 00:00:00,1.35665,1.35679,1.34584,1.34668,80365.8984375
2010-03-24 00:00:00,1.34673,1.34855,1.33017,1.3327,79312.8984375
2010-03-25 00:00:00,1.33283,1.33881,1.32658,1.33038,79829.5
2010-03-26 00:00:00,1.33043,1.34246,1.32984,1.34072,76893.203125
2010-03-27 00:00:00,1.34072,1.34072,1.34072,1.34072,0.0
2010-03-28 00:00:00,1.34147,1.34903,1.34147,1.34441,6284.7998046875
2010-03-29 00:00:00,1.34453,1.35051,1.34149,1.34878,80549.203125
2010-03-30 00:00:00,1.34893,1.35348,1.33931,1.34315,79235.0
2010-03-31 00:00:00,1.34323,1.35475,1.33819,1.35257,79039.296875
2010-04-01 00:00:00,1.35253,1.35904,1.34575,1.35869,79351.3984375
2010-04-02 00:00:00,1.35867,1.35881,1.34713,1.35014,76538.296875
2010-04-03 00:00:00,1.35014,1.35014,1.35014,1.35014,0.0
2010-04-04 00:00:00,1.3497,1.35016,1.3479,1.34931,6172.5
2010-04-05 00:00:00,1.34942,1.3538,1.34562,1.34677,79694.1015625
2010-04-06 00:00:00,1.34685,1.34685,1.33536,1.33811,79114.0
2010-04-07 00:00:00,1.33807,1.34018,1.33201,1.33298,80148.0
2010-04-08 00:00:00,1.33297,1.33815,1.32786,1.33733,79518.296875
2010-04-09 00:00:00,1.33736,1.35008,1.33363,1.34985,77092.6015625
2010-04-10 00:00:00,1.34985,1.34985,1.34985,1.34985,0.0
2010-04-11 00:00:00,1.3529,1.36742,1.3529,1.36535,6331.7001953125
2010-04-12 00:00:00,1.36548,1.36905,1.35637,1.35854,79740.796875
2010-04-13 00:00:00,1.35857,1.36265,1.35437,1.36133,79809.6015625
2010-04-14 00:00:00,1.36131,1.36794,1.35929,1.36535,79648.5
2010-04-15 00:00:00,1.36538,1.36657,1.35169,1.35628,79709.5
2010-04-16 00:00:00,1.35624,1.35637,1.34703,1.35018,75080.0
2010-04-17 00:00:00,1.35018,1.35018,1.35018,1.35018,0.0
2010-04-18 00:00:00,1.3497,1.3497,1.34633,1.34752,6471.2001953125
2010-04-19 00:00:00,1.34743,1.34946,1.34124,1.34831,79921.6015625
2010-04-20 00:00:00,1.34838,1.35222,1.34154,1.34216,80339.703125
2010-04-21 00:00:00,1.34214,1.34495,1.33561,1.33863,79505.796875
2010-04-22 00:00:00,1.33864,1.34209,1.32014,1.32217,79140.0
2010-04-23 00:00:00,1.32214,1.33995,1.3202,1.33831,74198.703125
2010-04-24 00:00:00,1.33831,1.33831,1.33831,1.33831,0.0
2010-04-25 00:00:00,1.33773,1.33773,1.33313,1.33611,6478.39990234375
2010-04-26 00:00:00,1.33618,1.34131,1.32892,1.33915,79959.6015625
2010-04-27 00:00:00,1.33938,1.33942,1.31419,1.31765,79250.1015625
2010-04-28 00:00:00,1.31768,1.32654,1.31117,1.31958,79713.296875
2010-04-29 00:00:00,1.31954,1.32773,1.31819,1.32497,80590.0
2010-04-30 00:00:00,1.32494,1.33418,1.32222,1.3289,75445.3984375
2010-05-01 00:00:00,1.3289,1.3289,1.3289,1.3289,0.0
2010-05-02 00:00:00,1.32974,1.33586,1.32974,1.33112,6780.60009765625
2010-05-03 00:00:00,1.33117,1.33131,1.31498,1.31949,79742.5
2010-05-04 00:00:00,1.31935,1.3213,1.29598,1.29769,79867.796875
2010-05-05 00:00:00,1.29762,1.29952,1.27847,1.28115,80865.6015625
2010-05-06 00:00:00,1.28107,1.28539,1.25187,1.26529,80785.8984375
2010-05-07 00:00:00,1.26525,1.27974,1.25836,1.27515,77491.8984375
2010-05-08 00:00:00,1.27515,1.27515,1.27515,1.27515,0.0
2010-05-09 00:00:00,1.27799,1.29481,1.27799,1.28687,6678.39990234375
2010-05-10 00:00:00,1.28673,1.30918,1.27206,1.27358,79935.8984375
2010-05-11 00:00:00,1.27355,1.27996,1.26141,1.26387,79840.796875
2010-05-12 00:00:00,1.26385,1.27395,1.26032,1.26434,80616.0
2010-05-13 00:00:00,1.26432,1.26833,1.25135,1.25288,79803.703125
2010-05-14 00:00:00,1.25276,1.25756,1.23522,1.23583,76709.796875
2010-05-15 00:00:00,1.23583,1.23583,1.23583,1.23583,0.0
2010-05-16 00:00:00,1.23537,1.2371,1.23373,1.23553,6332.7001953125
2010-05-17 00:00:00,1.23545,1.24134,1.22373,1.23813,80001.1015625
2010-05-18 00:00:00,1.23823,1.24436,1.21444,1.21457,80287.703125
2010-05-19 00:00:00,1.21435,1.24304,1.21429,1.23839,80218.3984375
2010-05-20 00:00:00,1.23837,1.25969,1.22951,1.25375,79799.6015625
2010-05-21 00:00:00,1.25385,1.26704,1.24689,1.25727,77261.3984375
2010-05-22 00:00:00,1.25727,1.25727,1.25727,1.25727,0.0
2010-05-23 00:00:00,1.25667,1.25667,1.25059,1.25109,6348.2001953125
2010-05-24 00:00:00,1.25108,1.25374,1.2329,1.23379,80293.296875
2010-05-25 00:00:00,1.23378,1.2387,1.21747,1.23315,80083.6015625
2010-05-26 00:00:00,1.23294,1.23433,1.21498,1.21814,80691.5
2010-05-27 00:00:00,1.21814,1.23936,1.21795,1.23653,80214.5
2010-05-28 00:00:00,1.23658,1.24518,1.22612,1.22789,76099.796875
2010-05-29 00:00:00,1.22789,1.22789,1.22789,1.22789,0.0
2010-05-30 00:00:00,1.22748,1.22923,1.22568,1.22874,6477.89990234375
2010-05-31 00:00:00,1.22872,1.23335,1.22648,1.22701,79661.796875
2010-06-01 00:00:00,1.22701,1.23521,1.2108,1.22444,80668.3984375
2010-06-02 00:00:00,1.22451,1.22718,1.21741,1.22486,81010.203125
2010-06-03 00:00:00,1.22494,1.23263,1.21492,1.21745,79464.8984375
2010-06-04 00:00:00,1.21773,1.22146,1.19536,1.1965,75953.5
2010-06-05 00:00:00,1.1965,1.1965,1.1965,1.1965,0.0
2010-06-06 00:00:00,1.19602,1.19649,1.19221,1.19281,6752.0
2010-06-07 00:00:00,1.19291,1.19908,1.18746,1.19208,80345.203125
2010-06-08 00:00:00,1.19208,1.20093,1.18989,1.19554,80610.0
2010-06-09 00:00:00,1.19554,1.20728,1.19198,1.19872,79380.1015625
2010-06-10 00:00:00,1.19878,1.21415,1.19543,1.213,79920.203125
2010-06-11 00:00:00,1.21294,1.21526,1.2044,1.21099,75877.796875
2010-06-12 00:00:00,1.21099,1.21099,1.21099,1.21099,0.0
2010-06-13 00:00:00,1.21157,1.22059,1.2112,1.2203,6876.2998046875
2010-06-14 00:00:00,1.22035,1.22997,1.21596,1.22102,79855.796875
2010-06-15 00:00:00,1.22086,1.23494,1.21628,1.23134,81652.796875
2010-06-16 00:00:00,1.23126,1.23517,1.22518,1.22979,80372.703125
2010-06-17 00:00:00,1.22983,1.24141,1.22393,1.23857,79837.703125
2010-06-18 00:00:00,1.2384,1.24153,1.23504,1.23882,77218.796875
2010-06-19 00:00:00,1.23882,1.23882,1.23882,1.23882,0.0
2010-06-20 00:00:00,1.23952,1.2466,1.23952,1.24138,6564.10009765625
2010-06-21 00:00:00,1.24146,1.24659,1.23008,1.23208,79708.8984375
2010-06-22 00:00:00,1.23184,1.235,1.22506,1.22633,80662.8984375
2010-06-23 00:00:00,1.22642,1.23438,1.22074,1.23052,81030.3984375
2010-06-24 00:00:00,1.23049,1.23872,1.22583,1.23349,79901.796875
2010-06-25 00:00:00,1.23347,1.23934,1.22504,1.23753,77424.8984375
2010-06-26 00:00:00,1.23753,1.23753,1.23753,1.23753,0.0
2010-06-27 00:00:00,1.23714,1.23862,1.23659,1.23857,6599.39990234375
2010-06-28 00:00:00,1.2383,1.23974,1.22631,1.22841,80286.5
2010-06-29 00:00:00,1.2286,1.22904,1.21485,1.21844,79777.8984375
2010-06-30 00:00:00,1.2183,1.23032,1.21634,1.2227,80531.703125
2010-07-01 00:00:00,1.22257,1.2538,1.21914,1.25089,81629.6015625
2010-07-02 00:00:00,1.25105,1.26106,1.24794,1.25503,77721.8984375
2010-07-03 00:00:00,1.25503,1.25503,1.25503,1.25503,0.0
2010-07-04 00:00:00,1.25547,1.25647,1.25401,1.25453,6410.89990234375
2010-07-05 00:00:00,1.25458,1.25568,1.25004,1.25072,80435.0
2010-07-06 00:00:00,1.25061,1.26617,1.24783,1.26212,79362.5
2010-07-07 00:00:00,1.26209,1.26638,1.25516,1.26229,80065.0
2010-07-08 00:00:00,1.26228,1.27107,1.26216,1.2688,80460.203125
2010-07-09 00:00:00,1.26876,1.27213,1.26079,1.26391,75170.296875
2010-07-10 00:00:00,1.26391,1.26391,1.26391,1.26391,0.0
2010-07-11 00:00:00,1.26356,1.26465,1.26228,1.26373,6827.2001953125
2010-07-12 00:00:00,1.26364,1.2644,1.25477,1.26011,80048.0
2010-07-13 00:00:00,1.26021,1.27373,1.25216,1.27179,80015.296875
2010-07-14 00:00:00,1.27174,1.27778,1.26807,1.27328,79581.203125
2010-07-15 00:00:00,1.27311,1.29546,1.27066,1.29175,80170.203125
2010-07-16 00:00:00,1.29172,1.30056,1.28867,1.29273,75389.296875
2010-07-17 00:00:00,1.29273,1.29273,1.29273,1.29273,0.0
2010-07-18 00:00:00,1.29231,1.29231,1.28855,1.28878,6779.2998046875
2010-07-19 00:00:00,1.28884,1.29908,1.28675,1.29366,80410.6015625
2010-07-20 00:00:00,1.29361,1.30272,1.28377,1.29042,79723.8984375
2010-07-21 00:00:00,1.29048,1.2912,1.27293,1.27586,80486.203125
2010-07-22 00:00:00,1.27589,1.29315,1.27367,1.29111,80123.203125
2010-07-23 00:00:00,1.29111,1.29649,1.2792,1.29019,75930.8984375
2010-07-24 00:00:00,1.29019,1.29019,1.29019,1.29019,0.0
2010-07-25 00:00:00,1.28977,1.29247,1.28735,1.29207,6780.0
2010-07-26 00:00:00,1.29206,1.30055,1.28852,1.29819,79927.203125
2010-07-27 00:00:00,1.29783,1.30456,1.29493,1.29877,80423.703125
2010-07-28 00:00:00,1.29875,1.30417,1.29653,1.29963,80733.6015625
2010-07-29 00:00:00,1.29977,1.31041,1.29767,1.30658,80858.8984375
2010-07-30 00:00:00,1.30657,1.30927,1.29775,1.30487,76254.703125
2010-07-31 00:00:00,1.30487,1.30487,1.30487,1.30487,0.0
2010-08-01 00:00:00,1.30533,1.30669,1.30498,1.3059,6507.10009765625
2010-08-02 00:00:00,1.30582,1.31937,1.30529,1.31722,80780.6015625
2010-08-03 00:00:00,1.31682,1.32615,1.3144,1.3219,80321.1015625
2010-08-04 00:00:00,1.32187,1.32383,1.31294,1.31534,80079.296875
2010-08-05 00:00:00,1.31536,1.32348,1.31173,1.31784,80138.6015625
2010-08-06 00:00:00,1.31777,1.33333,1.31543,1.32808,76660.5
2010-08-07 00:00:00,1.32808,1.32808,1.32808,1.32808,0.0
2010-08-08 00:00:00,1.32851,1.32959,1.32699,1.32834,6532.7001953125
2010-08-09 00:00:00,1.32828,1.3307,1.3206,1.32147,80404.796875
2010-08-10 00:00:00,1.32144,1.32266,1.30733,1.3153,81200.796875
2010-08-11 00:00:00,1.31534,1.316,1.2827,1.28457,80530.3984375
2010-08-12 00:00:00,1.28459,1.29315,1.27802,1.28406,80361.6015625
2010-08-13 00:00:00,1.28418,1.29056,1.27458,1.27505,77552.5
2010-08-14 00:00:00,1.27505,1.27505,1.27505,1.27505,0.0
2010-08-15 00:00:00,1.2755,1.27737,1.27527,1.27543,6467.60009765625
2010-08-16 00:00:00,1.27541,1.28699,1.27318,1.28094,80483.5
2010-08-17 00:00:00,1.28083,1.29155,1.28019,1.28677,80328.296875
2010-08-18 00:00:00,1.28687,1.29203,1.27903,1.27932,80035.296875
2010-08-19 00:00:00,1.27947,1.29023,1.27714,1.28067,79844.5
2010-08-20 00:00:00,1.2806,1.28316,1.26603,1.27048,75620.5
2010-08-21 00:00:00,1.27048,1.27048,1.27048,1.27048,0.0
2010-08-22 00:00:00,1.27026,1.27107,1.26866,1.26971,6614.2998046875
2010-08-23 00:00:00,1.2698,1.27296,1.2621,1.26294,79504.5
2010-08-24 00:00:00,1.2629,1.27185,1.25837,1.26355,80587.3984375
2010-08-25 00:00:00,1.26349,1.27235,1.26048,1.26715,78855.203125
2010-08-26 00:00:00,1.26708,1.2763,1.26475,1.27021,80403.0
2010-08-27 00:00:00,1.2703,1.27785,1.2675,1.27597,75541.3984375
2010-08-28 00:00:00,1.27597,1.27597,1.27597,1.27597,0.0
2010-08-29 00:00:00,1.27575,1.2769,1.27406,1.27517,6821.7001953125
2010-08-30 00:00:00,1.27488,1.27548,1.26544,1.26633,79490.3984375
2010-08-31 00:00:00,1.26616,1.27428,1.26215,1.26722,79693.6015625
2010-09-01 00:00:00,1.2671,1.28542,1.2661,1.27942,79667.1015625
2010-09-02 00:00:00,1.27938,1.28475,1.27735,1.28133,79949.296875
2010-09-03 00:00:00,1.28123,1.28971,1.28055,1.2894,74885.796875
2010-09-04 00:00:00,1.2894,1.2894,1.2894,1.2894,0.0
2010-09-05 00:00:00,1.28903,1.28957,1.28786,1.28845,6565.39990234375
2010-09-06 00:00:00,1.2884,1.29176,1.27993,1.28179,79534.3984375
2010-09-07 00:00:00,1.28175,1.28181,1.26731,1.26894,80122.796875
2010-09-08 00:00:00,1.26913,1.27628,1.26577,1.27236,80314.703125
2010-09-09 00:00:00,1.27265,1.27657,1.26618,1.2678,80036.8984375
2010-09-10 00:00:00,1.26766,1.27463,1.26425,1.26707,76405.703125
2010-09-11 00:00:00,1.26707,1.26707,1.26707,1.26707,0.0
2010-09-12 00:00:00,1.26748,1.2759,1.26748,1.27579,6803.39990234375
2010-09-13 00:00:00,1.27585,1.28917,1.27577,1.28624,80657.1015625
2010-09-14 00:00:00,1.28632,1.30345,1.28265,1.29945,79791.296875
2010-09-15 00:00:00,1.29953,1.30369,1.29517,1.30089,80003.0
2010-09-16 00:00:00,1.30055,1.31149,1.29727,1.30648,79721.0
2010-09-17 00:00:00,1.30657,1.31587,1.30181,1.30507,77623.296875
2010-09-18 00:00:00,1.30507,1.30507,1.30507,1.30507,0.0
2010-09-19 00:00:00,1.3055,1.30654,1.30317,1.30418,6649.39990234375
2010-09-20 00:00:00,1.30397,1.31203,1.30313,1.30612,81217.703125
2010-09-21 00:00:00,1.30584,1.32894,1.30564,1.32819,80385.796875
2010-09-22 00:00:00,1.32795,1.34387,1.3265,1.33925,79840.296875
2010-09-23 00:00:00,1.33925,1.34124,1.32892,1.32915,80885.6015625
2010-09-24 00:00:00,1.32924,1.34944,1.32833,1.34863,76835.796875
2010-09-25 00:00:00,1.34863,1.34863,1.34863,1.34863,0.0
2010-09-26 00:00:00,1.34842,1.34947,1.34674,1.34767,6527.89990234375
2010-09-27 00:00:00,1.34794,1.35061,1.34232,1.34285,80319.203125
2010-09-28 00:00:00,1.34297,1.35948,1.33777,1.35724,80452.0
2010-09-29 00:00:00,1.35718,1.36458,1.35637,1.3624,80179.703125
2010-09-30 00:00:00,1.36238,1.36836,1.35594,1.36295,80528.296875
2010-10-01 00:00:00,1.36279,1.37939,1.36273,1.3787,76375.0
2010-10-02 00:00:00,1.3787,1.3787,1.3787,1.3787,0.0
2010-10-03 00:00:00,1.37923,1.38055,1.37694,1.37751,6358.7998046875
2010-10-04 00:00:00,1.37761,1.37844,1.36412,1.36462,80115.8984375
2010-10-05 00:00:00,1.36465,1.38588,1.36343,1.38528,80625.703125
2010-10-06 00:00:00,1.38521,1.39477,1.37977,1.39152,80478.703125
2010-10-07 00:00:00,1.39153,1.40274,1.38536,1.39229,80323.5
2010-10-08 00:00:00,1.39236,1.39806,1.38332,1.39398,75608.296875
2010-10-09 00:00:00,1.39398,1.39398,1.39398,1.39398,0.0
2010-10-10 00:00:00,1.39474,1.40091,1.39474,1.39947,6704.2998046875
2010-10-11 00:00:00,1.39951,1.39982,1.38537,1.38643,79502.296875
2010-10-12 00:00:00,1.38641,1.39331,1.37727,1.39191,79946.296875
2010-10-13 00:00:00,1.39196,1.40007,1.391,1.3982,79681.296875
2010-10-14 00:00:00,1.39821,1.41218,1.3981,1.40237,79217.703125
2010-10-15 00:00:00,1.40237,1.41561,1.39364,1.39755,77268.5
2010-10-16 00:00:00,1.39755,1.39755,1.39755,1.39755,0.0
2010-10-17 00:00:00,1.398,1.39899,1.39383,1.39502,10118.400390625
2010-10-18 00:00:00,1.39503,1.39984,1.38278,1.39624,83295.203125
2010-10-19 00:00:00,1.39623,1.39969,1.36961,1.36975,83885.1015625
2010-10-20 00:00:00,1.36976,1.39904,1.36971,1.39742,84296.296875
2010-10-21 00:00:00,1.39747,1.4049,1.38703,1.39106,84909.203125
2010-10-22 00:00:00,1.39115,1.39709,1.38566,1.39525,77582.296875
2010-10-23 00:00:00,1.39525,1.39525,1.39525,1.39525,0.0
2010-10-24 00:00:00,1.3957,1.39762,1.39309,1.39604,9972.2998046875
2010-10-25 00:00:00,1.39604,1.40794,1.39056,1.39217,83990.0
2010-10-26 00:00:00,1.39216,1.39815,1.38216,1.38449,84884.5
2010-10-27 00:00:00,1.38444,1.38767,1.37324,1.37927,85501.1015625
2010-10-28 00:00:00,1.37942,1.39499,1.37749,1.39426,84415.0
2010-10-29 00:00:00,1.39424,1.39488,1.38038,1.39447,80963.203125
2010-10-30 00:00:00,1.39447,1.39447,1.39447,1.39447,0.0
2010-10-31 00:00:00,1.39508,1.3981,1.39491,1.39717,6570.39990234375
2010-11-01 00:00:00,1.39724,1.4011,1.3862,1.39086,84400.296875
2010-11-02 00:00:00,1.3909,1.40573,1.38788,1.40316,83495.8984375
2010-11-03 00:00:00,1.40313,1.41465,1.39885,1.41252,84231.203125
2010-11-04 00:00:00,1.41246,1.42817,1.40996,1.42262,83661.1015625
2010-11-05 00:00:00,1.42269,1.42289,1.40207,1.40283,79013.203125
2010-11-06 00:00:00,1.40283,1.40283,1.40283,1.40283,0.0
2010-11-07 00:00:00,1.40326,1.40803,1.40315,1.40734,8486.599609375
2010-11-08 00:00:00,1.40734,1.40825,1.38579,1.38629,84895.296875
2010-11-09 00:00:00,1.38616,1.39717,1.37457,1.37683,83251.1015625
2010-11-10 00:00:00,1.3768,1.38251,1.36691,1.37735,83617.6015625
2010-11-11 00:00:00,1.37745,1.38205,1.36027,1.36191,84152.0
2010-11-12 00:00:00,1.36198,1.37759,1.35714,1.36895,78145.0
2010-11-13 00:00:00,1.36895,1.36895,1.36895,1.36895,0.0
2010-11-14 00:00:00,1.3694,1.37094,1.36785,1.36877,8523.400390625
2010-11-15 00:00:00,1.36882,1.37498,1.35631,1.35729,83292.3984375
2010-11-16 00:00:00,1.35729,1.36547,1.34467,1.3494,91977.3984375
2010-11-17 00:00:00,1.34925,1.35653,1.34601,1.35524,79534.8984375
2010-11-18 00:00:00,1.35524,1.3667,1.35423,1.36567,81815.6015625
2010-11-19 00:00:00,1.36557,1.37311,1.36082,1.36714,71378.1015625
2010-11-20 00:00:00,1.36714,1.36714,1.36714,1.36714,0.0
2010-11-21 00:00:00,1.37145,1.37435,1.369,1.37412,13114.7998046875
2010-11-22 00:00:00,1.37414,1.37859,1.35764,1.35995,65481.19921875
2010-11-23 00:00:00,1.35987,1.3614,1.33601,1.33855,93074.6015625
2010-11-24 00:00:00,1.33855,1.34209,1.32839,1.33576,89064.8984375
2010-11-25 00:00:00,1.33577,1.3387,1.32864,1.33394,79962.703125
2010-11-26 00:00:00,1.33394,1.33497,1.32001,1.32376,72201.703125
2010-11-27 00:00:00,1.32376,1.32376,1.32376,1.32376,0.0
2010-11-28 00:00:00,1.32382,1.33352,1.32305,1.32369,14015.5
2010-11-29 00:00:00,1.32369,1.32999,1.30638,1.30998,147338.203125
2010-11-30 00:00:00,1.31004,1.31497,1.29685,1.29953,235942.203125
2010-12-01 00:00:00,1.29956,1.3178,1.29707,1.31244,208870.796875
2010-12-02 00:00:00,1.31244,1.32468,1.30599,1.32114,204324.796875
2010-12-03 00:00:00,1.32112,1.34376,1.31927,1.33953,173818.59375
2010-12-04 00:00:00,1.33953,1.33953,1.33953,1.33953,0.0
2010-12-05 00:00:00,1.33993,1.34342,1.33748,1.34128,31701.19921875
2010-12-06 00:00:00,1.34128,1.342,1.32459,1.32878,171425.203125
2010-12-07 00:00:00,1.32874,1.34,1.32359,1.32478,180898.203125
2010-12-08 00:00:00,1.32479,1.32796,1.31798,1.32477,187475.703125
2010-12-09 00:00:00,1.32477,1.33223,1.31643,1.32403,175621.09375
2010-12-10 00:00:00,1.32403,1.32819,1.31785,1.32224,140996.296875
2010-12-11 00:00:00,1.32224,1.32224,1.32224,1.32224,0.0
2010-12-12 00:00:00,1.32266,1.32311,1.31896,1.31963,22879.599609375
2010-12-13 00:00:00,1.31964,1.34329,1.31821,1.33938,168598.09375
2010-12-14 00:00:00,1.33934,1.34979,1.33545,1.33563,197295.0
2010-12-15 00:00:00,1.33565,1.33771,1.32078,1.32237,204288.703125
2010-12-16 00:00:00,1.32245,1.32655,1.31809,1.32386,171334.703125
2010-12-17 00:00:00,1.32386,1.33581,1.31329,1.3185,168219.796875
2010-12-18 00:00:00,1.3185,1.3185,1.3185,1.3185,0.0
2010-12-19 00:00:00,1.31844,1.3185,1.31525,1.31629,17610.78515625
2010-12-20 00:00:00,1.31627,1.31825,1.30943,1.31163,185161.171875
2010-12-21 00:00:00,1.31166,1.32014,1.30732,1.30901,185512.21875
2010-12-22 00:00:00,1.30901,1.31806,1.3078,1.31139,161908.75
2010-12-23 00:00:00,1.31139,1.31512,1.3055,1.31227,133910.734375
2010-12-24 00:00:00,1.31226,1.31475,1.30976,1.31184,66753.0078125
2010-12-25 00:00:00,1.31184,1.31184,1.31184,1.31184,0.0
2010-12-26 00:00:00,1.31134,1.31192,1.30716,1.30787,28502.861328125
2010-12-27 00:00:00,1.30786,1.31884,1.30783,1.31876,92596.5078125
2010-12-28 00:00:00,1.31879,1.3274,1.30827,1.30847,136042.578125
2010-12-29 00:00:00,1.30847,1.32378,1.30837,1.32227,134671.515625
2010-12-30 00:00:00,1.32235,1.33137,1.32188,1.33004,127533.328125
2010-12-31 00:00:00,1.33004,1.34238,1.32883,1.33824,112644.2109375
2011-01-01 00:00:00,1.33824,1.33824,1.33824,1.33824,0.0
2011-01-02 00:00:00,1.33674,1.33696,1.33235,1.33557,19990.5703125
2011-01-03 00:00:00,1.3356,1.33947,1.325,1.33551,157568.203125
2011-01-04 00:00:00,1.33566,1.34298,1.32923,1.33179,204002.5625
2011-01-05 00:00:00,1.33181,1.33248,1.31262,1.31556,192261.703125
2011-01-06 00:00:00,1.31556,1.31698,1.29723,1.29787,175000.0625
2011-01-07 00:00:00,1.29787,1.30209,1.29025,1.29034,174208.140625
2011-01-08 00:00:00,1.29034,1.29034,1.29034,1.29034,0.0
2011-01-09 00:00:00,1.29054,1.29175,1.28638,1.2894,28423.080078125
2011-01-10 00:00:00,1.28947,1.29658,1.28739,1.29637,152359.296875
2011-01-11 00:00:00,1.29637,1.29905,1.2907,1.29807,184797.0
2011-01-12 00:00:00,1.2982,1.31428,1.29621,1.31261,187904.0625
2011-01-13 00:00:00,1.31256,1.33829,1.30886,1.33506,184661.78125
2011-01-14 00:00:00,1.33506,1.34521,1.33142,1.33865,177527.09375
2011-01-15 00:00:00,1.33865,1.33865,1.33865,1.33865,0.0
2011-01-16 00:00:00,1.33854,1.34031,1.33551,1.33784,25342.060546875
2011-01-17 00:00:00,1.33784,1.33791,1.32441,1.32809,157329.40625
2011-01-18 00:00:00,1.32809,1.34622,1.32527,1.33776,210909.5625
2011-01-19 00:00:00,1.33776,1.35379,1.33761,1.34515,215687.40625
2011-01-20 00:00:00,1.34515,1.35218,1.33958,1.3465,227708.046875
2011-01-21 00:00:00,1.34649,1.36247,1.34485,1.36191,198023.984375
2011-01-22 00:00:00,1.36191,1.36191,1.36191,1.36191,0.0
2011-01-23 00:00:00,1.36118,1.36437,1.35893,1.36187,26262.7890625
2011-01-24 00:00:00,1.36188,1.36852,1.35407,1.36423,181589.34375
2011-01-25 00:00:00,1.36425,1.37038,1.35742,1.36846,214800.875
2011-01-26 00:00:00,1.36845,1.37212,1.36449,1.37097,182469.0625
2011-01-27 00:00:00,1.371,1.37572,1.36385,1.37216,177064.796875
2011-01-28 00:00:00,1.37217,1.37458,1.35831,1.36046,166366.046875
2011-01-29 00:00:00,1.36046,1.36046,1.36046,1.36046,0.0
2011-01-30 00:00:00,1.36067,1.36118,1.3571,1.35715,26385.630859375
2011-01-31 00:00:00,1.35715,1.37391,1.35699,1.37135,194798.46875
2011-02-01 00:00:00,1.3713,1.38422,1.37004,1.38282,203777.125
2011-02-02 00:00:00,1.3827,1.38612,1.37689,1.38157,196251.8125
2011-02-03 00:00:00,1.38157,1.38246,1.3609,1.36232,201869.265625
2011-02-04 00:00:00,1.36235,1.36492,1.35431,1.35764,177234.015625
2011-02-05 00:00:00,1.35764,1.35764,1.35764,1.35764,0.0
2011-02-06 00:00:00,1.35842,1.35887,1.35441,1.35727,25847.529296875
2011-02-07 00:00:00,1.35727,1.36262,1.35079,1.35922,201135.4375
2011-02-08 00:00:00,1.35919,1.36881,1.3572,1.36249,217630.4375
2011-02-09 00:00:00,1.36241,1.37428,1.36106,1.37189,175338.765625
2011-02-10 00:00:00,1.37189,1.37271,1.35771,1.36028,179078.4375
2011-02-11 00:00:00,1.36029,1.36202,1.34972,1.35385,150474.625
2011-02-12 00:00:00,1.35385,1.35385,1.35385,1.35385,0.0
2011-02-13 00:00:00,1.35191,1.35513,1.3501,1.35116,30630.650390625
2011-02-14 00:00:00,1.35126,1.35582,1.3428,1.34788,169113.703125
2011-02-15 00:00:00,1.34792,1.35504,1.34609,1.34974,191686.984375
2011-02-16 00:00:00,1.34971,1.35879,1.34619,1.35734,208384.34375
2011-02-17 00:00:00,1.35732,1.36268,1.35368,1.36223,200093.203125
2011-02-18 00:00:00,1.36223,1.37144,1.35459,1.36904,197845.421875
2011-02-19 00:00:00,1.36904,1.36904,1.36904,1.36904,0.0
2011-02-20 00:00:00,1.37033,1.37147,1.36864,1.37117,19421.919921875
2011-02-21 00:00:00,1.37122,1.37122,1.36471,1.36809,121205.1171875
2011-02-22 00:00:00,1.36809,1.3703,1.35269,1.36717,238098.453125
2011-02-23 00:00:00,1.36726,1.37863,1.36717,1.37599,205499.359375
2011-02-24 00:00:00,1.37599,1.3823,1.3704,1.38192,222951.5625
2011-02-25 00:00:00,1.38195,1.38377,1.37237,1.37573,178685.25
2011-02-26 00:00:00,1.37573,1.37573,1.37573,1.37573,0.0
2011-02-27 00:00:00,1.37461,1.38063,1.37299,1.37331,37261.33984375
2011-02-28 00:00:00,1.37332,1.38544,1.37111,1.38202,184012.34375
2011-03-01 00:00:00,1.38203,1.38538,1.37632,1.37677,191206.28125
2011-03-02 00:00:00,1.37675,1.38897,1.3743,1.38649,185575.71875
2011-03-03 00:00:00,1.38648,1.3971,1.38327,1.39556,179346.796875
2011-03-04 00:00:00,1.39559,1.40064,1.39412,1.39835,148440.453125
2011-03-05 00:00:00,1.39835,1.39835,1.39835,1.39835,0.0
2011-03-06 00:00:00,1.39852,1.3998,1.39768,1.39899,22052.740234375
2011-03-07 00:00:00,1.39901,1.40356,1.39554,1.3962,191110.015625
2011-03-08 00:00:00,1.39618,1.3988,1.38632,1.38942,177682.625
2011-03-09 00:00:00,1.3894,1.39411,1.38554,1.39032,185337.734375
2011-03-10 00:00:00,1.39032,1.39239,1.37753,1.38003,202465.296875
2011-03-11 00:00:00,1.38002,1.3914,1.3752,1.39006,174092.265625
2011-03-12 00:00:00,1.39006,1.39006,1.39006,1.39006,0.0
2011-03-13 00:00:00,1.38982,1.39789,1.38872,1.39354,29533.44921875
2011-03-14 00:00:00,1.39344,1.40028,1.39044,1.39901,178932.890625
2011-03-15 00:00:00,1.399,1.40127,1.38553,1.39855,246029.625
2011-03-16 00:00:00,1.39855,1.40007,1.38665,1.38831,232570.046875
2011-03-17 00:00:00,1.38836,1.40519,1.38763,1.40302,227565.609375
2011-03-18 00:00:00,1.40302,1.41834,1.39799,1.41806,197753.6875
2011-03-19 00:00:00,1.41806,1.41806,1.41806,1.41806,0.0
2011-03-20 00:00:00,1.41718,1.41959,1.41661,1.41678,41526.01171875
2011-03-21 00:00:00,1.41679,1.42388,1.41396,1.42157,150558.65625
2011-03-22 00:00:00,1.42165,1.4248,1.41626,1.41677,163186.515625
2011-03-23 00:00:00,1.41679,1.42142,1.40769,1.41038,183873.125
2011-03-24 00:00:00,1.41038,1.42158,1.40533,1.41691,177662.484375
2011-03-25 00:00:00,1.41691,1.41932,1.40554,1.40844,169548.71875
2011-03-26 00:00:00,1.40844,1.40844,1.40844,1.40844,0.0
2011-03-27 00:00:00,1.40826,1.40828,1.40179,1.40346,21386.279296875
2011-03-28 00:00:00,1.40346,1.4115,1.40262,1.40726,143066.984375
2011-03-29 00:00:00,1.40726,1.41484,1.40472,1.41202,169096.65625
2011-03-30 00:00:00,1.41201,1.41468,1.40518,1.41269,182228.015625
2011-03-31 00:00:00,1.41269,1.42328,1.41161,1.41559,181575.375
2011-04-01 00:00:00,1.41561,1.42451,1.40618,1.42312,170369.0625
2011-04-02 00:00:00,1.42312,1.42312,1.42312,1.42312,0.0
2011-04-03 00:00:00,1.42335,1.42423,1.42169,1.42341,16652.640625
2011-04-04 00:00:00,1.4234,1.42678,1.41919,1.4205,151982.0625
2011-04-05 00:00:00,1.4205,1.42453,1.41514,1.42314,156557.65625
2011-04-06 00:00:00,1.42312,1.43489,1.42277,1.43239,172103.984375
2011-04-07 00:00:00,1.43243,1.43248,1.42441,1.42974,184310.4375
2011-04-08 00:00:00,1.42974,1.44872,1.4291,1.44782,169747.953125
2011-04-09 00:00:00,1.44782,1.44782,1.44782,1.44782,0.0
2011-04-10 00:00:00,1.44826,1.44831,1.44449,1.44799,18840.009765625
2011-04-11 00:00:00,1.44799,1.44799,1.44207,1.4423,154558.984375
2011-04-12 00:00:00,1.4423,1.45185,1.4377,1.4482,214744.109375
2011-04-13 00:00:00,1.4482,1.45195,1.44132,1.44512,177243.203125
2011-04-14 00:00:00,1.4451,1.4514,1.43649,1.45006,201477.984375
2011-04-15 00:00:00,1.4502,1.45021,1.43906,1.44285,171615.90625
2011-04-16 00:00:00,1.44285,1.44285,1.44285,1.44285,0.0
2011-04-17 00:00:00,1.44305,1.44368,1.439,1.43959,34205.7890625
2011-04-18 00:00:00,1.43966,1.44036,1.41606,1.42368,196064.09375
2011-04-19 00:00:00,1.42369,1.43727,1.4205,1.43643,188290.484375
2011-04-20 00:00:00,1.43641,1.45441,1.43546,1.4518,212623.984375
2011-04-21 00:00:00,1.45172,1.46482,1.45148,1.45585,181711.640625
2011-04-22 00:00:00,1.45578,1.45878,1.45334,1.45583,59204.9609375
2011-04-23 00:00:00,1.45583,1.45583,1.45583,1.45583,0.0
2011-04-24 00:00:00,1.45566,1.45881,1.45474,1.4587,23614.0390625
2011-04-25 00:00:00,1.45887,1.46268,1.4525,1.4551,119049.03125
2011-04-26 00:00:00,1.45509,1.47101,1.4493,1.47041,194473.546875
2011-04-27 00:00:00,1.47045,1.47951,1.46324,1.47873,194394.34375
2011-04-28 00:00:00,1.47873,1.48788,1.47725,1.48402,195451.3125
2011-04-29 00:00:00,1.48403,1.48776,1.48005,1.48084,124285.3828125
2011-04-30 00:00:00,1.48084,1.48084,1.48084,1.48084,0.0
2011-05-01 00:00:00,1.48039,1.48391,1.47799,1.48152,24243.75
2011-05-02 00:00:00,1.48152,1.49015,1.47628,1.47937,161797.0
2011-05-03 00:00:00,1.47937,1.48888,1.4754,1.48365,201346.515625
2011-05-04 00:00:00,1.48365,1.49398,1.47748,1.48268,225753.953125
2011-05-05 00:00:00,1.48281,1.48978,1.45099,1.45577,249390.765625
2011-05-06 00:00:00,1.45568,1.45873,1.43096,1.43205,268816.65625
2011-05-07 00:00:00,1.43205,1.43205,1.43205,1.43205,0.0
2011-05-08 00:00:00,1.43067,1.43957,1.43064,1.43881,25228.3203125
2011-05-09 00:00:00,1.43882,1.44408,1.42557,1.43679,255888.65625
2011-05-10 00:00:00,1.43678,1.44186,1.42703,1.43996,276690.625
2011-05-11 00:00:00,1.43996,1.44227,1.41723,1.42066,267770.375
2011-05-12 00:00:00,1.42065,1.42755,1.4123,1.42292,297769.0625
2011-05-13 00:00:00,1.42295,1.43383,1.40666,1.41093,289228.40625
2011-05-14 00:00:00,1.41093,1.41093,1.41093,1.41093,0.0
2011-05-15 00:00:00,1.40975,1.41154,1.40628,1.4066,33006.1484375
2011-05-16 00:00:00,1.40649,1.42442,1.4048,1.4145,272551.0625
2011-05-17 00:00:00,1.41448,1.42758,1.4123,1.42663,279149.0
2011-05-18 00:00:00,1.42663,1.42862,1.41947,1.42577,222963.0625
2011-05-19 00:00:00,1.42577,1.43365,1.42062,1.43254,250707.765625
2011-05-20 00:00:00,1.43254,1.43452,1.4133,1.41565,231654.90625
2011-05-21 00:00:00,1.41565,1.41565,1.41565,1.41565,0.0
2011-05-22 00:00:00,1.41909,1.41912,1.40953,1.41164,34018.16015625
2011-05-23 00:00:00,1.41164,1.41346,1.39694,1.40134,246927.953125
2011-05-24 00:00:00,1.40134,1.41324,1.40132,1.40919,233375.28125
2011-05-25 00:00:00,1.40918,1.41181,1.40129,1.40686,253529.65625
2011-05-26 00:00:00,1.40685,1.42061,1.40679,1.41436,255201.015625
2011-05-27 00:00:00,1.41438,1.43219,1.41292,1.43093,251441.953125
2011-05-28 00:00:00,1.43093,1.43093,1.43093,1.43093,0.0
2011-05-29 00:00:00,1.43203,1.43302,1.42793,1.42894,29509.5390625
2011-05-30 00:00:00,1.42895,1.43505,1.42567,1.43328,119465.203125
2011-05-31 00:00:00,1.43328,1.44366,1.43255,1.4424,228855.6875
2011-06-01 00:00:00,1.4424,1.44584,1.43077,1.43448,233987.875
2011-06-02 00:00:00,1.43448,1.45119,1.43255,1.44864,216234.0625
2011-06-03 00:00:00,1.44864,1.46423,1.44548,1.46355,212175.59375
2011-06-04 00:00:00,1.46355,1.46355,1.46355,1.46355,0.0
2011-06-05 00:00:00,1.46336,1.46566,1.46041,1.46522,34589.21875
2011-06-06 00:00:00,1.46534,1.46576,1.45573,1.45901,206563.25
2011-06-07 00:00:00,1.45907,1.46956,1.45633,1.46786,201004.25
2011-06-08 00:00:00,1.46802,1.4689,1.45639,1.45918,216741.140625
2011-06-09 00:00:00,1.45918,1.46457,1.44782,1.45367,211144.1875
2011-06-10 00:00:00,1.45367,1.455,1.43222,1.43454,222904.40625
2011-06-11 00:00:00,1.43454,1.43454,1.43454,1.43454,0.0
2011-06-12 00:00:00,1.43534,1.43602,1.43034,1.43356,19021.189453125
2011-06-13 00:00:00,1.43358,1.44299,1.43223,1.44144,205271.1875
2011-06-14 00:00:00,1.44147,1.44971,1.4378,1.44324,215781.265625
2011-06-15 00:00:00,1.44324,1.44379,1.4156,1.41916,250285.484375
2011-06-16 00:00:00,1.41916,1.42207,1.40731,1.42012,271553.3125
2011-06-17 00:00:00,1.4201,1.43389,1.41269,1.42995,239722.3125
2011-06-18 00:00:00,1.42995,1.42995,1.42995,1.42995,0.0
2011-06-19 00:00:00,1.43078,1.43108,1.42559,1.42573,22401.5
2011-06-20 00:00:00,1.42571,1.43816,1.41912,1.43615,217629.40625
2011-06-21 00:00:00,1.43616,1.44223,1.43069,1.43767,215680.34375
2011-06-22 00:00:00,1.43766,1.44412,1.431,1.43304,204689.0625
2011-06-23 00:00:00,1.43304,1.4333,1.41268,1.42614,226920.296875
2011-06-24 00:00:00,1.42614,1.43057,1.41431,1.41855,219381.546875
2011-06-25 00:00:00,1.41855,1.41855,1.41855,1.41855,0.0
2011-06-26 00:00:00,1.41896,1.42184,1.41461,1.41549,21400.380859375
2011-06-27 00:00:00,1.41545,1.43262,1.41025,1.4311,214709.78125
2011-06-28 00:00:00,1.43106,1.43966,1.4237,1.43571,229455.09375
2011-06-29 00:00:00,1.4357,1.44811,1.43384,1.44635,225520.96875
2011-06-30 00:00:00,1.44636,1.45375,1.44475,1.44744,204067.046875
2011-07-01 00:00:00,1.44744,1.45503,1.44383,1.45226,195458.328125
2011-07-02 00:00:00,1.45226,1.45226,1.45226,1.45226,0.0
2011-07-03 00:00:00,1.4521,1.45774,1.45104,1.45633,23629.48046875
2011-07-04 00:00:00,1.45633,1.45674,1.44953,1.45415,140841.125
2011-07-05 00:00:00,1.45409,1.45411,1.43981,1.44344,198675.15625
2011-07-06 00:00:00,1.44342,1.44663,1.42859,1.43349,204020.015625
2011-07-07 00:00:00,1.43352,1.43739,1.42229,1.43612,207306.890625
2011-07-08 00:00:00,1.43612,1.43679,1.42142,1.42636,214910.234375
2011-07-09 00:00:00,1.42636,1.42636,1.42636,1.42636,0.0
2011-07-10 00:00:00,1.42657,1.42883,1.41975,1.42114,23691.150390625
2011-07-11 00:00:00,1.42121,1.42273,1.39863,1.4038,261013.8125
2011-07-12 00:00:00,1.40381,1.40537,1.38371,1.39889,334959.625
2011-07-13 00:00:00,1.39891,1.42802,1.39624,1.42693,288106.59375
2011-07-14 00:00:00,1.42708,1.42715,1.41151,1.41616,273836.375
2011-07-15 00:00:00,1.41614,1.4192,1.40923,1.41484,228674.828125
2011-07-16 00:00:00,1.41484,1.41484,1.41484,1.41484,0.0
2011-07-17 00:00:00,1.41495,1.41578,1.41026,1.41259,21419.9296875
2011-07-18 00:00:00,1.41259,1.41354,1.4014,1.41253,244090.4375
2011-07-19 00:00:00,1.41253,1.42172,1.40685,1.417,265659.03125
2011-07-20 00:00:00,1.417,1.42738,1.4133,1.42603,245330.84375
2011-07-21 00:00:00,1.42603,1.44367,1.4139,1.44077,288477.53125
2011-07-22 00:00:00,1.4408,1.44373,1.43235,1.43535,234843.34375
2011-07-23 00:00:00,1.43535,1.43535,1.43535,1.43535,0.0
2011-07-24 00:00:00,1.43566,1.4416,1.43522,1.43664,28188.69921875
2011-07-25 00:00:00,1.43666,1.4406,1.43249,1.4373,231379.5625
2011-07-26 00:00:00,1.4373,1.45251,1.43571,1.45077,249684.65625
2011-07-27 00:00:00,1.45076,1.45353,1.43395,1.43608,248531.296875
2011-07-28 00:00:00,1.43607,1.44001,1.42544,1.43264,254588.65625
2011-07-29 00:00:00,1.43263,1.44123,1.42301,1.43972,275931.90625
2011-07-30 00:00:00,1.43972,1.43972,1.43972,1.43972,0.0
2011-07-31 00:00:00,1.43927,1.44013,1.43465,1.43537,29093.140625
2011-08-01 00:00:00,1.43539,1.44526,1.41856,1.42724,252599.671875
2011-08-02 00:00:00,1.42723,1.42826,1.41512,1.41836,285137.9375
2011-08-03 00:00:00,1.41835,1.43675,1.41453,1.43492,312985.15625
2011-08-04 00:00:00,1.43492,1.43676,1.40555,1.40749,340242.0
2011-08-05 00:00:00,1.40748,1.42975,1.40699,1.42775,349511.71875
2011-08-06 00:00:00,1.42775,1.42775,1.42775,1.42775,0.0
2011-08-07 00:00:00,1.4276,1.4426,1.4276,1.43078,47734.05078125
2011-08-08 00:00:00,1.43075,1.44015,1.41302,1.41757,367502.6875
2011-08-09 00:00:00,1.41758,1.43962,1.4152,1.43541,375181.03125
2011-08-10 00:00:00,1.43541,1.44008,1.41223,1.4137,347953.375
2011-08-11 00:00:00,1.41369,1.42871,1.4104,1.42146,366221.03125
2011-08-12 00:00:00,1.42147,1.42895,1.41494,1.42444,285869.5
2011-08-13 00:00:00,1.42444,1.42444,1.42444,1.42444,0.0
2011-08-14 00:00:00,1.42425,1.42836,1.42422,1.42834,21803.44921875
2011-08-15 00:00:00,1.42833,1.44727,1.42637,1.44373,265140.09375
2011-08-16 00:00:00,1.44373,1.44664,1.4354,1.43804,265039.375
2011-08-17 00:00:00,1.43804,1.45159,1.4328,1.44278,256553.640625
2011-08-18 00:00:00,1.44277,1.44509,1.42712,1.4296,276270.5625
2011-08-19 00:00:00,1.42963,1.44515,1.42588,1.43926,273044.875
2011-08-20 00:00:00,1.43926,1.43926,1.43926,1.43926,0.0
2011-08-21 00:00:00,1.43946,1.44004,1.43607,1.43661,24820.2109375
2011-08-22 00:00:00,1.43663,1.44341,1.43471,1.43571,229468.453125
2011-08-23 00:00:00,1.4357,1.44995,1.4357,1.44377,222539.140625
2011-08-24 00:00:00,1.44379,1.44811,1.43852,1.44076,214903.90625
2011-08-25 00:00:00,1.44077,1.44743,1.43277,1.43878,218914.5
2011-08-26 00:00:00,1.43878,1.45012,1.43303,1.44979,221461.3125
2011-08-27 00:00:00,1.44979,1.44979,1.44979,1.44979,0.0
2011-08-28 00:00:00,1.44955,1.45066,1.44777,1.44803,22648.98046875
2011-08-29 00:00:00,1.44803,1.45483,1.4466,1.4516,176724.984375
2011-08-30 00:00:00,1.4516,1.45328,1.4385,1.44391,208310.546875
2011-08-31 00:00:00,1.44391,1.44674,1.43584,1.43634,197529.421875
2011-09-01 00:00:00,1.43634,1.43771,1.4226,1.42682,205386.40625
2011-09-02 00:00:00,1.4266,1.42873,1.41838,1.42035,206422.71875
2011-09-03 00:00:00,1.42035,1.42035,1.42035,1.42035,0.0
2011-09-04 00:00:00,1.42027,1.42108,1.4136,1.41479,20678.869140625
2011-09-05 00:00:00,1.4148,1.4173,1.40585,1.40686,178990.90625
2011-09-06 00:00:00,1.40686,1.42347,1.39741,1.40091,243710.125
2011-09-07 00:00:00,1.4009,1.4125,1.40062,1.40802,215391.96875
2011-09-08 00:00:00,1.40803,1.40887,1.38733,1.38891,231349.3125
2011-09-09 00:00:00,1.3889,1.39363,1.36285,1.36551,249233.203125
2011-09-10 00:00:00,1.36551,1.36551,1.36551,1.36551,0.0
2011-09-11 00:00:00,1.36519,1.3667,1.3556,1.35826,30329.150390625
2011-09-12 00:00:00,1.35825,1.36902,1.35034,1.36382,298902.21875
2011-09-13 00:00:00,1.36381,1.37386,1.35585,1.36819,289266.375
2011-09-14 00:00:00,1.36819,1.37816,1.35907,1.37478,281383.21875
2011-09-15 00:00:00,1.3748,1.39314,1.37031,1.388,259587.390625
2011-09-16 00:00:00,1.38803,1.38813,1.37537,1.37914,225582.234375
2011-09-17 00:00:00,1.37914,1.37914,1.37914,1.37914,0.0
2011-09-18 00:00:00,1.37966,1.37968,1.3663,1.3681,27436.689453125
2011-09-19 00:00:00,1.36822,1.37204,1.35867,1.3622,259976.125
2011-09-20 00:00:00,1.3622,1.3732,1.35939,1.37055,265926.9375
2011-09-21 00:00:00,1.37056,1.37869,1.35571,1.35773,276432.5
2011-09-22 00:00:00,1.35774,1.3585,1.33871,1.35043,317005.125
2011-09-23 00:00:00,1.35044,1.35667,1.34186,1.34986,280201.9375
2011-09-24 00:00:00,1.34986,1.34986,1.34986,1.34986,0.0
2011-09-25 00:00:00,1.34957,1.35704,1.34805,1.35162,32926.01953125
2011-09-26 00:00:00,1.35162,1.35468,1.33652,1.34952,317292.5625
2011-09-27 00:00:00,1.34951,1.36665,1.34792,1.35849,297675.59375
2011-09-28 00:00:00,1.35846,1.36881,1.35196,1.35225,282036.53125
2011-09-29 00:00:00,1.35225,1.36776,1.35198,1.35951,282333.34375
2011-09-30 00:00:00,1.35949,1.36002,1.33802,1.33837,254565.5625
2011-10-01 00:00:00,1.33837,1.33837,1.33837,1.33837,0.0
2011-10-02 00:00:00,1.33827,1.33838,1.33192,1.33571,35039.48828125
2011-10-03 00:00:00,1.33571,1.33811,1.31639,1.31899,294101.875
2011-10-04 00:00:00,1.31905,1.33688,1.31481,1.33167,328688.09375
2011-10-05 00:00:00,1.33168,1.33826,1.32599,1.3345,292739.84375
2011-10-06 00:00:00,1.33434,1.34503,1.32418,1.34265,280292.1875
2011-10-07 00:00:00,1.34263,1.35242,1.33625,1.33756,252072.625
2011-10-08 00:00:00,1.33756,1.33756,1.33756,1.33756,0.0
2011-10-09 00:00:00,1.33747,1.3407,1.33426,1.33998,27568.099609375
2011-10-10 00:00:00,1.33999,1.36973,1.3394,1.36262,245252.484375
2011-10-11 00:00:00,1.36261,1.36833,1.35655,1.3633,261545.59375
2011-10-12 00:00:00,1.3633,1.38331,1.35837,1.37773,269584.15625
2011-10-13 00:00:00,1.37775,1.38255,1.36849,1.3752,279112.40625
2011-10-14 00:00:00,1.37521,1.38935,1.37231,1.38745,237462.234375
2011-10-15 00:00:00,1.38745,1.38745,1.38745,1.38745,0.0
2011-10-16 00:00:00,1.38746,1.38869,1.38588,1.38728,28611.9296875
2011-10-17 00:00:00,1.3873,1.39139,1.3724,1.37447,263723.375
2011-10-18 00:00:00,1.3745,1.38156,1.36528,1.37319,288098.5
2011-10-19 00:00:00,1.37319,1.38686,1.37249,1.37668,275274.875
2011-10-20 00:00:00,1.37668,1.38389,1.3656,1.37938,293361.40625
2011-10-21 00:00:00,1.37938,1.39006,1.37058,1.38918,249426.71875
2011-10-22 00:00:00,1.38918,1.38918,1.38918,1.38918,0.0
2011-10-23 00:00:00,1.38937,1.38948,1.38294,1.38498,36979.51953125
2011-10-24 00:00:00,1.38498,1.39561,1.38224,1.39192,248021.171875
2011-10-25 00:00:00,1.39195,1.39592,1.38652,1.38994,260598.234375
2011-10-26 00:00:00,1.38996,1.39694,1.37996,1.38849,254112.734375
2011-10-27 00:00:00,1.38849,1.42465,1.38847,1.41981,290744.53125
2011-10-28 00:00:00,1.41981,1.41981,1.41347,1.41458,232176.140625
2011-10-29 00:00:00,1.41458,1.41458,1.41458,1.41458,0.0
2011-10-30 00:00:00,1.41402,1.41625,1.4127,1.41378,10781.740234375
2011-10-31 00:00:00,1.41377,1.41695,1.38285,1.38587,288577.28125
2011-11-01 00:00:00,1.38587,1.38705,1.36087,1.36544,327354.5625
2011-11-02 00:00:00,1.36542,1.38271,1.36529,1.36883,300844.9375
2011-11-03 00:00:00,1.36881,1.38535,1.36564,1.38221,313081.28125
2011-11-04 00:00:00,1.3822,1.38653,1.37129,1.37887,251946.0
2011-11-05 00:00:00,1.37887,1.37887,1.37887,1.37887,0.0
2011-11-06 00:00:00,1.37947,1.38312,1.37618,1.37876,28422.7109375
2011-11-07 00:00:00,1.37876,1.38108,1.36808,1.37588,258397.5625
2011-11-08 00:00:00,1.37588,1.38467,1.37243,1.38244,240588.0625
2011-11-09 00:00:00,1.38244,1.38574,1.35217,1.35258,292170.03125
2011-11-10 00:00:00,1.35258,1.36515,1.34835,1.36088,283075.03125
2011-11-11 00:00:00,1.36087,1.37946,1.35781,1.37476,230235.375
2011-11-12 00:00:00,1.37476,1.37476,1.37476,1.37476,0.0
2011-11-13 00:00:00,1.37456,1.38111,1.37454,1.37844,20801.810546875
2011-11-14 00:00:00,1.37842,1.37889,1.3591,1.3624,250031.015625
2011-11-15 00:00:00,1.3624,1.36405,1.34961,1.35041,270360.0625
2011-11-16 00:00:00,1.35041,1.35566,1.34216,1.34396,284979.625
2011-11-17 00:00:00,1.34393,1.35399,1.34227,1.34539,293452.15625
2011-11-18 00:00:00,1.34539,1.36138,1.34468,1.35216,256180.625
2011-11-19 00:00:00,1.35216,1.35216,1.35216,1.35216,0.0
2011-11-20 00:00:00,1.35096,1.35358,1.34968,1.35355,29309.9296875
2011-11-21 00:00:00,1.35355,1.35401,1.34313,1.34834,258401.40625
2011-11-22 00:00:00,1.34832,1.35671,1.3469,1.3518,244059.921875
2011-11-23 00:00:00,1.3518,1.35305,1.33201,1.33435,251697.734375
2011-11-24 00:00:00,1.33434,1.34113,1.33161,1.33295,178387.5625
2011-11-25 00:00:00,1.33295,1.33328,1.32129,1.32345,221969.15625
2011-11-26 00:00:00,1.32345,1.32345,1.32345,1.32345,0.0
2011-11-27 00:00:00,1.32337,1.33386,1.32333,1.33104,28657.08984375
2011-11-28 00:00:00,1.33096,1.33981,1.3275,1.33143,250777.4375
2011-11-29 00:00:00,1.33141,1.34394,1.32855,1.33227,258254.84375
2011-11-30 00:00:00,1.33228,1.353,1.32593,1.3442,254415.828125
2011-12-01 00:00:00,1.3442,1.3521,1.34179,1.3466,227948.265625
2011-12-02 00:00:00,1.34652,1.35357,1.33632,1.33925,194233.96875
2011-12-03 00:00:00,1.33925,1.33925,1.33925,1.33925,0.0
2011-12-04 00:00:00,1.33835,1.34378,1.3379,1.34156,14537.6298828125
2011-12-05 00:00:00,1.34156,1.34856,1.33761,1.33864,193557.09375
2011-12-06 00:00:00,1.3385,1.34266,1.33339,1.34092,220179.09375
2011-12-07 00:00:00,1.34093,1.34533,1.33509,1.3399,204541.609375
2011-12-08 00:00:00,1.3399,1.34561,1.32888,1.33455,217281.015625
2011-12-09 00:00:00,1.33453,1.34328,1.32813,1.33836,216071.546875
2011-12-10 00:00:00,1.33836,1.33836,1.33836,1.33836,0.0
2011-12-11 00:00:00,1.33846,1.33849,1.33595,1.33703,21166.80078125
2011-12-12 00:00:00,1.33703,1.33771,1.31606,1.31637,222751.8125
2011-12-13 00:00:00,1.31641,1.32363,1.30083,1.30184,262118.484375
2011-12-14 00:00:00,1.30184,1.30638,1.29481,1.29846,264086.125
2011-12-15 00:00:00,1.29847,1.30496,1.29569,1.30288,238268.625
2011-12-16 00:00:00,1.30287,1.3084,1.29961,1.30395,221472.578125
2011-12-17 00:00:00,1.30395,1.30395,1.30395,1.30395,0.0
2011-12-18 00:00:00,1.30287,1.30464,1.30245,1.30357,23698.830078125
2011-12-19 00:00:00,1.30357,1.30407,1.29825,1.30058,235870.171875
2011-12-20 00:00:00,1.30058,1.31315,1.29949,1.30862,239695.625
2011-12-21 00:00:00,1.30862,1.31893,1.30249,1.30356,259442.875
2011-12-22 00:00:00,1.3036,1.31189,1.30189,1.30541,218589.546875
2011-12-23 00:00:00,1.30542,1.30945,1.30282,1.30439,179019.59375
2011-12-24 00:00:00,1.30439,1.30439,1.30439,1.30439,0.0
2011-12-25 00:00:00,1.30487,1.30517,1.30299,1.30406,4856.52001953125
2011-12-26 00:00:00,1.30406,1.30814,1.30406,1.30471,51416.37109375
2011-12-27 00:00:00,1.30471,1.3083,1.30434,1.30679,156659.578125
2011-12-28 00:00:00,1.30679,1.30792,1.29134,1.29243,216405.015625
2011-12-29 00:00:00,1.29245,1.29637,1.28581,1.2952,242993.84375
2011-12-30 00:00:00,1.29516,1.29981,1.29049,1.29484,200692.703125
2011-12-31 00:00:00,1.29484,1.29484,1.29484,1.29484,0.0
2012-01-01 00:00:00,1.29299,1.29519,1.29267,1.29445,11925.8798828125
2012-01-02 00:00:00,1.29445,1.29639,1.29173,1.29364,63208.01171875
2012-01-03 00:00:00,1.29364,1.30758,1.29352,1.30537,262506.28125
2012-01-04 00:00:00,1.30537,1.30726,1.28994,1.29304,271047.65625
2012-01-05 00:00:00,1.29302,1.29434,1.27723,1.27915,310670.71875
2012-01-06 00:00:00,1.27915,1.28121,1.26978,1.27205,265986.96875
2012-01-07 00:00:00,1.27205,1.27205,1.27205,1.27205,0.0
2012-01-08 00:00:00,1.26818,1.27059,1.26666,1.26784,27239.279296875
2012-01-09 00:00:00,1.26784,1.2785,1.26769,1.27722,274736.90625
2012-01-10 00:00:00,1.27722,1.28172,1.27427,1.27528,292652.5625
2012-01-11 00:00:00,1.27528,1.27893,1.26654,1.27214,300006.875
2012-01-12 00:00:00,1.27214,1.28442,1.26992,1.28203,341922.09375
2012-01-13 00:00:00,1.28199,1.28778,1.26287,1.26768,317385.1875
2012-01-14 00:00:00,1.26768,1.26768,1.26768,1.26768,0.0
2012-01-15 00:00:00,1.26311,1.26555,1.26268,1.26474,30433.91015625
2012-01-16 00:00:00,1.26471,1.26873,1.26262,1.26659,228914.9375
2012-01-17 00:00:00,1.26659,1.28042,1.26644,1.2746,282957.5625
2012-01-18 00:00:00,1.27462,1.28676,1.27336,1.28636,293096.90625
2012-01-19 00:00:00,1.28636,1.29719,1.28388,1.29611,276272.4375
2012-01-20 00:00:00,1.29609,1.29855,1.28894,1.29302,238591.59375
2012-01-21 00:00:00,1.29302,1.29302,1.29302,1.29302,0.0
2012-01-22 00:00:00,1.28802,1.28943,1.2854,1.28871,19804.83984375
2012-01-23 00:00:00,1.28865,1.30523,1.28828,1.3024,223420.3125
2012-01-24 00:00:00,1.30241,1.30592,1.2953,1.30347,237812.484375
2012-01-25 00:00:00,1.30347,1.31202,1.29307,1.31054,260644.15625
2012-01-26 00:00:00,1.31054,1.31795,1.30893,1.30895,262064.40625
2012-01-27 00:00:00,1.30879,1.32304,1.30774,1.32174,266832.21875
2012-01-28 00:00:00,1.32174,1.32174,1.32174,1.32174,0.0
2012-01-29 00:00:00,1.32123,1.32306,1.32055,1.32058,27617.140625
2012-01-30 00:00:00,1.32068,1.32097,1.30791,1.3138,279370.875
2012-01-31 00:00:00,1.3138,1.32123,1.30431,1.30754,297389.78125
2012-02-01 00:00:00,1.30756,1.32174,1.3026,1.31701,288124.125
2012-02-02 00:00:00,1.31692,1.31966,1.30864,1.31356,267811.71875
2012-02-03 00:00:00,1.31356,1.31913,1.3068,1.31566,256530.8125
2012-02-04 00:00:00,1.31566,1.31566,1.31566,1.31566,0.0
2012-02-05 00:00:00,1.30949,1.31303,1.30761,1.3124,26840.060546875
2012-02-06 00:00:00,1.3124,1.31411,1.30277,1.31179,249597.09375
2012-02-07 00:00:00,1.31179,1.32692,1.30889,1.32475,274624.875
2012-02-08 00:00:00,1.32473,1.32859,1.32183,1.32471,266513.03125
2012-02-09 00:00:00,1.32472,1.33193,1.32269,1.32754,253187.015625
2012-02-10 00:00:00,1.32752,1.329,1.31561,1.31946,220461.375
2012-02-11 00:00:00,1.31946,1.31946,1.31946,1.31946,0.0
2012-02-12 00:00:00,1.32022,1.32592,1.3198,1.32368,31988.4296875
2012-02-13 00:00:00,1.32398,1.32826,1.31483,1.31539,227649.15625
2012-02-14 00:00:00,1.31543,1.32155,1.30801,1.3128,234486.515625
2012-02-15 00:00:00,1.31281,1.31903,1.30441,1.30548,259047.234375
2012-02-16 00:00:00,1.30548,1.31551,1.29751,1.31269,268711.03125
2012-02-17 00:00:00,1.31269,1.31967,1.31149,1.31446,221934.234375
2012-02-18 00:00:00,1.31446,1.31446,1.31446,1.31446,0.0
2012-02-19 00:00:00,1.31375,1.32367,1.31372,1.32232,38865.94140625
2012-02-20 00:00:00,1.32232,1.32766,1.31823,1.32074,177997.890625
2012-02-21 00:00:00,1.32071,1.32926,1.3187,1.32482,254609.765625
2012-02-22 00:00:00,1.32482,1.32638,1.32109,1.3255,218658.265625
2012-02-23 00:00:00,1.3255,1.33779,1.32318,1.33739,217518.484375
2012-02-24 00:00:00,1.33737,1.34857,1.33568,1.34445,218328.15625
2012-02-25 00:00:00,1.34445,1.34445,1.34445,1.34445,0.0
2012-02-26 00:00:00,1.34467,1.34787,1.34462,1.34674,29230.509765625
2012-02-27 00:00:00,1.34669,1.34676,1.33658,1.34073,255060.890625
2012-02-28 00:00:00,1.34073,1.34795,1.33901,1.34781,259525.875
2012-02-29 00:00:00,1.34785,1.34853,1.33147,1.33238,271144.375
2012-03-01 00:00:00,1.33241,1.33556,1.3282,1.33263,244503.796875
2012-03-02 00:00:00,1.33263,1.33326,1.31864,1.31945,218508.359375
2012-03-03 00:00:00,1.31945,1.31945,1.31945,1.31945,0.0
2012-03-04 00:00:00,1.31976,1.32049,1.31788,1.31851,31658.0703125
2012-03-05 00:00:00,1.31851,1.32386,1.31597,1.3223,231207.21875
2012-03-06 00:00:00,1.32228,1.32256,1.31032,1.31194,250795.234375
2012-03-07 00:00:00,1.31194,1.31638,1.30959,1.31406,217855.953125
2012-03-08 00:00:00,1.31406,1.3291,1.3135,1.32712,220167.203125
2012-03-09 00:00:00,1.32712,1.32718,1.30974,1.31207,211476.21875
2012-03-10 00:00:00,1.31207,1.31207,1.31207,1.31207,0.0
2012-03-11 00:00:00,1.31217,1.31245,1.30991,1.3122,22867.810546875
2012-03-12 00:00:00,1.31216,1.31724,1.30788,1.31696,209118.546875
2012-03-13 00:00:00,1.31696,1.31902,1.30518,1.30788,227475.78125
2012-03-14 00:00:00,1.30791,1.309,1.30108,1.30204,219623.203125
2012-03-15 00:00:00,1.30202,1.31176,1.30035,1.30765,216585.859375
2012-03-16 00:00:00,1.30766,1.31869,1.30486,1.31725,193200.203125
2012-03-17 00:00:00,1.31725,1.31725,1.31725,1.31725,0.0
2012-03-18 00:00:00,1.31741,1.31867,1.31617,1.3176,28752.94921875
2012-03-19 00:00:00,1.31759,1.32628,1.31417,1.32292,174654.671875
2012-03-20 00:00:00,1.32291,1.32516,1.3172,1.3238,192604.578125
2012-03-21 00:00:00,1.3238,1.32844,1.31788,1.32173,201124.90625
2012-03-22 00:00:00,1.32181,1.32544,1.3135,1.32044,223249.5625
2012-03-23 00:00:00,1.32044,1.32919,1.31907,1.32676,201990.015625
2012-03-24 00:00:00,1.32676,1.32676,1.32676,1.32676,0.0
2012-03-25 00:00:00,1.32696,1.32839,1.32644,1.32823,22186.650390625
2012-03-26 00:00:00,1.32832,1.33674,1.3192,1.33566,211780.265625
2012-03-27 00:00:00,1.33566,1.33846,1.33121,1.33288,197886.65625
2012-03-28 00:00:00,1.33288,1.33727,1.32772,1.33254,213497.34375
2012-03-29 00:00:00,1.33254,1.33449,1.32524,1.33138,206705.515625
2012-03-30 00:00:00,1.33139,1.33748,1.33095,1.33376,196173.375
2012-03-31 00:00:00,1.33376,1.33376,1.33376,1.33376,0.0
2012-04-01 00:00:00,1.33426,1.3376,1.33394,1.33565,30321.08984375
2012-04-02 00:00:00,1.33563,1.33803,1.32777,1.33296,196904.578125
2012-04-03 00:00:00,1.33296,1.33671,1.32131,1.32225,215309.296875
2012-04-04 00:00:00,1.32225,1.32327,1.31073,1.31435,218399.28125
2012-04-05 00:00:00,1.31435,1.31642,1.30353,1.30622,182627.34375
2012-04-06 00:00:00,1.30622,1.31098,1.30503,1.30945,75461.40625
2012-04-07 00:00:00,1.30945,1.30945,1.30945,1.30945,0.0
2012-04-08 00:00:00,1.30946,1.31039,1.30661,1.30851,12442.9501953125
2012-04-09 00:00:00,1.30851,1.31334,1.30337,1.31086,111368.9921875
2012-04-10 00:00:00,1.31086,1.3144,1.30538,1.30721,234425.796875
2012-04-11 00:00:00,1.30719,1.31562,1.3066,1.31182,212306.015625
2012-04-12 00:00:00,1.31183,1.32123,1.3102,1.31884,208543.40625
2012-04-13 00:00:00,1.31883,1.32011,1.30692,1.30745,205321.75
2012-04-14 00:00:00,1.30745,1.30745,1.30745,1.30745,0.0
2012-04-15 00:00:00,1.30757,1.30759,1.30407,1.30432,23286.83984375
2012-04-16 00:00:00,1.30433,1.31465,1.29958,1.31257,238123.65625
2012-04-17 00:00:00,1.31258,1.31692,1.30902,1.31348,208820.546875
2012-04-18 00:00:00,1.31348,1.31403,1.30572,1.3117,225029.65625
2012-04-19 00:00:00,1.3117,1.31608,1.30699,1.3143,235237.609375
2012-04-20 00:00:00,1.31431,1.32263,1.31285,1.32192,212980.75
2012-04-21 00:00:00,1.32192,1.32192,1.32192,1.32192,0.0
2012-04-22 00:00:00,1.32166,1.32168,1.3176,1.32069,18255.5
2012-04-23 00:00:00,1.32071,1.32101,1.31045,1.31486,208697.390625
2012-04-24 00:00:00,1.31487,1.32173,1.31447,1.31951,211025.453125
2012-04-25 00:00:00,1.31951,1.32359,1.31736,1.32306,208087.546875
2012-04-26 00:00:00,1.32306,1.32625,1.31765,1.31918,198886.34375
2012-04-27 00:00:00,1.31915,1.32698,1.3157,1.32547,218401.125
2012-04-28 00:00:00,1.32547,1.32547,1.32547,1.32547,0.0
2012-04-29 00:00:00,1.32536,1.32537,1.32273,1.32392,16048.91015625
2012-04-30 00:00:00,1.32392,1.32663,1.32078,1.32387,190352.28125
2012-05-01 00:00:00,1.32387,1.32828,1.32039,1.32379,144262.0
2012-05-02 00:00:00,1.32379,1.32407,1.31248,1.31476,205069.4375
2012-05-03 00:00:00,1.31478,1.31791,1.3099,1.3154,192118.125
2012-05-04 00:00:00,1.3154,1.3178,1.3078,1.30882,178666.171875
2012-05-05 00:00:00,1.30882,1.30882,1.30882,1.30882,0.0
2012-05-06 00:00:00,1.30504,1.30504,1.2955,1.29607,28498.4296875
2012-05-07 00:00:00,1.29608,1.30652,1.29608,1.30589,209294.3125
2012-05-08 00:00:00,1.30587,1.30598,1.29823,1.29925,234108.328125
2012-05-09 00:00:00,1.29925,1.30037,1.29107,1.2934,265290.375
2012-05-10 00:00:00,1.29341,1.29785,1.2924,1.29328,232201.140625
2012-05-11 00:00:00,1.29328,1.29572,1.29045,1.29184,222608.296875
2012-05-12 00:00:00,1.29184,1.29184,1.29184,1.29184,0.0
2012-05-13 00:00:00,1.29045,1.29061,1.28811,1.28969,17826.310546875
2012-05-14 00:00:00,1.2897,1.29042,1.2815,1.28297,224023.984375
2012-05-15 00:00:00,1.28297,1.28686,1.27216,1.27344,245136.34375
2012-05-16 00:00:00,1.27344,1.27585,1.26811,1.27321,278780.5625
2012-05-17 00:00:00,1.2732,1.27489,1.26664,1.26975,263587.28125
2012-05-18 00:00:00,1.26975,1.27936,1.26415,1.27778,260227.328125
2012-05-19 00:00:00,1.27778,1.27778,1.27778,1.27778,0.0
2012-05-20 00:00:00,1.27515,1.27862,1.2748,1.27712,21479.3203125
2012-05-21 00:00:00,1.27713,1.28236,1.2725,1.2812,240986.203125
2012-05-22 00:00:00,1.2812,1.28142,1.26517,1.26604,263726.25
2012-05-23 00:00:00,1.26605,1.26868,1.25448,1.25606,293894.71875
2012-05-24 00:00:00,1.25612,1.26188,1.25154,1.25349,282986.75
2012-05-25 00:00:00,1.25348,1.26017,1.24984,1.25119,243878.015625
2012-05-26 00:00:00,1.25119,1.25119,1.25119,1.25119,0.0
2012-05-27 00:00:00,1.2533,1.25789,1.25313,1.25658,21874.44921875
2012-05-28 00:00:00,1.25659,1.2624,1.2516,1.25213,174760.125
2012-05-29 00:00:00,1.2521,1.25741,1.24606,1.24771,262103.78125
2012-05-30 00:00:00,1.24773,1.24867,1.23606,1.23731,273542.78125
2012-05-31 00:00:00,1.2373,1.24281,1.23363,1.23619,269548.84375
2012-06-01 00:00:00,1.23617,1.24481,1.22913,1.24314,280890.5
2012-06-02 00:00:00,1.24314,1.24314,1.24314,1.24314,0.0
2012-06-03 00:00:00,1.24031,1.24418,1.23956,1.23982,26294.470703125
2012-06-04 00:00:00,1.23982,1.25267,1.23856,1.25261,221459.703125
2012-06-05 00:00:00,1.25261,1.25417,1.24098,1.2461,250952.3125
2012-06-06 00:00:00,1.2461,1.25851,1.24416,1.25761,270741.0
2012-06-07 00:00:00,1.25755,1.26249,1.25398,1.25673,260612.78125
2012-06-08 00:00:00,1.25673,1.25712,1.24353,1.25038,242658.515625
2012-06-09 00:00:00,1.25038,1.25038,1.25038,1.25038,0.0
2012-06-10 00:00:00,1.26385,1.26676,1.26305,1.26441,20653.0
2012-06-11 00:00:00,1.2644,1.26469,1.245,1.24769,256538.5
2012-06-12 00:00:00,1.24769,1.25287,1.24425,1.25,272259.15625
2012-06-13 00:00:00,1.25,1.26098,1.24735,1.25742,269236.6875
2012-06-14 00:00:00,1.25741,1.26362,1.25415,1.26258,255609.484375
2012-06-15 00:00:00,1.26257,1.26642,1.2592,1.26355,222447.109375
2012-06-16 00:00:00,1.26355,1.26355,1.26355,1.26355,0.0
2012-06-17 00:00:00,1.27117,1.27474,1.26809,1.27038,30213.3203125
2012-06-18 00:00:00,1.27038,1.27272,1.25592,1.25959,262968.40625
2012-06-19 00:00:00,1.25959,1.27302,1.25687,1.26788,257990.640625
2012-06-20 00:00:00,1.26788,1.27408,1.26383,1.26807,255901.875
2012-06-21 00:00:00,1.26805,1.26985,1.25313,1.25495,265589.71875
2012-06-22 00:00:00,1.25497,1.2583,1.25188,1.25691,215537.0625
2012-06-23 00:00:00,1.25691,1.25691,1.25691,1.25691,0.0
2012-06-24 00:00:00,1.25585,1.25611,1.2534,1.25373,12197.91015625
2012-06-25 00:00:00,1.25374,1.25442,1.24709,1.25022,206014.546875
2012-06-26 00:00:00,1.25022,1.253,1.24416,1.24849,238449.90625
2012-06-27 00:00:00,1.24849,1.25079,1.2445,1.24693,203169.09375
2012-06-28 00:00:00,1.24696,1.25239,1.24071,1.24406,253826.15625
2012-06-29 00:00:00,1.24406,1.26924,1.24323,1.26627,290027.71875
2012-06-30 00:00:00,1.26627,1.26627,1.26627,1.26627,0.0
2012-07-01 00:00:00,1.26606,1.26777,1.26502,1.26544,18389.650390625
2012-07-02 00:00:00,1.26544,1.26672,1.25679,1.25794,219958.84375
2012-07-03 00:00:00,1.25795,1.26269,1.25586,1.26041,193468.984375
2012-07-04 00:00:00,1.26041,1.26065,1.25082,1.25153,156543.9375
2012-07-05 00:00:00,1.25152,1.25381,1.23638,1.23921,233575.84375
2012-07-06 00:00:00,1.23922,1.24008,1.22596,1.22811,219283.140625
2012-07-07 00:00:00,1.22811,1.22811,1.22811,1.22811,0.0
2012-07-08 00:00:00,1.22351,1.22802,1.22341,1.227,21780.169921875
2012-07-09 00:00:00,1.22701,1.23227,1.22689,1.23167,200865.984375
2012-07-10 00:00:00,1.23172,1.23336,1.2235,1.22547,225112.34375
2012-07-11 00:00:00,1.22546,1.22963,1.2212,1.22441,219713.015625
2012-07-12 00:00:00,1.22441,1.22443,1.2167,1.21879,236811.609375
2012-07-13 00:00:00,1.2188,1.22546,1.2162,1.22423,213599.625
2012-07-14 00:00:00,1.22423,1.22423,1.22423,1.22423,0.0
2012-07-15 00:00:00,1.22575,1.22718,1.22445,1.22465,18891.94921875
2012-07-16 00:00:00,1.22465,1.22894,1.21755,1.22654,191890.40625
2012-07-17 00:00:00,1.22653,1.23149,1.21885,1.22951,228090.796875
2012-07-18 00:00:00,1.2295,1.23062,1.22165,1.22765,231757.90625
2012-07-19 00:00:00,1.22766,1.23209,1.22288,1.22759,230995.40625
2012-07-20 00:00:00,1.22759,1.22825,1.21443,1.21535,212784.078125
2012-07-21 00:00:00,1.21535,1.21535,1.21535,1.21535,0.0
2012-07-22 00:00:00,1.21119,1.21311,1.21032,1.21271,25328.720703125
2012-07-23 00:00:00,1.21271,1.21442,1.20684,1.21236,250376.859375
2012-07-24 00:00:00,1.21234,1.21372,1.20419,1.20612,244934.0625
2012-07-25 00:00:00,1.20612,1.21674,1.20531,1.21387,251507.265625
2012-07-26 00:00:00,1.21387,1.23284,1.21172,1.22775,248358.328125
2012-07-27 00:00:00,1.22774,1.23899,1.22416,1.23203,263634.21875
2012-07-28 00:00:00,1.23203,1.23203,1.23203,1.23203,0.0
2012-07-29 00:00:00,1.22965,1.23102,1.2294,1.23023,8280.75
2012-07-30 00:00:00,1.23025,1.23055,1.22246,1.22597,205954.0625
2012-07-31 00:00:00,1.22595,1.23291,1.2248,1.22917,196981.03125
2012-08-01 00:00:00,1.22916,1.23362,1.2218,1.22382,161327.703125
2012-08-02 00:00:00,1.22382,1.23888,1.21339,1.21782,225980.515625
2012-08-03 00:00:00,1.21785,1.23919,1.21664,1.23854,220142.3125
2012-08-04 00:00:00,1.23854,1.23854,1.23854,1.23854,0.0
2012-08-05 00:00:00,1.23779,1.24429,1.23749,1.24271,20365.310546875
2012-08-06 00:00:00,1.24268,1.24292,1.23413,1.2388,188583.609375
2012-08-07 00:00:00,1.23882,1.24417,1.23757,1.23842,189778.34375
2012-08-08 00:00:00,1.23842,1.2402,1.23267,1.23716,186970.203125
2012-08-09 00:00:00,1.23716,1.23866,1.22668,1.22925,189098.859375
2012-08-10 00:00:00,1.22926,1.23162,1.22412,1.22874,170078.375
2012-08-11 00:00:00,1.22874,1.22874,1.22874,1.22874,0.0
2012-08-12 00:00:00,1.22877,1.22917,1.22742,1.22742,11531.0498046875
2012-08-13 00:00:00,1.22745,1.23732,1.226,1.23258,166553.84375
2012-08-14 00:00:00,1.23258,1.23851,1.23159,1.23233,168214.640625
2012-08-15 00:00:00,1.23233,1.23432,1.22635,1.22881,140713.40625
2012-08-16 00:00:00,1.22882,1.2372,1.2256,1.23568,162867.359375
2012-08-17 00:00:00,1.23568,1.23818,1.22894,1.23208,152983.984375
2012-08-18 00:00:00,1.23208,1.23208,1.23208,1.23208,0.0
2012-08-19 00:00:00,1.23408,1.23528,1.23286,1.23318,16886.994140625
2012-08-20 00:00:00,1.23316,1.23685,1.22948,1.23505,151527.296875
2012-08-21 00:00:00,1.23507,1.24872,1.23457,1.24761,192110.3125
2012-08-22 00:00:00,1.2476,1.25435,1.2431,1.25334,180737.296875
2012-08-23 00:00:00,1.25334,1.25885,1.25243,1.25595,195139.953125
2012-08-24 00:00:00,1.25595,1.25662,1.24843,1.25115,165536.453125
2012-08-25 00:00:00,1.25115,1.25115,1.25115,1.25115,0.0
2012-08-26 00:00:00,1.25072,1.25233,1.25041,1.25049,11256.5400390625
2012-08-27 00:00:00,1.25053,1.25351,1.24898,1.25007,114428.2734375
2012-08-28 00:00:00,1.25007,1.25759,1.2465,1.25705,170337.90625
2012-08-29 00:00:00,1.25705,1.25729,1.25183,1.25302,153997.375
2012-08-30 00:00:00,1.25304,1.25635,1.2488,1.25092,154773.84375
2012-08-31 00:00:00,1.25091,1.26372,1.24933,1.25758,190485.203125
2012-09-01 00:00:00,1.25758,1.25758,1.25758,1.25758,0.0
2012-09-02 00:00:00,1.25652,1.2585,1.25562,1.25731,12556.169921875
2012-09-03 00:00:00,1.25729,1.26091,1.25599,1.25859,118878.1875
2012-09-04 00:00:00,1.2586,1.26275,1.25259,1.25335,167974.234375
2012-09-05 00:00:00,1.25336,1.2624,1.25015,1.26001,188866.0625
2012-09-06 00:00:00,1.26002,1.26469,1.25611,1.26305,198241.96875
2012-09-07 00:00:00,1.26305,1.28205,1.26263,1.28146,183781.765625
2012-09-08 00:00:00,1.28146,1.28146,1.28146,1.28146,0.0
2012-09-09 00:00:00,1.28054,1.28107,1.27909,1.27951,8430.2001953125
2012-09-10 00:00:00,1.27951,1.28031,1.27546,1.27613,156933.765625
2012-09-11 00:00:00,1.27613,1.28707,1.27584,1.2851,182956.796875
2012-09-12 00:00:00,1.28511,1.29361,1.28399,1.29019,196095.03125
2012-09-13 00:00:00,1.29017,1.30014,1.28742,1.29926,188641.34375
2012-09-14 00:00:00,1.29925,1.3167,1.29839,1.31295,205565.21875
2012-09-15 00:00:00,1.31295,1.31295,1.31295,1.31295,0.0
2012-09-16 00:00:00,1.31185,1.3128,1.31089,1.31134,16474.55078125
2012-09-17 00:00:00,1.31134,1.31694,1.30834,1.31079,176456.1875
2012-09-18 00:00:00,1.3108,1.31147,1.3029,1.30461,178401.6875
2012-09-19 00:00:00,1.30461,1.30846,1.2993,1.30571,181034.875
2012-09-20 00:00:00,1.30571,1.30587,1.2921,1.29734,194198.40625
2012-09-21 00:00:00,1.29733,1.30476,1.2955,1.29706,187548.359375
2012-09-22 00:00:00,1.29706,1.29706,1.29706,1.29706,0.0
2012-09-23 00:00:00,1.29748,1.29878,1.29626,1.29667,13952.1396484375
2012-09-24 00:00:00,1.29667,1.29795,1.28904,1.29403,141615.40625
2012-09-25 00:00:00,1.29406,1.29706,1.28871,1.28982,164877.765625
2012-09-26 00:00:00,1.28982,1.29126,1.2835,1.28778,150470.046875
2012-09-27 00:00:00,1.28776,1.29282,1.28307,1.29121,162660.984375
2012-09-28 00:00:00,1.2912,1.29596,1.28387,1.28564,190614.9375
2012-09-29 00:00:00,1.28564,1.28564,1.28564,1.28564,0.0
2012-09-30 00:00:00,1.28507,1.28516,1.28038,1.28071,14134.2099609375
2012-10-01 00:00:00,1.28077,1.29381,1.28049,1.28877,181101.921875
2012-10-02 00:00:00,1.28878,1.29676,1.28799,1.2911,167574.3125
2012-10-03 00:00:00,1.29113,1.29367,1.28772,1.29227,169633.984375
2012-10-04 00:00:00,1.29226,1.30312,1.291,1.30126,185243.796875
2012-10-05 00:00:00,1.30126,1.30714,1.29938,1.30286,167130.140625
2012-10-06 00:00:00,1.30286,1.30286,1.30286,1.30286,0.0
2012-10-07 00:00:00,1.3021,1.30258,1.30114,1.3014,11119.8896484375
2012-10-08 00:00:00,1.30151,1.30158,1.29371,1.29749,134173.65625
2012-10-09 00:00:00,1.29749,1.29906,1.28493,1.28588,187898.984375
2012-10-10 00:00:00,1.28588,1.29127,1.28352,1.28588,177226.359375
2012-10-11 00:00:00,1.28591,1.29511,1.28258,1.29314,163205.578125
2012-10-12 00:00:00,1.29314,1.29906,1.29219,1.29526,154581.0
2012-10-13 00:00:00,1.29526,1.29526,1.29526,1.29526,0.0
2012-10-14 00:00:00,1.29501,1.29588,1.29319,1.2934,11377.9296875
2012-10-15 00:00:00,1.29328,1.29786,1.28905,1.29673,160289.625
2012-10-16 00:00:00,1.29672,1.31232,1.29532,1.31056,183241.953125
2012-10-17 00:00:00,1.31055,1.31386,1.30846,1.3112,175887.71875
2012-10-18 00:00:00,1.3112,1.31285,1.3055,1.30684,168417.0625
2012-10-19 00:00:00,1.30684,1.30767,1.30129,1.30213,141990.90625
2012-10-20 00:00:00,1.30213,1.30213,1.30213,1.30213,0.0
2012-10-21 00:00:00,1.30207,1.3029,1.30134,1.30214,10540.349609375
2012-10-22 00:00:00,1.30213,1.3083,1.30199,1.30703,143014.90625
2012-10-23 00:00:00,1.30703,1.30703,1.29518,1.29733,166211.78125
2012-10-24 00:00:00,1.29734,1.29966,1.292,1.29643,170127.796875
2012-10-25 00:00:00,1.29645,1.3023,1.29269,1.29385,173286.984375
2012-10-26 00:00:00,1.29384,1.29559,1.28832,1.29347,171420.90625
2012-10-27 00:00:00,1.29347,1.29347,1.29347,1.29347,0.0
2012-10-28 00:00:00,1.29397,1.29608,1.29186,1.29219,15143.4501953125
2012-10-29 00:00:00,1.29216,1.29359,1.2885,1.29066,116827.4609375
2012-10-30 00:00:00,1.29065,1.29832,1.28857,1.29611,121345.7421875
2012-10-31 00:00:00,1.29612,1.30202,1.29458,1.29641,163555.296875
2012-11-01 00:00:00,1.29642,1.29823,1.29241,1.29464,149426.609375
2012-11-02 00:00:00,1.29463,1.29464,1.28211,1.28405,174301.390625
2012-11-03 00:00:00,1.28405,1.28405,1.28405,1.28405,0.0
2012-11-04 00:00:00,1.2817,1.28343,1.2811,1.28225,14846.8603515625
2012-11-05 00:00:00,1.28223,1.28425,1.27674,1.27995,153211.9375
2012-11-06 00:00:00,1.27995,1.28262,1.2763,1.28053,161446.328125
2012-11-07 00:00:00,1.28053,1.28761,1.27362,1.27562,226706.65625
2012-11-08 00:00:00,1.27564,1.27759,1.2717,1.27411,188276.96875
2012-11-09 00:00:00,1.2741,1.27897,1.26895,1.27111,201683.703125
2012-11-10 00:00:00,1.27111,1.27111,1.27111,1.27111,0.0
2012-11-11 00:00:00,1.27075,1.27359,1.27001,1.27202,13728.75
2012-11-12 00:00:00,1.27203,1.27388,1.26975,1.27056,124478.046875
2012-11-13 00:00:00,1.27056,1.27264,1.26612,1.27091,182500.65625
2012-11-14 00:00:00,1.27091,1.27741,1.27032,1.27293,179470.234375
2012-11-15 00:00:00,1.27293,1.28015,1.2717,1.27814,169566.234375
2012-11-16 00:00:00,1.27812,1.2784,1.269,1.27394,171822.84375
2012-11-17 00:00:00,1.27394,1.27394,1.27394,1.27394,0.0
2012-11-18 00:00:00,1.27318,1.27607,1.2724,1.27583,20634.05078125
2012-11-19 00:00:00,1.27583,1.28196,1.27455,1.27666,165177.59375
2012-11-20 00:00:00,1.27666,1.28283,1.27643,1.28121,151584.1875
2012-11-21 00:00:00,1.28123,1.28673,1.2736,1.28638,145886.59375
2012-11-22 00:00:00,1.28639,1.28984,1.28339,1.2874,109367.2265625
2012-11-23 00:00:00,1.28739,1.29904,1.28681,1.2975,118880.2734375
2012-11-24 00:00:00,1.2975,1.2975,1.2975,1.2975,0.0
2012-11-25 00:00:00,1.29691,1.29769,1.2955,1.29706,14365.83984375
2012-11-26 00:00:00,1.29728,1.30063,1.2944,1.2988,126982.3515625
2012-11-27 00:00:00,1.29883,1.30083,1.2915,1.29372,148524.453125
2012-11-28 00:00:00,1.29376,1.29611,1.288,1.29502,153701.1875
2012-11-29 00:00:00,1.29504,1.30122,1.29388,1.29717,138096.015625
2012-11-30 00:00:00,1.29715,1.30274,1.2968,1.29854,151619.8125
2012-12-01 00:00:00,1.29854,1.29854,1.29854,1.29854,0.0
2012-12-02 00:00:00,1.29813,1.29975,1.29699,1.29954,19097.44921875
2012-12-03 00:00:00,1.29955,1.30756,1.29931,1.30635,144903.5625
2012-12-04 00:00:00,1.30635,1.31079,1.30456,1.30989,139055.015625
2012-12-05 00:00:00,1.30989,1.31261,1.30597,1.30722,154878.4375
2012-12-06 00:00:00,1.30722,1.30863,1.295,1.29612,155919.34375
2012-12-07 00:00:00,1.29612,1.29722,1.28789,1.29254,139641.8125
2012-12-08 00:00:00,1.29254,1.29254,1.29254,1.29254,0.0
2012-12-09 00:00:00,1.28973,1.29067,1.28774,1.29062,17625.310546875
2012-12-10 00:00:00,1.29061,1.29463,1.28856,1.29368,117349.1484375
2012-12-11 00:00:00,1.29367,1.30144,1.29286,1.30113,130925.203125
2012-12-12 00:00:00,1.30112,1.30965,1.29959,1.30653,139933.234375
2012-12-13 00:00:00,1.30653,1.31,1.30411,1.30766,145364.0625
2012-12-14 00:00:00,1.30767,1.31726,1.30663,1.31631,147225.109375
2012-12-15 00:00:00,1.31631,1.31631,1.31631,1.31631,0.0
2012-12-16 00:00:00,1.31845,1.31872,1.31611,1.31655,18701.240234375
2012-12-17 00:00:00,1.31655,1.31786,1.31439,1.31608,126963.1015625
2012-12-18 00:00:00,1.31609,1.32376,1.31559,1.32285,129208.8828125
2012-12-19 00:00:00,1.3228,1.3308,1.3188,1.32127,155563.640625
2012-12-20 00:00:00,1.32127,1.32946,1.3203,1.32366,152206.15625
2012-12-21 00:00:00,1.3237,1.32379,1.31585,1.31868,168411.796875
2012-12-22 00:00:00,1.31868,1.31868,1.31868,1.31868,0.0
2012-12-23 00:00:00,1.31819,1.31849,1.3165,1.31797,10830.5
2012-12-24 00:00:00,1.31796,1.32335,1.31712,1.31788,83511.171875
2012-12-25 00:00:00,1.31801,1.32025,1.31704,1.31798,17905.4609375
2012-12-26 00:00:00,1.31798,1.32533,1.31708,1.32276,87391.1796875
2012-12-27 00:00:00,1.3228,1.32834,1.32011,1.32478,127196.796875
2012-12-28 00:00:00,1.32477,1.32564,1.31655,1.32128,115671.5234375
2012-12-29 00:00:00,1.32128,1.32128,1.32128,1.32128,0.0
2012-12-30 00:00:00,1.32117,1.32322,1.32036,1.32259,14595.0595703125
2012-12-31 00:00:00,1.32259,1.32344,1.31738,1.31949,107649.0234375
2013-01-01 00:00:00,1.3195,1.32197,1.31866,1.31977,4346.02001953125
2013-01-02 00:00:00,1.31975,1.32991,1.3157,1.31833,174395.546875
2013-01-03 00:00:00,1.31836,1.31887,1.30222,1.30243,173935.4375
2013-01-04 00:00:00,1.3024,1.30892,1.29971,1.30678,163991.109375
2013-01-05 00:00:00,1.30678,1.30678,1.30678,1.30678,0.0
2013-01-06 00:00:00,1.30745,1.30792,1.30655,1.30676,4326.22021484375
2013-01-07 00:00:00,1.30678,1.31275,1.30165,1.31236,164850.0
2013-01-08 00:00:00,1.31236,1.31393,1.30566,1.30825,163429.78125
2013-01-09 00:00:00,1.30822,1.30956,1.30362,1.30531,159971.078125
2013-01-10 00:00:00,1.3053,1.32791,1.30385,1.32722,190490.796875
2013-01-11 00:00:00,1.32723,1.33653,1.32479,1.33424,182030.90625
2013-01-12 00:00:00,1.33424,1.33424,1.33424,1.33424,0.0
2013-01-13 00:00:00,1.33605,1.33685,1.33498,1.33579,8424.240234375
2013-01-14 00:00:00,1.33579,1.34037,1.33356,1.33769,156558.59375
2013-01-15 00:00:00,1.33771,1.33933,1.3272,1.33088,171061.65625
2013-01-16 00:00:00,1.33089,1.33246,1.32565,1.32845,161785.578125
2013-01-17 00:00:00,1.32845,1.33873,1.32696,1.33738,173479.546875
2013-01-18 00:00:00,1.33737,1.3398,1.32803,1.3318,167559.0625
2013-01-19 00:00:00,1.3318,1.3318,1.3318,1.3318,0.0
2013-01-20 00:00:00,1.33107,1.33237,1.33066,1.33176,3996.7099609375
2013-01-21 00:00:00,1.33174,1.33319,1.32998,1.33095,90342.4921875
2013-01-22 00:00:00,1.33096,1.33712,1.32668,1.33125,180520.5625
2013-01-23 00:00:00,1.33127,1.33542,1.32655,1.33067,149668.28125
2013-01-24 00:00:00,1.33068,1.33925,1.32859,1.33674,181504.375
2013-01-25 00:00:00,1.33674,1.34788,1.33497,1.34587,185772.203125
2013-01-26 00:00:00,1.34587,1.34587,1.34587,1.34587,0.0
2013-01-27 00:00:00,1.34651,1.34709,1.34531,1.34647,6648.77978515625
2013-01-28 00:00:00,1.34647,1.34765,1.34244,1.34469,152347.21875
2013-01-29 00:00:00,1.3447,1.34968,1.3414,1.34874,174499.640625
2013-01-30 00:00:00,1.34874,1.3587,1.34817,1.35682,175367.484375
2013-01-31 00:00:00,1.3568,1.36165,1.35408,1.36115,166226.0625
2013-02-01 00:00:00,1.36115,1.37108,1.3586,1.36391,204622.984375
2013-02-02 00:00:00,1.36391,1.36391,1.36391,1.36391,0.0
2013-02-03 00:00:00,1.36521,1.36571,1.36449,1.36449,4513.7001953125
2013-02-04 00:00:00,1.36448,1.36486,1.34988,1.35104,171325.625
2013-02-05 00:00:00,1.35103,1.35972,1.34577,1.35825,197343.046875
2013-02-06 00:00:00,1.35825,1.35957,1.34951,1.35218,181781.84375
2013-02-07 00:00:00,1.35216,1.35769,1.33706,1.33827,203740.65625
2013-02-08 00:00:00,1.33826,1.34288,1.33531,1.33665,160196.40625
2013-02-09 00:00:00,1.33665,1.33665,1.33665,1.33665,0.0
2013-02-10 00:00:00,1.33673,1.3374,1.33635,1.3366,6971.580078125
2013-02-11 00:00:00,1.33658,1.34273,1.3357,1.34016,141411.28125
2013-02-12 00:00:00,1.34016,1.34753,1.33635,1.34521,155198.171875
2013-02-13 00:00:00,1.34519,1.35196,1.34262,1.34444,141698.9375
2013-02-14 00:00:00,1.34444,1.34551,1.3315,1.33498,147314.984375
2013-02-15 00:00:00,1.33499,1.33929,1.3306,1.33618,148092.4375
2013-02-16 00:00:00,1.33618,1.33618,1.33618,1.33618,0.0
2013-02-17 00:00:00,1.33503,1.3357,1.33369,1.33388,5324.43017578125
2013-02-18 00:00:00,1.33388,1.33787,1.3321,1.33484,104324.953125
2013-02-19 00:00:00,1.33484,1.33958,1.33285,1.33951,135726.234375
2013-02-20 00:00:00,1.33948,1.34341,1.32705,1.32727,171492.6875
2013-02-21 00:00:00,1.32729,1.32891,1.31606,1.3192,189748.953125
2013-02-22 00:00:00,1.3192,1.32442,1.3145,1.31902,147175.125
2013-02-23 00:00:00,1.31902,1.31902,1.31902,1.31902,0.0
2013-02-24 00:00:00,1.32154,1.32175,1.31856,1.31911,8657.0595703125
2013-02-25 00:00:00,1.31912,1.33171,1.30471,1.30659,217883.5
2013-02-26 00:00:00,1.30661,1.31187,1.3018,1.30672,241403.09375
2013-02-27 00:00:00,1.30673,1.31615,1.3041,1.31549,212532.5
2013-02-28 00:00:00,1.31551,1.31579,1.30531,1.30602,184258.6875
2013-03-01 00:00:00,1.30601,1.3101,1.29664,1.30178,187309.515625
2013-03-02 00:00:00,1.30178,1.30178,1.30178,1.30178,0.0
2013-03-03 00:00:00,1.30121,1.30307,1.30045,1.30157,5500.919921875
2013-03-04 00:00:00,1.30154,1.30404,1.29819,1.30347,144633.09375
2013-03-05 00:00:00,1.30348,1.3075,1.3011,1.30471,152731.03125
2013-03-06 00:00:00,1.30472,1.307,1.29646,1.29777,144382.609375
2013-03-07 00:00:00,1.29777,1.31181,1.29746,1.31077,176545.71875
2013-03-08 00:00:00,1.31077,1.31343,1.29548,1.30039,167831.78125
2013-03-09 00:00:00,1.30039,1.30039,1.30039,1.30039,0.0
2013-03-10 00:00:00,1.29857,1.30034,1.29793,1.29873,7975.72998046875
2013-03-11 00:00:00,1.29873,1.30529,1.29837,1.30322,133931.046875
2013-03-12 00:00:00,1.30319,1.30742,1.29913,1.30302,167825.265625
2013-03-13 00:00:00,1.30301,1.30646,1.29234,1.29591,166144.75
2013-03-14 00:00:00,1.29591,1.30299,1.29112,1.30118,202150.671875
2013-03-15 00:00:00,1.30117,1.31058,1.30023,1.30746,182510.015625
2013-03-16 00:00:00,1.30746,1.30746,1.30746,1.30746,0.0
2013-03-17 00:00:00,1.29052,1.2931,1.2888,1.28907,20235.009765625
2013-03-18 00:00:00,1.28907,1.2994,1.28817,1.29434,212480.296875
2013-03-19 00:00:00,1.29435,1.29694,1.28466,1.28638,250997.6875
2013-03-20 00:00:00,1.28639,1.29738,1.28634,1.2939,262743.8125
2013-03-21 00:00:00,1.29391,1.29551,1.28799,1.2903,274952.53125
2013-03-22 00:00:00,1.29031,1.30074,1.2888,1.29885,243585.625
2013-03-23 00:00:00,1.29885,1.29885,1.29885,1.29885,0.0
2013-03-24 00:00:00,1.29475,1.30474,1.29448,1.30185,16525.529296875
2013-03-25 00:00:00,1.30185,1.30479,1.28342,1.2857,289166.28125
2013-03-26 00:00:00,1.2857,1.28887,1.28313,1.28605,242433.6875
2013-03-27 00:00:00,1.28609,1.28665,1.27539,1.27742,248066.015625
2013-03-28 00:00:00,1.27746,1.28437,1.27556,1.28142,226366.828125
2013-03-29 00:00:00,1.28137,1.28368,1.27944,1.28184,58011.44140625
2013-03-30 00:00:00,1.28184,1.28184,1.28184,1.28184,0.0
2013-03-31 00:00:00,1.28029,1.2812,1.28,1.28052,3477.800048828125
2013-04-01 00:00:00,1.28051,1.28666,1.27713,1.28485,108440.4921875
2013-04-02 00:00:00,1.28483,1.28777,1.28096,1.2819,216308.859375
2013-04-03 00:00:00,1.2819,1.28639,1.27898,1.28489,211843.9375
2013-04-04 00:00:00,1.2849,1.29487,1.27468,1.29258,272416.15625
2013-04-05 00:00:00,1.29257,1.30389,1.29006,1.29936,249063.15625
2013-04-06 00:00:00,1.29936,1.29936,1.29936,1.29936,0.0
2013-04-07 00:00:00,1.29732,1.3006,1.2972,1.29909,13558.2197265625
2013-04-08 00:00:00,1.2991,1.30365,1.29685,1.30293,214353.1875
2013-04-09 00:00:00,1.30293,1.31025,1.30056,1.30805,238262.6875
2013-04-10 00:00:00,1.308,1.31217,1.3051,1.3052,214647.09375
2013-04-11 00:00:00,1.30522,1.3138,1.30436,1.31162,229108.8125
2013-04-12 00:00:00,1.3116,1.31262,1.30384,1.31113,216871.796875
2013-04-13 00:00:00,1.31113,1.31113,1.31113,1.31113,0.0
2013-04-14 00:00:00,1.31141,1.31147,1.30958,1.30966,10062.9296875
2013-04-15 00:00:00,1.30968,1.31075,1.3022,1.30531,269902.25
2013-04-16 00:00:00,1.3053,1.32015,1.30292,1.31779,283609.875
2013-04-17 00:00:00,1.3178,1.31995,1.30011,1.30335,278089.9375
2013-04-18 00:00:00,1.30335,1.3096,1.30208,1.30524,272315.8125
2013-04-19 00:00:00,1.30523,1.31271,1.3048,1.3051,218212.4375
2013-04-20 00:00:00,1.3051,1.3051,1.3051,1.3051,0.0
2013-04-21 00:00:00,1.30762,1.30769,1.3053,1.30575,6088.68994140625
2013-04-22 00:00:00,1.30573,1.30836,1.30154,1.30593,188835.03125
2013-04-23 00:00:00,1.30592,1.30824,1.2973,1.2994,240504.5625
2013-04-24 00:00:00,1.29938,1.3033,1.29611,1.30155,213278.9375
2013-04-25 00:00:00,1.30157,1.30933,1.29894,1.30038,228252.34375
2013-04-26 00:00:00,1.30037,1.30475,1.29912,1.30274,219266.390625
2013-04-27 00:00:00,1.30274,1.30274,1.30274,1.30274,0.0
2013-04-28 00:00:00,1.30504,1.30676,1.3039,1.30406,8061.08984375
2013-04-29 00:00:00,1.30402,1.31158,1.30318,1.30943,200207.03125
2013-04-30 00:00:00,1.30941,1.31858,1.30557,1.31678,221584.0625
2013-05-01 00:00:00,1.31679,1.32427,1.31606,1.31792,179806.4375
2013-05-02 00:00:00,1.31793,1.32148,1.30384,1.30658,242076.40625
2013-05-03 00:00:00,1.30658,1.31565,1.30351,1.31131,203871.671875
2013-05-04 00:00:00,1.31131,1.31131,1.31131,1.31131,0.0
2013-05-05 00:00:00,1.31188,1.3126,1.31104,1.31206,3958.320068359375
2013-05-06 00:00:00,1.31207,1.31396,1.30534,1.30727,120991.3125
2013-05-07 00:00:00,1.30722,1.31315,1.30677,1.3075,173601.09375
2013-05-08 00:00:00,1.3075,1.31944,1.30726,1.31602,196316.265625
2013-05-09 00:00:00,1.31602,1.3177,1.30098,1.30315,206555.234375
2013-05-10 00:00:00,1.30316,1.30506,1.2935,1.29899,245450.0
2013-05-11 00:00:00,1.29899,1.29899,1.29899,1.29899,0.0
2013-05-12 00:00:00,1.29724,1.29781,1.29596,1.2967,6154.4501953125
2013-05-13 00:00:00,1.2967,1.2997,1.29415,1.2987,202554.171875
2013-05-14 00:00:00,1.29868,1.30289,1.29181,1.29363,238229.859375
2013-05-15 00:00:00,1.29362,1.29424,1.2843,1.28824,233519.203125
2013-05-16 00:00:00,1.28824,1.29297,1.28463,1.28828,228658.265625
2013-05-17 00:00:00,1.2883,1.28887,1.2796,1.28387,191829.34375
2013-05-18 00:00:00,1.28387,1.28387,1.28387,1.28387,0.0
2013-05-19 00:00:00,1.28421,1.28482,1.28276,1.28306,6912.7900390625
2013-05-20 00:00:00,1.28307,1.29035,1.28192,1.28903,169980.140625
2013-05-21 00:00:00,1.28903,1.29327,1.2841,1.29198,213530.734375
2013-05-22 00:00:00,1.29197,1.29978,1.28335,1.28421,271095.6875
2013-05-23 00:00:00,1.28422,1.29539,1.28214,1.29228,278910.34375
2013-05-24 00:00:00,1.29229,1.29928,1.29043,1.29323,214425.625
2013-05-25 00:00:00,1.29323,1.29323,1.29323,1.29323,0.0
2013-05-26 00:00:00,1.29347,1.29436,1.29328,1.29357,5845.16015625
2013-05-27 00:00:00,1.29357,1.29485,1.29159,1.29339,83768.2421875
2013-05-28 00:00:00,1.29339,1.29468,1.2841,1.28445,231547.546875
2013-05-29 00:00:00,1.28446,1.2975,1.2838,1.29465,262892.4375
2013-05-30 00:00:00,1.29465,1.30614,1.29333,1.30419,257539.65625
2013-05-31 00:00:00,1.30419,1.30484,1.2944,1.29953,214483.015625
2013-06-01 00:00:00,1.29953,1.29953,1.29953,1.29953,0.0
2013-06-02 00:00:00,1.29933,1.30001,1.2983,1.29942,5804.2998046875
2013-06-03 00:00:00,1.29944,1.31074,1.29556,1.30704,214226.515625
2013-06-04 00:00:00,1.30702,1.31012,1.30418,1.30715,240402.25
2013-06-05 00:00:00,1.30714,1.31142,1.30529,1.30865,278373.46875
2013-06-06 00:00:00,1.30864,1.33054,1.30749,1.32423,319307.75
2013-06-07 00:00:00,1.32423,1.32846,1.31918,1.32187,297733.0
2013-06-08 00:00:00,1.32187,1.32187,1.32187,1.32187,0.0
2013-06-09 00:00:00,1.31906,1.32149,1.31851,1.32024,10306.919921875
2013-06-10 00:00:00,1.32024,1.32689,1.31775,1.32528,237372.046875
2013-06-11 00:00:00,1.32528,1.33173,1.3232,1.33121,319573.125
2013-06-12 00:00:00,1.33122,1.33591,1.32655,1.33438,286381.03125
2013-06-13 00:00:00,1.33438,1.33902,1.32785,1.33586,313418.6875
2013-06-14 00:00:00,1.33587,1.33728,1.32948,1.33466,227949.84375
2013-06-15 00:00:00,1.33466,1.33466,1.33466,1.33466,0.0
2013-06-16 00:00:00,1.33476,1.33572,1.33431,1.33546,5692.93017578125
2013-06-17 00:00:00,1.33545,1.33815,1.33184,1.33619,169698.640625
2013-06-18 00:00:00,1.3362,1.34155,1.33255,1.33929,217458.3125
2013-06-19 00:00:00,1.33929,1.34155,1.3262,1.32817,186733.171875
2013-06-20 00:00:00,1.32817,1.33002,1.31612,1.32276,260295.125
2013-06-21 00:00:00,1.32277,1.32541,1.30985,1.31215,190081.78125
2013-06-22 00:00:00,1.31215,1.31215,1.31215,1.31215,0.0
2013-06-23 00:00:00,1.30912,1.31141,1.30888,1.31066,6891.759765625
2013-06-24 00:00:00,1.31066,1.31438,1.3059,1.3135,198955.0625
2013-06-25 00:00:00,1.3135,1.31506,1.3065,1.30753,193152.125
2013-06-26 00:00:00,1.30755,1.3087,1.29849,1.30162,189861.0625
2013-06-27 00:00:00,1.30162,1.30546,1.3,1.30361,187477.40625
2013-06-28 00:00:00,1.30363,1.31029,1.29913,1.30096,184072.09375
2013-06-29 00:00:00,1.30096,1.30096,1.30096,1.30096,0.0
2013-06-30 00:00:00,1.30146,1.3016,1.30055,1.3008,3737.469970703125
2013-07-01 00:00:00,1.30077,1.30708,1.30074,1.30679,139494.484375
2013-07-02 00:00:00,1.30678,1.30779,1.29634,1.29748,167329.875
2013-07-03 00:00:00,1.29745,1.30288,1.29229,1.30208,190912.875
2013-07-04 00:00:00,1.30208,1.30208,1.2883,1.28924,145500.546875
2013-07-05 00:00:00,1.28924,1.29053,1.28063,1.28303,169714.046875
2013-07-06 00:00:00,1.28303,1.28303,1.28303,1.28303,0.0
2013-07-07 00:00:00,1.28106,1.28327,1.28106,1.28128,6462.2099609375
2013-07-08 00:00:00,1.28128,1.28819,1.28117,1.28606,145136.890625
2013-07-09 00:00:00,1.28606,1.2898,1.27552,1.27766,185252.0
2013-07-10 00:00:00,1.27769,1.3206,1.27648,1.31164,234587.25
2013-07-11 00:00:00,1.31175,1.3147,1.30056,1.30867,255964.625
2013-07-12 00:00:00,1.30865,1.31001,1.2999,1.30679,166714.265625
2013-07-13 00:00:00,1.30679,1.30679,1.30679,1.30679,0.0
2013-07-14 00:00:00,1.30763,1.308,1.30567,1.30607,3171.639892578125
2013-07-15 00:00:00,1.30609,1.30791,1.2993,1.3058,169996.484375
2013-07-16 00:00:00,1.3058,1.31745,1.3053,1.3148,204918.328125
2013-07-17 00:00:00,1.31478,1.31768,1.30829,1.31163,210135.015625
2013-07-18 00:00:00,1.31163,1.31255,1.3066,1.31086,176920.40625
2013-07-19 00:00:00,1.31087,1.31532,1.30893,1.31427,160357.359375
2013-07-20 00:00:00,1.31427,1.31427,1.31427,1.31427,0.0
2013-07-21 00:00:00,1.31384,1.31601,1.31357,1.31581,4534.419921875
2013-07-22 00:00:00,1.31582,1.32179,1.3144,1.31909,163639.90625
2013-07-23 00:00:00,1.31908,1.32386,1.31631,1.32211,176630.9375
2013-07-24 00:00:00,1.32211,1.3256,1.31767,1.31904,209750.046875
2013-07-25 00:00:00,1.31904,1.32958,1.31655,1.32737,207799.484375
2013-07-26 00:00:00,1.32737,1.32968,1.32525,1.32796,171947.875
2013-07-27 00:00:00,1.32796,1.32796,1.32796,1.32796,0.0
2013-07-28 00:00:00,1.32854,1.32938,1.32753,1.32856,4525.419921875
2013-07-29 00:00:00,1.32857,1.32949,1.32388,1.3263,358894.53125
2013-07-30 00:00:00,1.32631,1.33012,1.3234,1.32656,377224.25
2013-07-31 00:00:00,1.32656,1.33447,1.32141,1.33003,430068.75
2013-08-01 00:00:00,1.33007,1.33107,1.31932,1.32116,221400.625
2013-08-02 00:00:00,1.32117,1.32937,1.31892,1.32802,188784.703125
2013-08-03 00:00:00,1.32802,1.32802,1.32802,1.32802,0.0
2013-08-04 00:00:00,1.32833,1.32872,1.32739,1.32771,4097.4599609375
2013-08-05 00:00:00,1.32771,1.32999,1.32329,1.32576,163887.25
2013-08-06 00:00:00,1.32575,1.33229,1.3246,1.33071,173487.9375
2013-08-07 00:00:00,1.33072,1.33453,1.32654,1.334,189701.265625
2013-08-08 00:00:00,1.334,1.34003,1.33278,1.33791,179519.578125
2013-08-09 00:00:00,1.3379,1.33903,1.33324,1.3342,136471.484375
2013-08-10 00:00:00,1.3342,1.3342,1.3342,1.3342,0.0
2013-08-11 00:00:00,1.33196,1.33436,1.33196,1.33384,3764.580078125
2013-08-12 00:00:00,1.33384,1.33402,1.3277,1.32917,139277.75
2013-08-13 00:00:00,1.32917,1.3317,1.32333,1.3265,183799.359375
2013-08-14 00:00:00,1.32652,1.32799,1.32389,1.32646,163241.15625
2013-08-15 00:00:00,1.32646,1.33627,1.32054,1.33505,213590.78125
2013-08-16 00:00:00,1.33504,1.33798,1.3311,1.33288,190206.453125
2013-08-17 00:00:00,1.33288,1.33288,1.33288,1.33288,0.0
2013-08-18 00:00:00,1.33296,1.3343,1.33212,1.3329,4558.7900390625
2013-08-19 00:00:00,1.3329,1.33745,1.33151,1.33337,158321.265625
2013-08-20 00:00:00,1.33337,1.34518,1.33234,1.34205,198450.5
2013-08-21 00:00:00,1.34205,1.34268,1.33345,1.3341,215703.15625
2013-08-22 00:00:00,1.3341,1.3373,1.32979,1.33553,212935.546875
2013-08-23 00:00:00,1.33552,1.34096,1.3333,1.33791,202254.4375
2013-08-24 00:00:00,1.33791,1.33791,1.33791,1.33791,0.0
2013-08-25 00:00:00,1.33854,1.33923,1.33771,1.33867,5124.89013671875
2013-08-26 00:00:00,1.33867,1.3394,1.33563,1.33781,114737.0078125
2013-08-27 00:00:00,1.3378,1.33987,1.33232,1.33908,206853.46875
2013-08-28 00:00:00,1.33907,1.33976,1.33049,1.33347,202937.5
2013-08-29 00:00:00,1.33347,1.33399,1.32191,1.32369,203137.8125
2013-08-30 00:00:00,1.32369,1.32548,1.31734,1.32213,173455.90625
2013-08-31 00:00:00,1.32213,1.32213,1.32213,1.32213,0.0
2013-09-01 00:00:00,1.32108,1.3215,1.31965,1.32067,4014.429931640625
2013-09-02 00:00:00,1.32067,1.3227,1.31836,1.31891,119270.1796875
2013-09-03 00:00:00,1.31892,1.31968,1.31385,1.31717,180892.90625
2013-09-04 00:00:00,1.31716,1.32177,1.3157,1.31994,165593.984375
2013-09-05 00:00:00,1.31993,1.32228,1.31105,1.31192,205728.296875
2013-09-06 00:00:00,1.31192,1.31891,1.31046,1.31765,184944.9375
2013-09-07 00:00:00,1.31765,1.31765,1.31765,1.31765,0.0
2013-09-08 00:00:00,1.31622,1.3179,1.3162,1.31721,4637.06982421875
2013-09-09 00:00:00,1.3172,1.32806,1.31665,1.32556,159954.828125
2013-09-10 00:00:00,1.32557,1.32757,1.32298,1.32673,170555.296875
2013-09-11 00:00:00,1.32673,1.33244,1.32439,1.33135,201596.34375
2013-09-12 00:00:00,1.33135,1.33244,1.32552,1.32983,174547.828125
2013-09-13 00:00:00,1.32983,1.3321,1.32538,1.3293,157137.578125
2013-09-14 00:00:00,1.3293,1.3293,1.3293,1.3293,0.0
2013-09-15 00:00:00,1.33528,1.33819,1.33527,1.33584,11091.8798828125
2013-09-16 00:00:00,1.33585,1.33854,1.33301,1.33354,155611.28125
2013-09-17 00:00:00,1.33354,1.33692,1.33248,1.33566,143124.125
2013-09-18 00:00:00,1.33565,1.35418,1.3338,1.35236,235869.015625
2013-09-19 00:00:00,1.35236,1.35685,1.35093,1.35334,235543.046875
2013-09-20 00:00:00,1.35334,1.35487,1.34977,1.35206,175391.859375
2013-09-21 00:00:00,1.35206,1.35206,1.35206,1.35206,0.0
2013-09-22 00:00:00,1.3546,1.35476,1.35241,1.35334,3700.919921875
2013-09-23 00:00:00,1.35334,1.35446,1.3479,1.34966,161072.234375
2013-09-24 00:00:00,1.34968,1.35188,1.3464,1.34731,171863.65625
2013-09-25 00:00:00,1.3473,1.3537,1.34613,1.35173,161942.3125
2013-09-26 00:00:00,1.35172,1.35262,1.3472,1.34874,164521.90625
2013-09-27 00:00:00,1.34874,1.35644,1.3474,1.35217,168832.125
2013-09-28 00:00:00,1.35217,1.35217,1.35217,1.35217,0.0
2013-09-29 00:00:00,1.34923,1.34981,1.34767,1.34944,6822.6201171875
2013-09-30 00:00:00,1.34945,1.3556,1.34778,1.35236,155281.828125
2013-10-01 00:00:00,1.35237,1.3588,1.35158,1.35226,185667.015625
2013-10-02 00:00:00,1.35226,1.36066,1.35043,1.35898,214484.609375
2013-10-03 00:00:00,1.35898,1.36459,1.35804,1.36228,184173.484375
2013-10-04 00:00:00,1.36228,1.36316,1.3538,1.35569,151072.703125
2013-10-05 00:00:00,1.35569,1.35569,1.35569,1.35569,0.0
2013-10-06 00:00:00,1.35629,1.35713,1.35605,1.35685,4220.81982421875
2013-10-07 00:00:00,1.35685,1.35909,1.35425,1.35808,144185.34375
2013-10-08 00:00:00,1.35808,1.36071,1.35576,1.3599,186689.640625
2013-10-09 00:00:00,1.3599,1.36005,1.34855,1.35186,224810.71875
2013-10-10 00:00:00,1.35183,1.35457,1.34877,1.35264,202316.625
2013-10-11 00:00:00,1.35264,1.35816,1.35197,1.35406,183518.828125
2013-10-12 00:00:00,1.35406,1.35406,1.35406,1.35406,0.0
2013-10-13 00:00:00,1.35595,1.35629,1.3551,1.35551,3639.530029296875
2013-10-14 00:00:00,1.35551,1.35975,1.3545,1.35562,744642.5625
2013-10-15 00:00:00,1.35566,1.35709,1.3479,1.35199,641138.75
2013-10-16 00:00:00,1.35206,1.35675,1.34727,1.35216,222108.671875
2013-10-17 00:00:00,1.35216,1.36818,1.35158,1.36682,263898.125
2013-10-18 00:00:00,1.36683,1.37037,1.36592,1.36844,184794.96875
2013-10-19 00:00:00,1.36844,1.36844,1.36844,1.36844,0.0
2013-10-20 00:00:00,1.3684,1.36884,1.3681,1.36811,2896.639892578125
2013-10-21 00:00:00,1.36811,1.36884,1.36509,1.36721,154643.203125
2013-10-22 00:00:00,1.36721,1.37919,1.36623,1.37781,182895.703125
2013-10-23 00:00:00,1.3778,1.37928,1.3741,1.37785,215768.078125
2013-10-24 00:00:00,1.37785,1.38252,1.3764,1.38017,218692.734375
2013-10-25 00:00:00,1.38016,1.38321,1.3774,1.37985,205911.828125
2013-10-26 00:00:00,1.37985,1.37985,1.37985,1.37985,0.0
2013-10-27 00:00:00,1.38059,1.38105,1.38001,1.38045,3743.52001953125
2013-10-28 00:00:00,1.38045,1.38174,1.3775,1.3788,186813.15625
2013-10-29 00:00:00,1.3788,1.3813,1.37362,1.37426,232384.59375
2013-10-30 00:00:00,1.37427,1.37847,1.3696,1.37235,250055.421875
2013-10-31 00:00:00,1.37234,1.37386,1.3575,1.3579,271084.46875
2013-11-01 00:00:00,1.35787,1.35815,1.34795,1.34848,225790.109375
2013-11-02 00:00:00,1.34848,1.34848,1.34848,1.34848,0.0
2013-11-03 00:00:00,1.34866,1.34967,1.34839,1.34921,3347.64990234375
2013-11-04 00:00:00,1.34919,1.35243,1.3442,1.35153,167915.890625
2013-11-05 00:00:00,1.35152,1.35224,1.3449,1.34719,218967.046875
2013-11-06 00:00:00,1.34719,1.35471,1.34675,1.35175,187872.78125
2013-11-07 00:00:00,1.35173,1.35287,1.3295,1.34087,286899.28125
2013-11-08 00:00:00,1.34087,1.34377,1.33178,1.33648,224716.453125
2013-11-09 00:00:00,1.33648,1.33648,1.33648,1.33648,0.0
2013-11-10 00:00:00,1.33572,1.3362,1.33446,1.33464,4146.3798828125
2013-11-11 00:00:00,1.33465,1.34162,1.33465,1.34075,150607.09375
2013-11-12 00:00:00,1.34076,1.34561,1.3359,1.34375,234487.203125
2013-11-13 00:00:00,1.34375,1.34972,1.33898,1.34841,232260.75
2013-11-14 00:00:00,1.34842,1.34941,1.34179,1.34459,236984.53125
2013-11-15 00:00:00,1.34458,1.35052,1.34322,1.34939,170372.703125
2013-11-16 00:00:00,1.34939,1.34939,1.34939,1.34939,0.0
2013-11-17 00:00:00,1.3496,1.34986,1.34801,1.34821,2289.080078125
2013-11-18 00:00:00,1.34821,1.35415,1.34745,1.35017,184377.203125
2013-11-19 00:00:00,1.35014,1.35774,1.34872,1.3564,219450.0625
2013-11-20 00:00:00,1.3564,1.35641,1.34147,1.34302,240255.953125
2013-11-21 00:00:00,1.34302,1.34864,1.33992,1.3471,245663.125
2013-11-22 00:00:00,1.3471,1.35569,1.34623,1.35562,183386.59375
2013-11-23 00:00:00,1.35562,1.35562,1.35562,1.35562,0.0
2013-11-24 00:00:00,1.35481,1.35599,1.35476,1.35512,3205.639892578125
2013-11-25 00:00:00,1.35513,1.35563,1.349,1.35334,187985.5625
2013-11-26 00:00:00,1.35333,1.35747,1.35205,1.35667,200301.046875
2013-11-27 00:00:00,1.35669,1.36128,1.35577,1.35731,210512.234375
2013-11-28 00:00:00,1.35733,1.3618,1.35636,1.36028,153936.40625
2013-11-29 00:00:00,1.36026,1.36216,1.358,1.3589,186069.125
2013-11-30 00:00:00,1.3589,1.3589,1.3589,1.3589,0.0
2013-12-01 00:00:00,1.35848,1.35921,1.35814,1.35848,2832.81005859375
2013-12-02 00:00:00,1.35848,1.36157,1.35255,1.35418,223348.265625
2013-12-03 00:00:00,1.3542,1.36137,1.3524,1.35917,234441.875
2013-12-04 00:00:00,1.35917,1.36051,1.35283,1.35851,251521.109375
2013-12-05 00:00:00,1.35852,1.36772,1.35431,1.36687,288682.0
2013-12-06 00:00:00,1.36688,1.37063,1.36124,1.37037,235563.34375
2013-12-07 00:00:00,1.37037,1.37037,1.37037,1.37037,0.0
2013-12-08 00:00:00,1.37143,1.37211,1.37043,1.37065,4115.43994140625
2013-12-09 00:00:00,1.37064,1.37457,1.36942,1.3737,155620.953125
2013-12-10 00:00:00,1.3737,1.37948,1.37343,1.37642,192167.328125
2013-12-11 00:00:00,1.37641,1.38107,1.37405,1.37849,187788.84375
2013-12-12 00:00:00,1.3785,1.38032,1.3737,1.37496,205174.390625
2013-12-13 00:00:00,1.37496,1.37691,1.37088,1.37389,175279.15625
2013-12-14 00:00:00,1.37389,1.37389,1.37389,1.37389,0.0
2013-12-15 00:00:00,1.3729,1.37418,1.37286,1.37377,2543.800048828125
2013-12-16 00:00:00,1.37378,1.37983,1.37318,1.37605,182007.203125
2013-12-17 00:00:00,1.37605,1.37821,1.37229,1.37692,176596.4375
2013-12-18 00:00:00,1.37691,1.38112,1.36675,1.36825,219054.875
2013-12-19 00:00:00,1.36823,1.36938,1.3649,1.36556,203295.453125
2013-12-20 00:00:00,1.36557,1.37091,1.36248,1.36703,184109.5625
2013-12-21 00:00:00,1.36703,1.36703,1.36703,1.36703,0.0
2013-12-22 00:00:00,1.36724,1.36776,1.36672,1.36776,1941.1400146484375
2013-12-23 00:00:00,1.36772,1.37166,1.36725,1.36971,122418.0
2013-12-24 00:00:00,1.3697,1.36977,1.36549,1.3672,76839.53125
2013-12-25 00:00:00,1.36725,1.36831,1.36606,1.3669,4413.7099609375
2013-12-26 00:00:00,1.36689,1.37015,1.36653,1.36946,61020.51171875
2013-12-27 00:00:00,1.36947,1.38932,1.36925,1.37476,197006.984375
2013-12-28 00:00:00,1.37476,1.37476,1.37476,1.37476,0.0
2013-12-29 00:00:00,1.37558,1.37694,1.3746,1.37513,3885.6201171875
2013-12-30 00:00:00,1.37513,1.38189,1.3728,1.38081,144069.609375
2013-12-31 00:00:00,1.38081,1.38123,1.3741,1.3741,111240.4609375
2014-01-01 00:00:00,1.37553,1.3772,1.3739,1.37653,2724.889892578125
2014-01-02 00:00:00,1.37653,1.37746,1.36294,1.36653,199117.53125
2014-01-03 00:00:00,1.36653,1.36719,1.3582,1.35874,193632.84375
2014-01-04 00:00:00,1.35874,1.35874,1.35874,1.35874,0.0
2014-01-05 00:00:00,1.35935,1.36005,1.3589,1.35955,2823.080078125
2014-01-06 00:00:00,1.35957,1.36527,1.35715,1.36296,189223.734375
2014-01-07 00:00:00,1.36297,1.36562,1.35965,1.3617,204173.109375
2014-01-08 00:00:00,1.3617,1.3635,1.35529,1.35715,209302.75
2014-01-09 00:00:00,1.35714,1.3633,1.3548,1.36062,221843.59375
2014-01-10 00:00:00,1.36062,1.36869,1.3571,1.36661,195201.90625
2014-01-11 00:00:00,1.36661,1.36661,1.36661,1.36661,0.0
2014-01-12 00:00:00,1.36783,1.36786,1.36643,1.3672,3789.77001953125
2014-01-13 00:00:00,1.36719,1.36847,1.3637,1.36686,179419.109375
2014-01-14 00:00:00,1.36684,1.36993,1.3649,1.36671,177116.484375
2014-01-15 00:00:00,1.3667,1.36731,1.35814,1.35995,178873.515625
2014-01-16 00:00:00,1.35994,1.36493,1.3583,1.36154,176183.078125
2014-01-17 00:00:00,1.36153,1.36209,1.35169,1.35389,163132.15625
2014-01-18 00:00:00,1.35389,1.35389,1.35389,1.35389,0.0
2014-01-19 00:00:00,1.35373,1.35375,1.35248,1.3527,3851.52001953125
2014-01-20 00:00:00,1.35272,1.35679,1.35075,1.35459,120202.3671875
2014-01-21 00:00:00,1.35457,1.35687,1.35164,1.35572,176772.09375
2014-01-22 00:00:00,1.35571,1.35835,1.35345,1.35439,169664.296875
2014-01-23 00:00:00,1.35439,1.36983,1.35303,1.36882,248787.515625
2014-01-24 00:00:00,1.36882,1.37394,1.36627,1.36737,216233.1875
2014-01-25 00:00:00,1.36737,1.36737,1.36737,1.36737,0.0
2014-01-26 00:00:00,1.36773,1.36906,1.36731,1.36867,5553.4599609375
2014-01-27 00:00:00,1.36868,1.37166,1.36531,1.36741,193342.3125
2014-01-28 00:00:00,1.36741,1.36885,1.3629,1.3654,171590.875
2014-01-29 00:00:00,1.36538,1.36846,1.3603,1.36574,224702.9375
2014-01-30 00:00:00,1.36572,1.36624,1.35434,1.35574,234697.0625
2014-01-31 00:00:00,1.35575,1.35728,1.3479,1.34827,240687.65625
2014-02-01 00:00:00,1.34827,1.34827,1.34827,1.34827,0.0
2014-02-02 00:00:00,1.34841,1.34912,1.34818,1.34873,3629.1298828125
2014-02-03 00:00:00,1.34873,1.35354,1.34772,1.35226,230509.765625
2014-02-04 00:00:00,1.35226,1.35385,1.34934,1.35159,201621.265625
2014-02-05 00:00:00,1.35156,1.35554,1.3499,1.35337,213095.453125
2014-02-06 00:00:00,1.35338,1.36188,1.3482,1.35917,223807.78125
2014-02-07 00:00:00,1.35916,1.36424,1.35519,1.36342,193127.046875
2014-02-08 00:00:00,1.36342,1.36342,1.36342,1.36342,0.0
2014-02-09 00:00:00,1.36165,1.36269,1.3616,1.36186,3053.409912109375
2014-02-10 00:00:00,1.36185,1.36514,1.36184,1.36451,143303.625
2014-02-11 00:00:00,1.36451,1.36829,1.36295,1.36366,182680.5
2014-02-12 00:00:00,1.36366,1.36527,1.35623,1.35877,197226.828125
2014-02-13 00:00:00,1.35876,1.36918,1.35855,1.36759,202744.203125
2014-02-14 00:00:00,1.36759,1.37147,1.36736,1.36914,168199.921875
2014-02-15 00:00:00,1.36914,1.36914,1.36914,1.36914,0.0
2014-02-16 00:00:00,1.37083,1.37097,1.3695,1.37041,3124.18994140625
2014-02-17 00:00:00,1.37041,1.3724,1.36921,1.37038,114561.5390625
2014-02-18 00:00:00,1.37036,1.37704,1.36946,1.37603,181482.625
2014-02-19 00:00:00,1.37603,1.37731,1.37244,1.37293,155350.6875
2014-02-20 00:00:00,1.37293,1.37625,1.36855,1.37205,147077.015625
2014-02-21 00:00:00,1.37205,1.37586,1.3702,1.37375,116097.390625
2014-02-22 00:00:00,1.37375,1.37375,1.37375,1.37375,0.0
2014-02-23 00:00:00,1.37326,1.37414,1.37325,1.37375,1958.18994140625
2014-02-24 00:00:00,1.37376,1.3771,1.37084,1.37345,120817.1015625
2014-02-25 00:00:00,1.37345,1.37671,1.37155,1.37458,136327.234375
2014-02-26 00:00:00,1.37457,1.37571,1.36617,1.36809,151360.9375
2014-02-27 00:00:00,1.36808,1.37268,1.36432,1.37061,147824.34375
2014-02-28 00:00:00,1.37064,1.38248,1.36941,1.3799,176251.65625
2014-03-01 00:00:00,1.3799,1.3799,1.3799,1.3799,0.0
2014-03-02 00:00:00,1.37593,1.3788,1.37551,1.3774,5887.10009765625
2014-03-03 00:00:00,1.37741,1.37926,1.37263,1.37355,130624.7578125
2014-03-04 00:00:00,1.37355,1.37815,1.37208,1.37419,124944.40625
2014-03-05 00:00:00,1.37415,1.37488,1.37075,1.37314,118258.1171875
2014-03-06 00:00:00,1.37314,1.38729,1.37212,1.38633,163455.828125
2014-03-07 00:00:00,1.38633,1.3915,1.38521,1.38753,141384.984375
2014-03-08 00:00:00,1.38753,1.38753,1.38753,1.38753,0.0
2014-03-09 00:00:00,1.38749,1.38796,1.38697,1.38771,3563.02001953125
2014-03-10 00:00:00,1.38772,1.38978,1.38616,1.38759,105023.1015625
2014-03-11 00:00:00,1.3876,1.38766,1.38338,1.38563,123617.0625
2014-03-12 00:00:00,1.38563,1.39142,1.38433,1.39023,144347.796875
2014-03-13 00:00:00,1.39023,1.39667,1.38456,1.3865,210937.890625
2014-03-14 00:00:00,1.38649,1.39372,1.38476,1.39059,152332.9375
2014-03-15 00:00:00,1.39059,1.39059,1.39059,1.39059,0.0
2014-03-16 00:00:00,1.39065,1.39173,1.39027,1.3909,4907.39990234375
2014-03-17 00:00:00,1.39091,1.39475,1.38791,1.39253,119658.671875
2014-03-18 00:00:00,1.39251,1.39425,1.38799,1.39292,139982.453125
2014-03-19 00:00:00,1.39293,1.39324,1.38097,1.38181,148508.5625
2014-03-20 00:00:00,1.3818,1.38448,1.37494,1.37786,152361.359375
2014-03-21 00:00:00,1.37787,1.38106,1.37657,1.37915,114199.0390625
2014-03-22 00:00:00,1.37915,1.37915,1.37915,1.37915,0.0
2014-03-23 00:00:00,1.37968,1.38063,1.37881,1.37969,3441.330078125
2014-03-24 00:00:00,1.37968,1.38754,1.37604,1.38362,132822.921875
2014-03-25 00:00:00,1.38364,1.38469,1.37491,1.38199,164939.4375
2014-03-26 00:00:00,1.382,1.38233,1.37766,1.37856,157953.84375
2014-03-27 00:00:00,1.37855,1.37968,1.37286,1.37405,148441.953125
2014-03-28 00:00:00,1.37406,1.3773,1.37048,1.37491,120842.7265625
2014-03-29 00:00:00,1.37491,1.37491,1.37491,1.37491,0.0
2014-03-30 00:00:00,1.37612,1.37636,1.37451,1.37531,3332.75
2014-03-31 00:00:00,1.3753,1.38067,1.37216,1.37739,119090.5078125
2014-04-01 00:00:00,1.37739,1.38155,1.37692,1.37933,94038.2890625
2014-04-02 00:00:00,1.37933,1.38202,1.37532,1.37665,96886.140625
2014-04-03 00:00:00,1.37666,1.38064,1.36982,1.37227,147319.140625
2014-04-04 00:00:00,1.37227,1.37308,1.36728,1.37016,135092.828125
2014-04-05 00:00:00,1.37016,1.37016,1.37016,1.37016,0.0
2014-04-06 00:00:00,1.36964,1.37041,1.36943,1.37036,2985.989990234375
2014-04-07 00:00:00,1.37036,1.37486,1.36972,1.3742,101004.90625
2014-04-08 00:00:00,1.3742,1.38115,1.37374,1.37929,134065.5
2014-04-09 00:00:00,1.3793,1.38619,1.37799,1.38523,142058.65625
2014-04-10 00:00:00,1.38523,1.3899,1.3836,1.38865,140826.96875
2014-04-11 00:00:00,1.38866,1.39056,1.38635,1.38843,122176.171875
2014-04-12 00:00:00,1.38843,1.38843,1.38843,1.38843,0.0
2014-04-13 00:00:00,1.38433,1.38606,1.38416,1.3847,5761.47998046875
2014-04-14 00:00:00,1.38471,1.3863,1.38081,1.38155,119526.6875
2014-04-15 00:00:00,1.38153,1.38331,1.37903,1.3811,122386.1328125
2014-04-16 00:00:00,1.38111,1.38508,1.38037,1.38237,119833.109375
2014-04-17 00:00:00,1.38236,1.38645,1.38105,1.38105,105610.8203125
2014-04-18 00:00:00,1.38105,1.38223,1.38077,1.38077,25516.349609375
2014-04-19 00:00:00,1.38077,1.38077,1.38077,1.38077,0.0
2014-04-20 00:00:00,1.38121,1.38173,1.38106,1.38141,2263.840087890625
2014-04-21 00:00:00,1.38142,1.38304,1.37871,1.37916,46137.01171875
2014-04-22 00:00:00,1.37916,1.38248,1.3785,1.38069,96930.2578125
2014-04-23 00:00:00,1.3807,1.38546,1.38003,1.3817,133030.53125
2014-04-24 00:00:00,1.3817,1.38429,1.37914,1.38303,125642.71875
2014-04-25 00:00:00,1.38304,1.38482,1.38267,1.38329,96486.828125
2014-04-26 00:00:00,1.38329,1.38329,1.38329,1.38329,0.0
2014-04-27 00:00:00,1.38447,1.38447,1.38357,1.3839,2489.64990234375
2014-04-28 00:00:00,1.38389,1.38794,1.38147,1.38518,131037.953125
2014-04-29 00:00:00,1.38518,1.38791,1.38055,1.3813,156695.6875
2014-04-30 00:00:00,1.38129,1.38765,1.3775,1.38679,194255.375
2014-05-01 00:00:00,1.3868,1.38892,1.38628,1.38699,108122.5625
2014-05-02 00:00:00,1.38698,1.38813,1.38122,1.38706,165025.578125
2014-05-03 00:00:00,1.38706,1.38706,1.38706,1.38706,0.0
2014-05-04 00:00:00,1.38818,1.38838,1.3871,1.38717,7850.66015625
2014-05-05 00:00:00,1.38716,1.3886,1.38645,1.38746,121529.7578125
2014-05-06 00:00:00,1.38746,1.39512,1.38721,1.39291,151786.703125
2014-05-07 00:00:00,1.39291,1.39385,1.39092,1.39105,162509.0625
2014-05-08 00:00:00,1.39105,1.39933,1.38331,1.38425,223628.5
2014-05-09 00:00:00,1.38427,1.38437,1.37451,1.37553,191745.953125
2014-05-10 00:00:00,1.37553,1.37553,1.37553,1.37553,0.0
2014-05-11 00:00:00,1.37526,1.3761,1.37522,1.37603,3457.330078125
2014-05-12 00:00:00,1.37603,1.37748,1.37494,1.37554,132364.40625
2014-05-13 00:00:00,1.37555,1.37714,1.36891,1.37078,193907.390625
2014-05-14 00:00:00,1.37077,1.37308,1.36979,1.37176,169154.03125
2014-05-15 00:00:00,1.37175,1.37322,1.36484,1.37169,201896.484375
2014-05-16 00:00:00,1.37169,1.37268,1.36853,1.36922,135192.5625
2014-05-17 00:00:00,1.36922,1.36922,1.36922,1.36922,0.0
2014-05-18 00:00:00,1.36927,1.37029,1.36926,1.37029,11798.26953125
2014-05-19 00:00:00,1.37029,1.37341,1.36986,1.37124,144736.703125
2014-05-20 00:00:00,1.37124,1.37138,1.3678,1.37033,158404.625
2014-05-21 00:00:00,1.37033,1.37231,1.36345,1.36817,164294.953125
2014-05-22 00:00:00,1.36819,1.3687,1.36452,1.36533,159470.328125
2014-05-23 00:00:00,1.36532,1.36534,1.36156,1.36274,154646.65625
2014-05-24 00:00:00,1.36274,1.36274,1.36274,1.36274,0.0
2014-05-25 00:00:00,1.36233,1.36307,1.36145,1.36275,3677.199951171875
2014-05-26 00:00:00,1.36275,1.36544,1.36155,1.36518,88442.2890625
2014-05-27 00:00:00,1.36519,1.36685,1.36125,1.36336,148089.796875
2014-05-28 00:00:00,1.36337,1.36378,1.35885,1.35919,159546.265625
2014-05-29 00:00:00,1.35919,1.36255,1.35862,1.36026,155468.234375
2014-05-30 00:00:00,1.36027,1.365,1.35984,1.36331,159149.015625
2014-05-31 00:00:00,1.36331,1.36331,1.36331,1.36331,0.0
2014-06-01 00:00:00,1.36359,1.36373,1.36221,1.36287,4794.8798828125
2014-06-02 00:00:00,1.36287,1.36361,1.35881,1.35965,165085.046875
2014-06-03 00:00:00,1.35965,1.36478,1.35875,1.36208,164899.484375
2014-06-04 00:00:00,1.36208,1.36387,1.35965,1.36025,177202.328125
2014-06-05 00:00:00,1.36024,1.36698,1.3503,1.36603,259512.453125
2014-06-06 00:00:00,1.36603,1.36765,1.3621,1.36418,176988.125
2014-06-07 00:00:00,1.36418,1.36418,1.36418,1.36418,0.0
2014-06-08 00:00:00,1.36436,1.36484,1.36426,1.36477,2087.320068359375
2014-06-09 00:00:00,1.36476,1.36687,1.35826,1.35923,148065.046875
2014-06-10 00:00:00,1.35925,1.36018,1.35335,1.35392,222950.125
2014-06-11 00:00:00,1.35391,1.35571,1.35215,1.35357,201045.046875
2014-06-12 00:00:00,1.35359,1.35719,1.35123,1.35505,206363.34375
2014-06-13 00:00:00,1.35505,1.3579,1.3521,1.35354,192386.9375
2014-06-14 00:00:00,1.35354,1.35354,1.35354,1.35354,0.0
2014-06-15 00:00:00,1.35406,1.35407,1.3531,1.35359,4244.580078125
2014-06-16 00:00:00,1.35359,1.35794,1.3513,1.35757,184503.3125
2014-06-17 00:00:00,1.35757,1.3587,1.35364,1.35487,197908.859375
2014-06-18 00:00:00,1.35489,1.35993,1.35417,1.35895,192145.5625
2014-06-19 00:00:00,1.35896,1.36434,1.35848,1.36101,215110.1875
2014-06-20 00:00:00,1.361,1.36339,1.35643,1.35992,214651.125
2014-06-21 00:00:00,1.35992,1.35992,1.35992,1.35992,0.0
2014-06-22 00:00:00,1.35888,1.35964,1.35888,1.3591,3909.780029296875
2014-06-23 00:00:00,1.3591,1.36135,1.35741,1.36,280379.40625
2014-06-24 00:00:00,1.36002,1.36277,1.35834,1.36058,261625.9375
2014-06-25 00:00:00,1.36059,1.36511,1.36005,1.36278,269446.4375
2014-06-26 00:00:00,1.36279,1.36413,1.35762,1.36114,301313.71875
2014-06-27 00:00:00,1.36114,1.36505,1.361,1.36477,261372.125
2014-06-28 00:00:00,1.36477,1.36477,1.36477,1.36477,0.0
2014-06-29 00:00:00,1.36435,1.36477,1.36425,1.36434,2093.5
2014-06-30 00:00:00,1.36434,1.36977,1.36402,1.36914,223829.375
2014-07-01 00:00:00,1.36913,1.37004,1.36755,1.36802,300434.6875
2014-07-02 00:00:00,1.36802,1.36812,1.364,1.36531,287107.40625
2014-07-03 00:00:00,1.36531,1.36642,1.3596,1.36088,358414.15625
2014-07-04 00:00:00,1.36086,1.36112,1.35855,1.35944,209969.5
2014-07-05 00:00:00,1.35944,1.35944,1.35944,1.35944,0.0
2014-07-06 00:00:00,1.35945,1.35966,1.3584,1.3588,7168.18017578125
2014-07-07 00:00:00,1.35881,1.36091,1.35759,1.36058,299239.90625
2014-07-08 00:00:00,1.36058,1.36173,1.35882,1.36167,377918.46875
2014-07-09 00:00:00,1.36166,1.36483,1.36022,1.36432,309667.1875
2014-07-10 00:00:00,1.36433,1.36507,1.35891,1.36042,369468.3125
2014-07-11 00:00:00,1.36041,1.36247,1.35919,1.36035,119086.75
2014-07-12 00:00:00,1.36035,1.36035,1.36035,1.36035,0.0
2014-07-13 00:00:00,1.35989,1.36076,1.35989,1.36022,3030.280029296875
2014-07-14 00:00:00,1.36023,1.36402,1.35974,1.36217,112932.2578125
2014-07-15 00:00:00,1.36217,1.36281,1.3562,1.35706,155028.984375
2014-07-16 00:00:00,1.35705,1.35711,1.3521,1.35281,119220.34375
2014-07-17 00:00:00,1.35281,1.35401,1.35127,1.35186,137292.515625
2014-07-18 00:00:00,1.35186,1.3536,1.3491,1.35227,129850.3515625
2014-07-19 00:00:00,1.35227,1.35227,1.35227,1.35227,0.0
2014-07-20 00:00:00,1.35283,1.35319,1.35247,1.35303,3605.06005859375
2014-07-21 00:00:00,1.35304,1.3549,1.3513,1.35221,100963.296875
2014-07-22 00:00:00,1.35222,1.35296,1.3459,1.34667,132312.5625
2014-07-23 00:00:00,1.34668,1.34741,1.34549,1.3461,102439.1484375
2014-07-24 00:00:00,1.3461,1.34849,1.34382,1.34652,115725.5234375
2014-07-25 00:00:00,1.34652,1.34756,1.34214,1.34285,107455.03125
2014-07-26 00:00:00,1.34285,1.34285,1.34285,1.34285,0.0
2014-07-27 00:00:00,1.34305,1.34343,1.34272,1.34287,3837.1298828125
2014-07-28 00:00:00,1.34288,1.34438,1.34269,1.34373,87460.53125
2014-07-29 00:00:00,1.34374,1.34445,1.34042,1.34098,112802.7421875
2014-07-30 00:00:00,1.341,1.34154,1.33669,1.33945,145925.609375
2014-07-31 00:00:00,1.33946,1.34006,1.33716,1.33889,129815.1015625
2014-08-01 00:00:00,1.33889,1.34447,1.33785,1.34238,139674.8125
2014-08-02 00:00:00,1.34238,1.34238,1.34238,1.34238,0.0
2014-08-03 00:00:00,1.343,1.34329,1.34231,1.3428,3201.030029296875
2014-08-04 00:00:00,1.34281,1.34311,1.34094,1.34216,95466.8515625
2014-08-05 00:00:00,1.34216,1.34248,1.33582,1.33714,119616.6171875
2014-08-06 00:00:00,1.33714,1.33878,1.3333,1.33796,154264.125
2014-08-07 00:00:00,1.33797,1.33936,1.33371,1.33572,145485.890625
2014-08-08 00:00:00,1.33572,1.34324,1.33435,1.34085,164479.421875
2014-08-09 00:00:00,1.34085,1.34085,1.34085,1.34085,0.0
2014-08-10 00:00:00,1.34077,1.34113,1.34032,1.34043,4015.330078125
2014-08-11 00:00:00,1.34042,1.34084,1.33803,1.33822,94561.359375
2014-08-12 00:00:00,1.33821,1.3383,1.3336,1.33648,114269.328125
2014-08-13 00:00:00,1.33648,1.34151,1.33423,1.33657,128781.3671875
2014-08-14 00:00:00,1.33657,1.34077,1.33484,1.33613,136878.296875
2014-08-15 00:00:00,1.33613,1.34117,1.33587,1.33976,131049.359375
2014-08-16 00:00:00,1.33976,1.33976,1.33976,1.33976,0.0
2014-08-17 00:00:00,1.33908,1.33984,1.3388,1.33895,4737.2099609375
2014-08-18 00:00:00,1.33895,1.33991,1.33529,1.336,91114.2265625
2014-08-19 00:00:00,1.336,1.33605,1.33133,1.33203,132255.375
2014-08-20 00:00:00,1.33203,1.33217,1.32553,1.3259,141635.21875
2014-08-21 00:00:00,1.32591,1.32884,1.32417,1.32785,126705.0703125
2014-08-22 00:00:00,1.32784,1.32966,1.32206,1.32392,140249.40625
2014-08-23 00:00:00,1.32392,1.32392,1.32392,1.32392,0.0
2014-08-24 00:00:00,1.31948,1.32043,1.31854,1.31971,12277.150390625
2014-08-25 00:00:00,1.31973,1.32103,1.31789,1.3186,115468.2265625
2014-08-26 00:00:00,1.31861,1.32147,1.31646,1.31697,146017.296875
2014-08-27 00:00:00,1.31696,1.32098,1.31526,1.31919,150239.890625
2014-08-28 00:00:00,1.31919,1.32208,1.31597,1.31841,143868.765625
2014-08-29 00:00:00,1.3184,1.3196,1.31311,1.31311,136330.328125
2014-08-30 00:00:00,1.31311,1.31311,1.31311,1.31311,0.0
2014-08-31 00:00:00,1.31272,1.31348,1.31245,1.31266,8840.8603515625
2014-09-01 00:00:00,1.31267,1.31454,1.3119,1.31311,107534.7734375
2014-09-02 00:00:00,1.3131,1.31367,1.31102,1.31311,144090.8125
2014-09-03 00:00:00,1.31309,1.31599,1.3122,1.3148,158306.625
2014-09-04 00:00:00,1.3148,1.31539,1.29202,1.29298,218094.65625
2014-09-05 00:00:00,1.293,1.29878,1.29248,1.29505,166111.0
2014-09-06 00:00:00,1.29505,1.29505,1.29505,1.29505,0.0
2014-09-07 00:00:00,1.29556,1.29583,1.29491,1.29518,16774.05078125
2014-09-08 00:00:00,1.29518,1.2959,1.28814,1.28912,183427.65625
2014-09-09 00:00:00,1.28912,1.29574,1.28594,1.2941,205611.65625
2014-09-10 00:00:00,1.29409,1.29629,1.28838,1.29167,199871.328125
2014-09-11 00:00:00,1.29166,1.29517,1.2897,1.29224,200440.734375
2014-09-12 00:00:00,1.29224,1.29793,1.29088,1.29616,180754.65625
2014-09-13 00:00:00,1.29616,1.29616,1.29616,1.29616,0.0
2014-09-14 00:00:00,1.29719,1.29727,1.29587,1.29595,11712.76953125
2014-09-15 00:00:00,1.29595,1.29691,1.29086,1.29384,174640.515625
2014-09-16 00:00:00,1.29385,1.2995,1.29223,1.29579,197708.953125
2014-09-17 00:00:00,1.29579,1.29813,1.28344,1.28488,193535.125
2014-09-18 00:00:00,1.28489,1.29302,1.28485,1.29202,194257.03125
2014-09-19 00:00:00,1.29202,1.29288,1.28275,1.28279,185911.0625
2014-09-20 00:00:00,1.28279,1.28279,1.28279,1.28279,0.0
2014-09-21 00:00:00,1.28331,1.28442,1.28257,1.28398,8051.080078125
2014-09-22 00:00:00,1.28396,1.28677,1.28162,1.28501,147082.703125
2014-09-23 00:00:00,1.28501,1.29012,1.28394,1.28488,167392.4375
2014-09-24 00:00:00,1.28489,1.28636,1.27741,1.27767,172227.453125
2014-09-25 00:00:00,1.27768,1.27832,1.2697,1.2755,190549.65625
2014-09-26 00:00:00,1.27549,1.276,1.26769,1.26809,156861.265625
2014-09-27 00:00:00,1.26809,1.26809,1.26809,1.26809,0.0
2014-09-28 00:00:00,1.26808,1.26834,1.26664,1.26753,9593.6201171875
2014-09-29 00:00:00,1.26755,1.27147,1.26636,1.269,178858.234375
2014-09-30 00:00:00,1.26898,1.27022,1.2571,1.26279,194596.34375
2014-10-01 00:00:00,1.2628,1.26396,1.25836,1.26216,199788.640625
2014-10-02 00:00:00,1.26216,1.26987,1.26138,1.26681,243421.65625
2014-10-03 00:00:00,1.26681,1.2669,1.25005,1.25142,178240.453125
2014-10-04 00:00:00,1.25142,1.25142,1.25142,1.25142,0.0
2014-10-05 00:00:00,1.25107,1.2515,1.25089,1.25124,8670.849609375
2014-10-06 00:00:00,1.25126,1.26749,1.25121,1.26432,197765.75
2014-10-07 00:00:00,1.26431,1.26833,1.25837,1.26647,229270.25
2014-10-08 00:00:00,1.26648,1.27548,1.26226,1.27406,233426.9375
2014-10-09 00:00:00,1.27405,1.27913,1.2664,1.26881,227332.703125
2014-10-10 00:00:00,1.26882,1.2716,1.26054,1.26268,185574.734375
2014-10-11 00:00:00,1.26268,1.26268,1.26268,1.26268,0.0
2014-10-12 00:00:00,1.26311,1.26474,1.26201,1.26396,10161.2900390625
2014-10-13 00:00:00,1.26397,1.27679,1.26336,1.27217,182377.109375
2014-10-14 00:00:00,1.27216,1.27314,1.26315,1.26412,205727.0
2014-10-15 00:00:00,1.26412,1.28865,1.26247,1.28202,294121.125
2014-10-16 00:00:00,1.28202,1.28449,1.27057,1.28042,256551.84375
2014-10-17 00:00:00,1.28043,1.28369,1.27436,1.27589,163050.921875
2014-10-18 00:00:00,1.27589,1.27589,1.27589,1.27589,0.0
2014-10-19 00:00:00,1.27507,1.27599,1.27364,1.27473,11051.5302734375
2014-10-20 00:00:00,1.27473,1.28168,1.27312,1.27941,158130.953125
2014-10-21 00:00:00,1.27942,1.28401,1.27064,1.27136,194253.78125
2014-10-22 00:00:00,1.27136,1.27396,1.26372,1.26415,186794.828125
2014-10-23 00:00:00,1.26415,1.26766,1.26137,1.26492,175690.375
2014-10-24 00:00:00,1.26492,1.26957,1.26349,1.26688,156079.265625
2014-10-25 00:00:00,1.26688,1.26688,1.26688,1.26688,0.0
2014-10-26 00:00:00,1.26754,1.26857,1.26719,1.26758,9743.83984375
2014-10-27 00:00:00,1.26759,1.27231,1.26657,1.27022,169084.9375
2014-10-28 00:00:00,1.27022,1.27648,1.26845,1.27369,176327.8125
2014-10-29 00:00:00,1.2737,1.27705,1.26264,1.26316,189783.109375
2014-10-30 00:00:00,1.26318,1.26329,1.25474,1.2609,223223.59375
2014-10-31 00:00:00,1.26088,1.26089,1.2486,1.2522,217950.21875
2014-11-01 00:00:00,1.2522,1.2522,1.2522,1.2522,0.0
2014-11-02 00:00:00,1.25067,1.25138,1.25017,1.25018,10622.759765625
2014-11-03 00:00:00,1.25019,1.25112,1.24396,1.24921,209827.796875
2014-11-04 00:00:00,1.24921,1.25773,1.24901,1.25516,204778.828125
2014-11-05 00:00:00,1.25516,1.25669,1.24572,1.24775,222601.03125
2014-11-06 00:00:00,1.24774,1.25333,1.23648,1.23803,239752.34375
2014-11-07 00:00:00,1.238,1.24694,1.2358,1.24522,221870.984375
2014-11-08 00:00:00,1.24522,1.24522,1.24522,1.24522,0.0
2014-11-09 00:00:00,1.24722,1.24801,1.24598,1.246,8829.5498046875
2014-11-10 00:00:00,1.24599,1.25091,1.24181,1.24259,176970.625
2014-11-11 00:00:00,1.24257,1.24991,1.23943,1.24756,187057.53125
2014-11-12 00:00:00,1.24756,1.24978,1.24194,1.24298,219437.9375
2014-11-13 00:00:00,1.24298,1.24915,1.24279,1.24735,170570.078125
2014-11-14 00:00:00,1.24736,1.25463,1.23985,1.25234,201690.234375
2014-11-15 00:00:00,1.25234,1.25234,1.25234,1.25234,0.0
2014-11-16 00:00:00,1.25301,1.25321,1.25139,1.25211,9030.2099609375
2014-11-17 00:00:00,1.25211,1.25774,1.24435,1.245,186573.390625
2014-11-18 00:00:00,1.245,1.2545,1.24491,1.25322,177316.609375
2014-11-19 00:00:00,1.25322,1.25985,1.25123,1.25405,242193.65625
2014-11-20 00:00:00,1.25404,1.25752,1.25042,1.25431,215089.078125
2014-11-21 00:00:00,1.2543,1.25682,1.2375,1.23871,199164.625
2014-11-22 00:00:00,1.23871,1.23871,1.23871,1.23871,0.0
2014-11-23 00:00:00,1.23627,1.23753,1.23622,1.23715,8310.4599609375
2014-11-24 00:00:00,1.23716,1.24446,1.23716,1.24338,157714.078125
2014-11-25 00:00:00,1.24339,1.24869,1.24018,1.24795,162135.5625
2014-11-26 00:00:00,1.24795,1.25312,1.24437,1.25042,147442.4375
2014-11-27 00:00:00,1.25042,1.25235,1.24558,1.24595,96670.0
2014-11-28 00:00:00,1.24596,1.24902,1.24263,1.24497,131480.296875
2014-11-29 00:00:00,1.24497,1.24497,1.24497,1.24497,0.0
2014-11-30 00:00:00,1.24631,1.24641,1.24317,1.24366,8176.06982421875
2014-12-01 00:00:00,1.24368,1.25067,1.24194,1.24699,183811.953125
2014-12-02 00:00:00,1.24699,1.24762,1.23769,1.23876,156432.125
2014-12-03 00:00:00,1.23876,1.23905,1.23012,1.2314,172428.5
2014-12-04 00:00:00,1.2314,1.24563,1.22795,1.23857,206547.234375
2014-12-05 00:00:00,1.23855,1.23931,1.22709,1.2281,155977.796875
2014-12-06 00:00:00,1.2281,1.2281,1.2281,1.2281,0.0
2014-12-07 00:00:00,1.22864,1.23027,1.22804,1.22938,5605.259765625
2014-12-08 00:00:00,1.22935,1.23439,1.22472,1.23147,155386.125
2014-12-09 00:00:00,1.23147,1.24475,1.2292,1.2388,199364.828125
2014-12-10 00:00:00,1.2388,1.24866,1.23622,1.24804,180699.671875
2014-12-11 00:00:00,1.24803,1.24951,1.23702,1.23931,203079.046875
2014-12-12 00:00:00,1.23931,1.24851,1.23843,1.24597,171665.046875
2014-12-13 00:00:00,1.24597,1.24597,1.24597,1.24597,0.0
2014-12-14 00:00:00,1.2474,1.24777,1.24562,1.24638,10271.2802734375
2014-12-15 00:00:00,1.24638,1.24786,1.24146,1.24402,179326.734375
2014-12-16 00:00:00,1.24401,1.25699,1.24355,1.25106,214930.359375
2014-12-17 00:00:00,1.25106,1.25159,1.23209,1.23368,201911.84375
2014-12-18 00:00:00,1.23367,1.23524,1.22657,1.22883,178869.4375
2014-12-19 00:00:00,1.22883,1.23022,1.22201,1.22265,139780.515625
2014-12-20 00:00:00,1.22265,1.22265,1.22265,1.22265,0.0
2014-12-21 00:00:00,1.22229,1.22264,1.22198,1.22245,3196.8798828125
2014-12-22 00:00:00,1.22245,1.22725,1.22166,1.2223,108293.0703125
2014-12-23 00:00:00,1.22231,1.22456,1.21646,1.21752,102312.2890625
2014-12-24 00:00:00,1.21752,1.22201,1.21695,1.21911,60177.828125
2014-12-25 00:00:00,1.21917,1.22283,1.21869,1.22079,8123.240234375
2014-12-26 00:00:00,1.22075,1.22218,1.21686,1.21762,46510.921875
2014-12-27 00:00:00,1.21762,1.21762,1.21762,1.21762,0.0
2014-12-28 00:00:00,1.21792,1.21804,1.21672,1.21682,5834.06005859375
2014-12-29 00:00:00,1.21682,1.2221,1.21429,1.21533,95526.3984375
2014-12-30 00:00:00,1.21535,1.21873,1.21239,1.21613,106527.1015625
2014-12-31 00:00:00,1.21613,1.21697,1.20968,1.20976,73325.1015625
2015-01-01 00:00:00,1.21038,1.21073,1.20783,1.20869,5732.39013671875
2015-01-02 00:00:00,1.20871,1.2089,1.20004,1.20017,119384.4609375
2015-01-03 00:00:00,1.20017,1.20017,1.20017,1.20017,0.0
2015-01-04 00:00:00,1.19495,1.19537,1.18677,1.19469,13740.6396484375
2015-01-05 00:00:00,1.19469,1.19762,1.18872,1.19374,159296.5625
2015-01-06 00:00:00,1.19374,1.19687,1.18461,1.18722,177669.796875
2015-01-07 00:00:00,1.18722,1.18966,1.18022,1.18337,181679.828125
2015-01-08 00:00:00,1.18337,1.18475,1.17543,1.1792,150219.796875
2015-01-09 00:00:00,1.1792,1.1846,1.17629,1.18406,167943.65625
2015-01-10 00:00:00,1.18406,1.18406,1.18406,1.18406,0.0
2015-01-11 00:00:00,1.18452,1.18699,1.1845,1.18697,4748.77001953125
2015-01-12 00:00:00,1.18697,1.18708,1.17861,1.18318,163540.09375
2015-01-13 00:00:00,1.18319,1.18596,1.17531,1.1777,190749.390625
2015-01-14 00:00:00,1.17771,1.18464,1.17273,1.1784,214321.421875
2015-01-15 00:00:00,1.1784,1.17903,1.15675,1.1636,286756.34375
2015-01-16 00:00:00,1.16361,1.16487,1.146,1.15626,243185.734375
2015-01-17 00:00:00,1.15626,1.15626,1.15626,1.15626,0.0
2015-01-18 00:00:00,1.15515,1.15735,1.15515,1.15612,4557.419921875
2015-01-19 00:00:00,1.15614,1.16388,1.15514,1.15947,140976.890625
2015-01-20 00:00:00,1.15946,1.1615,1.15405,1.15454,152910.875
2015-01-21 00:00:00,1.15454,1.16799,1.15412,1.16147,177131.78125
2015-01-22 00:00:00,1.16146,1.16505,1.1316,1.13467,208738.828125
2015-01-23 00:00:00,1.13468,1.1374,1.11146,1.1202,228253.390625
2015-01-24 00:00:00,1.1202,1.1202,1.1202,1.1202,0.0
2015-01-25 00:00:00,1.11521,1.11562,1.10979,1.11417,12903.0595703125
2015-01-26 00:00:00,1.11417,1.12954,1.11381,1.12496,177766.5625
2015-01-27 00:00:00,1.12496,1.14225,1.12237,1.13678,179735.765625
2015-01-28 00:00:00,1.13678,1.13821,1.12725,1.1283,175837.875
2015-01-29 00:00:00,1.12829,1.13678,1.12619,1.13337,170749.1875
2015-01-30 00:00:00,1.13338,1.13635,1.12783,1.1285,170262.09375
2015-01-31 00:00:00,1.1285,1.1285,1.1285,1.1285,0.0
2015-02-01 00:00:00,1.13112,1.13192,1.13005,1.1307,5791.97021484375
2015-02-02 00:00:00,1.1307,1.13621,1.12922,1.13387,149828.0625
2015-02-03 00:00:00,1.13386,1.15338,1.13124,1.14565,192626.6875
2015-02-04 00:00:00,1.14564,1.14848,1.13039,1.13165,170795.25
2015-02-05 00:00:00,1.13165,1.14988,1.13159,1.14705,159348.8125
2015-02-06 00:00:00,1.14705,1.14735,1.13119,1.13128,140728.59375
2015-02-07 00:00:00,1.13128,1.13128,1.13128,1.13128,0.0
2015-02-08 00:00:00,1.12957,1.13254,1.12953,1.13135,6161.43994140625
2015-02-09 00:00:00,1.13135,1.13595,1.12703,1.13242,145020.265625
2015-02-10 00:00:00,1.13242,1.13454,1.12729,1.13185,152770.71875
2015-02-11 00:00:00,1.13185,1.13516,1.128,1.13108,148970.890625
2015-02-12 00:00:00,1.13109,1.14228,1.13034,1.14037,172088.109375
2015-02-13 00:00:00,1.14037,1.14427,1.138,1.13877,143354.578125
2015-02-14 00:00:00,1.13877,1.13877,1.13877,1.13877,0.0
2015-02-15 00:00:00,1.13989,1.14006,1.13891,1.13975,6695.580078125
2015-02-16 00:00:00,1.13975,1.1429,1.13193,1.13322,104142.5
2015-02-17 00:00:00,1.13322,1.14489,1.13218,1.14039,146336.921875
2015-02-18 00:00:00,1.14039,1.14156,1.13339,1.13995,154129.078125
2015-02-19 00:00:00,1.13995,1.145,1.13552,1.13657,137692.984375
2015-02-20 00:00:00,1.13655,1.14297,1.1279,1.13772,176910.46875
2015-02-21 00:00:00,1.13772,1.13772,1.13772,1.13772,0.0
2015-02-22 00:00:00,1.13911,1.13961,1.13771,1.13802,4454.52978515625
2015-02-23 00:00:00,1.13802,1.13932,1.12951,1.13336,121740.703125
2015-02-24 00:00:00,1.13336,1.13581,1.12883,1.13393,155389.859375
2015-02-25 00:00:00,1.13392,1.13886,1.13358,1.13638,151797.046875
2015-02-26 00:00:00,1.13637,1.13796,1.11836,1.12026,166406.703125
2015-02-27 00:00:00,1.12024,1.12451,1.11756,1.11933,167010.125
2015-02-28 00:00:00,1.11933,1.11933,1.11933,1.11933,0.0
2015-03-01 00:00:00,1.11808,1.11867,1.11601,1.11607,6453.10986328125
2015-03-02 00:00:00,1.11609,1.12405,1.11609,1.11766,128399.0390625
2015-03-03 00:00:00,1.11765,1.12175,1.11546,1.11827,144211.203125
2015-03-04 00:00:00,1.11826,1.11856,1.10616,1.1079,154637.5
2015-03-05 00:00:00,1.10791,1.11142,1.09874,1.10316,170648.9375
2015-03-06 00:00:00,1.10316,1.10325,1.0839,1.0844,165727.65625
2015-03-07 00:00:00,1.0844,1.0844,1.0844,1.0844,0.0
2015-03-08 00:00:00,1.08302,1.08463,1.08228,1.08446,8227.2998046875
2015-03-09 00:00:00,1.08445,1.09065,1.08296,1.08348,143704.09375
2015-03-10 00:00:00,1.08351,1.08368,1.06679,1.07066,228231.40625
2015-03-11 00:00:00,1.07065,1.0717,1.05112,1.05477,262298.25
2015-03-12 00:00:00,1.05478,1.06837,1.0494,1.06264,238100.171875
2015-03-13 00:00:00,1.06267,1.06347,1.04624,1.04943,203399.765625
2015-03-14 00:00:00,1.04943,1.04943,1.04943,1.04943,0.0
2015-03-15 00:00:00,1.04701,1.05054,1.04697,1.04837,7966.10986328125
2015-03-16 00:00:00,1.04837,1.06193,1.04834,1.05717,164906.578125
2015-03-17 00:00:00,1.05715,1.06507,1.05514,1.0595,159779.328125
2015-03-18 00:00:00,1.05948,1.10351,1.05799,1.08485,213461.234375
2015-03-19 00:00:00,1.08486,1.09193,1.06128,1.06688,248335.703125
2015-03-20 00:00:00,1.0669,1.08816,1.06555,1.0816,186733.203125
2015-03-21 00:00:00,1.0816,1.0816,1.0816,1.0816,0.0
2015-03-22 00:00:00,1.08404,1.08828,1.08155,1.08251,12113.150390625
2015-03-23 00:00:00,1.08253,1.09713,1.07673,1.09441,258421.703125
2015-03-24 00:00:00,1.09441,1.10292,1.08904,1.09045,220623.40625
2015-03-25 00:00:00,1.09045,1.10144,1.09042,1.09632,197666.640625
2015-03-26 00:00:00,1.09631,1.10522,1.08564,1.08848,257044.90625
2015-03-27 00:00:00,1.0885,1.09485,1.08011,1.08874,223256.375
2015-03-28 00:00:00,1.08874,1.08874,1.08874,1.08874,0.0
2015-03-29 00:00:00,1.08861,1.0895,1.08802,1.08828,8485.6298828125
2015-03-30 00:00:00,1.08828,1.08842,1.08098,1.08292,182633.59375
2015-03-31 00:00:00,1.08289,1.08455,1.0713,1.07399,204475.3125
2015-04-01 00:00:00,1.07398,1.07999,1.07184,1.07695,194190.046875
2015-04-02 00:00:00,1.07694,1.0905,1.07502,1.08697,189762.015625
2015-04-03 00:00:00,1.08699,1.1027,1.08638,1.09713,91984.5234375
2015-04-04 00:00:00,1.09713,1.09713,1.09713,1.09713,0.0
2015-04-05 00:00:00,1.10004,1.10178,1.09877,1.09946,11020.7099609375
2015-04-06 00:00:00,1.09946,1.10356,1.091,1.09343,108858.4609375
2015-04-07 00:00:00,1.09343,1.09547,1.08032,1.0822,189290.59375
2015-04-08 00:00:00,1.0822,1.08873,1.07629,1.07846,212964.40625
2015-04-09 00:00:00,1.07848,1.07886,1.06377,1.06665,189056.5625
2015-04-10 00:00:00,1.06665,1.06837,1.05679,1.06022,171200.25
2015-04-11 00:00:00,1.06022,1.06022,1.06022,1.06022,0.0
2015-04-12 00:00:00,1.05853,1.0617,1.05849,1.06064,9540.76953125
2015-04-13 00:00:00,1.06064,1.0619,1.05203,1.05719,181537.015625
2015-04-14 00:00:00,1.05717,1.07074,1.05315,1.06466,192790.234375
2015-04-15 00:00:00,1.06466,1.07017,1.05708,1.06763,207598.90625
2015-04-16 00:00:00,1.06763,1.08175,1.06247,1.0758,280074.09375
2015-04-17 00:00:00,1.07581,1.08487,1.07335,1.08048,220402.640625
2015-04-18 00:00:00,1.08048,1.08048,1.08048,1.08048,0.0
2015-04-19 00:00:00,1.08186,1.0821,1.07887,1.08082,8735.2998046875
2015-04-20 00:00:00,1.08082,1.08185,1.07124,1.07485,204972.4375
2015-04-21 00:00:00,1.07485,1.07811,1.06599,1.07384,198316.828125
2015-04-22 00:00:00,1.07383,1.08008,1.07086,1.07245,222413.984375
2015-04-23 00:00:00,1.07247,1.08452,1.06659,1.08138,243734.0625
2015-04-24 00:00:00,1.08138,1.09,1.07848,1.08706,226494.8125
2015-04-25 00:00:00,1.08706,1.08706,1.08706,1.08706,0.0
2015-04-26 00:00:00,1.08634,1.08744,1.08594,1.08655,8254.16015625
2015-04-27 00:00:00,1.08657,1.09266,1.08192,1.08764,197673.65625
2015-04-28 00:00:00,1.08761,1.0991,1.08598,1.09677,212064.546875
2015-04-29 00:00:00,1.09678,1.11879,1.09595,1.11121,268375.65625
2015-04-30 00:00:00,1.11121,1.12662,1.10712,1.12116,282180.09375
2015-05-01 00:00:00,1.12117,1.129,1.11746,1.11948,161846.9375
2015-05-02 00:00:00,1.11948,1.11948,1.11948,1.11948,0.0
2015-05-03 00:00:00,1.11918,1.12005,1.11822,1.11885,8498.58984375
2015-05-04 00:00:00,1.11885,1.12245,1.11228,1.11487,170489.265625
2015-05-05 00:00:00,1.11487,1.12231,1.10663,1.11797,234895.640625
2015-05-06 00:00:00,1.11794,1.137,1.1175,1.13391,240872.40625
2015-05-07 00:00:00,1.13391,1.13916,1.12282,1.12444,253915.25
2015-05-08 00:00:00,1.12445,1.1288,1.1179,1.12,234932.828125
2015-05-09 00:00:00,1.12,1.12,1.12,1.12,0.0
2015-05-10 00:00:00,1.11975,1.12065,1.11919,1.11958,10856.9599609375
2015-05-11 00:00:00,1.11958,1.12025,1.1131,1.11456,211304.015625
2015-05-12 00:00:00,1.11457,1.12787,1.11343,1.12189,222360.671875
2015-05-13 00:00:00,1.12187,1.13827,1.12023,1.13469,227775.3125
2015-05-14 00:00:00,1.13469,1.14447,1.13406,1.14022,258116.6875
2015-05-15 00:00:00,1.14022,1.14669,1.13239,1.14501,224588.75
2015-05-16 00:00:00,1.14501,1.14501,1.14501,1.14501,0.0
2015-05-17 00:00:00,1.14469,1.14492,1.14375,1.1444,7820.64990234375
2015-05-18 00:00:00,1.14441,1.14468,1.12987,1.13241,196965.09375
2015-05-19 00:00:00,1.13242,1.13259,1.11184,1.11425,235738.125
2015-05-20 00:00:00,1.11425,1.11522,1.10621,1.11012,246556.609375
2015-05-21 00:00:00,1.11014,1.11813,1.10797,1.11091,224327.296875
2015-05-22 00:00:00,1.11092,1.12083,1.10023,1.10074,207519.984375
2015-05-23 00:00:00,1.10074,1.10074,1.10074,1.10074,0.0
2015-05-24 00:00:00,1.10016,1.10095,1.09644,1.09911,12456.240234375
2015-05-25 00:00:00,1.09911,1.10067,1.0959,1.09682,90453.0
2015-05-26 00:00:00,1.09683,1.09706,1.08633,1.08864,226972.578125
2015-05-27 00:00:00,1.08864,1.0929,1.08192,1.08975,216670.796875
2015-05-28 00:00:00,1.08975,1.09742,1.08671,1.09624,233974.953125
2015-05-29 00:00:00,1.09624,1.10062,1.09258,1.09831,208334.75
2015-05-30 00:00:00,1.09831,1.09831,1.09831,1.09831,0.0
2015-05-31 00:00:00,1.09803,1.09885,1.09521,1.09571,7431.93017578125
2015-06-01 00:00:00,1.09571,1.0979,1.08873,1.09215,223345.203125
2015-06-02 00:00:00,1.09219,1.11942,1.09159,1.11476,255799.28125
2015-06-03 00:00:00,1.11477,1.1285,1.10794,1.12609,256029.046875
2015-06-04 00:00:00,1.12609,1.13798,1.11798,1.12073,263565.65625
2015-06-05 00:00:00,1.12071,1.12801,1.10495,1.11103,230747.90625
2015-06-06 00:00:00,1.11103,1.11103,1.11103,1.11103,0.0
2015-06-07 00:00:00,1.10966,1.11111,1.10945,1.11023,6807.27978515625
2015-06-08 00:00:00,1.11023,1.13068,1.10842,1.128,220008.546875
2015-06-09 00:00:00,1.12802,1.13454,1.1214,1.12926,224126.875
2015-06-10 00:00:00,1.12926,1.13865,1.126,1.13099,246728.0
2015-06-11 00:00:00,1.13099,1.13315,1.1182,1.12458,203174.375
2015-06-12 00:00:00,1.12457,1.12965,1.11512,1.12631,214308.9375
2015-06-13 00:00:00,1.12631,1.12631,1.12631,1.12631,0.0
2015-06-14 00:00:00,1.12102,1.1231,1.12086,1.12242,9272.8701171875
2015-06-15 00:00:00,1.1224,1.12944,1.11891,1.12753,200393.234375
2015-06-16 00:00:00,1.12752,1.13298,1.12048,1.12413,190242.3125
2015-06-17 00:00:00,1.12414,1.13702,1.12065,1.13631,218315.15625
2015-06-18 00:00:00,1.13626,1.14364,1.13383,1.13712,236294.859375
2015-06-19 00:00:00,1.13714,1.13872,1.1292,1.13487,167226.15625
2015-06-20 00:00:00,1.13487,1.13487,1.13487,1.13487,0.0
2015-06-21 00:00:00,1.13771,1.1378,1.13575,1.13613,6564.0
2015-06-22 00:00:00,1.13613,1.14102,1.1312,1.13451,178751.65625
2015-06-23 00:00:00,1.1345,1.1346,1.11351,1.11745,210434.484375
2015-06-24 00:00:00,1.11744,1.12347,1.11597,1.12054,191865.6875
2015-06-25 00:00:00,1.12056,1.12276,1.11537,1.12025,159940.953125
2015-06-26 00:00:00,1.12029,1.12197,1.11301,1.11625,163952.734375
2015-06-27 00:00:00,1.11625,1.11625,1.11625,1.11625,0.0
2015-06-28 00:00:00,1.10049,1.10161,1.09545,1.09743,23489.48046875
2015-06-29 00:00:00,1.09742,1.12783,1.09742,1.12181,233782.984375
2015-06-30 00:00:00,1.12184,1.12435,1.11124,1.11332,206006.703125
2015-07-01 00:00:00,1.11318,1.11713,1.10321,1.10368,192840.125
2015-07-02 00:00:00,1.10368,1.11214,1.10365,1.10858,176969.796875
2015-07-03 00:00:00,1.10857,1.11177,1.1065,1.11092,123712.3984375
2015-07-04 00:00:00,1.11092,1.11092,1.11092,1.11092,0.0
2015-07-05 00:00:00,1.09932,1.1039,1.0969,1.09945,21552.83984375
2015-07-06 00:00:00,1.09946,1.10954,1.09936,1.10472,184236.3125
2015-07-07 00:00:00,1.10474,1.10517,1.09163,1.10074,235204.0625
2015-07-08 00:00:00,1.10073,1.10927,1.09743,1.10709,225358.703125
2015-07-09 00:00:00,1.10708,1.11249,1.09915,1.10605,195008.09375
2015-07-10 00:00:00,1.10606,1.12157,1.10549,1.11519,193591.953125
2015-07-11 00:00:00,1.11519,1.11519,1.11519,1.11519,0.0
2015-07-12 00:00:00,1.10922,1.11443,1.10918,1.11292,10172.919921875
2015-07-13 00:00:00,1.11292,1.11968,1.0981,1.09825,207766.15625
2015-07-14 00:00:00,1.09828,1.10832,1.09653,1.10063,194135.140625
2015-07-15 00:00:00,1.10063,1.10355,1.09299,1.09376,195587.671875
2015-07-16 00:00:00,1.09376,1.09482,1.08553,1.08833,196679.15625
2015-07-17 00:00:00,1.08833,1.09069,1.08261,1.08261,160758.71875
2015-07-18 00:00:00,1.08261,1.08261,1.08261,1.08261,0.0
2015-07-19 00:00:00,1.08295,1.0844,1.08282,1.083,7247.81982421875
2015-07-20 00:00:00,1.08299,1.08702,1.08086,1.08333,156443.765625
2015-07-21 00:00:00,1.08334,1.09685,1.08116,1.09364,205610.9375
2015-07-22 00:00:00,1.09363,1.09666,1.08693,1.0924,189666.65625
2015-07-23 00:00:00,1.0924,1.10179,1.09216,1.09871,198293.40625
2015-07-24 00:00:00,1.0987,1.09957,1.09253,1.09795,139853.515625
2015-07-25 00:00:00,1.09795,1.09795,1.09795,1.09795,0.0
2015-07-26 00:00:00,1.09813,1.09827,1.09689,1.09721,4898.93017578125
2015-07-27 00:00:00,1.09723,1.11292,1.0971,1.10884,190748.40625
2015-07-28 00:00:00,1.10884,1.10996,1.10221,1.1065,160387.515625
2015-07-29 00:00:00,1.10651,1.1084,1.09669,1.09812,180100.65625
2015-07-30 00:00:00,1.09815,1.09847,1.08933,1.09404,175133.65625
2015-07-31 00:00:00,1.09404,1.1114,1.09211,1.0983,183491.53125
2015-08-01 00:00:00,1.0983,1.0983,1.0983,1.0983,0.0
2015-08-02 00:00:00,1.09705,1.0983,1.0966,1.09674,6598.52001953125
2015-08-03 00:00:00,1.09675,1.09957,1.09413,1.09506,146304.703125
2015-08-04 00:00:00,1.09507,1.09875,1.08789,1.0885,173856.265625
2015-08-05 00:00:00,1.08849,1.09342,1.08481,1.09029,198887.28125
2015-08-06 00:00:00,1.09029,1.09439,1.08737,1.09223,161694.59375
2015-08-07 00:00:00,1.09223,1.09783,1.08553,1.09618,169125.84375
2015-08-08 00:00:00,1.09618,1.09618,1.09618,1.09618,0.0
2015-08-09 00:00:00,1.09627,1.09675,1.09581,1.09583,4991.6201171875
2015-08-10 00:00:00,1.09583,1.10414,1.09254,1.10155,147200.671875
2015-08-11 00:00:00,1.10155,1.10882,1.09604,1.10417,186178.15625
2015-08-12 00:00:00,1.10416,1.12133,1.10242,1.11546,196166.71875
2015-08-13 00:00:00,1.11547,1.1189,1.108,1.11581,174057.5625
2015-08-14 00:00:00,1.11581,1.11887,1.10978,1.11062,138449.640625
2015-08-15 00:00:00,1.11062,1.11062,1.11062,1.11062,0.0
2015-08-16 00:00:00,1.11155,1.11177,1.10913,1.1094,6170.27978515625
2015-08-17 00:00:00,1.1094,1.11249,1.10588,1.10755,132293.125
2015-08-18 00:00:00,1.10756,1.10938,1.10175,1.10298,127653.8671875
2015-08-19 00:00:00,1.10298,1.11342,1.10178,1.11181,156793.421875
2015-08-20 00:00:00,1.11181,1.12446,1.11072,1.12349,170570.375
2015-08-21 00:00:00,1.12349,1.13887,1.123,1.13828,190285.0
2015-08-22 00:00:00,1.13828,1.13828,1.13828,1.13828,0.0
2015-08-23 00:00:00,1.13748,1.1395,1.13697,1.13761,11773.7099609375
2015-08-24 00:00:00,1.13761,1.17139,1.13692,1.15804,291241.8125
2015-08-25 00:00:00,1.15806,1.15845,1.13968,1.1553,244246.859375
2015-08-26 00:00:00,1.15534,1.15609,1.12914,1.13388,253189.34375
2015-08-27 00:00:00,1.13386,1.13644,1.1203,1.1243,225573.015625
2015-08-28 00:00:00,1.12429,1.13097,1.11559,1.118,173415.203125
2015-08-29 00:00:00,1.118,1.118,1.118,1.118,0.0
2015-08-30 00:00:00,1.11703,1.12152,1.11693,1.12111,11057.509765625
2015-08-31 00:00:00,1.12111,1.12624,1.11803,1.1224,147857.15625
2015-09-01 00:00:00,1.1224,1.1332,1.12232,1.12954,211138.25
2015-09-02 00:00:00,1.12952,1.13005,1.12113,1.12118,178633.9375
2015-09-03 00:00:00,1.12122,1.12434,1.10873,1.1124,176111.96875
2015-09-04 00:00:00,1.11239,1.11895,1.10898,1.11499,165597.984375
2015-09-05 00:00:00,1.11499,1.11499,1.11499,1.11499,0.0
2015-09-06 00:00:00,1.11627,1.11628,1.11421,1.1154,5879.14013671875
2015-09-07 00:00:00,1.11539,1.11778,1.11213,1.11594,122926.578125
2015-09-08 00:00:00,1.11594,1.12296,1.11525,1.12066,176916.203125
2015-09-09 00:00:00,1.12067,1.12246,1.11317,1.1218,197632.625
2015-09-10 00:00:00,1.12181,1.13018,1.11717,1.12823,201718.96875
2015-09-11 00:00:00,1.12824,1.13495,1.12542,1.13348,157984.453125
2015-09-12 00:00:00,1.13348,1.13348,1.13348,1.13348,0.0
2015-09-13 00:00:00,1.13311,1.13593,1.13265,1.1342,9435.8896484375
2015-09-14 00:00:00,1.1342,1.13732,1.12834,1.1308,162913.59375
2015-09-15 00:00:00,1.1308,1.13287,1.12588,1.12701,168986.890625
2015-09-16 00:00:00,1.12701,1.13204,1.1214,1.12907,166865.578125
2015-09-17 00:00:00,1.12908,1.14413,1.12846,1.14022,200598.296875
2015-09-18 00:00:00,1.14022,1.14599,1.12694,1.12974,184980.75
2015-09-19 00:00:00,1.12974,1.12974,1.12974,1.12974,0.0
2015-09-20 00:00:00,1.12807,1.12975,1.12807,1.12906,9704.9697265625
2015-09-21 00:00:00,1.12906,1.13299,1.11812,1.1188,168580.359375
2015-09-22 00:00:00,1.11881,1.12075,1.11132,1.11203,166624.65625
2015-09-23 00:00:00,1.11203,1.12129,1.11051,1.11874,161791.328125
2015-09-24 00:00:00,1.11874,1.12958,1.116,1.118,189413.953125
2015-09-25 00:00:00,1.11799,1.12131,1.11161,1.11912,162383.9375
2015-09-26 00:00:00,1.11912,1.11912,1.11912,1.11912,0.0
2015-09-27 00:00:00,1.11831,1.12007,1.11831,1.11993,5500.8701171875
2015-09-28 00:00:00,1.11993,1.12477,1.11468,1.12292,182715.5
2015-09-29 00:00:00,1.12293,1.12813,1.11939,1.1253,206660.0625
2015-09-30 00:00:00,1.12531,1.12614,1.11574,1.11704,189017.375
2015-10-01 00:00:00,1.11704,1.1209,1.11351,1.11918,168171.5
2015-10-02 00:00:00,1.11917,1.13183,1.11505,1.12065,173687.6875
2015-10-03 00:00:00,1.12065,1.12065,1.12065,1.12065,0.0
2015-10-04 00:00:00,1.12173,1.12247,1.1207,1.12192,13439.2998046875
2015-10-05 00:00:00,1.1219,1.12892,1.11734,1.11952,159890.640625
2015-10-06 00:00:00,1.11952,1.12796,1.1172,1.12676,152574.109375
2015-10-07 00:00:00,1.12676,1.12841,1.12115,1.12378,178127.59375
2015-10-08 00:00:00,1.12377,1.13273,1.12377,1.12844,182382.734375
2015-10-09 00:00:00,1.12843,1.13871,1.12671,1.13566,157863.78125
2015-10-10 00:00:00,1.13566,1.13566,1.13566,1.13566,0.0
2015-10-11 00:00:00,1.13603,1.13692,1.13544,1.13675,19142.259765625
2015-10-12 00:00:00,1.13675,1.13968,1.13517,1.13518,121164.9375
2015-10-13 00:00:00,1.13519,1.1411,1.13442,1.13833,160910.0625
2015-10-14 00:00:00,1.13836,1.14891,1.13832,1.14736,180400.375
2015-10-15 00:00:00,1.14736,1.1495,1.13632,1.13663,186005.453125
2015-10-16 00:00:00,1.13662,1.1395,1.13344,1.13466,141291.1875
2015-10-17 00:00:00,1.13466,1.13466,1.13466,1.13466,0.0
2015-10-18 00:00:00,1.13563,1.13606,1.13513,1.13578,12334.23046875
2015-10-19 00:00:00,1.13578,1.13789,1.13058,1.13285,127274.171875
2015-10-20 00:00:00,1.13286,1.13871,1.1324,1.13543,134988.703125
2015-10-21 00:00:00,1.13544,1.13775,1.13345,1.13459,139427.359375
2015-10-22 00:00:00,1.13459,1.13509,1.10719,1.10818,211044.40625
2015-10-23 00:00:00,1.1082,1.11398,1.09966,1.10165,195562.65625
2015-10-24 00:00:00,1.10165,1.10165,1.10165,1.10165,0.0
2015-10-25 00:00:00,1.1002,1.10245,1.09993,1.10186,13292.5595703125
2015-10-26 00:00:00,1.10186,1.10682,1.10039,1.10589,147334.96875
2015-10-27 00:00:00,1.10589,1.10784,1.10303,1.10325,148987.84375
2015-10-28 00:00:00,1.10327,1.10956,1.08969,1.09236,176739.71875
2015-10-29 00:00:00,1.09236,1.09978,1.09036,1.09886,193133.8125
2015-10-30 00:00:00,1.09886,1.10722,1.09655,1.10033,171129.375
2015-10-31 00:00:00,1.10033,1.10033,1.10033,1.10033,0.0
2015-11-01 00:00:00,1.10354,1.10377,1.10186,1.10228,8666.099609375
2015-11-02 00:00:00,1.10227,1.10525,1.10002,1.10146,144148.609375
2015-11-03 00:00:00,1.10145,1.10301,1.09363,1.09617,162700.78125
2015-11-04 00:00:00,1.09617,1.09657,1.08442,1.08636,174248.484375
2015-11-05 00:00:00,1.08635,1.08972,1.08336,1.08835,171659.953125
2015-11-06 00:00:00,1.08834,1.08937,1.07056,1.07369,181079.171875
2015-11-07 00:00:00,1.07369,1.07369,1.07369,1.07369,0.0
2015-11-08 00:00:00,1.07284,1.07354,1.07195,1.07292,6908.3701171875
2015-11-09 00:00:00,1.07291,1.07899,1.07266,1.07599,190003.171875
2015-11-10 00:00:00,1.07601,1.0764,1.06744,1.07366,162873.125
2015-11-11 00:00:00,1.07365,1.07737,1.07059,1.07633,162118.625
2015-11-12 00:00:00,1.07633,1.083,1.06912,1.08081,203739.203125
2015-11-13 00:00:00,1.08082,1.08094,1.0714,1.07701,176144.203125
2015-11-14 00:00:00,1.07701,1.07701,1.07701,1.07701,0.0
2015-11-15 00:00:00,1.07397,1.07452,1.06868,1.07001,18747.26953125
2015-11-16 00:00:00,1.07002,1.0758,1.06745,1.06871,183745.921875
2015-11-17 00:00:00,1.06873,1.06906,1.06308,1.0643,192813.59375
2015-11-18 00:00:00,1.0643,1.06923,1.06168,1.06712,176787.875
2015-11-19 00:00:00,1.06712,1.07629,1.06671,1.07258,204101.703125
2015-11-20 00:00:00,1.07258,1.07281,1.06398,1.0645,180843.515625
2015-11-21 00:00:00,1.0645,1.0645,1.0645,1.0645,0.0
2015-11-22 00:00:00,1.06383,1.0646,1.06353,1.06372,9207.3896484375
2015-11-23 00:00:00,1.06375,1.06567,1.05926,1.06364,178194.1875
2015-11-24 00:00:00,1.06363,1.06734,1.06196,1.06428,180548.390625
2015-11-25 00:00:00,1.06427,1.06892,1.0566,1.06229,197808.125
2015-11-26 00:00:00,1.06228,1.06272,1.05999,1.06063,112012.953125
2015-11-27 00:00:00,1.06063,1.0638,1.05684,1.05923,131506.703125
2015-11-28 00:00:00,1.05923,1.05923,1.05923,1.05923,0.0
2015-11-29 00:00:00,1.05883,1.05939,1.05817,1.0583,5245.18017578125
2015-11-30 00:00:00,1.05831,1.0595,1.05579,1.05697,165339.796875
2015-12-01 00:00:00,1.05696,1.0637,1.05632,1.06262,212908.9375
2015-12-02 00:00:00,1.06263,1.06324,1.05508,1.06104,218342.5625
2015-12-03 00:00:00,1.06105,1.09812,1.0522,1.09177,293167.28125
2015-12-04 00:00:00,1.09176,1.09562,1.08361,1.08818,260156.046875
2015-12-05 00:00:00,1.08818,1.08818,1.08818,1.08818,0.0
2015-12-06 00:00:00,1.08703,1.08871,1.08684,1.08809,8114.18017578125
2015-12-07 00:00:00,1.0881,1.08811,1.0796,1.08335,179276.234375
2015-12-08 00:00:00,1.08336,1.09023,1.08301,1.08923,203371.8125
2015-12-09 00:00:00,1.08922,1.10426,1.08791,1.10147,220629.171875
2015-12-10 00:00:00,1.10149,1.10214,1.09252,1.09468,195193.15625
2015-12-11 00:00:00,1.09468,1.10307,1.09265,1.09928,188903.6875
2015-12-12 00:00:00,1.09928,1.09928,1.09928,1.09928,0.0
2015-12-13 00:00:00,1.09836,1.09926,1.09673,1.09804,12013.9697265625
2015-12-14 00:00:00,1.09804,1.10485,1.09455,1.09912,227549.0625
2015-12-15 00:00:00,1.09912,1.10596,1.09046,1.09338,209032.3125
2015-12-16 00:00:00,1.09338,1.10116,1.08658,1.08732,237283.515625
2015-12-17 00:00:00,1.08735,1.08875,1.08026,1.08426,203021.3125
2015-12-18 00:00:00,1.08428,1.08745,1.08049,1.08632,198604.265625
2015-12-19 00:00:00,1.08632,1.08632,1.08632,1.08632,0.0
2015-12-20 00:00:00,1.08539,1.08751,1.08483,1.08695,6424.66015625
2015-12-21 00:00:00,1.08695,1.09389,1.08479,1.09108,183833.03125
2015-12-22 00:00:00,1.0911,1.09842,1.09022,1.09486,163637.71875
2015-12-23 00:00:00,1.09485,1.09528,1.087,1.0908,134839.171875
2015-12-24 00:00:00,1.09081,1.09677,1.0908,1.09665,78394.3515625
2015-12-25 00:00:00,1.09667,1.09734,1.09431,1.09646,4726.39013671875
2015-12-26 00:00:00,1.09646,1.09646,1.09646,1.09646,0.0
2015-12-27 00:00:00,1.09528,1.09703,1.09479,1.09637,4649.7900390625
2015-12-28 00:00:00,1.09642,1.09923,1.09559,1.09745,118917.703125
2015-12-29 00:00:00,1.09746,1.09917,1.08991,1.09256,130524.59375
2015-12-30 00:00:00,1.09256,1.09436,1.0902,1.0935,125550.1875
2015-12-31 00:00:00,1.09349,1.09372,1.08529,1.08564,103298.84375
2016-01-01 00:00:00,1.08564,1.08564,1.08564,1.08564,0.0
2016-01-02 00:00:00,1.08564,1.08564,1.08564,1.08564,0.0
2016-01-03 00:00:00,1.0873,1.0873,1.08451,1.08516,5557.580078125
2016-01-04 00:00:00,1.08515,1.09463,1.07812,1.08237,193941.515625
2016-01-05 00:00:00,1.08239,1.08388,1.07107,1.07502,203779.46875
2016-01-06 00:00:00,1.07503,1.07993,1.07148,1.07766,225000.4375
2016-01-07 00:00:00,1.07766,1.09401,1.0771,1.09255,248091.8125
2016-01-08 00:00:00,1.09255,1.09299,1.08033,1.09235,225739.59375
2016-01-09 00:00:00,1.09235,1.09235,1.09235,1.09235,0.0
2016-01-10 00:00:00,1.09172,1.09697,1.09172,1.09371,12790.009765625
2016-01-11 00:00:00,1.09371,1.09454,1.08479,1.08563,205385.15625
2016-01-12 00:00:00,1.08562,1.09002,1.08197,1.0843,238659.46875
2016-01-13 00:00:00,1.0843,1.08885,1.08049,1.08853,260915.40625
2016-01-14 00:00:00,1.08854,1.09432,1.08346,1.0857,283523.5625
2016-01-15 00:00:00,1.0857,1.09846,1.08563,1.0915,302146.4375
2016-01-16 00:00:00,1.0915,1.0915,1.0915,1.0915,0.0
2016-01-17 00:00:00,1.09218,1.09276,1.09073,1.09183,11951.0400390625
2016-01-18 00:00:00,1.09183,1.09237,1.08689,1.08925,190438.875
2016-01-19 00:00:00,1.08925,1.09389,1.08595,1.09105,275003.375
2016-01-20 00:00:00,1.09106,1.0976,1.08732,1.08746,322863.21875
2016-01-21 00:00:00,1.08745,1.0921,1.0778,1.0858,363617.84375
2016-01-22 00:00:00,1.08581,1.08629,1.07892,1.07947,335113.90625
2016-01-23 00:00:00,1.07947,1.07947,1.07947,1.07947,0.0
2016-01-24 00:00:00,1.07913,1.07977,1.07893,1.07971,6192.89013671875
2016-01-25 00:00:00,1.0797,1.08569,1.07899,1.08524,281230.15625
2016-01-26 00:00:00,1.08523,1.08743,1.08187,1.08617,286050.5625
2016-01-27 00:00:00,1.08616,1.09164,1.08507,1.0902,306419.4375
2016-01-28 00:00:00,1.0902,1.09676,1.08697,1.09352,318400.59375
2016-01-29 00:00:00,1.09353,1.09485,1.081,1.083,340410.46875
2016-01-30 00:00:00,1.083,1.083,1.083,1.083,0.0
2016-01-31 00:00:00,1.0831,1.0834,1.08147,1.08253,9524.0703125
2016-02-01 00:00:00,1.08253,1.09128,1.08242,1.08958,288716.59375
2016-02-02 00:00:00,1.08957,1.09399,1.08924,1.09184,289006.96875
2016-02-03 00:00:00,1.09187,1.11455,1.09038,1.10929,357748.46875
2016-02-04 00:00:00,1.10928,1.12389,1.10696,1.11994,377078.5625
2016-02-05 00:00:00,1.11994,1.1247,1.11088,1.11561,322812.90625
2016-02-06 00:00:00,1.11561,1.11561,1.11561,1.11561,0.0
2016-02-07 00:00:00,1.1142,1.11486,1.11417,1.11434,12227.990234375
2016-02-08 00:00:00,1.11434,1.12159,1.10865,1.1189,356181.46875
2016-02-09 00:00:00,1.1189,1.13379,1.11624,1.1288,400677.78125
2016-02-10 00:00:00,1.1288,1.13115,1.11606,1.12838,417243.34375
2016-02-11 00:00:00,1.12839,1.13762,1.12741,1.13159,412261.4375
2016-02-12 00:00:00,1.13161,1.13338,1.12141,1.12532,340865.28125
2016-02-13 00:00:00,1.12532,1.12532,1.12532,1.12532,0.0
2016-02-14 00:00:00,1.12347,1.12499,1.12156,1.12232,12506.25
2016-02-15 00:00:00,1.12232,1.12389,1.1128,1.11762,258790.3125
2016-02-16 00:00:00,1.11762,1.11931,1.11242,1.11429,327288.6875
2016-02-17 00:00:00,1.1143,1.1179,1.1106,1.11204,338320.0
2016-02-18 00:00:00,1.11205,1.11497,1.1071,1.11075,344235.1875
2016-02-19 00:00:00,1.11075,1.11392,1.10669,1.11284,319998.40625
2016-02-20 00:00:00,1.11284,1.11284,1.11284,1.11284,0.0
2016-02-21 00:00:00,1.11103,1.11246,1.11101,1.11218,12360.7998046875
2016-02-22 00:00:00,1.11221,1.11238,1.10032,1.10251,319818.3125
2016-02-23 00:00:00,1.10251,1.10527,1.09901,1.10234,326587.0625
2016-02-24 00:00:00,1.10232,1.10461,1.09573,1.1014,363386.03125
2016-02-25 00:00:00,1.1014,1.10498,1.09867,1.10231,340465.625
2016-02-26 00:00:00,1.10231,1.10683,1.09116,1.093,336133.65625
2016-02-27 00:00:00,1.093,1.093,1.093,1.093,0.0
2016-02-28 00:00:00,1.09159,1.09287,1.09117,1.09244,13115.9599609375
2016-02-29 00:00:00,1.09243,1.09625,1.08593,1.08853,344151.96875
2016-03-01 00:00:00,1.08853,1.08935,1.08342,1.08761,343274.96875
2016-03-02 00:00:00,1.0876,1.08809,1.08255,1.08692,340963.4375
2016-03-03 00:00:00,1.08693,1.09727,1.08536,1.09455,335634.1875
2016-03-04 00:00:00,1.09456,1.10434,1.09034,1.10055,337381.15625
2016-03-05 00:00:00,1.10055,1.10055,1.10055,1.10055,0.0
2016-03-06 00:00:00,1.09886,1.09972,1.0988,1.09913,9280.26953125
2016-03-07 00:00:00,1.09913,1.10258,1.094,1.10123,316071.40625
2016-03-08 00:00:00,1.10123,1.10578,1.09936,1.10002,322509.15625
2016-03-09 00:00:00,1.10001,1.10349,1.09461,1.09858,330986.0
2016-03-10 00:00:00,1.09859,1.12179,1.08222,1.11763,387736.09375
2016-03-11 00:00:00,1.11763,1.12096,1.10803,1.11468,326235.4375
2016-03-12 00:00:00,1.11468,1.11468,1.11468,1.11468,0.0
2016-03-13 00:00:00,1.11355,1.11763,1.11339,1.11651,15699.1904296875
2016-03-14 00:00:00,1.11651,1.11666,1.10779,1.10999,310620.625
2016-03-15 00:00:00,1.11,1.11248,1.10719,1.1107,373821.21875
2016-03-16 00:00:00,1.11071,1.12421,1.10579,1.12161,348791.15625
2016-03-17 00:00:00,1.12161,1.13425,1.12055,1.13152,390560.78125
2016-03-18 00:00:00,1.13151,1.13368,1.12562,1.12696,324413.25
2016-03-19 00:00:00,1.12696,1.12696,1.12696,1.12696,0.0
2016-03-20 00:00:00,1.12575,1.12809,1.12575,1.12744,13698.7900390625
2016-03-21 00:00:00,1.12744,1.12848,1.1233,1.12349,288874.8125
2016-03-22 00:00:00,1.1235,1.12599,1.11885,1.12211,309998.46875
2016-03-23 00:00:00,1.12211,1.12211,1.11594,1.11779,294407.46875
2016-03-24 00:00:00,1.11778,1.11877,1.11442,1.11644,270531.875
2016-03-25 00:00:00,1.11644,1.11757,1.11529,1.11624,54683.23828125
2016-03-26 00:00:00,1.11624,1.11624,1.11624,1.11624,0.0
2016-03-27 00:00:00,1.11615,1.11665,1.11559,1.11571,7547.27978515625
2016-03-28 00:00:00,1.11572,1.12198,1.1153,1.12007,166510.953125
2016-03-29 00:00:00,1.12007,1.13033,1.1169,1.12892,309638.125
2016-03-30 00:00:00,1.12893,1.13654,1.12863,1.13327,340341.53125
2016-03-31 00:00:00,1.13326,1.14118,1.13101,1.13785,293081.125
2016-04-01 00:00:00,1.13785,1.14379,1.13347,1.13899,263826.34375
2016-04-02 00:00:00,1.13899,1.13899,1.13899,1.13899,0.0
2016-04-03 00:00:00,1.13999,1.14,1.13878,1.13946,7257.7900390625
2016-04-04 00:00:00,1.13952,1.14125,1.13574,1.13865,252373.046875
2016-04-05 00:00:00,1.13857,1.1405,1.13359,1.13805,245981.0
2016-04-06 00:00:00,1.13805,1.14316,1.13266,1.14001,255691.453125
2016-04-07 00:00:00,1.14002,1.14539,1.13376,1.13668,284966.0
2016-04-08 00:00:00,1.13667,1.14193,1.13491,1.1395,235422.703125
2016-04-09 00:00:00,1.1395,1.1395,1.1395,1.1395,0.0
2016-04-10 00:00:00,1.14127,1.14144,1.13957,1.14047,13989.16015625
2016-04-11 00:00:00,1.14047,1.14473,1.13723,1.14102,237009.9375
2016-04-12 00:00:00,1.14101,1.14649,1.13453,1.13831,259334.84375
2016-04-13 00:00:00,1.1383,1.13912,1.12682,1.12779,265812.625
2016-04-14 00:00:00,1.12779,1.12948,1.12339,1.12651,243598.5625
2016-04-15 00:00:00,1.1265,1.13169,1.12457,1.12823,193951.921875
2016-04-16 00:00:00,1.12823,1.12823,1.12823,1.12823,0.0
2016-04-17 00:00:00,1.13002,1.13018,1.1289,1.12975,13452.1298828125
2016-04-18 00:00:00,1.12978,1.13321,1.12737,1.13077,205265.125
2016-04-19 00:00:00,1.13078,1.13845,1.13034,1.13583,223942.46875
2016-04-20 00:00:00,1.13583,1.13876,1.12905,1.13022,246967.140625
2016-04-21 00:00:00,1.13024,1.13981,1.12699,1.12902,262475.5
2016-04-22 00:00:00,1.12902,1.13087,1.12181,1.12227,234473.625
2016-04-23 00:00:00,1.12227,1.12227,1.12227,1.12227,0.0
2016-04-24 00:00:00,1.12162,1.12338,1.1215,1.12312,16429.16015625
2016-04-25 00:00:00,1.12312,1.12781,1.12235,1.12664,234944.90625
2016-04-26 00:00:00,1.12663,1.13397,1.12562,1.12959,256540.15625
2016-04-27 00:00:00,1.12959,1.1361,1.12715,1.13264,273769.625
2016-04-28 00:00:00,1.13264,1.13679,1.12959,1.13571,293027.15625
2016-04-29 00:00:00,1.13569,1.14592,1.13562,1.14503,272977.40625
2016-04-30 00:00:00,1.14503,1.14503,1.14503,1.14503,0.0
2016-05-01 00:00:00,1.14593,1.14659,1.14528,1.14608,17794.5
2016-05-02 00:00:00,1.14608,1.1536,1.14482,1.15234,211397.359375
2016-05-03 00:00:00,1.15232,1.16162,1.14929,1.15008,273512.78125
2016-05-04 00:00:00,1.1501,1.15294,1.14661,1.1491,273581.875
2016-05-05 00:00:00,1.14908,1.14938,1.13859,1.14004,223831.4375
2016-05-06 00:00:00,1.14004,1.14802,1.13866,1.14023,232430.125
2016-05-07 00:00:00,1.14023,1.14023,1.14023,1.14023,0.0
2016-05-08 00:00:00,1.13936,1.14008,1.13838,1.13853,7683.06982421875
2016-05-09 00:00:00,1.13857,1.14199,1.13753,1.13832,216458.78125
2016-05-10 00:00:00,1.13831,1.14098,1.13587,1.1373,204446.953125
2016-05-11 00:00:00,1.13732,1.14466,1.13724,1.1424,185486.875
2016-05-12 00:00:00,1.1424,1.14291,1.13706,1.13742,195163.625
2016-05-13 00:00:00,1.13741,1.13785,1.1283,1.13097,238153.5625
2016-05-14 00:00:00,1.13097,1.13097,1.13097,1.13097,0.0
2016-05-15 00:00:00,1.131,1.13195,1.13021,1.13172,9075.48046875
2016-05-16 00:00:00,1.13173,1.13422,1.13029,1.13151,175442.796875
2016-05-17 00:00:00,1.13151,1.13487,1.1302,1.1314,190460.734375
2016-05-18 00:00:00,1.13141,1.13161,1.12141,1.12195,234894.34375
2016-05-19 00:00:00,1.12196,1.12299,1.11801,1.12019,233208.640625
2016-05-20 00:00:00,1.1202,1.12375,1.11963,1.12222,164452.0
2016-05-21 00:00:00,1.12222,1.12222,1.12222,1.12222,0.0
2016-05-22 00:00:00,1.12081,1.12229,1.12081,1.12204,6436.93017578125
2016-05-23 00:00:00,1.12204,1.12428,1.11875,1.12129,182541.203125
2016-05-24 00:00:00,1.12131,1.12271,1.11324,1.11352,215210.09375
2016-05-25 00:00:00,1.11352,1.11669,1.11289,1.11549,212477.703125
2016-05-26 00:00:00,1.11549,1.12168,1.11542,1.11915,210178.09375
2016-05-27 00:00:00,1.11915,1.12007,1.11109,1.11116,179006.21875
2016-05-28 00:00:00,1.11116,1.11116,1.11116,1.11116,0.0
2016-05-29 00:00:00,1.11126,1.11154,1.11068,1.11082,10520.76953125
2016-05-30 00:00:00,1.1108,1.11495,1.10978,1.11475,118135.0
2016-05-31 00:00:00,1.11476,1.11734,1.11222,1.1134,217690.09375
2016-06-01 00:00:00,1.11339,1.11939,1.11141,1.11875,221569.546875
2016-06-02 00:00:00,1.11874,1.12199,1.11453,1.11515,209480.90625
2016-06-03 00:00:00,1.11516,1.13736,1.11367,1.13658,232506.484375
2016-06-04 00:00:00,1.13658,1.13658,1.13658,1.13658,0.0
2016-06-05 00:00:00,1.13533,1.13715,1.13448,1.13512,15770.900390625
2016-06-06 00:00:00,1.13511,1.13926,1.13263,1.13627,222855.0625
2016-06-07 00:00:00,1.13628,1.13804,1.13386,1.13557,181028.234375
2016-06-08 00:00:00,1.13992,1.13995,1.13981,1.13987,54.0
2016-06-09 00:00:00,1.14026,1.14155,1.13056,1.13097,201623.484375
2016-06-10 00:00:00,1.13098,1.13214,1.12452,1.12498,196036.65625
2016-06-11 00:00:00,1.12498,1.12498,1.12498,1.12498,0.0
2016-06-12 00:00:00,1.1248,1.1253,1.12339,1.12381,13844.4697265625
2016-06-13 00:00:00,1.12379,1.13028,1.12323,1.12877,201026.046875
2016-06-14 00:00:00,1.12877,1.12985,1.11889,1.12103,198706.828125
2016-06-15 00:00:00,1.12103,1.12975,1.11897,1.12611,206081.5625
2016-06-16 00:00:00,1.1261,1.12949,1.1131,1.12696,264771.625
2016-06-17 00:00:00,1.12714,1.12962,1.12231,1.12732,199737.625
2016-06-18 00:00:00,1.12732,1.12732,1.12732,1.12732,0.0
2016-06-19 00:00:00,1.13285,1.13579,1.13085,1.13469,15954.8798828125
2016-06-20 00:00:00,1.13468,1.13824,1.1302,1.13216,238362.046875
2016-06-21 00:00:00,1.13216,1.13495,1.12401,1.12494,218732.15625
2016-06-22 00:00:00,1.12495,1.13475,1.12366,1.13256,228912.953125
2016-06-23 00:00:00,1.13257,1.14278,1.12693,1.13328,264083.15625
2016-06-24 00:00:00,1.13332,1.13372,1.09116,1.10913,340410.15625
2016-06-25 00:00:00,1.10913,1.10913,1.10913,1.10913,0.0
2016-06-26 00:00:00,1.10073,1.10748,1.10072,1.10392,22869.490234375
2016-06-27 00:00:00,1.10395,1.10837,1.09709,1.10137,293307.875
2016-06-28 00:00:00,1.10136,1.11116,1.10128,1.10753,241435.59375
2016-06-29 00:00:00,1.10753,1.11303,1.10494,1.1122,244264.65625
2016-06-30 00:00:00,1.11221,1.11545,1.10241,1.1103,276728.0
2016-07-01 00:00:00,1.11029,1.11693,1.1072,1.11365,218999.40625
2016-07-02 00:00:00,1.11365,1.11365,1.11365,1.11365,0.0
2016-07-03 00:00:00,1.11253,1.1137,1.1125,1.11273,8775.490234375
2016-07-04 00:00:00,1.11273,1.11595,1.10979,1.11444,155125.296875
2016-07-05 00:00:00,1.11443,1.11863,1.10581,1.10635,215501.8125
2016-07-06 00:00:00,1.10634,1.11116,1.10291,1.10968,239954.0
2016-07-07 00:00:00,1.10968,1.11072,1.10526,1.10636,202694.34375
2016-07-08 00:00:00,1.10634,1.11201,1.10018,1.10497,191901.109375
2016-07-09 00:00:00,1.10497,1.10497,1.10497,1.10497,0.0
2016-07-10 00:00:00,1.10456,1.10532,1.10419,1.10439,12672.08984375
2016-07-11 00:00:00,1.10439,1.10746,1.10159,1.10567,192310.21875
2016-07-12 00:00:00,1.10567,1.11259,1.10521,1.106,221604.828125
2016-07-13 00:00:00,1.106,1.11199,1.1042,1.10949,227676.875
2016-07-14 00:00:00,1.10948,1.11648,1.10884,1.11062,242565.65625
2016-07-15 00:00:00,1.11062,1.11488,1.10248,1.10295,217761.34375
2016-07-16 00:00:00,1.10295,1.10295,1.10295,1.10295,0.0
2016-07-17 00:00:00,1.10454,1.10605,1.10446,1.10558,13288.7802734375
2016-07-18 00:00:00,1.10561,1.10842,1.10376,1.10682,177076.40625
2016-07-19 00:00:00,1.10681,1.10804,1.1,1.10135,204482.0
2016-07-20 00:00:00,1.10135,1.10301,1.09815,1.10163,676855.5
2016-07-21 00:00:00,1.10163,1.10599,1.09796,1.1032,1109066.375
2016-07-22 00:00:00,1.1032,1.1041,1.09555,1.09754,950224.3125
2016-07-23 00:00:00,1.09754,1.09754,1.09754,1.09754,0.0
2016-07-24 00:00:00,1.09713,1.09755,1.0963,1.0969,38246.46875
2016-07-25 00:00:00,1.0969,1.09987,1.09519,1.09891,901409.3125
2016-07-26 00:00:00,1.09891,1.10298,1.09783,1.09871,853359.25
2016-07-27 00:00:00,1.09871,1.10737,1.09612,1.10671,922284.125
2016-07-28 00:00:00,1.10671,1.11195,1.10591,1.10825,1100398.25
2016-07-29 00:00:00,1.10825,1.11974,1.10727,1.11726,1069913.125
2016-07-30 00:00:00,1.11726,1.11726,1.11726,1.11726,0.0
2016-07-31 00:00:00,1.11726,1.11836,1.11656,1.11671,37988.23828125
2016-08-01 00:00:00,1.11672,1.11814,1.11552,1.11669,819024.375
2016-08-02 00:00:00,1.11669,1.12336,1.11622,1.12178,1022741.125
2016-08-03 00:00:00,1.12178,1.1219,1.11406,1.11501,897749.5
2016-08-04 00:00:00,1.11501,1.11563,1.1114,1.11347,957281.6875
2016-08-05 00:00:00,1.11347,1.11612,1.10458,1.10854,846211.125
2016-08-06 00:00:00,1.10854,1.10854,1.10854,1.10854,0.0
2016-08-07 00:00:00,1.10777,1.10923,1.10777,1.10869,31388.25
2016-08-08 00:00:00,1.10868,1.11049,1.10721,1.1085,785286.4375
2016-08-09 00:00:00,1.1085,1.11225,1.10705,1.11176,828683.0625
2016-08-10 00:00:00,1.11176,1.11914,1.1117,1.1185,897905.125
2016-08-11 00:00:00,1.1185,1.11901,1.1135,1.11382,776352.125
2016-08-12 00:00:00,1.11382,1.12213,1.11313,1.11621,736205.6875
2016-08-13 00:00:00,1.11621,1.11621,1.11621,1.11621,0.0
2016-08-14 00:00:00,1.1167,1.11687,1.1157,1.11641,31286.849609375
2016-08-15 00:00:00,1.11642,1.12034,1.11538,1.11818,755901.25
2016-08-16 00:00:00,1.11819,1.13223,1.11774,1.12759,880740.625
2016-08-17 00:00:00,1.12759,1.13159,1.12407,1.12989,803391.0625
2016-08-18 00:00:00,1.12989,1.13663,1.12951,1.13475,839357.0
2016-08-19 00:00:00,1.13471,1.13488,1.13042,1.13216,736860.0625
2016-08-20 00:00:00,1.13216,1.13216,1.13216,1.13216,0.0
2016-08-21 00:00:00,1.13088,1.13226,1.12943,1.12977,61125.51171875
2016-08-22 00:00:00,1.12978,1.13306,1.1271,1.13172,1025027.8125
2016-08-23 00:00:00,1.13171,1.13553,1.12996,1.13016,954660.875
2016-08-24 00:00:00,1.13016,1.13115,1.12452,1.12609,888467.625
2016-08-25 00:00:00,1.12609,1.12974,1.12592,1.12865,621790.5
2016-08-26 00:00:00,1.12865,1.13408,1.11804,1.11953,707485.25
2016-08-27 00:00:00,1.11953,1.11953,1.11953,1.11953,0.0
2016-08-28 00:00:00,1.11752,1.12006,1.11752,1.11974,34177.4296875
2016-08-29 00:00:00,1.11975,1.12077,1.1158,1.11904,820302.75
2016-08-30 00:00:00,1.11904,1.11907,1.11321,1.11498,996209.8125
2016-08-31 00:00:00,1.11498,1.11654,1.11232,1.11562,1098957.375
2016-09-01 00:00:00,1.11564,1.12051,1.11276,1.11985,1136568.125
2016-09-02 00:00:00,1.11985,1.12521,1.11503,1.11539,1075797.875
2016-09-03 00:00:00,1.11539,1.11539,1.11539,1.11539,0.0
2016-09-04 00:00:00,1.11559,1.11591,1.11528,1.1158,39453.9296875
2016-09-05 00:00:00,1.1158,1.11824,1.11395,1.11504,781260.0
2016-09-06 00:00:00,1.11504,1.12631,1.11409,1.12457,1155938.875
2016-09-07 00:00:00,1.12458,1.12714,1.1229,1.12381,1046392.9375
2016-09-08 00:00:00,1.12381,1.13269,1.12345,1.12684,1233327.125
2016-09-09 00:00:00,1.12682,1.1285,1.11985,1.12318,1152026.5
2016-09-10 00:00:00,1.12318,1.12318,1.12318,1.12318,0.0
2016-09-11 00:00:00,1.12343,1.12407,1.12293,1.12406,62826.66015625
2016-09-12 00:00:00,1.12406,1.12684,1.12103,1.12404,1181446.625
2016-09-13 00:00:00,1.12404,1.12602,1.12039,1.12191,1169018.375
2016-09-14 00:00:00,1.12191,1.1274,1.12137,1.1245,1105472.5
2016-09-15 00:00:00,1.1245,1.12843,1.1219,1.12468,1063573.375
2016-09-16 00:00:00,1.12469,1.1248,1.11495,1.11509,1053947.0
2016-09-17 00:00:00,1.11509,1.11509,1.11509,1.11509,0.0
2016-09-18 00:00:00,1.115,1.11608,1.11497,1.11577,45994.78125
2016-09-19 00:00:00,1.11576,1.11978,1.11507,1.11771,1147771.375
2016-09-20 00:00:00,1.11771,1.12134,1.11495,1.1153,1133500.625
2016-09-21 00:00:00,1.1153,1.11966,1.1123,1.1189,1286159.125
2016-09-22 00:00:00,1.1189,1.12573,1.11849,1.12081,1340682.375
2016-09-23 00:00:00,1.12081,1.12405,1.11938,1.12237,1157641.375
2016-09-24 00:00:00,1.12237,1.12237,1.12237,1.12237,0.0
2016-09-25 00:00:00,1.12294,1.1241,1.12228,1.12373,69180.4609375
2016-09-26 00:00:00,1.12373,1.12792,1.12211,1.125,1170617.75
2016-09-27 00:00:00,1.12501,1.12589,1.1191,1.1217,1230913.625
2016-09-28 00:00:00,1.1217,1.12369,1.1182,1.12233,1319076.875
2016-09-29 00:00:00,1.12233,1.12497,1.11968,1.12186,1377967.25
2016-09-30 00:00:00,1.12187,1.12507,1.11533,1.12392,1372345.25
2016-10-01 00:00:00,1.12392,1.12392,1.12392,1.12392,0.0
2016-10-02 00:00:00,1.12287,1.12442,1.12272,1.12328,45308.3515625
2016-10-03 00:00:00,1.12328,1.12416,1.12052,1.12091,1000987.125
2016-10-04 00:00:00,1.12093,1.12391,1.11379,1.12091,1230517.0
2016-10-05 00:00:00,1.12091,1.12333,1.11897,1.12059,1134478.875
2016-10-06 00:00:00,1.12059,1.12103,1.11252,1.11418,1092857.875
2016-10-07 00:00:00,1.11418,1.12051,1.11043,1.11967,1223312.5
2016-10-08 00:00:00,1.11967,1.11967,1.11967,1.11967,0.0
2016-10-09 00:00:00,1.11815,1.12032,1.11799,1.11945,49314.5703125
2016-10-10 00:00:00,1.11945,1.12003,1.11314,1.11405,980133.0
2016-10-11 00:00:00,1.11405,1.11405,1.10488,1.10573,1061786.625
2016-10-12 00:00:00,1.10574,1.10611,1.10044,1.10103,1116438.375
2016-10-13 00:00:00,1.10103,1.10581,1.09855,1.10479,1030775.375
2016-10-14 00:00:00,1.1048,1.10565,1.09697,1.09697,1072483.0
2016-10-15 00:00:00,1.09697,1.09697,1.09697,1.09697,0.0
2016-10-16 00:00:00,1.0969,1.09729,1.09653,1.09656,35131.5703125
2016-10-17 00:00:00,1.09656,1.10141,1.09638,1.10109,1046412.0
2016-10-18 00:00:00,1.10107,1.10263,1.097,1.09746,962075.5
2016-10-19 00:00:00,1.09746,1.10048,1.0955,1.09744,981921.8125
2016-10-20 00:00:00,1.09744,1.10392,1.09159,1.09293,1015002.3125
2016-10-21 00:00:00,1.09293,1.09295,1.08592,1.08818,951558.3125
2016-10-22 00:00:00,1.08818,1.08818,1.08818,1.08818,0.0
2016-10-23 00:00:00,1.08811,1.08843,1.08742,1.088,42526.078125
2016-10-24 00:00:00,1.088,1.08996,1.08596,1.08729,491924.46875
2016-10-25 00:00:00,1.0873,1.0905,1.08511,1.08861,193149.453125
2016-10-26 00:00:00,1.0886,1.09464,1.08744,1.09095,190968.15625
2016-10-27 00:00:00,1.09095,1.09422,1.08826,1.0897,181506.34375
2016-10-28 00:00:00,1.08971,1.09917,1.0895,1.09824,189372.796875
2016-10-29 00:00:00,1.09824,1.09824,1.09824,1.09824,0.0
2016-10-30 00:00:00,1.09896,1.09912,1.09756,1.0982,8798.259765625
2016-10-31 00:00:00,1.09821,1.09826,1.09359,1.09707,178320.5
2016-11-01 00:00:00,1.09708,1.1069,1.09599,1.10553,221563.65625
2016-11-02 00:00:00,1.10555,1.1123,1.10496,1.10939,242436.109375
2016-11-03 00:00:00,1.1094,1.11259,1.10596,1.10995,253564.859375
2016-11-04 00:00:00,1.10994,1.11412,1.10798,1.11379,217006.484375
2016-11-05 00:00:00,1.11379,1.11379,1.11379,1.11379,0.0
2016-11-06 00:00:00,1.10637,1.10994,1.10566,1.10945,12546.8798828125
2016-11-07 00:00:00,1.10946,1.11103,1.10274,1.1049,224674.84375
2016-11-08 00:00:00,1.10489,1.10669,1.10047,1.10177,211768.109375
2016-11-09 00:00:00,1.10178,1.12995,1.0907,1.09196,432628.15625
2016-11-10 00:00:00,1.09193,1.09537,1.08649,1.08873,313218.25
2016-11-11 00:00:00,1.08873,1.09234,1.08303,1.08516,288313.75
2016-11-12 00:00:00,1.08516,1.08516,1.08516,1.08516,0.0
2016-11-13 00:00:00,1.0833,1.08401,1.08191,1.08226,13851.580078125
2016-11-14 00:00:00,1.08226,1.08258,1.07091,1.07455,365607.6875
2016-11-15 00:00:00,1.07454,1.08166,1.07141,1.07244,299602.6875
2016-11-16 00:00:00,1.07244,1.07595,1.06661,1.07062,284785.0625
2016-11-17 00:00:00,1.07062,1.07455,1.06199,1.0622,247087.703125
2016-11-18 00:00:00,1.06219,1.06428,1.05692,1.05866,260855.9375
2016-11-19 00:00:00,1.05866,1.05866,1.05866,1.05866,0.0
2016-11-20 00:00:00,1.05922,1.05944,1.05788,1.0583,8990.16015625
2016-11-21 00:00:00,1.0583,1.06491,1.05829,1.06374,235786.546875
2016-11-22 00:00:00,1.06374,1.06579,1.05836,1.06332,219792.234375
2016-11-23 00:00:00,1.06332,1.06436,1.05263,1.05419,220686.515625
2016-11-24 00:00:00,1.05419,1.05852,1.0518,1.05601,185310.703125
2016-11-25 00:00:00,1.05601,1.06273,1.05384,1.05901,213347.828125
2016-11-26 00:00:00,1.05901,1.05901,1.05901,1.05901,0.0
2016-11-27 00:00:00,1.06111,1.06111,1.05945,1.06091,6559.2900390625
2016-11-28 00:00:00,1.06089,1.06856,1.05636,1.06189,232504.65625
2016-11-29 00:00:00,1.06188,1.06542,1.05649,1.06472,226346.875
2016-11-30 00:00:00,1.06472,1.06666,1.05527,1.05903,280866.03125
2016-12-01 00:00:00,1.05903,1.06688,1.05846,1.06621,278621.84375
2016-12-02 00:00:00,1.06621,1.06898,1.06253,1.06632,247566.546875
2016-12-03 00:00:00,1.06632,1.06632,1.06632,1.06632,0.0
2016-12-04 00:00:00,1.06262,1.0627,1.05055,1.05675,24976.73046875
2016-12-05 00:00:00,1.05675,1.07963,1.05374,1.07564,307861.0
2016-12-06 00:00:00,1.07564,1.07853,1.06986,1.07186,218718.234375
2016-12-07 00:00:00,1.07185,1.07684,1.07098,1.07592,173033.265625
2016-12-08 00:00:00,1.07591,1.08734,1.05973,1.06211,246892.625
2016-12-09 00:00:00,1.0621,1.06297,1.0531,1.05599,196037.09375
2016-12-10 00:00:00,1.05599,1.05599,1.05599,1.05599,0.0
2016-12-11 00:00:00,1.05312,1.05498,1.05312,1.0546,6896.080078125
2016-12-12 00:00:00,1.0546,1.06517,1.05254,1.06421,222248.203125
2016-12-13 00:00:00,1.06419,1.06671,1.06037,1.06274,209177.140625
2016-12-14 00:00:00,1.06276,1.067,1.04965,1.05121,229277.53125
2016-12-15 00:00:00,1.0512,1.05228,1.03665,1.04167,283705.09375
2016-12-16 00:00:00,1.04167,1.04742,1.04008,1.04483,210788.203125
2016-12-17 00:00:00,1.04483,1.04483,1.04483,1.04483,0.0
2016-12-18 00:00:00,1.04385,1.0457,1.0437,1.04466,8274.7900390625
2016-12-19 00:00:00,1.04466,1.04795,1.03924,1.04027,185142.4375
2016-12-20 00:00:00,1.04027,1.04178,1.03523,1.03906,187248.84375
2016-12-21 00:00:00,1.03907,1.04511,1.03824,1.04263,175193.984375
2016-12-22 00:00:00,1.04263,1.04993,1.04253,1.04378,168554.375
2016-12-23 00:00:00,1.04378,1.0469,1.04265,1.04532,113001.8671875
2016-12-24 00:00:00,1.04532,1.04532,1.04532,1.04532,0.0
2016-12-25 00:00:00,1.04416,1.04577,1.0438,1.04523,2361.489990234375
2016-12-26 00:00:00,1.04521,1.04674,1.04402,1.04538,106529.296875
2016-12-27 00:00:00,1.04538,1.04633,1.04324,1.04614,103812.5390625
2016-12-28 00:00:00,1.04613,1.04798,1.03721,1.04143,154021.953125
2016-12-29 00:00:00,1.04144,1.06526,1.04139,1.05658,179377.046875
2016-12-30 00:00:00,1.05657,1.05914,1.05059,1.0515,199463.328125
2016-12-31 00:00:00,1.0515,1.0515,1.0515,1.0515,0.0
2017-01-01 00:00:00,1.05148,1.05288,1.05148,1.0523,352.8500061035156
2017-01-02 00:00:00,1.0523,1.0526,1.04501,1.04575,87951.0
2017-01-03 00:00:00,1.04575,1.04901,1.03403,1.04174,218296.046875
2017-01-04 00:00:00,1.04174,1.05013,1.039,1.04971,228092.484375
2017-01-05 00:00:00,1.04968,1.06153,1.04826,1.06039,273330.28125
2017-01-06 00:00:00,1.06039,1.06221,1.0525,1.0529,226026.65625
2017-01-07 00:00:00,1.0529,1.0529,1.0529,1.0529,0.0
2017-01-08 00:00:00,1.053,1.05358,1.0526,1.05294,5515.10009765625
2017-01-09 00:00:00,1.05294,1.0589,1.05109,1.05858,219645.734375
2017-01-10 00:00:00,1.05858,1.06272,1.05509,1.05522,227707.015625
2017-01-11 00:00:00,1.05522,1.06229,1.04538,1.05941,287661.59375
2017-01-12 00:00:00,1.05942,1.06847,1.05714,1.06162,283076.28125
2017-01-13 00:00:00,1.06158,1.06734,1.05961,1.0642,226614.875
2017-01-14 00:00:00,1.0642,1.0642,1.0642,1.0642,0.0
2017-01-15 00:00:00,1.06039,1.06358,1.0603,1.06272,7140.43994140625
2017-01-16 00:00:00,1.06274,1.06344,1.05793,1.06022,172454.890625
2017-01-17 00:00:00,1.06022,1.07191,1.06007,1.06966,285585.59375
2017-01-18 00:00:00,1.06966,1.07123,1.06244,1.0628,241426.3125
2017-01-19 00:00:00,1.06282,1.06766,1.05892,1.06591,276319.21875
2017-01-20 00:00:00,1.06593,1.07094,1.06251,1.0699,226792.1875
2017-01-21 00:00:00,1.0699,1.0699,1.0699,1.0699,0.0
2017-01-22 00:00:00,1.07027,1.07168,1.06941,1.07126,7218.81005859375
2017-01-23 00:00:00,1.07124,1.07729,1.07063,1.07591,216128.984375
2017-01-24 00:00:00,1.07589,1.07749,1.07204,1.07281,191667.0625
2017-01-25 00:00:00,1.07282,1.07698,1.07112,1.07525,234112.078125
2017-01-26 00:00:00,1.07527,1.07655,1.06576,1.06834,243428.765625
2017-01-27 00:00:00,1.06834,1.0725,1.06584,1.06958,210667.5625
2017-01-28 00:00:00,1.06958,1.06958,1.06958,1.06958,0.0
2017-01-29 00:00:00,1.07213,1.07214,1.0708,1.07169,6970.97021484375
2017-01-30 00:00:00,1.07169,1.07402,1.06203,1.07075,213100.984375
2017-01-31 00:00:00,1.07075,1.08122,1.06846,1.08008,282938.375
2017-02-01 00:00:00,1.08008,1.08073,1.0731,1.07653,244016.953125
2017-02-02 00:00:00,1.07654,1.08288,1.0756,1.07617,243318.5625
2017-02-03 00:00:00,1.07618,1.07975,1.07115,1.07818,228892.203125
2017-02-04 00:00:00,1.07818,1.07818,1.07818,1.07818,0.0
2017-02-05 00:00:00,1.07896,1.07915,1.0778,1.07824,4076.27001953125
2017-02-06 00:00:00,1.07824,1.07887,1.07059,1.0743,221177.59375
2017-02-07 00:00:00,1.0743,1.07444,1.06561,1.06788,233002.34375
2017-02-08 00:00:00,1.06788,1.07139,1.06407,1.06913,239400.0
2017-02-09 00:00:00,1.0691,1.07095,1.06509,1.06572,232668.265625
2017-02-10 00:00:00,1.06571,1.06677,1.06077,1.06397,238342.015625
2017-02-11 00:00:00,1.06397,1.06397,1.06397,1.06397,0.0
2017-02-12 00:00:00,1.06285,1.0637,1.06174,1.06187,5510.509765625
2017-02-13 00:00:00,1.06186,1.06585,1.0592,1.05987,198618.671875
2017-02-14 00:00:00,1.05986,1.06333,1.05608,1.05782,220040.640625
2017-02-15 00:00:00,1.05783,1.06092,1.05214,1.0603,239541.84375
2017-02-16 00:00:00,1.0603,1.06794,1.05998,1.06712,245245.109375
2017-02-17 00:00:00,1.06709,1.06767,1.06054,1.06114,205934.25
2017-02-18 00:00:00,1.06114,1.06114,1.06114,1.06114,0.0
2017-02-19 00:00:00,1.06075,1.06329,1.06075,1.06251,7770.85009765625
2017-02-20 00:00:00,1.0625,1.06299,1.06031,1.06088,141470.8125
2017-02-21 00:00:00,1.06088,1.06127,1.05258,1.0541,228481.84375
2017-02-22 00:00:00,1.05411,1.0574,1.04938,1.05505,271603.65625
2017-02-23 00:00:00,1.05505,1.05952,1.05376,1.05839,236701.46875
2017-02-24 00:00:00,1.0584,1.06179,1.05565,1.05595,235293.328125
2017-02-25 00:00:00,1.05595,1.05595,1.05595,1.05595,0.0
2017-02-26 00:00:00,1.05637,1.05645,1.05517,1.0552,8392.7900390625
2017-02-27 00:00:00,1.0552,1.06306,1.05515,1.05838,220285.796875
2017-02-28 00:00:00,1.05838,1.06301,1.05666,1.05692,256796.21875
2017-03-01 00:00:00,1.05691,1.05894,1.05142,1.05359,287665.84375
2017-03-02 00:00:00,1.05358,1.05456,1.04948,1.0507,240914.40625
2017-03-03 00:00:00,1.0507,1.06239,1.05022,1.06203,243485.578125
2017-03-04 00:00:00,1.06203,1.06203,1.06203,1.06203,0.0
2017-03-05 00:00:00,1.06097,1.06215,1.06002,1.06207,8411.3603515625
2017-03-06 00:00:00,1.06207,1.06399,1.05747,1.05789,198254.40625
2017-03-07 00:00:00,1.05789,1.06025,1.05581,1.05692,191883.28125
2017-03-08 00:00:00,1.05692,1.05741,1.05347,1.05447,203950.15625
2017-03-09 00:00:00,1.05447,1.06151,1.05249,1.05794,232016.6875
2017-03-10 00:00:00,1.05794,1.0699,1.0578,1.06728,211630.1875
2017-03-11 00:00:00,1.06728,1.06728,1.06728,1.06728,0.0
2017-03-12 00:00:00,1.06747,1.06925,1.06747,1.06894,7112.39013671875
2017-03-13 00:00:00,1.06894,1.07142,1.06448,1.06507,209422.78125
2017-03-14 00:00:00,1.06508,1.06624,1.06003,1.06119,179929.8125
2017-03-15 00:00:00,1.0612,1.07399,1.06073,1.07375,213836.53125
2017-03-16 00:00:00,1.07376,1.07742,1.07057,1.07718,234024.4375
2017-03-17 00:00:00,1.07717,1.07823,1.07274,1.07382,186534.625
2017-03-18 00:00:00,1.07382,1.07382,1.07382,1.07382,0.0
2017-03-19 00:00:00,1.07318,1.07451,1.07317,1.0742,5330.25
2017-03-20 00:00:00,1.07421,1.07772,1.0719,1.07368,172443.5625
2017-03-21 00:00:00,1.07368,1.08191,1.07353,1.08125,223229.90625
2017-03-22 00:00:00,1.08124,1.08245,1.07758,1.07891,220300.125
2017-03-23 00:00:00,1.07891,1.08048,1.0768,1.0783,206665.734375
2017-03-24 00:00:00,1.07831,1.08179,1.07602,1.07969,189625.203125
2017-03-25 00:00:00,1.07969,1.07969,1.07969,1.07969,0.0
2017-03-26 00:00:00,1.0835,1.08492,1.08264,1.08451,14647.48046875
2017-03-27 00:00:00,1.08453,1.09058,1.08377,1.08608,183535.5
2017-03-28 00:00:00,1.08609,1.08725,1.07988,1.08162,170513.796875
2017-03-29 00:00:00,1.08162,1.08264,1.07398,1.07583,175207.515625
2017-03-30 00:00:00,1.07582,1.07679,1.06718,1.06877,162005.546875
2017-03-31 00:00:00,1.06875,1.07018,1.06508,1.06528,184913.1875
2017-04-01 00:00:00,1.06528,1.06528,1.06528,1.06528,0.0
2017-04-02 00:00:00,1.06594,1.06737,1.06585,1.06692,9205.400390625
2017-04-03 00:00:00,1.06692,1.06809,1.06423,1.06695,171156.734375
2017-04-04 00:00:00,1.06695,1.06851,1.06355,1.06779,166734.859375
2017-04-05 00:00:00,1.06779,1.06889,1.06349,1.06717,196366.4375
2017-04-06 00:00:00,1.06715,1.0684,1.06289,1.06437,175015.6875
2017-04-07 00:00:00,1.06437,1.06659,1.05806,1.05889,200702.328125
2017-04-08 00:00:00,1.05889,1.05889,1.05889,1.05889,0.0
2017-04-09 00:00:00,1.05866,1.05885,1.05734,1.05805,9477.490234375
2017-04-10 00:00:00,1.05806,1.06064,1.05698,1.05971,144021.0
2017-04-11 00:00:00,1.05972,1.06299,1.05785,1.06102,159921.3125
2017-04-12 00:00:00,1.06101,1.06751,1.0589,1.06698,182291.984375
2017-04-13 00:00:00,1.06698,1.06775,1.06094,1.06148,162037.84375
2017-04-14 00:00:00,1.06148,1.06294,1.0606,1.06105,55741.1796875
2017-04-15 00:00:00,1.06105,1.06105,1.06105,1.06105,0.0
2017-04-16 00:00:00,1.06129,1.06155,1.06028,1.06097,13667.9296875
2017-04-17 00:00:00,1.06096,1.06703,1.06085,1.06432,103395.71875
2017-04-18 00:00:00,1.06432,1.07359,1.06372,1.07274,185533.84375
2017-04-19 00:00:00,1.07274,1.07367,1.06998,1.07145,160022.125
2017-04-20 00:00:00,1.07145,1.07775,1.07069,1.07141,160190.234375
2017-04-21 00:00:00,1.0714,1.07379,1.06822,1.07237,147990.359375
2017-04-22 00:00:00,1.07237,1.07237,1.07237,1.07237,0.0
2017-04-23 00:00:00,1.09164,1.09164,1.08648,1.08733,22281.240234375
2017-04-24 00:00:00,1.08733,1.08774,1.08207,1.08649,202360.984375
2017-04-25 00:00:00,1.08648,1.09499,1.08512,1.09275,183851.90625
2017-04-26 00:00:00,1.09277,1.09507,1.08557,1.09083,197836.09375
2017-04-27 00:00:00,1.09083,1.09327,1.08517,1.0865,178829.875
2017-04-28 00:00:00,1.08651,1.09474,1.08571,1.08961,164071.46875
2017-04-29 00:00:00,1.08961,1.08961,1.08961,1.08961,0.0
2017-04-30 00:00:00,1.09099,1.0911,1.08905,1.09057,7522.419921875
2017-05-01 00:00:00,1.09057,1.09239,1.0884,1.09084,83181.4921875
2017-05-02 00:00:00,1.09086,1.09359,1.08881,1.09346,135614.796875
2017-05-03 00:00:00,1.09346,1.09367,1.08813,1.0888,156201.84375
2017-05-04 00:00:00,1.0888,1.0987,1.08749,1.09804,181629.703125
2017-05-05 00:00:00,1.09806,1.09995,1.09494,1.0995,160752.265625
2017-05-06 00:00:00,1.0995,1.0995,1.0995,1.0995,0.0
2017-05-07 00:00:00,1.10188,1.10216,1.09633,1.09647,14719.4501953125
2017-05-08 00:00:00,1.09647,1.09968,1.09164,1.09265,179271.90625
2017-05-09 00:00:00,1.09265,1.09333,1.08633,1.08861,177103.765625
2017-05-10 00:00:00,1.08861,1.0898,1.08532,1.08671,157513.875
2017-05-11 00:00:00,1.08671,1.08929,1.0839,1.08642,140819.265625
2017-05-12 00:00:00,1.08642,1.09342,1.08556,1.0931,147972.71875
2017-05-13 00:00:00,1.0931,1.0931,1.0931,1.0931,0.0
2017-05-14 00:00:00,1.09288,1.0935,1.09226,1.09277,6705.22998046875
2017-05-15 00:00:00,1.09278,1.09893,1.09225,1.09799,140243.9375
2017-05-16 00:00:00,1.09798,1.10971,1.0979,1.10933,171232.765625
2017-05-17 00:00:00,1.10932,1.11704,1.10816,1.11541,218651.140625
2017-05-18 00:00:00,1.11543,1.11719,1.10757,1.11101,254772.28125
2017-05-19 00:00:00,1.111,1.12117,1.10995,1.12065,202951.015625
2017-05-20 00:00:00,1.12065,1.12065,1.12065,1.12065,0.0
2017-05-21 00:00:00,1.11917,1.121,1.11916,1.12032,11924.58984375
2017-05-22 00:00:00,1.12032,1.12634,1.11614,1.12373,205206.796875
2017-05-23 00:00:00,1.12371,1.12682,1.1175,1.11788,236312.203125
2017-05-24 00:00:00,1.11791,1.12332,1.11685,1.12304,230591.796875
2017-05-25 00:00:00,1.12306,1.12503,1.11937,1.121,190652.109375
2017-05-26 00:00:00,1.12099,1.12346,1.11605,1.11799,187076.53125
2017-05-27 00:00:00,1.11799,1.11799,1.11799,1.11799,0.0
2017-05-28 00:00:00,1.11701,1.11849,1.11672,1.1176,7786.64990234375
2017-05-29 00:00:00,1.11758,1.11898,1.11277,1.1129,116821.15625
2017-05-30 00:00:00,1.11291,1.12054,1.11094,1.11728,185376.265625
2017-05-31 00:00:00,1.11728,1.12521,1.11645,1.1239,189057.5
2017-06-01 00:00:00,1.12389,1.12566,1.12021,1.12128,164043.484375
2017-06-02 00:00:00,1.12127,1.1285,1.12049,1.12825,156989.453125
2017-06-03 00:00:00,1.12825,1.12825,1.12825,1.12825,0.0
2017-06-04 00:00:00,1.12703,1.12837,1.12701,1.12772,6740.6298828125
2017-06-05 00:00:00,1.12775,1.12785,1.12342,1.12573,120698.96875
2017-06-06 00:00:00,1.12572,1.12842,1.12404,1.12702,166759.734375
2017-06-07 00:00:00,1.12701,1.12823,1.12039,1.12554,189120.03125
2017-06-08 00:00:00,1.12554,1.1269,1.118,1.11883,207401.765625
2017-06-09 00:00:00,1.11884,1.12157,1.11663,1.11941,196106.078125
2017-06-10 00:00:00,1.11941,1.11941,1.11941,1.11941,0.0
2017-06-11 00:00:00,1.12061,1.12096,1.11971,1.12016,7735.7998046875
2017-06-12 00:00:00,1.12015,1.12321,1.11918,1.11973,162194.765625
2017-06-13 00:00:00,1.11972,1.12249,1.11852,1.12091,155648.234375
2017-06-14 00:00:00,1.12091,1.12958,1.1193,1.12129,226322.03125
2017-06-15 00:00:00,1.1213,1.12285,1.11321,1.11486,212904.875
2017-06-16 00:00:00,1.11487,1.12016,1.11384,1.11968,174222.125
2017-06-17 00:00:00,1.11968,1.11968,1.11968,1.11968,0.0
2017-06-18 00:00:00,1.12053,1.12079,1.11956,1.12039,9083.740234375
2017-06-19 00:00:00,1.12037,1.12128,1.11409,1.11445,196995.125
2017-06-20 00:00:00,1.11443,1.11648,1.11188,1.11363,218941.296875
2017-06-21 00:00:00,1.11365,1.1169,1.11272,1.11667,200566.71875
2017-06-22 00:00:00,1.11666,1.11779,1.11392,1.11497,191424.375
2017-06-23 00:00:00,1.11496,1.12089,1.11452,1.11918,162553.5625
2017-06-24 00:00:00,1.11918,1.11918,1.11918,1.11918,0.0
2017-06-25 00:00:00,1.11963,1.11999,1.11902,1.11997,6135.16015625
2017-06-26 00:00:00,1.11997,1.12198,1.11717,1.11828,188726.953125
2017-06-27 00:00:00,1.11827,1.13494,1.118,1.13369,258372.046875
2017-06-28 00:00:00,1.13369,1.13906,1.12917,1.13782,251067.3125
2017-06-29 00:00:00,1.1378,1.14455,1.13768,1.14394,245479.3125
2017-06-30 00:00:00,1.14393,1.14443,1.13921,1.14251,203137.515625
2017-07-01 00:00:00,1.14251,1.14251,1.14251,1.14251,0.0
2017-07-02 00:00:00,1.14175,1.14266,1.14163,1.14232,10473.1298828125
2017-07-03 00:00:00,1.14234,1.14248,1.1355,1.13723,173833.4375
2017-07-04 00:00:00,1.13723,1.13769,1.13359,1.13595,156219.640625
2017-07-05 00:00:00,1.13596,1.13685,1.13123,1.13464,206856.90625
2017-07-06 00:00:00,1.13465,1.14254,1.13299,1.14212,203986.9375
2017-07-07 00:00:00,1.14212,1.14398,1.13796,1.13996,189153.171875
2017-07-08 00:00:00,1.13996,1.13996,1.13996,1.13996,0.0
2017-07-09 00:00:00,1.13966,1.14038,1.13924,1.14034,9004.76953125
2017-07-10 00:00:00,1.14032,1.1418,1.13817,1.13963,161246.984375
2017-07-11 00:00:00,1.13963,1.14797,1.13828,1.14738,192940.15625
2017-07-12 00:00:00,1.14741,1.14893,1.13916,1.14186,227687.15625
2017-07-13 00:00:00,1.14186,1.14558,1.13705,1.14045,206374.5
2017-07-14 00:00:00,1.14043,1.14719,1.13914,1.14685,194309.734375
2017-07-15 00:00:00,1.14685,1.14685,1.14685,1.14685,0.0
2017-07-16 00:00:00,1.147,1.1475,1.1465,1.1474,17420.619140625
2017-07-17 00:00:00,1.14739,1.1487,1.14348,1.14732,187573.65625
2017-07-18 00:00:00,1.14733,1.15831,1.14714,1.15478,253599.3125
2017-07-19 00:00:00,1.15477,1.15533,1.15099,1.15287,198068.578125
2017-07-20 00:00:00,1.15286,1.1658,1.14792,1.16283,270658.875
2017-07-21 00:00:00,1.16283,1.16828,1.1619,1.16622,224099.796875
2017-07-22 00:00:00,1.16622,1.16622,1.16622,1.16622,0.0
2017-07-23 00:00:00,1.16635,1.16816,1.16615,1.16814,11264.5703125
2017-07-24 00:00:00,1.16811,1.16842,1.16259,1.16384,204671.984375
2017-07-25 00:00:00,1.16384,1.17121,1.16308,1.16444,222419.78125
2017-07-26 00:00:00,1.16444,1.17473,1.16125,1.17316,255288.265625
2017-07-27 00:00:00,1.17315,1.17767,1.16501,1.16898,267153.78125
2017-07-28 00:00:00,1.16898,1.17639,1.16711,1.17478,235715.984375
2017-07-29 00:00:00,1.17478,1.17478,1.17478,1.17478,0.0
2017-07-30 00:00:00,1.17456,1.17618,1.17443,1.17468,19254.2890625
2017-07-31 00:00:00,1.17469,1.18454,1.17231,1.18208,236964.984375
2017-08-01 00:00:00,1.18207,1.18389,1.17852,1.18109,226683.640625
2017-08-02 00:00:00,1.18113,1.191,1.17937,1.18514,233360.75
2017-08-03 00:00:00,1.18514,1.1893,1.18305,1.18822,221491.578125
2017-08-04 00:00:00,1.18822,1.18891,1.17281,1.1773,215736.953125
2017-08-05 00:00:00,1.1773,1.1773,1.1773,1.1773,0.0
2017-08-06 00:00:00,1.17734,1.17929,1.17706,1.17769,14147.669921875
2017-08-07 00:00:00,1.17769,1.1814,1.17766,1.17995,182387.6875
2017-08-08 00:00:00,1.17995,1.18238,1.17151,1.1754,209521.65625
2017-08-09 00:00:00,1.1754,1.17699,1.16891,1.17631,272394.625
2017-08-10 00:00:00,1.17631,1.17851,1.17041,1.177,226661.125
2017-08-11 00:00:00,1.177,1.18472,1.17485,1.18199,210383.6875
2017-08-12 00:00:00,1.18199,1.18199,1.18199,1.18199,0.0
2017-08-13 00:00:00,1.182,1.18275,1.1818,1.18252,9096.8896484375
2017-08-14 00:00:00,1.18251,1.18382,1.17682,1.17755,206699.609375
2017-08-15 00:00:00,1.17757,1.17928,1.16872,1.17403,215642.3125
2017-08-16 00:00:00,1.17403,1.17793,1.16816,1.17737,252333.5625
2017-08-17 00:00:00,1.17737,1.17899,1.16622,1.17156,250161.15625
2017-08-18 00:00:00,1.17156,1.17743,1.17102,1.17591,222360.3125
2017-08-19 00:00:00,1.17591,1.17591,1.17591,1.17591,0.0
2017-08-20 00:00:00,1.17578,1.17609,1.175,1.17562,6801.3798828125
2017-08-21 00:00:00,1.17561,1.1828,1.17311,1.18112,181794.78125
2017-08-22 00:00:00,1.18112,1.18241,1.17451,1.17615,195984.796875
2017-08-23 00:00:00,1.17617,1.18232,1.17403,1.18155,200061.171875
2017-08-24 00:00:00,1.18154,1.18169,1.17841,1.17977,223049.671875
2017-08-25 00:00:00,1.17976,1.19414,1.17733,1.19219,222870.9375
2017-08-26 00:00:00,1.19219,1.19219,1.19219,1.19219,0.0
2017-08-27 00:00:00,1.19431,1.19595,1.19403,1.19511,14828.830078125
2017-08-28 00:00:00,1.19511,1.19857,1.19168,1.19638,208933.984375
2017-08-29 00:00:00,1.1964,1.20701,1.19465,1.19697,281300.84375
2017-08-30 00:00:00,1.19697,1.19843,1.18804,1.18906,247062.765625
2017-08-31 00:00:00,1.18906,1.19229,1.18231,1.19092,253635.21875
2017-09-01 00:00:00,1.1909,1.19798,1.18499,1.18597,221325.15625
2017-09-02 00:00:00,1.18597,1.18597,1.18597,1.18597,0.0
2017-09-03 00:00:00,1.18815,1.18859,1.18738,1.18818,12465.0498046875
2017-09-04 00:00:00,1.18818,1.19218,1.18776,1.18928,182153.96875
2017-09-05 00:00:00,1.18928,1.19406,1.18682,1.19236,252912.5625
2017-09-06 00:00:00,1.19235,1.19499,1.19028,1.19264,239993.53125
2017-09-07 00:00:00,1.19263,1.20592,1.1914,1.20278,267627.125
2017-09-08 00:00:00,1.20277,1.20923,1.20146,1.20347,241975.203125
2017-09-09 00:00:00,1.20347,1.20347,1.20347,1.20347,0.0
2017-09-10 00:00:00,1.20138,1.20254,1.20112,1.20169,10294.330078125
2017-09-11 00:00:00,1.20169,1.20295,1.19476,1.19577,220636.921875
2017-09-12 00:00:00,1.19577,1.1978,1.19262,1.19711,219421.015625
2017-09-13 00:00:00,1.1971,1.19947,1.1873,1.18879,219132.296875
2017-09-14 00:00:00,1.18879,1.19228,1.1838,1.1921,243548.375
2017-09-15 00:00:00,1.19211,1.19873,1.19011,1.19447,216911.09375
2017-09-16 00:00:00,1.19447,1.19447,1.19447,1.19447,0.0
2017-09-17 00:00:00,1.19196,1.19503,1.19174,1.19378,8915.3701171875
2017-09-18 00:00:00,1.19378,1.19692,1.1915,1.196,219049.796875
2017-09-19 00:00:00,1.19598,1.20064,1.19536,1.19925,237453.125
2017-09-20 00:00:00,1.19924,1.20342,1.18613,1.18743,458076.375
2017-09-21 00:00:00,1.18742,1.19535,1.18656,1.19447,596993.0625
2017-09-22 00:00:00,1.19446,1.20044,1.19369,1.19466,225252.359375
2017-09-23 00:00:00,1.19466,1.19466,1.19466,1.19466,0.0
2017-09-24 00:00:00,1.18947,1.19268,1.18947,1.19267,13654.259765625
2017-09-25 00:00:00,1.19266,1.19365,1.18319,1.18555,232912.984375
2017-09-26 00:00:00,1.18556,1.18615,1.17574,1.17838,234192.578125
2017-09-27 00:00:00,1.17838,1.1795,1.17171,1.17497,252950.984375
2017-09-28 00:00:00,1.17498,1.1804,1.17212,1.17812,250893.234375
2017-09-29 00:00:00,1.17813,1.18325,1.17726,1.18137,196230.203125
2017-09-30 00:00:00,1.18137,1.18137,1.18137,1.18137,0.0
2017-10-01 00:00:00,1.17886,1.18151,1.17886,1.18079,8763.9296875
2017-10-02 00:00:00,1.18079,1.18079,1.17301,1.17315,218487.796875
2017-10-03 00:00:00,1.17319,1.17732,1.16961,1.17477,202565.546875
2017-10-04 00:00:00,1.17476,1.17877,1.17464,1.17566,210086.4375
2017-10-05 00:00:00,1.17565,1.17787,1.1699,1.17138,190971.328125
2017-10-06 00:00:00,1.1714,1.17387,1.16692,1.17299,213892.203125
2017-10-07 00:00:00,1.17299,1.17299,1.17299,1.17299,0.0
2017-10-08 00:00:00,1.17271,1.17435,1.17267,1.17424,9578.3701171875
2017-10-09 00:00:00,1.17422,1.17561,1.17195,1.1741,147124.0
2017-10-10 00:00:00,1.1741,1.18254,1.17405,1.18134,213520.09375
2017-10-11 00:00:00,1.18134,1.1869,1.17952,1.18641,216780.875
2017-10-12 00:00:00,1.1864,1.18797,1.18252,1.18309,202787.53125
2017-10-13 00:00:00,1.18309,1.18748,1.18053,1.18191,199617.875
2017-10-14 00:00:00,1.18191,1.18191,1.18191,1.18191,0.0
2017-10-15 00:00:00,1.18107,1.18178,1.18056,1.18145,7022.06982421875
2017-10-16 00:00:00,1.18147,1.18196,1.17805,1.17945,191054.1875
2017-10-17 00:00:00,1.17945,1.17949,1.17361,1.17711,198611.125
2017-10-18 00:00:00,1.1771,1.18053,1.17302,1.17942,199544.78125
2017-10-19 00:00:00,1.17943,1.18579,1.17679,1.18484,222417.53125
2017-10-20 00:00:00,1.18485,1.18579,1.17624,1.17817,208817.703125
2017-10-21 00:00:00,1.17817,1.17817,1.17817,1.17817,0.0
2017-10-22 00:00:00,1.17641,1.17743,1.17513,1.17546,13263.0595703125
2017-10-23 00:00:00,1.17552,1.17774,1.1725,1.17548,182440.859375
2017-10-24 00:00:00,1.17548,1.17927,1.17428,1.176,192348.6875
2017-10-25 00:00:00,1.17599,1.18203,1.1753,1.18195,217868.6875
2017-10-26 00:00:00,1.18195,1.18367,1.16314,1.16377,222254.09375
2017-10-27 00:00:00,1.16377,1.16437,1.15741,1.16083,208479.640625
2017-10-28 00:00:00,1.16083,1.16083,1.16083,1.16083,0.0
2017-10-29 00:00:00,1.16067,1.16153,1.15937,1.16056,7551.2998046875
2017-10-30 00:00:00,1.16057,1.16579,1.15976,1.16512,191081.90625
2017-10-31 00:00:00,1.16513,1.16613,1.16248,1.16518,169713.25
2017-11-01 00:00:00,1.16518,1.1657,1.16064,1.16282,196258.1875
2017-11-02 00:00:00,1.16282,1.16873,1.16261,1.16586,222217.65625
2017-11-03 00:00:00,1.16588,1.16904,1.15991,1.1606,169342.21875
2017-11-04 00:00:00,1.1606,1.1606,1.1606,1.1606,0.0
2017-11-05 00:00:00,1.16155,1.16179,1.16038,1.16147,5818.35009765625
2017-11-06 00:00:00,1.16147,1.1624,1.15802,1.16113,184127.34375
2017-11-07 00:00:00,1.16113,1.16154,1.15539,1.16008,197382.78125
2017-11-08 00:00:00,1.16008,1.16111,1.15792,1.1595,168407.640625
2017-11-09 00:00:00,1.1595,1.16548,1.15856,1.16462,214302.625
2017-11-10 00:00:00,1.16464,1.16778,1.16227,1.16638,167773.703125
2017-11-11 00:00:00,1.16638,1.16638,1.16638,1.16638,0.0
2017-11-12 00:00:00,1.16572,1.16646,1.16558,1.16609,5708.47998046875
2017-11-13 00:00:00,1.16609,1.16751,1.16373,1.16646,162501.75
2017-11-14 00:00:00,1.16646,1.1805,1.16625,1.17906,182637.5625
2017-11-15 00:00:00,1.17907,1.18604,1.17683,1.17826,213275.453125
2017-11-16 00:00:00,1.17826,1.18008,1.17569,1.17781,174470.796875
2017-11-17 00:00:00,1.17783,1.18217,1.17738,1.17879,189217.9375
2017-11-18 00:00:00,1.17879,1.17879,1.17879,1.17879,0.0
2017-11-19 00:00:00,1.17857,1.1797,1.17223,1.17344,16111.169921875
2017-11-20 00:00:00,1.17344,1.18085,1.17249,1.17371,186928.328125
2017-11-21 00:00:00,1.17372,1.17577,1.17128,1.17416,184422.125
2017-11-22 00:00:00,1.17416,1.18269,1.17346,1.18146,185656.625
2017-11-23 00:00:00,1.18147,1.18559,1.18132,1.18503,148633.859375
2017-11-24 00:00:00,1.18504,1.19443,1.18367,1.19286,171776.5
2017-11-25 00:00:00,1.19286,1.19286,1.19286,1.19286,0.0
2017-11-26 00:00:00,1.19255,1.1936,1.19239,1.19274,5771.2099609375
2017-11-27 00:00:00,1.19273,1.19611,1.18903,1.19041,194033.5625
2017-11-28 00:00:00,1.1904,1.19198,1.18271,1.18491,226569.078125
2017-11-29 00:00:00,1.18491,1.18827,1.18167,1.1852,207759.578125
2017-11-30 00:00:00,1.18519,1.19315,1.1809,1.18979,229024.984375
2017-12-01 00:00:00,1.1898,1.19403,1.18508,1.18942,258102.546875
2017-12-02 00:00:00,1.18942,1.18942,1.18942,1.18942,0.0
2017-12-03 00:00:00,1.18607,1.18751,1.18562,1.18565,9407.580078125
2017-12-04 00:00:00,1.18565,1.18785,1.18291,1.18676,214967.234375
2017-12-05 00:00:00,1.18677,1.18766,1.18007,1.18304,212470.5
2017-12-06 00:00:00,1.18305,1.1848,1.17806,1.18039,210894.953125
2017-12-07 00:00:00,1.1804,1.18146,1.17713,1.17725,199774.046875
2017-12-08 00:00:00,1.17726,1.17744,1.17301,1.1772,197008.109375
2017-12-09 00:00:00,1.1772,1.1772,1.1772,1.1772,0.0
2017-12-10 00:00:00,1.17651,1.17718,1.17636,1.17675,5048.22998046875
2017-12-11 00:00:00,1.17675,1.18117,1.17639,1.17762,191002.515625
2017-12-12 00:00:00,1.17762,1.17926,1.17174,1.17422,189870.125
2017-12-13 00:00:00,1.17423,1.18404,1.17294,1.18361,220791.03125
2017-12-14 00:00:00,1.18361,1.18625,1.17645,1.17745,241295.328125
2017-12-15 00:00:00,1.17745,1.18123,1.17488,1.17492,200470.34375
2017-12-16 00:00:00,1.17492,1.17492,1.17492,1.17492,0.0
2017-12-17 00:00:00,1.17441,1.17509,1.17377,1.17432,8501.2998046875
2017-12-18 00:00:00,1.17432,1.18342,1.1742,1.17837,199837.203125
2017-12-19 00:00:00,1.17837,1.18487,1.17764,1.18369,207806.6875
2017-12-20 00:00:00,1.18368,1.19017,1.18289,1.18776,198896.21875
2017-12-21 00:00:00,1.18776,1.18895,1.18493,1.18521,187995.5
2017-12-22 00:00:00,1.18521,1.1864,1.18169,1.18607,178403.75
2017-12-23 00:00:00,1.18607,1.18607,1.18607,1.18607,0.0
2017-12-24 00:00:00,1.1844,1.18515,1.1844,1.18505,198.10000610351562
2017-12-25 00:00:00,1.18505,1.18766,1.18429,1.1871,9768.08984375
2017-12-26 00:00:00,1.18712,1.18787,1.18465,1.18571,105017.7578125
2017-12-27 00:00:00,1.1857,1.19102,1.1855,1.19002,180147.875
2017-12-28 00:00:00,1.19001,1.19589,1.1897,1.19394,175111.265625
2017-12-29 00:00:00,1.19395,1.20254,1.19369,1.19985,171777.125
2017-12-30 00:00:00,1.19985,1.19985,1.19985,1.19985,0.0
2017-12-31 00:00:00,1.19985,1.19985,1.19985,1.19985,0.0
2018-01-01 00:00:00,1.20102,1.20166,1.20007,1.20106,8573.2197265625
2018-01-02 00:00:00,1.20105,1.20811,1.20078,1.20614,197155.90625
2018-01-03 00:00:00,1.20614,1.20638,1.20011,1.20107,194931.65625
2018-01-04 00:00:00,1.20108,1.20889,1.20044,1.20664,210213.4375
2018-01-05 00:00:00,1.20663,1.20829,1.20205,1.20304,189702.34375
2018-01-06 00:00:00,1.20304,1.20304,1.20304,1.20304,0.0
2018-01-07 00:00:00,1.20265,1.20389,1.20259,1.2037,5754.06005859375
2018-01-08 00:00:00,1.20371,1.20521,1.1956,1.19698,183382.046875
2018-01-09 00:00:00,1.19698,1.19755,1.19156,1.19284,205626.34375
2018-01-10 00:00:00,1.19282,1.20179,1.19231,1.19558,253338.203125
2018-01-11 00:00:00,1.19557,1.20589,1.19291,1.20427,246792.65625
2018-01-12 00:00:00,1.20427,1.22184,1.20401,1.21993,276488.125
2018-01-13 00:00:00,1.21993,1.21993,1.21993,1.21993,0.0
2018-01-14 00:00:00,1.21933,1.22117,1.21908,1.21919,7288.7001953125
2018-01-15 00:00:00,1.2192,1.22964,1.21876,1.22665,231018.859375
2018-01-16 00:00:00,1.22666,1.22828,1.21952,1.22707,262608.375
2018-01-17 00:00:00,1.22707,1.23231,1.2165,1.21802,289569.59375
2018-01-18 00:00:00,1.21804,1.22648,1.21734,1.2234,254020.75
2018-01-19 00:00:00,1.2234,1.22953,1.22145,1.22145,252174.53125
2018-01-20 00:00:00,1.22145,1.22145,1.22145,1.22145,0.0
2018-01-21 00:00:00,1.22702,1.22726,1.22338,1.2256,9384.16015625
2018-01-22 00:00:00,1.22559,1.2267,1.22138,1.22562,233047.953125
2018-01-23 00:00:00,1.22564,1.23152,1.2223,1.23086,257732.125
2018-01-24 00:00:00,1.23087,1.24149,1.2292,1.23923,296230.28125
2018-01-25 00:00:00,1.23921,1.25373,1.23639,1.23914,367825.875
2018-01-26 00:00:00,1.23914,1.24936,1.23861,1.24283,317662.375
2018-01-27 00:00:00,1.24283,1.24283,1.24283,1.24283,0.0
2018-01-28 00:00:00,1.24232,1.24312,1.24128,1.24312,9490.51953125
2018-01-29 00:00:00,1.24311,1.24322,1.23367,1.23809,283885.0
2018-01-30 00:00:00,1.2381,1.24538,1.2335,1.24084,300948.09375
2018-01-31 00:00:00,1.24084,1.24748,1.23868,1.24168,321338.9375
2018-02-01 00:00:00,1.24168,1.25229,1.23854,1.25105,298223.15625
2018-02-02 00:00:00,1.25107,1.25182,1.24092,1.24559,299589.6875
2018-02-03 00:00:00,1.24559,1.24559,1.24559,1.24559,0.0
2018-02-04 00:00:00,1.2432,1.24547,1.24243,1.24462,13303.75
2018-02-05 00:00:00,1.24462,1.24748,1.23626,1.23666,319407.34375
2018-02-06 00:00:00,1.23667,1.24343,1.23138,1.23803,414817.15625
2018-02-07 00:00:00,1.23803,1.24055,1.22459,1.227,316532.5625
2018-02-08 00:00:00,1.22699,1.22948,1.2212,1.22606,366027.21875
2018-02-09 00:00:00,1.22607,1.22873,1.22054,1.2251,320626.8125
2018-02-10 00:00:00,1.2251,1.2251,1.2251,1.2251,0.0
2018-02-11 00:00:00,1.22483,1.22524,1.22418,1.22522,8102.5400390625
2018-02-12 00:00:00,1.22523,1.23071,1.2235,1.23004,246655.703125
2018-02-13 00:00:00,1.23009,1.2371,1.22844,1.23536,257680.15625
2018-02-14 00:00:00,1.23537,1.24695,1.22758,1.24681,301226.3125
2018-02-15 00:00:00,1.24682,1.25103,1.24478,1.25027,289094.15625
2018-02-16 00:00:00,1.25027,1.25553,1.23931,1.24041,285733.03125
2018-02-17 00:00:00,1.24041,1.24041,1.24041,1.24041,0.0
2018-02-18 00:00:00,1.24015,1.24204,1.24014,1.24117,6402.68994140625
2018-02-19 00:00:00,1.24117,1.24349,1.2369,1.24002,193454.453125
2018-02-20 00:00:00,1.24001,1.24106,1.23199,1.23353,266378.28125
2018-02-21 00:00:00,1.23352,1.23598,1.22734,1.22804,280812.53125
2018-02-22 00:00:00,1.22805,1.2352,1.22597,1.23256,262317.40625
2018-02-23 00:00:00,1.23256,1.23316,1.22798,1.22937,219908.9375
2018-02-24 00:00:00,1.22937,1.22937,1.22937,1.22937,0.0
2018-02-25 00:00:00,1.22928,1.22947,1.22809,1.22883,6659.240234375
2018-02-26 00:00:00,1.22883,1.2355,1.22776,1.23149,224911.296875
2018-02-27 00:00:00,1.23149,1.23462,1.22216,1.22259,249965.875
2018-02-28 00:00:00,1.22258,1.22412,1.21878,1.21915,254894.875
2018-03-01 00:00:00,1.21915,1.22747,1.21546,1.2271,281951.8125
2018-03-02 00:00:00,1.22709,1.23358,1.22514,1.23186,264913.09375
2018-03-03 00:00:00,1.23186,1.23186,1.23186,1.23186,0.0
2018-03-04 00:00:00,1.23248,1.23641,1.22995,1.23176,17418.119140625
2018-03-05 00:00:00,1.23176,1.23487,1.22688,1.23365,247128.578125
2018-03-06 00:00:00,1.23365,1.24287,1.23281,1.24155,250087.625
2018-03-07 00:00:00,1.24154,1.2445,1.23847,1.24122,269820.53125
2018-03-08 00:00:00,1.24122,1.2446,1.22979,1.23067,270455.46875
2018-03-09 00:00:00,1.2307,1.23342,1.2273,1.23041,264422.6875
2018-03-10 00:00:00,1.23041,1.23041,1.23041,1.23041,0.0
2018-03-11 00:00:00,1.23094,1.23133,1.2306,1.23084,8653.8603515625
2018-03-12 00:00:00,1.23083,1.23455,1.22903,1.23384,205139.671875
2018-03-13 00:00:00,1.23383,1.24074,1.23145,1.23928,249276.171875
2018-03-14 00:00:00,1.23928,1.24125,1.23471,1.23747,220999.625
2018-03-15 00:00:00,1.23746,1.23836,1.23001,1.23062,225221.703125
2018-03-16 00:00:00,1.23061,1.2336,1.22602,1.22889,196011.375
2018-03-17 00:00:00,1.22889,1.22889,1.22889,1.22889,0.0
2018-03-18 00:00:00,1.22817,1.22919,1.22799,1.22807,7730.919921875
2018-03-19 00:00:00,1.22807,1.23586,1.22579,1.23365,229503.28125
2018-03-20 00:00:00,1.23365,1.23545,1.22399,1.22482,237447.984375
2018-03-21 00:00:00,1.22483,1.23499,1.22467,1.23463,260896.953125
2018-03-22 00:00:00,1.23464,1.23884,1.22855,1.23239,287729.21875
2018-03-23 00:00:00,1.23239,1.23733,1.23166,1.23522,250785.890625
2018-03-24 00:00:00,1.23522,1.23522,1.23522,1.23522,0.0
2018-03-25 00:00:00,1.2347,1.23673,1.2347,1.23541,8129.81005859375
2018-03-26 00:00:00,1.23541,1.24615,1.23517,1.24572,266398.96875
2018-03-27 00:00:00,1.2457,1.24765,1.23723,1.24087,311755.9375
2018-03-28 00:00:00,1.24086,1.24215,1.23001,1.23125,268466.78125
2018-03-29 00:00:00,1.23124,1.23352,1.22838,1.23018,243556.140625
2018-03-30 00:00:00,1.23018,1.23305,1.22898,1.232,76608.21875
2018-03-31 00:00:00,1.232,1.232,1.232,1.232,0.0
2018-04-01 00:00:00,1.23199,1.2323,1.23124,1.23125,7856.41015625
2018-04-02 00:00:00,1.23127,1.23449,1.2282,1.22931,156721.078125
2018-04-03 00:00:00,1.22931,1.23352,1.22537,1.22781,226872.3125
2018-04-04 00:00:00,1.22781,1.23145,1.2257,1.22872,233257.359375
2018-04-05 00:00:00,1.22873,1.22901,1.22182,1.22485,230162.875
2018-04-06 00:00:00,1.22489,1.22907,1.22151,1.22792,264556.125
2018-04-07 00:00:00,1.22792,1.22792,1.22792,1.22792,0.0
2018-04-08 00:00:00,1.22824,1.22833,1.22656,1.22709,9185.650390625
2018-04-09 00:00:00,1.22709,1.23308,1.22602,1.23206,246667.265625
2018-04-10 00:00:00,1.23206,1.23776,1.23027,1.23627,265899.4375
2018-04-11 00:00:00,1.23627,1.23964,1.2347,1.23719,301237.125
2018-04-12 00:00:00,1.23719,1.23797,1.22993,1.23295,245799.34375
2018-04-13 00:00:00,1.23293,1.23458,1.2307,1.23282,206969.5625
2018-04-14 00:00:00,1.23282,1.23282,1.23282,1.23282,0.0
2018-04-15 00:00:00,1.23278,1.23366,1.23231,1.23316,6422.259765625
2018-04-16 00:00:00,1.23316,1.23945,1.23242,1.23837,214910.328125
2018-04-17 00:00:00,1.23837,1.24136,1.23362,1.23724,219237.3125
2018-04-18 00:00:00,1.23724,1.23971,1.23418,1.23785,233803.53125
2018-04-19 00:00:00,1.23786,1.24001,1.2329,1.2343,237982.71875
2018-04-20 00:00:00,1.2343,1.23529,1.22499,1.22846,205993.0625
2018-04-21 00:00:00,1.22846,1.22846,1.22846,1.22846,0.0
2018-04-22 00:00:00,1.22699,1.2288,1.22699,1.22737,10516.4501953125
2018-04-23 00:00:00,1.22738,1.22894,1.21977,1.22092,244260.421875
2018-04-24 00:00:00,1.22094,1.22448,1.21817,1.22372,225410.96875
2018-04-25 00:00:00,1.22372,1.22372,1.21599,1.21706,230369.8125
2018-04-26 00:00:00,1.21707,1.22099,1.20962,1.21081,255335.21875
2018-04-27 00:00:00,1.21081,1.21327,1.20556,1.21291,209457.4375
2018-04-28 00:00:00,1.21291,1.21291,1.21291,1.21291,0.0
2018-04-29 00:00:00,1.21224,1.2129,1.21188,1.21226,8343.5400390625
2018-04-30 00:00:00,1.21226,1.21386,1.20643,1.20815,230675.359375
2018-05-01 00:00:00,1.20815,1.20828,1.19814,1.1991,208487.78125
2018-05-02 00:00:00,1.19912,1.20316,1.19378,1.19504,272080.21875
2018-05-03 00:00:00,1.19504,1.20087,1.19479,1.19886,262257.21875
2018-05-04 00:00:00,1.19886,1.19954,1.19107,1.1955,207802.21875
2018-05-05 00:00:00,1.1955,1.1955,1.1955,1.1955,0.0
2018-05-06 00:00:00,1.19557,1.1964,1.19545,1.19545,6517.22998046875
2018-05-07 00:00:00,1.19544,1.19779,1.18975,1.19331,200538.609375
2018-05-08 00:00:00,1.19331,1.19387,1.1838,1.18671,238088.828125
2018-05-09 00:00:00,1.18673,1.18969,1.18227,1.18467,239571.15625
2018-05-10 00:00:00,1.18465,1.19463,1.1844,1.19137,264411.625
2018-05-11 00:00:00,1.19137,1.19678,1.18911,1.19395,216401.953125
2018-05-12 00:00:00,1.19395,1.19395,1.19395,1.19395,0.0
2018-05-13 00:00:00,1.19385,1.19555,1.19379,1.19524,9086.3701171875
2018-05-14 00:00:00,1.19524,1.19959,1.19231,1.19309,247308.5
2018-05-15 00:00:00,1.1931,1.19384,1.18168,1.18203,259227.84375
2018-05-16 00:00:00,1.18205,1.18541,1.17635,1.18146,278499.78125
2018-05-17 00:00:00,1.18146,1.18373,1.17765,1.179,297010.25
2018-05-18 00:00:00,1.179,1.18221,1.17498,1.17689,228028.890625
2018-05-19 00:00:00,1.17689,1.17689,1.17689,1.17689,0.0
2018-05-20 00:00:00,1.17684,1.17756,1.17603,1.17651,10193.6103515625
2018-05-21 00:00:00,1.17651,1.17973,1.17165,1.17899,229934.4375
2018-05-22 00:00:00,1.17899,1.18296,1.17567,1.17878,255255.8125
2018-05-23 00:00:00,1.1788,1.17889,1.16758,1.17091,311289.125
2018-05-24 00:00:00,1.17092,1.17501,1.16906,1.17219,284713.1875
2018-05-25 00:00:00,1.1722,1.17335,1.16455,1.16478,257274.125
2018-05-26 00:00:00,1.16478,1.16478,1.16478,1.16478,0.0
2018-05-27 00:00:00,1.16862,1.1692,1.16758,1.16884,14555.7197265625
2018-05-28 00:00:00,1.16886,1.17283,1.16073,1.16261,208792.65625
2018-05-29 00:00:00,1.16264,1.16394,1.15099,1.15375,333584.15625
2018-05-30 00:00:00,1.15375,1.16759,1.15186,1.16646,317803.59375
2018-05-31 00:00:00,1.16646,1.17243,1.1641,1.16922,288710.6875
2018-06-01 00:00:00,1.16922,1.17178,1.1617,1.16584,260814.921875
2018-06-02 00:00:00,1.16584,1.16584,1.16584,1.16584,0.0
2018-06-03 00:00:00,1.16561,1.16689,1.16561,1.16672,6526.259765625
2018-06-04 00:00:00,1.1667,1.17444,1.1667,1.17,244045.484375
2018-06-05 00:00:00,1.17,1.17324,1.16525,1.17261,255717.203125
2018-06-06 00:00:00,1.17263,1.17956,1.17139,1.17813,245152.484375
2018-06-07 00:00:00,1.17812,1.18398,1.1781,1.17931,247115.453125
2018-06-08 00:00:00,1.17931,1.18103,1.17271,1.17666,236194.875
2018-06-09 00:00:00,1.17666,1.17666,1.17666,1.17666,0.0
2018-06-10 00:00:00,1.17736,1.17857,1.1771,1.17845,6645.1201171875
2018-06-11 00:00:00,1.17845,1.18205,1.17715,1.17725,207873.40625
2018-06-12 00:00:00,1.17726,1.18088,1.17334,1.17475,236702.71875
2018-06-13 00:00:00,1.17475,1.18047,1.17254,1.18032,240726.734375
2018-06-14 00:00:00,1.1803,1.18516,1.15607,1.15633,288776.28125
2018-06-15 00:00:00,1.15629,1.16269,1.15432,1.16059,249091.203125
2018-06-16 00:00:00,1.16059,1.16059,1.16059,1.16059,0.0
2018-06-17 00:00:00,1.15874,1.1602,1.1586,1.1593,8992.4296875
2018-06-18 00:00:00,1.1593,1.1641,1.15653,1.16298,215886.421875
2018-06-19 00:00:00,1.16297,1.16445,1.15307,1.15881,273936.46875
2018-06-20 00:00:00,1.15882,1.15999,1.15365,1.15773,246503.859375
2018-06-21 00:00:00,1.15774,1.16334,1.15082,1.16043,289165.09375
2018-06-22 00:00:00,1.16043,1.16749,1.16005,1.16561,251501.296875
2018-06-23 00:00:00,1.16561,1.16561,1.16561,1.16561,0.0
2018-06-24 00:00:00,1.16622,1.16728,1.16577,1.166,13863.4501953125
2018-06-25 00:00:00,1.16603,1.1713,1.16286,1.17009,262553.40625
2018-06-26 00:00:00,1.17009,1.17203,1.16348,1.16493,284540.0625
2018-06-27 00:00:00,1.16493,1.1672,1.15407,1.15629,334885.4375
2018-06-28 00:00:00,1.15628,1.16005,1.15271,1.15634,288569.0
2018-06-29 00:00:00,1.15634,1.16902,1.15632,1.16847,286305.25
2018-06-30 00:00:00,1.16847,1.16847,1.16847,1.16847,0.0
2018-07-01 00:00:00,1.16747,1.169,1.16616,1.16786,16543.69921875
2018-07-02 00:00:00,1.16778,1.16789,1.15911,1.16415,242756.453125
2018-07-03 00:00:00,1.16413,1.16731,1.16204,1.16589,248250.296875
2018-07-04 00:00:00,1.16587,1.16817,1.16305,1.16601,194700.09375
2018-07-05 00:00:00,1.16602,1.17201,1.165,1.16918,265512.71875
2018-07-06 00:00:00,1.16919,1.17676,1.168,1.17444,231725.015625
2018-07-07 00:00:00,1.17444,1.17444,1.17444,1.17444,0.0
2018-07-08 00:00:00,1.17392,1.17541,1.17387,1.17517,12503.080078125
2018-07-09 00:00:00,1.17514,1.17906,1.17326,1.1756,238514.0625
2018-07-10 00:00:00,1.1756,1.17624,1.16901,1.17279,240910.984375
2018-07-11 00:00:00,1.17279,1.1758,1.16653,1.16749,280838.21875
2018-07-12 00:00:00,1.16749,1.16955,1.16497,1.16638,245254.65625
2018-07-13 00:00:00,1.16637,1.16868,1.16129,1.16843,229295.90625
2018-07-14 00:00:00,1.16843,1.16843,1.16843,1.16843,0.0
2018-07-15 00:00:00,1.16896,1.16912,1.1677,1.16783,8986.740234375
2018-07-16 00:00:00,1.16783,1.17253,1.16756,1.1709,234071.25
2018-07-17 00:00:00,1.1709,1.17446,1.16484,1.1653,266361.6875
2018-07-18 00:00:00,1.16536,1.16648,1.16019,1.16449,258028.4375
2018-07-19 00:00:00,1.16449,1.16785,1.15748,1.16544,313041.28125
2018-07-20 00:00:00,1.16547,1.17387,1.16262,1.17196,306314.65625
2018-07-21 00:00:00,1.17196,1.17196,1.17196,1.17196,0.0
2018-07-22 00:00:00,1.17252,1.17453,1.17233,1.17403,13401.23046875
2018-07-23 00:00:00,1.17404,1.17497,1.16836,1.16934,247690.5
2018-07-24 00:00:00,1.16934,1.17168,1.16545,1.16845,247134.8125
2018-07-25 00:00:00,1.16846,1.17387,1.1664,1.17379,260995.296875
2018-07-26 00:00:00,1.17379,1.17436,1.16379,1.16437,254430.953125
2018-07-27 00:00:00,1.16436,1.16642,1.16203,1.16559,215431.625
2018-07-28 00:00:00,1.16559,1.16559,1.16559,1.16559,0.0
2018-07-29 00:00:00,1.16561,1.16604,1.16525,1.16591,7267.5
2018-07-30 00:00:00,1.16591,1.17186,1.16479,1.17071,194144.953125
2018-07-31 00:00:00,1.17071,1.17458,1.16838,1.1689,229884.96875
2018-08-01 00:00:00,1.1689,1.16994,1.16572,1.16631,229051.59375
2018-08-02 00:00:00,1.16632,1.16675,1.15816,1.1585,229159.4375
2018-08-03 00:00:00,1.15851,1.16105,1.15603,1.1567,233864.8125
2018-08-04 00:00:00,1.1567,1.1567,1.1567,1.1567,0.0
2018-08-05 00:00:00,1.15663,1.15705,1.15601,1.15615,9090.08984375
2018-08-06 00:00:00,1.15615,1.15702,1.153,1.15579,205637.125
2018-08-07 00:00:00,1.1558,1.16082,1.15515,1.16029,208332.015625
2018-08-08 00:00:00,1.16029,1.16281,1.15732,1.16092,205556.90625
2018-08-09 00:00:00,1.16092,1.16192,1.15162,1.1524,227591.140625
2018-08-10 00:00:00,1.15239,1.15363,1.13881,1.1409,287052.1875
2018-08-11 00:00:00,1.1409,1.1409,1.1409,1.1409,0.0
2018-08-12 00:00:00,1.1371,1.14115,1.13708,1.13946,14119.98046875
2018-08-13 00:00:00,1.13948,1.14328,1.13649,1.14004,266613.34375
2018-08-14 00:00:00,1.14004,1.14294,1.13302,1.13466,256380.90625
2018-08-15 00:00:00,1.13466,1.13548,1.13009,1.13416,246675.1875
2018-08-16 00:00:00,1.13416,1.14091,1.13357,1.13718,244651.734375
2018-08-17 00:00:00,1.13719,1.14448,1.13663,1.14379,205910.875
2018-08-18 00:00:00,1.14379,1.14379,1.14379,1.14379,0.0
2018-08-19 00:00:00,1.14371,1.14399,1.14353,1.14378,6480.64013671875
2018-08-20 00:00:00,1.14379,1.14931,1.13942,1.14918,221939.25
2018-08-21 00:00:00,1.14918,1.16011,1.14854,1.15759,262909.375
2018-08-22 00:00:00,1.15761,1.16229,1.15531,1.15857,228376.8125
2018-08-23 00:00:00,1.15857,1.15906,1.15298,1.15419,228104.28125
2018-08-24 00:00:00,1.15419,1.16397,1.15381,1.16205,225871.765625
2018-08-25 00:00:00,1.16205,1.16205,1.16205,1.16205,0.0
2018-08-26 00:00:00,1.16141,1.16534,1.1614,1.16451,8815.76953125
2018-08-27 00:00:00,1.1645,1.16935,1.15943,1.1684,204865.9375
2018-08-28 00:00:00,1.16842,1.17334,1.16625,1.16932,237164.0625
2018-08-29 00:00:00,1.16932,1.17106,1.1652,1.17093,235416.109375
2018-08-30 00:00:00,1.17094,1.17181,1.16417,1.16654,238798.734375
2018-08-31 00:00:00,1.16654,1.16901,1.15845,1.15997,234403.453125
2018-09-01 00:00:00,1.15997,1.15997,1.15997,1.15997,0.0
2018-09-02 00:00:00,1.15961,1.16037,1.15926,1.1598,7132.97998046875
2018-09-03 00:00:00,1.15979,1.16278,1.15889,1.16138,163896.625
2018-09-04 00:00:00,1.16139,1.16141,1.15301,1.15871,219100.59375
2018-09-05 00:00:00,1.15872,1.164,1.15425,1.16344,260146.546875
2018-09-06 00:00:00,1.16346,1.16592,1.16055,1.16198,233894.796875
2018-09-07 00:00:00,1.162,1.16495,1.15506,1.1552,231931.5625
2018-09-08 00:00:00,1.1552,1.1552,1.1552,1.1552,0.0
2018-09-09 00:00:00,1.15483,1.15608,1.15474,1.15607,6051.75
2018-09-10 00:00:00,1.15605,1.16161,1.1526,1.15935,195406.75
2018-09-11 00:00:00,1.15935,1.16441,1.15654,1.15955,211081.375
2018-09-12 00:00:00,1.15954,1.16496,1.15699,1.16253,231822.671875
2018-09-13 00:00:00,1.16253,1.17009,1.16091,1.16911,222189.734375
2018-09-14 00:00:00,1.16912,1.17215,1.16206,1.16227,205084.9375
2018-09-15 00:00:00,1.16227,1.16227,1.16227,1.16227,0.0
2018-09-16 00:00:00,1.16223,1.16322,1.16219,1.16234,6214.10986328125
2018-09-17 00:00:00,1.16234,1.16981,1.1618,1.16685,187743.171875
2018-09-18 00:00:00,1.16686,1.17243,1.16521,1.16775,225014.8125
2018-09-19 00:00:00,1.16777,1.17149,1.165,1.1674,228799.5
2018-09-20 00:00:00,1.16738,1.17845,1.16719,1.17755,241614.125
2018-09-21 00:00:00,1.17756,1.18027,1.17327,1.17473,199892.34375
2018-09-22 00:00:00,1.17473,1.17473,1.17473,1.17473,0.0
2018-09-23 00:00:00,1.17432,1.17522,1.17378,1.17485,7622.4501953125
2018-09-24 00:00:00,1.17483,1.18153,1.17241,1.17523,203649.25
2018-09-25 00:00:00,1.17525,1.17925,1.1731,1.17628,210535.34375
2018-09-26 00:00:00,1.17629,1.17976,1.17259,1.17469,215615.59375
2018-09-27 00:00:00,1.17469,1.17571,1.16331,1.1636,269085.46875
2018-09-28 00:00:00,1.1636,1.16511,1.15698,1.16019,223588.296875
2018-09-29 00:00:00,1.16019,1.16019,1.16019,1.16019,0.0
2018-09-30 00:00:00,1.16171,1.16173,1.16028,1.16052,6585.47998046875
2018-10-01 00:00:00,1.16052,1.16246,1.15635,1.15769,203564.40625
2018-10-02 00:00:00,1.1577,1.15802,1.15052,1.15503,242329.28125
2018-10-03 00:00:00,1.15503,1.15936,1.14645,1.14764,263688.8125
2018-10-04 00:00:00,1.14765,1.15426,1.14633,1.15173,230818.875
2018-10-05 00:00:00,1.15173,1.15495,1.14838,1.15174,225535.15625
2018-10-06 00:00:00,1.15174,1.15174,1.15174,1.15174,0.0
2018-10-07 00:00:00,1.1521,1.15275,1.15197,1.15238,7581.41015625
2018-10-08 00:00:00,1.15238,1.15296,1.14599,1.14941,186998.59375
2018-10-09 00:00:00,1.14941,1.15087,1.14321,1.15046,256529.21875
2018-10-10 00:00:00,1.15046,1.15452,1.14798,1.1533,238184.1875
2018-10-11 00:00:00,1.1533,1.15994,1.15311,1.159,290556.96875
2018-10-12 00:00:00,1.15899,1.16104,1.15343,1.15571,228332.9375
2018-10-13 00:00:00,1.15571,1.15571,1.15571,1.15571,0.0
2018-10-14 00:00:00,1.15372,1.15534,1.15369,1.15504,9901.0302734375
2018-10-15 00:00:00,1.15505,1.16061,1.1543,1.15828,213659.90625
2018-10-16 00:00:00,1.15828,1.16212,1.1566,1.15762,216750.8125
2018-10-17 00:00:00,1.15763,1.15803,1.14953,1.15011,242886.65625
2018-10-18 00:00:00,1.15012,1.15272,1.14492,1.14539,249737.8125
2018-10-19 00:00:00,1.14539,1.15345,1.14331,1.15142,240374.90625
2018-10-20 00:00:00,1.15142,1.15142,1.15142,1.15142,0.0
2018-10-21 00:00:00,1.15149,1.15179,1.15084,1.15105,8602.6298828125
2018-10-22 00:00:00,1.15106,1.15501,1.14557,1.14646,223824.75
2018-10-23 00:00:00,1.14646,1.14934,1.14392,1.14706,261417.046875
2018-10-24 00:00:00,1.14706,1.14766,1.13789,1.13988,259360.0625
2018-10-25 00:00:00,1.13987,1.14326,1.13561,1.13753,246924.375
2018-10-26 00:00:00,1.13753,1.14209,1.13355,1.14021,257994.203125
2018-10-27 00:00:00,1.14021,1.14021,1.14021,1.14021,0.0
2018-10-28 00:00:00,1.13921,1.14038,1.13921,1.1398,7206.64990234375
2018-10-29 00:00:00,1.1398,1.14163,1.13606,1.13755,244321.546875
2018-10-30 00:00:00,1.13756,1.13877,1.13404,1.13453,216733.78125
2018-10-31 00:00:00,1.13452,1.13601,1.1302,1.13145,238968.734375
2018-11-01 00:00:00,1.13146,1.14241,1.13126,1.14027,256706.609375
2018-11-02 00:00:00,1.14028,1.14557,1.13722,1.1386,231809.25
2018-11-03 00:00:00,1.1386,1.1386,1.1386,1.1386,0.0
2018-11-04 00:00:00,1.13863,1.13993,1.13862,1.13976,10993.58984375
2018-11-05 00:00:00,1.13975,1.14239,1.1353,1.14083,214827.9375
2018-11-06 00:00:00,1.14083,1.14417,1.13913,1.1441,227445.921875
2018-11-07 00:00:00,1.1441,1.14995,1.13947,1.14325,299458.5625
2018-11-08 00:00:00,1.14325,1.14465,1.13515,1.13679,253817.375
2018-11-09 00:00:00,1.13678,1.13689,1.13161,1.13342,240480.625
2018-11-10 00:00:00,1.13342,1.13342,1.13342,1.13342,0.0
2018-11-11 00:00:00,1.13182,1.13285,1.13137,1.13237,11790.2001953125
2018-11-12 00:00:00,1.13239,1.13305,1.12156,1.12235,236134.625
2018-11-13 00:00:00,1.12235,1.13212,1.12218,1.13109,343142.90625
2018-11-14 00:00:00,1.13111,1.13475,1.12632,1.13121,291523.0625
2018-11-15 00:00:00,1.13121,1.13622,1.12705,1.13243,291819.59375
2018-11-16 00:00:00,1.13244,1.14202,1.13216,1.14185,245949.234375
2018-11-17 00:00:00,1.14185,1.14185,1.14185,1.14185,0.0
2018-11-18 00:00:00,1.14133,1.14211,1.14061,1.14136,10798.5302734375
2018-11-19 00:00:00,1.14135,1.14644,1.13938,1.1454,204704.4375
2018-11-20 00:00:00,1.1454,1.14723,1.13587,1.13721,239103.984375
2018-11-21 00:00:00,1.1372,1.14245,1.13656,1.13884,234284.0625
2018-11-22 00:00:00,1.13885,1.1434,1.13853,1.14026,170538.890625
2018-11-23 00:00:00,1.14027,1.14209,1.13275,1.13355,336333.59375
2018-11-24 00:00:00,1.13355,1.13355,1.13355,1.13355,0.0
2018-11-25 00:00:00,1.13401,1.13407,1.13305,1.13374,9716.5400390625
2018-11-26 00:00:00,1.13374,1.13837,1.1325,1.13331,228041.953125
2018-11-27 00:00:00,1.13331,1.13436,1.12775,1.12969,245549.265625
2018-11-28 00:00:00,1.1297,1.13875,1.12671,1.13674,266362.71875
2018-11-29 00:00:00,1.13674,1.14016,1.13486,1.13924,264739.71875
2018-11-30 00:00:00,1.13924,1.14003,1.13054,1.13164,252452.734375
2018-12-01 00:00:00,1.13164,1.13164,1.13164,1.13164,0.0
2018-12-02 00:00:00,1.13499,1.13502,1.13282,1.13421,11397.259765625
2018-12-03 00:00:00,1.13422,1.13796,1.13192,1.13541,243990.203125
2018-12-04 00:00:00,1.13541,1.14187,1.13185,1.13424,284073.9375
2018-12-05 00:00:00,1.13425,1.13612,1.13107,1.13487,197094.84375
2018-12-06 00:00:00,1.13487,1.14123,1.13209,1.13758,280059.15625
2018-12-07 00:00:00,1.13758,1.14235,1.13603,1.13758,242705.1875
2018-12-08 00:00:00,1.13758,1.13758,1.13758,1.13758,0.0
2018-12-09 00:00:00,1.13909,1.14067,1.13906,1.13995,9642.330078125
2018-12-10 00:00:00,1.13996,1.14426,1.13504,1.13558,256937.578125
2018-12-11 00:00:00,1.13559,1.14002,1.13062,1.13216,261593.609375
2018-12-12 00:00:00,1.13215,1.13872,1.13148,1.13725,264787.65625
2018-12-13 00:00:00,1.13725,1.13932,1.1331,1.1363,251050.25
2018-12-14 00:00:00,1.1363,1.13649,1.12699,1.13045,255950.84375
2018-12-15 00:00:00,1.13045,1.13045,1.13045,1.13045,0.0
2018-12-16 00:00:00,1.13008,1.13083,1.12967,1.13041,12067.7001953125
2018-12-17 00:00:00,1.13043,1.13577,1.13027,1.13493,213611.75
2018-12-18 00:00:00,1.13495,1.14022,1.13366,1.13758,250202.4375
2018-12-19 00:00:00,1.13756,1.14392,1.13643,1.13865,396079.875
2018-12-20 00:00:00,1.13865,1.14859,1.13771,1.14565,521394.28125
2018-12-21 00:00:00,1.14566,1.14739,1.13559,1.13684,457889.4375
2018-12-22 00:00:00,1.13684,1.13684,1.13684,1.13684,0.0
2018-12-23 00:00:00,1.13692,1.13738,1.13604,1.13723,9257.1201171875
2018-12-24 00:00:00,1.13723,1.14384,1.13705,1.13995,364501.90625
2018-12-25 00:00:00,1.13998,1.14198,1.13892,1.14131,19137.880859375
2018-12-26 00:00:00,1.14132,1.14163,1.13428,1.13601,261304.71875
2018-12-27 00:00:00,1.13602,1.1454,1.1358,1.14304,556935.8125
2018-12-28 00:00:00,1.14306,1.14727,1.14299,1.14414,444843.9375
2018-12-29 00:00:00,1.14414,1.14414,1.14414,1.14414,0.0
2018-12-30 00:00:00,1.14331,1.14406,1.14331,1.14389,9853.8095703125
2018-12-31 00:00:00,1.14389,1.14674,1.14213,1.14627,306212.96875
2019-01-01 00:00:00,1.14598,1.14676,1.14566,1.14612,11818.900390625
2019-01-02 00:00:00,1.14612,1.14967,1.13092,1.13121,455444.65625
2019-01-03 00:00:00,1.13122,1.1411,1.13099,1.13899,494514.1875
2019-01-04 00:00:00,1.13901,1.14189,1.13456,1.13943,403754.375
2019-01-05 00:00:00,1.13943,1.13943,1.13943,1.13943,0.0
2019-01-06 00:00:00,1.13955,1.14129,1.13954,1.14102,12460.9501953125
2019-01-07 00:00:00,1.14102,1.14826,1.14046,1.14789,362818.625
2019-01-08 00:00:00,1.1479,1.14844,1.14222,1.14572,373028.3125
2019-01-09 00:00:00,1.14573,1.15578,1.14389,1.15541,464484.84375
2019-01-10 00:00:00,1.15541,1.15697,1.14844,1.15081,501643.21875
2019-01-11 00:00:00,1.15082,1.15403,1.1458,1.14656,369059.28125
2019-01-12 00:00:00,1.14656,1.14656,1.14656,1.14656,0.0
2019-01-13 00:00:00,1.14589,1.14685,1.14583,1.14597,8476.8203125
2019-01-14 00:00:00,1.14598,1.1482,1.14506,1.14726,347342.125
2019-01-15 00:00:00,1.14727,1.14896,1.13819,1.14141,427916.25
2019-01-16 00:00:00,1.1414,1.14248,1.13777,1.13994,373027.375
2019-01-17 00:00:00,1.13994,1.14059,1.137,1.1392,380918.0
2019-01-18 00:00:00,1.1392,1.14103,1.13532,1.13614,383249.3125
2019-01-19 00:00:00,1.13614,1.13614,1.13614,1.13614,0.0
2019-01-20 00:00:00,1.13603,1.1368,1.13602,1.1365,7081.8701171875
2019-01-21 00:00:00,1.13651,1.1391,1.13567,1.13688,237382.046875
2019-01-22 00:00:00,1.13687,1.13739,1.13361,1.13633,365964.5625
2019-01-23 00:00:00,1.13634,1.13942,1.13505,1.13861,378517.625
2019-01-24 00:00:00,1.13861,1.13913,1.12892,1.13126,436798.0625
2019-01-25 00:00:00,1.13127,1.14176,1.13049,1.14032,421710.46875
2019-01-26 00:00:00,1.14032,1.14032,1.14032,1.14032,0.0
2019-01-27 00:00:00,1.14005,1.14134,1.14004,1.14127,7595.10009765625
2019-01-28 00:00:00,1.14127,1.14436,1.139,1.14294,354877.875
2019-01-29 00:00:00,1.14295,1.14501,1.14111,1.14348,424913.4375
2019-01-30 00:00:00,1.14348,1.15016,1.14062,1.14853,431876.78125
2019-01-31 00:00:00,1.14852,1.15141,1.14356,1.14482,477127.375
2019-02-01 00:00:00,1.14482,1.14884,1.14343,1.14547,398191.53125
2019-02-02 00:00:00,1.14547,1.14547,1.14547,1.14547,0.0
2019-02-03 00:00:00,1.14503,1.14581,1.14503,1.14543,6497.22021484375
2019-02-04 00:00:00,1.14543,1.14603,1.14244,1.14349,367141.96875
2019-02-05 00:00:00,1.14348,1.14404,1.14011,1.14087,331771.96875
2019-02-06 00:00:00,1.14087,1.14091,1.13608,1.13656,350166.09375
2019-02-07 00:00:00,1.13655,1.13675,1.13244,1.13382,375756.25
2019-02-08 00:00:00,1.13382,1.13508,1.13207,1.13207,330732.8125
2019-02-09 00:00:00,1.13207,1.13207,1.13207,1.13207,0.0
2019-02-10 00:00:00,1.13186,1.13248,1.13148,1.13237,8475.740234375
2019-02-11 00:00:00,1.13239,1.13298,1.12672,1.12785,378811.625
2019-02-12 00:00:00,1.12785,1.13396,1.12577,1.13336,404102.65625
2019-02-13 00:00:00,1.13336,1.13414,1.1249,1.12646,380532.40625
2019-02-14 00:00:00,1.12646,1.13098,1.12498,1.12947,416725.5625
2019-02-15 00:00:00,1.12946,1.13061,1.1234,1.12925,428528.34375
2019-02-16 00:00:00,1.12925,1.12925,1.12925,1.12925,0.0
2019-02-17 00:00:00,1.12906,1.12959,1.12889,1.12948,8065.10009765625
2019-02-18 00:00:00,1.12948,1.13338,1.12937,1.13114,264432.375
2019-02-19 00:00:00,1.13115,1.13574,1.12755,1.13399,408625.03125
2019-02-20 00:00:00,1.13399,1.13711,1.13249,1.13461,393154.5
2019-02-21 00:00:00,1.13461,1.13663,1.13202,1.13398,444394.71875
2019-02-22 00:00:00,1.13399,1.13556,1.13161,1.13319,385471.65625
2019-02-23 00:00:00,1.13319,1.13319,1.13319,1.13319,0.0
2019-02-24 00:00:00,1.1334,1.13421,1.13281,1.1342,10788.8701171875
2019-02-25 00:00:00,1.13421,1.13675,1.13367,1.13647,368447.75
2019-02-26 00:00:00,1.13647,1.14027,1.1345,1.1393,417596.3125
2019-02-27 00:00:00,1.13931,1.14036,1.13622,1.13795,422988.34375
2019-02-28 00:00:00,1.13796,1.14197,1.13595,1.1373,457608.46875
2019-03-01 00:00:00,1.13731,1.14085,1.13533,1.13633,405553.75
2019-03-02 00:00:00,1.13633,1.13633,1.13633,1.13633,0.0
2019-03-03 00:00:00,1.13811,1.13826,1.13722,1.13749,10698.1201171875
2019-03-04 00:00:00,1.13749,1.1375,1.1309,1.13362,406415.65625
2019-03-05 00:00:00,1.13363,1.13384,1.12895,1.1306,394725.25
2019-03-06 00:00:00,1.13059,1.13245,1.12855,1.13129,322848.125
2019-03-07 00:00:00,1.1313,1.13202,1.11764,1.1198,390830.40625
2019-03-08 00:00:00,1.1198,1.12461,1.11852,1.12311,374351.0
2019-03-09 00:00:00,1.12311,1.12311,1.12311,1.12311,0.0
2019-03-10 00:00:00,1.12316,1.12374,1.12304,1.12315,7755.259765625
2019-03-11 00:00:00,1.12315,1.12738,1.12217,1.12591,323944.15625
2019-03-12 00:00:00,1.1259,1.13049,1.12492,1.12865,320871.9375
2019-03-13 00:00:00,1.12864,1.13385,1.12773,1.13303,305061.0625
2019-03-14 00:00:00,1.13304,1.13361,1.1294,1.13064,328504.875
2019-03-15 00:00:00,1.13066,1.13443,1.13,1.1324,289446.96875
2019-03-16 00:00:00,1.1324,1.1324,1.1324,1.1324,0.0
2019-03-17 00:00:00,1.13201,1.13277,1.13189,1.13192,6321.3701171875
2019-03-18 00:00:00,1.13193,1.13589,1.13192,1.1336,256610.21875
2019-03-19 00:00:00,1.1336,1.13615,1.13336,1.13542,272290.75
2019-03-20 00:00:00,1.13543,1.1448,1.13354,1.14284,367710.75
2019-03-21 00:00:00,1.14282,1.14373,1.13425,1.13737,355410.40625
2019-03-22 00:00:00,1.13737,1.13905,1.12732,1.13004,402377.65625
2019-03-23 00:00:00,1.13004,1.13004,1.13004,1.13004,0.0
2019-03-24 00:00:00,1.12892,1.13011,1.12883,1.12955,8383.66015625
2019-03-25 00:00:00,1.12956,1.13314,1.12889,1.13151,341816.03125
2019-03-26 00:00:00,1.13152,1.13259,1.12632,1.12738,336568.125
2019-03-27 00:00:00,1.12737,1.12855,1.12421,1.12521,422556.4375
2019-03-28 00:00:00,1.12518,1.12612,1.12135,1.12298,426452.1875
2019-03-29 00:00:00,1.12297,1.12466,1.12098,1.12179,424280.375
2019-03-30 00:00:00,1.12179,1.12179,1.12179,1.12179,0.0
2019-03-31 00:00:00,1.12254,1.12312,1.12199,1.12231,10782.1796875
2019-04-01 00:00:00,1.12231,1.12498,1.11984,1.12049,414214.375
2019-04-02 00:00:00,1.12049,1.1216,1.11836,1.12032,437698.15625
2019-04-03 00:00:00,1.12032,1.12547,1.12019,1.12446,464945.65625
2019-04-04 00:00:00,1.12447,1.12475,1.12059,1.12222,382615.90625
2019-04-05 00:00:00,1.12222,1.12472,1.12099,1.12142,331661.34375
2019-04-06 00:00:00,1.12142,1.12142,1.12142,1.12142,0.0
2019-04-07 00:00:00,1.12138,1.12213,1.12118,1.12181,7693.85009765625
2019-04-08 00:00:00,1.12181,1.12744,1.12148,1.12555,386557.53125
2019-04-09 00:00:00,1.12557,1.12842,1.12554,1.12655,384052.25
2019-04-10 00:00:00,1.12654,1.12876,1.12294,1.12758,433096.78125
2019-04-11 00:00:00,1.12759,1.12873,1.12498,1.12601,382614.59375
2019-04-12 00:00:00,1.12602,1.13239,1.12572,1.12976,401664.28125
2019-04-13 00:00:00,1.12976,1.12976,1.12976,1.12976,0.0
2019-04-14 00:00:00,1.13035,1.13072,1.12991,1.13028,10414.8798828125
2019-04-15 00:00:00,1.13029,1.13209,1.12975,1.13043,376604.96875
2019-04-16 00:00:00,1.13044,1.13139,1.12788,1.12845,478236.75
2019-04-17 00:00:00,1.12845,1.13237,1.12813,1.12965,394230.75
2019-04-18 00:00:00,1.12964,1.13039,1.12261,1.12349,411987.1875
2019-04-19 00:00:00,1.12349,1.12476,1.12323,1.12408,106163.796875
2019-04-20 00:00:00,1.12408,1.12408,1.12408,1.12408,0.0
2019-04-21 00:00:00,1.12408,1.12452,1.12373,1.1244,6034.60986328125
2019-04-22 00:00:00,1.1244,1.1262,1.12357,1.12584,184842.328125
2019-04-23 00:00:00,1.12585,1.12612,1.11921,1.12237,366794.09375
2019-04-24 00:00:00,1.12239,1.12241,1.11406,1.11533,396092.9375
2019-04-25 00:00:00,1.11534,1.11623,1.11178,1.11353,346843.25
2019-04-26 00:00:00,1.11353,1.11739,1.11111,1.11429,341314.09375
2019-04-27 00:00:00,1.11429,1.11429,1.11429,1.11429,0.0
2019-04-28 00:00:00,1.11441,1.11516,1.11441,1.11494,8087.259765625
2019-04-29 00:00:00,1.11494,1.11869,1.1145,1.11848,285596.4375
2019-04-30 00:00:00,1.11847,1.1229,1.11757,1.12157,320017.5625
2019-05-01 00:00:00,1.12157,1.12647,1.1187,1.12024,243803.09375
2019-05-02 00:00:00,1.12023,1.1219,1.11707,1.11729,302647.875
2019-05-03 00:00:00,1.11728,1.12047,1.1135,1.12007,332884.15625
2019-05-04 00:00:00,1.12007,1.12007,1.12007,1.12007,0.0
2019-05-05 00:00:00,1.11799,1.12003,1.11672,1.11846,20415.490234375
2019-05-06 00:00:00,1.11846,1.12092,1.1179,1.1201,307459.6875
2019-05-07 00:00:00,1.12011,1.12178,1.11666,1.11895,342101.75
2019-05-08 00:00:00,1.11893,1.12136,1.11827,1.11977,370041.21875
2019-05-09 00:00:00,1.11977,1.12509,1.11734,1.12184,410143.59375
2019-05-10 00:00:00,1.12185,1.12536,1.12177,1.12329,366677.15625
2019-05-11 00:00:00,1.12329,1.12329,1.12329,1.12329,0.0
2019-05-12 00:00:00,1.1232,1.12408,1.12299,1.12357,10570.26953125
2019-05-13 00:00:00,1.12358,1.12635,1.12191,1.1232,330177.5
2019-05-14 00:00:00,1.1232,1.12439,1.12011,1.12032,312740.96875
2019-05-15 00:00:00,1.12031,1.12245,1.11779,1.12068,344234.03125
2019-05-16 00:00:00,1.12069,1.12238,1.11662,1.11731,330368.4375
2019-05-17 00:00:00,1.1173,1.11841,1.11551,1.11563,348250.1875
2019-05-18 00:00:00,1.11563,1.11563,1.11563,1.11563,0.0
2019-05-19 00:00:00,1.11598,1.11666,1.11598,1.11646,9331.1103515625
2019-05-20 00:00:00,1.11646,1.11748,1.11506,1.11673,305009.75
2019-05-21 00:00:00,1.11673,1.1188,1.11419,1.11643,333000.625
2019-05-22 00:00:00,1.11643,1.11802,1.11485,1.11552,286002.5
2019-05-23 00:00:00,1.11553,1.11875,1.1107,1.11841,368229.40625
2019-05-24 00:00:00,1.11841,1.12121,1.11771,1.12043,308644.0
2019-05-25 00:00:00,1.12043,1.12043,1.12043,1.12043,0.0
2019-05-26 00:00:00,1.12091,1.12116,1.12067,1.12068,8195.25
2019-05-27 00:00:00,1.12067,1.12151,1.11869,1.11934,192217.21875
2019-05-28 00:00:00,1.11933,1.11983,1.11592,1.11681,306191.0
2019-05-29 00:00:00,1.11682,1.11724,1.11243,1.11366,354138.3125
2019-05-30 00:00:00,1.11365,1.11433,1.1116,1.11295,300563.125
2019-05-31 00:00:00,1.11295,1.11797,1.11251,1.11678,412709.28125
2019-06-01 00:00:00,1.11678,1.11678,1.11678,1.11678,0.0
2019-06-02 00:00:00,1.11607,1.11741,1.11607,1.11736,11255.419921875
2019-06-03 00:00:00,1.11736,1.12619,1.11601,1.12457,373774.8125
2019-06-04 00:00:00,1.12458,1.12774,1.12267,1.12536,410688.75
2019-06-05 00:00:00,1.12535,1.13065,1.122,1.12286,399166.21875
2019-06-06 00:00:00,1.12286,1.1309,1.12008,1.12755,363147.40625
2019-06-07 00:00:00,1.12756,1.13477,1.12512,1.13334,347017.1875
2019-06-08 00:00:00,1.13334,1.13334,1.13334,1.13334,0.0
2019-06-09 00:00:00,1.1322,1.13308,1.13143,1.1319,10583.6796875
2019-06-10 00:00:00,1.1319,1.13243,1.12902,1.13179,319896.625
2019-06-11 00:00:00,1.13179,1.13374,1.13013,1.13295,358230.84375
2019-06-12 00:00:00,1.13295,1.13434,1.12824,1.12924,374913.3125
2019-06-13 00:00:00,1.12924,1.13037,1.12683,1.12795,353159.96875
2019-06-14 00:00:00,1.12794,1.12891,1.12024,1.1205,344535.5625
2019-06-15 00:00:00,1.1205,1.1205,1.1205,1.1205,0.0
2019-06-16 00:00:00,1.12089,1.12172,1.12088,1.12155,9786.5400390625
2019-06-17 00:00:00,1.12155,1.1247,1.12037,1.12242,244337.515625
2019-06-18 00:00:00,1.12244,1.12428,1.11813,1.11978,389081.0
2019-06-19 00:00:00,1.11978,1.12542,1.11871,1.12357,323580.78125
2019-06-20 00:00:00,1.12357,1.13173,1.12351,1.12943,428182.5
2019-06-21 00:00:00,1.12943,1.13777,1.1283,1.13679,407208.4375
2019-06-22 00:00:00,1.13679,1.13679,1.13679,1.13679,0.0
2019-06-23 00:00:00,1.13695,1.13852,1.13662,1.1385,12484.91015625
2019-06-24 00:00:00,1.1385,1.14039,1.13725,1.13991,295616.59375
2019-06-25 00:00:00,1.13993,1.14119,1.13442,1.13681,392497.90625
2019-06-26 00:00:00,1.1368,1.13913,1.13474,1.13735,341519.75
2019-06-27 00:00:00,1.13734,1.13814,1.13477,1.13711,305256.375
2019-06-28 00:00:00,1.13711,1.13933,1.13506,1.13681,276363.5625
2019-06-29 00:00:00,1.13681,1.13681,1.13681,1.13681,0.0
2019-06-30 00:00:00,1.13595,1.1371,1.13581,1.13601,12054.490234375
2019-07-01 00:00:00,1.13601,1.1364,1.12801,1.12868,303828.375
2019-07-02 00:00:00,1.12868,1.13215,1.12751,1.12904,265697.28125
2019-07-03 00:00:00,1.12904,1.13123,1.12686,1.12873,261437.46875
2019-07-04 00:00:00,1.12873,1.12951,1.12731,1.12853,139704.703125
2019-07-05 00:00:00,1.12853,1.1286,1.12073,1.12235,258051.90625
2019-07-06 00:00:00,1.12235,1.12235,1.12235,1.12235,0.0
2019-07-07 00:00:00,1.12215,1.12291,1.12215,1.12267,8220.1796875
2019-07-08 00:00:00,1.12267,1.12344,1.12069,1.12151,213395.125
2019-07-09 00:00:00,1.1215,1.12187,1.11933,1.12043,215624.125
2019-07-10 00:00:00,1.12043,1.12643,1.12018,1.12583,278478.65625
2019-07-11 00:00:00,1.12585,1.12857,1.12451,1.12498,283354.65625
2019-07-12 00:00:00,1.12498,1.12748,1.12381,1.12698,253368.796875
2019-07-13 00:00:00,1.12698,1.12698,1.12698,1.12698,0.0
2019-07-14 00:00:00,1.12666,1.12744,1.12626,1.1271,7055.7900390625
2019-07-15 00:00:00,1.12711,1.12838,1.12532,1.12597,213580.34375
2019-07-16 00:00:00,1.12598,1.12634,1.12018,1.12116,259555.015625
2019-07-17 00:00:00,1.12117,1.12335,1.11997,1.12273,224769.234375
2019-07-18 00:00:00,1.12273,1.1282,1.12051,1.1261,316722.34375
2019-07-19 00:00:00,1.12608,1.12683,1.12033,1.12192,282446.40625
2019-07-20 00:00:00,1.12192,1.12192,1.12192,1.12192,0.0
2019-07-21 00:00:00,1.1215,1.12197,1.1214,1.12175,9741.0400390625
2019-07-22 00:00:00,1.12175,1.12253,1.12037,1.12042,227157.25
2019-07-23 00:00:00,1.12042,1.1208,1.11457,1.11508,268169.28125
2019-07-24 00:00:00,1.11508,1.11558,1.11269,1.11419,271736.03125
2019-07-25 00:00:00,1.1142,1.11877,1.11013,1.11448,359874.9375
2019-07-26 00:00:00,1.11447,1.11509,1.1112,1.11247,260348.671875
2019-07-27 00:00:00,1.11247,1.11247,1.11247,1.11247,0.0
2019-07-28 00:00:00,1.11246,1.11325,1.11223,1.11295,5727.4599609375
2019-07-29 00:00:00,1.11295,1.11509,1.11128,1.11423,232842.484375
2019-07-30 00:00:00,1.11424,1.1161,1.11321,1.11568,277029.625
2019-07-31 00:00:00,1.11568,1.1162,1.106,1.10715,355194.8125
2019-08-01 00:00:00,1.10715,1.10958,1.10268,1.10788,467627.9375
2019-08-02 00:00:00,1.10789,1.11164,1.10696,1.11057,464104.96875
2019-08-03 00:00:00,1.11057,1.11057,1.11057,1.11057,0.0
2019-08-04 00:00:00,1.11042,1.11138,1.11033,1.11075,12836.58984375
2019-08-05 00:00:00,1.11079,1.12453,1.11064,1.12418,476043.96875
2019-08-06 00:00:00,1.12418,1.12497,1.11675,1.12054,417917.6875
2019-08-07 00:00:00,1.12053,1.12417,1.11791,1.12039,451342.65625
2019-08-08 00:00:00,1.12038,1.12323,1.11769,1.11861,340913.9375
2019-08-09 00:00:00,1.11861,1.12229,1.11833,1.11969,284956.78125
2019-08-10 00:00:00,1.11969,1.11969,1.11969,1.11969,0.0
2019-08-11 00:00:00,1.11978,1.1208,1.11967,1.12073,7072.9599609375
2019-08-12 00:00:00,1.12074,1.12306,1.11619,1.12162,319337.125
2019-08-13 00:00:00,1.12162,1.12285,1.11698,1.11764,377049.53125
2019-08-14 00:00:00,1.11764,1.11908,1.11305,1.11428,345279.3125
2019-08-15 00:00:00,1.11428,1.11583,1.10913,1.11103,416591.3125
2019-08-16 00:00:00,1.11105,1.11113,1.10662,1.10899,239920.671875
2019-08-17 00:00:00,1.10899,1.10899,1.10899,1.10899,0.0
2019-08-18 00:00:00,1.10925,1.1101,1.10895,1.10919,7217.02978515625
2019-08-19 00:00:00,1.10918,1.11137,1.1076,1.10814,198728.515625
2019-08-20 00:00:00,1.10816,1.11066,1.10655,1.10972,202915.296875
2019-08-21 00:00:00,1.1097,1.1107,1.10804,1.10901,170929.515625
2019-08-22 00:00:00,1.10903,1.1113,1.10635,1.10836,215750.5625
2019-08-23 00:00:00,1.10835,1.11532,1.10516,1.1136,234770.3125
2019-08-24 00:00:00,1.1136,1.1136,1.1136,1.1136,0.0
2019-08-25 00:00:00,1.11507,1.11639,1.11393,1.11433,15735.240234375
2019-08-26 00:00:00,1.11433,1.11529,1.10942,1.11013,276142.375
2019-08-27 00:00:00,1.11012,1.11159,1.10855,1.10893,211976.96875
2019-08-28 00:00:00,1.10894,1.10978,1.10733,1.10855,211311.0
2019-08-29 00:00:00,1.10856,1.1093,1.10419,1.10589,208781.84375
2019-08-30 00:00:00,1.10589,1.10599,1.09632,1.0988,165279.296875
2019-08-31 00:00:00,1.0988,1.0988,1.0988,1.0988,0.0
2019-09-01 00:00:00,1.09893,1.09962,1.09831,1.09904,3345.2900390625
2019-09-02 00:00:00,1.09903,1.09931,1.0958,1.09641,46117.5
2019-09-03 00:00:00,1.09641,1.09786,1.0926,1.09725,134828.671875
2019-09-04 00:00:00,1.09725,1.10383,1.09715,1.10347,161293.59375
2019-09-05 00:00:00,1.10346,1.10847,1.10166,1.1034,173375.171875
2019-09-06 00:00:00,1.1034,1.10572,1.10201,1.1025,155127.71875
2019-09-07 00:00:00,1.1025,1.1025,1.1025,1.1025,0.0
2019-09-08 00:00:00,1.1026,1.10275,1.10195,1.10201,3734.60009765625
2019-09-09 00:00:00,1.10202,1.1068,1.10153,1.10469,134493.75
2019-09-10 00:00:00,1.10469,1.10595,1.10305,1.10501,131830.015625
2019-09-11 00:00:00,1.10501,1.10555,1.09851,1.10135,127663.96875
2019-09-12 00:00:00,1.10134,1.10871,1.09268,1.10561,201762.578125
2019-09-13 00:00:00,1.1056,1.11094,1.1056,1.10707,159524.46875
2019-09-14 00:00:00,1.10707,1.10707,1.10707,1.10707,0.0
2019-09-15 00:00:00,1.10732,1.10863,1.10695,1.10831,5486.1650390625
2019-09-16 00:00:00,1.10831,1.10843,1.09932,1.10031,142926.328125
2019-09-17 00:00:00,1.1003,1.10755,1.09901,1.10736,170443.140625
2019-09-18 00:00:00,1.10737,1.10746,1.10136,1.10291,157398.9375
2019-09-19 00:00:00,1.10291,1.10735,1.10229,1.10446,198730.75
2019-09-20 00:00:00,1.10444,1.10676,1.09961,1.10169,173532.125
2019-09-21 00:00:00,1.10169,1.10169,1.10169,1.10169,0.0
2019-09-22 00:00:00,1.10136,1.10197,1.10106,1.10185,4660.10009765625
2019-09-23 00:00:00,1.10185,1.10253,1.09661,1.09939,178417.359375
2019-09-24 00:00:00,1.09938,1.1024,1.09837,1.10135,183286.265625
2019-09-25 00:00:00,1.10134,1.10168,1.09374,1.09511,196617.375
2019-09-26 00:00:00,1.09511,1.09672,1.09087,1.09222,191177.03125
2019-09-27 00:00:00,1.09223,1.09586,1.09046,1.09367,176770.0625
2019-09-28 00:00:00,1.09367,1.09367,1.09367,1.09367,0.0
2019-09-29 00:00:00,1.09419,1.09461,1.09391,1.09422,3943.52001953125
2019-09-30 00:00:00,1.09421,1.09478,1.08847,1.08993,175540.03125
2019-10-01 00:00:00,1.08992,1.09428,1.0879,1.09339,214512.265625
2019-10-02 00:00:00,1.0934,1.09636,1.0904,1.09605,200581.125
2019-10-03 00:00:00,1.09604,1.09992,1.09408,1.09744,219926.40625
2019-10-04 00:00:00,1.09745,1.0999,1.0957,1.0976,184196.859375
2019-10-05 00:00:00,1.0976,1.0976,1.0976,1.0976,0.0
2019-10-06 00:00:00,1.09803,1.09838,1.09728,1.09832,4584.7001953125
2019-10-07 00:00:00,1.09832,1.10004,1.09619,1.09715,167536.203125
2019-10-08 00:00:00,1.09716,1.09958,1.09409,1.09597,217155.53125
2019-10-09 00:00:00,1.09597,1.099,1.09548,1.09842,185453.0625
2019-10-10 00:00:00,1.09841,1.10337,1.09797,1.10106,230081.53125
2019-10-11 00:00:00,1.10105,1.10626,1.10007,1.10329,245439.875
2019-10-12 00:00:00,1.10329,1.10329,1.10329,1.10329,0.0
2019-10-13 00:00:00,1.10316,1.10385,1.1025,1.10282,6677.9501953125
2019-10-14 00:00:00,1.10281,1.10426,1.10128,1.10259,155436.671875
2019-10-15 00:00:00,1.10258,1.10459,1.09912,1.10344,223298.5625
2019-10-16 00:00:00,1.10344,1.10855,1.10223,1.10737,232685.875
2019-10-17 00:00:00,1.10738,1.11398,1.1065,1.11244,223617.125
2019-10-18 00:00:00,1.11245,1.11719,1.11145,1.11703,140632.0625
2019-10-19 00:00:00,1.11703,1.11703,1.11703,1.11703,0.0
2019-10-20 00:00:00,1.11607,1.11634,1.11494,1.11558,6303.5849609375
2019-10-21 00:00:00,1.11559,1.11793,1.11386,1.11515,124245.3671875
2019-10-22 00:00:00,1.11517,1.11568,1.11176,1.11289,125243.1875
2019-10-23 00:00:00,1.11288,1.11405,1.11061,1.11322,112972.5625
2019-10-24 00:00:00,1.11322,1.11627,1.1093,1.11034,149011.5625
2019-10-25 00:00:00,1.11035,1.11229,1.10729,1.1079,100730.7109375
2019-10-26 00:00:00,1.1079,1.1079,1.1079,1.1079,0.0
2019-10-27 00:00:00,1.108,1.1084,1.10774,1.10839,3105.340087890625
2019-10-28 00:00:00,1.10839,1.11065,1.1076,1.10982,106338.3828125
2019-10-29 00:00:00,1.10982,1.11183,1.10735,1.1112,122552.6015625
2019-10-30 00:00:00,1.11119,1.11554,1.10801,1.11521,137742.21875
2019-10-31 00:00:00,1.11521,1.11755,1.11314,1.11561,149061.71875
2019-11-01 00:00:00,1.11559,1.11718,1.11281,1.11641,126862.15625
2019-11-02 00:00:00,1.11641,1.11641,1.11641,1.11641,0.0
2019-11-03 00:00:00,1.11684,1.11696,1.11639,1.11661,1652.0
2019-11-04 00:00:00,1.1166,1.11753,1.11218,1.11279,109786.40625
2019-11-05 00:00:00,1.11279,1.11401,1.10635,1.10738,152011.234375
2019-11-06 00:00:00,1.10739,1.10928,1.10651,1.107,124123.6171875
2019-11-07 00:00:00,1.10699,1.10914,1.1036,1.10523,155079.140625
2019-11-08 00:00:00,1.10524,1.10554,1.10167,1.10176,116906.1953125
2019-11-09 00:00:00,1.10176,1.10176,1.10176,1.10176,0.0
2019-11-10 00:00:00,1.1023,1.10231,1.10191,1.10218,1359.5699462890625
2019-11-11 00:00:00,1.10217,1.1043,1.10163,1.10347,86681.3984375
2019-11-12 00:00:00,1.10347,1.10385,1.10025,1.1012,120036.4296875
2019-11-13 00:00:00,1.1012,1.10203,1.09953,1.10096,121193.0859375
2019-11-14 00:00:00,1.10096,1.10274,1.0989,1.10197,116532.0546875
2019-11-15 00:00:00,1.10198,1.10569,1.10145,1.10494,109547.4296875
2019-11-16 00:00:00,1.10494,1.10494,1.10494,1.10494,0.0
2019-11-17 00:00:00,1.10489,1.10545,1.10487,1.10539,3888.610107421875
2019-11-18 00:00:00,1.1054,1.10899,1.10533,1.10722,112908.328125
2019-11-19 00:00:00,1.10721,1.10839,1.10626,1.10779,109962.5859375
2019-11-20 00:00:00,1.10781,1.10813,1.1053,1.10779,129488.828125
2019-11-21 00:00:00,1.10779,1.10969,1.10522,1.10656,126596.8046875
2019-11-22 00:00:00,1.10657,1.10872,1.10143,1.10179,176378.375
2019-11-23 00:00:00,1.10179,1.10179,1.10179,1.10179,0.0
2019-11-24 00:00:00,1.1017,1.10225,1.10162,1.10225,3677.93994140625
2019-11-25 00:00:00,1.10225,1.10321,1.10035,1.10104,115068.71875
2019-11-26 00:00:00,1.10105,1.10256,1.10071,1.1022,111062.375
2019-11-27 00:00:00,1.1022,1.10222,1.09922,1.10048,117354.78125
2019-11-28 00:00:00,1.10049,1.10179,1.10003,1.10113,74289.8515625
2019-11-29 00:00:00,1.10113,1.10282,1.09811,1.1015,101410.546875
2019-11-30 00:00:00,1.1015,1.1015,1.1015,1.1015,0.0
2019-12-01 00:00:00,1.10229,1.10269,1.1017,1.10182,2960.699951171875
2019-12-02 00:00:00,1.10182,1.10907,1.10029,1.10761,133215.328125
2019-12-03 00:00:00,1.1076,1.10934,1.1066,1.10818,129714.03125
2019-12-04 00:00:00,1.10819,1.11161,1.10666,1.10827,151487.578125
2019-12-05 00:00:00,1.10824,1.1108,1.10793,1.11038,123792.3046875
2019-12-06 00:00:00,1.11039,1.11097,1.10398,1.10543,120864.609375
2019-12-07 00:00:00,1.10543,1.10543,1.10543,1.10543,0.0
2019-12-08 00:00:00,1.1058,1.10604,1.10562,1.10582,1990.8299560546875
2019-12-09 00:00:00,1.10581,1.10779,1.10533,1.10643,109027.390625
2019-12-10 00:00:00,1.10642,1.10977,1.10628,1.10923,129542.9609375
2019-12-11 00:00:00,1.10923,1.11448,1.10701,1.11325,144933.3125
2019-12-12 00:00:00,1.11326,1.11995,1.11029,1.11833,192578.109375
2019-12-13 00:00:00,1.11833,1.1186,1.1112,1.11174,211781.328125
2019-12-14 00:00:00,1.11174,1.11174,1.11174,1.11174,0.0
2019-12-15 00:00:00,1.1128,1.11309,1.11225,1.11242,4374.15478515625
2019-12-16 00:00:00,1.11241,1.11581,1.11229,1.11355,151090.5625
2019-12-17 00:00:00,1.11355,1.11746,1.11293,1.11514,151614.53125
2019-12-18 00:00:00,1.11512,1.11512,1.11105,1.11154,146608.265625
2019-12-19 00:00:00,1.11154,1.11442,1.11072,1.11231,157736.09375
2019-12-20 00:00:00,1.11231,1.11236,1.10662,1.10769,130731.890625
2019-12-21 00:00:00,1.10769,1.10769,1.10769,1.10769,0.0
2019-12-22 00:00:00,1.1081,1.10813,1.10766,1.10802,2560.47998046875
2019-12-23 00:00:00,1.10801,1.10958,1.10699,1.10917,108289.4296875
2019-12-24 00:00:00,1.10918,1.10938,1.1069,1.10873,80970.6796875
2019-12-25 00:00:00,1.10873,1.10953,1.1073,1.10944,4887.31005859375
2019-12-26 00:00:00,1.10944,1.11088,1.10821,1.11012,52487.6328125
2019-12-27 00:00:00,1.11013,1.11883,1.10987,1.11713,124575.90625
2019-12-28 00:00:00,1.11713,1.11713,1.11713,1.11713,0.0
2019-12-29 00:00:00,1.11736,1.11839,1.11718,1.11813,3216.49951171875
2019-12-30 00:00:00,1.11812,1.12207,1.11806,1.12013,130773.875
2019-12-31 00:00:00,1.12013,1.12391,1.11987,1.12072,107777.3125
2020-01-01 00:00:00,1.1212,1.12218,1.12106,1.12188,2621.320068359375
2020-01-02 00:00:00,1.12188,1.12245,1.11635,1.11708,487219.125
2020-01-03 00:00:00,1.11707,1.11798,1.11249,1.11548,177406.796875
2020-01-04 00:00:00,1.11548,1.11548,1.11548,1.11548,0.0
2020-01-05 00:00:00,1.11656,1.11677,1.11589,1.11604,4398.10009765625
2020-01-06 00:00:00,1.11603,1.12055,1.11571,1.11954,139965.28125
2020-01-07 00:00:00,1.11953,1.1197,1.11335,1.1154,155594.09375
2020-01-08 00:00:00,1.11539,1.11682,1.11016,1.11129,195256.953125
2020-01-09 00:00:00,1.1113,1.11204,1.10924,1.11093,142852.25
2020-01-10 00:00:00,1.11092,1.11291,1.1085,1.11165,126780.234375
2020-01-11 00:00:00,1.11165,1.11165,1.11165,1.11165,0.0
2020-01-12 00:00:00,1.11141,1.11209,1.11128,1.11161,1889.0780029296875
2020-01-13 00:00:00,1.11161,1.11469,1.11125,1.11344,121460.7890625
2020-01-14 00:00:00,1.11344,1.11444,1.11045,1.11275,137175.015625
2020-01-15 00:00:00,1.11276,1.11634,1.11185,1.11524,149733.390625
2020-01-16 00:00:00,1.11524,1.11727,1.11279,1.11368,132785.0625
2020-01-17 00:00:00,1.11368,1.11425,1.10862,1.1089,123846.609375
2020-01-18 00:00:00,1.1089,1.1089,1.1089,1.1089,0.0
2020-01-19 00:00:00,1.1091,1.10948,1.10889,1.10946,3275.469970703125
2020-01-20 00:00:00,1.10946,1.11023,1.10766,1.10962,97595.171875
2020-01-21 00:00:00,1.10963,1.11179,1.10809,1.10851,133266.4375
2020-01-22 00:00:00,1.10851,1.10984,1.107,1.10957,134188.8125
2020-01-23 00:00:00,1.10956,1.11087,1.10362,1.10554,170440.21875
2020-01-24 00:00:00,1.10554,1.10617,1.10195,1.10224,123758.21875
2020-01-25 00:00:00,1.10224,1.10224,1.10224,1.10224,0.0
2020-01-26 00:00:00,1.10318,1.10343,1.10244,1.10245,10936.521484375
2020-01-27 00:00:00,1.10245,1.10375,1.10096,1.10193,126594.609375
2020-01-28 00:00:00,1.10193,1.10252,1.09978,1.1022,122883.0625
2020-01-29 00:00:00,1.1022,1.10276,1.09923,1.10138,122855.78125
2020-01-30 00:00:00,1.10138,1.10393,1.10069,1.10285,143391.96875
2020-01-31 00:00:00,1.10285,1.10954,1.10168,1.10944,141170.5625
2020-02-01 00:00:00,1.10944,1.10944,1.10944,1.10944,0.0
2020-02-02 00:00:00,1.10939,1.10939,1.10813,1.1089,4187.03515625
2020-02-03 00:00:00,1.1089,1.1089,1.10356,1.10623,134304.046875
2020-02-04 00:00:00,1.10623,1.10641,1.10328,1.10446,113725.578125
2020-02-05 00:00:00,1.10449,1.10479,1.09937,1.10003,122270.984375
2020-02-06 00:00:00,1.10003,1.10138,1.09644,1.09806,102177.7265625
2020-02-07 00:00:00,1.09809,1.09849,1.09419,1.09438,130363.421875
2020-02-08 00:00:00,1.09438,1.09438,1.09438,1.09438,0.0
2020-02-09 00:00:00,1.09439,1.09507,1.09419,1.09491,3793.47998046875
2020-02-10 00:00:00,1.09491,1.09574,1.09076,1.09101,103251.953125
2020-02-11 00:00:00,1.09103,1.09248,1.08913,1.09189,96173.7421875
2020-02-12 00:00:00,1.09187,1.09255,1.08654,1.08756,252568.265625
2020-02-13 00:00:00,1.08755,1.08887,1.0834,1.08413,336729.9375
2020-02-14 00:00:00,1.08415,1.08611,1.08271,1.08299,118368.1875
2020-02-15 00:00:00,1.08299,1.08299,1.08299,1.08299,0.0
2020-02-16 00:00:00,1.08406,1.08416,1.08355,1.08411,3465.965087890625
2020-02-17 00:00:00,1.08411,1.08509,1.08291,1.08366,74832.8671875
2020-02-18 00:00:00,1.08365,1.08372,1.07854,1.07949,131588.640625
2020-02-19 00:00:00,1.07949,1.08115,1.07822,1.08096,105152.0546875
2020-02-20 00:00:00,1.08095,1.08211,1.07778,1.07875,154014.59375
2020-02-21 00:00:00,1.07875,1.08635,1.07871,1.08456,187666.015625
2020-02-22 00:00:00,1.08456,1.08456,1.08456,1.08456,0.0
2020-02-23 00:00:00,1.08145,1.08419,1.08132,1.08384,7690.5390625
2020-02-24 00:00:00,1.08385,1.0872,1.0805,1.08485,174355.625
2020-02-25 00:00:00,1.08485,1.08902,1.083,1.08797,183218.09375
2020-02-26 00:00:00,1.08796,1.09086,1.08549,1.08864,188216.96875
2020-02-27 00:00:00,1.08865,1.10064,1.08848,1.09963,216943.109375
2020-02-28 00:00:00,1.09964,1.1053,1.09509,1.10251,247670.59375
2020-02-29 00:00:00,1.10251,1.10251,1.10251,1.10251,0.0
2020-03-01 00:00:00,1.10423,1.10739,1.10393,1.10515,7536.56396484375
2020-03-02 00:00:00,1.10516,1.11845,1.10362,1.11443,247052.4375
2020-03-03 00:00:00,1.11443,1.12134,1.10953,1.11765,214838.09375
2020-03-04 00:00:00,1.11765,1.11875,1.10955,1.1138,163854.0625
2020-03-05 00:00:00,1.11382,1.12447,1.11195,1.12224,194619.328125
2020-03-06 00:00:00,1.12224,1.13546,1.12112,1.12804,236551.75
2020-03-07 00:00:00,1.12804,1.12804,1.12804,1.12804,0.0
2020-03-08 00:00:00,1.13473,1.13963,1.1335,1.13876,17976.083984375
2020-03-09 00:00:00,1.13876,1.14954,1.13559,1.13989,291479.40625
2020-03-10 00:00:00,1.13989,1.14251,1.12749,1.13136,263070.71875
2020-03-11 00:00:00,1.13136,1.13667,1.12501,1.12611,198250.046875
2020-03-12 00:00:00,1.12612,1.13336,1.1055,1.11823,262646.9375
2020-03-13 00:00:00,1.11822,1.12213,1.1055,1.10992,229638.609375
2020-03-14 00:00:00,1.10992,1.10992,1.10992,1.10992,0.0
2020-03-15 00:00:00,1.10705,1.11996,1.10705,1.1156,30714.802734375
2020-03-16 00:00:00,1.1156,1.12366,1.10849,1.11633,278539.53125
2020-03-17 00:00:00,1.11632,1.11891,1.0955,1.1016,277084.40625
2020-03-18 00:00:00,1.10161,1.10451,1.08016,1.09442,323485.1875
2020-03-19 00:00:00,1.09442,1.0949,1.06542,1.06544,299824.78125
2020-03-20 00:00:00,1.06543,1.08309,1.06375,1.06929,470351.5625
2020-03-21 00:00:00,1.06929,1.06929,1.06929,1.06929,0.0
2020-03-22 00:00:00,1.07011,1.07044,1.06357,1.06886,36030.23828125
2020-03-23 00:00:00,1.06886,1.08279,1.06577,1.07635,443008.25
2020-03-24 00:00:00,1.07633,1.08879,1.07457,1.07977,343182.5625
2020-03-25 00:00:00,1.07978,1.08938,1.07599,1.08884,296546.4375
2020-03-26 00:00:00,1.08882,1.10589,1.08742,1.10475,281315.59375
2020-03-27 00:00:00,1.10475,1.11473,1.09533,1.11379,250774.625
2020-03-28 00:00:00,1.11379,1.11379,1.11379,1.11379,0.0
2020-03-29 00:00:00,1.11172,1.1144,1.11049,1.11361,8299.892578125
2020-03-30 00:00:00,1.11361,1.11383,1.101,1.1029,193379.984375
2020-03-31 00:00:00,1.10289,1.10427,1.09265,1.10259,319580.625
2020-04-01 00:00:00,1.1026,1.10361,1.09026,1.09513,272233.5625
2020-04-02 00:00:00,1.09514,1.09644,1.08206,1.0846,293209.625
2020-04-03 00:00:00,1.08459,1.08553,1.07727,1.07955,264082.25
2020-04-04 00:00:00,1.07955,1.07955,1.07955,1.07955,0.0
2020-04-05 00:00:00,1.08082,1.08214,1.08026,1.08053,23173.328125
2020-04-06 00:00:00,1.08053,1.08354,1.07683,1.07988,274564.59375
2020-04-07 00:00:00,1.07988,1.09263,1.07904,1.08935,281112.84375
2020-04-08 00:00:00,1.08934,1.08969,1.08299,1.08599,231765.5
2020-04-09 00:00:00,1.08598,1.09516,1.08409,1.09226,263058.25
2020-04-10 00:00:00,1.09226,1.09524,1.09192,1.09326,143841.0
2020-04-11 00:00:00,1.09326,1.09326,1.09326,1.09326,0.0
2020-04-12 00:00:00,1.09482,1.09482,1.09304,1.09315,7181.07177734375
2020-04-13 00:00:00,1.09314,1.09678,1.08926,1.09198,164628.546875
2020-04-14 00:00:00,1.09197,1.09907,1.09149,1.09834,226846.328125
2020-04-15 00:00:00,1.09832,1.09872,1.08564,1.09037,241939.96875
2020-04-16 00:00:00,1.09036,1.09072,1.08166,1.08584,281466.75
2020-04-17 00:00:00,1.08588,1.08926,1.08119,1.08711,249748.078125
2020-04-18 00:00:00,1.08711,1.08711,1.08711,1.08711,0.0
2020-04-19 00:00:00,1.08748,1.08777,1.08634,1.08635,7584.6328125
2020-04-20 00:00:00,1.08635,1.08967,1.08411,1.08637,209651.703125
2020-04-21 00:00:00,1.08636,1.08802,1.08165,1.08563,265105.96875
2020-04-22 00:00:00,1.08563,1.08852,1.08032,1.08062,216287.71875
2020-04-23 00:00:00,1.08062,1.08466,1.0756,1.07743,279998.59375
2020-04-24 00:00:00,1.07743,1.08294,1.07271,1.08196,228532.40625
2020-04-25 00:00:00,1.08196,1.08196,1.08196,1.08196,0.0
2020-04-26 00:00:00,1.08211,1.08228,1.08146,1.08209,5396.68505859375
2020-04-27 00:00:00,1.08208,1.08602,1.08112,1.08245,208270.578125
2020-04-28 00:00:00,1.08244,1.08884,1.08097,1.08324,211896.21875
2020-04-29 00:00:00,1.08324,1.08856,1.08308,1.08772,215394.3125
2020-04-30 00:00:00,1.0877,1.09726,1.0833,1.09448,291724.5
2020-05-01 00:00:00,1.09447,1.10187,1.09344,1.09777,184960.015625
2020-05-02 00:00:00,1.09777,1.09777,1.09777,1.09777,0.0
2020-05-03 00:00:00,1.09676,1.09736,1.09529,1.09608,10641.802734375
2020-05-04 00:00:00,1.09608,1.09609,1.08956,1.0903,214135.9375
2020-05-05 00:00:00,1.09031,1.09258,1.08258,1.08384,236417.546875
2020-05-06 00:00:00,1.08385,1.08438,1.07819,1.0798,241116.203125
2020-05-07 00:00:00,1.0798,1.08408,1.07665,1.08361,233085.5625
2020-05-08 00:00:00,1.0836,1.08756,1.08151,1.08371,163403.40625
2020-05-09 00:00:00,1.08371,1.08371,1.08371,1.08371,0.0
2020-05-10 00:00:00,1.08265,1.08395,1.08239,1.08377,8709.16015625
2020-05-11 00:00:00,1.08377,1.08504,1.08005,1.08093,212806.21875
2020-05-12 00:00:00,1.08093,1.08851,1.07843,1.08454,207027.484375
2020-05-13 00:00:00,1.08455,1.08965,1.08116,1.0821,228996.5
2020-05-14 00:00:00,1.0821,1.08239,1.07748,1.0806,213993.203125
2020-05-15 00:00:00,1.08061,1.08509,1.07888,1.08183,198840.125
2020-05-16 00:00:00,1.08183,1.08183,1.08183,1.08183,0.0
2020-05-17 00:00:00,1.08088,1.08231,1.08067,1.08186,6917.03076171875
2020-05-18 00:00:00,1.08186,1.0927,1.07999,1.09139,204151.859375
2020-05-19 00:00:00,1.09138,1.09759,1.09021,1.0926,247821.0625
2020-05-20 00:00:00,1.09262,1.09989,1.09262,1.09796,211258.4375
2020-05-21 00:00:00,1.09794,1.10083,1.09371,1.0949,175874.296875
2020-05-22 00:00:00,1.09491,1.09535,1.08852,1.0898,156656.8125
2020-05-23 00:00:00,1.0898,1.0898,1.0898,1.0898,0.0
2020-05-24 00:00:00,1.08956,1.09083,1.08951,1.09079,4079.340087890625
2020-05-25 00:00:00,1.0908,1.09144,1.08706,1.09016,98775.984375
2020-05-26 00:00:00,1.09015,1.09957,1.08969,1.09784,207536.28125
2020-05-27 00:00:00,1.09785,1.10307,1.0934,1.10166,319490.5625
2020-05-28 00:00:00,1.10165,1.10934,1.09916,1.10779,231205.203125
2020-05-29 00:00:00,1.10778,1.11451,1.10698,1.11036,373017.4375
2020-05-30 00:00:00,1.11036,1.11036,1.11036,1.11036,0.0
2020-05-31 00:00:00,1.11129,1.11195,1.11023,1.11156,9217.4833984375
2020-06-01 00:00:00,1.11155,1.1154,1.11004,1.11251,240616.0625
2020-06-02 00:00:00,1.11252,1.11959,1.11151,1.11851,276683.46875
2020-06-03 00:00:00,1.1185,1.12577,1.11795,1.12349,242084.625
2020-06-04 00:00:00,1.1235,1.13623,1.11947,1.13354,275772.8125
2020-06-05 00:00:00,1.13357,1.13836,1.12784,1.12911,263541.625
2020-06-06 00:00:00,1.12911,1.12911,1.12911,1.12911,0.0
2020-06-07 00:00:00,1.12934,1.13198,1.1293,1.1316,6413.01708984375
2020-06-08 00:00:00,1.1316,1.13185,1.12682,1.1304,199303.515625
2020-06-09 00:00:00,1.1304,1.13638,1.12409,1.1332,237762.34375
2020-06-10 00:00:00,1.1332,1.14224,1.13219,1.13667,252826.734375
2020-06-11 00:00:00,1.13668,1.14036,1.1287,1.12879,306096.3125
2020-06-12 00:00:00,1.12881,1.13405,1.12125,1.1255,296425.75
2020-06-13 00:00:00,1.1255,1.1255,1.1255,1.1255,0.0
2020-06-14 00:00:00,1.12329,1.12582,1.12262,1.12515,17507.60546875
2020-06-15 00:00:00,1.12516,1.1338,1.12267,1.13375,281658.125
2020-06-16 00:00:00,1.13376,1.13532,1.12278,1.12648,237631.65625
2020-06-17 00:00:00,1.12649,1.12939,1.12068,1.12419,248307.1875
2020-06-18 00:00:00,1.12419,1.12613,1.11854,1.12076,234913.46875
2020-06-19 00:00:00,1.12075,1.12542,1.1168,1.11759,232203.71875
2020-06-20 00:00:00,1.11759,1.11759,1.11759,1.11759,0.0
2020-06-21 00:00:00,1.11835,1.11874,1.11684,1.11766,6131.22509765625
2020-06-22 00:00:00,1.11766,1.12809,1.11737,1.12776,184243.796875
2020-06-23 00:00:00,1.12775,1.13486,1.1233,1.13124,233937.0625
2020-06-24 00:00:00,1.13124,1.13257,1.12481,1.12499,231619.328125
2020-06-25 00:00:00,1.125,1.12597,1.11903,1.12179,240800.359375
2020-06-26 00:00:00,1.12179,1.12393,1.11951,1.1217,162424.875
2020-06-27 00:00:00,1.1217,1.1217,1.1217,1.1217,0.0
2020-06-28 00:00:00,1.12149,1.1228,1.12149,1.12219,5271.76806640625
2020-06-29 00:00:00,1.12219,1.12879,1.12193,1.12467,181085.53125
2020-06-30 00:00:00,1.12466,1.12619,1.1191,1.12335,194383.5625
2020-07-01 00:00:00,1.12336,1.12751,1.11848,1.12511,189129.453125
2020-07-02 00:00:00,1.12511,1.13026,1.12233,1.12372,183464.5
2020-07-03 00:00:00,1.12373,1.12518,1.12192,1.12464,140495.28125
2020-07-04 00:00:00,1.12464,1.12464,1.12464,1.12464,0.0
2020-07-05 00:00:00,1.12433,1.12494,1.12411,1.12466,2507.875
2020-07-06 00:00:00,1.12467,1.13454,1.12467,1.13123,145664.625
2020-07-07 00:00:00,1.13123,1.13325,1.12588,1.12744,162703.359375
2020-07-08 00:00:00,1.12745,1.13518,1.12623,1.13372,163826.265625
2020-07-09 00:00:00,1.13372,1.13706,1.12801,1.12879,195471.484375
2020-07-10 00:00:00,1.12881,1.13247,1.12547,1.1299,178134.6875
2020-07-11 00:00:00,1.1299,1.1299,1.1299,1.1299,0.0
2020-07-12 00:00:00,1.13039,1.13173,1.13026,1.13085,5807.625
2020-07-13 00:00:00,1.13086,1.13748,1.13008,1.13447,248162.671875
2020-07-14 00:00:00,1.13447,1.14123,1.13251,1.14099,354217.15625
2020-07-15 00:00:00,1.141,1.1452,1.1391,1.14168,303168.6875
2020-07-16 00:00:00,1.14168,1.14417,1.13704,1.13878,293660.71875
2020-07-17 00:00:00,1.13877,1.14436,1.13774,1.14269,168987.203125
2020-07-18 00:00:00,1.14269,1.14269,1.14269,1.14269,0.0
2020-07-19 00:00:00,1.14084,1.14456,1.14084,1.14421,7678.5634765625
2020-07-20 00:00:00,1.14421,1.14677,1.14023,1.14557,284703.875
2020-07-21 00:00:00,1.14559,1.15423,1.14228,1.1535,385745.03125
2020-07-22 00:00:00,1.1535,1.16013,1.15068,1.15646,468570.8125
2020-07-23 00:00:00,1.15647,1.16268,1.15403,1.15952,357357.40625
2020-07-24 00:00:00,1.15953,1.1658,1.15812,1.16546,407293.21875
2020-07-25 00:00:00,1.16546,1.16546,1.16546,1.16546,0.0
2020-07-26 00:00:00,1.1643,1.16555,1.16413,1.16495,16069.08984375
2020-07-27 00:00:00,1.16496,1.17813,1.16494,1.17682,338699.4375
2020-07-28 00:00:00,1.17681,1.17736,1.16987,1.17185,336526.1875
2020-07-29 00:00:00,1.17185,1.18061,1.17139,1.17806,341900.1875
2020-07-30 00:00:00,1.17809,1.18762,1.17308,1.18719,354825.0625
2020-07-31 00:00:00,1.18718,1.19087,1.17617,1.17753,553539.375
2020-08-01 00:00:00,1.17753,1.17753,1.17753,1.17753,0.0
2020-08-02 00:00:00,1.17725,1.17966,1.17717,1.1781,7695.74365234375
2020-08-03 00:00:00,1.17809,1.17887,1.16959,1.17603,312773.71875
2020-08-04 00:00:00,1.17603,1.18148,1.17211,1.18136,449648.84375
2020-08-05 00:00:00,1.18135,1.19048,1.17992,1.1872,1039918.4375
2020-08-06 00:00:00,1.18721,1.1916,1.18179,1.18752,1280256.875
2020-08-07 00:00:00,1.18753,1.18818,1.17551,1.17862,430356.40625
2020-08-08 00:00:00,1.17862,1.17862,1.17862,1.17862,0.0
2020-08-09 00:00:00,1.17886,1.17896,1.17732,1.1781,7007.4501953125
2020-08-10 00:00:00,1.1781,1.18006,1.17357,1.1736,299071.03125
2020-08-11 00:00:00,1.1736,1.1808,1.17219,1.17347,587871.125
2020-08-12 00:00:00,1.17348,1.1817,1.1711,1.17939,625327.1875
2020-08-13 00:00:00,1.17939,1.18641,1.17934,1.18155,453052.59375
2020-08-14 00:00:00,1.18153,1.18503,1.17817,1.18414,329642.9375
2020-08-15 00:00:00,1.18414,1.18414,1.18414,1.18414,0.0
2020-08-16 00:00:00,1.18389,1.18528,1.18324,1.18518,3805.850341796875
2020-08-17 00:00:00,1.18518,1.18809,1.18286,1.18745,302891.15625
2020-08-18 00:00:00,1.18745,1.19656,1.18742,1.19464,326668.8125
2020-08-19 00:00:00,1.19463,1.19526,1.18302,1.18437,530337.5
2020-08-20 00:00:00,1.1844,1.18711,1.18019,1.18695,426169.53125
2020-08-21 00:00:00,1.18694,1.18828,1.17541,1.17949,382701.125
2020-08-22 00:00:00,1.17949,1.17949,1.17949,1.17949,0.0
2020-08-23 00:00:00,1.17911,1.18065,1.17911,1.17981,6345.94189453125
2020-08-24 00:00:00,1.17981,1.18495,1.17841,1.17934,214786.515625
2020-08-25 00:00:00,1.17934,1.18435,1.17841,1.18339,421864.8125
2020-08-26 00:00:00,1.1834,1.18406,1.17721,1.184,274338.53125
2020-08-27 00:00:00,1.18403,1.19018,1.17623,1.18205,467429.65625
2020-08-28 00:00:00,1.18205,1.19197,1.18109,1.19018,567104.0
2020-08-29 00:00:00,1.19018,1.19018,1.19018,1.19018,0.0
2020-08-30 00:00:00,1.18998,1.19202,1.18996,1.19171,8330.4267578125
2020-08-31 00:00:00,1.1917,1.1966,1.1884,1.19367,995787.625
2020-09-01 00:00:00,1.19368,1.20113,1.19013,1.19226,376195.28125
2020-09-02 00:00:00,1.19224,1.19239,1.18221,1.18457,739082.4375
2020-09-03 00:00:00,1.18458,1.18646,1.17889,1.18412,892492.0625
2020-09-04 00:00:00,1.18413,1.18654,1.17809,1.18371,952444.75
2020-09-05 00:00:00,1.18371,1.18371,1.18371,1.18371,0.0
2020-09-06 00:00:00,1.18432,1.18469,1.18319,1.18342,15545.3623046875
2020-09-07 00:00:00,1.18342,1.18486,1.18116,1.18188,471436.875
2020-09-08 00:00:00,1.18187,1.18273,1.1757,1.17667,908454.125
2020-09-09 00:00:00,1.17667,1.18339,1.17527,1.18037,842865.5625
2020-09-10 00:00:00,1.18035,1.19175,1.18004,1.18234,1083338.875
2020-09-11 00:00:00,1.18237,1.18741,1.18237,1.18453,905062.625
2020-09-12 00:00:00,1.18453,1.18453,1.18453,1.18453,0.0
2020-09-13 00:00:00,1.18348,1.18473,1.18347,1.18404,20594.72265625
2020-09-14 00:00:00,1.18404,1.1888,1.18319,1.18671,900788.1875
2020-09-15 00:00:00,1.1867,1.19005,1.18395,1.18419,893130.9375
2020-09-16 00:00:00,1.1842,1.18825,1.17876,1.18045,998102.4375
2020-09-17 00:00:00,1.18043,1.18561,1.17373,1.18468,1401776.25
2020-09-18 00:00:00,1.18468,1.18705,1.1826,1.18385,1078640.75
2020-09-19 00:00:00,1.18385,1.18385,1.18385,1.18385,0.0
2020-09-20 00:00:00,1.18369,1.18498,1.18369,1.18456,29085.19921875
2020-09-21 00:00:00,1.18455,1.18717,1.17317,1.17626,1312995.0
2020-09-22 00:00:00,1.17627,1.17715,1.16916,1.17059,1027230.375
2020-09-23 00:00:00,1.1706,1.17188,1.16513,1.16568,1089493.375
2020-09-24 00:00:00,1.16567,1.16869,1.16265,1.16735,1080750.625
2020-09-25 00:00:00,1.16735,1.1685,1.16121,1.16277,973123.5
2020-09-26 00:00:00,1.16277,1.16277,1.16277,1.16277,0.0
2020-09-27 00:00:00,1.16271,1.16377,1.16206,1.16341,14362.068359375
2020-09-28 00:00:00,1.16341,1.16799,1.1615,1.16768,1029113.0
2020-09-29 00:00:00,1.16768,1.17457,1.16652,1.17414,978153.125
2020-09-30 00:00:00,1.17414,1.17548,1.16847,1.17232,1342323.5
2020-10-01 00:00:00,1.17234,1.17696,1.17171,1.17439,1320011.875
2020-10-02 00:00:00,1.17439,1.17445,1.16956,1.17157,1382583.625
2020-10-03 00:00:00,1.17157,1.17157,1.17157,1.17157,0.0
2020-10-04 00:00:00,1.1711,1.17201,1.17053,1.17195,34534.75390625
2020-10-05 00:00:00,1.17195,1.17975,1.17176,1.17891,1035147.5625
2020-10-06 00:00:00,1.17889,1.18077,1.17302,1.17371,1216189.75
2020-10-07 00:00:00,1.1737,1.17818,1.17249,1.17657,1176356.75
2020-10-08 00:00:00,1.17657,1.17816,1.17326,1.17668,1112885.125
2020-10-09 00:00:00,1.17667,1.1831,1.17576,1.18248,1032612.125
2020-10-10 00:00:00,1.18248,1.18248,1.18248,1.18248,0.0
2020-10-11 00:00:00,1.18103,1.18226,1.18102,1.18157,28731.98046875
2020-10-12 00:00:00,1.18156,1.18266,1.17867,1.18129,950505.875
2020-10-13 00:00:00,1.18127,1.18139,1.17304,1.1742,1201636.0
2020-10-14 00:00:00,1.17419,1.1771,1.17199,1.17447,1142140.0
2020-10-15 00:00:00,1.17444,1.17578,1.16884,1.17064,1050044.25
2020-10-16 00:00:00,1.17065,1.17462,1.16939,1.17132,929525.0
2020-10-17 00:00:00,1.17132,1.17132,1.17132,1.17132,0.0
2020-10-18 00:00:00,1.17181,1.17209,1.17112,1.17156,8770.6884765625
2020-10-19 00:00:00,1.17154,1.17936,1.17031,1.17683,689669.0625
2020-10-20 00:00:00,1.17683,1.18407,1.17598,1.1829,811250.25
2020-10-21 00:00:00,1.18289,1.18807,1.1828,1.18516,948227.5
2020-10-22 00:00:00,1.18516,1.18668,1.18114,1.18146,932241.125
2020-10-23 00:00:00,1.18143,1.18648,1.17866,1.18572,878053.375
2020-10-24 00:00:00,1.18572,1.18572,1.18572,1.18572,0.0
2020-10-25 00:00:00,1.18546,1.18605,1.18392,1.18479,21793.490234375
2020-10-26 00:00:00,1.18479,1.18504,1.18032,1.18091,845757.0625
2020-10-27 00:00:00,1.18092,1.18387,1.17695,1.17815,813994.6875
2020-10-28 00:00:00,1.17818,1.17879,1.17178,1.17482,1028901.3125
2020-10-29 00:00:00,1.17482,1.17587,1.16501,1.16783,779715.1875
2020-10-30 00:00:00,1.16782,1.17042,1.164,1.16431,900537.75
2020-10-31 00:00:00,1.16431,1.16431,1.16431,1.16431,0.0
2020-11-01 00:00:00,1.16498,1.16503,1.16386,1.16416,10966.4951171875
2020-11-02 00:00:00,1.16415,1.16557,1.16221,1.16404,827466.125
2020-11-03 00:00:00,1.16405,1.17639,1.16372,1.17616,660774.125
2020-11-04 00:00:00,1.17617,1.17704,1.16026,1.17321,1295234.25
2020-11-05 00:00:00,1.17321,1.18596,1.17107,1.18167,954521.8125
2020-11-06 00:00:00,1.18169,1.18908,1.17952,1.187,499431.875
2020-11-07 00:00:00,1.187,1.187,1.187,1.187,0.0
2020-11-08 00:00:00,1.18898,1.1895,1.18833,1.18924,11420.7900390625
2020-11-09 00:00:00,1.18924,1.19199,1.17952,1.1824,695880.0625
2020-11-10 00:00:00,1.1824,1.18432,1.17799,1.18184,627024.0625
2020-11-11 00:00:00,1.18183,1.18327,1.17454,1.17792,422665.59375
2020-11-12 00:00:00,1.17792,1.18231,1.17585,1.18038,454094.15625
2020-11-13 00:00:00,1.18039,1.18374,1.17989,1.1831,378814.0625
2020-11-14 00:00:00,1.1831,1.1831,1.1831,1.1831,0.0
2020-11-15 00:00:00,1.18411,1.18488,1.18288,1.18448,9468.03125
2020-11-16 00:00:00,1.18447,1.18689,1.18141,1.18592,388646.5625
2020-11-17 00:00:00,1.18593,1.18937,1.18425,1.18636,335326.40625
2020-11-18 00:00:00,1.18637,1.18908,1.18448,1.18451,358176.15625
2020-11-19 00:00:00,1.18452,1.18825,1.18161,1.18653,416513.0625
2020-11-20 00:00:00,1.18655,1.18908,1.18498,1.18544,386941.25
2020-11-21 00:00:00,1.18544,1.18544,1.18544,1.18544,0.0
2020-11-22 00:00:00,1.18538,1.18659,1.18528,1.18654,7551.15234375
2020-11-23 00:00:00,1.18655,1.1906,1.17997,1.18422,375071.40625
2020-11-24 00:00:00,1.18422,1.18978,1.18384,1.18974,450084.15625
2020-11-25 00:00:00,1.18976,1.19297,1.18818,1.19162,434675.09375
2020-11-26 00:00:00,1.19164,1.19409,1.18852,1.19109,310782.625
2020-11-27 00:00:00,1.1911,1.19641,1.19094,1.1962,294690.34375
2020-11-28 00:00:00,1.1962,1.1962,1.1962,1.1962,0.0
2020-11-29 00:00:00,1.19614,1.19738,1.1961,1.19721,5691.47021484375
2020-11-30 00:00:00,1.19722,1.20032,1.19236,1.19374,427702.03125
2020-12-01 00:00:00,1.19372,1.20765,1.19353,1.20706,329924.84375
2020-12-02 00:00:00,1.20707,1.21183,1.20399,1.21138,356276.75
2020-12-03 00:00:00,1.21137,1.21746,1.2101,1.21449,370341.0625
2020-12-04 00:00:00,1.21449,1.21773,1.21101,1.21202,419231.53125
2020-12-05 00:00:00,1.21202,1.21202,1.21202,1.21202,0.0
2020-12-06 00:00:00,1.21308,1.21324,1.21195,1.212,7098.779296875
2020-12-07 00:00:00,1.21199,1.21662,1.20784,1.21092,401999.875
2020-12-08 00:00:00,1.21091,1.21339,1.20953,1.21094,342799.90625
2020-12-09 00:00:00,1.21095,1.21475,1.20587,1.20784,239315.6875
2020-12-10 00:00:00,1.20784,1.21588,1.20784,1.21433,236013.953125
2020-12-11 00:00:00,1.21434,1.21629,1.21053,1.21086,192928.953125
2020-12-12 00:00:00,1.21086,1.21086,1.21086,1.21086,0.0
2020-12-13 00:00:00,1.21367,1.21435,1.21324,1.21331,5045.98193359375
2020-12-14 00:00:00,1.21331,1.21767,1.21155,1.21486,160627.796875
2020-12-15 00:00:00,1.21485,1.21689,1.2121,1.21543,143307.15625
2020-12-16 00:00:00,1.21543,1.22121,1.2125,1.21961,173026.921875
2020-12-17 00:00:00,1.21961,1.22726,1.21898,1.22614,169625.5
2020-12-18 00:00:00,1.22613,1.22687,1.22255,1.22559,159228.8125
2020-12-19 00:00:00,1.22559,1.22559,1.22559,1.22559,0.0
2020-12-20 00:00:00,1.2221,1.22348,1.22113,1.22118,5809.93994140625
2020-12-21 00:00:00,1.22118,1.22529,1.21296,1.22346,232228.640625
2020-12-22 00:00:00,1.22347,1.2257,1.2152,1.21872,203050.96875
2020-12-23 00:00:00,1.21871,1.2221,1.21538,1.21939,186474.296875
2020-12-24 00:00:00,1.2194,1.22156,1.21773,1.2182,150064.359375
2020-12-25 00:00:00,1.21816,1.22031,1.21709,1.21922,3921.989990234375
2020-12-26 00:00:00,1.21922,1.21922,1.21922,1.21922,0.0
2020-12-27 00:00:00,1.2186,1.22072,1.21811,1.22038,6146.787109375
2020-12-28 00:00:00,1.22039,1.22502,1.21811,1.22196,137271.59375
2020-12-29 00:00:00,1.22196,1.2275,1.22193,1.22519,152109.03125
2020-12-30 00:00:00,1.2252,1.23101,1.22511,1.22984,157635.71875
2020-12-31 00:00:00,1.22986,1.23092,1.22091,1.22141,162429.703125
2021-01-01 00:00:00,1.22141,1.22141,1.22141,1.22141,0.0
2021-01-02 00:00:00,1.22141,1.22141,1.22141,1.22141,0.0
2021-01-03 00:00:00,1.22396,1.22527,1.22296,1.225,6989.4619140625
2021-01-04 00:00:00,1.22499,1.23096,1.22385,1.22525,244606.328125
2021-01-05 00:00:00,1.22525,1.23056,1.2247,1.22984,193568.3125
2021-01-06 00:00:00,1.22985,1.23494,1.22655,1.23382,269830.5
2021-01-07 00:00:00,1.23384,1.23443,1.2245,1.22691,195084.453125
2021-01-08 00:00:00,1.2269,1.22845,1.21929,1.22174,235964.640625
2021-01-09 00:00:00,1.22174,1.22174,1.22174,1.22174,0.0
2021-01-10 00:00:00,1.22175,1.22284,1.21821,1.2187,15988.9345703125
2021-01-11 00:00:00,1.21869,1.21998,1.21321,1.21605,185504.90625
2021-01-12 00:00:00,1.21605,1.22097,1.21371,1.22085,157612.4375
2021-01-13 00:00:00,1.22087,1.22227,1.21399,1.21619,172759.125
2021-01-14 00:00:00,1.21618,1.21784,1.2111,1.21506,194298.375
2021-01-15 00:00:00,1.21505,1.21624,1.20747,1.20748,164729.6875
2021-01-16 00:00:00,1.20748,1.20748,1.20748,1.20748,0.0
2021-01-17 00:00:00,1.20838,1.20865,1.2066,1.20662,5839.697265625
2021-01-18 00:00:00,1.20661,1.20867,1.20535,1.20776,119422.25
2021-01-19 00:00:00,1.20775,1.21448,1.20772,1.21391,178228.6875
2021-01-20 00:00:00,1.21392,1.21581,1.20767,1.21144,168179.90625
2021-01-21 00:00:00,1.21145,1.2173,1.21093,1.21654,164673.65625
2021-01-22 00:00:00,1.21654,1.21894,1.21515,1.21667,139074.265625
2021-01-23 00:00:00,1.21667,1.21667,1.21667,1.21667,0.0
2021-01-24 00:00:00,1.21688,1.21716,1.21622,1.21668,4778.51416015625
2021-01-25 00:00:00,1.2167,1.21832,1.21158,1.21426,162031.375
2021-01-26 00:00:00,1.21427,1.21758,1.21076,1.21632,146230.40625
2021-01-27 00:00:00,1.21632,1.21696,1.20585,1.21027,202691.46875
2021-01-28 00:00:00,1.21028,1.21424,1.20807,1.21209,198588.078125
2021-01-29 00:00:00,1.21209,1.2156,1.20944,1.21298,191330.828125
2021-01-30 00:00:00,1.21298,1.21298,1.21298,1.21298,0.0
2021-01-31 00:00:00,1.21297,1.21326,1.21204,1.21227,6872.54931640625
2021-02-01 00:00:00,1.21225,1.21363,1.2056,1.20676,165569.8125
2021-02-02 00:00:00,1.20676,1.20877,1.20115,1.20365,147916.453125
2021-02-03 00:00:00,1.20365,1.205,1.2004,1.20412,119397.1171875
2021-02-04 00:00:00,1.20413,1.20427,1.19574,1.19662,123758.4375
2021-02-05 00:00:00,1.19659,1.20498,1.19522,1.20481,120889.9140625
2021-02-06 00:00:00,1.20481,1.20481,1.20481,1.20481,0.0
2021-02-07 00:00:00,1.20375,1.2055,1.20356,1.20483,15699.0078125
2021-02-08 00:00:00,1.20484,1.2066,1.20196,1.20522,104199.046875
2021-02-09 00:00:00,1.20522,1.21218,1.20491,1.21161,133499.03125
2021-02-10 00:00:00,1.21162,1.2144,1.21088,1.2119,129989.7734375
2021-02-11 00:00:00,1.21189,1.21494,1.21134,1.21304,88196.3046875
2021-02-12 00:00:00,1.21306,1.21332,1.20815,1.21177,81669.7578125
2021-02-13 00:00:00,1.21177,1.21177,1.21177,1.21177,0.0
2021-02-14 00:00:00,1.21244,1.21251,1.21191,1.21204,3240.698486328125
2021-02-15 00:00:00,1.21206,1.21451,1.21167,1.2132,67330.5
2021-02-16 00:00:00,1.21319,1.21693,1.20859,1.2088,122475.0546875
2021-02-17 00:00:00,1.20879,1.20982,1.20232,1.20455,127748.6484375
2021-02-18 00:00:00,1.20454,1.20958,1.20355,1.20917,118499.328125
2021-02-19 00:00:00,1.20917,1.21444,1.20823,1.21167,118566.9921875
2021-02-20 00:00:00,1.21167,1.21167,1.21167,1.21167,0.0
2021-02-21 00:00:00,1.21151,1.21292,1.21141,1.21247,5489.6201171875
2021-02-22 00:00:00,1.21246,1.21693,1.20911,1.21638,133388.40625
2021-02-23 00:00:00,1.21637,1.21801,1.21353,1.21506,123305.625
2021-02-24 00:00:00,1.21506,1.21745,1.21092,1.21693,161180.140625
2021-02-25 00:00:00,1.21696,1.22433,1.21559,1.21577,235388.75
2021-02-26 00:00:00,1.21579,1.21826,1.20621,1.20704,305265.8125
2021-02-27 00:00:00,1.20704,1.20704,1.20704,1.20704,0.0
2021-02-28 00:00:00,1.20702,1.20919,1.20699,1.20903,8260.3701171875
2021-03-01 00:00:00,1.20905,1.21011,1.20276,1.20484,153278.15625
2021-03-02 00:00:00,1.20485,1.20943,1.19916,1.20848,162621.890625
2021-03-03 00:00:00,1.2085,1.21132,1.20427,1.20464,182492.703125
2021-03-04 00:00:00,1.20463,1.2063,1.19605,1.19672,215954.640625
2021-03-05 00:00:00,1.19671,1.19687,1.18932,1.19128,242281.40625
2021-03-06 00:00:00,1.19128,1.19128,1.19128,1.19128,0.0
2021-03-07 00:00:00,1.19177,1.19319,1.19168,1.19263,6671.0673828125
2021-03-08 00:00:00,1.19262,1.19321,1.18442,1.18508,184844.1875
2021-03-09 00:00:00,1.18509,1.19156,1.18355,1.18967,167708.734375
2021-03-10 00:00:00,1.18967,1.19296,1.18688,1.19242,153883.484375
2021-03-11 00:00:00,1.19242,1.19899,1.19156,1.19808,153547.78125
2021-03-12 00:00:00,1.19809,1.19884,1.19099,1.19476,152735.984375
2021-03-13 00:00:00,1.19476,1.19476,1.19476,1.19476,0.0
2021-03-14 00:00:00,1.19451,1.19542,1.19433,1.195,6576.97998046875
2021-03-15 00:00:00,1.19501,1.19674,1.1911,1.19263,121796.1171875
2021-03-16 00:00:00,1.19263,1.19518,1.18819,1.1902,127974.59375
2021-03-17 00:00:00,1.19018,1.19873,1.18861,1.19825,137365.59375
2021-03-18 00:00:00,1.19827,1.19888,1.19061,1.19174,178340.078125
2021-03-19 00:00:00,1.19175,1.19371,1.18738,1.19031,135306.28125
2021-03-20 00:00:00,1.19031,1.19031,1.19031,1.19031,0.0
2021-03-21 00:00:00,1.18712,1.189,1.18708,1.18835,7679.5
2021-03-22 00:00:00,1.18837,1.19468,1.18744,1.19322,113512.640625
2021-03-23 00:00:00,1.19323,1.19407,1.1836,1.18396,123346.46875
2021-03-24 00:00:00,1.18399,1.18508,1.18089,1.18127,126095.3671875
2021-03-25 00:00:00,1.18128,1.18277,1.17617,1.17756,137243.34375
2021-03-26 00:00:00,1.17756,1.18049,1.17716,1.17918,94770.2421875
2021-03-27 00:00:00,1.17918,1.17918,1.17918,1.17918,0.0
2021-03-28 00:00:00,1.17917,1.17935,1.17855,1.17874,3732.034912109375
2021-03-29 00:00:00,1.17874,1.17939,1.17606,1.17685,107822.28125
2021-03-30 00:00:00,1.17684,1.17737,1.17112,1.17231,101727.7890625
2021-03-31 00:00:00,1.1723,1.17598,1.1704,1.1727,108988.6328125
2021-04-01 00:00:00,1.17271,1.17825,1.17125,1.17772,100309.9140625
2021-04-02 00:00:00,1.17772,1.17866,1.1749,1.17603,70427.390625
2021-04-03 00:00:00,1.17603,1.17603,1.17603,1.17603,0.0
2021-04-04 00:00:00,1.17544,1.17678,1.17532,1.17676,5377.86474609375
2021-04-05 00:00:00,1.17674,1.18194,1.17379,1.18169,60541.9609375
2021-04-06 00:00:00,1.18168,1.18776,1.17951,1.18737,92598.8671875
2021-04-07 00:00:00,1.18737,1.19147,1.18608,1.18723,94196.8671875
2021-04-08 00:00:00,1.18724,1.19274,1.18609,1.19153,88307.4296875
2021-04-09 00:00:00,1.19151,1.19201,1.18669,1.18977,83829.3203125
2021-04-10 00:00:00,1.18977,1.18977,1.18977,1.18977,0.0
2021-04-11 00:00:00,1.18903,1.19038,1.18901,1.18958,3354.389892578125
2021-04-12 00:00:00,1.18957,1.1919,1.1871,1.19115,79048.3671875
2021-04-13 00:00:00,1.19117,1.19557,1.18776,1.19538,99118.296875
2021-04-14 00:00:00,1.19541,1.19872,1.19509,1.19832,94040.0859375
2021-04-15 00:00:00,1.1983,1.19932,1.1956,1.19692,88820.2421875
2021-04-16 00:00:00,1.19692,1.19946,1.19503,1.19805,76098.21875
2021-04-17 00:00:00,1.19805,1.19805,1.19805,1.19805,0.0
2021-04-18 00:00:00,1.19722,1.19771,1.19679,1.19689,3320.685791015625
2021-04-19 00:00:00,1.19688,1.2048,1.19424,1.20424,97833.75
2021-04-20 00:00:00,1.20424,1.20797,1.20224,1.20324,97173.21875
2021-04-21 00:00:00,1.20323,1.20436,1.19985,1.20372,85542.3984375
2021-04-22 00:00:00,1.20372,1.20694,1.19936,1.20143,106768.7578125
2021-04-23 00:00:00,1.20144,1.20999,1.20127,1.20938,80323.6171875
2021-04-24 00:00:00,1.20938,1.20938,1.20938,1.20938,0.0
2021-04-25 00:00:00,1.20913,1.20981,1.20888,1.20892,3822.679931640625
2021-04-26 00:00:00,1.20893,1.21167,1.20608,1.20793,79990.1484375
2021-04-27 00:00:00,1.20794,1.20927,1.20567,1.20892,81974.3984375
2021-04-28 00:00:00,1.2089,1.21353,1.2056,1.21348,104873.53125
2021-04-29 00:00:00,1.2135,1.21498,1.21021,1.21245,99067.90625
2021-04-30 00:00:00,1.21243,1.21265,1.20165,1.20169,97894.5078125
2021-05-01 00:00:00,1.20169,1.20169,1.20169,1.20169,0.0
2021-05-02 00:00:00,1.20309,1.20328,1.20245,1.20271,2660.924072265625
2021-05-03 00:00:00,1.20272,1.2076,1.2013,1.20588,81052.328125
2021-05-04 00:00:00,1.2059,1.20598,1.19989,1.20144,108198.1171875
2021-05-05 00:00:00,1.20145,1.20265,1.19859,1.20074,83296.6484375
2021-05-06 00:00:00,1.20076,1.20716,1.19929,1.20651,94613.4921875
2021-05-07 00:00:00,1.20651,1.21713,1.20527,1.21615,128365.6875
2021-05-08 00:00:00,1.21615,1.21615,1.21615,1.21615,0.0
2021-05-09 00:00:00,1.21601,1.21769,1.216,1.21704,5874.59521484375
2021-05-10 00:00:00,1.21704,1.21782,1.21271,1.21405,99020.7578125
2021-05-11 00:00:00,1.21406,1.21815,1.2123,1.2144,104612.2265625
2021-05-12 00:00:00,1.21441,1.2152,1.20655,1.20777,164454.890625
2021-05-13 00:00:00,1.20776,1.2106,1.20514,1.20767,123832.65625
2021-05-14 00:00:00,1.20768,1.21477,1.20708,1.2142,97519.59375
2021-05-15 00:00:00,1.2142,1.2142,1.2142,1.2142,0.0
2021-05-16 00:00:00,1.2145,1.21511,1.21368,1.21498,2788.830078125
2021-05-17 00:00:00,1.21497,1.21687,1.21259,1.21563,81134.3671875
2021-05-18 00:00:00,1.21561,1.22339,1.21534,1.22223,95033.828125
2021-05-19 00:00:00,1.22225,1.22451,1.21598,1.21704,122026.234375
2021-05-20 00:00:00,1.21704,1.223,1.21689,1.22249,91295.2890625
2021-05-21 00:00:00,1.2225,1.22396,1.21607,1.21778,95459.7421875
2021-05-22 00:00:00,1.21778,1.21778,1.21778,1.21778,0.0
2021-05-23 00:00:00,1.21778,1.21843,1.21722,1.21805,4772.27783203125
2021-05-24 00:00:00,1.21805,1.22298,1.21749,1.2214,79873.03125
2021-05-25 00:00:00,1.2214,1.22664,1.22113,1.22468,96703.546875
2021-05-26 00:00:00,1.22468,1.22629,1.2182,1.2192,90989.6796875
2021-05-27 00:00:00,1.2192,1.22149,1.21751,1.21927,86079.3203125
2021-05-28 00:00:00,1.21927,1.22048,1.21325,1.21905,95929.6875
2021-05-29 00:00:00,1.21905,1.21905,1.21905,1.21905,0.0
2021-05-30 00:00:00,1.2199,1.21998,1.2189,1.21892,2690.425048828125
2021-05-31 00:00:00,1.21893,1.22343,1.21832,1.22325,58569.890625
2021-06-01 00:00:00,1.22325,1.22542,1.2211,1.22174,81726.6484375
2021-06-02 00:00:00,1.22172,1.22265,1.2164,1.22094,77789.703125
2021-06-03 00:00:00,1.22094,1.22141,1.21181,1.213,97645.1484375
2021-06-04 00:00:00,1.21299,1.21856,1.21039,1.21644,91499.6171875
2021-06-05 00:00:00,1.21644,1.21644,1.21644,1.21644,0.0
2021-06-06 00:00:00,1.21601,1.21676,1.21596,1.21666,2331.719970703125
2021-06-07 00:00:00,1.21665,1.22017,1.21448,1.21905,56767.00390625
2021-06-08 00:00:00,1.21905,1.21941,1.21642,1.21724,76115.234375
2021-06-09 00:00:00,1.21725,1.22179,1.21714,1.21784,53522.57421875
2021-06-10 00:00:00,1.21782,1.21945,1.21433,1.21725,114796.2734375
2021-06-11 00:00:00,1.21726,1.21929,1.20925,1.21072,76244.203125
2021-06-12 00:00:00,1.21072,1.21072,1.21072,1.21072,0.0
2021-06-13 00:00:00,1.21045,1.21121,1.21027,1.21095,3083.830078125
2021-06-14 00:00:00,1.21096,1.21305,1.20942,1.21218,56985.046875
2021-06-15 00:00:00,1.21218,1.21473,1.21013,1.21245,69731.5234375
2021-06-16 00:00:00,1.21246,1.21347,1.19865,1.1995,120454.28125
2021-06-17 00:00:00,1.19949,1.20062,1.18916,1.1913,137577.71875
2021-06-18 00:00:00,1.19129,1.19249,1.18472,1.18592,137533.875
2021-06-19 00:00:00,1.18592,1.18592,1.18592,1.18592,0.0
2021-06-20 00:00:00,1.18542,1.18754,1.18542,1.18705,6660.06005859375
2021-06-21 00:00:00,1.18703,1.19213,1.18476,1.19119,111964.71875
2021-06-22 00:00:00,1.19119,1.19526,1.18808,1.19364,90359.796875
2021-06-23 00:00:00,1.19364,1.197,1.19113,1.19296,89353.5859375
2021-06-24 00:00:00,1.19297,1.19562,1.19176,1.19278,81788.1796875
2021-06-25 00:00:00,1.19278,1.19751,1.19261,1.19347,73314.328125
2021-06-26 00:00:00,1.19347,1.19347,1.19347,1.19347,0.0
2021-06-27 00:00:00,1.19296,1.19419,1.19296,1.19414,2960.949951171875
2021-06-28 00:00:00,1.19415,1.19444,1.19022,1.19286,82983.484375
2021-06-29 00:00:00,1.19287,1.19295,1.18775,1.19002,87514.8984375
2021-06-30 00:00:00,1.19003,1.1909,1.1845,1.18558,98200.8828125
2021-07-01 00:00:00,1.18559,1.18842,1.18373,1.18457,97891.3984375
2021-07-02 00:00:00,1.18455,1.18741,1.1807,1.18622,93312.2890625
2021-07-03 00:00:00,1.18622,1.18622,1.18622,1.18622,0.0
2021-07-04 00:00:00,1.18598,1.18685,1.18555,1.18556,4983.06005859375
2021-07-05 00:00:00,1.18556,1.18804,1.18513,1.18624,59904.28515625
2021-07-06 00:00:00,1.18623,1.18951,1.18068,1.18221,98055.203125
2021-07-07 00:00:00,1.18222,1.18364,1.17815,1.17929,98325.65625
2021-07-08 00:00:00,1.17928,1.18678,1.17834,1.18463,137221.46875
2021-07-09 00:00:00,1.18463,1.1881,1.18249,1.1871,95232.40625
2021-07-10 00:00:00,1.1871,1.1871,1.1871,1.1871,0.0
2021-07-11 00:00:00,1.18751,1.18768,1.1865,1.18722,4242.30029296875
2021-07-12 00:00:00,1.18722,1.18802,1.1836,1.18627,75972.6015625
2021-07-13 00:00:00,1.18627,1.18751,1.17721,1.17748,92556.296875
2021-07-14 00:00:00,1.17747,1.18387,1.17717,1.18329,80246.90625
2021-07-15 00:00:00,1.18329,1.18506,1.17962,1.18112,79818.1015625
2021-07-16 00:00:00,1.18114,1.18221,1.17921,1.18047,71386.3125
2021-07-17 00:00:00,1.18047,1.18047,1.18047,1.18047,0.0
2021-07-18 00:00:00,1.18054,1.18138,1.18033,1.18125,2502.48388671875
2021-07-19 00:00:00,1.18125,1.18244,1.17636,1.17917,103838.7421875
2021-07-20 00:00:00,1.17917,1.18024,1.17555,1.17813,104203.953125
2021-07-21 00:00:00,1.17811,1.18046,1.17518,1.17922,78190.6875
2021-07-22 00:00:00,1.17925,1.18304,1.17572,1.17722,115912.609375
2021-07-23 00:00:00,1.17722,1.17865,1.17544,1.17683,66091.6484375
2021-07-24 00:00:00,1.17683,1.17683,1.17683,1.17683,0.0
2021-07-25 00:00:00,1.17681,1.17743,1.17671,1.17728,1805.37451171875
2021-07-26 00:00:00,1.17729,1.18172,1.17632,1.18047,74770.1953125
2021-07-27 00:00:00,1.18046,1.18409,1.17698,1.18203,70108.296875
2021-07-28 00:00:00,1.18205,1.18494,1.17721,1.18454,95631.1484375
2021-07-29 00:00:00,1.18453,1.18942,1.18406,1.18903,65088.62890625
2021-07-30 00:00:00,1.18902,1.19085,1.18515,1.18667,78399.046875
2021-07-31 00:00:00,1.18667,1.18667,1.18667,1.18667,0.0
2021-08-01 00:00:00,1.18641,1.18694,1.18621,1.18661,1640.0224609375
2021-08-02 00:00:00,1.18662,1.18968,1.18587,1.1874,65757.1484375
2021-08-03 00:00:00,1.18738,1.18932,1.18535,1.18694,60676.25
2021-08-04 00:00:00,1.18693,1.18996,1.18326,1.18371,59235.1953125
2021-08-05 00:00:00,1.18373,1.18572,1.1828,1.18332,52814.69140625
2021-08-06 00:00:00,1.18332,1.18333,1.17543,1.17596,55120.828125
2021-08-07 00:00:00,1.17596,1.17596,1.17596,1.17596,0.0
2021-08-08 00:00:00,1.1758,1.1761,1.17422,1.17474,6173.7998046875
2021-08-09 00:00:00,1.17477,1.17689,1.17344,1.1736,48502.48046875
2021-08-10 00:00:00,1.17359,1.17427,1.17095,1.17195,75410.4765625
2021-08-11 00:00:00,1.17195,1.17541,1.17059,1.17417,61035.421875
2021-08-12 00:00:00,1.17415,1.17481,1.17236,1.17356,45681.19140625
2021-08-13 00:00:00,1.17357,1.18045,1.17302,1.17933,42818.6484375
2021-08-14 00:00:00,1.17933,1.17933,1.17933,1.17933,0.0
2021-08-15 00:00:00,1.17934,1.18007,1.17915,1.1794,2797.22998046875
2021-08-16 00:00:00,1.17939,1.18006,1.17672,1.17776,43659.30859375
2021-08-17 00:00:00,1.17776,1.17846,1.17017,1.17091,59330.87109375
2021-08-18 00:00:00,1.17092,1.17427,1.16936,1.17026,59219.21875
2021-08-19 00:00:00,1.17027,1.17041,1.16656,1.16763,63221.7890625
2021-08-20 00:00:00,1.16762,1.17044,1.16638,1.16951,50357.18359375
2021-08-21 00:00:00,1.16951,1.16951,1.16951,1.16951,0.0
2021-08-22 00:00:00,1.16935,1.17008,1.16925,1.16968,3915.909912109375
2021-08-23 00:00:00,1.16969,1.17501,1.1695,1.17441,55611.0
2021-08-24 00:00:00,1.17439,1.1765,1.17272,1.17526,47142.49609375
2021-08-25 00:00:00,1.17527,1.17745,1.1726,1.17717,59247.80859375
2021-08-26 00:00:00,1.17716,1.17789,1.17458,1.17533,64898.49609375
2021-08-27 00:00:00,1.17534,1.18022,1.17348,1.1791,90960.7890625
2021-08-28 00:00:00,1.1791,1.1791,1.1791,1.1791,0.0
2021-08-29 00:00:00,1.17937,1.18003,1.17898,1.17983,1418.27001953125
2021-08-30 00:00:00,1.17982,1.18097,1.17827,1.17965,54548.62109375
2021-08-31 00:00:00,1.17961,1.1845,1.17952,1.18098,66283.828125
2021-09-01 00:00:00,1.18098,1.18571,1.17935,1.18407,63143.89453125
2021-09-02 00:00:00,1.18407,1.1876,1.18342,1.18736,49871.0
2021-09-03 00:00:00,1.18736,1.1909,1.18655,1.18773,71338.2265625
2021-09-04 00:00:00,1.18773,1.18773,1.18773,1.18773,0.0
2021-09-05 00:00:00,1.1876,1.18862,1.1876,1.18854,1582.239990234375
2021-09-06 00:00:00,1.18854,1.18857,1.18557,1.18731,41182.8828125
2021-09-07 00:00:00,1.1873,1.18851,1.18358,1.18429,68103.2109375
2021-09-08 00:00:00,1.18428,1.18511,1.18019,1.18188,77623.40625
2021-09-09 00:00:00,1.18186,1.18412,1.18051,1.1823,81298.65625
2021-09-10 00:00:00,1.1823,1.1851,1.18092,1.18101,64082.671875
2021-09-11 00:00:00,1.18101,1.18101,1.18101,1.18101,0.0
2021-09-12 00:00:00,1.18111,1.18157,1.18087,1.18115,1815.1800537109375
2021-09-13 00:00:00,1.18114,1.18169,1.177,1.18096,59781.94921875
2021-09-14 00:00:00,1.18095,1.18458,1.18,1.18023,70351.1015625
2021-09-15 00:00:00,1.18024,1.18318,1.17991,1.1819,68102.1171875
2021-09-16 00:00:00,1.18189,1.18204,1.17504,1.17648,67633.625
2021-09-17 00:00:00,1.17647,1.17888,1.17235,1.17239,69247.2578125
2021-09-18 00:00:00,1.17239,1.17239,1.17239,1.17239,0.0
2021-09-19 00:00:00,1.17288,1.17305,1.17232,1.17292,1296.6199951171875
2021-09-20 00:00:00,1.17293,1.17364,1.17001,1.17266,85294.2734375
2021-09-21 00:00:00,1.17267,1.17486,1.17147,1.17228,69831.5859375
2021-09-22 00:00:00,1.17228,1.17555,1.16843,1.1687,84003.4296875
2021-09-23 00:00:00,1.16871,1.175,1.16834,1.17398,79458.4765625
2021-09-24 00:00:00,1.17397,1.17476,1.17005,1.17181,56255.98046875
2021-09-25 00:00:00,1.17181,1.17181,1.17181,1.17181,0.0
2021-09-26 00:00:00,1.17253,1.17261,1.1716,1.17224,4061.72998046875
2021-09-27 00:00:00,1.17224,1.1725,1.16846,1.16956,110005.9765625
2021-09-28 00:00:00,1.16956,1.17031,1.16682,1.1686,115357.90625
2021-09-29 00:00:00,1.16858,1.169,1.15894,1.16014,108726.1328125
2021-09-30 00:00:00,1.16015,1.16096,1.15624,1.15736,101703.3125
2021-10-01 00:00:00,1.15735,1.16072,1.15628,1.15923,88879.703125
2021-10-02 00:00:00,1.15923,1.15923,1.15923,1.15923,0.0
2021-10-03 00:00:00,1.15954,1.1611,1.15931,1.16065,3242.169921875
2021-10-04 00:00:00,1.16065,1.164,1.15876,1.1616,75420.3125
2021-10-05 00:00:00,1.16161,1.16198,1.15804,1.15955,71096.8671875
2021-10-06 00:00:00,1.15954,1.15977,1.15291,1.15549,90764.8671875
2021-10-07 00:00:00,1.15548,1.1572,1.15474,1.15592,57539.66015625
2021-10-08 00:00:00,1.15591,1.15861,1.15413,1.15721,68510.96875
2021-10-09 00:00:00,1.15721,1.15721,1.15721,1.15721,0.0
2021-10-10 00:00:00,1.15674,1.15759,1.15636,1.15653,2478.43994140625
2021-10-11 00:00:00,1.15655,1.15867,1.15478,1.15532,54960.92578125
2021-10-12 00:00:00,1.15533,1.15703,1.15242,1.15304,64930.78125
2021-10-13 00:00:00,1.15305,1.15994,1.15299,1.15968,77197.0625
2021-10-14 00:00:00,1.15966,1.16242,1.15839,1.15903,94220.0078125
2021-10-15 00:00:00,1.15903,1.16185,1.15881,1.15983,90915.4921875
2021-10-16 00:00:00,1.15983,1.15983,1.15983,1.15983,0.0
2021-10-17 00:00:00,1.15903,1.16052,1.15903,1.15963,3638.580078125
2021-10-18 00:00:00,1.15965,1.16223,1.15717,1.16131,69977.1875
2021-10-19 00:00:00,1.16133,1.16693,1.1613,1.16313,60866.7265625
2021-10-20 00:00:00,1.16313,1.16586,1.16168,1.16523,62795.3984375
2021-10-21 00:00:00,1.16522,1.16674,1.16194,1.16246,74249.421875
2021-10-22 00:00:00,1.16249,1.16556,1.1621,1.16395,107175.3515625
2021-10-23 00:00:00,1.16395,1.16395,1.16395,1.16395,0.0
2021-10-24 00:00:00,1.16382,1.1645,1.16356,1.16391,1844.3800048828125
2021-10-25 00:00:00,1.16393,1.16649,1.15907,1.16087,74192.546875
2021-10-26 00:00:00,1.16087,1.16257,1.15848,1.15962,66809.6640625
2021-10-27 00:00:00,1.15962,1.16259,1.15849,1.15982,77705.8828125
2021-10-28 00:00:00,1.15984,1.16921,1.15821,1.16821,108857.0234375
2021-10-29 00:00:00,1.16821,1.16899,1.1535,1.15529,96377.0625
2021-10-30 00:00:00,1.15529,1.15529,1.15529,1.15529,0.0
2021-10-31 00:00:00,1.15576,1.15642,1.15553,1.15562,2837.030029296875
2021-11-01 00:00:00,1.15562,1.1609,1.1546,1.15995,76937.765625
2021-11-02 00:00:00,1.15996,1.16133,1.15751,1.1579,69798.1796875
2021-11-03 00:00:00,1.1579,1.16164,1.15622,1.16152,100237.75
2021-11-04 00:00:00,1.16152,1.1616,1.15282,1.15552,85742.421875
2021-11-05 00:00:00,1.15553,1.15731,1.15132,1.15631,90782.5625
2021-11-06 00:00:00,1.15631,1.15631,1.15631,1.15631,0.0
2021-11-07 00:00:00,1.15566,1.15698,1.15559,1.15682,7957.75
2021-11-08 00:00:00,1.15681,1.15949,1.15503,1.15877,57902.15625
2021-11-09 00:00:00,1.15877,1.16087,1.15698,1.1594,68638.9765625
2021-11-10 00:00:00,1.1594,1.15952,1.14759,1.14856,101928.1875
2021-11-11 00:00:00,1.14856,1.14875,1.14428,1.14474,68505.25
2021-11-12 00:00:00,1.14477,1.1462,1.14328,1.14413,68731.8984375
2021-11-13 00:00:00,1.14413,1.14413,1.14413,1.14413,0.0
2021-11-14 00:00:00,1.14473,1.14473,1.14411,1.14412,1091.1756591796875
2021-11-15 00:00:00,1.1441,1.14638,1.13562,1.13668,77609.375
2021-11-16 00:00:00,1.1367,1.13856,1.13089,1.13179,90616.203125
2021-11-17 00:00:00,1.1318,1.13321,1.12635,1.13178,84537.765625
2021-11-18 00:00:00,1.13178,1.1374,1.13137,1.13676,79078.546875
2021-11-19 00:00:00,1.13677,1.13692,1.12499,1.12794,115105.5078125
2021-11-20 00:00:00,1.12794,1.12794,1.12794,1.12794,0.0
2021-11-21 00:00:00,1.12873,1.12907,1.12715,1.12752,2796.006103515625
2021-11-22 00:00:00,1.12752,1.12904,1.12306,1.12417,96423.7421875
2021-11-23 00:00:00,1.12415,1.1275,1.12259,1.12445,95128.6796875
2021-11-24 00:00:00,1.12444,1.12552,1.11859,1.12025,100446.484375
2021-11-25 00:00:00,1.12025,1.12296,1.12025,1.12091,52743.078125
2021-11-26 00:00:00,1.12091,1.13301,1.12067,1.13071,135977.984375
2021-11-27 00:00:00,1.13071,1.13071,1.13071,1.13071,0.0
2021-11-28 00:00:00,1.13004,1.13134,1.12803,1.12925,7123.87353515625
2021-11-29 00:00:00,1.12925,1.13003,1.12583,1.12925,97294.9765625
2021-11-30 00:00:00,1.12925,1.13828,1.12349,1.13299,162822.828125
2021-12-01 00:00:00,1.13298,1.13596,1.13025,1.13187,116507.9921875
2021-12-02 00:00:00,1.13189,1.13476,1.12953,1.13057,86957.28125
2021-12-03 00:00:00,1.13057,1.13333,1.12665,1.13117,120087.5
2021-12-04 00:00:00,1.13117,1.13117,1.13117,1.13117,0.0
2021-12-05 00:00:00,1.13046,1.13129,1.13014,1.1304,4161.64990234375
2021-12-06 00:00:00,1.1304,1.13101,1.12663,1.12834,74957.9375
2021-12-07 00:00:00,1.12833,1.12984,1.12275,1.12723,69268.9296875
2021-12-08 00:00:00,1.12725,1.13547,1.12667,1.13441,86371.8125
2021-12-09 00:00:00,1.13441,1.13442,1.12783,1.12936,60460.82421875
2021-12-10 00:00:00,1.12935,1.13239,1.12651,1.13146,72798.0390625
2021-12-11 00:00:00,1.13146,1.13146,1.13146,1.13146,0.0
2021-12-12 00:00:00,1.131,1.13192,1.13038,1.13106,2021.219970703125
2021-12-13 00:00:00,1.13106,1.1314,1.126,1.12834,71885.4453125
2021-12-14 00:00:00,1.12834,1.13238,1.12535,1.12575,79117.4453125
2021-12-15 00:00:00,1.12575,1.12991,1.12215,1.12902,114363.5
2021-12-16 00:00:00,1.12903,1.13603,1.12811,1.13336,81915.015625
2021-12-17 00:00:00,1.13335,1.13488,1.1235,1.1237,71973.484375
2021-12-18 00:00:00,1.1237,1.1237,1.1237,1.1237,0.0
2021-12-19 00:00:00,1.12371,1.12439,1.12344,1.12428,1881.8900146484375
2021-12-20 00:00:00,1.12426,1.13037,1.12363,1.12771,69729.6015625
2021-12-21 00:00:00,1.12771,1.13026,1.12607,1.12871,62656.75390625
2021-12-22 00:00:00,1.12872,1.13423,1.12644,1.13265,62054.8359375
2021-12-23 00:00:00,1.13263,1.13422,1.129,1.13228,67964.0625
2021-12-24 00:00:00,1.13227,1.13433,1.13031,1.13102,192166.578125
2021-12-25 00:00:00,1.13102,1.13102,1.13102,1.13102,0.0
2021-12-26 00:00:00,1.13101,1.1326,1.13076,1.13231,2786.49658203125
2021-12-27 00:00:00,1.13233,1.13344,1.13028,1.13294,38860.3515625
2021-12-28 00:00:00,1.13293,1.13331,1.12895,1.1313,44411.84765625
2021-12-29 00:00:00,1.13131,1.13688,1.12737,1.13595,66789.9375
2021-12-30 00:00:00,1.13595,1.13597,1.12984,1.13222,55366.05859375
2021-12-31 00:00:00,1.13219,1.13863,1.13032,1.13667,48312.0703125
2022-01-01 00:00:00,1.13667,1.13667,1.13667,1.13667,0.0
2022-01-02 00:00:00,1.1369,1.13782,1.13649,1.13727,2816.368408203125
2022-01-03 00:00:00,1.13726,1.13755,1.12797,1.13017,83782.203125
2022-01-04 00:00:00,1.13016,1.13224,1.12721,1.12827,101693.578125
2022-01-05 00:00:00,1.12826,1.13463,1.12769,1.13105,97800.3515625
2022-01-06 00:00:00,1.13104,1.13318,1.12845,1.12949,108688.453125
2022-01-07 00:00:00,1.12947,1.13647,1.12899,1.13593,83255.734375
2022-01-08 00:00:00,1.13593,1.13593,1.13593,1.13593,0.0
2022-01-09 00:00:00,1.13515,1.13602,1.13497,1.13534,4986.05810546875
2022-01-10 00:00:00,1.13533,1.1358,1.12847,1.13299,88736.6328125
2022-01-11 00:00:00,1.13297,1.13752,1.1313,1.13658,67545.03125
2022-01-12 00:00:00,1.13657,1.14526,1.13547,1.14394,79072.8046875
2022-01-13 00:00:00,1.14393,1.14817,1.14357,1.14564,72076.171875
2022-01-14 00:00:00,1.14564,1.14827,1.13984,1.1409,75134.1015625
2022-01-15 00:00:00,1.1409,1.1409,1.1409,1.1409,0.0
2022-01-16 00:00:00,1.14118,1.14156,1.14056,1.14112,2648.60009765625
2022-01-17 00:00:00,1.14111,1.14344,1.13917,1.141,48767.28515625
2022-01-18 00:00:00,1.14099,1.14214,1.13146,1.13286,89386.6328125
2022-01-19 00:00:00,1.13289,1.13571,1.13187,1.13429,71207.7578125
2022-01-20 00:00:00,1.13427,1.13688,1.13031,1.13128,76293.3125
2022-01-21 00:00:00,1.13129,1.13596,1.13009,1.13418,70294.9296875
2022-01-22 00:00:00,1.13418,1.13418,1.13418,1.13418,0.0
2022-01-23 00:00:00,1.13396,1.1345,1.13365,1.13409,3555.840087890625
2022-01-24 00:00:00,1.1341,1.1341,1.12904,1.13236,101149.546875
2022-01-25 00:00:00,1.13235,1.1324,1.12631,1.13028,82894.3125
2022-01-26 00:00:00,1.13028,1.13107,1.12354,1.12405,103115.8515625
2022-01-27 00:00:00,1.12405,1.12432,1.11312,1.11445,107559.703125
2022-01-28 00:00:00,1.11446,1.11735,1.11213,1.1145,107494.8203125
2022-01-29 00:00:00,1.1145,1.1145,1.1145,1.1145,0.0
2022-01-30 00:00:00,1.11422,1.11524,1.1138,1.11519,2783.22998046875
2022-01-31 00:00:00,1.11519,1.12478,1.1144,1.12292,97010.7890625
2022-02-01 00:00:00,1.12293,1.12786,1.12209,1.1273,86148.9375
2022-02-02 00:00:00,1.12728,1.133,1.12665,1.12992,69272.6640625
2022-02-03 00:00:00,1.12992,1.14514,1.12672,1.14355,130913.46875
2022-02-04 00:00:00,1.14352,1.14837,1.14115,1.14477,104207.6328125
2022-02-05 00:00:00,1.14477,1.14477,1.14477,1.14477,0.0
2022-02-06 00:00:00,1.14638,1.14646,1.14513,1.14544,2999.389892578125
2022-02-07 00:00:00,1.14545,1.14587,1.14151,1.1441,89963.8671875
2022-02-08 00:00:00,1.14411,1.14487,1.13961,1.14205,76737.4609375
2022-02-09 00:00:00,1.14208,1.14477,1.14024,1.14211,67298.4921875
2022-02-10 00:00:00,1.14211,1.14948,1.13748,1.14112,119376.6875
2022-02-11 00:00:00,1.1411,1.1418,1.13296,1.13463,131907.953125
2022-02-12 00:00:00,1.13463,1.13463,1.13463,1.13463,0.0
2022-02-13 00:00:00,1.13369,1.13672,1.13365,1.13643,11039.173828125
2022-02-14 00:00:00,1.13642,1.1369,1.12799,1.13056,119558.1328125
2022-02-15 00:00:00,1.13057,1.13681,1.13031,1.13551,93222.828125
2022-02-16 00:00:00,1.1355,1.13957,1.13449,1.13728,86250.1484375
2022-02-17 00:00:00,1.13726,1.1386,1.1323,1.13637,120507.15625
2022-02-18 00:00:00,1.13636,1.13769,1.1314,1.13203,84897.6484375
2022-02-19 00:00:00,1.13203,1.13203,1.13203,1.13203,0.0
2022-02-20 00:00:00,1.13186,1.13253,1.13131,1.13164,4043.844482421875
2022-02-21 00:00:00,1.1317,1.13905,1.12963,1.13092,78902.171875
2022-02-22 00:00:00,1.13092,1.13667,1.1288,1.13287,110971.4296875
2022-02-23 00:00:00,1.13286,1.13588,1.13001,1.13053,70139.265625
2022-02-24 00:00:00,1.13055,1.1306,1.11062,1.11905,224361.484375
2022-02-25 00:00:00,1.11906,1.12739,1.11659,1.12719,142601.25
2022-02-26 00:00:00,1.12719,1.12719,1.12719,1.12719,0.0
2022-02-27 00:00:00,1.11237,1.11882,1.11225,1.118,27451.529296875
2022-02-28 00:00:00,1.11801,1.12464,1.11421,1.12141,172332.203125
2022-03-01 00:00:00,1.1214,1.12329,1.10896,1.11322,142121.03125
2022-03-02 00:00:00,1.11321,1.11437,1.10573,1.11123,167074.15625
2022-03-03 00:00:00,1.11119,1.11152,1.10334,1.10656,108914.7109375
2022-03-04 00:00:00,1.10656,1.10665,1.08856,1.09311,160056.40625
2022-03-05 00:00:00,1.09311,1.09311,1.09311,1.09311,0.0
2022-03-06 00:00:00,1.09199,1.09287,1.08634,1.08736,11048.0
2022-03-07 00:00:00,1.08734,1.09325,1.08059,1.0866,240241.046875
2022-03-08 00:00:00,1.0866,1.09582,1.08489,1.08978,204118.203125
2022-03-09 00:00:00,1.08984,1.10951,1.08965,1.10733,137082.8125
2022-03-10 00:00:00,1.10732,1.11212,1.0976,1.10133,176460.078125
2022-03-11 00:00:00,1.10132,1.10435,1.09018,1.09099,170900.28125
2022-03-12 00:00:00,1.09099,1.09099,1.09099,1.09099,0.0
2022-03-13 00:00:00,1.09205,1.09387,1.09099,1.09316,10330.42578125
2022-03-14 00:00:00,1.09317,1.09938,1.09005,1.09426,193947.21875
2022-03-15 00:00:00,1.09426,1.10196,1.0926,1.09667,230290.78125
2022-03-16 00:00:00,1.09668,1.10466,1.095,1.10214,247695.0625
2022-03-17 00:00:00,1.10216,1.11375,1.10201,1.1099,156209.25
2022-03-18 00:00:00,1.10991,1.11186,1.1003,1.10492,158708.796875
2022-03-19 00:00:00,1.10492,1.10492,1.10492,1.10492,0.0
2022-03-20 00:00:00,1.10561,1.10584,1.10408,1.10424,7806.0517578125
2022-03-21 00:00:00,1.10423,1.10701,1.10102,1.10167,147074.546875
2022-03-22 00:00:00,1.10166,1.10457,1.09608,1.10293,216645.28125
2022-03-23 00:00:00,1.10296,1.10397,1.09639,1.10058,154713.34375
2022-03-24 00:00:00,1.10058,1.10136,1.09659,1.10083,169420.296875
2022-03-25 00:00:00,1.10086,1.10376,1.09797,1.09805,200813.515625
2022-03-26 00:00:00,1.09805,1.09805,1.09805,1.09805,0.0
2022-03-27 00:00:00,1.09845,1.09869,1.09772,1.09812,11802.0595703125
2022-03-28 00:00:00,1.09814,1.09995,1.09446,1.09911,206053.015625
2022-03-29 00:00:00,1.09911,1.1137,1.0969,1.10909,271959.375
2022-03-30 00:00:00,1.1091,1.1171,1.10878,1.11613,275576.15625
2022-03-31 00:00:00,1.11611,1.11848,1.10608,1.10726,186689.65625
2022-04-01 00:00:00,1.10727,1.10757,1.10279,1.10427,185489.515625
2022-04-02 00:00:00,1.10427,1.10427,1.10427,1.10427,0.0
2022-04-03 00:00:00,1.10301,1.10456,1.10301,1.10454,3377.118896484375
2022-04-04 00:00:00,1.10458,1.10544,1.09603,1.09749,91184.046875
2022-04-05 00:00:00,1.09748,1.09886,1.09,1.09058,84877.59375
2022-04-06 00:00:00,1.09058,1.09379,1.08745,1.08975,131970.296875
2022-04-07 00:00:00,1.08975,1.09383,1.08602,1.0864,183585.421875
2022-04-08 00:00:00,1.08638,1.08917,1.08364,1.08744,114940.6484375
2022-04-09 00:00:00,1.08744,1.08744,1.08744,1.08744,0.0
2022-04-10 00:00:00,1.09202,1.09202,1.08841,1.08841,10483.994140625
2022-04-11 00:00:00,1.08842,1.09332,1.08727,1.08769,133205.59375
2022-04-12 00:00:00,1.08769,1.09036,1.08211,1.0826,232661.546875
2022-04-13 00:00:00,1.08259,1.08973,1.08088,1.0895,219749.3125
2022-04-14 00:00:00,1.08951,1.09233,1.07575,1.08209,290588.875
2022-04-15 00:00:00,1.08211,1.08236,1.07964,1.08057,146622.265625
2022-04-16 00:00:00,1.08057,1.08057,1.08057,1.08057,0.0
2022-04-17 00:00:00,1.08029,1.08216,1.08009,1.08139,18369.9296875
2022-04-18 00:00:00,1.08138,1.08156,1.07698,1.07799,146901.765625
2022-04-19 00:00:00,1.07799,1.08145,1.0761,1.07941,191619.296875
2022-04-20 00:00:00,1.07942,1.0867,1.07838,1.08493,157752.5
2022-04-21 00:00:00,1.08491,1.09362,1.08234,1.08349,245183.4375
2022-04-22 00:00:00,1.08349,1.08515,1.07707,1.07947,212066.484375
2022-04-23 00:00:00,1.07947,1.07947,1.07947,1.07947,0.0
2022-04-24 00:00:00,1.08041,1.08153,1.0796,1.08093,13955.35546875
2022-04-25 00:00:00,1.08093,1.08119,1.06966,1.07124,287526.28125
2022-04-26 00:00:00,1.07124,1.07386,1.06348,1.06424,228762.0
2022-04-27 00:00:00,1.06425,1.06546,1.05145,1.05541,252843.84375
2022-04-28 00:00:00,1.05541,1.05647,1.0471,1.05029,273854.3125
2022-04-29 00:00:00,1.05032,1.05928,1.05019,1.05409,218584.703125
2022-04-30 00:00:00,1.05409,1.05409,1.05409,1.05409,0.0
2022-05-01 00:00:00,1.05444,1.05597,1.05343,1.05349,22358.041015625
2022-05-02 00:00:00,1.05347,1.05682,1.04901,1.05096,249807.109375
2022-05-03 00:00:00,1.05095,1.05776,1.04921,1.05251,218568.3125
2022-05-04 00:00:00,1.05252,1.06309,1.05059,1.06202,310246.875
2022-05-05 00:00:00,1.06206,1.06417,1.04925,1.05394,319134.65625
2022-05-06 00:00:00,1.05394,1.05988,1.04826,1.05452,379182.09375
2022-05-07 00:00:00,1.05452,1.05452,1.05452,1.05452,0.0
2022-05-08 00:00:00,1.05398,1.05426,1.05307,1.0532,12168.6298828125
2022-05-09 00:00:00,1.05319,1.05924,1.04951,1.05631,248349.1875
2022-05-10 00:00:00,1.05633,1.05852,1.05253,1.05289,229402.890625
2022-05-11 00:00:00,1.05289,1.05771,1.05017,1.05117,321295.28125
2022-05-12 00:00:00,1.05116,1.05292,1.03539,1.03784,352489.09375
2022-05-13 00:00:00,1.03783,1.04195,1.03496,1.04116,146726.015625
2022-05-14 00:00:00,1.04116,1.04116,1.04116,1.04116,0.0
2022-05-15 00:00:00,1.03952,1.04138,1.03906,1.0398,15217.8984375
2022-05-16 00:00:00,1.03984,1.0443,1.03889,1.0439,194208.203125
2022-05-17 00:00:00,1.0439,1.05556,1.04318,1.05487,237872.234375
2022-05-18 00:00:00,1.05485,1.05636,1.04597,1.04729,143223.4375
2022-05-19 00:00:00,1.04729,1.0607,1.0465,1.05795,271508.53125
2022-05-20 00:00:00,1.05795,1.0599,1.05328,1.0561,178569.453125
2022-05-21 00:00:00,1.0561,1.0561,1.0561,1.0561,0.0
2022-05-22 00:00:00,1.05601,1.05777,1.05552,1.05689,17368.369140625
2022-05-23 00:00:00,1.05688,1.06973,1.05679,1.06837,217196.765625
2022-05-24 00:00:00,1.06836,1.07485,1.06608,1.07326,162452.171875
2022-05-25 00:00:00,1.07326,1.07365,1.06421,1.06869,180347.015625
2022-05-26 00:00:00,1.06866,1.07344,1.06624,1.07324,154686.46875
2022-05-27 00:00:00,1.07324,1.0765,1.06968,1.07317,131310.90625
2022-05-28 00:00:00,1.07317,1.07317,1.07317,1.07317,0.0
2022-05-29 00:00:00,1.07347,1.0736,1.07261,1.0729,8193.330078125
2022-05-30 00:00:00,1.07291,1.07867,1.07267,1.07729,135166.828125
2022-05-31 00:00:00,1.07731,1.07744,1.06789,1.0734,242933.9375
2022-06-01 00:00:00,1.0734,1.07393,1.06271,1.06509,174077.8125
2022-06-02 00:00:00,1.06509,1.0751,1.06447,1.075,125109.171875
2022-06-03 00:00:00,1.075,1.07643,1.0704,1.07169,105040.328125
2022-06-04 00:00:00,1.07169,1.07169,1.07169,1.07169,0.0
2022-06-05 00:00:00,1.07167,1.07298,1.07117,1.07252,8368.669921875
2022-06-06 00:00:00,1.07254,1.07518,1.06838,1.06896,121397.7734375
2022-06-07 00:00:00,1.06896,1.07142,1.06519,1.06972,171174.484375
2022-06-08 00:00:00,1.06975,1.07484,1.06713,1.07168,149952.6875
2022-06-09 00:00:00,1.07168,1.07738,1.0611,1.0619,244857.234375
2022-06-10 00:00:00,1.0619,1.06422,1.05057,1.05137,182108.09375
2022-06-11 00:00:00,1.05137,1.05137,1.05137,1.05137,0.0
2022-06-12 00:00:00,1.0513,1.05201,1.04861,1.04907,29199.986328125
2022-06-13 00:00:00,1.04907,1.04955,1.03997,1.04148,267660.375
2022-06-14 00:00:00,1.04148,1.04846,1.0397,1.04367,254901.1875
2022-06-15 00:00:00,1.04368,1.05077,1.0359,1.04573,389854.71875
2022-06-16 00:00:00,1.04573,1.06014,1.03808,1.05464,331903.34375
2022-06-17 00:00:00,1.05465,1.0552,1.04444,1.04934,272412.0625
2022-06-18 00:00:00,1.04934,1.04934,1.04934,1.04934,0.0
2022-06-19 00:00:00,1.04731,1.04926,1.04729,1.04898,6417.23193359375
2022-06-20 00:00:00,1.04897,1.05458,1.04848,1.05172,158781.75
2022-06-21 00:00:00,1.05173,1.05824,1.05131,1.05312,177035.015625
2022-06-22 00:00:00,1.05311,1.06057,1.04687,1.05646,241049.03125
2022-06-23 00:00:00,1.05646,1.0581,1.04826,1.05192,292499.4375
2022-06-24 00:00:00,1.05192,1.05712,1.0512,1.05519,150660.59375
2022-06-25 00:00:00,1.05519,1.05519,1.05519,1.05519,0.0
2022-06-26 00:00:00,1.05479,1.05746,1.05457,1.05665,13871.3095703125
2022-06-27 00:00:00,1.05665,1.0615,1.05502,1.05797,197796.90625
2022-06-28 00:00:00,1.05797,1.06061,1.05032,1.0522,276169.0
2022-06-29 00:00:00,1.05219,1.05354,1.04352,1.04456,304391.25
2022-06-30 00:00:00,1.04456,1.04887,1.03824,1.04783,261501.59375
2022-07-01 00:00:00,1.04783,1.04783,1.03658,1.04262,165758.90625
2022-07-02 00:00:00,1.04262,1.04262,1.04262,1.04262,0.0
2022-07-03 00:00:00,1.04174,1.0437,1.04142,1.04322,7595.93994140625
2022-07-04 00:00:00,1.04322,1.04627,1.0417,1.04326,166751.046875
2022-07-05 00:00:00,1.04325,1.04485,1.0235,1.02565,287939.84375
2022-07-06 00:00:00,1.02564,1.02765,1.01614,1.01843,259766.9375
2022-07-07 00:00:00,1.01841,1.02209,1.01439,1.01683,117532.0703125
2022-07-08 00:00:00,1.01682,1.01912,1.0072,1.01822,222545.8125
2022-07-09 00:00:00,1.01822,1.01822,1.01822,1.01822,0.0
2022-07-10 00:00:00,1.01697,1.01834,1.01648,1.01672,6178.7529296875
2022-07-11 00:00:00,1.01674,1.01675,1.00336,1.00458,305613.4375
2022-07-12 00:00:00,1.00456,1.00738,0.99999,1.003,340173.65625
2022-07-13 00:00:00,1.003,1.01222,0.99979,1.00342,391916.125
2022-07-14 00:00:00,1.00341,1.00503,0.99521,1.00263,482193.28125
2022-07-15 00:00:00,1.00263,1.00979,1.00068,1.00821,251956.265625
2022-07-16 00:00:00,1.00821,1.00821,1.00821,1.00821,0.0
2022-07-17 00:00:00,1.00811,1.00978,1.00785,1.00972,7999.490234375
2022-07-18 00:00:00,1.00972,1.02011,1.00812,1.01463,227759.515625
2022-07-19 00:00:00,1.01464,1.0269,1.01195,1.02307,284255.71875
2022-07-20 00:00:00,1.02308,1.02729,1.01553,1.01807,216206.1875
2022-07-21 00:00:00,1.01808,1.02781,1.01531,1.022,297965.4375
2022-07-22 00:00:00,1.022,1.02553,1.01297,1.02119,322511.03125
2022-07-23 00:00:00,1.02119,1.02119,1.02119,1.02119,0.0
2022-07-24 00:00:00,1.02083,1.02185,1.01989,1.01991,15456.23046875
2022-07-25 00:00:00,1.01992,1.02578,1.01784,1.02229,311380.78125
2022-07-26 00:00:00,1.02229,1.025,1.01074,1.01285,262714.40625
2022-07-27 00:00:00,1.01285,1.02206,1.00966,1.02052,253451.15625
2022-07-28 00:00:00,1.02052,1.02343,1.01138,1.01918,307912.46875
2022-07-29 00:00:00,1.0192,1.02542,1.0146,1.02248,420713.90625
2022-07-30 00:00:00,1.02248,1.02248,1.02248,1.02248,0.0
2022-07-31 00:00:00,1.02098,1.0224,1.02053,1.02102,22907.787109375
2022-08-01 00:00:00,1.02102,1.02751,1.02075,1.02627,531573.3125
2022-08-02 00:00:00,1.02629,1.02939,1.01545,1.01563,646780.8125
2022-08-03 00:00:00,1.01562,1.02102,1.01226,1.01565,615301.25
2022-08-04 00:00:00,1.01563,1.02537,1.01542,1.02472,464582.03125
2022-08-05 00:00:00,1.02472,1.02482,1.01415,1.01825,376920.3125
2022-08-06 00:00:00,1.01825,1.01825,1.01825,1.01825,0.0
2022-08-07 00:00:00,1.01726,1.01786,1.01691,1.01719,8896.7900390625
2022-08-08 00:00:00,1.01718,1.02217,1.0159,1.01978,229718.109375
2022-08-09 00:00:00,1.01976,1.02472,1.01885,1.02079,248252.984375
2022-08-10 00:00:00,1.02077,1.03685,1.0202,1.02986,430065.34375
2022-08-11 00:00:00,1.02986,1.03642,1.02752,1.03203,481441.4375
2022-08-12 00:00:00,1.03202,1.03251,1.0238,1.0259,399294.09375
2022-08-13 00:00:00,1.0259,1.0259,1.0259,1.0259,0.0
2022-08-14 00:00:00,1.02551,1.02629,1.02534,1.02534,14567.7802734375
2022-08-15 00:00:00,1.02533,1.02682,1.01533,1.01613,402592.0625
2022-08-16 00:00:00,1.01614,1.01948,1.01225,1.01694,420079.15625
2022-08-17 00:00:00,1.01696,1.02029,1.01453,1.01773,433024.0
2022-08-18 00:00:00,1.01774,1.01929,1.00795,1.00893,393070.0
2022-08-19 00:00:00,1.00893,1.00954,1.00318,1.00326,371412.25
2022-08-20 00:00:00,1.00326,1.00326,1.00326,1.00326,0.0
2022-08-21 00:00:00,1.00366,1.00404,1.00302,1.0036,24606.220703125
2022-08-22 00:00:00,1.00361,1.00466,0.9926,0.9938,417896.6875
2022-08-23 00:00:00,0.99381,1.00181,0.99002,0.99662,525663.0
2022-08-24 00:00:00,0.99661,0.99993,0.99099,0.99677,470321.65625
2022-08-25 00:00:00,0.99677,1.00334,0.9949,0.99706,498651.15625
2022-08-26 00:00:00,0.99704,1.00898,0.99463,0.99623,418092.4375
2022-08-27 00:00:00,0.99623,0.99623,0.99623,0.99623,0.0
2022-08-28 00:00:00,0.99657,0.9967,0.99349,0.99359,27554.48046875
2022-08-29 00:00:00,0.99362,1.00291,0.99141,1.00107,408628.9375
2022-08-30 00:00:00,1.00105,1.00547,0.99818,1.00234,539462.4375
2022-08-31 00:00:00,1.00233,1.0079,0.99712,1.0038,558629.5
2022-09-01 00:00:00,1.0038,1.00485,0.99107,0.99514,533883.5
2022-09-02 00:00:00,0.99515,1.00335,0.99449,0.99515,537444.4375
2022-09-03 00:00:00,0.99515,0.99515,0.99515,0.99515,0.0
2022-09-04 00:00:00,0.99285,0.99347,0.9903,0.99077,31957.732421875
2022-09-05 00:00:00,0.99075,0.99518,0.98772,0.995,392830.5625
2022-09-06 00:00:00,0.99501,0.99862,0.98638,0.9897,611605.5
2022-09-07 00:00:00,0.98971,1.00128,0.98756,0.99976,527865.875
2022-09-08 00:00:00,0.99981,1.00294,0.99303,1.00097,512439.25
2022-09-09 00:00:00,1.00096,1.01131,1.00083,1.00425,346953.0
2022-09-10 00:00:00,1.00425,1.00425,1.00425,1.00425,0.0
2022-09-11 00:00:00,1.01039,1.01039,1.00596,1.00702,23794.6796875
2022-09-12 00:00:00,1.00703,1.01977,1.00629,1.0129,387476.28125
2022-09-13 00:00:00,1.0129,1.0187,0.99554,0.99778,549671.3125
2022-09-14 00:00:00,0.99779,1.00234,0.99595,0.9982,635055.5625
2022-09-15 00:00:00,0.99819,1.00177,0.99556,0.99874,491298.75
2022-09-16 00:00:00,0.99876,1.00363,0.99448,1.00146,493561.875
2022-09-17 00:00:00,1.00146,1.00146,1.00146,1.00146,0.0
2022-09-18 00:00:00,1.00072,1.00285,1.00047,1.0022,18417.5
2022-09-19 00:00:00,1.00219,1.00322,0.99657,1.00297,382032.5625
2022-09-20 00:00:00,1.00297,1.00504,0.9955,0.9971,427114.375
2022-09-21 00:00:00,0.9971,0.9975,0.98128,0.98313,652419.3125
2022-09-22 00:00:00,0.98316,0.99074,0.9808,0.98383,784096.1875
2022-09-23 00:00:00,0.98384,0.98517,0.9668,0.96885,704859.6875
2022-09-24 00:00:00,0.96885,0.96885,0.96885,0.96885,0.0
2022-09-25 00:00:00,0.96666,0.97098,0.96666,0.96855,33420.7890625
2022-09-26 00:00:00,0.96854,0.97013,0.95503,0.962,1023484.5
2022-09-27 00:00:00,0.96201,0.96707,0.95689,0.95953,687162.75
2022-09-28 00:00:00,0.95953,0.97508,0.95357,0.97054,964531.1875
2022-09-29 00:00:00,0.97055,0.98437,0.96353,0.98291,712696.0
2022-09-30 00:00:00,0.98292,0.98537,0.97346,0.98013,555819.625
2022-10-01 00:00:00,0.98013,0.98013,0.98013,0.98013,0.0
2022-10-02 00:00:00,0.97933,0.98086,0.97891,0.97932,29276.650390625
2022-10-03 00:00:00,0.97931,0.98445,0.97525,0.98334,702902.125
2022-10-04 00:00:00,0.98335,0.99995,0.9806,0.99836,585299.0
2022-10-05 00:00:00,0.99839,0.99947,0.98346,0.99116,551133.75
2022-10-06 00:00:00,0.99115,0.99264,0.97862,0.97888,715901.0
2022-10-07 00:00:00,0.97888,0.98167,0.97259,0.97388,638962.3125
2022-10-08 00:00:00,0.97388,0.97388,0.97388,0.97388,0.0
2022-10-09 00:00:00,0.97336,0.97395,0.97274,0.97342,28964.69921875
2022-10-10 00:00:00,0.97343,0.97531,0.96815,0.9711,487474.8125
2022-10-11 00:00:00,0.97112,0.97745,0.96698,0.97004,779376.8125
2022-10-12 00:00:00,0.97004,0.97346,0.96678,0.97046,759747.5625
2022-10-13 00:00:00,0.97046,0.98057,0.96315,0.97671,792624.0625
2022-10-14 00:00:00,0.97669,0.98086,0.9707,0.97182,788521.125
2022-10-15 00:00:00,0.97182,0.97182,0.97182,0.97182,0.0
2022-10-16 00:00:00,0.97201,0.9743,0.97182,0.97395,33260.921875
2022-10-17 00:00:00,0.97395,0.9852,0.97197,0.98435,640690.9375
2022-10-18 00:00:00,0.98434,0.98755,0.98124,0.98625,706946.5
2022-10-19 00:00:00,0.98625,0.98667,0.97571,0.97652,669104.5625
2022-10-20 00:00:00,0.97653,0.98454,0.97544,0.97782,713252.75
2022-10-21 00:00:00,0.97785,0.98689,0.97048,0.98613,880018.3125
2022-10-22 00:00:00,0.98613,0.98613,0.98613,0.98613,0.0
2022-10-23 00:00:00,0.98712,0.9899,0.98308,0.98595,85661.5390625
2022-10-24 00:00:00,0.98594,0.98935,0.98067,0.98842,871401.6875
2022-10-25 00:00:00,0.98842,0.99768,0.98484,0.99616,672168.9375
2022-10-26 00:00:00,0.99617,1.00934,0.99434,1.00932,653239.5
2022-10-27 00:00:00,1.00932,1.00934,0.99575,0.99668,603275.375
2022-10-28 00:00:00,0.99668,0.9998,0.99265,0.99631,611405.0
2022-10-29 00:00:00,0.99631,0.99631,0.99631,0.99631,0.0
2022-10-30 00:00:00,0.99464,0.9962,0.99454,0.99543,30263.83984375
2022-10-31 00:00:00,0.99543,0.99656,0.98717,0.98856,450843.40625
2022-11-01 00:00:00,0.98856,0.99539,0.98527,0.98772,409025.53125
2022-11-02 00:00:00,0.98772,0.99757,0.98098,0.98138,586630.625
2022-11-03 00:00:00,0.98141,0.98394,0.97299,0.97488,594813.9375
2022-11-04 00:00:00,0.97491,0.99664,0.97472,0.9956,635651.625
2022-11-05 00:00:00,0.9956,0.9956,0.9956,0.9956,0.0
2022-11-06 00:00:00,0.99036,0.99446,0.99001,0.99281,37536.4296875
2022-11-07 00:00:00,0.99282,1.0034,0.99175,1.00173,584552.5
2022-11-08 00:00:00,1.00172,1.00963,0.99715,1.00804,524208.65625
2022-11-09 00:00:00,1.00804,1.0088,0.99927,1.0019,619189.8125
2022-11-10 00:00:00,1.0019,1.02218,0.99354,1.01914,702955.5
2022-11-11 00:00:00,1.01915,1.0364,1.0163,1.03538,649651.6875
2022-11-12 00:00:00,1.03538,1.03538,1.03538,1.03538,0.0
2022-11-13 00:00:00,1.03354,1.03411,1.03141,1.03266,27155.26953125
2022-11-14 00:00:00,1.03266,1.03584,1.02713,1.03196,630287.875
2022-11-15 00:00:00,1.03196,1.04808,1.02799,1.03572,858243.3125
2022-11-16 00:00:00,1.03574,1.04384,1.03307,1.03932,830625.75
2022-11-17 00:00:00,1.03933,1.04065,1.03051,1.03607,603557.25
2022-11-18 00:00:00,1.03606,1.03959,1.03134,1.03235,532628.3125
2022-11-19 00:00:00,1.03235,1.03235,1.03235,1.03235,0.0
2022-11-20 00:00:00,1.03227,1.0333,1.03213,1.03304,17527.859375
2022-11-21 00:00:00,1.03304,1.03327,1.02227,1.0245,569675.3125
2022-11-22 00:00:00,1.02451,1.03106,1.02417,1.03104,496679.21875
2022-11-23 00:00:00,1.03105,1.04191,1.02963,1.04175,598475.6875
2022-11-24 00:00:00,1.04178,1.04484,1.03816,1.04074,449358.625
2022-11-25 00:00:00,1.04074,1.04291,1.03546,1.03926,468115.59375
2022-11-26 00:00:00,1.03926,1.03926,1.03926,1.03926,0.0
2022-11-27 00:00:00,1.03716,1.03809,1.03653,1.03666,18148.30078125
2022-11-28 00:00:00,1.03667,1.04967,1.033,1.03433,458326.09375
2022-11-29 00:00:00,1.03432,1.03942,1.03188,1.03235,673293.75
2022-11-30 00:00:00,1.03234,1.04299,1.029,1.04229,746345.25
2022-12-01 00:00:00,1.04228,1.05393,1.03929,1.05278,774293.625
2022-12-02 00:00:00,1.05278,1.05448,1.0428,1.05325,680635.5625
2022-12-03 00:00:00,1.05325,1.05325,1.05325,1.05325,0.0
2022-12-04 00:00:00,1.05303,1.05436,1.05303,1.05433,17032.169921875
2022-12-05 00:00:00,1.05437,1.05948,1.048,1.04963,572656.0625
2022-12-06 00:00:00,1.04966,1.05326,1.04591,1.04671,607321.4375
2022-12-07 00:00:00,1.04671,1.05496,1.04431,1.05117,590705.25
2022-12-08 00:00:00,1.05118,1.05647,1.04895,1.05555,527450.375
2022-12-09 00:00:00,1.05554,1.05881,1.05027,1.05316,507626.71875
2022-12-10 00:00:00,1.05316,1.05316,1.05316,1.05316,0.0
2022-12-11 00:00:00,1.05264,1.05372,1.05179,1.05209,12888.0400390625
2022-12-12 00:00:00,1.05209,1.058,1.05057,1.05413,425951.125
2022-12-13 00:00:00,1.05412,1.06731,1.05278,1.06242,501172.40625
2022-12-14 00:00:00,1.06241,1.0695,1.06187,1.06757,535307.4375
2022-12-15 00:00:00,1.06758,1.07361,1.05921,1.06385,538041.5625
2022-12-16 00:00:00,1.06386,1.0663,1.05839,1.05839,457650.9375
2022-12-17 00:00:00,1.05839,1.05839,1.05839,1.05839,0.0
2022-12-18 00:00:00,1.05895,1.05959,1.05824,1.05842,23419.330078125
2022-12-19 00:00:00,1.05842,1.06578,1.05757,1.06121,351935.40625
2022-12-20 00:00:00,1.0612,1.06584,1.05788,1.0625,590165.0
2022-12-21 00:00:00,1.0625,1.06455,1.05901,1.06077,402207.90625
2022-12-22 00:00:00,1.06077,1.06593,1.0573,1.0601,383312.46875
2022-12-23 00:00:00,1.0601,1.06328,1.05867,1.06172,375076.90625
2022-12-24 00:00:00,1.06172,1.06172,1.06172,1.06172,0.0
2022-12-25 00:00:00,1.06114,1.06237,1.06064,1.06191,4623.64990234375
2022-12-26 00:00:00,1.06196,1.06459,1.05979,1.06397,52254.73046875
2022-12-27 00:00:00,1.06398,1.06694,1.06113,1.06369,281483.9375
2022-12-28 00:00:00,1.06369,1.06742,1.06065,1.06288,349688.46875
2022-12-29 00:00:00,1.06287,1.06902,1.06109,1.06601,316411.34375
2022-12-30 00:00:00,1.06602,1.07131,1.06385,1.07026,393454.3125
2022-12-31 00:00:00,1.07026,1.07026,1.07026,1.07026,0.0
2023-01-01 00:00:00,1.0697,1.07066,1.06788,1.07005,7410.3798828125
2023-01-02 00:00:00,1.07007,1.07087,1.06499,1.06765,132616.0625
2023-01-03 00:00:00,1.06764,1.06801,1.05194,1.05455,524145.78125
2023-01-04 00:00:00,1.05453,1.06354,1.0545,1.06061,429927.25
2023-01-05 00:00:00,1.06058,1.06314,1.05148,1.05208,455223.65625
2023-01-06 00:00:00,1.05209,1.0648,1.04823,1.06413,432905.03125
2023-01-07 00:00:00,1.06413,1.06413,1.06413,1.06413,0.0
2023-01-08 00:00:00,1.06406,1.06628,1.06381,1.06627,14276.5400390625
2023-01-09 00:00:00,1.06628,1.07605,1.06513,1.07326,409019.09375
2023-01-10 00:00:00,1.07324,1.07592,1.07119,1.07382,404914.78125
2023-01-11 00:00:00,1.07383,1.07762,1.07254,1.07652,402476.8125
2023-01-12 00:00:00,1.07652,1.08668,1.07297,1.08595,640656.875
2023-01-13 00:00:00,1.08595,1.08679,1.07803,1.08302,480450.84375
2023-01-14 00:00:00,1.08302,1.08302,1.08302,1.08302,0.0
2023-01-15 00:00:00,1.08288,1.0835,1.08201,1.08225,12216.6201171875
2023-01-16 00:00:00,1.08224,1.08741,1.08013,1.08294,296384.84375
2023-01-17 00:00:00,1.08294,1.08693,1.07744,1.07893,489717.3125
2023-01-18 00:00:00,1.07891,1.08873,1.07661,1.07972,365147.59375
2023-01-19 00:00:00,1.07974,1.08398,1.07821,1.08333,211439.65625
2023-01-20 00:00:00,1.08332,1.08587,1.08022,1.08549,156504.046875
2023-01-21 00:00:00,1.08549,1.08549,1.08549,1.08549,0.0
2023-01-22 00:00:00,1.08678,1.08696,1.08611,1.08643,11689.1875
2023-01-23 00:00:00,1.08639,1.09267,1.08461,1.08711,177250.0
2023-01-24 00:00:00,1.08711,1.08978,1.08349,1.08897,320408.125
2023-01-25 00:00:00,1.08899,1.09236,1.08571,1.09206,390895.75
2023-01-26 00:00:00,1.09206,1.09293,1.08505,1.0893,370194.09375
2023-01-27 00:00:00,1.0893,1.09001,1.08377,1.08649,300754.28125
2023-01-28 00:00:00,1.08649,1.08649,1.08649,1.08649,0.0
2023-01-29 00:00:00,1.08643,1.08724,1.08595,1.08717,3631.56005859375
2023-01-30 00:00:00,1.08718,1.09137,1.08389,1.08499,208046.34375
2023-01-31 00:00:00,1.085,1.08747,1.08019,1.08606,309289.71875
2023-02-01 00:00:00,1.08605,1.10327,1.0852,1.10124,460773.5625
2023-02-02 00:00:00,1.10123,1.10266,1.08851,1.09043,479788.59375
2023-02-03 00:00:00,1.09044,1.09399,1.07924,1.07929,509132.0625
2023-02-04 00:00:00,1.07929,1.07929,1.07929,1.07929,0.0
2023-02-05 00:00:00,1.0782,1.07981,1.07817,1.07891,17048.275390625
2023-02-06 00:00:00,1.0789,1.07987,1.07092,1.07289,367723.5
2023-02-07 00:00:00,1.07288,1.07664,1.0669,1.07301,497537.75
2023-02-08 00:00:00,1.07303,1.07607,1.07092,1.07151,341167.375
2023-02-09 00:00:00,1.07152,1.07907,1.07093,1.0739,344332.6875
2023-02-10 00:00:00,1.07391,1.07525,1.06661,1.06754,401909.40625
2023-02-11 00:00:00,1.06754,1.06754,1.06754,1.06754,0.0
2023-02-12 00:00:00,1.06808,1.06821,1.06708,1.06771,9208.849609375
2023-02-13 00:00:00,1.06771,1.07322,1.06553,1.07308,316037.4375
2023-02-14 00:00:00,1.07308,1.08044,1.07066,1.0735,544867.5
2023-02-15 00:00:00,1.07351,1.07443,1.06604,1.06912,441191.375
2023-02-16 00:00:00,1.06913,1.07222,1.06544,1.06653,451026.125
2023-02-17 00:00:00,1.06653,1.06982,1.06126,1.06929,406117.0625
2023-02-18 00:00:00,1.06929,1.06929,1.06929,1.06929,0.0
2023-02-19 00:00:00,1.06849,1.06933,1.06822,1.06838,16735.3203125
2023-02-20 00:00:00,1.0684,1.07044,1.06701,1.06821,221425.515625
2023-02-21 00:00:00,1.06821,1.0698,1.06372,1.06512,444103.5
2023-02-22 00:00:00,1.06513,1.06638,1.05989,1.06053,374775.46875
2023-02-23 00:00:00,1.06053,1.06275,1.05769,1.05972,380038.875
2023-02-24 00:00:00,1.05973,1.06141,1.05359,1.0545,468216.375
2023-02-25 00:00:00,1.0545,1.0545,1.0545,1.0545,0.0
2023-02-26 00:00:00,1.05451,1.0555,1.05439,1.05533,6401.740234375
2023-02-27 00:00:00,1.05533,1.06198,1.05328,1.06094,331453.59375
2023-02-28 00:00:00,1.06094,1.06451,1.05726,1.05766,316241.1875
2023-03-01 00:00:00,1.05767,1.06913,1.05651,1.06684,463407.21875
2023-03-02 00:00:00,1.06684,1.06726,1.05764,1.05983,431361.3125
2023-03-03 00:00:00,1.05982,1.06384,1.05882,1.06337,363851.53125
2023-03-04 00:00:00,1.06337,1.06337,1.06337,1.06337,0.0
2023-03-05 00:00:00,1.06228,1.06288,1.06228,1.06254,8875.9697265625
2023-03-06 00:00:00,1.06255,1.06942,1.06219,1.06854,333209.28125
2023-03-07 00:00:00,1.06853,1.06943,1.0546,1.05481,464536.96875
2023-03-08 00:00:00,1.05482,1.05738,1.05241,1.05488,401590.9375
2023-03-09 00:00:00,1.05488,1.0591,1.05378,1.05856,361174.1875
2023-03-10 00:00:00,1.05855,1.07004,1.05738,1.06387,574189.0
2023-03-11 00:00:00,1.06387,1.06387,1.06387,1.06387,0.0
2023-03-12 00:00:00,1.06808,1.0703,1.0674,1.0681,47134.83203125
2023-03-13 00:00:00,1.06811,1.07484,1.065,1.07228,757345.0625
2023-03-14 00:00:00,1.07228,1.07494,1.06787,1.07267,579266.375
2023-03-15 00:00:00,1.07267,1.07597,1.05158,1.05814,683847.125
2023-03-16 00:00:00,1.05814,1.06353,1.0551,1.06135,609332.75
2023-03-17 00:00:00,1.06136,1.06852,1.06116,1.06647,329402.59375
2023-03-18 00:00:00,1.06647,1.06647,1.06647,1.06647,0.0
2023-03-19 00:00:00,1.06885,1.06886,1.06661,1.06804,12101.3603515625
2023-03-20 00:00:00,1.06806,1.07309,1.06311,1.07185,483794.4375
2023-03-21 00:00:00,1.07185,1.07886,1.07038,1.07727,397985.6875
2023-03-22 00:00:00,1.07725,1.09124,1.0759,1.08688,459070.96875
2023-03-23 00:00:00,1.08689,1.09296,1.0824,1.08345,524225.71875
2023-03-24 00:00:00,1.08347,1.0837,1.07131,1.07566,537575.125
2023-03-25 00:00:00,1.07566,1.07566,1.07566,1.07566,0.0
2023-03-26 00:00:00,1.07752,1.07798,1.07648,1.07776,17995.060546875
2023-03-27 00:00:00,1.07775,1.08076,1.07449,1.08062,334577.4375
2023-03-28 00:00:00,1.08061,1.08485,1.08033,1.08388,332271.40625
2023-03-29 00:00:00,1.0839,1.08713,1.08177,1.08425,306759.3125
2023-03-30 00:00:00,1.08424,1.09262,1.08235,1.09041,286139.3125
2023-03-31 00:00:00,1.0904,1.09257,1.08368,1.08386,347826.25
2023-04-01 00:00:00,1.08386,1.08386,1.08386,1.08386,0.0
2023-04-02 00:00:00,1.08398,1.0844,1.08011,1.08023,19590.869140625
2023-04-03 00:00:00,1.08024,1.09165,1.07882,1.09066,337520.09375
2023-04-04 00:00:00,1.09067,1.09733,1.08828,1.09575,373178.84375
2023-04-05 00:00:00,1.09576,1.09695,1.0891,1.09029,337709.9375
2023-04-06 00:00:00,1.09029,1.09375,1.08845,1.09194,275627.9375
2023-04-07 00:00:00,1.09195,1.0924,1.08762,1.09029,82552.2734375
2023-04-08 00:00:00,1.09029,1.09029,1.09029,1.09029,0.0
2023-04-09 00:00:00,1.0898,1.09134,1.0898,1.09129,9989.509765625
2023-04-10 00:00:00,1.09132,1.09171,1.08313,1.08687,209433.8125
2023-04-11 00:00:00,1.08687,1.09279,1.0867,1.09163,296045.28125
2023-04-12 00:00:00,1.09163,1.10004,1.09147,1.09968,333075.875
2023-04-13 00:00:00,1.09967,1.10676,1.09767,1.10516,295949.25
2023-04-14 00:00:00,1.10517,1.10758,1.09722,1.09922,339943.4375
2023-04-15 00:00:00,1.09922,1.09922,1.09922,1.09922,0.0
2023-04-16 00:00:00,1.09888,1.09942,1.09832,1.09843,10756.23046875
2023-04-17 00:00:00,1.09844,1.09997,1.09091,1.09244,292665.3125
2023-04-18 00:00:00,1.09245,1.09828,1.09222,1.09748,287247.34375
2023-04-19 00:00:00,1.09749,1.0984,1.09172,1.09516,313160.71875
2023-04-20 00:00:00,1.09517,1.09895,1.09334,1.09676,336195.09375
2023-04-21 00:00:00,1.09676,1.09936,1.0938,1.09874,323575.03125
2023-04-22 00:00:00,1.09874,1.09874,1.09874,1.09874,0.0
2023-04-23 00:00:00,1.09913,1.09962,1.09864,1.09916,10191.6103515625
2023-04-24 00:00:00,1.09916,1.1057,1.09658,1.1057,295865.96875
2023-04-25 00:00:00,1.10573,1.1067,1.09641,1.09779,344205.78125
2023-04-26 00:00:00,1.09778,1.10952,1.09683,1.1045,394510.6875
2023-04-27 00:00:00,1.1045,1.10634,1.0992,1.10315,345804.15625
2023-04-28 00:00:00,1.10315,1.10449,1.09624,1.10144,413651.90625
2023-04-29 00:00:00,1.10144,1.10144,1.10144,1.10144,0.0
2023-04-30 00:00:00,1.1024,1.1027,1.101,1.10105,12342.7998046875
2023-05-01 00:00:00,1.10106,1.10355,1.09643,1.09687,245771.453125
2023-05-02 00:00:00,1.09687,1.10137,1.09422,1.10107,354493.84375
2023-05-03 00:00:00,1.1011,1.10916,1.10048,1.10685,406548.625
2023-05-04 00:00:00,1.10686,1.10917,1.0986,1.10229,451732.59375
2023-05-05 00:00:00,1.10229,1.10477,1.09667,1.10162,331816.4375
2023-05-06 00:00:00,1.10162,1.10162,1.10162,1.10162,0.0
2023-05-07 00:00:00,1.10209,1.10228,1.10141,1.10181,11067.4697265625
2023-05-08 00:00:00,1.10182,1.10535,1.09953,1.09965,248384.265625
2023-05-09 00:00:00,1.09962,1.10007,1.0941,1.09645,276978.90625
2023-05-10 00:00:00,1.09644,1.10068,1.09414,1.09824,322000.3125
2023-05-11 00:00:00,1.09826,1.09981,1.09,1.09122,366860.15625
2023-05-12 00:00:00,1.09122,1.09354,1.08476,1.08477,269783.34375
2023-05-13 00:00:00,1.08477,1.08477,1.08477,1.08477,0.0
2023-05-14 00:00:00,1.0861,1.08618,1.08453,1.08527,7661.4599609375
2023-05-15 00:00:00,1.08526,1.08908,1.0848,1.08735,266445.8125
2023-05-16 00:00:00,1.08736,1.09046,1.0855,1.08653,328214.0
2023-05-17 00:00:00,1.08653,1.08736,1.08102,1.08378,327769.9375
2023-05-18 00:00:00,1.08377,1.08479,1.07624,1.07749,315434.65625
2023-05-19 00:00:00,1.07749,1.08287,1.076,1.08019,358651.875
2023-05-20 00:00:00,1.08019,1.08019,1.08019,1.08019,0.0
2023-05-21 00:00:00,1.08043,1.08241,1.08043,1.08218,8384.08984375
2023-05-22 00:00:00,1.08219,1.08313,1.07955,1.08104,337025.5
2023-05-23 00:00:00,1.08105,1.08204,1.07601,1.07691,330235.0625
2023-05-24 00:00:00,1.0769,1.08012,1.07421,1.07555,385449.875
2023-05-25 00:00:00,1.07556,1.07556,1.07073,1.07234,357658.46875
2023-05-26 00:00:00,1.07233,1.07585,1.07018,1.07227,330324.46875
2023-05-27 00:00:00,1.07227,1.07227,1.07227,1.07227,0.0
2023-05-28 00:00:00,1.07201,1.07292,1.07158,1.07214,11618.830078125
2023-05-29 00:00:00,1.07214,1.07434,1.07054,1.07067,140625.71875
2023-05-30 00:00:00,1.07067,1.07465,1.06725,1.07316,333132.28125
2023-05-31 00:00:00,1.07316,1.07356,1.06352,1.06933,330368.625
2023-06-01 00:00:00,1.06934,1.07684,1.06617,1.07604,336325.03125
2023-06-02 00:00:00,1.07603,1.07789,1.0705,1.07063,292329.09375
2023-06-03 00:00:00,1.07063,1.07063,1.07063,1.07063,0.0
2023-06-04 00:00:00,1.07098,1.07107,1.06937,1.06967,12345.900390625
2023-06-05 00:00:00,1.0697,1.07224,1.06744,1.07113,254750.28125
2023-06-06 00:00:00,1.07112,1.07328,1.06669,1.06984,241590.15625
2023-06-07 00:00:00,1.06985,1.07396,1.06682,1.07069,250364.953125
2023-06-08 00:00:00,1.0707,1.07869,1.07009,1.07818,255503.28125
2023-06-09 00:00:00,1.07819,1.0785,1.07428,1.07456,223916.5625
2023-06-10 00:00:00,1.07456,1.07456,1.07456,1.07456,0.0
2023-06-11 00:00:00,1.07459,1.07515,1.07431,1.07499,6871.169921875
2023-06-12 00:00:00,1.07499,1.079,1.0733,1.07622,261315.703125
2023-06-13 00:00:00,1.07621,1.08234,1.07591,1.07895,300967.28125
2023-06-14 00:00:00,1.07896,1.0864,1.07739,1.08427,306830.875
2023-06-15 00:00:00,1.08427,1.09525,1.08036,1.09455,317371.6875
2023-06-16 00:00:00,1.09455,1.09704,1.09178,1.09376,291957.1875
2023-06-17 00:00:00,1.09376,1.09376,1.09376,1.09376,0.0
2023-06-18 00:00:00,1.09302,1.09429,1.09301,1.09397,7841.85986328125
2023-06-19 00:00:00,1.09398,1.09462,1.0907,1.09235,197192.78125
2023-06-20 00:00:00,1.09234,1.09461,1.08921,1.09198,343024.15625
2023-06-21 00:00:00,1.09197,1.09923,1.09058,1.09915,352557.21875
2023-06-22 00:00:00,1.09916,1.10122,1.09485,1.09554,332281.5
2023-06-23 00:00:00,1.09555,1.09585,1.08443,1.08905,340811.46875
2023-06-24 00:00:00,1.08905,1.08905,1.08905,1.08905,0.0
2023-06-25 00:00:00,1.09042,1.0907,1.08978,1.09062,15091.849609375
2023-06-26 00:00:00,1.09064,1.092,1.08873,1.09099,265861.96875
2023-06-27 00:00:00,1.09097,1.09766,1.09021,1.09575,333943.96875
2023-06-28 00:00:00,1.09574,1.09621,1.08968,1.09151,345603.6875
2023-06-29 00:00:00,1.09151,1.09414,1.08601,1.08673,345963.0625
2023-06-30 00:00:00,1.08673,1.09317,1.08352,1.09095,361727.71875
2023-07-01 00:00:00,1.09095,1.09095,1.09095,1.09095,0.0
2023-07-02 00:00:00,1.09094,1.0913,1.09064,1.09075,8639.25
2023-07-03 00:00:00,1.09075,1.09339,1.08702,1.09128,282266.21875
2023-07-04 00:00:00,1.09127,1.09163,1.08768,1.08824,164440.125
2023-07-05 00:00:00,1.08827,1.09078,1.08509,1.08551,288019.59375
2023-07-06 00:00:00,1.08554,1.09006,1.08337,1.08896,399617.5
2023-07-07 00:00:00,1.08895,1.09731,1.08669,1.09646,357005.65625
2023-07-08 00:00:00,1.09646,1.09646,1.09646,1.09646,0.0
2023-07-09 00:00:00,1.09593,1.09697,1.09563,1.09669,12034.099609375
2023-07-10 00:00:00,1.0967,1.10058,1.09434,1.10052,306352.90625
2023-07-11 00:00:00,1.10053,1.10269,1.09768,1.10136,304282.1875
2023-07-12 00:00:00,1.10137,1.11405,1.10119,1.11405,368371.03125
2023-07-13 00:00:00,1.11406,1.12296,1.11298,1.12234,356645.9375
2023-07-14 00:00:00,1.12235,1.12448,1.12041,1.12235,334041.75
2023-07-15 00:00:00,1.12235,1.12235,1.12235,1.12235,0.0
2023-07-16 00:00:00,1.12284,1.1234,1.12232,1.12273,9704.01953125
2023-07-17 00:00:00,1.12271,1.12487,1.12033,1.12373,216791.09375
2023-07-18 00:00:00,1.12374,1.12756,1.12089,1.12281,349562.375
2023-07-19 00:00:00,1.12282,1.124,1.11742,1.12049,334472.53125
2023-07-20 00:00:00,1.12048,1.12291,1.11184,1.11344,312279.4375
2023-07-21 00:00:00,1.11345,1.11449,1.11079,1.11244,266379.375
2023-07-22 00:00:00,1.11244,1.11244,1.11244,1.11244,0.0
2023-07-23 00:00:00,1.11197,1.11321,1.11197,1.11243,6832.93994140625
2023-07-24 00:00:00,1.11244,1.11469,1.10597,1.1063,328370.875
2023-07-25 00:00:00,1.1063,1.10868,1.10207,1.10499,305316.96875
2023-07-26 00:00:00,1.105,1.11066,1.10377,1.10779,358697.375
2023-07-27 00:00:00,1.10778,1.11496,1.09658,1.09781,479071.78125
2023-07-28 00:00:00,1.0978,1.10475,1.09435,1.10125,430192.0625
2023-07-29 00:00:00,1.10125,1.10125,1.10125,1.10125,0.0
2023-07-30 00:00:00,1.10206,1.10282,1.10095,1.10238,8122.85986328125
2023-07-31 00:00:00,1.10239,1.10458,1.09931,1.09966,302688.875
2023-08-01 00:00:00,1.09967,1.10192,1.09523,1.10075,308942.34375
2023-08-02 00:00:00,1.10078,1.1008,1.09178,1.09435,372278.65625
2023-08-03 00:00:00,1.09433,1.09628,1.09122,1.0951,397523.65625
2023-08-04 00:00:00,1.09509,1.10419,1.09349,1.10029,349194.53125
2023-08-05 00:00:00,1.10029,1.10029,1.10029,1.10029,0.0
2023-08-06 00:00:00,1.10141,1.10151,1.1001,1.10024,12282.990234375
2023-08-07 00:00:00,1.10024,1.10117,1.09654,1.10026,229154.296875
2023-08-08 00:00:00,1.10026,1.10111,1.0929,1.09592,308568.71875
2023-08-09 00:00:00,1.09592,1.09953,1.09552,1.09771,275670.625
2023-08-10 00:00:00,1.09771,1.1065,1.09673,1.09815,358179.6875
2023-08-11 00:00:00,1.09815,1.10049,1.09429,1.09433,295037.15625
2023-08-12 00:00:00,1.09433,1.09433,1.09433,1.09433,0.0
2023-08-13 00:00:00,1.09493,1.09517,1.09401,1.09432,6858.7099609375
2023-08-14 00:00:00,1.09431,1.096,1.08747,1.09077,301227.46875
2023-08-15 00:00:00,1.09076,1.09524,1.08969,1.09038,338767.46875
2023-08-16 00:00:00,1.09038,1.09345,1.08714,1.08743,306112.40625
2023-08-17 00:00:00,1.08744,1.0918,1.08563,1.08743,247696.40625
2023-08-18 00:00:00,1.08742,1.08938,1.0845,1.08678,281368.6875
2023-08-19 00:00:00,1.08678,1.08678,1.08678,1.08678,0.0
2023-08-20 00:00:00,1.08672,1.08785,1.08664,1.08749,7350.9501953125
2023-08-21 00:00:00,1.08747,1.09136,1.08695,1.08975,246257.703125
2023-08-22 00:00:00,1.08974,1.09303,1.08329,1.08464,238743.453125
2023-08-23 00:00:00,1.08465,1.08713,1.08025,1.08654,302015.5
2023-08-24 00:00:00,1.08655,1.08764,1.07928,1.0799,259027.0
2023-08-25 00:00:00,1.07989,1.08417,1.07658,1.07906,279186.6875
2023-08-26 00:00:00,1.07906,1.07906,1.07906,1.07906,0.0
2023-08-27 00:00:00,1.07957,1.0801,1.07933,1.07968,8922.9697265625
2023-08-28 00:00:00,1.07969,1.08298,1.07961,1.08255,187948.640625
2023-08-29 00:00:00,1.08255,1.08919,1.07822,1.08691,276132.65625
2023-08-30 00:00:00,1.08691,1.09454,1.08551,1.09294,306989.625
2023-08-31 00:00:00,1.09292,1.09394,1.08347,1.08424,277059.0
2023-09-01 00:00:00,1.08422,1.08819,1.07716,1.07717,290722.59375
2023-09-02 00:00:00,1.07717,1.07717,1.07717,1.07717,0.0
2023-09-03 00:00:00,1.07748,1.07815,1.07716,1.07756,5037.4599609375
2023-09-04 00:00:00,1.07758,1.08087,1.07731,1.07913,125170.5234375
2023-09-05 00:00:00,1.07912,1.07982,1.07062,1.07244,284976.09375
2023-09-06 00:00:00,1.07246,1.07488,1.07025,1.07238,272315.1875
2023-09-07 00:00:00,1.07238,1.07317,1.06861,1.06973,220591.546875
2023-09-08 00:00:00,1.06975,1.07438,1.06941,1.06974,249996.453125
2023-09-09 00:00:00,1.06974,1.06974,1.06974,1.06974,0.0
2023-09-10 00:00:00,1.07147,1.07204,1.07075,1.07162,10922.3798828125
2023-09-11 00:00:00,1.07165,1.07593,1.07099,1.07476,222001.234375
2023-09-12 00:00:00,1.07476,1.07692,1.07055,1.07531,224377.734375
2023-09-13 00:00:00,1.0753,1.07648,1.0711,1.07327,303261.84375
2023-09-14 00:00:00,1.07327,1.07521,1.06318,1.0635,319678.1875
2023-09-15 00:00:00,1.06349,1.06877,1.06332,1.06576,253386.890625
2023-09-16 00:00:00,1.06576,1.06576,1.06576,1.06576,0.0
2023-09-17 00:00:00,1.06588,1.0669,1.06578,1.06679,5661.080078125
2023-09-18 00:00:00,1.0668,1.06986,1.06546,1.06919,192605.828125
2023-09-19 00:00:00,1.06918,1.0718,1.06746,1.06813,193391.09375
2023-09-20 00:00:00,1.06814,1.07368,1.06478,1.06498,281368.5625
2023-09-21 00:00:00,1.06498,1.06734,1.06167,1.06603,312974.1875
2023-09-22 00:00:00,1.06603,1.06716,1.0615,1.06419,262651.21875
2023-09-23 00:00:00,1.06419,1.06419,1.06419,1.06419,0.0
2023-09-24 00:00:00,1.06513,1.06518,1.06424,1.06482,7854.3798828125
2023-09-25 00:00:00,1.06482,1.06555,1.05753,1.05912,224163.203125
2023-09-26 00:00:00,1.05912,1.0609,1.0562,1.05691,237552.0625
2023-09-27 00:00:00,1.05691,1.0574,1.0488,1.05052,299983.875
2023-09-28 00:00:00,1.05053,1.05788,1.0491,1.05621,344744.6875
2023-09-29 00:00:00,1.05622,1.06169,1.05579,1.05694,313679.65625
2023-09-30 00:00:00,1.05694,1.05694,1.05694,1.05694,0.0
2023-10-01 00:00:00,1.05672,1.05721,1.05578,1.0564,12294.2802734375
2023-10-02 00:00:00,1.05641,1.05919,1.04752,1.04798,288263.78125
2023-10-03 00:00:00,1.04798,1.04933,1.04483,1.04686,318485.1875
2023-10-04 00:00:00,1.04684,1.05321,1.04514,1.05069,333178.3125
2023-10-05 00:00:00,1.05068,1.05518,1.05,1.05462,296469.625
2023-10-06 00:00:00,1.05463,1.05999,1.04824,1.05828,379225.96875
2023-10-07 00:00:00,1.05828,1.05828,1.05828,1.05828,0.0
2023-10-08 00:00:00,1.05529,1.05682,1.05494,1.05661,12822.009765625
2023-10-09 00:00:00,1.05662,1.05796,1.05194,1.05786,235006.234375
2023-10-10 00:00:00,1.05788,1.06198,1.05542,1.06042,374356.25
2023-10-11 00:00:00,1.06043,1.06346,1.05806,1.06234,326301.65625
2023-10-12 00:00:00,1.06234,1.06397,1.05257,1.05355,290358.84375
2023-10-13 00:00:00,1.05358,1.05584,1.04954,1.05073,301277.40625
2023-10-14 00:00:00,1.05073,1.05073,1.05073,1.05073,0.0
2023-10-15 00:00:00,1.05083,1.05253,1.05025,1.0522,12664.0595703125
2023-10-16 00:00:00,1.05221,1.05627,1.05156,1.05543,220112.375
2023-10-17 00:00:00,1.05543,1.05948,1.05328,1.05727,281288.71875
2023-10-18 00:00:00,1.05726,1.05941,1.05231,1.05379,288211.5
2023-10-19 00:00:00,1.05381,1.06163,1.05282,1.05863,362883.15625
2023-10-20 00:00:00,1.05862,1.06035,1.05649,1.05927,263167.9375
2023-10-21 00:00:00,1.05927,1.05927,1.05927,1.05927,0.0
2023-10-22 00:00:00,1.0595,1.05968,1.05883,1.05896,8350.3701171875
2023-10-23 00:00:00,1.05893,1.06779,1.05714,1.06698,268384.3125
2023-10-24 00:00:00,1.06699,1.06942,1.0583,1.05949,270309.125
2023-10-25 00:00:00,1.05952,1.06067,1.05601,1.05661,247538.90625
2023-10-26 00:00:00,1.05661,1.05691,1.05221,1.05638,287134.78125
2023-10-27 00:00:00,1.05637,1.0597,1.05354,1.05605,215605.234375
2023-10-28 00:00:00,1.05605,1.05605,1.05605,1.05605,0.0
2023-10-29 00:00:00,1.05644,1.05749,1.05588,1.05618,7605.18017578125
2023-10-30 00:00:00,1.05618,1.0625,1.05471,1.06138,228351.21875
2023-10-31 00:00:00,1.06139,1.06748,1.05574,1.0578,318746.875
2023-11-01 00:00:00,1.05778,1.05867,1.05167,1.05866,374997.15625
2023-11-02 00:00:00,1.05866,1.06675,1.05837,1.06155,285187.15625
2023-11-03 00:00:00,1.06158,1.07467,1.06146,1.07295,277715.46875
2023-11-04 00:00:00,1.07295,1.07295,1.07295,1.07295,0.0
2023-11-05 00:00:00,1.07232,1.07334,1.07207,1.07313,3880.139892578125
2023-11-06 00:00:00,1.07316,1.07562,1.07149,1.07182,206932.1875
2023-11-07 00:00:00,1.07184,1.07193,1.0664,1.06956,244627.90625
2023-11-08 00:00:00,1.06956,1.0716,1.06593,1.07112,228082.4375
2023-11-09 00:00:00,1.07113,1.07254,1.06601,1.06669,278652.375
2023-11-10 00:00:00,1.06671,1.06927,1.0656,1.06848,223192.046875
2023-11-11 00:00:00,1.06848,1.06848,1.06848,1.06848,0.0
2023-11-12 00:00:00,1.06818,1.06906,1.06799,1.06905,5575.7099609375
2023-11-13 00:00:00,1.06902,1.07061,1.0665,1.07012,184355.6875
2023-11-14 00:00:00,1.07013,1.08875,1.06928,1.08777,298120.40625
2023-11-15 00:00:00,1.08776,1.08858,1.08315,1.08541,276391.78125
2023-11-16 00:00:00,1.08542,1.08955,1.083,1.08529,261803.15625
2023-11-17 00:00:00,1.0853,1.09148,1.08247,1.09138,256575.609375
2023-11-18 00:00:00,1.09138,1.09138,1.09138,1.09138,0.0
2023-11-19 00:00:00,1.09095,1.0911,1.09054,1.09055,6802.85009765625
2023-11-20 00:00:00,1.09054,1.09517,1.08974,1.09446,229176.875
2023-11-21 00:00:00,1.09447,1.09651,1.09001,1.09169,266621.21875
2023-11-22 00:00:00,1.0917,1.09229,1.08522,1.08878,290509.21875
2023-11-23 00:00:00,1.0888,1.09303,1.0887,1.09038,158985.84375
2023-11-24 00:00:00,1.09037,1.09486,1.08949,1.09341,176773.265625
2023-11-25 00:00:00,1.09341,1.09341,1.09341,1.09341,0.0
2023-11-26 00:00:00,1.09438,1.09474,1.09384,1.09396,4636.0
2023-11-27 00:00:00,1.09397,1.09592,1.09251,1.09589,246260.59375
2023-11-28 00:00:00,1.09589,1.10088,1.09344,1.10039,294814.3125
2023-11-29 00:00:00,1.10041,1.10171,1.09601,1.09732,317981.375
2023-11-30 00:00:00,1.09731,1.09838,1.08794,1.08916,339794.75
2023-12-01 00:00:00,1.08917,1.09127,1.08287,1.08788,340589.6875
2023-12-02 00:00:00,1.08788,1.08788,1.08788,1.08788,0.0
2023-12-03 00:00:00,1.08771,1.08948,1.08766,1.08857,14945.9296875
2023-12-04 00:00:00,1.08858,1.08865,1.0804,1.08373,306548.78125
2023-12-05 00:00:00,1.08373,1.08474,1.07781,1.07932,336612.96875
2023-12-06 00:00:00,1.07933,1.08047,1.07586,1.07661,269724.09375
2023-12-07 00:00:00,1.07664,1.08175,1.07552,1.07895,351043.25
2023-12-08 00:00:00,1.07896,1.08005,1.07236,1.07592,364118.03125
2023-12-09 00:00:00,1.07592,1.07592,1.07592,1.07592,0.0
2023-12-10 00:00:00,1.07592,1.07676,1.07556,1.07651,3853.2900390625
2023-12-11 00:00:00,1.07653,1.07789,1.07415,1.07653,234562.125
2023-12-12 00:00:00,1.07653,1.08279,1.07612,1.07982,278615.875
2023-12-13 00:00:00,1.07983,1.08965,1.07731,1.08825,340496.25
2023-12-14 00:00:00,1.08826,1.10092,1.08791,1.09932,482539.5625
2023-12-15 00:00:00,1.09934,1.10036,1.08885,1.08922,358983.125
2023-12-16 00:00:00,1.08922,1.08922,1.08922,1.08922,0.0
2023-12-17 00:00:00,1.08973,1.0898,1.0892,1.08948,6411.22021484375
2023-12-18 00:00:00,1.08948,1.09311,1.08939,1.09231,246913.625
2023-12-19 00:00:00,1.09231,1.09873,1.09148,1.09792,282074.8125
2023-12-20 00:00:00,1.09793,1.09793,1.09298,1.09432,263444.4375
2023-12-21 00:00:00,1.09433,1.10125,1.09352,1.10056,349869.59375
2023-12-22 00:00:00,1.10057,1.10401,1.09938,1.10135,348653.40625
2023-12-23 00:00:00,1.10135,1.10135,1.10135,1.10135,0.0
2023-12-24 00:00:00,1.10108,1.10159,1.10108,1.10149,94.5
2023-12-25 00:00:00,1.10149,1.1023,1.09933,1.10186,7792.97998046875
2023-12-26 00:00:00,1.10187,1.1045,1.10085,1.10422,182196.296875
2023-12-27 00:00:00,1.10422,1.11226,1.10286,1.11082,208841.1875
2023-12-28 00:00:00,1.11081,1.11394,1.10552,1.10677,272568.59375
2023-12-29 00:00:00,1.10678,1.10842,1.10339,1.10374,293551.4375
2023-12-30 00:00:00,1.10374,1.10374,1.10374,1.10374,0.0
2023-12-31 00:00:00,1.10374,1.10374,1.10374,1.10374,0.0
2024-01-01 00:00:00,1.10427,1.10447,1.10356,1.10365,3923.9599609375
2024-01-02 00:00:00,1.10366,1.10432,1.09375,1.09416,277225.3125
2024-01-03 00:00:00,1.09416,1.09654,1.08929,1.09258,327367.4375
2024-01-04 00:00:00,1.09259,1.09721,1.0916,1.09462,281486.65625
2024-01-05 00:00:00,1.09461,1.09984,1.08767,1.09392,356942.4375
2024-01-06 00:00:00,1.09392,1.09392,1.09392,1.09392,0.0
2024-01-07 00:00:00,1.09386,1.09456,1.09349,1.09415,4674.3701171875
2024-01-08 00:00:00,1.09413,1.09788,1.09226,1.09497,252675.203125
2024-01-09 00:00:00,1.09497,1.09663,1.09103,1.09317,275837.0
2024-01-10 00:00:00,1.09316,1.09747,1.09228,1.0974,257606.65625
2024-01-11 00:00:00,1.09742,1.1,1.09302,1.09824,419645.9375
2024-01-12 00:00:00,1.09823,1.09868,1.09359,1.09483,308572.625
2024-01-13 00:00:00,1.09483,1.09483,1.09483,1.09483,0.0
2024-01-14 00:00:00,1.0948,1.09502,1.0944,1.09451,5573.33984375
2024-01-15 00:00:00,1.09451,1.09675,1.09335,1.09449,200078.96875
2024-01-16 00:00:00,1.09447,1.09461,1.0862,1.08784,397047.03125
2024-01-17 00:00:00,1.08786,1.0886,1.08445,1.0886,342285.125
2024-01-18 00:00:00,1.08861,1.09067,1.08466,1.08799,365222.90625
2024-01-19 00:00:00,1.088,1.08983,1.08656,1.0896,258487.703125
2024-01-20 00:00:00,1.0896,1.0896,1.0896,1.0896,0.0
2024-01-21 00:00:00,1.08906,1.08976,1.08878,1.0892,5146.0
2024-01-22 00:00:00,1.0892,1.09094,1.08768,1.08772,233830.140625
2024-01-23 00:00:00,1.08776,1.09162,1.08215,1.08572,278337.1875
2024-01-24 00:00:00,1.08573,1.09323,1.08514,1.0881,357244.5
2024-01-25 00:00:00,1.08811,1.09018,1.08216,1.08454,364079.34375
2024-01-26 00:00:00,1.08455,1.08854,1.08128,1.08504,288642.46875
2024-01-27 00:00:00,1.08504,1.08504,1.08504,1.08504,0.0
2024-01-28 00:00:00,1.08468,1.0849,1.08414,1.08422,11513.1298828125
2024-01-29 00:00:00,1.08423,1.085,1.07958,1.08336,221235.796875
2024-01-30 00:00:00,1.08336,1.08573,1.08119,1.08428,289288.9375
2024-01-31 00:00:00,1.08429,1.08874,1.07949,1.08039,444658.9375
2024-02-01 00:00:00,1.08039,1.08761,1.07799,1.08742,420186.15625
2024-02-02 00:00:00,1.08741,1.08974,1.07804,1.07849,341685.46875
2024-02-03 00:00:00,1.07849,1.07849,1.07849,1.07849,0.0
2024-02-04 00:00:00,1.07854,1.07858,1.07698,1.07796,10488.330078125
2024-02-05 00:00:00,1.07796,1.07861,1.07231,1.0741,269536.1875
2024-02-06 00:00:00,1.07409,1.07623,1.07225,1.07566,284149.0625
2024-02-07 00:00:00,1.07569,1.07838,1.07556,1.07754,288848.3125
2024-02-08 00:00:00,1.07754,1.07889,1.07416,1.07776,255929.21875
2024-02-09 00:00:00,1.07775,1.07951,1.07621,1.07821,262254.09375
2024-02-10 00:00:00,1.07821,1.07821,1.07821,1.07821,0.0
2024-02-11 00:00:00,1.07767,1.07983,1.07766,1.07979,12133.990234375
2024-02-12 00:00:00,1.0798,1.08055,1.07559,1.07717,197293.6875
2024-02-13 00:00:00,1.07718,1.07985,1.07005,1.07083,294618.09375
2024-02-14 00:00:00,1.07083,1.07344,1.06949,1.07319,257117.265625
2024-02-15 00:00:00,1.07321,1.07847,1.07246,1.07726,300766.8125
2024-02-16 00:00:00,1.07726,1.07874,1.07319,1.07749,261144.0625
2024-02-17 00:00:00,1.07749,1.07749,1.07749,1.07749,0.0
2024-02-18 00:00:00,1.07718,1.0785,1.07718,1.0784,4106.93017578125
2024-02-19 00:00:00,1.07838,1.07894,1.07621,1.07754,127185.5625
2024-02-20 00:00:00,1.07753,1.08387,1.07615,1.08098,277768.625
2024-02-21 00:00:00,1.081,1.08243,1.07899,1.08202,247378.828125
2024-02-22 00:00:00,1.08201,1.08882,1.08026,1.08253,232500.546875
2024-02-23 00:00:00,1.08253,1.08395,1.08117,1.08174,176731.015625
2024-02-24 00:00:00,1.08174,1.08174,1.08174,1.08174,0.0
2024-02-25 00:00:00,1.08318,1.08322,1.08182,1.0819,3850.14990234375
2024-02-26 00:00:00,1.08188,1.08597,1.08126,1.08503,158873.796875
2024-02-27 00:00:00,1.08504,1.08659,1.0833,1.0841,132221.6875
2024-02-28 00:00:00,1.08411,1.08458,1.07966,1.08383,184660.40625
2024-02-29 00:00:00,1.08384,1.08558,1.07958,1.08055,257108.765625
2024-03-01 00:00:00,1.08055,1.08432,1.07981,1.08368,205237.5
2024-03-02 00:00:00,1.08368,1.08368,1.08368,1.08368,0.0
2024-03-03 00:00:00,1.08359,1.0844,1.0835,1.08416,9784.900390625
2024-03-04 00:00:00,1.08417,1.08667,1.08377,1.08541,149961.515625
2024-03-05 00:00:00,1.0854,1.0876,1.08403,1.08555,160823.34375
2024-03-06 00:00:00,1.08554,1.09153,1.08421,1.08995,194114.359375
2024-03-07 00:00:00,1.08994,1.09513,1.08678,1.09509,201537.9375
2024-03-08 00:00:00,1.0951,1.09812,1.09183,1.09348,222218.984375
2024-03-09 00:00:00,1.09348,1.09348,1.09348,1.09348,0.0
2024-03-10 00:00:00,1.09411,1.09436,1.09359,1.09426,8995.5595703125
2024-03-11 00:00:00,1.09427,1.0948,1.09145,1.09304,177772.8125
2024-03-12 00:00:00,1.09306,1.09438,1.09023,1.09267,267183.1875
2024-03-13 00:00:00,1.09268,1.09638,1.09201,1.0953,227112.703125
2024-03-14 00:00:00,1.09529,1.09547,1.08806,1.08827,250906.984375
2024-03-15 00:00:00,1.08828,1.08996,1.0873,1.08869,182723.53125
2024-03-16 00:00:00,1.08869,1.08869,1.08869,1.08869,0.0
2024-03-17 00:00:00,1.08905,1.08911,1.08817,1.08835,7451.509765625
2024-03-18 00:00:00,1.08836,1.09061,1.08661,1.08732,147342.765625
2024-03-19 00:00:00,1.08732,1.08765,1.08347,1.08616,186297.0625
2024-03-20 00:00:00,1.08617,1.09374,1.08364,1.09373,221949.90625
2024-03-21 00:00:00,1.09373,1.09426,1.08554,1.08618,187206.015625
2024-03-22 00:00:00,1.08622,1.08679,1.08017,1.08065,182000.171875
2024-03-23 00:00:00,1.08065,1.08065,1.08065,1.08065,0.0
2024-03-24 00:00:00,1.08068,1.08104,1.08046,1.08071,4197.02001953125
2024-03-25 00:00:00,1.08071,1.08424,1.08021,1.0837,140109.71875
2024-03-26 00:00:00,1.0837,1.08643,1.08242,1.08325,149484.765625
2024-03-27 00:00:00,1.08326,1.0839,1.08101,1.08123,149759.90625
2024-03-28 00:00:00,1.08123,1.08265,1.07751,1.07911,196483.265625
2024-03-29 00:00:00,1.07912,1.08051,1.07678,1.07898,166423.828125
2024-03-30 00:00:00,1.07898,1.07898,1.07898,1.07898,0.0
2024-03-31 00:00:00,1.07882,1.07965,1.07848,1.0793,8405.072265625
2024-04-01 00:00:00,1.07932,1.07987,1.07309,1.07372,128463.3203125
2024-04-02 00:00:00,1.0737,1.0779,1.07246,1.07679,188699.125
2024-04-03 00:00:00,1.07678,1.08407,1.0764,1.0838,198946.4375
2024-04-04 00:00:00,1.0838,1.08765,1.08317,1.08364,204810.671875
2024-04-05 00:00:00,1.08363,1.08479,1.07913,1.08352,229596.03125
2024-04-06 00:00:00,1.08352,1.08352,1.08352,1.08352,0.0
2024-04-07 00:00:00,1.08347,1.08379,1.08272,1.08297,6612.669921875
2024-04-08 00:00:00,1.08297,1.08634,1.08208,1.0862,173636.53125
2024-04-09 00:00:00,1.0862,1.0885,1.08477,1.08588,165759.515625
2024-04-10 00:00:00,1.08587,1.08665,1.07288,1.0741,264906.03125
2024-04-11 00:00:00,1.07411,1.07564,1.06992,1.0726,235850.953125
2024-04-12 00:00:00,1.0726,1.07281,1.06226,1.06385,200889.1875
2024-04-13 00:00:00,1.06385,1.06385,1.06385,1.06385,0.0
2024-04-14 00:00:00,1.06352,1.06514,1.06309,1.0646,11819.7998046875
2024-04-15 00:00:00,1.06461,1.06651,1.06202,1.06247,229845.078125
2024-04-16 00:00:00,1.06246,1.06535,1.0601,1.0621,280769.6875
2024-04-17 00:00:00,1.0621,1.06796,1.0606,1.06689,187931.8125
2024-04-18 00:00:00,1.0669,1.069,1.06402,1.06425,177804.28125
2024-04-19 00:00:00,1.06424,1.06775,1.06104,1.06526,282983.21875
2024-04-20 00:00:00,1.06526,1.06526,1.06526,1.06526,0.0
2024-04-21 00:00:00,1.06495,1.06614,1.06456,1.06575,5360.68017578125
2024-04-22 00:00:00,1.06577,1.06706,1.06239,1.06537,132695.953125
2024-04-23 00:00:00,1.06537,1.07112,1.06385,1.07024,181946.03125
2024-04-24 00:00:00,1.07025,1.07142,1.06779,1.06999,148341.796875
2024-04-25 00:00:00,1.07001,1.07402,1.06783,1.07267,185174.203125
2024-04-26 00:00:00,1.07267,1.07527,1.06738,1.06911,178917.015625
2024-04-27 00:00:00,1.06911,1.06911,1.06911,1.06911,0.0
2024-04-28 00:00:00,1.06898,1.0707,1.06898,1.07069,8217.08984375
2024-04-29 00:00:00,1.0707,1.07337,1.06902,1.07147,231955.109375
2024-04-30 00:00:00,1.07146,1.07353,1.06635,1.06659,210579.203125
2024-05-01 00:00:00,1.0666,1.07326,1.06494,1.0717,223286.5625
2024-05-02 00:00:00,1.0717,1.07308,1.06742,1.07298,208141.203125
2024-05-03 00:00:00,1.073,1.08124,1.07243,1.07594,233591.53125
2024-05-04 00:00:00,1.07594,1.07594,1.07594,1.07594,0.0
2024-05-05 00:00:00,1.076,1.07646,1.07575,1.07583,4344.6298828125
2024-05-06 00:00:00,1.07582,1.07907,1.07553,1.07672,124096.3671875
2024-05-07 00:00:00,1.07671,1.07873,1.07473,1.07498,143286.140625
2024-05-08 00:00:00,1.07498,1.07574,1.0735,1.07468,129172.890625
2024-05-09 00:00:00,1.07468,1.07858,1.07239,1.07817,150705.375
2024-05-10 00:00:00,1.07817,1.079,1.07603,1.07694,122836.6796875
2024-05-11 00:00:00,1.07694,1.07694,1.07694,1.07694,0.0
2024-05-12 00:00:00,1.07721,1.07752,1.07663,1.07702,6523.0498046875
2024-05-13 00:00:00,1.07701,1.08068,1.07658,1.0792,112697.046875
2024-05-14 00:00:00,1.07922,1.08256,1.07669,1.08138,124593.0234375
2024-05-15 00:00:00,1.08137,1.08901,1.0813,1.08883,159634.375
2024-05-16 00:00:00,1.08883,1.08949,1.08544,1.08677,139361.296875
2024-05-17 00:00:00,1.08679,1.08784,1.08356,1.08674,109193.78125
2024-05-18 00:00:00,1.08674,1.08674,1.08674,1.08674,0.0
2024-05-19 00:00:00,1.08664,1.08741,1.0864,1.08724,4133.39013671875
2024-05-20 00:00:00,1.08725,1.08844,1.0854,1.08602,110132.5390625
2024-05-21 00:00:00,1.08603,1.08747,1.08425,1.0854,158805.078125
2024-05-22 00:00:00,1.08539,1.08633,1.08174,1.0825,160683.1875
2024-05-23 00:00:00,1.08251,1.0861,1.08048,1.08116,179595.0
2024-05-24 00:00:00,1.08115,1.08578,1.08054,1.0846,118493.78125
2024-05-25 00:00:00,1.0846,1.0846,1.0846,1.0846,0.0
2024-05-26 00:00:00,1.0845,1.08513,1.0843,1.08466,3254.14990234375
2024-05-27 00:00:00,1.08467,1.08674,1.08405,1.08614,85149.0234375
2024-05-28 00:00:00,1.08615,1.0889,1.08511,1.08512,166378.84375
2024-05-29 00:00:00,1.08512,1.08588,1.07996,1.08011,165289.640625
2024-05-30 00:00:00,1.08011,1.08451,1.07883,1.08312,183096.328125
2024-05-31 00:00:00,1.08312,1.08822,1.08112,1.0845,182075.265625
2024-06-01 00:00:00,1.0845,1.0845,1.0845,1.0845,0.0
2024-06-02 00:00:00,1.08462,1.08544,1.08453,1.08526,7738.47021484375
2024-06-03 00:00:00,1.08526,1.09098,1.08278,1.09071,173492.484375
2024-06-04 00:00:00,1.09072,1.0916,1.0859,1.08817,181035.796875
2024-06-05 00:00:00,1.08816,1.08915,1.08544,1.08739,154652.671875
2024-06-06 00:00:00,1.08738,1.0902,1.08619,1.08916,156122.84375
2024-06-07 00:00:00,1.08915,1.09018,1.07993,1.08017,223660.28125
2024-06-08 00:00:00,1.08017,1.08017,1.08017,1.08017,0.0
2024-06-09 00:00:00,1.07783,1.07798,1.07644,1.07788,10918.1396484375
2024-06-10 00:00:00,1.07788,1.07814,1.07327,1.07633,161486.71875
2024-06-11 00:00:00,1.07635,1.07734,1.07194,1.07399,179222.421875
2024-06-12 00:00:00,1.07398,1.08521,1.07346,1.08127,299913.15625
2024-06-13 00:00:00,1.08126,1.08163,1.07328,1.07374,207516.453125
2024-06-14 00:00:00,1.07374,1.07449,1.06676,1.07025,241051.9375
2024-06-15 00:00:00,1.07025,1.07025,1.07025,1.07025,0.0
2024-06-16 00:00:00,1.07028,1.07089,1.06995,1.07025,9709.8095703125
2024-06-17 00:00:00,1.07026,1.0741,1.06863,1.07398,179870.125
2024-06-18 00:00:00,1.074,1.07615,1.07099,1.07386,162470.875
2024-06-19 00:00:00,1.07385,1.07533,1.07248,1.0747,98342.421875
2024-06-20 00:00:00,1.07469,1.07483,1.07012,1.07059,172379.90625
2024-06-21 00:00:00,1.07059,1.07205,1.0671,1.06918,190134.390625
2024-06-22 00:00:00,1.06918,1.06918,1.06918,1.06918,0.0
2024-06-23 00:00:00,1.06849,1.06955,1.06849,1.06877,6850.18017578125
2024-06-24 00:00:00,1.06878,1.07463,1.06837,1.07322,134179.03125
2024-06-25 00:00:00,1.07322,1.07441,1.06906,1.07091,143344.6875
2024-06-26 00:00:00,1.0709,1.07179,1.0666,1.06797,178067.90625
2024-06-27 00:00:00,1.06798,1.07264,1.0677,1.07076,191719.8125
2024-06-28 00:00:00,1.07078,1.07246,1.06852,1.07119,223614.484375
2024-06-29 00:00:00,1.07119,1.07119,1.07119,1.07119,0.0
2024-06-30 00:00:00,1.07438,1.07455,1.0732,1.07349,9805.2001953125
2024-07-01 00:00:00,1.0735,1.07763,1.07197,1.07365,216721.65625
2024-07-02 00:00:00,1.07364,1.07491,1.071,1.0748,184071.1875
2024-07-03 00:00:00,1.0748,1.08168,1.07363,1.0791,182634.234375
2024-07-04 00:00:00,1.0791,1.0814,1.07836,1.08103,93775.859375
2024-07-05 00:00:00,1.08105,1.08426,1.07993,1.0837,202201.375
2024-07-06 00:00:00,1.0837,1.0837,1.0837,1.0837,0.0
2024-07-07 00:00:00,1.08014,1.08329,1.07998,1.08256,15078.6103515625
2024-07-08 00:00:00,1.08255,1.0845,1.08146,1.08305,189898.078125
2024-07-09 00:00:00,1.08307,1.08333,1.08054,1.08142,189245.046875
2024-07-10 00:00:00,1.08142,1.08365,1.08108,1.08333,166144.15625
2024-07-11 00:00:00,1.08332,1.08999,1.08322,1.0874,253734.25
2024-07-12 00:00:00,1.0874,1.09113,1.08617,1.09054,216838.65625
2024-07-13 00:00:00,1.09054,1.09054,1.09054,1.09054,0.0
2024-07-14 00:00:00,1.08852,1.0895,1.08818,1.08856,11550.1103515625
2024-07-15 00:00:00,1.08857,1.09222,1.08833,1.08981,213064.515625
2024-07-16 00:00:00,1.0898,1.09054,1.08715,1.0902,217542.5625
2024-07-17 00:00:00,1.09019,1.0948,1.0895,1.09402,244733.984375
2024-07-18 00:00:00,1.09402,1.09407,1.08935,1.09003,230650.65625
2024-07-19 00:00:00,1.09002,1.09003,1.08756,1.08779,199438.0625
2024-07-20 00:00:00,1.08779,1.08779,1.08779,1.08779,0.0
2024-07-21 00:00:00,1.08861,1.09027,1.08807,1.08988,13140.669921875
2024-07-22 00:00:00,1.08988,1.08998,1.0873,1.08889,192598.125
2024-07-23 00:00:00,1.08888,1.08967,1.08438,1.08496,189405.59375
2024-07-24 00:00:00,1.08495,1.08664,1.08256,1.08378,228190.984375
2024-07-25 00:00:00,1.08379,1.08699,1.08282,1.08513,274995.28125
2024-07-26 00:00:00,1.08514,1.08681,1.0842,1.08547,162987.34375
2024-07-27 00:00:00,1.08547,1.08547,1.08547,1.08547,0.0
2024-07-28 00:00:00,1.08553,1.08599,1.08527,1.08527,8300.3798828125
2024-07-29 00:00:00,1.08524,1.087,1.08028,1.0819,164242.984375
2024-07-30 00:00:00,1.08191,1.08356,1.07982,1.08157,197086.59375
2024-07-31 00:00:00,1.08156,1.08493,1.08019,1.08238,310163.46875
2024-08-01 00:00:00,1.08235,1.08354,1.07774,1.07864,315519.75
2024-08-02 00:00:00,1.07864,1.09265,1.07818,1.09098,360021.5625
2024-08-03 00:00:00,1.09098,1.09098,1.09098,1.09098,0.0
2024-08-04 00:00:00,1.09225,1.09234,1.09028,1.09103,18971.810546875
2024-08-05 00:00:00,1.09104,1.10088,1.08923,1.09505,641533.0
2024-08-06 00:00:00,1.09506,1.09631,1.09037,1.09259,392868.21875
2024-08-07 00:00:00,1.09259,1.09366,1.09053,1.09273,222867.65625
2024-08-08 00:00:00,1.09275,1.09451,1.08814,1.09149,232184.796875
2024-08-09 00:00:00,1.09147,1.09313,1.0909,1.09167,138599.953125
2024-08-10 00:00:00,1.09167,1.09167,1.09167,1.09167,0.0
2024-08-11 00:00:00,1.09142,1.09196,1.091,1.09127,7496.490234375
2024-08-12 00:00:00,1.09125,1.09393,1.09116,1.09361,150361.75
2024-08-13 00:00:00,1.0936,1.09996,1.09137,1.09959,181948.953125
2024-08-14 00:00:00,1.09958,1.10473,1.09863,1.10116,228926.84375
2024-08-15 00:00:00,1.10117,1.10154,1.09495,1.09723,180963.46875
2024-08-16 00:00:00,1.09723,1.10296,1.09718,1.10211,142233.515625
2024-08-17 00:00:00,1.10211,1.10211,1.10211,1.10211,0.0
2024-08-18 00:00:00,1.10265,1.1034,1.10227,1.10246,7464.1201171875
2024-08-19 00:00:00,1.10246,1.10875,1.10231,1.10854,203563.34375
2024-08-20 00:00:00,1.10855,1.11317,1.10719,1.11275,284701.71875
2024-08-21 00:00:00,1.11274,1.1174,1.10992,1.11548,178203.15625
2024-08-22 00:00:00,1.11549,1.11646,1.1098,1.1116,132188.703125
2024-08-23 00:00:00,1.11159,1.12008,1.11055,1.1191,135905.625
2024-08-24 00:00:00,1.1191,1.1191,1.1191,1.1191,0.0
2024-08-25 00:00:00,1.11854,1.11948,1.11854,1.11892,5784.60009765625
2024-08-26 00:00:00,1.11892,1.12015,1.115,1.11644,190717.296875
2024-08-27 00:00:00,1.11646,1.11905,1.11501,1.11769,165115.25
2024-08-28 00:00:00,1.11769,1.118,1.1105,1.11244,191983.71875
2024-08-29 00:00:00,1.11245,1.11399,1.10556,1.108,239697.25
2024-08-30 00:00:00,1.10802,1.1095,1.10438,1.10456,267039.84375
2024-08-31 00:00:00,1.10456,1.10456,1.10456,1.10456,0.0
2024-09-01 00:00:00,1.10462,1.10496,1.1044,1.10446,8172.490234375
2024-09-02 00:00:00,1.10445,1.10773,1.10419,1.1067,133689.734375
2024-09-03 00:00:00,1.10671,1.10702,1.10263,1.10485,254620.53125
2024-09-04 00:00:00,1.10485,1.10951,1.104,1.10801,213760.734375
2024-09-05 00:00:00,1.108,1.11197,1.10746,1.1111,235680.234375
2024-09-06 00:00:00,1.11111,1.11556,1.10656,1.10825,353066.75
2024-09-07 00:00:00,1.10825,1.10825,1.10825,1.10825,0.0
2024-09-08 00:00:00,1.10781,1.10908,1.10781,1.10867,13890.9697265625
2024-09-09 00:00:00,1.10864,1.1091,1.10331,1.10352,207885.90625
2024-09-10 00:00:00,1.10352,1.10496,1.10151,1.102,188020.671875
2024-09-11 00:00:00,1.102,1.10549,1.10019,1.10102,283663.0625
2024-09-12 00:00:00,1.10101,1.10791,1.10055,1.10789,262998.75
2024-09-13 00:00:00,1.10786,1.11017,1.10721,1.10732,226141.625
2024-09-14 00:00:00,1.10732,1.10732,1.10732,1.10732,0.0
2024-09-15 00:00:00,1.10757,1.10894,1.10743,1.10873,8289.98046875
2024-09-16 00:00:00,1.10872,1.11374,1.10867,1.11291,197616.84375
2024-09-17 00:00:00,1.11291,1.11461,1.11109,1.1122,263987.90625
2024-09-18 00:00:00,1.11221,1.11891,1.10966,1.11139,331023.09375
2024-09-19 00:00:00,1.1114,1.11787,1.10683,1.11593,391011.28125
2024-09-20 00:00:00,1.11593,1.11818,1.1136,1.11626,290373.3125
2024-09-21 00:00:00,1.11626,1.11626,1.11626,1.11626,0.0
2024-09-22 00:00:00,1.1158,1.11647,1.1158,1.11591,6471.669921875
2024-09-23 00:00:00,1.11589,1.11672,1.10831,1.11109,266436.90625
2024-09-24 00:00:00,1.1111,1.1191,1.11033,1.11909,261990.0
2024-09-25 00:00:00,1.11907,1.1214,1.11215,1.11296,236810.734375
2024-09-26 00:00:00,1.11297,1.11893,1.11257,1.11769,239758.453125
2024-09-27 00:00:00,1.1177,1.1203,1.11248,1.11619,334313.28125
2024-09-28 00:00:00,1.11619,1.11619,1.11619,1.11619,0.0
2024-09-29 00:00:00,1.11582,1.11723,1.11526,1.11689,8642.0498046875
2024-09-30 00:00:00,1.11688,1.12089,1.11136,1.11365,290774.625
2024-10-01 00:00:00,1.11365,1.11439,1.10458,1.10644,285087.75
2024-10-02 00:00:00,1.10645,1.10828,1.10325,1.10458,259640.671875
2024-10-03 00:00:00,1.10459,1.10468,1.10082,1.10351,326843.3125
2024-10-04 00:00:00,1.1035,1.10395,1.09512,1.09739,274027.8125
2024-10-05 00:00:00,1.09739,1.09739,1.09739,1.09739,0.0
2024-10-06 00:00:00,1.0962,1.09717,1.0962,1.09705,12480.080078125
2024-10-07 00:00:00,1.09705,1.09868,1.09542,1.09742,267158.875
2024-10-08 00:00:00,1.09742,1.09971,1.09608,1.09753,227349.53125
2024-10-09 00:00:00,1.09754,1.09787,1.09362,1.0941,175270.296875
2024-10-10 00:00:00,1.0941,1.09548,1.09,1.09334,275171.15625
2024-10-11 00:00:00,1.09335,1.09537,1.0926,1.09353,178691.71875
2024-10-12 00:00:00,1.09353,1.09353,1.09353,1.09353,0.0
2024-10-13 00:00:00,1.0931,1.09335,1.09221,1.0923,7255.5498046875
2024-10-14 00:00:00,1.09231,1.09366,1.08881,1.0909,172299.828125
2024-10-15 00:00:00,1.0909,1.09167,1.08819,1.08832,171935.265625
2024-10-16 00:00:00,1.08832,1.09014,1.08532,1.08587,182070.0
2024-10-17 00:00:00,1.08588,1.08737,1.0811,1.08291,258621.125
2024-10-18 00:00:00,1.08291,1.08694,1.08274,1.08655,200346.265625
2024-10-19 00:00:00,1.08655,1.08655,1.08655,1.08655,0.0
2024-10-20 00:00:00,1.08605,1.08717,1.08605,1.08681,5088.080078125
2024-10-21 00:00:00,1.08682,1.08688,1.08111,1.08153,185331.8125
2024-10-22 00:00:00,1.08151,1.0838,1.07926,1.07962,195235.15625
2024-10-23 00:00:00,1.07962,1.08066,1.07612,1.07803,236714.84375
2024-10-24 00:00:00,1.07804,1.08298,1.07706,1.08237,255087.984375
2024-10-25 00:00:00,1.08239,1.08392,1.0793,1.07945,156041.890625
2024-10-26 00:00:00,1.07945,1.07945,1.07945,1.07945,0.0
2024-10-27 00:00:00,1.07933,1.08015,1.07866,1.0796,13450.16015625
2024-10-28 00:00:00,1.0796,1.08276,1.07819,1.08176,204877.75
2024-10-29 00:00:00,1.08175,1.08263,1.07688,1.08197,259009.875
2024-10-30 00:00:00,1.08196,1.08713,1.08079,1.08582,295543.71875
2024-10-31 00:00:00,1.08581,1.08881,1.08441,1.08839,280171.09375
2024-11-01 00:00:00,1.08838,1.09057,1.08317,1.08327,277724.84375
2024-11-02 00:00:00,1.08327,1.08327,1.08327,1.08327,0.0
2024-11-03 00:00:00,1.08778,1.08811,1.08719,1.08727,11347.1103515625
2024-11-04 00:00:00,1.08728,1.09147,1.08699,1.08735,265973.125
2024-11-05 00:00:00,1.08736,1.09369,1.08724,1.09339,201794.859375
2024-11-06 00:00:00,1.09338,1.09339,1.06824,1.07315,827139.75
2024-11-07 00:00:00,1.07316,1.08247,1.07129,1.07954,392345.78125
2024-11-08 00:00:00,1.07954,1.07974,1.06868,1.07182,361911.40625
2024-11-09 00:00:00,1.07182,1.07182,1.07182,1.07182,0.0
2024-11-10 00:00:00,1.07093,1.07169,1.07075,1.07132,6688.47998046875
2024-11-11 00:00:00,1.07131,1.07277,1.06286,1.06631,217681.4375
2024-11-12 00:00:00,1.0663,1.06631,1.05951,1.06166,300467.625
2024-11-13 00:00:00,1.06166,1.0654,1.05556,1.05657,300053.4375
2024-11-14 00:00:00,1.05656,1.05825,1.0496,1.05295,378347.6875
2024-11-15 00:00:00,1.05295,1.0593,1.05163,1.05394,365381.3125
2024-11-16 00:00:00,1.05394,1.05394,1.05394,1.05394,0.0
2024-11-17 00:00:00,1.0528,1.05384,1.0528,1.05362,4535.419921875
2024-11-18 00:00:00,1.05362,1.06071,1.05302,1.05945,241144.546875
2024-11-19 00:00:00,1.05945,1.0608,1.05233,1.0607,375095.1875
2024-11-20 00:00:00,1.0607,1.06097,1.05068,1.05456,283601.28125
2024-11-21 00:00:00,1.05457,1.05548,1.04622,1.0469,346410.46875
2024-11-22 00:00:00,1.04689,1.04981,1.03325,1.04193,385064.125
2024-11-23 00:00:00,1.04193,1.04193,1.04193,1.04193,0.0
2024-11-24 00:00:00,1.04806,1.05013,1.04618,1.04793,23692.890625
2024-11-25 00:00:00,1.04792,1.05303,1.04428,1.04437,410984.5625
2024-11-26 00:00:00,1.04437,1.05447,1.0425,1.04918,449962.46875
2024-11-27 00:00:00,1.04918,1.05876,1.04744,1.05619,372116.96875
2024-11-28 00:00:00,1.05619,1.05627,1.05275,1.056,244857.9375
2024-11-29 00:00:00,1.05601,1.05971,1.05414,1.05748,369604.625
2024-11-30 00:00:00,1.05748,1.05748,1.05748,1.05748,0.0
2024-12-01 00:00:00,1.05711,1.05733,1.05336,1.05439,11421.0302734375
2024-12-02 00:00:00,1.05439,1.05463,1.04607,1.05008,432331.28125
2024-12-03 00:00:00,1.05008,1.0535,1.04807,1.05099,356571.625
2024-12-04 00:00:00,1.05098,1.05439,1.04723,1.05123,384114.09375
2024-12-05 00:00:00,1.05124,1.05896,1.05081,1.05865,307284.78125
2024-12-06 00:00:00,1.05864,1.06298,1.05423,1.05673,328132.75
2024-12-07 00:00:00,1.05673,1.05673,1.05673,1.05673,0.0
2024-12-08 00:00:00,1.05544,1.05692,1.05544,1.05656,5853.0498046875
2024-12-09 00:00:00,1.05657,1.05944,1.0532,1.05541,266677.5
2024-12-10 00:00:00,1.05542,1.0568,1.04984,1.05311,254603.40625
2024-12-11 00:00:00,1.05312,1.05393,1.04802,1.05061,331612.71875
2024-12-12 00:00:00,1.05057,1.05308,1.04637,1.04736,244940.03125
2024-12-13 00:00:00,1.04736,1.05241,1.04531,1.05017,177393.6875
2024-12-14 00:00:00,1.05017,1.05017,1.05017,1.05017,0.0
2024-12-15 00:00:00,1.04854,1.05107,1.04847,1.05096,8104.3720703125
2024-12-16 00:00:00,1.05095,1.05247,1.04745,1.0517,205933.359375
2024-12-17 00:00:00,1.0517,1.05343,1.0479,1.04944,148950.125
2024-12-18 00:00:00,1.04943,1.05127,1.03439,1.03506,195102.515625
2024-12-19 00:00:00,1.03506,1.04222,1.03504,1.03643,271645.0
2024-12-20 00:00:00,1.03644,1.04474,1.03429,1.04254,275341.5
2024-12-21 00:00:00,1.04254,1.04254,1.04254,1.04254,0.0
2024-12-22 00:00:00,1.04308,1.04451,1.04279,1.04336,7548.81982421875
2024-12-23 00:00:00,1.04335,1.04452,1.03842,1.0404,210045.546875
2024-12-24 00:00:00,1.04041,1.04098,1.03835,1.03952,145359.390625
2024-12-25 00:00:00,1.03952,1.04106,1.03951,1.03991,5854.89990234375
2024-12-26 00:00:00,1.0399,1.04301,1.03905,1.04216,143620.625
2024-12-27 00:00:00,1.04216,1.0444,1.04049,1.04225,223390.015625
2024-12-28 00:00:00,1.04225,1.04225,1.04225,1.04225,0.0
2024-12-29 00:00:00,1.04247,1.04346,1.04247,1.04292,3144.25
2024-12-30 00:00:00,1.04297,1.04583,1.03717,1.04056,219280.546875
2024-12-31 00:00:00,1.04057,1.04243,1.0344,1.03526,169563.65625
2025-01-01 00:00:00,1.03503,1.03577,1.03462,1.03507,5890.58984375
2025-01-02 00:00:00,1.03508,1.03756,1.02237,1.02678,209224.984375
2025-01-03 00:00:00,1.02679,1.03099,1.02646,1.03066,128869.8828125
2025-01-04 00:00:00,1.03066,1.03066,1.03066,1.03066,0.0
2025-01-05 00:00:00,1.03015,1.0308,1.02932,1.03051,2260.840087890625
2025-01-06 00:00:00,1.03051,1.04367,1.02955,1.03831,239269.765625
2025-01-07 00:00:00,1.03831,1.04343,1.03388,1.03415,263560.53125
2025-01-08 00:00:00,1.03416,1.03575,1.02731,1.03132,312194.59375
2025-01-09 00:00:00,1.03133,1.03214,1.02836,1.02964,208235.265625
2025-01-10 00:00:00,1.02965,1.03118,1.02127,1.024,270304.125
2025-01-11 00:00:00,1.024,1.024,1.024,1.024,0.0
2025-01-12 00:00:00,1.02357,1.02468,1.02357,1.02429,5847.31982421875
2025-01-13 00:00:00,1.0243,1.02774,1.01772,1.02639,248510.703125
2025-01-14 00:00:00,1.02637,1.03086,1.02384,1.03062,195261.40625
2025-01-15 00:00:00,1.03061,1.03544,1.0259,1.0295,233023.84375
2025-01-16 00:00:00,1.0295,1.03149,1.02604,1.03014,249564.828125
2025-01-17 00:00:00,1.03012,1.03306,1.02652,1.0271,234827.984375
2025-01-18 00:00:00,1.0271,1.0271,1.0271,1.0271,0.0
2025-01-19 00:00:00,1.02792,1.02812,1.02663,1.02804,7298.2998046875
2025-01-20 00:00:00,1.02805,1.04342,1.02782,1.04208,233227.78125
2025-01-21 00:00:00,1.04209,1.04353,1.0342,1.04057,212080.953125
2025-01-22 00:00:00,1.04057,1.04573,1.03998,1.04077,173613.21875
2025-01-23 00:00:00,1.04076,1.04378,1.03719,1.04156,183464.765625
2025-01-24 00:00:00,1.04155,1.05213,1.04115,1.04919,197965.890625
2025-01-25 00:00:00,1.04919,1.04919,1.04919,1.04919,0.0
2025-01-26 00:00:00,1.04763,1.04851,1.04651,1.04673,4930.9599609375
2025-01-27 00:00:00,1.04673,1.0533,1.04283,1.04369,249921.953125
2025-01-28 00:00:00,1.04369,1.04564,1.04137,1.04271,183466.71875
2025-01-29 00:00:00,1.04272,1.04434,1.03822,1.04245,208189.5625
2025-01-30 00:00:00,1.04244,1.04677,1.0385,1.03966,189473.203125
2025-01-31 00:00:00,1.03968,1.0434,1.03496,1.03602,233365.765625
2025-02-01 00:00:00,1.03602,1.03602,1.03602,1.03602,0.0
2025-02-02 00:00:00,1.02327,1.02698,1.02324,1.02467,21261.30078125
2025-02-03 00:00:00,1.02467,1.03503,1.02103,1.03279,274498.84375
2025-02-04 00:00:00,1.03279,1.03874,1.02721,1.03712,175607.46875
2025-02-05 00:00:00,1.03712,1.04424,1.03696,1.03985,161834.171875
2025-02-06 00:00:00,1.03985,1.04053,1.03523,1.0385,137304.734375
2025-02-07 00:00:00,1.03849,1.04124,1.03049,1.0326,188258.90625
2025-02-08 00:00:00,1.0326,1.0326,1.0326,1.0326,0.0
2025-02-09 00:00:00,1.02918,1.03134,1.02839,1.03095,8759.4404296875
2025-02-10 00:00:00,1.03096,1.03363,1.02982,1.03005,124362.03125
2025-02-11 00:00:00,1.03006,1.03813,1.02919,1.0363,133877.1875
2025-02-12 00:00:00,1.03638,1.04298,1.03168,1.0392,192947.40625
2025-02-13 00:00:00,1.0392,1.04685,1.03727,1.04614,199525.21875
2025-02-14 00:00:00,1.04614,1.0514,1.0447,1.04913,107842.09375
2025-02-15 00:00:00,1.04913,1.04913,1.04913,1.04913,0.0
2025-02-16 00:00:00,1.04858,1.04938,1.04847,1.04883,2564.389892578125
2025-02-17 00:00:00,1.04886,1.05062,1.04667,1.04848,53758.8046875
2025-02-18 00:00:00,1.04847,1.04862,1.0435,1.04479,75192.390625
2025-02-19 00:00:00,1.0448,1.04613,1.04009,1.04206,111392.359375
2025-02-20 00:00:00,1.04205,1.05054,1.04185,1.05001,155512.3125
2025-02-21 00:00:00,1.04999,1.05047,1.04492,1.0457,152252.171875
2025-02-22 00:00:00,1.0457,1.0457,1.0457,1.0457,0.0
2025-02-23 00:00:00,1.04706,1.04846,1.04618,1.04736,6813.64990234375
2025-02-24 00:00:00,1.04738,1.05282,1.04527,1.04611,162066.65625
2025-02-25 00:00:00,1.04611,1.05227,1.0456,1.05204,162941.3125
2025-02-26 00:00:00,1.05205,1.05287,1.04747,1.04876,191228.59375
2025-02-27 00:00:00,1.04877,1.04893,1.03882,1.03936,188834.96875
2025-02-28 00:00:00,1.03936,1.04198,1.03597,1.03747,188454.828125
2025-03-01 00:00:00,1.03747,1.03747,1.03747,1.03747,0.0
2025-03-02 00:00:00,1.04032,1.04208,1.03992,1.04119,8691.6396484375
2025-03-03 00:00:00,1.04119,1.05036,1.03883,1.04851,192931.546875
2025-03-04 00:00:00,1.04851,1.06369,1.04708,1.0623,246473.34375
2025-03-05 00:00:00,1.0623,1.07965,1.06018,1.07941,286728.5625
2025-03-06 00:00:00,1.07942,1.08534,1.07655,1.07871,273702.34375
2025-03-07 00:00:00,1.07872,1.08884,1.0781,1.08292,227488.8125
2025-03-08 00:00:00,1.08292,1.08292,1.08292,1.08292,0.0
2025-03-09 00:00:00,1.08312,1.08653,1.08269,1.086,12990.509765625
2025-03-10 00:00:00,1.08602,1.08744,1.08051,1.0839,218816.25
2025-03-11 00:00:00,1.0839,1.09471,1.08354,1.09136,199731.03125
2025-03-12 00:00:00,1.09137,1.09314,1.08755,1.08852,201519.4375
2025-03-13 00:00:00,1.08852,1.0897,1.08222,1.08548,180282.734375
2025-03-14 00:00:00,1.08543,1.09125,1.08304,1.08765,164343.71875
2025-03-15 00:00:00,1.08765,1.08765,1.08765,1.08765,0.0
2025-03-16 00:00:00,1.08766,1.0885,1.08744,1.08792,6558.41015625
2025-03-17 00:00:00,1.08794,1.09297,1.08685,1.0918,135363.296875
2025-03-18 00:00:00,1.0918,1.09545,1.08924,1.09385,169611.25
2025-03-19 00:00:00,1.09386,1.09449,1.08603,1.09115,172859.484375
2025-03-20 00:00:00,1.09116,1.09171,1.08145,1.08532,162759.859375
2025-03-21 00:00:00,1.08535,1.08611,1.0797,1.08121,155310.40625
2025-03-22 00:00:00,1.08121,1.08121,1.08121,1.08121,0.0
2025-03-23 00:00:00,1.0813,1.08367,1.08115,1.08358,5683.18994140625
2025-03-24 00:00:00,1.08358,1.08579,1.07813,1.08022,160341.84375
2025-03-25 00:00:00,1.08022,1.083,1.07767,1.07888,179609.765625
2025-03-26 00:00:00,1.07889,1.08025,1.07328,1.07409,142166.65625
2025-03-27 00:00:00,1.07411,1.0821,1.07407,1.08006,134263.6875
2025-03-28 00:00:00,1.08005,1.08447,1.07644,1.08237,123196.421875
2025-03-29 00:00:00,1.08237,1.08237,1.08237,1.08237,0.0
2025-03-30 00:00:00,1.08228,1.0829,1.08049,1.08234,11788.919921875
2025-03-31 00:00:00,1.08235,1.08492,1.07838,1.08173,164767.515625
2025-04-01 00:00:00,1.08174,1.08299,1.07782,1.0794,140243.578125
2025-04-02 00:00:00,1.07947,1.09242,1.078,1.09041,173666.40625
2025-04-03 00:00:00,1.09038,1.11462,1.08795,1.1045,298193.125
2025-04-04 00:00:00,1.10448,1.11076,1.09242,1.09573,410175.875
2025-04-05 00:00:00,1.09573,1.09573,1.09573,1.09573,0.0
2025-04-06 00:00:00,1.08894,1.10006,1.08792,1.09832,27775.109375
2025-04-07 00:00:00,1.09833,1.10498,1.09007,1.09146,417091.0625
2025-04-08 00:00:00,1.09147,1.09916,1.08886,1.09773,297855.9375
2025-04-09 00:00:00,1.09771,1.10948,1.09132,1.09507,489370.34375
2025-04-10 00:00:00,1.09504,1.12623,1.09499,1.12576,337371.75
2025-04-11 00:00:00,1.12574,1.14736,1.12466,1.13554,446818.5625
2025-04-12 00:00:00,1.13554,1.13554,1.13554,1.13554,0.0
2025-04-13 00:00:00,1.13108,1.13546,1.13108,1.1342,21988.05078125
2025-04-14 00:00:00,1.13419,1.14244,1.12956,1.1336,257720.3125
2025-04-15 00:00:00,1.1336,1.13789,1.12639,1.12932,228887.859375
2025-04-16 00:00:00,1.1293,1.14127,1.12925,1.13953,253419.390625
2025-04-17 00:00:00,1.13955,1.13967,1.13349,1.13715,202026.1875
2025-04-18 00:00:00,1.13717,1.13972,1.13578,1.13901,408531.09375
2025-04-19 00:00:00,1.13901,1.13901,1.13901,1.13901,0.0
2025-04-20 00:00:00,1.13946,1.14582,1.13925,1.14488,22114.859375
2025-04-21 00:00:00,1.14491,1.15729,1.14488,1.15137,201095.359375
2025-04-22 00:00:00,1.15139,1.1547,1.13077,1.13504,271037.96875
2025-04-23 00:00:00,1.13502,1.14399,1.13102,1.13292,247678.1875
2025-04-24 00:00:00,1.13293,1.13975,1.13212,1.13725,163090.046875
2025-04-25 00:00:00,1.13725,1.13885,1.13155,1.13628,165168.78125
2025-04-26 00:00:00,1.13628,1.13628,1.13628,1.13628,0.0
2025-04-27 00:00:00,1.13636,1.13644,1.13398,1.13448,6614.2998046875
2025-04-28 00:00:00,1.13449,1.14248,1.13292,1.14075,134135.796875
2025-04-29 00:00:00,1.14076,1.14199,1.137,1.13902,151269.890625
2025-04-30 00:00:00,1.13904,1.13994,1.1317,1.13219,170061.375
2025-05-01 00:00:00,1.13221,1.13409,1.12657,1.12955,139110.421875
2025-05-02 00:00:00,1.12955,1.13808,1.1274,1.12946,186873.046875
2025-05-03 00:00:00,1.12946,1.12946,1.12946,1.12946,0.0
2025-05-04 00:00:00,1.12987,1.13278,1.12905,1.1321,8833.25
2025-05-05 00:00:00,1.13212,1.13646,1.12969,1.1312,175679.515625
2025-05-06 00:00:00,1.13121,1.13808,1.12797,1.13397,175577.796875
2025-05-07 00:00:00,1.13396,1.1378,1.12917,1.13027,185134.953125
2025-05-08 00:00:00,1.13032,1.13361,1.12118,1.12267,195727.90625
2025-05-09 00:00:00,1.12268,1.12928,1.11964,1.1246,139764.109375
2025-05-10 00:00:00,1.1246,1.1246,1.1246,1.1246,0.0
2025-05-11 00:00:00,1.119,1.12363,1.119,1.12276,10697.01953125
2025-05-12 00:00:00,1.12281,1.12426,1.10651,1.10953,232069.921875
2025-05-13 00:00:00,1.10954,1.11971,1.10948,1.11856,166503.5
2025-05-14 00:00:00,1.11858,1.12655,1.11645,1.11812,196989.3125
2025-05-15 00:00:00,1.11811,1.12279,1.117,1.11918,150648.90625
2025-05-16 00:00:00,1.11915,1.12195,1.11308,1.11612,135030.265625
2025-05-17 00:00:00,1.11612,1.11612,1.11612,1.11612,0.0
2025-05-18 00:00:00,1.11749,1.11939,1.11711,1.11884,7876.09521484375
2025-05-19 00:00:00,1.11885,1.12879,1.11721,1.12321,153720.59375
2025-05-20 00:00:00,1.1232,1.129,1.12178,1.12881,135167.5
2025-05-21 00:00:00,1.12881,1.13628,1.12866,1.13318,160878.46875
2025-05-22 00:00:00,1.13318,1.13448,1.12558,1.12819,163379.625
2025-05-23 00:00:00,1.12818,1.13754,1.12787,1.13592,144725.796875
2025-05-24 00:00:00,1.13592,1.13592,1.13592,1.13592,0.0
2025-05-25 00:00:00,1.13617,1.13816,1.13585,1.13744,12726.16015625
2025-05-26 00:00:00,1.13747,1.14185,1.13688,1.13883,108211.296875
2025-05-27 00:00:00,1.13885,1.14071,1.1323,1.13366,145465.546875
2025-05-28 00:00:00,1.13367,1.13454,1.12103,1.12296,172442.34375
2025-05-29 00:00:00,1.12294,1.13843,1.1223,1.13765,174301.5625
2025-05-30 00:00:00,1.13768,1.13897,1.13123,1.13453,160631.296875
2025-05-31 00:00:00,1.13453,1.13453,1.13453,1.13453,0.0
2025-06-01 00:00:00,1.13439,1.13602,1.13435,1.13526,9268.599609375
2025-06-02 00:00:00,1.13527,1.14538,1.13524,1.14531,139498.984375
2025-06-03 00:00:00,1.1453,1.14544,1.13639,1.1384,122583.671875
2025-06-04 00:00:00,1.13838,1.14344,1.13568,1.14205,145279.765625
2025-06-05 00:00:00,1.14209,1.14948,1.14045,1.14533,157418.234375
2025-06-06 00:00:00,1.14532,1.14572,1.13715,1.13935,142921.484375
2025-06-07 00:00:00,1.13935,1.13935,1.13935,1.13935,0.0
2025-06-08 00:00:00,1.13952,1.14111,1.13903,1.14061,4784.39013671875
2025-06-09 00:00:00,1.14063,1.14391,1.13864,1.14261,98861.7734375
2025-06-10 00:00:00,1.1426,1.14475,1.13729,1.14372,114634.2421875
2025-06-11 00:00:00,1.14375,1.15129,1.14052,1.15099,107117.9609375
2025-06-12 00:00:00,1.15102,1.16311,1.15017,1.16084,133388.5625
2025-06-13 00:00:00,1.16083,1.16143,1.1489,1.15457,170771.859375
2025-06-14 00:00:00,1.15457,1.15457,1.15457,1.15457,0.0
2025-06-15 00:00:00,1.15309,1.15469,1.15256,1.15376,13630.349609375
2025-06-16 00:00:00,1.15376,1.16147,1.15238,1.15534,135969.703125
2025-06-17 00:00:00,1.15536,1.15796,1.14743,1.14816,143958.1875
2025-06-18 00:00:00,1.14817,1.153,1.14608,1.14758,153027.90625
2025-06-19 00:00:00,1.14758,1.15125,1.14461,1.15113,101801.40625
2025-06-20 00:00:00,1.15112,1.15439,1.1495,1.15189,102496.5703125
2025-06-21 00:00:00,1.15189,1.15189,1.15189,1.15189,0.0
2025-06-22 00:00:00,1.14602,1.15073,1.14544,1.14995,10413.669921875
2025-06-23 00:00:00,1.14995,1.16082,1.14533,1.15979,166520.625
2025-06-24 00:00:00,1.15977,1.16417,1.15798,1.16121,129654.96875
2025-06-25 00:00:00,1.1612,1.16845,1.15898,1.16831,96781.2578125
2025-06-26 00:00:00,1.16832,1.17449,1.16673,1.1693,112735.9921875
2025-06-27 00:00:00,1.16931,1.17539,1.16837,1.17162,96528.65625
2025-06-28 00:00:00,1.17162,1.17162,1.17162,1.17162,0.0
2025-06-29 00:00:00,1.17287,1.17385,1.17215,1.17263,6397.2900390625
2025-06-30 00:00:00,1.17264,1.17907,1.17075,1.17863,105399.5
2025-07-01 00:00:00,1.17862,1.18298,1.17611,1.1805,115191.3671875
2025-07-02 00:00:00,1.18048,1.18098,1.17467,1.17985,109752.0703125
2025-07-03 00:00:00,1.17985,1.181,1.17169,1.17688,108589.109375
2025-07-04 00:00:00,1.1769,1.17873,1.17561,1.17719,84127.09375
2025-07-05 00:00:00,1.17719,1.17719,1.17719,1.17719,0.0
2025-07-06 00:00:00,1.17793,1.17825,1.17732,1.178,2644.3798828125
2025-07-07 00:00:00,1.17805,1.17901,1.16868,1.17363,106860.2890625
2025-07-08 00:00:00,1.17365,1.1765,1.16825,1.17233,108965.2265625
2025-07-09 00:00:00,1.17233,1.17396,1.16895,1.17378,86976.75
2025-07-10 00:00:00,1.17375,1.17494,1.16623,1.17018,107761.328125
2025-07-11 00:00:00,1.17016,1.17138,1.16645,1.16852,85612.359375
2025-07-12 00:00:00,1.16852,1.16852,1.16852,1.16852,0.0
2025-07-13 00:00:00,1.16658,1.16843,1.16611,1.16822,6009.169921875
2025-07-14 00:00:00,1.16822,1.16978,1.16541,1.1665,83778.5234375
2025-07-15 00:00:00,1.1665,1.16925,1.15927,1.1607,119141.078125
2025-07-16 00:00:00,1.16073,1.17212,1.15623,1.16353,149202.296875
2025-07-17 00:00:00,1.16353,1.16361,1.15566,1.1615,107200.6796875
2025-07-18 00:00:00,1.16151,1.16716,1.16119,1.16207,75653.4765625
2025-07-19 00:00:00,1.16207,1.16207,1.16207,1.16207,0.0
2025-07-20 00:00:00,1.16236,1.1634,1.16221,1.16294,4815.3798828125
2025-07-21 00:00:00,1.16296,1.17166,1.16145,1.16945,84599.0703125
2025-07-22 00:00:00,1.1695,1.17607,1.16788,1.17378,77177.1796875
2025-07-23 00:00:00,1.17377,1.17789,1.17109,1.17733,96130.796875
2025-07-24 00:00:00,1.17732,1.17887,1.17303,1.17545,89743.3125
2025-07-25 00:00:00,1.17548,1.17609,1.17028,1.17396,84426.671875
2025-07-26 00:00:00,1.17396,1.17396,1.17396,1.17396,0.0
2025-07-27 00:00:00,1.17552,1.17686,1.17507,1.17554,4400.2001953125
2025-07-28 00:00:00,1.17554,1.177,1.1585,1.15963,94411.609375
2025-07-29 00:00:00,1.1596,1.15989,1.15188,1.15506,106375.15625
2025-07-30 00:00:00,1.15506,1.15725,1.14008,1.14278,154109.875
2025-07-31 00:00:00,1.14278,1.14606,1.14058,1.14217,96436.671875
2025-08-01 00:00:00,1.14217,1.15969,1.13915,1.1583,147618.9375
2025-08-02 00:00:00,1.1583,1.1583,1.1583,1.1583,0.0
2025-08-03 00:00:00,1.1591,1.15963,1.15779,1.15876,6442.1298828125
2025-08-04 00:00:00,1.15876,1.15887,1.15497,1.15838,101186.453125
2025-08-05 00:00:00,1.1584,1.15876,1.15277,1.15784,96402.7890625
2025-08-06 00:00:00,1.15781,1.16683,1.15642,1.1663,86827.4296875
2025-08-07 00:00:00,1.16628,1.16986,1.16108,1.16768,131304.203125
2025-08-08 00:00:00,1.16768,1.16792,1.16287,1.16368,78995.296875
2025-08-09 00:00:00,1.16368,1.16368,1.16368,1.16368,0.0
2025-08-10 00:00:00,1.16444,1.16508,1.16426,1.16475,2971.0400390625
2025-08-11 00:00:00,1.16474,1.16754,1.159,1.1616,119138.8125
2025-08-12 00:00:00,1.16162,1.16971,1.15986,1.16775,120879.4921875
2025-08-13 00:00:00,1.16774,1.17301,1.16703,1.1712,84748.6796875
2025-08-14 00:00:00,1.1712,1.1715,1.16309,1.16504,130446.8828125
2025-08-15 00:00:00,1.16506,1.17151,1.16467,1.17026,75602.3515625
2025-08-16 00:00:00,1.17026,1.17026,1.17026,1.17026,0.0
2025-08-17 00:00:00,1.17101,1.17157,1.17038,1.17059,2826.3701171875
2025-08-18 00:00:00,1.17061,1.17106,1.16561,1.16679,67121.9765625
2025-08-19 00:00:00,1.16678,1.16928,1.1639,1.16415,67288.0390625
2025-08-20 00:00:00,1.16413,1.16736,1.16221,1.16507,72280.640625
2025-08-21 00:00:00,1.16507,1.16626,1.1601,1.16122,89681.703125
2025-08-22 00:00:00,1.16122,1.17425,1.15828,1.17148,100779.3046875
2025-08-23 00:00:00,1.17148,1.17148,1.17148,1.17148,0.0
2025-08-24 00:00:00,1.17203,1.17259,1.17074,1.17083,2792.493896484375
2025-08-25 00:00:00,1.17077,1.17204,1.16028,1.16144,71376.2421875
2025-08-26 00:00:00,1.16145,1.16652,1.16021,1.16368,117009.359375
2025-08-27 00:00:00,1.1637,1.16477,1.1574,1.16473,94225.7578125
2025-08-28 00:00:00,1.16474,1.16972,1.16289,1.16785,86969.6171875
2025-08-29 00:00:00,1.16786,1.17089,1.16507,1.16826,88950.40625
2025-08-30 00:00:00,1.16826,1.16826,1.16826,1.16826,0.0
2025-08-31 00:00:00,1.16935,1.16959,1.16845,1.169,2229.64990234375
2025-09-01 00:00:00,1.16899,1.17362,1.16879,1.17147,54396.30078125
2025-09-02 00:00:00,1.17148,1.17156,1.16127,1.16327,162221.703125
2025-09-03 00:00:00,1.16327,1.1682,1.16081,1.16608,120767.8828125
2025-09-04 00:00:00,1.16611,1.16694,1.16298,1.16567,86473.8203125
2025-09-05 00:00:00,1.16566,1.17593,1.16522,1.17141,105280.75
2025-09-06 00:00:00,1.17141,1.17141,1.17141,1.17141,0.0
2025-09-07 00:00:00,1.17111,1.17197,1.17036,1.17121,5254.1064453125
2025-09-08 00:00:00,1.17122,1.17728,1.17046,1.17684,73964.65625
2025-09-09 00:00:00,1.17685,1.17799,1.16972,1.1702,122659.921875
2025-09-10 00:00:00,1.1702,1.17306,1.16824,1.17024,94291.0078125
2025-09-11 00:00:00,1.17023,1.1746,1.16589,1.17329,103376.421875
2025-09-12 00:00:00,1.17329,1.17475,1.17013,1.17301,88650.0390625
2025-09-13 00:00:00,1.17301,1.17301,1.17301,1.17301,0.0
2025-09-14 00:00:00,1.17303,1.17344,1.17249,1.17253,2187.9599609375
2025-09-15 00:00:00,1.17256,1.17744,1.1716,1.17628,77233.65625
2025-09-16 00:00:00,1.17627,1.18783,1.17572,1.18709,113796.2734375
2025-09-17 00:00:00,1.18711,1.19186,1.18077,1.18251,131279.953125
2025-09-18 00:00:00,1.18253,1.18482,1.175,1.17889,149058.8125
2025-09-19 00:00:00,1.1789,1.17925,1.17286,1.17405,92024.703125
2025-09-20 00:00:00,1.17405,1.17405,1.17405,1.17405,0.0
2025-09-21 00:00:00,1.17449,1.17477,1.17357,1.17365,2813.739990234375
2025-09-22 00:00:00,1.17363,1.18037,1.17262,1.18004,81193.9296875
2025-09-23 00:00:00,1.18002,1.18199,1.17787,1.18153,98759.359375
2025-09-24 00:00:00,1.18153,1.18163,1.1728,1.17423,107342.90625
2025-09-25 00:00:00,1.17422,1.17538,1.16454,1.16616,109668.7890625
2025-09-26 00:00:00,1.16615,1.17072,1.16579,1.17005,90258.09375
2025-09-27 00:00:00,1.17005,1.17005,1.17005,1.17005,0.0
2025-09-28 00:00:00,1.16986,1.17097,1.16986,1.17048,3577.75
2025-09-29 00:00:00,1.17047,1.17544,1.17044,1.17305,87619.0703125
2025-09-30 00:00:00,1.17307,1.17615,1.17119,1.17344,98058.7421875
2025-10-01 00:00:00,1.17342,1.17785,1.17154,1.17327,140358.234375
2025-10-02 00:00:00,1.17325,1.17583,1.16829,1.17244,88827.5703125
2025-10-03 00:00:00,1.17245,1.17591,1.17146,1.17382,78892.15625
2025-10-04 00:00:00,1.17382,1.17382,1.17382,1.17382,0.0
2025-10-05 00:00:00,1.17209,1.17275,1.1706,1.17116,10249.6396484375
2025-10-06 00:00:00,1.17121,1.17307,1.16516,1.17092,124403.8828125
2025-10-07 00:00:00,1.17093,1.1711,1.16474,1.16526,82813.4296875
2025-10-08 00:00:00,1.16527,1.1653,1.15983,1.1629,94311.578125
2025-10-09 00:00:00,1.16289,1.1648,1.1542,1.15652,109981.1171875
2025-10-10 00:00:00,1.1565,1.16305,1.1559,1.16149,105434.0078125
2025-10-11 00:00:00,1.16149,1.16149,1.16149,1.16149,0.0
2025-10-12 00:00:00,1.16138,1.1615,1.15918,1.16015,7588.740234375
2025-10-13 00:00:00,1.16012,1.16297,1.15574,1.15658,78546.03125
2025-10-14 00:00:00,1.15657,1.16148,1.15423,1.16032,107588.8671875
2025-10-15 00:00:00,1.1603,1.16519,1.16017,1.16456,91914.40625
2025-10-16 00:00:00,1.16455,1.16994,1.16425,1.16988,111266.9609375
2025-10-17 00:00:00,1.16989,1.17283,1.16496,1.16509,136514.921875
2025-10-18 00:00:00,1.16509,1.16509,1.16509,1.16509,0.0
2025-10-19 00:00:00,1.16646,1.16655,1.16515,1.16578,6338.60009765625
2025-10-20 00:00:00,1.16579,1.16753,1.16382,1.16439,76422.1875
2025-10-21 00:00:00,1.16438,1.1655,1.15975,1.15993,115211.7890625
2025-10-22 00:00:00,1.15996,1.16224,1.15767,1.16071,83209.8515625
2025-10-23 00:00:00,1.16071,1.16213,1.15853,1.16171,69111.3125
2025-10-24 00:00:00,1.1617,1.1649,1.16008,1.16266,84431.2890625
2025-10-25 00:00:00,1.16266,1.16266,1.16266,1.16266,0.0
2025-10-26 00:00:00,1.16346,1.16362,1.16253,1.1631,4608.43994140625
2025-10-27 00:00:00,1.16308,1.16547,1.16176,1.16508,61097.3984375
2025-10-28 00:00:00,1.16508,1.16686,1.16255,1.16568,82156.9296875
2025-10-29 00:00:00,1.16568,1.1666,1.15773,1.16028,125334.84375
2025-10-30 00:00:00,1.16027,1.16374,1.1547,1.15714,108589.2421875
2025-10-31 00:00:00,1.15714,1.15775,1.15214,1.1537,73402.5234375
2025-11-01 00:00:00,1.1537,1.1537,1.1537,1.1537,0.0
2025-11-02 00:00:00,1.15294,1.15383,1.1525,1.15274,11738.599609375
2025-11-03 00:00:00,1.15273,1.15413,1.1505,1.15184,75066.71875
2025-11-04 00:00:00,1.15183,1.15334,1.14729,1.1485,83162.2109375
2025-11-05 00:00:00,1.14849,1.14978,1.14687,1.14957,83753.5
2025-11-06 00:00:00,1.14956,1.15522,1.1493,1.15485,95498.5390625
2025-11-07 00:00:00,1.15485,1.1591,1.15294,1.15656,81200.4921875
2025-11-08 00:00:00,1.15656,1.15656,1.15656,1.15656,0.0
2025-11-09 00:00:00,1.15562,1.15582,1.15413,1.15433,5698.64013671875
2025-11-10 00:00:00,1.15434,1.15829,1.15409,1.15565,68009.0
2025-11-11 00:00:00,1.15566,1.16057,1.15468,1.15867,68685.3984375
2025-11-12 00:00:00,1.15865,1.15977,1.15627,1.15915,70570.96875
2025-11-13 00:00:00,1.15915,1.16559,1.15789,1.163,97423.8828125
2025-11-14 00:00:00,1.163,1.16536,1.1606,1.16172,102283.8046875
2025-11-15 00:00:00,1.16172,1.16172,1.16172,1.16172,0.0
2025-11-16 00:00:00,1.16143,1.16244,1.16114,1.16147,2726.419921875
2025-11-17 00:00:00,1.16147,1.16149,1.15818,1.15899,72479.609375
2025-11-18 00:00:00,1.15898,1.16076,1.15713,1.158,93337.2578125
2025-11-19 00:00:00,1.158,1.15971,1.15178,1.15392,99209.9296875
2025-11-20 00:00:00,1.15392,1.15499,1.15013,1.15334,101736.3125
2025-11-21 00:00:00,1.15338,1.15524,1.14909,1.15155,115651.21875
2025-11-22 00:00:00,1.15155,1.15155,1.15155,1.15155,0.0
2025-11-23 00:00:00,1.15128,1.15143,1.15058,1.15073,2709.030029296875
2025-11-24 00:00:00,1.15074,1.15503,1.15018,1.152,71212.8515625
2025-11-25 00:00:00,1.15201,1.15859,1.15114,1.15648,108585.8828125
2025-11-26 00:00:00,1.15648,1.16021,1.1547,1.16017,108027.3125
2025-11-27 00:00:00,1.16018,1.16132,1.15763,1.15996,51613.66015625
2025-11-28 00:00:00,1.15995,1.16075,1.1555,1.15973,177674.4375
2025-11-29 00:00:00,1.15973,1.15973,1.15973,1.15973,0.0
2025-11-30 00:00:00,1.1594,1.16078,1.15912,1.1601,3303.64990234375
2025-12-01 00:00:00,1.16011,1.16522,1.15893,1.16066,93031.9609375
2025-12-02 00:00:00,1.16069,1.1629,1.1591,1.1628,74084.421875
2025-12-03 00:00:00,1.1628,1.16775,1.16277,1.16661,95673.203125
2025-12-04 00:00:00,1.16662,1.16819,1.16409,1.16431,79510.5078125
2025-12-05 00:00:00,1.16433,1.16717,1.16279,1.16388,75198.78125
2025-12-06 00:00:00,1.16388,1.16388,1.16388,1.16388,0.0
2025-12-07 00:00:00,1.16373,1.16461,1.16341,1.16404,3352.389892578125
2025-12-08 00:00:00,1.16406,1.16718,1.16163,1.16407,76027.46875
2025-12-09 00:00:00,1.16405,1.16571,1.16149,1.16278,78858.328125
2025-12-10 00:00:00,1.1628,1.17027,1.16214,1.17013,111512.7265625
2025-12-11 00:00:00,1.17013,1.17627,1.16821,1.17407,101996.75
2025-12-12 00:00:00,1.17407,1.17497,1.17195,1.17396,90937.78125
2025-12-13 00:00:00,1.17396,1.17396,1.17396,1.17396,0.0
2025-12-14 00:00:00,1.17358,1.17406,1.17277,1.17369,4068.760009765625
2025-12-15 00:00:00,1.1737,1.17688,1.17264,1.17533,93566.703125
2025-12-16 00:00:00,1.17535,1.1804,1.1735,1.17492,114095.9921875
2025-12-17 00:00:00,1.1749,1.1758,1.1703,1.17414,109582.4609375
2025-12-18 00:00:00,1.17415,1.17627,1.17123,1.17246,107383.5390625
2025-12-19 00:00:00,1.17247,1.17377,1.17021,1.17103,84265.09375
2025-12-20 00:00:00,1.17103,1.17103,1.17103,1.17103,0.0
2025-12-21 00:00:00,1.17149,1.17169,1.17058,1.17103,5528.740234375
2025-12-22 00:00:00,1.17098,1.17693,1.17093,1.17634,76073.1953125
2025-12-23 00:00:00,1.17635,1.18021,1.17628,1.17946,94474.171875
2025-12-24 00:00:00,1.17946,1.18079,1.17695,1.17714,84866.8203125
2025-12-25 00:00:00,1.17708,1.17843,1.17663,1.17833,9746.23046875
2025-12-26 00:00:00,1.17839,1.17966,1.17615,1.1768,83292.5
2025-12-27 00:00:00,1.1768,1.1768,1.1768,1.1768,0.0
2025-12-28 00:00:00,1.17631,1.17777,1.17631,1.17722,3047.56005859375
2025-12-29 00:00:00,1.17723,1.1789,1.17493,1.17722,96547.1171875
2025-12-30 00:00:00,1.17721,1.17797,1.17431,1.17456,67185.15625
2025-12-31 00:00:00,1.17455,1.17592,1.17199,1.17455,86578.15625
