timestamp,open,high,low,close,volume
2003-01-01 00:00:00,191.02,192.0,190.72,191.1,55362.7109375
2003-01-02 00:00:00,191.2,191.82,190.45,191.36,74209.59375
2003-01-03 00:00:00,191.47,193.07,190.6,192.64,45939.26953125
2003-01-04 00:00:00,192.64,192.64,192.64,192.64,0.0
2003-01-05 00:00:00,192.64,192.64,192.64,192.64,0.0
2003-01-06 00:00:00,192.8,193.11,190.41,191.63,81277.171875
2003-01-07 00:00:00,191.64,193.72,191.39,193.18,111903.3515625
2003-01-08 00:00:00,193.16,193.63,191.25,192.14,120148.859375
2003-01-09 00:00:00,192.14,192.77,191.18,191.62,70675.796875
2003-01-10 00:00:00,191.72,192.9,191.0,191.62,61252.359375
2003-01-11 00:00:00,191.62,191.62,191.62,191.62,0.0
2003-01-12 00:00:00,191.62,191.62,191.62,191.62,0.0
2003-01-13 00:00:00,191.66,192.12,189.84,190.32,41227.55078125
2003-01-14 00:00:00,190.27,190.76,189.1,189.59,83633.03125
2003-01-15 00:00:00,189.51,190.75,188.54,189.61,61252.359375
2003-01-16 00:00:00,189.69,190.43,188.8,189.66,38871.69140625
2003-01-17 00:00:00,189.73,191.15,189.39,189.95,126038.5078125
2003-01-18 00:00:00,189.95,189.95,189.95,189.95,0.0
2003-01-19 00:00:00,189.95,189.95,189.95,189.95,0.0
2003-01-20 00:00:00,189.92,190.75,189.5,189.76,63608.21875
2003-01-21 00:00:00,189.72,191.56,189.59,190.99,150775.046875
2003-01-22 00:00:00,190.98,191.91,189.8,191.55,122504.71875
2003-01-23 00:00:00,191.5,192.27,190.76,191.65,51828.921875
2003-01-24 00:00:00,192.42,193.05,191.28,192.42,62430.2890625
2003-01-25 00:00:00,192.42,192.42,192.42,192.42,0.0
2003-01-26 00:00:00,192.42,192.42,192.42,192.42,0.0
2003-01-27 00:00:00,192.36,194.81,191.5,193.94,65964.078125
2003-01-28 00:00:00,193.95,195.14,193.32,194.62,138995.734375
2003-01-29 00:00:00,194.68,195.37,194.05,195.05,62430.2890625
2003-01-30 00:00:00,196.87,197.32,194.81,196.87,116615.0703125
2003-01-31 00:00:00,196.93,197.84,196.4,197.48,54184.78125
2003-02-01 00:00:00,197.48,197.48,197.48,197.48,0.0
2003-02-02 00:00:00,197.48,197.48,197.48,197.48,0.0
2003-02-03 00:00:00,197.49,198.68,196.81,197.5,129572.296875
2003-02-04 00:00:00,197.65,198.2,196.97,197.22,48295.12890625
2003-02-05 00:00:00,197.31,197.88,195.88,196.8,91878.5390625
2003-02-06 00:00:00,196.9,197.66,195.78,196.19,74209.59375
2003-02-07 00:00:00,196.11,196.39,195.14,196.18,47117.19921875
2003-02-08 00:00:00,196.18,196.18,196.18,196.18,0.0
2003-02-09 00:00:00,196.18,196.18,196.18,196.18,0.0
2003-02-10 00:00:00,196.12,197.71,196.06,197.12,44761.33984375
2003-02-11 00:00:00,197.15,197.53,195.64,195.87,118970.9296875
2003-02-12 00:00:00,195.87,196.44,195.05,196.04,114259.2109375
2003-02-13 00:00:00,196.14,196.54,194.91,195.2,98946.1171875
2003-02-14 00:00:00,195.23,195.82,193.3,194.16,88344.75
2003-02-15 00:00:00,194.16,194.16,194.16,194.16,0.0
2003-02-16 00:00:00,194.16,194.16,194.16,194.16,0.0
2003-02-17 00:00:00,194.29,194.6,191.94,192.05,137817.8125
2003-02-18 00:00:00,191.94,192.39,188.98,189.21,144885.390625
2003-02-19 00:00:00,189.34,190.03,188.83,189.57,49473.05859375
2003-02-20 00:00:00,189.61,190.67,188.01,188.57,135461.953125
2003-02-21 00:00:00,188.58,189.67,187.16,187.29,128394.3671875
2003-02-22 00:00:00,187.29,187.29,187.29,187.29,0.0
2003-02-23 00:00:00,187.29,187.29,187.29,187.29,0.0
2003-02-24 00:00:00,187.19,187.69,185.4,187.16,118970.9296875
2003-02-25 00:00:00,187.06,187.6,183.91,184.51,150775.046875
2003-02-26 00:00:00,184.69,185.65,184.27,185.4,135461.953125
2003-02-27 00:00:00,185.43,186.01,184.59,185.86,122504.71875
2003-02-28 00:00:00,185.82,186.72,185.58,185.7,88344.75
2003-03-01 00:00:00,185.7,185.7,185.7,185.7,0.0
2003-03-02 00:00:00,185.7,185.7,185.7,185.7,0.0
2003-03-03 00:00:00,185.83,186.41,184.75,185.58,83633.03125
2003-03-04 00:00:00,185.58,187.49,185.48,186.46,115437.140625
2003-03-05 00:00:00,186.48,188.37,185.95,187.82,154308.828125
2003-03-06 00:00:00,187.84,188.64,187.59,188.2,68319.9375
2003-03-07 00:00:00,188.12,188.54,186.25,187.59,131928.15625
2003-03-08 00:00:00,187.59,187.59,187.59,187.59,0.0
2003-03-09 00:00:00,187.59,187.59,187.59,187.59,0.0
2003-03-10 00:00:00,187.62,187.7,185.86,186.99,102479.90625
2003-03-11 00:00:00,186.93,188.82,186.89,188.13,85988.890625
2003-03-12 00:00:00,186.93,189.45,188.04,189.27,148419.1875
2003-03-13 00:00:00,189.22,190.77,188.59,189.84,101301.9765625
2003-03-14 00:00:00,189.91,190.09,187.01,187.06,98946.1171875
2003-03-15 00:00:00,187.06,187.06,187.06,187.06,0.0
2003-03-16 00:00:00,187.06,187.06,187.06,187.06,0.0
2003-03-17 00:00:00,187.11,187.66,184.92,185.99,77743.3828125
2003-03-18 00:00:00,185.99,186.85,185.55,186.0,60074.4296875
2003-03-19 00:00:00,186.05,188.78,184.86,188.44,136639.875
2003-03-20 00:00:00,188.36,188.8,187.36,188.29,58896.5
2003-03-21 00:00:00,188.38,190.62,187.8,190.09,128394.3671875
2003-03-22 00:00:00,190.09,190.09,190.09,190.09,0.0
2003-03-23 00:00:00,190.09,190.09,190.09,190.09,0.0
2003-03-24 00:00:00,190.11,190.51,189.2,190.07,111903.3515625
2003-03-25 00:00:00,190.12,190.2,188.08,188.92,75387.5234375
2003-03-26 00:00:00,188.86,189.81,188.63,188.68,63608.21875
2003-03-27 00:00:00,188.84,189.37,187.03,187.65,115437.140625
2003-03-28 00:00:00,187.72,189.02,187.06,188.56,127216.4375
2003-03-29 00:00:00,188.56,188.56,188.56,188.56,0.0
2003-03-30 00:00:00,188.56,188.56,188.56,188.56,0.0
2003-03-31 00:00:00,188.6,189.26,186.0,186.71,88344.75
2003-04-01 00:00:00,186.58,187.23,185.81,186.16,126038.5078125
2003-04-02 00:00:00,186.26,187.31,185.84,186.39,56540.640625
2003-04-03 00:00:00,186.41,188.23,185.88,187.68,111903.3515625
2003-04-04 00:00:00,187.71,188.47,186.89,187.07,104835.7734375
2003-04-05 00:00:00,187.07,187.07,187.07,187.07,0.0
2003-04-06 00:00:00,187.07,187.07,187.07,187.07,0.0
2003-04-07 00:00:00,187.05,188.15,185.21,186.27,48295.12890625
2003-04-08 00:00:00,186.4,186.66,185.59,186.13,137817.8125
2003-04-09 00:00:00,186.02,188.2,185.75,187.87,77743.3828125
2003-04-10 00:00:00,187.85,188.44,186.96,188.19,129572.296875
2003-04-11 00:00:00,188.09,189.93,187.88,189.51,91878.5390625
2003-04-12 00:00:00,189.51,189.51,189.51,189.51,0.0
2003-04-13 00:00:00,189.51,189.51,189.51,189.51,0.0
2003-04-14 00:00:00,189.18,190.22,188.76,189.14,129572.296875
2003-04-15 00:00:00,189.09,189.58,188.55,188.89,48295.12890625
2003-04-16 00:00:00,188.89,189.87,187.88,188.83,45939.26953125
2003-04-17 00:00:00,188.89,189.08,187.77,187.77,97768.1875
2003-04-18 00:00:00,187.83,188.68,187.82,188.58,40049.62109375
2003-04-19 00:00:00,188.58,188.58,188.58,188.58,0.0
2003-04-20 00:00:00,188.58,188.58,188.58,188.58,0.0
2003-04-21 00:00:00,188.07,189.59,187.79,188.23,98946.1171875
2003-04-22 00:00:00,188.17,189.87,188.01,189.14,83633.03125
2003-04-23 00:00:00,189.03,191.25,188.6,190.78,65964.078125
2003-04-24 00:00:00,190.7,191.61,190.23,190.95,51828.921875
2003-04-25 00:00:00,190.79,192.44,190.51,191.26,143707.453125
2003-04-26 00:00:00,191.26,191.26,191.26,191.26,0.0
2003-04-27 00:00:00,191.26,191.26,191.26,191.26,0.0
2003-04-28 00:00:00,191.24,192.15,190.98,191.36,63608.21875
2003-04-29 00:00:00,191.37,191.71,190.33,190.95,43583.41015625
2003-04-30 00:00:00,191.0,191.28,189.95,190.12,48295.12890625
2003-05-01 00:00:00,190.19,191.11,189.34,190.98,133106.09375
2003-05-02 00:00:00,190.97,191.35,190.39,190.69,107191.6328125
2003-05-03 00:00:00,190.69,190.69,190.69,190.69,0.0
2003-05-04 00:00:00,190.69,190.69,190.69,190.69,0.0
2003-05-05 00:00:00,190.85,191.01,190.27,190.27,104835.7734375
2003-05-06 00:00:00,190.42,190.95,189.52,189.83,51828.921875
2003-05-07 00:00:00,190.01,190.07,185.09,185.46,144885.390625
2003-05-08 00:00:00,185.63,187.7,185.16,187.59,82455.1015625
2003-05-09 00:00:00,187.7,188.82,187.49,188.31,128394.3671875
2003-05-10 00:00:00,188.31,188.31,188.31,188.31,0.0
2003-05-11 00:00:00,188.31,188.31,188.31,188.31,0.0
2003-05-12 00:00:00,188.41,188.73,187.18,188.35,146063.3125
2003-05-13 00:00:00,188.38,188.8,187.13,187.89,96590.2578125
2003-05-14 00:00:00,187.94,188.7,187.11,188.01,155486.765625
2003-05-15 00:00:00,187.88,189.14,186.9,188.92,71853.7265625
2003-05-16 00:00:00,188.89,189.14,187.72,188.51,103657.84375
2003-05-17 00:00:00,188.51,188.51,188.51,188.51,0.0
2003-05-18 00:00:00,188.51,188.51,188.51,188.51,0.0
2003-05-19 00:00:00,188.04,191.78,187.53,191.33,137817.8125
2003-05-20 00:00:00,191.26,191.92,190.7,191.35,78921.3125
2003-05-21 00:00:00,191.31,193.05,191.14,192.29,136639.875
2003-05-22 00:00:00,192.26,192.53,191.21,191.43,120148.859375
2003-05-23 00:00:00,191.55,192.4,191.09,191.14,93056.46875
2003-05-24 00:00:00,191.14,191.14,191.14,191.14,0.0
2003-05-25 00:00:00,191.14,191.14,191.14,191.14,0.0
2003-05-26 00:00:00,191.5,192.44,190.82,191.46,126038.5078125
2003-05-27 00:00:00,191.51,192.55,191.08,192.21,57718.5703125
2003-05-28 00:00:00,192.15,194.71,191.97,194.38,41227.55078125
2003-05-29 00:00:00,194.43,195.91,194.0,195.22,75387.5234375
2003-05-30 00:00:00,195.17,196.18,194.93,195.2,64786.1484375
2003-05-31 00:00:00,195.2,195.2,195.2,195.2,0.0
2003-06-01 00:00:00,195.2,195.2,195.2,195.2,0.0
2003-06-02 00:00:00,195.05,195.18,192.86,194.13,97768.1875
2003-06-03 00:00:00,194.07,194.85,193.47,194.07,70675.796875
2003-06-04 00:00:00,193.93,194.72,193.12,193.78,68319.9375
2003-06-05 00:00:00,193.82,195.76,192.81,195.35,54184.78125
2003-06-06 00:00:00,195.25,197.83,195.0,197.2,85988.890625
2003-06-07 00:00:00,197.2,197.2,197.2,197.2,0.0
2003-06-08 00:00:00,197.2,197.2,197.2,197.2,0.0
2003-06-09 00:00:00,197.19,197.52,194.06,194.39,85988.890625
2003-06-10 00:00:00,194.45,195.72,193.77,194.46,73031.65625
2003-06-11 00:00:00,194.46,196.66,194.18,196.12,138995.734375
2003-06-12 00:00:00,196.2,197.67,196.05,196.25,83633.03125
2003-06-13 00:00:00,196.24,197.03,195.33,196.39,106013.703125
2003-06-14 00:00:00,196.39,196.39,196.39,196.39,0.0
2003-06-15 00:00:00,196.39,196.39,196.39,196.39,0.0
2003-06-16 00:00:00,196.43,198.72,195.85,197.24,118970.9296875
2003-06-17 00:00:00,197.37,199.57,197.29,198.93,115437.140625
2003-06-18 00:00:00,198.97,199.7,197.69,198.05,90700.609375
2003-06-19 00:00:00,198.03,199.28,197.97,198.68,111903.3515625
2003-06-20 00:00:00,198.69,199.2,196.27,196.93,83633.03125
2003-06-21 00:00:00,196.93,196.93,196.93,196.93,0.0
2003-06-22 00:00:00,196.93,196.93,196.93,196.93,0.0
2003-06-23 00:00:00,196.66,197.23,195.23,196.41,113081.28125
2003-06-24 00:00:00,196.38,196.92,195.44,195.96,91878.5390625
2003-06-25 00:00:00,195.88,197.7,195.24,197.36,63608.21875
2003-06-26 00:00:00,197.17,198.78,196.92,198.32,126038.5078125
2003-06-27 00:00:00,198.26,198.98,196.8,197.2,129572.296875
2003-06-28 00:00:00,197.2,197.2,197.2,197.2,0.0
2003-06-29 00:00:00,197.2,197.2,197.2,197.2,0.0
2003-06-30 00:00:00,197.26,198.83,197.03,198.21,124860.578125
2003-07-01 00:00:00,198.24,199.15,197.28,198.42,147241.25
2003-07-02 00:00:00,198.35,198.7,196.16,196.79,113081.28125
2003-07-03 00:00:00,196.79,197.91,196.1,197.24,129572.296875
2003-07-04 00:00:00,197.24,197.69,196.57,196.97,141351.59375
2003-07-05 00:00:00,196.97,196.97,196.97,196.97,0.0
2003-07-06 00:00:00,196.97,196.97,196.97,196.97,0.0
2003-07-07 00:00:00,196.68,197.06,194.28,194.82,57718.5703125
2003-07-08 00:00:00,194.67,195.03,192.96,193.17,64786.1484375
2003-07-09 00:00:00,193.18,193.78,191.66,192.89,77743.3828125
2003-07-10 00:00:00,192.89,192.95,190.88,192.21,89522.6796875
2003-07-11 00:00:00,192.22,193.06,191.63,192.4,85988.890625
2003-07-12 00:00:00,192.4,192.4,192.4,192.4,0.0
2003-07-13 00:00:00,192.4,192.4,192.4,192.4,0.0
2003-07-14 00:00:00,191.79,192.13,189.34,189.3,57718.5703125
2003-07-15 00:00:00,189.42,190.46,186.33,187.71,54184.78125
2003-07-16 00:00:00,187.7,188.99,187.55,188.53,48295.12890625
2003-07-17 00:00:00,188.59,189.77,188.27,189.59,141351.59375
2003-07-18 00:00:00,189.61,190.34,187.55,188.38,101301.9765625
2003-07-19 00:00:00,188.38,188.38,188.38,188.38,0.0
2003-07-20 00:00:00,188.38,188.38,188.38,188.38,0.0
2003-07-21 00:00:00,188.56,190.15,186.78,189.53,67142.0078125
2003-07-22 00:00:00,189.63,191.32,189.22,189.97,102479.90625
2003-07-23 00:00:00,190.01,191.45,189.28,190.97,54184.78125
2003-07-24 00:00:00,191.04,192.4,190.77,192.31,68319.9375
2003-07-25 00:00:00,192.24,192.89,191.71,192.58,115437.140625
2003-07-26 00:00:00,192.58,192.58,192.58,192.58,0.0
2003-07-27 00:00:00,192.58,192.58,192.58,192.58,0.0
2003-07-28 00:00:00,192.44,194.49,192.34,194.03,93056.46875
2003-07-29 00:00:00,194.08,194.88,193.83,194.63,97768.1875
2003-07-30 00:00:00,194.64,195.06,194.07,194.27,130750.2265625
2003-07-31 00:00:00,194.38,194.49,192.9,194.13,82455.1015625
2003-08-01 00:00:00,194.12,194.35,192.39,193.59,146063.3125
2003-08-02 00:00:00,193.59,193.59,193.59,193.59,0.0
2003-08-03 00:00:00,193.644,193.682,193.049,193.249,77743.3828125
2003-08-04 00:00:00,193.233,194.326,192.804,193.746,102479.90625
2003-08-05 00:00:00,193.729,194.397,191.95,193.487,98946.1171875
2003-08-06 00:00:00,193.479,194.186,192.815,193.295,54184.78125
2003-08-07 00:00:00,193.274,193.436,191.575,192.545,117793.0
2003-08-08 00:00:00,192.507,192.591,190.432,191.13,112414.3984375
2003-08-09 00:00:00,191.13,191.13,191.13,191.13,0.0
2003-08-10 00:00:00,191.097,191.097,190.477,190.488,6182.5
2003-08-11 00:00:00,190.481,191.113,189.372,190.17,118189.3984375
2003-08-12 00:00:00,190.225,190.989,189.431,189.827,117832.796875
2003-08-13 00:00:00,189.862,191.931,189.784,191.516,116527.0
2003-08-14 00:00:00,191.506,192.463,190.234,190.406,118561.3984375
2003-08-15 00:00:00,190.487,190.967,188.915,188.92,108824.203125
2003-08-16 00:00:00,188.92,188.92,188.92,188.92,0.0
2003-08-17 00:00:00,190.2,190.407,190.081,190.299,6598.39990234375
2003-08-18 00:00:00,190.291,190.584,189.53,189.707,115815.8984375
2003-08-19 00:00:00,189.712,189.857,187.65,188.293,120129.5
2003-08-20 00:00:00,188.31,188.938,187.684,188.122,119977.5
2003-08-21 00:00:00,188.148,188.278,185.357,185.66,99887.1015625
2003-08-22 00:00:00,185.659,185.739,184.315,185.007,76304.796875
2003-08-23 00:00:00,185.007,185.007,185.007,185.007,0.0
2003-08-24 00:00:00,185.043,185.16,184.258,184.385,6699.2998046875
2003-08-25 00:00:00,184.396,185.455,183.312,183.926,120361.296875
2003-08-26 00:00:00,183.991,184.828,183.414,184.162,119070.5
2003-08-27 00:00:00,184.182,185.475,183.809,184.069,118056.296875
2003-08-28 00:00:00,184.071,185.397,183.578,185.063,118663.1015625
2003-08-29 00:00:00,185.093,185.308,183.321,184.39,106646.8984375
2003-08-30 00:00:00,184.39,184.39,184.39,184.39,0.0
2003-08-31 00:00:00,184.408,184.419,183.93,184.065,6850.60009765625
2003-09-01 00:00:00,184.05,184.512,182.511,183.114,97372.3984375
2003-09-02 00:00:00,183.101,183.713,181.916,182.565,117994.1015625
2003-09-03 00:00:00,182.58,182.701,181.235,182.037,116658.5
2003-09-04 00:00:00,182.055,184.967,181.567,184.648,121020.296875
2003-09-05 00:00:00,184.607,186.127,184.279,185.24,112875.0
2003-09-06 00:00:00,185.24,185.24,185.24,185.24,0.0
2003-09-07 00:00:00,185.62,186.947,185.62,186.751,8317.599609375
2003-09-08 00:00:00,186.789,186.796,184.44,184.688,118984.0
2003-09-09 00:00:00,184.637,186.021,183.541,185.798,118468.5
2003-09-10 00:00:00,185.805,186.546,185.338,186.112,119817.1015625
2003-09-11 00:00:00,186.092,187.037,185.465,186.652,119653.3984375
2003-09-12 00:00:00,186.637,188.49,186.105,187.95,112395.6015625
2003-09-13 00:00:00,187.95,187.95,187.95,187.95,0.0
2003-09-14 00:00:00,188.242,188.389,187.941,188.102,7996.7001953125
2003-09-15 00:00:00,188.077,188.853,187.846,187.968,120073.796875
2003-09-16 00:00:00,187.971,188.28,184.003,184.403,118440.8984375
2003-09-17 00:00:00,184.365,187.349,184.042,186.687,120155.203125
2003-09-18 00:00:00,186.636,187.046,185.719,186.258,120128.0
2003-09-19 00:00:00,186.257,187.608,185.462,186.44,113295.0
2003-09-20 00:00:00,186.44,186.44,186.44,186.44,0.0
2003-09-21 00:00:00,185.303,185.936,183.632,184.745,8933.400390625
2003-09-22 00:00:00,184.863,185.28,183.81,184.643,121203.8984375
2003-09-23 00:00:00,184.607,185.491,183.305,185.167,119728.1015625
2003-09-24 00:00:00,185.169,185.677,183.946,185.111,120435.296875
2003-09-25 00:00:00,185.131,186.303,184.641,185.746,119549.8984375
2003-09-26 00:00:00,185.764,186.141,185.01,185.297,112622.3984375
2003-09-27 00:00:00,185.297,185.297,185.297,185.297,0.0
2003-09-28 00:00:00,185.2,185.249,184.771,185.14,7776.2998046875
2003-09-29 00:00:00,185.119,186.24,183.457,185.82,119631.5
2003-09-30 00:00:00,185.808,185.959,183.94,184.97,120262.0
2003-10-01 00:00:00,184.978,185.493,183.192,185.0,120225.3984375
2003-10-02 00:00:00,184.966,185.468,184.528,184.982,119657.3984375
2003-10-03 00:00:00,185.013,185.305,183.941,184.335,113073.6015625
2003-10-04 00:00:00,184.335,184.335,184.335,184.335,0.0
2003-10-05 00:00:00,184.241,184.702,184.185,184.373,7080.7998046875
2003-10-06 00:00:00,184.35,186.181,183.896,185.812,119025.8984375
2003-10-07 00:00:00,185.835,186.047,181.939,182.153,119754.1015625
2003-10-08 00:00:00,182.147,182.886,181.587,182.175,119833.6015625
2003-10-09 00:00:00,182.192,182.221,180.695,181.586,120727.1015625
2003-10-10 00:00:00,181.651,181.925,180.04,180.875,112446.6015625
2003-10-11 00:00:00,180.875,180.875,180.875,180.875,0.0
2003-10-12 00:00:00,180.47,180.598,180.33,180.452,5323.7001953125
2003-10-13 00:00:00,180.456,181.721,179.356,181.169,116839.296875
2003-10-14 00:00:00,181.149,182.972,180.823,181.889,119859.5
2003-10-15 00:00:00,181.846,183.183,181.698,182.601,119920.0
2003-10-16 00:00:00,182.627,184.035,182.523,183.273,120281.203125
2003-10-17 00:00:00,183.304,184.063,182.831,183.45,112425.703125
2003-10-18 00:00:00,183.45,183.45,183.45,183.45,0.0
2003-10-19 00:00:00,182.848,182.992,182.578,182.794,8692.7001953125
2003-10-20 00:00:00,182.734,185.036,182.662,184.315,121152.796875
2003-10-21 00:00:00,184.33,184.331,183.123,183.307,118915.6015625
2003-10-22 00:00:00,183.254,184.821,183.186,184.638,120171.5
2003-10-23 00:00:00,184.716,186.049,184.359,185.572,121910.6015625
2003-10-24 00:00:00,185.573,186.359,184.79,185.15,114120.703125
2003-10-25 00:00:00,185.15,185.15,185.15,185.15,0.0
2003-10-26 00:00:00,184.975,185.395,184.511,184.73,6422.7998046875
2003-10-27 00:00:00,184.764,184.81,183.4,183.631,119916.8984375
2003-10-28 00:00:00,183.666,184.018,182.864,183.482,119594.1015625
2003-10-29 00:00:00,183.487,184.271,183.334,183.677,121371.703125
2003-10-30 00:00:00,183.643,184.679,183.255,184.149,122176.703125
2003-10-31 00:00:00,184.116,186.909,184.007,186.405,114797.703125
2003-11-01 00:00:00,186.405,186.405,186.405,186.405,0.0
2003-11-02 00:00:00,186.17,186.44,185.857,186.128,5688.7998046875
2003-11-03 00:00:00,186.168,187.293,185.571,185.606,119845.3984375
2003-11-04 00:00:00,185.594,185.698,183.459,184.371,122195.703125
2003-11-05 00:00:00,184.376,185.015,183.38,183.842,121085.3984375
2003-11-06 00:00:00,183.803,184.57,183.375,183.624,120495.203125
2003-11-07 00:00:00,183.59,183.887,182.196,183.245,115739.3984375
2003-11-08 00:00:00,183.245,183.245,183.245,183.245,0.0
2003-11-09 00:00:00,182.985,183.315,182.852,183.235,3600.10009765625
2003-11-10 00:00:00,183.299,183.508,180.313,181.165,120409.6015625
2003-11-11 00:00:00,181.169,182.072,180.598,181.14,119156.703125
2003-11-12 00:00:00,181.132,182.663,181.018,182.194,120248.5
2003-11-13 00:00:00,182.211,182.845,181.379,182.312,120732.296875
2003-11-14 00:00:00,182.347,182.995,182.095,182.9,116067.796875
2003-11-15 00:00:00,182.9,182.9,182.9,182.9,0.0
2003-11-16 00:00:00,182.728,183.237,182.643,183.13,6267.2001953125
2003-11-17 00:00:00,183.104,185.06,182.946,184.33,120961.5
2003-11-18 00:00:00,184.341,184.647,183.38,184.221,121774.796875
2003-11-19 00:00:00,184.222,185.653,182.769,185.225,121866.3984375
2003-11-20 00:00:00,185.23,185.895,184.733,185.723,121625.6015625
2003-11-21 00:00:00,185.711,186.064,184.837,185.306,114441.1015625
2003-11-22 00:00:00,185.306,185.306,185.306,185.306,0.0
2003-11-23 00:00:00,185.307,185.687,185.205,185.554,5358.7001953125
2003-11-24 00:00:00,185.393,185.835,184.559,185.625,119493.5
2003-11-25 00:00:00,185.65,186.782,185.402,185.622,121597.703125
2003-11-26 00:00:00,185.588,186.833,185.498,186.601,120230.203125
2003-11-27 00:00:00,186.573,187.339,186.165,187.267,118133.1015625
2003-11-28 00:00:00,187.27,188.855,187.211,188.65,114876.203125
2003-11-29 00:00:00,188.65,188.65,188.65,188.65,0.0
2003-11-30 00:00:00,188.758,189.347,188.529,189.292,6026.7998046875
2003-12-01 00:00:00,189.331,189.617,187.542,187.699,121182.5
2003-12-02 00:00:00,187.713,188.85,187.545,188.009,121416.3984375
2003-12-03 00:00:00,188.028,188.194,186.428,187.042,119407.796875
2003-12-04 00:00:00,186.992,187.04,185.857,186.188,120505.0
2003-12-05 00:00:00,186.2,186.722,185.85,186.214,114793.796875
2003-12-06 00:00:00,186.214,186.214,186.214,186.214,0.0
2003-12-07 00:00:00,186.155,186.41,185.768,185.923,5664.39990234375
2003-12-08 00:00:00,185.899,186.712,185.526,186.15,121543.203125
2003-12-09 00:00:00,186.154,187.245,185.798,186.828,120932.703125
2003-12-10 00:00:00,186.874,189.191,186.742,188.473,122085.3984375
2003-12-11 00:00:00,188.474,188.915,188.023,188.563,118932.8984375
2003-12-12 00:00:00,188.581,188.836,187.747,188.24,113356.8984375
2003-12-13 00:00:00,188.24,188.24,188.24,188.24,0.0
2003-12-14 00:00:00,188.143,188.219,187.565,187.948,7477.60009765625
2003-12-15 00:00:00,187.948,188.471,187.457,188.198,120889.1015625
2003-12-16 00:00:00,188.168,188.739,187.664,188.593,120663.796875
2003-12-17 00:00:00,188.567,190.011,188.005,189.485,120073.1015625
2003-12-18 00:00:00,189.491,190.986,189.398,190.64,121883.8984375
2003-12-19 00:00:00,190.625,190.785,189.761,190.177,114152.3984375
2003-12-20 00:00:00,190.177,190.177,190.177,190.177,0.0
2003-12-21 00:00:00,190.127,190.415,189.926,190.031,8070.89990234375
2003-12-22 00:00:00,190.099,190.401,188.862,189.491,120762.703125
2003-12-23 00:00:00,189.49,189.741,189.088,189.394,119447.8984375
2003-12-24 00:00:00,189.351,190.632,188.969,190.293,119462.1015625
2003-12-25 00:00:00,190.279,190.495,189.043,190.315,113311.3984375
2003-12-26 00:00:00,190.309,190.425,189.055,190.207,112956.6015625
2003-12-27 00:00:00,190.207,190.207,190.207,190.207,0.0
2003-12-28 00:00:00,190.193,190.39,189.31,190.115,6195.0
2003-12-29 00:00:00,190.204,190.225,189.118,189.809,119792.8984375
2003-12-30 00:00:00,189.817,190.502,189.501,190.101,119862.296875
2003-12-31 00:00:00,190.119,191.897,189.953,191.025,112755.0
2004-01-01 00:00:00,191.005,191.93,189.202,191.456,82706.1015625
2004-01-02 00:00:00,191.461,192.025,190.222,191.855,114170.8984375
2004-01-03 00:00:00,191.855,191.855,191.855,191.855,0.0
2004-01-04 00:00:00,191.847,192.044,191.329,191.924,5678.5
2004-01-05 00:00:00,191.908,192.589,190.949,191.975,119712.3984375
2004-01-06 00:00:00,191.957,194.042,191.544,193.361,119866.8984375
2004-01-07 00:00:00,193.34,193.871,192.335,192.956,120766.703125
2004-01-08 00:00:00,192.961,194.878,192.123,194.655,119328.0
2004-01-09 00:00:00,194.641,198.037,194.398,197.224,114633.3984375
2004-01-10 00:00:00,197.224,197.224,197.224,197.224,0.0
2004-01-11 00:00:00,196.823,197.093,196.739,196.875,5719.7998046875
2004-01-12 00:00:00,196.867,197.716,196.402,196.72,120293.796875
2004-01-13 00:00:00,196.705,197.12,195.475,196.338,119954.0
2004-01-14 00:00:00,196.317,196.367,194.353,194.666,121494.703125
2004-01-15 00:00:00,194.649,194.968,192.864,193.915,120195.8984375
2004-01-16 00:00:00,193.918,194.002,191.324,191.683,116193.3984375
2004-01-17 00:00:00,191.683,191.683,191.683,191.683,0.0
2004-01-18 00:00:00,191.508,192.043,191.384,191.915,6199.2001953125
2004-01-19 00:00:00,191.902,192.63,190.99,191.092,120600.796875
2004-01-20 00:00:00,191.102,195.355,191.078,194.595,121043.703125
2004-01-21 00:00:00,194.579,196.053,194.522,195.76,121641.796875
2004-01-22 00:00:00,195.751,196.455,195.105,195.625,120735.203125
2004-01-23 00:00:00,195.642,196.056,192.829,194.812,114168.296875
2004-01-24 00:00:00,194.812,194.812,194.812,194.812,0.0
2004-01-25 00:00:00,195.03,195.04,194.077,194.598,6025.5
2004-01-26 00:00:00,194.582,194.592,192.269,192.963,121845.0
2004-01-27 00:00:00,192.966,193.238,190.894,192.896,119591.6015625
2004-01-28 00:00:00,192.89,194.245,192.335,192.621,121075.796875
2004-01-29 00:00:00,192.597,193.668,191.782,192.355,120076.203125
2004-01-30 00:00:00,192.333,193.264,191.011,192.722,117623.3984375
2004-01-31 00:00:00,192.722,192.722,192.722,192.722,0.0
2004-02-01 00:00:00,192.705,192.88,192.425,192.695,5712.0
2004-02-02 00:00:00,192.697,192.934,191.452,192.136,120956.296875
2004-02-03 00:00:00,192.153,194.482,191.943,193.749,121149.6015625
2004-02-04 00:00:00,193.734,193.894,192.903,193.174,122064.1015625
2004-02-05 00:00:00,193.188,194.345,192.974,193.841,120220.1015625
2004-02-06 00:00:00,193.825,195.975,193.772,194.724,114980.3984375
2004-02-07 00:00:00,194.724,194.724,194.724,194.724,0.0
2004-02-08 00:00:00,194.811,195.404,194.442,194.85,5971.89990234375
2004-02-09 00:00:00,194.862,196.903,194.862,196.758,122418.296875
2004-02-10 00:00:00,196.749,197.661,196.462,197.079,120885.6015625
2004-02-11 00:00:00,197.07,199.587,196.824,199.297,121687.6015625
2004-02-12 00:00:00,199.272,199.778,198.899,199.295,120827.796875
2004-02-13 00:00:00,199.289,199.985,198.269,198.715,114801.296875
2004-02-14 00:00:00,198.715,198.715,198.715,198.715,0.0
2004-02-15 00:00:00,198.713,198.815,198.559,198.715,5741.5
2004-02-16 00:00:00,198.74,199.463,198.137,199.114,120733.3984375
2004-02-17 00:00:00,199.121,201.647,199.026,201.166,121960.296875
2004-02-18 00:00:00,201.126,202.597,201.086,201.139,121007.3984375
2004-02-19 00:00:00,201.156,203.218,201.013,203.005,122973.6015625
2004-02-20 00:00:00,203.013,203.814,202.217,202.756,115379.3984375
2004-02-21 00:00:00,202.756,202.756,202.756,202.756,0.0
2004-02-22 00:00:00,202.667,202.877,201.975,202.12,6221.60009765625
2004-02-23 00:00:00,202.162,202.548,200.736,202.255,121394.703125
2004-02-24 00:00:00,202.251,204.718,201.999,204.443,122656.5
2004-02-25 00:00:00,204.445,205.811,203.591,203.982,122474.796875
2004-02-26 00:00:00,203.959,204.551,203.416,204.024,123211.3984375
2004-02-27 00:00:00,204.014,204.183,201.263,203.854,117226.0
2004-02-28 00:00:00,203.854,203.854,203.854,203.854,0.0
2004-02-29 00:00:00,203.655,204.379,203.407,204.347,8497.2998046875
2004-03-01 00:00:00,204.35,204.864,203.066,203.435,122630.1015625
2004-03-02 00:00:00,203.437,204.073,201.965,202.438,121250.796875
2004-03-03 00:00:00,202.418,202.738,199.903,201.208,122975.5
2004-03-04 00:00:00,201.211,202.809,200.751,202.695,121192.203125
2004-03-05 00:00:00,202.695,207.316,201.914,206.76,117454.5
2004-03-06 00:00:00,206.76,206.76,206.76,206.76,0.0
2004-03-07 00:00:00,206.951,207.188,206.825,206.89,8387.400390625
2004-03-08 00:00:00,206.89,207.959,205.123,206.167,121057.203125
2004-03-09 00:00:00,206.177,206.673,202.536,203.449,121084.1015625
2004-03-10 00:00:00,203.415,203.533,199.201,199.958,120601.8984375
2004-03-11 00:00:00,199.955,201.208,198.46,200.554,121472.0
2004-03-12 00:00:00,200.544,200.709,198.363,199.721,114970.0
2004-03-13 00:00:00,199.721,199.721,199.721,199.721,0.0
2004-03-14 00:00:00,199.636,199.725,198.727,199.344,8568.099609375
2004-03-15 00:00:00,199.329,200.789,196.903,198.976,120158.5
2004-03-16 00:00:00,199.009,199.039,196.793,197.06,122934.8984375
2004-03-17 00:00:00,196.87,197.659,195.345,196.647,123345.5
2004-03-18 00:00:00,196.662,197.329,194.409,195.952,122387.5
2004-03-19 00:00:00,195.935,196.889,194.889,195.489,116636.8984375
2004-03-20 00:00:00,195.489,195.489,195.489,195.489,0.0
2004-03-21 00:00:00,195.741,196.047,195.586,195.962,7479.10009765625
2004-03-22 00:00:00,195.999,197.841,195.844,197.149,121715.5
2004-03-23 00:00:00,197.13,197.853,196.554,197.649,121425.1015625
2004-03-24 00:00:00,197.604,198.063,193.332,194.206,123232.0
2004-03-25 00:00:00,194.214,194.246,190.959,191.783,121881.1015625
2004-03-26 00:00:00,191.766,192.7,190.172,192.463,116843.3984375
2004-03-27 00:00:00,192.463,192.463,192.463,192.463,0.0
2004-03-28 00:00:00,191.805,192.035,190.846,191.574,8912.400390625
2004-03-29 00:00:00,191.607,192.372,190.787,191.79,122717.0
2004-03-30 00:00:00,191.807,193.951,191.75,193.396,117075.0
2004-03-31 00:00:00,193.39,193.465,189.602,191.579,124195.0
2004-04-01 00:00:00,191.571,193.034,191.263,192.462,121128.8984375
2004-04-02 00:00:00,192.439,193.284,190.556,191.074,114185.6015625
2004-04-03 00:00:00,191.074,191.074,191.074,191.074,0.0
2004-04-04 00:00:00,191.144,191.163,190.361,190.656,9244.2001953125
2004-04-05 00:00:00,190.675,191.808,189.898,191.638,121838.3984375
2004-04-06 00:00:00,191.702,195.282,191.631,195.074,121982.203125
2004-04-07 00:00:00,195.075,195.24,193.136,193.928,122061.296875
2004-04-08 00:00:00,193.898,195.397,193.765,195.339,121508.3984375
2004-04-09 00:00:00,195.318,195.488,193.936,194.87,109675.296875
2004-04-10 00:00:00,194.87,194.87,194.87,194.87,0.0
2004-04-11 00:00:00,195.12,195.125,194.634,194.966,5333.89990234375
2004-04-12 00:00:00,194.933,195.217,193.173,193.792,121368.5
2004-04-13 00:00:00,193.682,194.667,192.439,194.17,113491.703125
2004-04-14 00:00:00,194.073,194.897,193.265,193.821,123401.1015625
2004-04-15 00:00:00,193.797,195.129,193.002,193.725,122987.203125
2004-04-16 00:00:00,193.839,195.325,193.255,193.877,116151.0
2004-04-17 00:00:00,193.877,193.877,193.877,193.877,0.0
2004-04-18 00:00:00,193.548,193.908,193.467,193.858,8924.7998046875
2004-04-19 00:00:00,193.83,196.486,193.734,196.038,122831.8984375
2004-04-20 00:00:00,196.023,196.608,193.023,194.328,122617.203125
2004-04-21 00:00:00,194.34,194.569,192.956,193.404,121154.296875
2004-04-22 00:00:00,193.415,194.777,193.018,194.441,120682.1015625
2004-04-23 00:00:00,194.445,194.664,192.357,192.955,114675.203125
2004-04-24 00:00:00,192.955,192.955,192.955,192.955,0.0
2004-04-25 00:00:00,193.043,193.511,192.955,193.255,9150.400390625
2004-04-26 00:00:00,193.249,194.478,192.761,193.893,121587.8984375
2004-04-27 00:00:00,193.893,196.68,193.451,196.202,121698.0
2004-04-28 00:00:00,196.207,196.323,194.215,194.787,123355.703125
2004-04-29 00:00:00,194.757,195.757,194.553,194.713,122003.296875
2004-04-30 00:00:00,194.747,196.61,194.708,196.532,112852.0
2004-05-01 00:00:00,196.532,196.532,196.532,196.532,0.0
2004-05-02 00:00:00,196.472,196.54,196.133,196.236,8781.099609375
2004-05-03 00:00:00,196.145,196.302,194.234,195.432,123735.3984375
2004-05-04 00:00:00,195.404,197.507,195.11,196.464,122933.5
2004-05-05 00:00:00,196.453,196.886,194.022,194.775,122485.703125
2004-05-06 00:00:00,194.765,197.387,194.62,197.171,121382.3984375
2004-05-07 00:00:00,197.105,200.745,197.105,200.673,114929.703125
2004-05-08 00:00:00,200.673,200.673,200.673,200.673,0.0
2004-05-09 00:00:00,200.503,201.551,200.09,201.512,9187.400390625
2004-05-10 00:00:00,201.504,202.423,200.212,201.743,122649.0
2004-05-11 00:00:00,201.788,202.035,198.224,198.96,121857.5
2004-05-12 00:00:00,198.96,201.395,197.858,200.019,121099.5
2004-05-13 00:00:00,200.042,202.262,199.945,201.49,122191.6015625
2004-05-14 00:00:00,201.52,202.073,200.534,201.2,114808.703125
2004-05-15 00:00:00,201.2,201.2,201.2,201.2,0.0
2004-05-16 00:00:00,201.002,201.462,200.959,201.328,8863.599609375
2004-05-17 00:00:00,201.345,202.86,199.991,201.304,122601.1015625
2004-05-18 00:00:00,201.27,202.484,199.934,200.941,122661.5
2004-05-19 00:00:00,200.955,201.831,199.911,201.774,121393.5
2004-05-20 00:00:00,201.744,201.935,199.774,200.141,121259.703125
2004-05-21 00:00:00,200.125,201.139,199.454,201.117,115322.0
2004-05-22 00:00:00,201.117,201.117,201.117,201.117,0.0
2004-05-23 00:00:00,200.288,201.244,200.265,200.79,9048.7001953125
2004-05-24 00:00:00,200.78,202.999,200.292,202.585,121428.6015625
2004-05-25 00:00:00,202.548,203.812,201.981,202.751,121343.796875
2004-05-26 00:00:00,202.734,203.174,201.888,202.891,121876.796875
2004-05-27 00:00:00,202.868,204.01,202.573,203.901,123600.296875
2004-05-28 00:00:00,203.927,203.93,201.282,201.963,117108.6015625
2004-05-29 00:00:00,201.963,201.963,201.963,201.963,0.0
2004-05-30 00:00:00,201.963,201.963,201.963,201.963,0.0
2004-05-31 00:00:00,202.17,202.263,200.088,200.8,98303.203125
2004-06-01 00:00:00,200.797,203.691,200.552,203.344,122203.5
2004-06-02 00:00:00,203.35,204.471,201.341,201.682,121950.796875
2004-06-03 00:00:00,201.688,204.794,201.254,204.228,122819.3984375
2004-06-04 00:00:00,204.163,205.23,203.416,204.725,114821.203125
2004-06-05 00:00:00,204.725,204.725,204.725,204.725,0.0
2004-06-06 00:00:00,204.213,204.543,203.905,204.082,8602.7998046875
2004-06-07 00:00:00,204.035,204.488,201.101,201.582,122524.203125
2004-06-08 00:00:00,201.584,202.628,201.086,201.246,122259.796875
2004-06-09 00:00:00,201.29,202.332,198.853,201.747,122427.796875
2004-06-10 00:00:00,201.751,202.032,198.992,201.386,120795.0
2004-06-11 00:00:00,201.409,202.079,199.829,200.24,113262.3984375
2004-06-12 00:00:00,200.24,200.24,200.24,200.24,0.0
2004-06-13 00:00:00,200.224,200.665,200.113,200.257,8818.2998046875
2004-06-14 00:00:00,200.325,202.09,199.712,201.8,122429.1015625
2004-06-15 00:00:00,201.815,201.991,199.832,200.336,123424.0
2004-06-16 00:00:00,200.357,201.608,200.067,200.865,122088.6015625
2004-06-17 00:00:00,200.833,201.617,199.946,200.927,122794.6015625
2004-06-18 00:00:00,200.929,201.084,199.334,200.14,115896.8984375
2004-06-19 00:00:00,200.14,200.14,200.14,200.14,0.0
2004-06-20 00:00:00,199.971,200.061,199.573,199.891,8890.599609375
2004-06-21 00:00:00,199.802,200.285,198.013,199.342,121677.796875
2004-06-22 00:00:00,199.34,199.39,197.349,198.484,122361.5
2004-06-23 00:00:00,198.513,198.522,196.24,196.357,121124.3984375
2004-06-24 00:00:00,196.405,196.727,194.562,195.677,120459.203125
2004-06-25 00:00:00,195.693,196.909,195.098,196.61,116255.796875
2004-06-26 00:00:00,196.61,196.61,196.61,196.61,0.0
2004-06-27 00:00:00,196.494,196.53,196.092,196.404,8905.099609375
2004-06-28 00:00:00,196.425,197.791,196.065,197.571,122048.1015625
2004-06-29 00:00:00,197.53,198.249,195.343,195.75,122701.1015625
2004-06-30 00:00:00,195.72,198.629,195.698,197.035,121267.8984375
2004-07-01 00:00:00,196.94,197.502,195.882,197.307,122336.203125
2004-07-02 00:00:00,197.365,198.956,197.281,198.36,114770.5
2004-07-03 00:00:00,198.36,198.36,198.36,198.36,0.0
2004-07-04 00:00:00,198.392,199.132,198.252,198.888,9014.2998046875
2004-07-05 00:00:00,198.901,200.028,198.787,199.816,120859.3984375
2004-07-06 00:00:00,199.789,201.796,199.789,201.69,121042.703125
2004-07-07 00:00:00,201.747,201.893,200.315,201.173,121394.0
2004-07-08 00:00:00,201.185,202.169,200.962,201.664,121421.203125
2004-07-09 00:00:00,201.681,201.796,200.191,201.19,116515.5
2004-07-10 00:00:00,201.19,201.19,201.19,201.19,0.0
2004-07-11 00:00:00,200.833,200.874,200.148,200.375,8795.400390625
2004-07-12 00:00:00,200.343,202.236,200.072,202.002,121897.703125
2004-07-13 00:00:00,202.011,202.93,201.095,201.688,123022.703125
2004-07-14 00:00:00,201.643,203.382,201.57,202.623,121138.796875
2004-07-15 00:00:00,202.599,203.627,201.831,203.422,122562.3984375
2004-07-16 00:00:00,203.378,203.896,202.67,203.64,115388.6015625
2004-07-17 00:00:00,203.64,203.64,203.64,203.64,0.0
2004-07-18 00:00:00,203.701,204.163,203.631,203.882,8614.5
2004-07-19 00:00:00,203.889,203.932,201.957,202.285,121677.0
2004-07-20 00:00:00,202.28,203.047,200.437,200.796,122014.8984375
2004-07-21 00:00:00,200.859,202.336,200.561,201.95,121932.1015625
2004-07-22 00:00:00,201.86,202.598,201.216,202.446,121828.6015625
2004-07-23 00:00:00,202.368,202.676,201.381,201.913,115626.5
2004-07-24 00:00:00,201.913,201.913,201.913,201.913,0.0
2004-07-25 00:00:00,201.898,201.985,201.527,201.568,8607.099609375
2004-07-26 00:00:00,201.565,202.614,201.001,202.412,121615.0
2004-07-27 00:00:00,202.463,202.883,201.899,202.127,122570.5
2004-07-28 00:00:00,202.132,204.177,202.062,203.716,120955.8984375
2004-07-29 00:00:00,203.708,204.098,203.01,203.725,121374.1015625
2004-07-30 00:00:00,203.694,203.852,201.972,202.467,117563.796875
2004-07-31 00:00:00,202.467,202.467,202.467,202.467,0.0
2004-08-01 00:00:00,202.44,202.764,202.283,202.682,9004.599609375
2004-08-02 00:00:00,202.775,203.209,201.818,202.119,121421.203125
2004-08-03 00:00:00,202.147,202.511,201.295,201.638,121547.5
2004-08-04 00:00:00,201.601,203.322,201.6,202.614,121371.5
2004-08-05 00:00:00,202.625,203.972,202.396,203.785,122266.796875
2004-08-06 00:00:00,203.81,203.957,202.53,203.428,116085.1015625
2004-08-07 00:00:00,203.428,203.428,203.428,203.428,0.0
2004-08-08 00:00:00,203.496,203.731,203.162,203.219,9081.400390625
2004-08-09 00:00:00,203.278,203.998,202.916,203.737,121848.796875
2004-08-10 00:00:00,203.766,204.01,203.101,203.242,121353.8984375
2004-08-11 00:00:00,203.24,203.763,202.131,202.732,121373.796875
2004-08-12 00:00:00,202.743,203.273,201.855,203.188,120742.3984375
2004-08-13 00:00:00,203.25,204.174,202.865,204.151,114397.203125
2004-08-14 00:00:00,204.151,204.151,204.151,204.151,0.0
2004-08-15 00:00:00,203.783,203.988,203.326,203.747,8752.5
2004-08-16 00:00:00,203.726,204.745,202.975,203.027,120609.1015625
2004-08-17 00:00:00,203.022,203.549,200.623,200.898,122447.203125
2004-08-18 00:00:00,200.884,201.387,199.18,199.506,121842.796875
2004-08-19 00:00:00,199.475,200.576,199.193,200.497,123067.203125
2004-08-20 00:00:00,200.512,200.657,198.269,198.667,116047.296875
2004-08-21 00:00:00,198.667,198.667,198.667,198.667,0.0
2004-08-22 00:00:00,198.675,198.812,198.44,198.51,8839.0
2004-08-23 00:00:00,198.425,199.335,198.073,198.695,119907.8984375
2004-08-24 00:00:00,198.738,198.865,195.69,196.474,120628.296875
2004-08-25 00:00:00,196.448,198.497,196.129,197.377,121691.5
2004-08-26 00:00:00,197.42,198.147,196.295,196.93,123434.703125
2004-08-27 00:00:00,196.96,197.362,195.966,196.668,115748.3984375
2004-08-28 00:00:00,196.668,196.668,196.668,196.668,0.0
2004-08-29 00:00:00,196.592,196.592,196.043,196.216,8590.5
2004-08-30 00:00:00,196.202,197.707,196.166,197.696,122518.1015625
2004-08-31 00:00:00,197.68,197.854,196.207,196.662,120312.3984375
2004-09-01 00:00:00,196.656,197.014,195.924,196.055,122113.5
2004-09-02 00:00:00,196.069,196.588,195.339,195.966,121927.296875
2004-09-03 00:00:00,195.997,196.575,194.956,196.173,115198.3984375
2004-09-04 00:00:00,196.173,196.173,196.173,196.173,0.0
2004-09-05 00:00:00,196.208,196.378,195.858,195.972,8975.2998046875
2004-09-06 00:00:00,195.99,196.282,195.42,195.869,120007.3984375
2004-09-07 00:00:00,195.891,196.308,193.639,194.002,122254.6015625
2004-09-08 00:00:00,193.97,195.54,193.943,195.17,121249.1015625
2004-09-09 00:00:00,195.172,196.44,194.983,196.347,119999.203125
2004-09-10 00:00:00,196.415,197.311,196.335,197.18,115640.3984375
2004-09-11 00:00:00,197.18,197.18,197.18,197.18,0.0
2004-09-12 00:00:00,197.046,197.046,196.533,196.741,8748.2998046875
2004-09-13 00:00:00,196.762,198.595,196.407,197.836,121549.0
2004-09-14 00:00:00,197.78,197.962,196.661,196.909,120681.5
2004-09-15 00:00:00,196.884,196.995,195.035,195.498,119690.703125
2004-09-16 00:00:00,195.505,196.673,195.017,196.576,121966.5
2004-09-17 00:00:00,196.603,197.862,196.165,196.644,114436.6015625
2004-09-18 00:00:00,196.644,196.644,196.644,196.644,0.0
2004-09-19 00:00:00,196.748,197.269,196.748,197.16,8931.599609375
2004-09-20 00:00:00,197.166,197.352,195.692,196.144,120263.296875
2004-09-21 00:00:00,196.124,197.656,196.073,196.898,122804.703125
2004-09-22 00:00:00,196.904,198.493,196.866,198.42,121837.5
2004-09-23 00:00:00,198.388,199.69,198.388,198.744,121185.3984375
2004-09-24 00:00:00,198.762,200.112,198.429,199.837,116287.6015625
2004-09-25 00:00:00,199.837,199.837,199.837,199.837,0.0
2004-09-26 00:00:00,199.717,199.801,199.436,199.72,8754.5
2004-09-27 00:00:00,199.724,201.558,199.521,201.435,122041.8984375
2004-09-28 00:00:00,201.414,202.438,201.172,201.701,121986.1015625
2004-09-29 00:00:00,201.683,201.866,199.171,200.001,122056.6015625
2004-09-30 00:00:00,199.985,200.203,198.774,199.301,121615.703125
2004-10-01 00:00:00,199.254,199.662,197.625,198.78,114104.3984375
2004-10-02 00:00:00,198.78,198.78,198.78,198.78,0.0
2004-10-03 00:00:00,198.792,199.062,198.783,198.903,8583.0
2004-10-04 00:00:00,198.891,198.923,197.519,197.749,120711.3984375
2004-10-05 00:00:00,197.747,198.429,197.506,198.101,120579.1015625
2004-10-06 00:00:00,198.088,198.886,197.571,198.128,121917.5
2004-10-07 00:00:00,198.148,198.291,197.512,198.078,121965.203125
2004-10-08 00:00:00,198.087,198.251,196.087,196.507,114287.796875
2004-10-09 00:00:00,196.507,196.507,196.507,196.507,0.0
2004-10-10 00:00:00,196.588,196.63,196.321,196.518,8852.2001953125
2004-10-11 00:00:00,196.489,196.814,195.831,196.701,119668.1015625
2004-10-12 00:00:00,196.676,197.063,195.909,196.09,122350.5
2004-10-13 00:00:00,196.084,197.061,195.822,196.608,120147.5
2004-10-14 00:00:00,196.638,197.265,196.392,196.725,121430.796875
2004-10-15 00:00:00,196.696,197.389,196.207,197.157,115140.796875
2004-10-16 00:00:00,197.157,197.157,197.157,197.157,0.0
2004-10-17 00:00:00,197.147,197.286,196.881,196.975,8856.7998046875
2004-10-18 00:00:00,196.955,197.508,196.311,196.488,120860.5
2004-10-19 00:00:00,196.488,196.645,195.212,195.533,120475.0
2004-10-20 00:00:00,195.563,196.939,195.26,196.817,120781.3984375
2004-10-21 00:00:00,196.778,197.076,195.727,196.296,121738.8984375
2004-10-22 00:00:00,196.265,196.995,195.634,196.162,115823.0
2004-10-23 00:00:00,196.162,196.162,196.162,196.162,0.0
2004-10-24 00:00:00,196.067,196.514,195.353,195.402,8861.2998046875
2004-10-25 00:00:00,195.37,196.707,195.33,196.502,120930.6015625
2004-10-26 00:00:00,196.542,196.811,195.413,195.859,119889.3984375
2004-10-27 00:00:00,195.844,196.481,194.313,194.961,121841.703125
2004-10-28 00:00:00,194.936,195.196,193.937,194.143,120195.0
2004-10-29 00:00:00,194.124,194.64,193.736,194.35,116102.6015625
2004-10-30 00:00:00,194.35,194.35,194.35,194.35,0.0
2004-10-31 00:00:00,194.43,194.851,194.43,194.634,8688.900390625
2004-11-01 00:00:00,194.66,195.361,194.5,195.045,121734.203125
2004-11-02 00:00:00,195.077,195.607,194.731,195.041,120598.6015625
2004-11-03 00:00:00,194.943,196.705,194.785,196.016,121193.0
2004-11-04 00:00:00,196.041,196.531,195.083,195.645,120381.203125
2004-11-05 00:00:00,195.648,196.075,194.885,195.776,115238.296875
2004-11-06 00:00:00,195.776,195.776,195.776,195.776,0.0
2004-11-07 00:00:00,195.7,195.886,195.354,195.766,8664.099609375
2004-11-08 00:00:00,195.789,196.335,195.314,195.837,121303.796875
2004-11-09 00:00:00,195.879,196.511,195.484,196.178,119372.296875
2004-11-10 00:00:00,196.129,197.93,196.041,197.449,119448.6015625
2004-11-11 00:00:00,197.461,197.582,196.108,196.551,120639.1015625
2004-11-12 00:00:00,196.526,196.705,195.164,195.898,116064.203125
2004-11-13 00:00:00,195.898,195.898,195.898,195.898,0.0
2004-11-14 00:00:00,195.997,196.111,195.646,195.667,8554.099609375
2004-11-15 00:00:00,195.683,195.792,194.216,194.533,121215.6015625
2004-11-16 00:00:00,194.578,195.506,194.389,195.302,119721.6015625
2004-11-17 00:00:00,195.264,195.515,192.813,193.343,120053.203125
2004-11-18 00:00:00,193.432,193.547,192.448,192.787,120563.8984375
2004-11-19 00:00:00,192.697,193.075,190.958,191.368,115319.1015625
2004-11-20 00:00:00,191.368,191.368,191.368,191.368,0.0
2004-11-21 00:00:00,191.411,191.809,191.343,191.473,8195.099609375
2004-11-22 00:00:00,191.448,191.979,190.969,191.825,121139.1015625
2004-11-23 00:00:00,191.824,193.665,191.487,193.017,121192.6015625
2004-11-24 00:00:00,193.024,193.8,192.78,193.455,119610.3984375
2004-11-25 00:00:00,193.453,193.973,192.904,193.899,121378.6015625
2004-11-26 00:00:00,193.863,194.994,193.709,194.216,111691.296875
2004-11-27 00:00:00,194.216,194.216,194.216,194.216,0.0
2004-11-28 00:00:00,194.301,194.465,194.087,194.41,8551.400390625
2004-11-29 00:00:00,194.367,195.002,193.9,194.895,121359.0
2004-11-30 00:00:00,194.888,196.943,194.457,196.465,122903.3984375
2004-12-01 00:00:00,196.453,198.574,196.212,198.126,119903.796875
2004-12-02 00:00:00,198.118,198.738,197.431,198.366,121306.703125
2004-12-03 00:00:00,198.367,199.085,198.099,198.412,114899.5
2004-12-04 00:00:00,198.412,198.412,198.412,198.412,0.0
2004-12-05 00:00:00,198.403,198.428,198.05,198.305,8709.900390625
2004-12-06 00:00:00,198.285,200.657,197.963,199.776,119687.0
2004-12-07 00:00:00,199.751,200.382,199.13,200.01,121404.6015625
2004-12-08 00:00:00,199.992,201.977,199.744,201.426,120631.296875
2004-12-09 00:00:00,201.423,201.723,199.719,201.347,121859.296875
2004-12-10 00:00:00,201.342,202.319,200.922,201.419,114676.796875
2004-12-11 00:00:00,201.419,201.419,201.419,201.419,0.0
2004-12-12 00:00:00,201.413,201.689,201.006,201.475,8648.400390625
2004-12-13 00:00:00,201.466,201.917,200.652,201.387,121531.3984375
2004-12-14 00:00:00,201.376,203.653,201.21,202.835,121194.5
2004-12-15 00:00:00,202.801,203.197,201.672,202.482,122987.296875
2004-12-16 00:00:00,202.466,202.999,201.546,202.008,122317.3984375
2004-12-17 00:00:00,202.01,202.705,201.524,202.239,116366.796875
2004-12-18 00:00:00,202.239,202.239,202.239,202.239,0.0
2004-12-19 00:00:00,202.122,202.38,202.044,202.311,8420.7001953125
2004-12-20 00:00:00,202.302,203.376,202.101,202.705,121501.203125
2004-12-21 00:00:00,202.682,202.736,200.789,201.097,121058.3984375
2004-12-22 00:00:00,201.099,201.356,198.531,199.395,121763.0
2004-12-23 00:00:00,199.383,199.912,198.642,199.176,120881.8984375
2004-12-24 00:00:00,199.168,199.886,198.794,199.41,115771.203125
2004-12-25 00:00:00,199.41,199.41,199.41,199.41,0.0
2004-12-26 00:00:00,199.315,199.552,199.248,199.505,8853.7998046875
2004-12-27 00:00:00,199.5,199.944,198.912,199.04,120644.796875
2004-12-28 00:00:00,199.055,200.022,198.537,198.775,120661.296875
2004-12-29 00:00:00,198.778,199.772,198.422,199.148,120558.1015625
2004-12-30 00:00:00,199.21,199.676,197.849,198.063,121900.5
2004-12-31 00:00:00,198.001,198.231,196.219,196.792,115254.203125
2005-01-01 00:00:00,196.792,196.792,196.792,196.792,0.0
2005-01-02 00:00:00,196.804,197.265,196.73,196.808,8422.2001953125
2005-01-03 00:00:00,196.768,196.961,195.322,195.657,119597.703125
2005-01-04 00:00:00,195.654,197.067,195.095,196.474,121153.6015625
2005-01-05 00:00:00,196.47,196.981,195.617,195.886,122344.703125
2005-01-06 00:00:00,195.88,197.214,195.848,196.771,120722.3984375
2005-01-07 00:00:00,196.741,196.879,195.45,195.953,115703.203125
2005-01-08 00:00:00,195.953,195.953,195.953,195.953,0.0
2005-01-09 00:00:00,195.971,196.21,195.783,195.798,8751.400390625
2005-01-10 00:00:00,195.796,196.302,195.067,195.537,121589.6015625
2005-01-11 00:00:00,195.537,195.759,193.593,194.244,121131.5
2005-01-12 00:00:00,194.224,194.301,192.631,193.72,121900.796875
2005-01-13 00:00:00,193.687,193.824,192.431,192.709,121420.6015625
2005-01-14 00:00:00,192.726,193.153,190.059,190.82,116111.3984375
2005-01-15 00:00:00,190.82,190.82,190.82,190.82,0.0
2005-01-16 00:00:00,190.818,190.888,190.488,190.742,8522.900390625
2005-01-17 00:00:00,190.747,191.337,189.531,189.856,119412.0
2005-01-18 00:00:00,189.852,192.397,189.769,190.457,79663.796875
2005-01-19 00:00:00,190.41,192.791,190.41,192.476,121216.703125
2005-01-20 00:00:00,192.462,193.967,191.615,193.347,120801.5
2005-01-21 00:00:00,193.312,194.224,192.409,192.748,114532.8984375
2005-01-22 00:00:00,192.748,192.748,192.748,192.748,0.0
2005-01-23 00:00:00,192.785,193.172,192.785,193.004,8709.7001953125
2005-01-24 00:00:00,192.981,193.799,192.447,192.765,121797.796875
2005-01-25 00:00:00,192.757,194.469,192.662,193.902,121598.6015625
2005-01-26 00:00:00,193.909,194.417,193.053,193.935,120706.203125
2005-01-27 00:00:00,193.891,194.879,193.558,194.436,121551.0
2005-01-28 00:00:00,194.406,195.312,194.246,194.967,114429.296875
2005-01-29 00:00:00,194.967,194.967,194.967,194.967,0.0
2005-01-30 00:00:00,195.262,195.503,195.245,195.365,8491.5
2005-01-31 00:00:00,195.358,195.445,194.677,195.205,122157.296875
2005-02-01 00:00:00,195.187,195.718,194.923,195.166,120378.296875
2005-02-02 00:00:00,195.186,195.959,194.918,195.327,120958.796875
2005-02-03 00:00:00,195.323,196.865,195.295,196.557,120342.796875
2005-02-04 00:00:00,196.579,196.7,194.711,195.238,116248.1015625
2005-02-05 00:00:00,195.238,195.238,195.238,195.238,0.0
2005-02-06 00:00:00,195.21,195.898,195.209,195.404,8324.5
2005-02-07 00:00:00,195.399,195.564,194.492,194.748,121391.8984375
2005-02-08 00:00:00,194.734,196.608,194.7,195.91,122114.5
2005-02-09 00:00:00,195.917,196.843,195.611,196.26,122689.796875
2005-02-10 00:00:00,196.255,198.001,196.18,197.688,120663.203125
2005-02-11 00:00:00,197.694,197.749,196.801,197.502,114824.8984375
2005-02-12 00:00:00,197.502,197.502,197.502,197.502,0.0
2005-02-13 00:00:00,197.496,197.514,196.96,197.103,8719.0
2005-02-14 00:00:00,197.108,198.683,196.325,198.322,121719.6015625
2005-02-15 00:00:00,198.316,198.74,197.177,198.157,122556.203125
2005-02-16 00:00:00,198.156,199.016,197.564,198.759,122758.796875
2005-02-17 00:00:00,198.749,200.127,198.303,199.855,120837.796875
2005-02-18 00:00:00,199.834,200.533,199.217,200.077,115460.703125
2005-02-19 00:00:00,200.077,200.077,200.077,200.077,0.0
2005-02-20 00:00:00,200.095,200.27,199.992,200.012,8612.2998046875
2005-02-21 00:00:00,200.005,200.647,199.747,199.938,120783.0
2005-02-22 00:00:00,199.912,200.174,198.237,199.204,122565.703125
2005-02-23 00:00:00,199.165,200.366,198.978,200.211,121660.296875
2005-02-24 00:00:00,200.24,201.571,199.491,201.251,120886.296875
2005-02-25 00:00:00,201.246,201.997,200.524,201.932,116598.3984375
2005-02-26 00:00:00,201.932,201.932,201.932,201.932,0.0
2005-02-27 00:00:00,201.934,201.96,201.111,201.175,8916.7998046875
2005-02-28 00:00:00,201.183,201.563,200.065,200.594,121040.8984375
2005-03-01 00:00:00,200.641,201.018,199.912,200.388,121011.1015625
2005-03-02 00:00:00,200.401,200.92,199.976,200.45,120592.6015625
2005-03-03 00:00:00,200.446,200.985,200.0,200.79,121815.203125
2005-03-04 00:00:00,200.804,201.553,200.702,201.398,114497.1015625
2005-03-05 00:00:00,201.398,201.398,201.398,201.398,0.0
2005-03-06 00:00:00,201.391,201.555,201.163,201.226,8586.900390625
2005-03-07 00:00:00,201.217,201.632,200.838,201.206,119172.796875
2005-03-08 00:00:00,201.179,202.024,200.84,201.613,119722.0
2005-03-09 00:00:00,201.655,201.907,199.591,199.901,122336.703125
2005-03-10 00:00:00,199.903,201.122,199.768,199.915,122976.8984375
2005-03-11 00:00:00,199.929,200.454,199.572,200.23,114060.703125
2005-03-12 00:00:00,200.23,200.23,200.23,200.23,0.0
2005-03-13 00:00:00,200.22,200.296,199.901,200.035,8463.5
2005-03-14 00:00:00,200.035,201.425,200.016,200.811,122069.1015625
2005-03-15 00:00:00,200.817,200.889,199.655,199.959,123457.203125
2005-03-16 00:00:00,199.942,200.996,199.616,200.79,120046.203125
2005-03-17 00:00:00,200.768,201.384,200.227,201.236,120731.1015625
2005-03-18 00:00:00,201.244,201.514,200.538,201.235,115453.1015625
2005-03-19 00:00:00,201.235,201.235,201.235,201.235,0.0
2005-03-20 00:00:00,201.223,201.223,200.874,200.969,8578.7998046875
2005-03-21 00:00:00,200.954,201.098,199.121,199.397,120759.796875
2005-03-22 00:00:00,199.393,199.803,198.567,199.012,121634.6015625
2005-03-23 00:00:00,199.013,199.125,197.501,198.095,122520.796875
2005-03-24 00:00:00,198.073,199.271,198.066,198.735,122655.296875
2005-03-25 00:00:00,198.729,199.072,198.521,198.896,113049.703125
2005-03-26 00:00:00,198.896,198.896,198.896,198.896,0.0
2005-03-27 00:00:00,198.89,199.187,198.82,199.025,8780.599609375
2005-03-28 00:00:00,199.037,200.307,198.488,200.297,122832.6015625
2005-03-29 00:00:00,200.273,201.836,200.004,201.592,123393.703125
2005-03-30 00:00:00,201.589,202.502,201.061,201.893,122528.0
2005-03-31 00:00:00,201.883,202.819,200.757,202.417,122501.1015625
2005-04-01 00:00:00,202.44,202.987,201.961,202.356,116654.5
2005-04-02 00:00:00,202.356,202.356,202.356,202.356,0.0
2005-04-03 00:00:00,202.356,202.382,202.074,202.215,9330.5
2005-04-04 00:00:00,202.248,203.232,202.103,203.148,122447.1015625
2005-04-05 00:00:00,203.131,203.973,203.045,203.551,122519.203125
2005-04-06 00:00:00,203.573,204.436,202.992,204.38,121595.796875
2005-04-07 00:00:00,204.412,204.43,202.919,203.048,121904.6015625
2005-04-08 00:00:00,203.05,204.231,202.686,204.065,116843.703125
2005-04-09 00:00:00,204.065,204.065,204.065,204.065,0.0
2005-04-10 00:00:00,203.976,204.215,203.768,203.818,9175.0
2005-04-11 00:00:00,203.827,204.292,203.474,203.538,122205.6015625
2005-04-12 00:00:00,203.537,204.628,203.277,203.639,122478.6015625
2005-04-13 00:00:00,203.649,203.714,202.626,203.227,123410.3984375
2005-04-14 00:00:00,203.214,203.729,203.023,203.395,122897.6015625
2005-04-15 00:00:00,203.372,204.142,203.24,204.027,116363.6015625
2005-04-16 00:00:00,204.027,204.027,204.027,204.027,0.0
2005-04-17 00:00:00,203.932,203.965,203.487,203.535,9017.900390625
2005-04-18 00:00:00,203.513,204.796,203.482,204.248,122349.8984375
2005-04-19 00:00:00,204.233,205.282,204.08,204.875,123045.203125
2005-04-20 00:00:00,204.911,205.327,204.367,205.155,121583.296875
2005-04-21 00:00:00,205.193,205.266,203.741,203.842,122814.796875
2005-04-22 00:00:00,203.831,204.019,202.454,202.8,116928.703125
2005-04-23 00:00:00,202.8,202.8,202.8,202.8,0.0
2005-04-24 00:00:00,202.53,202.572,201.625,202.274,9170.2001953125
2005-04-25 00:00:00,202.302,202.627,201.625,201.97,123837.296875
2005-04-26 00:00:00,202.005,202.366,201.563,202.07,122627.8984375
2005-04-27 00:00:00,202.14,202.525,201.206,201.971,122548.5
2005-04-28 00:00:00,201.987,202.467,201.226,202.283,123428.703125
2005-04-29 00:00:00,202.29,202.376,199.678,199.923,115520.296875
2005-04-30 00:00:00,199.923,199.923,199.923,199.923,0.0
2005-05-01 00:00:00,200.06,200.451,200.06,200.121,8928.0
2005-05-02 00:00:00,200.143,200.836,198.639,198.718,121657.6015625
2005-05-03 00:00:00,198.763,199.368,198.383,198.508,121090.6015625
2005-05-04 00:00:00,198.487,199.224,197.93,198.671,121904.0
2005-05-05 00:00:00,198.682,199.171,198.382,198.813,122658.1015625
2005-05-06 00:00:00,198.816,199.186,198.097,198.61,114350.703125
2005-05-07 00:00:00,198.61,198.61,198.61,198.61,0.0
2005-05-08 00:00:00,198.631,199.05,198.6,198.992,9593.400390625
2005-05-09 00:00:00,198.999,199.294,198.32,198.946,120773.703125
2005-05-10 00:00:00,198.977,199.259,198.26,198.628,122609.5
2005-05-11 00:00:00,198.634,199.319,197.665,197.886,121754.0
2005-05-12 00:00:00,197.848,199.234,197.777,198.845,121080.6015625
2005-05-13 00:00:00,198.822,199.419,198.162,198.58,117260.0
2005-05-14 00:00:00,198.58,198.58,198.58,198.58,0.0
2005-05-15 00:00:00,198.488,198.628,198.195,198.47,9422.5
2005-05-16 00:00:00,198.46,198.948,195.726,195.745,120828.5
2005-05-17 00:00:00,195.762,197.402,195.536,196.98,121944.703125
2005-05-18 00:00:00,196.992,197.404,196.396,196.87,123712.8984375
2005-05-19 00:00:00,196.892,197.799,196.762,197.513,121351.296875
2005-05-20 00:00:00,197.524,197.955,197.202,197.792,118557.203125
2005-05-21 00:00:00,197.792,197.792,197.792,197.792,0.0
2005-05-22 00:00:00,197.801,197.812,197.346,197.432,8527.7998046875
2005-05-23 00:00:00,197.445,197.571,196.688,196.854,122727.1015625
2005-05-24 00:00:00,196.845,197.027,196.191,196.3,121579.5
2005-05-25 00:00:00,196.298,197.437,196.054,197.345,122481.703125
2005-05-26 00:00:00,197.34,197.696,196.23,196.602,123309.6015625
2005-05-27 00:00:00,196.617,197.091,196.271,196.913,116708.703125
2005-05-28 00:00:00,196.913,196.913,196.913,196.913,0.0
2005-05-29 00:00:00,196.864,197.209,196.712,196.921,8987.2998046875
2005-05-30 00:00:00,196.929,196.976,196.5,196.685,121912.5
2005-05-31 00:00:00,196.665,197.318,195.828,196.777,122659.3984375
2005-06-01 00:00:00,196.8,197.366,196.176,196.643,122758.703125
2005-06-02 00:00:00,196.698,196.976,196.274,196.436,122554.796875
2005-06-03 00:00:00,196.44,196.485,195.171,195.527,115895.8984375
2005-06-04 00:00:00,195.527,195.527,195.527,195.527,0.0
2005-06-05 00:00:00,195.387,195.52,195.174,195.265,9398.2001953125
2005-06-06 00:00:00,195.318,195.499,194.081,194.792,123966.296875
2005-06-07 00:00:00,194.814,195.674,194.53,195.461,123321.0
2005-06-08 00:00:00,195.507,196.457,195.326,195.6,117584.6015625
2005-06-09 00:00:00,195.6,196.117,195.347,195.815,123112.0
2005-06-10 00:00:00,195.815,196.97,195.26,196.919,113217.0
2005-06-11 00:00:00,196.919,196.919,196.919,196.919,0.0
2005-06-12 00:00:00,196.804,196.862,196.559,196.64,8844.900390625
2005-06-13 00:00:00,196.612,198.076,196.278,197.57,122985.703125
2005-06-14 00:00:00,197.566,197.968,197.297,197.603,122484.796875
2005-06-15 00:00:00,197.59,199.294,197.258,198.77,122017.203125
2005-06-16 00:00:00,198.811,199.004,197.975,197.979,122321.5
2005-06-17 00:00:00,197.955,198.999,197.928,198.687,116706.1015625
2005-06-18 00:00:00,198.687,198.687,198.687,198.687,0.0
2005-06-19 00:00:00,198.652,198.761,198.366,198.688,9121.099609375
2005-06-20 00:00:00,198.675,199.769,198.344,199.26,122518.1015625
2005-06-21 00:00:00,199.272,199.444,197.732,198.343,122814.703125
2005-06-22 00:00:00,198.42,198.794,197.736,197.919,121085.703125
2005-06-23 00:00:00,197.914,198.144,197.397,197.88,123141.8984375
2005-06-24 00:00:00,197.835,199.23,197.607,198.935,116898.703125
2005-06-25 00:00:00,198.935,198.935,198.935,198.935,0.0
2005-06-26 00:00:00,198.867,199.208,198.867,199.118,9317.599609375
2005-06-27 00:00:00,199.082,200.156,199.041,199.851,123402.8984375
2005-06-28 00:00:00,199.902,200.236,199.32,199.444,123806.296875
2005-06-29 00:00:00,199.494,200.358,198.807,199.465,122387.8984375
2005-06-30 00:00:00,199.505,199.66,198.117,198.166,122150.6015625
2005-07-01 00:00:00,198.137,198.93,197.051,197.558,115190.0
2005-07-02 00:00:00,197.558,197.558,197.558,197.558,0.0
2005-07-03 00:00:00,197.208,197.231,196.473,196.798,9107.7001953125
2005-07-04 00:00:00,196.804,196.9,195.832,196.607,123091.0
2005-07-05 00:00:00,196.543,196.694,195.835,196.268,123587.8984375
2005-07-06 00:00:00,196.238,197.277,195.857,196.768,124279.0
2005-07-07 00:00:00,196.773,196.892,194.477,195.388,122931.203125
2005-07-08 00:00:00,195.361,195.789,194.423,194.935,117940.3984375
2005-07-09 00:00:00,194.935,194.935,194.935,194.935,0.0
2005-07-10 00:00:00,194.897,194.974,194.683,194.917,9186.099609375
2005-07-11 00:00:00,194.949,196.711,194.734,196.132,124321.5
2005-07-12 00:00:00,196.135,197.284,195.907,197.085,121099.6015625
2005-07-13 00:00:00,197.06,197.589,196.333,197.281,122027.796875
2005-07-14 00:00:00,197.271,197.716,196.763,197.309,122861.8984375
2005-07-15 00:00:00,197.301,197.538,196.432,196.528,116936.1015625
2005-07-16 00:00:00,196.528,196.528,196.528,196.528,0.0
2005-07-17 00:00:00,196.625,196.86,196.362,196.824,9012.7001953125
2005-07-18 00:00:00,196.775,196.996,195.302,195.578,121999.5
2005-07-19 00:00:00,195.582,201.198,195.392,196.075,124221.3984375
2005-07-20 00:00:00,196.096,196.841,195.625,196.247,120770.8984375
2005-07-21 00:00:00,196.252,196.804,192.621,193.866,121027.5
2005-07-22 00:00:00,193.816,194.989,192.952,193.587,113976.5
2005-07-23 00:00:00,193.587,193.587,193.587,193.587,0.0
2005-07-24 00:00:00,193.472,193.931,193.238,193.763,8888.2998046875
2005-07-25 00:00:00,193.714,195.069,193.389,194.56,121007.0
2005-07-26 00:00:00,194.528,195.753,194.507,195.465,119960.3984375
2005-07-27 00:00:00,195.467,196.317,195.22,195.71,121462.703125
2005-07-28 00:00:00,195.722,197.333,195.674,197.045,121135.796875
2005-07-29 00:00:00,197.002,197.821,196.46,197.748,115858.5
2005-07-30 00:00:00,197.748,197.748,197.748,197.748,0.0
2005-07-31 00:00:00,197.74,197.869,197.59,197.673,9119.400390625
2005-08-01 00:00:00,197.742,198.615,197.358,198.36,121029.3984375
2005-08-02 00:00:00,198.36,198.506,196.919,197.271,121340.8984375
2005-08-03 00:00:00,197.274,198.5,197.219,197.652,122225.0
2005-08-04 00:00:00,197.652,198.499,196.879,198.055,121522.5
2005-08-05 00:00:00,198.03,199.273,197.944,198.858,114834.8984375
2005-08-06 00:00:00,198.858,198.858,198.858,198.858,0.0
2005-08-07 00:00:00,199.134,199.469,199.127,199.376,9288.7998046875
2005-08-08 00:00:00,199.393,200.23,199.213,199.955,121097.203125
2005-08-09 00:00:00,199.977,200.17,199.544,199.675,120554.6015625
2005-08-10 00:00:00,199.659,199.699,198.199,198.599,120484.6015625
2005-08-11 00:00:00,198.624,199.057,198.113,198.84,121624.296875
2005-08-12 00:00:00,198.763,199.012,198.363,198.529,113539.203125
2005-08-13 00:00:00,198.529,198.529,198.529,198.529,0.0
2005-08-14 00:00:00,198.508,198.815,198.406,198.635,9244.2001953125
2005-08-15 00:00:00,198.628,198.98,197.512,197.758,121658.5
2005-08-16 00:00:00,197.776,198.61,197.34,198.314,121924.203125
2005-08-17 00:00:00,198.295,198.739,197.662,198.308,120703.0
2005-08-18 00:00:00,198.334,199.297,197.932,197.986,121080.0
2005-08-19 00:00:00,197.95,198.693,197.788,198.263,115565.796875
2005-08-20 00:00:00,198.263,198.263,198.263,198.263,0.0
2005-08-21 00:00:00,198.286,198.526,198.232,198.327,8945.5
2005-08-22 00:00:00,198.32,198.369,196.743,197.518,122443.703125
2005-08-23 00:00:00,197.525,198.145,197.232,198.028,121150.0
2005-08-24 00:00:00,198.047,198.617,197.933,198.529,122009.0
2005-08-25 00:00:00,198.523,198.729,197.732,198.388,121276.0
2005-08-26 00:00:00,198.383,198.632,197.581,198.228,114982.6015625
2005-08-27 00:00:00,198.228,198.228,198.228,198.228,0.0
2005-08-28 00:00:00,198.261,198.691,198.184,198.632,9125.7001953125
2005-08-29 00:00:00,198.63,199.407,198.329,198.573,121689.796875
2005-08-30 00:00:00,198.597,199.191,198.387,198.85,121030.1015625
2005-08-31 00:00:00,198.857,199.953,198.491,199.573,121111.6015625
2005-09-01 00:00:00,199.592,201.541,199.38,201.299,119630.3984375
2005-09-02 00:00:00,201.273,202.479,200.815,202.315,114615.8984375
2005-09-03 00:00:00,202.315,202.315,202.315,202.315,0.0
2005-09-04 00:00:00,202.22,202.237,201.51,201.702,8895.599609375
2005-09-05 00:00:00,201.712,201.981,201.057,201.392,122245.8984375
2005-09-06 00:00:00,201.371,202.226,200.944,201.391,120224.796875
2005-09-07 00:00:00,201.379,202.649,201.11,202.118,120353.796875
2005-09-08 00:00:00,202.167,203.458,202.078,202.959,120342.796875
2005-09-09 00:00:00,202.926,203.381,201.563,201.692,115859.8984375
2005-09-10 00:00:00,201.692,201.692,201.692,201.692,0.0
2005-09-11 00:00:00,201.597,201.597,200.546,201.15,8980.2001953125
2005-09-12 00:00:00,201.157,201.587,199.956,200.687,121737.703125
2005-09-13 00:00:00,200.66,202.209,200.506,201.744,120056.8984375
2005-09-14 00:00:00,201.729,202.152,200.869,201.401,121245.3984375
2005-09-15 00:00:00,201.409,201.532,199.047,200.003,122095.8984375
2005-09-16 00:00:00,199.956,201.509,199.937,201.209,115271.1015625
2005-09-17 00:00:00,201.209,201.209,201.209,201.209,0.0
2005-09-18 00:00:00,201.248,201.248,200.526,200.997,8994.099609375
2005-09-19 00:00:00,201.038,201.282,200.462,201.115,121302.5
2005-09-20 00:00:00,201.121,201.522,200.486,201.074,120413.1015625
2005-09-21 00:00:00,201.022,201.786,200.929,201.318,121186.0
2005-09-22 00:00:00,201.32,201.984,199.523,199.958,121300.3984375
2005-09-23 00:00:00,199.923,200.12,198.823,199.758,115665.203125
2005-09-24 00:00:00,199.758,199.758,199.758,199.758,0.0
2005-09-25 00:00:00,199.674,199.674,198.97,199.108,9183.5
2005-09-26 00:00:00,199.076,199.841,198.937,199.68,119680.296875
2005-09-27 00:00:00,199.707,200.426,199.212,200.16,120769.296875
2005-09-28 00:00:00,200.159,200.369,199.366,199.731,120923.0
2005-09-29 00:00:00,199.71,199.882,198.883,199.22,118393.703125
2005-09-30 00:00:00,199.221,201.336,198.871,201.312,114553.3984375
2005-10-01 00:00:00,201.312,201.312,201.312,201.312,0.0
2005-10-02 00:00:00,201.018,201.032,199.736,200.038,9181.0
2005-10-03 00:00:00,200.041,200.598,199.774,200.458,120018.3984375
2005-10-04 00:00:00,200.425,201.207,200.181,201.054,119740.5
2005-10-05 00:00:00,201.017,201.905,200.205,201.446,120493.6015625
2005-10-06 00:00:00,201.432,202.004,200.978,201.426,120002.8984375
2005-10-07 00:00:00,201.447,201.622,200.07,200.35,113566.296875
2005-10-08 00:00:00,200.35,200.35,200.35,200.35,0.0
2005-10-09 00:00:00,200.227,200.247,199.805,199.982,8918.400390625
2005-10-10 00:00:00,200.06,200.568,199.909,200.089,119540.6015625
2005-10-11 00:00:00,200.054,200.249,199.113,199.673,120268.0
2005-10-12 00:00:00,199.656,200.575,199.496,200.54,120560.1015625
2005-10-13 00:00:00,200.531,201.372,200.185,200.913,121306.296875
2005-10-14 00:00:00,200.964,201.895,200.682,201.691,113748.3984375
2005-10-15 00:00:00,201.691,201.691,201.691,201.691,0.0
2005-10-16 00:00:00,201.698,201.93,201.457,201.462,9009.2001953125
2005-10-17 00:00:00,201.43,202.039,201.165,201.885,120953.296875
2005-10-18 00:00:00,201.875,202.671,201.743,202.27,119153.8984375
2005-10-19 00:00:00,202.299,203.789,202.044,203.391,119961.6015625
2005-10-20 00:00:00,203.398,204.762,203.217,204.513,120866.5
2005-10-21 00:00:00,204.531,205.559,204.459,204.951,114699.3984375
2005-10-22 00:00:00,204.951,204.951,204.951,204.951,0.0
2005-10-23 00:00:00,204.823,204.823,204.508,204.635,9308.0
2005-10-24 00:00:00,204.605,204.83,203.708,204.184,119170.203125
2005-10-25 00:00:00,204.175,205.46,203.758,205.32,121726.3984375
2005-10-26 00:00:00,205.295,206.238,204.761,206.182,120139.0
2005-10-27 00:00:00,206.174,206.351,205.203,205.619,122375.296875
2005-10-28 00:00:00,205.671,205.843,204.969,205.108,116471.796875
2005-10-29 00:00:00,205.108,205.108,205.108,205.108,0.0
2005-10-30 00:00:00,205.135,205.435,205.135,205.378,9055.099609375
2005-10-31 00:00:00,205.378,206.584,205.109,205.896,119124.3984375
2005-11-01 00:00:00,205.925,206.595,205.422,206.028,119975.1015625
2005-11-02 00:00:00,205.999,207.712,205.777,207.398,119758.0
2005-11-03 00:00:00,207.382,208.001,207.184,207.597,119681.1015625
2005-11-04 00:00:00,207.583,208.118,206.393,206.961,115326.3984375
2005-11-05 00:00:00,206.961,206.961,206.961,206.961,0.0
2005-11-06 00:00:00,206.888,206.901,206.41,206.713,8846.0
2005-11-07 00:00:00,206.716,206.82,204.843,205.013,120266.203125
2005-11-08 00:00:00,205.004,205.124,203.866,204.527,120659.1015625
2005-11-09 00:00:00,204.526,205.362,203.751,205.307,120137.1015625
2005-11-10 00:00:00,205.306,206.23,204.85,205.217,120077.796875
2005-11-11 00:00:00,205.222,205.614,204.777,205.535,115206.796875
2005-11-12 00:00:00,205.535,205.535,205.535,205.535,0.0
2005-11-13 00:00:00,205.465,205.805,205.412,205.478,9123.900390625
2005-11-14 00:00:00,205.409,207.09,205.289,206.372,122054.296875
2005-11-15 00:00:00,206.361,206.844,205.875,206.298,119893.296875
2005-11-16 00:00:00,206.3,206.935,204.124,204.672,118566.8984375
2005-11-17 00:00:00,204.659,204.679,203.72,204.271,119134.0
2005-11-18 00:00:00,204.278,204.786,203.783,204.51,112517.0
2005-11-19 00:00:00,204.51,204.51,204.51,204.51,0.0
2005-11-20 00:00:00,204.487,204.823,204.313,204.557,8917.900390625
2005-11-21 00:00:00,204.559,205.035,203.897,204.317,118487.5
2005-11-22 00:00:00,204.326,204.736,203.482,204.53,116953.1015625
2005-11-23 00:00:00,204.532,204.831,203.669,204.423,119811.796875
2005-11-24 00:00:00,204.421,205.184,204.239,205.117,118682.796875
2005-11-25 00:00:00,205.101,205.657,204.749,205.04,113807.796875
2005-11-26 00:00:00,205.04,205.04,205.04,205.04,0.0
2005-11-27 00:00:00,204.992,205.235,204.674,205.205,8657.0
2005-11-28 00:00:00,205.214,205.701,204.351,205.487,117948.3984375
2005-11-29 00:00:00,205.491,205.742,205.022,205.551,117519.296875
2005-11-30 00:00:00,205.529,207.542,205.157,207.087,119315.203125
2005-12-01 00:00:00,207.07,208.957,206.89,208.582,119274.703125
2005-12-02 00:00:00,208.586,209.591,207.95,208.95,113506.6015625
2005-12-03 00:00:00,208.95,208.95,208.95,208.95,0.0
2005-12-04 00:00:00,209.398,209.977,209.215,209.649,9176.099609375
2005-12-05 00:00:00,209.65,210.712,209.37,210.425,117646.796875
2005-12-06 00:00:00,210.412,211.358,209.766,210.162,119111.3984375
2005-12-07 00:00:00,210.162,210.497,209.159,209.941,118082.296875
2005-12-08 00:00:00,209.932,211.111,208.847,210.988,119328.6015625
2005-12-09 00:00:00,211.006,211.824,210.376,211.68,112270.0
2005-12-10 00:00:00,211.68,211.68,211.68,211.68,0.0
2005-12-11 00:00:00,211.558,211.66,211.162,211.591,8610.2001953125
2005-12-12 00:00:00,211.58,212.874,211.512,212.765,119630.203125
2005-12-13 00:00:00,212.769,212.996,211.906,212.468,119581.5
2005-12-14 00:00:00,212.471,212.493,206.897,208.18,119738.296875
2005-12-15 00:00:00,208.176,208.458,204.958,205.268,119590.296875
2005-12-16 00:00:00,205.287,206.293,203.933,205.06,114238.296875
2005-12-17 00:00:00,205.06,205.06,205.06,205.06,0.0
2005-12-18 00:00:00,204.992,204.992,204.371,204.776,9163.900390625
2005-12-19 00:00:00,204.765,206.512,204.076,204.546,118170.0
2005-12-20 00:00:00,204.557,205.98,204.428,205.902,118501.5
2005-12-21 00:00:00,205.897,205.913,204.072,204.858,118397.203125
2005-12-22 00:00:00,204.875,205.183,202.281,202.627,119118.8984375
2005-12-23 00:00:00,202.615,202.915,201.111,201.42,112677.703125
2005-12-24 00:00:00,201.42,201.42,201.42,201.42,0.0
2005-12-25 00:00:00,201.406,201.861,201.314,201.577,8374.599609375
2005-12-26 00:00:00,201.587,202.073,201.101,201.676,120163.3984375
2005-12-27 00:00:00,201.678,203.465,201.653,202.908,118077.6015625
2005-12-28 00:00:00,202.904,203.797,201.831,202.368,118431.5
2005-12-29 00:00:00,202.354,203.492,202.315,203.185,117201.3984375
2005-12-30 00:00:00,203.173,203.556,201.828,202.79,112743.703125
2005-12-31 00:00:00,202.79,202.79,202.79,202.79,0.0
2006-01-01 00:00:00,202.847,202.876,202.828,202.845,8408.7001953125
2006-01-02 00:00:00,202.842,202.882,202.347,202.355,118189.703125
2006-01-03 00:00:00,202.378,203.209,202.227,202.678,118404.6015625
2006-01-04 00:00:00,202.648,204.723,202.36,204.206,119243.8984375
2006-01-05 00:00:00,204.184,204.547,202.93,203.505,120046.6015625
2006-01-06 00:00:00,203.502,203.979,202.103,202.68,112484.0
2006-01-07 00:00:00,202.68,202.68,202.68,202.68,0.0
2006-01-08 00:00:00,202.549,202.696,202.251,202.506,8564.400390625
2006-01-09 00:00:00,202.503,202.567,201.135,202.032,118873.796875
2006-01-10 00:00:00,202.024,202.587,201.519,201.88,118199.5
2006-01-11 00:00:00,201.865,202.322,200.556,201.863,119115.6015625
2006-01-12 00:00:00,201.859,201.924,200.681,201.69,118695.796875
2006-01-13 00:00:00,201.679,203.164,201.486,202.83,113273.1015625
2006-01-14 00:00:00,202.83,202.83,202.83,202.83,0.0
2006-01-15 00:00:00,202.837,203.01,202.328,202.377,9124.2001953125
2006-01-16 00:00:00,202.352,203.47,202.352,203.225,117476.0
2006-01-17 00:00:00,203.224,204.314,202.395,204.169,118942.3984375
2006-01-18 00:00:00,204.161,204.477,202.791,203.073,119265.296875
2006-01-19 00:00:00,203.069,203.283,202.027,202.905,118958.703125
2006-01-20 00:00:00,202.888,204.226,202.323,204.15,112272.0
2006-01-21 00:00:00,204.15,204.15,204.15,204.15,0.0
2006-01-22 00:00:00,204.06,204.214,203.559,204.104,8814.599609375
2006-01-23 00:00:00,204.094,204.899,203.397,204.412,119985.6015625
2006-01-24 00:00:00,204.415,205.306,204.131,205.153,116996.6015625
2006-01-25 00:00:00,205.155,207.123,204.791,206.526,119133.1015625
2006-01-26 00:00:00,206.513,207.602,206.115,207.125,118867.3984375
2006-01-27 00:00:00,207.112,208.11,206.553,207.21,112659.703125
2006-01-28 00:00:00,207.21,207.21,207.21,207.21,0.0
2006-01-29 00:00:00,207.296,207.405,206.985,207.047,8738.2998046875
2006-01-30 00:00:00,207.034,208.254,206.962,207.805,117300.203125
2006-01-31 00:00:00,207.794,208.992,207.328,208.606,119988.0
2006-02-01 00:00:00,208.624,209.88,208.219,209.32,120073.0
2006-02-02 00:00:00,209.311,211.115,209.265,210.742,118347.796875
2006-02-03 00:00:00,210.729,210.872,209.351,209.58,114494.5
2006-02-04 00:00:00,209.58,209.58,209.58,209.58,0.0
2006-02-05 00:00:00,209.618,209.618,209.287,209.515,8721.0
2006-02-06 00:00:00,209.5,209.505,207.518,207.97,117762.1015625
2006-02-07 00:00:00,207.971,208.125,205.306,205.487,119580.6015625
2006-02-08 00:00:00,205.484,206.671,205.176,206.285,118665.296875
2006-02-09 00:00:00,206.292,207.22,205.996,207.212,118219.796875
2006-02-10 00:00:00,207.212,207.269,204.789,205.54,113275.8984375
2006-02-11 00:00:00,205.54,205.54,205.54,205.54,0.0
2006-02-12 00:00:00,205.44,205.453,205.165,205.173,8828.5
2006-02-13 00:00:00,205.166,205.64,204.624,204.865,118631.203125
2006-02-14 00:00:00,204.863,204.893,202.869,204.176,119264.6015625
2006-02-15 00:00:00,204.154,205.317,203.689,205.219,117969.5
2006-02-16 00:00:00,205.212,205.258,204.095,204.315,121091.1015625
2006-02-17 00:00:00,204.305,206.259,204.252,205.64,112835.203125
2006-02-18 00:00:00,205.64,205.64,205.64,205.64,0.0
2006-02-19 00:00:00,205.59,206.137,205.59,205.741,8984.900390625
2006-02-20 00:00:00,205.717,206.451,205.643,206.414,118645.203125
2006-02-21 00:00:00,206.424,207.714,206.3,207.331,118206.296875
2006-02-22 00:00:00,207.316,207.443,206.02,206.395,118581.6015625
2006-02-23 00:00:00,206.392,206.543,204.674,205.034,119382.1015625
2006-02-24 00:00:00,205.039,205.09,203.639,203.945,113901.796875
2006-02-25 00:00:00,203.945,203.945,203.945,203.945,0.0
2006-02-26 00:00:00,203.922,204.071,203.505,203.641,8811.2998046875
2006-02-27 00:00:00,203.639,203.758,201.652,202.106,118240.796875
2006-02-28 00:00:00,202.121,203.403,201.956,202.997,119468.1015625
2006-03-01 00:00:00,203.03,204.166,202.73,203.048,117858.0
2006-03-02 00:00:00,203.048,203.492,202.478,202.98,119046.296875
2006-03-03 00:00:00,202.987,204.628,202.987,204.28,112614.296875
2006-03-04 00:00:00,204.28,204.28,204.28,204.28,0.0
2006-03-05 00:00:00,204.298,204.523,204.012,204.264,8278.099609375
2006-03-06 00:00:00,204.241,206.029,204.216,205.725,118287.296875
2006-03-07 00:00:00,205.712,205.723,203.96,204.346,118457.296875
2006-03-08 00:00:00,204.341,205.079,203.738,204.547,118345.296875
2006-03-09 00:00:00,204.537,205.462,203.679,205.106,120484.703125
2006-03-10 00:00:00,205.099,205.932,204.782,205.345,112467.3984375
2006-03-11 00:00:00,205.345,205.345,205.345,205.345,0.0
2006-03-12 00:00:00,205.269,205.648,204.983,205.59,8975.5
2006-03-13 00:00:00,205.554,206.149,204.884,205.933,117919.703125
2006-03-14 00:00:00,205.935,206.032,204.658,205.513,118213.703125
2006-03-15 00:00:00,205.507,205.633,204.71,205.323,118556.6015625
2006-03-16 00:00:00,205.331,205.794,205.082,205.264,117770.5
2006-03-17 00:00:00,205.252,205.303,203.212,203.55,114234.703125
2006-03-18 00:00:00,203.55,203.55,203.55,203.55,0.0
2006-03-19 00:00:00,203.511,203.9,203.354,203.866,8916.2998046875
2006-03-20 00:00:00,203.829,204.482,202.775,204.277,117639.203125
2006-03-21 00:00:00,204.276,204.994,203.516,204.96,119239.203125
2006-03-22 00:00:00,204.942,205.211,203.838,204.13,119860.5
2006-03-23 00:00:00,204.124,204.685,203.537,204.275,118494.1015625
2006-03-24 00:00:00,204.259,205.715,204.231,204.59,113269.0
2006-03-25 00:00:00,204.59,204.59,204.59,204.59,0.0
2006-03-26 00:00:00,204.663,204.962,204.647,204.874,9322.0
2006-03-27 00:00:00,204.864,204.961,203.291,203.552,119083.3984375
2006-03-28 00:00:00,203.541,205.766,203.151,205.196,119033.6015625
2006-03-29 00:00:00,205.176,205.559,204.001,204.393,117967.296875
2006-03-30 00:00:00,204.39,205.306,203.879,204.786,118631.0
2006-03-31 00:00:00,204.811,205.28,204.099,204.5,112881.296875
2006-04-01 00:00:00,204.5,204.5,204.5,204.5,0.0
2006-04-02 00:00:00,204.483,204.755,204.136,204.649,8444.0
2006-04-03 00:00:00,204.643,205.242,204.07,204.801,118980.796875
2006-04-04 00:00:00,204.798,206.325,204.423,206.023,118554.0
2006-04-05 00:00:00,206.014,206.078,205.191,206.009,120155.3984375
2006-04-06 00:00:00,205.982,206.84,205.572,206.097,119873.703125
2006-04-07 00:00:00,206.124,206.562,205.105,206.204,113805.6015625
2006-04-08 00:00:00,206.204,206.204,206.204,206.204,0.0
2006-04-09 00:00:00,205.849,206.032,205.76,205.895,9068.900390625
2006-04-10 00:00:00,205.884,206.84,205.698,206.558,118315.5
2006-04-11 00:00:00,206.558,207.31,206.013,206.557,118454.703125
2006-04-12 00:00:00,206.542,207.438,206.094,207.271,117705.703125
2006-04-13 00:00:00,207.261,207.909,207.085,207.82,118366.6015625
2006-04-14 00:00:00,207.811,207.918,207.462,207.691,111897.5
2006-04-15 00:00:00,207.691,207.691,207.691,207.691,0.0
2006-04-16 00:00:00,207.769,207.934,207.635,207.786,8577.2998046875
2006-04-17 00:00:00,207.781,208.643,207.538,208.487,118001.1015625
2006-04-18 00:00:00,208.485,209.212,208.367,208.568,117754.203125
2006-04-19 00:00:00,208.615,210.771,208.136,210.209,118935.5
2006-04-20 00:00:00,210.169,210.471,208.65,208.94,119304.0
2006-04-21 00:00:00,208.921,209.695,207.534,207.638,113013.3984375
2006-04-22 00:00:00,207.638,207.638,207.638,207.638,0.0
2006-04-23 00:00:00,207.157,207.208,206.275,207.016,8990.5
2006-04-24 00:00:00,207.057,207.089,204.435,204.704,119105.5
2006-04-25 00:00:00,204.698,205.493,204.093,205.361,118895.703125
2006-04-26 00:00:00,205.361,205.826,204.527,204.757,120789.296875
2006-04-27 00:00:00,204.775,205.809,203.832,205.475,118270.5
2006-04-28 00:00:00,205.471,207.846,205.42,207.715,112634.6015625
2006-04-29 00:00:00,207.715,207.715,207.715,207.715,0.0
2006-04-30 00:00:00,207.406,207.525,207.143,207.387,9277.2001953125
2006-05-01 00:00:00,207.375,207.662,206.155,207.24,119440.3984375
2006-05-02 00:00:00,207.226,208.802,207.056,208.098,118283.8984375
2006-05-03 00:00:00,208.094,209.591,208.037,209.325,119047.203125
2006-05-04 00:00:00,209.316,210.632,209.04,210.127,120088.703125
2006-05-05 00:00:00,210.134,210.97,208.615,209.324,113699.3984375
2006-05-06 00:00:00,209.324,209.324,209.324,209.324,0.0
2006-05-07 00:00:00,209.033,209.059,208.363,208.708,8892.7998046875
2006-05-08 00:00:00,208.698,208.894,206.897,207.449,119040.796875
2006-05-09 00:00:00,207.417,207.584,206.642,207.149,119591.296875
2006-05-10 00:00:00,207.161,207.478,205.312,206.396,117946.796875
2006-05-11 00:00:00,206.384,208.419,205.893,207.723,119792.703125
2006-05-12 00:00:00,207.718,208.944,207.197,208.495,114110.796875
2006-05-13 00:00:00,208.495,208.495,208.495,208.495,0.0
2006-05-14 00:00:00,208.365,208.387,207.795,208.23,10273.7001953125
2006-05-15 00:00:00,208.204,208.342,206.892,207.948,118561.703125
2006-05-16 00:00:00,207.928,207.975,206.812,207.025,121072.1015625
2006-05-17 00:00:00,207.014,209.178,206.409,208.915,119091.6015625
2006-05-18 00:00:00,208.907,210.043,208.168,209.277,120023.296875
2006-05-19 00:00:00,209.288,210.135,209.042,209.708,113215.5
2006-05-20 00:00:00,209.708,209.708,209.708,209.708,0.0
2006-05-21 00:00:00,209.88,209.97,209.333,209.902,9769.7001953125
2006-05-22 00:00:00,209.877,211.114,209.386,210.365,119115.203125
2006-05-23 00:00:00,210.362,210.769,209.09,210.501,119608.8984375
2006-05-24 00:00:00,210.497,211.202,210.199,210.705,120460.3984375
2006-05-25 00:00:00,210.696,210.907,208.961,209.097,119791.3984375
2006-05-26 00:00:00,209.058,209.729,208.519,209.425,113840.796875
2006-05-27 00:00:00,209.425,209.425,209.425,209.425,0.0
2006-05-28 00:00:00,209.265,209.287,208.811,208.942,10000.0
2006-05-29 00:00:00,208.985,209.389,208.69,209.295,117736.796875
2006-05-30 00:00:00,209.296,211.449,209.063,211.146,119440.5
2006-05-31 00:00:00,211.156,211.315,209.68,210.436,118035.3984375
2006-06-01 00:00:00,210.423,210.811,209.773,209.919,120234.703125
2006-06-02 00:00:00,209.924,210.731,209.848,210.2,113238.703125
2006-06-03 00:00:00,210.2,210.2,210.2,210.2,0.0
2006-06-04 00:00:00,210.255,210.428,210.092,210.334,10155.5
2006-06-05 00:00:00,210.332,210.843,209.606,210.076,117594.5
2006-06-06 00:00:00,210.079,211.114,209.876,210.502,118789.8984375
2006-06-07 00:00:00,210.499,210.954,210.366,210.608,119357.796875
2006-06-08 00:00:00,210.597,211.05,209.597,210.03,120263.6015625
2006-06-09 00:00:00,210.032,210.14,209.575,209.716,113004.3984375
2006-06-10 00:00:00,209.716,209.716,209.716,209.716,0.0
2006-06-11 00:00:00,209.595,210.059,209.573,210.043,9498.2001953125
2006-06-12 00:00:00,210.047,210.855,209.888,210.536,120351.3984375
2006-06-13 00:00:00,210.54,212.039,210.475,211.355,117829.0
2006-06-14 00:00:00,211.346,212.388,211.064,211.84,118451.3984375
2006-06-15 00:00:00,211.832,212.746,211.475,212.306,118905.296875
2006-06-16 00:00:00,212.297,213.348,212.212,213.078,115175.6015625
2006-06-17 00:00:00,213.078,213.078,213.078,213.078,0.0
2006-06-18 00:00:00,213.055,213.675,213.043,213.527,10032.7998046875
2006-06-19 00:00:00,213.539,213.58,211.892,212.463,118019.796875
2006-06-20 00:00:00,212.463,212.594,211.262,211.785,119483.796875
2006-06-21 00:00:00,211.768,212.149,211.209,211.801,118500.6015625
2006-06-22 00:00:00,211.827,212.581,211.343,212.048,120171.3984375
2006-06-23 00:00:00,212.057,212.404,210.865,211.625,113622.0
2006-06-24 00:00:00,211.625,211.625,211.625,211.625,0.0
2006-06-25 00:00:00,211.855,211.962,211.665,211.755,10031.599609375
2006-06-26 00:00:00,211.744,212.109,211.276,211.793,118580.0
2006-06-27 00:00:00,211.782,212.3,211.408,211.875,120366.5
2006-06-28 00:00:00,211.86,211.917,211.118,211.451,118654.1015625
2006-06-29 00:00:00,211.466,211.896,209.89,210.415,120243.6015625
2006-06-30 00:00:00,210.412,211.741,209.822,211.575,113626.0
2006-07-01 00:00:00,211.575,211.575,211.575,211.575,0.0
2006-07-02 00:00:00,211.257,211.439,210.978,210.995,8751.5
2006-07-03 00:00:00,210.985,211.857,210.761,211.302,118674.296875
2006-07-04 00:00:00,211.296,212.463,210.967,212.198,119628.6015625
2006-07-05 00:00:00,212.186,212.452,211.419,212.137,119861.8984375
2006-07-06 00:00:00,212.144,212.22,211.179,211.685,119351.5
2006-07-07 00:00:00,211.668,211.74,210.677,210.875,113127.296875
2006-07-08 00:00:00,210.875,210.875,210.875,210.875,0.0
2006-07-09 00:00:00,210.871,210.919,210.484,210.776,8680.099609375
2006-07-10 00:00:00,210.765,210.771,209.532,210.551,116862.703125
2006-07-11 00:00:00,210.534,210.971,210.025,210.742,119320.5
2006-07-12 00:00:00,210.72,211.986,210.637,211.428,119372.5
2006-07-13 00:00:00,211.464,212.778,211.443,212.695,117520.8984375
2006-07-14 00:00:00,212.686,213.695,212.512,213.446,114283.8984375
2006-07-15 00:00:00,213.446,213.446,213.446,213.446,0.0
2006-07-16 00:00:00,213.47,213.86,213.47,213.694,8848.7001953125
2006-07-17 00:00:00,213.702,213.842,212.71,212.777,118684.3984375
2006-07-18 00:00:00,212.767,214.648,212.392,214.092,118485.8984375
2006-07-19 00:00:00,214.082,215.376,213.853,215.145,118495.1015625
2006-07-20 00:00:00,215.152,216.499,214.959,216.077,118197.5
2006-07-21 00:00:00,216.068,216.306,214.689,215.701,112565.796875
2006-07-22 00:00:00,215.701,215.701,215.701,215.701,0.0
2006-07-23 00:00:00,215.726,216.139,215.726,216.117,8816.0
2006-07-24 00:00:00,216.114,216.323,215.608,215.905,117276.3984375
2006-07-25 00:00:00,215.893,216.198,215.43,215.555,117792.296875
2006-07-26 00:00:00,215.556,216.158,214.664,215.62,119811.203125
2006-07-27 00:00:00,215.631,215.749,214.848,215.035,117798.3984375
2006-07-28 00:00:00,215.032,215.136,213.496,213.632,113761.8984375
2006-07-29 00:00:00,213.632,213.632,213.632,213.632,0.0
2006-07-30 00:00:00,213.648,213.816,213.461,213.737,8954.5
2006-07-31 00:00:00,213.718,214.354,212.948,213.965,119767.0
2006-08-01 00:00:00,213.955,215.241,213.539,214.679,119173.0
2006-08-02 00:00:00,214.671,215.36,214.085,215.056,117602.6015625
2006-08-03 00:00:00,215.065,217.391,214.95,217.24,120007.3984375
2006-08-04 00:00:00,217.227,218.781,215.89,218.723,112219.0
2006-08-05 00:00:00,218.723,218.723,218.723,218.723,0.0
2006-08-06 00:00:00,218.599,218.599,217.707,217.924,8979.400390625
2006-08-07 00:00:00,217.914,219.711,217.914,219.145,117808.5
2006-08-08 00:00:00,219.131,220.031,218.754,219.543,118918.796875
2006-08-09 00:00:00,219.529,220.099,218.997,219.816,118925.703125
2006-08-10 00:00:00,219.8,219.817,217.982,218.435,119254.8984375
2006-08-11 00:00:00,218.431,220.282,218.179,219.954,113578.5
2006-08-12 00:00:00,219.954,219.954,219.954,219.954,0.0
2006-08-13 00:00:00,219.921,220.081,219.757,219.866,8984.900390625
2006-08-14 00:00:00,219.931,220.497,219.798,220.042,118587.3984375
2006-08-15 00:00:00,220.051,220.535,219.398,219.426,118315.203125
2006-08-16 00:00:00,219.415,220.22,219.234,219.474,118228.8984375
2006-08-17 00:00:00,219.487,219.602,218.392,218.486,120246.703125
2006-08-18 00:00:00,218.474,218.842,217.428,217.825,111933.8984375
2006-08-19 00:00:00,217.825,217.825,217.825,217.825,0.0
2006-08-20 00:00:00,217.791,217.85,217.669,217.808,8902.5
2006-08-21 00:00:00,217.81,219.802,217.786,219.383,117829.796875
2006-08-22 00:00:00,219.372,220.299,219.372,219.712,117996.1015625
2006-08-23 00:00:00,219.705,220.748,219.481,220.156,119135.1015625
2006-08-24 00:00:00,220.171,220.481,219.692,220.087,118758.296875
2006-08-25 00:00:00,220.07,221.598,219.951,221.435,112804.3984375
2006-08-26 00:00:00,221.435,221.435,221.435,221.435,0.0
2006-08-27 00:00:00,221.398,221.437,221.169,221.191,8871.5
2006-08-28 00:00:00,221.191,222.329,221.154,222.022,117563.1015625
2006-08-29 00:00:00,222.013,222.065,220.911,221.584,119452.203125
2006-08-30 00:00:00,221.571,223.219,221.571,223.124,120126.703125
2006-08-31 00:00:00,223.125,223.796,222.783,223.441,122115.296875
2006-09-01 00:00:00,223.456,223.576,222.212,223.066,114167.796875
2006-09-02 00:00:00,223.066,223.066,223.066,223.066,0.0
2006-09-03 00:00:00,223.063,223.098,222.657,222.741,9094.400390625
2006-09-04 00:00:00,222.726,222.859,220.656,221.095,120451.203125
2006-09-05 00:00:00,221.094,221.121,219.314,219.656,120763.703125
2006-09-06 00:00:00,219.623,220.621,219.198,219.795,122310.703125
2006-09-07 00:00:00,219.784,220.331,217.592,218.103,119900.296875
2006-09-08 00:00:00,218.09,218.281,217.441,218.0,114515.203125
2006-09-09 00:00:00,218.0,218.0,218.0,218.0,0.0
2006-09-10 00:00:00,217.944,218.287,217.82,217.98,9132.599609375
2006-09-11 00:00:00,217.992,219.516,217.564,219.416,121034.8984375
2006-09-12 00:00:00,219.404,221.183,219.258,220.76,120620.8984375
2006-09-13 00:00:00,220.725,221.104,220.16,220.454,119826.5
2006-09-14 00:00:00,220.451,222.056,220.299,221.805,120745.703125
2006-09-15 00:00:00,221.808,222.061,220.253,220.614,112401.703125
2006-09-16 00:00:00,220.614,220.614,220.614,220.614,0.0
2006-09-17 00:00:00,220.58,221.75,220.174,221.651,8636.5
2006-09-18 00:00:00,221.622,222.225,221.249,221.701,121894.203125
2006-09-19 00:00:00,221.713,222.196,220.779,221.113,120337.0
2006-09-20 00:00:00,221.111,221.95,220.181,221.517,121487.1015625
2006-09-21 00:00:00,221.531,221.967,221.048,221.381,119787.0
2006-09-22 00:00:00,221.367,221.919,220.886,221.815,114627.796875
2006-09-23 00:00:00,221.815,221.815,221.815,221.815,0.0
2006-09-24 00:00:00,221.703,221.703,220.917,221.513,8808.599609375
2006-09-25 00:00:00,221.518,222.052,221.032,221.236,121689.703125
2006-09-26 00:00:00,221.242,222.207,220.448,221.854,119694.296875
2006-09-27 00:00:00,221.861,222.143,221.002,221.925,121261.296875
2006-09-28 00:00:00,221.931,222.149,220.555,220.822,121503.796875
2006-09-29 00:00:00,220.817,221.27,219.933,220.963,114488.5
2006-09-30 00:00:00,220.963,220.963,220.963,220.963,0.0
2006-10-01 00:00:00,221.237,221.622,220.623,220.933,9030.2001953125
2006-10-02 00:00:00,220.913,222.084,220.874,221.845,119168.6015625
2006-10-03 00:00:00,221.835,222.886,221.622,222.622,121311.3984375
2006-10-04 00:00:00,222.604,222.74,221.826,222.175,120407.796875
2006-10-05 00:00:00,222.166,222.182,220.431,221.262,120931.796875
2006-10-06 00:00:00,221.256,222.719,221.105,222.579,114011.1015625
2006-10-07 00:00:00,222.579,222.579,222.579,222.579,0.0
2006-10-08 00:00:00,222.518,222.518,221.715,222.32,9056.7998046875
2006-10-09 00:00:00,222.295,223.103,221.951,222.173,120354.796875
2006-10-10 00:00:00,222.159,222.58,221.582,221.878,119902.0
2006-10-11 00:00:00,221.883,222.129,221.491,222.017,120529.296875
2006-10-12 00:00:00,222.003,222.343,221.508,221.759,121384.1015625
2006-10-13 00:00:00,221.733,222.362,221.604,221.894,114711.8984375
2006-10-14 00:00:00,221.894,221.894,221.894,221.894,0.0
2006-10-15 00:00:00,221.918,222.167,221.918,222.023,8967.7998046875
2006-10-16 00:00:00,221.986,222.155,221.369,221.608,120307.3984375
2006-10-17 00:00:00,221.616,222.535,221.218,221.855,120252.8984375
2006-10-18 00:00:00,221.878,222.544,221.554,222.023,118762.203125
2006-10-19 00:00:00,222.021,222.268,221.35,222.069,119802.8984375
2006-10-20 00:00:00,222.05,223.744,221.912,223.57,114836.796875
2006-10-21 00:00:00,223.57,223.57,223.57,223.57,0.0
2006-10-22 00:00:00,223.561,223.675,223.135,223.225,8914.0
2006-10-23 00:00:00,223.193,223.641,222.984,223.397,119472.703125
2006-10-24 00:00:00,223.417,223.771,223.155,223.418,119421.703125
2006-10-25 00:00:00,223.409,223.737,223.25,223.355,121095.5
2006-10-26 00:00:00,223.368,224.133,223.292,224.076,120917.0
2006-10-27 00:00:00,224.061,224.322,222.615,222.881,114124.8984375
2006-10-28 00:00:00,222.881,222.881,222.881,222.881,0.0
2006-10-29 00:00:00,222.859,223.084,222.588,222.828,9013.7001953125
2006-10-30 00:00:00,222.832,223.496,222.393,223.396,120775.703125
2006-10-31 00:00:00,223.39,224.018,222.539,222.735,120240.703125
2006-11-01 00:00:00,222.764,223.641,222.724,223.514,120410.3984375
2006-11-02 00:00:00,223.529,223.726,222.642,223.39,119947.8984375
2006-11-03 00:00:00,223.393,224.529,223.191,224.314,114342.296875
2006-11-04 00:00:00,224.314,224.314,224.314,224.314,0.0
2006-11-05 00:00:00,224.297,224.676,224.154,224.225,9095.7001953125
2006-11-06 00:00:00,224.207,224.648,224.036,224.285,120503.1015625
2006-11-07 00:00:00,224.281,224.615,223.981,224.033,118990.0
2006-11-08 00:00:00,224.042,224.555,223.939,224.42,121226.0
2006-11-09 00:00:00,224.387,225.244,224.32,224.58,121782.3984375
2006-11-10 00:00:00,224.592,225.01,224.2,224.673,112998.0
2006-11-11 00:00:00,224.673,224.673,224.673,224.673,0.0
2006-11-12 00:00:00,224.671,224.712,224.342,224.625,8377.7998046875
2006-11-13 00:00:00,224.625,224.758,223.999,224.024,120076.0
2006-11-14 00:00:00,224.024,224.315,222.602,222.988,119759.8984375
2006-11-15 00:00:00,222.978,223.443,222.469,222.657,121151.3984375
2006-11-16 00:00:00,222.676,223.391,222.533,223.225,121086.0
2006-11-17 00:00:00,223.198,223.361,222.678,223.23,114916.6015625
2006-11-18 00:00:00,223.23,223.23,223.23,223.23,0.0
2006-11-19 00:00:00,223.063,223.426,223.063,223.243,9035.400390625
2006-11-20 00:00:00,223.224,224.167,223.108,223.941,119611.796875
2006-11-21 00:00:00,223.948,224.25,223.693,223.823,120145.203125
2006-11-22 00:00:00,223.803,223.97,222.952,223.509,119316.203125
2006-11-23 00:00:00,223.49,223.556,222.306,222.735,120070.1015625
2006-11-24 00:00:00,222.731,223.922,222.616,223.905,113894.8984375
2006-11-25 00:00:00,223.905,223.905,223.905,223.905,0.0
2006-11-26 00:00:00,224.01,225.037,223.735,223.967,9026.599609375
2006-11-27 00:00:00,223.969,225.005,223.916,224.983,119731.703125
2006-11-28 00:00:00,224.971,226.923,224.706,226.615,120323.0
2006-11-29 00:00:00,226.622,227.117,225.699,226.479,114628.8984375
2006-11-30 00:00:00,226.502,227.804,226.169,227.425,120677.796875
2006-12-01 00:00:00,227.442,228.963,227.145,228.557,115345.5
2006-12-02 00:00:00,228.557,228.557,228.557,228.557,0.0
2006-12-03 00:00:00,228.651,228.687,228.01,228.321,8812.2998046875
2006-12-04 00:00:00,228.317,228.967,228.019,228.481,120947.203125
2006-12-05 00:00:00,228.482,228.482,226.292,226.785,119556.6015625
2006-12-06 00:00:00,226.773,226.831,225.705,226.728,121980.5
2006-12-07 00:00:00,226.713,226.753,225.859,225.98,119611.703125
2006-12-08 00:00:00,225.993,227.715,225.94,227.341,113110.203125
2006-12-09 00:00:00,227.341,227.341,227.341,227.341,0.0
2006-12-10 00:00:00,227.206,227.326,226.979,227.111,9134.7998046875
2006-12-11 00:00:00,227.06,229.032,226.937,228.825,120639.703125
2006-12-12 00:00:00,228.802,230.309,228.747,230.003,121515.3984375
2006-12-13 00:00:00,229.986,231.307,229.976,230.97,120927.796875
2006-12-14 00:00:00,230.939,231.355,230.656,231.029,121619.0
2006-12-15 00:00:00,231.076,231.756,229.357,230.656,115926.6015625
2006-12-16 00:00:00,230.656,230.656,230.656,230.656,0.0
2006-12-17 00:00:00,230.65,230.667,230.241,230.397,8534.0
2006-12-18 00:00:00,230.39,230.854,229.402,229.915,119607.1015625
2006-12-19 00:00:00,229.907,232.648,229.64,232.564,121641.296875
2006-12-20 00:00:00,232.572,233.203,232.387,232.524,120706.796875
2006-12-21 00:00:00,232.512,232.962,231.544,232.009,120404.203125
2006-12-22 00:00:00,232.01,232.938,231.952,232.502,116060.703125
2006-12-23 00:00:00,232.502,232.502,232.502,232.502,0.0
2006-12-24 00:00:00,232.467,232.707,232.301,232.668,9173.2001953125
2006-12-25 00:00:00,232.669,234.761,232.344,232.809,121589.203125
2006-12-26 00:00:00,232.794,233.094,232.491,232.882,121137.796875
2006-12-27 00:00:00,232.896,232.94,231.54,232.336,121218.796875
2006-12-28 00:00:00,232.353,233.652,232.169,233.223,120929.703125
2006-12-29 00:00:00,233.262,233.846,232.834,233.189,114535.0
2006-12-30 00:00:00,233.189,233.189,233.189,233.189,0.0
2006-12-31 00:00:00,233.186,233.213,233.046,233.075,8686.7998046875
2007-01-01 00:00:00,233.071,233.587,232.845,233.431,117776.5
2007-01-02 00:00:00,233.44,234.555,232.907,234.46,120030.203125
2007-01-03 00:00:00,234.472,234.8,232.632,232.927,120112.203125
2007-01-04 00:00:00,232.913,233.137,230.69,230.803,120419.0
2007-01-05 00:00:00,230.801,230.858,228.457,228.778,115601.1015625
2007-01-06 00:00:00,228.778,228.778,228.778,228.778,0.0
2007-01-07 00:00:00,228.766,229.176,228.766,228.785,8708.099609375
2007-01-08 00:00:00,228.794,230.402,228.022,230.269,120729.703125
2007-01-09 00:00:00,230.28,231.876,230.258,231.26,120644.3984375
2007-01-10 00:00:00,231.246,231.742,230.703,230.915,120283.1015625
2007-01-11 00:00:00,230.898,234.808,230.855,233.93,120959.1015625
2007-01-12 00:00:00,233.898,235.878,233.876,235.67,114512.203125
2007-01-13 00:00:00,235.67,235.67,235.67,235.67,0.0
2007-01-14 00:00:00,235.672,235.962,235.561,235.713,9210.599609375
2007-01-15 00:00:00,235.666,236.973,234.944,236.515,121200.0
2007-01-16 00:00:00,236.526,237.248,236.269,236.828,119997.703125
2007-01-17 00:00:00,236.815,237.867,236.601,237.641,120201.1015625
2007-01-18 00:00:00,237.628,240.005,237.467,239.368,120336.6015625
2007-01-19 00:00:00,239.355,239.804,238.947,239.239,113877.1015625
2007-01-20 00:00:00,239.239,239.239,239.239,239.239,0.0
2007-01-21 00:00:00,239.236,239.383,239.168,239.337,8998.0
2007-01-22 00:00:00,239.333,240.587,239.333,240.374,120189.203125
2007-01-23 00:00:00,240.357,241.48,240.354,241.155,118355.703125
2007-01-24 00:00:00,241.118,241.355,237.456,237.851,121240.203125
2007-01-25 00:00:00,237.846,238.963,236.333,238.945,119842.796875
2007-01-26 00:00:00,238.928,239.145,237.539,237.98,112567.796875
2007-01-27 00:00:00,237.98,237.98,237.98,237.98,0.0
2007-01-28 00:00:00,238.089,238.283,237.943,238.175,8980.7998046875
2007-01-29 00:00:00,238.199,239.136,238.033,238.733,119916.296875
2007-01-30 00:00:00,238.739,240.024,238.277,238.691,119413.1015625
2007-01-31 00:00:00,238.701,238.812,236.377,237.044,121509.296875
2007-02-01 00:00:00,237.062,237.757,236.533,237.6,119864.796875
2007-02-02 00:00:00,237.569,238.77,237.286,238.1,112600.8984375
2007-02-03 00:00:00,238.1,238.1,238.1,238.1,0.0
2007-02-04 00:00:00,238.139,238.165,237.757,237.79,8713.0
2007-02-05 00:00:00,237.786,237.953,235.367,235.655,118649.5
2007-02-06 00:00:00,235.649,237.272,235.357,236.607,121034.703125
2007-02-07 00:00:00,236.575,237.968,236.378,237.695,120632.5
2007-02-08 00:00:00,237.69,238.842,236.882,237.213,120871.0
2007-02-09 00:00:00,237.23,237.86,236.244,237.181,114288.703125
2007-02-10 00:00:00,237.181,237.181,237.181,237.181,0.0
2007-02-11 00:00:00,237.184,238.596,237.159,238.012,9110.0
2007-02-12 00:00:00,238.015,238.485,236.647,237.085,119759.296875
2007-02-13 00:00:00,237.081,237.247,235.406,235.92,120803.1015625
2007-02-14 00:00:00,235.932,237.183,235.627,236.303,120573.3984375
2007-02-15 00:00:00,236.323,236.389,232.451,232.955,121783.703125
2007-02-16 00:00:00,232.95,233.452,232.136,232.839,112783.3984375
2007-02-17 00:00:00,232.839,232.839,232.839,232.839,0.0
2007-02-18 00:00:00,232.83,233.402,232.829,233.024,8958.900390625
2007-02-19 00:00:00,233.012,233.811,232.146,233.456,118866.6015625
2007-02-20 00:00:00,233.441,235.125,233.32,234.712,120182.1015625
2007-02-21 00:00:00,234.701,236.361,233.804,236.222,119932.0
2007-02-22 00:00:00,236.228,237.986,235.686,237.649,119277.3984375
2007-02-23 00:00:00,237.628,238.136,237.357,237.69,113855.8984375
2007-02-24 00:00:00,237.69,237.69,237.69,237.69,0.0
2007-02-25 00:00:00,237.675,237.817,237.551,237.56,8769.099609375
2007-02-26 00:00:00,237.607,237.612,236.263,236.856,120253.296875
2007-02-27 00:00:00,236.844,236.883,230.709,231.735,119870.0
2007-02-28 00:00:00,231.728,233.483,230.961,233.168,118850.296875
2007-03-01 00:00:00,233.127,233.307,229.442,230.416,119994.1015625
2007-03-02 00:00:00,230.412,230.578,226.556,226.951,113984.0
2007-03-03 00:00:00,226.951,226.951,226.951,226.951,0.0
2007-03-04 00:00:00,226.919,226.937,224.4,224.554,8722.400390625
2007-03-05 00:00:00,224.5,224.5,221.059,221.976,120392.8984375
2007-03-06 00:00:00,221.987,226.193,221.987,225.953,119979.6015625
2007-03-07 00:00:00,225.946,226.093,222.839,223.198,120018.296875
2007-03-08 00:00:00,223.203,226.851,222.955,225.998,121280.203125
2007-03-09 00:00:00,226.002,228.723,226.002,228.59,113678.1015625
2007-03-10 00:00:00,228.59,228.59,228.59,228.59,0.0
2007-03-11 00:00:00,228.903,229.152,228.512,229.011,9318.099609375
2007-03-12 00:00:00,228.991,229.633,225.856,227.187,120500.6015625
2007-03-13 00:00:00,227.161,227.407,223.329,223.735,120048.0
2007-03-14 00:00:00,223.72,227.496,222.622,227.309,121766.0
2007-03-15 00:00:00,227.317,228.009,226.227,227.085,120154.296875
2007-03-16 00:00:00,227.082,227.689,226.343,226.625,114238.796875
2007-03-17 00:00:00,226.625,226.625,226.625,226.625,0.0
2007-03-18 00:00:00,225.965,226.223,225.344,225.953,31983.69921875
2007-03-19 00:00:00,225.943,229.096,225.938,228.856,115728.0
2007-03-20 00:00:00,228.864,230.734,228.62,229.945,115874.0
2007-03-21 00:00:00,229.931,231.502,229.826,231.069,114969.3984375
2007-03-22 00:00:00,231.069,232.202,230.646,232.05,117806.203125
2007-03-23 00:00:00,232.005,232.315,230.534,231.711,106922.5
2007-03-24 00:00:00,231.711,231.711,231.711,231.711,0.0
2007-03-25 00:00:00,231.6,231.64,230.869,231.332,10373.099609375
2007-03-26 00:00:00,231.352,232.969,230.786,232.708,115269.203125
2007-03-27 00:00:00,232.695,232.83,231.258,231.353,114104.703125
2007-03-28 00:00:00,231.696,231.878,228.765,229.456,114238.796875
2007-03-29 00:00:00,229.455,231.784,229.104,231.744,115212.3984375
2007-03-30 00:00:00,231.771,232.0,230.573,231.428,160341.5
2007-03-31 00:00:00,231.428,231.428,231.428,231.428,0.0
2007-04-01 00:00:00,231.68,231.94,231.155,231.73,23961.599609375
2007-04-02 00:00:00,231.72,233.22,231.545,233.07,353810.71875
2007-04-03 00:00:00,233.08,235.11,232.89,234.435,349045.21875
2007-04-04 00:00:00,234.435,234.9,234.06,234.425,218796.109375
2007-04-05 00:00:00,234.425,234.8,233.525,233.92,207690.6875
2007-04-06 00:00:00,233.92,235.18,233.57,234.455,104061.6640625
2007-04-07 00:00:00,234.455,234.455,234.455,234.455,0.0
2007-04-08 00:00:00,234.365,234.54,234.14,234.5,28535.0
2007-04-09 00:00:00,234.5,234.52,233.75,233.99,87052.6953125
2007-04-10 00:00:00,233.98,235.36,233.65,234.99,200566.125
2007-04-11 00:00:00,234.99,236.285,234.7,235.74,259268.671875
2007-04-12 00:00:00,235.735,236.11,235.16,235.55,243532.296875
2007-04-13 00:00:00,235.54,236.98,234.75,236.825,196119.203125
2007-04-14 00:00:00,236.825,236.825,236.825,236.825,0.0
2007-04-15 00:00:00,236.71,237.86,236.707,237.155,22254.337890625
2007-04-16 00:00:00,237.14,238.59,236.405,238.11,240638.359375
2007-04-17 00:00:00,238.13,239.415,237.16,238.43,403555.65625
2007-04-18 00:00:00,238.43,238.95,236.78,237.75,410455.1875
2007-04-19 00:00:00,237.75,237.82,235.22,237.26,425902.34375
2007-04-20 00:00:00,237.26,238.33,237.15,237.443,309817.9375
2007-04-21 00:00:00,237.443,237.443,237.443,237.443,0.0
2007-04-22 00:00:00,237.627,238.462,237.531,237.955,27352.80078125
2007-04-23 00:00:00,237.955,238.34,236.31,237.03,311001.90625
2007-04-24 00:00:00,237.02,238.01,235.97,237.46,368766.78125
2007-04-25 00:00:00,237.46,237.99,236.89,237.52,334029.53125
2007-04-26 00:00:00,237.52,238.745,237.345,237.955,373801.34375
2007-04-27 00:00:00,237.96,239.4,237.32,238.738,393911.375
2007-04-28 00:00:00,238.738,238.738,238.738,238.738,0.0
2007-04-29 00:00:00,238.963,238.978,237.751,237.96,50809.1015625
2007-04-30 00:00:00,237.965,239.05,237.93,238.85,343137.21875
2007-05-01 00:00:00,238.85,239.77,238.735,239.37,463461.84375
2007-05-02 00:00:00,239.375,239.595,238.425,239.16,744225.0625
2007-05-03 00:00:00,239.16,239.56,238.98,239.23,506401.25
2007-05-04 00:00:00,239.24,239.593,237.52,237.533,393713.5
2007-05-05 00:00:00,237.533,237.533,237.533,237.533,0.0
2007-05-06 00:00:00,239.26,239.57,239.005,239.43,22876.599609375
2007-05-07 00:00:00,239.44,239.61,239.12,239.35,257566.203125
2007-05-08 00:00:00,239.36,239.4,238.18,238.605,686839.5
2007-05-09 00:00:00,238.61,239.62,238.04,239.45,849682.4375
2007-05-10 00:00:00,239.45,239.765,236.68,237.24,925079.9375
2007-05-11 00:00:00,237.245,238.445,236.42,238.106,871989.0625
2007-05-12 00:00:00,238.106,238.106,238.106,238.106,0.0
2007-05-13 00:00:00,237.885,238.545,237.885,238.225,45917.3984375
2007-05-14 00:00:00,238.225,238.68,237.91,238.43,661393.5
2007-05-15 00:00:00,238.43,239.02,237.73,238.68,884024.25
2007-05-16 00:00:00,238.68,239.4,238.56,238.89,802445.0
2007-05-17 00:00:00,238.89,239.61,238.793,239.49,661908.8125
2007-05-18 00:00:00,239.49,239.89,237.8,239.094,787455.4375
2007-05-19 00:00:00,239.094,239.094,239.094,239.094,0.0
2007-05-20 00:00:00,239.21,239.305,238.775,239.22,37521.80078125
2007-05-21 00:00:00,239.21,239.59,239.01,239.45,588925.375
2007-05-22 00:00:00,239.445,240.3,239.1,240.25,847753.1875
2007-05-23 00:00:00,240.24,241.86,240.1,241.44,984631.875
2007-05-24 00:00:00,241.45,241.61,240.42,240.72,789270.5
2007-05-25 00:00:00,240.73,241.79,239.67,241.61,331052.25
2007-05-26 00:00:00,241.61,241.61,241.61,241.61,0.0
2007-05-27 00:00:00,241.47,241.65,241.2,241.55,33526.05078125
2007-05-28 00:00:00,241.55,241.58,241.127,241.265,287338.40625
2007-05-29 00:00:00,241.265,241.52,240.51,240.82,887649.0
2007-05-30 00:00:00,240.81,241.04,239.75,240.2,926752.0625
2007-05-31 00:00:00,240.2,241.18,239.885,240.95,876586.1875
2007-06-01 00:00:00,240.945,242.116,240.85,242.082,803909.0
2007-06-02 00:00:00,242.082,242.082,242.082,242.082,0.0
2007-06-03 00:00:00,241.815,242.14,241.708,241.87,56020.19921875
2007-06-04 00:00:00,241.87,242.65,241.64,242.2,669343.4375
2007-06-05 00:00:00,242.2,242.98,241.53,241.97,854428.1875
2007-06-06 00:00:00,241.97,242.26,240.85,240.85,860244.125
2007-06-07 00:00:00,240.86,242.12,238.91,239.61,922321.6875
2007-06-08 00:00:00,239.605,240.14,237.66,239.615,1128180.375
2007-06-09 00:00:00,239.615,239.615,239.615,239.615,0.0
2007-06-10 00:00:00,239.79,239.94,238.97,239.28,56971.30078125
2007-06-11 00:00:00,239.28,239.97,238.94,239.77,642929.75
2007-06-12 00:00:00,239.77,240.85,239.59,239.94,818896.8125
2007-06-13 00:00:00,239.94,242.2,239.73,241.76,892643.625
2007-06-14 00:00:00,241.76,242.37,241.71,242.25,617677.25
2007-06-15 00:00:00,242.255,244.36,242.091,244.021,584638.6875
2007-06-16 00:00:00,244.021,244.021,244.021,244.021,0.0
2007-06-17 00:00:00,243.88,244.27,243.571,244.19,40891.1015625
2007-06-18 00:00:00,244.19,245.51,243.9,245.24,684096.6875
2007-06-19 00:00:00,245.24,245.54,245.06,245.32,758896.375
2007-06-20 00:00:00,245.31,246.62,244.69,246.195,740125.25
2007-06-21 00:00:00,246.195,246.63,245.845,246.57,698994.0
2007-06-22 00:00:00,246.56,247.94,246.54,247.427,734592.625
2007-06-23 00:00:00,247.427,247.427,247.427,247.427,0.0
2007-06-24 00:00:00,247.63,247.709,247.068,247.59,43076.1015625
2007-06-25 00:00:00,247.59,247.8,246.47,246.855,744037.875
2007-06-26 00:00:00,246.855,247.03,245.22,245.65,885899.0
2007-06-27 00:00:00,245.65,246.66,243.98,246.52,995505.625
2007-06-28 00:00:00,246.52,246.84,245.34,246.665,893484.9375
2007-06-29 00:00:00,246.665,247.81,246.46,247.425,921211.3125
2007-06-30 00:00:00,247.425,247.425,247.425,247.425,0.0
2007-07-01 00:00:00,247.335,247.495,246.82,247.38,56304.6953125
2007-07-02 00:00:00,247.38,247.61,246.03,246.6,833148.125
2007-07-03 00:00:00,246.6,247.615,246.25,246.85,634659.875
2007-07-04 00:00:00,246.85,247.44,246.57,247.4,451814.6875
2007-07-05 00:00:00,247.4,247.62,246.55,247.29,743407.25
2007-07-06 00:00:00,247.28,248.185,247.03,247.894,603692.625
2007-07-07 00:00:00,247.894,247.894,247.894,247.894,0.0
2007-07-08 00:00:00,247.9,248.38,247.702,248.34,58729.61328125
2007-07-09 00:00:00,248.34,248.78,248.21,248.55,486284.59375
2007-07-10 00:00:00,248.54,248.76,245.06,246.69,946034.1875
2007-07-11 00:00:00,246.69,248.95,245.455,248.54,917091.0625
2007-07-12 00:00:00,248.54,248.78,247.69,248.34,807375.125
2007-07-13 00:00:00,248.33,248.93,247.942,248.124,714347.125
2007-07-14 00:00:00,248.124,248.124,248.124,248.124,0.0
2007-07-15 00:00:00,247.995,248.36,247.57,248.255,56770.80078125
2007-07-16 00:00:00,248.255,248.65,247.86,248.16,498568.71875
2007-07-17 00:00:00,248.175,250.47,248.02,250.15,611725.25
2007-07-18 00:00:00,250.15,250.525,249.6,250.37,867312.4375
2007-07-19 00:00:00,250.38,250.43,249.72,250.08,495898.4375
2007-07-20 00:00:00,250.07,251.1,248.61,249.066,601622.75
2007-07-21 00:00:00,249.066,249.066,249.066,249.066,0.0
2007-07-22 00:00:00,249.205,251.079,248.702,249.36,38959.80078125
2007-07-23 00:00:00,249.37,249.94,248.53,249.07,578923.0
2007-07-24 00:00:00,249.07,249.46,247.28,247.83,811459.25
2007-07-25 00:00:00,247.83,247.92,246.28,247.64,914596.3125
2007-07-26 00:00:00,247.65,247.74,241.41,243.61,963765.4375
2007-07-27 00:00:00,243.61,244.36,239.73,240.285,968965.4375
2007-07-28 00:00:00,240.285,240.285,240.285,240.285,0.0
2007-07-29 00:00:00,240.115,240.466,238.28,239.14,134192.546875
2007-07-30 00:00:00,239.13,242.2,239.03,242.07,837972.625
2007-07-31 00:00:00,242.07,242.94,240.14,240.41,781389.875
2007-08-01 00:00:00,240.41,242.17,237.62,241.26,1123259.25
2007-08-02 00:00:00,241.26,243.12,240.14,242.51,643572.5625
2007-08-03 00:00:00,242.51,242.94,240.17,240.56,374298.8125
2007-08-04 00:00:00,240.56,240.56,240.56,240.56,0.0
2007-08-05 00:00:00,240.593,240.621,239.09,239.97,44397.625
2007-08-06 00:00:00,239.97,241.82,238.92,241.24,709534.4375
2007-08-07 00:00:00,241.25,241.34,238.58,240.87,756580.0
2007-08-08 00:00:00,240.88,244.08,239.84,243.75,763089.6875
2007-08-09 00:00:00,243.75,244.04,238.19,238.42,787209.1875
2007-08-10 00:00:00,238.44,240.51,236.3,239.465,874696.5
2007-08-11 00:00:00,239.465,239.465,239.465,239.465,0.0
2007-08-12 00:00:00,239.546,239.7,236.94,239.135,70540.4375
2007-08-13 00:00:00,239.135,239.65,236.465,237.855,774396.5
2007-08-14 00:00:00,237.855,237.855,234.15,234.53,953322.9375
2007-08-15 00:00:00,234.53,234.75,230.85,231.14,898500.0
2007-08-16 00:00:00,231.14,231.7,221.48,225.56,1403267.75
2007-08-17 00:00:00,225.56,228.98,219.3,226.222,935714.3125
2007-08-18 00:00:00,226.222,226.222,226.222,226.222,0.0
2007-08-19 00:00:00,226.545,226.821,224.82,225.89,68072.796875
2007-08-20 00:00:00,225.89,229.57,225.81,227.88,1079063.125
2007-08-21 00:00:00,227.88,229.08,225.34,226.93,953898.0
2007-08-22 00:00:00,226.92,231.33,226.3,230.935,1094335.25
2007-08-23 00:00:00,230.93,234.89,230.4,232.61,1125119.25
2007-08-24 00:00:00,232.61,234.682,230.85,234.525,978655.0625
2007-08-25 00:00:00,234.525,234.525,234.525,234.525,0.0
2007-08-26 00:00:00,234.665,235.52,234.152,235.32,83836.59375
2007-08-27 00:00:00,235.32,235.49,231.68,232.32,573659.0
2007-08-28 00:00:00,232.33,232.76,227.45,227.72,1035765.8125
2007-08-29 00:00:00,227.73,234.53,227.42,233.11,1249862.625
2007-08-30 00:00:00,233.12,234.04,231.21,233.76,920176.625
2007-08-31 00:00:00,233.755,235.5,232.73,233.426,874989.875
2007-09-01 00:00:00,233.426,233.426,233.426,233.426,0.0
2007-09-02 00:00:00,233.36,233.83,232.817,233.33,84350.2890625
2007-09-03 00:00:00,233.33,234.56,233.03,233.49,349780.71875
2007-09-04 00:00:00,233.51,234.82,231.94,234.62,854532.75
2007-09-05 00:00:00,234.62,234.65,231.88,232.18,827554.875
2007-09-06 00:00:00,232.18,234.13,231.95,233.52,724722.8125
2007-09-07 00:00:00,233.53,233.56,229.13,229.845,832210.625
2007-09-08 00:00:00,229.845,229.845,229.845,229.845,0.0
2007-09-09 00:00:00,229.985,230.289,228.22,228.96,49127.44921875
2007-09-10 00:00:00,228.97,231.5,228.625,230.16,502887.625
2007-09-11 00:00:00,230.16,232.525,229.58,232.02,830749.9375
2007-09-12 00:00:00,232.02,232.31,231.04,231.54,862091.5
2007-09-13 00:00:00,231.54,234.775,230.97,231.87,749333.8125
2007-09-14 00:00:00,231.885,233.3,230.195,231.412,745114.5625
2007-09-15 00:00:00,231.412,231.412,231.412,231.412,0.0
2007-09-16 00:00:00,231.66,231.735,230.78,231.19,77513.296875
2007-09-17 00:00:00,231.19,231.7,228.82,229.3,605706.0
2007-09-18 00:00:00,229.3,234.25,228.2,232.845,509710.28125
2007-09-19 00:00:00,232.84,233.86,231.115,232.105,598229.9375
2007-09-20 00:00:00,232.1,232.265,229.465,231.0,416312.625
2007-09-21 00:00:00,231.0,233.69,230.445,233.223,376666.40625
2007-09-22 00:00:00,233.223,233.223,233.223,233.223,0.0
2007-09-23 00:00:00,233.205,233.315,232.692,232.83,50693.1015625
2007-09-24 00:00:00,232.82,233.56,231.74,231.99,267118.09375
2007-09-25 00:00:00,231.99,232.03,229.75,231.305,323731.1875
2007-09-26 00:00:00,231.31,233.265,231.23,232.655,291627.625
2007-09-27 00:00:00,232.655,234.585,232.43,234.175,322203.21875
2007-09-28 00:00:00,234.19,235.27,232.39,234.904,477012.09375
2007-09-29 00:00:00,234.904,234.904,234.904,234.904,0.0
2007-09-30 00:00:00,234.92,235.105,234.641,234.94,38259.8984375
2007-10-01 00:00:00,234.94,237.08,234.71,236.615,418269.75
2007-10-02 00:00:00,236.615,236.79,234.84,235.92,372026.65625
2007-10-03 00:00:00,235.92,237.85,235.905,237.15,451042.8125
2007-10-04 00:00:00,237.155,237.855,236.165,237.365,273615.65625
2007-10-05 00:00:00,237.365,238.99,236.69,238.82,381332.1875
2007-10-06 00:00:00,238.82,238.82,238.82,238.82,0.0
2007-10-07 00:00:00,238.86,239.19,238.415,239.015,48736.30078125
2007-10-08 00:00:00,239.02,239.725,238.57,238.855,182854.125
2007-10-09 00:00:00,238.86,239.09,236.99,238.975,294796.4375
2007-10-10 00:00:00,238.975,240.37,238.645,238.815,395314.84375
2007-10-11 00:00:00,238.82,239.89,237.75,238.795,350817.21875
2007-10-12 00:00:00,238.8,239.708,237.39,239.335,291684.78125
2007-10-13 00:00:00,239.335,239.335,239.335,239.335,0.0
2007-10-14 00:00:00,239.5,239.9,238.83,239.295,54618.19921875
2007-10-15 00:00:00,239.295,240.685,238.965,239.735,493782.09375
2007-10-16 00:00:00,239.735,239.875,236.645,237.745,539742.25
2007-10-17 00:00:00,237.745,238.8,235.855,237.255,595016.8125
2007-10-18 00:00:00,237.255,238.105,235.91,236.275,524641.625
2007-10-19 00:00:00,236.275,237.005,234.58,234.849,600873.3125
2007-10-20 00:00:00,234.849,234.849,234.849,234.849,0.0
2007-10-21 00:00:00,234.75,234.75,232.255,232.635,108217.0390625
2007-10-22 00:00:00,232.635,234.47,230.29,232.565,564531.0
2007-10-23 00:00:00,232.565,235.825,232.35,235.525,411250.34375
2007-10-24 00:00:00,235.525,235.65,232.82,233.67,487062.15625
2007-10-25 00:00:00,233.67,235.125,233.015,234.015,452101.40625
2007-10-26 00:00:00,234.02,235.375,233.715,234.429,371960.03125
2007-10-27 00:00:00,234.429,234.429,234.429,234.429,0.0
2007-10-28 00:00:00,234.567,234.753,234.072,234.505,50183.8984375
2007-10-29 00:00:00,234.505,236.795,234.32,236.38,330312.125
2007-10-30 00:00:00,236.38,237.715,235.245,237.35,373984.25
2007-10-31 00:00:00,237.35,240.19,236.965,239.96,461601.4375
2007-11-01 00:00:00,239.96,241.375,237.64,237.85,491927.5
2007-11-02 00:00:00,237.85,240.315,237.715,239.951,714121.0
2007-11-03 00:00:00,239.951,239.951,239.951,239.951,0.0
2007-11-04 00:00:00,239.993,240.032,239.08,239.165,41780.8046875
2007-11-05 00:00:00,239.165,239.695,237.115,237.895,496382.40625
2007-11-06 00:00:00,237.895,239.61,237.81,239.425,495062.59375
2007-11-07 00:00:00,239.425,239.675,235.165,236.44,778872.375
2007-11-08 00:00:00,236.44,238.855,236.145,237.585,848856.875
2007-11-09 00:00:00,237.585,238.055,231.023,231.44,1096245.375
2007-11-10 00:00:00,231.44,231.44,231.44,231.44,0.0
2007-11-11 00:00:00,231.375,231.39,229.5,230.65,165525.828125
2007-11-12 00:00:00,230.65,231.025,224.14,225.14,673666.125
2007-11-13 00:00:00,225.14,230.805,225.015,230.565,569953.875
2007-11-14 00:00:00,230.565,232.425,227.865,228.42,668670.5
2007-11-15 00:00:00,228.42,229.69,225.125,225.815,453883.03125
2007-11-16 00:00:00,225.815,228.375,223.935,227.915,480986.84375
2007-11-17 00:00:00,227.915,227.915,227.915,227.915,0.0
2007-11-18 00:00:00,228.18,228.183,227.33,227.625,56146.80078125
2007-11-19 00:00:00,227.625,228.345,224.555,224.86,389663.84375
2007-11-20 00:00:00,224.86,228.32,224.29,226.66,637834.125
2007-11-21 00:00:00,226.66,226.875,222.435,223.49,444205.25
2007-11-22 00:00:00,223.505,225.635,223.23,223.7,287890.25
2007-11-23 00:00:00,223.7,224.765,221.29,223.225,325356.03125
2007-11-24 00:00:00,223.225,223.225,223.225,223.225,0.0
2007-11-25 00:00:00,222.853,224.455,222.807,224.2,79137.2265625
2007-11-26 00:00:00,224.2,224.825,221.895,222.125,506637.65625
2007-11-27 00:00:00,222.125,225.805,222.045,224.94,450981.25
2007-11-28 00:00:00,224.93,229.3,223.68,228.535,574514.3125
2007-11-29 00:00:00,228.535,229.145,225.73,226.395,508942.84375
2007-11-30 00:00:00,226.395,229.335,226.355,228.355,523177.5625
2007-12-01 00:00:00,228.355,228.355,228.355,228.355,0.0
2007-12-02 00:00:00,228.626,228.665,227.72,228.245,59346.5
2007-12-03 00:00:00,228.245,228.485,226.535,227.925,531772.5
2007-12-04 00:00:00,227.925,228.105,225.57,226.095,514127.96875
2007-12-05 00:00:00,226.095,227.4,223.695,224.815,576408.0
2007-12-06 00:00:00,224.815,226.09,223.965,225.865,492557.71875
2007-12-07 00:00:00,225.875,227.065,224.835,226.692,407493.875
2007-12-08 00:00:00,226.692,226.692,226.692,226.692,0.0
2007-12-09 00:00:00,226.17,227.0,226.11,226.975,61958.1015625
2007-12-10 00:00:00,226.975,228.855,226.465,228.555,1697865.625
2007-12-11 00:00:00,228.555,229.835,224.785,225.665,2183332.75
2007-12-12 00:00:00,225.665,230.345,225.56,229.035,1171174.375
2007-12-13 00:00:00,229.045,229.775,227.455,229.375,462287.90625
2007-12-14 00:00:00,229.37,230.045,228.055,228.142,559636.0625
2007-12-15 00:00:00,228.142,228.142,228.142,228.142,0.0
2007-12-16 00:00:00,228.393,228.88,227.912,228.475,473161.09375
2007-12-17 00:00:00,228.475,229.125,227.385,228.07,380999.8125
2007-12-18 00:00:00,228.07,229.055,227.73,228.525,1564804.5
2007-12-19 00:00:00,228.525,228.575,225.96,226.135,1800594.5
2007-12-20 00:00:00,226.1,226.455,223.555,224.47,1205689.375
2007-12-21 00:00:00,224.47,226.489,224.235,226.202,1217162.25
2007-12-22 00:00:00,226.202,226.202,226.202,226.202,0.0
2007-12-23 00:00:00,225.545,226.43,225.545,226.27,167733.40625
2007-12-24 00:00:00,226.29,226.45,225.635,225.726,577640.0625
2007-12-25 00:00:00,225.71,226.47,224.893,225.703,819870.3125
2007-12-26 00:00:00,225.721,226.895,225.406,226.58,1295519.125
2007-12-27 00:00:00,226.58,228.375,226.535,227.055,1514371.125
2007-12-28 00:00:00,227.055,227.615,223.963,224.305,1047010.125
2007-12-29 00:00:00,224.305,224.305,224.305,224.305,0.0
2007-12-30 00:00:00,224.365,224.88,224.073,224.35,192592.828125
2007-12-31 00:00:00,224.35,224.89,220.828,221.752,976252.75
2008-01-01 00:00:00,221.765,222.72,220.884,222.185,299026.09375
2008-01-02 00:00:00,222.185,222.205,216.4,216.48,1313946.5
2008-01-03 00:00:00,216.48,217.615,213.585,216.13,1204379.25
2008-01-04 00:00:00,216.12,216.825,213.465,214.395,957139.1875
2008-01-05 00:00:00,214.395,214.395,214.395,214.395,0.0
2008-01-06 00:00:00,213.985,214.53,213.771,214.17,269214.09375
2008-01-07 00:00:00,214.17,216.18,214.025,214.825,647683.9375
2008-01-08 00:00:00,214.825,217.325,214.45,214.835,698646.8125
2008-01-09 00:00:00,214.835,216.465,213.84,215.07,997234.0625
2008-01-10 00:00:00,215.07,216.035,213.535,214.985,1085942.75
2008-01-11 00:00:00,214.985,215.105,211.985,212.955,757549.1875
2008-01-12 00:00:00,212.955,212.955,212.955,212.955,0.0
2008-01-13 00:00:00,212.803,213.21,212.548,213.21,149899.21875
2008-01-14 00:00:00,213.21,213.45,210.745,211.54,619688.4375
2008-01-15 00:00:00,211.545,212.155,208.745,209.015,478693.6875
2008-01-16 00:00:00,209.035,212.01,207.005,210.66,650348.125
2008-01-17 00:00:00,210.66,212.39,209.42,209.635,654824.8125
2008-01-18 00:00:00,209.635,211.545,208.215,209.025,566628.625
2008-01-19 00:00:00,209.025,209.025,209.025,209.025,0.0
2008-01-20 00:00:00,208.9,209.345,208.332,209.185,33467.8984375
2008-01-21 00:00:00,209.185,209.285,204.925,204.97,460131.4375
2008-01-22 00:00:00,204.965,210.08,204.74,209.92,615490.4375
2008-01-23 00:00:00,209.92,210.48,204.635,208.875,642970.9375
2008-01-24 00:00:00,208.875,211.995,207.095,211.955,478915.1875
2008-01-25 00:00:00,211.955,214.025,211.115,211.613,461017.40625
2008-01-26 00:00:00,211.613,211.613,211.613,211.613,0.0
2008-01-27 00:00:00,211.745,212.15,211.544,212.07,43545.6328125
2008-01-28 00:00:00,212.08,212.735,209.37,212.3,388663.3125
2008-01-29 00:00:00,212.3,213.435,210.89,212.94,337365.84375
2008-01-30 00:00:00,212.96,213.7,210.44,210.71,295885.15625
2008-01-31 00:00:00,210.71,212.585,209.945,211.435,421006.9375
2008-02-01 00:00:00,211.435,212.365,208.83,209.4,236618.265625
2008-02-02 00:00:00,209.4,209.4,209.4,209.4,0.0
2008-02-03 00:00:00,208.922,209.74,208.92,209.455,37805.0
2008-02-04 00:00:00,209.455,211.745,209.375,210.69,222353.46875
2008-02-05 00:00:00,210.69,212.105,208.835,209.275,238065.890625
2008-02-06 00:00:00,209.275,209.675,207.75,208.495,454699.90625
2008-02-07 00:00:00,208.495,209.385,205.885,208.385,261096.578125
2008-02-08 00:00:00,208.385,209.91,208.055,208.798,266748.3125
2008-02-09 00:00:00,208.798,208.798,208.798,208.798,0.0
2008-02-10 00:00:00,208.692,209.496,208.543,209.13,31666.80078125
2008-02-11 00:00:00,209.13,209.33,206.785,208.32,369204.9375
2008-02-12 00:00:00,208.32,210.97,207.825,210.36,162381.640625
2008-02-13 00:00:00,210.36,212.82,209.355,212.435,226725.921875
2008-02-14 00:00:00,212.435,213.88,211.9,212.295,207239.046875
2008-02-15 00:00:00,212.295,213.315,210.315,211.215,181160.1875
2008-02-16 00:00:00,211.215,211.215,211.215,211.215,0.0
2008-02-17 00:00:00,211.315,212.078,210.89,211.09,47152.19921875
2008-02-18 00:00:00,211.09,211.785,210.57,210.97,133579.953125
2008-02-19 00:00:00,210.97,211.05,208.77,210.245,421160.125
2008-02-20 00:00:00,210.245,210.92,209.05,209.84,282334.8125
2008-02-21 00:00:00,209.84,211.97,209.685,210.91,223230.109375
2008-02-22 00:00:00,210.91,211.505,209.995,210.665,132382.59375
2008-02-23 00:00:00,210.665,210.665,210.665,210.665,0.0
2008-02-24 00:00:00,210.142,211.42,210.117,211.31,15762.6396484375
2008-02-25 00:00:00,211.31,212.9,210.465,212.43,181661.1875
2008-02-26 00:00:00,212.43,213.48,211.82,213.37,253741.84375
2008-02-27 00:00:00,213.35,213.37,210.65,210.96,611985.125
2008-02-28 00:00:00,210.96,211.29,208.32,208.735,413375.65625
2008-02-29 00:00:00,208.735,208.845,205.903,206.14,254665.953125
2008-03-01 00:00:00,206.14,206.14,206.14,206.14,0.0
2008-03-02 00:00:00,205.88,206.367,204.51,204.58,78108.40625
2008-03-03 00:00:00,204.58,205.78,203.48,205.355,312097.0625
2008-03-04 00:00:00,205.355,205.69,203.685,205.22,302114.75
2008-03-05 00:00:00,205.22,207.75,204.405,206.95,338112.78125
2008-03-06 00:00:00,206.95,207.615,205.86,206.31,421311.09375
2008-03-07 00:00:00,206.31,207.97,204.875,206.7,314443.09375
2008-03-08 00:00:00,206.7,206.7,206.7,206.7,0.0
2008-03-09 00:00:00,206.75,206.805,206.07,206.52,87274.1015625
2008-03-10 00:00:00,206.52,206.84,203.67,203.77,276576.9375
2008-03-11 00:00:00,203.77,207.71,203.6,207.115,381118.625
2008-03-12 00:00:00,207.115,207.99,204.97,205.685,489173.75
2008-03-13 00:00:00,205.685,206.095,202.985,204.61,360699.96875
2008-03-14 00:00:00,204.61,205.13,199.587,199.908,325746.59375
2008-03-15 00:00:00,199.908,199.908,199.908,199.908,0.0
2008-03-16 00:00:00,199.915,200.26,197.77,198.13,76913.703125
2008-03-17 00:00:00,198.13,198.19,192.46,193.76,373761.09375
2008-03-18 00:00:00,193.78,201.8,193.37,200.56,453150.3125
2008-03-19 00:00:00,200.56,201.2,195.43,195.6,289918.5
2008-03-20 00:00:00,195.6,198.33,195.095,197.17,304980.0625
2008-03-21 00:00:00,197.16,197.97,196.865,197.2,386824.125
2008-03-22 00:00:00,197.2,197.2,197.2,197.2,0.0
2008-03-23 00:00:00,197.279,197.3,196.612,197.12,107669.296875
2008-03-24 00:00:00,197.12,200.415,197.06,200.225,409892.1875
2008-03-25 00:00:00,200.225,200.93,198.98,200.37,325648.75
2008-03-26 00:00:00,200.37,201.03,197.57,199.01,614413.3125
2008-03-27 00:00:00,199.01,201.75,197.75,199.74,359425.53125
2008-03-28 00:00:00,199.74,200.46,197.54,197.721,358991.65625
2008-03-29 00:00:00,197.721,197.721,197.721,197.721,0.0
2008-03-30 00:00:00,197.98,198.137,196.82,198.02,91077.8359375
2008-03-31 00:00:00,198.0,200.11,197.01,197.845,361546.90625
2008-04-01 00:00:00,197.845,201.7,197.0,200.89,365027.40625
2008-04-02 00:00:00,200.89,204.03,200.825,203.1,307473.9375
2008-04-03 00:00:00,203.1,204.58,202.645,204.18,418771.84375
2008-04-04 00:00:00,204.19,205.11,202.113,202.136,349019.21875
2008-04-05 00:00:00,202.136,202.136,202.136,202.136,0.0
2008-04-06 00:00:00,202.42,202.915,201.92,202.54,48331.6015625
2008-04-07 00:00:00,202.54,204.45,202.53,203.78,332667.78125
2008-04-08 00:00:00,203.78,204.1,201.16,202.07,462844.375
2008-04-09 00:00:00,202.06,202.58,200.57,200.805,376169.40625
2008-04-10 00:00:00,200.805,201.39,198.07,200.58,438992.28125
2008-04-11 00:00:00,200.58,201.89,198.437,199.421,521723.75
2008-04-12 00:00:00,199.421,199.421,199.421,199.421,0.0
2008-04-13 00:00:00,198.845,200.6,198.75,198.94,108325.734375
2008-04-14 00:00:00,198.94,200.78,198.08,199.46,451099.0625
2008-04-15 00:00:00,199.46,200.3,198.5,199.49,455717.9375
2008-04-16 00:00:00,199.49,200.94,199.17,200.75,746400.1875
2008-04-17 00:00:00,200.75,204.42,200.525,203.8,290740.84375
2008-04-18 00:00:00,203.8,209.01,203.56,207.042,286874.09375
2008-04-19 00:00:00,207.042,207.042,207.042,207.042,0.0
2008-04-20 00:00:00,207.185,208.03,206.51,207.55,54425.1015625
2008-04-21 00:00:00,207.55,208.11,203.93,204.54,239162.734375
2008-04-22 00:00:00,204.54,206.1,203.355,205.4,217355.796875
2008-04-23 00:00:00,205.4,206.065,204.115,204.76,389360.4375
2008-04-24 00:00:00,204.76,206.14,204.165,205.83,539233.25
2008-04-25 00:00:00,205.83,207.63,205.41,207.116,477114.09375
2008-04-26 00:00:00,207.116,207.116,207.116,207.116,0.0
2008-04-27 00:00:00,207.11,208.027,206.86,207.51,80274.5
2008-04-28 00:00:00,207.51,208.62,206.76,207.26,114203.90625
2008-04-29 00:00:00,207.26,207.64,203.46,204.5,147039.90625
2008-04-30 00:00:00,204.5,207.885,203.67,206.445,156854.515625
2008-05-01 00:00:00,206.445,207.15,204.815,206.41,140075.5
2008-05-02 00:00:00,206.42,209.03,206.395,207.487,210964.015625
2008-05-03 00:00:00,207.487,207.487,207.487,207.487,0.0
2008-05-04 00:00:00,207.79,208.19,207.312,208.07,15279.7001953125
2008-05-05 00:00:00,208.07,208.32,206.475,207.04,104094.796875
2008-05-06 00:00:00,207.045,207.185,205.515,206.8,206732.875
2008-05-07 00:00:00,206.8,206.91,204.235,204.61,145390.5
2008-05-08 00:00:00,204.61,204.73,202.375,203.0,195695.46875
2008-05-09 00:00:00,203.0,203.07,199.71,200.853,156847.59375
2008-05-10 00:00:00,200.853,200.853,200.853,200.853,0.0
2008-05-11 00:00:00,200.87,201.13,200.151,200.33,9476.4501953125
2008-05-12 00:00:00,200.33,203.75,200.27,202.875,113533.3203125
2008-05-13 00:00:00,202.88,204.165,201.52,203.7,126419.859375
2008-05-14 00:00:00,203.7,205.0,203.41,204.68,111382.0390625
2008-05-15 00:00:00,204.68,204.83,203.11,203.97,154662.71875
2008-05-16 00:00:00,203.98,204.42,202.605,203.701,135804.125
2008-05-17 00:00:00,203.701,203.701,203.701,203.701,0.0
2008-05-18 00:00:00,203.695,203.829,203.293,203.75,23421.599609375
2008-05-19 00:00:00,203.75,204.09,202.945,203.555,120652.71875
2008-05-20 00:00:00,203.55,204.755,202.71,203.89,130857.3046875
2008-05-21 00:00:00,203.89,203.9,202.61,203.11,147813.140625
2008-05-22 00:00:00,203.105,206.55,202.71,205.96,193230.203125
2008-05-23 00:00:00,205.96,206.235,204.135,204.595,137477.78125
2008-05-24 00:00:00,204.595,204.595,204.595,204.595,0.0
2008-05-25 00:00:00,204.585,204.882,204.275,204.36,13342.751953125
2008-05-26 00:00:00,204.355,205.15,204.265,204.87,65306.60546875
2008-05-27 00:00:00,204.87,206.16,204.65,205.83,144738.25
2008-05-28 00:00:00,205.83,207.71,205.18,207.35,191269.0625
2008-05-29 00:00:00,207.35,208.95,206.79,208.48,86412.7734375
2008-05-30 00:00:00,208.48,209.35,207.69,208.766,104617.2734375
2008-05-31 00:00:00,208.766,208.766,208.766,208.766,0.0
2008-06-01 00:00:00,208.738,209.073,206.928,208.11,12178.9482421875
2008-06-02 00:00:00,208.11,208.25,204.66,205.08,150739.78125
2008-06-03 00:00:00,205.05,207.125,203.98,205.92,139521.046875
2008-06-04 00:00:00,205.92,206.63,204.5,205.68,155741.734375
2008-06-05 00:00:00,205.675,207.55,205.59,207.375,153963.875
2008-06-06 00:00:00,207.38,208.08,206.273,206.677,115341.7890625
2008-06-07 00:00:00,206.677,206.677,206.677,206.677,0.0
2008-06-08 00:00:00,206.675,206.928,205.66,206.54,16057.7001953125
2008-06-09 00:00:00,206.54,210.135,206.43,209.77,242713.78125
2008-06-10 00:00:00,209.77,210.75,208.59,209.62,149779.9375
2008-06-11 00:00:00,209.62,210.64,209.4,209.78,263452.5
2008-06-12 00:00:00,209.77,210.275,209.52,210.03,218730.390625
2008-06-13 00:00:00,210.03,210.86,209.69,210.533,194014.875
2008-06-14 00:00:00,210.533,210.533,210.533,210.533,0.0
2008-06-15 00:00:00,210.595,211.015,209.945,210.965,23100.80078125
2008-06-16 00:00:00,210.98,212.82,210.77,212.41,236362.90625
2008-06-17 00:00:00,212.415,212.67,210.635,211.22,260637.59375
2008-06-18 00:00:00,211.22,211.5,210.42,211.26,194283.59375
2008-06-19 00:00:00,211.26,213.295,210.8,213.02,220969.40625
2008-06-20 00:00:00,213.02,213.03,211.72,212.01,242286.296875
2008-06-21 00:00:00,212.01,212.01,212.01,212.01,0.0
2008-06-22 00:00:00,212.02,212.21,211.398,212.0,27034.900390625
2008-06-23 00:00:00,212.0,212.11,211.08,211.9,254883.296875
2008-06-24 00:00:00,211.885,212.855,211.63,212.48,201586.40625
2008-06-25 00:00:00,212.48,213.32,212.15,212.86,216785.5625
2008-06-26 00:00:00,212.86,213.91,211.905,212.335,239686.921875
2008-06-27 00:00:00,212.33,212.98,210.59,211.602,255962.40625
2008-06-28 00:00:00,211.602,211.602,211.602,211.602,0.0
2008-06-29 00:00:00,211.61,212.15,211.415,211.93,21196.30078125
2008-06-30 00:00:00,211.935,212.32,209.42,211.3,258088.875
2008-07-01 00:00:00,211.3,211.92,210.045,211.72,213714.390625
2008-07-02 00:00:00,211.71,212.07,210.8,211.07,210465.96875
2008-07-03 00:00:00,211.06,211.92,210.49,211.58,203307.1875
2008-07-04 00:00:00,211.605,212.07,211.22,211.718,104419.65625
2008-07-05 00:00:00,211.718,211.718,211.718,211.718,0.0
2008-07-06 00:00:00,211.715,211.825,211.475,211.587,22339.5
2008-07-07 00:00:00,211.605,212.43,210.97,211.585,137090.90625
2008-07-08 00:00:00,211.58,211.78,210.235,211.69,161243.75
2008-07-09 00:00:00,211.675,212.325,211.015,211.73,149076.0625
2008-07-10 00:00:00,211.73,212.15,211.13,211.545,167507.203125
2008-07-11 00:00:00,211.54,212.11,210.23,210.922,188170.03125
2008-07-12 00:00:00,210.922,210.922,210.922,210.922,0.0
2008-07-13 00:00:00,211.52,211.725,210.855,211.58,21623.69921875
2008-07-14 00:00:00,211.58,212.26,211.08,211.885,204224.328125
2008-07-15 00:00:00,211.9,212.0,208.915,210.07,240309.5625
2008-07-16 00:00:00,210.08,210.3,207.985,210.095,236652.5
2008-07-17 00:00:00,210.095,213.61,209.65,212.16,218686.796875
2008-07-18 00:00:00,212.16,213.84,211.56,213.718,171528.046875
2008-07-19 00:00:00,213.718,213.718,213.718,213.718,0.0
2008-07-20 00:00:00,213.625,213.795,213.065,213.255,14986.2998046875
2008-07-21 00:00:00,213.255,213.825,212.14,213.22,167378.21875
2008-07-22 00:00:00,213.22,213.835,212.835,213.56,172405.609375
2008-07-23 00:00:00,213.565,215.87,213.53,215.52,213554.921875
2008-07-24 00:00:00,215.52,215.6,212.77,213.05,178850.953125
2008-07-25 00:00:00,213.04,215.048,211.6,214.77,193440.25
2008-07-26 00:00:00,214.77,214.77,214.77,214.77,0.0
2008-07-27 00:00:00,214.728,214.813,214.315,214.4,20783.69921875
2008-07-28 00:00:00,214.41,214.89,213.69,214.31,171019.296875
2008-07-29 00:00:00,214.32,214.8,213.715,213.98,148866.59375
2008-07-30 00:00:00,213.98,214.375,213.255,214.185,144584.265625
2008-07-31 00:00:00,214.18,214.58,213.365,213.61,167834.78125
2008-08-01 00:00:00,213.6,213.785,212.005,212.658,182084.40625
2008-08-02 00:00:00,212.658,212.658,212.658,212.658,0.0
2008-08-03 00:00:00,212.663,212.747,211.928,212.4,12722.66796875
2008-08-04 00:00:00,212.4,212.88,212.07,212.22,163841.265625
2008-08-05 00:00:00,212.22,212.25,210.565,211.81,218352.046875
2008-08-06 00:00:00,211.82,213.935,211.585,213.235,226871.78125
2008-08-07 00:00:00,213.24,213.74,212.405,212.47,236955.59375
2008-08-08 00:00:00,212.47,212.71,210.786,211.393,258455.796875
2008-08-09 00:00:00,211.393,211.393,211.393,211.393,0.0
2008-08-10 00:00:00,211.545,211.775,209.695,209.89,19989.900390625
2008-08-11 00:00:00,209.88,211.54,209.88,210.55,155376.75
2008-08-12 00:00:00,210.56,210.625,206.87,207.12,277814.6875
2008-08-13 00:00:00,207.12,207.26,202.505,203.795,322157.96875
2008-08-14 00:00:00,203.795,205.87,203.54,204.88,276009.96875
2008-08-15 00:00:00,204.88,206.51,204.39,206.252,164690.90625
2008-08-16 00:00:00,206.252,206.252,206.252,206.252,0.0
2008-08-17 00:00:00,206.188,206.277,205.545,205.77,11488.2001953125
2008-08-18 00:00:00,205.76,206.21,205.02,205.33,185367.90625
2008-08-19 00:00:00,205.33,205.35,203.875,204.83,244891.46875
2008-08-20 00:00:00,204.83,205.14,204.115,204.34,235260.921875
2008-08-21 00:00:00,204.34,204.62,201.775,203.46,285024.375
2008-08-22 00:00:00,203.46,204.58,202.77,203.71,272125.59375
2008-08-23 00:00:00,203.71,203.71,203.71,203.71,0.0
2008-08-24 00:00:00,203.707,203.917,203.365,203.41,11252.599609375
2008-08-25 00:00:00,203.42,203.755,201.73,202.11,242944.203125
2008-08-26 00:00:00,202.11,202.85,200.685,201.48,395288.03125
2008-08-27 00:00:00,201.48,202.28,200.485,200.97,298639.15625
2008-08-28 00:00:00,200.97,201.1,199.78,200.12,362030.78125
2008-08-29 00:00:00,200.12,200.32,197.182,198.09,252082.703125
2008-08-30 00:00:00,198.09,198.09,198.09,198.09,0.0
2008-08-31 00:00:00,198.077,198.28,195.695,196.54,23264.958984375
2008-09-01 00:00:00,196.54,196.915,192.585,193.615,225024.484375
2008-09-02 00:00:00,193.62,194.9,193.025,193.055,267165.75
2008-09-03 00:00:00,193.07,194.07,191.92,192.29,275097.09375
2008-09-04 00:00:00,192.28,193.595,186.165,187.45,322757.65625
2008-09-05 00:00:00,187.445,190.38,186.335,190.216,317194.1875
2008-09-06 00:00:00,190.216,190.216,190.216,190.216,0.0
2008-09-07 00:00:00,190.21,195.54,190.045,193.55,45716.53125
2008-09-08 00:00:00,193.565,195.66,188.52,190.04,287815.78125
2008-09-09 00:00:00,190.075,190.96,187.555,188.09,284267.34375
2008-09-10 00:00:00,188.09,190.09,187.165,187.995,288066.8125
2008-09-11 00:00:00,187.95,188.87,185.875,188.11,318969.96875
2008-09-12 00:00:00,188.11,193.72,187.815,193.529,282838.34375
2008-09-13 00:00:00,193.529,193.529,193.529,193.529,0.0
2008-09-14 00:00:00,193.5,193.517,189.709,191.23,38468.30859375
2008-09-15 00:00:00,191.24,192.0,186.91,187.01,429102.4375
2008-09-16 00:00:00,187.01,190.04,184.455,189.53,420808.65625
2008-09-17 00:00:00,189.54,192.025,186.855,189.265,485397.84375
2008-09-18 00:00:00,189.295,192.17,189.24,192.12,558951.875
2008-09-19 00:00:00,192.135,197.045,191.525,196.752,411622.125
2008-09-20 00:00:00,196.752,196.752,196.752,196.752,0.0
2008-09-21 00:00:00,196.763,196.833,194.9,195.7,43072.7265625
2008-09-22 00:00:00,195.7,197.115,194.27,195.775,480191.34375
2008-09-23 00:00:00,195.77,196.59,194.905,196.1,368203.125
2008-09-24 00:00:00,196.1,197.44,195.29,196.48,295671.9375
2008-09-25 00:00:00,196.49,197.19,195.28,195.35,282521.625
2008-09-26 00:00:00,195.35,195.83,193.135,195.276,302742.5
2008-09-27 00:00:00,195.276,195.276,195.276,195.276,0.0
2008-09-28 00:00:00,195.44,195.627,194.03,194.65,28460.19921875
2008-09-29 00:00:00,194.65,195.445,186.385,187.66,392625.0625
2008-09-30 00:00:00,187.65,190.99,186.97,189.0,363837.40625
2008-10-01 00:00:00,188.995,189.905,185.98,187.44,340705.71875
2008-10-02 00:00:00,187.46,188.12,184.7,185.13,406193.125
2008-10-03 00:00:00,185.125,188.48,184.66,186.515,437640.5625
2008-10-04 00:00:00,186.515,186.515,186.515,186.515,0.0
2008-10-05 00:00:00,185.863,186.411,184.025,184.605,44239.30078125
2008-10-06 00:00:00,184.595,184.86,174.02,176.955,492235.03125
2008-10-07 00:00:00,176.98,182.015,175.945,176.875,432258.75
2008-10-08 00:00:00,176.875,178.915,170.85,171.76,4253142.0
2008-10-09 00:00:00,171.76,176.39,167.645,168.61,5778721.5
2008-10-10 00:00:00,168.585,172.156,165.92,171.865,4701893.0
2008-10-11 00:00:00,171.865,171.865,171.865,171.865,0.0
2008-10-12 00:00:00,172.275,173.45,171.274,172.645,163521.984375
2008-10-13 00:00:00,172.645,179.14,168.61,179.03,4571966.0
2008-10-14 00:00:00,179.015,181.38,176.4,176.675,3948691.5
2008-10-15 00:00:00,176.685,178.72,170.345,170.72,4052155.5
2008-10-16 00:00:00,170.745,176.235,170.705,175.795,4707036.0
2008-10-17 00:00:00,175.8,176.54,173.94,175.734,3581326.5
2008-10-18 00:00:00,175.734,175.734,175.734,175.734,0.0
2008-10-19 00:00:00,175.433,176.097,175.282,175.83,380337.40625
2008-10-20 00:00:00,175.83,179.2,173.59,175.26,2773764.75
2008-10-21 00:00:00,175.265,175.56,165.355,165.615,3092053.75
2008-10-22 00:00:00,165.645,166.615,157.55,158.345,3748955.0
2008-10-23 00:00:00,158.345,160.66,154.52,157.88,3436913.25
2008-10-24 00:00:00,157.865,157.955,138.935,149.73,3515876.5
2008-10-25 00:00:00,149.73,149.73,149.73,149.73,0.0
2008-10-26 00:00:00,149.418,149.662,144.15,148.24,315586.5625
2008-10-27 00:00:00,148.24,149.825,140.645,144.74,3148661.5
2008-10-28 00:00:00,144.745,159.5,142.82,157.95,337740.875
2008-10-29 00:00:00,157.975,161.18,153.325,159.62,303154.84375
2008-10-30 00:00:00,159.625,165.015,158.165,161.59,256652.78125
2008-10-31 00:00:00,161.61,162.16,155.46,158.13,237405.203125
2008-11-01 00:00:00,158.13,158.13,158.13,158.13,0.0
2008-11-02 00:00:00,158.22,158.835,158.09,158.71,13861.2001953125
2008-11-03 00:00:00,158.7,163.31,155.565,156.04,194669.796875
2008-11-04 00:00:00,156.07,161.735,153.715,158.97,230512.28125
2008-11-05 00:00:00,158.97,160.81,155.175,155.565,182895.078125
2008-11-06 00:00:00,155.58,157.615,151.35,151.505,245811.9375
2008-11-07 00:00:00,151.495,156.19,150.255,153.6,260948.328125
2008-11-08 00:00:00,153.6,153.6,153.6,153.6,0.0
2008-11-09 00:00:00,154.192,157.034,153.705,156.265,19552.28125
2008-11-10 00:00:00,156.255,157.51,152.055,153.18,293078.625
2008-11-11 00:00:00,153.175,154.25,149.055,149.59,239045.3125
2008-11-12 00:00:00,149.575,151.725,140.23,141.145,280357.5
2008-11-13 00:00:00,141.145,146.27,138.83,145.425,227323.78125
2008-11-14 00:00:00,145.425,146.08,140.87,143.065,195945.0
2008-11-15 00:00:00,143.065,143.065,143.065,143.065,0.0
2008-11-16 00:00:00,142.117,142.893,140.375,141.005,26640.099609375
2008-11-17 00:00:00,141.02,146.475,140.78,144.46,184749.140625
2008-11-18 00:00:00,144.46,146.52,143.555,144.67,171053.640625
2008-11-19 00:00:00,144.68,147.88,142.83,143.715,228778.703125
2008-11-20 00:00:00,143.72,143.835,137.635,138.56,228530.0
2008-11-21 00:00:00,138.55,143.414,138.255,143.135,260235.390625
2008-11-22 00:00:00,143.135,143.135,143.135,143.135,0.0
2008-11-23 00:00:00,142.995,143.655,142.655,143.23,17652.900390625
2008-11-24 00:00:00,143.25,147.93,141.045,146.695,244779.171875
2008-11-25 00:00:00,146.705,148.59,143.73,147.2,239238.65625
2008-11-26 00:00:00,147.215,147.545,144.515,146.6,222694.46875
2008-11-27 00:00:00,146.6,147.9,145.68,146.91,170714.3125
2008-11-28 00:00:00,146.91,147.56,145.565,146.962,206646.40625
2008-11-29 00:00:00,146.962,146.962,146.962,146.962,0.0
2008-11-30 00:00:00,146.44,147.115,146.285,146.29,16887.80078125
2008-12-01 00:00:00,146.265,146.47,138.035,138.52,171557.65625
2008-12-02 00:00:00,138.52,140.92,137.12,138.765,185012.828125
2008-12-03 00:00:00,138.765,139.745,136.29,137.64,186390.59375
2008-12-04 00:00:00,137.64,138.0,134.1,135.685,325278.25
2008-12-05 00:00:00,135.7,137.5,133.24,136.287,278560.0625
2008-12-06 00:00:00,136.287,136.287,136.287,136.287,0.0
2008-12-07 00:00:00,136.4,137.12,136.12,136.37,12445.2001953125
2008-12-08 00:00:00,136.385,140.74,136.235,138.3,213100.84375
2008-12-09 00:00:00,138.3,138.5,135.45,136.16,288504.8125
2008-12-10 00:00:00,136.155,138.36,136.155,137.335,258729.703125
2008-12-11 00:00:00,137.335,138.665,135.805,137.49,199522.046875
2008-12-12 00:00:00,137.49,138.21,132.275,136.305,229993.140625
2008-12-13 00:00:00,136.305,136.305,136.305,136.305,0.0
2008-12-14 00:00:00,136.891,136.921,135.625,135.95,16110.23046875
2008-12-15 00:00:00,135.95,139.23,135.285,138.455,195422.796875
2008-12-16 00:00:00,138.45,139.065,136.8,138.17,193567.765625
2008-12-17 00:00:00,138.185,139.09,134.875,135.32,244783.328125
2008-12-18 00:00:00,135.32,138.105,133.615,134.725,198746.453125
2008-12-19 00:00:00,134.725,135.895,132.33,133.36,183125.59375
2008-12-20 00:00:00,133.36,133.36,133.36,133.36,0.0
2008-12-21 00:00:00,133.225,134.035,133.051,133.97,6045.7998046875
2008-12-22 00:00:00,133.97,134.675,132.01,133.519,200025.234375
2008-12-23 00:00:00,133.51,134.385,132.885,133.885,130897.0
2008-12-24 00:00:00,133.845,134.08,132.58,133.305,119803.203125
2008-12-25 00:00:00,133.275,133.738,132.055,133.42,129949.6015625
2008-12-26 00:00:00,133.43,133.835,132.15,132.587,55379.19921875
2008-12-27 00:00:00,132.587,132.587,132.587,132.587,0.0
2008-12-28 00:00:00,132.66,133.01,132.548,132.795,8162.39990234375
2008-12-29 00:00:00,132.805,133.5,130.185,131.11,159011.296875
2008-12-30 00:00:00,131.11,131.86,129.84,130.545,126930.8984375
2008-12-31 00:00:00,130.545,133.265,130.025,132.601,89121.890625
2009-01-01 00:00:00,132.559,134.675,132.192,133.535,126062.1015625
2009-01-02 00:00:00,133.51,133.99,131.38,133.502,126308.296875
2009-01-03 00:00:00,133.502,133.502,133.502,133.502,0.0
2009-01-04 00:00:00,133.285,134.173,133.285,133.72,9497.900390625
2009-01-05 00:00:00,133.72,137.565,132.835,137.135,159486.296875
2009-01-06 00:00:00,137.135,140.85,135.395,139.175,177970.5
2009-01-07 00:00:00,139.175,141.545,137.925,139.69,166039.09375
2009-01-08 00:00:00,139.72,140.09,137.215,139.115,173967.359375
2009-01-09 00:00:00,139.12,139.9,136.53,137.183,150784.59375
2009-01-10 00:00:00,137.183,137.183,137.183,137.183,0.0
2009-01-11 00:00:00,136.535,136.969,135.54,135.92,16244.400390625
2009-01-12 00:00:00,135.92,136.195,131.745,132.51,170337.09375
2009-01-13 00:00:00,132.51,132.54,128.82,129.71,210293.0
2009-01-14 00:00:00,129.72,132.08,129.025,130.29,179470.40625
2009-01-15 00:00:00,130.295,132.025,129.085,131.945,215335.09375
2009-01-16 00:00:00,131.955,135.72,131.75,133.67,233182.625
2009-01-17 00:00:00,133.67,133.67,133.67,133.67,0.0
2009-01-18 00:00:00,133.623,135.86,133.577,135.63,17352.69921875
2009-01-19 00:00:00,135.63,135.775,130.03,130.705,149635.46875
2009-01-20 00:00:00,130.7,130.735,123.8,124.58,173872.96875
2009-01-21 00:00:00,124.575,126.175,119.365,123.55,175600.203125
2009-01-22 00:00:00,123.55,124.78,121.095,123.685,200668.921875
2009-01-23 00:00:00,123.685,123.765,118.84,122.395,194570.5
2009-01-24 00:00:00,122.395,122.395,122.395,122.395,0.0
2009-01-25 00:00:00,122.585,122.615,119.63,120.37,17831.0
2009-01-26 00:00:00,120.375,125.095,120.22,124.665,355346.1875
2009-01-27 00:00:00,124.665,127.645,124.22,126.68,230248.28125
2009-01-28 00:00:00,126.68,129.675,125.605,128.73,246222.796875
2009-01-29 00:00:00,128.725,129.42,126.48,128.37,193868.796875
2009-01-30 00:00:00,128.375,130.86,126.67,130.84,271138.6875
2009-01-31 00:00:00,130.84,130.84,130.84,130.84,0.0
2009-02-01 00:00:00,130.399,130.639,128.925,129.0,29223.80078125
2009-02-02 00:00:00,129.0,129.575,125.31,126.905,276484.4375
2009-02-03 00:00:00,126.905,129.485,126.685,128.965,217101.5625
2009-02-04 00:00:00,128.96,130.675,127.29,129.3,271277.0625
2009-02-05 00:00:00,129.3,135.62,128.485,133.355,267540.5
2009-02-06 00:00:00,133.36,136.775,132.455,135.727,274930.3125
2009-02-07 00:00:00,135.727,135.727,135.727,135.727,0.0
2009-02-08 00:00:00,135.398,137.305,135.385,136.39,28827.900390625
2009-02-09 00:00:00,136.385,137.335,133.615,135.625,241282.0
2009-02-10 00:00:00,135.635,136.255,130.33,131.645,326657.0
2009-02-11 00:00:00,131.65,131.77,128.86,129.58,165249.78125
2009-02-12 00:00:00,129.595,130.0,127.11,129.53,276041.6875
2009-02-13 00:00:00,129.53,133.89,129.29,131.898,246116.796875
2009-02-14 00:00:00,131.898,131.898,131.898,131.898,0.0
2009-02-15 00:00:00,130.735,131.701,129.793,130.21,37054.30078125
2009-02-16 00:00:00,130.21,131.455,129.605,131.095,183809.453125
2009-02-17 00:00:00,131.11,132.21,129.65,131.38,295975.65625
2009-02-18 00:00:00,131.39,133.725,130.375,133.42,142300.625
2009-02-19 00:00:00,133.41,136.375,132.895,134.06,209292.71875
2009-02-20 00:00:00,134.06,135.34,132.745,134.595,195076.859375
2009-02-21 00:00:00,134.595,134.595,134.595,134.595,0.0
2009-02-22 00:00:00,133.897,134.79,133.882,134.365,19024.900390625
2009-02-23 00:00:00,134.375,139.125,133.81,136.375,201264.390625
2009-02-24 00:00:00,136.375,140.665,136.23,140.225,149798.8125
2009-02-25 00:00:00,140.23,141.77,137.665,138.405,146465.203125
2009-02-26 00:00:00,138.405,141.695,138.305,140.56,107572.25
2009-02-27 00:00:00,140.535,140.61,136.71,139.608,117324.84375
2009-02-28 00:00:00,139.608,139.608,139.608,139.608,0.0
2009-03-01 00:00:00,139.44,139.75,138.115,138.19,23390.5
2009-03-02 00:00:00,138.22,139.525,135.55,136.235,204533.59375
2009-03-03 00:00:00,136.235,138.645,136.055,138.155,239257.640625
2009-03-04 00:00:00,138.17,140.845,137.35,140.34,195319.671875
2009-03-05 00:00:00,140.34,141.5,138.01,138.635,184348.515625
2009-03-06 00:00:00,138.64,140.18,137.25,138.35,169556.40625
2009-03-07 00:00:00,138.35,138.35,138.35,138.35,0.0
2009-03-08 00:00:00,138.537,139.045,138.258,138.685,18392.30078125
2009-03-09 00:00:00,138.66,139.33,135.92,136.42,215416.1875
2009-03-10 00:00:00,136.42,137.05,135.145,136.205,196154.34375
2009-03-11 00:00:00,136.2,136.255,133.855,134.51,205088.9375
2009-03-12 00:00:00,134.51,136.555,131.465,135.47,228058.015625
2009-03-13 00:00:00,135.465,138.37,135.28,137.121,179178.796875
2009-03-14 00:00:00,137.121,137.121,137.121,137.121,0.0
2009-03-15 00:00:00,136.7,137.222,135.92,136.9,19787.0
2009-03-16 00:00:00,136.92,140.01,136.885,138.29,196087.296875
2009-03-17 00:00:00,138.28,139.37,137.955,138.865,179544.21875
2009-03-18 00:00:00,138.855,138.91,134.87,137.675,204091.703125
2009-03-19 00:00:00,137.675,137.965,135.25,136.95,213599.578125
2009-03-20 00:00:00,136.95,138.95,136.58,138.721,232575.40625
2009-03-21 00:00:00,138.721,138.721,138.721,138.721,0.0
2009-03-22 00:00:00,138.64,138.93,137.962,138.9,19379.0
2009-03-23 00:00:00,138.915,141.875,138.795,141.43,239832.828125
2009-03-24 00:00:00,141.44,145.085,141.295,144.565,238489.828125
2009-03-25 00:00:00,144.525,144.615,140.955,142.24,198684.0
2009-03-26 00:00:00,142.25,143.6,141.965,142.745,198520.9375
2009-03-27 00:00:00,142.745,142.915,139.025,140.088,163065.296875
2009-03-28 00:00:00,140.088,140.088,140.088,140.088,0.0
2009-03-29 00:00:00,140.045,140.365,139.382,140.0,16835.5
2009-03-30 00:00:00,140.0,140.465,135.72,138.86,186151.921875
2009-03-31 00:00:00,138.865,142.81,138.725,142.61,209798.578125
2009-04-01 00:00:00,142.62,142.85,140.54,142.56,199242.296875
2009-04-02 00:00:00,142.57,147.08,142.285,146.94,222714.296875
2009-04-03 00:00:00,146.94,148.925,145.55,148.832,186396.265625
2009-04-04 00:00:00,148.832,148.832,148.832,148.832,0.0
2009-04-05 00:00:00,148.787,149.75,148.211,149.67,27590.900390625
2009-04-06 00:00:00,149.685,151.525,147.145,147.15,315078.1875
2009-04-07 00:00:00,147.15,148.94,145.81,148.28,391894.75
2009-04-08 00:00:00,148.28,148.305,145.72,146.62,441997.15625
2009-04-09 00:00:00,146.635,147.995,146.26,147.215,381760.1875
2009-04-10 00:00:00,147.23,147.445,146.595,147.003,87300.296875
2009-04-11 00:00:00,147.003,147.003,147.003,147.003,0.0
2009-04-12 00:00:00,147.007,147.298,146.428,146.7,25161.0
2009-04-13 00:00:00,146.715,149.26,146.405,149.095,175640.203125
2009-04-14 00:00:00,149.095,149.255,146.985,147.6,242463.5
2009-04-15 00:00:00,147.585,149.25,145.855,148.85,290556.6875
2009-04-16 00:00:00,148.85,149.82,146.55,148.48,380708.0
2009-04-17 00:00:00,148.48,148.725,146.18,146.671,373681.0
2009-04-18 00:00:00,146.671,146.671,146.671,146.671,0.0
2009-04-19 00:00:00,146.547,147.055,146.38,146.66,25922.80078125
2009-04-20 00:00:00,146.635,146.78,141.5,141.565,333537.90625
2009-04-21 00:00:00,141.565,145.165,141.565,144.485,314607.59375
2009-04-22 00:00:00,144.475,144.65,140.6,142.125,297693.1875
2009-04-23 00:00:00,142.12,144.505,141.075,143.595,321967.40625
2009-04-24 00:00:00,143.595,143.82,141.155,142.565,384405.75
2009-04-25 00:00:00,142.565,142.565,142.565,142.565,0.0
2009-04-26 00:00:00,142.55,142.739,141.49,141.65,27940.599609375
2009-04-27 00:00:00,141.64,142.04,140.135,140.885,435898.0
2009-04-28 00:00:00,140.87,141.955,139.01,141.325,440246.0
2009-04-29 00:00:00,141.33,144.545,141.21,144.125,430154.1875
2009-04-30 00:00:00,144.15,146.945,143.62,146.37,466540.59375
2009-05-01 00:00:00,146.37,148.345,145.7,147.785,338130.59375
2009-05-02 00:00:00,147.785,147.785,147.785,147.785,0.0
2009-05-03 00:00:00,147.903,148.643,147.586,148.473,52562.80078125
2009-05-04 00:00:00,148.386,149.115,147.32,148.525,327373.1875
2009-05-05 00:00:00,148.535,149.86,147.805,148.6,294091.4375
2009-05-06 00:00:00,148.585,149.325,146.955,149.265,392653.3125
2009-05-07 00:00:00,149.255,150.88,148.065,148.975,353487.75
2009-05-08 00:00:00,148.975,150.219,148.165,150.076,392104.5
2009-05-09 00:00:00,150.076,150.076,150.076,150.076,0.0
2009-05-10 00:00:00,149.737,150.46,149.671,150.21,23068.19921875
2009-05-11 00:00:00,150.21,150.32,146.74,147.555,268922.0
2009-05-12 00:00:00,147.555,149.485,146.3,147.135,271537.40625
2009-05-13 00:00:00,147.135,148.085,143.88,144.05,417807.0
2009-05-14 00:00:00,144.035,146.425,143.37,146.135,398500.40625
2009-05-15 00:00:00,146.115,146.4,143.54,144.457,303133.40625
2009-05-16 00:00:00,144.457,144.457,144.457,144.457,0.0
2009-05-17 00:00:00,144.385,144.447,143.52,143.925,17931.5
2009-05-18 00:00:00,143.925,147.975,143.01,147.58,403938.34375
2009-05-19 00:00:00,147.58,149.63,147.06,149.01,431796.59375
2009-05-20 00:00:00,149.005,149.845,147.535,148.935,486818.9375
2009-05-21 00:00:00,148.935,150.08,146.845,149.215,332275.125
2009-05-22 00:00:00,149.22,151.075,148.165,150.774,331225.5625
2009-05-23 00:00:00,150.774,150.774,150.774,150.774,0.0
2009-05-24 00:00:00,150.738,151.0,150.303,150.475,22838.0
2009-05-25 00:00:00,150.46,151.51,149.785,150.99,112606.5
2009-05-26 00:00:00,150.985,152.3,149.565,151.985,389661.46875
2009-05-27 00:00:00,151.995,153.1,151.695,152.505,372950.09375
2009-05-28 00:00:00,152.485,154.89,152.405,154.26,432867.3125
2009-05-29 00:00:00,154.235,155.735,153.26,154.267,299645.09375
2009-05-30 00:00:00,154.267,154.267,154.267,154.267,0.0
2009-05-31 00:00:00,154.24,154.747,153.75,154.44,25183.5
2009-06-01 00:00:00,154.44,159.19,153.475,158.74,226182.265625
2009-06-02 00:00:00,158.735,159.225,156.875,158.015,292873.8125
2009-06-03 00:00:00,158.015,160.47,155.695,156.425,332896.6875
2009-06-04 00:00:00,156.42,158.595,155.195,155.705,365988.09375
2009-06-05 00:00:00,155.69,158.495,154.875,157.57,313814.0
2009-06-06 00:00:00,157.57,157.57,157.57,157.57,0.0
2009-06-07 00:00:00,157.575,157.725,157.025,157.56,15741.7001953125
2009-06-08 00:00:00,157.55,158.5,155.545,158.41,413860.59375
2009-06-09 00:00:00,158.395,159.205,156.615,158.86,377461.625
2009-06-10 00:00:00,158.87,161.3,158.465,160.675,337633.40625
2009-06-11 00:00:00,160.675,162.065,159.95,161.875,306198.0625
2009-06-12 00:00:00,161.875,162.585,160.48,161.774,291761.09375
2009-06-13 00:00:00,161.774,161.774,161.774,161.774,0.0
2009-06-14 00:00:00,161.788,161.841,161.165,161.546,49125.6015625
2009-06-15 00:00:00,161.543,161.587,158.7,158.81,91266.203125
2009-06-16 00:00:00,158.848,160.307,156.411,157.067,83762.203125
2009-06-17 00:00:00,157.056,159.341,155.577,157.604,83778.6015625
2009-06-18 00:00:00,157.589,158.422,154.925,158.066,84209.6015625
2009-06-19 00:00:00,158.068,159.615,157.381,158.755,133453.796875
2009-06-20 00:00:00,158.755,158.755,158.755,158.755,0.0
2009-06-21 00:00:00,158.803,158.89,158.045,158.34,9084.099609375
2009-06-22 00:00:00,158.325,158.685,155.455,155.675,260040.796875
2009-06-23 00:00:00,155.675,156.855,154.06,156.715,301148.09375
2009-06-24 00:00:00,156.715,158.27,156.435,157.27,294118.1875
2009-06-25 00:00:00,157.27,158.535,155.945,157.22,325193.6875
2009-06-26 00:00:00,157.153,158.202,156.665,157.079,255112.09375
2009-06-27 00:00:00,157.079,157.079,157.079,157.079,0.0
2009-06-28 00:00:00,157.233,157.515,157.01,157.14,21105.419921875
2009-06-29 00:00:00,157.14,159.65,156.71,159.345,291632.3125
2009-06-30 00:00:00,159.34,160.275,158.19,158.56,298309.90625
2009-07-01 00:00:00,158.555,159.98,158.17,159.2,280221.09375
2009-07-02 00:00:00,159.195,159.34,156.475,156.635,269224.53125
2009-07-03 00:00:00,156.635,157.85,156.386,156.865,152905.59375
2009-07-04 00:00:00,156.865,156.865,156.865,156.865,0.0
2009-07-05 00:00:00,156.835,157.055,156.14,156.335,20870.400390625
2009-07-06 00:00:00,156.325,156.325,153.02,155.125,329494.125
2009-07-07 00:00:00,155.12,155.365,152.015,152.155,368068.34375
2009-07-08 00:00:00,152.145,152.495,146.73,148.685,359990.625
2009-07-09 00:00:00,148.685,152.36,148.685,152.125,376094.09375
2009-07-10 00:00:00,152.14,152.17,148.35,149.896,323845.59375
2009-07-11 00:00:00,149.896,149.896,149.896,149.896,0.0
2009-07-12 00:00:00,150.038,150.048,149.525,149.745,22073.80078125
2009-07-13 00:00:00,149.755,151.655,147.135,151.475,393050.59375
2009-07-14 00:00:00,151.475,153.015,150.705,152.975,354270.40625
2009-07-15 00:00:00,152.965,155.165,152.43,154.885,298535.1875
2009-07-16 00:00:00,154.885,155.05,153.025,153.76,301190.40625
2009-07-17 00:00:00,153.745,154.625,152.39,153.886,275638.1875
2009-07-18 00:00:00,153.886,153.886,153.886,153.886,0.0
2009-07-19 00:00:00,153.772,154.52,153.63,154.5,17318.400390625
2009-07-20 00:00:00,154.485,156.445,154.385,155.56,259054.015625
2009-07-21 00:00:00,155.56,155.585,153.115,153.53,289739.0
2009-07-22 00:00:00,153.535,154.62,152.315,153.915,311772.625
2009-07-23 00:00:00,153.915,157.625,153.905,156.765,312531.8125
2009-07-24 00:00:00,156.765,156.865,155.365,155.672,270889.8125
2009-07-25 00:00:00,155.672,155.672,155.672,155.672,0.0
2009-07-26 00:00:00,155.675,156.303,155.39,155.41,23913.44921875
2009-07-27 00:00:00,155.41,157.48,155.16,156.87,300039.59375
2009-07-28 00:00:00,156.86,157.455,154.14,154.92,330712.40625
2009-07-29 00:00:00,154.92,156.34,153.855,155.49,370122.40625
2009-07-30 00:00:00,155.495,158.075,155.24,157.73,328290.3125
2009-07-31 00:00:00,157.725,158.585,156.91,158.082,295035.59375
2009-08-01 00:00:00,158.082,158.082,158.082,158.082,0.0
2009-08-02 00:00:00,158.235,158.93,157.947,158.585,29130.5
2009-08-03 00:00:00,158.585,161.795,158.14,161.18,303312.90625
2009-08-04 00:00:00,161.17,162.18,160.015,161.545,298743.0625
2009-08-05 00:00:00,161.54,162.455,160.43,161.09,291607.46875
2009-08-06 00:00:00,161.1,162.395,159.94,160.485,217389.6875
2009-08-07 00:00:00,160.475,163.08,158.965,162.484,148888.484375
2009-08-08 00:00:00,162.484,162.484,162.484,162.484,0.0
2009-08-09 00:00:00,162.66,162.98,162.31,162.38,26353.5
2009-08-10 00:00:00,162.38,162.775,159.38,159.83,148302.4375
2009-08-11 00:00:00,159.84,160.215,157.83,158.185,149259.140625
2009-08-12 00:00:00,158.18,159.755,155.975,158.77,169106.609375
2009-08-13 00:00:00,158.755,160.36,157.38,157.85,132250.515625
2009-08-14 00:00:00,157.845,158.405,156.01,156.953,111279.296875
2009-08-15 00:00:00,156.953,156.953,156.953,156.953,0.0
2009-08-16 00:00:00,156.92,156.938,155.94,155.96,14457.7001953125
2009-08-17 00:00:00,155.96,156.065,153.46,154.48,144051.625
2009-08-18 00:00:00,154.475,157.515,154.42,157.365,144173.65625
2009-08-19 00:00:00,157.365,157.385,153.625,155.81,129900.6171875
2009-08-20 00:00:00,155.805,156.71,154.54,155.535,119689.21875
2009-08-21 00:00:00,155.535,156.595,153.575,155.693,140068.40625
2009-08-22 00:00:00,155.693,155.693,155.693,155.693,0.0
2009-08-23 00:00:00,155.712,156.375,155.38,156.165,15763.2001953125
2009-08-24 00:00:00,156.16,156.82,154.725,154.86,160003.25
2009-08-25 00:00:00,154.86,155.54,153.095,153.24,165569.390625
2009-08-26 00:00:00,153.245,154.115,152.225,152.69,168881.890625
2009-08-27 00:00:00,152.69,152.835,151.055,152.53,165202.09375
2009-08-28 00:00:00,152.535,153.625,152.017,152.214,144270.5
2009-08-29 00:00:00,152.214,152.214,152.214,152.214,0.0
2009-08-30 00:00:00,152.228,152.248,151.535,151.88,26782.6796875
2009-08-31 00:00:00,151.875,152.05,150.045,151.255,140059.296875
2009-09-01 00:00:00,151.255,152.765,149.155,149.485,167258.59375
2009-09-02 00:00:00,149.49,150.555,149.03,150.14,167203.078125
2009-09-03 00:00:00,150.14,151.755,149.41,151.33,148934.0
2009-09-04 00:00:00,151.33,152.71,150.835,152.352,136093.203125
2009-09-05 00:00:00,152.352,152.352,152.352,152.352,0.0
2009-09-06 00:00:00,152.415,152.965,152.185,152.925,19481.0
2009-09-07 00:00:00,152.925,153.255,151.585,151.815,97618.328125
2009-09-08 00:00:00,151.815,152.92,151.32,152.465,172761.609375
2009-09-09 00:00:00,152.465,153.02,151.64,152.355,180937.75
2009-09-10 00:00:00,152.355,153.12,151.91,152.71,145665.703125
2009-09-11 00:00:00,152.695,152.745,150.485,151.061,176155.796875
2009-09-12 00:00:00,151.061,151.061,151.061,151.061,0.0
2009-09-13 00:00:00,151.08,151.191,150.325,150.555,21129.19921875
2009-09-14 00:00:00,150.56,151.005,149.9,150.895,154052.625
2009-09-15 00:00:00,150.895,151.76,149.46,149.89,194776.40625
2009-09-16 00:00:00,149.895,150.58,148.62,149.995,191753.296875
2009-09-17 00:00:00,149.995,151.2,149.595,149.88,174496.5
2009-09-18 00:00:00,149.875,149.945,148.25,148.494,166981.09375
2009-09-19 00:00:00,148.494,148.494,148.494,148.494,0.0
2009-09-20 00:00:00,148.483,148.645,148.05,148.465,17784.939453125
2009-09-21 00:00:00,148.47,149.615,148.325,149.25,143791.90625
2009-09-22 00:00:00,149.235,149.42,148.23,148.61,143838.09375
2009-09-23 00:00:00,148.6,150.365,148.56,149.365,157878.84375
2009-09-24 00:00:00,149.365,149.445,144.405,144.85,199760.34375
2009-09-25 00:00:00,144.845,145.425,142.74,142.943,169820.234375
2009-09-26 00:00:00,142.943,142.943,142.943,142.943,0.0
2009-09-27 00:00:00,143.152,143.4,139.71,140.675,19008.69921875
2009-09-28 00:00:00,140.675,142.85,140.295,142.83,166562.59375
2009-09-29 00:00:00,142.825,144.11,142.035,144.095,171908.578125
2009-09-30 00:00:00,144.09,144.54,142.825,143.85,179352.296875
2009-10-01 00:00:00,143.855,144.23,142.155,142.305,171322.09375
2009-10-02 00:00:00,142.29,143.531,140.63,143.13,188829.296875
2009-10-03 00:00:00,143.13,143.13,143.13,143.13,0.0
2009-10-04 00:00:00,143.132,143.358,142.266,142.87,19839.5
2009-10-05 00:00:00,142.87,143.96,142.49,142.935,148867.8125
2009-10-06 00:00:00,142.94,143.245,140.955,141.435,173187.375
2009-10-07 00:00:00,141.435,142.02,139.705,141.32,162736.796875
2009-10-08 00:00:00,141.33,142.545,140.975,142.46,164703.0625
2009-10-09 00:00:00,142.46,143.12,141.655,142.12,172214.1875
2009-10-10 00:00:00,142.12,142.12,142.12,142.12,0.0
2009-10-11 00:00:00,142.177,142.565,141.513,142.54,21044.7109375
2009-10-12 00:00:00,142.54,143.23,141.545,141.825,154538.296875
2009-10-13 00:00:00,141.825,143.225,141.17,143.12,183205.265625
2009-10-14 00:00:00,143.14,143.85,141.73,143.075,159670.421875
2009-10-15 00:00:00,143.09,148.625,143.01,148.365,186499.046875
2009-10-16 00:00:00,148.365,149.31,147.68,148.661,178514.40625
2009-10-17 00:00:00,148.661,148.661,148.661,148.661,0.0
2009-10-18 00:00:00,148.572,149.125,147.948,148.645,23124.4296875
2009-10-19 00:00:00,148.645,148.98,147.08,148.91,210323.09375
2009-10-20 00:00:00,148.91,149.4,147.495,148.71,192451.296875
2009-10-21 00:00:00,148.71,151.55,148.435,151.0,209509.90625
2009-10-22 00:00:00,151.0,152.025,150.565,152.02,182963.09375
2009-10-23 00:00:00,152.02,153.24,149.965,150.032,218082.578125
2009-10-24 00:00:00,150.032,150.032,150.032,150.032,0.0
2009-10-25 00:00:00,150.029,150.355,149.486,149.87,27157.19921875
2009-10-26 00:00:00,149.87,151.185,149.135,150.25,189822.265625
2009-10-27 00:00:00,150.25,151.16,149.895,150.245,205640.703125
2009-10-28 00:00:00,150.245,150.4,148.28,148.365,213191.421875
2009-10-29 00:00:00,148.365,151.735,147.665,151.55,205102.9375
2009-10-30 00:00:00,151.545,151.57,147.645,148.159,214366.59375
2009-10-31 00:00:00,148.159,148.159,148.159,148.159,0.0
2009-11-01 00:00:00,148.085,148.092,145.76,147.24,24562.19921875
2009-11-02 00:00:00,147.24,148.93,146.965,148.2,192254.609375
2009-11-03 00:00:00,148.2,148.585,146.375,148.5,175091.609375
2009-11-04 00:00:00,148.485,151.265,147.805,150.15,188321.59375
2009-11-05 00:00:00,150.15,150.61,148.54,150.465,188953.765625
2009-11-06 00:00:00,150.465,150.775,148.405,149.225,158067.9375
2009-11-07 00:00:00,149.225,149.225,149.225,149.225,0.0
2009-11-08 00:00:00,149.423,150.091,149.225,149.46,16013.9296875
2009-11-09 00:00:00,149.46,151.61,149.225,150.755,200475.40625
2009-11-10 00:00:00,150.75,151.02,149.01,150.165,196067.90625
2009-11-11 00:00:00,150.165,151.165,148.575,149.1,182310.703125
2009-11-12 00:00:00,149.1,150.035,148.245,149.74,198407.953125
2009-11-13 00:00:00,149.74,150.45,148.965,149.113,170388.8125
2009-11-14 00:00:00,149.113,149.113,149.113,149.113,0.0
2009-11-15 00:00:00,149.433,150.01,149.292,149.905,17778.859375
2009-11-16 00:00:00,149.905,150.37,149.125,149.87,165904.6875
2009-11-17 00:00:00,149.865,150.23,149.355,150.096,204668.140625
2009-11-18 00:00:00,150.104,150.33,149.38,149.635,152030.0
2009-11-19 00:00:00,149.635,149.68,147.32,148.06,175444.203125
2009-11-20 00:00:00,148.06,148.4,146.412,146.42,178316.09375
2009-11-21 00:00:00,146.42,146.42,146.42,146.42,0.0
2009-11-22 00:00:00,146.473,146.695,146.295,146.64,16861.80078125
2009-11-23 00:00:00,146.635,148.225,146.635,147.635,148166.796875
2009-11-24 00:00:00,147.64,147.675,146.24,146.89,180536.140625
2009-11-25 00:00:00,146.885,147.66,145.64,145.88,169476.34375
2009-11-26 00:00:00,145.87,146.22,139.255,139.9,144547.390625
2009-11-27 00:00:00,139.9,143.49,139.85,141.642,175348.046875
2009-11-28 00:00:00,141.642,141.642,141.642,141.642,0.0
2009-11-29 00:00:00,143.101,144.286,142.54,142.92,21022.30078125
2009-11-30 00:00:00,142.915,143.905,141.035,141.96,184636.0
2009-12-01 00:00:00,141.955,144.43,141.845,144.04,193435.078125
2009-12-02 00:00:00,144.045,146.01,143.8,146.01,172039.640625
2009-12-03 00:00:00,146.01,146.865,145.82,146.12,185965.71875
2009-12-04 00:00:00,146.13,149.298,145.42,149.283,187922.109375
2009-12-05 00:00:00,149.283,149.283,149.283,149.283,0.0
2009-12-06 00:00:00,148.473,149.009,147.955,148.335,23234.19921875
2009-12-07 00:00:00,148.34,148.745,146.615,147.075,241303.375
2009-12-08 00:00:00,147.075,147.1,143.345,143.555,224394.59375
2009-12-09 00:00:00,143.55,144.345,142.0,143.39,199909.875
2009-12-10 00:00:00,143.385,144.405,142.475,143.64,163630.515625
2009-12-11 00:00:00,143.64,145.655,143.635,144.858,175188.65625
2009-12-12 00:00:00,144.858,144.858,144.858,144.858,0.0
2009-12-13 00:00:00,144.572,144.91,144.272,144.82,17299.5
2009-12-14 00:00:00,144.82,145.075,143.14,144.65,186538.203125
2009-12-15 00:00:00,144.645,146.065,144.36,145.585,197580.046875
2009-12-16 00:00:00,145.585,146.925,145.245,146.71,171286.5
2009-12-17 00:00:00,146.71,146.865,144.53,144.905,182052.171875
2009-12-18 00:00:00,144.905,146.555,143.68,146.005,199208.90625
2009-12-19 00:00:00,146.005,146.005,146.005,146.005,0.0
2009-12-20 00:00:00,146.125,146.235,145.29,145.845,13322.2998046875
2009-12-21 00:00:00,145.845,146.48,145.465,146.2,169901.5625
2009-12-22 00:00:00,146.2,147.045,146.015,146.615,185695.578125
2009-12-23 00:00:00,146.615,146.725,145.76,146.29,125592.5390625
2009-12-24 00:00:00,146.27,146.435,145.66,145.997,97634.6015625
2009-12-25 00:00:00,146.001,146.387,145.432,146.063,158202.703125
2009-12-26 00:00:00,146.063,146.063,146.063,146.063,0.0
2009-12-27 00:00:00,145.86,146.21,145.785,145.86,11160.400390625
2009-12-28 00:00:00,145.86,146.725,145.83,146.705,79962.0
2009-12-29 00:00:00,146.71,147.13,145.985,146.26,151562.5625
2009-12-30 00:00:00,146.26,148.95,146.05,148.605,127068.796875
2009-12-31 00:00:00,148.605,150.685,148.26,150.351,91427.6015625
2010-01-01 00:00:00,150.357,150.39,150.268,150.36,146849.4375
2010-01-02 00:00:00,150.36,150.36,150.36,150.36,0.0
2010-01-03 00:00:00,150.215,150.298,149.585,149.66,11995.599609375
2010-01-04 00:00:00,149.66,150.71,148.61,149.005,221710.265625
2010-01-05 00:00:00,148.99,149.14,146.125,146.38,201362.734375
2010-01-06 00:00:00,146.395,148.455,145.985,147.96,222884.609375
2010-01-07 00:00:00,147.96,149.345,147.055,148.885,208365.0
2010-01-08 00:00:00,148.885,149.46,147.02,147.027,203744.9375
2010-01-09 00:00:00,147.027,147.027,147.027,147.027,0.0
2010-01-10 00:00:00,148.457,148.8,148.259,148.575,17063.220703125
2010-01-11 00:00:00,148.575,149.59,148.065,148.38,198450.796875
2010-01-12 00:00:00,148.38,148.635,146.65,147.125,228175.203125
2010-01-13 00:00:00,147.14,149.035,146.705,148.805,250165.828125
2010-01-14 00:00:00,148.8,150.005,148.35,149.06,222937.9375
2010-01-15 00:00:00,149.065,149.215,147.16,147.363,202497.203125
2010-01-16 00:00:00,147.363,147.363,147.363,147.363,0.0
2010-01-17 00:00:00,147.485,148.14,147.324,147.96,25925.0
2010-01-18 00:00:00,147.96,148.895,147.515,148.31,162355.5
2010-01-19 00:00:00,148.31,149.455,147.985,149.185,242343.578125
2010-01-20 00:00:00,149.185,149.25,147.56,148.665,223678.953125
2010-01-21 00:00:00,148.665,149.095,145.39,146.495,222445.515625
2010-01-22 00:00:00,146.495,147.225,144.605,144.765,235234.59375
2010-01-23 00:00:00,144.765,144.765,144.765,144.765,0.0
2010-01-24 00:00:00,144.476,145.557,144.327,145.025,26387.599609375
2010-01-25 00:00:00,145.025,147.095,144.725,146.87,189712.484375
2010-01-26 00:00:00,146.865,147.29,144.075,144.7,205359.953125
2010-01-27 00:00:00,144.705,145.68,143.635,145.52,254854.15625
2010-01-28 00:00:00,145.52,147.23,144.57,144.925,228518.4375
2010-01-29 00:00:00,144.93,146.255,144.065,144.132,278309.9375
2010-01-30 00:00:00,144.132,144.132,144.132,144.132,0.0
2010-01-31 00:00:00,144.13,144.17,143.117,144.14,36494.8984375
2010-02-01 00:00:00,144.14,144.925,143.055,144.725,264647.9375
2010-02-02 00:00:00,144.725,145.185,143.845,144.605,239582.40625
2010-02-03 00:00:00,144.6,145.28,144.21,144.585,222574.25
2010-02-04 00:00:00,144.575,144.725,139.33,140.905,190675.71875
2010-02-05 00:00:00,140.915,141.415,138.245,139.603,198140.65625
2010-02-06 00:00:00,139.603,139.603,139.603,139.603,0.0
2010-02-07 00:00:00,139.56,140.129,138.915,139.24,17310.0
2010-02-08 00:00:00,139.24,139.925,138.625,138.945,208278.609375
2010-02-09 00:00:00,138.945,141.37,138.915,140.93,262590.28125
2010-02-10 00:00:00,140.93,141.415,139.435,140.34,258399.40625
2010-02-11 00:00:00,140.34,141.025,139.615,141.015,249428.765625
2010-02-12 00:00:00,141.0,141.9,139.795,141.16,228612.21875
2010-02-13 00:00:00,141.16,141.16,141.16,141.16,0.0
2010-02-14 00:00:00,141.082,141.332,140.795,141.06,19708.279296875
2010-02-15 00:00:00,141.06,141.375,140.705,141.06,126322.453125
2010-02-16 00:00:00,141.045,142.57,140.715,142.425,168204.59375
2010-02-17 00:00:00,142.44,143.61,142.085,142.785,249164.46875
2010-02-18 00:00:00,142.785,142.905,140.975,141.89,225504.015625
2010-02-19 00:00:00,141.88,142.205,140.885,141.17,188851.40625
2010-02-20 00:00:00,141.17,141.17,141.17,141.17,0.0
2010-02-21 00:00:00,141.053,141.72,141.05,141.72,16851.640625
2010-02-22 00:00:00,141.72,142.175,140.78,141.455,195174.5
2010-02-23 00:00:00,141.455,141.675,138.735,139.24,218237.3125
2010-02-24 00:00:00,139.24,139.59,138.35,139.165,205131.984375
2010-02-25 00:00:00,139.165,139.215,134.955,136.075,236667.765625
2010-02-26 00:00:00,136.07,136.705,134.635,135.225,214227.34375
2010-02-27 00:00:00,135.225,135.225,135.225,135.225,0.0
2010-02-28 00:00:00,134.89,135.422,134.515,134.885,21663.009765625
2010-03-01 00:00:00,134.885,135.5,131.995,133.505,253028.09375
2010-03-02 00:00:00,133.505,133.745,132.48,133.355,221164.296875
2010-03-03 00:00:00,133.345,134.01,132.875,133.78,204510.09375
2010-03-04 00:00:00,133.745,134.815,132.575,134.02,204883.78125
2010-03-05 00:00:00,134.02,137.045,133.99,136.147,178379.90625
2010-03-06 00:00:00,136.147,136.147,136.147,136.147,0.0
2010-03-07 00:00:00,136.704,137.225,136.52,137.195,24429.099609375
2010-03-08 00:00:00,137.195,137.37,135.665,135.825,271908.375
2010-03-09 00:00:00,135.825,135.83,133.92,135.105,242317.734375
2010-03-10 00:00:00,135.11,135.895,133.91,135.41,221273.0
2010-03-11 00:00:00,135.41,136.815,134.905,136.585,170447.234375
2010-03-12 00:00:00,136.585,138.07,136.09,137.452,213696.03125
2010-03-13 00:00:00,137.452,137.452,137.452,137.452,0.0
2010-03-14 00:00:00,137.637,138.18,137.35,137.825,23363.19921875
2010-03-15 00:00:00,137.82,137.96,135.805,135.9,207968.640625
2010-03-16 00:00:00,135.905,137.84,135.18,137.575,232839.125
2010-03-17 00:00:00,137.57,139.355,137.1,138.45,253693.078125
2010-03-18 00:00:00,138.45,138.545,137.005,137.98,183511.8125
2010-03-19 00:00:00,137.975,138.09,135.62,135.872,173608.09375
2010-03-20 00:00:00,135.872,135.872,135.872,135.872,0.0
2010-03-21 00:00:00,135.783,135.977,135.57,135.585,20630.5
2010-03-22 00:00:00,135.59,136.53,134.54,136.47,212168.6875
2010-03-23 00:00:00,136.47,136.49,135.225,135.795,234097.046875
2010-03-24 00:00:00,135.8,137.43,135.495,137.06,276462.90625
2010-03-25 00:00:00,137.065,138.125,136.655,137.365,236283.84375
2010-03-26 00:00:00,137.365,138.04,137.045,137.772,230405.203125
2010-03-27 00:00:00,137.772,137.772,137.772,137.772,0.0
2010-03-28 00:00:00,137.764,138.349,137.71,137.78,32858.19921875
2010-03-29 00:00:00,137.785,139.115,137.675,138.525,239487.625
2010-03-30 00:00:00,138.525,140.55,138.02,140.18,256669.0625
2010-03-31 00:00:00,140.18,142.32,139.88,142.105,254834.65625
2010-04-01 00:00:00,142.095,143.63,141.75,143.34,216373.265625
2010-04-02 00:00:00,143.34,143.935,142.708,143.825,103569.2578125
2010-04-03 00:00:00,143.825,143.825,143.825,143.825,0.0
2010-04-04 00:00:00,143.819,144.89,143.407,144.21,27441.69921875
2010-04-05 00:00:00,144.205,144.725,143.755,144.065,117912.078125
2010-04-06 00:00:00,144.065,144.065,142.08,142.64,253342.234375
2010-04-07 00:00:00,142.64,143.85,141.765,141.86,266159.0625
2010-04-08 00:00:00,141.86,143.065,140.955,142.885,283369.0
2010-04-09 00:00:00,142.885,144.33,142.695,143.135,246451.9375
2010-04-10 00:00:00,143.135,143.135,143.135,143.135,0.0
2010-04-11 00:00:00,143.222,144.05,143.045,143.68,39558.19921875
2010-04-12 00:00:00,143.68,144.505,143.065,143.215,253454.40625
2010-04-13 00:00:00,143.215,143.775,142.055,143.365,243662.515625
2010-04-14 00:00:00,143.365,144.635,143.365,144.375,241967.40625
2010-04-15 00:00:00,144.375,145.035,143.265,143.96,240545.015625
2010-04-16 00:00:00,143.965,143.965,141.34,141.522,249253.1875
2010-04-17 00:00:00,141.522,141.522,141.522,141.522,0.0
2010-04-18 00:00:00,141.553,141.738,140.03,140.55,30293.80078125
2010-04-19 00:00:00,140.54,141.93,139.375,141.785,266357.875
2010-04-20 00:00:00,141.79,143.53,141.535,143.06,235626.625
2010-04-21 00:00:00,143.055,144.165,142.625,143.35,248913.5625
2010-04-22 00:00:00,143.35,144.18,142.43,143.475,287922.625
2010-04-23 00:00:00,143.48,144.76,143.08,144.44,265557.375
2010-04-24 00:00:00,144.44,144.44,144.44,144.44,0.0
2010-04-25 00:00:00,144.528,144.9,144.286,144.9,22950.599609375
2010-04-26 00:00:00,144.89,145.96,144.84,145.275,256763.5625
2010-04-27 00:00:00,145.28,145.31,141.58,142.195,325187.65625
2010-04-28 00:00:00,142.195,143.49,141.7,142.81,301228.125
2010-04-29 00:00:00,142.8,144.505,142.195,144.145,260084.265625
2010-04-30 00:00:00,144.15,145.21,143.23,143.295,237895.59375
2010-05-01 00:00:00,143.295,143.295,143.295,143.295,0.0
2010-05-02 00:00:00,143.26,144.085,142.913,143.985,20128.19921875
2010-05-03 00:00:00,144.0,144.635,142.985,144.29,204933.90625
2010-05-04 00:00:00,144.29,144.905,142.6,143.625,263966.21875
2010-05-05 00:00:00,143.625,144.04,141.205,141.73,275219.3125
2010-05-06 00:00:00,141.73,142.3,129.695,136.12,281346.8125
2010-05-07 00:00:00,136.115,138.17,133.105,135.512,204690.34375
2010-05-08 00:00:00,135.512,135.512,135.512,135.512,0.0
2010-05-09 00:00:00,135.525,137.744,135.432,136.47,26989.94921875
2010-05-10 00:00:00,136.465,140.565,135.985,137.965,212841.1875
2010-05-11 00:00:00,137.96,139.665,135.895,138.77,244073.515625
2010-05-12 00:00:00,138.765,139.82,137.395,138.365,272834.03125
2010-05-13 00:00:00,138.37,139.52,134.96,135.11,236329.796875
2010-05-14 00:00:00,135.11,136.05,133.195,134.38,258241.765625
2010-05-15 00:00:00,134.38,134.38,134.38,134.38,0.0
2010-05-16 00:00:00,134.34,134.35,133.425,133.555,15934.900390625
2010-05-17 00:00:00,133.555,134.295,131.08,133.845,240193.984375
2010-05-18 00:00:00,133.84,134.795,130.945,130.96,295111.9375
2010-05-19 00:00:00,130.955,132.79,129.74,132.355,224174.40625
2010-05-20 00:00:00,132.35,132.44,126.72,129.345,207370.046875
2010-05-21 00:00:00,129.34,130.82,127.88,130.185,197427.953125
2010-05-22 00:00:00,130.185,130.185,130.185,130.185,0.0
2010-05-23 00:00:00,130.188,131.179,130.105,130.225,31180.19921875
2010-05-24 00:00:00,130.215,131.37,129.115,129.59,250315.296875
2010-05-25 00:00:00,129.59,130.59,127.625,129.97,323581.34375
2010-05-26 00:00:00,129.965,130.555,129.055,129.505,284821.15625
2010-05-27 00:00:00,129.495,132.965,129.325,132.5,281972.125
2010-05-28 00:00:00,132.51,133.23,130.87,131.522,304646.3125
2010-05-29 00:00:00,131.522,131.522,131.522,131.522,0.0
2010-05-30 00:00:00,131.358,132.0,130.517,131.935,31365.55078125
2010-05-31 00:00:00,131.95,132.92,131.775,132.225,147079.0
2010-06-01 00:00:00,132.225,134.445,130.81,133.73,265657.4375
2010-06-02 00:00:00,133.72,135.415,133.315,135.095,259157.078125
2010-06-03 00:00:00,135.095,136.425,134.555,135.575,240568.40625
2010-06-04 00:00:00,135.57,136.26,132.135,132.777,248431.03125
2010-06-05 00:00:00,132.777,132.777,132.777,132.777,0.0
2010-06-06 00:00:00,132.666,133.014,131.84,132.125,36863.6015625
2010-06-07 00:00:00,132.125,133.84,131.085,132.535,341132.875
2010-06-08 00:00:00,132.535,133.395,130.425,131.92,316653.25
2010-06-09 00:00:00,131.925,133.765,131.425,132.87,266330.25
2010-06-10 00:00:00,132.86,134.775,132.235,134.69,278851.65625
2010-06-11 00:00:00,134.685,135.145,132.68,133.325,217672.796875
2010-06-12 00:00:00,133.325,133.325,133.325,133.325,0.0
2010-06-13 00:00:00,133.137,133.925,132.793,133.915,20134.19921875
2010-06-14 00:00:00,133.925,135.885,133.62,134.99,215907.296875
2010-06-15 00:00:00,134.99,135.66,133.925,135.43,252855.5
2010-06-16 00:00:00,135.43,135.965,134.24,134.325,230062.078125
2010-06-17 00:00:00,134.32,135.49,133.525,134.575,218681.1875
2010-06-18 00:00:00,134.572,135.185,133.995,134.398,179306.59375
2010-06-19 00:00:00,134.398,134.398,134.398,134.398,0.0
2010-06-20 00:00:00,134.425,134.565,133.373,134.36,28016.099609375
2010-06-21 00:00:00,134.36,136.015,133.99,134.355,193891.15625
2010-06-22 00:00:00,134.36,134.77,133.095,133.845,204858.859375
2010-06-23 00:00:00,133.845,134.975,133.675,134.62,168444.09375
2010-06-24 00:00:00,134.62,134.865,133.455,133.73,211202.46875
2010-06-25 00:00:00,133.73,134.605,133.1,134.368,216912.859375
2010-06-26 00:00:00,134.368,134.368,134.368,134.368,0.0
2010-06-27 00:00:00,134.425,134.553,134.195,134.325,14431.16015625
2010-06-28 00:00:00,134.325,135.245,134.2,135.005,223767.46875
2010-06-29 00:00:00,135.005,135.13,132.82,133.36,208539.046875
2010-06-30 00:00:00,133.36,133.6,132.0,132.4,220625.046875
2010-07-01 00:00:00,132.4,133.155,131.285,133.05,217847.625
2010-07-02 00:00:00,133.05,133.88,132.74,133.308,188546.796875
2010-07-03 00:00:00,133.308,133.308,133.308,133.308,0.0
2010-07-04 00:00:00,133.355,133.4,133.11,133.265,27318.880859375
2010-07-05 00:00:00,133.265,133.655,132.055,132.145,151707.734375
2010-07-06 00:00:00,132.145,133.665,131.865,132.85,209688.5
2010-07-07 00:00:00,132.85,133.355,131.25,133.335,240686.8125
2010-07-08 00:00:00,133.335,134.585,133.24,134.065,198846.046875
2010-07-09 00:00:00,134.06,134.645,133.225,133.405,179727.59375
2010-07-10 00:00:00,133.405,133.405,133.405,133.405,0.0
2010-07-11 00:00:00,133.497,133.895,133.358,133.895,25008.0
2010-07-12 00:00:00,133.895,133.99,132.56,133.39,201549.484375
2010-07-13 00:00:00,133.39,135.005,132.435,134.96,214113.765625
2010-07-14 00:00:00,134.96,135.815,134.295,134.76,189794.296875
2010-07-15 00:00:00,134.76,135.54,133.985,134.835,239886.6875
2010-07-16 00:00:00,134.825,135.025,132.02,132.412,199787.140625
2010-07-17 00:00:00,132.412,132.412,132.412,132.412,0.0
2010-07-18 00:00:00,132.605,132.715,132.004,132.325,18457.69921875
2010-07-19 00:00:00,132.325,133.435,131.78,132.035,190098.375
2010-07-20 00:00:00,132.035,133.755,131.475,133.635,198112.59375
2010-07-21 00:00:00,133.635,133.705,131.575,131.875,195282.40625
2010-07-22 00:00:00,131.875,133.33,130.835,133.285,174449.625
2010-07-23 00:00:00,133.285,135.005,132.43,134.755,184434.296875
2010-07-24 00:00:00,134.755,134.755,134.755,134.755,0.0
2010-07-25 00:00:00,134.695,135.405,134.645,135.395,19638.400390625
2010-07-26 00:00:00,135.395,135.58,134.405,134.515,202281.796875
2010-07-27 00:00:00,134.52,137.215,134.46,136.76,204557.34375
2010-07-28 00:00:00,136.76,137.55,135.87,136.41,220578.515625
2010-07-29 00:00:00,136.41,136.885,134.97,135.345,192492.796875
2010-07-30 00:00:00,135.34,136.04,134.2,135.573,185533.578125
2010-07-31 00:00:00,135.573,135.573,135.573,135.573,0.0
2010-08-01 00:00:00,135.618,135.925,135.216,135.905,18274.099609375
2010-08-02 00:00:00,135.905,137.665,135.755,137.465,207034.90625
2010-08-03 00:00:00,137.465,137.775,136.325,136.88,219084.40625
2010-08-04 00:00:00,136.885,137.295,135.84,137.145,222258.578125
2010-08-05 00:00:00,137.145,137.49,135.795,136.225,156979.0
2010-08-06 00:00:00,136.23,137.055,135.465,136.285,152336.0
2010-08-07 00:00:00,136.285,136.285,136.285,136.285,0.0
2010-08-08 00:00:00,136.455,137.91,136.07,136.235,16467.69921875
2010-08-09 00:00:00,136.235,136.985,136.195,136.495,214633.09375
2010-08-10 00:00:00,136.5,136.61,134.855,134.905,257497.0
2010-08-11 00:00:00,134.905,135.19,132.8,133.105,272728.40625
2010-08-12 00:00:00,133.105,134.685,132.99,134.35,226220.734375
2010-08-13 00:00:00,134.355,134.815,133.355,134.315,197699.53125
2010-08-14 00:00:00,134.315,134.315,134.315,134.315,0.0
2010-08-15 00:00:00,134.328,134.706,133.94,133.98,32345.599609375
2010-08-16 00:00:00,133.975,134.4,133.095,133.29,225497.625
2010-08-17 00:00:00,133.29,133.935,133.065,133.31,245354.875
2010-08-18 00:00:00,133.315,133.735,132.45,132.96,191448.0
2010-08-19 00:00:00,132.96,134.055,132.665,132.69,192745.796875
2010-08-20 00:00:00,132.69,133.33,131.98,132.925,200508.703125
2010-08-21 00:00:00,132.925,132.925,132.925,132.925,0.0
2010-08-22 00:00:00,133.015,133.185,132.602,133.055,22960.5
2010-08-23 00:00:00,133.055,133.33,131.775,131.805,186145.296875
2010-08-24 00:00:00,131.805,131.98,128.78,129.685,226312.953125
2010-08-25 00:00:00,129.685,131.29,129.655,131.2,267902.875
2010-08-26 00:00:00,131.2,132.035,130.77,130.855,242610.40625
2010-08-27 00:00:00,130.855,132.55,130.435,132.288,221832.03125
2010-08-28 00:00:00,132.288,132.288,132.288,132.288,0.0
2010-08-29 00:00:00,132.475,133.075,132.367,133.0,27165.0
2010-08-30 00:00:00,133.0,133.605,130.63,130.905,202365.765625
2010-08-31 00:00:00,130.905,130.96,128.655,129.055,244203.265625
2010-09-01 00:00:00,129.065,130.93,128.8,130.515,239228.0625
2010-09-02 00:00:00,130.515,130.595,129.165,129.845,206803.734375
2010-09-03 00:00:00,129.845,131.67,129.685,130.257,187686.640625
2010-09-04 00:00:00,130.257,130.257,130.257,130.257,0.0
2010-09-05 00:00:00,130.21,130.53,129.705,130.5,17831.970703125
2010-09-06 00:00:00,130.495,130.655,129.245,129.285,161858.5
2010-09-07 00:00:00,129.285,129.605,127.9,128.56,264202.59375
2010-09-08 00:00:00,128.56,130.325,128.065,129.955,226859.0
2010-09-09 00:00:00,129.955,129.955,128.565,129.34,217372.09375
2010-09-10 00:00:00,129.34,130.065,128.995,129.14,209709.046875
2010-09-11 00:00:00,129.14,129.14,129.14,129.14,0.0
2010-09-12 00:00:00,129.157,129.755,129.14,129.69,28329.599609375
2010-09-13 00:00:00,129.695,130.115,128.585,128.59,216799.625
2010-09-14 00:00:00,128.59,129.43,127.64,129.085,223874.453125
2010-09-15 00:00:00,129.09,134.07,128.555,133.84,254641.046875
2010-09-16 00:00:00,133.835,134.26,132.97,133.895,221217.46875
2010-09-17 00:00:00,133.895,135.045,133.665,134.14,196647.625
2010-09-18 00:00:00,134.14,134.14,134.14,134.14,0.0
2010-09-19 00:00:00,134.147,134.305,133.826,134.115,21879.400390625
2010-09-20 00:00:00,134.115,134.445,133.155,133.285,176752.390625
2010-09-21 00:00:00,133.285,133.445,132.335,132.83,200002.953125
2010-09-22 00:00:00,132.83,133.4,131.72,132.315,203036.25
2010-09-23 00:00:00,132.315,132.78,131.825,132.435,194728.0
2010-09-24 00:00:00,132.435,133.765,132.33,133.195,197202.40625
2010-09-25 00:00:00,133.195,133.195,133.195,133.195,0.0
2010-09-26 00:00:00,133.288,133.565,133.084,133.455,21736.0
2010-09-27 00:00:00,133.455,133.675,132.935,133.21,218992.796875
2010-09-28 00:00:00,133.21,133.76,131.91,132.675,219489.09375
2010-09-29 00:00:00,132.665,132.93,131.83,132.375,207922.34375
2010-09-30 00:00:00,132.375,132.735,130.855,131.365,216437.40625
2010-10-01 00:00:00,131.37,132.09,131.115,131.757,189695.796875
2010-10-02 00:00:00,131.757,131.757,131.757,131.757,0.0
2010-10-03 00:00:00,131.698,131.925,131.197,131.845,25420.5
2010-10-04 00:00:00,131.845,132.395,131.165,132.12,183412.59375
2010-10-05 00:00:00,132.13,133.025,131.88,132.325,205232.09375
2010-10-06 00:00:00,132.315,132.44,131.445,131.625,201666.90625
2010-10-07 00:00:00,131.625,131.885,130.46,130.765,193281.09375
2010-10-08 00:00:00,130.765,131.095,130.115,130.728,179648.203125
2010-10-09 00:00:00,130.728,130.728,130.728,130.728,0.0
2010-10-10 00:00:00,130.262,131.306,129.845,130.56,33133.5
2010-10-11 00:00:00,130.56,131.01,130.25,130.675,180260.90625
2010-10-12 00:00:00,130.675,130.71,128.985,129.25,228835.1875
2010-10-13 00:00:00,129.255,130.31,129.005,130.185,206403.9375
2010-10-14 00:00:00,130.215,130.51,129.665,130.42,247139.84375
2010-10-15 00:00:00,130.415,130.725,130.0,130.185,182743.296875
2010-10-16 00:00:00,130.185,130.185,130.185,130.185,0.0
2010-10-17 00:00:00,129.988,130.235,129.487,130.07,31168.599609375
2010-10-18 00:00:00,130.07,130.095,128.695,129.11,227567.65625
2010-10-19 00:00:00,129.11,129.405,127.45,127.52,214425.203125
2010-10-20 00:00:00,127.51,128.775,127.35,128.53,162213.875
2010-10-21 00:00:00,128.53,129.225,127.495,127.725,191593.5
2010-10-22 00:00:00,127.725,127.875,127.085,127.565,163464.59375
2010-10-23 00:00:00,127.565,127.565,127.565,127.565,0.0
2010-10-24 00:00:00,127.477,127.618,127.109,127.507,44863.19921875
2010-10-25 00:00:00,127.507,127.748,126.446,126.937,153189.09375
2010-10-26 00:00:00,126.926,129.147,126.907,128.959,102847.0
2010-10-27 00:00:00,128.939,129.597,128.529,128.818,103943.0
2010-10-28 00:00:00,128.816,129.366,128.072,129.173,104019.203125
2010-10-29 00:00:00,129.172,129.297,127.973,128.798,94850.1015625
2010-10-30 00:00:00,128.798,128.798,128.798,128.798,0.0
2010-10-31 00:00:00,128.738,129.007,128.558,129.007,21487.80078125
2010-11-01 00:00:00,129.017,130.315,128.886,129.387,106073.6015625
2010-11-02 00:00:00,129.387,129.676,128.962,129.307,95398.0
2010-11-03 00:00:00,129.307,131.255,129.03,130.567,101607.796875
2010-11-04 00:00:00,130.567,131.526,130.113,131.468,95196.0
2010-11-05 00:00:00,131.468,132.017,130.492,131.437,92973.703125
2010-11-06 00:00:00,131.437,131.437,131.437,131.437,0.0
2010-11-07 00:00:00,131.563,131.737,131.311,131.496,15002.7001953125
2010-11-08 00:00:00,131.497,131.577,130.537,130.669,93390.5
2010-11-09 00:00:00,130.669,131.026,129.832,130.517,102094.296875
2010-11-10 00:00:00,130.507,133.089,130.497,132.537,111107.0
2010-11-11 00:00:00,132.537,133.252,132.253,132.717,102211.203125
2010-11-12 00:00:00,132.717,133.562,130.973,132.836,104004.796875
2010-11-13 00:00:00,132.836,132.836,132.836,132.836,0.0
2010-11-14 00:00:00,132.617,133.192,132.617,133.026,12401.2998046875
2010-11-15 00:00:00,133.027,133.739,132.899,133.396,83960.1015625
2010-11-16 00:00:00,133.398,133.763,132.176,132.446,88183.6015625
2010-11-17 00:00:00,132.459,132.968,132.226,132.327,65653.3984375
2010-11-18 00:00:00,132.327,134.216,132.23,134.076,70361.703125
2010-11-19 00:00:00,134.076,134.207,133.049,133.507,57912.3984375
2010-11-20 00:00:00,133.507,133.507,133.507,133.507,0.0
2010-11-21 00:00:00,133.304,133.602,133.134,133.567,8895.0
2010-11-22 00:00:00,133.582,134.187,132.626,132.806,63738.5
2010-11-23 00:00:00,132.806,133.373,130.844,131.566,75977.6015625
2010-11-24 00:00:00,131.566,131.996,130.846,131.877,69542.1015625
2010-11-25 00:00:00,131.872,132.037,131.367,131.812,48088.6015625
2010-11-26 00:00:00,131.812,132.116,130.916,131.059,58356.19921875
2010-11-27 00:00:00,131.059,131.059,131.059,131.059,0.0
2010-11-28 00:00:00,131.161,131.266,130.621,131.217,8698.7001953125
2010-11-29 00:00:00,131.217,131.372,130.864,131.011,97344.203125
2010-11-30 00:00:00,131.016,131.137,129.336,130.307,160807.796875
2010-12-01 00:00:00,130.307,131.607,129.916,131.336,152280.703125
2010-12-02 00:00:00,131.337,131.757,130.184,130.557,130202.8984375
2010-12-03 00:00:00,130.557,131.066,129.419,130.156,125189.6015625
2010-12-04 00:00:00,130.156,130.156,130.156,130.156,0.0
2010-12-05 00:00:00,130.156,130.537,130.069,130.516,13718.0
2010-12-06 00:00:00,130.516,130.626,129.536,129.887,110935.1015625
2010-12-07 00:00:00,129.877,131.796,129.53,131.519,131263.703125
2010-12-08 00:00:00,131.519,133.007,131.346,132.841,138515.796875
2010-12-09 00:00:00,132.847,132.917,131.741,132.217,127800.703125
2010-12-10 00:00:00,132.217,132.797,131.937,132.62,98811.203125
2010-12-11 00:00:00,132.62,132.62,132.62,132.62,0.0
2010-12-12 00:00:00,132.272,132.833,132.272,132.627,11118.5
2010-12-13 00:00:00,132.616,133.052,131.805,132.347,129629.5
2010-12-14 00:00:00,132.337,132.667,131.285,132.097,138419.09375
2010-12-15 00:00:00,132.097,132.299,130.769,131.117,149258.703125
2010-12-16 00:00:00,131.117,131.628,130.856,131.366,122782.703125
2010-12-17 00:00:00,131.367,131.397,130.008,130.386,120062.5
2010-12-18 00:00:00,130.386,130.386,130.386,130.386,0.0
2010-12-19 00:00:00,130.277,130.417,130.019,130.327,10921.0791015625
2010-12-20 00:00:00,130.327,130.48,129.576,129.896,113120.796875
2010-12-21 00:00:00,129.897,130.316,129.266,129.586,117128.3359375
2010-12-22 00:00:00,129.586,129.702,128.326,128.718,113045.921875
2010-12-23 00:00:00,128.722,128.746,127.45,128.226,103114.3828125
2010-12-24 00:00:00,128.222,128.418,127.797,127.917,63297.15625
2010-12-25 00:00:00,127.917,127.917,127.917,127.917,0.0
2010-12-26 00:00:00,127.706,128.027,127.691,127.786,11661.2587890625
2010-12-27 00:00:00,127.779,127.997,127.388,127.817,81618.921875
2010-12-28 00:00:00,127.812,128.034,126.105,126.446,112941.84375
2010-12-29 00:00:00,126.446,126.807,126.099,126.548,97682.1796875
2010-12-30 00:00:00,126.541,126.697,125.493,125.787,98766.078125
2010-12-31 00:00:00,125.786,127.013,125.689,126.593,75936.7890625
2011-01-01 00:00:00,126.593,126.593,126.593,126.593,0.0
2011-01-02 00:00:00,126.533,126.824,125.82,126.308,12935.169921875
2011-01-03 00:00:00,126.313,126.587,125.765,126.477,95701.5
2011-01-04 00:00:00,126.477,128.589,126.346,127.967,140312.3125
2011-01-05 00:00:00,127.967,129.239,127.447,129.027,141037.296875
2011-01-06 00:00:00,129.027,129.296,128.42,128.697,141776.875
2011-01-07 00:00:00,128.699,129.428,128.608,129.256,131715.5625
2011-01-08 00:00:00,129.256,129.256,129.256,129.256,0.0
2011-01-09 00:00:00,129.268,129.392,128.865,129.069,15085.4501953125
2011-01-10 00:00:00,129.065,129.347,128.313,128.936,117996.171875
2011-01-11 00:00:00,128.936,130.367,128.876,130.088,132902.8125
2011-01-12 00:00:00,130.088,131.147,129.606,130.826,133371.15625
2011-01-13 00:00:00,130.812,131.418,130.493,131.116,135620.203125
2011-01-14 00:00:00,131.119,131.881,130.446,131.457,138136.65625
2011-01-15 00:00:00,131.457,131.457,131.457,131.457,0.0
2011-01-16 00:00:00,131.192,131.688,131.159,131.615,15717.4599609375
2011-01-17 00:00:00,131.614,131.689,130.981,131.427,107679.8515625
2011-01-18 00:00:00,131.431,132.518,131.367,131.838,147056.8125
2011-01-19 00:00:00,131.843,132.157,130.824,131.226,152509.546875
2011-01-20 00:00:00,131.226,132.118,130.676,131.936,143161.75
2011-01-21 00:00:00,131.936,132.342,131.478,132.061,136462.265625
2011-01-22 00:00:00,132.061,132.061,132.061,132.061,0.0
2011-01-23 00:00:00,132.037,132.248,131.897,132.086,14196.669921875
2011-01-24 00:00:00,132.086,132.338,131.69,131.922,129011.8515625
2011-01-25 00:00:00,131.935,132.027,129.633,130.111,156903.296875
2011-01-26 00:00:00,130.113,131.087,129.511,130.876,144874.046875
2011-01-27 00:00:00,130.876,132.667,130.569,131.984,148534.3125
2011-01-28 00:00:00,131.984,132.007,129.798,130.212,147370.734375
2011-01-29 00:00:00,130.212,130.212,130.212,130.212,0.0
2011-01-30 00:00:00,129.917,130.181,129.604,129.928,16376.009765625
2011-01-31 00:00:00,129.924,131.591,129.922,131.566,156906.34375
2011-02-01 00:00:00,131.566,131.983,130.937,131.328,170884.40625
2011-02-02 00:00:00,131.328,132.322,131.316,132.038,165187.59375
2011-02-03 00:00:00,132.042,132.935,131.46,131.739,166812.796875
2011-02-04 00:00:00,131.735,132.743,130.905,132.274,158713.6875
2011-02-05 00:00:00,132.274,132.274,132.274,132.274,0.0
2011-02-06 00:00:00,132.234,133.439,132.155,132.366,15813.0595703125
2011-02-07 00:00:00,132.366,133.251,132.262,132.712,157552.53125
2011-02-08 00:00:00,132.706,132.902,131.567,132.2,166547.46875
2011-02-09 00:00:00,132.2,132.991,132.099,132.677,154698.453125
2011-02-10 00:00:00,132.677,134.247,132.443,134.149,168490.015625
2011-02-11 00:00:00,134.151,134.22,133.25,133.498,147292.65625
2011-02-12 00:00:00,133.498,133.498,133.498,133.498,0.0
2011-02-13 00:00:00,133.463,133.616,133.357,133.512,19567.490234375
2011-02-14 00:00:00,133.514,133.766,133.175,133.646,167330.109375
2011-02-15 00:00:00,133.648,135.452,133.546,135.056,205451.609375
2011-02-16 00:00:00,135.057,135.456,134.173,134.533,205310.5625
2011-02-17 00:00:00,134.529,134.954,134.354,134.732,184779.40625
2011-02-18 00:00:00,134.729,135.511,134.45,135.168,187191.8125
2011-02-19 00:00:00,135.168,135.168,135.168,135.168,0.0
2011-02-20 00:00:00,134.935,135.167,134.745,135.027,14498.16015625
2011-02-21 00:00:00,135.03,135.438,134.688,134.802,120635.9375
2011-02-22 00:00:00,134.802,134.833,133.248,133.727,216918.40625
2011-02-23 00:00:00,133.729,134.642,133.366,133.817,193321.0625
2011-02-24 00:00:00,133.818,133.847,131.499,132.466,213266.5
2011-02-25 00:00:00,132.465,132.476,131.119,131.655,175350.359375
2011-02-26 00:00:00,131.655,131.655,131.655,131.655,0.0
2011-02-27 00:00:00,131.534,131.825,131.319,131.4,25133.939453125
2011-02-28 00:00:00,131.392,133.317,131.273,133.207,193172.5625
2011-03-01 00:00:00,133.207,134.134,133.067,133.155,203409.75
2011-03-02 00:00:00,133.155,133.762,132.818,133.631,168303.796875
2011-03-03 00:00:00,133.636,134.195,132.933,134.052,184599.65625
2011-03-04 00:00:00,134.052,135.205,133.652,133.832,173053.65625
2011-03-05 00:00:00,133.832,133.832,133.832,133.832,0.0
2011-03-06 00:00:00,133.899,134.03,133.736,133.935,14106.6298828125
2011-03-07 00:00:00,133.935,134.072,132.92,133.268,202176.734375
2011-03-08 00:00:00,133.269,133.856,133.112,133.828,190005.890625
2011-03-09 00:00:00,133.827,134.284,133.634,134.203,195618.125
2011-03-10 00:00:00,134.206,134.359,132.917,133.197,233073.296875
2011-03-11 00:00:00,133.197,133.731,130.87,131.524,247175.21875
2011-03-12 00:00:00,131.524,131.524,131.524,131.524,0.0
2011-03-13 00:00:00,131.757,132.008,129.592,130.636,46203.46875
2011-03-14 00:00:00,130.627,132.39,130.616,132.31,236818.796875
2011-03-15 00:00:00,132.313,132.549,129.187,130.274,307758.09375
2011-03-16 00:00:00,130.274,130.535,123.143,126.528,304448.34375
2011-03-17 00:00:00,126.528,128.462,125.964,128.384,338326.40625
2011-03-18 00:00:00,128.386,132.491,127.796,130.766,280949.75
2011-03-19 00:00:00,130.766,130.766,130.766,130.766,0.0
2011-03-20 00:00:00,130.908,131.427,130.86,131.427,30166.970703125
2011-03-21 00:00:00,131.427,132.547,131.071,132.461,169491.578125
2011-03-22 00:00:00,132.461,132.995,131.776,132.567,173803.09375
2011-03-23 00:00:00,132.568,132.661,131.123,131.384,200913.9375
2011-03-24 00:00:00,131.387,131.7,130.231,130.59,186023.140625
2011-03-25 00:00:00,130.593,131.068,130.184,130.446,178306.484375
2011-03-26 00:00:00,130.446,130.446,130.446,130.446,0.0
2011-03-27 00:00:00,130.486,130.619,130.115,130.617,20356.9609375
2011-03-28 00:00:00,130.614,131.076,130.269,130.596,173527.84375
2011-03-29 00:00:00,130.595,132.194,130.308,132.155,191564.09375
2011-03-30 00:00:00,132.155,133.759,131.952,133.696,213485.15625
2011-03-31 00:00:00,133.696,133.848,132.473,133.653,211403.171875
2011-04-01 00:00:00,133.653,135.817,133.576,135.363,213458.921875
2011-04-02 00:00:00,135.363,135.363,135.363,135.363,0.0
2011-04-03 00:00:00,135.526,136.025,135.362,135.704,23683.58984375
2011-04-04 00:00:00,135.704,136.121,135.187,135.915,173119.96875
2011-04-05 00:00:00,135.916,138.907,135.714,138.537,204374.84375
2011-04-06 00:00:00,138.539,139.685,138.115,139.467,212567.078125
2011-04-07 00:00:00,139.467,139.518,137.896,138.503,204638.796875
2011-04-08 00:00:00,138.503,140.028,138.461,138.795,192065.390625
2011-04-09 00:00:00,138.795,138.795,138.795,138.795,0.0
2011-04-10 00:00:00,138.802,139.557,138.612,139.536,25215.119140625
2011-04-11 00:00:00,139.536,139.539,137.766,137.968,184252.421875
2011-04-12 00:00:00,137.968,138.184,135.706,136.175,234219.40625
2011-04-13 00:00:00,136.176,137.208,136.001,136.294,195176.3125
2011-04-14 00:00:00,136.289,137.045,135.287,136.95,214958.125
2011-04-15 00:00:00,136.95,137.034,135.276,135.675,177441.796875
2011-04-16 00:00:00,135.675,135.675,135.675,135.675,0.0
2011-04-17 00:00:00,135.674,135.876,135.285,135.549,21665.7890625
2011-04-18 00:00:00,135.548,135.742,132.989,134.149,203560.234375
2011-04-19 00:00:00,134.15,135.354,133.77,135.164,189468.265625
2011-04-20 00:00:00,135.166,135.816,134.744,135.215,195990.953125
2011-04-21 00:00:00,135.214,135.959,134.696,135.231,189321.375
2011-04-22 00:00:00,135.232,135.756,134.781,135.031,56760.80859375
2011-04-23 00:00:00,135.031,135.031,135.031,135.031,0.0
2011-04-24 00:00:00,135.062,135.789,134.928,135.735,11490.1796875
2011-04-25 00:00:00,135.736,135.939,134.637,134.681,108420.5625
2011-04-26 00:00:00,134.678,135.117,134.067,134.346,184662.046875
2011-04-27 00:00:00,134.346,136.962,134.252,136.906,205735.265625
2011-04-28 00:00:00,136.902,137.041,135.477,135.839,181999.046875
2011-04-29 00:00:00,135.833,136.016,135.185,135.609,104186.2265625
2011-04-30 00:00:00,135.609,135.609,135.609,135.609,0.0
2011-05-01 00:00:00,135.553,135.819,135.39,135.597,14827.6396484375
2011-05-02 00:00:00,135.597,136.109,135.105,135.179,136685.09375
2011-05-03 00:00:00,135.179,135.185,132.935,133.603,184043.40625
2011-05-04 00:00:00,133.602,134.254,132.755,132.889,199785.765625
2011-05-05 00:00:00,132.889,133.199,130.904,131.714,231302.1875
2011-05-06 00:00:00,131.714,132.837,131.331,131.917,251027.71875
2011-05-07 00:00:00,131.917,131.917,131.917,131.917,0.0
2011-05-08 00:00:00,131.933,132.406,131.611,132.264,19963.330078125
2011-05-09 00:00:00,132.263,132.367,131.231,131.524,200042.453125
2011-05-10 00:00:00,131.528,132.749,131.461,132.471,199026.234375
2011-05-11 00:00:00,132.469,134.046,131.812,132.614,214233.109375
2011-05-12 00:00:00,132.614,133.167,131.228,131.802,218385.828125
2011-05-13 00:00:00,131.802,131.824,130.277,130.825,211579.984375
2011-05-14 00:00:00,130.825,130.825,130.825,130.825,0.0
2011-05-15 00:00:00,130.865,131.209,130.383,130.529,18746.58984375
2011-05-16 00:00:00,130.529,131.492,130.503,130.971,196030.296875
2011-05-17 00:00:00,130.969,133.177,130.952,132.432,234706.9375
2011-05-18 00:00:00,132.432,132.432,130.772,132.031,225434.375
2011-05-19 00:00:00,132.031,132.967,131.835,132.615,227396.796875
2011-05-20 00:00:00,132.616,132.977,132.127,132.546,209926.015625
2011-05-21 00:00:00,132.546,132.546,132.546,132.546,0.0
2011-05-22 00:00:00,132.679,132.892,132.294,132.512,27483.119140625
2011-05-23 00:00:00,132.512,132.927,131.267,131.757,217282.015625
2011-05-24 00:00:00,131.757,133.129,131.427,132.753,219778.953125
2011-05-25 00:00:00,132.753,133.688,132.09,133.547,213864.4375
2011-05-26 00:00:00,133.545,133.789,132.63,132.986,204595.171875
2011-05-27 00:00:00,132.986,133.643,132.697,133.346,188510.5
2011-05-28 00:00:00,133.346,133.346,133.346,133.346,0.0
2011-05-29 00:00:00,133.294,133.471,132.882,133.308,20074.779296875
2011-05-30 00:00:00,133.308,133.492,132.996,133.423,92891.7578125
2011-05-31 00:00:00,133.423,135.129,133.367,133.949,201405.28125
2011-06-01 00:00:00,133.949,134.353,131.952,132.228,204790.203125
2011-06-02 00:00:00,132.227,132.849,131.781,132.421,201238.359375
2011-06-03 00:00:00,132.421,132.421,130.661,131.805,201209.859375
2011-06-04 00:00:00,131.805,131.805,131.805,131.805,0.0
2011-06-05 00:00:00,131.889,132.069,131.535,131.991,19269.470703125
2011-06-06 00:00:00,131.991,132.29,130.804,131.01,183280.328125
2011-06-07 00:00:00,131.008,132.076,130.876,131.807,179477.984375
2011-06-08 00:00:00,131.807,131.853,130.485,131.008,202467.46875
2011-06-09 00:00:00,131.008,131.959,130.913,131.581,202450.890625
2011-06-10 00:00:00,131.582,131.623,129.753,130.267,202030.390625
2011-06-11 00:00:00,130.267,130.267,130.267,130.267,0.0
2011-06-12 00:00:00,130.318,130.492,130.124,130.421,17578.0390625
2011-06-13 00:00:00,130.421,131.443,130.366,131.26,185172.65625
2011-06-14 00:00:00,131.259,132.32,131.05,131.782,197261.578125
2011-06-15 00:00:00,131.782,132.013,130.687,130.967,206065.484375
2011-06-16 00:00:00,130.967,131.331,129.748,130.239,228035.484375
2011-06-17 00:00:00,130.236,130.35,129.348,129.616,196371.484375
2011-06-18 00:00:00,129.616,129.616,129.616,129.616,0.0
2011-06-19 00:00:00,129.596,129.759,129.241,129.478,24972.369140625
2011-06-20 00:00:00,129.478,130.363,128.917,130.195,182337.484375
2011-06-21 00:00:00,130.19,130.442,129.671,130.149,164649.3125
2011-06-22 00:00:00,130.149,130.535,128.937,128.977,189094.40625
2011-06-23 00:00:00,128.983,129.34,128.473,128.952,211532.796875
2011-06-24 00:00:00,128.955,129.022,128.231,128.276,196777.0
2011-06-25 00:00:00,128.276,128.276,128.276,128.276,0.0
2011-06-26 00:00:00,128.308,128.462,127.997,128.354,22399.529296875
2011-06-27 00:00:00,128.353,129.541,128.336,129.106,207483.3125
2011-06-28 00:00:00,129.106,129.95,128.643,129.567,205563.15625
2011-06-29 00:00:00,129.567,130.077,129.09,129.715,195431.1875
2011-06-30 00:00:00,129.715,129.8,128.419,129.272,198334.53125
2011-07-01 00:00:00,129.273,130.065,129.048,129.869,174116.03125
2011-07-02 00:00:00,129.869,129.869,129.869,129.869,0.0
2011-07-03 00:00:00,129.897,130.005,129.662,129.929,17906.169921875
2011-07-04 00:00:00,129.933,130.155,129.654,129.942,116914.7265625
2011-07-05 00:00:00,129.942,130.842,129.743,130.208,167796.125
2011-07-06 00:00:00,130.212,130.212,128.965,129.535,163837.40625
2011-07-07 00:00:00,129.534,130.11,129.061,129.809,160477.765625
2011-07-08 00:00:00,129.809,130.061,128.879,129.487,168890.921875
2011-07-09 00:00:00,129.487,129.487,129.487,129.487,0.0
2011-07-10 00:00:00,129.437,129.483,128.9,129.31,20263.76953125
2011-07-11 00:00:00,129.31,129.43,127.427,127.744,185192.8125
2011-07-12 00:00:00,127.746,127.77,124.856,126.54,255247.59375
2011-07-13 00:00:00,126.538,127.832,126.012,127.621,213499.609375
2011-07-14 00:00:00,127.621,128.191,126.799,127.607,195534.984375
2011-07-15 00:00:00,127.603,128.027,127.169,127.617,163664.40625
2011-07-16 00:00:00,127.617,127.617,127.617,127.617,0.0
2011-07-17 00:00:00,127.617,127.71,127.245,127.435,16526.51953125
2011-07-18 00:00:00,127.436,127.472,126.66,127.004,160583.921875
2011-07-19 00:00:00,127.004,127.874,126.879,127.674,170434.8125
2011-07-20 00:00:00,127.675,127.839,126.716,127.405,168407.71875
2011-07-21 00:00:00,127.405,128.266,127.005,128.203,186367.953125
2011-07-22 00:00:00,128.197,128.415,127.474,127.957,153009.609375
2011-07-23 00:00:00,127.957,127.957,127.957,127.957,0.0
2011-07-24 00:00:00,127.978,128.012,127.337,127.741,21889.7890625
2011-07-25 00:00:00,127.743,128.046,127.102,127.477,152431.625
2011-07-26 00:00:00,127.477,128.312,127.047,128.042,171466.59375
2011-07-27 00:00:00,128.04,128.119,127.142,127.235,170646.921875
2011-07-28 00:00:00,127.237,127.407,126.712,127.31,164555.921875
2011-07-29 00:00:00,127.31,127.389,125.943,126.047,180848.15625
2011-07-30 00:00:00,126.047,126.047,126.047,126.047,0.0
2011-07-31 00:00:00,126.016,127.366,125.945,126.934,25476.19921875
2011-08-01 00:00:00,126.934,128.515,124.179,126.544,205990.515625
2011-08-02 00:00:00,126.541,126.955,125.308,125.801,193246.515625
2011-08-03 00:00:00,125.796,126.895,125.271,126.771,201739.265625
2011-08-04 00:00:00,126.769,130.838,126.539,128.435,292686.28125
2011-08-05 00:00:00,128.437,129.064,127.393,128.476,236008.140625
2011-08-06 00:00:00,128.476,128.476,128.476,128.476,0.0
2011-08-07 00:00:00,128.447,128.865,127.49,128.481,34197.1015625
2011-08-08 00:00:00,128.504,128.569,126.467,126.743,237545.296875
2011-08-09 00:00:00,126.743,127.033,124.492,125.76,257172.984375
2011-08-10 00:00:00,125.75,125.816,123.296,123.77,221677.75
2011-08-11 00:00:00,123.77,124.962,123.384,124.864,216201.5
2011-08-12 00:00:00,124.864,125.184,123.963,124.776,160312.515625
2011-08-13 00:00:00,124.776,124.776,124.776,124.776,0.0
2011-08-14 00:00:00,124.947,125.319,124.768,125.171,12506.0703125
2011-08-15 00:00:00,125.171,125.999,124.975,125.802,147329.5
2011-08-16 00:00:00,125.802,126.441,125.296,126.166,149209.328125
2011-08-17 00:00:00,126.166,126.972,125.254,126.667,155986.046875
2011-08-18 00:00:00,126.667,126.786,125.652,126.254,170387.09375
2011-08-19 00:00:00,126.255,126.797,125.725,125.888,197562.421875
2011-08-20 00:00:00,125.888,125.888,125.888,125.888,0.0
2011-08-21 00:00:00,125.988,126.654,125.866,126.598,18411.23046875
2011-08-22 00:00:00,126.598,127.332,126.14,126.592,165468.0
2011-08-23 00:00:00,126.592,126.969,126.15,126.43,173124.390625
2011-08-24 00:00:00,126.43,126.752,125.598,126.053,175397.96875
2011-08-25 00:00:00,126.052,126.537,125.741,126.1,175399.046875
2011-08-26 00:00:00,126.1,126.185,124.485,125.437,165239.34375
2011-08-27 00:00:00,125.437,125.437,125.437,125.437,0.0
2011-08-28 00:00:00,125.397,125.759,124.685,125.457,17513.119140625
2011-08-29 00:00:00,125.459,126.574,125.309,126.169,117070.4375
2011-08-30 00:00:00,126.165,126.225,124.651,125.136,146197.015625
2011-08-31 00:00:00,125.139,125.312,124.269,124.704,140282.09375
2011-09-01 00:00:00,124.702,125.328,124.126,124.489,162820.703125
2011-09-02 00:00:00,124.485,124.8,124.175,124.487,141743.203125
2011-09-03 00:00:00,124.487,124.487,124.487,124.487,0.0
2011-09-04 00:00:00,124.487,124.661,124.046,124.204,15146.3203125
2011-09-05 00:00:00,124.205,124.359,123.52,123.773,110386.46875
2011-09-06 00:00:00,123.774,125.052,123.059,123.663,180317.03125
2011-09-07 00:00:00,123.663,123.759,123.192,123.522,158027.46875
2011-09-08 00:00:00,123.528,124.377,123.139,123.759,153478.5625
2011-09-09 00:00:00,123.76,124.237,122.358,123.197,174198.203125
2011-09-10 00:00:00,123.197,123.197,123.197,123.197,0.0
2011-09-11 00:00:00,123.21,123.218,122.168,122.815,25589.5703125
2011-09-12 00:00:00,122.817,123.021,121.291,122.309,182253.40625
2011-09-13 00:00:00,122.31,122.439,121.262,121.439,167478.84375
2011-09-14 00:00:00,121.439,121.565,120.7,120.982,163105.953125
2011-09-15 00:00:00,120.982,122.274,120.665,121.184,146130.75
2011-09-16 00:00:00,121.181,121.757,120.786,121.207,132873.125
2011-09-17 00:00:00,121.207,121.207,121.207,121.207,0.0
2011-09-18 00:00:00,121.226,121.373,120.781,120.897,18639.91015625
2011-09-19 00:00:00,120.897,121.035,119.472,120.172,136265.03125
2011-09-20 00:00:00,120.173,120.573,119.77,120.192,149217.703125
2011-09-21 00:00:00,120.192,120.571,118.357,118.763,159505.953125
2011-09-22 00:00:00,118.764,119.115,116.834,117.331,188708.40625
2011-09-23 00:00:00,117.33,118.888,117.18,118.296,165973.5
2011-09-24 00:00:00,118.296,118.296,118.296,118.296,0.0
2011-09-25 00:00:00,118.459,118.666,118.185,118.618,16568.83984375
2011-09-26 00:00:00,118.618,119.07,117.76,118.857,194966.1875
2011-09-27 00:00:00,118.857,120.449,118.505,119.89,178802.8125
2011-09-28 00:00:00,119.896,119.913,118.95,119.0,169250.1875
2011-09-29 00:00:00,119.0,120.841,118.767,119.762,173513.109375
2011-09-30 00:00:00,119.762,120.796,119.117,120.026,175227.484375
2011-10-01 00:00:00,120.026,120.026,120.026,120.026,0.0
2011-10-02 00:00:00,120.044,120.35,119.74,120.193,24343.130859375
2011-10-03 00:00:00,120.196,120.25,118.034,118.219,193798.0625
2011-10-04 00:00:00,118.219,119.11,117.729,118.798,187787.328125
2011-10-05 00:00:00,118.781,118.863,118.084,118.784,161425.296875
2011-10-06 00:00:00,118.777,118.847,116.97,118.367,172895.578125
2011-10-07 00:00:00,118.367,119.987,118.251,119.317,151086.515625
2011-10-08 00:00:00,119.317,119.317,119.317,119.317,0.0
2011-10-09 00:00:00,119.467,119.562,119.012,119.415,16550.869140625
2011-10-10 00:00:00,119.415,120.297,119.356,119.938,127568.21875
2011-10-11 00:00:00,119.938,120.139,119.355,119.497,142639.546875
2011-10-12 00:00:00,119.5,122.364,119.224,121.305,165349.171875
2011-10-13 00:00:00,121.305,121.617,120.332,121.06,153452.484375
2011-10-14 00:00:00,121.06,122.611,120.965,122.13,133450.765625
2011-10-15 00:00:00,122.13,122.13,122.13,122.13,0.0
2011-10-16 00:00:00,122.088,122.373,121.622,122.128,16852.130859375
2011-10-17 00:00:00,122.133,122.637,120.817,120.98,150661.984375
2011-10-18 00:00:00,120.98,121.569,119.989,120.544,164316.09375
2011-10-19 00:00:00,120.544,121.7,120.446,121.176,151528.875
2011-10-20 00:00:00,121.176,121.526,120.366,121.459,177844.578125
2011-10-21 00:00:00,121.459,122.079,120.728,121.697,164105.765625
2011-10-22 00:00:00,121.697,121.697,121.697,121.697,0.0
2011-10-23 00:00:00,121.684,121.905,121.31,121.806,18594.25
2011-10-24 00:00:00,121.806,122.09,120.981,121.894,133056.8125
2011-10-25 00:00:00,121.894,122.032,120.938,121.809,141292.296875
2011-10-26 00:00:00,121.806,121.954,120.688,121.645,131435.359375
2011-10-27 00:00:00,121.645,122.511,121.12,122.28,153264.953125
2011-10-28 00:00:00,122.29,122.358,121.831,122.28,128597.0078125
2011-10-29 00:00:00,122.28,122.28,122.28,122.28,0.0
2011-10-30 00:00:00,121.894,122.212,121.783,122.056,8506.3095703125
2011-10-31 00:00:00,122.048,127.304,121.878,125.891,203256.40625
2011-11-01 00:00:00,125.89,126.799,124.258,124.815,201042.109375
2011-11-02 00:00:00,124.811,125.294,124.105,124.293,160320.203125
2011-11-03 00:00:00,124.293,125.302,123.911,125.161,159546.875
2011-11-04 00:00:00,125.158,125.557,124.617,125.427,141237.609375
2011-11-05 00:00:00,125.427,125.427,125.427,125.427,0.0
2011-11-06 00:00:00,125.329,125.649,125.14,125.299,17284.599609375
2011-11-07 00:00:00,125.304,125.48,124.809,125.411,144727.359375
2011-11-08 00:00:00,125.413,125.615,124.972,125.089,146523.65625
2011-11-09 00:00:00,125.086,125.161,123.597,123.741,176366.125
2011-11-10 00:00:00,123.736,124.086,123.074,123.775,166622.90625
2011-11-11 00:00:00,123.77,124.153,122.964,123.989,135365.515625
2011-11-12 00:00:00,123.989,123.989,123.989,123.989,0.0
2011-11-13 00:00:00,124.041,124.317,123.92,124.053,16126.33984375
2011-11-14 00:00:00,124.053,124.155,122.327,122.559,176841.859375
2011-11-15 00:00:00,122.559,123.143,121.666,121.809,203730.390625
2011-11-16 00:00:00,121.807,121.869,120.952,121.043,206196.265625
2011-11-17 00:00:00,121.038,121.706,120.882,121.202,196664.4375
2011-11-18 00:00:00,121.202,121.756,121.035,121.576,194687.046875
2011-11-19 00:00:00,121.576,121.576,121.576,121.576,0.0
2011-11-20 00:00:00,121.184,121.502,121.102,121.219,16829.5
2011-11-21 00:00:00,121.22,121.229,120.037,120.301,173318.65625
2011-11-22 00:00:00,120.304,120.923,120.125,120.438,184358.09375
2011-11-23 00:00:00,120.438,120.463,119.83,119.933,180744.390625
2011-11-24 00:00:00,119.932,120.156,119.361,119.439,145357.828125
2011-11-25 00:00:00,119.442,120.457,119.381,120.019,175524.359375
2011-11-26 00:00:00,120.019,120.019,120.019,120.019,0.0
2011-11-27 00:00:00,120.049,120.385,119.867,120.279,27888.640625
2011-11-28 00:00:00,120.281,121.673,120.072,121.014,194220.9375
2011-11-29 00:00:00,121.019,121.845,120.757,121.597,207652.109375
2011-11-30 00:00:00,121.603,122.51,121.032,121.844,230938.8125
2011-12-01 00:00:00,121.846,122.51,121.433,121.954,181252.984375
2011-12-02 00:00:00,121.951,122.646,121.3,121.646,166032.109375
2011-12-03 00:00:00,121.646,121.646,121.646,121.646,0.0
2011-12-04 00:00:00,121.558,121.98,121.456,121.851,12254.9404296875
2011-12-05 00:00:00,121.851,122.293,121.453,121.702,156865.515625
2011-12-06 00:00:00,121.711,121.771,120.966,121.305,168464.984375
2011-12-07 00:00:00,121.305,122.216,121.116,121.934,159909.9375
2011-12-08 00:00:00,121.938,122.048,120.923,121.456,175698.09375
2011-12-09 00:00:00,121.456,122.223,121.009,121.638,160857.984375
2011-12-10 00:00:00,121.638,121.638,121.638,121.638,0.0
2011-12-11 00:00:00,121.398,121.601,121.36,121.474,11101.5703125
2011-12-12 00:00:00,121.479,121.785,120.711,121.401,179654.5625
2011-12-13 00:00:00,121.404,121.662,120.507,120.667,186024.34375
2011-12-14 00:00:00,120.661,121.126,120.288,120.867,179142.265625
2011-12-15 00:00:00,120.867,120.929,120.476,120.844,164181.921875
2011-12-16 00:00:00,120.844,121.142,120.426,120.845,146787.375
2011-12-17 00:00:00,120.845,120.845,120.845,120.845,0.0
2011-12-18 00:00:00,120.776,120.922,120.622,120.778,17114.939453125
2011-12-19 00:00:00,120.778,121.103,120.517,120.976,160431.015625
2011-12-20 00:00:00,120.976,122.159,120.904,121.975,162257.28125
2011-12-21 00:00:00,121.971,122.579,121.829,122.315,172565.921875
2011-12-22 00:00:00,122.317,122.763,122.214,122.538,137998.484375
2011-12-23 00:00:00,122.546,122.657,121.626,121.695,88149.890625
2011-12-24 00:00:00,121.695,121.695,121.695,121.695,0.0
2011-12-25 00:00:00,121.647,121.808,121.576,121.759,2649.280029296875
2011-12-26 00:00:00,121.756,122.032,121.433,121.892,29879.650390625
2011-12-27 00:00:00,121.884,122.284,121.593,121.964,74277.6171875
2011-12-28 00:00:00,121.962,122.001,120.261,120.306,132088.8125
2011-12-29 00:00:00,120.304,120.341,119.471,119.716,131868.4375
2011-12-30 00:00:00,119.706,120.056,119.261,119.557,129524.5703125
2011-12-31 00:00:00,119.557,119.557,119.557,119.557,0.0
2012-01-01 00:00:00,119.472,119.673,119.106,119.383,6315.080078125
2012-01-02 00:00:00,119.386,119.641,118.967,119.399,38153.51953125
2012-01-03 00:00:00,119.399,120.201,119.245,120.042,151044.0
2012-01-04 00:00:00,120.042,120.099,119.605,119.747,162485.765625
2012-01-05 00:00:00,119.747,119.952,119.173,119.595,179215.3125
2012-01-06 00:00:00,119.595,119.74,118.546,118.797,147041.828125
2012-01-07 00:00:00,118.797,118.797,118.797,118.797,0.0
2012-01-08 00:00:00,118.377,118.69,118.255,118.605,10927.8701171875
2012-01-09 00:00:00,118.607,118.871,118.488,118.814,150680.9375
2012-01-10 00:00:00,118.814,119.067,118.72,118.904,164694.5625
2012-01-11 00:00:00,118.904,119.113,117.716,117.872,172575.3125
2012-01-12 00:00:00,117.872,118.112,117.518,117.796,182117.65625
2012-01-13 00:00:00,117.796,118.187,117.277,117.858,193269.921875
2012-01-14 00:00:00,117.858,117.858,117.858,117.858,0.0
2012-01-15 00:00:00,117.643,117.887,117.527,117.701,11735.3603515625
2012-01-16 00:00:00,117.701,117.777,117.371,117.703,133152.125
2012-01-17 00:00:00,117.703,118.273,117.646,117.824,171392.375
2012-01-18 00:00:00,117.822,118.637,117.552,118.464,181939.765625
2012-01-19 00:00:00,118.464,119.72,118.313,119.331,171044.359375
2012-01-20 00:00:00,119.333,119.996,119.191,119.972,177536.34375
2012-01-21 00:00:00,119.972,119.972,119.972,119.972,0.0
2012-01-22 00:00:00,119.688,119.825,119.419,119.633,22954.279296875
2012-01-23 00:00:00,119.634,120.201,119.489,119.946,181580.421875
2012-01-24 00:00:00,119.951,121.412,119.65,121.373,198318.796875
2012-01-25 00:00:00,121.375,122.045,121.218,121.768,233736.953125
2012-01-26 00:00:00,121.768,121.872,121.308,121.419,195941.984375
2012-01-27 00:00:00,121.417,121.47,120.012,120.648,191019.328125
2012-01-28 00:00:00,120.648,120.648,120.648,120.648,0.0
2012-01-29 00:00:00,120.538,120.721,120.466,120.654,16857.3203125
2012-01-30 00:00:00,120.656,120.675,119.595,119.946,168653.015625
2012-01-31 00:00:00,119.946,120.626,119.763,120.195,198078.984375
2012-02-01 00:00:00,120.195,120.984,119.585,120.736,194027.953125
2012-02-02 00:00:00,120.734,120.747,120.221,120.387,186807.375
2012-02-03 00:00:00,120.387,121.216,120.266,121.018,180549.578125
2012-02-04 00:00:00,121.018,121.018,121.018,121.018,0.0
2012-02-05 00:00:00,120.797,121.204,120.702,120.968,21570.740234375
2012-02-06 00:00:00,120.969,121.241,120.481,121.062,183836.203125
2012-02-07 00:00:00,121.062,122.239,121.007,121.994,197036.125
2012-02-08 00:00:00,121.994,122.861,121.403,121.831,193580.375
2012-02-09 00:00:00,121.834,122.981,121.759,122.786,205424.703125
2012-02-10 00:00:00,122.787,123.167,122.037,122.227,205687.15625
2012-02-11 00:00:00,122.227,122.227,122.227,122.227,0.0
2012-02-12 00:00:00,122.219,122.673,122.144,122.591,22412.849609375
2012-02-13 00:00:00,122.591,122.921,121.673,121.864,204921.546875
2012-02-14 00:00:00,121.867,123.166,121.827,123.022,285375.1875
2012-02-15 00:00:00,123.022,123.494,122.608,123.11,271771.6875
2012-02-16 00:00:00,123.11,124.807,122.818,124.592,273594.84375
2012-02-17 00:00:00,124.591,126.057,124.577,125.934,225396.015625
2012-02-18 00:00:00,125.934,125.934,125.934,125.934,0.0
2012-02-19 00:00:00,126.04,126.827,125.954,126.577,28170.6796875
2012-02-20 00:00:00,126.577,126.587,125.773,126.015,173556.546875
2012-02-21 00:00:00,126.017,126.65,125.647,126.083,224627.828125
2012-02-22 00:00:00,126.079,126.611,125.596,125.772,219602.03125
2012-02-23 00:00:00,125.772,126.199,125.463,125.852,191774.65625
2012-02-24 00:00:00,125.849,128.966,125.842,128.548,202362.90625
2012-02-25 00:00:00,128.548,128.548,128.548,128.548,0.0
2012-02-26 00:00:00,128.868,129.763,128.867,129.418,29843.619140625
2012-02-27 00:00:00,129.418,129.43,126.95,127.376,239036.625
2012-02-28 00:00:00,127.376,128.235,126.68,128.117,244646.046875
2012-02-29 00:00:00,128.126,129.617,127.814,129.403,260554.65625
2012-03-01 00:00:00,129.406,129.584,128.751,129.399,235255.625
2012-03-02 00:00:00,129.399,130.099,129.139,129.488,227539.40625
2012-03-03 00:00:00,129.488,129.488,129.488,129.488,0.0
2012-03-04 00:00:00,129.471,129.653,129.17,129.2,35416.48828125
2012-03-05 00:00:00,129.201,129.491,128.218,129.42,223450.96875
2012-03-06 00:00:00,129.42,129.482,126.542,126.753,233602.703125
2012-03-07 00:00:00,126.753,127.979,126.635,127.973,202193.015625
2012-03-08 00:00:00,127.973,129.247,127.675,129.092,218418.0625
2012-03-09 00:00:00,129.09,129.748,128.64,129.28,220044.9375
2012-03-10 00:00:00,129.28,129.28,129.28,129.28,0.0
2012-03-11 00:00:00,129.269,129.422,129.014,129.017,21309.55078125
2012-03-12 00:00:00,129.018,129.218,128.177,128.915,192779.5625
2012-03-13 00:00:00,128.912,130.394,128.255,130.27,236410.875
2012-03-14 00:00:00,130.27,131.464,130.112,131.207,224612.203125
2012-03-15 00:00:00,131.205,131.707,130.209,131.105,239110.359375
2012-03-16 00:00:00,131.105,132.436,130.876,132.117,198643.03125
2012-03-17 00:00:00,132.117,132.117,132.117,132.117,0.0
2012-03-18 00:00:00,132.189,132.384,131.796,132.154,20928.19921875
2012-03-19 00:00:00,132.154,132.668,131.447,132.45,185663.453125
2012-03-20 00:00:00,132.45,132.985,132.254,132.73,186310.984375
2012-03-21 00:00:00,132.731,133.484,131.928,132.056,236392.359375
2012-03-22 00:00:00,132.056,132.497,130.084,130.573,255468.015625
2012-03-23 00:00:00,130.572,131.559,129.995,130.673,223834.0625
2012-03-24 00:00:00,130.673,130.673,130.673,130.673,0.0
2012-03-25 00:00:00,130.659,131.175,130.577,131.144,21115.609375
2012-03-26 00:00:00,131.146,132.525,130.737,132.488,227548.671875
2012-03-27 00:00:00,132.49,133.379,132.016,132.519,212565.65625
2012-03-28 00:00:00,132.513,132.651,131.023,131.632,234265.53125
2012-03-29 00:00:00,131.632,131.724,130.146,131.308,226244.28125
2012-03-30 00:00:00,131.308,132.755,130.629,132.678,211995.703125
2012-03-31 00:00:00,132.678,132.678,132.678,132.678,0.0
2012-04-01 00:00:00,132.639,133.092,132.564,132.695,18145.080078125
2012-04-02 00:00:00,132.696,133.251,130.76,130.895,206028.03125
2012-04-03 00:00:00,130.896,131.982,130.892,131.751,222053.765625
2012-04-04 00:00:00,131.752,131.792,130.258,131.086,206954.421875
2012-04-05 00:00:00,131.084,131.106,129.509,130.117,174468.625
2012-04-06 00:00:00,130.121,130.871,129.14,129.57,81010.2109375
2012-04-07 00:00:00,129.57,129.57,129.57,129.57,0.0
2012-04-08 00:00:00,129.409,129.641,128.862,129.056,18932.580078125
2012-04-09 00:00:00,129.054,129.911,128.829,129.855,116502.7109375
2012-04-10 00:00:00,129.855,130.229,127.876,127.898,241525.671875
2012-04-11 00:00:00,127.896,129.187,127.87,128.977,207402.46875
2012-04-12 00:00:00,128.976,129.345,128.733,129.158,192471.953125
2012-04-13 00:00:00,129.159,129.577,128.11,128.31,184585.046875
2012-04-14 00:00:00,128.31,128.31,128.31,128.31,0.0
2012-04-15 00:00:00,128.221,128.339,128.077,128.142,18151.140625
2012-04-16 00:00:00,128.145,128.323,127.106,127.798,214922.203125
2012-04-17 00:00:00,127.797,129.247,127.571,129.206,188838.5625
2012-04-18 00:00:00,129.206,130.444,129.102,130.253,209483.390625
2012-04-19 00:00:00,130.253,131.189,130.176,131.074,209414.40625
2012-04-20 00:00:00,131.074,131.799,130.859,131.421,176214.265625
2012-04-21 00:00:00,131.421,131.421,131.421,131.421,0.0
2012-04-22 00:00:00,131.431,131.723,131.25,131.619,11609.9404296875
2012-04-23 00:00:00,131.619,131.622,130.201,130.69,187876.828125
2012-04-24 00:00:00,130.692,131.455,130.326,131.397,180622.625
2012-04-25 00:00:00,131.397,131.816,130.522,131.55,200884.453125
2012-04-26 00:00:00,131.552,131.6,130.51,131.149,181704.65625
2012-04-27 00:00:00,131.149,131.749,130.215,130.579,193137.0625
2012-04-28 00:00:00,130.579,130.579,130.579,130.579,0.0
2012-04-29 00:00:00,130.541,130.858,130.414,130.813,15173.599609375
2012-04-30 00:00:00,130.815,130.818,129.367,129.723,157554.515625
2012-05-01 00:00:00,129.726,130.16,129.078,130.121,129082.0390625
2012-05-02 00:00:00,130.117,130.766,129.488,129.756,166134.890625
2012-05-03 00:00:00,129.757,130.452,129.633,129.881,131946.34375
2012-05-04 00:00:00,129.881,129.982,128.851,128.961,134484.375
2012-05-05 00:00:00,128.961,128.961,128.961,128.961,0.0
2012-05-06 00:00:00,128.78,128.957,128.38,128.648,16891.419921875
2012-05-07 00:00:00,128.65,129.482,128.51,129.393,148004.921875
2012-05-08 00:00:00,129.395,129.574,128.627,128.959,179242.96875
2012-05-09 00:00:00,128.957,129.101,127.813,128.623,201449.1875
2012-05-10 00:00:00,128.623,129.395,128.123,128.87,195116.21875
2012-05-11 00:00:00,128.869,129.032,128.265,128.409,179274.09375
2012-05-12 00:00:00,128.409,128.409,128.409,128.409,0.0
2012-05-13 00:00:00,128.409,128.659,128.334,128.62,13638.2001953125
2012-05-14 00:00:00,128.618,128.864,128.037,128.567,193746.625
2012-05-15 00:00:00,128.567,128.765,128.047,128.361,209796.109375
2012-05-16 00:00:00,128.361,128.503,127.67,127.946,235213.90625
2012-05-17 00:00:00,127.946,127.979,125.117,125.347,233885.0625
2012-05-18 00:00:00,125.347,125.651,124.643,124.978,225554.140625
2012-05-19 00:00:00,124.978,124.978,124.978,124.978,0.0
2012-05-20 00:00:00,124.993,125.267,124.922,125.185,19028.779296875
2012-05-21 00:00:00,125.187,125.822,125.078,125.697,209186.828125
2012-05-22 00:00:00,125.697,126.457,125.432,126.066,234374.828125
2012-05-23 00:00:00,126.065,126.134,124.313,124.572,260973.8125
2012-05-24 00:00:00,124.572,124.963,124.144,124.732,229880.546875
2012-05-25 00:00:00,124.732,124.968,124.431,124.768,199058.640625
2012-05-26 00:00:00,124.768,124.768,124.768,124.768,0.0
2012-05-27 00:00:00,124.686,125.086,124.576,124.809,19709.970703125
2012-05-28 00:00:00,124.809,124.881,124.39,124.659,147407.484375
2012-05-29 00:00:00,124.659,124.978,123.9,124.306,221050.34375
2012-05-30 00:00:00,124.306,124.386,122.251,122.255,270384.84375
2012-05-31 00:00:00,122.252,122.469,120.148,120.933,241046.578125
2012-06-01 00:00:00,120.932,121.045,118.783,119.778,247185.9375
2012-06-02 00:00:00,119.778,119.778,119.778,119.778,0.0
2012-06-03 00:00:00,119.833,120.191,119.802,119.819,21746.890625
2012-06-04 00:00:00,119.819,120.669,119.751,120.625,218509.796875
2012-06-05 00:00:00,120.625,121.332,119.752,121.119,241272.734375
2012-06-06 00:00:00,121.12,122.975,120.883,122.746,266934.15625
2012-06-07 00:00:00,122.746,124.34,122.315,123.71,279308.34375
2012-06-08 00:00:00,123.71,123.737,121.908,122.868,249382.53125
2012-06-09 00:00:00,122.868,122.868,122.868,122.868,0.0
2012-06-10 00:00:00,123.264,123.8,123.196,123.595,33501.37890625
2012-06-11 00:00:00,123.597,124.066,122.56,122.793,255584.59375
2012-06-12 00:00:00,122.792,124.085,122.553,123.773,275190.84375
2012-06-13 00:00:00,123.779,124.274,123.076,123.191,266766.03125
2012-06-14 00:00:00,123.191,123.534,122.765,123.52,243855.40625
2012-06-15 00:00:00,123.517,123.788,122.128,123.65,249144.875
2012-06-16 00:00:00,123.65,123.65,123.65,123.65,0.0
2012-06-17 00:00:00,124.118,124.427,123.556,124.244,28681.25
2012-06-18 00:00:00,124.242,124.636,123.354,123.942,235401.140625
2012-06-19 00:00:00,123.942,124.516,123.243,124.259,225214.9375
2012-06-20 00:00:00,124.267,125.373,123.491,124.754,236055.6875
2012-06-21 00:00:00,124.754,125.828,124.613,124.856,261412.5625
2012-06-22 00:00:00,124.856,125.75,124.852,125.328,234378.875
2012-06-23 00:00:00,125.328,125.328,125.328,125.328,0.0
2012-06-24 00:00:00,125.189,125.653,124.937,125.539,14536.3896484375
2012-06-25 00:00:00,125.539,125.54,123.596,123.973,206176.53125
2012-06-26 00:00:00,123.977,124.438,123.529,124.226,210181.796875
2012-06-27 00:00:00,124.226,124.549,123.863,124.039,208890.59375
2012-06-28 00:00:00,124.039,124.086,122.939,123.053,240234.421875
2012-06-29 00:00:00,123.056,125.47,122.868,125.358,281188.65625
2012-06-30 00:00:00,125.358,125.358,125.358,125.358,0.0
2012-07-01 00:00:00,125.281,125.482,125.116,125.173,20184.66015625
2012-07-02 00:00:00,125.177,125.365,124.307,124.654,239252.671875
2012-07-03 00:00:00,124.654,125.448,124.614,125.272,189433.09375
2012-07-04 00:00:00,125.272,125.282,124.251,124.576,144993.390625
2012-07-05 00:00:00,124.575,124.86,123.85,124.02,230427.046875
2012-07-06 00:00:00,124.02,124.264,123.055,123.409,203558.125
2012-07-07 00:00:00,123.409,123.409,123.409,123.409,0.0
2012-07-08 00:00:00,123.308,123.447,122.972,123.051,21223.220703125
2012-07-09 00:00:00,123.051,123.682,123.018,123.541,173578.1875
2012-07-10 00:00:00,123.539,123.57,122.775,123.119,190316.0625
2012-07-11 00:00:00,123.118,123.983,122.948,123.449,194155.171875
2012-07-12 00:00:00,123.448,124.026,122.038,122.337,192888.90625
2012-07-13 00:00:00,122.337,123.516,122.171,123.448,168924.140625
2012-07-14 00:00:00,123.448,123.448,123.448,123.448,0.0
2012-07-15 00:00:00,123.419,123.518,123.255,123.36,13866.6904296875
2012-07-16 00:00:00,123.358,123.375,122.513,123.177,158875.125
2012-07-17 00:00:00,123.178,123.909,122.963,123.867,192049.9375
2012-07-18 00:00:00,123.865,123.89,123.1,123.281,181324.59375
2012-07-19 00:00:00,123.281,123.794,122.92,123.752,193471.6875
2012-07-20 00:00:00,123.749,123.757,122.48,122.6,169021.78125
2012-07-21 00:00:00,122.6,122.6,122.6,122.6,0.0
2012-07-22 00:00:00,122.432,122.562,122.278,122.479,18768.560546875
2012-07-23 00:00:00,122.478,122.483,121.092,121.471,208319.09375
2012-07-24 00:00:00,121.469,121.699,120.96,121.067,186996.921875
2012-07-25 00:00:00,121.066,121.696,120.891,120.946,210334.609375
2012-07-26 00:00:00,120.947,122.992,120.825,122.822,224920.390625
2012-07-27 00:00:00,122.818,123.769,122.458,123.531,190163.515625
2012-07-28 00:00:00,123.531,123.531,123.531,123.531,0.0
2012-07-29 00:00:00,123.472,123.609,123.372,123.442,7172.81982421875
2012-07-30 00:00:00,123.448,123.529,122.496,122.744,155618.265625
2012-07-31 00:00:00,122.749,123.041,122.226,122.395,155426.546875
2012-08-01 00:00:00,122.395,122.674,121.774,121.821,162435.0625
2012-08-02 00:00:00,121.821,122.604,121.15,121.343,184709.40625
2012-08-03 00:00:00,121.343,123.047,121.081,122.758,194087.234375
2012-08-04 00:00:00,122.758,122.758,122.758,122.758,0.0
2012-08-05 00:00:00,122.781,123.174,122.398,123.044,14100.3603515625
2012-08-06 00:00:00,123.044,123.048,121.737,121.907,153722.546875
2012-08-07 00:00:00,121.907,123.255,121.781,122.712,157918.703125
2012-08-08 00:00:00,122.711,122.969,121.906,122.848,158723.15625
2012-08-09 00:00:00,122.849,123.198,122.401,122.823,169110.6875
2012-08-10 00:00:00,122.823,122.92,121.79,122.788,139663.296875
2012-08-11 00:00:00,122.788,122.788,122.788,122.788,0.0
2012-08-12 00:00:00,122.749,122.793,122.456,122.587,8659.3603515625
2012-08-13 00:00:00,122.587,123.087,122.398,122.797,133713.625
2012-08-14 00:00:00,122.797,123.92,122.77,123.559,160162.75
2012-08-15 00:00:00,123.559,124.033,123.301,123.865,154740.59375
2012-08-16 00:00:00,123.865,124.929,123.842,124.717,168975.984375
2012-08-17 00:00:00,124.717,124.962,124.517,124.871,144423.421875
2012-08-18 00:00:00,124.871,124.871,124.871,124.871,0.0
2012-08-19 00:00:00,124.776,124.971,124.539,124.753,11440.8955078125
2012-08-20 00:00:00,124.751,125.008,124.585,124.648,133643.390625
2012-08-21 00:00:00,124.643,125.508,124.596,125.027,170213.03125
2012-08-22 00:00:00,125.025,125.51,124.081,124.743,175238.40625
2012-08-23 00:00:00,124.743,124.987,124.319,124.613,185505.375
2012-08-24 00:00:00,124.613,124.811,124.122,124.319,160770.921875
2012-08-25 00:00:00,124.319,124.319,124.319,124.319,0.0
2012-08-26 00:00:00,124.321,124.564,124.278,124.417,10874.7099609375
2012-08-27 00:00:00,124.417,124.635,124.204,124.36,119979.7890625
2012-08-28 00:00:00,124.36,124.387,123.693,124.338,166697.84375
2012-08-29 00:00:00,124.339,124.764,124.064,124.592,148811.1875
2012-08-30 00:00:00,124.593,124.807,123.918,123.986,150774.765625
2012-08-31 00:00:00,123.986,124.601,123.745,124.343,182244.921875
2012-09-01 00:00:00,124.343,124.343,124.343,124.343,0.0
2012-09-02 00:00:00,124.25,124.479,124.194,124.226,11421.150390625
2012-09-03 00:00:00,124.226,124.555,123.954,124.394,105210.7890625
2012-09-04 00:00:00,124.395,124.793,124.296,124.495,160339.90625
2012-09-05 00:00:00,124.492,124.944,124.028,124.71,176629.234375
2012-09-06 00:00:00,124.707,125.88,124.604,125.682,194939.125
2012-09-07 00:00:00,125.682,126.193,125.036,125.361,205979.765625
2012-09-08 00:00:00,125.361,125.361,125.361,125.361,0.0
2012-09-09 00:00:00,125.308,125.357,125.168,125.221,6360.1201171875
2012-09-10 00:00:00,125.229,125.388,124.9,125.107,152721.703125
2012-09-11 00:00:00,125.107,125.387,124.688,124.98,181418.171875
2012-09-12 00:00:00,124.979,125.621,124.924,125.338,200454.203125
2012-09-13 00:00:00,125.338,125.438,124.44,125.416,163700.4375
2012-09-14 00:00:00,125.416,127.255,125.286,127.1,181779.40625
2012-09-15 00:00:00,127.1,127.1,127.1,127.1,0.0
2012-09-16 00:00:00,127.076,127.301,126.959,127.082,11413.830078125
2012-09-17 00:00:00,127.082,128.234,126.835,127.763,132280.734375
2012-09-18 00:00:00,127.762,128.099,127.444,127.935,147436.828125
2012-09-19 00:00:00,127.935,128.832,126.947,127.239,187482.796875
2012-09-20 00:00:00,127.241,127.289,126.232,126.861,171090.046875
2012-09-21 00:00:00,126.861,127.623,126.752,126.829,148691.265625
2012-09-22 00:00:00,126.829,126.829,126.829,126.829,0.0
2012-09-23 00:00:00,126.828,127.005,126.725,126.795,11423.8896484375
2012-09-24 00:00:00,126.797,126.826,125.965,126.338,116006.4375
2012-09-25 00:00:00,126.34,126.698,125.811,125.874,134216.71875
2012-09-26 00:00:00,125.874,126.097,125.342,125.651,126672.71875
2012-09-27 00:00:00,125.651,126.102,125.59,125.974,117705.890625
2012-09-28 00:00:00,125.972,126.208,125.436,126.05,139933.109375
2012-09-29 00:00:00,126.05,126.05,126.05,126.05,0.0
2012-09-30 00:00:00,125.95,126.088,125.631,125.678,12700.4404296875
2012-10-01 00:00:00,125.679,126.308,125.492,125.893,124585.1328125
2012-10-02 00:00:00,125.891,126.452,125.807,126.154,118552.109375
2012-10-03 00:00:00,126.152,126.462,125.794,126.29,126940.9765625
2012-10-04 00:00:00,126.29,127.137,126.192,127.061,128467.7265625
2012-10-05 00:00:00,127.061,127.808,126.733,126.899,121891.5390625
2012-10-06 00:00:00,126.899,126.899,126.899,126.899,0.0
2012-10-07 00:00:00,126.86,127.056,126.783,127.0,12069.3203125
2012-10-08 00:00:00,126.999,127.001,125.134,125.507,104609.75
2012-10-09 00:00:00,125.511,125.836,124.941,125.13,129102.4765625
2012-10-10 00:00:00,125.132,125.617,124.875,124.962,120257.6796875
2012-10-11 00:00:00,124.966,126.126,124.74,125.802,118296.8671875
2012-10-12 00:00:00,125.806,126.179,125.514,126.04,107790.5703125
2012-10-13 00:00:00,126.04,126.04,126.04,126.04,0.0
2012-10-14 00:00:00,126.033,126.143,125.958,125.994,9922.740234375
2012-10-15 00:00:00,125.997,126.751,125.535,126.69,122442.296875
2012-10-16 00:00:00,126.69,127.322,126.53,127.164,130910.84375
2012-10-17 00:00:00,127.164,127.712,126.717,127.559,123122.296875
2012-10-18 00:00:00,127.56,128.222,127.115,127.342,132088.734375
2012-10-19 00:00:00,127.344,127.52,126.774,126.998,109438.8828125
2012-10-20 00:00:00,126.998,126.998,126.998,126.998,0.0
2012-10-21 00:00:00,126.863,126.973,126.701,126.793,12523.3896484375
2012-10-22 00:00:00,126.8,128.182,126.734,128.139,116978.5625
2012-10-23 00:00:00,128.139,128.139,126.947,127.295,128591.28125
2012-10-24 00:00:00,127.294,128.092,127.112,127.995,132536.671875
2012-10-25 00:00:00,127.997,129.646,127.95,129.29,141639.59375
2012-10-26 00:00:00,129.29,129.424,127.985,128.151,134736.296875
2012-10-27 00:00:00,128.151,128.151,128.151,128.151,0.0
2012-10-28 00:00:00,128.23,128.361,128.038,128.115,12566.919921875
2012-10-29 00:00:00,128.122,128.297,127.557,127.866,85185.8515625
2012-10-30 00:00:00,127.866,128.466,127.03,128.059,105868.25
2012-10-31 00:00:00,128.055,128.907,127.842,128.827,118373.078125
2012-11-01 00:00:00,128.827,129.442,128.78,129.409,111343.65625
2012-11-02 00:00:00,129.408,129.605,128.688,129.04,111123.171875
2012-11-03 00:00:00,129.04,129.04,129.04,129.04,0.0
2012-11-04 00:00:00,128.82,129.002,128.505,128.958,16727.150390625
2012-11-05 00:00:00,128.957,129.07,127.996,128.132,98320.671875
2012-11-06 00:00:00,128.132,128.723,127.85,128.369,105510.53125
2012-11-07 00:00:00,128.369,128.837,127.402,127.777,160465.625
2012-11-08 00:00:00,127.777,127.843,126.723,126.978,131181.109375
2012-11-09 00:00:00,126.981,127.46,125.951,126.312,137592.375
2012-11-10 00:00:00,126.312,126.312,126.312,126.312,0.0
2012-11-11 00:00:00,126.339,126.497,126.231,126.281,12461.58984375
2012-11-12 00:00:00,126.28,126.539,125.972,126.367,67746.9375
2012-11-13 00:00:00,126.367,126.631,125.67,126.137,113771.4296875
2012-11-14 00:00:00,126.136,127.505,126.014,127.026,125479.1875
2012-11-15 00:00:00,127.023,128.98,126.934,128.703,134498.125
2012-11-16 00:00:00,128.703,129.271,128.254,129.087,123127.421875
2012-11-17 00:00:00,129.087,129.087,129.087,129.087,0.0
2012-11-18 00:00:00,129.109,129.658,128.95,129.648,18359.439453125
2012-11-19 00:00:00,129.649,129.721,128.922,129.301,108796.1796875
2012-11-20 00:00:00,129.308,130.207,129.021,130.139,117334.46875
2012-11-21 00:00:00,130.136,131.877,130.001,131.848,127552.46875
2012-11-22 00:00:00,131.848,132.32,131.076,131.254,109714.4609375
2012-11-23 00:00:00,131.252,132.221,130.791,132.037,102321.7265625
2012-11-24 00:00:00,132.037,132.037,132.037,132.037,0.0
2012-11-25 00:00:00,131.95,132.337,131.82,132.332,16443.4296875
2012-11-26 00:00:00,132.336,132.44,131.127,131.256,113699.3515625
2012-11-27 00:00:00,131.26,132.086,131.257,131.494,121800.2578125
2012-11-28 00:00:00,131.494,131.682,130.453,131.559,135666.765625
2012-11-29 00:00:00,131.555,131.851,131.25,131.732,114721.6796875
2012-11-30 00:00:00,131.731,132.797,131.573,132.023,129526.6875
2012-12-01 00:00:00,132.023,132.023,132.023,132.023,0.0
2012-12-02 00:00:00,131.822,132.182,131.633,132.141,16940.349609375
2012-12-03 00:00:00,132.141,132.536,131.6,132.227,107609.7578125
2012-12-04 00:00:00,132.226,132.308,131.555,131.74,98726.7734375
2012-12-05 00:00:00,131.741,132.747,131.686,132.65,121076.7109375
2012-12-06 00:00:00,132.65,132.904,132.046,132.307,117060.71875
2012-12-07 00:00:00,132.307,132.605,131.682,132.303,110844.3203125
2012-12-08 00:00:00,132.303,132.303,132.303,132.303,0.0
2012-12-09 00:00:00,132.016,132.469,131.979,132.385,17042.8203125
2012-12-10 00:00:00,132.385,132.445,131.667,132.362,87407.046875
2012-12-11 00:00:00,132.362,133.096,132.338,133.012,97079.5625
2012-12-12 00:00:00,133.011,134.619,132.907,134.273,123286.078125
2012-12-13 00:00:00,134.276,135.073,134.227,134.818,124278.7578125
2012-12-14 00:00:00,134.818,135.398,134.301,135.047,126396.1875
2012-12-15 00:00:00,135.047,135.047,135.047,135.047,0.0
2012-12-16 00:00:00,134.974,136.48,134.973,136.096,18266.099609375
2012-12-17 00:00:00,136.097,136.107,135.447,135.978,116728.8125
2012-12-18 00:00:00,135.978,137.077,135.821,137.077,113092.9296875
2012-12-19 00:00:00,137.076,137.856,136.299,136.877,131054.671875
2012-12-20 00:00:00,136.882,137.547,136.217,137.374,124549.640625
2012-12-21 00:00:00,137.375,137.401,135.885,136.172,133512.8125
2012-12-22 00:00:00,136.172,136.172,136.172,136.172,0.0
2012-12-23 00:00:00,136.157,136.458,136.14,136.351,16509.0390625
2012-12-24 00:00:00,136.351,136.936,136.269,136.816,74930.84375
2012-12-25 00:00:00,136.816,137.236,136.399,137.171,56454.71875
2012-12-26 00:00:00,137.171,138.218,137.169,138.171,106221.6875
2012-12-27 00:00:00,138.171,139.512,138.077,139.362,125371.7734375
2012-12-28 00:00:00,139.362,139.479,138.19,138.779,126840.34375
2012-12-29 00:00:00,138.779,138.779,138.779,138.779,0.0
2012-12-30 00:00:00,139.017,139.041,138.49,138.926,15590.849609375
2012-12-31 00:00:00,138.926,141.084,138.715,140.637,107157.6015625
2013-01-01 00:00:00,140.899,141.115,140.633,140.686,6338.919921875
2013-01-02 00:00:00,140.684,142.74,140.54,141.82,154567.046875
2013-01-03 00:00:00,141.819,141.842,140.172,141.003,133302.046875
2013-01-04 00:00:00,141.003,141.808,140.527,141.611,149633.5625
2013-01-05 00:00:00,141.611,141.611,141.611,141.611,0.0
2013-01-06 00:00:00,141.609,142.061,141.598,141.723,8512.8701171875
2013-01-07 00:00:00,141.724,141.732,140.495,140.682,147823.640625
2013-01-08 00:00:00,140.68,141.456,139.382,139.578,152380.203125
2013-01-09 00:00:00,139.58,141.191,139.553,141.109,156292.90625
2013-01-10 00:00:00,141.107,144.417,140.859,144.346,181453.53125
2013-01-11 00:00:00,144.344,144.344,143.0,143.821,173708.515625
2013-01-12 00:00:00,143.821,143.821,143.821,143.821,0.0
2013-01-13 00:00:00,144.021,144.659,143.874,144.284,12763.1298828125
2013-01-14 00:00:00,144.286,144.798,142.842,143.801,165385.328125
2013-01-15 00:00:00,143.795,144.177,141.659,142.664,218754.46875
2013-01-16 00:00:00,142.665,142.701,140.5,141.808,221204.640625
2013-01-17 00:00:00,141.815,144.249,140.86,143.506,237743.40625
2013-01-18 00:00:00,143.501,144.108,142.517,142.906,203135.265625
2013-01-19 00:00:00,142.906,142.906,142.906,142.906,0.0
2013-01-20 00:00:00,142.777,143.057,142.772,142.979,7641.75
2013-01-21 00:00:00,142.98,142.98,141.753,141.919,152791.046875
2013-01-22 00:00:00,141.919,142.793,139.788,140.17,229164.015625
2013-01-23 00:00:00,140.17,140.839,139.257,140.212,193029.875
2013-01-24 00:00:00,140.208,143.113,139.871,142.881,199509.8125
2013-01-25 00:00:00,142.877,144.242,142.477,143.566,184061.65625
2013-01-26 00:00:00,143.566,143.566,143.566,143.566,0.0
2013-01-27 00:00:00,143.496,143.976,143.481,143.827,9475.9697265625
2013-01-28 00:00:00,143.827,143.827,141.888,141.952,172981.875
2013-01-29 00:00:00,141.955,143.133,141.906,142.922,183188.5625
2013-01-30 00:00:00,142.923,144.192,142.891,143.752,184580.09375
2013-01-31 00:00:00,143.751,145.635,143.439,145.531,178495.9375
2013-02-01 00:00:00,145.532,146.48,144.897,145.651,197474.421875
2013-02-02 00:00:00,145.651,145.651,145.651,145.651,0.0
2013-02-03 00:00:00,145.562,145.867,145.512,145.637,7595.4501953125
2013-02-04 00:00:00,145.637,146.609,144.852,145.211,179101.796875
2013-02-05 00:00:00,145.207,147.251,144.915,146.586,216348.375
2013-02-06 00:00:00,146.585,147.241,145.943,146.336,200485.5
2013-02-07 00:00:00,146.335,147.968,145.997,147.015,217769.140625
2013-02-08 00:00:00,147.017,147.281,145.051,146.478,202285.515625
2013-02-09 00:00:00,146.478,146.478,146.478,146.478,0.0
2013-02-10 00:00:00,146.358,146.411,145.841,146.211,11483.6396484375
2013-02-11 00:00:00,146.208,147.913,145.962,147.451,177720.1875
2013-02-12 00:00:00,147.451,147.757,145.276,146.27,214310.984375
2013-02-13 00:00:00,146.27,146.405,144.704,144.806,197655.890625
2013-02-14 00:00:00,144.807,145.373,143.572,143.93,198071.875
2013-02-15 00:00:00,143.93,145.633,142.759,145.029,221798.40625
2013-02-16 00:00:00,145.029,145.029,145.029,145.029,0.0
2013-02-17 00:00:00,145.332,145.674,145.019,145.106,9838.01953125
2013-02-18 00:00:00,145.107,145.89,144.8,144.873,144494.34375
2013-02-19 00:00:00,144.873,145.265,143.88,144.559,159000.484375
2013-02-20 00:00:00,144.556,144.734,142.422,142.627,192204.515625
2013-02-21 00:00:00,142.627,142.951,141.331,142.137,217200.484375
2013-02-22 00:00:00,142.136,143.037,141.534,141.616,177512.734375
2013-02-23 00:00:00,141.616,141.616,141.616,141.616,0.0
2013-02-24 00:00:00,142.496,142.535,141.908,142.235,16460.83984375
2013-02-25 00:00:00,142.237,142.792,137.888,140.054,265086.90625
2013-02-26 00:00:00,140.055,140.584,137.846,139.358,289115.5625
2013-02-27 00:00:00,139.354,140.107,138.145,140.003,225076.515625
2013-02-28 00:00:00,139.996,140.889,139.467,140.376,185698.015625
2013-03-01 00:00:00,140.375,140.915,139.112,140.646,175953.0
2013-03-02 00:00:00,140.646,140.646,140.646,140.646,0.0
2013-03-03 00:00:00,140.731,140.814,140.287,140.611,6883.509765625
2013-03-04 00:00:00,140.611,141.437,140.2,141.306,151285.59375
2013-03-05 00:00:00,141.304,141.439,140.576,141.194,155308.28125
2013-03-06 00:00:00,141.193,141.49,140.542,140.837,151416.984375
2013-03-07 00:00:00,140.837,142.999,140.589,142.586,181404.109375
2013-03-08 00:00:00,142.583,144.757,142.451,143.235,179742.96875
2013-03-09 00:00:00,143.235,143.235,143.235,143.235,0.0
2013-03-10 00:00:00,143.164,143.463,143.135,143.387,8408.8095703125
2013-03-11 00:00:00,143.384,144.131,142.811,144.028,135338.21875
2013-03-12 00:00:00,144.026,144.072,142.006,142.841,182945.234375
2013-03-13 00:00:00,142.84,143.815,142.637,143.298,174458.71875
2013-03-14 00:00:00,143.301,145.019,143.021,144.773,172233.796875
2013-03-15 00:00:00,144.773,145.868,143.799,143.997,175706.09375
2013-03-16 00:00:00,143.997,143.997,143.997,143.997,0.0
2013-03-17 00:00:00,142.6,143.606,142.256,143.309,25724.189453125
2013-03-18 00:00:00,143.311,144.344,142.353,143.942,183485.953125
2013-03-19 00:00:00,143.942,144.629,143.158,143.49,180969.9375
2013-03-20 00:00:00,143.49,145.257,143.227,144.801,196195.5625
2013-03-21 00:00:00,144.799,145.213,143.44,144.079,209171.453125
2013-03-22 00:00:00,144.079,144.539,143.02,143.857,174209.90625
2013-03-23 00:00:00,143.857,143.857,143.857,143.857,0.0
2013-03-24 00:00:00,143.722,144.776,143.721,144.548,14221.76953125
2013-03-25 00:00:00,144.548,144.758,141.887,142.577,186316.171875
2013-03-26 00:00:00,142.577,143.574,142.471,143.453,162951.34375
2013-03-27 00:00:00,143.456,143.805,142.042,142.667,161545.953125
2013-03-28 00:00:00,142.667,143.249,142.201,143.134,169994.421875
2013-03-29 00:00:00,143.132,143.271,142.564,143.26,89270.0390625
2013-03-30 00:00:00,143.26,143.26,143.26,143.26,0.0
2013-03-31 00:00:00,143.191,143.394,143.156,143.241,5765.56005859375
2013-04-01 00:00:00,143.237,143.329,141.689,141.841,111742.9375
2013-04-02 00:00:00,141.838,141.959,140.948,141.022,156640.90625
2013-04-03 00:00:00,141.023,141.528,140.46,140.567,152207.21875
2013-04-04 00:00:00,140.566,146.862,140.38,146.79,228266.96875
2013-04-05 00:00:00,146.79,150.04,145.951,149.631,234276.84375
2013-04-06 00:00:00,149.631,149.631,149.631,149.631,0.0
2013-04-07 00:00:00,150.334,151.693,150.276,151.619,19021.0
2013-04-08 00:00:00,151.628,152.069,150.617,151.604,205841.25
2013-04-09 00:00:00,151.607,152.38,150.555,151.637,199272.0625
2013-04-10 00:00:00,151.638,153.044,151.383,152.742,183014.890625
2013-04-11 00:00:00,152.743,153.859,152.291,153.368,191457.859375
2013-04-12 00:00:00,153.371,153.516,150.542,150.873,184450.84375
2013-04-13 00:00:00,150.873,150.873,150.873,150.873,0.0
2013-04-14 00:00:00,150.646,151.281,150.616,151.128,12736.26953125
2013-04-15 00:00:00,151.132,151.724,146.427,148.061,257547.59375
2013-04-16 00:00:00,148.058,150.287,147.65,149.91,236826.59375
2013-04-17 00:00:00,149.912,151.161,148.111,149.495,239368.6875
2013-04-18 00:00:00,149.492,150.477,148.725,150.099,220665.140625
2013-04-19 00:00:00,150.099,152.515,149.87,151.52,192464.671875
2013-04-20 00:00:00,151.52,151.52,151.52,151.52,0.0
2013-04-21 00:00:00,152.041,152.115,151.852,151.958,11299.080078125
2013-04-22 00:00:00,151.957,152.227,150.892,151.738,185675.828125
2013-04-23 00:00:00,151.738,152.018,149.966,151.736,208853.203125
2013-04-24 00:00:00,151.736,152.296,151.092,151.891,165764.171875
2013-04-25 00:00:00,151.891,153.767,151.417,153.296,192059.46875
2013-04-26 00:00:00,153.295,153.398,151.118,151.692,197617.5625
2013-04-27 00:00:00,151.692,151.692,151.692,151.692,0.0
2013-04-28 00:00:00,151.682,151.727,151.188,151.579,8621.5498046875
2013-04-29 00:00:00,151.572,152.207,151.043,151.61,155020.15625
2013-04-30 00:00:00,151.608,151.977,150.744,151.107,180658.625
2013-05-01 00:00:00,151.109,152.233,150.845,151.24,157958.375
2013-05-02 00:00:00,151.237,153.237,150.944,152.129,185226.015625
2013-05-03 00:00:00,152.13,154.676,152.066,154.131,158345.46875
2013-05-04 00:00:00,154.131,154.131,154.131,154.131,0.0
2013-05-05 00:00:00,154.352,154.411,154.231,154.357,6597.10009765625
2013-05-06 00:00:00,154.362,154.786,154.149,154.381,106088.703125
2013-05-07 00:00:00,154.38,154.402,152.732,152.881,161815.515625
2013-05-08 00:00:00,152.879,154.115,152.844,153.658,161512.71875
2013-05-09 00:00:00,153.66,155.804,153.262,155.699,195643.875
2013-05-10 00:00:00,155.699,156.677,155.606,156.031,222425.3125
2013-05-11 00:00:00,156.031,156.031,156.031,156.031,0.0
2013-05-12 00:00:00,156.422,156.755,156.19,156.411,13388.26953125
2013-05-13 00:00:00,156.412,156.696,155.562,155.621,181473.5625
2013-05-14 00:00:00,155.621,156.052,154.969,155.588,213410.125
2013-05-15 00:00:00,155.586,156.461,155.393,155.791,217264.4375
2013-05-16 00:00:00,155.79,156.5,155.356,156.018,210812.796875
2013-05-17 00:00:00,156.019,156.692,155.679,156.489,185626.59375
2013-05-18 00:00:00,156.489,156.489,156.489,156.489,0.0
2013-05-19 00:00:00,156.058,156.328,154.919,155.887,14702.919921875
2013-05-20 00:00:00,155.887,156.293,155.58,155.903,192542.78125
2013-05-21 00:00:00,155.901,156.541,155.127,155.281,206653.21875
2013-05-22 00:00:00,155.281,156.099,154.547,155.121,259460.984375
2013-05-23 00:00:00,155.122,155.584,151.789,154.57,317673.625
2013-05-24 00:00:00,154.573,154.749,152.245,153.278,256732.265625
2013-05-25 00:00:00,153.278,153.278,153.278,153.278,0.0
2013-05-26 00:00:00,152.926,153.252,152.748,152.948,14950.3203125
2013-05-27 00:00:00,152.948,153.15,152.345,152.764,150811.421875
2013-05-28 00:00:00,152.767,154.615,152.746,154.023,247652.28125
2013-05-29 00:00:00,154.023,154.033,152.231,152.725,265264.09375
2013-05-30 00:00:00,152.726,154.041,152.237,153.953,289978.75
2013-05-31 00:00:00,153.955,154.224,152.37,152.647,248780.484375
2013-06-01 00:00:00,152.647,152.647,152.647,152.647,0.0
2013-06-02 00:00:00,152.686,152.932,152.529,152.798,12225.0400390625
2013-06-03 00:00:00,152.8,153.243,151.933,152.802,247682.671875
2013-06-04 00:00:00,152.8,153.803,152.378,153.423,236798.484375
2013-06-05 00:00:00,153.424,153.742,152.258,152.458,271169.28125
2013-06-06 00:00:00,152.456,153.579,150.315,151.872,289250.125
2013-06-07 00:00:00,151.874,152.039,148.192,151.707,343687.03125
2013-06-08 00:00:00,151.707,151.707,151.707,151.707,0.0
2013-06-09 00:00:00,151.831,152.874,151.831,152.702,19561.33984375
2013-06-10 00:00:00,152.702,154.217,152.008,153.949,251618.109375
2013-06-11 00:00:00,153.952,153.992,149.363,150.563,350495.28125
2013-06-12 00:00:00,150.563,152.02,149.289,149.74,272110.28125
2013-06-13 00:00:00,149.738,150.562,147.095,150.097,320378.46875
2013-06-14 00:00:00,150.096,150.096,147.408,147.702,268850.40625
2013-06-15 00:00:00,147.702,147.702,147.702,147.702,0.0
2013-06-16 00:00:00,148.092,148.46,147.831,148.387,13648.6904296875
2013-06-17 00:00:00,148.387,149.446,148.198,148.622,204940.9375
2013-06-18 00:00:00,148.625,149.543,148.569,149.402,203523.375
2013-06-19 00:00:00,149.402,150.291,148.267,149.431,217860.875
2013-06-20 00:00:00,149.432,151.923,148.874,150.482,296648.84375
2013-06-21 00:00:00,150.481,151.919,149.745,150.888,258843.859375
2013-06-22 00:00:00,150.888,150.888,150.888,150.888,0.0
2013-06-23 00:00:00,150.507,151.581,150.506,151.382,17205.140625
2013-06-24 00:00:00,151.378,151.735,149.71,150.852,272340.0625
2013-06-25 00:00:00,150.85,151.46,149.667,151.248,237130.953125
2013-06-26 00:00:00,151.252,151.332,149.245,149.558,213613.59375
2013-06-27 00:00:00,149.558,150.603,149.342,150.264,195775.796875
2013-06-28 00:00:00,150.264,151.165,150.187,150.777,199733.453125
2013-06-29 00:00:00,150.777,150.777,150.777,150.777,0.0
2013-06-30 00:00:00,150.842,151.386,150.82,151.237,11062.66015625
2013-07-01 00:00:00,151.231,152.066,150.819,151.584,157862.09375
2013-07-02 00:00:00,151.58,152.769,151.25,152.648,174753.453125
2013-07-03 00:00:00,152.648,153.013,151.234,152.517,211510.40625
2013-07-04 00:00:00,152.51,152.681,150.29,150.759,170241.265625
2013-07-05 00:00:00,150.762,151.109,149.472,150.569,194330.96875
2013-07-06 00:00:00,150.569,150.569,150.569,150.569,0.0
2013-07-07 00:00:00,150.617,150.96,150.565,150.797,11031.91015625
2013-07-08 00:00:00,150.797,151.129,150.197,150.733,167445.875
2013-07-09 00:00:00,150.732,151.607,149.777,150.212,192832.65625
2013-07-10 00:00:00,150.208,150.347,148.777,149.762,248568.15625
2013-07-11 00:00:00,149.767,150.63,148.925,149.931,274441.84375
2013-07-12 00:00:00,149.932,150.662,149.42,149.856,176628.25
2013-07-13 00:00:00,149.856,149.856,149.856,149.856,0.0
2013-07-14 00:00:00,150.137,150.319,149.743,149.877,7035.60009765625
2013-07-15 00:00:00,149.877,151.257,149.67,150.859,349406.3125
2013-07-16 00:00:00,150.87,151.112,149.796,149.927,370980.9375
2013-07-17 00:00:00,149.934,152.035,149.915,151.431,368651.90625
2013-07-18 00:00:00,151.444,153.139,151.358,153.049,384347.59375
2013-07-19 00:00:00,153.062,153.652,152.166,153.57,360050.90625
2013-07-20 00:00:00,153.57,153.57,153.57,153.57,0.0
2013-07-21 00:00:00,153.376,153.594,152.924,153.409,34183.890625
2013-07-22 00:00:00,153.428,153.428,152.353,152.597,189398.96875
2013-07-23 00:00:00,152.603,153.67,152.325,152.968,187177.71875
2013-07-24 00:00:00,152.964,154.043,152.813,153.677,235238.21875
2013-07-25 00:00:00,153.679,153.823,152.255,152.653,217556.1875
2013-07-26 00:00:00,152.653,152.786,150.723,151.144,190803.34375
2013-07-27 00:00:00,151.144,151.144,151.144,151.144,0.0
2013-07-28 00:00:00,150.853,151.263,150.547,150.767,11919.08984375
2013-07-29 00:00:00,150.767,151.134,149.99,150.388,179307.140625
2013-07-30 00:00:00,150.398,150.917,149.188,149.384,185918.375
2013-07-31 00:00:00,149.384,149.434,148.289,148.464,218803.625
2013-08-01 00:00:00,148.474,150.684,148.25,150.3,194793.0625
2013-08-02 00:00:00,150.307,151.54,150.208,151.209,183348.3125
2013-08-03 00:00:00,151.209,151.209,151.209,151.209,0.0
2013-08-04 00:00:00,151.248,151.484,151.088,151.231,8095.7900390625
2013-08-05 00:00:00,151.225,151.494,150.324,150.86,171098.203125
2013-08-06 00:00:00,150.856,151.431,149.17,149.348,202457.234375
2013-08-07 00:00:00,149.35,150.698,147.6,149.645,223293.453125
2013-08-08 00:00:00,149.643,150.478,148.93,150.304,202145.96875
2013-08-09 00:00:00,150.302,150.648,149.077,149.093,150921.9375
2013-08-10 00:00:00,149.093,149.093,149.093,149.093,0.0
2013-08-11 00:00:00,149.218,149.513,148.844,149.018,7644.60009765625
2013-08-12 00:00:00,149.018,150.377,148.898,150.214,154047.6875
2013-08-13 00:00:00,150.215,152.092,150.134,151.594,183517.296875
2013-08-14 00:00:00,151.594,152.578,151.193,151.714,192448.953125
2013-08-15 00:00:00,151.718,153.231,151.488,151.809,222636.640625
2013-08-16 00:00:00,151.809,152.75,151.78,152.379,159217.125
2013-08-17 00:00:00,152.379,152.379,152.379,152.379,0.0
2013-08-18 00:00:00,152.331,152.699,152.225,152.599,7692.60986328125
2013-08-19 00:00:00,152.604,153.573,152.207,152.714,156315.796875
2013-08-20 00:00:00,152.714,153.111,151.735,152.431,175583.734375
2013-08-21 00:00:00,152.434,153.636,152.119,152.724,194488.125
2013-08-22 00:00:00,152.724,154.254,152.652,154.187,193672.390625
2013-08-23 00:00:00,154.189,154.662,153.415,153.629,162001.234375
2013-08-24 00:00:00,153.629,153.629,153.629,153.629,0.0
2013-08-25 00:00:00,153.435,153.885,153.375,153.8,7476.240234375
2013-08-26 00:00:00,153.8,153.969,153.015,153.136,115587.4921875
2013-08-27 00:00:00,153.136,153.204,150.495,150.599,176600.953125
2013-08-28 00:00:00,150.6,151.894,150.483,151.755,176267.9375
2013-08-29 00:00:00,151.754,152.659,151.504,152.428,163467.625
2013-08-30 00:00:00,152.429,152.656,151.675,152.035,146927.328125
2013-08-31 00:00:00,152.035,152.035,152.035,152.035,0.0
2013-09-01 00:00:00,152.889,152.889,152.408,152.667,8274.3603515625
2013-09-02 00:00:00,152.669,154.947,152.607,154.79,135642.046875
2013-09-03 00:00:00,154.79,155.428,154.43,154.918,167629.265625
2013-09-04 00:00:00,154.923,155.998,154.754,155.777,146238.6875
2013-09-05 00:00:00,155.778,156.425,155.494,156.074,168812.359375
2013-09-06 00:00:00,156.074,156.089,154.139,154.869,147174.296875
2013-09-07 00:00:00,154.869,154.869,154.869,154.869,0.0
2013-09-08 00:00:00,155.689,156.508,155.584,156.33,13818.669921875
2013-09-09 00:00:00,156.33,156.632,155.504,156.529,142260.59375
2013-09-10 00:00:00,156.523,158.043,156.177,157.771,149907.765625
2013-09-11 00:00:00,157.771,158.541,157.511,157.906,165301.15625
2013-09-12 00:00:00,157.906,158.066,156.694,157.346,163514.40625
2013-09-13 00:00:00,157.346,157.966,157.273,157.704,149311.25
2013-09-14 00:00:00,157.704,157.704,157.704,157.704,0.0
2013-09-15 00:00:00,157.195,157.925,156.956,157.773,16906.169921875
2013-09-16 00:00:00,157.773,157.933,157.32,157.576,119150.2265625
2013-09-17 00:00:00,157.574,158.157,157.48,157.679,131869.546875
2013-09-18 00:00:00,157.672,158.519,157.317,158.384,175854.09375
2013-09-19 00:00:00,158.384,159.981,158.178,159.381,189726.578125
2013-09-20 00:00:00,159.382,159.689,158.908,158.91,150308.5
2013-09-21 00:00:00,158.91,158.91,158.91,158.91,0.0
2013-09-22 00:00:00,158.829,159.044,158.643,159.029,6962.580078125
2013-09-23 00:00:00,159.029,159.032,158.202,158.369,138451.0625
2013-09-24 00:00:00,158.369,158.956,157.344,157.899,147139.609375
2013-09-25 00:00:00,157.899,158.826,157.375,158.217,144722.046875
2013-09-26 00:00:00,158.219,159.266,158.021,158.639,163935.46875
2013-09-27 00:00:00,158.639,159.076,158.255,158.5,132856.859375
2013-09-28 00:00:00,158.5,158.5,158.5,158.5,0.0
2013-09-29 00:00:00,157.648,158.236,157.626,158.118,14028.1796875
2013-09-30 00:00:00,158.116,159.42,157.39,159.236,157506.8125
2013-10-01 00:00:00,159.244,159.944,158.442,158.58,184803.921875
2013-10-02 00:00:00,158.583,158.714,157.495,158.059,170870.46875
2013-10-03 00:00:00,158.059,158.844,156.704,157.126,169637.046875
2013-10-04 00:00:00,157.125,157.363,155.722,156.014,144014.9375
2013-10-05 00:00:00,156.014,156.014,156.014,156.014,0.0
2013-10-06 00:00:00,155.764,156.05,155.731,156.027,8223.8701171875
2013-10-07 00:00:00,156.027,156.177,155.394,155.652,138887.703125
2013-10-08 00:00:00,155.652,156.663,155.485,156.219,169893.0
2013-10-09 00:00:00,156.218,156.556,154.72,155.564,180016.21875
2013-10-10 00:00:00,155.564,157.028,155.493,156.922,171570.5625
2013-10-11 00:00:00,156.922,157.517,156.664,157.2,135030.6875
2013-10-12 00:00:00,157.2,157.2,157.2,157.2,0.0
2013-10-13 00:00:00,157.049,157.079,156.667,156.979,7128.009765625
2013-10-14 00:00:00,156.981,157.708,156.83,157.524,99831.0234375
2013-10-15 00:00:00,157.519,157.584,156.752,157.549,168659.671875
2013-10-16 00:00:00,157.549,158.026,157.159,157.792,178582.796875
2013-10-17 00:00:00,157.792,158.454,157.072,158.262,213681.21875
2013-10-18 00:00:00,158.262,158.671,157.967,157.967,135702.265625
2013-10-19 00:00:00,157.967,157.967,157.967,157.967,0.0
2013-10-20 00:00:00,158.279,158.454,158.116,158.393,7075.72021484375
2013-10-21 00:00:00,158.394,158.76,158.199,158.409,125743.7734375
2013-10-22 00:00:00,158.409,159.526,158.296,159.284,141157.90625
2013-10-23 00:00:00,159.284,159.354,156.865,157.474,180372.953125
2013-10-24 00:00:00,157.473,158.2,157.053,157.753,167229.265625
2013-10-25 00:00:00,157.753,157.957,157.134,157.429,171998.328125
2013-10-26 00:00:00,157.429,157.429,157.429,157.429,0.0
2013-10-27 00:00:00,157.979,157.999,157.654,157.829,6946.06005859375
2013-10-28 00:00:00,157.833,158.3,157.558,157.559,130684.8671875
2013-10-29 00:00:00,157.559,157.632,156.748,157.572,190528.65625
2013-10-30 00:00:00,157.571,158.181,157.342,157.786,172736.1875
2013-10-31 00:00:00,157.784,157.957,157.283,157.746,189626.40625
2013-11-01 00:00:00,157.746,157.794,156.824,157.149,168425.84375
2013-11-02 00:00:00,157.149,157.149,157.149,157.149,0.0
2013-11-03 00:00:00,157.379,157.382,157.104,157.159,5022.4599609375
2013-11-04 00:00:00,157.164,157.678,157.099,157.528,116615.84375
2013-11-05 00:00:00,157.528,158.251,156.634,157.994,159399.125
2013-11-06 00:00:00,157.994,158.992,157.919,158.674,157237.15625
2013-11-07 00:00:00,158.672,159.274,157.302,157.92,203175.765625
2013-11-08 00:00:00,157.919,158.854,157.48,158.616,179742.796875
2013-11-09 00:00:00,158.616,158.616,158.616,158.616,0.0
2013-11-10 00:00:00,158.745,158.789,158.625,158.749,7415.2099609375
2013-11-11 00:00:00,158.749,158.822,158.344,158.509,125775.2109375
2013-11-12 00:00:00,158.509,159.23,158.029,158.208,192875.625
2013-11-13 00:00:00,158.208,159.413,157.984,159.217,177967.796875
2013-11-14 00:00:00,159.214,160.959,159.159,160.882,189414.21875
2013-11-15 00:00:00,160.882,161.646,160.699,161.411,141216.8125
2013-11-16 00:00:00,161.411,161.411,161.411,161.411,0.0
2013-11-17 00:00:00,161.651,161.753,161.541,161.689,4293.02001953125
2013-11-18 00:00:00,161.689,161.689,160.729,160.902,141653.765625
2013-11-19 00:00:00,160.899,161.716,160.408,161.627,172055.5625
2013-11-20 00:00:00,161.623,161.7,160.844,161.374,180480.9375
2013-11-21 00:00:00,161.374,164.068,161.241,163.884,195758.03125
2013-11-22 00:00:00,163.882,164.369,163.507,164.255,153137.8125
2013-11-23 00:00:00,164.255,164.255,164.255,164.255,0.0
2013-11-24 00:00:00,164.349,164.499,164.311,164.367,5854.60986328125
2013-11-25 00:00:00,164.367,165.28,163.821,163.936,157864.34375
2013-11-26 00:00:00,163.936,164.378,163.668,164.103,147219.84375
2013-11-27 00:00:00,164.104,166.57,164.095,166.414,160900.9375
2013-11-28 00:00:00,166.414,167.313,165.964,167.142,112692.84375
2013-11-29 00:00:00,167.142,167.89,166.849,167.564,145568.8125
2013-11-30 00:00:00,167.564,167.564,167.564,167.564,0.0
2013-12-01 00:00:00,167.776,167.983,167.711,167.853,5410.0
2013-12-02 00:00:00,167.852,168.794,167.763,168.372,158443.234375
2013-12-03 00:00:00,168.376,169.135,167.337,167.684,182459.984375
2013-12-04 00:00:00,167.688,168.389,166.874,167.684,207043.265625
2013-12-05 00:00:00,167.679,167.74,165.87,166.129,174236.296875
2013-12-06 00:00:00,166.129,168.254,166.084,168.189,150819.484375
2013-12-07 00:00:00,168.189,168.189,168.189,168.189,0.0
2013-12-08 00:00:00,168.384,168.724,168.239,168.385,8293.9404296875
2013-12-09 00:00:00,168.382,169.729,168.121,169.585,119178.9375
2013-12-10 00:00:00,169.585,170.059,168.676,169.18,132657.1875
2013-12-11 00:00:00,169.178,169.354,167.529,167.899,133803.625
2013-12-12 00:00:00,167.899,169.39,167.639,169.224,148308.546875
2013-12-13 00:00:00,169.229,169.816,167.707,168.135,145591.703125
2013-12-14 00:00:00,168.135,168.135,168.135,168.135,0.0
2013-12-15 00:00:00,168.305,168.399,168.012,168.304,3616.409912109375
2013-12-16 00:00:00,168.309,168.438,167.344,167.931,120628.65625
2013-12-17 00:00:00,167.931,168.171,166.58,167.039,112221.2734375
2013-12-18 00:00:00,167.041,171.186,167.041,170.734,166651.640625
2013-12-19 00:00:00,170.734,170.756,169.909,170.672,133022.46875
2013-12-20 00:00:00,170.679,171.056,169.77,169.959,133856.984375
2013-12-21 00:00:00,169.959,169.959,169.959,169.959,0.0
2013-12-22 00:00:00,169.874,169.944,169.796,169.869,2187.760009765625
2013-12-23 00:00:00,169.869,170.42,169.766,170.314,82432.890625
2013-12-24 00:00:00,170.314,170.864,170.132,170.615,65381.9609375
2013-12-25 00:00:00,170.615,171.003,170.464,170.909,9390.1396484375
2013-12-26 00:00:00,170.903,172.225,170.883,172.196,61286.98046875
2013-12-27 00:00:00,172.2,173.944,172.094,173.313,89064.4765625
2013-12-28 00:00:00,173.313,173.313,173.313,173.313,0.0
2013-12-29 00:00:00,173.347,173.786,173.324,173.54,3564.139892578125
2013-12-30 00:00:00,173.528,173.852,172.95,173.018,79569.3828125
2013-12-31 00:00:00,173.017,174.564,172.829,174.26,74337.6015625
2014-01-01 00:00:00,174.329,174.834,174.289,174.587,2645.2099609375
2014-01-02 00:00:00,174.587,174.834,171.834,172.454,148454.703125
2014-01-03 00:00:00,172.454,172.509,171.045,172.106,131059.7578125
2014-01-04 00:00:00,172.106,172.106,172.106,172.106,0.0
2014-01-05 00:00:00,171.924,172.229,171.876,172.167,3262.010009765625
2014-01-06 00:00:00,172.169,172.226,170.409,171.057,141214.390625
2014-01-07 00:00:00,171.059,171.74,170.83,171.724,126429.2265625
2014-01-08 00:00:00,171.719,172.839,171.5,172.405,141332.453125
2014-01-09 00:00:00,172.405,173.129,172.191,172.73,122427.1015625
2014-01-10 00:00:00,172.73,173.03,171.247,171.652,130185.7578125
2014-01-11 00:00:00,171.652,171.652,171.652,171.652,0.0
2014-01-12 00:00:00,171.409,171.657,171.364,171.436,4080.800048828125
2014-01-13 00:00:00,171.437,171.519,168.342,168.984,136648.15625
2014-01-14 00:00:00,168.984,171.439,168.827,171.214,146889.265625
2014-01-15 00:00:00,171.214,171.584,170.437,171.119,129137.65625
2014-01-16 00:00:00,171.119,171.787,170.194,170.483,128134.109375
2014-01-17 00:00:00,170.479,171.873,170.17,171.232,114867.7109375
2014-01-18 00:00:00,171.232,171.232,171.232,171.232,0.0
2014-01-19 00:00:00,171.093,171.25,171.082,171.146,4628.72021484375
2014-01-20 00:00:00,171.146,171.482,170.302,171.233,86121.046875
2014-01-21 00:00:00,171.234,172.369,171.206,171.694,125777.0078125
2014-01-22 00:00:00,171.699,173.371,171.319,173.315,139583.765625
2014-01-23 00:00:00,173.314,173.643,171.212,171.953,190318.703125
2014-01-24 00:00:00,171.95,172.317,168.546,168.546,204013.234375
2014-01-25 00:00:00,168.546,168.546,168.546,168.546,0.0
2014-01-26 00:00:00,168.724,168.724,167.732,168.387,11929.91015625
2014-01-27 00:00:00,168.389,170.536,168.331,170.15,200120.625
2014-01-28 00:00:00,170.149,171.369,169.939,171.04,162121.3125
2014-01-29 00:00:00,171.045,171.459,168.695,169.354,199926.4375
2014-01-30 00:00:00,169.349,169.779,168.169,169.465,183796.625
2014-01-31 00:00:00,169.47,169.741,167.574,167.644,183199.84375
2014-02-01 00:00:00,167.644,167.644,167.644,167.644,0.0
2014-02-02 00:00:00,167.473,168.046,167.409,168.045,5471.2900390625
2014-02-03 00:00:00,168.048,168.214,164.29,165.014,191025.484375
2014-02-04 00:00:00,165.014,166.154,163.876,166.056,175163.609375
2014-02-05 00:00:00,166.056,166.062,163.949,165.63,172793.453125
2014-02-06 00:00:00,165.633,166.826,165.049,166.531,155658.234375
2014-02-07 00:00:00,166.534,168.044,166.162,167.959,145494.484375
2014-02-08 00:00:00,167.959,167.959,167.959,167.959,0.0
2014-02-09 00:00:00,168.102,168.436,168.039,168.189,6061.0400390625
2014-02-10 00:00:00,168.186,168.234,167.2,167.554,113250.9765625
2014-02-11 00:00:00,167.551,169.086,167.504,168.632,132391.34375
2014-02-12 00:00:00,168.632,170.426,168.317,170.189,141371.15625
2014-02-13 00:00:00,170.184,170.38,169.236,170.184,145829.234375
2014-02-14 00:00:00,170.184,170.606,169.115,170.47,133610.984375
2014-02-15 00:00:00,170.47,170.47,170.47,170.47,0.0
2014-02-16 00:00:00,170.434,170.599,170.194,170.204,5733.47021484375
2014-02-17 00:00:00,170.202,171.069,169.899,170.664,105588.7265625
2014-02-18 00:00:00,170.659,171.884,170.217,170.679,156214.28125
2014-02-19 00:00:00,170.679,171.161,169.602,170.614,143630.796875
2014-02-20 00:00:00,170.614,170.79,169.225,170.479,174463.8125
2014-02-21 00:00:00,170.479,171.739,170.103,170.244,146918.15625
2014-02-22 00:00:00,170.244,170.244,170.244,170.244,0.0
2014-02-23 00:00:00,170.375,170.614,170.369,170.53,3260.219970703125
2014-02-24 00:00:00,170.53,170.855,169.856,170.725,135875.703125
2014-02-25 00:00:00,170.725,171.089,170.061,170.344,151000.5625
2014-02-26 00:00:00,170.344,170.944,169.954,170.499,153481.6875
2014-02-27 00:00:00,170.499,170.824,169.052,170.444,174566.671875
2014-02-28 00:00:00,170.444,171.204,169.38,170.353,178013.515625
2014-03-01 00:00:00,170.353,170.353,170.353,170.353,0.0
2014-03-02 00:00:00,169.584,170.084,169.394,169.576,12054.25
2014-03-03 00:00:00,169.578,169.982,168.826,169.004,143802.578125
2014-03-04 00:00:00,169.004,170.517,169.004,170.332,142242.453125
2014-03-05 00:00:00,170.329,171.392,170.147,171.076,134834.40625
2014-03-06 00:00:00,171.077,172.832,171.074,172.529,154648.703125
2014-03-07 00:00:00,172.529,173.584,172.041,172.589,124947.578125
2014-03-08 00:00:00,172.589,172.589,172.589,172.589,0.0
2014-03-09 00:00:00,172.339,172.761,172.274,172.612,6524.7998046875
2014-03-10 00:00:00,172.617,172.864,171.535,171.797,118170.71875
2014-03-11 00:00:00,171.795,172.121,170.755,170.94,119708.15625
2014-03-12 00:00:00,170.939,171.446,170.164,170.864,126431.2734375
2014-03-13 00:00:00,170.864,171.629,168.711,169.174,160364.609375
2014-03-14 00:00:00,169.168,169.275,167.938,168.684,150512.4375
2014-03-15 00:00:00,168.684,168.684,168.684,168.684,0.0
2014-03-16 00:00:00,168.494,168.832,168.414,168.668,7081.1201171875
2014-03-17 00:00:00,168.667,169.602,168.504,169.547,115132.65625
2014-03-18 00:00:00,169.547,169.599,167.775,168.393,132418.5625
2014-03-19 00:00:00,168.392,169.684,168.073,169.349,155387.65625
2014-03-20 00:00:00,169.345,169.716,168.711,169.041,143976.59375
2014-03-21 00:00:00,169.039,169.107,168.1,168.546,101136.8984375
2014-03-22 00:00:00,168.546,168.546,168.546,168.546,0.0
2014-03-23 00:00:00,168.097,168.706,168.097,168.667,7111.8798828125
2014-03-24 00:00:00,168.666,169.438,168.322,168.669,125801.890625
2014-03-25 00:00:00,168.669,169.276,168.379,169.122,139510.390625
2014-03-26 00:00:00,169.119,169.684,168.787,168.954,139362.953125
2014-03-27 00:00:00,168.95,170.325,168.635,169.659,150798.796875
2014-03-28 00:00:00,169.659,171.314,169.558,171.054,128989.03125
2014-03-29 00:00:00,171.054,171.054,171.054,171.054,0.0
2014-03-30 00:00:00,171.439,171.459,171.147,171.286,9502.6298828125
2014-03-31 00:00:00,171.286,172.116,170.989,171.995,143531.90625
2014-04-01 00:00:00,171.997,172.52,171.75,172.353,129646.9296875
2014-04-02 00:00:00,172.351,173.0,172.316,172.698,106709.8828125
2014-04-03 00:00:00,172.695,173.14,172.158,172.44,111336.7890625
2014-04-04 00:00:00,172.439,172.473,170.994,171.159,107140.671875
2014-04-05 00:00:00,171.159,171.159,171.159,171.159,0.0
2014-04-06 00:00:00,171.132,171.39,171.132,171.294,6063.43994140625
2014-04-07 00:00:00,171.29,171.599,170.674,171.179,112727.15625
2014-04-08 00:00:00,171.179,171.557,170.009,170.741,164134.03125
2014-04-09 00:00:00,170.741,171.576,170.482,171.563,131027.3203125
2014-04-10 00:00:00,171.561,171.626,170.016,170.101,156546.15625
2014-04-11 00:00:00,170.101,170.911,169.494,170.011,155306.84375
2014-04-12 00:00:00,170.011,170.011,170.011,170.011,0.0
2014-04-13 00:00:00,169.894,170.084,169.657,169.715,8679.509765625
2014-04-14 00:00:00,169.706,170.507,169.584,170.465,120474.0234375
2014-04-15 00:00:00,170.465,170.68,169.487,170.376,135487.265625
2014-04-16 00:00:00,170.376,172.1,170.363,171.745,124656.40625
2014-04-17 00:00:00,171.742,172.111,171.452,171.933,111421.6328125
2014-04-18 00:00:00,171.932,172.189,171.764,171.764,38415.30859375
2014-04-19 00:00:00,171.764,171.764,171.764,171.764,0.0
2014-04-20 00:00:00,171.98,172.332,171.928,172.138,7015.06005859375
2014-04-21 00:00:00,172.138,172.494,172.115,172.402,66342.5703125
2014-04-22 00:00:00,172.4,172.745,172.015,172.638,110759.3828125
2014-04-23 00:00:00,172.638,172.789,171.36,172.015,121643.390625
2014-04-24 00:00:00,172.009,172.19,171.478,171.96,118318.203125
2014-04-25 00:00:00,171.957,172.263,171.382,171.637,105012.53125
2014-04-26 00:00:00,171.637,171.637,171.637,171.637,0.0
2014-04-27 00:00:00,171.696,171.716,171.532,171.579,4931.85986328125
2014-04-28 00:00:00,171.577,172.573,171.259,172.326,110822.6328125
2014-04-29 00:00:00,172.325,172.909,172.266,172.562,104960.5
2014-04-30 00:00:00,172.562,172.679,171.938,172.5,136055.234375
2014-05-01 00:00:00,172.502,172.931,172.389,172.794,86334.578125
2014-05-02 00:00:00,172.792,173.459,172.364,172.376,117988.1484375
2014-05-03 00:00:00,172.376,172.376,172.376,172.376,0.0
2014-05-04 00:00:00,172.489,172.575,172.449,172.511,2874.330078125
2014-05-05 00:00:00,172.511,172.537,171.777,172.287,76027.1328125
2014-05-06 00:00:00,172.287,172.94,172.2,172.683,115359.203125
2014-05-07 00:00:00,172.683,172.981,172.147,172.713,125034.0234375
2014-05-08 00:00:00,172.713,172.849,171.865,172.03,143938.546875
2014-05-09 00:00:00,172.03,172.305,171.219,171.55,110895.296875
2014-05-10 00:00:00,171.55,171.55,171.55,171.55,0.0
2014-05-11 00:00:00,171.547,171.831,171.459,171.763,5637.2900390625
2014-05-12 00:00:00,171.762,172.506,171.692,172.411,92095.046875
2014-05-13 00:00:00,172.411,172.738,171.914,172.071,113742.6796875
2014-05-14 00:00:00,172.071,172.357,170.603,170.664,133665.125
2014-05-15 00:00:00,170.662,171.024,170.162,170.425,156980.109375
2014-05-16 00:00:00,170.425,171.008,170.226,170.642,115887.2109375
2014-05-17 00:00:00,170.642,170.642,170.642,170.642,0.0
2014-05-18 00:00:00,170.738,170.862,170.646,170.825,6373.68017578125
2014-05-19 00:00:00,170.824,170.964,170.02,170.61,136485.984375
2014-05-20 00:00:00,170.61,170.954,170.379,170.508,130234.8125
2014-05-21 00:00:00,170.508,171.486,169.809,171.388,152830.5
2014-05-22 00:00:00,171.385,171.86,171.219,171.658,133755.296875
2014-05-23 00:00:00,171.657,171.794,171.269,171.604,106703.6484375
2014-05-24 00:00:00,171.604,171.604,171.604,171.604,0.0
2014-05-25 00:00:00,171.594,171.719,171.474,171.649,5225.16015625
2014-05-26 00:00:00,171.654,171.799,171.476,171.659,72511.4375
2014-05-27 00:00:00,171.659,171.973,171.284,171.44,129102.40625
2014-05-28 00:00:00,171.434,171.484,169.894,170.005,139172.953125
2014-05-29 00:00:00,170.005,170.197,169.54,170.114,130407.15625
2014-05-30 00:00:00,170.114,170.709,169.789,170.473,121140.578125
2014-05-31 00:00:00,170.473,170.473,170.473,170.473,0.0
2014-06-01 00:00:00,170.747,170.814,170.449,170.715,6224.93994140625
2014-06-02 00:00:00,170.715,171.619,170.583,171.512,126746.703125
2014-06-03 00:00:00,171.514,171.819,171.274,171.685,125652.34375
2014-06-04 00:00:00,171.685,172.073,171.353,171.868,130625.4765625
2014-06-05 00:00:00,171.868,172.31,171.603,172.143,153710.59375
2014-06-06 00:00:00,172.143,172.507,171.827,172.127,124552.6875
2014-06-07 00:00:00,172.127,172.127,172.127,172.127,0.0
2014-06-08 00:00:00,172.259,172.538,172.142,172.488,5628.10009765625
2014-06-09 00:00:00,172.488,172.523,171.998,172.202,102120.09375
2014-06-10 00:00:00,172.203,172.236,171.34,171.343,136548.203125
2014-06-11 00:00:00,171.343,171.803,170.96,171.258,131765.5625
2014-06-12 00:00:00,171.263,172.494,171.033,172.457,148952.453125
2014-06-13 00:00:00,172.458,173.367,172.392,173.068,146664.140625
2014-06-14 00:00:00,173.068,173.068,173.068,173.068,0.0
2014-06-15 00:00:00,173.234,173.266,173.05,173.114,5043.52001953125
2014-06-16 00:00:00,173.118,173.148,172.727,172.968,114148.3125
2014-06-17 00:00:00,172.968,173.443,172.826,173.294,119480.203125
2014-06-18 00:00:00,173.295,173.782,172.802,173.223,131734.671875
2014-06-19 00:00:00,173.223,173.784,173.005,173.653,130538.78125
2014-06-20 00:00:00,173.647,174.089,173.542,173.628,94794.390625
2014-06-21 00:00:00,173.628,173.628,173.628,173.628,0.0
2014-06-22 00:00:00,173.654,173.797,173.652,173.759,3861.0400390625
2014-06-23 00:00:00,173.758,173.823,173.174,173.442,100422.5390625
2014-06-24 00:00:00,173.442,173.713,172.938,173.062,107786.5
2014-06-25 00:00:00,173.062,173.107,172.727,172.908,118375.2109375
2014-06-26 00:00:00,172.906,173.441,172.61,173.02,125947.2734375
2014-06-27 00:00:00,173.02,173.078,172.46,172.66,107487.25
2014-06-28 00:00:00,172.66,172.66,172.66,172.66,0.0
2014-06-29 00:00:00,172.698,172.838,172.618,172.793,4378.64013671875
2014-06-30 00:00:00,172.793,173.411,172.371,173.315,118893.0
2014-07-01 00:00:00,173.316,174.283,173.288,174.124,117823.671875
2014-07-02 00:00:00,174.124,174.799,174.002,174.752,105353.8828125
2014-07-03 00:00:00,174.753,175.363,174.5,175.293,118665.453125
2014-07-04 00:00:00,175.293,175.338,174.837,175.192,72180.5390625
2014-07-05 00:00:00,175.192,175.192,175.192,175.192,0.0
2014-07-06 00:00:00,175.201,175.254,175.114,175.162,6454.56982421875
2014-07-07 00:00:00,175.162,175.18,174.273,174.441,87748.1796875
2014-07-08 00:00:00,174.435,174.548,173.723,173.885,95652.5703125
2014-07-09 00:00:00,173.885,174.415,173.805,174.192,101347.140625
2014-07-10 00:00:00,174.193,174.306,172.959,173.518,114840.296875
2014-07-11 00:00:00,173.514,173.802,173.083,173.199,93413.2890625
2014-07-12 00:00:00,173.199,173.199,173.199,173.199,0.0
2014-07-13 00:00:00,173.577,173.61,173.433,173.55,4575.85986328125
2014-07-14 00:00:00,173.549,174.006,173.348,173.494,90787.2890625
2014-07-15 00:00:00,173.494,174.549,173.281,174.293,118352.2421875
2014-07-16 00:00:00,174.288,174.431,173.991,174.195,90760.203125
2014-07-17 00:00:00,174.192,174.218,172.747,173.015,115631.046875
2014-07-18 00:00:00,173.015,173.579,172.675,173.102,102728.9765625
2014-07-19 00:00:00,173.102,173.102,173.102,173.102,0.0
2014-07-20 00:00:00,173.126,173.258,173.072,173.198,3692.360107421875
2014-07-21 00:00:00,173.198,173.198,172.803,173.122,86120.15625
2014-07-22 00:00:00,173.123,173.473,172.974,173.163,105404.1796875
2014-07-23 00:00:00,173.163,173.327,172.604,172.983,103583.1015625
2014-07-24 00:00:00,172.983,173.058,172.631,172.898,117071.609375
2014-07-25 00:00:00,172.898,173.169,172.643,172.828,104708.0234375
2014-07-26 00:00:00,172.828,172.828,172.828,172.828,0.0
2014-07-27 00:00:00,172.803,172.852,172.757,172.784,5059.27978515625
2014-07-28 00:00:00,172.784,173.09,172.753,172.933,97671.2109375
2014-07-29 00:00:00,172.928,173.205,172.722,172.973,119766.8828125
2014-07-30 00:00:00,172.978,174.205,172.91,173.896,136451.90625
2014-07-31 00:00:00,173.896,173.994,173.4,173.593,127856.8828125
2014-08-01 00:00:00,173.593,173.845,172.382,172.548,142634.953125
2014-08-02 00:00:00,172.548,172.548,172.548,172.548,0.0
2014-08-03 00:00:00,172.61,172.647,172.441,172.573,4916.3798828125
2014-08-04 00:00:00,172.573,172.995,172.457,172.954,84889.890625
2014-08-05 00:00:00,172.964,173.503,172.771,173.143,110599.6015625
2014-08-06 00:00:00,173.147,173.173,171.562,172.139,128006.328125
2014-08-07 00:00:00,172.138,172.612,171.705,171.857,141248.734375
2014-08-08 00:00:00,171.858,171.865,170.702,171.112,152732.3125
2014-08-09 00:00:00,171.112,171.112,171.112,171.112,0.0
2014-08-10 00:00:00,171.437,171.437,171.222,171.375,6942.27001953125
2014-08-11 00:00:00,171.374,171.663,171.232,171.538,98789.09375
2014-08-12 00:00:00,171.538,171.963,171.382,171.888,108419.75
2014-08-13 00:00:00,171.888,172.589,170.857,170.91,125143.1015625
2014-08-14 00:00:00,170.91,171.224,170.657,171.04,113459.171875
2014-08-15 00:00:00,171.038,171.453,170.425,170.803,122802.90625
2014-08-16 00:00:00,170.803,170.803,170.803,170.803,0.0
2014-08-17 00:00:00,171.209,171.233,171.016,171.215,6241.2900390625
2014-08-18 00:00:00,171.211,171.678,171.028,171.614,90964.953125
2014-08-19 00:00:00,171.614,171.633,170.701,171.084,107234.0234375
2014-08-20 00:00:00,171.085,172.305,171.014,172.141,125040.2421875
2014-08-21 00:00:00,172.145,172.393,171.884,172.172,92159.296875
2014-08-22 00:00:00,172.173,172.623,171.618,172.164,109902.5234375
2014-08-23 00:00:00,172.164,172.164,172.164,172.164,0.0
2014-08-24 00:00:00,172.523,172.588,172.33,172.439,8725.3603515625
2014-08-25 00:00:00,172.438,172.685,172.302,172.432,93230.890625
2014-08-26 00:00:00,172.432,172.588,172.102,172.234,115675.640625
2014-08-27 00:00:00,172.234,172.533,172.066,172.172,117911.953125
2014-08-28 00:00:00,172.17,172.29,171.673,172.049,128077.0625
2014-08-29 00:00:00,172.049,172.815,171.948,172.728,112759.90625
2014-08-30 00:00:00,172.728,172.728,172.728,172.728,0.0
2014-08-31 00:00:00,172.832,172.899,172.731,172.812,6500.5
2014-09-01 00:00:00,172.815,173.412,172.761,173.369,93465.40625
2014-09-02 00:00:00,173.368,173.951,173.009,173.305,135294.75
2014-09-03 00:00:00,173.305,173.316,172.378,172.637,131749.21875
2014-09-04 00:00:00,172.638,172.77,171.657,172.027,147021.0
2014-09-05 00:00:00,172.026,172.109,170.93,171.542,136764.546875
2014-09-06 00:00:00,171.542,171.542,171.542,171.542,0.0
2014-09-07 00:00:00,169.722,170.663,169.722,170.534,11485.490234375
2014-09-08 00:00:00,170.533,171.101,169.342,170.779,164350.296875
2014-09-09 00:00:00,170.778,171.524,170.619,171.09,178288.09375
2014-09-10 00:00:00,171.09,173.312,171.078,173.055,197629.84375
2014-09-11 00:00:00,173.055,174.237,172.775,174.052,168720.90625
2014-09-12 00:00:00,174.053,174.649,173.693,174.547,137658.96875
2014-09-13 00:00:00,174.547,174.547,174.547,174.547,0.0
2014-09-14 00:00:00,174.495,174.598,174.416,174.499,4888.97998046875
2014-09-15 00:00:00,174.494,174.525,173.782,173.844,140468.375
2014-09-16 00:00:00,173.844,174.473,172.985,174.27,168054.0
2014-09-17 00:00:00,174.273,176.708,174.242,176.561,187781.15625
2014-09-18 00:00:00,176.564,178.978,176.213,178.703,191426.03125
2014-09-19 00:00:00,178.708,180.708,177.462,177.543,211481.0625
2014-09-20 00:00:00,177.543,177.543,177.543,177.543,0.0
2014-09-21 00:00:00,177.763,178.34,177.528,177.68,6489.580078125
2014-09-22 00:00:00,177.683,178.35,177.635,177.997,141669.53125
2014-09-23 00:00:00,177.999,178.739,176.639,177.959,172474.9375
2014-09-24 00:00:00,177.959,178.491,177.637,178.472,152913.765625
2014-09-25 00:00:00,178.48,178.489,177.136,177.389,186410.015625
2014-09-26 00:00:00,177.391,178.103,177.146,177.481,140504.015625
2014-09-27 00:00:00,177.481,177.481,177.481,177.481,0.0
2014-09-28 00:00:00,177.418,177.814,177.194,177.65,9177.16015625
2014-09-29 00:00:00,177.648,178.179,177.36,177.682,198982.8125
2014-09-30 00:00:00,177.682,178.109,177.361,177.806,171057.671875
2014-10-01 00:00:00,177.805,178.125,176.172,176.468,189755.234375
2014-10-02 00:00:00,176.462,176.626,174.313,175.322,219505.40625
2014-10-03 00:00:00,175.32,175.905,174.977,175.195,158867.265625
2014-10-04 00:00:00,175.195,175.195,175.195,175.195,0.0
2014-10-05 00:00:00,175.06,175.438,175.06,175.279,4858.10986328125
2014-10-06 00:00:00,175.276,175.322,174.464,174.995,140417.046875
2014-10-07 00:00:00,174.995,175.139,173.542,173.834,212569.09375
2014-10-08 00:00:00,173.835,174.96,173.436,174.793,198218.453125
2014-10-09 00:00:00,174.791,175.001,173.576,173.826,208000.65625
2014-10-10 00:00:00,173.826,173.994,172.734,173.008,160862.0625
2014-10-11 00:00:00,173.008,173.008,173.008,173.008,0.0
2014-10-12 00:00:00,172.867,172.91,172.455,172.727,12840.48046875
2014-10-13 00:00:00,172.727,173.015,171.721,171.976,158187.25
2014-10-14 00:00:00,171.976,172.476,169.922,170.517,193640.1875
2014-10-15 00:00:00,170.519,171.145,168.013,169.476,292721.28125
2014-10-16 00:00:00,169.475,171.534,168.458,171.312,286501.28125
2014-10-17 00:00:00,171.314,172.053,170.195,171.943,165823.109375
2014-10-18 00:00:00,171.943,171.943,171.943,171.943,0.0
2014-10-19 00:00:00,172.606,172.644,172.219,172.418,9572.33984375
2014-10-20 00:00:00,172.418,172.999,172.271,172.691,166168.453125
2014-10-21 00:00:00,172.692,172.74,171.793,172.42,184613.09375
2014-10-22 00:00:00,172.42,172.603,171.065,171.904,171762.25
2014-10-23 00:00:00,171.908,173.658,171.703,173.334,185593.234375
2014-10-24 00:00:00,173.334,174.011,172.97,173.98,162844.828125
2014-10-25 00:00:00,173.98,173.98,173.98,173.98,0.0
2014-10-26 00:00:00,174.195,174.272,174.032,174.063,6309.85986328125
2014-10-27 00:00:00,174.058,174.06,173.387,173.877,151076.515625
2014-10-28 00:00:00,173.877,174.74,173.687,174.518,153118.890625
2014-10-29 00:00:00,174.518,174.687,173.935,174.17,144151.59375
2014-10-30 00:00:00,174.17,175.161,173.986,174.74,186659.515625
2014-10-31 00:00:00,174.738,179.817,174.673,179.612,234810.21875
2014-11-01 00:00:00,179.612,179.612,179.612,179.612,0.0
2014-11-02 00:00:00,179.896,180.55,179.892,180.207,10847.900390625
2014-11-03 00:00:00,180.211,182.522,179.65,181.643,188333.1875
2014-11-04 00:00:00,181.643,182.016,181.116,181.672,198190.578125
2014-11-05 00:00:00,181.673,183.427,181.634,183.036,235777.734375
2014-11-06 00:00:00,183.036,184.319,181.865,182.451,266440.78125
2014-11-07 00:00:00,182.447,182.822,181.217,181.88,222034.296875
2014-11-08 00:00:00,181.88,181.88,181.88,181.88,0.0
2014-11-09 00:00:00,181.852,181.973,181.618,181.886,7493.75
2014-11-10 00:00:00,181.884,182.252,181.077,181.957,185479.34375
2014-11-11 00:00:00,181.957,184.66,181.763,184.319,212157.890625
2014-11-12 00:00:00,184.319,184.35,181.962,182.273,249325.828125
2014-11-13 00:00:00,182.278,182.783,181.541,181.809,187239.90625
2014-11-14 00:00:00,181.809,182.663,181.596,182.149,199934.90625
2014-11-15 00:00:00,182.149,182.149,182.149,182.149,0.0
2014-11-16 00:00:00,182.647,183.374,182.278,183.069,11668.7998046875
2014-11-17 00:00:00,183.075,183.083,181.091,182.388,219760.703125
2014-11-18 00:00:00,182.388,183.333,182.237,182.647,193114.90625
2014-11-19 00:00:00,182.647,185.448,182.52,185.135,201893.390625
2014-11-20 00:00:00,185.135,186.125,184.948,185.552,226574.0625
2014-11-21 00:00:00,185.552,185.573,183.973,184.49,220345.296875
2014-11-22 00:00:00,184.49,184.49,184.49,184.49,0.0
2014-11-23 00:00:00,184.338,184.592,184.207,184.269,8299.169921875
2014-11-24 00:00:00,184.269,186.071,184.052,185.945,158214.78125
2014-11-25 00:00:00,185.948,185.948,184.518,185.183,179459.15625
2014-11-26 00:00:00,185.186,186.107,184.77,185.705,152821.234375
2014-11-27 00:00:00,185.705,185.829,185.016,185.364,115646.71875
2014-11-28 00:00:00,185.364,185.917,185.227,185.685,129935.5234375
2014-11-29 00:00:00,185.685,185.685,185.685,185.685,0.0
2014-11-30 00:00:00,185.818,185.973,185.467,185.551,7801.64013671875
2014-12-01 00:00:00,185.549,186.333,185.039,186.158,204954.4375
2014-12-02 00:00:00,186.16,186.925,186.028,186.489,170567.859375
2014-12-03 00:00:00,186.489,188.188,186.275,188.078,173488.78125
2014-12-04 00:00:00,188.078,188.233,187.588,187.825,194030.40625
2014-12-05 00:00:00,187.821,189.71,187.288,189.292,182827.78125
2014-12-06 00:00:00,189.292,189.292,189.292,189.292,0.0
2014-12-07 00:00:00,189.322,189.683,189.215,189.285,7880.22998046875
2014-12-08 00:00:00,189.286,189.449,188.425,188.812,177032.875
2014-12-09 00:00:00,188.807,189.206,185.188,187.189,276291.96875
2014-12-10 00:00:00,187.191,187.823,184.961,185.209,257920.859375
2014-12-11 00:00:00,185.211,187.758,184.963,187.043,254198.109375
2014-12-12 00:00:00,187.046,187.358,185.593,186.642,210765.5625
2014-12-13 00:00:00,186.642,186.642,186.642,186.642,0.0
2014-12-14 00:00:00,186.596,186.608,185.303,185.789,14291.9501953125
2014-12-15 00:00:00,185.79,187.042,183.841,184.208,232184.90625
2014-12-16 00:00:00,184.207,185.089,181.603,183.599,304824.96875
2014-12-17 00:00:00,183.599,185.312,182.997,184.944,249232.34375
2014-12-18 00:00:00,184.944,186.725,184.42,186.351,206361.125
2014-12-19 00:00:00,186.351,187.239,186.037,186.708,158319.984375
2014-12-20 00:00:00,186.708,186.708,186.708,186.708,0.0
2014-12-21 00:00:00,186.753,186.828,186.616,186.774,4782.43994140625
2014-12-22 00:00:00,186.777,187.543,186.498,187.166,87193.1015625
2014-12-23 00:00:00,187.167,187.483,186.48,187.278,86613.453125
2014-12-24 00:00:00,187.278,187.45,186.616,187.218,81731.078125
2014-12-25 00:00:00,187.223,187.36,186.467,187.295,15163.599609375
2014-12-26 00:00:00,187.297,187.446,186.927,187.202,54995.3984375
2014-12-27 00:00:00,187.202,187.202,187.202,187.202,0.0
2014-12-28 00:00:00,187.312,187.408,187.146,187.278,4868.7900390625
2014-12-29 00:00:00,187.274,187.787,187.05,187.146,87400.7578125
2014-12-30 00:00:00,187.151,187.232,184.95,185.959,129155.828125
2014-12-31 00:00:00,185.955,186.997,185.7,186.633,98574.3828125
2015-01-01 00:00:00,186.56,186.841,186.496,186.768,6515.1298828125
2015-01-02 00:00:00,186.764,187.314,184.299,184.618,176762.0625
2015-01-03 00:00:00,184.618,184.618,184.618,184.618,0.0
2015-01-04 00:00:00,184.373,184.415,182.769,184.008,10100.490234375
2015-01-05 00:00:00,184.008,184.426,181.707,182.206,206171.890625
2015-01-06 00:00:00,182.206,182.333,179.091,179.586,253185.84375
2015-01-07 00:00:00,179.582,180.722,179.557,180.171,228633.859375
2015-01-08 00:00:00,180.173,180.933,179.984,180.712,177089.046875
2015-01-09 00:00:00,180.712,180.919,179.477,179.612,199427.453125
2015-01-10 00:00:00,179.612,179.612,179.612,179.612,0.0
2015-01-11 00:00:00,179.568,179.757,179.369,179.581,6032.18017578125
2015-01-12 00:00:00,179.588,180.544,179.019,179.521,214878.8125
2015-01-13 00:00:00,179.521,180.088,178.098,178.686,260704.5625
2015-01-14 00:00:00,178.693,178.928,176.862,178.892,312669.28125
2015-01-15 00:00:00,178.888,179.577,175.793,176.305,340745.25
2015-01-16 00:00:00,176.308,178.33,175.879,178.011,220958.90625
2015-01-17 00:00:00,178.011,178.011,178.011,178.011,0.0
2015-01-18 00:00:00,177.784,178.108,177.488,178.047,5812.52978515625
2015-01-19 00:00:00,178.047,178.362,176.982,177.654,148234.0625
2015-01-20 00:00:00,177.654,180.273,177.585,179.703,245291.546875
2015-01-21 00:00:00,179.705,179.813,177.058,178.459,273211.3125
2015-01-22 00:00:00,178.462,179.222,177.21,178.139,279746.90625
2015-01-23 00:00:00,178.138,178.168,176.148,176.522,263189.875
2015-01-24 00:00:00,176.522,176.522,176.522,176.522,0.0
2015-01-25 00:00:00,176.367,176.723,175.75,176.045,11844.5302734375
2015-01-26 00:00:00,176.045,178.971,176.002,178.789,233300.546875
2015-01-27 00:00:00,178.789,179.415,177.843,178.892,288474.59375
2015-01-28 00:00:00,178.886,179.368,177.64,178.017,256186.0625
2015-01-29 00:00:00,178.018,178.936,177.699,178.317,323593.21875
2015-01-30 00:00:00,178.317,178.331,176.124,177.229,266102.15625
2015-01-31 00:00:00,177.229,177.229,177.229,177.229,0.0
2015-02-01 00:00:00,176.471,176.872,176.424,176.774,11484.23046875
2015-02-02 00:00:00,176.774,177.726,176.111,176.696,258153.984375
2015-02-03 00:00:00,176.695,178.39,175.496,178.142,272899.46875
2015-02-04 00:00:00,178.138,179.285,177.591,178.037,280626.53125
2015-02-05 00:00:00,178.042,180.398,177.732,180.041,243105.65625
2015-02-06 00:00:00,180.045,181.797,179.545,181.541,254767.8125
2015-02-07 00:00:00,181.541,181.541,181.541,181.541,0.0
2015-02-08 00:00:00,181.212,181.428,181.127,181.28,13834.1796875
2015-02-09 00:00:00,181.28,181.618,180.157,180.42,278893.75
2015-02-10 00:00:00,180.42,182.274,180.256,182.12,290708.96875
2015-02-11 00:00:00,182.12,183.96,181.993,183.214,272338.78125
2015-02-12 00:00:00,183.213,184.17,181.082,183.026,365216.78125
2015-02-13 00:00:00,183.026,183.351,182.482,182.786,270133.53125
2015-02-14 00:00:00,182.786,182.786,182.786,182.786,0.0
2015-02-15 00:00:00,182.668,182.943,182.541,182.7,10926.990234375
2015-02-16 00:00:00,182.702,183.21,181.517,181.903,143085.640625
2015-02-17 00:00:00,181.902,183.388,181.576,183.012,197214.3125
2015-02-18 00:00:00,183.013,184.202,182.593,183.229,233002.0625
2015-02-19 00:00:00,183.229,184.03,183.014,183.453,220793.875
2015-02-20 00:00:00,183.453,183.663,181.661,183.219,268536.84375
2015-02-21 00:00:00,183.219,183.219,183.219,183.219,0.0
2015-02-22 00:00:00,183.302,183.341,183.155,183.224,9865.41015625
2015-02-23 00:00:00,183.229,184.012,182.605,183.728,206957.3125
2015-02-24 00:00:00,183.728,184.843,183.535,183.719,233806.65625
2015-02-25 00:00:00,183.718,184.669,183.531,184.505,197058.96875
2015-02-26 00:00:00,184.495,185.025,183.593,184.017,206151.59375
2015-02-27 00:00:00,184.017,185.007,183.545,184.563,193969.3125
2015-02-28 00:00:00,184.563,184.563,184.563,184.563,0.0
2015-03-01 00:00:00,184.603,184.704,184.49,184.599,8801.01953125
2015-03-02 00:00:00,184.597,184.921,184.165,184.62,153473.5
2015-03-03 00:00:00,184.621,184.621,183.653,183.837,169290.421875
2015-03-04 00:00:00,183.837,183.989,182.526,182.596,159399.71875
2015-03-05 00:00:00,182.596,183.71,182.389,183.047,164233.4375
2015-03-06 00:00:00,183.047,183.127,181.465,181.664,167107.625
2015-03-07 00:00:00,181.664,181.664,181.664,181.664,0.0
2015-03-08 00:00:00,181.718,181.903,181.513,181.809,12897.2802734375
2015-03-09 00:00:00,181.809,183.597,181.646,183.431,159527.0625
2015-03-10 00:00:00,183.431,183.912,182.203,182.511,233799.640625
2015-03-11 00:00:00,182.511,183.141,180.779,181.308,249981.8125
2015-03-12 00:00:00,181.307,181.789,180.199,180.662,231662.9375
2015-03-13 00:00:00,180.662,180.751,178.227,178.923,176717.75
2015-03-14 00:00:00,178.923,178.923,178.923,178.923,0.0
2015-03-15 00:00:00,179.0,179.115,178.798,178.987,7351.0400390625
2015-03-16 00:00:00,178.983,180.193,178.908,179.928,149377.1875
2015-03-17 00:00:00,179.931,180.134,178.543,178.915,148799.75
2015-03-18 00:00:00,178.908,181.01,177.152,179.625,192937.78125
2015-03-19 00:00:00,179.624,179.91,177.719,178.219,240467.921875
2015-03-20 00:00:00,178.217,180.089,177.937,179.502,173082.46875
2015-03-21 00:00:00,179.502,179.502,179.502,179.502,0.0
2015-03-22 00:00:00,179.422,179.676,179.324,179.329,10483.7197265625
2015-03-23 00:00:00,179.329,179.371,178.15,179.036,199965.46875
2015-03-24 00:00:00,179.035,179.213,177.508,177.683,206570.6875
2015-03-25 00:00:00,177.684,178.376,177.543,177.795,170415.375
2015-03-26 00:00:00,177.795,177.866,176.48,177.067,227627.484375
2015-03-27 00:00:00,177.069,177.93,176.702,177.165,198511.8125
2015-03-28 00:00:00,177.165,177.165,177.165,177.165,0.0
2015-03-29 00:00:00,177.462,177.752,177.278,177.474,10169.900390625
2015-03-30 00:00:00,177.472,178.2,176.677,177.725,220809.71875
2015-03-31 00:00:00,177.728,178.316,177.106,177.918,196899.6875
2015-04-01 00:00:00,177.909,178.431,176.783,177.389,207544.34375
2015-04-02 00:00:00,177.388,177.953,176.772,177.474,184382.0625
2015-04-03 00:00:00,177.472,177.874,177.106,177.309,90467.7421875
2015-04-04 00:00:00,177.309,177.309,177.309,177.309,0.0
2015-04-05 00:00:00,177.207,177.493,177.176,177.334,6682.080078125
2015-04-06 00:00:00,177.334,178.285,177.247,177.9,103564.71875
2015-04-07 00:00:00,177.9,179.184,177.802,178.27,174858.375
2015-04-08 00:00:00,178.27,179.291,177.632,178.659,184138.40625
2015-04-09 00:00:00,178.659,179.087,177.107,177.401,169443.546875
2015-04-10 00:00:00,177.407,177.53,175.676,175.833,148972.984375
2015-04-11 00:00:00,175.833,175.833,175.833,175.833,0.0
2015-04-12 00:00:00,175.9,176.066,175.835,175.927,4957.330078125
2015-04-13 00:00:00,175.925,176.529,175.305,176.082,166025.6875
2015-04-14 00:00:00,176.086,176.615,174.875,176.448,175053.34375
2015-04-15 00:00:00,176.448,176.955,175.695,176.672,170875.765625
2015-04-16 00:00:00,176.674,178.034,176.602,177.704,178309.0625
2015-04-17 00:00:00,177.707,178.745,177.44,177.922,182777.15625
2015-04-18 00:00:00,177.922,177.922,177.922,177.922,0.0
2015-04-19 00:00:00,177.973,178.077,177.806,177.834,8156.1298828125
2015-04-20 00:00:00,177.836,178.205,177.184,177.743,163781.6875
2015-04-21 00:00:00,177.745,178.897,177.483,178.649,165727.546875
2015-04-22 00:00:00,178.649,180.46,178.461,180.36,189448.03125
2015-04-23 00:00:00,180.36,180.447,179.309,179.956,199207.03125
2015-04-24 00:00:00,179.958,181.015,179.656,180.677,196199.4375
2015-04-25 00:00:00,180.677,180.677,180.677,180.677,0.0
2015-04-26 00:00:00,180.398,180.513,180.345,180.444,6789.33984375
2015-04-27 00:00:00,180.444,181.582,180.301,181.35,175499.328125
2015-04-28 00:00:00,181.349,182.395,180.692,182.181,184854.859375
2015-04-29 00:00:00,182.177,184.116,182.116,183.533,240269.34375
2015-04-30 00:00:00,183.533,184.149,182.583,183.437,241413.640625
2015-05-01 00:00:00,183.436,184.47,181.778,181.909,152492.21875
2015-05-02 00:00:00,181.909,181.909,181.909,181.909,0.0
2015-05-03 00:00:00,182.05,182.297,181.878,182.04,7811.509765625
2015-05-04 00:00:00,182.037,182.129,181.402,181.62,130045.8828125
2015-05-05 00:00:00,181.614,182.787,181.451,181.932,193166.859375
2015-05-06 00:00:00,181.932,182.531,181.442,181.963,224956.109375
2015-05-07 00:00:00,181.963,184.883,180.951,184.304,250612.09375
2015-05-08 00:00:00,184.304,186.035,184.139,185.011,256612.265625
2015-05-09 00:00:00,185.011,185.011,185.011,185.011,0.0
2015-05-10 00:00:00,184.857,185.122,184.822,184.949,8343.6904296875
2015-05-11 00:00:00,184.942,187.394,184.573,187.114,206426.265625
2015-05-12 00:00:00,187.117,188.37,186.728,187.785,218959.5625
2015-05-13 00:00:00,187.789,188.6,187.023,187.552,238112.046875
2015-05-14 00:00:00,187.552,188.526,187.358,188.013,259501.40625
2015-05-15 00:00:00,188.015,188.613,187.542,187.666,244244.3125
2015-05-16 00:00:00,187.666,187.666,187.666,187.666,0.0
2015-05-17 00:00:00,187.771,188.007,187.605,187.836,5918.18994140625
2015-05-18 00:00:00,187.838,188.271,187.301,187.812,217700.203125
2015-05-19 00:00:00,187.812,187.966,185.959,187.143,257469.5625
2015-05-20 00:00:00,187.143,188.613,187.121,188.372,262342.125
2015-05-21 00:00:00,188.373,190.011,187.949,189.533,199687.203125
2015-05-22 00:00:00,189.536,189.657,187.938,188.083,165523.453125
2015-05-23 00:00:00,188.083,188.083,188.083,188.083,0.0
2015-05-24 00:00:00,187.944,188.199,187.913,188.079,6406.8701171875
2015-05-25 00:00:00,188.083,188.601,187.798,188.189,90176.578125
2015-05-26 00:00:00,188.189,189.665,187.884,189.329,173133.234375
2015-05-27 00:00:00,189.327,190.346,189.238,189.907,176751.34375
2015-05-28 00:00:00,189.907,190.705,189.278,189.675,176499.453125
2015-05-29 00:00:00,189.672,190.002,188.696,189.798,175394.890625
2015-05-30 00:00:00,189.798,189.798,189.798,189.798,0.0
2015-05-31 00:00:00,189.724,189.922,189.553,189.916,7353.52001953125
2015-06-01 00:00:00,189.92,189.989,188.541,189.745,203076.265625
2015-06-02 00:00:00,189.751,190.531,189.124,190.243,218546.53125
2015-06-03 00:00:00,190.243,190.802,189.555,190.512,196890.5625
2015-06-04 00:00:00,190.514,191.688,189.828,191.048,193520.140625
2015-06-05 00:00:00,191.053,191.955,190.426,191.728,163464.265625
2015-06-06 00:00:00,191.728,191.728,191.728,191.728,0.0
2015-06-07 00:00:00,191.593,191.861,191.593,191.728,6539.31005859375
2015-06-08 00:00:00,191.728,191.771,190.683,191.126,175319.40625
2015-06-09 00:00:00,191.123,191.415,189.53,191.335,177969.828125
2015-06-10 00:00:00,191.335,191.613,188.971,190.481,240629.375
2015-06-11 00:00:00,190.484,191.944,190.38,191.761,188221.0625
2015-06-12 00:00:00,191.764,192.208,191.237,191.952,167142.796875
2015-06-13 00:00:00,191.952,191.952,191.952,191.952,0.0
2015-06-14 00:00:00,191.517,191.975,191.418,191.911,5718.8798828125
2015-06-15 00:00:00,191.912,192.632,191.412,192.507,164509.46875
2015-06-16 00:00:00,192.507,193.152,192.067,193.065,159181.515625
2015-06-17 00:00:00,193.065,195.843,192.956,195.828,181342.53125
2015-06-18 00:00:00,195.827,195.827,194.347,195.302,200368.421875
2015-06-19 00:00:00,195.302,195.498,194.604,194.711,146644.453125
2015-06-20 00:00:00,194.711,194.711,194.711,194.711,0.0
2015-06-21 00:00:00,195.137,195.21,194.824,194.868,8718.23046875
2015-06-22 00:00:00,194.866,195.572,194.617,195.323,150166.71875
2015-06-23 00:00:00,195.323,195.497,194.586,194.945,160541.046875
2015-06-24 00:00:00,194.941,195.883,194.252,194.514,151241.15625
2015-06-25 00:00:00,194.512,194.769,193.478,194.602,151635.765625
2015-06-26 00:00:00,194.602,195.256,193.933,195.027,132719.96875
2015-06-27 00:00:00,195.027,195.027,195.027,195.027,0.0
2015-06-28 00:00:00,192.638,192.853,191.337,192.328,22078.580078125
2015-06-29 00:00:00,192.328,193.525,192.128,192.913,187052.0625
2015-06-30 00:00:00,192.913,193.015,191.706,191.998,191222.984375
2015-07-01 00:00:00,191.967,192.962,191.929,192.431,177444.875
2015-07-02 00:00:00,192.431,192.937,191.925,192.088,156554.4375
2015-07-03 00:00:00,192.085,192.498,190.816,191.1,122424.5625
2015-07-04 00:00:00,191.1,191.1,191.1,191.1,0.0
2015-07-05 00:00:00,189.517,190.613,189.427,190.365,12590.8798828125
2015-07-06 00:00:00,190.361,191.652,190.09,191.334,180754.15625
2015-07-07 00:00:00,191.334,191.551,188.237,189.449,193664.1875
2015-07-08 00:00:00,189.452,189.46,184.993,185.754,219532.046875
2015-07-09 00:00:00,185.755,187.363,185.245,187.068,187166.125
2015-07-10 00:00:00,187.062,190.768,186.748,190.327,169321.796875
2015-07-11 00:00:00,190.327,190.327,190.327,190.327,0.0
2015-07-12 00:00:00,189.388,190.343,189.373,190.034,8031.68994140625
2015-07-13 00:00:00,190.028,192.326,189.77,191.32,181575.921875
2015-07-14 00:00:00,191.326,192.946,190.563,192.826,165081.3125
2015-07-15 00:00:00,192.826,193.852,192.669,193.621,171586.375
2015-07-16 00:00:00,193.623,193.94,193.04,193.835,170641.0625
2015-07-17 00:00:00,193.835,194.373,192.894,193.584,119233.6796875
2015-07-18 00:00:00,193.584,193.584,193.584,193.584,0.0
2015-07-19 00:00:00,193.362,193.753,193.355,193.701,3878.52001953125
2015-07-20 00:00:00,193.701,193.943,193.045,193.519,122925.515625
2015-07-21 00:00:00,193.519,193.865,192.521,192.665,147352.984375
2015-07-22 00:00:00,192.664,193.976,192.303,193.702,153708.1875
2015-07-23 00:00:00,193.702,193.919,191.937,192.24,143966.015625
2015-07-24 00:00:00,192.239,192.461,191.649,191.939,113255.4375
2015-07-25 00:00:00,191.939,191.939,191.939,191.939,0.0
2015-07-26 00:00:00,191.911,192.195,191.785,192.099,6003.9501953125
2015-07-27 00:00:00,192.098,192.193,191.013,191.838,164130.640625
2015-07-28 00:00:00,191.838,193.228,191.448,192.868,166357.140625
2015-07-29 00:00:00,192.868,194.167,192.565,193.332,150554.234375
2015-07-30 00:00:00,193.332,194.585,193.317,193.596,151625.53125
2015-07-31 00:00:00,193.597,193.998,193.165,193.465,146583.890625
2015-08-01 00:00:00,193.465,193.465,193.465,193.465,0.0
2015-08-02 00:00:00,193.643,193.972,193.518,193.773,6743.81982421875
2015-08-03 00:00:00,193.773,194.238,193.044,193.219,129325.5078125
2015-08-04 00:00:00,193.218,193.824,193.047,193.462,162172.0625
2015-08-05 00:00:00,193.462,195.219,193.2,194.691,173840.3125
2015-08-06 00:00:00,194.691,195.255,193.126,193.512,148130.984375
2015-08-07 00:00:00,193.513,193.777,191.98,192.406,138501.0625
2015-08-08 00:00:00,192.406,192.406,192.406,192.406,0.0
2015-08-09 00:00:00,192.325,192.625,192.314,192.547,5747.77978515625
2015-08-10 00:00:00,192.548,194.455,192.498,194.226,133307.4375
2015-08-11 00:00:00,194.228,194.989,193.982,194.927,159349.15625
2015-08-12 00:00:00,194.93,195.022,193.452,194.025,174908.703125
2015-08-13 00:00:00,194.02,194.73,193.671,194.216,172178.203125
2015-08-14 00:00:00,194.214,194.561,193.85,194.395,146379.65625
2015-08-15 00:00:00,194.395,194.395,194.395,194.395,0.0
2015-08-16 00:00:00,194.42,194.614,194.378,194.599,7655.14013671875
2015-08-17 00:00:00,194.597,195.161,193.775,193.889,142368.484375
2015-08-18 00:00:00,193.891,195.271,193.534,194.82,145094.234375
2015-08-19 00:00:00,194.819,195.035,194.021,194.344,167159.203125
2015-08-20 00:00:00,194.343,194.542,193.29,193.665,169946.15625
2015-08-21 00:00:00,193.666,193.747,191.329,191.473,187706.3125
2015-08-22 00:00:00,191.473,191.473,191.473,191.473,0.0
2015-08-23 00:00:00,191.058,191.41,189.998,190.805,17380.259765625
2015-08-24 00:00:00,190.803,191.083,183.262,187.356,270046.8125
2015-08-25 00:00:00,187.354,189.992,185.907,186.096,259644.125
2015-08-26 00:00:00,186.096,188.088,184.157,185.824,283905.5625
2015-08-27 00:00:00,185.822,186.832,185.444,186.486,246865.296875
2015-08-28 00:00:00,186.488,187.365,185.375,187.295,195196.90625
2015-08-29 00:00:00,187.295,187.295,187.295,187.295,0.0
2015-08-30 00:00:00,187.352,187.394,186.766,186.972,12898.2197265625
2015-08-31 00:00:00,186.972,187.158,185.85,186.041,163489.84375
2015-09-01 00:00:00,186.041,186.211,182.487,183.185,210025.109375
2015-09-02 00:00:00,183.185,184.682,182.802,184.608,213939.796875
2015-09-03 00:00:00,184.606,184.712,182.68,183.268,175027.453125
2015-09-04 00:00:00,183.272,183.278,180.456,180.456,180007.765625
2015-09-05 00:00:00,180.456,180.456,180.456,180.456,0.0
2015-09-06 00:00:00,180.462,181.142,180.388,181.048,11105.490234375
2015-09-07 00:00:00,181.048,182.52,180.422,182.417,179204.734375
2015-09-08 00:00:00,182.416,184.959,181.81,184.901,210821.578125
2015-09-09 00:00:00,184.9,186.425,184.554,184.655,230268.9375
2015-09-10 00:00:00,184.658,187.325,184.241,186.299,245019.46875
2015-09-11 00:00:00,186.299,186.868,185.697,186.003,162513.296875
2015-09-12 00:00:00,186.003,186.003,186.003,186.003,0.0
2015-09-13 00:00:00,185.889,186.635,185.86,186.579,8836.7900390625
2015-09-14 00:00:00,186.578,186.626,184.608,185.666,185556.21875
2015-09-15 00:00:00,185.666,186.096,184.215,184.76,195687.78125
2015-09-16 00:00:00,184.757,187.191,184.235,186.98,179387.90625
2015-09-17 00:00:00,186.981,188.267,186.704,186.927,202955.8125
2015-09-18 00:00:00,186.936,187.373,185.937,186.213,212009.125
2015-09-19 00:00:00,186.213,186.213,186.213,186.213,0.0
2015-09-20 00:00:00,186.441,186.508,186.145,186.336,8720.2998046875
2015-09-21 00:00:00,186.338,187.328,186.013,186.853,171581.453125
2015-09-22 00:00:00,186.855,186.934,184.1,184.35,181612.453125
2015-09-23 00:00:00,184.351,184.656,182.918,183.318,196183.296875
2015-09-24 00:00:00,183.319,183.554,181.614,183.161,223536.796875
2015-09-25 00:00:00,183.161,184.423,182.654,182.98,200915.875
2015-09-26 00:00:00,182.98,182.98,182.98,182.98,0.0
2015-09-27 00:00:00,182.923,183.302,182.839,183.014,6966.990234375
2015-09-28 00:00:00,183.011,183.303,181.637,181.667,198141.40625
2015-09-29 00:00:00,181.671,182.519,180.951,181.661,229171.34375
2015-09-30 00:00:00,181.663,183.042,180.847,181.258,198862.046875
2015-10-01 00:00:00,181.259,182.028,181.082,181.383,196175.375
2015-10-02 00:00:00,181.382,182.578,180.658,181.973,196549.390625
2015-10-03 00:00:00,181.973,181.973,181.973,181.973,0.0
2015-10-04 00:00:00,182.248,182.359,181.868,182.276,10755.8896484375
2015-10-05 00:00:00,182.276,183.198,182.197,182.549,177314.46875
2015-10-06 00:00:00,182.549,183.272,181.975,183.092,156919.828125
2015-10-07 00:00:00,183.091,184.048,182.498,183.672,210214.515625
2015-10-08 00:00:00,183.67,184.272,183.009,184.091,195486.109375
2015-10-09 00:00:00,184.091,184.849,183.933,184.15,169113.484375
2015-10-10 00:00:00,184.15,184.15,184.15,184.15,0.0
2015-10-11 00:00:00,183.924,184.268,183.924,184.13,11224.5
2015-10-12 00:00:00,184.131,184.688,183.94,184.096,118574.0625
2015-10-13 00:00:00,184.096,184.35,181.835,182.655,166732.484375
2015-10-14 00:00:00,182.652,184.333,182.337,183.941,193495.1875
2015-10-15 00:00:00,183.939,184.363,182.748,184.207,202032.0625
2015-10-16 00:00:00,184.212,184.726,183.636,184.419,145444.234375
2015-10-17 00:00:00,184.419,184.419,184.419,184.419,0.0
2015-10-18 00:00:00,184.373,184.433,184.115,184.121,7543.919921875
2015-10-19 00:00:00,184.125,185.096,183.837,184.876,142545.109375
2015-10-20 00:00:00,184.877,185.589,184.715,185.023,140883.625
2015-10-21 00:00:00,185.027,185.567,184.729,184.825,151206.546875
2015-10-22 00:00:00,184.824,186.043,184.495,185.966,179027.8125
2015-10-23 00:00:00,185.969,186.271,185.248,185.942,160162.9375
2015-10-24 00:00:00,185.942,185.942,185.942,185.942,0.0
2015-10-25 00:00:00,186.028,186.088,185.752,185.782,11440.990234375
2015-10-26 00:00:00,185.779,186.011,185.171,185.715,141109.796875
2015-10-27 00:00:00,185.714,185.744,183.933,184.463,141783.9375
2015-10-28 00:00:00,184.467,185.035,183.896,184.567,149921.203125
2015-10-29 00:00:00,184.563,185.547,184.088,185.428,178339.0625
2015-10-30 00:00:00,185.432,186.725,184.313,186.048,202678.015625
2015-10-31 00:00:00,186.048,186.048,186.048,186.048,0.0
2015-11-01 00:00:00,185.968,186.188,185.783,186.04,8952.0400390625
2015-11-02 00:00:00,186.04,186.969,185.557,186.286,140911.40625
2015-11-03 00:00:00,186.296,186.887,185.874,186.688,135977.484375
2015-11-04 00:00:00,186.688,187.315,186.478,186.987,164536.265625
2015-11-05 00:00:00,186.987,187.682,184.962,185.076,169338.953125
2015-11-06 00:00:00,185.079,185.817,184.191,185.387,175702.578125
2015-11-07 00:00:00,185.387,185.387,185.387,185.387,0.0
2015-11-08 00:00:00,185.553,185.611,185.419,185.437,7626.52001953125
2015-11-09 00:00:00,185.434,186.605,185.375,186.039,154966.734375
2015-11-10 00:00:00,186.039,186.512,185.888,186.299,157156.703125
2015-11-11 00:00:00,186.299,187.045,185.948,186.848,155531.046875
2015-11-12 00:00:00,186.848,187.508,186.548,186.717,168941.109375
2015-11-13 00:00:00,186.715,187.031,186.407,186.775,150532.15625
2015-11-14 00:00:00,186.775,186.775,186.775,186.775,0.0
2015-11-15 00:00:00,186.148,186.423,185.993,186.112,11059.919921875
2015-11-16 00:00:00,186.113,187.48,186.107,187.363,166337.703125
2015-11-17 00:00:00,187.358,187.985,186.857,187.826,162673.75
2015-11-18 00:00:00,187.826,188.379,187.283,188.214,140807.6875
2015-11-19 00:00:00,188.215,188.802,187.634,187.867,165442.71875
2015-11-20 00:00:00,187.867,188.086,186.463,186.508,142472.109375
2015-11-21 00:00:00,186.508,186.508,186.508,186.508,0.0
2015-11-22 00:00:00,186.587,186.776,186.547,186.704,7525.3701171875
2015-11-23 00:00:00,186.704,186.973,185.648,185.958,144018.796875
2015-11-24 00:00:00,185.958,186.002,184.33,184.744,149518.21875
2015-11-25 00:00:00,184.742,185.797,184.501,185.523,145780.9375
2015-11-26 00:00:00,185.522,185.58,184.657,185.191,127342.4921875
2015-11-27 00:00:00,185.193,185.318,184.245,184.441,138876.421875
2015-11-28 00:00:00,184.441,184.441,184.441,184.441,0.0
2015-11-29 00:00:00,184.639,184.767,184.515,184.699,8750.150390625
2015-11-30 00:00:00,184.701,185.661,184.35,185.512,141675.109375
2015-12-01 00:00:00,185.507,186.021,184.948,185.299,160642.109375
2015-12-02 00:00:00,185.298,185.635,183.972,184.199,170237.734375
2015-12-03 00:00:00,184.198,185.893,184.008,185.601,225610.71875
2015-12-04 00:00:00,185.601,186.246,185.123,185.922,214189.46875
2015-12-05 00:00:00,185.922,185.922,185.922,185.922,0.0
2015-12-06 00:00:00,186.128,186.208,186.032,186.133,11336.66015625
2015-12-07 00:00:00,186.134,186.341,185.467,185.531,171119.078125
2015-12-08 00:00:00,185.532,185.59,183.762,184.495,191962.703125
2015-12-09 00:00:00,184.498,185.392,183.692,184.717,223055.03125
2015-12-10 00:00:00,184.714,184.973,183.373,184.495,184561.21875
2015-12-11 00:00:00,184.495,185.057,183.563,184.107,181785.34375
2015-12-12 00:00:00,184.107,184.107,184.107,184.107,0.0
2015-12-13 00:00:00,184.503,184.508,183.353,183.694,9954.7197265625
2015-12-14 00:00:00,183.691,184.39,182.119,183.584,221443.984375
2015-12-15 00:00:00,183.59,184.22,182.582,183.04,202462.671875
2015-12-16 00:00:00,183.04,183.727,182.429,183.413,218744.59375
2015-12-17 00:00:00,183.413,183.66,182.369,182.804,201174.0
2015-12-18 00:00:00,182.804,183.94,180.36,180.377,212660.453125
2015-12-19 00:00:00,180.377,180.377,180.377,180.377,0.0
2015-12-20 00:00:00,180.667,180.977,180.513,180.814,7791.68994140625
2015-12-21 00:00:00,180.814,181.22,179.952,180.498,174784.0625
2015-12-22 00:00:00,180.499,180.614,179.033,179.36,137352.453125
2015-12-23 00:00:00,179.365,180.154,179.309,179.883,122290.890625
2015-12-24 00:00:00,179.883,179.972,178.964,179.227,106770.3671875
2015-12-25 00:00:00,179.236,179.783,179.042,179.473,8723.16015625
2015-12-26 00:00:00,179.473,179.473,179.473,179.473,0.0
2015-12-27 00:00:00,179.011,179.527,179.011,179.433,6624.06982421875
2015-12-28 00:00:00,179.434,180.046,178.969,179.244,117072.03125
2015-12-29 00:00:00,179.248,179.546,178.122,178.623,112037.25
2015-12-30 00:00:00,178.624,179.037,178.247,178.493,121713.0703125
2015-12-31 00:00:00,178.489,178.712,176.958,177.077,110114.4921875
2016-01-01 00:00:00,177.077,177.077,177.077,177.077,0.0
2016-01-02 00:00:00,177.077,177.077,177.077,177.077,0.0
2016-01-03 00:00:00,177.087,177.34,177.067,177.291,6069.5400390625
2016-01-04 00:00:00,177.291,177.366,174.969,175.752,188024.3125
2016-01-05 00:00:00,175.758,176.162,174.085,174.779,196210.34375
2016-01-06 00:00:00,174.776,174.823,173.104,173.518,224105.4375
2016-01-07 00:00:00,173.518,173.756,170.757,171.842,259410.875
2016-01-08 00:00:00,171.848,173.367,170.158,170.185,227737.875
2016-01-09 00:00:00,170.185,170.185,170.185,170.185,0.0
2016-01-10 00:00:00,170.233,170.269,169.308,170.019,14605.849609375
2016-01-11 00:00:00,170.019,172.278,169.773,171.136,229853.90625
2016-01-12 00:00:00,171.136,171.69,169.165,170.093,243467.671875
2016-01-13 00:00:00,170.09,171.288,169.062,169.187,236003.234375
2016-01-14 00:00:00,169.186,170.565,168.833,170.513,254965.8125
2016-01-15 00:00:00,170.513,170.558,166.242,166.738,264780.875
2016-01-16 00:00:00,166.738,166.738,166.738,166.738,0.0
2016-01-17 00:00:00,166.534,167.049,166.383,166.973,9822.009765625
2016-01-18 00:00:00,166.976,168.153,166.756,167.307,204771.390625
2016-01-19 00:00:00,167.307,169.097,166.337,166.693,249196.328125
2016-01-20 00:00:00,166.693,166.693,163.978,166.399,307203.375
2016-01-21 00:00:00,166.399,167.767,164.454,167.754,336789.84375
2016-01-22 00:00:00,167.756,170.361,167.074,169.398,251682.046875
2016-01-23 00:00:00,169.398,169.398,169.398,169.398,0.0
2016-01-24 00:00:00,169.283,169.489,168.976,168.976,8328.9697265625
2016-01-25 00:00:00,168.974,170.007,168.308,168.373,237799.0625
2016-01-26 00:00:00,168.372,170.27,166.975,169.782,250461.953125
2016-01-27 00:00:00,169.782,170.025,168.56,168.751,260742.25
2016-01-28 00:00:00,168.755,171.147,168.673,170.758,250715.375
2016-01-29 00:00:00,170.755,174.17,170.088,172.482,279895.28125
2016-01-30 00:00:00,172.482,172.482,172.482,172.482,0.0
2016-01-31 00:00:00,172.902,172.911,172.598,172.848,8001.919921875
2016-02-01 00:00:00,172.841,175.015,172.416,174.323,239930.375
2016-02-02 00:00:00,174.323,174.562,172.448,172.657,253003.6875
2016-02-03 00:00:00,172.652,173.748,171.038,172.342,312617.90625
2016-02-04 00:00:00,172.341,172.469,170.025,170.35,309124.21875
2016-02-05 00:00:00,170.35,170.532,168.98,169.387,254899.71875
2016-02-06 00:00:00,169.387,169.387,169.387,169.387,0.0
2016-02-07 00:00:00,169.348,169.709,169.255,169.669,13106.2802734375
2016-02-08 00:00:00,169.672,170.628,165.968,166.946,286643.3125
2016-02-09 00:00:00,166.945,167.141,164.548,166.563,372092.53125
2016-02-10 00:00:00,166.561,167.637,164.362,164.443,364260.375
2016-02-11 00:00:00,164.444,164.886,159.804,162.862,380234.84375
2016-02-12 00:00:00,162.857,164.767,161.674,164.168,308712.875
2016-02-13 00:00:00,164.168,164.168,164.168,164.168,0.0
2016-02-14 00:00:00,164.362,165.075,164.227,165.042,13044.6103515625
2016-02-15 00:00:00,165.041,165.754,164.368,165.274,244944.109375
2016-02-16 00:00:00,165.273,166.082,162.434,163.234,263064.0
2016-02-17 00:00:00,163.233,163.878,161.563,163.204,289520.625
2016-02-18 00:00:00,163.199,163.965,162.041,162.277,251122.875
2016-02-19 00:00:00,162.28,162.338,160.728,162.116,251115.90625
2016-02-20 00:00:00,162.116,162.116,162.116,162.116,0.0
2016-02-21 00:00:00,160.538,161.085,160.349,160.483,12101.419921875
2016-02-22 00:00:00,160.487,161.559,159.135,159.806,238198.203125
2016-02-23 00:00:00,159.804,159.876,156.705,156.73,247816.796875
2016-02-24 00:00:00,156.733,157.308,154.717,156.089,268981.09375
2016-02-25 00:00:00,156.089,158.02,155.779,158.016,255024.953125
2016-02-26 00:00:00,158.011,158.555,157.203,158.046,231765.34375
2016-02-27 00:00:00,158.046,158.046,158.046,158.046,0.0
2016-02-28 00:00:00,157.903,157.973,157.409,157.622,11733.1904296875
2016-02-29 00:00:00,157.622,157.705,156.153,156.548,255716.546875
2016-03-01 00:00:00,156.552,159.521,156.216,159.015,248617.40625
2016-03-02 00:00:00,159.017,160.569,158.738,159.778,249599.0625
2016-03-03 00:00:00,159.782,161.293,159.653,161.109,250285.0625
2016-03-04 00:00:00,161.111,162.437,160.426,161.787,251706.75
2016-03-05 00:00:00,161.787,161.787,161.787,161.787,0.0
2016-03-06 00:00:00,161.963,162.001,161.728,161.743,12201.08984375
2016-03-07 00:00:00,161.745,162.227,160.377,161.828,194416.625
2016-03-08 00:00:00,161.827,161.862,159.592,160.072,236781.609375
2016-03-09 00:00:00,160.071,161.355,159.478,160.851,206102.359375
2016-03-10 00:00:00,160.856,162.877,160.723,161.186,279543.34375
2016-03-11 00:00:00,161.188,164.096,161.055,163.659,217059.3125
2016-03-12 00:00:00,163.659,163.659,163.659,163.659,0.0
2016-03-13 00:00:00,163.643,163.836,163.357,163.582,11932.58984375
2016-03-14 00:00:00,163.583,163.98,162.382,162.535,202724.5625
2016-03-15 00:00:00,162.538,162.938,159.542,160.1,251052.390625
2016-03-16 00:00:00,160.098,160.919,159.634,160.733,257302.453125
2016-03-17 00:00:00,160.732,161.574,159.001,161.184,258667.9375
2016-03-18 00:00:00,161.188,161.778,160.348,161.403,205349.984375
2016-03-19 00:00:00,161.403,161.403,161.403,161.403,0.0
2016-03-20 00:00:00,161.08,161.361,161.005,161.151,9834.26953125
2016-03-21 00:00:00,161.154,161.234,160.132,161.101,185100.21875
2016-03-22 00:00:00,161.1,161.491,158.439,159.627,232865.484375
2016-03-23 00:00:00,159.634,160.009,158.497,158.66,205122.953125
2016-03-24 00:00:00,158.659,159.858,158.447,159.445,191164.5625
2016-03-25 00:00:00,159.454,160.144,159.402,159.637,64210.1796875
2016-03-26 00:00:00,159.637,159.637,159.637,159.637,0.0
2016-03-27 00:00:00,159.878,160.343,159.778,160.307,9997.66015625
2016-03-28 00:00:00,160.307,161.853,160.172,161.653,109389.890625
2016-03-29 00:00:00,161.653,162.502,161.336,162.07,216010.5625
2016-03-30 00:00:00,162.071,162.571,161.338,161.508,217576.59375
2016-03-31 00:00:00,161.506,162.021,160.886,161.622,204964.125
2016-04-01 00:00:00,161.628,161.646,158.709,158.733,226807.78125
2016-04-02 00:00:00,158.733,158.733,158.733,158.733,0.0
2016-04-03 00:00:00,158.708,159.0,158.593,158.876,7878.8701171875
2016-04-04 00:00:00,158.874,159.583,158.163,158.63,196385.0625
2016-04-05 00:00:00,158.629,158.685,155.721,156.238,236831.796875
2016-04-06 00:00:00,156.234,156.652,154.527,155.045,243714.6875
2016-04-07 00:00:00,155.047,155.331,151.651,152.427,275296.28125
2016-04-08 00:00:00,152.431,154.228,152.387,152.578,219138.15625
2016-04-09 00:00:00,152.578,152.578,152.578,152.578,0.0
2016-04-10 00:00:00,152.365,153.044,152.312,153.008,14299.8095703125
2016-04-11 00:00:00,153.009,154.458,151.956,153.628,241968.734375
2016-04-12 00:00:00,153.634,155.516,153.546,155.062,217163.75
2016-04-13 00:00:00,155.062,155.754,154.742,155.264,203329.875
2016-04-14 00:00:00,155.263,155.311,153.89,154.595,183732.875
2016-04-15 00:00:00,154.594,155.312,154.083,154.394,151795.90625
2016-04-16 00:00:00,154.394,154.394,154.394,154.394,0.0
2016-04-17 00:00:00,153.638,153.772,153.068,153.225,11808.08984375
2016-04-18 00:00:00,153.224,155.975,152.516,155.817,193804.890625
2016-04-19 00:00:00,155.818,157.711,155.636,157.112,188420.40625
2016-04-20 00:00:00,157.109,157.874,156.191,157.495,195031.546875
2016-04-21 00:00:00,157.496,158.371,156.611,156.777,209704.671875
2016-04-22 00:00:00,156.773,161.252,156.519,160.983,216969.875
2016-04-23 00:00:00,160.983,160.983,160.983,160.983,0.0
2016-04-24 00:00:00,161.717,161.818,160.946,160.98,11629.5703125
2016-04-25 00:00:00,160.976,161.335,160.015,160.968,222211.84375
2016-04-26 00:00:00,160.968,162.698,160.455,162.066,208280.796875
2016-04-27 00:00:00,162.071,162.81,161.636,162.138,209827.625
2016-04-28 00:00:00,162.137,162.573,157.07,157.94,253682.9375
2016-04-29 00:00:00,157.942,157.981,155.255,155.322,225867.609375
2016-04-30 00:00:00,155.322,155.322,155.322,155.322,0.0
2016-05-01 00:00:00,154.943,155.747,154.93,155.42,13836.3603515625
2016-05-02 00:00:00,155.424,156.653,155.119,156.008,179185.796875
2016-05-03 00:00:00,156.008,156.153,154.422,155.168,222697.703125
2016-05-04 00:00:00,155.163,155.954,154.409,155.106,203668.203125
2016-05-05 00:00:00,155.104,155.857,154.865,155.553,176829.9375
2016-05-06 00:00:00,155.556,155.618,153.635,154.47,189663.515625
2016-05-07 00:00:00,154.47,154.47,154.47,154.47,0.0
2016-05-08 00:00:00,154.275,154.971,154.275,154.866,9291.0595703125
2016-05-09 00:00:00,154.868,156.429,154.431,156.152,185868.390625
2016-05-10 00:00:00,156.153,157.991,156.114,157.811,180093.1875
2016-05-11 00:00:00,157.812,157.858,156.405,156.493,177284.3125
2016-05-12 00:00:00,156.493,158.483,156.254,157.572,196270.734375
2016-05-13 00:00:00,157.57,157.63,155.932,155.958,215659.515625
2016-05-14 00:00:00,155.958,155.958,155.958,155.958,0.0
2016-05-15 00:00:00,155.838,155.976,155.668,155.932,9755.0498046875
2016-05-16 00:00:00,155.934,157.832,155.867,157.552,146831.703125
2016-05-17 00:00:00,157.548,158.976,157.272,157.593,187018.34375
2016-05-18 00:00:00,157.588,160.943,157.017,160.784,221767.34375
2016-05-19 00:00:00,160.787,161.631,160.131,160.454,228652.234375
2016-05-20 00:00:00,160.448,161.057,159.521,159.607,154270.875
2016-05-21 00:00:00,159.607,159.607,159.607,159.607,0.0
2016-05-22 00:00:00,159.753,159.833,159.392,159.419,8107.6201171875
2016-05-23 00:00:00,159.42,159.611,158.039,158.351,169094.234375
2016-05-24 00:00:00,158.351,161.049,158.114,160.974,179544.71875
2016-05-25 00:00:00,160.972,162.524,160.437,161.842,178765.234375
2016-05-26 00:00:00,161.842,162.173,160.718,160.879,179261.203125
2016-05-27 00:00:00,160.879,161.425,160.157,161.149,157662.8125
2016-05-28 00:00:00,161.149,161.149,161.149,161.149,0.0
2016-05-29 00:00:00,161.277,162.116,161.199,161.979,11094.8603515625
2016-05-30 00:00:00,161.974,162.885,161.744,162.192,113674.6796875
2016-05-31 00:00:00,162.192,163.888,159.848,160.224,188236.515625
2016-06-01 00:00:00,160.228,160.654,157.22,157.835,211069.046875
2016-06-02 00:00:00,157.835,157.837,156.575,156.813,192369.453125
2016-06-03 00:00:00,156.813,157.275,154.573,154.609,199178.921875
2016-06-04 00:00:00,154.609,154.609,154.609,154.609,0.0
2016-06-05 00:00:00,154.153,154.542,152.948,153.472,16091.3701171875
2016-06-06 00:00:00,153.472,155.644,153.288,155.34,206603.8125
2016-06-07 00:00:00,155.34,157.94,154.992,156.03,169912.984375
2016-06-08 00:00:00,156.026,156.255,154.946,154.954,174092.34375
2016-06-09 00:00:00,154.958,155.274,153.65,154.914,182918.625
2016-06-10 00:00:00,154.915,155.035,151.503,152.408,176708.203125
2016-06-11 00:00:00,152.408,152.408,152.408,152.408,0.0
2016-06-12 00:00:00,152.347,152.348,150.653,151.072,15302.5595703125
2016-06-13 00:00:00,151.074,152.396,149.466,150.826,209701.1875
2016-06-14 00:00:00,150.822,151.255,149.189,149.756,192241.1875
2016-06-15 00:00:00,149.756,151.173,149.489,150.283,185057.40625
2016-06-16 00:00:00,150.282,150.294,145.39,149.724,219824.125
2016-06-17 00:00:00,149.73,149.914,148.253,149.512,194132.921875
2016-06-18 00:00:00,149.512,149.512,149.512,149.512,0.0
2016-06-19 00:00:00,151.492,152.967,150.894,152.539,16955.23046875
2016-06-20 00:00:00,152.539,153.639,151.674,152.316,193300.546875
2016-06-21 00:00:00,152.318,154.389,151.905,153.526,216405.125
2016-06-22 00:00:00,153.528,155.695,152.847,154.748,217242.484375
2016-06-23 00:00:00,154.748,160.103,147.152,152.746,277365.90625
2016-06-24 00:00:00,152.746,154.191,133.26,139.597,300548.78125
2016-06-25 00:00:00,139.597,139.597,139.597,139.597,0.0
2016-06-26 00:00:00,136.273,137.838,136.196,137.348,21367.0
2016-06-27 00:00:00,137.348,137.736,133.342,134.641,238074.28125
2016-06-28 00:00:00,134.636,137.448,134.281,137.125,197500.296875
2016-06-29 00:00:00,137.13,139.014,135.862,138.259,209489.75
2016-06-30 00:00:00,138.264,138.843,135.901,137.407,228304.1875
2016-07-01 00:00:00,137.412,137.619,135.758,136.078,170204.484375
2016-07-02 00:00:00,136.078,136.078,136.078,136.078,0.0
2016-07-03 00:00:00,135.892,136.366,135.892,136.121,7988.14013671875
2016-07-04 00:00:00,136.122,136.805,135.852,136.135,148948.21875
2016-07-05 00:00:00,136.135,136.15,130.953,131.105,195059.5625
2016-07-06 00:00:00,131.102,131.553,128.788,130.646,235618.59375
2016-07-07 00:00:00,130.644,131.945,129.574,130.071,187705.046875
2016-07-08 00:00:00,130.068,130.89,129.769,130.225,171260.34375
2016-07-09 00:00:00,130.225,130.225,130.225,130.225,0.0
2016-07-10 00:00:00,130.258,130.469,130.155,130.32,8102.68994140625
2016-07-11 00:00:00,130.319,133.753,130.198,133.085,209254.40625
2016-07-12 00:00:00,133.081,139.472,133.034,138.96,236254.65625
2016-07-13 00:00:00,138.958,139.511,136.387,136.5,300995.5625
2016-07-14 00:00:00,136.501,142.207,136.45,140.382,261484.046875
2016-07-15 00:00:00,140.381,143.226,137.807,138.122,253539.0625
2016-07-16 00:00:00,138.122,138.122,138.122,138.122,0.0
2016-07-17 00:00:00,139.002,140.613,138.927,139.46,14415.2998046875
2016-07-18 00:00:00,139.46,141.293,139.16,140.822,174561.640625
2016-07-19 00:00:00,140.834,140.928,138.482,139.065,198834.359375
2016-07-20 00:00:00,139.065,142.393,138.338,141.95,354921.84375
2016-07-21 00:00:00,141.945,142.268,139.08,140.007,583973.4375
2016-07-22 00:00:00,140.007,141.105,138.437,139.006,456598.25
2016-07-23 00:00:00,139.006,139.006,139.006,139.006,0.0
2016-07-24 00:00:00,139.464,139.812,139.19,139.466,16636.890625
2016-07-25 00:00:00,139.471,140.13,138.274,138.364,412974.625
2016-07-26 00:00:00,138.363,138.384,135.979,137.845,535926.4375
2016-07-27 00:00:00,137.849,139.917,137.746,138.773,602483.75
2016-07-28 00:00:00,138.771,139.19,135.959,137.968,458096.09375
2016-07-29 00:00:00,137.968,139.28,134.879,134.977,542582.8125
2016-07-30 00:00:00,134.977,134.977,134.977,134.977,0.0
2016-07-31 00:00:00,135.188,135.635,134.864,135.244,19777.55078125
2016-08-01 00:00:00,135.251,136.261,134.502,134.884,429250.0625
2016-08-02 00:00:00,134.884,135.567,133.9,134.796,506448.375
2016-08-03 00:00:00,134.794,135.438,134.174,135.048,454398.875
2016-08-04 00:00:00,135.048,135.247,132.55,132.846,392917.625
2016-08-05 00:00:00,132.843,133.243,132.235,133.021,308201.46875
2016-08-06 00:00:00,133.021,133.021,133.021,133.021,0.0
2016-08-07 00:00:00,133.276,133.709,133.151,133.42,14745.1396484375
2016-08-08 00:00:00,133.414,134.018,133.202,133.293,250852.984375
2016-08-09 00:00:00,133.298,133.388,132.093,132.635,258967.578125
2016-08-10 00:00:00,132.635,132.824,131.453,131.678,286613.625
2016-08-11 00:00:00,131.676,132.25,131.01,131.903,263776.75
2016-08-12 00:00:00,131.903,132.528,130.366,130.818,268169.625
2016-08-13 00:00:00,130.818,130.818,130.818,130.818,0.0
2016-08-14 00:00:00,130.775,130.909,130.574,130.714,12899.3095703125
2016-08-15 00:00:00,130.714,131.212,129.979,130.426,284720.8125
2016-08-16 00:00:00,130.426,131.131,129.211,130.51,320084.28125
2016-08-17 00:00:00,130.509,131.81,130.018,130.306,323417.40625
2016-08-18 00:00:00,130.304,132.247,130.077,131.795,317675.34375
2016-08-19 00:00:00,131.8,132.015,130.345,130.969,299157.15625
2016-08-20 00:00:00,130.969,130.969,130.969,130.969,0.0
2016-08-21 00:00:00,131.502,131.621,131.137,131.35,22344.23046875
2016-08-22 00:00:00,131.35,132.153,131.157,131.677,352108.1875
2016-08-23 00:00:00,131.677,132.411,131.444,132.362,391131.5
2016-08-24 00:00:00,132.362,133.297,131.971,133.11,327070.125
2016-08-25 00:00:00,133.115,133.286,132.378,132.664,270660.4375
2016-08-26 00:00:00,132.661,133.872,132.377,133.706,330382.78125
2016-08-27 00:00:00,133.706,133.706,133.706,133.706,0.0
2016-08-28 00:00:00,133.848,133.961,133.625,133.771,17171.4296875
2016-08-29 00:00:00,133.771,134.391,133.397,133.452,310436.0
2016-08-30 00:00:00,133.453,134.875,133.337,134.678,352612.3125
2016-08-31 00:00:00,134.678,135.92,134.628,135.678,398959.53125
2016-09-01 00:00:00,135.678,138.035,135.402,137.067,436722.34375
2016-09-02 00:00:00,137.067,138.83,136.905,138.103,450793.84375
2016-09-03 00:00:00,138.103,138.103,138.103,138.103,0.0
2016-09-04 00:00:00,138.374,138.493,138.144,138.165,14510.919921875
2016-09-05 00:00:00,138.165,138.365,137.327,137.767,321998.9375
2016-09-06 00:00:00,137.769,138.322,135.855,136.27,421357.59375
2016-09-07 00:00:00,136.27,136.405,135.399,135.83,394180.34375
2016-09-08 00:00:00,135.836,136.427,135.012,136.134,413898.3125
2016-09-09 00:00:00,136.139,137.134,135.735,136.183,419690.65625
2016-09-10 00:00:00,136.183,136.183,136.183,136.183,0.0
2016-09-11 00:00:00,136.063,136.203,135.642,135.995,20157.859375
2016-09-12 00:00:00,135.995,136.232,135.081,135.667,439285.53125
2016-09-13 00:00:00,135.667,136.075,134.473,135.215,467028.125
2016-09-14 00:00:00,135.215,136.623,134.91,135.998,473555.5
2016-09-15 00:00:00,136.001,136.12,134.642,135.088,458401.3125
2016-09-16 00:00:00,135.091,135.164,132.908,132.933,337303.8125
2016-09-17 00:00:00,132.933,132.933,132.933,132.933,0.0
2016-09-18 00:00:00,132.818,133.29,132.792,133.136,27690.5703125
2016-09-19 00:00:00,133.136,133.48,132.438,132.875,336905.84375
2016-09-20 00:00:00,132.875,133.102,131.648,131.918,303747.5
2016-09-21 00:00:00,131.918,133.264,130.408,130.83,565492.5625
2016-09-22 00:00:00,130.831,132.265,130.546,131.911,397326.53125
2016-09-23 00:00:00,131.911,132.291,130.454,130.891,571754.5
2016-09-24 00:00:00,130.891,130.891,130.891,130.891,0.0
2016-09-25 00:00:00,130.876,131.114,130.817,130.96,15811.48046875
2016-09-26 00:00:00,130.963,131.233,129.693,130.159,388491.78125
2016-09-27 00:00:00,130.163,131.214,129.637,130.722,501592.09375
2016-09-28 00:00:00,130.722,131.778,130.566,131.592,444523.34375
2016-09-29 00:00:00,131.589,132.436,130.678,131.203,451273.28125
2016-09-30 00:00:00,131.202,131.953,130.426,131.458,474412.65625
2016-10-01 00:00:00,131.458,131.458,131.458,131.458,0.0
2016-10-02 00:00:00,130.748,131.349,130.733,131.271,22468.259765625
2016-10-03 00:00:00,131.276,131.49,130.077,130.949,382308.03125
2016-10-04 00:00:00,130.95,131.353,130.301,130.947,496920.65625
2016-10-05 00:00:00,130.947,132.226,130.499,131.923,540573.6875
2016-10-06 00:00:00,131.923,132.069,122.383,128.532,410686.75
2016-10-07 00:00:00,128.535,129.613,126.811,127.889,571459.4375
2016-10-08 00:00:00,127.889,127.889,127.889,127.889,0.0
2016-10-09 00:00:00,128.048,128.29,127.971,128.117,20220.580078125
2016-10-10 00:00:00,128.119,128.61,127.483,128.035,279940.65625
2016-10-11 00:00:00,128.035,128.369,124.828,126.844,395016.90625
2016-10-12 00:00:00,126.842,127.704,126.466,127.104,397376.84375
2016-10-13 00:00:00,127.104,127.469,125.918,126.812,374852.25
2016-10-14 00:00:00,126.827,127.925,126.671,126.895,383470.5625
2016-10-15 00:00:00,126.895,126.895,126.895,126.895,0.0
2016-10-16 00:00:00,126.828,127.083,126.589,126.682,19149.330078125
2016-10-17 00:00:00,126.681,127.026,126.265,126.895,341171.34375
2016-10-18 00:00:00,126.895,128.165,126.732,127.755,346556.34375
2016-10-19 00:00:00,127.755,127.893,126.601,127.107,295074.53125
2016-10-20 00:00:00,127.107,127.679,126.594,127.594,313790.78125
2016-10-21 00:00:00,127.594,127.641,126.122,126.924,297015.9375
2016-10-22 00:00:00,126.924,126.924,126.924,126.924,0.0
2016-10-23 00:00:00,126.85,127.124,126.838,126.962,14018.2998046875
2016-10-24 00:00:00,126.962,127.573,126.617,127.519,212514.296875
2016-10-25 00:00:00,127.515,127.944,126.598,126.827,156870.65625
2016-10-26 00:00:00,126.827,128.139,126.633,127.927,155286.921875
2016-10-27 00:00:00,127.929,128.422,127.418,128.047,159089.796875
2016-10-28 00:00:00,128.05,128.286,127.442,127.585,176736.953125
2016-10-29 00:00:00,127.585,127.585,127.585,127.585,0.0
2016-10-30 00:00:00,127.158,127.764,127.158,127.638,9472.990234375
2016-10-31 00:00:00,127.633,128.494,127.51,128.254,155749.796875
2016-11-01 00:00:00,128.254,129.034,127.127,127.358,208728.734375
2016-11-02 00:00:00,127.368,127.498,126.723,127.191,222233.234375
2016-11-03 00:00:00,127.193,128.913,126.49,128.467,238912.671875
2016-11-04 00:00:00,128.465,129.448,128.307,129.037,198114.078125
2016-11-05 00:00:00,129.037,129.037,129.037,129.037,0.0
2016-11-06 00:00:00,129.532,130.248,129.273,130.058,14978.3798828125
2016-11-07 00:00:00,130.061,130.152,129.327,129.497,186145.734375
2016-11-08 00:00:00,129.507,130.352,129.267,130.009,188468.1875
2016-11-09 00:00:00,130.02,131.717,126.701,131.395,419418.46875
2016-11-10 00:00:00,131.395,134.326,130.287,134.052,311899.84375
2016-11-11 00:00:00,134.053,134.916,133.428,134.299,257749.375
2016-11-12 00:00:00,134.299,134.299,134.299,134.299,0.0
2016-11-13 00:00:00,134.26,134.466,134.196,134.412,10775.650390625
2016-11-14 00:00:00,134.415,135.618,134.203,135.433,269427.125
2016-11-15 00:00:00,135.434,136.564,134.18,135.699,254224.125
2016-11-16 00:00:00,135.701,136.763,135.202,135.296,225722.15625
2016-11-17 00:00:00,135.298,137.028,134.992,136.798,233696.046875
2016-11-18 00:00:00,136.802,137.581,135.406,136.833,243044.359375
2016-11-19 00:00:00,136.833,136.833,136.833,136.833,0.0
2016-11-20 00:00:00,136.898,137.215,136.697,136.709,13035.7900390625
2016-11-21 00:00:00,136.712,138.863,136.283,138.222,258945.921875
2016-11-22 00:00:00,138.222,138.837,137.628,137.864,218322.90625
2016-11-23 00:00:00,137.865,140.343,137.27,139.865,219134.328125
2016-11-24 00:00:00,139.865,141.294,139.766,141.021,185491.84375
2016-11-25 00:00:00,141.021,141.738,139.962,141.19,216526.09375
2016-11-26 00:00:00,141.19,141.19,141.19,141.19,0.0
2016-11-27 00:00:00,140.883,140.93,140.512,140.573,7514.0
2016-11-28 00:00:00,140.577,140.711,138.51,138.552,245316.046875
2016-11-29 00:00:00,138.558,141.37,138.558,140.466,231255.265625
2016-11-30 00:00:00,140.472,143.698,139.974,143.507,267442.1875
2016-12-01 00:00:00,143.513,145.192,142.64,143.38,248654.171875
2016-12-02 00:00:00,143.384,144.657,142.916,144.497,205210.84375
2016-12-03 00:00:00,144.497,144.497,144.497,144.497,0.0
2016-12-04 00:00:00,143.603,144.008,142.538,143.811,20924.580078125
2016-12-05 00:00:00,143.82,146.038,143.626,144.896,247281.25
2016-12-06 00:00:00,144.9,145.621,144.161,144.501,196885.453125
2016-12-07 00:00:00,144.505,144.795,142.993,143.61,186974.5625
2016-12-08 00:00:00,143.61,144.467,143.093,143.529,228067.765625
2016-12-09 00:00:00,143.53,145.12,143.459,144.978,183311.578125
2016-12-10 00:00:00,144.978,144.978,144.978,144.978,0.0
2016-12-11 00:00:00,145.093,145.531,145.093,145.343,6706.39990234375
2016-12-12 00:00:00,145.344,146.374,144.907,145.74,205225.015625
2016-12-13 00:00:00,145.739,146.708,145.525,145.873,202772.078125
2016-12-14 00:00:00,145.873,147.295,145.2,146.921,228312.59375
2016-12-15 00:00:00,146.934,148.456,146.342,146.88,290098.9375
2016-12-16 00:00:00,146.88,147.324,146.261,147.241,228747.40625
2016-12-17 00:00:00,147.241,147.241,147.241,147.241,0.0
2016-12-18 00:00:00,147.2,147.321,147.027,147.119,8588.8603515625
2016-12-19 00:00:00,147.122,147.184,144.525,144.953,204264.65625
2016-12-20 00:00:00,144.952,146.352,144.921,145.698,198714.0625
2016-12-21 00:00:00,145.691,145.845,144.887,145.281,170379.453125
2016-12-22 00:00:00,145.281,145.586,144.298,144.343,152806.40625
2016-12-23 00:00:00,144.348,144.391,143.493,144.102,123269.71875
2016-12-24 00:00:00,144.102,144.102,144.102,144.102,0.0
2016-12-25 00:00:00,143.826,144.211,143.634,144.152,8239.3203125
2016-12-26 00:00:00,144.14,144.185,143.373,143.849,93086.890625
2016-12-27 00:00:00,143.849,144.259,143.592,144.2,109154.046875
2016-12-28 00:00:00,144.204,144.699,142.819,143.072,146491.0
2016-12-29 00:00:00,143.075,143.153,142.167,142.884,184860.609375
2016-12-30 00:00:00,142.884,144.616,142.8,144.366,215491.1875
2016-12-31 00:00:00,144.366,144.366,144.366,144.366,0.0
2017-01-01 00:00:00,144.082,144.377,143.971,144.15,443.5
2017-01-02 00:00:00,144.151,144.976,143.97,144.244,85261.90625
2017-01-03 00:00:00,144.244,145.397,143.523,144.022,191195.84375
2017-01-04 00:00:00,144.026,144.953,143.691,144.36,214685.515625
2017-01-05 00:00:00,144.36,144.36,142.498,143.271,275823.65625
2017-01-06 00:00:00,143.268,144.049,143.173,143.657,215746.703125
2017-01-07 00:00:00,143.657,143.657,143.657,143.657,0.0
2017-01-08 00:00:00,143.337,143.761,143.332,143.594,5194.72998046875
2017-01-09 00:00:00,143.595,143.855,140.59,141.155,229532.484375
2017-01-10 00:00:00,141.159,141.445,140.179,141.063,238940.703125
2017-01-11 00:00:00,141.063,141.475,139.94,140.519,284935.71875
2017-01-12 00:00:00,140.522,140.657,138.919,139.49,284005.8125
2017-01-13 00:00:00,139.498,140.579,139.115,139.423,239267.984375
2017-01-14 00:00:00,139.423,139.423,139.423,139.423,0.0
2017-01-15 00:00:00,137.127,137.916,137.092,137.497,9414.9599609375
2017-01-16 00:00:00,137.494,138.149,136.455,137.441,180394.0625
2017-01-17 00:00:00,137.445,140.136,137.065,139.845,315556.1875
2017-01-18 00:00:00,139.853,140.766,139.133,140.635,283294.40625
2017-01-19 00:00:00,140.635,142.17,140.512,141.804,295422.84375
2017-01-20 00:00:00,141.801,142.07,141.166,141.782,282419.3125
2017-01-21 00:00:00,141.782,141.782,141.782,141.782,0.0
2017-01-22 00:00:00,141.398,141.652,140.892,140.946,10507.6298828125
2017-01-23 00:00:00,140.944,142.083,140.757,141.146,266673.6875
2017-01-24 00:00:00,141.158,142.786,140.775,142.693,249425.671875
2017-01-25 00:00:00,142.689,143.712,141.823,143.107,272842.5
2017-01-26 00:00:00,143.107,144.53,142.885,144.119,263507.5
2017-01-27 00:00:00,144.118,144.781,143.996,144.347,230486.6875
2017-01-28 00:00:00,144.347,144.347,144.347,144.347,0.0
2017-01-29 00:00:00,144.408,144.624,144.207,144.403,8797.509765625
2017-01-30 00:00:00,144.403,144.523,141.671,142.102,216154.8125
2017-01-31 00:00:00,142.102,142.461,140.442,141.941,276295.59375
2017-02-01 00:00:00,141.944,144.127,141.885,143.427,255722.4375
2017-02-02 00:00:00,143.422,143.426,140.759,141.224,240881.6875
2017-02-03 00:00:00,141.223,141.975,140.377,140.509,228506.1875
2017-02-04 00:00:00,140.509,140.509,140.509,140.509,0.0
2017-02-05 00:00:00,140.42,140.661,140.345,140.614,7279.56982421875
2017-02-06 00:00:00,140.614,140.759,139.214,139.425,222388.921875
2017-02-07 00:00:00,139.425,140.625,138.537,140.425,223430.484375
2017-02-08 00:00:00,140.427,140.68,139.804,140.218,225392.375
2017-02-09 00:00:00,140.216,141.807,140.123,141.733,211090.859375
2017-02-10 00:00:00,141.731,142.372,141.014,141.286,212035.625
2017-02-11 00:00:00,141.286,141.286,141.286,141.286,0.0
2017-02-12 00:00:00,141.538,142.281,141.388,142.196,8435.900390625
2017-02-13 00:00:00,142.196,142.616,141.974,142.355,188772.140625
2017-02-14 00:00:00,142.355,142.716,141.021,142.507,212265.453125
2017-02-15 00:00:00,142.507,142.812,141.837,142.284,221123.3125
2017-02-16 00:00:00,142.285,142.354,141.249,141.485,225894.5625
2017-02-17 00:00:00,141.487,141.944,139.63,140.007,203444.953125
2017-02-18 00:00:00,140.007,140.007,140.007,140.007,0.0
2017-02-19 00:00:00,140.023,140.43,140.023,140.341,7517.1201171875
2017-02-20 00:00:00,140.342,141.312,140.111,141.262,152202.703125
2017-02-21 00:00:00,141.263,141.995,140.858,141.935,198392.375
2017-02-22 00:00:00,141.937,142.035,140.476,141.217,223548.1875
2017-02-23 00:00:00,141.218,141.605,140.683,141.482,190169.953125
2017-02-24 00:00:00,141.48,141.767,139.414,139.677,178033.6875
2017-02-25 00:00:00,139.677,139.677,139.677,139.677,0.0
2017-02-26 00:00:00,139.834,139.973,139.069,139.098,13240.7802734375
2017-02-27 00:00:00,139.105,140.374,139.016,140.226,188779.890625
2017-02-28 00:00:00,140.226,140.32,138.835,139.991,201265.609375
2017-03-01 00:00:00,139.992,140.734,139.571,140.028,244014.375
2017-03-02 00:00:00,140.026,140.75,139.876,140.356,194330.296875
2017-03-03 00:00:00,140.356,140.503,139.604,140.121,194458.75
2017-03-04 00:00:00,140.121,140.121,140.121,140.121,0.0
2017-03-05 00:00:00,139.883,140.313,139.883,139.998,5215.64990234375
2017-03-06 00:00:00,139.993,140.018,139.276,139.407,170568.5625
2017-03-07 00:00:00,139.407,139.632,138.728,139.018,166105.6875
2017-03-08 00:00:00,139.018,139.658,138.44,139.277,182582.578125
2017-03-09 00:00:00,139.279,140.03,139.078,139.962,213518.328125
2017-03-10 00:00:00,139.961,140.535,139.517,139.659,196642.640625
2017-03-11 00:00:00,139.659,139.659,139.659,139.659,0.0
2017-03-12 00:00:00,139.504,139.727,139.316,139.659,6401.240234375
2017-03-13 00:00:00,139.657,140.495,139.622,140.266,188696.875
2017-03-14 00:00:00,140.263,140.343,139.157,139.384,186879.9375
2017-03-15 00:00:00,139.384,140.614,139.15,139.27,218056.1875
2017-03-16 00:00:00,139.27,140.189,138.559,139.986,235101.453125
2017-03-17 00:00:00,139.99,140.463,139.156,139.652,186959.34375
2017-03-18 00:00:00,139.652,139.652,139.652,139.652,0.0
2017-03-19 00:00:00,139.547,139.705,139.453,139.535,6499.509765625
2017-03-20 00:00:00,139.535,140.145,138.895,139.198,163191.625
2017-03-21 00:00:00,139.202,140.411,138.926,139.213,234960.59375
2017-03-22 00:00:00,139.211,139.483,137.769,138.887,236926.890625
2017-03-23 00:00:00,138.893,139.326,138.296,138.922,250738.015625
2017-03-24 00:00:00,138.923,139.159,138.311,138.803,198778.890625
2017-03-25 00:00:00,138.803,138.803,138.803,138.803,0.0
2017-03-26 00:00:00,138.523,138.729,138.196,138.337,18766.869140625
2017-03-27 00:00:00,138.336,139.18,138.046,139.091,209475.8125
2017-03-28 00:00:00,139.088,139.396,138.043,138.103,194838.890625
2017-03-29 00:00:00,138.101,138.35,137.52,138.269,207304.125
2017-03-30 00:00:00,138.268,139.6,137.745,139.411,187319.296875
2017-03-31 00:00:00,139.411,140.09,138.977,139.793,197838.25
2017-04-01 00:00:00,139.793,139.793,139.793,139.793,0.0
2017-04-02 00:00:00,139.707,139.848,139.484,139.535,8862.240234375
2017-04-03 00:00:00,139.534,139.9,138.235,138.248,183399.125
2017-04-04 00:00:00,138.245,138.37,137.086,137.883,191882.4375
2017-04-05 00:00:00,137.885,139.042,137.454,137.848,208542.109375
2017-04-06 00:00:00,137.848,138.713,137.718,138.258,201041.703125
2017-04-07 00:00:00,138.255,138.338,136.978,137.351,237207.875
2017-04-08 00:00:00,137.351,137.351,137.351,137.351,0.0
2017-04-09 00:00:00,137.453,137.74,137.425,137.627,13090.1796875
2017-04-10 00:00:00,137.626,138.263,137.452,137.51,168620.5
2017-04-11 00:00:00,137.508,137.732,136.803,136.813,205132.8125
2017-04-12 00:00:00,136.811,137.336,136.526,136.632,212211.28125
2017-04-13 00:00:00,136.633,137.116,136.334,136.426,202130.515625
2017-04-14 00:00:00,136.431,136.626,135.935,135.949,93996.75
2017-04-15 00:00:00,135.949,135.949,135.949,135.949,0.0
2017-04-16 00:00:00,136.262,136.359,135.628,135.771,15762.16015625
2017-04-17 00:00:00,135.773,137.069,135.597,137.026,140969.25
2017-04-18 00:00:00,137.024,140.02,136.146,139.406,235856.34375
2017-04-19 00:00:00,139.406,140.185,138.931,139.099,225719.609375
2017-04-20 00:00:00,139.1,140.342,139.065,140.012,197689.15625
2017-04-21 00:00:00,140.01,140.155,139.198,139.665,182897.328125
2017-04-22 00:00:00,139.665,139.665,139.665,139.665,0.0
2017-04-23 00:00:00,141.783,141.815,140.903,141.084,21496.69921875
2017-04-24 00:00:00,141.081,141.409,140.053,140.075,202911.9375
2017-04-25 00:00:00,140.074,142.649,140.074,142.535,207741.609375
2017-04-26 00:00:00,142.531,143.503,142.332,142.837,224948.4375
2017-04-27 00:00:00,142.838,143.888,142.807,143.375,201999.90625
2017-04-28 00:00:00,143.37,144.493,143.299,144.342,190786.8125
2017-04-29 00:00:00,144.342,144.342,144.342,144.342,0.0
2017-04-30 00:00:00,143.958,144.212,143.803,143.957,12351.669921875
2017-05-01 00:00:00,143.957,144.626,143.903,144.228,134937.890625
2017-05-02 00:00:00,144.23,145.116,144.223,144.915,170040.34375
2017-05-03 00:00:00,144.913,145.36,144.513,145.208,170320.84375
2017-05-04 00:00:00,145.208,145.726,144.66,145.466,181551.96875
2017-05-05 00:00:00,145.465,146.438,144.807,146.25,181476.375
2017-05-06 00:00:00,146.25,146.25,146.25,146.25,0.0
2017-05-07 00:00:00,146.627,146.674,145.993,146.1,14739.16015625
2017-05-08 00:00:00,146.098,146.641,145.657,146.515,186908.046875
2017-05-09 00:00:00,146.516,147.876,146.446,147.217,198142.234375
2017-05-10 00:00:00,147.214,148.107,147.123,147.828,187968.6875
2017-05-11 00:00:00,147.827,147.871,146.145,146.692,188531.171875
2017-05-12 00:00:00,146.692,146.797,145.801,146.103,175139.921875
2017-05-13 00:00:00,146.103,146.103,146.103,146.103,0.0
2017-05-14 00:00:00,145.757,146.062,145.753,145.927,18632.73046875
2017-05-15 00:00:00,145.926,147.0,145.896,146.618,163180.515625
2017-05-16 00:00:00,146.619,147.11,145.453,145.549,201185.734375
2017-05-17 00:00:00,145.551,145.919,143.405,144.053,246962.171875
2017-05-18 00:00:00,144.055,144.83,143.352,144.351,278384.28125
2017-05-19 00:00:00,144.349,145.386,143.824,144.974,201386.8125
2017-05-20 00:00:00,144.974,144.974,144.974,144.974,0.0
2017-05-21 00:00:00,144.353,144.886,144.297,144.772,10886.4296875
2017-05-22 00:00:00,144.775,145.084,144.041,144.079,190898.796875
2017-05-23 00:00:00,144.082,145.145,143.762,145.053,211891.359375
2017-05-24 00:00:00,145.052,145.41,144.501,144.755,201339.171875
2017-05-25 00:00:00,144.757,145.445,144.435,144.472,202674.0625
2017-05-26 00:00:00,144.479,144.483,142.133,142.534,170873.1875
2017-05-27 00:00:00,142.534,142.534,142.534,142.534,0.0
2017-05-28 00:00:00,142.368,142.627,142.343,142.551,8479.919921875
2017-05-29 00:00:00,142.554,143.079,142.445,142.481,112936.96875
2017-05-30 00:00:00,142.484,143.095,141.759,141.964,175417.9375
2017-05-31 00:00:00,141.968,142.906,141.491,142.66,198294.1875
2017-06-01 00:00:00,142.656,143.704,142.526,143.602,168801.265625
2017-06-02 00:00:00,143.604,143.95,142.023,142.327,158584.21875
2017-06-03 00:00:00,142.327,142.327,142.327,142.327,0.0
2017-06-04 00:00:00,141.926,142.303,141.882,142.142,16796.26953125
2017-06-05 00:00:00,142.14,143.097,141.961,142.461,133559.546875
2017-06-06 00:00:00,142.462,142.571,140.714,141.319,176313.953125
2017-06-07 00:00:00,141.318,142.486,140.745,142.483,173452.109375
2017-06-08 00:00:00,142.485,142.769,139.575,139.796,209144.65625
2017-06-09 00:00:00,139.794,141.117,139.533,140.504,224110.859375
2017-06-10 00:00:00,140.504,140.504,140.504,140.504,0.0
2017-06-11 00:00:00,140.232,140.709,140.225,140.567,8854.8203125
2017-06-12 00:00:00,140.566,140.8,138.669,139.273,211396.171875
2017-06-13 00:00:00,139.274,140.406,139.055,140.308,155601.3125
2017-06-14 00:00:00,140.314,140.905,139.105,139.576,215016.5625
2017-06-15 00:00:00,139.576,141.63,139.194,141.627,193266.5625
2017-06-16 00:00:00,141.625,142.331,141.453,141.65,166405.28125
2017-06-17 00:00:00,141.65,141.65,141.65,141.65,0.0
2017-06-18 00:00:00,141.517,141.78,141.368,141.759,10581.580078125
2017-06-19 00:00:00,141.756,142.335,141.599,142.189,156641.484375
2017-06-20 00:00:00,142.188,142.544,140.572,140.64,164963.125
2017-06-21 00:00:00,140.64,141.762,139.848,141.099,170091.09375
2017-06-22 00:00:00,141.101,141.228,140.469,141.095,158749.734375
2017-06-23 00:00:00,141.098,141.887,141.015,141.483,123312.109375
2017-06-24 00:00:00,141.483,141.483,141.483,141.483,0.0
2017-06-25 00:00:00,141.533,141.796,141.488,141.766,7118.18994140625
2017-06-26 00:00:00,141.765,142.365,141.691,142.338,140907.6875
2017-06-27 00:00:00,142.336,144.221,141.962,143.753,179654.65625
2017-06-28 00:00:00,143.752,145.52,143.264,145.378,194444.046875
2017-06-29 00:00:00,145.376,146.53,145.249,145.679,199321.90625
2017-06-30 00:00:00,145.681,146.543,145.138,146.352,180958.453125
2017-07-01 00:00:00,146.352,146.352,146.352,146.352,0.0
2017-07-02 00:00:00,145.768,146.271,145.752,146.085,10979.900390625
2017-07-03 00:00:00,146.092,146.929,145.896,146.805,173352.125
2017-07-04 00:00:00,146.806,146.808,145.986,146.127,161570.6875
2017-07-05 00:00:00,146.127,146.798,146.007,146.37,183410.15625
2017-07-06 00:00:00,146.373,147.274,146.051,146.733,181155.375
2017-07-07 00:00:00,146.733,147.611,146.418,146.797,186526.953125
2017-07-08 00:00:00,146.797,146.797,146.797,146.797,0.0
2017-07-09 00:00:00,146.673,146.988,146.629,146.911,10938.3203125
2017-07-10 00:00:00,146.909,147.447,146.709,146.917,156238.546875
2017-07-11 00:00:00,146.913,147.776,146.17,146.265,187886.796875
2017-07-12 00:00:00,146.266,146.361,145.268,146.103,211354.0
2017-07-13 00:00:00,146.101,146.914,145.554,146.851,194775.84375
2017-07-14 00:00:00,146.852,147.565,146.009,147.378,169319.96875
2017-07-15 00:00:00,147.378,147.378,147.378,147.378,0.0
2017-07-16 00:00:00,147.287,147.587,147.277,147.364,13537.150390625
2017-07-17 00:00:00,147.367,147.61,146.759,146.958,182691.8125
2017-07-18 00:00:00,146.957,147.325,145.398,145.988,220455.265625
2017-07-19 00:00:00,145.982,146.325,145.262,145.788,172618.234375
2017-07-20 00:00:00,145.785,146.275,144.694,145.058,232198.484375
2017-07-21 00:00:00,145.058,145.329,144.056,144.388,179826.796875
2017-07-22 00:00:00,144.388,144.388,144.388,144.388,0.0
2017-07-23 00:00:00,144.333,144.502,144.217,144.262,10206.4296875
2017-07-24 00:00:00,144.265,145.012,144.026,144.896,192534.15625
2017-07-25 00:00:00,144.899,145.954,144.462,145.915,202094.3125
2017-07-26 00:00:00,145.92,146.413,145.493,145.777,245507.140625
2017-07-27 00:00:00,145.776,146.557,145.126,145.26,247877.15625
2017-07-28 00:00:00,145.259,145.779,145.01,145.309,212934.8125
2017-07-29 00:00:00,145.309,145.309,145.309,145.309,0.0
2017-07-30 00:00:00,145.179,145.421,145.177,145.24,10410.9296875
2017-07-31 00:00:00,145.238,145.838,144.816,145.633,212482.359375
2017-08-01 00:00:00,145.638,146.163,145.402,145.863,200333.109375
2017-08-02 00:00:00,145.857,146.76,145.833,146.497,208412.765625
2017-08-03 00:00:00,146.498,146.797,144.374,144.43,202531.90625
2017-08-04 00:00:00,144.429,145.301,144.228,144.266,173803.328125
2017-08-05 00:00:00,144.266,144.266,144.266,144.266,0.0
2017-08-06 00:00:00,144.328,144.621,144.286,144.557,14239.900390625
2017-08-07 00:00:00,144.558,144.716,144.183,144.378,152229.515625
2017-08-08 00:00:00,144.377,144.464,142.97,142.987,168319.203125
2017-08-09 00:00:00,142.988,143.346,142.273,143.176,192983.6875
2017-08-10 00:00:00,143.172,143.336,141.539,141.577,192943.359375
2017-08-11 00:00:00,141.57,142.074,141.254,142.013,212451.125
2017-08-12 00:00:00,142.013,142.013,142.013,142.013,0.0
2017-08-13 00:00:00,141.634,142.1,141.627,142.083,12939.2099609375
2017-08-14 00:00:00,142.088,142.737,141.925,142.529,247524.328125
2017-08-15 00:00:00,142.535,143.191,141.974,142.303,272415.09375
2017-08-16 00:00:00,142.302,143.096,141.722,141.783,217535.015625
2017-08-17 00:00:00,141.783,142.035,140.621,140.65,244069.828125
2017-08-18 00:00:00,140.649,141.094,139.788,140.55,225727.21875
2017-08-19 00:00:00,140.55,140.55,140.55,140.55,0.0
2017-08-20 00:00:00,140.578,140.844,140.501,140.72,12762.75
2017-08-21 00:00:00,140.716,140.809,140.105,140.578,191257.875
2017-08-22 00:00:00,140.58,141.035,140.06,140.7,172845.6875
2017-08-23 00:00:00,140.694,140.791,139.312,139.422,213564.859375
2017-08-24 00:00:00,139.423,140.443,139.403,140.171,204654.125
2017-08-25 00:00:00,140.176,140.859,140.142,140.819,185151.0
2017-08-26 00:00:00,140.819,140.819,140.819,140.819,0.0
2017-08-27 00:00:00,141.083,141.14,140.96,141.08,17363.44921875
2017-08-28 00:00:00,141.076,141.414,140.003,140.541,208816.984375
2017-08-29 00:00:00,140.543,141.998,140.407,141.843,254415.96875
2017-08-30 00:00:00,141.848,142.773,141.805,142.72,221446.828125
2017-08-31 00:00:00,142.716,142.901,141.547,142.497,219683.40625
2017-09-01 00:00:00,142.497,142.99,142.102,142.772,195094.6875
2017-09-02 00:00:00,142.772,142.772,142.772,142.772,0.0
2017-09-03 00:00:00,141.933,142.414,141.857,142.348,14173.4404296875
2017-09-04 00:00:00,142.349,142.497,141.58,141.896,176332.5625
2017-09-05 00:00:00,141.895,141.902,141.194,141.619,246494.40625
2017-09-06 00:00:00,141.619,142.68,141.368,142.402,224474.4375
2017-09-07 00:00:00,142.402,142.677,141.484,141.897,251026.40625
2017-09-08 00:00:00,141.894,142.545,141.34,142.252,257020.75
2017-09-09 00:00:00,142.252,142.252,142.252,142.252,0.0
2017-09-10 00:00:00,142.638,143.043,142.542,142.843,13744.650390625
2017-09-11 00:00:00,142.845,144.169,142.692,144.068,220149.15625
2017-09-12 00:00:00,144.071,146.573,143.979,146.481,225622.1875
2017-09-13 00:00:00,146.481,146.66,145.668,145.929,202288.453125
2017-09-14 00:00:00,145.931,148.342,145.178,147.291,222294.15625
2017-09-15 00:00:00,147.293,151.545,147.242,150.648,211426.34375
2017-09-16 00:00:00,150.648,150.648,150.648,150.648,0.0
2017-09-17 00:00:00,150.56,151.017,150.548,150.944,10196.9296875
2017-09-18 00:00:00,150.945,151.512,150.141,150.668,202091.375
2017-09-19 00:00:00,150.668,151.588,150.13,150.799,215337.296875
2017-09-20 00:00:00,150.808,152.17,150.467,151.827,293572.65625
2017-09-21 00:00:00,151.826,152.856,151.453,152.708,236053.796875
2017-09-22 00:00:00,152.702,152.75,150.665,151.106,250936.8125
2017-09-23 00:00:00,151.106,151.106,151.106,151.106,0.0
2017-09-24 00:00:00,151.253,151.921,151.209,151.85,13129.2900390625
2017-09-25 00:00:00,151.85,152.269,149.749,150.583,231713.3125
2017-09-26 00:00:00,150.582,151.145,149.984,151.048,208412.8125
2017-09-27 00:00:00,151.05,151.601,150.518,151.247,223215.796875
2017-09-28 00:00:00,151.246,151.574,150.469,151.052,210083.8125
2017-09-29 00:00:00,151.052,151.281,150.196,150.67,175506.25
2017-09-30 00:00:00,150.67,150.67,150.67,150.67,0.0
2017-10-01 00:00:00,150.598,150.962,150.387,150.881,7810.5400390625
2017-10-02 00:00:00,150.883,150.949,149.275,149.68,184729.15625
2017-10-03 00:00:00,149.68,150.237,149.293,149.439,165995.5625
2017-10-04 00:00:00,149.438,149.905,149.037,149.29,161610.90625
2017-10-05 00:00:00,149.29,149.453,147.679,147.901,152274.796875
2017-10-06 00:00:00,147.901,147.979,147.044,147.157,244612.484375
2017-10-07 00:00:00,147.157,147.157,147.157,147.157,0.0
2017-10-08 00:00:00,147.392,147.432,146.944,147.23,11693.08984375
2017-10-09 00:00:00,147.231,148.55,147.218,148.072,147450.3125
2017-10-10 00:00:00,148.077,148.52,147.737,148.406,161053.8125
2017-10-11 00:00:00,148.407,148.883,147.846,148.855,153668.234375
2017-10-12 00:00:00,148.852,149.155,147.297,148.871,172475.40625
2017-10-13 00:00:00,148.871,149.263,148.457,148.547,162770.359375
2017-10-14 00:00:00,148.547,148.547,148.547,148.547,0.0
2017-10-15 00:00:00,148.57,148.824,148.514,148.662,7454.35009765625
2017-10-16 00:00:00,148.665,148.965,148.158,148.675,145469.921875
2017-10-17 00:00:00,148.673,149.061,147.777,148.023,174014.921875
2017-10-18 00:00:00,148.02,149.401,147.949,149.299,170073.140625
2017-10-19 00:00:00,149.306,149.433,147.898,148.187,186911.921875
2017-10-20 00:00:00,148.187,149.824,148.104,149.651,178463.640625
2017-10-21 00:00:00,149.651,149.651,149.651,149.651,0.0
2017-10-22 00:00:00,150.088,150.495,150.024,150.451,13054.0595703125
2017-10-23 00:00:00,150.451,150.451,149.478,149.63,175382.65625
2017-10-24 00:00:00,149.628,150.088,149.132,149.606,174691.5
2017-10-25 00:00:00,149.606,151.394,149.279,150.741,208757.171875
2017-10-26 00:00:00,150.74,150.895,149.713,149.828,188485.21875
2017-10-27 00:00:00,149.84,149.991,148.897,149.194,172708.59375
2017-10-28 00:00:00,149.194,149.194,149.194,149.194,0.0
2017-10-29 00:00:00,149.096,149.406,149.096,149.363,9411.1103515625
2017-10-30 00:00:00,149.361,150.01,149.173,149.33,156846.375
2017-10-31 00:00:00,149.33,151.113,149.191,151.056,170976.4375
2017-11-01 00:00:00,151.056,151.933,150.992,151.342,165677.015625
2017-11-02 00:00:00,151.349,151.541,148.662,148.826,186487.265625
2017-11-03 00:00:00,148.824,149.531,148.706,149.111,146384.515625
2017-11-04 00:00:00,149.111,149.111,149.111,149.111,0.0
2017-11-05 00:00:00,148.987,149.356,148.984,149.328,9499.2001953125
2017-11-06 00:00:00,149.328,149.915,149.302,149.876,165573.9375
2017-11-07 00:00:00,149.873,150.325,149.654,149.815,165484.796875
2017-11-08 00:00:00,149.819,149.922,148.542,149.382,149934.953125
2017-11-09 00:00:00,149.382,149.695,148.45,148.986,202684.09375
2017-11-10 00:00:00,148.984,149.997,148.836,149.71,160933.421875
2017-11-11 00:00:00,149.71,149.71,149.71,149.71,0.0
2017-11-12 00:00:00,149.418,149.683,149.107,149.17,12200.3701171875
2017-11-13 00:00:00,149.168,149.254,148.055,149.053,155535.0625
2017-11-14 00:00:00,149.05,149.575,148.616,149.221,172620.421875
2017-11-15 00:00:00,149.224,149.316,148.116,148.541,208144.765625
2017-11-16 00:00:00,148.539,149.454,148.536,149.215,172562.328125
2017-11-17 00:00:00,149.212,149.314,147.932,148.14,178756.921875
2017-11-18 00:00:00,148.14,148.14,148.14,148.14,0.0
2017-11-19 00:00:00,148.188,148.266,147.67,147.854,15612.23046875
2017-11-20 00:00:00,147.856,149.233,147.63,149.043,184341.09375
2017-11-21 00:00:00,149.041,149.372,148.616,148.823,152805.40625
2017-11-22 00:00:00,148.821,148.878,148.014,148.169,154325.203125
2017-11-23 00:00:00,148.17,148.478,147.809,148.035,107280.0625
2017-11-24 00:00:00,148.039,148.982,147.965,148.694,137046.6875
2017-11-25 00:00:00,148.694,148.694,148.694,148.694,0.0
2017-11-26 00:00:00,148.584,148.864,148.496,148.775,7112.0498046875
2017-11-27 00:00:00,148.775,148.775,147.835,148.043,154558.875
2017-11-28 00:00:00,148.042,149.286,146.975,149.184,201039.8125
2017-11-29 00:00:00,149.182,150.433,148.884,150.277,193812.125
2017-11-30 00:00:00,150.275,152.411,150.17,152.321,223665.0625
2017-12-01 00:00:00,152.319,152.479,150.582,151.291,241098.125
2017-12-02 00:00:00,151.291,151.291,151.291,151.291,0.0
2017-12-03 00:00:00,151.572,152.405,151.377,152.289,20161.5
2017-12-04 00:00:00,152.289,152.949,151.243,151.561,237437.796875
2017-12-05 00:00:00,151.563,151.809,150.521,150.863,209276.203125
2017-12-06 00:00:00,150.863,151.086,149.757,150.39,207494.703125
2017-12-07 00:00:00,150.392,152.647,150.164,152.62,203450.03125
2017-12-08 00:00:00,152.622,153.408,151.629,151.787,182134.53125
2017-12-09 00:00:00,151.787,151.787,151.787,151.787,0.0
2017-12-10 00:00:00,151.837,152.196,151.782,152.063,14842.1201171875
2017-12-11 00:00:00,152.062,152.343,151.232,151.548,166673.5
2017-12-12 00:00:00,151.548,151.757,151.02,151.217,172830.65625
2017-12-13 00:00:00,151.217,151.509,150.472,151.207,205377.65625
2017-12-14 00:00:00,151.207,151.88,150.625,150.964,215949.796875
2017-12-15 00:00:00,150.964,151.02,149.41,150.07,204878.875
2017-12-16 00:00:00,150.07,150.07,150.07,150.07,0.0
2017-12-17 00:00:00,150.048,150.16,149.57,150.097,14266.48046875
2017-12-18 00:00:00,150.102,151.031,150.048,150.609,173699.09375
2017-12-19 00:00:00,150.61,151.268,150.371,151.258,191374.796875
2017-12-20 00:00:00,151.257,152.011,151.181,151.397,183955.3125
2017-12-21 00:00:00,151.403,151.914,151.262,151.577,136301.296875
2017-12-22 00:00:00,151.574,151.855,151.191,151.241,162844.40625
2017-12-23 00:00:00,151.241,151.241,151.241,151.241,0.0
2017-12-24 00:00:00,151.185,151.265,151.175,151.261,45.970001220703125
2017-12-25 00:00:00,151.25,151.622,151.19,151.526,7925.56982421875
2017-12-26 00:00:00,151.53,151.581,151.186,151.408,191636.921875
2017-12-27 00:00:00,151.408,152.087,151.37,151.749,168992.875
2017-12-28 00:00:00,151.744,151.98,151.491,151.721,129407.703125
2017-12-29 00:00:00,151.725,152.511,151.528,152.004,112956.5625
2017-12-30 00:00:00,152.004,152.004,152.004,152.004,0.0
2017-12-31 00:00:00,152.004,152.004,152.004,152.004,0.0
2018-01-01 00:00:00,151.972,152.437,151.888,152.355,18787.349609375
2018-01-02 00:00:00,152.356,152.74,151.862,152.597,126908.8828125
2018-01-03 00:00:00,152.595,152.82,151.755,152.14,163672.265625
2018-01-04 00:00:00,152.142,152.979,152.142,152.863,133792.8125
2018-01-05 00:00:00,152.863,153.64,152.815,153.323,134521.625
2018-01-06 00:00:00,153.323,153.323,153.323,153.323,0.0
2018-01-07 00:00:00,153.395,153.656,153.223,153.623,9143.3701171875
2018-01-08 00:00:00,153.624,153.668,152.872,153.537,150951.546875
2018-01-09 00:00:00,153.537,153.57,151.941,152.581,182486.765625
2018-01-10 00:00:00,152.58,152.592,150.357,150.596,231543.765625
2018-01-11 00:00:00,150.593,151.001,150.193,150.689,209645.71875
2018-01-12 00:00:00,150.691,152.672,150.602,152.415,232180.921875
2018-01-13 00:00:00,152.415,152.415,152.415,152.415,0.0
2018-01-14 00:00:00,152.482,152.71,152.394,152.609,12634.169921875
2018-01-15 00:00:00,152.612,152.807,151.93,152.581,202877.65625
2018-01-16 00:00:00,152.581,153.096,152.047,152.309,222373.3125
2018-01-17 00:00:00,152.313,154.281,152.198,153.94,252494.40625
2018-01-18 00:00:00,153.94,154.579,153.616,154.261,234528.9375
2018-01-19 00:00:00,154.258,154.355,153.11,153.483,232126.328125
2018-01-20 00:00:00,153.483,153.483,153.483,153.483,0.0
2018-01-21 00:00:00,153.558,153.788,153.472,153.748,15622.7802734375
2018-01-22 00:00:00,153.748,155.255,153.496,155.189,202941.015625
2018-01-23 00:00:00,155.187,155.396,153.73,154.303,240684.375
2018-01-24 00:00:00,154.305,155.704,154.125,155.451,283127.9375
2018-01-25 00:00:00,155.45,156.083,154.423,155.174,346801.09375
2018-01-26 00:00:00,155.176,155.85,153.424,153.766,299406.09375
2018-01-27 00:00:00,153.766,153.766,153.766,153.766,0.0
2018-01-28 00:00:00,153.648,153.849,153.568,153.682,21863.919921875
2018-01-29 00:00:00,153.68,154.02,152.82,153.307,269121.40625
2018-01-30 00:00:00,153.308,154.086,151.97,153.92,288502.21875
2018-01-31 00:00:00,153.924,155.345,153.558,155.042,297842.8125
2018-02-01 00:00:00,155.042,156.44,154.947,156.062,284226.40625
2018-02-02 00:00:00,156.064,156.607,155.413,155.523,306180.40625
2018-02-03 00:00:00,155.523,155.523,155.523,155.523,0.0
2018-02-04 00:00:00,155.383,155.538,155.034,155.257,23826.349609375
2018-02-05 00:00:00,155.256,155.402,152.018,152.06,338196.625
2018-02-06 00:00:00,152.056,153.118,151.203,153.009,425437.90625
2018-02-07 00:00:00,153.018,153.052,151.323,151.494,325877.71875
2018-02-08 00:00:00,151.494,154.043,150.822,151.283,395868.9375
2018-02-09 00:00:00,151.283,152.75,148.918,150.381,406693.75
2018-02-10 00:00:00,150.381,150.381,150.381,150.381,0.0
2018-02-11 00:00:00,150.341,150.511,150.211,150.404,18314.3203125
2018-02-12 00:00:00,150.402,150.826,149.662,150.561,318105.84375
2018-02-13 00:00:00,150.56,150.56,148.974,149.618,319521.1875
2018-02-14 00:00:00,149.618,150.024,147.961,149.323,364494.21875
2018-02-15 00:00:00,149.324,150.184,148.936,149.649,352870.25
2018-02-16 00:00:00,149.65,149.961,148.775,149.111,305404.625
2018-02-17 00:00:00,149.111,149.111,149.111,149.111,0.0
2018-02-18 00:00:00,148.94,149.214,148.939,149.101,16813.310546875
2018-02-19 00:00:00,149.101,149.47,148.877,149.317,253812.703125
2018-02-20 00:00:00,149.313,150.38,149.073,150.338,283072.625
2018-02-21 00:00:00,150.331,150.931,149.416,149.642,323578.5625
2018-02-22 00:00:00,149.642,149.785,148.538,149.048,299242.46875
2018-02-23 00:00:00,149.05,149.513,148.641,149.271,255619.375
2018-02-24 00:00:00,149.271,149.271,149.271,149.271,0.0
2018-02-25 00:00:00,149.878,149.878,149.336,149.565,20498.7109375
2018-02-26 00:00:00,149.565,150.01,149.002,149.506,280988.84375
2018-02-27 00:00:00,149.506,149.812,148.836,149.367,296928.875
2018-02-28 00:00:00,149.369,149.514,146.578,146.671,315043.28125
2018-03-01 00:00:00,146.67,147.485,146.007,146.248,368194.5625
2018-03-02 00:00:00,146.249,146.442,144.985,145.885,343418.90625
2018-03-03 00:00:00,145.885,145.885,145.885,145.885,0.0
2018-03-04 00:00:00,145.584,145.892,145.37,145.613,30438.48046875
2018-03-05 00:00:00,145.619,147.204,145.079,147.146,316394.84375
2018-03-06 00:00:00,147.149,148.011,146.532,146.74,325189.65625
2018-03-07 00:00:00,146.743,147.658,146.228,147.635,330017.875
2018-03-08 00:00:00,147.632,147.647,146.363,146.893,313676.71875
2018-03-09 00:00:00,146.895,148.543,146.79,147.882,296468.5625
2018-03-10 00:00:00,147.882,147.882,147.882,147.882,0.0
2018-03-11 00:00:00,147.677,148.196,147.673,148.114,21134.599609375
2018-03-12 00:00:00,148.112,148.211,147.411,147.781,287010.5
2018-03-13 00:00:00,147.794,149.376,147.762,148.839,311454.0625
2018-03-14 00:00:00,148.838,149.162,147.752,148.299,282399.6875
2018-03-15 00:00:00,148.297,148.423,147.445,148.162,315752.0
2018-03-16 00:00:00,148.161,148.193,147.246,147.746,260672.84375
2018-03-17 00:00:00,147.746,147.746,147.746,147.746,0.0
2018-03-18 00:00:00,147.608,147.897,147.591,147.744,16147.5400390625
2018-03-19 00:00:00,147.747,149.682,147.045,148.685,291107.1875
2018-03-20 00:00:00,148.683,149.79,148.649,149.107,268363.53125
2018-03-21 00:00:00,149.107,150.303,148.95,149.827,261526.6875
2018-03-22 00:00:00,149.827,150.17,147.665,148.116,337311.0
2018-03-23 00:00:00,148.118,148.971,147.717,147.983,284377.3125
2018-03-24 00:00:00,147.983,147.983,147.983,147.983,0.0
2018-03-25 00:00:00,147.933,148.383,147.877,148.321,13116.080078125
2018-03-26 00:00:00,148.316,150.268,148.244,150.268,239024.0625
2018-03-27 00:00:00,150.269,150.496,148.93,149.476,257480.375
2018-03-28 00:00:00,149.476,150.589,149.126,150.388,298173.5
2018-03-29 00:00:00,150.39,150.425,149.021,149.333,277659.1875
2018-03-30 00:00:00,149.331,149.358,148.823,148.886,171096.375
2018-03-31 00:00:00,148.886,148.886,148.886,148.886,0.0
2018-04-01 00:00:00,148.927,149.286,148.91,149.224,17340.849609375
2018-04-02 00:00:00,149.225,149.671,148.384,148.606,173898.28125
2018-04-03 00:00:00,148.605,149.956,148.49,149.754,237378.59375
2018-04-04 00:00:00,149.755,150.455,148.797,150.431,253366.015625
2018-04-05 00:00:00,150.435,150.687,149.883,150.01,280832.1875
2018-04-06 00:00:00,150.009,151.224,149.914,150.599,241865.953125
2018-04-07 00:00:00,150.599,150.599,150.599,150.599,0.0
2018-04-08 00:00:00,150.631,150.796,150.488,150.703,12433.01953125
2018-04-09 00:00:00,150.703,151.489,150.588,150.878,217584.921875
2018-04-10 00:00:00,150.878,152.136,150.707,151.923,241122.34375
2018-04-11 00:00:00,151.923,152.242,151.276,151.556,224268.765625
2018-04-12 00:00:00,151.554,152.875,151.167,152.717,209053.78125
2018-04-13 00:00:00,152.724,153.852,152.675,152.809,168281.296875
2018-04-14 00:00:00,152.809,152.809,152.809,152.809,0.0
2018-04-15 00:00:00,152.951,153.207,152.889,153.169,13423.91015625
2018-04-16 00:00:00,153.168,153.758,152.651,153.514,165858.484375
2018-04-17 00:00:00,153.516,153.752,152.778,153.006,180478.59375
2018-04-18 00:00:00,153.002,153.627,152.056,152.467,183488.84375
2018-04-19 00:00:00,152.464,152.956,151.089,151.322,204913.265625
2018-04-20 00:00:00,151.321,151.701,150.664,150.664,177005.984375
2018-04-21 00:00:00,150.664,150.664,150.664,150.664,0.0
2018-04-22 00:00:00,150.872,151.065,150.727,151.05,13976.9404296875
2018-04-23 00:00:00,151.047,151.64,150.874,151.595,169987.734375
2018-04-24 00:00:00,151.594,152.599,151.405,152.256,198485.609375
2018-04-25 00:00:00,152.256,152.566,152.079,152.423,190213.25
2018-04-26 00:00:00,152.431,152.725,151.973,152.125,208006.09375
2018-04-27 00:00:00,152.125,152.274,150.24,150.261,192334.703125
2018-04-28 00:00:00,150.261,150.261,150.261,150.261,0.0
2018-04-29 00:00:00,150.189,150.369,150.145,150.209,11118.9697265625
2018-04-30 00:00:00,150.207,150.839,149.835,150.568,174053.8125
2018-05-01 00:00:00,150.565,150.631,149.145,149.545,205005.921875
2018-05-02 00:00:00,149.545,150.121,148.984,149.073,227387.8125
2018-05-03 00:00:00,149.073,149.462,147.6,148.065,223425.5625
2018-05-04 00:00:00,148.063,148.292,147.058,147.52,171493.28125
2018-05-05 00:00:00,147.52,147.52,147.52,147.52,0.0
2018-05-06 00:00:00,147.645,147.822,147.593,147.679,7536.490234375
2018-05-07 00:00:00,147.68,148.261,147.342,147.818,158934.015625
2018-05-08 00:00:00,147.821,148.074,147.049,147.775,210406.609375
2018-05-09 00:00:00,147.771,149.192,147.742,148.758,214265.75
2018-05-10 00:00:00,148.759,149.304,147.48,147.999,276193.0
2018-05-11 00:00:00,148.004,148.483,147.579,148.098,203714.078125
2018-05-12 00:00:00,148.098,148.098,148.098,148.098,0.0
2018-05-13 00:00:00,148.02,148.196,147.966,148.122,8956.0703125
2018-05-14 00:00:00,148.124,149.067,148.066,148.803,170550.5625
2018-05-15 00:00:00,148.804,149.2,148.379,148.889,226630.90625
2018-05-16 00:00:00,148.887,149.526,148.18,149.514,228965.734375
2018-05-17 00:00:00,149.51,149.844,149.054,149.755,222836.03125
2018-05-18 00:00:00,149.755,150.009,149.088,149.155,186031.46875
2018-05-19 00:00:00,149.155,149.155,149.155,149.155,0.0
2018-05-20 00:00:00,149.231,149.455,149.222,149.44,7573.22998046875
2018-05-21 00:00:00,149.439,149.653,148.811,149.08,208007.25
2018-05-22 00:00:00,149.079,149.723,148.765,148.838,220688.5
2018-05-23 00:00:00,148.837,148.939,145.943,146.902,288780.9375
2018-05-24 00:00:00,146.902,147.264,145.687,146.283,271092.03125
2018-05-25 00:00:00,146.285,146.72,145.278,145.409,225529.015625
2018-05-26 00:00:00,145.409,145.409,145.409,145.409,0.0
2018-05-27 00:00:00,146.121,146.191,145.827,145.872,14541.330078125
2018-05-28 00:00:00,145.871,146.172,145.318,145.633,195077.296875
2018-05-29 00:00:00,145.632,145.632,143.195,143.678,331640.3125
2018-05-30 00:00:00,143.68,145.053,143.606,144.434,286904.90625
2018-05-31 00:00:00,144.434,145.309,144.122,144.563,281271.0625
2018-06-01 00:00:00,144.568,146.3,144.491,146.146,238319.0
2018-06-02 00:00:00,146.146,146.146,146.146,146.146,0.0
2018-06-03 00:00:00,146.011,146.381,145.986,146.355,12063.919921875
2018-06-04 00:00:00,146.357,146.895,145.838,146.428,214347.34375
2018-06-05 00:00:00,146.429,147.396,146.037,147.317,237484.328125
2018-06-06 00:00:00,147.316,148.004,147.212,147.797,209543.953125
2018-06-07 00:00:00,147.795,148.117,146.904,147.186,248252.71875
2018-06-08 00:00:00,147.213,147.44,146.089,146.887,211240.5625
2018-06-09 00:00:00,146.887,146.887,146.887,146.887,0.0
2018-06-10 00:00:00,146.575,146.833,146.561,146.819,10565.58984375
2018-06-11 00:00:00,146.816,147.844,146.704,147.605,202498.09375
2018-06-12 00:00:00,147.608,147.986,147.117,147.711,225675.625
2018-06-13 00:00:00,147.709,147.895,147.21,147.513,197533.59375
2018-06-14 00:00:00,147.511,147.846,146.619,146.64,231321.015625
2018-06-15 00:00:00,146.645,147.062,146.294,146.947,201734.8125
2018-06-16 00:00:00,146.947,146.947,146.947,146.947,0.0
2018-06-17 00:00:00,146.761,147.026,146.76,146.878,14581.830078125
2018-06-18 00:00:00,146.877,146.877,145.99,146.01,190917.90625
2018-06-19 00:00:00,146.016,146.18,144.383,145.017,262111.296875
2018-06-20 00:00:00,145.017,145.621,144.582,145.391,223242.5625
2018-06-21 00:00:00,145.39,146.217,144.589,145.631,291559.5625
2018-06-22 00:00:00,145.634,146.648,145.577,145.839,220769.125
2018-06-23 00:00:00,145.839,145.839,145.839,145.839,0.0
2018-06-24 00:00:00,145.578,145.931,145.578,145.796,17547.51953125
2018-06-25 00:00:00,145.796,146.185,144.694,145.569,250974.8125
2018-06-26 00:00:00,145.573,145.751,144.971,145.587,265137.0
2018-06-27 00:00:00,145.586,145.659,144.468,144.602,314821.15625
2018-06-28 00:00:00,144.602,144.649,143.771,144.462,269206.53125
2018-06-29 00:00:00,144.464,146.33,144.342,146.136,272603.0625
2018-06-30 00:00:00,146.136,146.136,146.136,146.136,0.0
2018-07-01 00:00:00,145.848,146.266,145.79,146.253,22455.330078125
2018-07-02 00:00:00,146.251,146.486,145.183,145.718,241995.65625
2018-07-03 00:00:00,145.718,146.381,145.282,145.677,249620.53125
2018-07-04 00:00:00,145.68,146.36,145.565,146.167,234846.40625
2018-07-05 00:00:00,146.163,146.87,145.836,146.181,243090.75
2018-07-06 00:00:00,146.18,146.783,146.118,146.726,196352.734375
2018-07-07 00:00:00,146.726,146.726,146.726,146.726,0.0
2018-07-08 00:00:00,147.036,147.088,146.72,146.823,20922.900390625
2018-07-09 00:00:00,146.823,147.611,146.104,147.05,235981.65625
2018-07-10 00:00:00,147.061,147.791,146.89,146.969,239614.46875
2018-07-11 00:00:00,146.968,148.132,146.801,147.881,264690.78125
2018-07-12 00:00:00,147.885,148.893,147.865,148.481,229141.4375
2018-07-13 00:00:00,148.487,148.725,147.639,148.631,247061.546875
2018-07-14 00:00:00,148.631,148.631,148.631,148.631,0.0
2018-07-15 00:00:00,148.41,148.777,148.406,148.669,11121.3203125
2018-07-16 00:00:00,148.668,149.31,148.516,148.752,216122.28125
2018-07-17 00:00:00,148.752,149.087,147.576,148.109,244412.84375
2018-07-18 00:00:00,148.108,148.229,146.863,147.513,244529.765625
2018-07-19 00:00:00,147.511,147.544,146.158,146.326,253856.65625
2018-07-20 00:00:00,146.325,146.659,145.972,146.264,241626.953125
2018-07-21 00:00:00,146.264,146.264,146.264,146.264,0.0
2018-07-22 00:00:00,146.171,146.427,145.991,145.996,16583.41015625
2018-07-23 00:00:00,145.997,146.172,145.674,146.051,207424.703125
2018-07-24 00:00:00,146.053,146.331,145.454,146.32,201202.0625
2018-07-25 00:00:00,146.317,146.519,145.768,146.319,206812.28125
2018-07-26 00:00:00,146.319,146.403,145.67,145.706,189114.875
2018-07-27 00:00:00,145.706,145.718,145.267,145.375,158046.5625
2018-07-28 00:00:00,145.375,145.375,145.375,145.375,0.0
2018-07-29 00:00:00,145.35,145.539,145.273,145.448,16118.73046875
2018-07-30 00:00:00,145.446,145.925,145.411,145.804,155797.90625
2018-07-31 00:00:00,145.804,147.007,145.367,146.706,220044.5625
2018-08-01 00:00:00,146.706,147.146,146.311,146.519,176454.421875
2018-08-02 00:00:00,146.517,146.593,145.002,145.391,198459.34375
2018-08-03 00:00:00,145.395,145.543,144.511,144.654,154820.96875
2018-08-04 00:00:00,144.654,144.654,144.654,144.654,0.0
2018-08-05 00:00:00,144.601,144.666,144.473,144.622,7156.27001953125
2018-08-06 00:00:00,144.622,144.735,144.041,144.105,147357.78125
2018-08-07 00:00:00,144.104,144.438,143.808,144.144,133461.40625
2018-08-08 00:00:00,144.145,144.277,142.728,142.821,171047.34375
2018-08-09 00:00:00,142.819,143.49,142.346,142.497,164645.015625
2018-08-10 00:00:00,142.5,142.52,140.934,141.615,189262.703125
2018-08-11 00:00:00,141.615,141.615,141.615,141.615,0.0
2018-08-12 00:00:00,140.777,141.356,140.777,141.156,15029.1103515625
2018-08-13 00:00:00,141.16,141.836,140.239,141.148,195787.34375
2018-08-14 00:00:00,141.148,142.479,141.002,141.488,170595.03125
2018-08-15 00:00:00,141.491,141.767,139.896,140.347,180250.703125
2018-08-16 00:00:00,140.348,141.326,140.206,141.12,172768.5625
2018-08-17 00:00:00,141.124,141.167,140.224,140.84,140826.109375
2018-08-18 00:00:00,140.84,140.84,140.84,140.84,0.0
2018-08-19 00:00:00,140.912,140.938,140.816,140.82,8968.8701171875
2018-08-20 00:00:00,140.82,141.216,140.672,140.779,135073.65625
2018-08-21 00:00:00,140.78,142.68,140.663,142.107,153844.1875
2018-08-22 00:00:00,142.108,142.83,142.0,142.709,142078.109375
2018-08-23 00:00:00,142.708,143.008,142.423,142.646,152606.578125
2018-08-24 00:00:00,142.643,143.238,142.52,142.868,130425.1015625
2018-08-25 00:00:00,142.868,142.868,142.868,142.868,0.0
2018-08-26 00:00:00,142.926,143.183,142.882,143.098,9246.919921875
2018-08-27 00:00:00,143.098,143.349,142.526,143.332,152137.09375
2018-08-28 00:00:00,143.331,143.666,142.99,143.038,164849.125
2018-08-29 00:00:00,143.036,145.621,142.822,145.585,157546.046875
2018-08-30 00:00:00,145.583,145.684,144.285,144.433,156461.484375
2018-08-31 00:00:00,144.434,144.691,143.492,143.88,151805.96875
2018-09-01 00:00:00,143.88,143.88,143.88,143.88,0.0
2018-09-02 00:00:00,143.429,143.714,143.398,143.612,11319.0400390625
2018-09-03 00:00:00,143.612,143.632,142.835,142.945,138484.140625
2018-09-04 00:00:00,142.946,143.378,142.594,143.315,157851.515625
2018-09-05 00:00:00,143.318,144.964,142.649,143.924,167901.953125
2018-09-06 00:00:00,143.925,144.244,142.796,142.8,152080.1875
2018-09-07 00:00:00,142.801,144.435,142.608,143.405,173887.9375
2018-09-08 00:00:00,143.405,143.405,143.405,143.405,0.0
2018-09-09 00:00:00,143.492,143.596,143.323,143.405,5428.93994140625
2018-09-10 00:00:00,143.404,145.032,143.07,144.783,127974.921875
2018-09-11 00:00:00,144.784,145.918,144.351,145.298,140852.296875
2018-09-12 00:00:00,145.298,145.658,144.672,145.074,145858.78125
2018-09-13 00:00:00,145.072,146.898,145.014,146.871,153171.59375
2018-09-14 00:00:00,146.874,147.014,146.256,146.427,132144.296875
2018-09-15 00:00:00,146.427,146.427,146.427,146.427,0.0
2018-09-16 00:00:00,146.384,146.486,146.335,146.349,4820.08984375
2018-09-17 00:00:00,146.347,147.46,146.313,146.817,135757.640625
2018-09-18 00:00:00,146.816,148.012,146.781,147.834,161509.984375
2018-09-19 00:00:00,147.834,148.534,147.192,147.611,170754.8125
2018-09-20 00:00:00,147.611,149.316,147.342,149.283,165680.546875
2018-09-21 00:00:00,149.284,149.712,146.997,147.222,148748.578125
2018-09-22 00:00:00,147.222,147.222,147.222,147.222,0.0
2018-09-23 00:00:00,146.997,147.268,146.986,147.182,5874.31982421875
2018-09-24 00:00:00,147.18,148.299,146.946,147.921,144549.953125
2018-09-25 00:00:00,147.919,149.016,147.809,148.903,135753.1875
2018-09-26 00:00:00,148.902,149.093,148.279,148.435,150691.859375
2018-09-27 00:00:00,148.439,148.728,147.595,148.268,153671.765625
2018-09-28 00:00:00,148.267,148.64,147.538,148.099,133847.21875
2018-09-29 00:00:00,148.099,148.099,148.099,148.099,0.0
2018-09-30 00:00:00,148.257,148.432,148.167,148.371,8133.8701171875
2018-10-01 00:00:00,148.364,149.412,148.266,148.63,171533.546875
2018-10-02 00:00:00,148.628,148.692,147.194,147.394,167101.515625
2018-10-03 00:00:00,147.396,148.582,147.264,148.167,191580.484375
2018-10-04 00:00:00,148.171,148.633,147.702,148.321,199790.5
2018-10-05 00:00:00,148.323,149.268,148.077,149.123,184128.125
2018-10-06 00:00:00,149.123,149.123,149.123,149.123,0.0
2018-10-07 00:00:00,149.296,149.329,148.972,149.251,27478.640625
2018-10-08 00:00:00,149.254,149.509,147.494,148.099,200044.453125
2018-10-09 00:00:00,148.097,148.752,147.347,148.693,212360.3125
2018-10-10 00:00:00,148.693,149.301,147.82,148.001,238828.84375
2018-10-11 00:00:00,147.999,148.779,147.816,148.331,309256.28125
2018-10-12 00:00:00,148.319,149.005,147.161,147.558,218712.625
2018-10-13 00:00:00,147.558,147.558,147.558,147.558,0.0
2018-10-14 00:00:00,146.727,147.098,146.707,147.025,13668.669921875
2018-10-15 00:00:00,147.026,147.424,146.506,147.111,218688.53125
2018-10-16 00:00:00,147.115,148.402,147.091,148.153,213375.203125
2018-10-17 00:00:00,148.153,148.249,147.056,147.549,217377.671875
2018-10-18 00:00:00,147.548,147.744,145.809,146.06,220648.375
2018-10-19 00:00:00,146.059,147.331,146.058,146.998,207513.90625
2018-10-20 00:00:00,146.998,146.998,146.998,146.998,0.0
2018-10-21 00:00:00,147.058,147.161,146.848,146.943,11939.6298828125
2018-10-22 00:00:00,146.943,147.579,146.043,146.188,213739.265625
2018-10-23 00:00:00,146.188,146.405,145.287,145.955,236420.125
2018-10-24 00:00:00,145.956,146.303,144.277,144.297,262340.40625
2018-10-25 00:00:00,144.297,145.033,143.958,144.039,223840.84375
2018-10-26 00:00:00,144.052,144.136,142.768,143.481,271500.28125
2018-10-27 00:00:00,143.481,143.481,143.481,143.481,0.0
2018-10-28 00:00:00,143.419,143.634,143.419,143.598,11321.9404296875
2018-10-29 00:00:00,143.598,144.405,143.341,143.796,241464.015625
2018-10-30 00:00:00,143.793,144.388,143.211,143.674,241650.359375
2018-10-31 00:00:00,143.675,145.132,143.623,144.084,208527.765625
2018-11-01 00:00:00,144.084,146.89,144.023,146.579,224968.921875
2018-11-02 00:00:00,146.58,147.254,146.336,146.695,229371.75
2018-11-03 00:00:00,146.695,146.695,146.695,146.695,0.0
2018-11-04 00:00:00,147.33,147.364,147.13,147.137,13831.5400390625
2018-11-05 00:00:00,147.141,147.944,146.851,147.888,182466.34375
2018-11-06 00:00:00,147.886,148.705,147.299,148.623,186733.015625
2018-11-07 00:00:00,148.619,149.229,148.331,149.071,263578.96875
2018-11-08 00:00:00,149.071,149.485,148.603,148.891,195454.796875
2018-11-09 00:00:00,148.899,148.973,147.495,147.604,202486.203125
2018-11-10 00:00:00,147.604,147.604,147.604,147.604,0.0
2018-11-11 00:00:00,147.06,147.31,147.046,147.288,21223.51953125
2018-11-12 00:00:00,147.288,147.575,146.069,146.139,216860.875
2018-11-13 00:00:00,146.139,148.726,145.989,148.094,236857.734375
2018-11-14 00:00:00,148.095,148.422,146.316,147.445,264891.25
2018-11-15 00:00:00,147.444,147.923,144.246,144.969,270567.59375
2018-11-16 00:00:00,144.966,145.443,144.592,144.773,212646.921875
2018-11-17 00:00:00,144.773,144.773,144.773,144.773,0.0
2018-11-18 00:00:00,144.792,144.885,144.546,144.668,15199.66015625
2018-11-19 00:00:00,144.669,145.314,144.293,144.586,180804.484375
2018-11-20 00:00:00,144.586,144.911,144.007,144.136,224268.40625
2018-11-21 00:00:00,144.138,144.887,144.066,144.416,152624.015625
2018-11-22 00:00:00,144.414,145.946,144.258,145.479,132160.15625
2018-11-23 00:00:00,145.474,145.521,144.347,144.569,131044.71875
2018-11-24 00:00:00,144.569,144.569,144.569,144.569,0.0
2018-11-25 00:00:00,144.779,144.898,144.64,144.673,23633.439453125
2018-11-26 00:00:00,144.679,145.738,144.656,145.428,148876.796875
2018-11-27 00:00:00,145.428,145.507,144.595,144.995,171551.0625
2018-11-28 00:00:00,144.994,145.833,144.858,145.609,156377.359375
2018-11-29 00:00:00,145.611,145.683,144.51,144.994,152666.15625
2018-11-30 00:00:00,144.991,145.289,144.617,144.622,142557.15625
2018-12-01 00:00:00,144.622,144.622,144.622,144.622,0.0
2018-12-02 00:00:00,145.082,145.082,144.743,145.073,12380.1103515625
2018-12-03 00:00:00,145.073,145.512,144.176,144.534,135120.09375
2018-12-04 00:00:00,144.533,144.759,142.841,143.321,183593.015625
2018-12-05 00:00:00,143.326,144.537,143.271,143.84,135385.0625
2018-12-06 00:00:00,143.84,144.167,143.248,144.053,207878.25
2018-12-07 00:00:00,144.055,144.219,143.232,143.429,163139.546875
2018-12-08 00:00:00,143.429,143.429,143.429,143.429,0.0
2018-12-09 00:00:00,143.051,143.276,142.974,143.108,10516.1796875
2018-12-10 00:00:00,143.111,143.699,141.174,142.17,203608.71875
2018-12-11 00:00:00,142.168,142.929,141.49,141.628,188679.78125
2018-12-12 00:00:00,141.627,143.443,141.54,143.01,195276.0625
2018-12-13 00:00:00,143.01,143.933,142.999,143.699,157910.890625
2018-12-14 00:00:00,143.701,143.72,142.38,142.632,143270.375
2018-12-15 00:00:00,142.632,142.632,142.632,142.632,0.0
2018-12-16 00:00:00,142.826,142.833,142.3,142.705,20294.7109375
2018-12-17 00:00:00,142.704,143.235,142.154,142.334,164990.84375
2018-12-18 00:00:00,142.339,142.653,141.931,142.38,174973.65625
2018-12-19 00:00:00,142.376,142.532,141.579,141.923,253091.734375
2018-12-20 00:00:00,141.924,142.107,140.577,140.826,327441.625
2018-12-21 00:00:00,140.827,141.163,140.237,140.397,306168.4375
2018-12-22 00:00:00,140.397,140.397,140.397,140.397,0.0
2018-12-23 00:00:00,140.258,140.544,140.236,140.481,12304.25
2018-12-24 00:00:00,140.481,140.849,139.857,139.948,288323.625
2018-12-25 00:00:00,139.948,140.159,139.374,140.099,21189.619140625
2018-12-26 00:00:00,140.1,140.9,139.741,140.709,257671.625
2018-12-27 00:00:00,140.713,140.78,139.72,140.184,400192.65625
2018-12-28 00:00:00,140.187,140.365,139.492,139.993,249692.328125
2018-12-29 00:00:00,139.993,139.993,139.993,139.993,0.0
2018-12-30 00:00:00,139.997,140.258,139.956,140.02,18359.25
2018-12-31 00:00:00,140.019,140.873,139.522,139.846,202024.359375
2019-01-01 00:00:00,139.702,139.905,139.493,139.883,19684.880859375
2019-01-02 00:00:00,139.883,139.883,132.425,134.446,308853.15625
2019-01-03 00:00:00,134.447,136.784,133.875,136.179,333415.71875
2019-01-04 00:00:00,136.179,138.3,135.801,138.026,297023.28125
2019-01-05 00:00:00,138.026,138.026,138.026,138.026,0.0
2019-01-06 00:00:00,138.019,138.323,137.917,138.202,17405.7109375
2019-01-07 00:00:00,138.202,138.978,137.607,138.877,227183.109375
2019-01-08 00:00:00,138.877,139.438,137.972,138.529,265388.5
2019-01-09 00:00:00,138.529,139.105,137.759,138.465,310741.5625
2019-01-10 00:00:00,138.465,138.512,137.446,138.097,267314.5
2019-01-11 00:00:00,138.096,139.481,137.635,139.309,232384.734375
2019-01-12 00:00:00,139.309,139.309,139.309,139.309,0.0
2019-01-13 00:00:00,139.479,139.567,139.334,139.334,6597.8798828125
2019-01-14 00:00:00,139.341,140.055,138.599,139.344,204087.078125
2019-01-15 00:00:00,139.348,140.427,137.359,139.844,265790.40625
2019-01-16 00:00:00,139.845,140.7,138.984,140.521,229657.8125
2019-01-17 00:00:00,140.52,142.215,139.51,141.696,224487.65625
2019-01-18 00:00:00,141.698,142.079,141.085,141.291,196753.640625
2019-01-19 00:00:00,141.291,141.291,141.291,141.291,0.0
2019-01-20 00:00:00,141.273,141.309,140.897,140.951,12109.2900390625
2019-01-21 00:00:00,140.952,141.53,140.683,141.372,195365.6875
2019-01-22 00:00:00,141.371,141.929,140.622,141.677,198948.984375
2019-01-23 00:00:00,141.673,143.557,141.673,143.24,215399.4375
2019-01-24 00:00:00,143.243,143.846,142.711,143.78,222367.296875
2019-01-25 00:00:00,143.78,144.837,143.397,144.526,216546.765625
2019-01-26 00:00:00,144.526,144.526,144.526,144.526,0.0
2019-01-27 00:00:00,144.42,144.716,144.41,144.505,15962.91015625
2019-01-28 00:00:00,144.507,144.529,143.599,143.783,190734.453125
2019-01-29 00:00:00,143.781,144.485,142.732,143.123,235594.265625
2019-01-30 00:00:00,143.122,143.597,142.731,142.929,226578.78125
2019-01-31 00:00:00,142.93,143.213,142.242,142.678,213083.0625
2019-02-01 00:00:00,142.677,143.492,142.074,143.181,185100.8125
2019-02-02 00:00:00,143.181,143.181,143.181,143.181,0.0
2019-02-03 00:00:00,143.135,143.227,143.056,143.114,24310.48046875
2019-02-04 00:00:00,143.114,144.169,143.11,143.262,175646.21875
2019-02-05 00:00:00,143.264,143.554,142.032,142.444,160031.609375
2019-02-06 00:00:00,142.446,142.513,141.752,142.251,175098.765625
2019-02-07 00:00:00,142.251,142.625,141.126,142.119,196138.40625
2019-02-08 00:00:00,142.12,142.518,141.845,142.044,142044.84375
2019-02-09 00:00:00,142.044,142.044,142.044,142.044,0.0
2019-02-10 00:00:00,141.936,142.117,141.906,142.055,9313.76953125
2019-02-11 00:00:00,142.06,142.556,141.84,142.001,196266.671875
2019-02-12 00:00:00,142.003,142.633,141.867,142.455,176216.578125
2019-02-13 00:00:00,142.457,143.33,142.429,142.591,163606.640625
2019-02-14 00:00:00,142.594,143.03,141.289,141.465,199966.4375
2019-02-15 00:00:00,141.464,142.4,141.006,142.337,169983.671875
2019-02-16 00:00:00,142.337,142.337,142.337,142.337,0.0
2019-02-17 00:00:00,142.521,142.7,142.502,142.681,16161.5
2019-02-18 00:00:00,142.681,143.022,142.536,142.918,242639.40625
2019-02-19 00:00:00,142.92,144.699,142.474,144.408,169081.40625
2019-02-20 00:00:00,144.407,145.042,144.12,144.462,192164.75
2019-02-21 00:00:00,144.462,144.924,144.08,144.359,214778.390625
2019-02-22 00:00:00,144.362,144.745,143.779,144.442,171203.9375
2019-02-23 00:00:00,144.442,144.442,144.442,144.442,0.0
2019-02-24 00:00:00,144.649,144.805,144.402,144.717,22871.630859375
2019-02-25 00:00:00,144.718,145.969,144.453,145.756,196058.328125
2019-02-26 00:00:00,145.757,147.058,145.401,146.574,282100.96875
2019-02-27 00:00:00,146.578,148.044,146.161,147.64,226821.09375
2019-02-28 00:00:00,147.639,148.265,146.981,147.709,203418.765625
2019-03-01 00:00:00,147.705,148.566,147.514,147.771,202416.84375
2019-03-02 00:00:00,147.771,147.771,147.771,147.771,0.0
2019-03-03 00:00:00,148.15,148.208,147.885,148.166,21210.599609375
2019-03-04 00:00:00,148.167,148.308,147.103,147.302,207226.15625
2019-03-05 00:00:00,147.303,147.786,146.605,147.166,201348.375
2019-03-06 00:00:00,147.167,147.302,146.689,147.119,178085.375
2019-03-07 00:00:00,147.119,147.278,145.784,146.138,199461.5625
2019-03-08 00:00:00,146.138,146.145,144.314,144.641,189750.5625
2019-03-09 00:00:00,144.641,144.641,144.641,144.641,0.0
2019-03-10 00:00:00,143.931,144.345,143.885,144.275,1899.0899658203125
2019-03-11 00:00:00,144.231,147.806,143.721,147.461,271690.875
2019-03-12 00:00:00,147.461,147.461,144.575,145.417,238827.0
2019-03-13 00:00:00,145.418,148.719,145.395,147.763,213023.6875
2019-03-14 00:00:00,147.762,148.873,147.382,148.151,219184.703125
2019-03-15 00:00:00,148.151,148.372,147.422,148.161,171368.796875
2019-03-16 00:00:00,148.161,148.161,148.161,148.161,0.0
2019-03-17 00:00:00,148.19,148.368,148.151,148.316,6694.18017578125
2019-03-18 00:00:00,148.316,148.385,147.015,147.747,194031.390625
2019-03-19 00:00:00,147.743,148.051,147.54,147.862,182432.4375
2019-03-20 00:00:00,147.862,148.083,145.878,146.121,252715.5625
2019-03-21 00:00:00,146.123,146.393,144.13,145.491,253148.546875
2019-03-22 00:00:00,145.491,145.749,144.53,145.19,271471.90625
2019-03-23 00:00:00,145.19,145.19,145.19,145.19,0.0
2019-03-24 00:00:00,145.235,145.504,145.043,145.382,8461.48046875
2019-03-25 00:00:00,145.382,145.803,144.633,145.407,270929.15625
2019-03-26 00:00:00,145.406,146.467,145.011,146.054,233373.015625
2019-03-27 00:00:00,146.054,146.495,145.119,145.322,293032.40625
2019-03-28 00:00:00,145.32,145.56,144.204,144.408,249609.703125
2019-03-29 00:00:00,144.41,145.486,143.819,144.445,247997.9375
2019-03-30 00:00:00,144.445,144.445,144.445,144.445,0.0
2019-03-31 00:00:00,144.735,144.808,144.383,144.516,10238.669921875
2019-04-01 00:00:00,144.515,146.341,144.421,145.631,228593.046875
2019-04-02 00:00:00,145.629,146.437,144.93,146.106,216696.640625
2019-04-03 00:00:00,146.107,147.189,146.021,146.77,235158.125
2019-04-04 00:00:00,146.769,146.955,145.675,145.963,200356.515625
2019-04-05 00:00:00,145.963,146.544,145.103,145.581,171507.125
2019-04-06 00:00:00,145.581,145.581,145.581,145.581,0.0
2019-04-07 00:00:00,145.605,145.655,145.409,145.647,16485.119140625
2019-04-08 00:00:00,145.648,145.774,145.103,145.559,185498.421875
2019-04-09 00:00:00,145.559,146.052,144.778,145.021,169359.09375
2019-04-10 00:00:00,145.024,145.706,144.955,145.36,172852.984375
2019-04-11 00:00:00,145.36,145.95,145.134,145.741,157384.5625
2019-04-12 00:00:00,145.746,147.01,145.712,146.367,151066.890625
2019-04-13 00:00:00,146.367,146.367,146.367,146.367,0.0
2019-04-14 00:00:00,146.388,146.576,146.345,146.574,9838.259765625
2019-04-15 00:00:00,146.574,146.994,146.346,146.647,142474.40625
2019-04-16 00:00:00,146.644,146.751,145.962,146.036,150851.234375
2019-04-17 00:00:00,146.038,146.3,145.835,146.044,145468.4375
2019-04-18 00:00:00,146.045,146.061,145.284,145.479,180268.734375
2019-04-19 00:00:00,145.479,145.569,145.256,145.343,375793.75
2019-04-20 00:00:00,145.343,145.343,145.343,145.343,0.0
2019-04-21 00:00:00,145.278,145.461,145.247,145.398,6874.89990234375
2019-04-22 00:00:00,145.398,145.51,145.212,145.295,71365.7578125
2019-04-23 00:00:00,145.294,145.626,144.582,144.739,150157.71875
2019-04-24 00:00:00,144.74,145.019,144.395,144.725,146426.8125
2019-04-25 00:00:00,144.725,144.875,143.783,143.883,146680.484375
2019-04-26 00:00:00,143.883,144.457,143.767,144.114,136932.1875
2019-04-27 00:00:00,144.114,144.114,144.114,144.114,0.0
2019-04-28 00:00:00,144.074,144.284,144.066,144.223,3728.489990234375
2019-04-29 00:00:00,144.225,144.716,144.183,144.467,119601.7890625
2019-04-30 00:00:00,144.465,145.377,144.045,145.295,148554.15625
2019-05-01 00:00:00,145.295,145.698,145.221,145.477,128227.2421875
2019-05-02 00:00:00,145.475,145.87,145.084,145.294,145527.0
2019-05-03 00:00:00,145.297,146.504,144.805,146.331,117609.296875
2019-05-04 00:00:00,146.331,146.331,146.331,146.331,0.0
2019-05-05 00:00:00,145.378,145.939,145.378,145.486,16701.130859375
2019-05-06 00:00:00,145.486,145.544,144.822,145.115,129670.1796875
2019-05-07 00:00:00,145.119,145.364,143.861,144.084,145212.90625
2019-05-08 00:00:00,144.08,144.082,143.036,143.118,149013.875
2019-05-09 00:00:00,143.124,143.21,142.23,142.865,158252.65625
2019-05-10 00:00:00,142.864,143.237,142.508,142.935,161709.0625
2019-05-11 00:00:00,142.935,142.935,142.935,142.935,0.0
2019-05-12 00:00:00,142.695,142.842,142.614,142.621,9104.3095703125
2019-05-13 00:00:00,142.622,142.866,141.201,141.502,138745.015625
2019-05-14 00:00:00,141.502,142.173,141.394,141.548,120094.84375
2019-05-15 00:00:00,141.549,141.641,140.199,140.628,127223.4765625
2019-05-16 00:00:00,140.627,140.787,140.199,140.605,102281.6328125
2019-05-17 00:00:00,140.606,140.679,139.545,139.937,137556.34375
2019-05-18 00:00:00,139.937,139.937,139.937,139.937,0.0
2019-05-19 00:00:00,140.246,140.286,139.993,140.247,5241.72998046875
2019-05-20 00:00:00,140.251,140.528,139.699,140.111,119974.3515625
2019-05-21 00:00:00,140.111,141.737,139.647,140.489,122238.1328125
2019-05-22 00:00:00,140.487,140.701,139.312,139.57,118378.421875
2019-05-23 00:00:00,139.57,139.595,138.526,138.714,140902.375
2019-05-24 00:00:00,138.717,139.487,138.504,138.918,113875.59375
2019-05-25 00:00:00,138.918,138.918,138.918,138.918,0.0
2019-05-26 00:00:00,139.085,139.253,138.955,139.18,4344.60986328125
2019-05-27 00:00:00,139.179,139.641,138.672,138.865,116509.4609375
2019-05-28 00:00:00,138.866,139.009,138.285,138.425,138325.203125
2019-05-29 00:00:00,138.427,138.581,137.867,138.362,155036.125
2019-05-30 00:00:00,138.361,138.735,137.819,137.828,129769.4375
2019-05-31 00:00:00,137.828,137.956,136.628,136.737,172373.15625
2019-06-01 00:00:00,136.737,136.737,136.737,136.737,0.0
2019-06-02 00:00:00,136.724,136.884,136.658,136.78,10353.9404296875
2019-06-03 00:00:00,136.78,137.12,136.615,136.809,170655.046875
2019-06-04 00:00:00,136.808,137.52,136.556,137.52,144606.453125
2019-06-05 00:00:00,137.519,137.78,137.197,137.431,153795.0625
2019-06-06 00:00:00,137.433,137.808,136.987,137.673,158762.234375
2019-06-07 00:00:00,137.678,138.161,137.478,137.774,133524.859375
2019-06-08 00:00:00,137.774,137.774,137.774,137.774,0.0
2019-06-09 00:00:00,138.082,138.152,137.934,137.965,9301.509765625
2019-06-10 00:00:00,137.962,138.252,137.476,137.506,123496.359375
2019-06-11 00:00:00,137.508,138.321,137.504,138.023,155752.65625
2019-06-12 00:00:00,138.026,138.24,137.555,137.699,130772.75
2019-06-13 00:00:00,137.7,137.776,137.096,137.337,131315.421875
2019-06-14 00:00:00,137.337,137.407,136.508,136.651,131880.453125
2019-06-15 00:00:00,136.651,136.651,136.651,136.651,0.0
2019-06-16 00:00:00,136.474,136.748,136.441,136.728,8115.68017578125
2019-06-17 00:00:00,136.73,136.93,135.997,136.124,101542.09375
2019-06-18 00:00:00,136.122,136.486,135.373,136.441,151988.71875
2019-06-19 00:00:00,136.44,136.998,135.78,136.791,136759.796875
2019-06-20 00:00:00,136.787,137.172,136.194,136.343,182957.375
2019-06-21 00:00:00,136.344,136.833,135.942,136.694,157086.34375
2019-06-22 00:00:00,136.694,136.694,136.694,136.694,0.0
2019-06-23 00:00:00,136.597,136.892,136.593,136.825,9132.849609375
2019-06-24 00:00:00,136.825,137.125,136.486,136.727,127803.046875
2019-06-25 00:00:00,136.729,136.841,135.803,136.001,163694.484375
2019-06-26 00:00:00,136.0,136.889,136.0,136.775,145828.125
2019-06-27 00:00:00,136.778,137.329,136.415,136.555,142427.34375
2019-06-28 00:00:00,136.56,137.198,136.268,136.961,124734.4296875
2019-06-29 00:00:00,136.961,136.961,136.961,136.961,0.0
2019-06-30 00:00:00,137.431,137.784,137.288,137.565,20284.130859375
2019-07-01 00:00:00,137.563,137.567,136.736,137.033,140735.3125
2019-07-02 00:00:00,137.029,137.135,135.797,135.841,126235.8125
2019-07-03 00:00:00,135.841,135.846,135.168,135.594,126646.703125
2019-07-04 00:00:00,135.594,135.712,135.437,135.667,97357.6484375
2019-07-05 00:00:00,135.668,136.04,135.484,135.858,118904.6015625
2019-07-06 00:00:00,135.858,135.858,135.858,135.858,0.0
2019-07-07 00:00:00,135.793,136.006,135.788,135.87,5044.2001953125
2019-07-08 00:00:00,135.87,136.141,135.537,136.065,96974.1796875
2019-07-09 00:00:00,136.064,136.277,135.39,135.7,97718.8515625
2019-07-10 00:00:00,135.701,136.049,135.472,135.486,121499.8984375
2019-07-11 00:00:00,135.486,136.049,135.078,135.964,125044.9375
2019-07-12 00:00:00,135.967,136.015,135.499,135.686,96916.7734375
2019-07-13 00:00:00,135.686,135.686,135.686,135.686,0.0
2019-07-14 00:00:00,135.443,135.723,135.298,135.545,9693.6904296875
2019-07-15 00:00:00,135.547,135.839,134.952,135.054,90100.359375
2019-07-16 00:00:00,135.055,135.26,133.96,134.264,129442.5625
2019-07-17 00:00:00,134.264,134.619,133.968,134.199,117859.8671875
2019-07-18 00:00:00,134.197,134.83,133.848,134.708,147589.546875
2019-07-19 00:00:00,134.709,135.004,134.556,134.665,119949.21875
2019-07-20 00:00:00,134.665,134.665,134.665,134.665,0.0
2019-07-21 00:00:00,134.49,134.902,134.381,134.896,8648.419921875
2019-07-22 00:00:00,134.898,135.082,134.405,134.576,92375.3125
2019-07-23 00:00:00,134.578,134.982,134.309,134.61,102802.046875
2019-07-24 00:00:00,134.61,135.272,134.241,135.073,109309.21875
2019-07-25 00:00:00,135.077,135.663,134.707,135.323,112957.3203125
2019-07-26 00:00:00,135.325,135.387,134.531,134.553,81922.03125
2019-07-27 00:00:00,134.553,134.553,134.553,134.553,0.0
2019-07-28 00:00:00,134.429,134.569,134.396,134.435,3525.080078125
2019-07-29 00:00:00,134.438,134.451,132.846,132.976,92635.6015625
2019-07-30 00:00:00,132.978,133.065,131.601,131.981,126903.7734375
2019-07-31 00:00:00,131.981,132.988,131.842,132.242,166594.65625
2019-08-01 00:00:00,132.241,132.55,129.927,130.254,205692.90625
2019-08-02 00:00:00,130.253,130.416,129.071,129.598,229947.421875
2019-08-03 00:00:00,129.598,129.598,129.598,129.598,0.0
2019-08-04 00:00:00,129.545,129.598,129.291,129.475,13570.41015625
2019-08-05 00:00:00,129.477,129.572,128.104,128.371,231734.90625
2019-08-06 00:00:00,128.37,130.06,128.357,129.392,211999.15625
2019-08-07 00:00:00,129.39,129.524,128.218,128.813,226599.125
2019-08-08 00:00:00,128.815,129.327,128.257,128.57,170803.03125
2019-08-09 00:00:00,128.569,128.747,126.963,127.079,154710.59375
2019-08-10 00:00:00,127.079,127.079,127.079,127.079,0.0
2019-08-11 00:00:00,127.147,127.208,126.537,126.668,37059.0
2019-08-12 00:00:00,126.668,127.513,126.648,127.268,189428.921875
2019-08-13 00:00:00,127.274,129.219,126.797,128.589,244077.984375
2019-08-14 00:00:00,128.59,128.65,127.461,127.726,187726.59375
2019-08-15 00:00:00,127.726,128.976,127.563,128.267,213371.6875
2019-08-16 00:00:00,128.266,129.568,128.145,129.134,129933.1171875
2019-08-17 00:00:00,129.134,129.134,129.134,129.134,0.0
2019-08-18 00:00:00,129.162,129.423,129.072,129.402,5058.89013671875
2019-08-19 00:00:00,129.401,129.531,128.965,129.236,109739.9921875
2019-08-20 00:00:00,129.236,129.636,128.26,129.241,125498.6015625
2019-08-21 00:00:00,129.243,129.666,128.88,129.31,116526.5
2019-08-22 00:00:00,129.309,130.695,128.755,130.435,150626.703125
2019-08-23 00:00:00,130.433,130.561,128.988,129.498,192674.65625
2019-08-24 00:00:00,129.498,129.498,129.498,129.498,0.0
2019-08-25 00:00:00,128.729,128.855,128.187,128.541,19435.23046875
2019-08-26 00:00:00,128.541,130.142,128.54,129.503,245866.984375
2019-08-27 00:00:00,129.502,130.383,129.002,129.858,178786.3125
2019-08-28 00:00:00,129.861,130.063,128.47,129.602,179801.453125
2019-08-29 00:00:00,129.597,130.028,128.966,129.696,155619.09375
2019-08-30 00:00:00,129.699,129.808,129.078,129.225,145629.59375
2019-08-31 00:00:00,129.225,129.225,129.225,129.225,0.0
2019-09-01 00:00:00,128.861,129.099,128.618,129.038,6082.3701171875
2019-09-02 00:00:00,129.036,129.312,127.865,128.11,117256.9296875
2019-09-03 00:00:00,128.11,128.246,126.669,127.975,164085.234375
2019-09-04 00:00:00,127.976,130.437,127.931,130.218,152211.8125
2019-09-05 00:00:00,130.214,132.158,129.912,131.957,164343.40625
2019-09-06 00:00:00,131.954,132.122,131.261,131.333,140400.453125
2019-09-07 00:00:00,131.333,131.333,131.333,131.333,0.0
2019-09-08 00:00:00,131.067,131.408,131.039,131.366,6290.93994140625
2019-09-09 00:00:00,131.366,132.554,130.804,132.513,132805.265625
2019-09-10 00:00:00,132.514,132.986,132.01,132.963,140134.984375
2019-09-11 00:00:00,132.96,133.359,132.667,133.228,144055.046875
2019-09-12 00:00:00,133.23,133.639,132.167,133.376,187376.5625
2019-09-13 00:00:00,133.389,135.189,133.308,135.089,145918.359375
2019-09-14 00:00:00,135.089,135.089,135.089,135.089,0.0
2019-09-15 00:00:00,134.175,134.866,134.175,134.653,12731.0595703125
2019-09-16 00:00:00,134.649,134.678,133.874,134.372,139733.765625
2019-09-17 00:00:00,134.368,135.423,133.985,135.126,137771.90625
2019-09-18 00:00:00,135.129,135.657,134.59,135.21,134381.1875
2019-09-19 00:00:00,135.209,135.514,134.264,135.331,174584.875
2019-09-20 00:00:00,135.333,135.746,134.066,134.13,137837.703125
2019-09-21 00:00:00,134.13,134.13,134.13,134.13,0.0
2019-09-22 00:00:00,134.275,134.383,134.182,134.237,6637.8798828125
2019-09-23 00:00:00,134.232,134.542,133.347,133.769,127452.171875
2019-09-24 00:00:00,133.768,134.61,133.543,133.792,147615.734375
2019-09-25 00:00:00,133.787,134.004,132.836,133.099,163297.453125
2019-09-26 00:00:00,133.098,133.285,132.378,132.835,147791.046875
2019-09-27 00:00:00,132.83,133.275,132.314,132.609,150601.1875
2019-09-28 00:00:00,132.609,132.609,132.609,132.609,0.0
2019-09-29 00:00:00,132.723,132.831,132.582,132.687,4570.72998046875
2019-09-30 00:00:00,132.681,133.337,132.472,132.789,140446.890625
2019-10-01 00:00:00,132.79,133.352,131.777,132.431,183691.46875
2019-10-02 00:00:00,132.427,132.548,131.573,131.852,193391.796875
2019-10-03 00:00:00,131.851,132.543,131.477,131.838,188247.421875
2019-10-04 00:00:00,131.838,131.986,131.275,131.836,150378.515625
2019-10-05 00:00:00,131.836,131.836,131.836,131.836,0.0
2019-10-06 00:00:00,131.292,131.776,131.263,131.679,9466.23046875
2019-10-07 00:00:00,131.68,132.236,131.304,131.781,137285.875
2019-10-08 00:00:00,131.779,132.111,130.425,130.676,191928.03125
2019-10-09 00:00:00,130.675,131.818,130.648,130.938,158921.828125
2019-10-10 00:00:00,130.944,134.552,130.844,134.081,210541.40625
2019-10-11 00:00:00,134.081,137.895,133.975,137.065,202225.234375
2019-10-12 00:00:00,137.065,137.065,137.065,137.065,0.0
2019-10-13 00:00:00,136.81,137.16,136.802,136.852,11345.4599609375
2019-10-14 00:00:00,136.853,137.032,135.494,136.669,153866.421875
2019-10-15 00:00:00,136.664,139.307,136.446,138.819,195702.90625
2019-10-16 00:00:00,138.815,140.09,137.508,139.315,195768.9375
2019-10-17 00:00:00,139.314,141.5,138.622,139.694,204006.921875
2019-10-18 00:00:00,139.694,140.772,139.342,140.702,150070.609375
2019-10-19 00:00:00,140.702,140.702,140.702,140.702,0.0
2019-10-20 00:00:00,140.395,140.459,139.472,139.879,18762.0
2019-10-21 00:00:00,139.875,141.355,139.779,140.871,172469.5
2019-10-22 00:00:00,140.868,141.11,139.506,139.764,204125.921875
2019-10-23 00:00:00,139.76,140.424,139.082,140.361,177386.875
2019-10-24 00:00:00,140.362,140.734,138.865,139.44,186007.15625
2019-10-25 00:00:00,139.437,139.8,139.022,139.372,125224.5078125
2019-10-26 00:00:00,139.372,139.372,139.372,139.372,0.0
2019-10-27 00:00:00,139.313,139.529,139.271,139.48,5599.919921875
2019-10-28 00:00:00,139.48,140.256,139.338,140.096,135040.5625
2019-10-29 00:00:00,140.09,140.534,139.463,140.066,156962.03125
2019-10-30 00:00:00,140.063,140.5,139.955,140.363,160016.3125
2019-10-31 00:00:00,140.367,140.683,139.6,139.737,185546.5625
2019-11-01 00:00:00,139.737,140.18,139.684,139.956,141563.546875
2019-11-02 00:00:00,139.956,139.956,139.956,139.956,0.0
2019-11-03 00:00:00,139.898,140.045,139.891,139.993,13039.490234375
2019-11-04 00:00:00,139.992,140.233,139.816,140.102,110830.96875
2019-11-05 00:00:00,140.103,140.75,139.992,140.575,145738.671875
2019-11-06 00:00:00,140.575,140.588,139.869,140.014,128336.71875
2019-11-07 00:00:00,140.015,140.528,139.486,140.083,181124.59375
2019-11-08 00:00:00,140.083,140.203,139.414,139.516,128415.953125
2019-11-09 00:00:00,139.516,139.516,139.516,139.516,0.0
2019-11-10 00:00:00,139.753,139.788,139.632,139.72,7378.2001953125
2019-11-11 00:00:00,139.72,140.491,139.363,140.158,120849.5625
2019-11-12 00:00:00,140.157,140.583,139.927,140.062,140179.59375
2019-11-13 00:00:00,140.063,140.254,139.437,139.837,142029.375
2019-11-14 00:00:00,139.837,139.85,139.396,139.756,140753.53125
2019-11-15 00:00:00,139.756,140.461,139.672,140.318,117746.7578125
2019-11-16 00:00:00,140.318,140.318,140.318,140.318,0.0
2019-11-17 00:00:00,140.572,140.575,140.354,140.428,20004.900390625
2019-11-18 00:00:00,140.428,141.575,140.399,140.707,136467.703125
2019-11-19 00:00:00,140.707,140.933,140.102,140.235,130761.0234375
2019-11-20 00:00:00,140.234,140.483,139.675,140.201,149412.1875
2019-11-21 00:00:00,140.201,140.923,139.971,140.266,161190.609375
2019-11-22 00:00:00,140.267,140.51,139.318,139.413,130538.90625
2019-11-23 00:00:00,139.413,139.413,139.413,139.413,0.0
2019-11-24 00:00:00,139.707,139.737,139.587,139.715,15493.01953125
2019-11-25 00:00:00,139.716,140.624,139.639,140.562,118837.078125
2019-11-26 00:00:00,140.56,140.899,139.982,140.296,125114.6015625
2019-11-27 00:00:00,140.292,141.84,140.044,141.406,133542.859375
2019-11-28 00:00:00,141.409,141.762,141.246,141.403,119851.25
2019-11-29 00:00:00,141.403,141.683,141.11,141.393,123333.96875
2019-11-30 00:00:00,141.393,141.393,141.393,141.393,0.0
2019-12-01 00:00:00,141.363,141.479,141.358,141.421,7850.490234375
2019-12-02 00:00:00,141.421,141.818,140.94,141.065,127887.3671875
2019-12-03 00:00:00,141.068,141.708,140.917,141.224,152791.265625
2019-12-04 00:00:00,141.224,142.786,140.829,142.663,167397.421875
2019-12-05 00:00:00,142.663,143.248,142.608,143.054,138928.9375
2019-12-06 00:00:00,143.054,143.142,142.364,142.576,131536.15625
2019-12-07 00:00:00,142.576,142.576,142.576,142.576,0.0
2019-12-08 00:00:00,142.663,142.775,142.605,142.732,4161.64013671875
2019-12-09 00:00:00,142.729,143.102,142.557,142.739,124161.34375
2019-12-10 00:00:00,142.739,143.662,142.543,142.797,157733.8125
2019-12-11 00:00:00,142.802,143.375,142.554,143.284,139314.71875
2019-12-12 00:00:00,143.284,147.913,142.475,147.405,225699.125
2019-12-13 00:00:00,147.401,147.955,145.451,145.728,247838.015625
2019-12-14 00:00:00,145.728,145.728,145.728,145.728,0.0
2019-12-15 00:00:00,145.701,146.146,145.701,146.059,10915.83984375
2019-12-16 00:00:00,146.059,146.805,145.077,145.381,169697.015625
2019-12-17 00:00:00,145.387,145.722,143.473,143.715,187240.890625
2019-12-18 00:00:00,143.717,143.719,143.066,143.332,190750.671875
2019-12-19 00:00:00,143.335,143.862,141.974,142.386,187018.4375
2019-12-20 00:00:00,142.387,143.049,142.086,142.232,133641.234375
2019-12-21 00:00:00,142.232,142.232,142.232,142.232,0.0
2019-12-22 00:00:00,142.262,142.534,142.071,142.394,10844.1298828125
2019-12-23 00:00:00,142.394,142.509,141.16,141.555,133981.828125
2019-12-24 00:00:00,141.555,141.854,141.147,141.407,150658.140625
2019-12-25 00:00:00,141.4,141.895,141.346,141.846,7278.72998046875
2019-12-26 00:00:00,141.846,142.722,141.827,142.491,93559.7734375
2019-12-27 00:00:00,142.491,143.635,142.035,143.204,122254.6796875
2019-12-28 00:00:00,143.204,143.204,143.204,143.204,0.0
2019-12-29 00:00:00,143.232,143.361,142.912,143.267,15263.0400390625
2019-12-30 00:00:00,143.264,143.426,142.588,142.75,164712.0625
2019-12-31 00:00:00,142.751,144.356,142.425,144.092,143107.203125
2020-01-01 00:00:00,144.044,144.086,143.732,144.053,7823.14990234375
2020-01-02 00:00:00,144.053,144.186,142.263,142.699,196388.15625
2020-01-03 00:00:00,142.697,142.749,140.996,141.337,210263.21875
2020-01-04 00:00:00,141.337,141.337,141.337,141.337,0.0
2020-01-05 00:00:00,141.158,141.231,140.82,141.187,12213.8896484375
2020-01-06 00:00:00,141.191,142.831,141.114,142.789,194133.09375
2020-01-07 00:00:00,142.788,143.291,141.322,141.618,214770.96875
2020-01-08 00:00:00,141.618,143.103,141.119,142.895,303339.0
2020-01-09 00:00:00,142.894,143.453,142.42,143.104,198008.1875
2020-01-10 00:00:00,143.104,143.495,142.885,142.948,241692.203125
2020-01-11 00:00:00,142.948,142.948,142.948,142.948,0.0
2020-01-12 00:00:00,142.766,142.935,142.714,142.892,7517.10009765625
2020-01-13 00:00:00,142.892,142.963,142.359,142.856,142467.234375
2020-01-14 00:00:00,142.858,143.432,142.448,143.038,179861.453125
2020-01-15 00:00:00,143.038,143.447,142.663,143.276,164458.078125
2020-01-16 00:00:00,143.276,144.165,143.237,144.07,149325.359375
2020-01-17 00:00:00,144.07,144.525,143.231,143.236,150682.375
2020-01-18 00:00:00,143.236,143.236,143.236,143.236,0.0
2020-01-19 00:00:00,143.019,143.322,143.012,143.299,13892.0498046875
2020-01-20 00:00:00,143.296,143.357,142.798,143.261,110158.6015625
2020-01-21 00:00:00,143.263,143.973,142.856,143.379,171575.125
2020-01-22 00:00:00,143.377,144.606,143.327,144.231,183268.421875
2020-01-23 00:00:00,144.233,144.304,143.203,143.733,177752.984375
2020-01-24 00:00:00,143.734,144.413,142.713,142.814,172513.203125
2020-01-25 00:00:00,142.814,142.814,142.814,142.814,0.0
2020-01-26 00:00:00,142.461,142.55,142.05,142.101,20077.439453125
2020-01-27 00:00:00,142.1,142.743,142.086,142.251,181526.90625
2020-01-28 00:00:00,142.25,142.45,141.476,142.126,168248.859375
2020-01-29 00:00:00,142.125,142.232,141.705,141.909,155812.71875
2020-01-30 00:00:00,141.909,142.705,141.255,142.479,225232.359375
2020-01-31 00:00:00,142.479,143.284,142.479,143.026,203531.078125
2020-02-01 00:00:00,143.026,143.026,143.026,143.026,0.0
2020-02-02 00:00:00,142.87,142.911,142.714,142.861,12097.580078125
2020-02-03 00:00:00,142.861,143.101,141.065,141.164,205076.03125
2020-02-04 00:00:00,141.164,142.84,140.92,142.606,194197.609375
2020-02-05 00:00:00,142.605,143.373,142.22,142.705,200136.84375
2020-02-06 00:00:00,142.704,142.819,142.085,142.184,165893.265625
2020-02-07 00:00:00,142.184,142.371,141.384,141.384,177724.921875
2020-02-08 00:00:00,141.384,141.384,141.384,141.384,0.0
2020-02-09 00:00:00,141.344,141.494,141.233,141.294,21819.7109375
2020-02-10 00:00:00,141.296,142.089,141.277,141.768,171875.734375
2020-02-11 00:00:00,141.767,142.459,141.691,142.31,145629.53125
2020-02-12 00:00:00,142.305,142.884,142.218,142.359,120740.328125
2020-02-13 00:00:00,142.361,143.475,142.139,143.191,163022.9375
2020-02-14 00:00:00,143.197,143.403,142.762,143.193,134342.015625
2020-02-15 00:00:00,143.193,143.193,143.193,143.193,0.0
2020-02-16 00:00:00,143.149,143.366,142.981,143.293,15631.5400390625
2020-02-17 00:00:00,143.293,143.346,142.762,142.844,124690.5234375
2020-02-18 00:00:00,142.844,143.229,142.314,142.884,175510.9375
2020-02-19 00:00:00,142.88,144.162,142.818,143.731,157845.5625
2020-02-20 00:00:00,143.731,144.603,143.594,144.226,166503.796875
2020-02-21 00:00:00,144.228,144.957,143.718,144.516,196395.734375
2020-02-22 00:00:00,144.516,144.516,144.516,144.516,0.0
2020-02-23 00:00:00,144.037,144.514,144.008,144.469,21996.4609375
2020-02-24 00:00:00,144.467,144.619,142.629,143.263,229756.703125
2020-02-25 00:00:00,143.264,143.642,142.959,143.4,293194.21875
2020-02-26 00:00:00,143.403,143.717,142.232,142.452,330720.96875
2020-02-27 00:00:00,142.453,142.545,140.799,141.272,382127.0
2020-02-28 00:00:00,141.267,141.349,137.532,138.46,418918.625
2020-02-29 00:00:00,138.46,138.46,138.46,138.46,0.0
2020-03-01 00:00:00,137.462,138.037,137.384,137.863,21633.919921875
2020-03-02 00:00:00,137.863,139.183,137.149,138.543,389858.09375
2020-03-03 00:00:00,138.539,138.541,136.935,137.253,388931.84375
2020-03-04 00:00:00,137.249,138.676,137.199,138.633,292146.71875
2020-03-05 00:00:00,138.637,138.637,137.309,137.6,284511.40625
2020-03-06 00:00:00,137.6,137.73,136.432,137.439,389073.90625
2020-03-07 00:00:00,137.439,137.439,137.439,137.439,0.0
2020-03-08 00:00:00,136.338,136.827,135.588,136.106,33774.359375
2020-03-09 00:00:00,136.11,136.325,132.577,134.752,579239.0625
2020-03-10 00:00:00,134.752,137.208,134.046,135.547,477175.125
2020-03-11 00:00:00,135.547,136.544,133.641,133.977,388960.25
2020-03-12 00:00:00,133.975,134.236,131.291,131.572,472039.5625
2020-03-13 00:00:00,131.562,134.308,131.219,132.524,486052.125
2020-03-14 00:00:00,132.524,132.524,132.524,132.524,0.0
2020-03-15 00:00:00,131.693,133.035,130.909,132.027,57512.609375
2020-03-16 00:00:00,132.028,132.567,128.893,130.268,557140.3125
2020-03-17 00:00:00,130.271,131.216,128.583,130.122,713588.25
2020-03-18 00:00:00,130.123,130.314,124.062,125.768,623169.5625
2020-03-19 00:00:00,125.777,129.561,124.741,127.884,614578.25
2020-03-20 00:00:00,127.884,132.04,127.456,129.018,473244.625
2020-03-21 00:00:00,129.018,129.018,129.018,129.018,0.0
2020-03-22 00:00:00,129.285,129.382,127.91,128.229,33952.69921875
2020-03-23 00:00:00,128.237,129.112,127.338,128.478,508129.84375
2020-03-24 00:00:00,128.473,131.424,128.003,130.991,492812.875
2020-03-25 00:00:00,130.991,133.39,129.85,131.297,482145.375
2020-03-26 00:00:00,131.305,133.814,130.611,133.047,471004.15625
2020-03-27 00:00:00,133.047,134.729,132.107,134.437,402243.25
2020-03-28 00:00:00,134.437,134.437,134.437,134.437,0.0
2020-03-29 00:00:00,133.798,134.152,133.448,133.783,16335.23046875
2020-03-30 00:00:00,133.782,134.407,132.745,133.656,312318.25
2020-03-31 00:00:00,133.66,134.617,133.04,133.367,349428.125
2020-04-01 00:00:00,133.367,133.583,132.347,132.828,276713.28125
2020-04-02 00:00:00,132.829,134.082,132.538,133.856,294914.75
2020-04-03 00:00:00,133.846,133.925,132.541,133.064,272783.65625
2020-04-04 00:00:00,133.064,133.064,133.064,133.064,0.0
2020-04-05 00:00:00,132.469,133.118,132.469,132.802,13646.7197265625
2020-04-06 00:00:00,132.805,134.523,132.759,133.458,292196.125
2020-04-07 00:00:00,133.461,134.972,133.1,134.048,298485.125
2020-04-08 00:00:00,134.049,135.017,133.689,134.967,247772.609375
2020-04-09 00:00:00,134.966,135.744,134.634,135.162,261923.421875
2020-04-10 00:00:00,135.162,135.401,134.718,134.718,123214.9609375
2020-04-11 00:00:00,134.718,134.718,134.718,134.718,0.0
2020-04-12 00:00:00,134.981,135.221,134.854,134.98,10378.669921875
2020-04-13 00:00:00,134.981,135.139,134.504,134.743,150392.953125
2020-04-14 00:00:00,134.743,135.495,134.568,135.217,201589.28125
2020-04-15 00:00:00,135.22,135.272,133.633,134.711,229300.71875
2020-04-16 00:00:00,134.713,134.96,133.71,134.77,261307.640625
2020-04-17 00:00:00,134.768,134.839,133.894,134.43,219640.625
2020-04-18 00:00:00,134.43,134.43,134.43,134.43,0.0
2020-04-19 00:00:00,134.243,134.473,134.235,134.45,4619.9599609375
2020-04-20 00:00:00,134.453,134.719,133.712,133.942,201499.6875
2020-04-21 00:00:00,133.942,134.031,131.903,132.499,253900.265625
2020-04-22 00:00:00,132.502,133.293,132.041,132.861,199838.25
2020-04-23 00:00:00,132.858,133.679,132.392,132.966,229812.953125
2020-04-24 00:00:00,132.97,133.151,132.388,132.898,188557.484375
2020-04-25 00:00:00,132.898,132.898,132.898,132.898,0.0
2020-04-26 00:00:00,132.982,133.052,132.818,132.952,6417.990234375
2020-04-27 00:00:00,132.952,133.571,132.891,133.268,178978.5625
2020-04-28 00:00:00,133.27,133.553,132.687,132.743,188406.796875
2020-04-29 00:00:00,132.745,133.057,131.937,132.939,178765.59375
2020-04-30 00:00:00,132.936,135.449,132.662,134.961,242765.6875
2020-05-01 00:00:00,134.96,135.071,133.36,133.537,198629.28125
2020-05-02 00:00:00,133.537,133.537,133.537,133.537,0.0
2020-05-03 00:00:00,133.358,133.442,132.844,132.928,11964.3603515625
2020-05-04 00:00:00,132.928,133.237,132.513,132.771,190363.09375
2020-05-05 00:00:00,132.771,133.176,132.336,132.452,188223.015625
2020-05-06 00:00:00,132.452,132.462,130.655,130.895,196344.6875
2020-05-07 00:00:00,130.894,132.019,130.771,131.611,201691.234375
2020-05-08 00:00:00,131.616,132.68,131.553,132.292,140888.9375
2020-05-09 00:00:00,132.292,132.292,132.292,132.292,0.0
2020-05-10 00:00:00,132.081,132.764,131.995,132.757,15366.98046875
2020-05-11 00:00:00,132.761,133.187,131.876,132.675,190073.71875
2020-05-12 00:00:00,132.674,132.855,131.255,131.295,199103.875
2020-05-13 00:00:00,131.297,131.933,130.645,130.864,221177.640625
2020-05-14 00:00:00,130.865,131.344,130.136,131.327,208415.796875
2020-05-15 00:00:00,131.326,131.416,129.523,129.61,191228.546875
2020-05-16 00:00:00,129.61,129.61,129.61,129.61,0.0
2020-05-17 00:00:00,129.391,129.774,129.295,129.56,10127.08984375
2020-05-18 00:00:00,129.56,131.275,129.541,130.998,184521.34375
2020-05-19 00:00:00,131.003,132.504,130.775,132.137,192803.671875
2020-05-20 00:00:00,132.137,132.419,131.434,131.651,171191.40625
2020-05-21 00:00:00,131.653,131.949,131.217,131.558,165134.1875
2020-05-22 00:00:00,131.557,131.772,130.671,130.92,138781.15625
2020-05-23 00:00:00,130.92,130.92,130.92,130.92,0.0
2020-05-24 00:00:00,130.942,131.323,130.876,131.297,7876.490234375
2020-05-25 00:00:00,131.295,131.404,130.988,131.396,116603.3515625
2020-05-26 00:00:00,131.394,133.036,131.374,132.556,175509.921875
2020-05-27 00:00:00,132.556,132.999,131.627,132.2,229537.28125
2020-05-28 00:00:00,132.203,132.879,131.822,132.593,201053.4375
2020-05-29 00:00:00,132.592,133.459,131.773,133.084,253613.96875
2020-05-30 00:00:00,133.084,133.084,133.084,133.084,0.0
2020-05-31 00:00:00,132.702,133.163,132.702,132.962,10344.400390625
2020-06-01 00:00:00,132.964,134.531,132.923,134.298,189308.53125
2020-06-02 00:00:00,134.294,136.939,134.259,136.911,204663.65625
2020-06-03 00:00:00,136.91,137.386,136.249,137.051,220886.875
2020-06-04 00:00:00,137.051,137.806,135.949,137.582,234695.1875
2020-06-05 00:00:00,137.581,139.733,137.268,138.791,225954.875
2020-06-06 00:00:00,138.791,138.791,138.791,138.791,0.0
2020-06-07 00:00:00,138.924,139.576,138.766,139.42,11442.91015625
2020-06-08 00:00:00,139.42,139.424,137.417,138.062,181421.84375
2020-06-09 00:00:00,138.06,138.173,136.231,136.999,202915.8125
2020-06-10 00:00:00,136.999,137.414,135.94,136.006,264234.59375
2020-06-11 00:00:00,136.01,136.419,134.114,134.279,296879.59375
2020-06-12 00:00:00,134.28,136.04,133.79,134.646,291714.46875
2020-06-13 00:00:00,134.646,134.646,134.646,134.646,0.0
2020-06-14 00:00:00,134.285,134.571,134.108,134.245,16456.439453125
2020-06-15 00:00:00,134.244,135.831,133.498,135.827,278466.875
2020-06-16 00:00:00,135.829,136.347,134.722,135.124,273137.15625
2020-06-17 00:00:00,135.121,135.135,134.057,134.124,207923.359375
2020-06-18 00:00:00,134.127,134.345,132.389,132.942,222352.234375
2020-06-19 00:00:00,132.944,133.246,131.919,131.945,175546.09375
2020-06-20 00:00:00,131.945,131.945,131.945,131.945,0.0
2020-06-21 00:00:00,131.854,132.008,131.656,131.889,10262.240234375
2020-06-22 00:00:00,131.896,133.711,131.762,133.618,166612.21875
2020-06-23 00:00:00,133.618,133.984,132.597,133.287,214304.25
2020-06-24 00:00:00,133.288,133.609,132.676,132.839,210111.734375
2020-06-25 00:00:00,132.843,133.609,132.786,133.134,198527.734375
2020-06-26 00:00:00,133.136,133.26,132.037,132.235,154154.75
2020-06-27 00:00:00,132.235,132.235,132.235,132.235,0.0
2020-06-28 00:00:00,132.073,132.333,132.072,132.323,9933.7998046875
2020-06-29 00:00:00,132.322,132.686,131.95,132.44,157859.59375
2020-06-30 00:00:00,132.441,133.889,132.015,133.775,165026.765625
2020-07-01 00:00:00,133.774,134.218,132.943,133.828,154966.796875
2020-07-02 00:00:00,133.825,134.7,133.788,134.003,149069.046875
2020-07-03 00:00:00,134.003,134.21,133.696,134.172,116350.03125
2020-07-04 00:00:00,134.172,134.172,134.172,134.172,0.0
2020-07-05 00:00:00,134.01,134.235,133.988,134.198,4471.240234375
2020-07-06 00:00:00,134.2,134.67,134.0,134.14,134590.25
2020-07-07 00:00:00,134.14,135.41,134.104,134.903,151799.078125
2020-07-08 00:00:00,134.905,135.422,134.575,135.31,142492.71875
2020-07-09 00:00:00,135.309,135.92,135.047,135.17,165193.359375
2020-07-10 00:00:00,135.173,135.196,134.279,134.94,131782.609375
2020-07-11 00:00:00,134.94,134.94,134.94,134.94,0.0
2020-07-12 00:00:00,134.895,135.09,134.796,134.989,5368.18017578125
2020-07-13 00:00:00,134.99,135.482,134.586,134.653,140351.15625
2020-07-14 00:00:00,134.653,134.867,133.977,134.791,189351.453125
2020-07-15 00:00:00,134.792,135.083,134.464,134.589,165168.375
2020-07-16 00:00:00,134.587,135.17,134.058,134.728,176617.75
2020-07-17 00:00:00,134.733,134.903,134.122,134.482,111812.078125
2020-07-18 00:00:00,134.482,134.482,134.482,134.482,0.0
2020-07-19 00:00:00,134.394,134.632,134.327,134.63,3819.81005859375
2020-07-20 00:00:00,134.63,135.906,134.34,135.713,155600.34375
2020-07-21 00:00:00,135.712,136.438,135.705,136.011,171249.28125
2020-07-22 00:00:00,136.011,136.623,135.276,136.399,196781.984375
2020-07-23 00:00:00,136.399,136.62,135.837,136.007,168245.90625
2020-07-24 00:00:00,136.008,136.043,134.994,135.766,174462.75
2020-07-25 00:00:00,135.766,135.766,135.766,135.766,0.0
2020-07-26 00:00:00,135.622,135.741,135.442,135.607,9225.2900390625
2020-07-27 00:00:00,135.605,135.974,135.14,135.677,200873.0625
2020-07-28 00:00:00,135.679,136.126,135.318,135.842,178180.546875
2020-07-29 00:00:00,135.842,136.466,135.673,136.332,181208.515625
2020-07-30 00:00:00,136.332,137.385,136.071,137.302,202656.5625
2020-07-31 00:00:00,137.301,139.197,136.785,138.481,235221.015625
2020-08-01 00:00:00,138.481,138.481,138.481,138.481,0.0
2020-08-02 00:00:00,138.313,138.702,138.212,138.673,14667.3798828125
2020-08-03 00:00:00,138.671,139.021,137.745,138.665,235990.734375
2020-08-04 00:00:00,138.665,138.879,137.802,138.208,174354.78125
2020-08-05 00:00:00,138.207,138.999,138.036,138.546,174576.875
2020-08-06 00:00:00,138.548,139.234,138.434,138.701,206807.53125
2020-08-07 00:00:00,138.702,138.745,137.842,138.233,186968.375
2020-08-08 00:00:00,138.233,138.233,138.233,138.233,0.0
2020-08-09 00:00:00,138.224,138.369,138.044,138.139,7561.64013671875
2020-08-10 00:00:00,138.139,138.644,138.097,138.598,140706.5625
2020-08-11 00:00:00,138.598,139.494,138.573,138.979,188419.203125
2020-08-12 00:00:00,138.979,139.616,138.873,139.382,243044.90625
2020-08-13 00:00:00,139.385,140.205,139.271,139.814,167856.09375
2020-08-14 00:00:00,139.817,140.009,139.338,139.482,139787.9375
2020-08-15 00:00:00,139.482,139.482,139.482,139.482,0.0
2020-08-16 00:00:00,139.489,139.681,139.397,139.641,4493.39013671875
2020-08-17 00:00:00,139.645,139.683,138.731,138.926,153096.515625
2020-08-18 00:00:00,138.924,139.663,138.593,139.457,177638.703125
2020-08-19 00:00:00,139.46,139.953,138.79,139.068,215186.921875
2020-08-20 00:00:00,139.068,139.875,138.563,139.686,223312.265625
2020-08-21 00:00:00,139.686,139.942,138.247,138.465,207724.890625
2020-08-22 00:00:00,138.465,138.465,138.465,138.465,0.0
2020-08-23 00:00:00,138.357,138.705,138.357,138.612,5590.7001953125
2020-08-24 00:00:00,138.612,139.0,138.286,138.542,146039.296875
2020-08-25 00:00:00,138.543,140.027,138.439,139.905,162835.3125
2020-08-26 00:00:00,139.907,140.297,139.629,139.948,144524.046875
2020-08-27 00:00:00,139.945,140.854,139.692,140.777,365197.34375
2020-08-28 00:00:00,140.778,141.612,140.01,140.619,218582.296875
2020-08-29 00:00:00,140.619,140.619,140.619,140.619,0.0
2020-08-30 00:00:00,140.611,141.145,140.562,140.94,10317.080078125
2020-08-31 00:00:00,140.937,142.036,140.495,141.643,213636.765625
2020-09-01 00:00:00,141.646,142.712,141.328,141.899,197482.6875
2020-09-02 00:00:00,141.899,141.968,141.015,141.759,162578.96875
2020-09-03 00:00:00,141.761,141.776,140.473,140.708,191482.453125
2020-09-04 00:00:00,140.709,141.432,140.112,141.06,181869.21875
2020-09-05 00:00:00,141.06,141.06,141.06,141.06,0.0
2020-09-06 00:00:00,140.811,140.927,140.63,140.826,7415.27001953125
2020-09-07 00:00:00,140.825,140.994,139.592,139.898,116444.9921875
2020-09-08 00:00:00,139.898,139.914,137.053,137.38,178223.265625
2020-09-09 00:00:00,137.377,138.356,136.734,138.084,175587.484375
2020-09-10 00:00:00,138.084,138.353,135.567,135.936,204419.65625
2020-09-11 00:00:00,135.939,136.591,135.569,135.798,155741.78125
2020-09-12 00:00:00,135.798,135.798,135.798,135.798,0.0
2020-09-13 00:00:00,135.564,135.954,135.502,135.942,3836.75
2020-09-14 00:00:00,135.939,136.584,135.738,135.839,127023.59375
2020-09-15 00:00:00,135.842,136.432,135.411,135.786,151417.265625
2020-09-16 00:00:00,135.782,136.464,135.553,136.161,179582.515625
2020-09-17 00:00:00,136.163,136.165,134.565,135.836,201711.703125
2020-09-18 00:00:00,135.836,136.156,134.948,135.03,144809.578125
2020-09-19 00:00:00,135.03,135.03,135.03,135.03,0.0
2020-09-20 00:00:00,135.063,135.254,134.947,135.183,6028.60986328125
2020-09-21 00:00:00,135.185,135.326,133.536,134.187,176395.75
2020-09-22 00:00:00,134.188,134.382,133.035,133.866,168013.015625
2020-09-23 00:00:00,133.866,134.615,133.137,133.882,181620.171875
2020-09-24 00:00:00,133.885,134.665,133.603,134.492,177937.328125
2020-09-25 00:00:00,134.489,134.821,133.825,134.517,150011.8125
2020-09-26 00:00:00,134.517,134.517,134.517,134.517,0.0
2020-09-27 00:00:00,134.598,134.875,134.563,134.76,2913.3701171875
2020-09-28 00:00:00,134.758,136.228,134.358,135.736,144951.09375
2020-09-29 00:00:00,135.734,136.252,135.448,135.945,148031.015625
2020-09-30 00:00:00,135.946,136.541,135.174,136.195,186432.65625
2020-10-01 00:00:00,136.198,137.005,135.357,136.004,179279.15625
2020-10-02 00:00:00,136.005,136.386,135.047,136.131,199894.765625
2020-10-03 00:00:00,136.131,136.131,136.131,136.131,0.0
2020-10-04 00:00:00,136.091,136.512,135.925,136.414,9497.580078125
2020-10-05 00:00:00,136.413,137.416,136.224,137.34,127851.3203125
2020-10-06 00:00:00,137.342,137.443,135.891,136.101,164365.578125
2020-10-07 00:00:00,136.101,136.991,135.953,136.865,151419.171875
2020-10-08 00:00:00,136.865,137.402,136.676,137.187,128418.703125
2020-10-09 00:00:00,137.187,137.824,136.782,137.734,136409.578125
2020-10-10 00:00:00,137.734,137.734,137.734,137.734,0.0
2020-10-11 00:00:00,137.766,137.812,137.61,137.627,5714.72998046875
2020-10-12 00:00:00,137.626,137.716,137.217,137.615,127381.4765625
2020-10-13 00:00:00,137.617,137.771,136.36,136.413,157870.109375
2020-10-14 00:00:00,136.414,137.329,135.66,136.802,157811.8125
2020-10-15 00:00:00,136.804,137.167,135.765,135.941,172156.265625
2020-10-16 00:00:00,135.944,136.413,135.374,136.096,158341.625
2020-10-17 00:00:00,136.096,136.096,136.096,136.096,0.0
2020-10-18 00:00:00,135.883,136.331,135.883,136.274,3852.429931640625
2020-10-19 00:00:00,136.273,137.245,136.231,136.537,153198.796875
2020-10-20 00:00:00,136.537,137.029,136.327,136.652,143492.21875
2020-10-21 00:00:00,136.654,137.663,136.551,137.432,176675.5625
2020-10-22 00:00:00,137.433,137.585,136.963,137.187,162826.75
2020-10-23 00:00:00,137.191,137.325,136.361,136.527,145962.015625
2020-10-24 00:00:00,136.527,136.527,136.527,136.527,0.0
2020-10-25 00:00:00,136.682,136.708,136.53,136.647,10152.6796875
2020-10-26 00:00:00,136.652,137.064,136.295,136.438,147983.59375
2020-10-27 00:00:00,136.438,136.585,136.122,136.222,128707.0625
2020-10-28 00:00:00,136.227,136.234,134.881,135.494,181078.453125
2020-10-29 00:00:00,135.491,135.944,134.643,135.202,191444.484375
2020-10-30 00:00:00,135.201,135.799,134.399,135.461,190768.765625
2020-10-31 00:00:00,135.461,135.461,135.461,135.461,0.0
2020-11-01 00:00:00,135.045,135.426,135.019,135.172,7051.47021484375
2020-11-02 00:00:00,135.173,135.429,134.869,135.319,147021.484375
2020-11-03 00:00:00,135.316,137.378,135.155,137.15,176482.109375
2020-11-04 00:00:00,137.149,137.321,135.091,135.409,311595.78125
2020-11-05 00:00:00,135.411,136.299,135.075,136.119,245653.265625
2020-11-06 00:00:00,136.116,136.189,135.462,135.871,223819.078125
2020-11-07 00:00:00,135.871,135.871,135.871,135.871,0.0
2020-11-08 00:00:00,135.941,136.155,135.73,136.08,18704.060546875
2020-11-09 00:00:00,136.08,138.908,136.026,138.449,278336.1875
2020-11-10 00:00:00,138.448,139.769,138.16,139.583,261691.953125
2020-11-11 00:00:00,139.58,140.282,139.199,139.387,191055.765625
2020-11-12 00:00:00,139.388,139.408,137.744,137.894,191726.875
2020-11-13 00:00:00,137.898,138.51,137.538,138.046,151646.3125
2020-11-14 00:00:00,138.046,138.046,138.046,138.046,0.0
2020-11-15 00:00:00,137.943,138.423,137.698,138.37,8270.23046875
2020-11-16 00:00:00,138.37,138.863,137.663,138.202,178237.625
2020-11-17 00:00:00,138.2,138.355,137.812,138.094,168947.984375
2020-11-18 00:00:00,138.093,138.176,137.6,137.673,160971.375
2020-11-19 00:00:00,137.675,138.0,137.19,137.514,185484.765625
2020-11-20 00:00:00,137.514,138.054,137.485,137.939,150498.171875
2020-11-21 00:00:00,137.939,137.939,137.939,137.939,0.0
2020-11-22 00:00:00,137.915,138.135,137.814,138.111,11130.5498046875
2020-11-23 00:00:00,138.108,139.336,138.077,139.29,174347.015625
2020-11-24 00:00:00,139.293,139.837,139.114,139.635,188733.25
2020-11-25 00:00:00,139.634,139.854,138.996,139.719,185834.578125
2020-11-26 00:00:00,139.718,139.783,138.922,139.213,116454.2734375
2020-11-27 00:00:00,139.215,139.222,138.274,138.447,141956.015625
2020-11-28 00:00:00,138.447,138.447,138.447,138.447,0.0
2020-11-29 00:00:00,138.667,138.878,138.453,138.763,7267.25
2020-11-30 00:00:00,138.767,139.466,138.416,139.089,191218.234375
2020-12-01 00:00:00,139.088,140.309,138.956,139.979,173663.484375
2020-12-02 00:00:00,139.98,140.444,138.886,139.622,191517.796875
2020-12-03 00:00:00,139.62,140.286,139.518,139.67,176304.875
2020-12-04 00:00:00,139.67,140.703,139.44,139.937,193047.875
2020-12-05 00:00:00,139.937,139.937,139.937,139.937,0.0
2020-12-06 00:00:00,139.595,139.871,139.543,139.794,8575.650390625
2020-12-07 00:00:00,139.795,139.82,137.9,138.898,194612.84375
2020-12-08 00:00:00,138.9,139.368,138.402,139.175,185202.875
2020-12-09 00:00:00,139.174,140.329,138.856,139.378,164604.453125
2020-12-10 00:00:00,139.379,139.659,138.381,138.57,182632.390625
2020-12-11 00:00:00,138.57,138.624,136.785,137.506,167017.5625
2020-12-12 00:00:00,137.506,137.506,137.506,137.506,0.0
2020-12-13 00:00:00,138.943,138.954,138.35,138.435,19232.73046875
2020-12-14 00:00:00,138.435,139.43,138.262,138.591,157364.515625
2020-12-15 00:00:00,138.593,139.599,138.277,139.371,174397.5
2020-12-16 00:00:00,139.37,140.063,139.146,139.708,188756.984375
2020-12-17 00:00:00,139.705,140.445,139.574,139.954,179840.4375
2020-12-18 00:00:00,139.955,140.321,139.311,139.728,162166.625
2020-12-19 00:00:00,139.728,139.728,139.728,139.728,0.0
2020-12-20 00:00:00,138.695,139.022,138.478,138.667,12471.5703125
2020-12-21 00:00:00,138.666,139.527,136.962,138.953,270155.40625
2020-12-22 00:00:00,138.954,139.125,137.995,138.713,215950.546875
2020-12-23 00:00:00,138.713,140.313,138.528,139.888,217230.875
2020-12-24 00:00:00,139.883,141.211,139.847,140.391,155314.96875
2020-12-25 00:00:00,140.391,140.764,140.069,140.101,3588.7900390625
2020-12-26 00:00:00,140.101,140.101,140.101,140.101,0.0
2020-12-27 00:00:00,140.262,140.509,140.238,140.48,4904.740234375
2020-12-28 00:00:00,140.48,140.569,139.474,139.648,172972.640625
2020-12-29 00:00:00,139.651,140.165,139.609,139.765,233004.203125
2020-12-30 00:00:00,139.767,140.662,139.707,140.547,185448.765625
2020-12-31 00:00:00,140.549,141.248,140.357,141.168,175724.3125
2021-01-01 00:00:00,141.168,141.168,141.168,141.168,0.0
2021-01-02 00:00:00,141.168,141.168,141.168,141.168,0.0
2021-01-03 00:00:00,140.73,141.304,140.73,141.244,7487.14990234375
2021-01-04 00:00:00,141.247,141.275,139.687,139.958,235561.328125
2021-01-05 00:00:00,139.956,140.149,139.508,139.924,220940.015625
2021-01-06 00:00:00,139.924,140.57,139.752,140.352,294138.125
2021-01-07 00:00:00,140.349,140.99,140.103,140.839,242264.40625
2021-01-08 00:00:00,140.839,141.376,140.733,140.928,251793.265625
2021-01-09 00:00:00,140.928,140.928,140.928,140.928,0.0
2021-01-10 00:00:00,140.759,140.968,140.619,140.702,6751.10009765625
2021-01-11 00:00:00,140.7,140.932,140.334,140.824,212168.125
2021-01-12 00:00:00,140.821,142.028,140.745,141.785,202737.4375
2021-01-13 00:00:00,141.783,142.257,141.522,141.692,191372.796875
2021-01-14 00:00:00,141.692,142.235,141.625,142.076,202902.78125
2021-01-15 00:00:00,142.074,142.111,140.954,141.041,181508.765625
2021-01-16 00:00:00,141.041,141.041,141.041,141.041,0.0
2021-01-17 00:00:00,141.082,141.195,140.966,141.013,7899.16015625
2021-01-18 00:00:00,141.014,141.087,140.354,140.851,171540.4375
2021-01-19 00:00:00,140.853,141.774,140.829,141.756,154875.90625
2021-01-20 00:00:00,141.756,142.336,141.082,141.524,166031.265625
2021-01-21 00:00:00,141.524,142.215,141.423,142.098,163074.859375
2021-01-22 00:00:00,142.095,142.2,141.508,141.928,138814.65625
2021-01-23 00:00:00,141.928,141.928,141.928,141.928,0.0
2021-01-24 00:00:00,142.001,142.085,141.886,142.032,7616.31982421875
2021-01-25 00:00:00,142.035,142.322,141.65,141.904,166035.53125
2021-01-26 00:00:00,141.906,142.452,141.277,142.354,158769.09375
2021-01-27 00:00:00,142.354,142.856,142.195,142.362,186528.4375
2021-01-28 00:00:00,142.362,143.262,142.186,143.148,195274.90625
2021-01-29 00:00:00,143.146,143.953,142.991,143.423,206851.75
2021-01-30 00:00:00,143.423,143.423,143.423,143.423,0.0
2021-01-31 00:00:00,143.597,143.641,143.374,143.432,11802.7802734375
2021-02-01 00:00:00,143.434,144.096,143.319,143.429,151848.59375
2021-02-02 00:00:00,143.428,143.772,143.127,143.457,147618.828125
2021-02-03 00:00:00,143.454,143.683,143.108,143.312,130020.4375
2021-02-04 00:00:00,143.313,144.388,142.834,144.34,147492.375
2021-02-05 00:00:00,144.341,144.887,144.25,144.66,131909.015625
2021-02-06 00:00:00,144.66,144.66,144.66,144.66,0.0
2021-02-07 00:00:00,144.44,144.815,144.438,144.783,14979.8095703125
2021-02-08 00:00:00,144.789,144.93,144.406,144.616,120139.1171875
2021-02-09 00:00:00,144.615,144.667,144.032,144.483,131646.6875
2021-02-10 00:00:00,144.485,145.063,144.365,144.689,137862.453125
2021-02-11 00:00:00,144.688,144.902,144.571,144.669,106901.21875
2021-02-12 00:00:00,144.668,145.473,144.494,145.335,108318.4296875
2021-02-13 00:00:00,145.335,145.335,145.335,145.335,0.0
2021-02-14 00:00:00,145.263,145.748,145.263,145.714,23443.779296875
2021-02-15 00:00:00,145.714,146.644,145.643,146.61,98649.1796875
2021-02-16 00:00:00,146.609,147.565,146.517,147.339,156702.953125
2021-02-17 00:00:00,147.333,147.362,146.415,146.771,148007.375
2021-02-18 00:00:00,146.771,147.785,146.547,147.566,128663.8828125
2021-02-19 00:00:00,147.566,148.154,147.281,147.616,108975.71875
2021-02-20 00:00:00,147.616,147.616,147.616,147.616,0.0
2021-02-21 00:00:00,147.672,148.051,147.671,148.037,15534.3603515625
2021-02-22 00:00:00,148.034,148.292,147.541,147.717,124650.1796875
2021-02-23 00:00:00,147.717,148.669,147.659,148.666,121472.578125
2021-02-24 00:00:00,148.667,150.104,148.64,149.884,158272.8125
2021-02-25 00:00:00,149.883,150.439,148.476,148.983,202655.734375
2021-02-26 00:00:00,148.982,149.075,147.399,148.284,230914.625
2021-02-27 00:00:00,148.284,148.284,148.284,148.284,0.0
2021-02-28 00:00:00,148.335,148.88,148.28,148.789,13647.9599609375
2021-03-01 00:00:00,148.791,149.297,148.335,148.818,150262.828125
2021-03-02 00:00:00,148.818,149.191,148.111,148.967,154106.984375
2021-03-03 00:00:00,148.967,149.695,148.882,149.049,169206.625
2021-03-04 00:00:00,149.049,150.728,149.041,149.976,228359.3125
2021-03-05 00:00:00,149.972,150.366,149.353,149.908,230929.8125
2021-03-06 00:00:00,149.908,149.908,149.908,149.908,0.0
2021-03-07 00:00:00,149.419,150.356,149.419,150.146,14866.759765625
2021-03-08 00:00:00,150.147,150.695,149.679,150.55,203380.984375
2021-03-09 00:00:00,150.557,151.278,150.489,150.776,212854.3125
2021-03-10 00:00:00,150.775,151.188,150.64,151.069,183703.234375
2021-03-11 00:00:00,151.069,151.879,150.968,151.866,176722.625
2021-03-12 00:00:00,151.865,152.234,151.226,151.706,175190.984375
2021-03-13 00:00:00,151.706,151.706,151.706,151.706,0.0
2021-03-14 00:00:00,151.653,152.021,151.511,151.992,10585.01953125
2021-03-15 00:00:00,151.991,152.111,151.198,151.665,162498.375
2021-03-16 00:00:00,151.664,151.748,150.785,151.573,155962.140625
2021-03-17 00:00:00,151.573,152.196,151.338,152.184,176703.734375
2021-03-18 00:00:00,152.185,152.548,151.455,151.663,206034.109375
2021-03-19 00:00:00,151.66,151.797,150.562,150.929,166895.8125
2021-03-20 00:00:00,150.929,150.929,150.929,150.929,0.0
2021-03-21 00:00:00,150.279,150.814,150.252,150.606,8293.400390625
2021-03-22 00:00:00,150.609,150.93,150.328,150.752,128936.3125
2021-03-23 00:00:00,150.753,150.777,148.911,149.013,164599.703125
2021-03-24 00:00:00,149.007,149.442,148.523,148.913,151157.40625
2021-03-25 00:00:00,148.914,150.132,148.907,150.077,152114.1875
2021-03-26 00:00:00,150.077,151.542,150.034,151.227,129435.8515625
2021-03-27 00:00:00,151.227,151.227,151.227,151.227,0.0
2021-03-28 00:00:00,151.29,151.425,151.072,151.402,7534.0
2021-03-29 00:00:00,151.4,151.806,150.578,151.288,137836.90625
2021-03-30 00:00:00,151.286,151.94,151.149,151.615,137774.078125
2021-03-31 00:00:00,151.611,152.781,151.552,152.679,155421.46875
2021-04-01 00:00:00,152.679,153.068,152.288,153.01,151866.984375
2021-04-02 00:00:00,153.011,153.198,152.698,152.963,168877.359375
2021-04-03 00:00:00,152.963,152.963,152.963,152.963,0.0
2021-04-04 00:00:00,152.902,153.075,152.835,153.065,8667.490234375
2021-04-05 00:00:00,153.067,153.363,152.881,153.301,93982.84375
2021-04-06 00:00:00,153.3,153.412,151.599,151.845,148889.3125
2021-04-07 00:00:00,151.844,152.071,150.655,150.954,155801.6875
2021-04-08 00:00:00,150.954,151.088,149.88,150.143,136959.953125
2021-04-09 00:00:00,150.146,150.933,149.586,150.263,121456.1796875
2021-04-10 00:00:00,150.263,150.263,150.263,150.263,0.0
2021-04-11 00:00:00,150.245,150.455,150.096,150.4,6711.509765625
2021-04-12 00:00:00,150.4,150.586,149.752,150.434,112099.7109375
2021-04-13 00:00:00,150.433,150.825,149.665,149.863,134594.375
2021-04-14 00:00:00,149.862,150.453,149.582,150.028,123494.828125
2021-04-15 00:00:00,150.026,150.199,149.682,149.807,124362.203125
2021-04-16 00:00:00,149.807,150.628,149.381,150.544,127189.109375
2021-04-17 00:00:00,150.544,150.544,150.544,150.544,0.0
2021-04-18 00:00:00,150.427,150.525,150.217,150.223,7417.5498046875
2021-04-19 00:00:00,150.226,151.316,149.887,151.254,166268.734375
2021-04-20 00:00:00,151.254,151.978,150.554,150.71,151280.375
2021-04-21 00:00:00,150.71,150.968,150.041,150.512,133027.140625
2021-04-22 00:00:00,150.508,150.649,149.305,149.438,143529.3125
2021-04-23 00:00:00,149.437,149.95,149.056,149.677,126039.7109375
2021-04-24 00:00:00,149.677,149.677,149.677,149.677,0.0
2021-04-25 00:00:00,149.682,149.812,149.565,149.57,7296.56005859375
2021-04-26 00:00:00,149.571,150.379,149.533,150.336,133965.921875
2021-04-27 00:00:00,150.336,151.261,150.145,151.192,127921.90625
2021-04-28 00:00:00,151.193,151.565,151.008,151.41,150487.359375
2021-04-29 00:00:00,151.411,152.406,151.329,151.921,133921.3125
2021-04-30 00:00:00,151.922,152.111,150.869,150.988,137534.15625
2021-05-01 00:00:00,150.988,150.988,150.988,150.988,0.0
2021-05-02 00:00:00,150.858,151.112,150.79,151.015,3124.419921875
2021-05-03 00:00:00,151.023,151.927,151.02,151.662,112058.203125
2021-05-04 00:00:00,151.661,152.055,150.995,151.828,152609.96875
2021-05-05 00:00:00,151.828,152.23,151.714,151.907,116936.53125
2021-05-06 00:00:00,151.904,152.119,151.245,151.529,154283.171875
2021-05-07 00:00:00,151.529,152.112,151.261,151.845,168007.140625
2021-05-08 00:00:00,151.845,151.845,151.845,151.845,0.0
2021-05-09 00:00:00,152.018,152.458,151.926,152.441,7896.85986328125
2021-05-10 00:00:00,152.44,154.023,152.39,153.805,175649.421875
2021-05-11 00:00:00,153.804,153.958,153.144,153.672,165166.484375
2021-05-12 00:00:00,153.67,154.429,153.52,154.205,190236.515625
2021-05-13 00:00:00,154.207,154.335,153.462,153.825,166505.46875
2021-05-14 00:00:00,153.824,154.285,153.608,154.145,121478.3125
2021-05-15 00:00:00,154.145,154.145,154.145,154.145,0.0
2021-05-16 00:00:00,154.089,154.292,153.825,154.289,3860.300048828125
2021-05-17 00:00:00,154.286,154.55,153.73,154.546,133719.296875
2021-05-18 00:00:00,154.549,154.828,154.411,154.448,138191.171875
2021-05-19 00:00:00,154.451,154.808,153.536,154.134,195638.484375
2021-05-20 00:00:00,154.133,154.443,153.617,154.41,143576.4375
2021-05-21 00:00:00,154.411,154.674,154.008,154.15,137356.8125
2021-05-22 00:00:00,154.15,154.15,154.15,154.15,0.0
2021-05-23 00:00:00,154.085,154.155,153.963,154.003,4600.1298828125
2021-05-24 00:00:00,154.003,154.156,153.767,154.076,121736.3984375
2021-05-25 00:00:00,154.071,154.446,153.772,153.858,146701.59375
2021-05-26 00:00:00,153.857,154.344,153.77,154.09,127281.84375
2021-05-27 00:00:00,154.086,156.073,153.838,155.959,161337.859375
2021-05-28 00:00:00,155.958,156.055,155.583,155.829,147620.25
2021-05-29 00:00:00,155.829,155.829,155.829,155.829,0.0
2021-05-30 00:00:00,155.602,155.913,155.511,155.837,2517.72998046875
2021-05-31 00:00:00,155.838,155.864,155.297,155.769,99210.9296875
2021-06-01 00:00:00,155.763,155.93,154.758,154.99,140222.640625
2021-06-02 00:00:00,154.988,155.5,154.961,155.302,121469.5078125
2021-06-03 00:00:00,155.3,155.814,155.292,155.592,128747.9375
2021-06-04 00:00:00,155.592,155.749,155.028,155.04,120818.6875
2021-06-05 00:00:00,155.04,155.04,155.04,155.04,0.0
2021-06-06 00:00:00,155.027,155.272,154.77,155.262,4380.080078125
2021-06-07 00:00:00,155.262,155.278,154.546,154.897,113110.640625
2021-06-08 00:00:00,154.896,155.089,154.552,154.886,109809.7421875
2021-06-09 00:00:00,154.885,155.312,154.478,154.672,102227.9375
2021-06-10 00:00:00,154.674,155.21,154.127,155.01,163381.125
2021-06-11 00:00:00,155.011,155.205,154.638,154.736,117643.9765625
2021-06-12 00:00:00,154.736,154.736,154.736,154.736,0.0
2021-06-13 00:00:00,154.584,154.906,154.536,154.887,4514.7998046875
2021-06-14 00:00:00,154.892,155.343,154.317,155.258,110531.21875
2021-06-15 00:00:00,155.258,155.482,154.53,154.997,115366.4375
2021-06-16 00:00:00,154.997,155.375,154.67,154.95,167853.15625
2021-06-17 00:00:00,154.952,155.009,153.141,153.763,185481.96875
2021-06-18 00:00:00,153.763,153.764,151.984,152.094,175164.28125
2021-06-19 00:00:00,152.094,152.094,152.094,152.094,0.0
2021-06-20 00:00:00,152.061,152.322,151.92,152.255,7103.8798828125
2021-06-21 00:00:00,152.255,153.769,151.309,153.686,179310.25
2021-06-22 00:00:00,153.685,154.464,153.093,154.351,134174.40625
2021-06-23 00:00:00,154.348,155.153,154.233,155.044,133013.09375
2021-06-24 00:00:00,155.043,155.14,153.823,154.353,134922.703125
2021-06-25 00:00:00,154.356,154.53,153.594,153.757,99990.796875
2021-06-26 00:00:00,153.757,153.757,153.757,153.757,0.0
2021-06-27 00:00:00,153.666,153.999,153.633,153.979,3802.909912109375
2021-06-28 00:00:00,153.977,154.222,153.384,153.498,108749.2734375
2021-06-29 00:00:00,153.5,153.518,152.608,152.975,111433.78125
2021-06-30 00:00:00,152.973,153.751,152.662,153.669,137543.90625
2021-07-01 00:00:00,153.674,153.968,153.349,153.505,129135.609375
2021-07-02 00:00:00,153.503,153.73,153.079,153.485,132876.609375
2021-07-03 00:00:00,153.485,153.485,153.485,153.485,0.0
2021-07-04 00:00:00,153.407,153.742,153.285,153.717,9147.8603515625
2021-07-05 00:00:00,153.716,153.725,153.457,153.649,108783.0234375
2021-07-06 00:00:00,153.65,154.068,152.351,152.671,149522.296875
2021-07-07 00:00:00,152.67,153.17,152.285,152.666,157956.046875
2021-07-08 00:00:00,152.666,152.687,150.661,151.409,195090.8125
2021-07-09 00:00:00,151.411,153.148,151.169,153.026,189512.875
2021-07-10 00:00:00,153.026,153.026,153.026,153.026,0.0
2021-07-11 00:00:00,152.943,153.235,152.923,153.18,7166.56982421875
2021-07-12 00:00:00,153.18,153.343,152.407,153.199,149668.109375
2021-07-13 00:00:00,153.2,153.482,152.413,152.678,163461.90625
2021-07-14 00:00:00,152.678,153.296,152.292,152.409,168409.78125
2021-07-15 00:00:00,152.408,152.801,151.603,151.8,173542.046875
2021-07-16 00:00:00,151.8,152.607,151.423,151.478,129180.640625
2021-07-17 00:00:00,151.478,151.478,151.478,151.478,0.0
2021-07-18 00:00:00,151.393,151.527,151.149,151.221,5906.759765625
2021-07-19 00:00:00,151.226,151.306,149.326,149.712,183203.671875
2021-07-20 00:00:00,149.713,149.972,148.457,149.866,172412.875
2021-07-21 00:00:00,149.865,151.338,149.284,151.166,140364.796875
2021-07-22 00:00:00,151.165,151.91,150.734,151.691,141159.484375
2021-07-23 00:00:00,151.689,152.157,151.534,151.952,119167.2109375
2021-07-24 00:00:00,151.952,151.952,151.952,151.952,0.0
2021-07-25 00:00:00,151.932,152.159,151.905,152.075,4450.97021484375
2021-07-26 00:00:00,152.071,152.604,151.4,152.506,130634.3828125
2021-07-27 00:00:00,152.507,152.537,151.57,152.427,133864.03125
2021-07-28 00:00:00,152.429,152.988,152.174,152.807,145855.828125
2021-07-29 00:00:00,152.806,153.441,152.509,152.773,118283.9375
2021-07-30 00:00:00,152.771,153.21,152.435,152.45,118645.78125
2021-07-31 00:00:00,152.45,152.45,152.45,152.45,0.0
2021-08-01 00:00:00,152.419,152.559,152.198,152.449,3873.199951171875
2021-08-02 00:00:00,152.448,152.858,151.533,151.782,112753.796875
2021-08-03 00:00:00,151.783,152.197,151.162,151.677,115755.546875
2021-08-04 00:00:00,151.676,152.511,151.51,152.133,119108.2734375
2021-08-05 00:00:00,152.136,153.029,152.113,152.854,109145.65625
2021-08-06 00:00:00,152.853,153.245,152.653,152.895,96887.5625
2021-08-07 00:00:00,152.895,152.895,152.895,152.895,0.0
2021-08-08 00:00:00,152.868,152.985,152.818,152.893,12056.3603515625
2021-08-09 00:00:00,152.893,153.065,152.574,152.758,97531.7578125
2021-08-10 00:00:00,152.757,153.313,152.616,153.015,93079.3125
2021-08-11 00:00:00,153.013,153.293,152.862,153.048,91506.078125
2021-08-12 00:00:00,153.048,153.196,152.314,152.472,83053.96875
2021-08-13 00:00:00,152.472,152.552,151.915,151.915,70931.578125
2021-08-14 00:00:00,151.915,151.915,151.915,151.915,0.0
2021-08-15 00:00:00,151.796,152.196,151.743,151.977,6491.490234375
2021-08-16 00:00:00,151.979,151.98,150.919,151.272,102299.90625
2021-08-17 00:00:00,151.273,151.295,150.172,150.502,105501.859375
2021-08-18 00:00:00,150.5,151.402,150.434,150.95,96106.6796875
2021-08-19 00:00:00,150.948,151.212,149.541,149.612,124441.2421875
2021-08-20 00:00:00,149.611,149.881,149.181,149.513,94632.2265625
2021-08-21 00:00:00,149.513,149.513,149.513,149.513,0.0
2021-08-22 00:00:00,149.202,149.699,149.198,149.647,6082.4599609375
2021-08-23 00:00:00,149.648,150.756,149.641,150.506,103369.21875
2021-08-24 00:00:00,150.507,151.006,150.053,150.595,90862.0390625
2021-08-25 00:00:00,150.591,151.453,150.442,151.37,96981.640625
2021-08-26 00:00:00,151.37,151.592,150.609,150.76,102949.8828125
2021-08-27 00:00:00,150.762,151.516,150.459,151.147,107755.90625
2021-08-28 00:00:00,151.147,151.147,151.147,151.147,0.0
2021-08-29 00:00:00,151.068,151.23,150.997,151.197,5692.5
2021-08-30 00:00:00,151.196,151.313,150.943,151.27,63041.23828125
2021-08-31 00:00:00,151.27,151.591,151.06,151.344,125937.3828125
2021-09-01 00:00:00,151.344,151.944,151.324,151.607,112464.9375
2021-09-02 00:00:00,151.608,152.192,151.346,152.119,97272.96875
2021-09-03 00:00:00,152.119,152.292,151.77,152.019,104541.09375
2021-09-04 00:00:00,152.019,152.019,152.019,152.019,0.0
2021-09-05 00:00:00,151.936,152.158,151.919,152.123,3392.659912109375
2021-09-06 00:00:00,152.121,152.253,151.793,151.976,84975.2578125
2021-09-07 00:00:00,151.973,152.22,151.495,151.974,118257.6171875
2021-09-08 00:00:00,151.971,152.087,151.459,151.732,107855.859375
2021-09-09 00:00:00,151.734,152.168,151.417,151.902,116574.15625
2021-09-10 00:00:00,151.901,152.638,151.778,152.001,103825.3984375
2021-09-11 00:00:00,152.001,152.001,152.001,152.001,0.0
2021-09-12 00:00:00,151.838,152.12,151.823,152.109,4665.2001953125
2021-09-13 00:00:00,152.105,152.324,151.907,152.203,101891.3828125
2021-09-14 00:00:00,152.201,152.848,151.324,151.495,117821.421875
2021-09-15 00:00:00,151.494,151.553,150.825,151.47,118867.4296875
2021-09-16 00:00:00,151.47,151.567,150.87,151.353,108379.1015625
2021-09-17 00:00:00,151.352,151.925,150.945,150.973,106875.3671875
2021-09-18 00:00:00,150.973,150.973,150.973,150.973,0.0
2021-09-19 00:00:00,150.895,151.09,150.787,150.978,3335.530029296875
2021-09-20 00:00:00,150.977,151.045,149.16,149.506,135227.359375
2021-09-21 00:00:00,149.503,150.13,148.952,149.069,130328.21875
2021-09-22 00:00:00,149.068,149.958,149.01,149.537,152066.34375
2021-09-23 00:00:00,149.536,151.478,149.524,151.372,126148.609375
2021-09-24 00:00:00,151.372,151.731,150.997,151.319,122092.53125
2021-09-25 00:00:00,151.319,151.319,151.319,151.319,0.0
2021-09-26 00:00:00,151.231,151.462,151.126,151.392,3737.3701171875
2021-09-27 00:00:00,151.393,152.196,151.115,152.02,124209.609375
2021-09-28 00:00:00,152.018,152.568,150.537,151.02,172302.1875
2021-09-29 00:00:00,151.021,151.188,149.907,150.292,163204.765625
2021-09-30 00:00:00,150.292,150.945,149.801,150.122,158358.875
2021-10-01 00:00:00,150.121,150.74,149.226,150.415,171444.421875
2021-10-02 00:00:00,150.415,150.415,150.415,150.415,0.0
2021-10-03 00:00:00,150.333,150.632,150.073,150.548,7262.89013671875
2021-10-04 00:00:00,150.55,151.52,150.211,150.99,160837.875
2021-10-05 00:00:00,150.991,152.047,150.744,151.906,156727.265625
2021-10-06 00:00:00,151.904,152.157,150.809,151.421,180059.375
2021-10-07 00:00:00,151.42,152.089,151.028,152.071,128468.03125
2021-10-08 00:00:00,152.071,152.935,152.002,152.793,147849.609375
2021-10-09 00:00:00,152.793,152.793,152.793,152.793,0.0
2021-10-10 00:00:00,152.624,152.963,152.624,152.869,8913.1904296875
2021-10-11 00:00:00,152.867,154.504,152.854,154.102,134887.8125
2021-10-12 00:00:00,154.102,154.822,153.681,154.141,155604.8125
2021-10-13 00:00:00,154.142,154.952,154.11,154.87,161183.734375
2021-10-14 00:00:00,154.871,155.74,154.826,155.582,124996.96875
2021-10-15 00:00:00,155.582,157.414,155.569,156.968,140390.515625
2021-10-16 00:00:00,156.968,156.968,156.968,156.968,0.0
2021-10-17 00:00:00,156.885,157.379,156.851,157.324,15834.48046875
2021-10-18 00:00:00,157.325,157.331,156.606,156.978,160648.65625
2021-10-19 00:00:00,156.979,158.053,156.872,157.981,144436.46875
2021-10-20 00:00:00,157.984,158.215,157.015,158.102,129916.28125
2021-10-21 00:00:00,158.103,158.165,156.774,157.006,148447.046875
2021-10-22 00:00:00,157.011,157.656,155.924,156.116,159634.765625
2021-10-23 00:00:00,156.116,156.116,156.116,156.116,0.0
2021-10-24 00:00:00,155.982,156.435,155.982,156.422,5605.5498046875
2021-10-25 00:00:00,156.424,156.815,156.153,156.572,155271.765625
2021-10-26 00:00:00,156.574,157.77,156.506,157.175,141381.953125
2021-10-27 00:00:00,157.175,157.265,155.703,156.225,181665.4375
2021-10-28 00:00:00,156.227,156.773,155.913,156.77,195328.59375
2021-10-29 00:00:00,156.771,157.097,155.785,155.964,179450.90625
2021-10-30 00:00:00,155.964,155.964,155.964,155.964,0.0
2021-10-31 00:00:00,155.918,156.324,155.892,156.301,8651.76953125
2021-11-01 00:00:00,156.303,156.489,155.604,155.781,151288.015625
2021-11-02 00:00:00,155.783,155.832,154.661,155.171,156677.359375
2021-11-03 00:00:00,155.171,156.245,154.959,156.202,162233.5
2021-11-04 00:00:00,156.2,156.213,153.115,153.758,167385.515625
2021-11-05 00:00:00,153.761,153.761,152.808,153.015,160988.84375
2021-11-06 00:00:00,153.015,153.015,153.015,153.015,0.0
2021-11-07 00:00:00,152.756,153.14,152.754,153.08,13103.580078125
2021-11-08 00:00:00,153.078,153.653,152.703,153.611,134803.625
2021-11-09 00:00:00,153.61,153.628,152.737,153.102,162275.09375
2021-11-10 00:00:00,153.105,153.738,152.576,152.766,205362.671875
2021-11-11 00:00:00,152.763,153.009,152.374,152.418,135633.84375
2021-11-12 00:00:00,152.416,152.932,152.405,152.727,138487.84375
2021-11-13 00:00:00,152.727,152.727,152.727,152.727,0.0
2021-11-14 00:00:00,152.83,153.013,152.747,152.919,8409.3701171875
2021-11-15 00:00:00,152.918,153.278,152.625,153.049,128382.703125
2021-11-16 00:00:00,153.044,154.312,153.036,154.257,155160.609375
2021-11-17 00:00:00,154.251,154.731,153.648,154.02,165982.515625
2021-11-18 00:00:00,154.021,154.305,153.704,154.265,133338.859375
2021-11-19 00:00:00,154.266,154.447,152.514,153.244,198800.265625
2021-11-20 00:00:00,153.244,153.244,153.244,153.244,0.0
2021-11-21 00:00:00,153.129,153.385,153.09,153.32,15492.16015625
2021-11-22 00:00:00,153.323,154.053,153.121,153.786,162411.625
2021-11-23 00:00:00,153.784,154.212,153.278,153.998,170852.703125
2021-11-24 00:00:00,153.996,154.145,153.362,153.829,160836.796875
2021-11-25 00:00:00,153.829,154.058,153.133,153.194,133628.984375
2021-11-26 00:00:00,153.189,153.242,150.696,150.781,301580.125
2021-11-27 00:00:00,150.781,150.781,150.781,150.781,0.0
2021-11-28 00:00:00,151.203,151.912,151.031,151.705,17333.26953125
2021-11-29 00:00:00,151.703,151.866,150.684,151.518,203779.296875
2021-11-30 00:00:00,151.515,151.624,149.722,150.632,305926.84375
2021-12-01 00:00:00,150.632,151.432,149.52,149.874,225183.8125
2021-12-02 00:00:00,149.872,150.792,149.784,150.307,212572.046875
2021-12-03 00:00:00,150.307,150.752,148.975,149.229,193221.90625
2021-12-04 00:00:00,149.229,149.229,149.229,149.229,0.0
2021-12-05 00:00:00,149.209,149.686,149.182,149.609,9057.58984375
2021-12-06 00:00:00,149.609,150.602,149.349,150.479,171238.28125
2021-12-07 00:00:00,150.479,151.125,150.12,150.365,134445.703125
2021-12-08 00:00:00,150.362,150.695,149.357,150.159,174457.984375
2021-12-09 00:00:00,150.158,150.315,149.485,150.009,123403.9765625
2021-12-10 00:00:00,150.011,150.509,149.667,150.445,152407.765625
2021-12-11 00:00:00,150.445,150.445,150.445,150.445,0.0
2021-12-12 00:00:00,150.305,150.481,150.194,150.479,10350.0703125
2021-12-13 00:00:00,150.477,150.752,149.869,150.063,122413.8828125
2021-12-14 00:00:00,150.064,150.577,149.762,150.466,132666.765625
2021-12-15 00:00:00,150.465,151.474,150.273,151.37,172871.1875
2021-12-16 00:00:00,151.365,152.631,151.089,151.427,184496.625
2021-12-17 00:00:00,151.43,151.71,150.424,150.474,166104.1875
2021-12-18 00:00:00,150.474,150.474,150.474,150.474,0.0
2021-12-19 00:00:00,150.449,150.548,150.163,150.167,8434.330078125
2021-12-20 00:00:00,150.165,150.4,149.521,150.135,189926.734375
2021-12-21 00:00:00,150.137,151.408,149.886,151.244,124512.03125
2021-12-22 00:00:00,151.242,152.577,151.099,152.356,128401.328125
2021-12-23 00:00:00,152.357,153.705,152.298,153.414,116229.109375
2021-12-24 00:00:00,153.415,153.552,152.963,153.182,239580.046875
2021-12-25 00:00:00,153.182,153.182,153.182,153.182,0.0
2021-12-26 00:00:00,153.035,153.304,152.933,153.241,2862.429931640625
2021-12-27 00:00:00,153.242,154.457,153.16,154.288,65783.3828125
2021-12-28 00:00:00,154.286,154.58,153.998,154.19,83648.84375
2021-12-29 00:00:00,154.19,155.143,154.053,155.14,183305.140625
2021-12-30 00:00:00,155.143,155.663,154.912,155.302,105861.2734375
2021-12-31 00:00:00,155.302,156.009,154.993,155.543,96853.4609375
2022-01-01 00:00:00,155.543,155.543,155.543,155.543,0.0
2022-01-02 00:00:00,155.466,155.776,155.458,155.688,3591.830078125
2022-01-03 00:00:00,155.684,155.916,154.883,155.485,120315.8125
2022-01-04 00:00:00,155.482,157.426,155.372,157.18,154031.6875
2022-01-05 00:00:00,157.181,157.766,156.572,157.399,156780.765625
2022-01-06 00:00:00,157.396,157.466,156.082,156.792,151512.109375
2022-01-07 00:00:00,156.79,157.179,156.737,157.004,121008.1484375
2022-01-08 00:00:00,157.004,157.004,157.004,157.004,0.0
2022-01-09 00:00:00,156.737,157.161,156.727,157.136,5192.72021484375
2022-01-10 00:00:00,157.137,157.372,155.943,156.534,125596.546875
2022-01-11 00:00:00,156.537,157.31,156.413,157.225,140213.34375
2022-01-12 00:00:00,157.224,157.705,156.752,157.162,134682.8125
2022-01-13 00:00:00,157.166,157.458,156.305,156.484,143962.546875
2022-01-14 00:00:00,156.484,156.523,155.453,156.116,168893.296875
2022-01-15 00:00:00,156.116,156.116,156.116,156.116,0.0
2022-01-16 00:00:00,156.005,156.314,155.985,156.288,8325.8896484375
2022-01-17 00:00:00,156.288,156.714,156.194,156.358,102302.6875
2022-01-18 00:00:00,156.356,156.899,155.472,155.785,179890.3125
2022-01-19 00:00:00,155.786,156.229,155.396,155.608,166000.25
2022-01-20 00:00:00,155.609,156.06,154.846,154.988,158582.015625
2022-01-21 00:00:00,154.988,155.016,153.905,154.036,173956.859375
2022-01-22 00:00:00,154.036,154.036,154.036,154.036,0.0
2022-01-23 00:00:00,153.996,154.242,153.925,154.235,7103.47021484375
2022-01-24 00:00:00,154.236,154.484,152.899,153.784,224727.515625
2022-01-25 00:00:00,153.786,154.011,153.114,153.86,233623.375
2022-01-26 00:00:00,153.861,154.733,153.668,154.491,204446.25
2022-01-27 00:00:00,154.489,154.716,153.817,154.42,251373.96875
2022-01-28 00:00:00,154.422,154.953,154.086,154.351,217912.875
2022-01-29 00:00:00,154.351,154.351,154.351,154.351,0.0
2022-01-30 00:00:00,154.411,154.542,154.368,154.48,8493.76953125
2022-01-31 00:00:00,154.472,155.327,154.388,154.768,197627.6875
2022-02-01 00:00:00,154.767,155.202,154.483,155.168,173060.0
2022-02-02 00:00:00,155.164,155.434,154.805,155.145,163828.25
2022-02-03 00:00:00,155.144,156.498,155.041,156.313,213985.5625
2022-02-04 00:00:00,156.31,156.501,155.557,155.82,205977.875
2022-02-05 00:00:00,155.82,155.82,155.82,155.82,0.0
2022-02-06 00:00:00,156.027,156.078,155.906,155.927,8379.9599609375
2022-02-07 00:00:00,155.929,156.162,155.13,155.754,175789.109375
2022-02-08 00:00:00,155.754,156.719,155.751,156.504,187319.6875
2022-02-09 00:00:00,156.503,156.854,156.192,156.43,145725.265625
2022-02-10 00:00:00,156.431,158.062,156.243,157.237,236784.203125
2022-02-11 00:00:00,157.233,157.705,155.857,156.496,253515.328125
2022-02-12 00:00:00,156.496,156.496,156.496,156.496,0.0
2022-02-13 00:00:00,156.323,156.858,156.304,156.831,12092.5400390625
2022-02-14 00:00:00,156.83,156.844,155.302,156.341,260190.875
2022-02-15 00:00:00,156.343,156.824,155.962,156.577,198706.84375
2022-02-16 00:00:00,156.58,157.111,156.346,156.72,179278.21875
2022-02-17 00:00:00,156.715,156.992,156.044,156.374,245083.3125
2022-02-18 00:00:00,156.372,157.287,156.211,156.216,195898.84375
2022-02-19 00:00:00,156.216,156.216,156.216,156.216,0.0
2022-02-20 00:00:00,156.227,156.332,156.08,156.241,10248.2099609375
2022-02-21 00:00:00,156.242,156.746,155.51,155.8,165608.765625
2022-02-22 00:00:00,155.802,156.507,155.568,156.394,234103.09375
2022-02-23 00:00:00,156.396,156.77,155.597,155.628,167816.71875
2022-02-24 00:00:00,155.624,155.884,153.362,154.498,387052.53125
2022-02-25 00:00:00,154.501,155.177,154.151,154.832,254904.65625
2022-02-26 00:00:00,154.832,154.832,154.832,154.832,0.0
2022-02-27 00:00:00,153.978,154.631,153.858,154.557,22692.66015625
2022-02-28 00:00:00,154.556,154.99,153.949,154.462,244744.578125
2022-03-01 00:00:00,154.463,154.686,152.656,153.137,214934.78125
2022-03-02 00:00:00,153.131,154.919,152.811,154.747,253324.53125
2022-03-03 00:00:00,154.744,155.224,153.861,154.167,205356.421875
2022-03-04 00:00:00,154.169,154.216,151.462,151.932,239434.546875
2022-03-05 00:00:00,151.932,151.932,151.932,151.932,0.0
2022-03-06 00:00:00,151.941,152.106,151.583,151.866,18426.4296875
2022-03-07 00:00:00,151.866,152.228,151.031,151.276,292273.9375
2022-03-08 00:00:00,151.278,152.007,150.975,151.576,274635.3125
2022-03-09 00:00:00,151.575,152.849,151.575,152.817,208897.515625
2022-03-10 00:00:00,152.817,152.991,151.877,152.22,211585.390625
2022-03-11 00:00:00,152.221,153.397,152.01,152.887,215539.84375
2022-03-12 00:00:00,152.887,152.887,152.887,152.887,0.0
2022-03-13 00:00:00,152.932,153.453,152.831,153.371,8843.349609375
2022-03-14 00:00:00,153.369,154.187,153.179,153.795,193978.09375
2022-03-15 00:00:00,153.794,154.686,153.225,154.32,214587.203125
2022-03-16 00:00:00,154.321,156.283,154.246,156.186,235177.96875
2022-03-17 00:00:00,156.185,156.702,155.449,155.904,213230.046875
2022-03-18 00:00:00,155.904,157.222,155.884,156.962,173728.25
2022-03-19 00:00:00,156.962,156.962,156.962,156.962,0.0
2022-03-20 00:00:00,156.815,157.125,156.761,156.937,7125.47021484375
2022-03-21 00:00:00,156.937,157.511,156.37,157.487,150890.296875
2022-03-22 00:00:00,157.488,161.019,157.461,160.963,235723.703125
2022-03-23 00:00:00,160.963,161.093,159.032,159.94,196433.28125
2022-03-24 00:00:00,159.939,161.491,159.58,161.426,214710.953125
2022-03-25 00:00:00,161.424,161.432,159.847,160.832,231065.453125
2022-03-26 00:00:00,160.832,160.832,160.832,160.832,0.0
2022-03-27 00:00:00,160.676,161.18,160.669,161.063,9698.509765625
2022-03-28 00:00:00,161.063,164.627,160.761,161.903,340548.53125
2022-03-29 00:00:00,161.901,162.615,160.252,161.202,322997.59375
2022-03-30 00:00:00,161.202,161.202,159.035,160.295,320528.4375
2022-03-31 00:00:00,160.294,160.873,159.433,160.032,325775.375
2022-04-01 00:00:00,160.03,161.181,160.007,160.608,252415.84375
2022-04-02 00:00:00,160.608,160.608,160.608,160.608,0.0
2022-04-03 00:00:00,160.56,160.837,160.514,160.7,10715.490234375
2022-04-04 00:00:00,160.699,161.3,160.272,161.016,189545.734375
2022-04-05 00:00:00,161.014,161.966,160.5,161.704,235034.4375
2022-04-06 00:00:00,161.703,162.271,161.52,161.694,263086.28125
2022-04-07 00:00:00,161.695,162.351,161.394,162.173,234436.96875
2022-04-08 00:00:00,162.167,162.237,161.64,161.978,216803.328125
2022-04-09 00:00:00,161.978,161.978,161.978,161.978,0.0
2022-04-10 00:00:00,161.524,162.164,161.524,162.087,9618.5498046875
2022-04-11 00:00:00,162.081,163.84,161.926,163.413,267996.09375
2022-04-12 00:00:00,163.412,163.623,162.784,163.067,273640.5
2022-04-13 00:00:00,163.067,164.848,162.988,164.449,296718.6875
2022-04-14 00:00:00,164.449,164.922,164.028,164.83,290019.46875
2022-04-15 00:00:00,164.83,165.406,164.651,164.948,430997.71875
2022-04-16 00:00:00,164.948,164.948,164.948,164.948,0.0
2022-04-17 00:00:00,164.903,165.418,164.866,165.313,15133.5498046875
2022-04-18 00:00:00,165.312,165.418,164.633,165.378,185032.203125
2022-04-19 00:00:00,165.381,168.332,165.276,168.305,294026.96875
2022-04-20 00:00:00,168.303,168.423,166.424,167.253,327496.46875
2022-04-21 00:00:00,167.251,167.904,166.971,167.279,291459.90625
2022-04-22 00:00:00,167.282,167.58,164.797,164.996,310748.625
2022-04-23 00:00:00,164.996,164.996,164.996,164.996,0.0
2022-04-24 00:00:00,164.757,165.309,164.751,164.972,16947.359375
2022-04-25 00:00:00,164.97,165.168,162.049,162.748,372319.4375
2022-04-26 00:00:00,162.749,163.593,159.621,160.098,366583.75
2022-04-27 00:00:00,160.098,161.382,160.077,161.054,368104.0
2022-04-28 00:00:00,161.062,164.246,160.883,163.012,406281.96875
2022-04-29 00:00:00,163.013,163.983,162.382,163.188,340810.03125
2022-04-30 00:00:00,163.188,163.188,163.188,163.188,0.0
2022-05-01 00:00:00,163.195,163.882,163.179,163.403,23922.140625
2022-05-02 00:00:00,163.404,163.823,162.28,162.613,281072.53125
2022-05-03 00:00:00,162.612,163.406,162.347,162.63,262267.90625
2022-05-04 00:00:00,162.626,163.567,161.775,163.04,276861.6875
2022-05-05 00:00:00,163.044,163.171,160.436,161.101,373278.34375
2022-05-06 00:00:00,161.101,161.6,160.31,160.994,380601.75
2022-05-07 00:00:00,160.994,160.994,160.994,160.994,0.0
2022-05-08 00:00:00,161.054,161.294,160.85,161.136,18773.75
2022-05-09 00:00:00,161.132,162.179,160.155,160.829,358202.53125
2022-05-10 00:00:00,160.827,161.513,160.034,160.439,396215.0625
2022-05-11 00:00:00,160.437,161.304,158.797,158.84,387849.5625
2022-05-12 00:00:00,158.838,159.045,155.594,156.948,464849.375
2022-05-13 00:00:00,156.949,158.488,156.663,158.394,320755.03125
2022-05-14 00:00:00,158.394,158.394,158.394,158.394,0.0
2022-05-15 00:00:00,158.106,158.746,158.106,158.618,21395.919921875
2022-05-16 00:00:00,158.618,159.271,157.426,158.936,274731.90625
2022-05-17 00:00:00,158.936,161.846,158.858,161.612,288867.125
2022-05-18 00:00:00,161.609,161.737,157.883,157.909,287108.53125
2022-05-19 00:00:00,157.913,159.915,157.871,159.332,399161.25
2022-05-20 00:00:00,159.336,160.195,158.725,159.685,344160.875
2022-05-21 00:00:00,159.685,159.685,159.685,159.685,0.0
2022-05-22 00:00:00,159.459,160.122,159.287,159.899,12308.9599609375
2022-05-23 00:00:00,159.899,161.003,159.401,160.625,284406.4375
2022-05-24 00:00:00,160.621,160.843,157.986,158.938,297477.71875
2022-05-25 00:00:00,158.937,160.297,158.383,160.028,304013.25
2022-05-26 00:00:00,160.029,160.826,159.011,160.359,272527.75
2022-05-27 00:00:00,160.352,160.648,159.815,160.505,226445.34375
2022-05-28 00:00:00,160.505,160.505,160.505,160.505,0.0
2022-05-29 00:00:00,160.255,160.804,160.255,160.665,8843.080078125
2022-05-30 00:00:00,160.666,161.665,160.326,161.567,207596.421875
2022-05-31 00:00:00,161.567,162.351,160.936,162.304,322933.09375
2022-06-01 00:00:00,162.303,163.318,161.965,162.432,288935.25
2022-06-02 00:00:00,162.434,163.458,162.107,163.434,239385.375
2022-06-03 00:00:00,163.433,164.089,163.054,163.369,202357.15625
2022-06-04 00:00:00,163.369,163.369,163.369,163.369,0.0
2022-06-05 00:00:00,163.42,163.592,163.263,163.264,14394.66015625
2022-06-06 00:00:00,163.265,165.658,162.906,165.518,235979.703125
2022-06-07 00:00:00,165.518,167.255,165.278,167.182,304658.65625
2022-06-08 00:00:00,167.176,168.693,166.972,168.608,316653.0
2022-06-09 00:00:00,168.605,168.72,166.695,167.883,343642.15625
2022-06-10 00:00:00,167.885,167.885,165.165,165.439,319798.8125
2022-06-11 00:00:00,165.439,165.439,165.439,165.439,0.0
2022-06-12 00:00:00,165.393,165.825,165.347,165.465,24724.76953125
2022-06-13 00:00:00,165.465,166.119,162.244,162.988,421975.6875
2022-06-14 00:00:00,162.987,164.308,161.332,162.469,458591.09375
2022-06-15 00:00:00,162.47,163.311,161.722,163.196,492802.8125
2022-06-16 00:00:00,163.19,163.843,159.983,163.536,527040.375
2022-06-17 00:00:00,163.536,166.217,162.966,164.898,479471.8125
2022-06-18 00:00:00,164.898,164.898,164.898,164.898,0.0
2022-06-19 00:00:00,164.866,165.556,164.781,165.433,22151.7109375
2022-06-20 00:00:00,165.432,165.652,164.465,165.463,335462.125
2022-06-21 00:00:00,165.466,167.835,165.337,167.167,348485.03125
2022-06-22 00:00:00,167.169,167.442,165.759,166.612,393546.90625
2022-06-23 00:00:00,166.612,166.888,164.652,165.281,408199.75
2022-06-24 00:00:00,165.277,166.305,164.8,165.904,331229.53125
2022-06-25 00:00:00,165.904,165.904,165.904,165.904,0.0
2022-06-26 00:00:00,165.53,166.238,165.53,165.877,17480.359375
2022-06-27 00:00:00,165.877,166.523,165.122,166.126,356158.53125
2022-06-28 00:00:00,166.122,166.928,165.703,165.801,390413.15625
2022-06-29 00:00:00,165.799,166.337,165.402,165.7,412329.8125
2022-06-30 00:00:00,165.699,165.816,164.801,165.126,379174.71875
2022-07-01 00:00:00,165.126,165.309,161.566,163.526,394921.96875
2022-07-02 00:00:00,163.526,163.526,163.526,163.526,0.0
2022-07-03 00:00:00,163.687,163.999,163.339,163.347,21162.80078125
2022-07-04 00:00:00,163.344,164.742,162.996,164.572,275982.28125
2022-07-05 00:00:00,164.564,165.273,161.58,161.981,385708.28125
2022-07-06 00:00:00,161.979,162.577,160.387,162.074,449237.375
2022-07-07 00:00:00,162.074,163.649,161.575,163.489,350052.125
2022-07-08 00:00:00,163.489,163.927,161.815,163.682,371528.0625
2022-07-09 00:00:00,163.682,163.682,163.682,163.682,0.0
2022-07-10 00:00:00,163.495,163.953,163.473,163.782,13218.3798828125
2022-07-11 00:00:00,163.781,164.463,163.035,163.505,344082.9375
2022-07-12 00:00:00,163.499,163.545,161.824,162.401,381350.125
2022-07-13 00:00:00,162.396,164.114,162.394,163.276,408857.8125
2022-07-14 00:00:00,163.277,165.185,163.149,164.553,452893.84375
2022-07-15 00:00:00,164.551,164.694,163.644,164.284,339567.0625
2022-07-16 00:00:00,164.284,164.284,164.284,164.284,0.0
2022-07-17 00:00:00,164.325,164.54,164.228,164.426,19107.5390625
2022-07-18 00:00:00,164.426,166.089,164.16,165.192,337071.375
2022-07-19 00:00:00,165.193,165.976,164.712,165.848,355846.25
2022-07-20 00:00:00,165.848,166.239,165.126,165.65,327390.5625
2022-07-21 00:00:00,165.651,165.977,164.406,164.421,419969.59375
2022-07-22 00:00:00,164.423,165.141,162.994,163.308,391566.03125
2022-07-23 00:00:00,163.308,163.308,163.308,163.308,0.0
2022-07-24 00:00:00,163.231,163.602,163.106,163.403,16674.7109375
2022-07-25 00:00:00,163.404,165.085,162.986,164.416,336837.1875
2022-07-26 00:00:00,164.424,164.96,163.466,164.837,328483.375
2022-07-27 00:00:00,164.838,166.33,164.733,165.537,360801.65625
2022-07-28 00:00:00,165.537,165.695,162.856,163.598,420565.71875
2022-07-29 00:00:00,163.599,163.891,161.526,162.226,418009.6875
2022-07-30 00:00:00,162.226,162.226,162.226,162.226,0.0
2022-07-31 00:00:00,161.981,162.495,161.961,162.276,14874.830078125
2022-08-01 00:00:00,162.276,162.314,161.015,161.055,415683.8125
2022-08-02 00:00:00,161.054,162.332,159.432,161.913,515752.125
2022-08-03 00:00:00,161.912,163.055,161.201,162.554,460919.21875
2022-08-04 00:00:00,162.551,163.927,161.105,161.233,416155.75
2022-08-05 00:00:00,161.235,163.362,161.172,162.925,362410.65625
2022-08-06 00:00:00,162.925,162.925,162.925,162.925,0.0
2022-08-07 00:00:00,162.867,163.187,162.794,162.887,19762.919921875
2022-08-08 00:00:00,162.887,163.836,162.557,162.945,358833.90625
2022-08-09 00:00:00,162.946,163.663,162.613,163.198,278436.71875
2022-08-10 00:00:00,163.204,163.58,161.671,162.159,385403.28125
2022-08-11 00:00:00,162.157,162.442,161.254,162.194,407045.6875
2022-08-12 00:00:00,162.198,162.784,161.797,161.898,321673.75
2022-08-13 00:00:00,161.898,161.898,161.898,161.898,0.0
2022-08-14 00:00:00,161.745,162.069,161.592,161.661,12204.8603515625
2022-08-15 00:00:00,161.666,161.808,160.337,160.503,323370.0
2022-08-16 00:00:00,160.501,162.737,160.077,162.398,323487.0
2022-08-17 00:00:00,162.398,163.561,162.165,162.545,330489.6875
2022-08-18 00:00:00,162.548,163.236,161.678,162.014,371065.1875
2022-08-19 00:00:00,162.014,162.835,161.626,161.911,334375.15625
2022-08-20 00:00:00,161.911,161.911,161.911,161.911,0.0
2022-08-21 00:00:00,161.714,162.027,161.71,161.94,17604.0390625
2022-08-22 00:00:00,161.94,162.524,161.152,161.855,337862.125
2022-08-23 00:00:00,161.854,162.304,160.795,161.754,379253.53125
2022-08-24 00:00:00,161.754,161.885,160.827,161.625,344061.375
2022-08-25 00:00:00,161.624,161.984,161.312,161.438,328500.21875
2022-08-26 00:00:00,161.441,162.678,161.224,161.638,345092.15625
2022-08-27 00:00:00,161.638,161.638,161.638,161.638,0.0
2022-08-28 00:00:00,161.433,161.607,161.323,161.482,22920.330078125
2022-08-29 00:00:00,161.481,162.637,161.447,162.504,359412.28125
2022-08-30 00:00:00,162.501,162.58,161.491,161.766,422295.34375
2022-08-31 00:00:00,161.767,161.894,160.889,161.572,417242.78125
2022-09-01 00:00:00,161.573,161.857,160.964,161.747,392701.5
2022-09-02 00:00:00,161.753,162.485,161.143,161.384,319527.59375
2022-09-03 00:00:00,161.384,161.384,161.384,161.384,0.0
2022-09-04 00:00:00,160.915,161.272,160.729,161.23,21187.58984375
2022-09-05 00:00:00,161.228,162.519,160.655,162.395,291381.375
2022-09-06 00:00:00,162.398,165.251,162.242,164.771,402934.15625
2022-09-07 00:00:00,164.772,166.304,164.177,166.014,451529.4375
2022-09-08 00:00:00,166.017,166.253,164.877,165.738,440228.375
2022-09-09 00:00:00,165.74,166.232,164.296,165.197,471796.96875
2022-09-10 00:00:00,165.197,165.197,165.197,165.197,0.0
2022-09-11 00:00:00,165.419,165.794,165.132,165.647,18835.009765625
2022-09-12 00:00:00,165.647,167.033,165.375,166.652,413595.15625
2022-09-13 00:00:00,166.654,167.617,165.985,166.165,463857.5
2022-09-14 00:00:00,166.165,166.423,164.747,164.985,497209.28125
2022-09-15 00:00:00,164.984,165.724,164.101,164.139,391621.5
2022-09-16 00:00:00,164.14,164.492,162.731,163.183,358429.1875
2022-09-17 00:00:00,163.183,163.183,163.183,163.183,0.0
2022-09-18 00:00:00,163.076,163.426,163.059,163.218,20157.140625
2022-09-19 00:00:00,163.217,163.936,162.933,163.857,270491.875
2022-09-20 00:00:00,163.857,164.433,163.131,163.408,362658.28125
2022-09-21 00:00:00,163.407,163.936,162.061,162.366,438233.1875
2022-09-22 00:00:00,162.365,164.425,159.106,160.224,589831.0
2022-09-23 00:00:00,160.223,160.376,155.366,155.366,506296.6875
2022-09-24 00:00:00,155.366,155.366,155.366,155.366,0.0
2022-09-25 00:00:00,154.963,155.61,154.647,154.889,40360.109375
2022-09-26 00:00:00,154.889,157.205,148.819,155.519,721223.9375
2022-09-27 00:00:00,155.537,156.354,154.34,155.2,581290.125
2022-09-28 00:00:00,155.198,157.079,152.536,156.398,685537.5
2022-09-29 00:00:00,156.401,161.727,155.598,161.321,629328.125
2022-09-30 00:00:00,161.321,162.164,159.421,161.586,553842.0
2022-10-01 00:00:00,161.586,161.586,161.586,161.586,0.0
2022-10-02 00:00:00,161.442,161.916,161.094,161.225,31330.119140625
2022-10-03 00:00:00,161.234,163.882,160.557,163.852,533202.25
2022-10-04 00:00:00,163.852,165.569,163.411,164.707,520519.46875
2022-10-05 00:00:00,164.705,165.708,162.595,164.012,530175.9375
2022-10-06 00:00:00,164.009,164.437,161.07,161.877,548423.8125
2022-10-07 00:00:00,161.871,162.594,160.762,161.112,465794.9375
2022-10-08 00:00:00,161.112,161.112,161.112,161.112,0.0
2022-10-09 00:00:00,161.145,161.159,160.808,161.051,30932.779296875
2022-10-10 00:00:00,161.051,161.548,160.456,161.373,429043.96875
2022-10-11 00:00:00,161.379,162.657,159.72,159.937,520357.21875
2022-10-12 00:00:00,159.942,163.311,159.804,162.92,562974.125
2022-10-13 00:00:00,162.919,167.271,162.308,166.471,549100.125
2022-10-14 00:00:00,166.469,167.206,165.027,166.261,540269.6875
2022-10-15 00:00:00,166.261,166.261,166.261,166.261,0.0
2022-10-16 00:00:00,166.62,167.144,166.48,167.077,30529.740234375
2022-10-17 00:00:00,167.078,170.085,166.616,169.096,508440.375
2022-10-18 00:00:00,168.601,168.977,168.345,168.521,109392.8671875
2022-10-19 00:00:00,169.228,169.295,167.615,167.892,455458.03125
2022-10-20 00:00:00,167.89,169.72,167.408,168.505,568600.1875
2022-10-21 00:00:00,168.51,169.563,164.939,166.696,605696.5625
2022-10-22 00:00:00,166.696,166.696,166.696,166.696,0.0
2022-10-23 00:00:00,168.088,169.791,165.452,167.323,62063.80859375
2022-10-24 00:00:00,167.324,169.492,167.241,168.318,493049.125
2022-10-25 00:00:00,168.317,169.939,167.835,169.543,505933.78125
2022-10-26 00:00:00,169.54,170.59,169.31,170.017,599691.8125
2022-10-27 00:00:00,170.016,170.055,168.718,169.151,572627.0625
2022-10-28 00:00:00,169.151,171.357,168.867,171.254,510057.6875
2022-10-29 00:00:00,171.254,171.254,171.254,171.254,0.0
2022-10-30 00:00:00,170.823,171.375,170.811,171.371,25037.94921875
2022-10-31 00:00:00,171.368,172.113,170.332,170.556,413788.3125
2022-11-01 00:00:00,170.557,170.944,169.469,169.935,483617.6875
2022-11-02 00:00:00,169.933,170.069,168.131,168.339,491470.09375
2022-11-03 00:00:00,168.338,168.338,165.09,165.743,481603.59375
2022-11-04 00:00:00,165.743,166.967,165.08,166.814,507768.375
2022-11-05 00:00:00,166.814,166.814,166.814,166.814,0.0
2022-11-06 00:00:00,166.13,166.581,165.811,166.369,21450.490234375
2022-11-07 00:00:00,166.369,169.082,166.347,168.796,447359.375
2022-11-08 00:00:00,168.795,169.062,167.295,167.824,451281.03125
2022-11-09 00:00:00,167.826,168.31,165.951,166.181,510155.53125
2022-11-10 00:00:00,166.177,167.444,164.355,165.736,553995.75
2022-11-11 00:00:00,165.731,166.083,163.022,164.176,612445.875
2022-11-12 00:00:00,164.176,164.176,164.176,164.176,0.0
2022-11-13 00:00:00,164.169,164.967,163.956,164.675,21876.990234375
2022-11-14 00:00:00,164.671,165.698,163.676,164.622,519099.78125
2022-11-15 00:00:00,164.619,166.19,164.409,165.065,650330.25
2022-11-16 00:00:00,165.064,166.378,164.97,165.982,503818.25
2022-11-17 00:00:00,165.978,166.536,165.165,166.511,449021.28125
2022-11-18 00:00:00,166.512,167.308,166.112,166.778,372232.875
2022-11-19 00:00:00,166.778,166.778,166.778,166.778,0.0
2022-11-20 00:00:00,166.843,166.976,166.608,166.694,14262.3701171875
2022-11-21 00:00:00,166.694,168.097,166.09,168.03,377545.34375
2022-11-22 00:00:00,168.027,168.283,167.332,167.876,335092.0
2022-11-23 00:00:00,167.875,168.993,167.741,168.149,371140.3125
2022-11-24 00:00:00,168.147,168.273,167.147,167.863,315531.6875
2022-11-25 00:00:00,167.861,168.782,167.626,168.067,318953.03125
2022-11-26 00:00:00,168.067,168.067,168.067,168.067,0.0
2022-11-27 00:00:00,167.991,168.184,167.927,167.984,23775.810546875
2022-11-28 00:00:00,167.985,168.045,165.828,165.89,419585.78125
2022-11-29 00:00:00,165.89,166.664,165.513,165.738,394135.84375
2022-11-30 00:00:00,165.737,167.39,165.442,165.841,471567.28125
2022-12-01 00:00:00,165.849,167.216,164.501,165.66,516404.78125
2022-12-02 00:00:00,165.658,165.975,164.024,165.05,452648.03125
2022-12-03 00:00:00,165.05,165.05,165.05,165.05,0.0
2022-12-04 00:00:00,164.847,165.374,164.696,165.339,12039.2001953125
2022-12-05 00:00:00,165.337,166.822,165.273,166.51,402835.875
2022-12-06 00:00:00,166.51,167.48,165.966,166.066,429940.78125
2022-12-07 00:00:00,166.065,167.413,165.947,166.503,433890.125
2022-12-08 00:00:00,166.502,167.331,166.273,167.148,369435.6875
2022-12-09 00:00:00,167.145,168.048,166.141,167.508,398167.5
2022-12-10 00:00:00,167.508,167.508,167.508,167.508,0.0
2022-12-11 00:00:00,167.2,167.484,167.187,167.265,12096.23046875
2022-12-12 00:00:00,167.269,169.016,167.063,168.709,317182.78125
2022-12-13 00:00:00,168.708,169.267,167.088,167.486,403155.84375
2022-12-14 00:00:00,167.484,168.372,166.714,168.091,412960.90625
2022-12-15 00:00:00,168.092,168.833,167.617,167.917,380405.84375
2022-12-16 00:00:00,167.918,167.998,165.91,165.91,311463.40625
2022-12-17 00:00:00,165.91,165.91,165.91,165.91,0.0
2022-12-18 00:00:00,165.092,166.08,165.031,166.051,11130.0400390625
2022-12-19 00:00:00,166.051,166.895,165.462,166.473,301757.9375
2022-12-20 00:00:00,166.472,167.009,158.583,160.742,477958.125
2022-12-21 00:00:00,160.739,161.026,159.461,159.855,289204.59375
2022-12-22 00:00:00,159.849,160.242,158.785,159.29,274384.9375
2022-12-23 00:00:00,159.289,160.518,159.15,159.969,243947.640625
2022-12-24 00:00:00,159.969,159.969,159.969,159.969,0.0
2022-12-25 00:00:00,159.999,160.128,159.923,159.971,203.3699951171875
2022-12-26 00:00:00,159.961,160.757,159.466,160.406,99635.1328125
2022-12-27 00:00:00,160.403,160.94,160.166,160.522,195847.6875
2022-12-28 00:00:00,160.52,162.333,160.509,161.21,238705.078125
2022-12-29 00:00:00,161.209,161.469,160.045,160.232,236845.90625
2022-12-30 00:00:00,160.231,160.282,157.819,158.582,291240.59375
2022-12-31 00:00:00,158.582,158.582,158.582,158.582,0.0
2023-01-01 00:00:00,157.928,158.152,157.928,158.152,3.0
2023-01-02 00:00:00,158.187,158.449,157.265,157.766,106906.953125
2023-01-03 00:00:00,157.766,157.898,155.342,157.102,379987.875
2023-01-04 00:00:00,157.103,160.17,156.495,159.442,415274.1875
2023-01-05 00:00:00,159.442,160.023,158.497,158.755,379375.8125
2023-01-06 00:00:00,158.755,160.013,158.743,159.75,364061.53125
2023-01-07 00:00:00,159.75,159.75,159.75,159.75,0.0
2023-01-08 00:00:00,159.232,159.991,159.232,159.739,13791.9599609375
2023-01-09 00:00:00,159.74,161.225,159.298,160.482,391887.625
2023-01-10 00:00:00,160.485,160.928,160.035,160.54,347697.9375
2023-01-11 00:00:00,160.54,161.202,160.22,160.36,248601.65625
2023-01-12 00:00:00,160.362,160.502,157.628,157.797,372942.90625
2023-01-13 00:00:00,157.797,157.923,155.635,156.34,321691.03125
2023-01-14 00:00:00,156.34,156.34,156.34,156.34,0.0
2023-01-15 00:00:00,155.953,156.67,155.953,156.507,8274.669921875
2023-01-16 00:00:00,156.507,157.071,156.176,156.664,218610.03125
2023-01-17 00:00:00,156.676,158.017,156.579,157.568,308274.75
2023-01-18 00:00:00,157.571,161.52,157.476,158.705,424031.28125
2023-01-19 00:00:00,158.702,159.233,157.561,159.069,278658.75
2023-01-20 00:00:00,159.069,161.28,159.035,160.508,247043.015625
2023-01-21 00:00:00,160.508,160.508,160.508,160.508,0.0
2023-01-22 00:00:00,160.516,160.849,160.447,160.512,7476.89013671875
2023-01-23 00:00:00,160.512,161.801,160.355,161.652,244301.859375
2023-01-24 00:00:00,161.652,161.764,159.983,160.564,226254.03125
2023-01-25 00:00:00,160.565,160.921,159.5,160.4,233041.34375
2023-01-26 00:00:00,160.399,161.73,160.0,161.133,265881.5
2023-01-27 00:00:00,161.132,161.266,160.402,160.937,192397.5625
2023-01-28 00:00:00,160.937,160.937,160.937,160.937,0.0
2023-01-29 00:00:00,160.555,161.016,160.519,160.99,7884.7900390625
2023-01-30 00:00:00,160.993,161.412,160.197,161.136,234644.96875
2023-01-31 00:00:00,161.137,161.168,159.757,160.14,220501.875
2023-02-01 00:00:00,160.137,160.664,158.903,159.297,272018.0
2023-02-02 00:00:00,159.299,159.608,157.153,157.354,294160.96875
2023-02-03 00:00:00,157.357,158.741,156.721,158.106,252045.265625
2023-02-04 00:00:00,158.106,158.106,158.106,158.106,0.0
2023-02-05 00:00:00,159.404,159.422,158.432,159.037,13126.0302734375
2023-02-06 00:00:00,159.037,159.942,158.71,159.485,235492.6875
2023-02-07 00:00:00,159.485,159.565,157.419,157.966,299813.65625
2023-02-08 00:00:00,157.967,158.83,157.6,158.582,232692.515625
2023-02-09 00:00:00,158.583,159.502,158.11,159.331,247487.703125
2023-02-10 00:00:00,159.335,159.624,157.521,158.39,264411.34375
2023-02-11 00:00:00,158.39,158.39,158.39,158.39,0.0
2023-02-12 00:00:00,158.225,158.634,158.225,158.529,6087.68994140625
2023-02-13 00:00:00,158.529,161.189,158.409,160.788,199555.921875
2023-02-14 00:00:00,160.787,162.172,160.096,161.893,322537.875
2023-02-15 00:00:00,161.899,161.972,160.75,161.172,256251.375
2023-02-16 00:00:00,161.172,161.506,160.461,160.534,256902.9375
2023-02-17 00:00:00,160.535,161.639,160.487,161.536,214972.1875
2023-02-18 00:00:00,161.536,161.536,161.536,161.536,0.0
2023-02-19 00:00:00,161.342,161.587,161.342,161.548,12213.599609375
2023-02-20 00:00:00,161.546,161.717,161.16,161.708,120455.671875
2023-02-21 00:00:00,161.708,163.751,161.427,163.464,244511.0625
2023-02-22 00:00:00,163.466,163.557,162.262,162.544,230885.453125
2023-02-23 00:00:00,162.547,162.843,161.427,161.767,210627.875
2023-02-24 00:00:00,161.768,163.114,161.192,162.95,250478.203125
2023-02-25 00:00:00,162.95,162.95,162.95,162.95,0.0
2023-02-26 00:00:00,163.015,163.094,162.794,163.013,6602.740234375
2023-02-27 00:00:00,163.017,164.451,162.601,164.425,210278.625
2023-02-28 00:00:00,164.428,166.004,163.44,164.057,232355.875
2023-03-01 00:00:00,164.06,164.501,162.856,163.782,253907.671875
2023-03-02 00:00:00,163.78,163.927,163.061,163.363,249280.421875
2023-03-03 00:00:00,163.36,163.639,163.086,163.589,201627.765625
2023-03-04 00:00:00,163.589,163.589,163.589,163.589,0.0
2023-03-05 00:00:00,163.462,163.632,163.394,163.587,10455.7001953125
2023-03-06 00:00:00,163.586,163.783,162.972,163.527,196905.109375
2023-03-07 00:00:00,163.525,163.852,162.01,162.477,258154.390625
2023-03-08 00:00:00,162.477,162.976,161.698,162.588,218149.15625
2023-03-09 00:00:00,162.589,162.628,161.605,162.584,202926.09375
2023-03-10 00:00:00,162.582,164.229,161.939,162.396,369841.46875
2023-03-11 00:00:00,162.396,162.396,162.396,162.396,0.0
2023-03-12 00:00:00,162.109,163.063,161.398,162.973,31346.80078125
2023-03-13 00:00:00,162.976,163.043,160.033,161.915,485833.15625
2023-03-14 00:00:00,161.916,164.075,161.853,163.34,400014.25
2023-03-15 00:00:00,163.335,164.133,159.198,160.369,472426.46875
2023-03-16 00:00:00,160.37,162.102,158.546,161.493,375324.875
2023-03-17 00:00:00,161.491,162.178,160.105,160.481,281609.375
2023-03-18 00:00:00,160.481,160.481,160.481,160.481,0.0
2023-03-19 00:00:00,160.867,161.303,160.583,161.191,22804.33984375
2023-03-20 00:00:00,161.195,161.719,158.951,161.261,338575.6875
2023-03-21 00:00:00,161.263,162.254,160.75,161.848,237965.4375
2023-03-22 00:00:00,161.847,163.333,160.779,161.049,302563.28125
2023-03-23 00:00:00,161.051,161.846,159.925,160.704,339527.78125
2023-03-24 00:00:00,160.707,160.735,158.254,159.847,332158.96875
2023-03-25 00:00:00,159.847,159.847,159.847,159.847,0.0
2023-03-26 00:00:00,159.429,160.303,159.429,160.216,15789.9501953125
2023-03-27 00:00:00,160.215,161.841,159.758,161.372,245703.78125
2023-03-28 00:00:00,161.369,161.772,160.724,161.577,235925.3125
2023-03-29 00:00:00,161.58,163.678,161.534,163.167,243294.234375
2023-03-30 00:00:00,163.165,165.056,162.966,164.976,235374.625
2023-03-31 00:00:00,164.976,165.461,163.619,163.705,244354.34375
2023-04-01 00:00:00,163.705,163.705,163.705,163.705,0.0
2023-04-02 00:00:00,164.26,164.365,163.701,163.832,21445.4296875
2023-04-03 00:00:00,163.831,164.897,163.419,164.339,245613.515625
2023-04-04 00:00:00,164.342,166.399,164.175,164.176,246725.40625
2023-04-05 00:00:00,164.175,164.671,162.766,163.127,253900.6875
2023-04-06 00:00:00,163.124,164.105,162.889,163.745,199272.4375
2023-04-07 00:00:00,163.741,164.311,163.452,163.949,126196.25
2023-04-08 00:00:00,163.949,163.949,163.949,163.949,0.0
2023-04-09 00:00:00,164.004,164.276,163.783,164.202,10425.5498046875
2023-04-10 00:00:00,164.203,165.51,163.981,165.382,172931.015625
2023-04-11 00:00:00,165.381,166.189,165.184,166.048,201387.65625
2023-04-12 00:00:00,166.047,166.589,165.377,166.245,220181.625
2023-04-13 00:00:00,166.243,166.838,165.395,165.926,207285.90625
2023-04-14 00:00:00,165.928,166.221,165.404,166.058,213552.1875
2023-04-15 00:00:00,166.058,166.058,166.058,166.058,0.0
2023-04-16 00:00:00,165.961,166.186,165.928,166.153,9176.849609375
2023-04-17 00:00:00,166.154,166.624,165.683,166.36,196014.84375
2023-04-18 00:00:00,166.353,167.007,166.159,166.537,198817.453125
2023-04-19 00:00:00,166.533,167.964,166.48,167.417,205998.546875
2023-04-20 00:00:00,167.416,167.699,166.639,166.69,195215.1875
2023-04-21 00:00:00,166.687,167.003,165.506,166.836,179982.40625
2023-04-22 00:00:00,166.836,166.836,166.836,166.836,0.0
2023-04-23 00:00:00,166.681,166.897,166.668,166.749,6435.72998046875
2023-04-24 00:00:00,166.75,167.714,166.535,167.588,169396.671875
2023-04-25 00:00:00,167.586,167.952,165.418,165.981,203523.0625
2023-04-26 00:00:00,165.982,167.006,165.641,166.407,247129.359375
2023-04-27 00:00:00,166.401,167.497,166.308,167.056,222880.453125
2023-04-28 00:00:00,167.059,171.163,166.437,171.102,301010.4375
2023-04-29 00:00:00,171.102,171.102,171.102,171.102,0.0
2023-04-30 00:00:00,170.856,171.385,170.856,171.288,13911.900390625
2023-05-01 00:00:00,171.277,172.09,170.984,171.708,168228.34375
2023-05-02 00:00:00,171.702,172.324,169.943,170.279,238883.703125
2023-05-03 00:00:00,170.279,170.372,168.903,169.11,254950.96875
2023-05-04 00:00:00,169.111,169.531,168.052,168.783,275313.84375
2023-05-05 00:00:00,168.782,170.612,168.665,170.284,180441.03125
2023-05-06 00:00:00,170.284,170.284,170.284,170.284,0.0
2023-05-07 00:00:00,170.249,170.865,170.249,170.739,9566.4296875
2023-05-08 00:00:00,170.739,171.063,170.175,170.371,158282.15625
2023-05-09 00:00:00,170.369,170.848,169.849,170.788,175993.734375
2023-05-10 00:00:00,170.783,171.174,169.098,169.305,189133.09375
2023-05-11 00:00:00,169.302,169.731,167.834,168.212,221603.375
2023-05-12 00:00:00,168.205,169.127,168.184,168.927,151109.546875
2023-05-13 00:00:00,168.927,168.927,168.927,168.927,0.0
2023-05-14 00:00:00,168.791,169.139,168.765,169.111,15234.5498046875
2023-05-15 00:00:00,169.108,170.615,169.034,170.368,158616.9375
2023-05-16 00:00:00,170.368,170.828,169.393,170.31,164658.984375
2023-05-17 00:00:00,170.31,172.004,170.103,171.755,165920.84375
2023-05-18 00:00:00,171.755,172.156,171.185,172.049,173646.625
2023-05-19 00:00:00,172.047,172.499,171.24,171.609,191128.625
2023-05-20 00:00:00,171.609,171.609,171.609,171.609,0.0
2023-05-21 00:00:00,171.583,171.807,171.387,171.575,7043.9599609375
2023-05-22 00:00:00,171.575,172.573,171.196,172.407,177111.1875
2023-05-23 00:00:00,172.406,172.622,171.278,172.102,190969.28125
2023-05-24 00:00:00,172.102,172.786,171.223,172.299,211393.890625
2023-05-25 00:00:00,172.299,172.769,171.981,172.428,197404.46875
2023-05-26 00:00:00,172.43,173.734,172.2,173.587,163442.265625
2023-05-27 00:00:00,173.587,173.587,173.587,173.587,0.0
2023-05-28 00:00:00,173.35,173.96,173.35,173.917,11017.150390625
2023-05-29 00:00:00,173.919,173.929,172.943,173.438,66936.7109375
2023-05-30 00:00:00,173.44,174.273,172.984,173.51,186858.984375
2023-05-31 00:00:00,173.507,173.64,172.519,173.151,206552.703125
2023-06-01 00:00:00,173.152,174.156,173.013,173.787,177496.015625
2023-06-02 00:00:00,173.783,174.672,173.746,174.2,163666.734375
2023-06-03 00:00:00,174.2,174.2,174.2,174.2,0.0
2023-06-04 00:00:00,174.127,174.36,174.089,174.285,6975.419921875
2023-06-05 00:00:00,174.285,174.336,172.844,173.318,152593.1875
2023-06-06 00:00:00,173.315,173.769,172.67,173.41,138996.28125
2023-06-07 00:00:00,173.41,174.428,172.66,174.109,158748.65625
2023-06-08 00:00:00,174.109,174.512,173.9,174.405,154464.15625
2023-06-09 00:00:00,174.405,175.538,174.388,175.269,138580.765625
2023-06-10 00:00:00,175.269,175.269,175.269,175.269,0.0
2023-06-11 00:00:00,174.971,175.449,174.97,175.32,5287.83984375
2023-06-12 00:00:00,175.315,175.764,174.345,174.521,140290.703125
2023-06-13 00:00:00,174.522,176.869,174.452,176.672,183654.765625
2023-06-14 00:00:00,176.664,177.415,176.436,177.343,186350.578125
2023-06-15 00:00:00,177.343,179.393,177.326,179.318,201201.734375
2023-06-16 00:00:00,179.32,182.038,178.819,181.874,203651.984375
2023-06-17 00:00:00,181.874,181.874,181.874,181.874,0.0
2023-06-18 00:00:00,181.58,182.121,181.58,182.019,7701.7998046875
2023-06-19 00:00:00,182.019,182.091,181.187,181.529,107354.2578125
2023-06-20 00:00:00,181.535,182.083,179.917,180.423,184335.046875
2023-06-21 00:00:00,180.423,181.596,179.917,180.935,216749.734375
2023-06-22 00:00:00,180.93,182.555,180.705,182.31,203560.765625
2023-06-23 00:00:00,182.309,182.94,181.241,182.751,198242.046875
2023-06-24 00:00:00,182.751,182.751,182.751,182.751,0.0
2023-06-25 00:00:00,182.294,182.825,182.273,182.704,9045.509765625
2023-06-26 00:00:00,182.703,182.988,181.68,182.345,173966.390625
2023-06-27 00:00:00,182.345,183.759,182.231,183.371,183547.3125
2023-06-28 00:00:00,183.371,183.593,182.138,182.53,192369.453125
2023-06-29 00:00:00,182.527,182.876,182.205,182.625,191203.0625
2023-06-30 00:00:00,182.626,183.871,182.194,183.184,193349.71875
2023-07-01 00:00:00,183.184,183.184,183.184,183.184,0.0
2023-07-02 00:00:00,183.167,183.338,183.05,183.28,7515.81982421875
2023-07-03 00:00:00,183.281,183.751,183.091,183.519,166373.4375
2023-07-04 00:00:00,183.518,183.906,183.226,183.637,94045.8671875
2023-07-05 00:00:00,183.64,184.008,183.149,183.563,155179.0
2023-07-06 00:00:00,183.57,184.0,182.495,183.443,230348.703125
2023-07-07 00:00:00,183.441,183.547,182.012,182.397,189877.15625
2023-07-08 00:00:00,182.397,182.397,182.397,182.397,0.0
2023-07-09 00:00:00,182.302,182.656,182.294,182.56,7697.02978515625
2023-07-10 00:00:00,182.562,183.214,181.091,181.766,166511.5625
2023-07-11 00:00:00,181.767,181.986,180.795,181.225,179180.46875
2023-07-12 00:00:00,181.22,181.269,179.462,179.758,221921.4375
2023-07-13 00:00:00,179.758,181.458,179.486,181.251,201162.90625
2023-07-14 00:00:00,181.247,182.28,180.194,181.656,203385.65625
2023-07-15 00:00:00,181.656,181.656,181.656,181.656,0.0
2023-07-16 00:00:00,181.518,181.813,181.39,181.531,5861.25
2023-07-17 00:00:00,181.526,182.142,180.566,181.326,154551.28125
2023-07-18 00:00:00,181.323,181.84,180.357,181.189,198195.453125
2023-07-19 00:00:00,181.189,181.621,179.814,180.607,190451.3125
2023-07-20 00:00:00,180.608,180.706,179.696,180.017,180008.1875
2023-07-21 00:00:00,180.014,182.519,179.903,182.256,179488.703125
2023-07-22 00:00:00,182.256,182.256,182.256,182.256,0.0
2023-07-23 00:00:00,181.879,182.287,181.878,182.177,5823.31982421875
2023-07-24 00:00:00,182.175,182.336,180.743,181.338,177234.328125
2023-07-25 00:00:00,181.336,182.003,181.147,181.676,168727.515625
2023-07-26 00:00:00,181.672,181.937,180.904,181.45,193890.96875
2023-07-27 00:00:00,181.45,181.919,177.405,177.654,259430.515625
2023-07-28 00:00:00,177.652,181.488,176.303,181.297,282725.78125
2023-07-29 00:00:00,181.297,181.297,181.297,181.297,0.0
2023-07-30 00:00:00,181.034,181.347,180.897,180.915,9325.3798828125
2023-07-31 00:00:00,180.915,183.183,180.868,182.619,193702.34375
2023-08-01 00:00:00,182.618,183.246,182.292,182.909,188039.90625
2023-08-02 00:00:00,182.907,183.123,181.746,182.328,189796.859375
2023-08-03 00:00:00,182.323,182.758,180.416,181.325,239475.3125
2023-08-04 00:00:00,181.317,181.737,180.643,180.694,189009.78125
2023-08-05 00:00:00,180.694,180.694,180.694,180.694,0.0
2023-08-06 00:00:00,180.469,180.974,180.446,180.862,9225.8203125
2023-08-07 00:00:00,180.859,182.205,180.573,182.172,133502.96875
2023-08-08 00:00:00,182.172,182.952,181.373,182.56,173978.203125
2023-08-09 00:00:00,182.557,183.016,182.362,182.798,142090.34375
2023-08-10 00:00:00,182.8,184.237,182.702,183.521,186871.796875
2023-08-11 00:00:00,183.522,184.237,183.441,183.996,138953.5625
2023-08-12 00:00:00,183.996,183.996,183.996,183.996,0.0
2023-08-13 00:00:00,183.792,184.121,183.792,183.874,7443.419921875
2023-08-14 00:00:00,183.875,184.777,183.458,184.49,155137.796875
2023-08-15 00:00:00,184.484,185.32,184.335,184.938,191476.203125
2023-08-16 00:00:00,184.938,186.323,184.69,186.242,167863.40625
2023-08-17 00:00:00,186.242,186.465,185.557,185.735,172995.15625
2023-08-18 00:00:00,185.735,185.883,184.549,185.108,157763.65625
2023-08-19 00:00:00,185.108,185.108,185.108,185.108,0.0
2023-08-20 00:00:00,184.843,185.209,184.843,185.153,6104.35986328125
2023-08-21 00:00:00,185.153,186.654,184.88,186.599,137771.78125
2023-08-22 00:00:00,186.602,186.761,185.487,185.583,135085.234375
2023-08-23 00:00:00,185.585,185.937,183.363,183.999,181818.828125
2023-08-24 00:00:00,184.0,184.763,183.563,183.88,149063.328125
2023-08-25 00:00:00,183.883,184.403,183.349,184.173,155985.015625
2023-08-26 00:00:00,184.173,184.173,184.173,184.173,0.0
2023-08-27 00:00:00,184.111,184.512,184.11,184.481,4749.35009765625
2023-08-28 00:00:00,184.479,184.724,184.173,184.697,103594.359375
2023-08-29 00:00:00,184.696,185.259,184.062,184.455,162296.34375
2023-08-30 00:00:00,184.451,186.054,184.39,185.686,175462.609375
2023-08-31 00:00:00,185.683,185.807,184.074,184.339,173448.34375
2023-09-01 00:00:00,184.339,184.555,183.532,184.021,165147.28125
2023-09-02 00:00:00,184.021,184.021,184.021,184.021,0.0
2023-09-03 00:00:00,183.974,184.129,183.836,183.91,4456.31005859375
2023-09-04 00:00:00,183.909,185.078,183.87,184.962,71649.7421875
2023-09-05 00:00:00,184.959,185.78,184.064,185.344,155288.953125
2023-09-06 00:00:00,185.343,185.601,184.242,184.61,154324.765625
2023-09-07 00:00:00,184.611,184.766,183.367,183.795,147755.578125
2023-09-08 00:00:00,183.793,184.459,183.056,184.23,155643.390625
2023-09-09 00:00:00,184.23,184.23,184.23,184.23,0.0
2023-09-10 00:00:00,183.169,183.781,182.948,183.734,14626.0
2023-09-11 00:00:00,183.735,183.902,182.672,183.444,189894.53125
2023-09-12 00:00:00,183.444,183.919,182.936,183.812,137969.65625
2023-09-13 00:00:00,183.81,184.383,183.184,184.004,166755.34375
2023-09-14 00:00:00,184.002,184.067,182.508,182.859,169090.34375
2023-09-15 00:00:00,182.856,183.906,182.766,183.021,135886.609375
2023-09-16 00:00:00,183.021,183.021,183.021,183.021,0.0
2023-09-17 00:00:00,182.85,183.316,182.746,183.305,3754.760009765625
2023-09-18 00:00:00,183.305,183.339,182.673,182.786,100880.84375
2023-09-19 00:00:00,182.781,183.487,182.712,183.113,114086.9609375
2023-09-20 00:00:00,183.113,183.342,182.436,182.828,165675.015625
2023-09-21 00:00:00,182.826,182.94,180.724,181.496,169906.875
2023-09-22 00:00:00,181.496,182.301,181.199,181.579,162620.734375
2023-09-23 00:00:00,181.579,181.579,181.579,181.579,0.0
2023-09-24 00:00:00,181.552,181.725,181.42,181.691,16433.48046875
2023-09-25 00:00:00,181.691,181.951,181.401,181.746,120662.2109375
2023-09-26 00:00:00,181.745,181.806,180.964,181.034,133976.296875
2023-09-27 00:00:00,181.042,181.672,180.878,181.407,155954.234375
2023-09-28 00:00:00,181.41,182.419,181.054,182.244,159546.453125
2023-09-29 00:00:00,182.244,183.016,181.88,182.162,179475.984375
2023-09-30 00:00:00,182.162,182.162,182.162,182.162,0.0
2023-10-01 00:00:00,182.2,182.432,182.092,182.314,8809.0302734375
2023-10-02 00:00:00,182.31,182.813,180.952,181.179,141284.4375
2023-10-03 00:00:00,181.176,181.37,178.028,180.165,187347.296875
2023-10-04 00:00:00,180.166,181.25,179.557,180.811,182957.015625
2023-10-05 00:00:00,180.815,181.066,180.276,180.938,172824.546875
2023-10-06 00:00:00,180.942,182.972,180.838,182.652,185679.734375
2023-10-07 00:00:00,182.652,182.652,182.652,182.652,0.0
2023-10-08 00:00:00,181.888,182.298,181.826,182.25,12823.4501953125
2023-10-09 00:00:00,182.244,182.31,181.249,181.692,125273.203125
2023-10-10 00:00:00,181.695,182.781,181.536,182.647,179398.15625
2023-10-11 00:00:00,182.647,183.742,182.479,183.531,175662.0625
2023-10-12 00:00:00,183.532,183.811,182.276,182.471,156876.65625
2023-10-13 00:00:00,182.475,182.938,181.267,181.523,150907.609375
2023-10-14 00:00:00,181.523,181.523,181.523,181.523,0.0
2023-10-15 00:00:00,181.146,181.811,181.144,181.78,8179.22998046875
2023-10-16 00:00:00,181.783,182.733,181.52,182.657,133889.546875
2023-10-17 00:00:00,182.657,182.799,180.984,182.377,157016.625
2023-10-18 00:00:00,182.374,182.807,181.786,181.832,156542.546875
2023-10-19 00:00:00,181.832,182.512,181.166,181.788,168726.59375
2023-10-20 00:00:00,181.788,182.366,181.282,182.21,137858.265625
2023-10-21 00:00:00,182.21,182.21,182.21,182.21,0.0
2023-10-22 00:00:00,182.093,182.317,181.98,182.304,4815.8798828125
2023-10-23 00:00:00,182.308,183.467,182.079,183.455,122515.0703125
2023-10-24 00:00:00,183.454,183.752,182.048,182.25,139254.046875
2023-10-25 00:00:00,182.25,182.444,181.584,181.64,127004.296875
2023-10-26 00:00:00,181.644,182.577,181.107,182.478,158907.5625
2023-10-27 00:00:00,182.477,182.496,181.037,181.342,134697.828125
2023-10-28 00:00:00,181.342,181.342,181.342,181.342,0.0
2023-10-29 00:00:00,181.03,181.409,181.03,181.367,5517.64990234375
2023-10-30 00:00:00,181.363,181.873,180.76,181.352,127921.9296875
2023-10-31 00:00:00,181.352,184.353,181.322,183.852,183454.765625
2023-11-01 00:00:00,183.851,183.993,182.935,183.415,188188.546875
2023-11-02 00:00:00,183.412,183.719,182.723,183.437,159701.953125
2023-11-03 00:00:00,183.439,185.015,183.219,184.912,150886.8125
2023-11-04 00:00:00,184.912,184.912,184.912,184.912,0.0
2023-11-05 00:00:00,184.743,184.992,184.627,184.9,3881.3701171875
2023-11-06 00:00:00,184.898,185.957,184.863,185.132,118262.0625
2023-11-07 00:00:00,185.125,185.455,184.638,184.845,123413.1796875
2023-11-08 00:00:00,184.846,185.666,184.541,185.32,133243.515625
2023-11-09 00:00:00,185.317,185.89,184.811,184.878,155839.59375
2023-11-10 00:00:00,184.878,185.336,184.63,185.221,114830.65625
2023-11-11 00:00:00,185.221,185.221,185.221,185.221,0.0
2023-11-12 00:00:00,184.946,185.27,184.801,185.225,3955.0
2023-11-13 00:00:00,185.225,186.307,185.205,186.215,104965.2734375
2023-11-14 00:00:00,186.211,188.282,186.084,187.993,154045.65625
2023-11-15 00:00:00,187.992,188.231,187.171,187.82,158948.5625
2023-11-16 00:00:00,187.82,187.909,186.823,187.081,145910.5625
2023-11-17 00:00:00,187.081,187.137,185.309,186.416,160044.09375
2023-11-18 00:00:00,186.416,186.416,186.416,186.416,0.0
2023-11-19 00:00:00,186.16,186.757,186.018,186.742,5945.080078125
2023-11-20 00:00:00,186.74,186.781,184.624,185.593,166248.734375
2023-11-21 00:00:00,185.595,186.09,184.454,185.821,175228.515625
2023-11-22 00:00:00,185.819,187.015,185.739,186.656,192401.40625
2023-11-23 00:00:00,186.654,187.585,186.276,187.534,87610.90625
2023-11-24 00:00:00,187.529,188.656,187.096,188.192,108312.7734375
2023-11-25 00:00:00,188.192,188.192,188.192,188.192,0.0
2023-11-26 00:00:00,188.232,188.494,188.181,188.455,3075.93994140625
2023-11-27 00:00:00,188.456,188.521,187.403,187.51,148985.890625
2023-11-28 00:00:00,187.511,187.868,186.816,186.952,184741.9375
2023-11-29 00:00:00,186.95,187.528,186.429,186.684,207454.53125
2023-11-30 00:00:00,186.683,187.557,186.223,186.934,220263.078125
2023-12-01 00:00:00,186.931,187.514,186.187,186.568,198377.859375
2023-12-02 00:00:00,186.568,186.568,186.568,186.568,0.0
2023-12-03 00:00:00,186.262,186.474,185.995,186.03,12942.3896484375
2023-12-04 00:00:00,186.031,186.331,185.065,186.085,208623.421875
2023-12-05 00:00:00,186.085,186.184,185.056,185.357,196982.40625
2023-12-06 00:00:00,185.358,185.805,184.77,184.82,162934.640625
2023-12-07 00:00:00,184.818,184.821,178.527,181.553,268520.3125
2023-12-08 00:00:00,181.55,182.034,179.538,181.881,329798.5625
2023-12-09 00:00:00,181.881,181.881,181.881,181.881,0.0
2023-12-10 00:00:00,181.489,182.036,181.489,182.014,7438.3701171875
2023-12-11 00:00:00,182.013,184.32,181.923,183.336,179087.46875
2023-12-12 00:00:00,183.336,183.439,182.264,182.616,186547.40625
2023-12-13 00:00:00,182.614,183.14,179.267,180.21,235331.484375
2023-12-14 00:00:00,180.204,181.726,178.329,181.697,336322.9375
2023-12-15 00:00:00,181.694,181.723,179.814,180.181,233726.1875
2023-12-16 00:00:00,180.181,180.181,180.181,180.181,0.0
2023-12-17 00:00:00,180.063,180.369,179.806,180.345,5126.72998046875
2023-12-18 00:00:00,180.342,181.174,180.171,180.537,168621.390625
2023-12-19 00:00:00,180.526,184.17,180.034,183.206,222671.6875
2023-12-20 00:00:00,183.206,183.331,180.985,181.383,251157.390625
2023-12-21 00:00:00,181.383,181.401,179.774,180.122,236381.9375
2023-12-22 00:00:00,180.12,181.323,179.933,180.793,239285.296875
2023-12-23 00:00:00,180.793,180.793,180.793,180.793,0.0
2023-12-24 00:00:00,180.793,180.793,180.793,180.793,0.0
2023-12-25 00:00:00,180.586,180.828,180.185,180.694,6180.759765625
2023-12-26 00:00:00,180.697,181.326,180.501,181.324,75504.671875
2023-12-27 00:00:00,181.322,182.183,180.962,181.038,127420.859375
2023-12-28 00:00:00,181.039,181.378,178.99,180.108,158059.125
2023-12-29 00:00:00,180.109,180.525,179.3,179.489,146419.015625
2023-12-30 00:00:00,179.489,179.489,179.489,179.489,0.0
2023-12-31 00:00:00,179.489,179.489,179.489,179.489,0.0
2024-01-01 00:00:00,179.168,179.622,179.143,179.6,4496.25
2024-01-02 00:00:00,179.601,180.646,178.731,179.451,170733.171875
2024-01-03 00:00:00,179.45,181.747,179.166,181.213,201149.484375
2024-01-04 00:00:00,181.211,183.774,181.005,183.583,188831.015625
2024-01-05 00:00:00,183.583,184.298,183.389,183.95,227405.8125
2024-01-06 00:00:00,183.95,183.95,183.95,183.95,0.0
2024-01-07 00:00:00,183.613,184.22,183.613,184.036,4004.2900390625
2024-01-08 00:00:00,184.038,184.136,183.015,183.756,160660.0625
2024-01-09 00:00:00,183.754,183.825,182.748,183.577,175234.15625
2024-01-10 00:00:00,183.573,185.821,183.566,185.715,157543.84375
2024-01-11 00:00:00,185.713,186.159,185.081,185.41,242144.125
2024-01-12 00:00:00,185.41,185.653,184.468,184.761,197991.703125
2024-01-13 00:00:00,184.761,184.761,184.761,184.761,0.0
2024-01-14 00:00:00,184.524,184.885,184.497,184.851,4608.22021484375
2024-01-15 00:00:00,184.849,185.749,184.693,185.378,111051.34375
2024-01-16 00:00:00,185.377,186.178,184.946,186.08,215175.34375
2024-01-17 00:00:00,186.08,188.118,185.865,187.786,220732.984375
2024-01-18 00:00:00,187.786,188.29,187.308,188.279,192187.484375
2024-01-19 00:00:00,188.276,188.928,187.404,188.182,169316.484375
2024-01-20 00:00:00,188.182,188.182,188.182,188.182,0.0
2024-01-21 00:00:00,187.937,188.364,187.837,188.102,6019.97021484375
2024-01-22 00:00:00,188.103,188.384,187.753,188.23,151305.234375
2024-01-23 00:00:00,188.23,188.907,187.329,188.137,197141.75
2024-01-24 00:00:00,188.134,188.468,187.115,187.694,193030.171875
2024-01-25 00:00:00,187.69,188.186,187.148,187.691,185955.484375
2024-01-26 00:00:00,187.693,188.556,187.329,188.162,153617.765625
2024-01-27 00:00:00,188.162,188.162,188.162,188.162,0.0
2024-01-28 00:00:00,188.012,188.136,187.891,188.13,9203.0302734375
2024-01-29 00:00:00,188.126,188.285,187.106,187.478,133805.453125
2024-01-30 00:00:00,187.476,187.508,186.508,187.032,150202.828125
2024-01-31 00:00:00,187.034,187.593,185.949,186.394,262393.8125
2024-02-01 00:00:00,186.391,186.728,185.221,186.669,228270.703125
2024-02-02 00:00:00,186.674,187.729,186.428,187.434,185456.84375
2024-02-03 00:00:00,187.434,187.434,187.434,187.434,0.0
2024-02-04 00:00:00,187.257,187.606,187.228,187.442,8381.1796875
2024-02-05 00:00:00,187.437,187.592,186.165,186.324,168536.234375
2024-02-06 00:00:00,186.324,186.775,186.168,186.296,182868.359375
2024-02-07 00:00:00,186.296,187.259,186.252,186.975,171301.3125
2024-02-08 00:00:00,186.979,188.479,186.863,188.368,173685.796875
2024-02-09 00:00:00,188.372,188.859,188.22,188.485,146238.53125
2024-02-10 00:00:00,188.485,188.485,188.485,188.485,0.0
2024-02-11 00:00:00,188.294,188.544,188.256,188.508,6283.35009765625
2024-02-12 00:00:00,188.508,188.715,187.846,188.643,123456.6796875
2024-02-13 00:00:00,188.643,190.068,188.434,189.758,181268.71875
2024-02-14 00:00:00,189.756,189.823,188.746,189.206,170287.515625
2024-02-15 00:00:00,189.207,189.207,187.943,188.919,168796.65625
2024-02-16 00:00:00,188.916,189.509,188.852,189.23,159747.765625
2024-02-17 00:00:00,189.23,189.23,189.23,189.23,0.0
2024-02-18 00:00:00,189.171,189.34,189.062,189.34,5918.0
2024-02-19 00:00:00,189.34,189.383,188.9,189.149,90778.53125
2024-02-20 00:00:00,189.147,189.72,189.064,189.325,157806.09375
2024-02-21 00:00:00,189.327,190.043,189.149,189.997,145282.375
2024-02-22 00:00:00,189.994,190.832,189.848,190.515,164373.90625
2024-02-23 00:00:00,190.516,191.137,190.393,190.64,120174.78125
2024-02-24 00:00:00,190.64,190.64,190.64,190.64,0.0
2024-02-25 00:00:00,190.538,190.776,190.482,190.687,5368.43994140625
2024-02-26 00:00:00,190.683,191.311,190.328,190.976,114318.8515625
2024-02-27 00:00:00,190.974,190.984,190.36,190.846,119071.6015625
2024-02-28 00:00:00,190.847,190.928,190.258,190.748,128731.4765625
2024-02-29 00:00:00,190.744,190.749,189.043,189.484,175892.546875
2024-03-01 00:00:00,189.485,190.391,189.471,189.941,142319.3125
2024-03-02 00:00:00,189.941,189.941,189.941,189.941,0.0
2024-03-03 00:00:00,189.704,190.089,189.704,190.059,7060.08984375
2024-03-04 00:00:00,190.06,191.188,189.773,190.908,101271.71875
2024-03-05 00:00:00,190.919,191.032,190.306,190.621,129363.2421875
2024-03-06 00:00:00,190.631,190.686,189.852,190.093,124136.953125
2024-03-07 00:00:00,190.092,190.092,188.226,189.458,163689.734375
2024-03-08 00:00:00,189.457,189.713,188.38,189.05,169804.34375
2024-03-09 00:00:00,189.05,189.05,189.05,189.05,0.0
2024-03-10 00:00:00,188.988,189.125,188.579,188.709,7569.259765625
2024-03-11 00:00:00,188.712,188.988,187.953,188.081,134545.25
2024-03-12 00:00:00,188.084,189.194,187.972,188.873,168796.0625
2024-03-13 00:00:00,188.874,189.541,188.407,188.927,144556.640625
2024-03-14 00:00:00,188.923,189.514,188.581,189.014,164306.234375
2024-03-15 00:00:00,189.014,190.024,188.583,189.788,138079.640625
2024-03-16 00:00:00,189.788,189.788,189.788,189.788,0.0
2024-03-17 00:00:00,189.562,189.888,189.534,189.631,4848.9599609375
2024-03-18 00:00:00,189.633,190.149,189.529,189.81,106849.40625
2024-03-19 00:00:00,189.81,192.163,189.581,192.062,170495.265625
2024-03-20 00:00:00,192.056,193.526,192.034,192.909,166343.03125
2024-03-21 00:00:00,192.909,193.501,191.8,191.967,188205.0
2024-03-22 00:00:00,191.964,192.232,190.379,190.762,144525.765625
2024-03-23 00:00:00,190.762,190.762,190.762,190.762,0.0
2024-03-24 00:00:00,190.68,190.74,190.337,190.608,6809.169921875
2024-03-25 00:00:00,190.607,191.562,190.43,191.281,105906.921875
2024-03-26 00:00:00,191.277,191.67,191.095,191.206,98174.109375
2024-03-27 00:00:00,191.207,191.524,190.499,190.821,134766.65625
2024-03-28 00:00:00,190.82,191.312,190.561,191.11,129661.8515625
2024-03-29 00:00:00,191.11,191.198,190.741,190.835,75008.828125
2024-03-30 00:00:00,190.835,190.835,190.835,190.835,0.0
2024-03-31 00:00:00,190.992,191.347,190.878,191.328,7413.0400390625
2024-04-01 00:00:00,191.327,191.338,190.169,190.189,76395.671875
2024-04-02 00:00:00,190.184,190.713,190.032,190.575,164825.953125
2024-04-03 00:00:00,190.572,191.928,190.414,191.767,141537.953125
2024-04-04 00:00:00,191.763,192.239,191.008,191.217,129097.0078125
2024-04-05 00:00:00,191.216,191.628,190.668,191.574,165250.890625
2024-04-06 00:00:00,191.574,191.574,191.574,191.574,0.0
2024-04-07 00:00:00,191.282,191.603,191.282,191.474,5595.06005859375
2024-04-08 00:00:00,191.47,192.216,191.365,192.176,131348.203125
2024-04-09 00:00:00,192.182,192.848,192.082,192.403,126043.3984375
2024-04-10 00:00:00,192.403,192.938,191.466,191.741,198569.234375
2024-04-11 00:00:00,191.743,192.575,191.557,192.323,163464.765625
2024-04-12 00:00:00,192.325,192.397,189.988,190.812,162567.375
2024-04-13 00:00:00,190.812,190.812,190.812,190.812,0.0
2024-04-14 00:00:00,190.302,191.055,190.246,191.008,8994.009765625
2024-04-15 00:00:00,191.007,192.713,190.885,191.932,177985.5625
2024-04-16 00:00:00,191.939,192.809,191.639,192.296,190150.6875
2024-04-17 00:00:00,192.291,192.837,191.671,192.188,162282.8125
2024-04-18 00:00:00,192.189,192.779,191.891,192.251,142384.765625
2024-04-19 00:00:00,192.251,192.722,190.296,191.239,196641.09375
2024-04-20 00:00:00,191.239,191.239,191.239,191.239,0.0
2024-04-21 00:00:00,191.222,191.394,190.954,191.359,7504.1201171875
2024-04-22 00:00:00,191.36,191.695,190.31,191.181,112514.8203125
2024-04-23 00:00:00,191.181,192.844,190.825,192.719,133303.984375
2024-04-24 00:00:00,192.719,193.631,192.41,193.449,125101.2265625
2024-04-25 00:00:00,193.449,194.942,193.449,194.634,164603.9375
2024-04-26 00:00:00,194.636,197.925,193.949,197.751,200196.203125
2024-04-27 00:00:00,197.751,197.751,197.751,197.751,0.0
2024-04-28 00:00:00,196.887,198.009,196.887,197.899,12313.8896484375
2024-04-29 00:00:00,197.9,200.52,193.593,196.338,295782.125
2024-04-30 00:00:00,196.339,197.37,196.094,197.002,200415.734375
2024-05-01 00:00:00,197.001,197.419,191.739,195.22,195570.921875
2024-05-02 00:00:00,195.219,195.744,191.708,192.017,310765.09375
2024-05-03 00:00:00,192.014,192.554,191.35,191.927,246099.65625
2024-05-04 00:00:00,191.927,191.927,191.927,191.927,0.0
2024-05-05 00:00:00,191.752,192.749,191.592,192.689,8258.740234375
2024-05-06 00:00:00,192.691,193.762,192.438,193.708,128233.9296875
2024-05-07 00:00:00,193.711,194.126,192.985,193.482,148278.546875
2024-05-08 00:00:00,193.484,194.504,193.353,194.106,135646.71875
2024-05-09 00:00:00,194.102,194.858,193.83,194.624,171311.671875
2024-05-10 00:00:00,194.625,195.335,194.593,195.054,133147.09375
2024-05-11 00:00:00,195.054,195.054,195.054,195.054,0.0
2024-05-12 00:00:00,194.753,195.156,194.706,195.126,5835.56005859375
2024-05-13 00:00:00,195.122,196.276,194.718,196.213,133777.109375
2024-05-14 00:00:00,196.214,197.054,195.718,196.961,152944.875
2024-05-15 00:00:00,196.96,197.088,195.661,195.781,194832.125
2024-05-16 00:00:00,195.778,196.95,195.038,196.903,180465.921875
2024-05-17 00:00:00,196.905,197.852,196.786,197.646,124851.390625
2024-05-18 00:00:00,197.646,197.646,197.646,197.646,0.0
2024-05-19 00:00:00,197.361,197.979,197.294,197.906,6295.97998046875
2024-05-20 00:00:00,197.905,198.776,197.382,198.776,114937.453125
2024-05-21 00:00:00,198.774,198.902,198.221,198.613,146310.78125
2024-05-22 00:00:00,198.614,199.536,198.523,199.365,125526.4921875
2024-05-23 00:00:00,199.363,199.888,198.979,199.235,166406.984375
2024-05-24 00:00:00,199.235,200.061,199.02,199.891,122424.59375
2024-05-25 00:00:00,199.891,199.891,199.891,199.891,0.0
2024-05-26 00:00:00,199.945,199.98,199.728,199.749,5170.22998046875
2024-05-27 00:00:00,199.746,200.422,199.605,200.307,74590.546875
2024-05-28 00:00:00,200.307,200.674,200.149,200.642,129565.546875
2024-05-29 00:00:00,200.639,200.734,200.039,200.142,143370.171875
2024-05-30 00:00:00,200.141,200.142,198.749,199.828,186516.34375
2024-05-31 00:00:00,199.823,200.51,199.23,200.406,185601.1875
2024-06-01 00:00:00,200.406,200.406,200.406,200.406,0.0
2024-06-02 00:00:00,200.049,200.49,200.049,200.312,6173.7001953125
2024-06-03 00:00:00,200.312,200.642,199.217,199.94,196078.375
2024-06-04 00:00:00,199.939,200.414,197.196,198.114,228980.546875
2024-06-05 00:00:00,198.112,199.743,198.09,199.467,198226.796875
2024-06-06 00:00:00,199.463,199.933,198.824,199.145,188333.078125
2024-06-07 00:00:00,199.144,199.806,198.39,199.351,205384.40625
2024-06-08 00:00:00,199.351,199.351,199.351,199.351,0.0
2024-06-09 00:00:00,199.323,199.75,199.231,199.6,8253.1904296875
2024-06-10 00:00:00,199.601,200.042,198.933,199.848,135485.5625
2024-06-11 00:00:00,199.844,200.391,199.675,200.148,150283.734375
2024-06-12 00:00:00,200.148,200.93,199.923,200.641,195137.625
2024-06-13 00:00:00,200.641,201.314,199.684,200.382,170131.921875
2024-06-14 00:00:00,200.377,201.609,198.915,199.599,246154.546875
2024-06-15 00:00:00,199.599,199.599,199.599,199.599,0.0
2024-06-16 00:00:00,199.457,199.912,199.4,199.829,10029.5400390625
2024-06-17 00:00:00,199.827,200.499,199.054,200.483,152288.734375
2024-06-18 00:00:00,200.483,200.841,199.937,200.591,159835.84375
2024-06-19 00:00:00,200.601,201.116,200.401,200.919,88059.421875
2024-06-20 00:00:00,200.911,201.382,200.756,201.204,136926.703125
2024-06-21 00:00:00,201.2,202.04,200.437,201.961,155826.90625
2024-06-22 00:00:00,201.961,201.961,201.961,201.961,0.0
2024-06-23 00:00:00,201.788,202.09,201.73,202.074,8014.7099609375
2024-06-24 00:00:00,202.074,202.699,201.088,202.524,150266.84375
2024-06-25 00:00:00,202.524,202.719,201.954,202.557,130804.296875
2024-06-26 00:00:00,202.557,203.143,202.409,202.724,156596.359375
2024-06-27 00:00:00,202.726,203.379,202.493,203.19,147547.6875
2024-06-28 00:00:00,203.187,203.585,202.559,203.366,188558.328125
2024-06-29 00:00:00,203.366,203.366,203.366,203.366,0.0
2024-06-30 00:00:00,203.329,203.556,203.167,203.538,7224.75
2024-07-01 00:00:00,203.537,204.732,203.368,204.23,167758.625
2024-07-02 00:00:00,204.231,204.946,203.872,204.886,147090.734375
2024-07-03 00:00:00,204.887,206.161,204.846,205.975,138601.6875
2024-07-04 00:00:00,205.97,206.004,205.286,205.801,78058.7265625
2024-07-05 00:00:00,205.805,206.437,204.975,205.991,139880.203125
2024-07-06 00:00:00,205.991,205.991,205.991,205.991,0.0
2024-07-07 00:00:00,205.573,205.97,205.434,205.711,6255.1298828125
2024-07-08 00:00:00,205.711,206.659,205.286,206.139,114383.859375
2024-07-09 00:00:00,206.139,206.581,205.855,206.305,112590.7421875
2024-07-10 00:00:00,206.307,207.813,206.286,207.706,86619.1171875
2024-07-11 00:00:00,207.703,208.106,203.805,204.537,198965.90625
2024-07-12 00:00:00,204.522,206.333,204.135,204.974,241600.890625
2024-07-13 00:00:00,204.974,204.974,204.974,204.974,0.0
2024-07-14 00:00:00,204.943,205.394,204.826,205.248,10365.3701171875
2024-07-15 00:00:00,205.248,205.301,204.124,205.098,133021.40625
2024-07-16 00:00:00,205.097,205.78,205.011,205.504,135413.46875
2024-07-17 00:00:00,205.504,205.684,202.089,202.497,208877.09375
2024-07-18 00:00:00,202.488,203.861,202.226,203.524,191677.203125
2024-07-19 00:00:00,203.523,204.221,202.944,203.368,151176.921875
2024-07-20 00:00:00,203.368,203.368,203.368,203.368,0.0
2024-07-21 00:00:00,203.104,203.594,203.104,203.582,14255.0703125
2024-07-22 00:00:00,203.584,203.603,201.881,202.885,152717.109375
2024-07-23 00:00:00,202.882,202.918,200.659,200.938,165302.0625
2024-07-24 00:00:00,200.952,201.174,197.764,198.513,224926.5625
2024-07-25 00:00:00,198.511,198.797,195.854,197.575,316359.65625
2024-07-26 00:00:00,197.575,199.135,196.856,197.782,212198.0625
2024-07-27 00:00:00,197.782,197.782,197.782,197.782,0.0
2024-07-28 00:00:00,197.529,198.447,197.524,198.325,13305.0595703125
2024-07-29 00:00:00,198.332,198.602,196.777,197.818,213182.1875
2024-07-30 00:00:00,197.814,199.459,195.631,195.968,223600.8125
2024-07-31 00:00:00,195.963,197.58,192.154,192.509,427171.375
2024-08-01 00:00:00,192.513,193.251,189.566,189.9,381251.0
2024-08-02 00:00:00,189.89,190.499,187.37,187.578,384099.125
2024-08-03 00:00:00,187.578,187.578,187.578,187.578,0.0
2024-08-04 00:00:00,187.463,187.58,185.716,186.162,29175.869140625
2024-08-05 00:00:00,186.164,186.529,180.081,186.431,515871.0625
2024-08-06 00:00:00,186.433,187.089,182.8,183.581,441669.125
2024-08-07 00:00:00,183.581,188.068,183.383,185.515,384068.28125
2024-08-08 00:00:00,185.523,188.412,184.465,188.24,397599.90625
2024-08-09 00:00:00,188.237,188.295,186.47,187.071,283636.65625
2024-08-10 00:00:00,187.071,187.071,187.071,187.071,0.0
2024-08-11 00:00:00,186.909,187.596,186.909,187.491,15096.75
2024-08-12 00:00:00,187.49,189.324,187.142,187.753,198994.65625
2024-08-13 00:00:00,187.756,189.508,187.648,189.043,228011.65625
2024-08-14 00:00:00,189.042,189.427,187.857,188.864,235003.125
2024-08-15 00:00:00,188.868,192.007,188.746,191.884,187266.15625
2024-08-16 00:00:00,191.886,192.005,190.361,191.022,180060.9375
2024-08-17 00:00:00,191.022,191.022,191.022,191.022,0.0
2024-08-18 00:00:00,190.837,191.601,190.743,191.553,7926.22998046875
2024-08-19 00:00:00,191.551,191.621,188.227,190.559,225434.078125
2024-08-20 00:00:00,190.556,191.263,188.924,189.403,233618.40625
2024-08-21 00:00:00,189.405,191.453,188.954,189.969,244942.265625
2024-08-22 00:00:00,189.967,191.918,189.682,191.451,211782.65625
2024-08-23 00:00:00,191.454,192.027,190.266,190.761,220386.0
2024-08-24 00:00:00,190.761,190.761,190.761,190.761,0.0
2024-08-25 00:00:00,190.353,190.68,189.601,190.171,24165.609375
2024-08-26 00:00:00,190.17,190.783,189.493,190.621,204823.625
2024-08-27 00:00:00,190.62,191.916,190.514,190.823,178889.546875
2024-08-28 00:00:00,190.824,191.445,190.234,190.547,189927.71875
2024-08-29 00:00:00,190.546,191.536,190.304,190.741,203627.328125
2024-08-30 00:00:00,190.748,192.016,190.49,191.854,160319.890625
2024-08-31 00:00:00,191.854,191.854,191.854,191.854,0.0
2024-09-01 00:00:00,191.584,192.49,191.518,192.217,10588.8203125
2024-09-02 00:00:00,192.216,193.471,191.327,192.826,107506.0703125
2024-09-03 00:00:00,192.827,193.355,190.257,190.607,213096.84375
2024-09-04 00:00:00,190.603,190.843,188.223,188.392,238554.0625
2024-09-05 00:00:00,188.392,189.781,188.062,188.924,236526.375
2024-09-06 00:00:00,188.924,189.455,186.501,186.813,290904.65625
2024-09-07 00:00:00,186.813,186.813,186.813,186.813,0.0
2024-09-08 00:00:00,186.694,187.16,186.404,187.103,17199.990234375
2024-09-09 00:00:00,187.1,188.119,186.545,187.142,219601.953125
2024-09-10 00:00:00,187.141,188.093,185.719,186.031,202070.78125
2024-09-11 00:00:00,186.031,186.196,183.712,185.966,291516.875
2024-09-12 00:00:00,185.966,186.726,185.223,185.835,279904.84375
2024-09-13 00:00:00,185.834,185.934,184.359,184.835,237041.59375
2024-09-14 00:00:00,184.835,184.835,184.835,184.835,0.0
2024-09-15 00:00:00,184.556,185.028,184.37,184.997,10813.580078125
2024-09-16 00:00:00,185.0,186.506,183.755,185.984,208069.390625
2024-09-17 00:00:00,185.984,187.442,185.281,186.975,236325.4375
2024-09-18 00:00:00,186.973,188.481,185.822,188.399,291792.0
2024-09-19 00:00:00,188.402,190.387,188.162,189.733,318718.59375
2024-09-20 00:00:00,189.731,191.987,188.675,191.631,289995.375
2024-09-21 00:00:00,191.631,191.631,191.631,191.631,0.0
2024-09-22 00:00:00,191.613,191.863,191.327,191.795,13383.4404296875
2024-09-23 00:00:00,191.805,192.432,190.126,191.728,241364.265625
2024-09-24 00:00:00,191.726,193.316,191.331,191.927,236740.875
2024-09-25 00:00:00,191.927,193.261,191.875,192.665,246776.296875
2024-09-26 00:00:00,192.655,194.583,192.501,194.56,260980.859375
2024-09-27 00:00:00,194.554,195.962,189.996,190.104,342685.1875
2024-09-28 00:00:00,190.104,190.104,190.104,190.104,0.0
2024-09-29 00:00:00,189.957,191.287,189.951,191.078,12065.73046875
2024-09-30 00:00:00,191.091,192.31,189.55,192.246,282562.4375
2024-10-01 00:00:00,192.243,193.353,189.843,190.776,320667.5
2024-10-02 00:00:00,190.774,194.879,190.406,194.391,268185.125
2024-10-03 00:00:00,194.389,195.169,192.123,192.778,281004.96875
2024-10-04 00:00:00,192.774,195.522,191.724,195.143,276185.3125
2024-10-05 00:00:00,195.143,195.143,195.143,195.143,0.0
2024-10-06 00:00:00,194.784,195.611,194.784,195.253,14271.669921875
2024-10-07 00:00:00,195.251,195.251,193.09,193.805,262073.9375
2024-10-08 00:00:00,193.814,194.366,192.881,193.95,242170.390625
2024-10-09 00:00:00,193.954,195.244,193.582,194.89,187488.65625
2024-10-10 00:00:00,194.875,195.494,193.566,194.225,261012.265625
2024-10-11 00:00:00,194.226,195.226,193.854,194.843,148249.59375
2024-10-12 00:00:00,194.843,194.843,194.843,194.843,0.0
2024-10-13 00:00:00,194.633,194.995,194.56,194.811,7326.97998046875
2024-10-14 00:00:00,194.813,195.72,194.623,195.633,129632.9609375
2024-10-15 00:00:00,195.633,195.661,194.638,194.771,205868.0
2024-10-16 00:00:00,194.773,195.274,193.7,194.288,188490.9375
2024-10-17 00:00:00,194.291,195.596,193.827,195.359,212508.75
2024-10-18 00:00:00,195.359,196.043,194.749,195.119,184871.9375
2024-10-19 00:00:00,195.119,195.119,195.119,195.119,0.0
2024-10-20 00:00:00,194.886,195.327,194.781,195.255,7251.35986328125
2024-10-21 00:00:00,195.266,195.883,194.562,195.537,217565.5625
2024-10-22 00:00:00,195.537,196.515,195.098,196.206,194589.484375
2024-10-23 00:00:00,196.204,198.43,196.166,197.301,254668.703125
2024-10-24 00:00:00,197.299,197.625,196.423,196.889,257138.640625
2024-10-25 00:00:00,196.892,197.78,196.382,197.425,239231.046875
2024-10-26 00:00:00,197.425,197.425,197.425,197.425,0.0
2024-10-27 00:00:00,198.388,198.565,197.822,198.182,25516.30078125
2024-10-28 00:00:00,198.184,199.348,197.796,198.682,222152.8125
2024-10-29 00:00:00,198.691,199.705,198.033,199.408,254417.1875
2024-10-30 00:00:00,199.409,199.8,198.197,198.558,279901.0625
2024-10-31 00:00:00,198.556,198.899,195.366,196.002,337284.0
2024-11-01 00:00:00,196.002,198.368,195.868,197.603,264724.0625
2024-11-02 00:00:00,197.603,197.603,197.603,197.603,0.0
2024-11-03 00:00:00,197.387,197.817,197.171,197.246,10800.73046875
2024-11-04 00:00:00,197.245,197.724,196.491,197.254,248408.265625
2024-11-05 00:00:00,197.252,197.865,196.996,197.502,228474.765625
2024-11-06 00:00:00,197.502,199.517,197.329,198.781,607117.5625
2024-11-07 00:00:00,198.777,199.551,198.294,198.858,349579.9375
2024-11-08 00:00:00,198.858,198.915,196.731,197.174,279943.59375
2024-11-09 00:00:00,197.174,197.174,197.174,197.174,0.0
2024-11-10 00:00:00,196.849,197.53,196.849,197.481,6673.06005859375
2024-11-11 00:00:00,197.487,198.455,197.427,197.63,203344.265625
2024-11-12 00:00:00,197.629,198.051,196.845,196.972,299300.25
2024-11-13 00:00:00,196.976,197.803,196.648,197.482,310273.65625
2024-11-14 00:00:00,197.482,198.241,197.069,198.201,345760.53125
2024-11-15 00:00:00,198.201,198.442,194.29,194.764,406150.96875
2024-11-16 00:00:00,194.764,194.764,194.764,194.764,0.0
2024-11-17 00:00:00,194.803,195.242,194.41,195.139,14262.9404296875
2024-11-18 00:00:00,195.136,196.142,194.352,196.02,321982.25
2024-11-19 00:00:00,196.026,196.407,193.557,196.395,346859.0625
2024-11-20 00:00:00,196.397,197.78,196.114,196.499,272499.875
2024-11-21 00:00:00,196.499,196.542,193.968,193.994,348979.9375
2024-11-22 00:00:00,193.994,194.802,192.844,193.948,361529.78125
2024-11-23 00:00:00,193.948,193.948,193.948,193.948,0.0
2024-11-24 00:00:00,194.091,194.308,193.784,194.116,19913.810546875
2024-11-25 00:00:00,194.116,194.619,193.252,193.464,351029.9375
2024-11-26 00:00:00,193.465,193.721,192.03,192.283,389003.59375
2024-11-27 00:00:00,192.282,192.4,190.684,191.847,356782.65625
2024-11-28 00:00:00,191.847,192.468,191.593,191.928,209456.015625
2024-11-29 00:00:00,191.927,191.953,190.145,190.424,363831.4375
2024-11-30 00:00:00,190.424,190.424,190.424,190.424,0.0
2024-12-01 00:00:00,190.315,190.61,190.211,190.337,21521.849609375
2024-12-02 00:00:00,190.346,191.285,188.469,189.255,316986.46875
2024-12-03 00:00:00,189.253,190.372,188.077,189.612,254438.421875
2024-12-04 00:00:00,189.614,191.524,189.349,191.201,289308.71875
2024-12-05 00:00:00,191.198,192.21,190.335,191.549,248561.78125
2024-12-06 00:00:00,191.549,192.366,190.714,191.164,228977.859375
2024-12-07 00:00:00,191.164,191.164,191.164,191.164,0.0
2024-12-08 00:00:00,190.848,191.28,190.848,191.081,7801.33984375
2024-12-09 00:00:00,191.082,193.405,190.591,192.99,198850.65625
2024-12-10 00:00:00,192.99,194.105,192.446,194.038,220997.9375
2024-12-11 00:00:00,194.035,194.786,192.514,194.351,258070.125
2024-12-12 00:00:00,194.191,194.986,192.921,193.431,249429.265625
2024-12-13 00:00:00,193.442,194.455,192.849,193.931,220936.09375
2024-12-14 00:00:00,193.931,193.931,193.931,193.931,0.0
2024-12-15 00:00:00,193.6,193.902,193.579,193.749,9079.1103515625
2024-12-16 00:00:00,193.751,195.88,193.641,195.537,196636.203125
2024-12-17 00:00:00,195.534,195.889,194.65,195.183,212605.8125
2024-12-18 00:00:00,195.185,195.767,194.053,194.365,249395.109375
2024-12-19 00:00:00,194.364,198.948,194.316,197.006,363029.75
2024-12-20 00:00:00,197.007,197.288,195.742,196.518,303693.71875
2024-12-21 00:00:00,196.518,196.518,196.518,196.518,0.0
2024-12-22 00:00:00,196.283,196.771,196.283,196.771,10836.2900390625
2024-12-23 00:00:00,196.771,197.066,196.439,196.885,194315.09375
2024-12-24 00:00:00,196.885,197.622,196.472,196.635,152803.40625
2024-12-25 00:00:00,196.579,197.367,196.504,197.067,9413.0400390625
2024-12-26 00:00:00,197.067,198.0,197.01,197.63,136346.625
2024-12-27 00:00:00,197.632,198.708,197.202,198.448,223190.296875
2024-12-28 00:00:00,198.448,198.448,198.448,198.448,0.0
2024-12-29 00:00:00,198.293,198.652,198.106,198.585,3033.429931640625
2024-12-30 00:00:00,198.582,198.947,196.315,197.0,236377.984375
2024-12-31 00:00:00,196.999,197.186,195.734,196.659,229740.609375
2025-01-01 00:00:00,196.575,197.516,196.575,197.422,12736.75
2025-01-02 00:00:00,197.425,197.47,194.188,194.795,271340.15625
2025-01-03 00:00:00,194.799,195.529,194.637,195.4,186696.984375
2025-01-04 00:00:00,195.4,195.4,195.4,195.4,0.0
2025-01-05 00:00:00,195.108,195.788,195.037,195.682,8290.8603515625
2025-01-06 00:00:00,195.684,197.441,195.674,197.321,252264.515625
2025-01-07 00:00:00,197.325,198.249,196.869,197.397,263990.34375
2025-01-08 00:00:00,197.391,197.541,195.111,195.488,256583.734375
2025-01-09 00:00:00,195.493,195.604,193.474,194.361,218668.296875
2025-01-10 00:00:00,194.361,194.764,192.197,192.503,318056.0
2025-01-11 00:00:00,192.503,192.503,192.503,192.503,0.0
2025-01-12 00:00:00,192.296,192.729,192.292,192.704,7419.1201171875
2025-01-13 00:00:00,192.692,192.749,190.067,192.404,293614.3125
2025-01-14 00:00:00,192.401,192.986,191.474,192.977,302115.15625
2025-01-15 00:00:00,192.981,192.985,191.083,191.24,277980.125
2025-01-16 00:00:00,191.241,191.537,189.685,190.071,304157.8125
2025-01-17 00:00:00,190.071,190.6,189.325,190.14,246128.34375
2025-01-18 00:00:00,190.14,190.14,190.14,190.14,0.0
2025-01-19 00:00:00,190.027,190.446,190.019,190.292,9044.91015625
2025-01-20 00:00:00,190.295,192.006,189.877,191.467,281239.78125
2025-01-21 00:00:00,191.467,192.28,190.469,192.148,350313.0625
2025-01-22 00:00:00,192.149,193.008,191.691,192.614,236471.734375
2025-01-23 00:00:00,192.627,192.996,192.262,192.883,263717.96875
2025-01-24 00:00:00,192.882,194.745,192.063,194.668,304846.1875
2025-01-25 00:00:00,194.668,194.668,194.668,194.668,0.0
2025-01-26 00:00:00,194.085,194.324,193.843,193.989,9261.3701171875
2025-01-27 00:00:00,193.99,194.64,192.15,192.879,359984.6875
2025-01-28 00:00:00,192.879,194.019,192.765,193.519,264802.1875
2025-01-29 00:00:00,193.522,193.754,192.479,193.26,286641.6875
2025-01-30 00:00:00,193.259,193.281,191.315,191.398,268928.28125
2025-01-31 00:00:00,191.4,193.026,191.181,192.26,302930.0625
2025-02-01 00:00:00,192.26,192.26,192.26,192.26,0.0
2025-02-02 00:00:00,190.222,191.322,190.222,190.912,31279.390625
2025-02-03 00:00:00,190.926,193.155,190.017,193.037,469797.90625
2025-02-04 00:00:00,193.037,193.165,191.759,192.276,294394.375
2025-02-05 00:00:00,192.281,192.559,190.285,190.827,289811.375
2025-02-06 00:00:00,190.825,190.895,187.941,187.962,270147.65625
2025-02-07 00:00:00,187.962,189.575,187.042,187.717,309685.125
2025-02-08 00:00:00,187.717,187.717,187.717,187.717,0.0
2025-02-09 00:00:00,187.023,188.179,186.952,188.156,11813.900390625
2025-02-10 00:00:00,188.156,189.139,187.528,187.599,224137.859375
2025-02-11 00:00:00,187.59,190.209,187.243,190.209,194642.84375
2025-02-12 00:00:00,190.209,192.673,190.139,192.018,266466.65625
2025-02-13 00:00:00,192.017,193.049,191.167,192.21,284239.125
2025-02-14 00:00:00,192.211,192.495,191.471,191.618,205977.109375
2025-02-15 00:00:00,191.618,191.618,191.618,191.618,0.0
2025-02-16 00:00:00,191.515,191.736,191.231,191.274,8379.6201171875
2025-02-17 00:00:00,191.274,191.395,190.624,191.119,155724.9375
2025-02-18 00:00:00,191.118,192.156,190.922,191.783,192564.296875
2025-02-19 00:00:00,191.78,192.106,190.091,190.273,213113.796875
2025-02-20 00:00:00,190.273,190.318,188.676,189.371,252267.90625
2025-02-21 00:00:00,189.371,190.933,188.139,188.532,241296.09375
2025-02-22 00:00:00,188.532,188.532,188.532,188.532,0.0
2025-02-23 00:00:00,188.354,189.018,188.354,188.966,8816.3798828125
2025-02-24 00:00:00,188.956,189.577,188.219,189.136,252138.765625
2025-02-25 00:00:00,189.137,189.737,188.152,188.87,260019.296875
2025-02-26 00:00:00,188.871,189.853,188.386,188.773,256070.4375
2025-02-27 00:00:00,188.779,190.101,188.462,189.053,320764.46875
2025-02-28 00:00:00,189.054,190.31,187.673,189.404,315656.59375
2025-03-01 00:00:00,189.404,189.404,189.404,189.404,0.0
2025-03-02 00:00:00,189.513,190.304,189.461,190.043,12086.7900390625
2025-03-03 00:00:00,190.043,191.972,188.811,189.635,324840.34375
2025-03-04 00:00:00,189.642,191.891,188.24,191.708,410586.84375
2025-03-05 00:00:00,191.697,192.321,190.869,191.901,402124.90625
2025-03-06 00:00:00,191.9,192.546,189.872,190.855,396146.65625
2025-03-07 00:00:00,190.85,191.423,189.652,191.26,355235.875
2025-03-08 00:00:00,191.26,191.26,191.26,191.26,0.0
2025-03-09 00:00:00,190.868,191.039,190.603,190.852,20280.5
2025-03-10 00:00:00,190.852,190.946,188.994,189.361,341349.5625
2025-03-11 00:00:00,189.36,191.689,188.786,191.63,386456.6875
2025-03-12 00:00:00,191.633,193.1,191.246,192.245,266670.6875
2025-03-13 00:00:00,192.253,192.337,190.733,191.675,255067.453125
2025-03-14 00:00:00,191.677,192.744,191.449,192.212,213299.09375
2025-03-15 00:00:00,192.212,192.212,192.212,192.212,0.0
2025-03-16 00:00:00,192.216,192.409,191.955,192.093,12447.2099609375
2025-03-17 00:00:00,192.094,194.018,191.975,193.965,200911.125
2025-03-18 00:00:00,193.963,194.898,193.801,194.267,200326.59375
2025-03-19 00:00:00,194.267,194.703,193.025,193.137,232786.046875
2025-03-20 00:00:00,193.142,193.221,192.053,192.685,201290.546875
2025-03-21 00:00:00,192.688,193.583,192.008,192.829,209534.3125
2025-03-22 00:00:00,192.829,192.829,192.829,192.829,0.0
2025-03-23 00:00:00,192.577,193.473,192.405,193.439,8199.990234375
2025-03-24 00:00:00,193.441,194.914,193.255,194.843,196025.578125
2025-03-25 00:00:00,194.843,194.994,193.621,194.093,175002.3125
2025-03-26 00:00:00,194.097,194.784,193.463,193.759,212776.609375
2025-03-27 00:00:00,193.755,195.969,193.544,195.365,217944.125
2025-03-28 00:00:00,195.362,195.711,193.724,193.871,211807.09375
2025-03-29 00:00:00,193.871,193.871,193.871,193.871,0.0
2025-03-30 00:00:00,193.622,193.784,193.065,193.563,16115.4296875
2025-03-31 00:00:00,193.56,193.995,192.728,193.709,289396.0625
2025-04-01 00:00:00,193.711,193.904,192.205,193.496,269842.6875
2025-04-02 00:00:00,193.493,195.766,192.286,192.903,303627.59375
2025-04-03 00:00:00,192.9,193.661,190.669,191.427,536339.5
2025-04-04 00:00:00,191.427,191.753,187.525,189.526,610873.5
2025-04-05 00:00:00,189.526,189.526,189.526,189.526,0.0
2025-04-06 00:00:00,186.529,187.889,186.084,187.734,66271.140625
2025-04-07 00:00:00,187.739,190.075,187.116,188.175,705182.5625
2025-04-08 00:00:00,188.173,188.94,186.121,186.481,543456.4375
2025-04-09 00:00:00,186.481,189.822,184.365,189.034,677132.6875
2025-04-10 00:00:00,189.032,189.417,186.346,186.745,574411.75
2025-04-11 00:00:00,186.748,188.191,186.011,187.729,587231.375
2025-04-12 00:00:00,187.729,187.729,187.729,187.729,0.0
2025-04-13 00:00:00,188.23,188.444,187.772,187.999,37143.5
2025-04-14 00:00:00,188.001,189.197,186.571,188.639,435959.6875
2025-04-15 00:00:00,188.642,189.567,188.54,189.317,322839.5
2025-04-16 00:00:00,189.31,189.637,187.456,187.757,321456.21875
2025-04-17 00:00:00,187.755,189.364,187.662,188.822,315225.125
2025-04-18 00:00:00,188.815,189.144,188.688,188.854,769718.4375
2025-04-19 00:00:00,188.854,188.854,188.854,188.854,0.0
2025-04-20 00:00:00,188.507,188.74,188.079,188.515,22764.650390625
2025-04-21 00:00:00,188.512,188.835,187.991,188.478,254791.40625
2025-04-22 00:00:00,188.478,189.947,187.459,189.387,316588.6875
2025-04-23 00:00:00,189.387,190.308,188.22,189.94,360654.34375
2025-04-24 00:00:00,189.938,190.504,189.294,190.378,229580.375
2025-04-25 00:00:00,190.381,191.717,190.049,191.202,219983.125
2025-04-26 00:00:00,191.202,191.202,191.202,191.202,0.0
2025-04-27 00:00:00,190.856,191.333,190.824,191.171,12726.900390625
2025-04-28 00:00:00,191.169,191.544,190.653,191.013,214319.421875
2025-04-29 00:00:00,191.014,191.34,190.392,190.789,205982.515625
2025-04-30 00:00:00,190.786,191.255,189.979,190.511,231267.890625
2025-05-01 00:00:00,190.505,193.455,190.33,193.176,250622.0625
2025-05-02 00:00:00,193.177,193.744,191.468,192.315,300248.09375
2025-05-03 00:00:00,192.315,192.315,192.315,192.315,0.0
2025-05-04 00:00:00,191.82,192.291,191.805,191.939,10713.48046875
2025-05-05 00:00:00,191.941,192.044,190.808,190.983,213112.703125
2025-05-06 00:00:00,190.981,191.346,190.23,191.045,227971.96875
2025-05-07 00:00:00,191.049,191.661,190.656,191.194,227280.84375
2025-05-08 00:00:00,191.192,193.496,190.985,193.221,259068.46875
2025-05-09 00:00:00,193.219,193.466,192.346,193.333,153240.53125
2025-05-10 00:00:00,193.333,193.333,193.333,193.333,0.0
2025-05-11 00:00:00,193.718,194.049,193.694,193.738,14846.8603515625
2025-05-12 00:00:00,193.739,195.792,193.623,195.362,273236.75
2025-05-13 00:00:00,195.357,196.381,194.774,196.254,209952.84375
2025-05-14 00:00:00,196.255,196.402,194.232,194.484,284088.5
2025-05-15 00:00:00,194.491,194.597,193.426,193.653,194495.171875
2025-05-16 00:00:00,193.65,193.798,193.028,193.401,165144.453125
2025-05-17 00:00:00,193.401,193.401,193.401,193.401,0.0
2025-05-18 00:00:00,192.717,193.369,192.717,193.227,10903.7197265625
2025-05-19 00:00:00,193.23,194.067,192.761,193.663,209601.5
2025-05-20 00:00:00,193.665,194.207,192.911,193.337,195168.453125
2025-05-21 00:00:00,193.339,193.572,192.565,192.84,243906.953125
2025-05-22 00:00:00,192.84,193.584,191.888,193.026,248844.296875
2025-05-23 00:00:00,193.026,193.554,192.061,192.951,236336.703125
2025-05-24 00:00:00,192.951,192.951,192.951,192.951,0.0
2025-05-25 00:00:00,192.629,193.518,192.549,193.349,19128.240234375
2025-05-26 00:00:00,193.345,194.034,193.254,193.474,122807.3203125
2025-05-27 00:00:00,193.475,195.621,193.055,194.776,187146.609375
2025-05-28 00:00:00,194.774,195.914,194.374,195.669,210925.265625
2025-05-29 00:00:00,195.672,196.311,194.046,194.052,226792.390625
2025-05-30 00:00:00,194.053,194.657,193.383,193.757,230914.265625
2025-05-31 00:00:00,193.757,193.757,193.757,193.757,0.0
2025-06-01 00:00:00,193.461,193.756,193.37,193.655,8779.6396484375
2025-06-02 00:00:00,193.654,193.895,192.981,193.082,187799.65625
2025-06-03 00:00:00,193.082,194.777,192.726,194.587,157002.125
2025-06-04 00:00:00,194.589,195.231,193.257,193.398,177223.984375
2025-06-05 00:00:00,193.399,195.501,193.322,194.924,200374.796875
2025-06-06 00:00:00,194.926,196.185,194.805,195.892,177925.734375
2025-06-07 00:00:00,195.892,195.892,195.892,195.892,0.0
2025-06-08 00:00:00,195.759,195.901,195.69,195.864,5293.740234375
2025-06-09 00:00:00,195.861,196.142,195.438,195.943,127291.2578125
2025-06-10 00:00:00,195.945,196.439,194.771,195.634,158065.28125
2025-06-11 00:00:00,195.633,196.242,195.287,195.613,172662.578125
2025-06-12 00:00:00,195.612,195.773,194.711,195.009,196729.625
2025-06-13 00:00:00,195.008,195.972,193.753,195.573,250688.515625
2025-06-14 00:00:00,195.573,195.573,195.573,195.573,0.0
2025-06-15 00:00:00,195.106,196.057,194.912,195.867,13075.76953125
2025-06-16 00:00:00,195.866,196.684,195.397,196.304,170555.421875
2025-06-17 00:00:00,196.304,196.844,194.776,195.233,192878.140625
2025-06-18 00:00:00,195.23,195.341,194.328,194.433,202729.796875
2025-06-19 00:00:00,194.439,196.022,194.008,195.716,149829.5625
2025-06-20 00:00:00,195.711,196.702,195.677,196.424,142547.0625
2025-06-21 00:00:00,196.424,196.424,196.424,196.424,0.0
2025-06-22 00:00:00,196.488,196.714,196.125,196.428,14354.2802734375
2025-06-23 00:00:00,196.425,198.196,196.299,197.648,235343.984375
2025-06-24 00:00:00,197.645,197.648,196.938,197.318,194627.8125
2025-06-25 00:00:00,197.318,198.574,197.039,198.375,146420.203125
2025-06-26 00:00:00,198.375,198.616,197.706,198.562,192885.34375
2025-06-27 00:00:00,198.552,198.801,198.002,198.416,174955.28125
2025-06-28 00:00:00,198.416,198.416,198.416,198.416,0.0
2025-06-29 00:00:00,197.655,198.437,197.655,198.234,10688.33984375
2025-06-30 00:00:00,198.232,198.455,197.207,197.451,164906.921875
2025-07-01 00:00:00,197.453,197.753,196.274,197.07,181434.53125
2025-07-02 00:00:00,197.068,197.545,195.357,195.886,177014.96875
2025-07-03 00:00:00,195.885,198.102,195.747,197.747,160283.90625
2025-07-04 00:00:00,197.747,197.86,196.897,197.004,204337.296875
2025-07-05 00:00:00,197.004,197.004,197.004,197.004,0.0
2025-07-06 00:00:00,197.301,197.419,197.055,197.234,6034.52978515625
2025-07-07 00:00:00,197.238,199.001,196.777,198.737,156939.375
2025-07-08 00:00:00,198.735,199.532,198.669,199.509,174957.34375
2025-07-09 00:00:00,199.509,199.823,198.545,198.666,151631.203125
2025-07-10 00:00:00,198.663,199.251,198.294,198.64,153769.296875
2025-07-11 00:00:00,198.639,199.441,198.229,198.812,168199.34375
2025-07-12 00:00:00,198.812,198.812,198.812,198.812,0.0
2025-07-13 00:00:00,198.437,198.98,198.431,198.778,9642.5400390625
2025-07-14 00:00:00,198.776,198.813,198.097,198.438,152636.921875
2025-07-15 00:00:00,198.434,199.521,198.201,199.256,157257.796875
2025-07-16 00:00:00,199.262,199.733,197.934,198.459,219034.65625
2025-07-17 00:00:00,198.461,199.546,198.451,199.375,155366.84375
2025-07-18 00:00:00,199.373,199.97,199.244,199.49,117597.2890625
2025-07-19 00:00:00,199.49,199.49,199.49,199.49,0.0
2025-07-20 00:00:00,198.419,199.41,198.419,199.15,11578.1396484375
2025-07-21 00:00:00,199.146,199.236,198.402,198.826,121820.6171875
2025-07-22 00:00:00,198.827,199.289,197.427,198.436,137264.484375
2025-07-23 00:00:00,198.431,199.083,197.744,198.716,179358.125
2025-07-24 00:00:00,198.713,198.854,198.128,198.58,177894.671875
2025-07-25 00:00:00,198.58,199.077,198.125,198.357,159555.515625
2025-07-26 00:00:00,198.357,198.357,198.357,198.357,0.0
2025-07-27 00:00:00,198.275,198.729,198.254,198.583,9162.6298828125
2025-07-28 00:00:00,198.583,199.209,198.175,198.328,162185.40625
2025-07-29 00:00:00,198.331,198.458,197.726,198.191,165114.0625
2025-07-30 00:00:00,198.193,198.421,197.441,197.807,207020.21875
2025-07-31 00:00:00,197.805,199.514,196.96,199.182,202465.3125
2025-08-01 00:00:00,199.176,199.3,195.329,195.686,258312.90625
2025-08-02 00:00:00,195.686,195.686,195.686,195.686,0.0
2025-08-03 00:00:00,195.414,195.848,195.284,195.835,10950.3603515625
2025-08-04 00:00:00,195.835,196.528,195.023,195.195,174237.1875
2025-08-05 00:00:00,195.195,196.457,195.027,196.18,156465.46875
2025-08-06 00:00:00,196.178,197.074,196.092,196.616,140721.375
2025-08-07 00:00:00,196.606,198.017,196.234,197.461,178924.875
2025-08-08 00:00:00,197.456,198.826,197.373,198.641,137343.828125
2025-08-09 00:00:00,198.641,198.641,198.641,198.641,0.0
2025-08-10 00:00:00,198.275,198.673,198.154,198.492,4476.27001953125
2025-08-11 00:00:00,198.49,199.11,198.176,199.016,106444.609375
2025-08-12 00:00:00,199.017,200.081,198.989,199.554,169522.03125
2025-08-13 00:00:00,199.552,200.276,199.423,199.861,126029.859375
2025-08-14 00:00:00,199.862,200.158,198.589,199.802,170228.703125
2025-08-15 00:00:00,199.805,199.85,198.908,199.436,111184.8125
2025-08-16 00:00:00,199.436,199.436,199.436,199.436,0.0
2025-08-17 00:00:00,199.369,199.769,199.349,199.582,4580.31005859375
2025-08-18 00:00:00,199.581,200.267,199.362,199.803,108777.4296875
2025-08-19 00:00:00,199.804,199.861,198.805,199.221,118837.75
2025-08-20 00:00:00,199.223,199.446,197.855,198.329,129085.4375
2025-08-21 00:00:00,198.329,199.223,198.12,199.075,130360.1796875
2025-08-22 00:00:00,199.073,199.524,198.317,198.664,154498.4375
2025-08-23 00:00:00,198.664,198.664,198.664,198.664,0.0
2025-08-24 00:00:00,198.407,199.012,198.321,198.927,8375.5
2025-08-25 00:00:00,198.922,199.289,198.453,198.873,127992.25
2025-08-26 00:00:00,198.866,199.054,198.27,198.744,177294.8125
2025-08-27 00:00:00,198.757,199.185,198.641,198.956,138004.09375
2025-08-28 00:00:00,198.957,199.132,198.166,198.339,151124.34375
2025-08-29 00:00:00,198.339,198.66,197.942,198.496,150040.015625
2025-08-30 00:00:00,198.496,198.496,198.496,198.496,0.0
2025-08-31 00:00:00,198.254,198.738,198.218,198.657,4326.89990234375
2025-09-01 00:00:00,198.664,199.558,198.613,199.254,107741.34375
2025-09-02 00:00:00,199.256,200.265,198.315,198.825,203283.3125
2025-09-03 00:00:00,198.821,199.723,198.481,198.885,167419.359375
2025-09-04 00:00:00,198.881,199.819,198.765,199.53,148391.625
2025-09-05 00:00:00,199.529,199.787,198.667,199.051,186396.234375
2025-09-06 00:00:00,199.051,199.051,199.051,199.051,0.0
2025-09-07 00:00:00,199.916,200.269,199.672,200.111,14902.2802734375
2025-09-08 00:00:00,200.11,200.343,199.36,199.727,156314.046875
2025-09-09 00:00:00,199.733,199.87,198.786,199.277,161394.453125
2025-09-10 00:00:00,199.276,199.803,199.212,199.41,150191.171875
2025-09-11 00:00:00,199.411,200.058,199.328,199.848,173154.28125
2025-09-12 00:00:00,199.841,200.479,199.655,200.149,133158.625
2025-09-13 00:00:00,200.149,200.149,200.149,200.149,0.0
2025-09-14 00:00:00,199.917,200.301,199.862,200.136,3554.85009765625
2025-09-15 00:00:00,200.134,200.746,199.921,200.478,101773.078125
2025-09-16 00:00:00,200.477,200.717,199.614,199.886,158192.671875
2025-09-17 00:00:00,199.884,200.353,199.473,200.185,178939.140625
2025-09-18 00:00:00,200.186,201.261,200.132,200.559,189222.84375
2025-09-19 00:00:00,200.561,200.593,199.209,199.282,172289.46875
2025-09-20 00:00:00,199.282,199.282,199.282,199.282,0.0
2025-09-21 00:00:00,199.021,201.522,199.018,199.382,11661.900390625
2025-09-22 00:00:00,199.392,199.792,199.352,199.64,128267.0625
2025-09-23 00:00:00,199.641,199.965,199.143,199.616,148625.046875
2025-09-24 00:00:00,199.615,200.243,199.459,200.094,131644.515625
2025-09-25 00:00:00,200.093,200.345,199.582,199.854,162989.9375
2025-09-26 00:00:00,199.851,200.513,199.694,200.316,139246.53125
2025-09-27 00:00:00,200.316,200.316,200.316,200.316,0.0
2025-09-28 00:00:00,200.136,200.416,200.076,200.316,4611.35986328125
2025-09-29 00:00:00,200.323,200.328,199.34,199.663,129546.8203125
2025-09-30 00:00:00,199.667,199.768,198.553,198.98,168945.21875
2025-10-01 00:00:00,198.976,199.216,197.914,198.274,195165.609375
2025-10-02 00:00:00,198.271,198.612,197.486,197.866,150295.75
2025-10-03 00:00:00,197.865,198.862,197.862,198.739,127605.296875
2025-10-04 00:00:00,198.739,198.739,198.739,198.739,0.0
2025-10-05 00:00:00,200.722,201.004,200.222,200.914,21320.810546875
2025-10-06 00:00:00,200.911,202.817,200.773,202.748,187822.484375
2025-10-07 00:00:00,202.751,204.148,202.107,204.058,146406.203125
2025-10-08 00:00:00,204.061,205.32,203.906,204.628,164851.8125
2025-10-09 00:00:00,204.631,204.874,203.307,203.566,186461.453125
2025-10-10 00:00:00,203.563,203.709,201.803,201.83,222732.734375
2025-10-11 00:00:00,201.83,201.83,201.83,201.83,0.0
2025-10-12 00:00:00,202.516,203.089,202.347,202.786,17857.890625
2025-10-13 00:00:00,202.785,203.256,202.62,203.253,150022.71875
2025-10-14 00:00:00,203.249,203.515,201.327,202.091,203791.453125
2025-10-15 00:00:00,202.092,202.715,201.587,202.367,164348.625
2025-10-16 00:00:00,202.371,203.429,201.708,201.852,206165.765625
2025-10-17 00:00:00,201.854,202.243,200.675,202.172,216559.875
2025-10-18 00:00:00,202.172,202.172,202.172,202.172,0.0
2025-10-19 00:00:00,201.848,202.673,201.698,202.603,9401.1201171875
2025-10-20 00:00:00,202.605,203.108,201.828,202.156,141447.9375
2025-10-21 00:00:00,202.159,203.526,201.81,202.982,184521.875
2025-10-22 00:00:00,202.983,203.262,201.92,202.906,174163.46875
2025-10-23 00:00:00,202.909,203.79,202.872,203.372,133617.359375
2025-10-24 00:00:00,203.375,203.987,203.081,203.449,142560.625
2025-10-25 00:00:00,203.449,203.449,203.449,203.449,0.0
2025-10-26 00:00:00,203.513,204.059,203.462,203.912,10029.759765625
2025-10-27 00:00:00,203.918,204.237,203.537,203.698,131132.984375
2025-10-28 00:00:00,203.699,203.708,201.462,201.479,163993.015625
2025-10-29 00:00:00,201.479,201.954,200.562,201.51,199243.328125
2025-10-30 00:00:00,201.511,203.259,200.981,202.522,201050.5625
2025-10-31 00:00:00,202.521,202.919,201.842,202.497,140653.703125
2025-11-01 00:00:00,202.497,202.497,202.497,202.497,0.0
2025-11-02 00:00:00,202.052,202.626,202.052,202.516,10003.990234375
2025-11-03 00:00:00,202.52,202.802,201.911,202.539,115439.171875
2025-11-04 00:00:00,202.539,202.672,199.874,199.934,188678.921875
2025-11-05 00:00:00,199.934,201.239,199.064,201.113,166842.703125
2025-11-06 00:00:00,201.112,201.379,200.295,200.971,166069.453125
2025-11-07 00:00:00,200.977,202.092,200.649,201.941,192288.125
2025-11-08 00:00:00,201.941,201.941,201.941,201.941,0.0
2025-11-09 00:00:00,202.13,202.322,201.829,202.143,9549.599609375
2025-11-10 00:00:00,202.144,203.236,201.787,203.043,162770.921875
2025-11-11 00:00:00,203.04,203.281,202.324,202.643,149301.390625
2025-11-12 00:00:00,202.644,203.563,202.599,203.092,149455.84375
2025-11-13 00:00:00,203.095,204.067,202.963,203.376,202782.03125
2025-11-14 00:00:00,203.38,203.952,202.34,203.481,218819.609375
2025-11-15 00:00:00,203.481,203.481,203.481,203.481,0.0
2025-11-16 00:00:00,203.227,203.509,203.1,203.421,6817.580078125
2025-11-17 00:00:00,203.421,204.525,203.131,204.272,156229.328125
2025-11-18 00:00:00,204.275,204.739,203.693,204.474,218263.578125
2025-11-19 00:00:00,204.475,205.364,203.976,205.033,207629.953125
2025-11-20 00:00:00,205.034,206.858,204.8,205.91,234226.125
2025-11-21 00:00:00,205.906,206.051,204.288,204.759,243594.015625
2025-11-22 00:00:00,204.759,204.759,204.759,204.759,0.0
2025-11-23 00:00:00,204.616,205.217,204.616,205.192,7042.89013671875
2025-11-24 00:00:00,205.19,205.906,205.037,205.633,182596.71875
2025-11-25 00:00:00,205.63,205.99,204.997,205.522,192275.296875
2025-11-26 00:00:00,205.521,207.189,205.332,206.904,222124.53125
2025-11-27 00:00:00,206.902,207.192,206.425,206.929,105915.078125
2025-11-28 00:00:00,206.93,207.206,206.142,206.462,530756.625
2025-11-29 00:00:00,206.462,206.462,206.462,206.462,0.0
2025-11-30 00:00:00,206.4,206.759,206.254,206.403,9999.7900390625
2025-12-01 00:00:00,206.404,206.42,205.191,205.476,232446.65625
2025-12-02 00:00:00,205.474,206.252,205.384,205.913,153854.1875
2025-12-03 00:00:00,205.915,207.341,205.779,207.035,161588.234375
2025-12-04 00:00:00,207.036,207.354,206.341,206.666,184055.546875
2025-12-05 00:00:00,206.666,207.294,206.186,207.06,155743.0625
2025-12-06 00:00:00,207.06,207.06,207.06,207.06,0.0
2025-12-07 00:00:00,206.47,207.039,206.47,206.965,6991.16015625
2025-12-08 00:00:00,206.964,207.807,206.588,207.689,157003.046875
2025-12-09 00:00:00,207.692,208.945,207.589,208.593,161487.0625
2025-12-10 00:00:00,208.597,208.895,208.227,208.524,176201.46875
2025-12-11 00:00:00,208.527,208.653,207.902,208.267,183933.171875
2025-12-12 00:00:00,208.262,208.745,207.876,208.307,156463.65625
2025-12-13 00:00:00,208.307,208.307,208.307,208.307,0.0
2025-12-14 00:00:00,208.195,208.478,208.147,208.347,7849.1298828125
2025-12-15 00:00:00,208.352,208.444,207.087,207.413,147001.9375
2025-12-16 00:00:00,207.414,207.996,206.765,207.784,213796.234375
2025-12-17 00:00:00,207.782,208.404,207.054,207.944,172183.234375
2025-12-18 00:00:00,207.943,209.009,207.836,208.208,178980.171875
2025-12-19 00:00:00,208.214,211.057,208.196,210.975,199737.359375
2025-12-20 00:00:00,210.975,210.975,210.975,210.975,0.0
2025-12-21 00:00:00,210.617,210.98,210.511,210.862,14378.080078125
2025-12-22 00:00:00,210.873,211.589,210.62,211.279,170737.125
2025-12-23 00:00:00,211.276,211.303,210.285,210.954,170787.375
2025-12-24 00:00:00,210.955,211.03,209.816,210.272,143123.234375
2025-12-25 00:00:00,210.259,210.893,210.11,210.86,17920.509765625
2025-12-26 00:00:00,210.86,211.506,210.621,211.276,118810.6484375
2025-12-27 00:00:00,211.276,211.276,211.276,211.276,0.0
2025-12-28 00:00:00,210.832,211.258,210.768,211.202,15882.009765625
2025-12-29 00:00:00,211.204,211.344,210.432,210.719,177423.84375
2025-12-30 00:00:00,210.721,211.093,210.312,210.61,139472.890625
2025-12-31 00:00:00,210.6,211.215,210.255,211.056,133663.09375
