timestamp,open,high,low,close,volume
2013-01-01 00:00:00,8562.3,8562.3,8562.3,8562.3,0.0
2013-01-02 00:00:00,8562.3,8562.3,8562.3,8562.3,0.0
2013-01-03 00:00:00,8562.3,8562.3,8562.3,8562.3,0.0
2013-01-04 00:00:00,8562.3,8562.3,8562.3,8562.3,0.0
2013-01-05 00:00:00,8562.3,8562.3,8562.3,8562.3,0.0
2013-01-06 00:00:00,8562.3,8562.3,8562.3,8562.3,0.0
2013-01-07 00:00:00,8562.3,8562.3,8562.3,8562.3,0.0
2013-01-08 00:00:00,8562.3,8562.3,8562.3,8562.3,0.0
2013-01-09 00:00:00,8562.3,8562.3,8562.3,8562.3,0.0
2013-01-10 00:00:00,8562.3,8562.3,8562.3,8562.3,0.0
2013-01-11 00:00:00,8562.3,8562.3,8562.3,8562.3,0.0
2013-01-12 00:00:00,8562.3,8562.3,8562.3,8562.3,0.0
2013-01-13 00:00:00,8562.3,8562.3,8562.3,8562.3,0.0
2013-01-14 00:00:00,8562.3,8562.3,8562.3,8562.3,0.0
2013-01-15 00:00:00,8562.3,8562.3,8562.3,8562.3,0.0
2013-01-16 00:00:00,8562.3,8562.3,8562.3,8562.3,0.0
2013-01-17 00:00:00,8562.3,8562.3,8562.3,8562.3,0.0
2013-01-18 00:00:00,8562.3,8562.3,8562.3,8562.3,0.0
2013-01-19 00:00:00,8562.3,8562.3,8562.3,8562.3,0.0
2013-01-20 00:00:00,8562.3,8562.3,8562.3,8562.3,0.0
2013-01-21 00:00:00,8562.3,8562.3,8562.3,8562.3,0.0
2013-01-22 00:00:00,8562.3,8562.3,8562.3,8562.3,0.0
2013-01-23 00:00:00,8562.3,8562.3,8562.3,8562.3,0.0
2013-01-24 00:00:00,8562.3,8562.3,8562.3,8562.3,0.0
2013-01-25 00:00:00,8562.3,8562.3,8562.3,8562.3,0.0
2013-01-26 00:00:00,8562.3,8562.3,8562.3,8562.3,0.0
2013-01-27 00:00:00,8562.3,8562.3,8562.3,8562.3,0.0
2013-01-28 00:00:00,8562.3,8562.3,8562.3,8562.3,0.0
2013-01-29 00:00:00,8562.3,8562.3,8562.3,8562.3,0.0
2013-01-30 00:00:00,8562.3,8562.3,8562.3,8562.3,0.0
2013-01-31 00:00:00,8562.3,8562.3,8562.3,8562.3,0.0
2013-02-01 00:00:00,8562.3,8562.3,8562.3,8562.3,0.0
2013-02-02 00:00:00,8562.3,8562.3,8562.3,8562.3,0.0
2013-02-03 00:00:00,8562.3,8562.3,8562.3,8562.3,0.0
2013-02-04 00:00:00,8562.3,8562.3,8562.3,8562.3,0.0
2013-02-05 00:00:00,8562.3,8562.3,8562.3,8562.3,0.0
2013-02-06 00:00:00,8562.3,8562.3,8562.3,8562.3,0.0
2013-02-07 00:00:00,8562.3,8562.3,8562.3,8562.3,0.0
2013-02-08 00:00:00,8562.3,8562.3,8562.3,8562.3,0.0
2013-02-09 00:00:00,8562.3,8562.3,8562.3,8562.3,0.0
2013-02-10 00:00:00,8562.3,8562.3,8562.3,8562.3,0.0
2013-02-11 00:00:00,8562.3,8562.3,8562.3,8562.3,0.0
2013-02-12 00:00:00,8562.3,8562.3,8562.3,8562.3,0.0
2013-02-13 00:00:00,8562.3,8562.3,8562.3,8562.3,0.0
2013-02-14 00:00:00,8562.3,8562.3,8562.3,8562.3,0.0
2013-02-15 00:00:00,8562.3,8562.3,8562.3,8562.3,0.0
2013-02-16 00:00:00,8562.3,8562.3,8562.3,8562.3,0.0
2013-02-17 00:00:00,8562.3,8562.3,8562.3,8562.3,0.0
2013-02-18 00:00:00,8562.3,8562.3,8562.3,8562.3,0.0
2013-02-19 00:00:00,8562.3,8562.3,8562.3,8562.3,0.0
2013-02-20 00:00:00,8562.3,8562.3,8562.3,8562.3,0.0
2013-02-21 00:00:00,8562.3,8562.3,8562.3,8562.3,0.0
2013-02-22 00:00:00,8562.3,8562.3,8562.3,8562.3,0.0
2013-02-23 00:00:00,8562.3,8562.3,8562.3,8562.3,0.0
2013-02-24 00:00:00,8562.3,8562.3,8562.3,8562.3,0.0
2013-02-25 00:00:00,8562.3,8562.3,8562.3,8562.3,0.0
2013-02-26 00:00:00,8562.3,8562.3,8562.3,8562.3,0.0
2013-02-27 00:00:00,8562.3,8562.3,8562.3,8562.3,0.0
2013-02-28 00:00:00,8562.3,8562.3,8562.3,8562.3,0.0
2013-03-01 00:00:00,8562.3,8562.3,8562.3,8562.3,0.0
2013-03-02 00:00:00,8562.3,8562.3,8562.3,8562.3,0.0
2013-03-03 00:00:00,8562.3,8562.3,8562.3,8562.3,0.0
2013-03-04 00:00:00,8562.3,8562.3,8562.3,8562.3,0.0
2013-03-05 00:00:00,8562.3,8562.3,8562.3,8562.3,0.0
2013-03-06 00:00:00,8562.3,8562.3,8562.3,8562.3,0.0
2013-03-07 00:00:00,8562.3,8562.3,8562.3,8562.3,0.0
2013-03-08 00:00:00,8562.3,8562.3,8562.3,8562.3,0.0
2013-03-09 00:00:00,8562.3,8562.3,8562.3,8562.3,0.0
2013-03-10 00:00:00,8562.3,8562.3,8562.3,8562.3,0.0
2013-03-11 00:00:00,8562.3,8562.3,8562.3,8562.3,0.0
2013-03-12 00:00:00,8562.3,8562.3,8562.3,8562.3,0.0
2013-03-13 00:00:00,8562.3,8562.3,8562.3,8562.3,0.0
2013-03-14 00:00:00,8562.3,8562.3,8562.3,8562.3,0.0
2013-03-15 00:00:00,8562.3,8562.3,8562.3,8562.3,0.0
2013-03-16 00:00:00,8562.3,8562.3,8562.3,8562.3,0.0
2013-03-17 00:00:00,8562.3,8562.3,8562.3,8562.3,0.0
2013-03-18 00:00:00,8562.3,8562.3,8562.3,8562.3,0.0
2013-03-19 00:00:00,8562.3,8562.3,8562.3,8562.3,0.0
2013-03-20 00:00:00,8562.3,8562.3,8562.3,8562.3,0.0
2013-03-21 00:00:00,8562.3,8562.3,8562.3,8562.3,0.0
2013-03-22 00:00:00,8562.3,8562.3,8562.3,8562.3,0.0
2013-03-23 00:00:00,8562.3,8562.3,8562.3,8562.3,0.0
2013-03-24 00:00:00,8562.3,8562.3,8562.3,8562.3,0.0
2013-03-25 00:00:00,8562.3,8562.3,8562.3,8562.3,0.0
2013-03-26 00:00:00,8562.3,8562.3,8562.3,8562.3,0.0
2013-03-27 00:00:00,8562.3,8562.3,8562.3,8562.3,0.0
2013-03-28 00:00:00,8562.3,8562.3,8562.3,8562.3,0.0
2013-03-29 00:00:00,8562.3,8562.3,8562.3,8562.3,0.0
2013-03-30 00:00:00,8562.3,8562.3,8562.3,8562.3,0.0
2013-03-31 00:00:00,8562.3,8562.3,8562.3,8562.3,0.0
2013-04-01 00:00:00,8562.3,8562.3,8562.3,8562.3,0.0
2013-04-02 00:00:00,8562.3,8562.3,8562.3,8562.3,0.0
2013-04-03 00:00:00,8562.3,8562.3,8562.3,8562.3,0.0
2013-04-04 00:00:00,8562.3,8562.3,8562.3,8562.3,0.0
2013-04-05 00:00:00,8562.3,8562.3,8562.3,8562.3,0.0
2013-04-06 00:00:00,8562.3,8562.3,8562.3,8562.3,0.0
2013-04-07 00:00:00,8562.3,8562.3,8562.3,8562.3,0.0
2013-04-08 00:00:00,8562.3,8562.3,8562.3,8562.3,0.0
2013-04-09 00:00:00,8562.3,8562.3,8562.3,8562.3,0.0
2013-04-10 00:00:00,8562.3,8562.3,8562.3,8562.3,0.0
2013-04-11 00:00:00,8562.3,8562.3,8562.3,8562.3,0.0
2013-04-12 00:00:00,8562.3,8562.3,8562.3,8562.3,0.0
2013-04-13 00:00:00,8562.3,8562.3,8562.3,8562.3,0.0
2013-04-14 00:00:00,8562.3,8562.3,8562.3,8562.3,0.0
2013-04-15 00:00:00,8562.3,8562.3,8562.3,8562.3,0.0
2013-04-16 00:00:00,8562.3,8562.3,8562.3,8562.3,0.0
2013-04-17 00:00:00,8562.3,8562.3,8562.3,8562.3,0.0
2013-04-18 00:00:00,8562.3,8562.3,8562.3,8562.3,0.0
2013-04-19 00:00:00,8562.3,8562.3,8562.3,8562.3,0.0
2013-04-20 00:00:00,8562.3,8562.3,8562.3,8562.3,0.0
2013-04-21 00:00:00,8562.3,8562.3,8562.3,8562.3,0.0
2013-04-22 00:00:00,8562.3,8562.3,8562.3,8562.3,0.0
2013-04-23 00:00:00,8562.3,8562.3,8562.3,8562.3,0.0
2013-04-24 00:00:00,8562.3,8562.3,8562.3,8562.3,0.0
2013-04-25 00:00:00,8562.3,8562.3,8562.3,8562.3,0.0
2013-04-26 00:00:00,8562.3,8562.3,8562.3,8562.3,0.0
2013-04-27 00:00:00,8562.3,8562.3,8562.3,8562.3,0.0
2013-04-28 00:00:00,8562.3,8562.3,8562.3,8562.3,0.0
2013-04-29 00:00:00,8562.3,8562.3,8562.3,8562.3,0.0
2013-04-30 00:00:00,8562.3,8562.3,8562.3,8562.3,0.0
2013-05-01 00:00:00,8562.3,8562.3,8562.3,8562.3,0.0
2013-05-02 00:00:00,8562.3,8562.3,8562.3,8562.3,0.0
2013-05-03 00:00:00,8562.3,8562.3,8562.3,8562.3,0.0
2013-05-04 00:00:00,8562.3,8562.3,8562.3,8562.3,0.0
2013-05-05 00:00:00,8562.3,8562.3,8562.3,8562.3,0.0
2013-05-06 00:00:00,8562.3,8562.3,8562.3,8562.3,0.0
2013-05-07 00:00:00,8562.3,8562.3,8562.3,8562.3,0.0
2013-05-08 00:00:00,8562.3,8562.3,8562.3,8562.3,0.0
2013-05-09 00:00:00,8562.3,8562.3,8562.3,8562.3,0.0
2013-05-10 00:00:00,8562.3,8562.3,8562.3,8562.3,0.0
2013-05-11 00:00:00,8562.3,8562.3,8562.3,8562.3,0.0
2013-05-12 00:00:00,8562.3,8562.3,8562.3,8562.3,0.0
2013-05-13 00:00:00,8562.3,8562.3,8562.3,8562.3,0.0
2013-05-14 00:00:00,8562.3,8562.3,8562.3,8562.3,0.0
2013-05-15 00:00:00,8562.3,8562.3,8562.3,8562.3,0.0
2013-05-16 00:00:00,8562.3,8562.3,8562.3,8562.3,0.0
2013-05-17 00:00:00,8562.3,8562.3,8562.3,8562.3,0.0
2013-05-18 00:00:00,8562.3,8562.3,8562.3,8562.3,0.0
2013-05-19 00:00:00,8562.3,8562.3,8562.3,8562.3,0.0
2013-05-20 00:00:00,8562.3,8562.3,8562.3,8562.3,0.0
2013-05-21 00:00:00,8562.3,8562.3,8562.3,8562.3,0.0
2013-05-22 00:00:00,8562.3,8562.3,8562.3,8562.3,0.0
2013-05-23 00:00:00,8562.3,8562.3,8562.3,8562.3,0.0
2013-05-24 00:00:00,8562.3,8562.3,8562.3,8562.3,0.0
2013-05-25 00:00:00,8562.3,8562.3,8562.3,8562.3,0.0
2013-05-26 00:00:00,8562.3,8562.3,8562.3,8562.3,0.0
2013-05-27 00:00:00,8562.3,8562.3,8562.3,8562.3,0.0
2013-05-28 00:00:00,8562.3,8562.3,8562.3,8562.3,0.0
2013-05-29 00:00:00,8562.3,8562.3,8562.3,8562.3,0.0
2013-05-30 00:00:00,8562.3,8562.3,8562.3,8562.3,0.0
2013-05-31 00:00:00,8562.3,8562.3,8562.3,8562.3,0.0
2013-06-01 00:00:00,8562.3,8562.3,8562.3,8562.3,0.0
2013-06-02 00:00:00,8562.3,8562.3,8562.3,8562.3,0.0
2013-06-03 00:00:00,8562.3,8562.3,8562.3,8562.3,0.0
2013-06-04 00:00:00,8562.3,8562.3,8562.3,8562.3,0.0
2013-06-05 00:00:00,8562.3,8562.3,8562.3,8562.3,0.0
2013-06-06 00:00:00,8562.3,8562.3,8562.3,8562.3,0.0
2013-06-07 00:00:00,8562.3,8562.3,8562.3,8562.3,0.0
2013-06-08 00:00:00,8562.3,8562.3,8562.3,8562.3,0.0
2013-06-09 00:00:00,8562.3,8562.3,8562.3,8562.3,0.0
2013-06-10 00:00:00,8562.3,8562.3,8562.3,8562.3,0.0
2013-06-11 00:00:00,8562.3,8562.3,8562.3,8562.3,0.0
2013-06-12 00:00:00,8562.3,8562.3,8562.3,8562.3,0.0
2013-06-13 00:00:00,8562.3,8562.3,8562.3,8562.3,0.0
2013-06-14 00:00:00,8562.3,8562.3,8562.3,8562.3,0.0
2013-06-15 00:00:00,8562.3,8562.3,8562.3,8562.3,0.0
2013-06-16 00:00:00,8562.3,8562.3,8562.3,8562.3,0.0
2013-06-17 00:00:00,8562.3,8562.3,8562.3,8562.3,0.0
2013-06-18 00:00:00,8562.3,8562.3,8562.3,8562.3,0.0
2013-06-19 00:00:00,8562.3,8562.3,8562.3,8562.3,0.0
2013-06-20 00:00:00,8562.3,8562.3,8562.3,8562.3,0.0
2013-06-21 00:00:00,8562.3,8562.3,8562.3,8562.3,0.0
2013-06-22 00:00:00,8562.3,8562.3,8562.3,8562.3,0.0
2013-06-23 00:00:00,8562.3,8562.3,8562.3,8562.3,0.0
2013-06-24 00:00:00,8562.3,8562.3,8562.3,8562.3,0.0
2013-06-25 00:00:00,8562.3,8562.3,8562.3,8562.3,0.0
2013-06-26 00:00:00,8562.3,8562.3,8562.3,8562.3,0.0
2013-06-27 00:00:00,8562.3,8562.3,8562.3,8562.3,0.0
2013-06-28 00:00:00,8562.3,8562.3,8562.3,8562.3,0.0
2013-06-29 00:00:00,8562.3,8562.3,8562.3,8562.3,0.0
2013-06-30 00:00:00,8562.3,8562.3,8562.3,8562.3,0.0
2013-07-01 00:00:00,8562.3,8562.3,8562.3,8562.3,0.0
2013-07-02 00:00:00,8562.3,8562.3,8562.3,8562.3,0.0
2013-07-03 00:00:00,8562.3,8562.3,8562.3,8562.3,0.0
2013-07-04 00:00:00,8562.3,8562.3,8562.3,8562.3,0.0
2013-07-05 00:00:00,8562.3,8562.3,8562.3,8562.3,0.0
2013-07-06 00:00:00,8562.3,8562.3,8562.3,8562.3,0.0
2013-07-07 00:00:00,8562.3,8562.3,8562.3,8562.3,0.0
2013-07-08 00:00:00,8562.3,8562.3,8562.3,8562.3,0.0
2013-07-09 00:00:00,8562.3,8562.3,8562.3,8562.3,0.0
2013-07-10 00:00:00,8562.3,8562.3,8562.3,8562.3,0.0
2013-07-11 00:00:00,8562.3,8562.3,8562.3,8562.3,0.0
2013-07-12 00:00:00,8562.3,8562.3,8562.3,8562.3,0.0
2013-07-13 00:00:00,8562.3,8562.3,8562.3,8562.3,0.0
2013-07-14 00:00:00,8562.3,8562.3,8562.3,8562.3,0.0
2013-07-15 00:00:00,8562.3,8562.3,8562.3,8562.3,0.0
2013-07-16 00:00:00,8562.3,8562.3,8562.3,8562.3,0.0
2013-07-17 00:00:00,8562.3,8562.3,8562.3,8562.3,0.0
2013-07-18 00:00:00,8562.3,8562.3,8562.3,8562.3,0.0
2013-07-19 00:00:00,8562.3,8562.3,8562.3,8562.3,0.0
2013-07-20 00:00:00,8562.3,8562.3,8562.3,8562.3,0.0
2013-07-21 00:00:00,8562.3,8562.3,8562.3,8562.3,0.0
2013-07-22 00:00:00,8562.3,8562.3,8562.3,8562.3,0.0
2013-07-23 00:00:00,8562.3,8562.3,8562.3,8562.3,0.0
2013-07-24 00:00:00,8562.3,8562.3,8562.3,8562.3,0.0
2013-07-25 00:00:00,8562.3,8562.3,8562.3,8562.3,0.0
2013-07-26 00:00:00,8562.3,8562.3,8562.3,8562.3,0.0
2013-07-27 00:00:00,8562.3,8562.3,8562.3,8562.3,0.0
2013-07-28 00:00:00,8562.3,8562.3,8562.3,8562.3,0.0
2013-07-29 00:00:00,8562.3,8562.3,8562.3,8562.3,0.0
2013-07-30 00:00:00,8562.3,8562.3,8562.3,8562.3,0.0
2013-07-31 00:00:00,8562.3,8562.3,8562.3,8562.3,0.0
2013-08-01 00:00:00,8562.3,8562.3,8562.3,8562.3,0.0
2013-08-02 00:00:00,8562.3,8562.3,8562.3,8562.3,0.0
2013-08-03 00:00:00,8562.3,8562.3,8562.3,8562.3,0.0
2013-08-04 00:00:00,8562.3,8562.3,8562.3,8562.3,0.0
2013-08-05 00:00:00,8562.3,8562.3,8562.3,8562.3,0.0
2013-08-06 00:00:00,8562.3,8562.3,8562.3,8562.3,0.0
2013-08-07 00:00:00,8562.3,8562.3,8562.3,8562.3,0.0
2013-08-08 00:00:00,8562.3,8562.3,8562.3,8562.3,0.0
2013-08-09 00:00:00,8562.3,8562.3,8562.3,8562.3,0.0
2013-08-10 00:00:00,8562.3,8562.3,8562.3,8562.3,0.0
2013-08-11 00:00:00,8562.3,8562.3,8562.3,8562.3,0.0
2013-08-12 00:00:00,8562.3,8562.3,8562.3,8562.3,0.0
2013-08-13 00:00:00,8562.3,8562.3,8562.3,8562.3,0.0
2013-08-14 00:00:00,8562.3,8562.3,8562.3,8562.3,0.0
2013-08-15 00:00:00,8562.3,8562.3,8562.3,8562.3,0.0
2013-08-16 00:00:00,8562.3,8562.3,8562.3,8562.3,0.0
2013-08-17 00:00:00,8562.3,8562.3,8562.3,8562.3,0.0
2013-08-18 00:00:00,8562.3,8562.3,8562.3,8562.3,0.0
2013-08-19 00:00:00,8562.3,8562.3,8562.3,8562.3,0.0
2013-08-20 00:00:00,8562.3,8562.3,8562.3,8562.3,0.0
2013-08-21 00:00:00,8562.3,8562.3,8562.3,8562.3,0.0
2013-08-22 00:00:00,8562.3,8562.3,8562.3,8562.3,0.0
2013-08-23 00:00:00,8562.3,8562.3,8562.3,8562.3,0.0
2013-08-24 00:00:00,8562.3,8562.3,8562.3,8562.3,0.0
2013-08-25 00:00:00,8562.3,8562.3,8562.3,8562.3,0.0
2013-08-26 00:00:00,8562.3,8562.3,8562.3,8562.3,0.0
2013-08-27 00:00:00,8562.3,8562.3,8562.3,8562.3,0.0
2013-08-28 00:00:00,8562.3,8562.3,8562.3,8562.3,0.0
2013-08-29 00:00:00,8562.3,8562.3,8562.3,8562.3,0.0
2013-08-30 00:00:00,8562.3,8562.3,8562.3,8562.3,0.0
2013-08-31 00:00:00,8562.3,8562.3,8562.3,8562.3,0.0
2013-09-01 00:00:00,8562.3,8562.3,8562.3,8562.3,0.0
2013-09-02 00:00:00,8562.3,8562.3,8562.3,8562.3,0.0
2013-09-03 00:00:00,8562.3,8562.3,8562.3,8562.3,0.0
2013-09-04 00:00:00,8562.3,8562.3,8562.3,8562.3,0.0
2013-09-05 00:00:00,8562.3,8562.3,8562.3,8562.3,0.0
2013-09-06 00:00:00,8562.3,8562.3,8562.3,8562.3,0.0
2013-09-07 00:00:00,8562.3,8562.3,8562.3,8562.3,0.0
2013-09-08 00:00:00,8562.3,8562.3,8562.3,8562.3,0.0
2013-09-09 00:00:00,8562.3,8562.3,8562.3,8562.3,0.0
2013-09-10 00:00:00,8562.3,8562.3,8562.3,8562.3,0.0
2013-09-11 00:00:00,8562.3,8562.3,8562.3,8562.3,0.0
2013-09-12 00:00:00,8562.3,8562.3,8562.3,8562.3,0.0
2013-09-13 00:00:00,8562.3,8562.3,8562.3,8562.3,0.0
2013-09-14 00:00:00,8562.3,8562.3,8562.3,8562.3,0.0
2013-09-15 00:00:00,8562.3,8562.3,8562.3,8562.3,0.0
2013-09-16 00:00:00,8562.3,8562.3,8562.3,8562.3,0.0
2013-09-17 00:00:00,8562.3,8562.3,8562.3,8562.3,0.0
2013-09-18 00:00:00,8562.3,8562.3,8562.3,8562.3,0.0
2013-09-19 00:00:00,8562.3,8562.3,8562.3,8562.3,0.0
2013-09-20 00:00:00,8562.3,8562.3,8562.3,8562.3,0.0
2013-09-21 00:00:00,8562.3,8562.3,8562.3,8562.3,0.0
2013-09-22 00:00:00,8562.3,8562.3,8562.3,8562.3,0.0
2013-09-23 00:00:00,8562.3,8562.3,8562.3,8562.3,0.0
2013-09-24 00:00:00,8562.3,8562.3,8562.3,8562.3,0.0
2013-09-25 00:00:00,8562.3,8562.3,8562.3,8562.3,0.0
2013-09-26 00:00:00,8562.3,8562.3,8562.3,8562.3,0.0
2013-09-27 00:00:00,8562.3,8562.3,8562.3,8562.3,0.0
2013-09-28 00:00:00,8562.3,8562.3,8562.3,8562.3,0.0
2013-09-29 00:00:00,8562.3,8562.3,8562.3,8562.3,0.0
2013-09-30 00:00:00,8562.3,8596.5,8546.9,8585.7,2.6064000129699707
2013-10-01 00:00:00,8619.2,8691.2,8613.4,8686.2,4.263999938964844
2013-10-02 00:00:00,8652.0,8670.9,8585.3,8628.1,4.357999801635742
2013-10-03 00:00:00,8618.397,8643.358,8590.647,8596.267,3.805999994277954
2013-10-04 00:00:00,8584.318,8637.717,8573.137,8623.087,4.71999979019165
2013-10-05 00:00:00,8623.087,8623.087,8623.087,8623.087,0.0
2013-10-06 00:00:00,8623.087,8623.087,8623.087,8623.087,0.0
2013-10-07 00:00:00,8526.618,8604.358,8516.288,8592.108,4.565999984741211
2013-10-08 00:00:00,8591.527,8606.087,8553.637,8557.978,5.190000057220459
2013-10-09 00:00:00,8541.027,8588.698,8502.698,8513.608,5.026000022888184
2013-10-10 00:00:00,8592.068,8691.602,8587.947,8685.912,3.2799999713897705
2013-10-11 00:00:00,8708.622,8728.932,8697.133,8723.922,4.449999809265137
2013-10-12 00:00:00,8723.922,8723.922,8723.922,8723.922,0.0
2013-10-13 00:00:00,8723.922,8723.922,8723.922,8723.922,0.0
2013-10-14 00:00:00,8688.442,8723.683,8676.402,8702.802,3.9159998893737793
2013-10-15 00:00:00,8765.282,8795.853,8764.172,8795.853,1.8020000457763672
2013-10-16 00:00:00,8804.433,8807.483,8788.332,8790.833,0.3959999978542328
2013-10-17 00:00:00,8798.722,8812.502,8769.123,8811.972,19.746000289916992
2013-10-18 00:00:00,8849.892,8856.073,8804.803,8848.082,36.29199981689453
2013-10-19 00:00:00,8848.082,8848.082,8848.082,8848.082,0.0
2013-10-20 00:00:00,8848.082,8848.082,8848.082,8848.082,0.0
2013-10-21 00:00:00,8828.462,8876.133,8827.512,8867.213,11.855999946594238
2013-10-22 00:00:00,8867.212,8987.622,8850.613,8947.452,24.71116828918457
2013-10-23 00:00:00,8947.452,8947.452,8897.493,8919.853,32.305999755859375
2013-10-24 00:00:00,8919.852,8976.167,8919.852,8959.996,12.248000144958496
2013-10-25 00:00:00,8960.626,8989.413,8951.32,8985.194,16.347999572753906
2013-10-26 00:00:00,8985.194,8985.194,8985.194,8985.194,0.0
2013-10-27 00:00:00,8985.194,8985.194,8985.194,8985.194,0.0
2013-10-28 00:00:00,8984.498,8999.776,8951.297,8972.797,0.8372330069541931
2013-10-29 00:00:00,8972.798,9038.997,8961.998,9020.598,15.620885848999023
2013-10-30 00:00:00,9021.197,9070.297,8952.897,8962.498,8.961715698242188
2013-10-31 00:00:00,8961.898,9052.297,8952.097,9022.797,12.218544006347656
2013-11-01 00:00:00,9023.397,9046.298,8992.298,9007.806,10.531028747558594
2013-11-02 00:00:00,9007.806,9007.806,9007.806,9007.806,0.0
2013-11-03 00:00:00,9007.806,9007.806,9007.806,9007.806,0.0
2013-11-04 00:00:00,9022.797,9057.897,9007.812,9049.697,14.375249862670898
2013-11-05 00:00:00,9049.698,9054.498,8962.997,9002.198,5.825581073760986
2013-11-06 00:00:00,9002.798,9064.798,9002.797,9020.797,0.6766129732131958
2013-11-07 00:00:00,9020.198,9193.797,9001.497,9025.298,13.19603443145752
2013-11-08 00:00:00,9025.898,9097.698,8987.998,9078.256,8.65333080291748
2013-11-09 00:00:00,9078.256,9078.256,9078.256,9078.256,0.0
2013-11-10 00:00:00,9078.256,9078.256,9078.256,9078.256,0.0
2013-11-11 00:00:00,9082.998,9122.718,9063.797,9111.497,10.72465705871582
2013-11-12 00:00:00,9112.097,9124.897,9057.297,9071.698,13.245993614196777
2013-11-13 00:00:00,9071.697,9124.497,8980.297,9113.097,12.513898849487305
2013-11-14 00:00:00,9113.098,9153.297,9101.298,9132.498,13.420136451721191
2013-11-15 00:00:00,9131.897,9188.498,9130.097,9168.676,11.964911460876465
2013-11-16 00:00:00,9168.676,9168.676,9168.676,9168.676,0.0
2013-11-17 00:00:00,9168.676,9168.676,9168.676,9168.676,0.0
2013-11-18 00:00:00,9164.897,9254.798,9139.998,9190.898,11.715362548828125
2013-11-19 00:00:00,9190.897,9217.298,9161.298,9194.698,11.98571491241455
2013-11-20 00:00:00,9194.098,9235.298,9142.297,9160.197,12.952669143676758
2013-11-21 00:00:00,9160.198,9222.498,9114.998,9221.298,0.839139997959137
2013-11-22 00:00:00,9220.697,9228.297,9168.997,9219.019,11.921589851379395
2013-11-23 00:00:00,9219.019,9219.019,9219.019,9219.019,0.0
2013-11-24 00:00:00,9219.019,9219.019,9219.019,9219.019,0.0
2013-11-25 00:00:00,9259.097,9324.298,9230.87,9288.998,11.793453216552734
2013-11-26 00:00:00,9288.997,9316.46,9287.797,9299.598,9.434843063354492
2013-11-27 00:00:00,9299.597,9377.398,9290.044,9367.998,10.883498191833496
2013-11-28 00:00:00,9367.997,9399.998,9351.103,9384.098,9.658323287963867
2013-11-29 00:00:00,9384.097,9425.298,9378.528,9405.275,9.205021858215332
2013-11-30 00:00:00,9405.275,9405.275,9405.275,9405.275,0.0
2013-12-01 00:00:00,9405.275,9405.275,9405.275,9405.275,0.0
2013-12-02 00:00:00,9408.798,9424.998,9378.297,9382.698,11.556921005249023
2013-12-03 00:00:00,9382.097,9402.997,9200.797,9221.898,10.767906188964844
2013-12-04 00:00:00,9221.897,9259.797,9063.297,9137.297,0.8236809968948364
2013-12-05 00:00:00,9137.298,9171.498,9070.797,9073.197,4.072041034698486
2013-12-06 00:00:00,9073.198,9212.798,9073.197,9197.297,9.271116256713867
2013-12-07 00:00:00,9197.297,9197.297,9197.297,9197.297,0.0
2013-12-08 00:00:00,9197.297,9197.297,9197.297,9197.297,0.0
2013-12-09 00:00:00,9222.397,9224.998,9169.298,9184.897,10.020668029785156
2013-12-10 00:00:00,9184.898,9222.517,9089.797,9125.298,9.385231018066406
2013-12-11 00:00:00,9125.897,9153.498,9031.798,9039.597,11.8699312210083
2013-12-12 00:00:00,9039.598,9060.997,8981.798,8999.298,11.128134727478027
2013-12-13 00:00:00,8998.097,9046.297,8988.798,9027.898,2.652801990509033
2013-12-14 00:00:00,9027.898,9027.898,9027.898,9027.898,0.0
2013-12-15 00:00:00,9027.898,9027.898,9027.898,9027.898,0.0
2013-12-16 00:00:00,9032.297,9187.798,8961.498,9156.998,11.855890274047852
2013-12-17 00:00:00,9156.997,9164.598,9081.297,9098.697,10.902993202209473
2013-12-18 00:00:00,9098.698,9285.198,9085.094,9271.898,11.299838066101074
2013-12-19 00:00:00,9271.897,9351.664,9245.897,9341.698,11.477529525756836
2013-12-20 00:00:00,9341.697,9412.23,9335.713,9400.165,10.691902160644531
2013-12-21 00:00:00,9400.165,9400.165,9400.165,9400.165,0.0
2013-12-22 00:00:00,9400.165,9400.165,9400.165,9400.165,0.0
2013-12-23 00:00:00,9413.997,9498.998,9410.192,9488.804,6.641418933868408
2013-12-24 00:00:00,9488.797,9488.808,9488.793,9488.807,0.20200000703334808
2013-12-25 00:00:00,9488.799,9488.808,9488.793,9488.803,0.1979999989271164
2013-12-26 00:00:00,9488.805,9488.808,9488.793,9488.801,0.1979999989271164
2013-12-27 00:00:00,9488.793,9591.798,9488.698,9575.498,10.392837524414062
2013-12-28 00:00:00,9575.498,9575.498,9575.498,9575.498,0.0
2013-12-29 00:00:00,9575.498,9575.498,9575.498,9575.498,0.0
2013-12-30 00:00:00,9576.497,9601.497,9552.133,9552.147,6.7227301597595215
2013-12-31 00:00:00,9552.138,9552.148,9552.133,9552.146,0.1979999989271164
2014-01-01 00:00:00,9552.136,9552.148,9552.133,9552.14,0.1979999989271164
2014-01-02 00:00:00,9552.14,9627.298,9371.997,9403.397,8.628708839416504
2014-01-03 00:00:00,9403.398,9452.52,9353.897,9435.137,10.152582168579102
2014-01-04 00:00:00,9435.137,9435.137,9435.137,9435.137,0.0
2014-01-05 00:00:00,9435.137,9435.137,9435.137,9435.137,0.0
2014-01-06 00:00:00,9431.897,9469.998,9397.797,9436.698,9.708148002624512
2014-01-07 00:00:00,9437.297,9518.608,9415.798,9489.998,11.127420425415039
2014-01-08 00:00:00,9494.0,9524.497,9467.298,9480.398,9.879447937011719
2014-01-09 00:00:00,9480.397,9549.798,9403.498,9452.797,10.055127143859863
2014-01-10 00:00:00,9452.198,9531.798,9441.998,9473.226,8.969642639160156
2014-01-11 00:00:00,9473.226,9473.226,9473.226,9473.226,0.0
2014-01-12 00:00:00,9473.226,9473.226,9473.226,9473.226,0.0
2014-01-13 00:00:00,9507.997,9518.998,9426.297,9453.198,13.1962251663208
2014-01-14 00:00:00,9453.197,9573.498,9381.997,9567.597,13.20646858215332
2014-01-15 00:00:00,9567.598,9774.497,9552.453,9754.998,11.996329307556152
2014-01-16 00:00:00,9754.997,9761.798,9702.943,9717.198,4.343172073364258
2014-01-17 00:00:00,9717.197,9791.297,9695.998,9719.697,11.22562026977539
2014-01-18 00:00:00,9719.697,9719.697,9719.697,9719.697,0.0
2014-01-19 00:00:00,9719.697,9719.697,9719.697,9719.697,0.0
2014-01-20 00:00:00,9718.097,9733.1,9671.797,9717.297,12.43733024597168
2014-01-21 00:00:00,9717.298,9794.298,9712.797,9738.798,12.515406608581543
2014-01-22 00:00:00,9738.797,9771.198,9675.998,9748.697,11.685940742492676
2014-01-23 00:00:00,9748.698,9748.698,9595.297,9642.998,10.796966552734375
2014-01-24 00:00:00,9641.797,9666.297,9319.697,9392.001,10.260597229003906
2014-01-25 00:00:00,9392.001,9392.001,9392.001,9392.001,0.0
2014-01-26 00:00:00,9392.001,9392.001,9392.001,9392.001,0.0
2014-01-27 00:00:00,9392.005,9402.583,9310.965,9349.205,27.54599952697754
2014-01-28 00:00:00,9349.204,9427.532,9345.746,9406.893,267.94000244140625
2014-01-29 00:00:00,9406.887,9537.583,9221.276,9336.704,276.2799987792969
2014-01-30 00:00:00,9336.716,9415.454,9266.937,9373.463,258.0799865722656
2014-01-31 00:00:00,9373.465,9373.467,9166.025,9306.457,272.0199890136719
2014-02-01 00:00:00,9306.457,9306.457,9306.457,9306.457,0.0
2014-02-02 00:00:00,9306.457,9306.457,9306.457,9306.457,0.0
2014-02-03 00:00:00,9306.459,9357.533,9173.547,9186.505,251.1199951171875
2014-02-04 00:00:00,9186.499,9186.506,9071.566,9127.893,261.1400146484375
2014-02-05 00:00:00,9127.895,9154.702,9080.856,9116.294,254.32000732421875
2014-02-06 00:00:00,9116.302,9207.034,9116.293,9207.034,53.400001525878906
2014-02-07 00:00:00,9275.944,9349.498,9223.305,9346.397,191.1757354736328
2014-02-08 00:00:00,9346.397,9346.397,9346.397,9346.397,0.0
2014-02-09 00:00:00,9346.397,9346.397,9346.397,9346.397,0.0
2014-02-10 00:00:00,9338.098,9347.297,9279.297,9298.398,99.43566131591797
2014-02-11 00:00:00,9298.397,9516.297,9289.833,9485.597,94.01892852783203
2014-02-12 00:00:00,9485.898,9596.297,9478.744,9545.298,98.68663024902344
2014-02-13 00:00:00,9544.997,9639.798,9478.497,9626.897,132.5732421875
2014-02-14 00:00:00,9627.498,9677.498,9584.698,9662.252,147.58912658691406
2014-02-15 00:00:00,9662.252,9662.252,9662.252,9662.252,0.0
2014-02-16 00:00:00,9662.252,9662.252,9662.252,9662.252,0.0
2014-02-17 00:00:00,9652.997,9681.798,9642.197,9658.797,137.8613739013672
2014-02-18 00:00:00,9658.798,9691.798,9611.998,9630.197,0.522819995880127
2014-02-19 00:00:00,9630.198,9696.297,9576.997,9587.098,0.36214199662208557
2014-02-20 00:00:00,9587.697,9624.298,9500.798,9610.097,1.1178220510482788
2014-02-21 00:00:00,9610.098,9667.997,9596.998,9620.997,0.5378149747848511
2014-02-22 00:00:00,9620.997,9620.997,9620.997,9620.997,0.0
2014-02-23 00:00:00,9620.997,9620.997,9620.997,9620.997,0.0
2014-02-24 00:00:00,9623.698,9734.298,9597.198,9696.197,0.5306789875030518
2014-02-25 00:00:00,9696.198,9711.497,9627.297,9684.797,0.291128009557724
2014-02-26 00:00:00,9684.798,9720.298,9609.498,9638.998,40.593589782714844
2014-02-27 00:00:00,9638.997,9671.998,9496.497,9602.997,145.73126220703125
2014-02-28 00:00:00,9602.998,9695.797,9564.798,9649.297,96.98810577392578
2014-03-01 00:00:00,9649.297,9649.297,9649.297,9649.297,0.0
2014-03-02 00:00:00,9649.297,9649.297,9649.297,9649.297,0.0
2014-03-03 00:00:00,9551.798,9572.398,9320.797,9349.797,153.09796142578125
2014-03-04 00:00:00,9349.498,9590.297,9349.397,9551.897,131.10455322265625
2014-03-05 00:00:00,9552.197,9599.997,9523.497,9549.998,94.29513549804688
2014-03-06 00:00:00,9549.698,9588.298,9503.497,9530.398,48.13995361328125
2014-03-07 00:00:00,9530.397,9554.498,9344.797,9394.597,124.66819763183594
2014-03-08 00:00:00,9394.597,9394.597,9394.597,9394.597,0.0
2014-03-09 00:00:00,9394.597,9394.597,9394.597,9394.597,0.0
2014-03-10 00:00:00,9362.298,9382.598,9213.998,9290.297,106.22891235351562
2014-03-11 00:00:00,9290.898,9376.298,9255.997,9278.997,125.19059753417969
2014-03-12 00:00:00,9278.998,9283.798,9140.998,9216.098,145.14947509765625
2014-03-13 00:00:00,9215.797,9240.797,8927.997,8954.898,115.49577331542969
2014-03-14 00:00:00,8954.897,9094.798,8913.998,9042.998,144.85093688964844
2014-03-15 00:00:00,9042.998,9042.998,9042.998,9042.998,0.0
2014-03-16 00:00:00,9042.998,9042.998,9042.998,9042.998,0.0
2014-03-17 00:00:00,9056.392,9198.498,9019.197,9186.897,100.65896606445312
2014-03-18 00:00:00,9186.898,9317.298,9104.297,9254.597,84.30400848388672
2014-03-19 00:00:00,9254.297,9328.498,9172.297,9236.498,87.31663513183594
2014-03-20 00:00:00,9236.497,9303.298,9155.998,9281.197,113.13851928710938
2014-03-21 00:00:00,9281.198,9378.298,9268.998,9288.797,106.46076965332031
2014-03-22 00:00:00,9288.797,9288.797,9288.797,9288.797,0.0
2014-03-23 00:00:00,9288.797,9288.797,9288.797,9288.797,0.0
2014-03-24 00:00:00,9284.197,9361.497,9177.497,9217.398,106.70248413085938
2014-03-25 00:00:00,9217.397,9383.297,9202.597,9379.898,106.82657623291016
2014-03-26 00:00:00,9379.598,9488.798,9358.497,9403.897,142.88067626953125
2014-03-27 00:00:00,9404.198,9470.498,9388.597,9445.797,12.683114051818848
2014-03-28 00:00:00,9445.798,9590.997,9440.397,9573.298,71.15142822265625
2014-03-29 00:00:00,9573.298,9573.298,9573.298,9573.298,0.0
2014-03-30 00:00:00,9573.298,9573.298,9573.298,9573.298,0.0
2014-03-31 00:00:00,9626.097,9635.397,9542.998,9565.497,0.9300209879875183
2014-04-01 00:00:00,9565.498,9630.997,9557.697,9614.298,114.05947875976562
2014-04-02 00:00:00,9614.297,9646.497,9606.497,9626.298,35.92427444458008
2014-04-03 00:00:00,9625.697,9690.298,9590.497,9639.897,0.3316200077533722
2014-04-04 00:00:00,9639.898,9721.478,9612.797,9619.698,19.520551681518555
2014-04-05 00:00:00,9619.698,9619.698,9619.698,9619.698,0.0
2014-04-06 00:00:00,9619.698,9619.698,9619.698,9619.698,0.0
2014-04-07 00:00:00,9622.297,9626.898,9450.497,9499.898,177.10653686523438
2014-04-08 00:00:00,9499.897,9526.798,9391.297,9480.698,116.91879272460938
2014-04-09 00:00:00,9480.998,9552.797,9472.797,9547.997,123.34854125976562
2014-04-10 00:00:00,9547.998,9580.513,9332.497,9345.098,69.26239013671875
2014-04-11 00:00:00,9345.097,9389.0,9256.398,9271.998,35.27138137817383
2014-04-12 00:00:00,9271.998,9271.998,9271.998,9271.998,0.0
2014-04-13 00:00:00,9271.998,9271.998,9271.998,9271.998,0.0
2014-04-14 00:00:00,9222.297,9345.498,9194.298,9338.297,69.8840103149414
2014-04-15 00:00:00,9337.997,9351.598,9085.498,9215.097,0.9482259750366211
2014-04-16 00:00:00,9215.098,9353.997,9213.297,9310.097,0.9600030183792114
2014-04-17 00:00:00,9310.098,9466.997,9276.497,9446.497,0.28631600737571716
2014-04-18 00:00:00,9446.497,9446.497,9446.497,9446.497,0.0
2014-04-19 00:00:00,9446.497,9446.497,9446.497,9446.497,0.0
2014-04-20 00:00:00,9446.497,9446.497,9446.497,9446.497,0.0
2014-04-21 00:00:00,9468.197,9481.097,9443.897,9471.097,0.7749829888343811
2014-04-22 00:00:00,9470.797,9623.098,9409.689,9617.397,38.85454177856445
2014-04-23 00:00:00,9617.398,9623.098,9538.797,9587.997,135.31809997558594
2014-04-24 00:00:00,9587.998,9646.298,9406.797,9509.897,0.5715569853782654
2014-04-25 00:00:00,9510.797,9517.798,9365.297,9416.898,0.28936800360679626
2014-04-26 00:00:00,9416.898,9416.898,9416.898,9416.898,0.0
2014-04-27 00:00:00,9416.898,9416.898,9416.898,9416.898,0.0
2014-04-28 00:00:00,9418.697,9496.997,9371.797,9472.297,0.6577739715576172
2014-04-29 00:00:00,9472.298,9610.998,9469.297,9570.998,0.342276006937027
2014-04-30 00:00:00,9570.997,9625.798,9555.798,9623.497,0.427156001329422
2014-05-01 00:00:00,9623.498,9632.498,9583.498,9618.697,0.6602259874343872
2014-05-02 00:00:00,9618.698,9627.098,9527.497,9550.297,0.43523699045181274
2014-05-03 00:00:00,9550.297,9550.297,9550.297,9550.297,0.0
2014-05-04 00:00:00,9550.297,9550.297,9550.297,9550.297,0.0
2014-05-05 00:00:00,9549.397,9558.997,9402.998,9533.498,0.34985798597335815
2014-05-06 00:00:00,9533.198,9581.497,9433.498,9447.897,60.43395233154297
2014-05-07 00:00:00,9447.898,9554.798,9390.797,9539.997,103.18965148925781
2014-05-08 00:00:00,9539.998,9622.085,9484.997,9556.898,127.53680419921875
2014-05-09 00:00:00,9556.897,9617.297,9552.698,9591.698,157.89794921875
2014-05-10 00:00:00,9591.698,9591.698,9591.698,9591.698,0.0
2014-05-11 00:00:00,9591.698,9591.698,9591.698,9591.698,0.0
2014-05-12 00:00:00,9605.198,9744.498,9585.497,9743.297,46.59496307373047
2014-05-13 00:00:00,9743.298,9785.298,9732.297,9757.798,0.7231360077857971
2014-05-14 00:00:00,9757.797,9776.297,9719.497,9728.697,229.6261749267578
2014-05-15 00:00:00,9728.998,9811.297,9627.497,9666.298,233.04054260253906
2014-05-16 00:00:00,9665.698,9679.997,9572.997,9636.297,125.57688903808594
2014-05-17 00:00:00,9636.297,9636.297,9636.297,9636.297,0.0
2014-05-18 00:00:00,9642.897,9647.797,9637.897,9637.897,0.024935999885201454
2014-05-19 00:00:00,9637.898,9678.497,9531.497,9652.998,239.98617553710938
2014-05-20 00:00:00,9652.697,9686.798,9588.797,9603.398,243.9651336669922
2014-05-21 00:00:00,9603.097,9710.497,9581.297,9693.897,226.44898986816406
2014-05-22 00:00:00,9693.597,9738.798,9688.198,9718.697,6.036314964294434
2014-05-23 00:00:00,9718.698,9778.997,9703.297,9766.598,0.24100400507450104
2014-05-24 00:00:00,9766.598,9766.598,9766.598,9766.598,0.0
2014-05-25 00:00:00,9771.698,9787.898,9771.697,9779.497,0.06584999710321426
2014-05-26 00:00:00,9779.498,9895.798,9773.197,9876.198,0.44888100028038025
2014-05-27 00:00:00,9877.098,9950.798,9871.497,9942.498,0.4598209857940674
2014-05-28 00:00:00,9942.197,9969.298,9896.498,9922.097,0.521664023399353
2014-05-29 00:00:00,9921.498,9959.298,9916.997,9947.398,83.81792449951172
2014-05-30 00:00:00,9947.397,9969.606,9921.297,9943.898,71.962646484375
2014-05-31 00:00:00,9943.898,9943.898,9943.898,9943.898,0.0
2014-06-01 00:00:00,9943.898,9955.297,9943.898,9949.298,0.1043509989976883
2014-06-02 00:00:00,9949.297,9988.798,9904.498,9949.798,0.25154200196266174
2014-06-03 00:00:00,9949.197,9957.498,9884.797,9913.197,28.630393981933594
2014-06-04 00:00:00,9913.198,9939.798,9865.498,9927.297,0.48293301463127136
2014-06-05 00:00:00,9927.298,10013.498,9893.997,9967.197,13.492514610290527
2014-06-06 00:00:00,9966.598,10014.198,9940.797,10012.397,98.7422103881836
2014-06-07 00:00:00,10012.397,10012.397,10012.397,10012.397,0.0
2014-06-08 00:00:00,10012.398,10015.997,10005.897,10006.797,0.10409600287675858
2014-06-09 00:00:00,10006.498,10020.798,9982.998,10005.298,7.245912075042725
2014-06-10 00:00:00,10005.297,10033.497,9985.798,10016.498,4.370491027832031
2014-06-11 00:00:00,10016.497,10022.998,9918.798,9938.697,0.5537949800491333
2014-06-12 00:00:00,9938.698,9971.298,9891.998,9897.398,0.7002109885215759
2014-06-13 00:00:00,9897.998,9945.497,9827.297,9903.697,0.5039839744567871
2014-06-14 00:00:00,9903.697,9903.697,9903.697,9903.697,0.0
2014-06-15 00:00:00,9904.098,9905.298,9875.097,9882.297,0.06385999917984009
2014-06-16 00:00:00,9882.598,9925.497,9859.997,9899.397,0.3832220137119293
2014-06-17 00:00:00,9900.298,9983.998,9858.497,9928.098,8.307917594909668
2014-06-18 00:00:00,9927.798,10001.498,9920.797,9980.698,85.50165557861328
2014-06-19 00:00:00,9980.697,10022.645,9980.397,9997.798,158.7389678955078
2014-06-20 00:00:00,9997.797,10048.997,9975.498,9980.197,93.5237808227539
2014-06-21 00:00:00,9980.197,9980.197,9980.197,9980.197,0.0
2014-06-22 00:00:00,9976.598,9984.798,9976.598,9983.597,0.023601999506354332
2014-06-23 00:00:00,9983.898,10012.997,9882.797,9923.098,33.73734664916992
2014-06-24 00:00:00,9922.198,9950.497,9888.797,9895.097,0.41478800773620605
2014-06-25 00:00:00,9895.098,9914.798,9834.497,9881.197,0.45855700969696045
2014-06-26 00:00:00,9881.198,9905.497,9749.497,9827.498,42.84524917602539
2014-06-27 00:00:00,9827.497,9848.398,9791.874,9829.897,186.59902954101562
2014-06-28 00:00:00,9829.897,9829.897,9829.897,9829.897,0.0
2014-06-29 00:00:00,9835.897,9847.597,9835.597,9841.597,0.06350500136613846
2014-06-30 00:00:00,9842.198,9891.097,9799.697,9836.197,4.582383155822754
2014-07-01 00:00:00,9836.198,9927.598,9831.797,9907.097,35.257625579833984
2014-07-02 00:00:00,9907.098,9936.298,9889.297,9907.998,16.649110794067383
2014-07-03 00:00:00,9907.997,10037.298,9903.297,10021.998,197.64810180664062
2014-07-04 00:00:00,10021.997,10034.797,10006.997,10010.997,209.92982482910156
2014-07-05 00:00:00,10010.997,10010.997,10010.997,10010.997,0.0
2014-07-06 00:00:00,10012.198,10018.098,10012.198,10017.798,0.042351000010967255
2014-07-07 00:00:00,10017.497,10018.998,9897.298,9916.598,5.8068718910217285
2014-07-08 00:00:00,9916.597,9926.798,9748.498,9786.498,30.387041091918945
2014-07-09 00:00:00,9786.797,9829.798,9752.767,9819.198,184.94552612304688
2014-07-10 00:00:00,9819.197,9823.998,9615.797,9679.698,78.45406341552734
2014-07-11 00:00:00,9679.398,9707.58,9623.905,9673.898,196.06173706054688
2014-07-12 00:00:00,9673.898,9673.898,9673.898,9673.898,0.0
2014-07-13 00:00:00,9672.997,9695.797,9672.997,9687.997,0.2451159954071045
2014-07-14 00:00:00,9687.698,9796.298,9686.798,9766.798,55.645164489746094
2014-07-15 00:00:00,9766.797,9789.498,9688.997,9738.798,11.411908149719238
2014-07-16 00:00:00,9738.797,9873.997,9731.297,9850.097,3.5905189514160156
2014-07-17 00:00:00,9850.098,9853.998,9645.797,9676.397,113.58367919921875
2014-07-18 00:00:00,9676.098,9747.298,9655.798,9735.798,52.82990646362305
2014-07-19 00:00:00,9735.798,9735.798,9735.798,9735.798,0.0
2014-07-20 00:00:00,9727.797,9728.698,9721.297,9727.297,0.04472799971699715
2014-07-21 00:00:00,9727.298,9728.998,9595.997,9626.797,6.5659332275390625
2014-07-22 00:00:00,9627.698,9740.298,9624.997,9702.197,30.3697566986084
2014-07-23 00:00:00,9701.898,9802.298,9693.998,9749.697,0.6621320247650146
2014-07-24 00:00:00,9749.997,9811.297,9675.998,9766.197,20.410371780395508
2014-07-25 00:00:00,9765.898,9793.298,9619.998,9648.398,6.93017578125
2014-07-26 00:00:00,9648.398,9648.398,9648.398,9648.398,0.0
2014-07-27 00:00:00,9647.798,9651.097,9624.097,9630.697,0.005741999950259924
2014-07-28 00:00:00,9631.297,9672.998,9525.798,9615.498,30.31338882446289
2014-07-29 00:00:00,9615.497,9692.497,9572.297,9625.797,0.6798819899559021
2014-07-30 00:00:00,9625.798,9704.997,9571.497,9597.098,164.7902069091797
2014-07-31 00:00:00,9596.798,9602.498,9429.498,9439.997,30.757614135742188
2014-08-01 00:00:00,9267.497,9303.997,9149.797,9177.398,0.09116099774837494
2014-08-02 00:00:00,9177.398,9177.398,9177.398,9177.398,0.0
2014-08-03 00:00:00,9184.297,9199.698,9184.297,9193.398,0.01693500019609928
2014-08-04 00:00:00,9193.397,9259.297,9128.497,9200.197,0.26604199409484863
2014-08-05 00:00:00,9200.797,9235.997,9080.497,9099.698,0.24064399302005768
2014-08-06 00:00:00,9099.697,9165.798,9028.997,9110.098,0.22442099452018738
2014-08-07 00:00:00,9111.297,9165.298,8973.997,9001.398,0.26188600063323975
2014-08-08 00:00:00,9003.197,9098.998,8902.497,9083.397,0.29575300216674805
2014-08-09 00:00:00,9083.397,9083.397,9083.397,9083.397,0.0
2014-08-10 00:00:00,9083.397,9083.397,9083.397,9083.397,0.0
2014-08-11 00:00:00,9100.497,9198.797,9086.198,9161.097,0.15534000098705292
2014-08-12 00:00:00,9161.098,9179.797,9047.598,9086.997,0.20255999267101288
2014-08-13 00:00:00,9086.998,9214.498,9080.998,9190.998,0.19883699715137482
2014-08-14 00:00:00,9190.698,9265.798,9141.298,9243.298,0.20914800465106964
2014-08-15 00:00:00,9243.598,9325.497,9043.198,9132.898,0.1927739977836609
2014-08-16 00:00:00,9132.898,9132.898,9132.898,9132.898,0.0
2014-08-17 00:00:00,9132.898,9132.898,9132.898,9132.898,0.0
2014-08-18 00:00:00,9233.998,9277.2,9194.5,9273.9,0.12391100078821182
2014-08-19 00:00:00,9274.2,9352.0,9269.5,9328.6,0.1921990066766739
2014-08-20 00:00:00,9329.2,9340.8,9246.5,9332.5,0.15529200434684753
2014-08-21 00:00:00,9331.9,9407.0,9277.3,9385.0,0.16884000599384308
2014-08-22 00:00:00,9385.3,9413.5,9289.5,9350.8,1.5450379848480225
2014-08-23 00:00:00,9350.8,9350.8,9350.8,9350.8,0.0
2014-08-24 00:00:00,9350.8,9350.8,9350.8,9350.8,0.0
2014-08-25 00:00:00,9406.5,9515.185,9406.5,9479.5,3.5860350131988525
2014-08-26 00:00:00,9480.1,9593.3,9443.166,9570.8,2.0146749019622803
2014-08-27 00:00:00,9570.5,9600.8,9546.323,9552.4,0.9914810061454773
2014-08-28 00:00:00,9553.0,9566.3,9415.349,9476.6,8.008708953857422
2014-08-29 00:00:00,9476.3,9517.569,9369.1,9457.6,18.21887969970703
2014-08-30 00:00:00,9457.6,9457.6,9457.6,9457.6,0.0
2014-08-31 00:00:00,9457.6,9457.6,9457.6,9457.6,0.0
2014-09-01 00:00:00,9480.0,9509.0,9424.0,9468.1,9.610008239746094
2014-09-02 00:00:00,9468.4,9579.2,9465.1,9493.6,13.586323738098145
2014-09-03 00:00:00,9493.3,9684.0,9490.6,9606.7,13.386916160583496
2014-09-04 00:00:00,9607.0,9736.85,9538.311,9723.288,27.411197662353516
2014-09-05 00:00:00,9711.335,9789.796,9689.99,9785.0,31.264366149902344
2014-09-06 00:00:00,9785.0,9785.0,9785.0,9785.0,0.0
2014-09-07 00:00:00,9785.0,9785.0,9785.0,9785.0,0.0
2014-09-08 00:00:00,9779.963,9781.028,9712.941,9730.052,20.519071578979492
2014-09-09 00:00:00,9729.728,9769.801,9675.0,9679.2,17.110694885253906
2014-09-10 00:00:00,9679.8,9745.8,9635.8,9722.4,18.738000869750977
2014-09-11 00:00:00,9721.5,9737.0,9628.2,9690.6,19.837499618530273
2014-09-12 00:00:00,9690.0,9720.0,9617.0,9638.9,17.19300079345703
2014-09-13 00:00:00,9638.9,9638.9,9638.9,9638.9,0.0
2014-09-14 00:00:00,9638.9,9638.9,9638.9,9638.9,0.0
2014-09-15 00:00:00,9593.0,9684.8,9592.8,9666.0,16.225500106811523
2014-09-16 00:00:00,9665.7,9678.482,9587.283,9674.684,17.27924919128418
2014-09-17 00:00:00,9674.972,9717.473,9648.771,9680.166,22.15111541748047
2014-09-18 00:00:00,9680.488,9840.17,9677.16,9829.478,17.914627075195312
2014-09-19 00:00:00,9830.062,9891.274,9776.992,9790.169,18.341157913208008
2014-09-20 00:00:00,9790.169,9790.169,9790.169,9790.169,0.0
2014-09-21 00:00:00,9790.467,9793.096,9778.455,9792.459,0.3622500002384186
2014-09-22 00:00:00,9791.875,9812.139,9711.172,9719.389,60.488365173339844
2014-09-23 00:00:00,9719.68,9745.284,9547.972,9568.394,68.27904510498047
2014-09-24 00:00:00,9568.668,9682.989,9533.996,9681.974,8.56661319732666
2014-09-25 00:00:00,9671.977,9718.989,9467.958,9494.66,9.032326698303223
2014-09-26 00:00:00,9494.96,9546.994,9454.958,9535.18,13.75774097442627
2014-09-27 00:00:00,9535.18,9535.18,9535.18,9535.18,0.0
2014-09-28 00:00:00,9535.18,9535.18,9535.18,9535.18,0.0
2014-09-29 00:00:00,9509.0,9509.0,9366.0,9422.6,32.13319778442383
2014-09-30 00:00:00,9422.0,9494.15,9401.0,9435.0,52.579994201660156
2014-10-01 00:00:00,9435.3,9520.0,9325.0,9351.7,60.07960510253906
2014-10-02 00:00:00,9351.4,9412.0,9163.0,9227.6,26.533893585205078
2014-10-03 00:00:00,9227.9,9301.6,9225.9,9279.5,7.408199787139893
2014-10-04 00:00:00,9279.5,9279.5,9279.5,9279.5,0.0
2014-10-05 00:00:00,9279.5,9279.5,9279.5,9279.5,0.0
2014-10-06 00:00:00,9331.0,9347.0,9143.3,9164.6,3.3550870418548584
2014-10-07 00:00:00,9164.9,9179.0,8991.4,9018.1,1.8929020166397095
2014-10-08 00:00:00,9017.8,9125.0,8960.0,9100.9,1.9759550094604492
2014-10-09 00:00:00,9100.6,9142.0,8881.2,8894.4,2.795285940170288
2014-10-10 00:00:00,8894.7,8960.3,8740.9,8740.9,2.623595952987671
2014-10-11 00:00:00,8740.9,8740.9,8740.9,8740.9,0.0
2014-10-12 00:00:00,8723.5,8733.0,8688.1,8713.0,0.0719280019402504
2014-10-13 00:00:00,8712.4,8873.0,8681.0,8735.5,2.360313892364502
2014-10-14 00:00:00,8734.9,8857.0,8700.8,8845.8,2.8077099323272705
2014-10-15 00:00:00,8845.5,8855.0,8476.0,8578.8,1.98158597946167
2014-10-16 00:00:00,8578.2,8663.0,8350.3,8587.3,2.8758509159088135
2014-10-17 00:00:00,8587.6,8856.3,8561.1,8817.3,2.617810010910034
2014-10-18 00:00:00,8817.3,8817.3,8817.3,8817.3,0.0
2014-10-19 00:00:00,8817.3,8817.3,8817.3,8817.3,0.0
2014-10-20 00:00:00,8864.0,8883.0,8680.8,8753.6,2.142857074737549
2014-10-21 00:00:00,8753.9,8956.4,8641.0,8937.6,2.1482510566711426
2014-10-22 00:00:00,8937.0,8975.7,8839.0,8867.7,2.0105879306793213
2014-10-23 00:00:00,8867.4,9072.75,8817.0,9038.4,1.7915979623794556
2014-10-24 00:00:00,9038.1,9043.5,8953.0,9018.6,1.5632280111312866
2014-10-25 00:00:00,9018.6,9018.6,9018.6,9018.6,0.0
2014-10-26 00:00:00,9018.6,9018.6,9018.6,9018.6,0.0
2014-10-27 00:00:00,9027.3,9095.3,8835.0,8925.7,1.8227709531784058
2014-10-28 00:00:00,8925.4,9118.3,8920.6,9092.8,1.4256839752197266
2014-10-29 00:00:00,9092.5,9159.5,9028.0,9074.6,1.7383660078048706
2014-10-30 00:00:00,9074.0,9159.5,8898.3,9144.2,2.4581260681152344
2014-10-31 00:00:00,9144.5,9342.0,9134.3,9323.8,3.200843095779419
2014-11-01 00:00:00,9323.8,9323.8,9323.8,9323.8,0.0
2014-11-02 00:00:00,9323.8,9335.1,9321.3,9329.4,0.011655000038444996
2014-11-03 00:00:00,9329.7,9344.0,9234.3,9255.8,1.6503980159759521
2014-11-04 00:00:00,9255.5,9318.0,9148.42,9204.3,2.58827805519104
2014-11-05 00:00:00,9205.2,9331.0,9202.8,9296.3,2.1660139560699463
2014-11-06 00:00:00,9297.2,9466.0,9263.6,9403.9,1.9103440046310425
2014-11-07 00:00:00,9404.5,9443.8,9238.0,9272.5,2.6413071155548096
2014-11-08 00:00:00,9272.5,9272.5,9272.5,9272.5,0.0
2014-11-09 00:00:00,9272.5,9272.5,9272.5,9272.5,0.0
2014-11-10 00:00:00,9294.8,9352.0,9221.0,9337.7,2.659527063369751
2014-11-11 00:00:00,9337.4,9399.0,9322.0,9360.4,0.9133009910583496
2014-11-12 00:00:00,9360.7,9361.9,9188.0,9233.1,2.0228700637817383
2014-11-13 00:00:00,9233.4,9310.3,9168.0,9242.4,0.7980570197105408
2014-11-14 00:00:00,9242.1,9289.0,9183.0,9235.4,0.9206069707870483
2014-11-15 00:00:00,9235.4,9235.4,9235.4,9235.4,0.0
2014-11-16 00:00:00,9235.4,9235.4,9235.4,9235.4,0.0
2014-11-17 00:00:00,9178.3,9333.3,9126.0,9311.4,1.2047380208969116
2014-11-18 00:00:00,9311.1,9490.0,9308.4,9470.3,1.3018009662628174
2014-11-19 00:00:00,9470.9,9524.0,9437.3,9482.2,1.0444159507751465
2014-11-20 00:00:00,9482.5,9489.8,9381.0,9481.7,1.0326319932937622
2014-11-21 00:00:00,9481.4,9735.3,9477.8,9714.8,1.1814570426940918
2014-11-22 00:00:00,9714.8,9714.8,9714.8,9714.8,0.0
2014-11-23 00:00:00,9714.8,9727.6,9714.5,9720.1,0.01028599962592125
2014-11-24 00:00:00,9720.4,9832.0,9704.5,9814.4,1.3191959857940674
2014-11-25 00:00:00,9814.1,9923.0,9786.0,9869.8,1.5147830247879028
2014-11-26 00:00:00,9870.1,9957.4,9867.0,9943.2,1.4632840156555176
2014-11-27 00:00:00,9943.5,9993.0,9920.0,9959.0,0.7364910244941711
2014-11-28 00:00:00,9959.3,9995.3,9901.3,9942.8,1.1010149717330933
2014-11-29 00:00:00,9942.8,9942.8,9942.8,9942.8,0.0
2014-11-30 00:00:00,9942.8,9942.8,9942.8,9942.8,0.0
2014-12-01 00:00:00,9922.3,9980.0,9893.0,9949.0,2.7470641136169434
2014-12-02 00:00:00,9949.6,10038.0,9907.0,9968.7,1.9762929677963257
2014-12-03 00:00:00,9968.4,9994.0,9928.0,9987.7,1.1192430257797241
2014-12-04 00:00:00,9988.0,10090.5,9832.0,9902.1,1.5002009868621826
2014-12-05 00:00:00,9901.8,10095.3,9895.6,10081.2,1.217758059501648
2014-12-06 00:00:00,10081.2,10081.2,10081.2,10081.2,0.0
2014-12-07 00:00:00,10081.2,10081.2,10081.2,10081.2,0.0
2014-12-08 00:00:00,10078.0,10090.0,9949.5,9988.8,1.6559890508651733
2014-12-09 00:00:00,9989.1,9993.0,9786.0,9870.0,1.9014320373535156
2014-12-10 00:00:00,9870.3,9909.5,9732.0,9743.0,1.6499550342559814
2014-12-11 00:00:00,9744.5,9906.5,9733.1,9776.8,1.7934859991073608
2014-12-12 00:00:00,9775.9,9797.0,9516.7,9520.0,1.792672038078308
2014-12-13 00:00:00,9520.0,9520.0,9520.0,9520.0,0.0
2014-12-14 00:00:00,9529.9,9537.7,9513.1,9517.9,0.024568000808358192
2014-12-15 00:00:00,9518.2,9680.0,9299.0,9354.9,3.1203060150146484
2014-12-16 00:00:00,9355.2,9576.0,9217.0,9433.1,3.5322420597076416
2014-12-17 00:00:00,9434.0,9671.0,9418.7,9646.6,4.059576988220215
2014-12-18 00:00:00,9646.9,9873.5,9635.2,9865.1,2.3312671184539795
2014-12-19 00:00:00,9864.5,9932.8,9687.5,9789.4,2.0872480869293213
2014-12-20 00:00:00,9789.4,9789.4,9789.4,9789.4,0.0
2014-12-21 00:00:00,9789.4,9789.4,9789.4,9789.4,0.0
2014-12-22 00:00:00,9801.3,9928.0,9801.3,9895.4,1.0402599573135376
2014-12-23 00:00:00,9895.1,9929.0,9846.3,9903.6,0.8518660068511963
2014-12-24 00:00:00,9903.6,9903.6,9903.6,9903.6,0.0
2014-12-25 00:00:00,9903.6,9903.6,9903.6,9903.6,0.0
2014-12-26 00:00:00,9903.6,9903.6,9903.6,9903.6,0.0
2014-12-27 00:00:00,9903.6,9903.6,9903.6,9903.6,0.0
2014-12-28 00:00:00,9903.6,9903.6,9903.6,9903.6,3.7000001611886546e-05
2014-12-29 00:00:00,9926.2,9939.0,9775.0,9919.8,1.0887449979782104
2014-12-30 00:00:00,9920.1,9924.0,9757.0,9779.8,1.1102429628372192
2014-12-31 00:00:00,9779.8,9779.8,9779.8,9779.8,0.0
2015-01-01 00:00:00,9781.9,9782.8,9689.8,9706.2,0.011063000187277794
2015-01-02 00:00:00,9706.8,9872.5,9684.0,9748.7,1.0809450149536133
2015-01-03 00:00:00,9748.7,9748.7,9748.7,9748.7,0.0
2015-01-04 00:00:00,9748.7,9748.7,9713.6,9718.1,0.022755000740289688
2015-01-05 00:00:00,9718.4,9789.5,9445.0,9498.0,3.0985090732574463
2015-01-06 00:00:00,9497.7,9626.0,9379.3,9465.9,3.1823790073394775
2015-01-07 00:00:00,9466.2,9607.0,9459.0,9600.4,2.4641149044036865
2015-01-08 00:00:00,9601.0,9857.0,9596.5,9816.7,3.009277105331421
2015-01-09 00:00:00,9817.3,9856.0,9597.0,9665.7,3.084517002105713
2015-01-10 00:00:00,9665.7,9665.7,9665.7,9665.7,0.0
2015-01-11 00:00:00,9665.7,9665.7,9665.7,9665.7,0.0
2015-01-12 00:00:00,9652.5,9817.3,9620.0,9772.2,2.505286931991577
2015-01-13 00:00:00,9771.9,9980.0,9752.0,9860.0,2.9229490756988525
2015-01-14 00:00:00,9861.5,9964.0,9762.0,9891.1,3.506422996520996
2015-01-15 00:00:00,9892.0,10063.5,9578.0,9964.8,3.515889883041382
2015-01-16 00:00:00,9964.2,10309.0,9927.3,10276.5,2.5581789016723633
2015-01-17 00:00:00,10276.5,10276.5,10276.5,10276.5,0.0
2015-01-18 00:00:00,10276.5,10276.5,10276.5,10276.5,0.0
2015-01-19 00:00:00,10247.5,10293.8,10190.0,10251.3,2.5868868827819824
2015-01-20 00:00:00,10251.0,10303.249,10209.515,10272.6,6.780542850494385
2015-01-21 00:00:00,10272.3,10311.0,10148.408,10303.6,7.4918951988220215
2015-01-22 00:00:00,10304.5,10543.6,10226.3,10492.5,1.6662189960479736
2015-01-23 00:00:00,10492.8,10707.5,10476.9,10608.7,2.1295390129089355
2015-01-24 00:00:00,10608.7,10608.7,10608.7,10608.7,0.0
2015-01-25 00:00:00,10608.7,10608.7,10608.7,10608.7,0.0
2015-01-26 00:00:00,10578.3,10852.0,10578.3,10836.8,1.3224509954452515
2015-01-27 00:00:00,10836.5,10842.5,10592.0,10680.1,1.5907039642333984
2015-01-28 00:00:00,10680.7,10752.8,10550.8,10598.0,1.6643340587615967
2015-01-29 00:00:00,10598.3,10833.7,10557.3,10810.6,1.740332007408142
2015-01-30 00:00:00,10811.6,10815.5,10640.0,10665.6,1.684054970741272
2015-01-31 00:00:00,10665.6,10665.6,10665.6,10665.6,0.0
2015-02-01 00:00:00,10665.6,10672.8,10617.2,10634.4,0.031228000298142433
2015-02-02 00:00:00,10634.8,10880.0,10633.6,10857.3,1.6933419704437256
2015-02-03 00:00:00,10857.7,10986.0,10820.5,10908.8,1.573868989944458
2015-02-04 00:00:00,10908.4,10938.0,10783.2,10785.8,1.4946889877319336
2015-02-05 00:00:00,10784.6,10928.3,10775.4,10882.9,3.56870698928833
2015-02-06 00:00:00,10882.5,10892.5,10754.0,10791.6,6.140951156616211
2015-02-07 00:00:00,10791.6,10791.6,10791.6,10791.6,0.0
2015-02-08 00:00:00,10791.6,10791.6,10791.6,10791.6,0.0
2015-02-09 00:00:00,10750.802,10775.3,10604.0,10665.6,15.531405448913574
2015-02-10 00:00:00,10666.4,10812.0,10594.0,10780.1,25.7032527923584
2015-02-11 00:00:00,10778.5,10848.8,10695.5,10772.9,13.858342170715332
2015-02-12 00:00:00,10772.1,10975.518,10729.0,10975.268,7.550118923187256
2015-02-13 00:00:00,10976.236,11012.73,10941.223,10975.059,6.153349876403809
2015-02-14 00:00:00,10975.059,10975.059,10975.059,10975.059,0.0
2015-02-15 00:00:00,10975.059,10975.059,10975.059,10975.059,0.0
2015-02-16 00:00:00,10955.325,10965.018,10840.804,10847.555,2.8193979263305664
2015-02-17 00:00:00,10857.283,10945.508,10763.0,10908.023,7.272562026977539
2015-02-18 00:00:00,10903.5,10979.817,10896.75,10957.621,5.692008018493652
2015-02-19 00:00:00,10945.35,11021.772,10870.531,10978.306,7.16863489151001
2015-02-20 00:00:00,10973.416,11161.0,10946.0,11119.499,8.045696258544922
2015-02-21 00:00:00,11119.499,11119.499,11119.499,11119.499,0.0
2015-02-22 00:00:00,11119.499,11119.499,11119.499,11119.499,0.0
2015-02-23 00:00:00,11127.786,11157.532,11068.0,11119.318,6.252769947052002
2015-02-24 00:00:00,11130.13,11231.322,11089.007,11216.574,6.005606174468994
2015-02-25 00:00:00,11219.904,11226.405,11175.0,11200.026,4.488434791564941
2015-02-26 00:00:00,11224.364,11333.62,11187.0,11322.999,5.897477149963379
2015-02-27 00:00:00,11314.798,11400.0,11302.0,11380.504,5.698897838592529
2015-02-28 00:00:00,11380.504,11380.504,11380.504,11380.504,0.0
2015-03-01 00:00:00,11380.504,11380.504,11380.504,11380.504,0.0
2015-03-02 00:00:00,11396.27,11454.0,11363.0,11428.745,5.797375202178955
2015-03-03 00:00:00,11412.332,11467.0,11256.0,11313.639,4.954627990722656
2015-03-04 00:00:00,11314.242,11420.0,11193.256,11403.0,7.340586185455322
2015-03-05 00:00:00,11427.358,11532.0,11408.0,11499.0,4.884964942932129
2015-03-06 00:00:00,11514.0,11599.0,11494.0,11514.0,5.23191499710083
2015-03-07 00:00:00,11514.0,11514.0,11514.0,11514.0,0.0
2015-03-08 00:00:00,11514.0,11514.0,11514.0,11514.0,0.0
2015-03-09 00:00:00,11517.0,11607.296,11460.993,11581.0,6.308080196380615
2015-03-10 00:00:00,11571.85,11576.347,11402.4,11511.0,8.237897872924805
2015-03-11 00:00:00,11534.649,11852.023,11530.91,11824.0,7.770435810089111
2015-03-12 00:00:00,11840.461,11849.573,11755.029,11834.0,6.767849922180176
2015-03-13 00:00:00,11851.442,11976.261,11741.728,11947.266,7.124878883361816
2015-03-14 00:00:00,11947.266,11947.266,11947.266,11947.266,0.0
2015-03-15 00:00:00,11947.266,11947.266,11947.266,11947.266,0.0
2015-03-16 00:00:00,11944.636,12221.91,11932.137,12169.0,6.469627857208252
2015-03-17 00:00:00,12154.0,12196.526,11927.835,12008.0,8.570959091186523
2015-03-18 00:00:00,12020.263,12030.767,11814.165,11884.2,5.843255043029785
2015-03-19 00:00:00,11885.0,12001.005,11783.8,11904.1,14.388940811157227
2015-03-20 00:00:00,11903.7,12086.952,11896.1,12022.233,9.606234550476074
2015-03-21 00:00:00,12022.233,12022.233,12022.233,12022.233,0.0
2015-03-22 00:00:00,12022.233,12022.233,12022.233,12022.233,0.0
2015-03-23 00:00:00,12040.661,12040.661,11820.0,11856.5,15.879071235656738
2015-03-24 00:00:00,11855.9,12031.5,11795.605,11968.366,8.376350402832031
2015-03-25 00:00:00,11961.668,12021.271,11839.0,11864.3,9.631454467773438
2015-03-26 00:00:00,11782.0,11892.76,11618.0,11863.0,18.11778450012207
2015-03-27 00:00:00,11885.545,11953.0,11796.0,11869.175,15.174853324890137
2015-03-28 00:00:00,11869.175,11869.175,11869.175,11869.175,0.0
2015-03-29 00:00:00,11865.0,11883.0,11852.8,11861.4,0.014948000200092793
2015-03-30 00:00:00,11861.0,12106.218,11841.4,12080.8,9.592554092407227
2015-03-31 00:00:00,12081.2,12122.987,11901.9,11922.3,18.191986083984375
2015-04-01 00:00:00,11923.1,12112.766,11763.1,12040.7,16.09963035583496
2015-04-02 00:00:00,12024.3,12027.6,11933.581,11982.763,6.865056037902832
2015-04-03 00:00:00,11982.763,11982.763,11982.763,11982.763,0.0
2015-04-04 00:00:00,11982.763,11982.763,11982.763,11982.763,0.0
2015-04-05 00:00:00,11982.763,11982.763,11982.763,11982.763,0.0
2015-04-06 00:00:00,11982.763,11982.763,11982.763,11982.763,0.0
2015-04-07 00:00:00,12057.745,12147.244,12032.0,12079.668,6.765507221221924
2015-04-08 00:00:00,12076.29,12128.622,12017.08,12056.0,8.730560302734375
2015-04-09 00:00:00,12074.471,12224.408,12045.0,12196.0,12.985265731811523
2015-04-10 00:00:00,12204.546,12395.737,12202.0,12384.0,6.17448091506958
2015-04-11 00:00:00,12384.0,12384.0,12384.0,12384.0,0.0
2015-04-12 00:00:00,12384.0,12384.0,12384.0,12384.0,0.0
2015-04-13 00:00:00,12375.509,12392.237,12272.267,12291.768,6.898924827575684
2015-04-14 00:00:00,12315.147,12339.528,12179.253,12256.0,11.081095695495605
2015-04-15 00:00:00,12260.0,12325.0,12194.764,12212.0,6.802190780639648
2015-04-16 00:00:00,12236.9,12246.374,11965.686,11986.0,10.19493579864502
2015-04-17 00:00:00,11991.0,12020.25,11633.0,11657.0,9.769031524658203
2015-04-18 00:00:00,11657.0,11657.0,11657.0,11657.0,0.0
2015-04-19 00:00:00,11657.0,11657.0,11657.0,11657.0,0.0
2015-04-20 00:00:00,11708.0,11905.317,11685.0,11866.0,5.6351847648620605
2015-04-21 00:00:00,11921.0,12080.952,11908.0,11960.0,5.942978858947754
2015-04-22 00:00:00,11980.0,12043.865,11785.5,11913.0,2.0441091060638428
2015-04-23 00:00:00,11915.422,11948.318,11672.5,11780.0,2.664625883102417
2015-04-24 00:00:00,11759.0,11883.5,11706.0,11808.0,2.956413984298706
2015-04-25 00:00:00,11808.0,11808.0,11808.0,11808.0,0.0
2015-04-26 00:00:00,11808.0,11808.0,11808.0,11808.0,0.0
2015-04-27 00:00:00,11833.0,12052.5,11728.8,11993.0,3.6505649089813232
2015-04-28 00:00:00,12004.742,12050.128,11742.5,11822.3,10.965096473693848
2015-04-29 00:00:00,11806.51,11880.3,11354.0,11486.0,2.998112916946411
2015-04-30 00:00:00,11442.0,11567.3,11328.0,11375.0,11.0081205368042
2015-05-01 00:00:00,11416.917,11496.7,11387.802,11488.7,3.2829010486602783
2015-05-02 00:00:00,11488.7,11488.7,11488.7,11488.7,0.0
2015-05-03 00:00:00,11488.7,11488.7,11488.7,11488.7,0.0
2015-05-04 00:00:00,11511.0,11659.29,11404.56,11601.0,23.647165298461914
2015-05-05 00:00:00,11592.751,11750.0,11292.0,11320.0,18.957237243652344
2015-05-06 00:00:00,11370.0,11459.92,11238.0,11327.0,24.764612197875977
2015-05-07 00:00:00,11355.728,11439.0,11163.0,11384.0,26.8073673248291
2015-05-08 00:00:00,11433.0,11732.3,11411.0,11710.0,24.541297912597656
2015-05-09 00:00:00,11710.0,11710.0,11710.0,11710.0,0.0
2015-05-10 00:00:00,11710.0,11710.0,11710.0,11710.0,0.0
2015-05-11 00:00:00,11715.208,11719.0,11600.646,11619.4,17.82520294189453
2015-05-12 00:00:00,11630.947,11645.671,11375.0,11488.8,22.3339786529541
2015-05-13 00:00:00,11512.5,11595.629,11293.3,11323.8,44.35715103149414
2015-05-14 00:00:00,11321.0,11582.0,11213.5,11568.3,3.5827910900115967
2015-05-15 00:00:00,11562.0,11639.0,11380.264,11469.8,17.274818420410156
2015-05-16 00:00:00,11469.8,11469.8,11469.8,11469.8,0.0
2015-05-17 00:00:00,11469.8,11469.8,11469.8,11469.8,0.0
2015-05-18 00:00:00,11470.0,11635.3,11377.0,11617.8,1.1265089511871338
2015-05-19 00:00:00,11664.9,11877.5,11645.407,11812.0,1.0341750383377075
2015-05-20 00:00:00,11835.794,11882.103,11778.0,11853.3,20.94831657409668
2015-05-21 00:00:00,11837.6,11891.061,11755.3,11873.322,6.028832912445068
2015-05-22 00:00:00,11880.504,11881.754,11788.0,11834.0,5.883995056152344
2015-05-23 00:00:00,11834.0,11834.0,11834.0,11834.0,0.0
2015-05-24 00:00:00,11834.0,11834.0,11834.0,11834.0,0.0
2015-05-25 00:00:00,11844.798,11847.415,11776.0,11780.4,1.1176459789276123
2015-05-26 00:00:00,11783.0,11925.0,11585.0,11646.0,9.945256233215332
2015-05-27 00:00:00,11644.0,11795.0,11596.0,11774.0,7.651954174041748
2015-05-28 00:00:00,11742.5,11769.0,11599.0,11695.0,4.326711177825928
2015-05-29 00:00:00,11687.0,11717.158,11397.0,11432.0,36.63596725463867
2015-05-30 00:00:00,11432.0,11432.0,11432.0,11432.0,0.0
2015-05-31 00:00:00,11432.0,11432.0,11432.0,11432.0,0.0
2015-06-01 00:00:00,11491.889,11508.0,11341.0,11458.0,16.612337112426758
2015-06-02 00:00:00,11461.0,11484.0,11268.0,11323.0,33.00749588012695
2015-06-03 00:00:00,11341.0,11513.0,11296.0,11391.0,39.92097854614258
2015-06-04 00:00:00,11368.0,11450.0,11185.0,11259.0,48.20005798339844
2015-06-05 00:00:00,11256.73,11287.0,11153.0,11189.0,36.42155838012695
2015-06-06 00:00:00,11189.0,11189.0,11189.0,11189.0,0.0
2015-06-07 00:00:00,11189.0,11189.0,11189.0,11189.0,0.0
2015-06-08 00:00:00,11200.0,11222.5,10992.5,11021.5,26.299909591674805
2015-06-09 00:00:00,11020.72,11070.3,10864.5,10963.3,1.1233450174331665
2015-06-10 00:00:00,10976.0,11304.8,10936.8,11262.05,0.9236130118370056
2015-06-11 00:00:00,11256.58,11453.0,11237.3,11312.3,0.7261000275611877
2015-06-12 00:00:00,11306.18,11365.0,11065.0,11201.7,4.440639019012451
2015-06-13 00:00:00,11201.7,11201.7,11201.7,11201.7,0.0
2015-06-14 00:00:00,11201.7,11201.7,11201.7,11201.7,0.0
2015-06-15 00:00:00,11094.9,11112.8,10952.3,11017.3,37.88152313232422
2015-06-16 00:00:00,10993.6,11076.3,10797.0,11062.3,17.723285675048828
2015-06-17 00:00:00,11083.3,11117.5,10874.3,10922.8,6.862724781036377
2015-06-18 00:00:00,10876.68,11285.8,10804.806,11129.0,21.552011489868164
2015-06-19 00:00:00,11088.509,11247.66,10995.0,11031.0,10.024710655212402
2015-06-20 00:00:00,11031.0,11031.0,11031.0,11031.0,0.0
2015-06-21 00:00:00,11031.0,11031.0,11031.0,11031.0,0.0
2015-06-22 00:00:00,11215.0,11480.8,11214.0,11434.9,22.9276180267334
2015-06-23 00:00:00,11522.5,11635.8,11514.8,11568.7,4.225643157958984
2015-06-24 00:00:00,11574.8,11588.5,11361.75,11413.56,4.9921698570251465
2015-06-25 00:00:00,11430.517,11596.995,11347.5,11445.15,7.40829610824585
2015-06-26 00:00:00,11391.623,11561.93,11371.0,11520.064,12.684518814086914
2015-06-27 00:00:00,11520.064,11520.064,11520.064,11520.064,0.0
2015-06-28 00:00:00,11520.064,11520.064,11520.064,11520.064,0.0
2015-06-29 00:00:00,10925.201,11291.286,10854.3,10974.6,19.531150817871094
2015-06-30 00:00:00,11014.191,11137.242,10896.0,10995.8,21.21723747253418
2015-07-01 00:00:00,11069.7,11285.5,10977.5,11165.8,30.721681594848633
2015-07-02 00:00:00,11169.56,11229.0,11070.5,11119.55,27.155216217041016
2015-07-03 00:00:00,11129.1,11132.5,11004.8,11106.3,19.524616241455078
2015-07-04 00:00:00,11106.3,11106.3,11106.3,11106.3,0.0
2015-07-05 00:00:00,11106.3,11106.3,11106.3,11106.3,0.0
2015-07-06 00:00:00,10741.6,10995.0,10741.6,10864.7,38.482696533203125
2015-07-07 00:00:00,10903.2,10946.8,10658.8,10898.0,57.01274490356445
2015-07-08 00:00:00,10760.2,10802.8,10652.5,10706.3,52.173912048339844
2015-07-09 00:00:00,10816.949,11033.5,10778.3,10955.9,25.432418823242188
2015-07-10 00:00:00,11188.67,11402.0,11146.3,11395.2,10.167609214782715
2015-07-11 00:00:00,11395.2,11395.2,11395.2,11395.2,0.0
2015-07-12 00:00:00,11395.2,11395.2,11395.2,11395.2,0.0
2015-07-13 00:00:00,11322.02,11511.88,11253.3,11485.0,14.548542022705078
2015-07-14 00:00:00,11506.0,11546.4,11415.0,11530.0,31.665281295776367
2015-07-15 00:00:00,11532.0,11567.0,11476.0,11529.0,22.318681716918945
2015-07-16 00:00:00,11614.0,11787.5,11602.898,11724.997,16.22104835510254
2015-07-17 00:00:00,11725.414,11764.3,11649.437,11685.307,15.699484825134277
2015-07-18 00:00:00,11685.307,11685.307,11685.307,11685.307,0.0
2015-07-19 00:00:00,11685.307,11685.307,11685.307,11685.307,0.0
2015-07-20 00:00:00,11697.2,11805.014,11674.655,11754.0,7.236478805541992
2015-07-21 00:00:00,11776.0,11776.0,11567.65,11599.0,5.622137069702148
2015-07-22 00:00:00,11563.0,11590.5,11485.3,11536.95,22.977577209472656
2015-07-23 00:00:00,11580.5,11625.541,11433.6,11443.8,27.466796875
2015-07-24 00:00:00,11469.9,11544.5,11279.0,11288.5,9.049505233764648
2015-07-25 00:00:00,11288.5,11288.5,11288.5,11288.5,0.0
2015-07-26 00:00:00,11288.5,11288.5,11288.5,11288.5,0.0
2015-07-27 00:00:00,11305.6,11312.0,11026.8,11045.3,2.120378017425537
2015-07-28 00:00:00,11101.53,11244.0,11065.0,11200.0,12.895134925842285
2015-07-29 00:00:00,11195.388,11278.039,11119.0,11253.91,2.3411569595336914
2015-07-30 00:00:00,11245.64,11312.0,11137.0,11263.0,6.72996711730957
2015-07-31 00:00:00,11275.7,11328.0,11169.0,11307.0,10.067188262939453
2015-08-01 00:00:00,11307.0,11307.0,11307.0,11307.0,0.0
2015-08-02 00:00:00,11307.0,11307.0,11307.0,11307.0,0.0
2015-08-03 00:00:00,11285.506,11462.333,11246.0,11421.368,5.737433910369873
2015-08-04 00:00:00,11421.413,11477.76,11379.649,11471.51,30.67814064025879
2015-08-05 00:00:00,11481.071,11656.443,11479.833,11593.0,28.70635414123535
2015-08-06 00:00:00,11601.244,11670.5,11530.473,11574.3,15.242534637451172
2015-08-07 00:00:00,11584.124,11586.0,11481.259,11511.422,22.647165298461914
2015-08-08 00:00:00,11511.422,11511.422,11511.422,11511.422,0.0
2015-08-09 00:00:00,11511.422,11511.422,11511.422,11511.422,0.0
2015-08-10 00:00:00,11545.928,11620.0,11429.734,11608.213,18.58218765258789
2015-08-11 00:00:00,11556.126,11570.998,11263.718,11303.85,13.458512306213379
2015-08-12 00:00:00,11191.799,11194.02,10892.0,11041.0,6.095915794372559
2015-08-13 00:00:00,11066.9,11155.0,10977.0,11001.0,16.39211082458496
2015-08-14 00:00:00,10977.8,11093.48,10910.0,11042.0,3.907649040222168
2015-08-15 00:00:00,11042.0,11042.0,11042.0,11042.0,0.0
2015-08-16 00:00:00,11042.0,11042.0,11042.0,11042.0,0.0
2015-08-17 00:00:00,11032.5,11112.0,10814.0,10973.0,29.034948348999023
2015-08-18 00:00:00,10972.3,10983.0,10880.0,10906.344,9.281704902648926
2015-08-19 00:00:00,10841.0,10854.0,10669.0,10689.827,4.139998912811279
2015-08-20 00:00:00,10656.5,10656.5,10305.544,10309.16,7.677309036254883
2015-08-21 00:00:00,10149.2,10436.39,9980.8,10008.8,17.265832901000977
2015-08-22 00:00:00,10008.8,10008.8,10008.8,10008.8,0.0
2015-08-23 00:00:00,10008.8,10008.8,10008.8,10008.8,0.0
2015-08-24 00:00:00,9796.6,9935.5,9321.0,9638.0,36.474159240722656
2015-08-25 00:00:00,9705.6,10187.0,9705.6,9820.991,49.330604553222656
2015-08-26 00:00:00,9992.0,10197.0,9851.0,10195.0,75.47738647460938
2015-08-27 00:00:00,10214.0,10383.0,10165.0,10341.0,62.818870544433594
2015-08-28 00:00:00,10313.0,10353.0,10183.0,10289.596,32.919281005859375
2015-08-29 00:00:00,10289.596,10289.596,10289.596,10289.596,0.0
2015-08-30 00:00:00,10289.596,10289.596,10289.596,10289.596,0.0
2015-08-31 00:00:00,10155.791,10309.99,10131.542,10239.388,6.8869171142578125
2015-09-01 00:00:00,9968.858,10118.957,9885.883,9922.77,31.387577056884766
2015-09-02 00:00:00,10029.628,10124.994,9960.377,10124.243,23.83377456665039
2015-09-03 00:00:00,10119.97,10380.426,10111.187,10239.264,15.795044898986816
2015-09-04 00:00:00,10135.81,10216.03,9955.895,10002.525,20.21738624572754
2015-09-05 00:00:00,10002.525,10002.525,10002.525,10002.525,0.0
2015-09-06 00:00:00,10002.525,10002.525,10002.525,10002.525,0.0
2015-09-07 00:00:00,10098.392,10182.147,10052.791,10113.928,22.41073226928711
2015-09-08 00:00:00,10148.597,10370.99,10092.775,10334.006,18.615463256835938
2015-09-09 00:00:00,10463.798,10522.243,10155.994,10168.492,32.022972106933594
2015-09-10 00:00:00,10235.067,10326.958,10154.375,10242.608,25.665206909179688
2015-09-11 00:00:00,10245.235,10251.217,10077.923,10184.202,7.438075065612793
2015-09-12 00:00:00,10184.202,10184.202,10184.202,10184.202,0.0
2015-09-13 00:00:00,10184.202,10184.202,10184.202,10184.202,0.0
2015-09-14 00:00:00,10180.692,10227.977,10083.134,10159.266,8.437359809875488
2015-09-15 00:00:00,10176.96,10261.031,10067.924,10252.223,19.288311004638672
2015-09-16 00:00:00,10233.161,10338.188,10172.672,10263.039,12.335472106933594
2015-09-17 00:00:00,10280.973,10321.132,10131.41,10193.189,8.474747657775879
2015-09-18 00:00:00,10202.15,10219.861,9857.751,9918.811,57.27981185913086
2015-09-19 00:00:00,9918.811,9918.811,9918.811,9918.811,0.0
2015-09-20 00:00:00,9918.811,9918.811,9918.811,9918.811,0.0
2015-09-21 00:00:00,9887.63,10000.92,9782.824,9962.955,21.38888168334961
2015-09-22 00:00:00,9986.967,10018.199,9558.626,9628.174,19.13239860534668
2015-09-23 00:00:00,9504.849,9710.882,9481.958,9600.394,9.703989028930664
2015-09-24 00:00:00,9585.574,9705.933,9362.636,9540.172,7.855215072631836
2015-09-25 00:00:00,9596.228,9747.496,9562.284,9624.285,9.854185104370117
2015-09-26 00:00:00,9624.285,9624.285,9624.285,9624.285,0.0
2015-09-27 00:00:00,9624.285,9624.285,9624.285,9624.285,0.0
2015-09-28 00:00:00,9584.9,9679.94,9433.09,9449.586,53.97414779663086
2015-09-29 00:00:00,9422.065,9536.984,9299.719,9475.611,26.33367919921875
2015-09-30 00:00:00,9598.207,9732.945,9580.841,9660.943,3.8567190170288086
2015-10-01 00:00:00,9762.986,9785.998,9448.864,9553.742,4.387966156005859
2015-10-02 00:00:00,9579.421,9681.066,9389.559,9679.851,17.99493408203125
2015-10-03 00:00:00,9679.851,9679.851,9679.851,9679.851,0.0
2015-10-04 00:00:00,9679.851,9679.851,9679.851,9679.851,0.0
2015-10-05 00:00:00,9737.201,9886.99,9646.844,9868.682,46.2086067199707
2015-10-06 00:00:00,9826.93,9956.718,9727.748,9880.985,27.884370803833008
2015-10-07 00:00:00,9898.803,10095.086,9890.927,10034.453,28.961891174316406
2015-10-08 00:00:00,9943.949,10106.713,9908.783,10097.442,17.87660789489746
2015-10-09 00:00:00,10118.733,10147.925,10046.708,10114.689,15.077098846435547
2015-10-10 00:00:00,10114.689,10114.689,10114.689,10114.689,0.0
2015-10-11 00:00:00,10114.689,10114.689,10114.689,10114.689,0.0
2015-10-12 00:00:00,10121.994,10186.992,10054.922,10107.766,24.187236785888672
2015-10-13 00:00:00,10102.849,10117.961,9938.923,9989.748,19.35019874572754
2015-10-14 00:00:00,9973.4,10037.336,9886.757,9919.815,33.306331634521484
2015-10-15 00:00:00,9981.332,10149.24,9956.373,10144.391,26.929214477539062
2015-10-16 00:00:00,10138.008,10167.295,10056.482,10121.608,12.899304389953613
2015-10-17 00:00:00,10121.608,10121.608,10121.608,10121.608,0.0
2015-10-18 00:00:00,10121.608,10121.608,10121.608,10121.608,0.0
2015-10-19 00:00:00,10112.432,10205.851,10068.796,10172.472,9.961848258972168
2015-10-20 00:00:00,10158.255,10194.616,10078.071,10147.893,14.52823257446289
2015-10-21 00:00:00,10197.113,10278.0,10104.944,10186.972,13.278270721435547
2015-10-22 00:00:00,10204.967,10588.372,10191.97,10557.638,14.247893333435059
2015-10-23 00:00:00,10636.502,10860.447,10585.603,10842.981,10.678260803222656
2015-10-24 00:00:00,10842.981,10842.981,10842.981,10842.981,0.0
2015-10-25 00:00:00,10842.981,10842.981,10842.981,10842.981,0.0
2015-10-26 00:00:00,10809.566,10863.977,10758.244,10797.436,24.584352493286133
2015-10-27 00:00:00,10784.232,10809.266,10684.781,10707.338,15.461798667907715
2015-10-28 00:00:00,10719.346,10926.405,10689.937,10914.864,8.169410705566406
2015-10-29 00:00:00,10875.89,10892.098,10738.854,10801.43,27.416555404663086
2015-10-30 00:00:00,10843.124,10874.99,10744.477,10813.94,29.634151458740234
2015-10-31 00:00:00,10813.94,10813.94,10813.94,10813.94,0.0
2015-11-01 00:00:00,10813.94,10813.94,10813.94,10813.94,0.0
2015-11-02 00:00:00,10765.509,10977.989,10726.553,10974.913,15.777941703796387
2015-11-03 00:00:00,10958.967,10996.999,10880.723,10973.724,31.984207153320312
2015-11-04 00:00:00,10968.718,11004.968,10815.828,10859.891,21.256641387939453
2015-11-05 00:00:00,10861.317,10964.779,10780.834,10889.943,19.214698791503906
2015-11-06 00:00:00,10899.89,11056.998,10840.839,11024.154,22.2337646484375
2015-11-07 00:00:00,11024.154,11024.154,11024.154,11024.154,0.0
2015-11-08 00:00:00,11024.154,11024.154,11024.154,11024.154,0.0
2015-11-09 00:00:00,10992.714,11011.876,10786.085,10836.806,18.802371978759766
2015-11-10 00:00:00,10852.62,10869.999,10725.458,10847.536,15.014896392822266
2015-11-11 00:00:00,10860.425,10994.447,10834.679,10867.637,14.73099136352539
2015-11-12 00:00:00,10886.373,10957.799,10711.774,10715.973,20.59342384338379
2015-11-13 00:00:00,10717.914,10812.931,10604.781,10670.003,24.150989532470703
2015-11-14 00:00:00,10670.003,10670.003,10670.003,10670.003,0.0
2015-11-15 00:00:00,10670.003,10670.003,10670.003,10670.003,0.0
2015-11-16 00:00:00,10493.617,10816.278,10488.379,10811.19,24.133712768554688
2015-11-17 00:00:00,10825.758,10978.484,10781.943,10897.674,14.912203788757324
2015-11-18 00:00:00,10895.946,11047.837,10877.089,11027.807,20.9063663482666
2015-11-19 00:00:00,11049.994,11153.0,11035.325,11053.395,8.26219367980957
2015-11-20 00:00:00,11061.036,11163.439,11047.999,11097.05,13.582184791564941
2015-11-21 00:00:00,11097.05,11097.05,11097.05,11097.05,0.0
2015-11-22 00:00:00,11097.05,11097.05,11097.05,11097.05,0.0
2015-11-23 00:00:00,11120.892,11129.258,11024.483,11062.698,4.722445011138916
2015-11-24 00:00:00,11067.037,11079.488,10866.674,10965.909,3.602358102798462
2015-11-25 00:00:00,10974.525,11186.978,10918.784,11150.911,12.257484436035156
2015-11-26 00:00:00,11173.413,11366.954,11161.809,11305.911,8.931243896484375
2015-11-27 00:00:00,11245.955,11352.997,11241.522,11296.799,10.276344299316406
2015-11-28 00:00:00,11296.799,11296.799,11296.799,11296.799,0.0
2015-11-29 00:00:00,11296.799,11296.799,11296.799,11296.799,0.0
2015-11-30 00:00:00,11278.405,11430.93,11249.931,11350.786,16.29534149169922
2015-12-01 00:00:00,11410.676,11415.79,11234.717,11291.892,12.086183547973633
2015-12-02 00:00:00,11308.469,11331.479,11076.466,11106.884,6.577449798583984
2015-12-03 00:00:00,11144.94,11319.992,10638.654,10675.069,11.276168823242188
2015-12-04 00:00:00,10684.392,10881.705,10629.987,10866.819,9.042004585266113
2015-12-05 00:00:00,10866.819,10866.819,10866.819,10866.819,0.0
2015-12-06 00:00:00,10866.819,10866.819,10866.819,10866.819,0.0
2015-12-07 00:00:00,10874.952,10993.202,10804.815,10922.969,12.968278884887695
2015-12-08 00:00:00,10883.922,10898.991,10611.791,10676.814,16.22447395324707
2015-12-09 00:00:00,10692.998,10718.991,10447.184,10514.699,17.560548782348633
2015-12-10 00:00:00,10501.866,10663.254,10497.731,10578.308,21.74431610107422
2015-12-11 00:00:00,10589.316,10603.893,10268.621,10284.935,18.29071807861328
2015-12-12 00:00:00,10284.935,10284.935,10284.935,10284.935,0.0
2015-12-13 00:00:00,10284.935,10284.935,10284.935,10284.935,0.0
2015-12-14 00:00:00,10343.523,10445.956,10120.625,10284.959,32.401363372802734
2015-12-15 00:00:00,10263.843,10489.09,10224.409,10449.749,28.568273544311523
2015-12-16 00:00:00,10486.508,10650.011,10421.884,10625.958,23.462772369384766
2015-12-17 00:00:00,10627.444,10831.041,10526.631,10705.846,30.363367080688477
2015-12-18 00:00:00,10664.115,10731.984,10508.77,10515.075,8.351258277893066
2015-12-19 00:00:00,10515.075,10515.075,10515.075,10515.075,0.0
2015-12-20 00:00:00,10515.075,10515.075,10515.075,10515.075,0.0
2015-12-21 00:00:00,10546.979,10798.753,10472.149,10547.323,18.627269744873047
2015-12-22 00:00:00,10585.057,10632.499,10396.423,10564.578,13.374200820922852
2015-12-23 00:00:00,10562.981,10762.286,10561.725,10760.699,13.896742820739746
2015-12-24 00:00:00,10760.699,10760.699,10760.699,10760.699,0.0
2015-12-25 00:00:00,10760.699,10760.699,10760.699,10760.699,0.0
2015-12-26 00:00:00,10760.699,10760.699,10760.699,10760.699,0.0
2015-12-27 00:00:00,10760.699,10760.699,10760.699,10760.699,0.0
2015-12-28 00:00:00,10709.698,10768.299,10623.639,10693.616,2.0374510288238525
2015-12-29 00:00:00,10728.573,10875.796,10726.776,10863.119,11.352023124694824
2015-12-30 00:00:00,10875.035,10876.921,10685.743,10685.963,9.9527006149292
2015-12-31 00:00:00,10685.963,10685.963,10685.963,10685.963,0.0
2016-01-01 00:00:00,10685.963,10685.963,10685.963,10685.963,0.0
2016-01-02 00:00:00,10685.963,10685.963,10685.963,10685.963,0.0
2016-01-03 00:00:00,10685.963,10685.963,10685.963,10685.963,0.0
2016-01-04 00:00:00,10498.258,10516.746,10247.649,10358.723,16.68279457092285
2016-01-05 00:00:00,10391.903,10401.317,10170.865,10334.977,11.048013687133789
2016-01-06 00:00:00,10239.912,10286.021,10092.779,10178.991,11.43432331085205
2016-01-07 00:00:00,9957.662,10038.978,9809.375,9833.992,10.179154396057129
2016-01-08 00:00:00,9976.702,10123.575,9729.931,9757.149,17.351102828979492
2016-01-09 00:00:00,9757.149,9757.149,9757.149,9757.149,0.0
2016-01-10 00:00:00,9757.149,9757.149,9757.149,9757.149,0.0
2016-01-11 00:00:00,9688.398,9977.998,9669.941,9901.757,14.130698204040527
2016-01-12 00:00:00,9812.298,10092.308,9774.807,10049.951,15.115050315856934
2016-01-13 00:00:00,10107.887,10163.991,9734.787,9763.917,18.545856475830078
2016-01-14 00:00:00,9830.863,9943.12,9611.623,9888.777,18.204612731933594
2016-01-15 00:00:00,9775.434,9832.756,9409.773,9479.972,14.47220230102539
2016-01-16 00:00:00,9479.972,9479.972,9479.972,9479.972,0.0
2016-01-17 00:00:00,9479.972,9479.972,9479.972,9479.972,0.0
2016-01-18 00:00:00,9560.245,9659.924,9453.679,9525.929,5.6926350593566895
2016-01-19 00:00:00,9689.835,9757.934,9524.921,9617.903,19.058012008666992
2016-01-20 00:00:00,9350.636,9516.986,9250.741,9465.582,9.339959144592285
2016-01-21 00:00:00,9398.383,9663.992,9332.651,9571.676,15.846546173095703
2016-01-22 00:00:00,9721.701,9837.986,9703.86,9818.733,14.441681861877441
2016-01-23 00:00:00,9818.733,9818.733,9818.733,9818.733,0.0
2016-01-24 00:00:00,9818.733,9818.733,9818.733,9818.733,0.0
2016-01-25 00:00:00,9838.931,9839.923,9668.714,9668.941,12.536355018615723
2016-01-26 00:00:00,9574.922,9868.942,9561.729,9864.857,16.12033462524414
2016-01-27 00:00:00,9816.862,9925.999,9714.761,9760.973,1.8238420486450195
2016-01-28 00:00:00,9788.982,9904.983,9590.829,9665.916,1.4165699481964111
2016-01-29 00:00:00,9800.658,9839.992,9652.798,9832.811,11.441004753112793
2016-01-30 00:00:00,9832.811,9832.811,9832.811,9832.811,0.0
2016-01-31 00:00:00,9832.811,9832.811,9832.811,9832.811,0.0
2016-02-01 00:00:00,9847.984,9848.528,9635.634,9765.969,10.36885929107666
2016-02-02 00:00:00,9730.973,9734.924,9482.823,9499.982,3.250485897064209
2016-02-03 00:00:00,9485.872,9577.992,9349.74,9522.753,13.345905303955078
2016-02-04 00:00:00,9607.681,9621.95,9264.828,9389.964,13.71894359588623
2016-02-05 00:00:00,9362.686,9470.792,9224.794,9248.267,12.292557716369629
2016-02-06 00:00:00,9248.267,9248.267,9248.267,9248.267,0.0
2016-02-07 00:00:00,9248.267,9248.267,9248.267,9248.267,0.0
2016-02-08 00:00:00,9317.941,9336.925,8919.959,8999.911,23.061622619628906
2016-02-09 00:00:00,8929.889,9041.973,8771.965,8903.963,103.9959945678711
2016-02-10 00:00:00,8911.918,9128.983,8872.933,8932.639,60.74290466308594
2016-02-11 00:00:00,8887.789,8918.979,8695.042,8842.51,41.61177062988281
2016-02-12 00:00:00,8836.155,8994.394,8810.316,8993.903,59.24522399902344
2016-02-13 00:00:00,8993.903,8993.903,8993.903,8993.903,0.0
2016-02-14 00:00:00,8993.903,8993.903,8993.903,8993.903,0.0
2016-02-15 00:00:00,9128.697,9248.534,9111.268,9192.881,27.82137680053711
2016-02-16 00:00:00,9266.606,9268.881,9078.494,9198.911,9.170639991760254
2016-02-17 00:00:00,9167.186,9421.96,9135.832,9404.667,19.45186996459961
2016-02-18 00:00:00,9396.003,9553.245,9347.247,9445.971,19.10470962524414
2016-02-19 00:00:00,9461.313,9478.927,9317.682,9376.932,12.405810356140137
2016-02-20 00:00:00,9376.932,9376.932,9376.932,9376.932,0.0
2016-02-21 00:00:00,9376.932,9376.932,9376.932,9376.932,0.0
2016-02-22 00:00:00,9438.503,9586.988,9436.22,9575.526,12.795089721679688
2016-02-23 00:00:00,9491.213,9534.985,9395.781,9399.534,16.304180145263672
2016-02-24 00:00:00,9377.893,9426.031,9120.972,9297.652,16.610506057739258
2016-02-25 00:00:00,9269.954,9399.251,9198.769,9397.312,16.129276275634766
2016-02-26 00:00:00,9434.804,9575.989,9412.443,9480.617,18.97307014465332
2016-02-27 00:00:00,9480.617,9480.617,9480.617,9480.617,0.0
2016-02-28 00:00:00,9480.617,9480.617,9480.617,9480.617,0.0
2016-02-29 00:00:00,9427.73,9507.338,9330.8,9405.386,24.327180862426758
2016-03-01 00:00:00,9431.787,9776.535,9426.65,9766.739,18.701948165893555
2016-03-02 00:00:00,9815.03,9839.202,9694.427,9780.666,14.572060585021973
2016-03-03 00:00:00,9816.167,9816.167,9708.657,9789.44,14.898030281066895
2016-03-04 00:00:00,9782.064,9901.01,9740.725,9790.785,16.131206512451172
2016-03-05 00:00:00,9790.785,9790.785,9790.785,9790.785,0.0
2016-03-06 00:00:00,9790.785,9790.785,9790.785,9790.785,0.0
2016-03-07 00:00:00,9790.234,9810.907,9688.785,9774.413,14.788439750671387
2016-03-08 00:00:00,9713.375,9789.475,9615.103,9676.547,13.93511962890625
2016-03-09 00:00:00,9722.997,9841.081,9679.909,9713.997,19.36309051513672
2016-03-10 00:00:00,9731.119,9996.738,9395.402,9510.053,21.72273063659668
2016-03-11 00:00:00,9668.371,9891.158,9624.221,9891.158,559.6058959960938
2016-03-12 00:00:00,9891.158,9891.158,9891.158,9891.158,0.0
2016-03-13 00:00:00,9891.158,9891.158,9891.158,9891.158,0.0
2016-03-14 00:00:00,9880.886,10040.447,9868.718,9992.023,457.2104187011719
2016-03-15 00:00:00,9952.112,9975.652,9888.787,9955.907,25.523258209228516
2016-03-16 00:00:00,9961.675,10022.233,9915.171,9997.424,618.0175170898438
2016-03-17 00:00:00,10033.466,10068.231,9747.918,9880.301,731.6783447265625
2016-03-18 00:00:00,9875.101,9961.298,9820.799,9941.702,566.2926635742188
2016-03-19 00:00:00,9941.702,9941.702,9941.702,9941.702,0.0
2016-03-20 00:00:00,9941.702,9941.702,9941.702,9941.702,0.0
2016-03-21 00:00:00,9917.256,10098.196,9857.888,9953.241,197.42762756347656
2016-03-22 00:00:00,9954.341,10002.794,9756.716,9986.773,26.20178985595703
2016-03-23 00:00:00,9983.455,10114.032,9961.976,9989.229,23.571674346923828
2016-03-24 00:00:00,9928.941,9984.264,9837.423,9893.473,124.3916244506836
2016-03-25 00:00:00,9893.473,9893.473,9893.473,9893.473,0.0
2016-03-26 00:00:00,9893.473,9893.473,9893.473,9893.473,0.0
2016-03-27 00:00:00,9893.473,9893.473,9893.473,9893.473,0.0
2016-03-28 00:00:00,9893.473,9893.473,9893.473,9893.473,0.0
2016-03-29 00:00:00,9912.987,9953.99,9805.893,9929.426,24.528493881225586
2016-03-30 00:00:00,9954.7,10095.973,9923.716,10033.99,15.309295654296875
2016-03-31 00:00:00,10013.862,10027.254,9923.155,9924.339,20.411869049072266
2016-04-01 00:00:00,9873.653,9878.106,9672.11,9816.684,24.862110137939453
2016-04-02 00:00:00,9816.684,9816.684,9816.684,9816.684,0.0
2016-04-03 00:00:00,9816.684,9816.684,9816.684,9816.684,0.0
2016-04-04 00:00:00,9826.8,9907.075,9726.79,9767.133,22.329879760742188
2016-04-05 00:00:00,9713.964,9714.571,9516.944,9518.834,25.47355079650879
2016-04-06 00:00:00,9584.738,9663.211,9500.471,9658.807,26.785110473632812
2016-04-07 00:00:00,9654.362,9704.783,9441.555,9472.775,33.21950149536133
2016-04-08 00:00:00,9549.883,9676.946,9540.195,9614.91,58.844459533691406
2016-04-09 00:00:00,9614.91,9614.91,9614.91,9614.91,0.0
2016-04-10 00:00:00,9614.91,9614.91,9614.91,9614.91,0.0
2016-04-11 00:00:00,9621.798,9754.64,9521.237,9642.271,35.938045501708984
2016-04-12 00:00:00,9677.951,9799.164,9615.851,9792.451,30.1429500579834
2016-04-13 00:00:00,9870.126,10041.753,9868.136,10018.296,15.524035453796387
2016-04-14 00:00:00,10041.487,10105.768,10015.283,10084.977,13.322525024414062
2016-04-15 00:00:00,10079.475,10093.457,10010.952,10040.146,7.11354923248291
2016-04-16 00:00:00,10040.146,10040.146,10040.146,10040.146,0.0
2016-04-17 00:00:00,10040.146,10040.146,10040.146,10040.146,0.0
2016-04-18 00:00:00,9928.434,10148.274,9904.962,10139.793,9.602400779724121
2016-04-19 00:00:00,10184.23,10372.07,10148.468,10360.509,11.249420166015625
2016-04-20 00:00:00,10304.171,10459.459,10277.054,10430.437,13.304360389709473
2016-04-21 00:00:00,10461.005,10486.19,10337.755,10402.69,12.039629936218262
2016-04-22 00:00:00,10392.492,10424.961,10322.787,10403.321,9.437545776367188
2016-04-23 00:00:00,10403.321,10403.321,10403.321,10403.321,0.0
2016-04-24 00:00:00,10403.321,10403.321,10403.321,10403.321,0.0
2016-04-25 00:00:00,10363.313,10401.293,10226.402,10319.425,10.065019607543945
2016-04-26 00:00:00,10318.809,10385.983,10208.867,10285.989,8.072750091552734
2016-04-27 00:00:00,10250.363,10345.046,10220.285,10324.562,5.517280101776123
2016-04-28 00:00:00,10246.537,10333.073,10118.605,10218.499,14.972451210021973
2016-04-29 00:00:00,10206.068,10252.755,10026.9,10064.076,17.09303092956543
2016-04-30 00:00:00,10064.076,10064.076,10064.076,10064.076,0.0
2016-05-01 00:00:00,10064.076,10064.076,10064.076,10064.076,0.0
2016-05-02 00:00:00,10073.865,10153.739,10060.384,10138.805,13.193779945373535
2016-05-03 00:00:00,10118.333,10129.217,9918.653,9941.796,17.340120315551758
2016-05-04 00:00:00,9946.586,9961.302,9805.177,9828.043,16.277250289916992
2016-05-05 00:00:00,9893.33,9922.922,9802.405,9845.304,15.219249725341797
2016-05-06 00:00:00,9804.895,9926.437,9733.807,9920.083,16.211000442504883
2016-05-07 00:00:00,9920.083,9920.083,9920.083,9920.083,0.0
2016-05-08 00:00:00,9920.083,9920.083,9920.083,9920.083,0.0
2016-05-09 00:00:00,9949.547,10070.068,9876.138,9983.708,14.989173889160156
2016-05-10 00:00:00,10031.572,10108.181,9989.916,10088.952,15.561249732971191
2016-05-11 00:00:00,10047.851,10063.374,9924.171,9936.862,16.10124969482422
2016-05-12 00:00:00,9967.323,10081.48,9836.163,9888.753,17.95599937438965
2016-05-13 00:00:00,9818.927,9981.565,9766.763,9884.609,17.530000686645508
2016-05-14 00:00:00,9884.609,9884.609,9884.609,9884.609,0.0
2016-05-15 00:00:00,9884.609,9884.609,9884.609,9884.609,0.0
2016-05-16 00:00:00,9901.757,9980.58,9870.336,9949.434,0.8451700210571289
2016-05-17 00:00:00,10007.949,10080.106,9816.088,9830.766,18.738380432128906
2016-05-18 00:00:00,9839.885,9963.05,9795.405,9930.85,18.383750915527344
2016-05-19 00:00:00,9881.744,9910.374,9769.563,9829.631,18.53274917602539
2016-05-20 00:00:00,9911.295,9923.14,9849.629,9913.288,16.021249771118164
2016-05-21 00:00:00,9913.288,9913.288,9913.288,9913.288,0.0
2016-05-22 00:00:00,9913.288,9913.288,9913.288,9913.288,0.0
2016-05-23 00:00:00,9928.972,9974.31,9809.69,9844.292,15.51675033569336
2016-05-24 00:00:00,9800.578,10123.682,9771.796,10104.569,15.834250450134277
2016-05-25 00:00:00,10145.402,10232.954,10128.836,10202.32,14.952249526977539
2016-05-26 00:00:00,10175.517,10288.101,10174.632,10262.598,13.930749893188477
2016-05-27 00:00:00,10280.798,10304.368,10241.067,10293.995,12.54800033569336
2016-05-28 00:00:00,10293.995,10293.995,10293.995,10293.995,0.0
2016-05-29 00:00:00,10293.995,10293.995,10293.995,10293.995,0.0
2016-05-30 00:00:00,10324.277,10347.892,10285.362,10342.679,6.584000110626221
2016-05-31 00:00:00,10355.984,10372.482,10228.394,10266.751,13.948661804199219
2016-06-01 00:00:00,10249.868,10286.518,10159.907,10211.187,15.104000091552734
2016-06-02 00:00:00,10180.415,10256.659,10151.643,10249.987,20.45323944091797
2016-06-03 00:00:00,10249.102,10283.774,10038.116,10106.733,23.89743995666504
2016-06-04 00:00:00,10106.733,10106.733,10106.733,10106.733,0.0
2016-06-05 00:00:00,10106.733,10106.733,10106.733,10106.733,0.0
2016-06-06 00:00:00,10109.596,10151.52,10090.783,10122.748,23.447509765625
2016-06-07 00:00:00,10162.982,10314.323,10154.793,10250.112,21.773040771484375
2016-06-08 00:00:00,10255.409,10267.548,10173.724,10225.226,13.283980369567871
2016-06-09 00:00:00,10199.208,10212.487,10046.23,10093.084,14.921070098876953
2016-06-10 00:00:00,10065.035,10081.993,9773.425,9803.724,16.336660385131836
2016-06-11 00:00:00,9803.724,9803.724,9803.724,9803.724,0.0
2016-06-12 00:00:00,9803.724,9803.724,9803.724,9803.724,0.0
2016-06-13 00:00:00,9705.399,9755.614,9597.514,9620.552,17.067750930786133
2016-06-14 00:00:00,9620.736,9631.609,9504.313,9574.819,20.41761589050293
2016-06-15 00:00:00,9569.264,9666.219,9560.434,9583.325,23.617002487182617
2016-06-16 00:00:00,9488.29,9663.651,9429.69,9657.695,29.364721298217773
2016-06-17 00:00:00,9672.356,9723.046,9575.155,9708.338,14.787360191345215
2016-06-18 00:00:00,9708.338,9708.338,9708.338,9708.338,0.0
2016-06-19 00:00:00,9708.338,9708.338,9708.338,9708.338,0.0
2016-06-20 00:00:00,9886.595,9995.093,9849.234,9926.266,5.891240119934082
2016-06-21 00:00:00,9980.697,10122.492,9928.495,10063.762,8.86139965057373
2016-06-22 00:00:00,10107.133,10151.069,10042.798,10048.247,6.436345100402832
2016-06-23 00:00:00,10154.498,10348.53,10102.957,10321.652,6.249159812927246
2016-06-24 00:00:00,9307.501,9720.91,9163.767,9489.22,8.074524879455566
2016-06-25 00:00:00,9489.22,9489.22,9489.22,9489.22,0.0
2016-06-26 00:00:00,9489.22,9489.22,9489.22,9489.22,0.0
2016-06-27 00:00:00,9421.244,9592.665,9213.644,9354.101,8.418999671936035
2016-06-28 00:00:00,9439.418,9554.572,9409.033,9512.681,7.0833001136779785
2016-06-29 00:00:00,9553.307,9641.591,9503.615,9615.368,6.69172477722168
2016-06-30 00:00:00,9626.758,9794.594,9511.731,9752.67,8.011130332946777
2016-07-01 00:00:00,9727.968,9806.124,9657.657,9748.007,6.216020107269287
2016-07-02 00:00:00,9748.007,9748.007,9748.007,9748.007,0.0
2016-07-03 00:00:00,9748.007,9748.007,9748.007,9748.007,0.0
2016-07-04 00:00:00,9773.757,9811.849,9697.687,9733.18,11.087570190429688
2016-07-05 00:00:00,9696.686,9702.278,9464.182,9489.074,10.864486694335938
2016-07-06 00:00:00,9450.979,9532.619,9301.651,9441.893,7.0965399742126465
2016-07-07 00:00:00,9431.631,9507.396,9362.405,9397.305,5.725675106048584
2016-07-08 00:00:00,9392.967,9654.763,9367.892,9633.857,4.967325210571289
2016-07-09 00:00:00,9633.857,9633.857,9633.857,9633.857,0.0
2016-07-10 00:00:00,9633.857,9633.857,9633.857,9633.857,0.0
2016-07-11 00:00:00,9716.403,9843.687,9685.271,9781.122,5.873244762420654
2016-07-12 00:00:00,9807.686,10014.947,9796.65,9948.973,6.254310131072998
2016-07-13 00:00:00,9936.825,10002.399,9899.491,9926.067,5.859809875488281
2016-07-14 00:00:00,9952.256,10111.832,9949.058,10060.018,5.946619987487793
2016-07-15 00:00:00,10037.971,10102.106,9975.596,10063.894,11.370144844055176
2016-07-16 00:00:00,10063.894,10063.894,10063.894,10063.894,0.0
2016-07-17 00:00:00,10063.894,10063.894,10063.894,10063.894,0.0
2016-07-18 00:00:00,10094.419,10164.981,10011.535,10055.769,8.096985816955566
2016-07-19 00:00:00,10030.356,10053.004,9918.353,9985.412,10.894598960876465
2016-07-20 00:00:00,10004.89,10148.46,9989.55,10123.829,8.388530731201172
2016-07-21 00:00:00,10140.826,10198.046,10087.715,10123.469,22.153039932250977
2016-07-22 00:00:00,10112.95,10182.53,10068.679,10156.185,15.039005279541016
2016-07-23 00:00:00,10156.185,10156.185,10156.185,10156.185,0.0
2016-07-24 00:00:00,10156.185,10156.185,10156.185,10156.185,0.0
2016-07-25 00:00:00,10117.083,10264.87,10114.493,10189.577,5.540711879730225
2016-07-26 00:00:00,10220.026,10278.199,10147.549,10259.381,6.629892826080322
2016-07-27 00:00:00,10294.583,10351.937,10281.261,10293.546,20.0753173828125
2016-07-28 00:00:00,10310.265,10387.755,10265.381,10343.934,20.558515548706055
2016-07-29 00:00:00,10341.211,10358.279,10284.563,10332.692,22.66414451599121
2016-07-30 00:00:00,10332.692,10332.692,10332.692,10332.692,0.0
2016-07-31 00:00:00,10332.692,10332.692,10332.692,10332.692,0.0
2016-08-01 00:00:00,10446.9,10471.643,10273.464,10291.055,13.757984161376953
2016-08-02 00:00:00,10305.767,10339.304,10113.103,10141.818,11.527812957763672
2016-08-03 00:00:00,10127.192,10215.961,10091.309,10211.206,32.607330322265625
2016-08-04 00:00:00,10211.638,10282.992,10178.832,10235.898,2.27724289894104
2016-08-05 00:00:00,10251.06,10373.285,10211.855,10365.206,6.224771022796631
2016-08-06 00:00:00,10365.206,10365.206,10365.206,10365.206,0.0
2016-08-07 00:00:00,10365.206,10365.206,10365.206,10365.206,0.0
2016-08-08 00:00:00,10427.734,10476.633,10399.35,10429.175,5.350399971008301
2016-08-09 00:00:00,10413.55,10701.805,10411.096,10673.585,6.149600028991699
2016-08-10 00:00:00,10693.652,10708.053,10632.624,10641.858,5.699699878692627
2016-08-11 00:00:00,10671.191,10741.246,10632.273,10727.858,5.6292500495910645
2016-08-12 00:00:00,10731.721,10736.68,10683.21,10703.354,5.008699893951416
2016-08-13 00:00:00,10703.354,10703.354,10703.354,10703.354,0.0
2016-08-14 00:00:00,10703.354,10703.354,10703.354,10703.354,0.0
2016-08-15 00:00:00,10724.981,10806.039,10713.317,10730.021,3.992000102996826
2016-08-16 00:00:00,10698.786,10738.341,10631.976,10657.946,5.3927001953125
2016-08-17 00:00:00,10666.686,10703.745,10513.037,10610.924,5.9028000831604
2016-08-18 00:00:00,10615.582,10626.494,10547.53,10599.942,5.312300205230713
2016-08-19 00:00:00,10630.833,10630.833,10489.691,10560.172,5.844699859619141
2016-08-20 00:00:00,10560.172,10560.172,10560.172,10560.172,0.0
2016-08-21 00:00:00,10560.172,10560.172,10560.172,10560.172,0.0
2016-08-22 00:00:00,10532.17,10656.764,10386.068,10509.624,5.936275005340576
2016-08-23 00:00:00,10522.127,10624.458,10509.108,10582.641,5.353254795074463
2016-08-24 00:00:00,10555.387,10651.73,10514.31,10585.72,5.9886698722839355
2016-08-25 00:00:00,10608.619,10612.587,10466.091,10504.88,7.483926773071289
2016-08-26 00:00:00,10510.669,10614.588,10453.033,10524.177,7.332451820373535
2016-08-27 00:00:00,10524.177,10524.177,10524.177,10524.177,0.0
2016-08-28 00:00:00,10524.177,10524.177,10524.177,10524.177,0.0
2016-08-29 00:00:00,10517.18,10571.329,10437.32,10569.333,5.993299961090088
2016-08-30 00:00:00,10572.876,10688.104,10569.373,10649.377,99.37222290039062
2016-08-31 00:00:00,10646.359,10664.981,10551.013,10582.77,959.5908813476562
2016-09-01 00:00:00,10613.663,10678.269,10488.548,10564.269,944.201904296875
2016-09-02 00:00:00,10557.781,10726.701,10512.704,10710.469,1010.4524536132812
2016-09-03 00:00:00,10710.469,10710.469,10710.469,10710.469,0.0
2016-09-04 00:00:00,10710.469,10710.469,10710.469,10710.469,0.0
2016-09-05 00:00:00,10750.046,10750.915,10670.044,10684.082,613.2732543945312
2016-09-06 00:00:00,10692.464,10741.201,10654.71,10694.469,759.9439697265625
2016-09-07 00:00:00,10716.197,10777.21,10657.715,10742.77,611.5745849609375
2016-09-08 00:00:00,10750.886,10779.896,10567.107,10668.899,900.2435302734375
2016-09-09 00:00:00,10658.718,10671.307,10474.412,10475.059,254.89508056640625
2016-09-10 00:00:00,10475.059,10475.059,10475.059,10475.059,0.0
2016-09-11 00:00:00,10475.059,10475.059,10475.059,10475.059,0.0
2016-09-12 00:00:00,10392.967,10542.511,10321.06,10539.664,6.561299800872803
2016-09-13 00:00:00,10516.983,10519.118,10351.117,10412.126,6.2256999015808105
2016-09-14 00:00:00,10435.788,10451.732,10347.963,10364.962,5.187099933624268
2016-09-15 00:00:00,10356.483,10475.097,10337.396,10457.588,4.738101005554199
2016-09-16 00:00:00,10417.106,10428.801,10245.8,10292.447,5.6403398513793945
2016-09-17 00:00:00,10292.447,10292.447,10292.447,10292.447,0.0
2016-09-18 00:00:00,10292.447,10292.447,10292.447,10292.447,0.0
2016-09-19 00:00:00,10341.22,10386.628,10324.219,10345.768,5.051126003265381
2016-09-20 00:00:00,10359.481,10468.354,10355.964,10400.466,4.576749801635742
2016-09-21 00:00:00,10447.087,10536.427,10403.969,10509.417,5.277530193328857
2016-09-22 00:00:00,10509.243,10705.649,10492.927,10673.485,4.427299976348877
2016-09-23 00:00:00,10677.036,10678.449,10604.833,10613.172,5.483150005340576
2016-09-24 00:00:00,10613.172,10613.172,10613.172,10613.172,0.0
2016-09-25 00:00:00,10613.172,10613.172,10613.172,10613.172,0.0
2016-09-26 00:00:00,10559.108,10578.848,10380.222,10385.525,4.231852054595947
2016-09-27 00:00:00,10452.897,10467.276,10264.313,10399.46,5.898799896240234
2016-09-28 00:00:00,10381.786,10523.708,10372.247,10512.549,5.27209997177124
2016-09-29 00:00:00,10547.889,10577.277,10257.133,10288.198,5.459199905395508
2016-09-30 00:00:00,10252.249,10551.831,10185.556,10512.456,4.5589752197265625
2016-10-01 00:00:00,10512.456,10512.456,10512.456,10512.456,0.0
2016-10-02 00:00:00,10512.456,10512.456,10512.456,10512.456,0.0
2016-10-03 00:00:00,10512.456,10512.456,10512.456,10512.456,0.0
2016-10-04 00:00:00,10523.53,10646.727,10488.83,10557.925,5.535574913024902
2016-10-05 00:00:00,10595.067,10624.779,10484.545,10603.282,4.484499931335449
2016-10-06 00:00:00,10600.515,10645.306,10535.487,10597.7,4.132999897003174
2016-10-07 00:00:00,10571.303,10581.954,10451.93,10488.477,7.294909954071045
2016-10-08 00:00:00,10488.477,10488.477,10488.477,10488.477,0.0
2016-10-09 00:00:00,10488.477,10488.477,10488.477,10488.477,0.0
2016-10-10 00:00:00,10505.847,10648.816,10452.521,10618.951,3.637399911880493
2016-10-11 00:00:00,10599.749,10692.789,10544.763,10570.89,4.040375232696533
2016-10-12 00:00:00,10580.449,10604.016,10501.506,10545.748,4.889368057250977
2016-10-13 00:00:00,10460.329,10471.898,10347.559,10451.96,5.055164813995361
2016-10-14 00:00:00,10465.389,10617.179,10442.34,10587.441,5.0491251945495605
2016-10-15 00:00:00,10587.441,10587.441,10587.441,10587.441,0.0
2016-10-16 00:00:00,10587.441,10587.441,10587.441,10587.441,0.0
2016-10-17 00:00:00,10543.479,10579.659,10485.322,10506.506,4.730199813842773
2016-10-18 00:00:00,10561.065,10657.828,10539.699,10627.715,4.735324859619141
2016-10-19 00:00:00,10625.715,10673.915,10588.616,10653.722,4.678999900817871
2016-10-20 00:00:00,10682.121,10749.934,10591.572,10712.826,5.501570224761963
2016-10-21 00:00:00,10700.577,10737.353,10670.705,10721.716,4.87529993057251
2016-10-22 00:00:00,10721.716,10721.716,10721.716,10721.716,0.0
2016-10-23 00:00:00,10721.716,10721.716,10721.716,10721.716,0.0
2016-10-24 00:00:00,10711.967,10821.879,10704.174,10774.706,4.068999767303467
2016-10-25 00:00:00,10787.568,10827.589,10739.41,10767.656,3.957900047302246
2016-10-26 00:00:00,10763.919,10768.427,10628.09,10693.991,4.879062175750732
2016-10-27 00:00:00,10648.25,10772.698,10644.789,10705.327,4.769486904144287
2016-10-28 00:00:00,10683.87,10717.352,10580.847,10648.587,5.054999828338623
2016-10-29 00:00:00,10648.587,10648.587,10648.587,10648.587,0.0
2016-10-30 00:00:00,10648.587,10648.587,10648.587,10648.587,0.0
2016-10-31 00:00:00,10684.472,10692.243,10632.283,10678.374,3.131500005722046
2016-11-01 00:00:00,10732.457,10739.482,10456.533,10496.06,4.409299850463867
2016-11-02 00:00:00,10436.063,10468.87,10334.217,10377.993,3.9330999851226807
2016-11-03 00:00:00,10382.604,10406.992,10295.097,10300.475,4.678899765014648
2016-11-04 00:00:00,10319.438,10323.679,10200.885,10216.809,5.406199932098389
2016-11-05 00:00:00,10216.809,10216.809,10216.809,10216.809,0.0
2016-11-06 00:00:00,10216.809,10216.809,10216.809,10216.809,0.0
2016-11-07 00:00:00,10412.677,10468.843,10379.908,10468.186,3.9326000213623047
2016-11-08 00:00:00,10444.597,10551.936,10411.644,10533.655,3.978724956512451
2016-11-09 00:00:00,10053.134,10682.948,10033.52,10659.57,6.338475227355957
2016-11-10 00:00:00,10701.366,10795.909,10573.859,10670.19,6.806982040405273
2016-11-11 00:00:00,10676.779,10711.732,10584.077,10685.182,3.942650079727173
2016-11-12 00:00:00,10685.182,10685.182,10685.182,10685.182,0.0
2016-11-13 00:00:00,10685.182,10685.182,10685.182,10685.182,0.0
2016-11-14 00:00:00,10773.704,10799.81,10668.096,10707.698,4.7185750007629395
2016-11-15 00:00:00,10708.365,10758.988,10664.026,10757.998,3.2727909088134766
2016-11-16 00:00:00,10780.452,10780.452,10609.565,10661.41,4.0610671043396
2016-11-17 00:00:00,10675.848,10731.603,10604.251,10731.186,4.4313249588012695
2016-11-18 00:00:00,10732.423,10748.937,10648.275,10661.696,4.76669979095459
2016-11-19 00:00:00,10661.696,10661.696,10661.696,10661.696,0.0
2016-11-20 00:00:00,10661.696,10661.696,10661.696,10661.696,0.0
2016-11-21 00:00:00,10690.04,10726.969,10592.796,10712.054,2.746509075164795
2016-11-22 00:00:00,10773.086,10773.609,10700.397,10732.139,4.371600151062012
2016-11-23 00:00:00,10743.449,10746.536,10601.934,10678.821,4.28205680847168
2016-11-24 00:00:00,10678.237,10718.114,10652.51,10692.166,2.7119998931884766
2016-11-25 00:00:00,10703.607,10716.675,10649.861,10704.168,2.5713000297546387
2016-11-26 00:00:00,10704.168,10704.168,10704.168,10704.168,0.0
2016-11-27 00:00:00,10704.168,10704.168,10704.168,10704.168,0.0
2016-11-28 00:00:00,10677.529,10691.02,10553.699,10557.872,5.310025215148926
2016-11-29 00:00:00,10569.387,10647.168,10538.736,10622.651,5.811841011047363
2016-11-30 00:00:00,10630.043,10693.545,10604.13,10617.237,6.034299850463867
2016-12-01 00:00:00,10613.219,10626.779,10479.7,10487.266,6.940474987030029
2016-12-02 00:00:00,10473.376,10546.628,10402.02,10524.527,5.567800045013428
2016-12-03 00:00:00,10524.527,10524.527,10524.527,10524.527,0.0
2016-12-04 00:00:00,10524.527,10524.527,10524.527,10524.527,0.0
2016-12-05 00:00:00,10446.467,10734.003,10424.278,10711.946,5.9674811363220215
2016-12-06 00:00:00,10718.968,10839.815,10666.775,10828.762,5.546853065490723
2016-12-07 00:00:00,10860.392,11085.926,10844.782,11044.232,5.315800189971924
2016-12-08 00:00:00,11031.206,11205.439,10987.286,11172.917,5.809150218963623
2016-12-09 00:00:00,11186.727,11237.994,11144.418,11230.714,3.59733510017395
2016-12-10 00:00:00,11230.714,11230.714,11230.714,11230.714,0.0
2016-12-11 00:00:00,11230.714,11230.714,11230.714,11230.714,0.0
2016-12-12 00:00:00,11241.8,11241.973,11141.715,11167.799,5.1301350593566895
2016-12-13 00:00:00,11177.366,11308.293,11174.431,11277.88,4.73360013961792
2016-12-14 00:00:00,11275.04,11320.369,11222.045,11235.203,4.511849880218506
2016-12-15 00:00:00,11261.992,11397.733,11256.854,11371.115,4.790615081787109
2016-12-16 00:00:00,11370.398,11450.643,11350.274,11387.667,5.138700008392334
2016-12-17 00:00:00,11387.667,11387.667,11387.667,11387.667,0.0
2016-12-18 00:00:00,11387.667,11387.667,11387.667,11387.667,0.0
2016-12-19 00:00:00,11417.793,11429.13,11378.774,11398.947,3.9182000160217285
2016-12-20 00:00:00,11413.237,11472.908,11408.066,11457.877,3.671525001525879
2016-12-21 00:00:00,11449.954,11480.37,11443.633,11461.49,3.7473061084747314
2016-12-22 00:00:00,11444.321,11476.155,11426.995,11447.406,2.9873249530792236
2016-12-23 00:00:00,11458.449,11484.478,11405.1,11452.914,2.669450044631958
2016-12-24 00:00:00,11452.914,11452.914,11452.914,11452.914,0.0
2016-12-25 00:00:00,11452.914,11452.914,11452.914,11452.914,0.0
2016-12-26 00:00:00,11452.914,11452.914,11452.914,11452.914,0.0
2016-12-27 00:00:00,11424.037,11480.857,11424.037,11463.526,2.481658935546875
2016-12-28 00:00:00,11471.296,11478.91,11429.887,11436.888,3.1668899059295654
2016-12-29 00:00:00,11445.333,11459.305,11409.712,11433.966,4.017499923706055
2016-12-30 00:00:00,11455.783,11482.851,11399.791,11442.786,3.9574999809265137
2016-12-31 00:00:00,11442.786,11442.786,11442.786,11442.786,0.0
2017-01-01 00:00:00,11442.786,11442.786,11442.786,11442.786,0.0
2017-01-02 00:00:00,11417.507,11619.979,11406.518,11589.036,1.5906000137329102
2017-01-03 00:00:00,11609.824,11647.18,11550.198,11588.187,6.443399906158447
2017-01-04 00:00:00,11598.265,11615.689,11527.135,11583.981,4.241799831390381
2017-01-05 00:00:00,11547.797,11601.875,11528.85,11570.111,3.4375998973846436
2017-01-06 00:00:00,11569.466,11619.502,11544.209,11603.417,4.255499839782715
2017-01-07 00:00:00,11603.417,11603.417,11603.417,11603.417,0.0
2017-01-08 00:00:00,11603.417,11603.417,11603.417,11603.417,0.0
2017-01-09 00:00:00,11631.08,11633.08,11521.213,11554.029,3.732795000076294
2017-01-10 00:00:00,11546.529,11605.93,11544.729,11570.93,2.458980083465576
2017-01-11 00:00:00,11575.429,11695.729,11523.629,11655.429,3.2890050411224365
2017-01-12 00:00:00,11620.929,11628.129,11492.63,11563.929,3.0042049884796143
2017-01-13 00:00:00,11578.429,11635.93,11555.979,11608.224,2.804409980773926
2017-01-14 00:00:00,11608.224,11608.224,11608.224,11608.224,0.0
2017-01-15 00:00:00,11608.224,11608.224,11608.224,11608.224,0.0
2017-01-16 00:00:00,11566.829,11578.826,11529.179,11556.829,2.4867749214172363
2017-01-17 00:00:00,11535.029,11588.03,11426.329,11548.83,3.3562750816345215
2017-01-18 00:00:00,11587.829,11623.33,11531.029,11621.529,2.1182849407196045
2017-01-19 00:00:00,11628.63,11645.129,11559.929,11573.729,2.2534101009368896
2017-01-20 00:00:00,11592.43,11634.779,11546.529,11619.33,2.9026899337768555
2017-01-21 00:00:00,11619.33,11619.33,11619.33,11619.33,0.0
2017-01-22 00:00:00,11619.33,11619.33,11619.33,11619.33,0.0
2017-01-23 00:00:00,11561.63,11608.129,11508.13,11568.729,3.2541000843048096
2017-01-24 00:00:00,11572.73,11644.13,11540.129,11629.53,2.588515043258667
2017-01-25 00:00:00,11645.53,11831.679,11638.93,11817.83,2.8263800144195557
2017-01-26 00:00:00,11844.829,11892.379,11819.529,11833.629,2.419610023498535
2017-01-27 00:00:00,11837.829,11853.238,11799.83,11810.73,2.145020008087158
2017-01-28 00:00:00,11810.73,11810.73,11810.73,11810.73,0.0
2017-01-29 00:00:00,11810.73,11810.73,11810.73,11810.73,0.0
2017-01-30 00:00:00,11772.757,11794.829,11661.179,11713.23,3.215894937515259
2017-01-31 00:00:00,11675.729,11732.33,11533.25,11585.13,4.2925848960876465
2017-02-01 00:00:00,11635.63,11722.129,11609.029,11660.83,3.347860097885132
2017-02-02 00:00:00,11608.73,11677.33,11597.829,11654.63,4.498684883117676
2017-02-03 00:00:00,11626.63,11699.029,11625.329,11660.63,7.216334819793701
2017-02-04 00:00:00,11660.63,11660.63,11660.63,11660.63,0.0
2017-02-05 00:00:00,11660.63,11660.63,11660.63,11660.63,0.0
2017-02-06 00:00:00,11656.829,11682.53,11480.33,11511.229,4.850444793701172
2017-02-07 00:00:00,11480.83,11607.029,11463.33,11560.029,1.9123749732971191
2017-02-08 00:00:00,11574.729,11591.524,11479.479,11555.318,6.182175159454346
2017-02-09 00:00:00,11571.33,11661.33,11546.129,11644.279,3.152904987335205
2017-02-10 00:00:00,11678.83,11720.129,11643.302,11665.83,2.910170078277588
2017-02-11 00:00:00,11665.83,11665.83,11665.83,11665.83,0.0
2017-02-12 00:00:00,11665.83,11665.83,11665.83,11665.83,0.0
2017-02-13 00:00:00,11669.329,11812.439,11668.829,11773.364,2.832245111465454
2017-02-14 00:00:00,11770.529,11804.258,11751.529,11795.258,5.039279937744141
2017-02-15 00:00:00,11812.458,11848.566,11722.65,11793.899,2.587019920349121
2017-02-16 00:00:00,11788.029,11813.974,11726.479,11772.485,4.476574897766113
2017-02-17 00:00:00,11748.33,11798.678,11691.699,11788.129,4.403355121612549
2017-02-18 00:00:00,11788.129,11788.129,11788.129,11788.129,0.0
2017-02-19 00:00:00,11788.129,11788.129,11788.129,11788.129,0.0
2017-02-20 00:00:00,11822.491,11861.281,11805.329,11825.279,2.2700018882751465
2017-02-21 00:00:00,11828.03,11998.33,11798.399,11991.729,2.761125087738037
2017-02-22 00:00:00,11995.229,12032.84,11968.029,12002.58,2.3804900646209717
2017-02-23 00:00:00,12004.729,12017.519,11927.829,11956.83,2.0964250564575195
2017-02-24 00:00:00,11933.029,11935.53,11719.329,11833.079,3.5063400268554688
2017-02-25 00:00:00,11833.079,11833.079,11833.079,11833.079,0.0
2017-02-26 00:00:00,11833.079,11833.079,11833.079,11833.079,0.0
2017-02-27 00:00:00,11835.029,11863.13,11792.33,11850.729,5.619740009307861
2017-02-28 00:00:00,11847.03,11854.03,11780.129,11829.13,4.196159839630127
2017-03-01 00:00:00,11868.405,12100.96,11859.502,12072.229,2.5724499225616455
2017-03-02 00:00:00,12074.329,12090.36,12038.823,12046.579,7.798449993133545
2017-03-03 00:00:00,12011.43,12056.83,11989.767,12015.579,13.321374893188477
2017-03-04 00:00:00,12015.579,12015.579,12015.579,12015.579,0.0
2017-03-05 00:00:00,12015.579,12015.579,12015.579,12015.579,0.0
2017-03-06 00:00:00,11992.683,12001.14,11918.885,11979.579,10.071145057678223
2017-03-07 00:00:00,11986.229,11989.482,11933.657,11955.829,9.307341575622559
2017-03-08 00:00:00,11929.23,12019.839,11916.666,11943.08,15.366584777832031
2017-03-09 00:00:00,11947.079,12026.64,11918.07,11986.079,13.259456634521484
2017-03-10 00:00:00,12012.229,12067.1,11932.849,11959.53,12.84042739868164
2017-03-11 00:00:00,11959.53,11959.53,11959.53,11959.53,0.0
2017-03-12 00:00:00,11959.53,11959.53,11959.53,11959.53,0.0
2017-03-13 00:00:00,11956.629,12017.329,11947.529,12006.079,9.433884620666504
2017-03-14 00:00:00,12007.941,12011.83,11927.889,11991.33,13.481389999389648
2017-03-15 00:00:00,12000.53,12063.579,11977.169,12057.83,8.791648864746094
2017-03-16 00:00:00,12099.829,12180.029,12044.861,12079.53,4.282381057739258
2017-03-17 00:00:00,12045.276,12117.83,12017.132,12080.926,11.104660034179688
2017-03-18 00:00:00,12080.926,12080.926,12080.926,12080.926,0.0
2017-03-19 00:00:00,12080.926,12080.926,12080.926,12080.926,0.0
2017-03-20 00:00:00,12039.329,12080.329,12026.829,12044.23,5.917270183563232
2017-03-21 00:00:00,12065.53,12112.179,11893.53,11906.779,7.988205909729004
2017-03-22 00:00:00,11872.579,11948.03,11849.329,11929.74,8.852060317993164
2017-03-23 00:00:00,11946.157,12045.83,11893.629,12014.08,9.44204044342041
2017-03-24 00:00:00,12045.63,12097.517,12007.529,12075.82,8.712730407714844
2017-03-25 00:00:00,12075.82,12075.82,12075.82,12075.82,0.0
2017-03-26 00:00:00,12075.82,12075.82,12075.82,12075.82,0.0
2017-03-27 00:00:00,11992.38,12032.83,11914.379,12028.58,4.218585014343262
2017-03-28 00:00:00,12082.53,12185.53,12040.93,12177.029,2.113229990005493
2017-03-29 00:00:00,12164.729,12236.689,12163.23,12201.579,2.376389980316162
2017-03-30 00:00:00,12203.329,12261.33,12193.349,12256.079,1.6964099407196045
2017-03-31 00:00:00,12224.03,12341.93,12217.33,12317.079,1.997130036354065
2017-04-01 00:00:00,12317.079,12317.079,12317.079,12317.079,0.0
2017-04-02 00:00:00,12317.079,12317.079,12317.079,12317.079,0.0
2017-04-03 00:00:00,12337.829,12387.009,12209.33,12284.079,2.1380650997161865
2017-04-04 00:00:00,12256.329,12298.83,12227.24,12294.929,1.8001500368118286
2017-04-05 00:00:00,12296.43,12297.329,12171.529,12174.429,1.4017200469970703
2017-04-06 00:00:00,12136.43,12243.03,12114.53,12220.83,1.595729947090149
2017-04-07 00:00:00,12180.83,12252.33,12141.129,12226.129,1.5377980470657349
2017-04-08 00:00:00,12226.129,12226.129,12226.129,12226.129,0.0
2017-04-09 00:00:00,12226.129,12226.129,12226.129,12226.129,0.0
2017-04-10 00:00:00,12235.83,12270.67,12174.329,12184.929,1.815722942352295
2017-04-11 00:00:00,12175.079,12221.02,12043.529,12178.88,2.3779799938201904
2017-04-12 00:00:00,12174.229,12241.329,12119.529,12135.02,2.3918399810791016
2017-04-13 00:00:00,12147.029,12154.04,12064.68,12086.829,2.1485400199890137
2017-04-14 00:00:00,12086.829,12086.829,12086.829,12086.829,0.0
2017-04-15 00:00:00,12086.829,12086.829,12086.829,12086.829,0.0
2017-04-16 00:00:00,12086.829,12086.829,12086.829,12086.829,0.0
2017-04-17 00:00:00,12086.829,12086.829,12086.829,12086.829,0.0
2017-04-18 00:00:00,12162.079,12181.68,11955.29,11994.579,2.72475004196167
2017-04-19 00:00:00,12011.79,12038.34,11966.83,11973.83,1.9442310333251953
2017-04-20 00:00:00,11993.789,12062.829,11942.029,12039.529,2.1003000736236572
2017-04-21 00:00:00,12048.829,12092.23,12007.88,12076.33,1.4737199544906616
2017-04-22 00:00:00,12076.33,12076.33,12076.33,12076.33,0.0
2017-04-23 00:00:00,12076.33,12076.33,12076.33,12076.33,0.0
2017-04-24 00:00:00,12284.33,12480.33,12249.329,12463.23,1.583009958267212
2017-04-25 00:00:00,12448.279,12494.53,12436.83,12472.03,1.1270099878311157
2017-04-26 00:00:00,12482.83,12486.329,12425.83,12430.429,1.16867995262146
2017-04-27 00:00:00,12435.03,12474.63,12422.529,12441.73,1.091189980506897
2017-04-28 00:00:00,12434.73,12457.03,12404.38,12431.029,1.0149600505828857
2017-04-29 00:00:00,12431.029,12431.029,12431.029,12431.029,0.0
2017-04-30 00:00:00,12431.029,12431.029,12431.029,12431.029,0.0
2017-05-01 00:00:00,12431.029,12431.029,12431.029,12431.029,0.0
2017-05-02 00:00:00,12454.53,12529.53,12426.68,12521.43,0.9564899802207947
2017-05-03 00:00:00,12508.029,12536.53,12475.88,12529.33,2.0372819900512695
2017-05-04 00:00:00,12545.83,12652.33,12532.23,12643.33,2.493690013885498
2017-05-05 00:00:00,12610.529,12833.33,12595.329,12819.329,2.341949939727783
2017-05-06 00:00:00,12819.329,12819.329,12819.329,12819.329,0.0
2017-05-07 00:00:00,12819.329,12819.329,12819.329,12819.329,0.0
2017-05-08 00:00:00,12802.829,12812.83,12657.38,12701.729,2.0993399620056152
2017-05-09 00:00:00,12705.029,12785.33,12703.829,12745.529,0.7257900238037109
2017-05-10 00:00:00,12730.029,12779.53,12709.329,12766.43,0.7837409973144531
2017-05-11 00:00:00,12759.03,12772.13,12658.529,12736.83,1.1500799655914307
2017-05-12 00:00:00,12712.13,12787.829,12706.53,12783.83,0.952019989490509
2017-05-13 00:00:00,12783.83,12783.83,12783.83,12783.83,0.0
2017-05-14 00:00:00,12783.83,12783.83,12783.83,12783.83,0.0
2017-05-15 00:00:00,12811.829,12840.83,12724.029,12806.129,1.4708900451660156
2017-05-16 00:00:00,12793.83,12839.38,12770.829,12801.529,2.0508298873901367
2017-05-17 00:00:00,12744.53,12788.83,12544.83,12546.029,2.823509931564331
2017-05-18 00:00:00,12574.83,12642.73,12493.279,12613.23,3.924720048904419
2017-05-19 00:00:00,12624.329,12656.53,12590.829,12627.229,1.387900948524475
2017-05-20 00:00:00,12627.229,12627.229,12627.229,12627.229,0.0
2017-05-21 00:00:00,12627.229,12627.229,12627.229,12627.229,0.0
2017-05-22 00:00:00,12664.829,12687.529,12566.529,12627.029,1.5044729709625244
2017-05-23 00:00:00,12598.229,12703.279,12584.729,12666.029,2.550839900970459
2017-05-24 00:00:00,12647.829,12661.629,12612.329,12640.829,1.195199966430664
2017-05-25 00:00:00,12677.329,12710.329,12538.83,12619.029,1.6086599826812744
2017-05-26 00:00:00,12597.329,12610.324,12528.029,12599.229,1.4560500383377075
2017-05-27 00:00:00,12599.229,12599.229,12599.229,12599.229,0.0
2017-05-28 00:00:00,12599.229,12599.229,12599.229,12599.229,0.0
2017-05-29 00:00:00,12617.53,12646.03,12575.829,12623.33,0.6172199845314026
2017-05-30 00:00:00,12610.73,12648.829,12564.33,12587.33,1.4414399862289429
2017-05-31 00:00:00,12577.729,12709.83,12577.229,12630.03,1.973587989807129
2017-06-01 00:00:00,12645.829,12698.03,12616.829,12695.829,1.451640009880066
2017-06-02 00:00:00,12744.229,12880.529,12728.729,12842.73,1.8561429977416992
2017-06-03 00:00:00,12842.73,12842.73,12842.73,12842.73,0.0
2017-06-04 00:00:00,12842.73,12842.73,12842.73,12842.73,0.0
2017-06-05 00:00:00,12842.73,12842.73,12842.73,12842.73,0.0
2017-06-06 00:00:00,12780.929,12794.329,12651.329,12666.03,1.7024400234222412
2017-06-07 00:00:00,12670.03,12747.329,12635.83,12694.029,1.37055504322052
2017-06-08 00:00:00,12696.529,12743.53,12671.329,12728.629,1.3183799982070923
2017-06-09 00:00:00,12727.63,12822.03,12698.83,12771.329,1.6258800029754639
2017-06-10 00:00:00,12771.329,12771.329,12771.329,12771.329,0.0
2017-06-11 00:00:00,12771.329,12771.329,12771.329,12771.329,0.0
2017-06-12 00:00:00,12766.33,12786.03,12661.83,12703.529,1.5827560424804688
2017-06-13 00:00:00,12700.33,12811.83,12695.129,12799.03,1.0128599405288696
2017-06-14 00:00:00,12783.829,12924.329,12779.029,12835.53,1.5112199783325195
2017-06-15 00:00:00,12812.13,12814.53,12614.83,12697.13,1.2260099649429321
2017-06-16 00:00:00,12716.83,12764.53,12706.329,12758.03,1.277459979057312
2017-06-17 00:00:00,12758.03,12758.03,12758.03,12758.03,0.0
2017-06-18 00:00:00,12758.03,12758.03,12758.03,12758.03,0.0
2017-06-19 00:00:00,12795.829,12917.029,12793.829,12908.53,1.0668599605560303
2017-06-20 00:00:00,12932.529,12955.53,12781.33,12811.83,0.829721987247467
2017-06-21 00:00:00,12791.33,12806.33,12706.829,12765.329,1.0538369417190552
2017-06-22 00:00:00,12783.03,12807.33,12713.33,12772.83,0.8314380049705505
2017-06-23 00:00:00,12795.329,12796.03,12674.53,12733.629,0.9931550025939941
2017-06-24 00:00:00,12733.629,12733.629,12733.629,12733.629,0.0
2017-06-25 00:00:00,12733.629,12733.629,12733.629,12733.629,0.0
2017-06-26 00:00:00,12756.329,12841.83,12749.729,12768.03,0.8417999744415283
2017-06-27 00:00:00,12750.53,12758.33,12588.029,12598.529,1.4756200313568115
2017-06-28 00:00:00,12576.43,12690.529,12535.229,12674.3,43.242549896240234
2017-06-29 00:00:00,12728.529,12734.83,12347.479,12400.629,597.7594604492188
2017-06-30 00:00:00,12406.73,12458.78,12310.129,12374.529,400.9244079589844
2017-07-01 00:00:00,12374.529,12374.529,12374.529,12374.529,0.0
2017-07-02 00:00:00,12374.529,12374.529,12374.529,12374.529,0.0
2017-07-03 00:00:00,12408.529,12486.98,12384.129,12440.829,332.6741943359375
2017-07-04 00:00:00,12437.229,12483.979,12413.829,12443.329,215.1400146484375
2017-07-05 00:00:00,12430.829,12498.98,12403.529,12481.729,334.58294677734375
2017-07-06 00:00:00,12477.829,12489.83,12313.63,12347.03,432.93707275390625
2017-07-07 00:00:00,12349.83,12424.98,12334.629,12417.53,270.9503173828125
2017-07-08 00:00:00,12417.53,12417.53,12417.53,12417.53,0.0
2017-07-09 00:00:00,12417.53,12417.53,12417.53,12417.53,0.0
2017-07-10 00:00:00,12456.93,12483.979,12400.829,12452.729,219.88070678710938
2017-07-11 00:00:00,12468.33,12540.28,12413.129,12481.129,255.63485717773438
2017-07-12 00:00:00,12470.529,12655.479,12451.53,12632.529,239.988525390625
2017-07-13 00:00:00,12656.829,12677.48,12613.479,12650.709,282.4797668457031
2017-07-14 00:00:00,12648.48,12663.33,12574.33,12647.329,267.5430603027344
2017-07-15 00:00:00,12647.329,12647.329,12647.329,12647.329,0.0
2017-07-16 00:00:00,12647.329,12647.329,12647.329,12647.329,0.0
2017-07-17 00:00:00,12654.03,12673.279,12538.729,12580.28,263.19805908203125
2017-07-18 00:00:00,12556.33,12574.78,12383.979,12437.829,278.17071533203125
2017-07-19 00:00:00,12454.23,12489.28,12414.729,12480.83,212.67503356933594
2017-07-20 00:00:00,12501.929,12573.33,12388.33,12446.329,237.09234619140625
2017-07-21 00:00:00,12437.73,12463.53,12189.78,12251.329,236.11618041992188
2017-07-22 00:00:00,12251.329,12251.329,12251.329,12251.329,0.0
2017-07-23 00:00:00,12251.329,12251.329,12251.329,12251.329,0.0
2017-07-24 00:00:00,12230.73,12254.779,12140.829,12247.529,427.7642517089844
2017-07-25 00:00:00,12245.779,12302.279,12209.829,12264.529,378.4254150390625
2017-07-26 00:00:00,12254.029,12342.329,12243.48,12259.029,520.331787109375
2017-07-27 00:00:00,12282.729,12295.48,12145.03,12189.029,486.7026062011719
2017-07-28 00:00:00,12143.729,12183.98,12094.83,12172.43,527.9080810546875
2017-07-29 00:00:00,12172.43,12172.43,12172.43,12172.43,0.0
2017-07-30 00:00:00,12172.43,12172.43,12172.43,12172.43,0.0
2017-07-31 00:00:00,12151.029,12209.53,12082.729,12096.829,225.4993896484375
2017-08-01 00:00:00,12132.329,12305.279,12087.529,12252.48,387.0016784667969
2017-08-02 00:00:00,12266.829,12281.6,12151.51,12183.829,353.13201904296875
2017-08-03 00:00:00,12174.03,12185.979,12095.729,12141.03,283.5457458496094
2017-08-04 00:00:00,12146.779,12324.78,12125.979,12292.48,402.1236572265625
2017-08-05 00:00:00,12292.48,12292.48,12292.48,12292.48,0.0
2017-08-06 00:00:00,12292.48,12292.48,12292.48,12292.48,0.0
2017-08-07 00:00:00,12312.479,12337.78,12223.479,12249.829,203.39743041992188
2017-08-08 00:00:00,12235.979,12331.479,12184.329,12238.829,274.1726989746094
2017-08-09 00:00:00,12204.03,12228.329,12097.479,12176.83,226.3242950439453
2017-08-10 00:00:00,12148.5,12163.329,11947.479,11957.0,224.9753875732422
2017-08-11 00:00:00,11962.53,12049.11,11935.479,11999.0,210.68138122558594
2017-08-12 00:00:00,11999.0,11999.0,11999.0,11999.0,0.0
2017-08-13 00:00:00,11999.0,11999.0,11999.0,11999.0,0.0
2017-08-14 00:00:00,12096.5,12196.529,12079.479,12162.829,206.7484130859375
2017-08-15 00:00:00,12208.48,12234.979,12154.979,12201.15,196.33447265625
2017-08-16 00:00:00,12202.479,12301.53,12202.479,12234.8,213.47462463378906
2017-08-17 00:00:00,12244.53,12291.28,12121.029,12121.43,194.29983520507812
2017-08-18 00:00:00,12142.33,12199.0,12081.03,12161.65,177.82015991210938
2017-08-19 00:00:00,12161.65,12161.65,12161.65,12161.65,0.0
2017-08-20 00:00:00,12161.65,12161.65,12161.65,12161.65,0.0
2017-08-21 00:00:00,12156.28,12156.479,12018.98,12072.529,160.53079223632812
2017-08-22 00:00:00,12112.78,12255.03,12110.329,12253.829,183.58375549316406
2017-08-23 00:00:00,12241.029,12272.03,12155.03,12186.129,1.4647799730300903
2017-08-24 00:00:00,12180.329,12259.33,12170.029,12180.03,1.2596100568771362
2017-08-25 00:00:00,12214.829,12252.329,12131.329,12173.829,1.197540044784546
2017-08-26 00:00:00,12173.829,12173.829,12173.829,12173.829,0.0
2017-08-27 00:00:00,12173.829,12173.829,12173.829,12173.829,0.0
2017-08-28 00:00:00,12143.529,12177.029,12063.83,12131.03,0.9547500014305115
2017-08-29 00:00:00,12072.029,12079.329,11867.13,11986.829,1.5291329622268677
2017-08-30 00:00:00,12019.43,12043.029,11989.53,12025.029,1.1055599451065063
2017-08-31 00:00:00,12067.529,12118.529,12033.43,12064.83,1.0333499908447266
2017-09-01 00:00:00,12086.83,12194.829,12081.329,12150.329,1.089840054512024
2017-09-02 00:00:00,12150.329,12150.329,12150.329,12150.329,0.0
2017-09-03 00:00:00,12150.329,12150.329,12150.329,12150.329,0.0
2017-09-04 00:00:00,12061.529,12142.53,12036.33,12128.03,0.791130006313324
2017-09-05 00:00:00,12118.83,12214.829,12044.029,12074.33,1.5349229574203491
2017-09-06 00:00:00,12079.329,12306.329,12055.829,12285.229,1.6093499660491943
2017-09-07 00:00:00,12274.33,12370.13,12268.33,12321.43,1.5757800340652466
2017-09-08 00:00:00,12274.729,12323.029,12243.03,12289.629,1.298069953918457
2017-09-09 00:00:00,12289.629,12289.629,12289.629,12289.629,0.0
2017-09-10 00:00:00,12289.629,12289.629,12289.629,12289.629,0.0
2017-09-11 00:00:00,12388.629,12508.53,12374.329,12494.829,1.0525200366973877
2017-09-12 00:00:00,12505.83,12559.329,12501.53,12517.329,1.0422899723052979
2017-09-13 00:00:00,12509.329,12567.83,12478.43,12551.029,0.972000002861023
2017-09-14 00:00:00,12534.329,12557.33,12498.529,12548.03,0.8436899781227112
2017-09-15 00:00:00,12532.03,12563.53,12506.529,12535.83,1.0318800210952759
2017-09-16 00:00:00,12535.83,12535.83,12535.83,12535.83,0.0
2017-09-17 00:00:00,12535.83,12535.83,12535.83,12535.83,0.0
2017-09-18 00:00:00,12594.03,12615.829,12534.829,12561.53,0.9651899933815002
2017-09-19 00:00:00,12567.03,12567.03,12525.529,12556.529,1.065600037574768
2017-09-20 00:00:00,12558.03,12640.03,12515.529,12637.83,1.230239987373352
2017-09-21 00:00:00,12611.029,12620.729,12581.229,12596.329,1.1352900266647339
2017-09-22 00:00:00,12560.83,12647.829,12558.329,12613.529,1.2022199630737305
2017-09-23 00:00:00,12613.529,12613.529,12613.529,12613.529,0.0
2017-09-24 00:00:00,12613.529,12613.529,12613.529,12613.529,0.0
2017-09-25 00:00:00,12571.83,12635.53,12551.53,12574.329,1.397130012512207
2017-09-26 00:00:00,12571.529,12631.029,12551.529,12601.53,1.222350001335144
2017-09-27 00:00:00,12630.53,12703.83,12623.529,12680.03,1.2903599739074707
2017-09-28 00:00:00,12696.529,12725.529,12664.029,12717.03,1.1388599872589111
2017-09-29 00:00:00,12726.33,12848.53,12720.83,12844.53,1.1536829471588135
2017-09-30 00:00:00,12844.53,12844.53,12844.53,12844.53,0.0
2017-10-01 00:00:00,12844.53,12844.53,12844.53,12844.53,0.0
2017-10-02 00:00:00,12889.329,12916.03,12847.73,12910.33,1.06039297580719
2017-10-03 00:00:00,12910.33,12910.33,12910.33,12910.33,0.0
2017-10-04 00:00:00,12946.029,12982.83,12893.33,12942.829,1.2957600355148315
2017-10-05 00:00:00,12949.729,12988.529,12932.63,12983.029,1.2152400016784668
2017-10-06 00:00:00,12985.829,12993.63,12940.929,12968.129,1.186769962310791
2017-10-07 00:00:00,12968.129,12968.129,12968.129,12968.129,0.0
2017-10-08 00:00:00,12968.129,12968.129,12968.129,12968.129,0.0
2017-10-09 00:00:00,12977.629,12997.53,12936.03,12943.33,0.9584100246429443
2017-10-10 00:00:00,12960.329,12982.83,12907.83,12959.829,1.3902939558029175
2017-10-11 00:00:00,12972.829,12984.93,12924.529,12973.33,1.0812900066375732
2017-10-12 00:00:00,12973.33,13003.68,12943.029,12977.029,0.9775220155715942
2017-10-13 00:00:00,13002.129,13039.93,12964.029,12997.329,1.0629299879074097
2017-10-14 00:00:00,12997.329,12997.329,12997.329,12997.329,0.0
2017-10-15 00:00:00,12997.329,12997.329,12997.329,12997.329,0.0
2017-10-16 00:00:00,13014.029,13027.83,12978.829,13000.33,0.9833700060844421
2017-10-17 00:00:00,13004.829,13034.48,12967.33,13008.029,1.0266900062561035
2017-10-18 00:00:00,13012.829,13094.78,13003.629,13051.779,172.00296020507812
2017-10-19 00:00:00,13045.979,13046.78,12908.779,12993.779,366.5365905761719
2017-10-20 00:00:00,13029.78,13064.28,12954.279,12985.779,229.25999450683594
2017-10-21 00:00:00,12985.779,12985.779,12985.779,12985.779,0.0
2017-10-22 00:00:00,12985.779,12985.779,12985.779,12985.779,0.0
2017-10-23 00:00:00,12991.78,13068.98,12972.78,12981.979,230.63999938964844
2017-10-24 00:00:00,12996.78,13055.78,12982.98,13014.48,252.03750610351562
2017-10-25 00:00:00,13000.479,13048.279,12912.779,12966.779,370.4850158691406
2017-10-26 00:00:00,12968.779,13166.979,12940.479,13155.78,428.877685546875
2017-10-27 00:00:00,13184.78,13251.479,13181.279,13215.48,315.2701110839844
2017-10-28 00:00:00,13215.48,13215.48,13215.48,13215.48,0.0
2017-10-29 00:00:00,13215.48,13215.48,13215.48,13215.48,0.0
2017-10-30 00:00:00,13213.48,13254.98,13207.78,13228.279,225.41250610351562
2017-10-31 00:00:00,13241.779,13299.28,13238.279,13283.479,117.97750091552734
2017-11-01 00:00:00,13318.979,13489.979,13317.279,13464.48,335.6700744628906
2017-11-02 00:00:00,13436.479,13469.28,13403.479,13465.279,331.22259521484375
2017-11-03 00:00:00,13476.78,13504.48,13427.28,13468.279,287.4375305175781
2017-11-04 00:00:00,13468.279,13468.279,13468.279,13468.279,0.0
2017-11-05 00:00:00,13468.279,13468.279,13468.279,13468.279,0.0
2017-11-06 00:00:00,13474.98,13479.98,13439.279,13467.78,265.0450134277344
2017-11-07 00:00:00,13511.48,13532.779,13337.779,13367.98,410.00018310546875
2017-11-08 00:00:00,13372.28,13420.279,13344.279,13391.479,367.1150207519531
2017-11-09 00:00:00,13370.979,13403.779,13105.779,13182.479,574.8516845703125
2017-11-10 00:00:00,13180.78,13216.979,13109.479,13123.779,454.69000244140625
2017-11-11 00:00:00,13123.779,13123.779,13123.779,13123.779,0.0
2017-11-12 00:00:00,13123.779,13123.779,13123.779,13123.779,0.0
2017-11-13 00:00:00,13144.779,13164.779,12960.0,13105.479,356.73095703125
2017-11-14 00:00:00,13083.48,13137.979,13001.279,13037.779,363.9839172363281
2017-11-15 00:00:00,12980.48,12998.279,12846.979,12953.98,511.2182922363281
2017-11-16 00:00:00,13038.279,13096.78,13004.979,13083.279,425.3428649902344
2017-11-17 00:00:00,13047.779,13088.98,12965.479,12976.78,430.6225280761719
2017-11-18 00:00:00,12976.78,12976.78,12976.78,12976.78,0.0
2017-11-19 00:00:00,12976.78,12976.78,12976.78,12976.78,0.0
2017-11-20 00:00:00,12878.779,13087.48,12856.279,13051.279,477.44000244140625
2017-11-21 00:00:00,13070.279,13212.48,13024.28,13172.479,455.739990234375
2017-11-22 00:00:00,13181.779,13190.78,12964.979,12976.279,468.197509765625
2017-11-23 00:00:00,12975.48,13052.279,12903.979,13005.279,366.77880859375
2017-11-24 00:00:00,13024.28,13163.28,12978.779,13064.779,420.54046630859375
2017-11-25 00:00:00,13064.779,13064.779,13064.779,13064.779,0.0
2017-11-26 00:00:00,13064.779,13064.779,13064.779,13064.779,0.0
2017-11-27 00:00:00,13035.779,13118.98,12987.779,13009.979,423.1600036621094
2017-11-28 00:00:00,13011.78,13130.28,12965.28,13114.779,471.17144775390625
2017-11-29 00:00:00,13143.28,13196.479,13028.78,13055.279,458.60504150390625
2017-11-30 00:00:00,13058.98,13178.779,13021.48,13044.979,472.5050048828125
2017-12-01 00:00:00,13062.779,13065.98,12810.279,12944.279,586.4475708007812
2017-12-02 00:00:00,12944.279,12944.279,12944.279,12944.279,0.0
2017-12-03 00:00:00,12944.279,12944.279,12944.279,12944.279,0.0
2017-12-04 00:00:00,13026.98,13121.479,12974.979,13028.779,491.6375427246094
2017-12-05 00:00:00,13067.779,13095.479,12958.279,13003.279,506.42999267578125
2017-12-06 00:00:00,12933.98,13035.779,12861.779,12998.78,500.0325622558594
2017-12-07 00:00:00,13048.479,13105.48,12986.48,13094.779,419.54998779296875
2017-12-08 00:00:00,13158.78,13242.48,13137.279,13159.779,390.31500244140625
2017-12-09 00:00:00,13159.779,13159.779,13159.779,13159.779,0.0
2017-12-10 00:00:00,13159.779,13159.779,13159.779,13159.779,0.0
2017-12-11 00:00:00,13188.48,13202.78,13112.28,13151.28,348.5400085449219
2017-12-12 00:00:00,13146.78,13185.48,13078.779,13168.28,351.0199890136719
2017-12-13 00:00:00,13177.48,13191.78,13068.779,13071.479,287.94000244140625
2017-12-14 00:00:00,13085.279,13162.779,13008.98,13028.78,335.739990234375
2017-12-15 00:00:00,13049.78,13138.98,13005.98,13122.279,349.54998779296875
2017-12-16 00:00:00,13122.279,13122.279,13122.279,13122.279,0.0
2017-12-17 00:00:00,13122.279,13122.279,13122.279,13122.279,0.0
2017-12-18 00:00:00,13206.779,13334.48,13190.28,13308.78,340.010009765625
2017-12-19 00:00:00,13321.98,13336.78,13202.479,13226.779,289.7900085449219
2017-12-20 00:00:00,13243.78,13252.28,13021.779,13070.28,413.4599914550781
2017-12-21 00:00:00,13055.479,13139.479,13012.779,13070.779,323.8800048828125
2017-12-22 00:00:00,13071.779,13108.28,13050.479,13076.279,237.9199981689453
2017-12-23 00:00:00,13076.279,13076.279,13076.279,13076.279,0.0
2017-12-24 00:00:00,13076.279,13076.279,13076.279,13076.279,0.0
2017-12-25 00:00:00,13076.279,13076.279,13076.279,13076.279,0.0
2017-12-26 00:00:00,13062.58,13077.68,13054.479,13068.18,74.72000122070312
2017-12-27 00:00:00,13063.48,13132.98,13015.979,13058.279,263.5325012207031
2017-12-28 00:00:00,13056.98,13070.48,12963.48,12987.28,225.3001251220703
2017-12-29 00:00:00,12992.48,12998.98,12831.979,12859.979,275.1300964355469
2017-12-30 00:00:00,12859.979,12859.979,12859.979,12859.979,0.0
2017-12-31 00:00:00,12859.979,12859.979,12859.979,12859.979,0.0
2018-01-01 00:00:00,12859.979,12859.979,12859.979,12859.979,0.0
2018-01-02 00:00:00,12926.279,12946.78,12746.979,12889.279,386.62750244140625
2018-01-03 00:00:00,12916.779,13024.48,12890.779,13011.279,342.2767028808594
2018-01-04 00:00:00,13040.279,13209.279,13036.479,13167.479,379.8536682128906
2018-01-05 00:00:00,13188.28,13342.78,13174.279,13333.279,358.11212158203125
2018-01-06 00:00:00,13333.279,13333.279,13333.279,13333.279,0.0
2018-01-07 00:00:00,13333.279,13333.279,13333.279,13333.279,0.0
2018-01-08 00:00:00,13385.98,13412.78,13332.779,13368.979,338.37982177734375
2018-01-09 00:00:00,13374.279,13426.78,13359.979,13395.98,322.2900085449219
2018-01-10 00:00:00,13366.479,13380.779,13224.479,13261.979,429.1824951171875
2018-01-11 00:00:00,13293.28,13302.28,13149.48,13243.28,366.9150085449219
2018-01-12 00:00:00,13242.48,13266.28,13165.479,13238.279,324.0965881347656
2018-01-13 00:00:00,13238.279,13238.279,13238.279,13238.279,0.0
2018-01-14 00:00:00,13238.279,13238.279,13238.279,13238.279,0.0
2018-01-15 00:00:00,13246.479,13257.28,13171.479,13193.279,241.42947387695312
2018-01-16 00:00:00,13220.979,13352.78,13133.48,13147.48,504.5114440917969
2018-01-17 00:00:00,13190.48,13258.279,13135.28,13237.48,396.0365295410156
2018-01-18 00:00:00,13229.78,13305.979,13200.479,13282.779,406.6587219238281
2018-01-19 00:00:00,13266.48,13473.78,13257.78,13462.279,402.67449951171875
2018-01-20 00:00:00,13462.279,13462.279,13462.279,13462.279,0.0
2018-01-21 00:00:00,13462.279,13462.279,13462.279,13462.279,0.0
2018-01-22 00:00:00,13457.78,13518.78,13410.48,13504.279,323.1023864746094
2018-01-23 00:00:00,13568.48,13599.98,13515.779,13569.479,389.5537109375
2018-01-24 00:00:00,13564.479,13574.979,13370.979,13422.979,458.22296142578125
2018-01-25 00:00:00,13402.98,13444.779,13220.98,13316.479,551.6307373046875
2018-01-26 00:00:00,13311.979,13390.13,13264.779,13388.279,242.34616088867188
2018-01-27 00:00:00,13388.279,13388.279,13388.279,13388.279,0.0
2018-01-28 00:00:00,13388.279,13388.279,13388.279,13388.279,0.0
2018-01-29 00:00:00,13362.475,13371.39,13272.48,13307.279,580.7247314453125
2018-01-30 00:00:00,13221.279,13312.389,13171.479,13194.28,779.8662109375
2018-01-31 00:00:00,13209.979,13270.39,13157.98,13194.78,396.3560485839844
2018-02-01 00:00:00,13252.279,13298.98,12933.73,12964.779,628.5674438476562
2018-02-02 00:00:00,12978.479,12980.779,12694.179,12709.179,786.7483520507812
2018-02-03 00:00:00,12709.179,12709.179,12709.179,12709.179,0.0
2018-02-04 00:00:00,12709.179,12709.179,12709.179,12709.179,0.0
2018-02-05 00:00:00,12681.28,12752.25,12143.63,12264.28,820.4070434570312
2018-02-06 00:00:00,12216.68,12649.28,12163.079,12643.729,909.9718017578125
2018-02-07 00:00:00,12490.879,12651.78,12410.11,12531.33,654.3497924804688
2018-02-08 00:00:00,12518.0,12548.28,12129.879,12129.879,745.2080688476562
2018-02-09 00:00:00,12214.7,12298.479,11905.329,12212.779,1064.217041015625
2018-02-10 00:00:00,12212.779,12212.779,12212.779,12212.779,0.0
2018-02-11 00:00:00,12212.779,12212.779,12212.779,12212.779,0.0
2018-02-12 00:00:00,12268.5,12381.279,12216.76,12347.779,773.0250244140625
2018-02-13 00:00:00,12286.33,12299.279,12180.589,12251.779,547.2916259765625
2018-02-14 00:00:00,12273.979,12443.78,12071.03,12414.979,553.0869750976562
2018-02-15 00:00:00,12450.15,12482.479,12271.889,12356.879,634.6080322265625
2018-02-16 00:00:00,12381.13,12534.89,12365.249,12485.579,254.79820251464844
2018-02-17 00:00:00,12485.579,12485.579,12485.579,12485.579,0.0
2018-02-18 00:00:00,12485.579,12485.579,12485.579,12485.579,0.0
2018-02-19 00:00:00,12523.889,12533.84,12359.03,12393.28,4.116971969604492
2018-02-20 00:00:00,12393.729,12504.479,12331.779,12430.279,750.3101196289062
2018-02-21 00:00:00,12467.279,12511.979,12369.089,12394.28,801.1695556640625
2018-02-22 00:00:00,12375.279,12500.139,12279.889,12426.279,831.5254516601562
2018-02-23 00:00:00,12507.78,12549.979,12429.979,12540.979,623.9610595703125
2018-02-24 00:00:00,12540.979,12540.979,12540.979,12540.979,0.0
2018-02-25 00:00:00,12540.979,12540.979,12540.979,12540.979,0.0
2018-02-26 00:00:00,12576.479,12602.28,12481.48,12583.28,498.4507141113281
2018-02-27 00:00:00,12552.78,12578.48,12424.779,12427.98,876.8255004882812
2018-02-28 00:00:00,12435.479,12518.28,12361.779,12363.98,832.90625
2018-03-01 00:00:00,12382.979,12400.78,12010.479,12064.78,521.5579833984375
2018-03-02 00:00:00,12088.389,12088.389,11876.021,12003.1,174.2015380859375
2018-03-03 00:00:00,12003.1,12003.1,12003.1,12003.1,0.0
2018-03-04 00:00:00,12003.1,12003.1,12003.1,12003.1,0.0
2018-03-05 00:00:00,11905.48,12181.18,11728.7,12167.92,12.246064186096191
2018-03-06 00:00:00,12206.8,12272.559,12103.8,12157.55,11.7810697555542
2018-03-07 00:00:00,11997.1,12276.48,11995.1,12260.92,65.40731048583984
2018-03-08 00:00:00,12258.54,12383.5,12175.709,12346.929,66.88424682617188
2018-03-09 00:00:00,12350.369,12410.779,12283.021,12372.34,13.1183500289917
2018-03-10 00:00:00,12372.34,12372.34,12372.34,12372.34,0.0
2018-03-11 00:00:00,12372.34,12372.34,12372.34,12372.34,0.0
2018-03-12 00:00:00,12426.779,12476.279,12358.521,12397.279,11.321688652038574
2018-03-13 00:00:00,12431.28,12459.821,12115.769,12151.979,10.729718208312988
2018-03-14 00:00:00,12179.48,12324.78,12165.459,12254.28,20.588298797607422
2018-03-15 00:00:00,12274.98,12382.67,12238.521,12379.979,15.502786636352539
2018-03-16 00:00:00,12352.779,12451.639,12334.04,12394.03,48.82815933227539
2018-03-17 00:00:00,12394.03,12394.03,12394.03,12394.03,0.0
2018-03-18 00:00:00,12394.03,12394.03,12394.03,12394.03,0.0
2018-03-19 00:00:00,12358.751,12370.479,12158.279,12243.78,17.23561668395996
2018-03-20 00:00:00,12275.32,12346.779,12188.779,12341.279,3.911953926086426
2018-03-21 00:00:00,12332.28,12369.98,12216.86,12257.98,33.23883819580078
2018-03-22 00:00:00,12238.499,12269.399,11969.68,11985.479,108.0588607788086
2018-03-23 00:00:00,11940.59,12002.279,11755.979,11781.479,38.42229461669922
2018-03-24 00:00:00,11781.479,11781.479,11781.479,11781.479,0.0
2018-03-25 00:00:00,11781.479,11781.479,11781.479,11781.479,0.0
2018-03-26 00:00:00,11904.059,11984.159,11704.28,11918.48,79.11824035644531
2018-03-27 00:00:00,11974.98,12043.021,11800.289,11851.77,11.911454200744629
2018-03-28 00:00:00,11856.569,12011.78,11768.021,11935.279,180.25685119628906
2018-03-29 00:00:00,11930.479,12163.28,11930.479,12121.479,52.96022033691406
2018-03-30 00:00:00,12121.479,12121.479,12121.479,12121.479,0.0
2018-03-31 00:00:00,12121.479,12121.479,12121.479,12121.479,0.0
2018-04-01 00:00:00,12121.479,12121.479,12121.479,12121.479,0.0
2018-04-02 00:00:00,12121.479,12121.479,12121.479,12121.479,0.0
2018-04-03 00:00:00,11988.48,12069.98,11911.48,12055.28,54.19351577758789
2018-04-04 00:00:00,12021.779,12077.279,11791.78,12067.28,54.62556076049805
2018-04-05 00:00:00,12099.98,12327.279,12099.28,12278.28,43.865928649902344
2018-04-06 00:00:00,12213.28,12292.48,12148.279,12180.779,55.772621154785156
2018-04-07 00:00:00,12180.779,12180.779,12180.779,12180.779,0.0
2018-04-08 00:00:00,12180.779,12180.779,12180.779,12180.779,0.0
2018-04-09 00:00:00,12269.279,12373.979,12200.98,12232.28,49.4874382019043
2018-04-10 00:00:00,12382.78,12428.78,12332.28,12377.979,55.11067199707031
2018-04-11 00:00:00,12359.98,12392.48,12253.98,12275.98,52.94670867919922
2018-04-12 00:00:00,12288.28,12434.78,12261.979,12409.479,43.11307907104492
2018-04-13 00:00:00,12408.28,12525.78,12386.979,12449.78,43.9097785949707
2018-04-14 00:00:00,12449.78,12449.78,12449.78,12449.78,0.0
2018-04-15 00:00:00,12531.48,12552.78,12521.48,12537.779,0.8697599768638611
2018-04-16 00:00:00,12536.479,12537.779,12376.479,12426.979,41.152320861816406
2018-04-17 00:00:00,12429.479,12617.479,12416.479,12586.48,40.2589111328125
2018-04-18 00:00:00,12587.78,12640.28,12546.279,12606.979,37.38202667236328
2018-04-19 00:00:00,12608.279,12618.98,12524.979,12551.28,47.58576965332031
2018-04-20 00:00:00,12550.58,12586.28,12489.279,12530.48,44.10224151611328
2018-04-21 00:00:00,12530.48,12530.48,12530.48,12530.48,0.0
2018-04-22 00:00:00,12574.58,12580.979,12536.779,12560.379,0.7769700288772583
2018-04-23 00:00:00,12559.78,12593.979,12465.479,12586.48,41.91984939575195
2018-04-24 00:00:00,12587.779,12648.779,12374.78,12460.279,57.278499603271484
2018-04-25 00:00:00,12458.98,12497.98,12310.979,12486.779,56.853694915771484
2018-04-26 00:00:00,12489.279,12591.48,12378.48,12571.979,56.97904968261719
2018-04-27 00:00:00,12570.779,12627.78,12515.979,12592.479,46.127079010009766
2018-04-28 00:00:00,12592.479,12592.479,12592.479,12592.479,0.0
2018-04-29 00:00:00,12616.979,12619.279,12582.279,12597.779,0.4510500133037567
2018-04-30 00:00:00,12596.779,12625.28,12537.979,12570.979,40.86518096923828
2018-05-01 00:00:00,12569.779,12614.279,12487.279,12608.779,11.463459968566895
2018-05-02 00:00:00,12608.079,12829.279,12548.979,12763.28,49.974578857421875
2018-05-03 00:00:00,12761.979,12798.979,12664.479,12724.78,53.769081115722656
2018-05-04 00:00:00,12725.979,12849.279,12705.479,12842.279,43.77933883666992
2018-05-05 00:00:00,12842.279,12842.279,12842.279,12842.279,0.0
2018-05-06 00:00:00,12845.479,12889.48,12842.98,12873.98,0.47916001081466675
2018-05-07 00:00:00,12872.78,12964.28,12807.779,12914.78,35.369319915771484
2018-05-08 00:00:00,12915.98,12947.28,12853.279,12919.779,43.66868209838867
2018-05-09 00:00:00,12918.479,12995.279,12888.979,12973.479,37.148868560791016
2018-05-10 00:00:00,12975.98,13035.28,12928.479,13030.48,35.2435188293457
2018-05-11 00:00:00,13029.28,13046.479,12962.28,12995.779,34.742488861083984
2018-05-12 00:00:00,12995.779,12995.779,12995.779,12995.779,0.0
2018-05-13 00:00:00,13010.779,13019.779,13007.279,13017.279,0.30167001485824585
2018-05-14 00:00:00,13018.479,13031.979,12923.979,12969.279,31.196029663085938
2018-05-15 00:00:00,12970.48,13006.779,12916.979,12976.28,39.439510345458984
2018-05-16 00:00:00,12977.48,13031.28,12957.479,13019.979,35.704689025878906
2018-05-17 00:00:00,13018.779,13123.78,12972.279,13113.28,35.301212310791016
2018-05-18 00:00:00,13114.48,13146.98,13050.279,13078.48,37.15372085571289
2018-05-19 00:00:00,13078.48,13078.48,13078.48,13078.48,0.0
2018-05-20 00:00:00,13171.779,13171.78,13120.279,13132.279,0.5365800261497498
2018-05-21 00:00:00,13131.58,13176.48,13114.78,13138.479,6.070680141448975
2018-05-22 00:00:00,13137.279,13206.28,13059.98,13153.279,37.76945877075195
2018-05-23 00:00:00,13154.479,13163.98,12928.28,12982.78,51.148868560791016
2018-05-24 00:00:00,12981.479,13007.28,12799.979,12900.479,52.1432991027832
2018-05-25 00:00:00,12901.779,13000.979,12851.479,12919.979,46.05805969238281
2018-05-26 00:00:00,12919.979,12919.979,12919.979,12919.979,0.0
2018-05-27 00:00:00,12974.379,12980.78,12960.979,12976.28,0.30910998582839966
2018-05-28 00:00:00,12977.48,13039.98,12825.28,12852.58,33.034732818603516
2018-05-29 00:00:00,12851.98,12856.379,12575.279,12634.78,64.87435150146484
2018-05-30 00:00:00,12635.379,12832.779,12624.779,12789.979,53.048885345458984
2018-05-31 00:00:00,12791.28,12809.78,12544.779,12647.98,60.5270881652832
2018-06-01 00:00:00,12646.78,12802.274,12629.48,12750.279,48.30513000488281
2018-06-02 00:00:00,12750.279,12750.279,12750.279,12750.279,0.0
2018-06-03 00:00:00,12735.38,12748.48,12724.779,12747.88,0.38411998748779297
2018-06-04 00:00:00,12748.479,12846.28,12712.48,12775.279,42.56917190551758
2018-06-05 00:00:00,12776.479,12928.28,12748.979,12768.979,50.77859115600586
2018-06-06 00:00:00,12767.779,12904.48,12726.779,12883.279,51.5249137878418
2018-06-07 00:00:00,12881.979,12917.479,12663.98,12727.78,50.486026763916016
2018-06-08 00:00:00,12730.279,12810.78,12608.98,12790.28,50.17466735839844
2018-06-09 00:00:00,12790.28,12790.28,12790.28,12790.28,0.0
2018-06-10 00:00:00,12761.379,12764.48,12748.779,12764.48,0.27935999631881714
2018-06-11 00:00:00,12765.08,12898.08,12741.98,12892.28,42.285118103027344
2018-06-12 00:00:00,12890.979,12952.779,12812.479,12852.78,80.84747314453125
2018-06-13 00:00:00,12853.379,12907.48,12777.78,12863.979,87.67772674560547
2018-06-14 00:00:00,12864.58,13185.279,12799.48,13136.98,99.81533813476562
2018-06-15 00:00:00,13136.98,13172.28,13003.479,13061.479,110.24034118652344
2018-06-16 00:00:00,13061.479,13061.479,13061.479,13061.479,0.0
2018-06-17 00:00:00,13059.779,13072.979,13056.28,13067.879,0.8447999954223633
2018-06-18 00:00:00,13067.879,13067.879,12772.98,12783.18,100.01950073242188
2018-06-19 00:00:00,12784.28,12797.68,12591.98,12728.679,134.37493896484375
2018-06-20 00:00:00,12729.78,12766.879,12669.479,12710.38,122.41947937011719
2018-06-21 00:00:00,12710.38,12765.98,12446.779,12478.38,124.99819946289062
2018-06-22 00:00:00,12479.58,12605.78,12476.08,12561.08,98.18963623046875
2018-06-23 00:00:00,12561.08,12561.08,12561.08,12561.08,0.0
2018-06-24 00:00:00,12547.28,12560.88,12535.78,12557.88,1.024530053138733
2018-06-25 00:00:00,12557.88,12558.98,12250.28,12298.78,151.19984436035156
2018-06-26 00:00:00,12299.98,12356.779,12186.979,12305.28,164.3096466064453
2018-06-27 00:00:00,12307.579,12442.279,12124.48,12304.88,193.20823669433594
2018-06-28 00:00:00,12304.88,12375.021,12101.479,12228.479,177.05906677246094
2018-06-29 00:00:00,12228.479,12383.48,12207.779,12278.78,158.9960479736328
2018-06-30 00:00:00,12278.78,12278.78,12278.78,12278.78,0.0
2018-07-01 00:00:00,12285.679,12286.779,12228.88,12273.88,3.003499984741211
2018-07-02 00:00:00,12273.88,12307.479,12129.98,12298.779,161.12521362304688
2018-07-03 00:00:00,12298.779,12429.779,12267.879,12298.579,75.56199645996094
2018-07-04 00:00:00,12298.579,12351.28,12282.979,12326.58,32.83720779418945
2018-07-05 00:00:00,12326.579,12517.98,12295.179,12455.58,125.86968994140625
2018-07-06 00:00:00,12456.78,12555.98,12425.479,12500.479,135.68199157714844
2018-07-07 00:00:00,12500.479,12500.479,12500.479,12500.479,0.0
2018-07-08 00:00:00,12512.48,12526.179,12509.079,12521.58,1.1411800384521484
2018-07-09 00:00:00,12520.379,12588.38,12487.779,12584.179,112.0698471069336
2018-07-10 00:00:00,12583.079,12641.279,12504.779,12520.58,51.36075973510742
2018-07-11 00:00:00,12519.98,12537.88,12388.779,12429.479,46.77312088012695
2018-07-12 00:00:00,12431.779,12538.88,12406.479,12537.379,40.18722915649414
2018-07-13 00:00:00,12537.98,12585.98,12496.479,12546.979,34.536380767822266
2018-07-14 00:00:00,12546.979,12546.979,12546.979,12546.979,0.0
2018-07-15 00:00:00,12562.08,12588.78,12556.879,12580.379,0.3120900094509125
2018-07-16 00:00:00,12580.879,12603.78,12504.979,12571.879,29.849300384521484
2018-07-17 00:00:00,12572.48,12734.979,12522.479,12722.779,39.62459945678711
2018-07-18 00:00:00,12723.38,12779.279,12699.779,12758.179,31.734390258789062
2018-07-19 00:00:00,12757.079,12766.28,12657.479,12684.479,37.370338439941406
2018-07-20 00:00:00,12685.679,12707.979,12466.28,12532.779,46.61824035644531
2018-07-21 00:00:00,12532.779,12532.779,12532.779,12532.779,0.0
2018-07-22 00:00:00,12551.18,12559.479,12544.379,12544.379,0.304720014333725
2018-07-23 00:00:00,12545.579,12625.08,12488.479,12616.779,42.920555114746094
2018-07-24 00:00:00,12615.679,12755.28,12582.779,12670.28,70.98439025878906
2018-07-25 00:00:00,12670.279,12744.78,12534.28,12682.98,23.342580795288086
2018-07-26 00:00:00,12682.98,12838.88,12658.78,12833.08,21.622676849365234
2018-07-27 00:00:00,12833.08,12887.78,12790.779,12807.58,78.05518341064453
2018-07-28 00:00:00,12807.58,12807.58,12807.58,12807.58,0.0
2018-07-29 00:00:00,12803.78,12809.18,12798.78,12802.279,0.39232000708580017
2018-07-30 00:00:00,12802.279,12849.279,12764.279,12793.48,61.14647674560547
2018-07-31 00:00:00,12794.08,12862.48,12736.78,12816.98,35.94253921508789
2018-08-01 00:00:00,12816.98,12839.479,12697.279,12731.88,67.98513793945312
2018-08-02 00:00:00,12731.28,12735.48,12492.78,12600.18,92.21060180664062
2018-08-03 00:00:00,12599.08,12648.48,12560.98,12639.58,60.56460189819336
2018-08-04 00:00:00,12639.58,12639.58,12639.58,12639.58,0.0
2018-08-05 00:00:00,12647.48,12649.78,12637.48,12638.58,0.14907999336719513
2018-08-06 00:00:00,12638.58,12719.279,12535.82,12599.98,55.3787727355957
2018-08-07 00:00:00,12601.08,12740.28,12597.679,12655.78,60.92988586425781
2018-08-08 00:00:00,12655.78,12705.279,12584.02,12598.48,51.309173583984375
2018-08-09 00:00:00,12598.979,12700.28,12573.779,12668.78,58.4355354309082
2018-08-10 00:00:00,12669.879,12669.879,12383.48,12426.08,53.17915344238281
2018-08-11 00:00:00,12426.08,12426.08,12426.08,12426.08,0.0
2018-08-12 00:00:00,12367.48,12399.679,12367.48,12391.679,0.6844499707221985
2018-08-13 00:00:00,12390.479,12397.48,12297.079,12372.08,42.42763137817383
2018-08-14 00:00:00,12371.48,12461.28,12290.78,12412.88,63.32957077026367
2018-08-15 00:00:00,12412.879,12428.98,12110.979,12171.18,79.62427520751953
2018-08-16 00:00:00,12172.28,12270.98,12144.18,12217.479,51.81816101074219
2018-08-17 00:00:00,12218.679,12258.38,12132.48,12235.48,55.10967254638672
2018-08-18 00:00:00,12235.48,12235.48,12235.48,12235.48,0.0
2018-08-19 00:00:00,12242.879,12252.08,12239.579,12242.88,0.49292999505996704
2018-08-20 00:00:00,12244.079,12374.28,12219.079,12306.579,27.24708366394043
2018-08-21 00:00:00,12306.579,12432.98,12289.379,12321.28,52.499351501464844
2018-08-22 00:00:00,12322.38,12441.78,12318.68,12378.379,50.208091735839844
2018-08-23 00:00:00,12378.379,12414.479,12346.38,12360.979,46.649620056152344
2018-08-24 00:00:00,12360.979,12446.779,12342.279,12403.779,35.311798095703125
2018-08-25 00:00:00,12403.779,12403.779,12403.779,12403.779,0.0
2018-08-26 00:00:00,12413.78,12430.08,12412.679,12428.879,0.16572999954223633
2018-08-27 00:00:00,12430.079,12569.38,12426.579,12569.379,34.00838851928711
2018-08-28 00:00:00,12569.379,12598.279,12515.78,12543.98,36.38744354248047
2018-08-29 00:00:00,12542.879,12577.58,12497.28,12569.479,33.579105377197266
2018-08-30 00:00:00,12569.479,12572.98,12395.979,12430.78,54.5829963684082
2018-08-31 00:00:00,12430.78,12471.38,12309.279,12359.879,58.93836212158203
2018-09-01 00:00:00,12359.879,12359.879,12359.879,12359.879,0.0
2018-09-02 00:00:00,12362.18,12363.78,12348.379,12361.479,0.32919999957084656
2018-09-03 00:00:00,12361.479,12361.48,12299.78,12327.879,33.403865814208984
2018-09-04 00:00:00,12327.879,12404.98,12161.479,12216.579,76.600830078125
2018-09-05 00:00:00,12216.579,12230.18,12033.48,12042.88,73.90392303466797
2018-09-06 00:00:00,12043.379,12092.48,11934.479,11971.179,73.02572631835938
2018-09-07 00:00:00,11972.279,11988.979,11887.48,11943.38,71.9887466430664
2018-09-08 00:00:00,11943.38,11943.38,11943.38,11943.38,0.0
2018-09-09 00:00:00,11942.38,11952.48,11937.679,11945.379,0.36809998750686646
2018-09-10 00:00:00,11944.38,12040.78,11927.779,12008.679,54.028133392333984
2018-09-11 00:00:00,12007.679,12023.479,11861.979,12000.38,69.00189971923828
2018-09-12 00:00:00,11999.38,12047.78,11950.479,12005.08,66.08716583251953
2018-09-13 00:00:00,12004.08,12129.48,12000.879,12083.779,67.391357421875
2018-09-14 00:00:00,12084.779,12135.78,12074.479,12121.78,49.064640045166016
2018-09-15 00:00:00,12121.78,12121.78,12121.78,12121.78,0.0
2018-09-16 00:00:00,12105.48,12105.48,12082.079,12093.18,0.23545999825000763
2018-09-17 00:00:00,12093.18,12126.28,11990.18,11995.18,53.502357482910156
2018-09-18 00:00:00,11995.18,12196.18,11994.179,12180.879,51.01261520385742
2018-09-19 00:00:00,12180.879,12241.28,12153.98,12237.779,44.83095932006836
2018-09-20 00:00:00,12238.779,12365.78,12202.98,12363.679,33.589698791503906
2018-09-21 00:00:00,12364.68,12460.979,12358.38,12406.18,45.890350341796875
2018-09-22 00:00:00,12406.18,12406.18,12406.18,12406.18,0.0
2018-09-23 00:00:00,12370.0,12382.079,12363.379,12380.98,0.46566200256347656
2018-09-24 00:00:00,12380.98,12411.28,12341.28,12351.38,41.954410552978516
2018-09-25 00:00:00,12352.48,12418.28,12320.279,12379.58,35.739410400390625
2018-09-26 00:00:00,12380.58,12418.78,12323.679,12347.88,32.983299255371094
2018-09-27 00:00:00,12347.879,12458.78,12269.979,12419.679,50.12037658691406
2018-09-28 00:00:00,12419.679,12433.98,12187.479,12227.679,69.66590881347656
2018-09-29 00:00:00,12227.679,12227.679,12227.679,12227.679,0.0
2018-09-30 00:00:00,12250.879,12267.58,12242.479,12261.279,0.49094998836517334
2018-10-01 00:00:00,12262.279,12374.48,12244.78,12312.68,43.454978942871094
2018-10-02 00:00:00,12313.78,12313.78,12201.98,12275.18,48.0548210144043
2018-10-03 00:00:00,12312.679,12314.58,12305.179,12312.48,0.23383000493049622
2018-10-04 00:00:00,12313.48,12350.78,12172.479,12239.779,73.01727294921875
2018-10-05 00:00:00,12240.779,12262.88,12054.48,12112.48,64.73761749267578
2018-10-06 00:00:00,12112.48,12112.48,12112.48,12112.48,0.0
2018-10-07 00:00:00,12116.879,12122.08,12084.28,12096.879,1.236549973487854
2018-10-08 00:00:00,12096.879,12124.779,11897.78,11978.879,64.91995239257812
2018-10-09 00:00:00,11978.879,12007.48,11801.78,11975.879,57.308204650878906
2018-10-10 00:00:00,11975.879,11996.48,11570.88,11590.779,62.88083267211914
2018-10-11 00:00:00,11590.779,11699.48,11394.979,11604.88,108.44224548339844
2018-10-12 00:00:00,11603.88,11708.48,11425.48,11565.079,58.623085021972656
2018-10-13 00:00:00,11565.079,11565.079,11565.079,11565.079,0.0
2018-10-14 00:00:00,11550.279,11553.98,11505.68,11545.879,1.241170048713684
2018-10-15 00:00:00,11546.88,11651.48,11441.279,11634.28,62.75028610229492
2018-10-16 00:00:00,11634.28,11838.78,11606.479,11817.28,26.370996475219727
2018-10-17 00:00:00,11816.28,11850.98,11668.28,11718.78,53.50873947143555
2018-10-18 00:00:00,11719.779,11791.98,11487.78,11532.48,63.098731994628906
2018-10-19 00:00:00,11532.48,11623.78,11499.979,11541.979,52.820091247558594
2018-10-20 00:00:00,11541.979,11541.979,11541.979,11541.979,0.0
2018-10-21 00:00:00,11506.479,11518.98,11480.279,11500.079,1.4322799444198608
2018-10-22 00:00:00,11501.18,11677.779,11465.479,11504.18,51.58823776245117
2018-10-23 00:00:00,11505.279,11508.379,11226.979,11405.779,94.68611907958984
2018-10-24 00:00:00,11404.679,11426.779,11049.779,11074.48,83.82144165039062
2018-10-25 00:00:00,11074.48,11372.479,11070.48,11204.279,110.40150451660156
2018-10-26 00:00:00,11204.279,11288.44,11050.479,11251.339,95.85433197021484
2018-10-27 00:00:00,11251.339,11251.339,11251.339,11251.339,0.0
2018-10-28 00:00:00,11238.04,11305.04,11228.54,11266.14,0.5880489945411682
2018-10-29 00:00:00,11266.139,11446.94,11152.94,11265.34,72.18704986572266
2018-10-30 00:00:00,11264.239,11433.24,11208.71,11372.31,79.19449615478516
2018-10-31 00:00:00,11371.71,11500.41,11349.71,11455.71,101.630615234375
2018-11-01 00:00:00,11455.71,11574.59,11406.21,11477.81,70.92755889892578
2018-11-02 00:00:00,11479.31,11691.21,11464.61,11560.71,81.41667938232422
2018-11-03 00:00:00,11560.71,11560.71,11560.71,11560.71,0.0
2018-11-04 00:00:00,11543.51,11549.51,11522.21,11523.31,0.5160599946975708
2018-11-05 00:00:00,11523.31,11556.21,11472.91,11516.21,67.17101287841797
2018-11-06 00:00:00,11515.21,11555.91,11434.71,11520.31,64.74732971191406
2018-11-07 00:00:00,11519.21,11661.81,11486.71,11643.81,52.81298065185547
2018-11-08 00:00:00,11643.81,11658.51,11492.71,11509.11,41.611297607421875
2018-11-09 00:00:00,11510.11,11554.41,11415.91,11529.21,52.6855583190918
2018-11-10 00:00:00,11529.21,11529.21,11529.21,11529.21,0.0
2018-11-11 00:00:00,11528.21,11542.41,11515.41,11537.11,0.489329993724823
2018-11-12 00:00:00,11536.11,11605.51,11294.91,11299.41,65.26775360107422
2018-11-13 00:00:00,11298.81,11503.91,11268.41,11471.41,59.040313720703125
2018-11-14 00:00:00,11471.41,11567.41,11311.91,11381.71,75.21405029296875
2018-11-15 00:00:00,11380.71,11501.71,11251.41,11423.31,76.36160278320312
2018-11-16 00:00:00,11423.31,11448.41,11229.71,11379.21,65.42134094238281
2018-11-17 00:00:00,11379.21,11379.21,11379.21,11379.21,0.0
2018-11-18 00:00:00,11327.81,11353.71,11327.81,11347.51,0.4576599895954132
2018-11-19 00:00:00,11347.01,11420.71,11192.31,11202.61,70.2860107421875
2018-11-20 00:00:00,11202.61,11212.11,11006.91,11035.81,53.61041259765625
2018-11-21 00:00:00,11036.81,11264.41,11035.71,11240.11,41.20198059082031
2018-11-22 00:00:00,11239.61,11270.51,11116.71,11175.61,32.32279968261719
2018-11-23 00:00:00,11176.71,11208.41,11090.21,11176.91,35.30356979370117
2018-11-24 00:00:00,11176.91,11176.91,11176.91,11176.91,0.0
2018-11-25 00:00:00,11201.61,11206.91,11193.21,11202.71,0.19283999502658844
2018-11-26 00:00:00,11203.21,11391.71,11194.31,11344.81,42.293846130371094
2018-11-27 00:00:00,11344.81,11441.21,11264.21,11334.91,51.442222595214844
2018-11-28 00:00:00,11334.91,11420.41,11276.91,11390.61,35.153507232666016
2018-11-29 00:00:00,11390.61,11403.91,11274.91,11323.81,48.87424087524414
2018-11-30 00:00:00,11323.81,11342.51,11208.41,11336.41,38.11355972290039
2018-12-01 00:00:00,11336.41,11336.41,11336.41,11336.41,0.0
2018-12-02 00:00:00,11466.81,11494.11,11437.01,11449.21,0.9698569774627686
2018-12-03 00:00:00,11450.21,11568.91,11429.21,11454.91,41.12744140625
2018-12-04 00:00:00,11455.91,11459.11,11145.21,11186.41,56.3972282409668
2018-12-05 00:00:00,11189.61,11267.21,11019.81,11074.71,30.02458381652832
2018-12-06 00:00:00,11073.61,11090.91,10758.41,10935.01,93.1243896484375
2018-12-07 00:00:00,10936.11,10946.71,10679.41,10714.11,57.22039794921875
2018-12-08 00:00:00,10714.11,10714.11,10714.11,10714.11,0.0
2018-12-09 00:00:00,10640.71,10668.81,10613.21,10631.01,0.9949420094490051
2018-12-10 00:00:00,10631.51,10758.41,10584.21,10710.11,61.023502349853516
2018-12-11 00:00:00,10711.21,10886.71,10679.21,10805.91,57.07079315185547
2018-12-12 00:00:00,10805.91,10972.09,10787.01,10956.01,50.07422637939453
2018-12-13 00:00:00,10956.01,10987.21,10885.41,10899.81,56.8333625793457
2018-12-14 00:00:00,10899.81,10923.21,10733.91,10827.11,62.664974212646484
2018-12-15 00:00:00,10827.11,10827.11,10827.11,10827.11,0.0
2018-12-16 00:00:00,10797.71,10848.91,10797.11,10845.71,0.474480003118515
2018-12-17 00:00:00,10845.71,10918.21,10668.71,10761.51,72.26561737060547
2018-12-18 00:00:00,10761.51,10841.91,10685.41,10744.11,85.50835418701172
2018-12-19 00:00:00,10744.11,10831.71,10600.71,10669.31,66.19430541992188
2018-12-20 00:00:00,10669.81,10698.41,10482.41,10582.31,81.50775909423828
2018-12-21 00:00:00,10582.31,10657.71,10493.71,10505.31,65.4447250366211
2018-12-22 00:00:00,10505.31,10505.31,10505.31,10505.31,0.0
2018-12-23 00:00:00,10505.31,10505.31,10505.31,10505.31,0.0
2018-12-24 00:00:00,10505.31,10505.31,10505.31,10505.31,0.0
2018-12-25 00:00:00,10505.31,10505.31,10505.31,10505.31,0.0
2018-12-26 00:00:00,10505.31,10505.31,10505.31,10505.31,0.0
2018-12-27 00:00:00,10623.21,10636.71,10276.91,10447.11,76.97218322753906
2018-12-28 00:00:00,10448.21,10618.21,10413.91,10580.21,89.87557220458984
2018-12-29 00:00:00,10580.21,10580.21,10580.21,10580.21,0.0
2018-12-30 00:00:00,10580.21,10580.21,10580.21,10580.21,0.0
2018-12-31 00:00:00,10580.21,10580.21,10580.21,10580.21,0.0
2019-01-01 00:00:00,10692.61,10707.41,10679.41,10690.91,0.6060900092124939
2019-01-02 00:00:00,10692.01,10713.71,10386.21,10511.11,103.31982421875
2019-01-03 00:00:00,10511.11,10559.91,10397.91,10424.61,90.14972686767578
2019-01-04 00:00:00,10423.51,10833.21,10398.21,10800.71,64.95378112792969
2019-01-05 00:00:00,10800.71,10800.71,10800.71,10800.71,0.0
2019-01-06 00:00:00,10821.71,10832.01,10807.41,10825.11,0.618619978427887
2019-01-07 00:00:00,10825.11,10896.91,10679.21,10742.81,65.34062957763672
2019-01-08 00:00:00,10742.81,10911.41,10740.41,10855.11,83.75370025634766
2019-01-09 00:00:00,10855.11,10962.41,10839.41,10868.21,77.96736907958984
2019-01-10 00:00:00,10868.21,10971.71,10785.71,10940.21,63.12668228149414
2019-01-11 00:00:00,10940.21,10962.71,10827.71,10886.91,49.00337600708008
2019-01-12 00:00:00,10886.91,10886.91,10886.91,10886.91,0.0
2019-01-13 00:00:00,10860.71,10872.41,10843.61,10843.61,0.4185599982738495
2019-01-14 00:00:00,10844.61,10886.71,10785.41,10873.41,42.4737663269043
2019-01-15 00:00:00,10873.41,10994.71,10812.71,10917.61,43.542911529541016
2019-01-16 00:00:00,10918.61,10946.41,10859.21,10913.91,48.83338165283203
2019-01-17 00:00:00,10914.91,10980.71,10820.91,10941.51,59.75148010253906
2019-01-18 00:00:00,10941.51,11258.21,10938.31,11237.31,61.69373321533203
2019-01-19 00:00:00,11237.31,11237.31,11237.31,11237.31,0.0
2019-01-20 00:00:00,11240.71,11243.81,11218.01,11222.21,0.40669000148773193
2019-01-21 00:00:00,11222.21,11233.51,11118.31,11135.01,29.788936614990234
2019-01-22 00:00:00,11135.01,11147.61,11003.41,11022.41,57.09069061279297
2019-01-23 00:00:00,11022.41,11136.41,11005.71,11029.81,65.83282470703125
2019-01-24 00:00:00,11028.71,11159.41,11022.31,11145.31,63.59869384765625
2019-01-25 00:00:00,11144.31,11320.91,11141.11,11259.21,51.623779296875
2019-01-26 00:00:00,11259.21,11259.21,11259.21,11259.21,0.0
2019-01-27 00:00:00,11255.41,11257.51,11239.11,11243.31,0.29148998856544495
2019-01-28 00:00:00,11243.31,11275.91,11177.41,11206.81,47.069759368896484
2019-01-29 00:00:00,11205.71,11276.91,11159.91,11224.31,48.40828323364258
2019-01-30 00:00:00,11223.31,11243.91,11130.41,11242.91,46.65959167480469
2019-01-31 00:00:00,11242.91,11309.71,11046.41,11176.41,51.96569061279297
2019-02-01 00:00:00,11177.51,11218.91,11113.71,11188.51,40.71077346801758
2019-02-02 00:00:00,11188.51,11188.51,11188.51,11188.51,0.0
2019-02-03 00:00:00,11172.71,11187.41,11169.61,11182.11,0.2966800034046173
2019-02-04 00:00:00,11183.21,11212.71,11097.91,11184.61,42.77432632446289
2019-02-05 00:00:00,11183.61,11388.21,11175.71,11359.01,43.94015884399414
2019-02-06 00:00:00,11357.91,11376.21,11294.21,11304.61,41.549076080322266
2019-02-07 00:00:00,11305.71,11306.71,10994.31,10996.41,65.95796966552734
2019-02-08 00:00:00,10995.31,11046.21,10861.71,10943.91,68.18565368652344
2019-02-09 00:00:00,10943.91,10943.91,10943.91,10943.91,0.0
2019-02-10 00:00:00,10954.41,10958.71,10943.01,10943.01,0.13722999393939972
2019-02-11 00:00:00,10944.01,11042.41,10925.21,11009.51,49.03148651123047
2019-02-12 00:00:00,11010.61,11164.91,11007.41,11159.21,43.22684860229492
2019-02-13 00:00:00,11158.11,11220.71,11122.71,11179.01,45.83488845825195
2019-02-14 00:00:00,11180.11,11268.41,11070.61,11085.31,57.0549201965332
2019-02-15 00:00:00,11085.31,11330.51,11015.41,11328.41,53.84967803955078
2019-02-16 00:00:00,11328.41,11328.41,11328.41,11328.41,0.0
2019-02-17 00:00:00,11340.21,11342.31,11321.31,11327.71,0.3003000020980835
2019-02-18 00:00:00,11328.81,11345.41,11253.91,11292.21,23.035524368286133
2019-02-19 00:00:00,11292.21,11373.21,11241.91,11312.11,40.90010452270508
2019-02-20 00:00:00,11312.11,11446.71,11294.21,11422.81,41.441837310791016
2019-02-21 00:00:00,11423.81,11483.41,11387.91,11410.81,50.26748275756836
2019-02-22 00:00:00,11410.81,11504.21,11397.41,11457.31,39.562076568603516
2019-02-23 00:00:00,11457.31,11457.31,11457.31,11457.31,0.0
2019-02-24 00:00:00,11505.31,11511.51,11493.71,11507.11,0.09578800201416016
2019-02-25 00:00:00,11508.21,11546.21,11453.71,11464.71,40.343631744384766
2019-02-26 00:00:00,11464.71,11559.71,11424.71,11521.31,49.66336441040039
2019-02-27 00:00:00,11521.31,11549.21,11440.71,11497.41,43.93224334716797
2019-02-28 00:00:00,11497.41,11539.71,11400.71,11525.11,49.399688720703125
2019-03-01 00:00:00,11525.11,11677.21,11524.01,11637.71,40.127479553222656
2019-03-02 00:00:00,11637.71,11637.71,11637.71,11637.71,0.0
2019-03-03 00:00:00,11678.71,11696.61,11675.11,11677.21,0.18842799961566925
2019-03-04 00:00:00,11676.11,11678.91,11523.71,11550.61,33.56550979614258
2019-03-05 00:00:00,11551.61,11634.21,11539.01,11607.91,35.978912353515625
2019-03-06 00:00:00,11607.31,11654.91,11546.81,11553.11,44.1458625793457
2019-03-07 00:00:00,11553.11,11614.91,11450.0,11499.91,57.461429595947266
2019-03-08 00:00:00,11499.91,11505.81,11404.91,11505.81,70.48362731933594
2019-03-09 00:00:00,11505.81,11505.81,11505.81,11505.81,0.0
2019-03-10 00:00:00,11491.31,11507.01,11487.11,11487.11,0.3890700042247772
2019-03-11 00:00:00,11486.01,11630.31,11459.91,11621.91,52.59273910522461
2019-03-12 00:00:00,11620.81,11635.21,11485.31,11495.81,55.79269790649414
2019-03-13 00:00:00,11495.81,11616.81,11473.41,11603.21,48.22756576538086
2019-03-14 00:00:00,11603.21,11636.21,11536.91,11592.41,40.641639709472656
2019-03-15 00:00:00,11595.51,11720.21,11571.71,11685.91,48.39459228515625
2019-03-16 00:00:00,11685.91,11685.91,11685.91,11685.91,0.0
2019-03-17 00:00:00,11670.71,11679.01,11667.61,11675.91,0.17781999707221985
2019-03-18 00:00:00,11675.91,11712.41,11633.21,11659.41,33.58717346191406
2019-03-19 00:00:00,11658.31,11825.21,11643.21,11737.01,35.97269821166992
2019-03-20 00:00:00,11736.01,11741.31,11568.41,11603.51,49.164371490478516
2019-03-21 00:00:00,11603.51,11633.41,11465.91,11576.51,53.97060775756836
2019-03-22 00:00:00,11576.51,11622.21,11309.21,11318.21,70.33527374267578
2019-03-23 00:00:00,11318.21,11318.21,11318.21,11318.21,0.0
2019-03-24 00:00:00,11331.91,11339.31,11326.71,11330.91,0.2224700003862381
2019-03-25 00:00:00,11330.91,11390.91,11266.91,11373.11,54.08372116088867
2019-03-26 00:00:00,11372.01,11447.21,11298.91,11430.41,49.55665588378906
2019-03-27 00:00:00,11431.41,11505.21,11365.71,11443.91,57.67826461791992
2019-03-28 00:00:00,11442.91,11499.21,11386.91,11491.91,44.181156158447266
2019-03-29 00:00:00,11492.91,11551.71,11439.71,11545.71,43.05821228027344
2019-03-30 00:00:00,11545.71,11545.71,11545.71,11545.71,0.0
2019-03-31 00:00:00,11601.91,11604.01,11581.41,11595.51,0.40043699741363525
2019-04-01 00:00:00,11595.51,11716.21,11585.71,11715.21,35.791046142578125
2019-04-02 00:00:00,11716.21,11811.41,11657.91,11779.81,33.32285690307617
2019-04-03 00:00:00,11779.81,11976.71,11771.21,11956.81,37.89973831176758
2019-04-04 00:00:00,11955.71,12031.21,11911.21,11980.11,37.83549499511719
2019-04-05 00:00:00,11980.11,12023.21,11966.21,12001.81,25.06382942199707
2019-04-06 00:00:00,12001.81,12001.81,12001.81,12001.81,0.0
2019-04-07 00:00:00,11994.41,12001.31,11988.71,11997.01,0.08015099912881851
2019-04-08 00:00:00,11996.01,12002.91,11938.21,11947.31,22.528400421142578
2019-04-09 00:00:00,11948.31,11989.21,11836.01,11842.11,30.658824920654297
2019-04-10 00:00:00,11842.11,11944.71,11840.11,11930.71,29.401460647583008
2019-04-11 00:00:00,11930.71,11965.21,11844.71,11941.11,34.06802749633789
2019-04-12 00:00:00,11943.11,12031.91,11889.21,12013.51,36.92403793334961
2019-04-13 00:00:00,12013.51,12013.51,12013.51,12013.51,0.0
2019-04-14 00:00:00,12013.71,12013.71,11998.11,12008.31,0.288442999124527
2019-04-15 00:00:00,12008.31,12034.91,11981.71,12017.21,31.630842208862305
2019-04-16 00:00:00,12017.21,12116.91,12017.21,12086.31,30.90464210510254
2019-04-17 00:00:00,12085.21,12195.21,12081.01,12171.31,29.960411071777344
2019-04-18 00:00:00,12170.21,12265.71,12098.71,12248.61,36.17081832885742
2019-04-19 00:00:00,12248.61,12248.61,12248.61,12248.61,0.0
2019-04-20 00:00:00,12248.61,12248.61,12248.61,12248.61,0.0
2019-04-21 00:00:00,12246.61,12267.51,12244.51,12253.91,0.49149999022483826
2019-04-22 00:00:00,12252.81,12275.11,12211.31,12265.11,4.349639892578125
2019-04-23 00:00:00,12265.11,12265.31,12181.41,12244.41,29.28605079650879
2019-04-24 00:00:00,12245.51,12353.21,12189.41,12313.01,40.28864288330078
2019-04-25 00:00:00,12313.01,12332.91,12236.71,12274.51,31.83659553527832
2019-04-26 00:00:00,12274.51,12323.91,12249.21,12317.91,32.11857986450195
2019-04-27 00:00:00,12317.91,12317.91,12317.91,12317.91,0.0
2019-04-28 00:00:00,12315.81,12317.91,12311.61,12312.61,0.12779000401496887
2019-04-29 00:00:00,12313.71,12377.21,12264.41,12318.01,28.3532772064209
2019-04-30 00:00:00,12318.01,12388.01,12284.41,12380.01,33.18890380859375
2019-05-01 00:00:00,12380.01,12408.71,12300.11,12319.21,8.167499542236328
2019-05-02 00:00:00,12319.21,12403.89,12257.91,12326.71,36.78191375732422
2019-05-03 00:00:00,12326.21,12451.21,12308.41,12450.11,26.50921058654785
2019-05-04 00:00:00,12450.11,12450.11,12450.11,12450.11,0.0
2019-05-05 00:00:00,12313.41,12349.91,12277.11,12286.61,0.9605299830436707
2019-05-06 00:00:00,12288.71,12339.91,12133.21,12276.91,44.983455657958984
2019-05-07 00:00:00,12276.91,12319.91,12027.41,12053.91,66.49990844726562
2019-05-08 00:00:00,12056.01,12216.21,12046.61,12180.91,76.97151184082031
2019-05-09 00:00:00,12180.91,12190.21,11956.21,12086.91,76.77265167236328
2019-05-10 00:00:00,12085.81,12209.71,11965.41,12199.91,87.58487701416016
2019-05-11 00:00:00,12199.91,12199.91,12199.91,12199.91,0.0
2019-05-12 00:00:00,12118.51,12123.81,12083.01,12084.11,1.7815450429916382
2019-05-13 00:00:00,12084.11,12099.41,11814.31,11821.51,66.6427993774414
2019-05-14 00:00:00,11820.41,12018.71,11820.09,12001.01,40.36505126953125
2019-05-15 00:00:00,12001.01,12131.205,11859.71,12087.31,40.33657455444336
2019-05-16 00:00:00,12086.21,12318.21,11990.71,12291.01,41.3714485168457
2019-05-17 00:00:00,12292.11,12302.71,12147.91,12204.11,48.483638763427734
2019-05-18 00:00:00,12204.11,12204.11,12204.11,12204.11,0.0
2019-05-19 00:00:00,12216.41,12251.81,12210.01,12243.31,0.7074900269508362
2019-05-20 00:00:00,12244.41,12267.21,11989.91,12063.71,48.889427185058594
2019-05-21 00:00:00,12064.71,12180.71,12048.21,12172.01,51.4427490234375
2019-05-22 00:00:00,12172.01,12213.71,12053.91,12131.01,48.82361602783203
2019-05-23 00:00:00,12131.01,12135.21,11923.91,11953.31,67.7806625366211
2019-05-24 00:00:00,11953.31,12084.21,11953.31,12042.31,45.493648529052734
2019-05-25 00:00:00,12042.31,12042.31,12042.31,12042.31,0.0
2019-05-26 00:00:00,12030.81,12055.01,12030.81,12037.01,0.4720099866390228
2019-05-27 00:00:00,12037.01,12125.09,12018.41,12073.81,25.665590286254883
2019-05-28 00:00:00,12073.81,12121.21,11968.11,11982.81,66.35050964355469
2019-05-29 00:00:00,11982.81,11987.01,11809.41,11855.91,61.59065246582031
2019-05-30 00:00:00,11857.01,11926.21,11816.51,11821.41,36.22929000854492
2019-05-31 00:00:00,11822.41,11847.71,11661.21,11704.21,56.81734085083008
2019-06-01 00:00:00,11704.21,11704.21,11704.21,11704.21,0.0
2019-06-02 00:00:00,11640.81,11653.81,11620.21,11638.91,1.5043799877166748
2019-06-03 00:00:00,11638.91,11794.41,11596.91,11772.71,85.57884216308594
2019-06-04 00:00:00,11773.71,12033.71,11711.41,12025.11,61.639198303222656
2019-06-05 00:00:00,12025.11,12058.91,11927.81,11970.21,56.55958938598633
2019-06-06 00:00:00,11969.71,12077.71,11898.21,11981.41,55.991947174072266
2019-06-07 00:00:00,11982.51,12098.91,11963.91,12051.51,41.457122802734375
2019-06-08 00:00:00,12051.51,12051.51,12051.51,12051.51,0.0
2019-06-09 00:00:00,12131.11,12132.21,12099.91,12101.01,0.6844499707221985
2019-06-10 00:00:00,12101.01,12130.41,12053.41,12090.0,28.50350570678711
2019-06-11 00:00:00,12090.0,12225.21,12078.21,12140.51,43.116920471191406
2019-06-12 00:00:00,12140.51,12155.41,12065.41,12120.91,40.56253433227539
2019-06-13 00:00:00,12119.91,12202.91,12061.41,12157.31,45.01658248901367
2019-06-14 00:00:00,12157.31,12183.21,12047.71,12119.31,36.72199630737305
2019-06-15 00:00:00,12119.31,12119.31,12119.31,12119.31,0.0
2019-06-16 00:00:00,12125.81,12138.71,12120.61,12130.31,0.2439109981060028
2019-06-17 00:00:00,12130.31,12130.31,12058.21,12088.21,26.823043823242188
2019-06-18 00:00:00,12088.21,12360.21,11984.91,12348.61,40.644412994384766
2019-06-19 00:00:00,12348.61,12357.21,12281.21,12346.81,33.40943145751953
2019-06-20 00:00:00,12345.71,12439.19,12320.71,12363.01,39.80459976196289
2019-06-21 00:00:00,12363.01,12424.39,12252.01,12255.11,48.05915069580078
2019-06-22 00:00:00,12255.11,12255.11,12255.11,12255.11,0.0
2019-06-23 00:00:00,12278.31,12279.31,12259.11,12274.81,0.5801799893379211
2019-06-24 00:00:00,12275.91,12342.21,12241.71,12253.01,39.17163848876953
2019-06-25 00:00:00,12254.11,12288.41,12167.01,12181.61,42.534156799316406
2019-06-26 00:00:00,12180.61,12317.21,12179.51,12249.41,43.75388717651367
2019-06-27 00:00:00,12250.51,12334.71,12206.91,12307.51,37.891109466552734
2019-06-28 00:00:00,12308.61,12447.21,12267.71,12445.61,22.075340270996094
2019-06-29 00:00:00,12445.61,12445.61,12445.61,12445.61,0.0
2019-06-30 00:00:00,12530.41,12558.81,12528.91,12537.61,0.3853189945220947
2019-07-01 00:00:00,12537.61,12622.41,12469.91,12515.81,28.919729232788086
2019-07-02 00:00:00,12515.81,12559.71,12482.71,12546.31,23.16302490234375
2019-07-03 00:00:00,12545.21,12660.71,12516.71,12642.11,21.52598762512207
2019-07-04 00:00:00,12641.01,12655.71,12615.41,12632.71,12.161738395690918
2019-07-05 00:00:00,12632.71,12643.21,12519.91,12562.31,31.005773544311523
2019-07-06 00:00:00,12562.31,12562.31,12562.31,12562.31,0.0
2019-07-07 00:00:00,12569.61,12571.71,12553.91,12554.91,0.16154900193214417
2019-07-08 00:00:00,12554.91,12588.91,12482.91,12488.41,37.5489616394043
2019-07-09 00:00:00,12488.41,12503.21,12363.71,12450.41,31.84718894958496
2019-07-10 00:00:00,12450.41,12472.71,12353.21,12379.91,34.18623733520508
2019-07-11 00:00:00,12378.91,12433.71,12306.0,12348.31,30.169870376586914
2019-07-12 00:00:00,12349.31,12388.41,12303.91,12318.21,39.547576904296875
2019-07-13 00:00:00,12318.21,12318.21,12318.21,12318.21,0.0
2019-07-14 00:00:00,12324.31,12325.31,12311.11,12313.11,0.25804999470710754
2019-07-15 00:00:00,12312.11,12436.41,12292.71,12408.61,41.36402130126953
2019-07-16 00:00:00,12409.61,12465.89,12365.21,12418.11,40.67742156982422
2019-07-17 00:00:00,12418.11,12453.21,12273.11,12282.71,39.340171813964844
2019-07-18 00:00:00,12282.71,12301.71,12192.41,12254.91,43.283485412597656
2019-07-19 00:00:00,12255.91,12339.21,12209.71,12227.21,45.64045715332031
2019-07-20 00:00:00,12227.21,12227.21,12227.21,12227.21,0.0
2019-07-21 00:00:00,12226.61,12247.81,12217.41,12242.61,0.39030998945236206
2019-07-22 00:00:00,12243.61,12348.71,12230.31,12307.21,40.3945198059082
2019-07-23 00:00:00,12307.21,12550.71,12299.81,12528.31,45.492984771728516
2019-07-24 00:00:00,12528.31,12579.41,12475.91,12571.61,53.8587760925293
2019-07-25 00:00:00,12571.61,12600.41,12294.91,12363.91,68.94902038574219
2019-07-26 00:00:00,12366.01,12448.41,12354.41,12419.21,49.49449920654297
2019-07-27 00:00:00,12419.21,12419.21,12419.21,12419.21,0.0
2019-07-28 00:00:00,12424.41,12428.61,12417.01,12419.11,0.23422999680042267
2019-07-29 00:00:00,12419.11,12475.91,12380.41,12430.81,39.41743087768555
2019-07-30 00:00:00,12430.81,12460.91,12095.71,12131.41,62.00922393798828
2019-07-31 00:00:00,12130.41,12226.21,12045.21,12121.41,57.17683410644531
2019-08-01 00:00:00,12122.51,12268.21,12025.91,12043.11,85.6429214477539
2019-08-02 00:00:00,12043.11,12082.91,11835.91,11914.51,109.17443084716797
2019-08-03 00:00:00,11914.51,11914.51,11914.51,11914.51,0.0
2019-08-04 00:00:00,11882.81,11901.21,11879.71,11887.51,0.8829100131988525
2019-08-05 00:00:00,11887.51,11906.21,11338.01,11359.81,116.89708709716797
2019-08-06 00:00:00,11359.81,11748.91,11350.41,11595.61,89.14991760253906
2019-08-07 00:00:00,11595.61,11745.71,11557.41,11684.21,84.73177337646484
2019-08-08 00:00:00,11684.21,11853.41,11650.41,11819.91,65.70957946777344
2019-08-09 00:00:00,11819.91,11861.91,11671.91,11736.51,76.2245864868164
2019-08-10 00:00:00,11736.51,11736.51,11736.51,11736.51,0.0
2019-08-11 00:00:00,11762.61,11771.01,11716.41,11720.61,1.0591299533843994
2019-08-12 00:00:00,11720.61,11839.21,11614.41,11649.81,73.09232330322266
2019-08-13 00:00:00,11649.81,11838.91,11537.91,11806.81,67.52249145507812
2019-08-14 00:00:00,11806.81,11811.01,11406.91,11451.41,92.4729232788086
2019-08-15 00:00:00,11452.41,11546.71,11264.41,11436.41,83.81529235839844
2019-08-16 00:00:00,11435.41,11580.91,11417.51,11578.81,49.748958587646484
2019-08-17 00:00:00,11578.81,11578.81,11578.81,11578.81,0.0
2019-08-18 00:00:00,11625.71,11635.81,11607.71,11631.61,0.8967559933662415
2019-08-19 00:00:00,11630.51,11761.71,11570.91,11678.91,43.862117767333984
2019-08-20 00:00:00,11678.91,11767.41,11587.71,11605.31,46.11909866333008
2019-08-21 00:00:00,11606.41,11835.41,11605.31,11814.21,39.84343719482422
2019-08-22 00:00:00,11815.21,11853.21,11711.41,11753.91,49.476051330566406
2019-08-23 00:00:00,11753.91,11824.71,11532.41,11558.51,90.43345642089844
2019-08-24 00:00:00,11558.51,11558.51,11558.51,11558.51,0.0
2019-08-25 00:00:00,11442.41,11480.31,11432.11,11465.21,2.307607889175415
2019-08-26 00:00:00,11466.21,11697.71,11459.91,11663.21,67.5950927734375
2019-08-27 00:00:00,11664.21,11780.41,11613.41,11726.61,64.67133331298828
2019-08-28 00:00:00,11725.61,11736.21,11570.91,11679.31,61.25248336791992
2019-08-29 00:00:00,11679.31,11871.91,11630.21,11854.41,42.71775817871094
2019-08-30 00:00:00,11855.41,11988.41,11840.41,11954.41,44.896053314208984
2019-08-31 00:00:00,11954.41,11954.41,11954.41,11954.41,0.0
2019-09-01 00:00:00,11893.91,11931.21,11891.11,11923.01,1.4123200178146362
2019-09-02 00:00:00,11924.11,11995.91,11898.71,11946.61,39.19824981689453
2019-09-03 00:00:00,11947.61,11989.71,11866.41,11905.21,67.66304779052734
2019-09-04 00:00:00,11905.21,12079.41,11904.11,12035.31,39.21065902709961
2019-09-05 00:00:00,12035.31,12165.41,12032.11,12130.81,49.77543640136719
2019-09-06 00:00:00,12131.81,12205.41,12111.71,12178.31,53.748165130615234
2019-09-07 00:00:00,12178.31,12178.31,12178.31,12178.31,0.0
2019-09-08 00:00:00,12185.41,12196.71,12183.31,12183.31,0.4836199879646301
2019-09-09 00:00:00,12184.41,12245.21,12180.31,12232.01,29.744680404663086
2019-09-10 00:00:00,12233.01,12312.21,12179.21,12282.41,38.3109130859375
2019-09-11 00:00:00,12281.41,12472.91,12271.41,12456.61,29.555866241455078
2019-09-12 00:00:00,12457.71,12474.21,12306.71,12428.41,42.47603225708008
2019-09-13 00:00:00,12429.51,12496.21,12402.91,12449.81,25.95513153076172
2019-09-14 00:00:00,12449.81,12449.81,12449.81,12449.81,0.0
2019-09-15 00:00:00,12396.61,12421.51,12388.09,12394.41,0.7272689938545227
2019-09-16 00:00:00,12395.41,12422.21,12328.0,12404.01,29.8134708404541
2019-09-17 00:00:00,12405.11,12408.21,12302.41,12378.01,29.54261016845703
2019-09-18 00:00:00,12379.01,12428.21,12350.01,12409.41,23.267358779907227
2019-09-19 00:00:00,12410.51,12472.21,12348.71,12433.41,27.111434936523438
2019-09-20 00:00:00,12433.41,12488.71,12388.71,12394.81,37.94541931152344
2019-09-21 00:00:00,12394.81,12394.81,12394.81,12394.81,0.0
2019-09-22 00:00:00,12436.91,12463.41,12425.61,12438.71,0.6534799933433533
2019-09-23 00:00:00,12437.71,12454.41,12262.71,12401.91,29.639204025268555
2019-09-24 00:00:00,12402.91,12410.21,12229.41,12267.41,39.353004455566406
2019-09-25 00:00:00,12268.41,12294.91,12142.21,12254.51,49.815433502197266
2019-09-26 00:00:00,12254.51,12340.91,12218.41,12314.11,36.24531936645508
2019-09-27 00:00:00,12314.11,12405.91,12278.91,12330.31,39.87224578857422
2019-09-28 00:00:00,12330.31,12330.31,12330.31,12330.31,0.0
2019-09-29 00:00:00,12363.51,12366.11,12324.61,12350.41,0.4535999894142151
2019-09-30 00:00:00,12350.41,12453.51,12344.21,12438.91,23.096315383911133
2019-10-01 00:00:00,12439.41,12496.71,12220.01,12255.31,34.89699935913086
2019-10-02 00:00:00,12254.31,12267.81,11897.41,11911.81,63.549232482910156
2019-10-03 00:00:00,11910.81,11983.21,11820.41,11959.61,63.02893829345703
2019-10-04 00:00:00,11960.61,12073.41,11877.91,12063.21,61.880428314208984
2019-10-05 00:00:00,12063.21,12063.21,12063.21,12063.21,0.0
2019-10-06 00:00:00,12009.71,12037.71,12008.41,12025.11,0.7161999940872192
2019-10-07 00:00:00,12026.21,12141.21,11967.71,12073.51,57.153778076171875
2019-10-08 00:00:00,12073.51,12153.41,11916.21,11966.41,70.3233413696289
2019-10-09 00:00:00,11966.41,12176.21,11952.21,12052.21,59.42158126831055
2019-10-10 00:00:00,12052.21,12229.71,12011.21,12188.31,70.47030639648438
2019-10-11 00:00:00,12188.31,12561.91,12162.71,12478.01,56.79176330566406
2019-10-12 00:00:00,12478.01,12478.01,12478.01,12478.01,0.0
2019-10-13 00:00:00,12485.11,12520.21,12476.31,12520.21,0.6556299924850464
2019-10-14 00:00:00,12520.21,12522.31,12386.91,12505.31,36.010040283203125
2019-10-15 00:00:00,12505.31,12685.21,12481.41,12633.21,37.39043426513672
2019-10-16 00:00:00,12633.21,12699.91,12598.91,12653.81,37.567481994628906
2019-10-17 00:00:00,12653.81,12816.21,12621.41,12649.71,56.50664138793945
2019-10-18 00:00:00,12650.71,12700.91,12598.21,12668.61,49.13724899291992
2019-10-19 00:00:00,12668.61,12668.61,12668.61,12668.61,0.0
2019-10-20 00:00:00,12654.01,12672.21,12652.01,12671.41,0.7286610007286072
2019-10-21 00:00:00,12671.41,12786.21,12645.71,12750.51,32.25181579589844
2019-10-22 00:00:00,12750.51,12794.71,12686.81,12691.91,31.038677215576172
2019-10-23 00:00:00,12692.91,12835.41,12647.91,12822.61,34.91215896606445
2019-10-24 00:00:00,12822.61,12914.71,12803.41,12842.51,31.89616584777832
2019-10-25 00:00:00,12842.51,12899.41,12831.21,12891.01,24.630117416381836
2019-10-26 00:00:00,12891.01,12891.01,12891.01,12891.01,0.0
2019-10-27 00:00:00,12908.91,12914.21,12907.91,12910.01,0.10112600028514862
2019-10-28 00:00:00,12909.51,12986.71,12886.21,12964.01,25.929439544677734
2019-10-29 00:00:00,12964.01,12973.21,12895.71,12930.51,25.72064781188965
2019-10-30 00:00:00,12931.61,12950.71,12827.89,12929.41,30.873594284057617
2019-10-31 00:00:00,12929.41,12953.91,12792.91,12888.81,40.65824890136719
2019-11-01 00:00:00,12888.81,12991.21,12888.81,12971.91,33.95738220214844
2019-11-02 00:00:00,12971.91,12971.91,12971.91,12971.91,0.0
2019-11-03 00:00:00,12998.51,13001.81,12995.51,12996.61,0.1947299987077713
2019-11-04 00:00:00,12997.61,13173.71,12975.21,13161.01,28.05097770690918
2019-11-05 00:00:00,13161.01,13165.91,13113.71,13137.11,38.03812026977539
2019-11-06 00:00:00,13137.11,13208.21,13109.91,13164.91,42.78697204589844
2019-11-07 00:00:00,13165.91,13302.21,13162.41,13277.31,44.22077941894531
2019-11-08 00:00:00,13278.41,13292.41,13195.21,13259.91,35.32564163208008
2019-11-09 00:00:00,13259.91,13259.91,13259.91,13259.91,0.0
2019-11-10 00:00:00,13238.41,13245.01,13233.81,13239.51,0.17863500118255615
2019-11-11 00:00:00,13239.51,13244.71,13141.71,13209.51,33.309112548828125
2019-11-12 00:00:00,13210.61,13308.91,13185.41,13259.11,37.26655960083008
2019-11-13 00:00:00,13260.21,13271.91,13137.21,13245.91,40.28522872924805
2019-11-14 00:00:00,13245.91,13262.41,13156.91,13206.31,46.32485580444336
2019-11-15 00:00:00,13207.41,13281.21,13172.71,13238.71,47.98786926269531
2019-11-16 00:00:00,13238.71,13238.71,13238.71,13238.71,0.0
2019-11-17 00:00:00,13226.11,13228.91,13214.21,13217.41,0.2518799901008606
2019-11-18 00:00:00,13217.41,13286.41,13135.91,13200.01,53.60469055175781
2019-11-19 00:00:00,13200.01,13375.21,13170.0,13170.31,58.35582733154297
2019-11-20 00:00:00,13170.31,13204.21,13065.41,13114.21,69.98697662353516
2019-11-21 00:00:00,13114.21,13177.71,13039.91,13155.31,73.57283782958984
2019-11-22 00:00:00,13155.31,13245.21,13117.41,13186.71,55.3854866027832
2019-11-23 00:00:00,13186.71,13186.71,13186.71,13186.71,0.0
2019-11-24 00:00:00,13209.01,13210.61,13199.21,13208.71,0.23146000504493713
2019-11-25 00:00:00,13208.71,13270.71,13201.41,13260.61,32.51603698730469
2019-11-26 00:00:00,13260.61,13315.21,13191.21,13257.01,36.93190383911133
2019-11-27 00:00:00,13256.51,13315.71,13218.21,13264.01,35.23350143432617
2019-11-28 00:00:00,13264.01,13272.21,13213.41,13251.11,21.221622467041016
2019-11-29 00:00:00,13250.01,13294.21,13162.91,13227.71,35.04376983642578
2019-11-30 00:00:00,13227.71,13227.71,13227.71,13227.71,0.0
2019-12-01 00:00:00,13241.91,13244.01,13228.21,13241.91,0.3258399963378906
2019-12-02 00:00:00,13240.91,13339.41,12951.71,12978.81,59.433780670166016
2019-12-03 00:00:00,12979.81,13088.41,12925.41,13058.21,65.344970703125
2019-12-04 00:00:00,13058.21,13172.71,12994.21,13143.91,50.55757141113281
2019-12-05 00:00:00,13143.91,13191.21,13045.41,13077.71,41.87944412231445
2019-12-06 00:00:00,13078.71,13179.21,13050.91,13171.71,34.39036560058594
2019-12-07 00:00:00,13171.71,13171.71,13171.71,13171.71,0.0
2019-12-08 00:00:00,13182.81,13187.01,13179.71,13179.71,0.14365999400615692
2019-12-09 00:00:00,13178.61,13179.21,13063.41,13068.61,31.96123695373535
2019-12-10 00:00:00,13067.61,13094.41,12883.91,13068.21,50.72040939331055
2019-12-11 00:00:00,13069.31,13170.71,13040.41,13152.61,42.35886764526367
2019-12-12 00:00:00,13152.61,13360.61,13102.41,13349.31,57.99964904785156
2019-12-13 00:00:00,13348.71,13457.21,13252.41,13304.71,59.665260314941406
2019-12-14 00:00:00,13304.71,13304.71,13304.71,13304.71,0.0
2019-12-15 00:00:00,13321.71,13326.01,13313.41,13321.71,0.2984299957752228
2019-12-16 00:00:00,13321.71,13427.71,13318.91,13382.61,28.801450729370117
2019-12-17 00:00:00,13383.61,13407.91,13268.09,13279.91,34.183040618896484
2019-12-18 00:00:00,13278.91,13284.91,13205.71,13225.01,31.313949584960938
2019-12-19 00:00:00,13223.91,13251.21,13137.91,13228.11,32.51205062866211
2019-12-20 00:00:00,13228.11,13319.21,13184.71,13296.71,40.47492599487305
2019-12-21 00:00:00,13296.71,13296.71,13296.71,13296.71,0.0
2019-12-22 00:00:00,13311.21,13317.41,13306.11,13314.31,0.157710000872612
2019-12-23 00:00:00,13315.31,13326.91,13279.91,13294.71,29.213808059692383
2019-12-24 00:00:00,13293.71,13305.01,13266.01,13285.41,1.6896899938583374
2019-12-25 00:00:00,13290.61,13292.61,13287.51,13289.51,0.11680000275373459
2019-12-26 00:00:00,13290.61,13345.51,13288.51,13343.41,2.2400259971618652
2019-12-27 00:00:00,13342.41,13396.21,13283.67,13294.9,33.08822250366211
2019-12-28 00:00:00,13294.9,13294.9,13294.9,13294.9,0.0
2019-12-29 00:00:00,13298.95,13300.1,13298.95,13298.96,0.008569999597966671
2019-12-30 00:00:00,13300.1,13315.4,13107.68,13130.2,36.432342529296875
2019-12-31 00:00:00,13131.26,13146.0,13071.35,13098.0,4.2389302253723145
2020-01-01 00:00:00,13156.95,13182.4,13156.95,13168.15,0.29673001170158386
2020-01-02 00:00:00,13169.16,13454.6,13166.08,13444.35,31.820098876953125
2020-01-03 00:00:00,13444.35,13452.3,13117.18,13173.85,60.42279815673828
2020-01-04 00:00:00,13173.85,13173.85,13173.85,13173.85,0.0
2020-01-05 00:00:00,13103.65,13126.1,13096.56,13125.1,0.7683200240135193
2020-01-06 00:00:00,13125.1,13162.4,12946.89,13140.88,52.746395111083984
2020-01-07 00:00:00,13139.89,13284.0,13038.05,13072.7,53.90848922729492
2020-01-08 00:00:00,13073.8,13404.2,12968.17,13390.69,62.61155319213867
2020-01-09 00:00:00,13389.68,13524.19,13387.66,13519.49,43.75978088378906
2020-01-10 00:00:00,13520.45,13549.67,13430.18,13455.19,39.71934509277344
2020-01-11 00:00:00,13455.19,13455.19,13455.19,13455.19,0.0
2020-01-12 00:00:00,13474.67,13475.68,13458.28,13458.28,0.1915699988603592
2020-01-13 00:00:00,13458.28,13530.35,13401.9,13497.17,39.4511604309082
2020-01-14 00:00:00,13496.7,13506.4,13361.19,13429.68,48.21596908569336
2020-01-15 00:00:00,13430.9,13461.2,13386.4,13426.57,42.19246292114258
2020-01-16 00:00:00,13427.6,13493.68,13379.8,13470.9,38.6496696472168
2020-01-17 00:00:00,13469.78,13557.3,13467.76,13535.88,34.3537483215332
2020-01-18 00:00:00,13535.88,13535.88,13535.88,13535.88,0.0
2020-01-19 00:00:00,13518.58,13526.0,13508.56,13525.9,0.18348999321460724
2020-01-20 00:00:00,13526.88,13578.7,13487.5,13551.69,19.710866928100586
2020-01-21 00:00:00,13552.65,13570.87,13436.87,13522.9,35.31053161621094
2020-01-22 00:00:00,13523.9,13638.9,13448.37,13456.46,27.414506912231445
2020-01-23 00:00:00,13457.6,13508.0,13381.0,13496.87,30.961929321289062
2020-01-24 00:00:00,13497.96,13607.69,13476.5,13520.19,34.17679977416992
2020-01-25 00:00:00,13520.19,13520.19,13520.19,13520.19,0.0
2020-01-26 00:00:00,13413.28,13426.3,13376.9,13412.49,1.1452499628067017
2020-01-27 00:00:00,13412.49,13437.7,13189.0,13215.49,42.65161895751953
2020-01-28 00:00:00,13215.48,13337.6,13163.92,13301.2,39.46596908569336
2020-01-29 00:00:00,13300.07,13375.88,13279.65,13321.8,47.34894943237305
2020-01-30 00:00:00,13322.68,13326.78,13116.88,13262.35,73.62718963623047
2020-01-31 00:00:00,13261.86,13275.8,12884.2,12930.67,75.9620590209961
2020-02-01 00:00:00,12930.67,12930.67,12930.67,12930.67,0.0
2020-02-02 00:00:00,12960.78,12977.9,12942.67,12964.9,1.2125400304794312
2020-02-03 00:00:00,12963.75,13077.16,12954.37,13001.1,83.52532958984375
2020-02-04 00:00:00,13000.05,13301.1,12998.05,13274.85,63.646339416503906
2020-02-05 00:00:00,13274.85,13522.7,13221.36,13503.98,52.88697814941406
2020-02-06 00:00:00,13503.98,13601.88,13488.39,13584.5,32.2045783996582
2020-02-07 00:00:00,13585.36,13591.8,13459.4,13472.9,35.282020568847656
2020-02-08 00:00:00,13472.9,13472.9,13472.9,13472.9,0.0
2020-02-09 00:00:00,13479.85,13485.1,13390.79,13420.07,0.8026000261306763
2020-02-10 00:00:00,13421.16,13534.7,13420.06,13526.67,30.438919067382812
2020-02-11 00:00:00,13527.69,13670.3,13519.57,13639.57,45.461585998535156
2020-02-12 00:00:00,13639.57,13794.86,13609.88,13736.9,48.642940521240234
2020-02-13 00:00:00,13736.9,13765.37,13576.2,13721.2,53.34960174560547
2020-02-14 00:00:00,13722.09,13791.17,13710.5,13750.16,45.6740608215332
2020-02-15 00:00:00,13750.16,13750.16,13750.16,13750.16,0.0
2020-02-16 00:00:00,13782.68,13785.9,13773.59,13781.7,0.444489985704422
2020-02-17 00:00:00,13781.7,13808.68,13725.29,13745.49,15.635069847106934
2020-02-18 00:00:00,13745.97,13752.0,13654.8,13730.86,48.827388763427734
2020-02-19 00:00:00,13730.86,13791.1,13708.7,13789.97,32.7518310546875
2020-02-20 00:00:00,13790.98,13827.3,13646.88,13665.8,62.577396392822266
2020-02-21 00:00:00,13665.8,13709.69,13498.5,13556.39,55.419044494628906
2020-02-22 00:00:00,13556.39,13556.39,13556.39,13556.39,0.0
2020-02-23 00:00:00,13436.47,13444.7,13366.49,13398.0,1.2007299661636353
2020-02-24 00:00:00,13398.99,13404.89,12938.86,13020.4,64.00927734375
2020-02-25 00:00:00,13021.37,13158.3,12610.17,12717.6,66.39387512207031
2020-02-26 00:00:00,12718.2,12850.36,12367.15,12552.6,75.78202056884766
2020-02-27 00:00:00,12552.6,12597.37,12001.7,12116.1,80.02359008789062
2020-02-28 00:00:00,12117.09,12158.68,11722.0,11933.18,82.4322280883789
2020-02-29 00:00:00,11933.18,11933.18,11933.18,11933.18,0.0
2020-03-01 00:00:00,11689.18,11781.97,11668.68,11753.7,3.0689198970794678
2020-03-02 00:00:00,11754.08,12215.65,11622.67,12042.05,110.90416717529297
2020-03-03 00:00:00,12042.56,12273.38,11729.16,11791.37,119.53201293945312
2020-03-04 00:00:00,11790.38,12279.5,11785.45,12198.08,91.5714111328125
2020-03-05 00:00:00,12198.08,12223.68,11750.39,11807.6,106.86978149414062
2020-03-06 00:00:00,11808.6,11864.5,11419.85,11544.85,138.21893310546875
2020-03-07 00:00:00,11544.85,11544.85,11544.85,11544.85,0.0
2020-03-08 00:00:00,10987.89,11048.29,10942.06,10956.8,5.163640022277832
2020-03-09 00:00:00,10955.76,11095.68,10378.65,10589.36,104.61164855957031
2020-03-10 00:00:00,10589.36,11038.86,10423.65,10650.27,93.4776840209961
2020-03-11 00:00:00,10651.27,10763.35,10213.5,10265.3,99.95335388183594
2020-03-12 00:00:00,10266.69,10306.39,8897.09,8944.6,59.67700958251953
2020-03-13 00:00:00,8944.97,9998.86,8820.8,9723.17,81.01791381835938
2020-03-14 00:00:00,9723.17,9723.17,9723.17,9723.17,0.0
2020-03-15 00:00:00,9111.8,9150.16,9111.8,9148.16,0.03678999841213226
2020-03-16 00:00:00,9151.19,9180.3,8238.16,8687.18,94.2607192993164
2020-03-17 00:00:00,8687.58,9174.36,8427.37,8595.07,77.26770782470703
2020-03-18 00:00:00,8595.07,8890.16,8185.88,8640.95,88.0630874633789
2020-03-19 00:00:00,8640.95,8814.9,7965.88,8571.06,82.7939453125
2020-03-20 00:00:00,8571.06,9195.08,8497.4,8610.86,87.36593627929688
2020-03-21 00:00:00,8610.86,8610.86,8610.86,8610.86,0.0
2020-03-22 00:00:00,8185.68,8391.89,8182.67,8280.36,3.1927499771118164
2020-03-23 00:00:00,8280.36,9118.7,8015.16,8966.4,101.52333068847656
2020-03-24 00:00:00,8966.4,9770.9,8899.0,9609.58,85.91156005859375
2020-03-25 00:00:00,9609.58,10143.39,9439.39,9810.26,87.3072280883789
2020-03-26 00:00:00,9810.26,10109.8,9520.55,10098.07,77.5677719116211
2020-03-27 00:00:00,10097.58,10109.7,9529.5,9543.16,93.58036804199219
2020-03-28 00:00:00,9543.16,9543.16,9543.16,9543.16,0.0
2020-03-29 00:00:00,9394.96,9494.29,9363.78,9442.18,11.41466999053955
2020-03-30 00:00:00,9442.18,9906.5,9442.18,9882.87,58.46190643310547
2020-03-31 00:00:00,9884.25,10095.85,9683.88,9691.58,71.46891784667969
2020-04-01 00:00:00,9690.57,9763.0,9323.4,9415.29,36.139949798583984
2020-04-02 00:00:00,9415.29,9656.05,9336.4,9567.67,86.07959747314453
2020-04-03 00:00:00,9567.67,9626.4,9438.2,9522.19,58.741310119628906
2020-04-04 00:00:00,9522.19,9522.19,9522.19,9522.19,0.0
2020-04-05 00:00:00,9647.28,9670.29,9607.17,9652.45,4.971159934997559
2020-04-06 00:00:00,9653.49,10265.17,9647.65,10261.7,85.68387603759766
2020-04-07 00:00:00,10262.0,10590.4,10098.69,10227.3,44.38483810424805
2020-04-08 00:00:00,10227.3,10444.5,10159.86,10431.4,12.668647766113281
2020-04-09 00:00:00,10432.18,10711.3,10310.08,10663.18,14.377272605895996
2020-04-10 00:00:00,10663.18,10663.18,10663.18,10663.18,0.0
2020-04-11 00:00:00,10663.18,10663.18,10663.18,10663.18,0.0
2020-04-12 00:00:00,10731.39,10734.8,10449.6,10565.47,1.1829090118408203
2020-04-13 00:00:00,10566.47,10707.19,10480.36,10647.6,7.594814777374268
2020-04-14 00:00:00,10648.6,10824.2,10581.39,10704.4,10.502335548400879
2020-04-15 00:00:00,10705.26,10744.5,10171.17,10182.18,63.10762405395508
2020-04-16 00:00:00,10182.18,10614.2,10172.65,10567.66,96.00439453125
2020-04-17 00:00:00,10566.76,10760.86,10528.18,10698.65,100.47872924804688
2020-04-18 00:00:00,10698.65,10698.65,10698.65,10698.65,0.0
2020-04-19 00:00:00,10655.57,10660.48,10596.35,10634.28,4.101880073547363
2020-04-20 00:00:00,10635.15,10774.88,10443.2,10569.2,59.44548797607422
2020-04-21 00:00:00,10569.2,10627.18,10228.88,10326.0,73.26675415039062
2020-04-22 00:00:00,10325.48,10472.38,10230.15,10396.3,72.77886199951172
2020-04-23 00:00:00,10396.58,10612.19,10307.96,10327.35,65.85157012939453
2020-04-24 00:00:00,10327.35,10490.86,10260.86,10468.67,67.77284240722656
2020-04-25 00:00:00,10468.67,10468.67,10468.67,10468.67,0.0
2020-04-26 00:00:00,10511.8,10520.6,10414.05,10441.78,3.170109987258911
2020-04-27 00:00:00,10441.78,10723.69,10424.17,10683.1,74.53253173828125
2020-04-28 00:00:00,10683.1,10900.16,10636.9,10780.19,85.00220489501953
2020-04-29 00:00:00,10780.19,11213.38,10750.86,11175.29,84.40287780761719
2020-04-30 00:00:00,11175.29,11340.56,10658.8,10734.7,91.8729019165039
2020-05-01 00:00:00,10734.7,10752.9,10521.97,10576.8,41.68852996826172
2020-05-02 00:00:00,10576.8,10576.8,10576.8,10576.8,0.0
2020-05-03 00:00:00,10476.48,10498.29,10412.65,10426.47,4.774829864501953
2020-05-04 00:00:00,10426.47,10613.08,10376.55,10585.89,77.47772216796875
2020-05-05 00:00:00,10585.89,10748.2,10517.6,10664.98,59.20331954956055
2020-05-06 00:00:00,10664.98,10774.59,10486.86,10528.1,49.01256561279297
2020-05-07 00:00:00,10528.1,10802.3,10528.1,10792.48,57.98609161376953
2020-05-08 00:00:00,10792.48,10923.9,10789.97,10919.78,36.50613784790039
2020-05-09 00:00:00,10919.78,10919.78,10919.78,10919.78,0.0
2020-05-10 00:00:00,10937.07,10999.47,10928.36,10994.8,1.4477499723434448
2020-05-11 00:00:00,10994.8,11031.9,10739.2,10853.3,35.76451873779297
2020-05-12 00:00:00,10854.08,10887.07,10551.48,10574.2,35.99973678588867
2020-05-13 00:00:00,10574.98,10705.8,10433.98,10523.0,54.753501892089844
2020-05-14 00:00:00,10523.0,10523.0,10160.58,10478.99,62.88283157348633
2020-05-15 00:00:00,10479.87,10547.4,10370.08,10484.8,53.35063171386719
2020-05-16 00:00:00,10484.8,10484.8,10484.8,10484.8,0.0
2020-05-17 00:00:00,10512.68,10573.1,10486.29,10551.7,2.112879991531372
2020-05-18 00:00:00,10552.7,11146.45,10540.57,11108.7,46.71410369873047
2020-05-19 00:00:00,11108.7,11230.96,10931.67,10993.1,55.52545166015625
2020-05-20 00:00:00,10993.56,11247.58,10974.78,11197.4,42.778541564941406
2020-05-21 00:00:00,11198.27,11202.59,11033.9,11094.97,47.81307601928711
2020-05-22 00:00:00,11095.89,11139.79,10863.27,11134.38,43.22922897338867
2020-05-23 00:00:00,11134.38,11134.38,11134.38,11134.38,0.0
2020-05-24 00:00:00,11135.35,11192.3,11126.88,11183.3,1.228700041770935
2020-05-25 00:00:00,11184.2,11402.99,11114.1,11364.25,25.978689193725586
2020-05-26 00:00:00,11364.77,11545.8,11354.39,11459.08,47.27510452270508
2020-05-27 00:00:00,11459.98,11758.59,11429.77,11757.1,58.297119140625
2020-05-28 00:00:00,11757.1,11833.55,11654.09,11660.47,59.06800079345703
2020-05-29 00:00:00,11661.46,11730.28,11514.3,11723.27,60.554786682128906
2020-05-30 00:00:00,11723.27,11723.27,11723.27,11723.27,0.0
2020-05-31 00:00:00,11580.7,11607.9,11532.78,11605.4,2.753380060195923
2020-06-01 00:00:00,11604.5,11941.5,11603.66,11873.19,37.59556198120117
2020-06-02 00:00:00,11874.3,12119.0,11849.79,12115.0,45.13275146484375
2020-06-03 00:00:00,12115.85,12558.8,12102.97,12540.58,49.268653869628906
2020-06-04 00:00:00,12541.6,12558.3,12323.7,12405.05,69.67720794677734
2020-06-05 00:00:00,12405.05,12862.69,12394.37,12760.75,77.71672821044922
2020-06-06 00:00:00,12760.75,12760.75,12760.75,12760.75,0.0
2020-06-07 00:00:00,12815.76,12876.9,12814.77,12863.88,1.1858099699020386
2020-06-08 00:00:00,12863.88,12928.7,12673.09,12900.5,52.29932403564453
2020-06-09 00:00:00,12900.5,12930.09,12500.08,12665.18,69.85367584228516
2020-06-10 00:00:00,12665.18,12767.06,12382.85,12389.76,77.2143325805664
2020-06-11 00:00:00,12389.76,12491.0,11751.6,11893.15,114.92302703857422
2020-06-12 00:00:00,11893.66,12171.6,11789.07,12001.66,120.63197326660156
2020-06-13 00:00:00,12001.66,12001.66,12001.66,12001.66,0.0
2020-06-14 00:00:00,11862.1,11902.75,11779.48,11845.88,6.033120155334473
2020-06-15 00:00:00,11846.37,12208.3,11585.45,12205.69,94.03206634521484
2020-06-16 00:00:00,12205.69,12434.25,12128.79,12334.87,116.95316314697266
2020-06-17 00:00:00,12334.87,12432.79,12215.4,12287.36,91.4881591796875
2020-06-18 00:00:00,12287.36,12485.09,12157.06,12323.99,87.45063018798828
2020-06-19 00:00:00,12323.99,12448.29,12109.4,12120.18,95.8196029663086
2020-06-20 00:00:00,12120.18,12120.18,12120.18,12120.18,0.0
2020-06-21 00:00:00,12068.76,12113.5,11988.9,12103.46,4.76032018661499
2020-06-22 00:00:00,12104.1,12411.26,12087.67,12399.4,85.908935546875
2020-06-23 00:00:00,12398.39,12615.77,12159.0,12422.2,87.83082580566406
2020-06-24 00:00:00,12422.2,12517.56,12029.98,12121.9,85.6324234008789
2020-06-25 00:00:00,12122.88,12358.1,11952.71,12328.2,68.41800689697266
2020-06-26 00:00:00,12328.2,12366.2,12034.6,12092.19,63.960330963134766
2020-06-27 00:00:00,12092.19,12092.19,12092.19,12092.19,0.0
2020-06-28 00:00:00,12004.39,12078.1,12003.86,12059.58,2.6157500743865967
2020-06-29 00:00:00,12060.07,12343.8,11956.65,12323.55,63.0966682434082
2020-06-30 00:00:00,12323.1,12407.15,12186.7,12344.59,48.60729217529297
2020-07-01 00:00:00,12344.57,12400.2,12081.58,12290.36,45.25634002685547
2020-07-02 00:00:00,12290.36,12658.28,12235.09,12579.4,53.78676986694336
2020-07-03 00:00:00,12580.35,12661.5,12472.8,12581.1,29.748441696166992
2020-07-04 00:00:00,12581.1,12581.1,12581.1,12581.1,0.0
2020-07-05 00:00:00,12613.3,12640.5,12608.19,12634.5,1.069350004196167
2020-07-06 00:00:00,12635.38,12845.8,12611.2,12774.86,69.35601043701172
2020-07-07 00:00:00,12774.86,12816.05,12518.67,12552.99,71.7152328491211
2020-07-08 00:00:00,12552.99,12674.05,12459.79,12614.87,53.902130126953125
2020-07-09 00:00:00,12615.87,12708.56,12444.19,12596.27,85.55171966552734
2020-07-10 00:00:00,12596.66,12719.4,12398.46,12718.29,69.78778076171875
2020-07-11 00:00:00,12718.29,12718.29,12718.29,12718.29,0.0
2020-07-12 00:00:00,12777.429,12783.559,12747.939,12750.579,0.033275000751018524
2020-07-13 00:00:00,12729.199,12879.249,12534.07,12595.87,49.09791564941406
2020-07-14 00:00:00,12595.87,12871.09,12529.75,12847.08,101.16651916503906
2020-07-15 00:00:00,12847.08,13001.29,12772.09,12909.76,55.99169921875
2020-07-16 00:00:00,12909.75,12920.6,12804.0,12899.47,45.946163177490234
2020-07-17 00:00:00,12900.6,12980.2,12868.56,12948.99,33.352169036865234
2020-07-18 00:00:00,12948.99,12948.99,12948.99,12948.99,0.0
2020-07-19 00:00:00,12974.2,12985.3,12951.9,12981.19,0.7235999703407288
2020-07-20 00:00:00,12982.19,13103.49,12808.25,13085.8,43.41920852661133
2020-07-21 00:00:00,13086.77,13315.59,13074.96,13119.96,56.85166931152344
2020-07-22 00:00:00,13120.97,13201.77,13063.7,13110.16,48.137020111083984
2020-07-23 00:00:00,13111.19,13218.29,12950.67,13011.85,47.69168472290039
2020-07-24 00:00:00,13012.87,13032.7,12775.17,12811.07,46.213680267333984
2020-07-25 00:00:00,12811.07,12811.07,12811.07,12811.07,0.0
2020-07-26 00:00:00,12830.49,12832.07,12756.55,12793.1,1.8809700012207031
2020-07-27 00:00:00,12793.6,12912.8,12787.76,12901.66,37.81198501586914
2020-07-28 00:00:00,12902.68,12979.1,12743.09,12796.8,38.33802795410156
2020-07-29 00:00:00,12796.65,12892.99,12748.9,12871.2,29.882076263427734
2020-07-30 00:00:00,12872.19,12873.3,12250.25,12526.27,74.00725555419922
2020-07-31 00:00:00,12526.27,12536.0,12209.0,12320.48,69.8139419555664
2020-08-01 00:00:00,12320.48,12320.48,12320.48,12320.48,0.0
2020-08-02 00:00:00,12324.97,12331.06,12286.07,12318.39,1.2034399509429932
2020-08-03 00:00:00,12317.38,12700.3,12273.78,12654.58,37.26179122924805
2020-08-04 00:00:00,12655.56,12770.1,12525.6,12613.27,40.32487869262695
2020-08-05 00:00:00,12613.26,12761.3,12578.08,12615.19,35.77302169799805
2020-08-06 00:00:00,12615.19,12801.05,12515.75,12647.9,42.84006118774414
2020-08-07 00:00:00,12647.89,12705.6,12514.75,12700.3,38.33769989013672
2020-08-08 00:00:00,12700.3,12700.3,12700.3,12700.3,0.0
2020-08-09 00:00:00,12679.29,12701.2,12665.3,12687.88,0.7847800254821777
2020-08-10 00:00:00,12688.29,12776.1,12600.78,12732.8,37.768028259277344
2020-08-11 00:00:00,12732.8,13046.7,12722.4,12847.99,43.99073028564453
2020-08-12 00:00:00,12848.88,13102.77,12824.38,13070.26,35.5623664855957
2020-08-13 00:00:00,13070.26,13090.5,12919.2,12995.9,34.15055465698242
2020-08-14 00:00:00,12996.66,13014.8,12792.07,12844.5,32.11920166015625
2020-08-15 00:00:00,12844.5,12844.5,12844.5,12844.5,0.0
2020-08-16 00:00:00,12865.1,12878.3,12862.07,12876.35,0.3253600001335144
2020-08-17 00:00:00,12877.27,12964.09,12845.26,12955.19,24.7802791595459
2020-08-18 00:00:00,12955.19,13056.05,12804.56,12876.46,37.960330963134766
2020-08-19 00:00:00,12875.46,12995.0,12832.3,12903.47,34.83460235595703
2020-08-20 00:00:00,12903.47,12910.39,12750.77,12884.55,40.46908187866211
2020-08-21 00:00:00,12885.5,12938.89,12629.28,12787.95,51.01344680786133
2020-08-22 00:00:00,12787.95,12787.95,12787.95,12787.95,0.0
2020-08-23 00:00:00,12811.7,12816.4,12793.25,12803.88,0.9167699813842773
2020-08-24 00:00:00,12804.0,13108.2,12782.85,13097.95,52.738182067871094
2020-08-25 00:00:00,13097.95,13224.4,13008.15,13103.95,45.837242126464844
2020-08-26 00:00:00,13104.1,13252.5,13007.06,13234.06,47.26137924194336
2020-08-27 00:00:00,13234.09,13238.88,13019.96,13101.06,70.5506591796875
2020-08-28 00:00:00,13100.08,13191.39,12945.9,13052.87,63.23031997680664
2020-08-29 00:00:00,13052.87,13052.87,13052.87,13052.87,0.0
2020-08-30 00:00:00,13083.56,13108.9,13078.98,13108.76,0.7832000255584717
2020-08-31 00:00:00,13108.8,13155.0,12898.76,12948.17,71.6363754272461
2020-09-01 00:00:00,12948.15,13131.56,12847.09,13025.97,87.64323425292969
2020-09-02 00:00:00,13025.6,13381.9,13006.36,13371.8,80.34672546386719
2020-09-03 00:00:00,13370.66,13461.9,12892.98,12912.77,126.1890869140625
2020-09-04 00:00:00,12913.8,13128.9,12746.05,12941.76,135.34754943847656
2020-09-05 00:00:00,12941.76,12941.76,12941.76,12941.76,0.0
2020-09-06 00:00:00,12901.06,12950.2,12810.56,12906.2,7.614319801330566
2020-09-07 00:00:00,12906.58,13162.0,12863.76,13146.55,67.69344329833984
2020-09-08 00:00:00,13146.58,13162.0,12777.16,12901.8,126.17176055908203
2020-09-09 00:00:00,12901.9,13315.3,12868.58,13301.2,94.25495910644531
2020-09-10 00:00:00,13301.09,13304.6,13075.8,13138.3,95.63785552978516
2020-09-11 00:00:00,13138.28,13257.4,13111.66,13163.4,95.61483764648438
2020-09-12 00:00:00,13163.4,13163.4,13163.4,13163.4,0.0
2020-09-13 00:00:00,13224.95,13255.4,13217.95,13250.36,2.344170093536377
2020-09-14 00:00:00,13250.4,13341.09,13142.65,13182.26,83.22239685058594
2020-09-15 00:00:00,13182.27,13261.1,13134.29,13207.87,60.51485061645508
2020-09-16 00:00:00,13207.87,13276.8,13168.76,13207.6,66.39141845703125
2020-09-17 00:00:00,13207.49,13268.3,13031.51,13224.2,70.47264862060547
2020-09-18 00:00:00,13224.16,13262.9,13054.16,13150.9,61.03401184082031
2020-09-19 00:00:00,13150.9,13150.9,13150.9,13150.9,0.0
2020-09-20 00:00:00,13131.08,13162.78,13063.65,13140.2,2.3283400535583496
2020-09-21 00:00:00,13140.05,13154.0,12499.3,12680.19,98.0731430053711
2020-09-22 00:00:00,12680.15,12703.5,12559.97,12689.59,83.62979125976562
2020-09-23 00:00:00,12689.58,12831.78,12467.36,12503.1,89.16981506347656
2020-09-24 00:00:00,12502.55,12695.2,12457.56,12681.27,110.899169921875
2020-09-25 00:00:00,12681.27,12711.88,12337.2,12570.59,86.61817169189453
2020-09-26 00:00:00,12570.59,12570.59,12570.59,12570.59,0.0
2020-09-27 00:00:00,12600.06,12615.8,12589.76,12599.2,0.874210000038147
2020-09-28 00:00:00,12599.07,12918.0,12559.35,12914.99,62.01234817504883
2020-09-29 00:00:00,12914.96,12947.56,12737.06,12851.85,57.04037857055664
2020-09-30 00:00:00,12851.9,12898.2,12663.39,12779.79,76.58785247802734
2020-10-01 00:00:00,12781.68,12856.68,12665.8,12710.36,78.17424774169922
2020-10-02 00:00:00,12710.5,12738.1,12537.78,12707.48,94.38893127441406
2020-10-03 00:00:00,12707.48,12707.48,12707.48,12707.48,0.0
2020-10-04 00:00:00,12763.5,12799.59,12741.35,12790.48,2.3575599193573
2020-10-05 00:00:00,12790.46,12887.7,12725.3,12855.68,60.70061111450195
2020-10-06 00:00:00,12856.67,12966.79,12758.0,12802.5,76.82952117919922
2020-10-07 00:00:00,12803.46,12971.29,12796.76,12966.45,56.25313949584961
2020-10-08 00:00:00,12967.48,13117.3,12933.07,13105.68,54.240848541259766
2020-10-09 00:00:00,13105.8,13112.4,13008.05,13074.06,51.678043365478516
2020-10-10 00:00:00,13074.06,13074.06,13074.06,13074.06,0.0
2020-10-11 00:00:00,13036.46,13074.6,13036.46,13061.35,2.052190065383911
2020-10-12 00:00:00,13061.39,13184.6,13030.55,13168.26,69.30413818359375
2020-10-13 00:00:00,13169.25,13172.2,12955.26,13016.97,85.4388427734375
2020-10-14 00:00:00,13017.5,13067.28,12942.65,12978.05,81.92768859863281
2020-10-15 00:00:00,12978.09,12995.6,12596.55,12765.28,90.4897232055664
2020-10-16 00:00:00,12765.77,12958.3,12704.46,12858.17,69.0204086303711
2020-10-17 00:00:00,12858.17,12858.17,12858.17,12858.17,0.0
2020-10-18 00:00:00,12915.06,12923.7,12902.67,12915.3,0.9912520051002502
2020-10-19 00:00:00,12915.17,13031.9,12721.5,12798.3,52.74507522583008
2020-10-20 00:00:00,12798.29,12851.4,12711.5,12768.18,49.23145294189453
2020-10-21 00:00:00,12769.08,12819.0,12449.659,12491.89,59.271568298339844
2020-10-22 00:00:00,12491.869,12616.399,12342.26,12597.389,69.54795837402344
2020-10-23 00:00:00,12597.349,12719.599,12507.769,12641.859,58.87633514404297
2020-10-24 00:00:00,12641.859,12641.859,12641.859,12641.859,0.0
2020-10-25 00:00:00,12583.449,12612.699,12581.659,12607.199,0.6310799717903137
2020-10-26 00:00:00,12607.959,12621.299,12089.299,12190.889,80.86620330810547
2020-10-27 00:00:00,12191.399,12277.799,11889.989,11915.499,56.57255172729492
2020-10-28 00:00:00,11916.269,11960.279,11455.259,11540.679,106.25541687011719
2020-10-29 00:00:00,11539.859,11708.399,11455.259,11597.169,105.49375915527344
2020-10-30 00:00:00,11597.569,11643.479,11327.889,11630.599,106.9448471069336
2020-10-31 00:00:00,11630.599,11630.599,11630.599,11630.599,0.0
2020-11-01 00:00:00,11591.049,11599.199,11504.959,11538.589,2.1408801078796387
2020-11-02 00:00:00,11538.699,11838.749,11506.779,11826.359,90.81623840332031
2020-11-03 00:00:00,11826.999,12260.169,11806.199,12210.599,84.27135467529297
2020-11-04 00:00:00,12209.999,12364.999,11782.959,12251.569,128.13876342773438
2020-11-05 00:00:00,12252.959,12589.399,12240.469,12511.269,91.4532699584961
2020-11-06 00:00:00,12512.199,12592.549,12369.059,12491.469,80.74566650390625
2020-11-07 00:00:00,12491.469,12491.469,12491.469,12491.469,0.0
2020-11-08 00:00:00,12532.079,12619.169,12529.869,12589.579,2.5714099407196045
2020-11-09 00:00:00,12590.499,13296.599,12578.059,12999.149,108.4696044921875
2020-11-10 00:00:00,12998.749,13240.779,12871.069,13144.979,114.72911834716797
2020-11-11 00:00:00,13144.049,13244.059,13095.349,13222.289,87.19544982910156
2020-11-12 00:00:00,13222.769,13226.449,12936.159,12972.559,89.25106811523438
2020-11-13 00:00:00,12972.179,13142.789,12927.889,13125.559,62.31473922729492
2020-11-14 00:00:00,13125.559,13125.559,13125.559,13125.559,0.0
2020-11-15 00:00:00,13162.749,13213.259,13157.749,13203.589,1.5672600269317627
2020-11-16 00:00:00,13202.669,13281.899,13075.059,13139.799,73.63685607910156
2020-11-17 00:00:00,13138.899,13167.699,13049.289,13147.299,47.96640396118164
2020-11-18 00:00:00,13147.299,13213.899,13069.549,13107.789,39.62400817871094
2020-11-19 00:00:00,13107.758,13147.02,13032.269,13064.099,43.37831115722656
2020-11-20 00:00:00,13064.499,13169.399,13039.249,13088.059,37.90614700317383
2020-11-21 00:00:00,13088.059,13088.059,13088.059,13088.059,0.0
2020-11-22 00:00:00,13126.499,13154.398,13122.249,13153.369,0.6285290122032166
2020-11-23 00:00:00,13153.378,13314.698,13121.969,13222.879,39.417808532714844
2020-11-24 00:00:00,13222.848,13358.499,13188.799,13350.099,37.64524459838867
2020-11-25 00:00:00,13349.978,13375.898,13232.899,13304.469,39.106170654296875
2020-11-26 00:00:00,13303.569,13333.099,13249.299,13275.199,22.627450942993164
2020-11-27 00:00:00,13275.169,13366.059,13241.379,13365.069,28.030078887939453
2020-11-28 00:00:00,13365.069,13365.069,13365.069,13365.069,0.0
2020-11-29 00:00:00,13390.399,13395.359,13363.279,13369.649,0.39160698652267456
2020-11-30 00:00:00,13369.688,13447.249,13226.059,13336.569,48.534141540527344
2020-12-01 00:00:00,13337.469,13435.399,13331.979,13382.899,43.33216857910156
2020-12-02 00:00:00,13383.757,13383.899,13270.299,13293.289,38.614410400390625
2020-12-03 00:00:00,13293.299,13328.699,13179.669,13215.779,35.154361724853516
2020-12-04 00:00:00,13215.759,13317.399,13201.999,13267.859,34.40911865234375
2020-12-05 00:00:00,13267.859,13267.859,13267.859,13267.859,0.0
2020-12-06 00:00:00,13267.899,13322.997,13267.877,13296.589,0.7343900203704834
2020-12-07 00:00:00,13296.547,13300.697,13158.259,13244.159,37.10834884643555
2020-12-08 00:00:00,13244.149,13348.899,13197.299,13314.549,32.39746856689453
2020-12-09 00:00:00,13315.479,13458.089,13281.699,13346.369,43.25379943847656
2020-12-10 00:00:00,13347.269,13371.699,13210.559,13297.259,44.97106170654297
2020-12-11 00:00:00,13297.297,13309.287,13006.0,13138.369,44.43277359008789
2020-12-12 00:00:00,13138.369,13138.369,13138.369,13138.369,0.0
2020-12-13 00:00:00,13186.099,13198.199,13144.959,13155.699,0.7333300113677979
2020-12-14 00:00:00,13159.277,13294.569,13144.579,13220.449,39.30168914794922
2020-12-15 00:00:00,13221.369,13429.787,13182.059,13415.449,37.24599075317383
2020-12-16 00:00:00,13414.949,13596.779,13380.869,13583.179,51.99660873413086
2020-12-17 00:00:00,13582.289,13733.069,13551.049,13682.359,32.322940826416016
2020-12-18 00:00:00,13682.859,13775.399,13600.659,13673.499,48.33307647705078
2020-12-19 00:00:00,13673.499,13673.499,13673.499,13673.499,0.0
2020-12-20 00:00:00,13624.449,13629.699,13595.559,13613.769,0.961929976940155
2020-12-21 00:00:00,13612.889,13630.499,13046.279,13360.269,34.09590148925781
2020-12-22 00:00:00,13361.179,13442.799,13235.169,13431.997,18.544849395751953
2020-12-23 00:00:00,13432.777,13622.179,13333.099,13603.459,16.817819595336914
2020-12-24 00:00:00,13603.477,13649.997,13585.059,13632.389,7.848780155181885
2020-12-25 00:00:00,13632.389,13632.389,13632.389,13632.389,0.0
2020-12-26 00:00:00,13632.389,13632.389,13632.389,13632.389,0.0
2020-12-27 00:00:00,13603.169,13693.899,13599.089,13676.279,1.125100016593933
2020-12-28 00:00:00,13676.787,13827.399,13613.259,13798.199,11.75454044342041
2020-12-29 00:00:00,13799.199,13909.679,13689.189,13716.549,15.520210266113281
2020-12-30 00:00:00,13716.559,13796.399,13650.659,13669.279,13.258990287780762
2020-12-31 00:00:00,13670.199,13735.489,13615.699,13713.169,8.462200164794922
2021-01-01 00:00:00,13713.169,13713.169,13713.169,13713.169,0.0
2021-01-02 00:00:00,13713.169,13713.169,13713.169,13713.169,0.0
2021-01-03 00:00:00,13690.099,13741.599,13690.099,13723.779,0.9450700283050537
2021-01-04 00:00:00,13723.779,13923.279,13591.169,13681.299,29.867876052856445
2021-01-05 00:00:00,13681.277,13769.799,13564.799,13685.589,26.837961196899414
2021-01-06 00:00:00,13686.469,13933.649,13614.289,13886.579,35.771690368652344
2021-01-07 00:00:00,13886.557,14008.989,13862.599,13996.369,25.04994010925293
2021-01-08 00:00:00,13997.279,14133.799,13985.749,14104.249,28.62832260131836
2021-01-09 00:00:00,14104.249,14104.249,14104.249,14104.249,0.0
2021-01-10 00:00:00,14083.199,14096.999,14052.579,14060.999,1.2981200218200684
2021-01-11 00:00:00,14060.349,14075.199,13804.267,13953.669,28.690340042114258
2021-01-12 00:00:00,13953.669,14002.299,13840.179,13933.599,23.898147583007812
2021-01-13 00:00:00,13934.399,13977.799,13865.749,13948.479,20.501428604125977
2021-01-14 00:00:00,13948.479,14032.779,13940.289,13985.267,20.799800872802734
2021-01-15 00:00:00,13984.369,13986.597,13671.259,13733.099,34.08295822143555
2021-01-16 00:00:00,13733.099,13733.099,13733.099,13733.099,0.0
2021-01-17 00:00:00,13747.779,13770.889,13730.649,13733.349,1.2528300285339355
2021-01-18 00:00:00,13732.479,13910.699,13693.0,13892.549,17.118364334106445
2021-01-19 00:00:00,13892.587,13960.699,13801.749,13889.399,20.7731990814209
2021-01-20 00:00:00,13888.999,13979.369,13796.079,13973.849,19.154695510864258
2021-01-21 00:00:00,13974.999,14025.399,13868.649,13925.049,18.9804744720459
2021-01-22 00:00:00,13925.077,13942.699,13741.279,13876.997,24.00383949279785
2021-01-23 00:00:00,13876.997,13876.997,13876.997,13876.997,0.0
2021-01-24 00:00:00,13889.999,13915.249,13889.089,13901.449,0.4972899854183197
2021-01-25 00:00:00,13902.389,13956.259,13597.777,13716.699,38.94694900512695
2021-01-26 00:00:00,13716.169,13929.899,13586.259,13899.669,28.859437942504883
2021-01-27 00:00:00,13900.599,13903.399,13383.699,13435.769,59.71816635131836
2021-01-28 00:00:00,13434.869,13715.799,13306.759,13603.549,53.385955810546875
2021-01-29 00:00:00,13603.969,13621.779,13365.699,13397.389,69.52525329589844
2021-01-30 00:00:00,13397.389,13397.389,13397.389,13397.389,0.0
2021-01-31 00:00:00,13342.049,13342.769,13264.579,13329.779,3.687309980392456
2021-02-01 00:00:00,13328.899,13690.499,13327.049,13678.679,36.78168487548828
2021-02-02 00:00:00,13678.687,13911.797,13631.779,13893.679,29.546369552612305
2021-02-03 00:00:00,13894.697,13992.699,13858.579,13986.559,26.238040924072266
2021-02-04 00:00:00,13986.999,14074.559,13904.599,14063.879,22.79900360107422
2021-02-05 00:00:00,14063.877,14113.799,14011.749,14076.349,19.806880950927734
2021-02-06 00:00:00,14076.349,14076.349,14076.349,14076.349,0.0
2021-02-07 00:00:00,14097.777,14101.689,14073.849,14082.859,0.6463000178337097
2021-02-08 00:00:00,14082.847,14192.079,14040.149,14061.279,18.892763137817383
2021-02-09 00:00:00,14061.277,14086.697,13958.399,14029.549,18.856870651245117
2021-02-10 00:00:00,14030.499,14098.569,13825.789,13928.969,27.575090408325195
2021-02-11 00:00:00,13928.977,14052.899,13901.589,14035.769,24.248241424560547
2021-02-12 00:00:00,14037.547,14083.499,13913.759,14081.689,18.992490768432617
2021-02-13 00:00:00,14081.689,14081.689,14081.689,14081.689,0.0
2021-02-14 00:00:00,14096.499,14101.499,14084.169,14087.289,0.29434001445770264
2021-02-15 00:00:00,14087.289,14159.099,14072.749,14110.379,13.111740112304688
2021-02-16 00:00:00,14111.399,14158.199,14024.199,14028.489,25.437713623046875
2021-02-17 00:00:00,14029.369,14069.677,13882.179,13956.699,32.309879302978516
2021-02-18 00:00:00,13957.699,13974.779,13852.749,13905.499,35.113651275634766
2021-02-19 00:00:00,13905.599,14025.899,13851.069,13944.189,36.67266082763672
2021-02-20 00:00:00,13944.189,13944.189,13944.189,13944.189,0.0
2021-02-21 00:00:00,13978.679,13993.889,13933.969,13969.879,1.1162699460983276
2021-02-22 00:00:00,13970.769,14034.079,13797.759,13930.049,41.32257843017578
2021-02-23 00:00:00,13930.079,14010.699,13661.749,13873.449,51.35683059692383
2021-02-24 00:00:00,13873.447,14055.499,13787.599,14050.949,38.4404182434082
2021-02-25 00:00:00,14050.987,14074.097,13730.349,13753.589,50.19204330444336
2021-02-26 00:00:00,13752.269,13880.799,13641.669,13775.959,70.75006866455078
2021-02-27 00:00:00,13775.959,13775.959,13775.959,13775.959,0.0
2021-02-28 00:00:00,13822.199,13883.899,13808.999,13881.799,1.8471499681472778
2021-03-01 00:00:00,13882.559,14051.599,13850.559,14042.599,21.584768295288086
2021-03-02 00:00:00,14042.447,14102.899,13926.049,14064.949,33.012325286865234
2021-03-03 00:00:00,14064.967,14199.259,13942.589,13944.499,46.57489776611328
2021-03-04 00:00:00,13944.599,14097.299,13899.099,13938.859,67.52025604248047
2021-03-05 00:00:00,13937.959,14067.789,13864.759,14051.889,69.76264953613281
2021-03-06 00:00:00,14051.889,14051.889,14051.889,14051.889,0.0
2021-03-07 00:00:00,14125.089,14146.179,14082.349,14093.359,2.155829906463623
2021-03-08 00:00:00,14093.789,14436.659,13959.559,14420.189,61.9848747253418
2021-03-09 00:00:00,14420.689,14477.269,14306.789,14460.999,32.188987731933594
2021-03-10 00:00:00,14460.869,14590.799,14387.079,14549.389,28.559255599975586
2021-03-11 00:00:00,14550.379,14597.789,14515.797,14564.899,27.47631072998047
2021-03-12 00:00:00,14564.847,14580.599,14450.247,14564.077,31.544330596923828
2021-03-13 00:00:00,14564.077,14564.077,14564.077,14564.077,0.0
2021-03-14 00:00:00,14569.269,14600.069,14567.457,14590.799,0.752780020236969
2021-03-15 00:00:00,14589.859,14591.789,14407.757,14485.559,26.91790008544922
2021-03-16 00:00:00,14485.959,14601.789,14477.547,14550.699,26.83823013305664
2021-03-17 00:00:00,14550.797,14702.197,14529.049,14699.367,25.909711837768555
2021-03-18 00:00:00,14698.949,14803.779,14660.749,14681.469,32.166290283203125
2021-03-19 00:00:00,14681.499,14748.897,14562.759,14631.897,34.57378387451172
2021-03-20 00:00:00,14631.897,14631.897,14631.897,14631.897,0.0
2021-03-21 00:00:00,14616.599,14634.399,14616.059,14625.369,0.49380001425743103
2021-03-22 00:00:00,14625.899,14680.799,14539.789,14674.269,24.316909790039062
2021-03-23 00:00:00,14675.199,14706.799,14514.799,14600.079,28.99464988708496
2021-03-24 00:00:00,14600.949,14618.699,14518.259,14558.889,37.109718322753906
2021-03-25 00:00:00,14559.799,14706.899,14417.749,14690.859,45.36788558959961
2021-03-26 00:00:00,14691.759,14852.679,14672.049,14847.269,30.975479125976562
2021-03-27 00:00:00,14847.269,14847.269,14847.269,14847.269,0.0
2021-03-28 00:00:00,14834.159,14840.099,14808.049,14808.079,0.9600200057029724
2021-03-29 00:00:00,14808.949,14893.799,14719.589,14883.269,36.29539108276367
2021-03-30 00:00:00,14882.299,15031.899,14851.549,14989.189,17.760324478149414
2021-03-31 00:00:00,14990.299,15048.699,14955.049,15034.279,12.348950386047363
2021-04-01 00:00:00,15034.277,15196.299,15015.079,15171.797,11.563732147216797
2021-04-02 00:00:00,15171.797,15171.797,15171.797,15171.797,0.0
2021-04-03 00:00:00,15171.797,15171.797,15171.797,15171.797,0.0
2021-04-04 00:00:00,15233.997,15267.099,15223.479,15255.279,0.4375140070915222
2021-04-05 00:00:00,15256.147,15366.997,15214.749,15349.689,4.732306003570557
2021-04-06 00:00:00,15350.667,15351.699,15166.699,15216.299,14.450801849365234
2021-04-07 00:00:00,15216.247,15253.399,15157.189,15239.069,11.709443092346191
2021-04-08 00:00:00,15239.067,15256.169,15146.749,15227.059,19.413114547729492
2021-04-09 00:00:00,15227.077,15262.999,15157.221,15233.669,20.60895538330078
2021-04-10 00:00:00,15233.669,15233.669,15233.669,15233.669,0.0
2021-04-11 00:00:00,15226.789,15245.699,15221.669,15224.799,1.022420048713684
2021-04-12 00:00:00,15225.589,15274.789,15187.149,15240.159,23.342090606689453
2021-04-13 00:00:00,15239.149,15283.899,15182.269,15239.289,22.673789978027344
2021-04-14 00:00:00,15239.259,15300.149,15167.159,15185.379,21.55089569091797
2021-04-15 00:00:00,15186.267,15285.799,15181.549,15280.459,16.518049240112305
2021-04-16 00:00:00,15280.487,15511.487,15262.059,15493.849,19.69635009765625
2021-04-17 00:00:00,15493.849,15493.849,15493.849,15493.849,0.0
2021-04-18 00:00:00,15462.749,15479.099,15459.149,15459.149,0.3164899945259094
2021-04-19 00:00:00,15460.099,15501.899,15335.149,15396.689,26.53829002380371
2021-04-20 00:00:00,15398.489,15401.399,15104.779,15137.499,30.03318977355957
2021-04-21 00:00:00,15138.399,15265.179,15072.289,15227.459,30.31648063659668
2021-04-22 00:00:00,15227.477,15337.299,15211.169,15244.479,30.19742202758789
2021-04-23 00:00:00,15244.449,15310.399,15146.249,15252.659,26.42047691345215
2021-04-24 00:00:00,15252.659,15252.659,15252.659,15252.659,0.0
2021-04-25 00:00:00,15286.069,15292.379,15267.569,15269.499,0.38982999324798584
2021-04-26 00:00:00,15269.379,15325.749,15233.249,15291.249,28.634199142456055
2021-04-27 00:00:00,15290.399,15309.679,15182.899,15267.089,26.425989151000977
2021-04-28 00:00:00,15267.989,15355.899,15230.599,15319.059,28.650480270385742
2021-04-29 00:00:00,15318.199,15333.289,15082.749,15165.989,40.69960021972656
2021-04-30 00:00:00,15166.999,15245.759,15096.159,15148.399,35.32722854614258
2021-05-01 00:00:00,15148.399,15148.399,15148.399,15148.399,0.0
2021-05-02 00:00:00,15157.849,15165.399,15147.969,15163.279,0.6594799757003784
2021-05-03 00:00:00,15163.659,15270.799,15107.769,15234.999,29.3518009185791
2021-05-04 00:00:00,15233.059,15263.799,14827.149,14903.359,50.47422409057617
2021-05-05 00:00:00,14904.279,15188.799,14901.549,15165.389,37.128761291503906
2021-05-06 00:00:00,15164.889,15276.399,15085.749,15252.789,51.339908599853516
2021-05-07 00:00:00,15251.849,15422.489,15221.769,15416.179,40.086448669433594
2021-05-08 00:00:00,15416.179,15416.179,15416.179,15416.179,0.0
2021-05-09 00:00:00,15393.099,15427.169,15392.149,15423.559,0.47148001194000244
2021-05-10 00:00:00,15422.659,15466.589,15289.259,15324.489,34.84307098388672
2021-05-11 00:00:00,15323.699,15330.999,15005.749,15121.899,61.601165771484375
2021-05-12 00:00:00,15122.799,15226.299,14995.579,15122.369,69.05516815185547
2021-05-13 00:00:00,15121.449,15273.589,14808.249,15263.999,67.37873840332031
2021-05-14 00:00:00,15264.889,15491.599,15213.789,15481.379,40.989410400390625
2021-05-15 00:00:00,15481.379,15481.379,15481.379,15481.379,0.0
2021-05-16 00:00:00,15464.699,15500.889,15446.549,15448.249,1.7272100448608398
2021-05-17 00:00:00,15448.799,15483.899,15349.759,15450.769,35.88421630859375
2021-05-18 00:00:00,15449.999,15541.399,15275.799,15275.799,27.32015037536621
2021-05-19 00:00:00,15277.559,15329.199,14958.249,15130.179,62.040138244628906
2021-05-20 00:00:00,15131.089,15396.669,15099.749,15385.099,43.56209182739258
2021-05-21 00:00:00,15385.859,15466.899,15350.049,15448.099,36.05392837524414
2021-05-22 00:00:00,15448.099,15448.099,15448.099,15448.099,0.0
2021-05-23 00:00:00,15416.359,15456.499,15395.089,15437.199,1.0915199518203735
2021-05-24 00:00:00,15438.869,15589.299,15434.559,15576.999,17.73674964904785
2021-05-25 00:00:00,15576.857,15605.299,15455.159,15505.489,28.28591537475586
2021-05-26 00:00:00,15504.479,15544.269,15405.289,15446.069,29.849348068237305
2021-05-27 00:00:00,15445.159,15490.169,15348.249,15483.749,31.705400466918945
2021-05-28 00:00:00,15484.659,15548.779,15431.759,15489.699,21.205829620361328
2021-05-29 00:00:00,15489.699,15489.699,15489.699,15489.699,0.0
2021-05-30 00:00:00,15500.797,15514.697,15497.089,15501.499,0.4122999906539917
2021-05-31 00:00:00,15502.459,15526.397,15413.299,15469.369,11.405200004577637
2021-06-01 00:00:00,15469.399,15685.399,15436.089,15559.659,26.603559494018555
2021-06-02 00:00:00,15559.657,15629.769,15547.769,15596.349,23.852619171142578
2021-06-03 00:00:00,15597.287,15656.799,15472.749,15619.599,28.624250411987305
2021-06-04 00:00:00,15620.469,15707.299,15580.579,15687.899,19.32158088684082
2021-06-05 00:00:00,15687.899,15687.899,15687.899,15687.899,0.0
2021-06-06 00:00:00,15688.969,15695.297,15675.969,15691.379,0.5019500255584717
2021-06-07 00:00:00,15691.347,15732.899,15610.759,15702.089,20.4725284576416
2021-06-08 00:00:00,15702.047,15729.767,15636.899,15667.199,23.126699447631836
2021-06-09 00:00:00,15667.187,15678.197,15501.201,15578.269,21.681896209716797
2021-06-10 00:00:00,15578.247,15638.897,15512.899,15584.199,26.469970703125
2021-06-11 00:00:00,15585.099,15721.489,15547.899,15713.479,16.169729232788086
2021-06-12 00:00:00,15713.479,15713.479,15713.479,15713.479,0.0
2021-06-13 00:00:00,15742.799,15742.897,15725.149,15726.189,0.27900001406669617
2021-06-14 00:00:00,15727.049,15804.699,15670.669,15707.799,18.046680450439453
2021-06-15 00:00:00,15707.797,15793.799,15706.749,15734.699,17.510643005371094
2021-06-16 00:00:00,15735.679,15761.269,15649.049,15649.949,20.959819793701172
2021-06-17 00:00:00,15649.079,15760.799,15616.599,15740.499,23.25956916809082
2021-06-18 00:00:00,15740.999,15743.569,15420.149,15443.559,34.57275390625
2021-06-19 00:00:00,15443.559,15443.559,15443.559,15443.559,0.0
2021-06-20 00:00:00,15421.199,15443.999,15406.499,15428.699,0.9628000259399414
2021-06-21 00:00:00,15427.799,15661.887,15276.559,15648.089,27.763139724731445
2021-06-22 00:00:00,15648.949,15660.189,15513.747,15628.469,24.56414031982422
2021-06-23 00:00:00,15629.349,15675.899,15453.199,15502.089,15.549757957458496
2021-06-24 00:00:00,15502.067,15613.787,15478.259,15600.679,13.457256317138672
2021-06-25 00:00:00,15601.587,15637.179,15531.749,15608.599,16.12541961669922
2021-06-26 00:00:00,15608.599,15608.599,15608.599,15608.599,0.0
2021-06-27 00:00:00,15612.669,15616.989,15605.057,15611.449,0.4502600133419037
2021-06-28 00:00:00,15611.477,15669.779,15540.757,15563.869,26.752159118652344
2021-06-29 00:00:00,15562.979,15753.899,15533.047,15713.979,19.926977157592773
2021-06-30 00:00:00,15713.499,15719.999,15457.899,15580.099,23.685321807861328
2021-07-01 00:00:00,15580.999,15709.759,15489.221,15627.899,19.01296043395996
2021-07-02 00:00:00,15627.847,15708.399,15599.647,15651.889,16.916719436645508
2021-07-03 00:00:00,15651.889,15651.889,15651.889,15651.889,0.0
2021-07-04 00:00:00,15658.069,15664.999,15647.579,15650.669,0.1739719957113266
2021-07-05 00:00:00,15650.669,15680.199,15530.779,15676.469,10.361151695251465
2021-07-06 00:00:00,15677.347,15695.079,15463.299,15494.769,27.697872161865234
2021-07-07 00:00:00,15495.289,15716.599,15475.289,15710.297,34.73128890991211
2021-07-08 00:00:00,15709.749,15715.697,15303.749,15398.189,65.49595642089844
2021-07-09 00:00:00,15399.049,15697.299,15360.0,15676.549,41.999996185302734
2021-07-10 00:00:00,15676.549,15676.549,15676.549,15676.549,0.0
2021-07-11 00:00:00,15693.789,15694.699,15674.379,15685.049,0.44734999537467957
2021-07-12 00:00:00,15684.189,15805.899,15630.749,15795.599,35.36262893676758
2021-07-13 00:00:00,15795.457,15814.069,15746.759,15759.749,25.63545036315918
2021-07-14 00:00:00,15759.747,15809.299,15714.899,15778.359,27.061840057373047
2021-07-15 00:00:00,15778.387,15779.597,15586.189,15597.049,36.879730224609375
2021-07-16 00:00:00,15598.099,15700.899,15475.0,15482.559,23.90033721923828
2021-07-17 00:00:00,15482.559,15482.559,15482.559,15482.559,0.0
2021-07-18 00:00:00,15502.249,15510.399,15444.169,15459.889,0.5346599817276001
2021-07-19 00:00:00,15459.899,15482.279,15044.789,15150.779,37.847389221191406
2021-07-20 00:00:00,15150.759,15299.779,15090.743,15284.659,30.068790435791016
2021-07-21 00:00:00,15283.869,15470.879,15196.799,15459.969,24.30792236328125
2021-07-22 00:00:00,15459.997,15577.899,15435.089,15552.749,31.251205444335938
2021-07-23 00:00:00,15551.889,15691.299,15540.569,15654.489,24.878040313720703
2021-07-24 00:00:00,15654.489,15654.489,15654.489,15654.489,0.0
2021-07-25 00:00:00,15662.377,15673.799,15657.489,15661.899,0.5430399775505066
2021-07-26 00:00:00,15661.787,15664.477,15544.241,15609.759,26.908000946044922
2021-07-27 00:00:00,15609.767,15630.299,15418.789,15536.569,40.29595947265625
2021-07-28 00:00:00,15537.479,15587.199,15483.699,15552.889,34.01084899902344
2021-07-29 00:00:00,15552.877,15660.799,15506.049,15542.499,25.51943016052246
2021-07-30 00:00:00,15541.669,15611.789,15436.749,15559.199,34.09727096557617
2021-07-31 00:00:00,15559.199,15559.199,15559.199,15559.199,0.0
2021-08-01 00:00:00,15567.677,15593.787,15561.877,15585.647,0.15254999697208405
2021-08-02 00:00:00,15584.757,15705.899,15510.779,15536.279,32.1497802734375
2021-08-03 00:00:00,15536.249,15607.289,15492.749,15568.979,35.351741790771484
2021-08-04 00:00:00,15568.089,15712.259,15551.749,15682.659,31.884540557861328
2021-08-05 00:00:00,15682.689,15755.299,15659.649,15726.359,24.28227996826172
2021-08-06 00:00:00,15726.359,15806.899,15721.559,15772.859,24.14501953125
2021-08-07 00:00:00,15772.859,15772.859,15772.859,15772.859,0.0
2021-08-08 00:00:00,15769.559,15769.559,15716.449,15725.469,0.9936699867248535
2021-08-09 00:00:00,15724.599,15799.799,15696.749,15752.959,22.937339782714844
2021-08-10 00:00:00,15753.469,15801.899,15719.079,15776.489,19.205570220947266
2021-08-11 00:00:00,15777.389,15889.759,15723.899,15843.049,22.93260955810547
2021-08-12 00:00:00,15843.857,15973.179,15812.669,15942.049,15.358409881591797
2021-08-13 00:00:00,15942.969,16030.789,15926.159,15976.469,15.005599975585938
2021-08-14 00:00:00,15976.469,15976.469,15976.469,15976.469,0.0
2021-08-15 00:00:00,15964.799,15970.699,15959.599,15967.099,0.2840900123119354
2021-08-16 00:00:00,15967.099,15968.097,15847.757,15941.059,24.312320709228516
2021-08-17 00:00:00,15940.187,15942.799,15806.759,15879.559,27.475889205932617
2021-08-18 00:00:00,15880.359,15976.299,15870.749,15881.879,24.538040161132812
2021-08-19 00:00:00,15881.997,15900.699,15622.279,15772.869,44.14707946777344
2021-08-20 00:00:00,15772.847,15830.149,15652.769,15812.499,38.80918884277344
2021-08-21 00:00:00,15812.499,15812.499,15812.499,15812.499,0.0
2021-08-22 00:00:00,15819.489,15840.899,15819.489,15832.769,0.6325299739837646
2021-08-23 00:00:00,15831.879,15940.289,15797.899,15863.699,26.606096267700195
2021-08-24 00:00:00,15864.579,15928.299,15854.299,15891.899,17.649991989135742
2021-08-25 00:00:00,15891.879,15935.799,15826.459,15832.889,15.6118803024292
2021-08-26 00:00:00,15833.789,15834.799,15697.769,15755.889,27.439159393310547
2021-08-27 00:00:00,15755.867,15875.189,15727.589,15848.059,17.68058967590332
2021-08-28 00:00:00,15848.059,15848.059,15848.059,15848.059,0.0
2021-08-29 00:00:00,15860.889,15879.899,15856.689,15870.949,0.288349986076355
2021-08-30 00:00:00,15871.879,15899.599,15816.199,15886.369,10.517584800720215
2021-08-31 00:00:00,15886.497,16006.899,15759.759,15838.899,27.366859436035156
2021-09-01 00:00:00,15839.789,15982.899,15772.749,15810.459,25.183929443359375
2021-09-02 00:00:00,15810.487,15877.269,15765.559,15810.749,20.78203010559082
2021-09-03 00:00:00,15811.687,15870.777,15685.749,15765.759,24.180381774902344
2021-09-04 00:00:00,15765.759,15765.759,15765.759,15765.759,0.0
2021-09-05 00:00:00,15763.257,15766.099,15738.789,15740.679,0.201323002576828
2021-09-06 00:00:00,15740.657,15959.299,15725.079,15904.249,10.240878105163574
2021-09-07 00:00:00,15904.397,15927.699,15800.149,15804.689,26.834814071655273
2021-09-08 00:00:00,15805.489,15848.599,15587.203,15599.289,44.29442596435547
2021-09-09 00:00:00,15600.079,15693.799,15449.789,15565.889,36.30208969116211
2021-09-10 00:00:00,15566.649,15704.799,15545.179,15559.059,29.246030807495117
2021-09-11 00:00:00,15559.059,15559.059,15559.059,15559.059,0.0
2021-09-12 00:00:00,15572.449,15607.899,15562.259,15604.379,0.6213399767875671
2021-09-13 00:00:00,15604.397,15786.899,15556.597,15743.889,35.171138763427734
2021-09-14 00:00:00,15743.857,15763.799,15660.259,15700.679,32.37588882446289
2021-09-15 00:00:00,15699.769,15766.399,15610.879,15689.769,29.607383728027344
2021-09-16 00:00:00,15689.777,15745.999,15635.887,15686.879,26.46809959411621
2021-09-17 00:00:00,15686.887,15790.899,15429.299,15486.449,29.05988121032715
2021-09-18 00:00:00,15486.449,15486.449,15486.449,15486.449,0.0
2021-09-19 00:00:00,15487.559,15499.799,15455.689,15498.099,0.5677000284194946
2021-09-20 00:00:00,15498.849,15511.699,15019.259,15151.279,33.943050384521484
2021-09-21 00:00:00,15152.179,15396.799,15126.549,15269.499,40.754947662353516
2021-09-22 00:00:00,15269.377,15551.299,15225.289,15530.369,39.210391998291016
2021-09-23 00:00:00,15531.299,15696.899,15530.399,15667.049,33.68198776245117
2021-09-24 00:00:00,15667.947,15760.899,15493.267,15546.779,34.338172912597656
2021-09-25 00:00:00,15546.779,15546.779,15546.779,15546.779,0.0
2021-09-26 00:00:00,15553.757,15576.899,15553.757,15573.079,0.9000899791717529
2021-09-27 00:00:00,15573.067,15719.297,15549.759,15587.349,38.97993850708008
2021-09-28 00:00:00,15588.279,15626.699,15225.669,15299.979,69.93785095214844
2021-09-29 00:00:00,15299.099,15425.399,15236.579,15380.999,57.29389953613281
2021-09-30 00:00:00,15380.199,15472.679,15202.149,15250.479,64.69315338134766
2021-10-01 00:00:00,15250.459,15270.799,14981.399,15237.759,61.48454284667969
2021-10-02 00:00:00,15237.759,15237.759,15237.759,15237.759,0.0
2021-10-03 00:00:00,15258.749,15293.969,15237.779,15273.499,1.433609962463379
2021-10-04 00:00:00,15273.389,15277.299,15012.279,15080.399,65.48414611816406
2021-10-05 00:00:00,15081.149,15206.299,14991.089,15143.389,55.146480560302734
2021-10-06 00:00:00,15144.279,15193.579,14812.759,15092.269,73.19414520263672
2021-10-07 00:00:00,15091.789,15260.299,15084.059,15253.949,45.07350158691406
2021-10-08 00:00:00,15253.979,15270.089,15175.949,15184.699,35.00040817260742
2021-10-09 00:00:00,15184.699,15184.699,15184.699,15184.699,0.0
2021-10-10 00:00:00,15208.077,15209.299,15091.059,15111.059,2.014780044555664
2021-10-11 00:00:00,15111.889,15241.147,15092.759,15128.389,35.028411865234375
2021-10-12 00:00:00,15129.199,15180.299,15008.799,15120.699,53.854949951171875
2021-10-13 00:00:00,15121.459,15303.789,15109.769,15292.549,45.13011932373047
2021-10-14 00:00:00,15291.799,15523.699,15290.769,15517.499,32.17634963989258
2021-10-15 00:00:00,15517.449,15601.799,15465.759,15598.999,26.51664924621582
2021-10-16 00:00:00,15598.999,15598.999,15598.999,15598.999,0.0
2021-10-17 00:00:00,15615.989,15625.699,15566.569,15566.579,1.260890007019043
2021-10-18 00:00:00,15568.357,15595.699,15415.759,15477.999,24.630529403686523
2021-10-19 00:00:00,15478.879,15528.899,15453.749,15521.159,21.836950302124023
2021-10-20 00:00:00,15521.189,15572.779,15462.749,15489.299,22.57863426208496
2021-10-21 00:00:00,15490.049,15531.899,15398.289,15474.369,22.410688400268555
2021-10-22 00:00:00,15475.259,15614.777,15473.549,15563.759,25.945270538330078
2021-10-23 00:00:00,15563.759,15563.759,15563.759,15563.759,0.0
2021-10-24 00:00:00,15538.059,15556.069,15522.569,15532.889,0.9668700098991394
2021-10-25 00:00:00,15533.767,15653.199,15530.289,15650.189,23.04530906677246
2021-10-26 00:00:00,15650.177,15779.899,15632.697,15745.649,24.361730575561523
2021-10-27 00:00:00,15746.449,15753.499,15667.779,15702.479,23.669109344482422
2021-10-28 00:00:00,15703.499,15717.197,15628.259,15648.099,27.669410705566406
2021-10-29 00:00:00,15648.869,15726.197,15494.759,15721.269,30.701679229736328
2021-10-30 00:00:00,15721.269,15721.269,15721.269,15721.269,0.0
2021-10-31 00:00:00,15745.199,15762.399,15731.559,15757.159,0.32179000973701477
2021-11-01 00:00:00,15758.099,15849.899,15728.049,15807.889,20.383869171142578
2021-11-02 00:00:00,15808.689,15962.789,15771.069,15947.499,16.17443084716797
2021-11-03 00:00:00,15947.499,16058.899,15919.749,16057.889,18.50412940979004
2021-11-04 00:00:00,16057.879,16064.899,15995.299,16043.699,18.93453025817871
2021-11-05 00:00:00,16043.679,16088.749,15991.669,16043.757,21.165050506591797
2021-11-06 00:00:00,16043.757,16043.757,16043.757,16043.757,0.0
2021-11-07 00:00:00,16041.769,16059.699,16035.649,16037.399,0.46887001395225525
2021-11-08 00:00:00,16037.377,16068.899,16008.169,16016.669,15.239709854125977
2021-11-09 00:00:00,16017.159,16106.779,15994.549,16014.299,21.024070739746094
2021-11-10 00:00:00,16014.949,16077.897,15985.749,16007.649,24.28813934326172
2021-11-11 00:00:00,16008.489,16115.769,15998.079,16104.969,18.551170349121094
2021-11-12 00:00:00,16105.859,16124.699,16064.799,16105.079,15.749049186706543
2021-11-13 00:00:00,16105.079,16105.079,16105.079,16105.079,0.0
2021-11-14 00:00:00,16110.799,16126.097,16102.859,16112.179,0.3271999955177307
2021-11-15 00:00:00,16113.099,16150.699,16070.251,16133.659,13.778719902038574
2021-11-16 00:00:00,16134.599,16267.799,16117.559,16246.879,13.92959976196289
2021-11-17 00:00:00,16246.877,16284.899,16210.569,16260.689,12.396089553833008
2021-11-18 00:00:00,16260.667,16290.799,16190.789,16250.289,16.09808921813965
2021-11-19 00:00:00,16250.277,16297.699,16091.749,16151.259,37.164798736572266
2021-11-20 00:00:00,16151.259,16151.259,16151.259,16151.259,0.0
2021-11-21 00:00:00,16174.369,16174.369,16141.249,16142.299,0.5365099906921387
2021-11-22 00:00:00,16143.199,16202.899,16051.559,16088.469,35.478271484375
2021-11-23 00:00:00,16089.349,16094.599,15863.759,15977.369,53.45830535888672
2021-11-24 00:00:00,15977.879,16026.299,15737.749,15910.959,48.395477294921875
2021-11-25 00:00:00,15910.199,15964.699,15844.759,15850.659,16.557710647583008
2021-11-26 00:00:00,15850.667,15850.799,15024.149,15115.277,53.90020751953125
2021-11-27 00:00:00,15115.277,15115.277,15115.277,15115.277,0.0
2021-11-28 00:00:00,15226.289,15332.699,15211.789,15315.759,1.8678109645843506
2021-11-29 00:00:00,15315.787,15462.699,15236.259,15372.499,58.44255065917969
2021-11-30 00:00:00,15372.349,15428.199,14915.569,15185.489,74.29036712646484
2021-12-01 00:00:00,15186.259,15510.769,15109.559,15244.759,60.09165954589844
2021-12-02 00:00:00,15245.249,15398.299,15169.749,15282.259,57.80524826049805
2021-12-03 00:00:00,15282.277,15437.899,15085.169,15162.079,64.1205825805664
2021-12-04 00:00:00,15162.079,15162.079,15162.079,15162.079,0.0
2021-12-05 00:00:00,15187.789,15248.749,15187.359,15241.199,2.1219699382781982
2021-12-06 00:00:00,15242.089,15425.999,15149.289,15412.159,44.970458984375
2021-12-07 00:00:00,15413.887,15860.199,15370.779,15828.489,37.131500244140625
2021-12-08 00:00:00,15827.569,15841.199,15677.149,15706.569,41.13002014160156
2021-12-09 00:00:00,15706.599,15755.099,15586.249,15620.489,33.13298416137695
2021-12-10 00:00:00,15620.899,15688.899,15526.649,15643.689,35.54452896118164
2021-12-11 00:00:00,15643.689,15643.689,15643.689,15643.689,0.0
2021-12-12 00:00:00,15643.689,15643.689,15643.689,15643.689,0.0
2021-12-13 00:00:00,15675.6,15798.769,15588.349,15622.049,29.645872116088867
2021-12-14 00:00:00,15621.689,15701.269,15427.149,15513.889,38.047359466552734
2021-12-15 00:00:00,15514.899,15666.499,15449.649,15653.049,14.923150062561035
2021-12-16 00:00:00,15653.087,15781.899,15528.159,15566.559,15.755191802978516
2021-12-17 00:00:00,15568.249,15617.699,15418.759,15498.549,19.892070770263672
2021-12-18 00:00:00,15498.549,15498.549,15498.549,15498.549,0.0
2021-12-19 00:00:00,15506.299,15511.167,15361.499,15366.369,0.033911000937223434
2021-12-20 00:00:00,15366.399,15399.699,15059.289,15387.399,40.6778678894043
2021-12-21 00:00:00,15388.299,15518.799,15301.749,15500.749,29.163387298583984
2021-12-22 00:00:00,15502.449,15646.299,15421.779,15639.579,25.188634872436523
2021-12-23 00:00:00,15637.989,15777.299,15601.049,15749.149,18.140605926513672
2021-12-24 00:00:00,15749.149,15749.149,15749.149,15749.149,0.0
2021-12-25 00:00:00,15749.149,15749.149,15749.149,15749.149,0.0
2021-12-26 00:00:00,15744.189,15765.299,15742.569,15758.049,0.027938999235630035
2021-12-27 00:00:00,15757.699,15898.799,15664.659,15865.799,16.46399688720703
2021-12-28 00:00:00,15866.459,15976.899,15830.749,15952.559,19.77448844909668
2021-12-29 00:00:00,15951.769,15968.899,15798.759,15832.059,22.61212921142578
2021-12-30 00:00:00,15832.469,15932.899,15813.789,15854.059,18.18703842163086
2021-12-31 00:00:00,15854.059,15878.799,15770.059,15822.269,16.407184600830078
2022-01-01 00:00:00,15822.269,15822.269,15822.269,15822.269,0.0
2022-01-02 00:00:00,15872.899,15876.299,15855.449,15862.869,0.024746999144554138
2022-01-03 00:00:00,15863.499,16068.799,15858.549,16043.049,30.214801788330078
2022-01-04 00:00:00,16043.899,16202.759,16006.559,16122.349,29.50322723388672
2022-01-05 00:00:00,16123.299,16286.799,16053.959,16107.789,24.31380271911621
2022-01-06 00:00:00,16107.787,16153.779,15965.049,16050.549,34.610816955566406
2022-01-07 00:00:00,16051.099,16081.089,15861.747,15949.359,37.87913131713867
2022-01-08 00:00:00,15949.359,15949.359,15949.359,15949.359,0.0
2022-01-09 00:00:00,15953.079,15959.599,15880.757,15907.569,0.05653800070285797
2022-01-10 00:00:00,15907.587,16015.799,15722.759,15871.879,49.21950149536133
2022-01-11 00:00:00,15871.867,16009.789,15821.257,15994.859,36.46937561035156
2022-01-12 00:00:00,15994.897,16077.199,15950.749,16002.979,28.17833137512207
2022-01-13 00:00:00,16003.889,16089.899,15888.679,15919.779,28.154460906982422
2022-01-14 00:00:00,15919.897,15973.101,15833.789,15959.949,37.593963623046875
2022-01-15 00:00:00,15959.949,15959.949,15959.949,15959.949,0.0
2022-01-16 00:00:00,15985.199,15987.799,15928.399,15934.649,0.06378000229597092
2022-01-17 00:00:00,15935.559,15971.699,15891.749,15946.169,14.807902336120605
2022-01-18 00:00:00,15946.559,15966.099,15665.779,15755.299,49.869178771972656
2022-01-19 00:00:00,15755.269,15899.799,15623.159,15739.759,49.7837028503418
2022-01-20 00:00:00,15740.699,15920.199,15681.749,15736.599,32.16685485839844
2022-01-21 00:00:00,15736.479,15746.579,15430.379,15443.359,62.387939453125
2022-01-22 00:00:00,15443.359,15443.359,15443.359,15443.359,0.0
2022-01-23 00:00:00,15457.069,15544.899,15446.699,15543.999,0.08570999652147293
2022-01-24 00:00:00,15544.359,15588.779,14838.647,15254.879,88.19627380371094
2022-01-25 00:00:00,15255.299,15264.079,14979.249,15187.799,78.15633392333984
2022-01-26 00:00:00,15188.597,15553.699,15130.569,15458.049,63.43735885620117
2022-01-27 00:00:00,15458.097,15583.897,15044.047,15470.289,73.91145324707031
2022-01-28 00:00:00,15470.247,15507.587,15119.779,15402.699,69.73731231689453
2022-01-29 00:00:00,15402.699,15402.699,15402.699,15402.699,0.0
2022-01-30 00:00:00,15417.949,15430.399,15364.157,15396.369,0.11439699679613113
2022-01-31 00:00:00,15396.497,15578.699,15336.769,15532.389,59.09097671508789
2022-02-01 00:00:00,15531.997,15716.399,15480.549,15712.889,52.71800231933594
2022-02-02 00:00:00,15712.857,15738.759,15526.367,15529.859,52.1713752746582
2022-02-03 00:00:00,15529.857,15603.759,15289.699,15415.459,29.888708114624023
2022-02-04 00:00:00,15416.259,15501.799,15056.299,15140.549,29.767642974853516
2022-02-05 00:00:00,15140.549,15140.549,15140.549,15140.549,0.0
2022-02-06 00:00:00,15171.489,15182.899,15147.849,15179.499,0.04574500024318695
2022-02-07 00:00:00,15179.859,15258.197,15074.799,15215.259,24.982370376586914
2022-02-08 00:00:00,15215.297,15339.789,15156.259,15317.069,22.972763061523438
2022-02-09 00:00:00,15317.069,15541.189,15290.069,15529.199,16.77874183654785
2022-02-10 00:00:00,15529.549,15613.779,15348.949,15354.249,31.260221481323242
2022-02-11 00:00:00,15354.267,15511.399,15119.189,15181.169,63.552734375
2022-02-12 00:00:00,15181.169,15181.169,15181.169,15181.169,0.0
2022-02-13 00:00:00,15180.399,15209.659,15145.469,15195.449,0.040157001465559006
2022-02-14 00:00:00,15196.359,15235.769,14840.259,15111.169,47.132362365722656
2022-02-15 00:00:00,15111.157,15433.797,15010.697,15397.679,42.977508544921875
2022-02-16 00:00:00,15397.677,15542.299,15324.149,15397.249,42.2048454284668
2022-02-17 00:00:00,15397.297,15438.899,15132.099,15176.059,37.38180923461914
2022-02-18 00:00:00,15176.097,15357.699,14985.249,15049.379,47.618446350097656
2022-02-19 00:00:00,15049.379,15049.379,15049.379,15049.379,0.0
2022-02-20 00:00:00,14943.099,14948.187,14935.679,14935.687,0.000291000003926456
2022-02-21 00:00:00,14924.079,15226.179,14379.249,14471.459,45.64727020263672
2022-02-22 00:00:00,14472.249,14783.399,14304.179,14756.899,59.86616516113281
2022-02-23 00:00:00,14757.649,14902.897,14462.969,14495.249,43.133968353271484
2022-02-24 00:00:00,14495.277,14512.397,13793.159,14233.659,60.639469146728516
2022-02-25 00:00:00,14234.097,14672.097,14023.769,14641.559,64.11630249023438
2022-02-26 00:00:00,14641.559,14641.559,14641.559,14641.559,0.0
2022-02-27 00:00:00,14246.587,14367.357,14223.449,14289.499,0.1996680051088333
2022-02-28 00:00:00,14289.497,14516.899,13939.047,14331.599,38.43380355834961
2022-03-01 00:00:00,14332.379,14476.697,13760.679,13880.699,48.53588104248047
2022-03-02 00:00:00,13881.899,14115.399,13710.787,13992.699,38.786197662353516
2022-03-03 00:00:00,13994.557,14069.099,13604.159,13700.599,69.58485412597656
2022-03-04 00:00:00,13700.059,13707.999,12960.699,13093.169,67.90177154541016
2022-03-05 00:00:00,13093.169,13093.169,13093.169,13093.169,0.0
2022-03-06 00:00:00,12977.799,12978.559,12874.099,12899.969,0.14213700592517853
2022-03-07 00:00:00,12899.289,13149.799,12431.299,12601.649,76.52757263183594
2022-03-08 00:00:00,12602.389,13341.799,12468.699,13025.969,62.81391906738281
2022-03-09 00:00:00,13025.957,13993.797,12972.079,13834.189,36.49347686767578
2022-03-10 00:00:00,13834.999,13856.689,13340.259,13509.659,63.512001037597656
2022-03-11 00:00:00,13510.869,14100.399,13275.569,13548.299,47.174888610839844
2022-03-12 00:00:00,13548.299,13548.299,13548.299,13548.299,0.0
2022-03-13 00:00:00,13651.199,13693.199,13639.379,13685.479,0.0371129997074604
2022-03-14 00:00:00,13685.497,14083.779,13674.949,13902.359,32.231056213378906
2022-03-15 00:00:00,13902.377,14028.899,13576.259,13987.549,32.4523811340332
2022-03-16 00:00:00,13987.697,14555.799,13925.559,14475.989,39.2218132019043
2022-03-17 00:00:00,14474.767,14528.797,14242.259,14345.249,38.708736419677734
2022-03-18 00:00:00,14346.179,14496.799,14104.899,14458.769,43.387855529785156
2022-03-19 00:00:00,14458.769,14458.769,14458.769,14458.769,0.0
2022-03-20 00:00:00,14430.389,14431.167,14410.349,14412.879,0.01425000000745058
2022-03-21 00:00:00,14413.799,14459.299,14226.149,14257.599,33.862464904785156
2022-03-22 00:00:00,14257.467,14528.799,14231.059,14514.889,26.543624877929688
2022-03-23 00:00:00,14513.249,14584.587,14193.769,14209.449,40.58511734008789
2022-03-24 00:00:00,14210.399,14378.799,14185.747,14313.599,40.58494567871094
2022-03-25 00:00:00,14315.149,14428.779,14243.249,14384.287,34.41580581665039
2022-03-26 00:00:00,14384.287,14384.287,14384.287,14384.287,0.0
2022-03-27 00:00:00,14399.959,14399.959,14340.079,14340.079,0.13138200342655182
2022-03-28 00:00:00,14340.047,14630.259,14298.199,14526.269,36.901947021484375
2022-03-29 00:00:00,14527.879,14927.399,14516.349,14827.599,47.26923370361328
2022-03-30 00:00:00,14827.557,14827.557,14526.149,14594.579,37.78128433227539
2022-03-31 00:00:00,14595.359,14731.799,14323.159,14385.289,43.13139343261719
2022-04-01 00:00:00,14385.659,14509.269,14360.079,14458.199,32.30893325805664
2022-04-02 00:00:00,14458.199,14458.199,14458.199,14458.199,0.0
2022-04-03 00:00:00,14474.149,14475.379,14429.847,14434.699,0.1408499926328659
2022-04-04 00:00:00,14434.547,14567.679,14331.247,14538.069,17.294870376586914
2022-04-05 00:00:00,14538.849,14604.399,14336.649,14372.069,31.976322174072266
2022-04-06 00:00:00,14372.087,14438.299,14027.749,14090.259,36.55078125
2022-04-07 00:00:00,14090.397,14319.399,14034.659,14217.697,25.716035842895508
2022-04-08 00:00:00,14216.199,14324.899,14140.079,14218.579,41.01113510131836
2022-04-09 00:00:00,14218.579,14218.579,14218.579,14218.579,0.0
2022-04-10 00:00:00,14240.249,14263.289,14198.589,14198.589,0.17100700736045837
2022-04-11 00:00:00,14196.149,14304.259,14041.289,14049.279,43.32904052734375
2022-04-12 00:00:00,14047.679,14181.899,13881.899,14063.189,55.857173919677734
2022-04-13 00:00:00,14062.349,14147.199,13959.297,14081.299,37.87114334106445
2022-04-14 00:00:00,14082.859,14201.799,14037.299,14083.969,39.42874526977539
2022-04-15 00:00:00,14083.969,14083.969,14083.969,14083.969,0.0
2022-04-16 00:00:00,14083.969,14083.969,14083.969,14083.969,0.0
2022-04-17 00:00:00,14044.999,14070.099,13965.449,13968.649,0.2691029906272888
2022-04-18 00:00:00,13967.899,14171.999,13963.069,14171.179,35.69777297973633
2022-04-19 00:00:00,14171.949,14238.199,13987.749,14198.559,43.71500015258789
2022-04-20 00:00:00,14198.159,14382.379,14135.749,14371.099,38.383697509765625
2022-04-21 00:00:00,14370.957,14599.899,14295.499,14300.249,35.78353500366211
2022-04-22 00:00:00,14301.079,14372.799,14004.489,14019.289,40.73787307739258
2022-04-23 00:00:00,14019.289,14019.289,14019.289,14019.289,0.0
2022-04-24 00:00:00,14023.489,14093.669,14011.979,14052.359,0.310465008020401
2022-04-25 00:00:00,14052.497,14103.797,13852.179,14073.699,67.20588684082031
2022-04-26 00:00:00,14073.697,14161.899,13561.759,13640.989,51.79109573364258
2022-04-27 00:00:00,13640.997,13861.449,13559.769,13835.769,66.0754165649414
2022-04-28 00:00:00,13834.899,14121.799,13758.569,14006.999,46.390892028808594
2022-04-29 00:00:00,14006.967,14191.399,13879.699,13945.499,40.51734924316406
2022-04-30 00:00:00,13945.499,13945.499,13945.499,13945.499,0.0
2022-05-01 00:00:00,13941.079,13957.699,13851.649,13901.899,0.6299219727516174
2022-05-02 00:00:00,13902.249,14032.249,13793.259,13954.149,71.53359985351562
2022-05-03 00:00:00,13953.399,14082.399,13919.899,14029.889,58.561126708984375
2022-05-04 00:00:00,14029.847,14268.189,13963.649,14228.359,52.45595932006836
2022-05-05 00:00:00,14229.169,14317.289,13791.679,13871.399,73.949951171875
2022-05-06 00:00:00,13872.969,13898.699,13589.399,13624.269,93.73779296875
2022-05-07 00:00:00,13624.269,13624.269,13624.269,13624.269,0.0
2022-05-08 00:00:00,13570.249,13617.999,13542.679,13558.449,0.4449790120124817
2022-05-09 00:00:00,13559.299,13696.289,13346.199,13428.669,79.40127563476562
2022-05-10 00:00:00,13428.797,13722.289,13275.589,13567.969,92.3330307006836
2022-05-11 00:00:00,13567.299,13874.679,13507.749,13657.199,75.5794906616211
2022-05-12 00:00:00,13657.297,13807.399,13476.259,13758.059,80.80487060546875
2022-05-13 00:00:00,13758.067,14067.299,13743.177,14020.049,38.71285629272461
2022-05-14 00:00:00,14020.049,14020.049,14020.049,14020.049,0.0
2022-05-15 00:00:00,14076.559,14131.999,14074.759,14110.999,0.38979101181030273
2022-05-16 00:00:00,14110.977,14112.799,13861.767,14017.799,55.0675048828125
2022-05-17 00:00:00,14017.697,14279.999,13994.249,14243.899,43.76911163330078
2022-05-18 00:00:00,14244.649,14264.079,13792.359,13793.599,45.7128791809082
2022-05-19 00:00:00,13793.597,13983.199,13682.759,13943.899,74.44483184814453
2022-05-20 00:00:00,13946.069,14160.899,13852.649,14018.399,47.985008239746094
2022-05-21 00:00:00,14018.399,14018.399,14018.399,14018.399,0.0
2022-05-22 00:00:00,14111.549,14139.499,14082.099,14132.799,0.2545349895954132
2022-05-23 00:00:00,14132.777,14228.799,14021.279,14112.399,55.957489013671875
2022-05-24 00:00:00,14111.369,14136.299,13905.179,14043.879,58.797847747802734
2022-05-25 00:00:00,14042.999,14103.199,13867.769,14026.269,60.43667984008789
2022-05-26 00:00:00,14023.589,14290.189,13985.149,14271.249,41.17391586303711
2022-05-27 00:00:00,14270.369,14511.689,14219.579,14506.459,36.19432830810547
2022-05-28 00:00:00,14506.459,14506.459,14506.459,14506.459,0.0
2022-05-29 00:00:00,14507.579,14545.899,14495.299,14526.789,0.23311099410057068
2022-05-30 00:00:00,14525.999,14605.679,14482.749,14574.899,16.499860763549805
2022-05-31 00:00:00,14575.659,14584.279,14355.649,14461.669,42.033573150634766
2022-06-01 00:00:00,14462.589,14499.399,14311.699,14333.569,39.34918975830078
2022-06-02 00:00:00,14334.469,14639.697,14320.449,14617.579,33.218807220458984
2022-06-03 00:00:00,14617.557,14642.099,14439.749,14502.199,34.08271026611328
2022-06-04 00:00:00,14502.199,14502.199,14502.199,14502.199,0.0
2022-06-05 00:00:00,14503.869,14515.349,14475.059,14487.159,0.13164900243282318
2022-06-06 00:00:00,14487.599,14711.899,14473.089,14621.999,30.868202209472656
2022-06-07 00:00:00,14622.449,14623.749,14456.779,14572.479,31.541290283203125
2022-06-08 00:00:00,14571.689,14630.699,14352.649,14385.389,33.880428314208984
2022-06-09 00:00:00,14385.789,14422.769,14084.279,14105.449,40.037567138671875
2022-06-10 00:00:00,14107.299,14130.169,13740.169,13813.759,47.4791145324707
2022-06-11 00:00:00,13813.759,13813.759,13813.759,13813.759,0.0
2022-06-12 00:00:00,13701.989,13716.549,13656.869,13667.059,0.20698000490665436
2022-06-13 00:00:00,13667.969,13671.589,13377.399,13481.949,71.3022232055664
2022-06-14 00:00:00,13481.549,13605.799,13219.149,13374.359,70.78047180175781
2022-06-15 00:00:00,13373.599,13631.959,13302.599,13627.849,72.03243255615234
2022-06-16 00:00:00,13626.959,13674.699,12943.189,13000.779,57.03280258178711
2022-06-17 00:00:00,13000.499,13238.399,12974.459,13155.099,70.54894256591797
2022-06-18 00:00:00,13155.099,13155.099,13155.099,13155.099,0.0
2022-06-19 00:00:00,13197.279,13240.859,13168.279,13232.759,0.4185979962348938
2022-06-20 00:00:00,13232.389,13291.169,13058.569,13266.779,23.548994064331055
2022-06-21 00:00:00,13265.889,13443.399,13226.299,13244.259,45.36720657348633
2022-06-22 00:00:00,13244.289,13246.999,12965.899,13055.479,55.53208541870117
2022-06-23 00:00:00,13054.689,13157.579,12832.649,12923.259,59.38032531738281
2022-06-24 00:00:00,12923.669,13229.399,12902.789,13203.689,41.91090774536133
2022-06-25 00:00:00,13203.689,13203.689,13203.689,13203.689,0.0
2022-06-26 00:00:00,13216.499,13234.599,13168.149,13168.169,0.2815549969673157
2022-06-27 00:00:00,13166.699,13381.799,13118.649,13152.399,48.23369598388672
2022-06-28 00:00:00,13153.049,13361.789,13097.869,13124.349,55.485965728759766
2022-06-29 00:00:00,13123.559,13170.669,12943.399,12979.199,59.63291549682617
2022-06-30 00:00:00,12978.289,13005.599,12615.249,12826.699,68.17996978759766
2022-07-01 00:00:00,12825.669,12924.799,12622.769,12910.879,65.70133209228516
2022-07-02 00:00:00,12910.879,12910.879,12910.879,12910.879,0.0
2022-07-03 00:00:00,12908.249,12912.199,12856.469,12864.989,0.3228659927845001
2022-07-04 00:00:00,12864.489,12965.699,12738.749,12854.899,23.65683364868164
2022-07-05 00:00:00,12855.399,12908.599,12383.649,12519.679,67.15252685546875
2022-07-06 00:00:00,12520.199,12686.299,12452.159,12663.799,61.56265640258789
2022-07-07 00:00:00,12664.449,12874.299,12610.799,12847.559,43.15280532836914
2022-07-08 00:00:00,12848.359,13021.769,12764.769,12982.789,47.271785736083984
2022-07-09 00:00:00,12982.789,12982.789,12982.789,12982.789,0.0
2022-07-10 00:00:00,12949.979,12963.799,12928.759,12952.289,0.23503300547599792
2022-07-11 00:00:00,12951.889,12973.199,12773.247,12840.689,36.03702926635742
2022-07-12 00:00:00,12841.599,12941.799,12650.759,12812.079,48.64636993408203
2022-07-13 00:00:00,12811.289,12867.569,12619.259,12708.869,58.54775619506836
2022-07-14 00:00:00,12707.959,12810.049,12431.249,12643.799,61.844661712646484
2022-07-15 00:00:00,12642.869,12879.199,12529.799,12856.789,52.81418228149414
2022-07-16 00:00:00,12856.789,12856.789,12856.789,12856.789,0.0
2022-07-17 00:00:00,12899.579,12903.799,12877.899,12895.899,0.15696099400520325
2022-07-18 00:00:00,12896.679,13066.299,12834.679,12892.789,48.02793502807617
2022-07-19 00:00:00,12893.669,13363.299,12823.269,13344.649,37.79292678833008
2022-07-20 00:00:00,13344.647,13448.559,13123.279,13192.679,52.267757415771484
2022-07-21 00:00:00,13190.989,13366.299,13093.769,13197.099,60.92622756958008
2022-07-22 00:00:00,13196.399,13365.259,13148.649,13164.749,57.38976287841797
2022-07-23 00:00:00,13164.749,13164.749,13164.749,13164.749,0.0
2022-07-24 00:00:00,13156.999,13168.799,13143.759,13146.159,0.18613499402999878
2022-07-25 00:00:00,13147.349,13337.289,13128.559,13185.999,40.58888626098633
2022-07-26 00:00:00,13185.199,13205.059,13030.269,13171.799,47.09038162231445
2022-07-27 00:00:00,13172.049,13256.799,13086.789,13224.049,45.859554290771484
2022-07-28 00:00:00,13224.549,13425.899,13090.749,13408.559,49.76076126098633
2022-07-29 00:00:00,13408.567,13552.599,13337.779,13538.969,46.181304931640625
2022-07-30 00:00:00,13538.969,13538.969,13538.969,13538.969,0.0
2022-07-31 00:00:00,13513.679,13518.399,13472.359,13482.079,0.2489739954471588
2022-08-01 00:00:00,13480.359,13571.299,13418.579,13458.179,43.14641189575195
2022-08-02 00:00:00,13459.899,13507.679,13331.799,13416.689,39.19219970703125
2022-08-03 00:00:00,13416.697,13645.299,13381.549,13612.489,32.1591796875
2022-08-04 00:00:00,13612.467,13794.399,13605.559,13653.649,33.783409118652344
2022-08-05 00:00:00,13656.049,13693.899,13555.159,13608.479,34.847984313964844
2022-08-06 00:00:00,13608.479,13608.479,13608.479,13608.479,0.0
2022-08-07 00:00:00,13611.479,13611.879,13577.789,13583.159,0.11235000193119049
2022-08-08 00:00:00,13583.959,13747.769,13581.549,13671.679,30.785690307617188
2022-08-09 00:00:00,13671.687,13682.699,13512.649,13537.159,29.620637893676758
2022-08-10 00:00:00,13537.297,13729.799,13453.759,13723.759,38.22402572631836
2022-08-11 00:00:00,13724.549,13799.299,13630.159,13666.289,48.615787506103516
2022-08-12 00:00:00,13667.079,13885.299,13653.549,13874.779,27.73499870300293
2022-08-13 00:00:00,13874.779,13874.779,13874.779,13874.779,0.0
2022-08-14 00:00:00,13872.759,13872.799,13845.349,13846.299,0.10528299957513809
2022-08-15 00:00:00,13847.769,13875.587,13734.759,13846.099,25.374469757080078
2022-08-16 00:00:00,13846.067,13973.799,13815.279,13935.149,27.97872543334961
2022-08-17 00:00:00,13935.197,13963.699,13604.149,13633.859,36.55793380737305
2022-08-18 00:00:00,13633.997,13781.799,13609.189,13689.589,29.108980178833008
2022-08-19 00:00:00,13689.557,13694.499,13507.169,13534.469,30.849685668945312
2022-08-20 00:00:00,13534.469,13534.469,13534.469,13534.469,0.0
2022-08-21 00:00:00,13494.449,13506.469,13470.399,13478.449,0.16408100724220276
2022-08-22 00:00:00,13479.289,13531.089,13181.199,13228.899,31.06255531311035
2022-08-23 00:00:00,13229.679,13300.289,13119.689,13146.079,32.50678634643555
2022-08-24 00:00:00,13146.879,13240.799,13079.277,13192.359,27.996904373168945
2022-08-25 00:00:00,13192.499,13369.697,13184.359,13319.199,28.639711380004883
2022-08-26 00:00:00,13319.589,13376.399,12842.199,12856.379,39.623294830322266
2022-08-27 00:00:00,12856.379,12856.379,12856.379,12856.379,0.0
2022-08-28 00:00:00,12750.199,12774.679,12718.869,12729.999,0.2563830018043518
2022-08-29 00:00:00,12729.987,12945.799,12703.559,12934.469,39.32645797729492
2022-08-30 00:00:00,12935.249,13155.899,12878.789,12926.449,42.357486724853516
2022-08-31 00:00:00,12926.447,13050.699,12730.949,12758.999,45.198970794677734
2022-09-01 00:00:00,12759.789,12794.899,12600.749,12780.479,42.2203254699707
2022-09-02 00:00:00,12780.467,13055.169,12632.199,12700.889,46.96379470825195
2022-09-03 00:00:00,12700.889,12700.889,12700.889,12700.889,0.0
2022-09-04 00:00:00,12677.499,12713.089,12655.649,12709.349,0.17936000227928162
2022-09-05 00:00:00,12709.497,12796.789,12592.269,12751.969,21.268491744995117
2022-09-06 00:00:00,12751.947,12930.279,12723.179,12798.789,47.71016311645508
2022-09-07 00:00:00,12798.777,12997.797,12700.559,12970.359,39.18715286254883
2022-09-08 00:00:00,12970.357,13039.689,12686.249,12868.979,47.977500915527344
2022-09-09 00:00:00,12868.977,13136.799,12866.559,13115.759,35.602317810058594
2022-09-10 00:00:00,13115.759,13115.759,13115.759,13115.759,0.0
2022-09-11 00:00:00,13177.199,13180.889,13154.249,13156.959,0.08172000199556351
2022-09-12 00:00:00,13156.957,13446.269,13136.149,13421.259,34.47407531738281
2022-09-13 00:00:00,13422.189,13571.749,13066.699,13097.079,46.3831672668457
2022-09-14 00:00:00,13097.197,13196.769,12950.289,13076.659,47.83651351928711
2022-09-15 00:00:00,13076.657,13111.279,12824.459,12848.099,36.71420669555664
2022-09-16 00:00:00,12848.759,12891.699,12687.189,12771.169,42.38627243041992
2022-09-17 00:00:00,12771.169,12771.169,12771.169,12771.169,0.0
2022-09-18 00:00:00,12767.059,12788.899,12738.269,12775.669,0.1562120020389557
2022-09-19 00:00:00,12775.647,12911.199,12602.259,12911.179,39.538761138916016
2022-09-20 00:00:00,12911.187,12939.769,12535.159,12630.659,47.00245666503906
2022-09-21 00:00:00,12629.079,12860.169,12515.279,12528.389,44.223533630371094
2022-09-22 00:00:00,12528.497,12782.799,12446.099,12611.249,50.9371452331543
2022-09-23 00:00:00,12612.089,12623.099,12178.269,12294.469,48.82331085205078
2022-09-24 00:00:00,12294.469,12294.469,12294.469,12294.469,0.0
2022-09-25 00:00:00,12239.199,12307.359,12231.289,12264.199,0.3624899983406067
2022-09-26 00:00:00,12264.077,12370.259,12164.579,12246.769,52.85955810546875
2022-09-27 00:00:00,12247.559,12414.789,11982.649,12088.779,54.6204719543457
2022-09-28 00:00:00,12091.169,12320.199,11859.269,12276.999,54.85902786254883
2022-09-29 00:00:00,12276.969,12306.399,11863.789,12043.459,53.41019058227539
2022-09-30 00:00:00,12043.447,12138.299,11917.549,12012.069,58.69831466674805
2022-10-01 00:00:00,12012.069,12012.069,12012.069,12012.069,0.0
2022-10-02 00:00:00,11942.31,11992.589,11887.749,11905.399,0.43097400665283203
2022-10-03 00:00:00,11904.849,12272.799,11808.059,12259.999,48.3084602355957
2022-10-04 00:00:00,12259.987,12676.297,12252.149,12620.669,48.35426712036133
2022-10-05 00:00:00,12620.697,12665.289,12454.779,12641.469,55.152156829833984
2022-10-06 00:00:00,12642.259,12702.697,12392.989,12406.489,52.52777099609375
2022-10-07 00:00:00,12406.487,12497.787,12194.179,12229.759,49.49960708618164
2022-10-08 00:00:00,12229.759,12229.759,12229.759,12229.759,0.0
2022-10-09 00:00:00,12181.089,12192.599,12127.799,12180.877,0.440762996673584
2022-10-10 00:00:00,12180.599,12413.399,12118.659,12324.979,50.15851593017578
2022-10-11 00:00:00,12324.977,12324.977,12095.269,12154.149,58.59697341918945
2022-10-12 00:00:00,12154.167,12300.399,12100.201,12187.859,57.991451263427734
2022-10-13 00:00:00,12187.847,12495.699,11995.259,12457.359,66.8898696899414
2022-10-14 00:00:00,12457.357,12680.759,12353.247,12367.899,68.44613647460938
2022-10-15 00:00:00,12367.899,12367.899,12367.899,12367.899,0.0
2022-10-16 00:00:00,12364.059,12422.099,12362.769,12417.279,0.3847070038318634
2022-10-17 00:00:00,12417.649,12750.899,12369.767,12741.299,48.38706588745117
2022-10-18 00:00:00,12850.789,12934.749,12778.769,12790.789,16.673019409179688
2022-10-19 00:00:00,12895.467,12946.699,12667.687,12699.049,57.793182373046875
2022-10-20 00:00:00,12699.097,12819.899,12608.049,12630.789,53.27691650390625
2022-10-21 00:00:00,12632.489,12860.679,12543.279,12850.379,57.27824401855469
2022-10-22 00:00:00,12850.379,12850.379,12850.379,12850.379,0.0
2022-10-23 00:00:00,12939.369,12977.299,12887.179,12887.179,0.6934239864349365
2022-10-24 00:00:00,12888.059,13024.249,12743.759,12935.459,53.579952239990234
2022-10-25 00:00:00,12936.269,13104.099,12784.789,12994.889,39.78432846069336
2022-10-26 00:00:00,12995.799,13217.199,12988.649,13187.069,45.954708099365234
2022-10-27 00:00:00,13186.269,13259.899,13052.869,13110.389,51.80247116088867
2022-10-28 00:00:00,13112.159,13357.499,13047.749,13357.359,42.47319030761719
2022-10-29 00:00:00,13357.359,13357.359,13357.359,13357.359,0.0
2022-10-30 00:00:00,13332.789,13347.499,13327.949,13329.649,0.030789000913500786
2022-10-31 00:00:00,13330.559,13340.099,13214.759,13269.989,35.66128921508789
2022-11-01 00:00:00,13270.749,13444.899,13265.649,13361.059,40.547035217285156
2022-11-02 00:00:00,13361.869,13417.089,13105.899,13119.299,42.124019622802734
2022-11-03 00:00:00,13119.197,13196.199,13017.789,13110.969,42.66993713378906
2022-11-04 00:00:00,13111.869,13545.279,13096.069,13486.399,51.175132751464844
2022-11-05 00:00:00,13486.399,13486.399,13486.399,13486.399,0.0
2022-11-06 00:00:00,13411.179,13440.989,13411.179,13423.169,0.04679400101304054
2022-11-07 00:00:00,13424.089,13612.779,13385.769,13543.079,36.643428802490234
2022-11-08 00:00:00,13543.087,13700.299,13487.769,13675.359,34.12409591674805
2022-11-09 00:00:00,13675.357,13692.799,13554.749,13594.679,39.48671340942383
2022-11-10 00:00:00,13594.697,14238.299,13569.089,14229.189,50.83106231689453
2022-11-11 00:00:00,14229.177,14331.299,14145.549,14310.769,55.35060119628906
2022-11-12 00:00:00,14310.769,14310.769,14310.769,14310.769,0.0
2022-11-13 00:00:00,14260.879,14299.697,14259.977,14292.549,0.06640800088644028
2022-11-14 00:00:00,14292.557,14432.779,14239.249,14264.559,43.78639221191406
2022-11-15 00:00:00,14264.547,14441.759,14121.799,14265.179,50.64980697631836
2022-11-16 00:00:00,14265.297,14383.399,14179.589,14259.969,37.85283660888672
2022-11-17 00:00:00,14259.947,14383.789,14148.759,14311.099,38.91498947143555
2022-11-18 00:00:00,14312.749,14457.899,14296.789,14429.189,33.10486602783203
2022-11-19 00:00:00,14429.189,14429.189,14429.189,14429.189,0.0
2022-11-20 00:00:00,14463.789,14464.899,14431.949,14437.459,0.03062400035560131
2022-11-21 00:00:00,14438.389,14443.099,14318.269,14416.569,32.090335845947266
2022-11-22 00:00:00,14417.449,14486.899,14339.299,14479.479,28.146835327148438
2022-11-23 00:00:00,14480.379,14490.499,14357.749,14445.449,31.47128677368164
2022-11-24 00:00:00,14446.379,14574.899,14438.059,14547.779,13.168052673339844
2022-11-25 00:00:00,14548.689,14581.699,14495.749,14540.277,16.701282501220703
2022-11-26 00:00:00,14540.277,14540.277,14540.277,14540.277,0.0
2022-11-27 00:00:00,14498.789,14516.879,14489.879,14490.769,0.019898999482393265
2022-11-28 00:00:00,14490.787,14513.899,14338.149,14354.499,27.018110275268555
2022-11-29 00:00:00,14354.397,14470.299,14324.749,14398.369,30.819730758666992
2022-11-30 00:00:00,14399.249,14596.877,14352.159,14578.979,37.73184585571289
2022-12-01 00:00:00,14578.977,14603.699,14416.779,14477.499,37.41122055053711
2022-12-02 00:00:00,14477.597,14586.759,14364.299,14532.759,34.44346618652344
2022-12-03 00:00:00,14532.759,14532.759,14532.759,14532.759,0.0
2022-12-04 00:00:00,14547.779,14554.199,14531.959,14548.679,0.02460700087249279
2022-12-05 00:00:00,14548.657,14551.499,14390.0,14444.569,30.19253921508789
2022-12-06 00:00:00,14446.399,14474.749,14241.169,14305.259,36.65029525756836
2022-12-07 00:00:00,14306.149,14374.399,14215.251,14284.159,41.50715637207031
2022-12-08 00:00:00,14284.147,14304.169,14191.779,14277.169,29.760997772216797
2022-12-09 00:00:00,14277.187,14388.211,14209.799,14326.389,32.5562629699707
2022-12-10 00:00:00,14326.389,14326.389,14326.389,14326.389,0.0
2022-12-11 00:00:00,14322.779,14323.689,14282.549,14289.949,0.02433199994266033
2022-12-12 00:00:00,14290.097,14366.899,14256.249,14358.069,28.60211944580078
2022-12-13 00:00:00,14358.699,14677.399,14296.799,14458.499,54.24906921386719
2022-12-14 00:00:00,14458.497,14494.201,14360.199,14396.389,43.60311508178711
2022-12-15 00:00:00,14396.779,14447.599,13963.799,13979.569,39.69004440307617
2022-12-16 00:00:00,13980.599,14039.199,13811.769,13890.159,39.81742858886719
2022-12-17 00:00:00,13890.159,13890.159,13890.159,13890.159,0.0
2022-12-18 00:00:00,13905.059,13934.779,13897.359,13912.169,0.018138999119400978
2022-12-19 00:00:00,13913.059,14001.789,13874.169,13917.389,31.096752166748047
2022-12-20 00:00:00,13917.347,13964.999,13693.047,13956.799,33.00054168701172
2022-12-21 00:00:00,13957.679,14102.297,13908.899,14074.059,23.166826248168945
2022-12-22 00:00:00,14074.067,14159.899,13838.189,13932.049,29.64252281188965
2022-12-23 00:00:00,13932.077,14003.399,13869.799,13958.799,25.818313598632812
2022-12-24 00:00:00,13958.799,13958.799,13958.799,13958.799,0.0
2022-12-25 00:00:00,13958.799,13958.799,13958.799,13958.799,0.0
2022-12-26 00:00:00,13993.659,14025.299,13989.079,14016.249,0.027775000780820847
2022-12-27 00:00:00,14016.267,14063.279,13963.259,13972.269,26.367368698120117
2022-12-28 00:00:00,13977.899,14022.269,13867.589,13891.199,29.116195678710938
2022-12-29 00:00:00,13892.079,14082.679,13861.049,14038.469,23.629457473754883
2022-12-30 00:00:00,14040.269,14045.099,13819.159,13856.699,24.383291244506836
2022-12-31 00:00:00,13856.699,13856.699,13856.699,13856.699,0.0
2023-01-01 00:00:00,13856.699,13856.699,13856.699,13856.699,0.0
2023-01-02 00:00:00,13881.249,14097.789,13843.099,14013.179,7.5717291831970215
2023-01-03 00:00:00,14013.187,14294.789,13900.579,14208.999,47.62578201293945
2023-01-04 00:00:00,14206.579,14506.689,14194.269,14480.169,43.08208084106445
2023-01-05 00:00:00,14480.579,14510.699,14402.249,14466.959,30.69856834411621
2023-01-06 00:00:00,14466.997,14682.159,14385.289,14652.379,34.302371978759766
2023-01-07 00:00:00,14652.379,14652.379,14652.379,14652.379,0.0
2023-01-08 00:00:00,14689.069,14697.457,14673.859,14680.089,0.021020999178290367
2023-01-09 00:00:00,14680.059,14830.779,14624.749,14722.449,27.872791290283203
2023-01-10 00:00:00,14724.349,14850.499,14672.559,14849.449,28.49452018737793
2023-01-11 00:00:00,14848.599,15012.897,14794.299,14996.599,23.08448028564453
2023-01-12 00:00:00,14997.559,15126.799,14947.249,15096.449,37.762638092041016
2023-01-13 00:00:00,15097.399,15150.599,15036.269,15137.299,26.275541305541992
2023-01-14 00:00:00,15137.299,15137.299,15137.299,15137.299,0.0
2023-01-15 00:00:00,15152.399,15157.299,15129.099,15135.899,0.014709999784827232
2023-01-16 00:00:00,15136.689,15195.699,15080.769,15130.189,10.890615463256836
2023-01-17 00:00:00,15131.099,15271.289,15079.769,15147.699,23.892915725708008
2023-01-18 00:00:00,15146.689,15267.589,15109.769,15127.769,27.220582962036133
2023-01-19 00:00:00,15127.777,15134.789,14900.749,14979.379,32.91362380981445
2023-01-20 00:00:00,14980.379,15100.297,14936.249,15086.689,22.9056396484375
2023-01-21 00:00:00,15086.689,15086.689,15086.689,15086.689,0.0
2023-01-22 00:00:00,15090.479,15090.499,15065.649,15074.269,0.01565999910235405
2023-01-23 00:00:00,15074.649,15146.899,15020.789,15111.199,23.149072647094727
2023-01-24 00:00:00,15111.049,15159.699,15019.789,15061.569,24.024152755737305
2023-01-25 00:00:00,15062.569,15168.199,14962.749,15151.579,26.520723342895508
2023-01-26 00:00:00,15152.599,15219.199,15065.899,15139.449,27.866512298583984
2023-01-27 00:00:00,15138.969,15187.299,15073.779,15149.879,21.625526428222656
2023-01-28 00:00:00,15149.879,15149.879,15149.879,15149.879,0.0
2023-01-29 00:00:00,15134.787,15157.599,15122.149,15135.699,0.024630000814795494
2023-01-30 00:00:00,15136.599,15161.789,14983.269,15125.569,25.913898468017578
2023-01-31 00:00:00,15125.697,15193.679,14988.399,15156.499,22.590696334838867
2023-02-01 00:00:00,15156.499,15325.299,15102.749,15302.499,29.287960052490234
2023-02-02 00:00:00,15301.379,15568.789,15255.149,15454.659,38.158294677734375
2023-02-03 00:00:00,15455.599,15502.199,15344.749,15410.989,37.21152114868164
2023-02-04 00:00:00,15410.989,15410.989,15410.989,15410.989,0.0
2023-02-05 00:00:00,15379.667,15411.697,15364.949,15401.299,0.03384999930858612
2023-02-06 00:00:00,15401.267,15403.799,15274.259,15378.459,31.607702255249023
2023-02-07 00:00:00,15378.447,15436.799,15269.759,15408.789,38.67695236206055
2023-02-08 00:00:00,15409.749,15487.899,15366.799,15447.879,32.565853118896484
2023-02-09 00:00:00,15448.879,15658.289,15401.189,15438.259,33.63961410522461
2023-02-10 00:00:00,15439.269,15479.759,15244.299,15331.747,39.34031677246094
2023-02-11 00:00:00,15331.747,15331.747,15331.747,15331.747,0.0
2023-02-12 00:00:00,15323.497,15324.397,15284.869,15290.949,0.028620000928640366
2023-02-13 00:00:00,15292.349,15431.779,15243.049,15424.359,23.116302490234375
2023-02-14 00:00:00,15423.449,15530.279,15362.789,15431.199,42.40309143066406
2023-02-15 00:00:00,15431.047,15573.699,15353.079,15563.299,29.95928382873535
2023-02-16 00:00:00,15564.299,15634.899,15410.749,15475.899,33.349205017089844
2023-02-17 00:00:00,15476.679,15531.797,15294.779,15524.297,30.958433151245117
2023-02-18 00:00:00,15524.297,15524.297,15524.297,15524.297,0.0
2023-02-19 00:00:00,15507.059,15507.699,15488.549,15499.089,0.018689999356865883
2023-02-20 00:00:00,15499.959,15551.569,15433.299,15480.549,10.30933952331543
2023-02-21 00:00:00,15480.577,15487.599,15282.289,15377.079,30.194499969482422
2023-02-22 00:00:00,15377.077,15448.299,15242.249,15424.749,35.54912185668945
2023-02-23 00:00:00,15425.899,15555.399,15423.859,15508.299,29.84160614013672
2023-02-24 00:00:00,15508.177,15543.597,15183.659,15233.287,36.177337646484375
2023-02-25 00:00:00,15233.287,15233.287,15233.287,15233.287,0.0
2023-02-26 00:00:00,15236.679,15251.479,15222.649,15246.699,0.01590000092983246
2023-02-27 00:00:00,15246.647,15482.299,15229.449,15418.389,26.693883895874023
2023-02-28 00:00:00,15419.279,15443.279,15283.299,15327.859,30.1265926361084
2023-03-01 00:00:00,15329.789,15479.779,15249.899,15324.099,34.36470413208008
2023-03-02 00:00:00,15323.997,15387.299,15141.799,15357.169,36.73024368286133
2023-03-03 00:00:00,15357.197,15635.299,15348.659,15624.797,27.701072692871094
2023-03-04 00:00:00,15624.797,15624.797,15624.797,15624.797,0.0
2023-03-05 00:00:00,15613.559,15619.499,15603.689,15611.499,0.013849999755620956
2023-03-06 00:00:00,15611.367,15678.899,15582.759,15644.479,23.13770294189453
2023-03-07 00:00:00,15644.447,15707.769,15514.159,15532.189,29.667003631591797
2023-03-08 00:00:00,15532.679,15672.779,15489.189,15641.859,28.831132888793945
2023-03-09 00:00:00,15641.877,15667.899,15454.379,15479.189,32.214324951171875
2023-03-10 00:00:00,15479.157,15497.289,15269.159,15289.269,58.0159797668457
2023-03-11 00:00:00,15289.269,15289.269,15289.269,15289.269,0.0
2023-03-12 00:00:00,15378.597,15460.299,15366.299,15416.699,0.0885929986834526
2023-03-13 00:00:00,15416.567,15484.089,14884.259,14951.459,87.10579681396484
2023-03-14 00:00:00,14953.499,15274.279,14907.559,15216.479,57.24052429199219
2023-03-15 00:00:00,15217.499,15256.077,14695.269,14858.279,71.55715942382812
2023-03-16 00:00:00,14858.397,15063.757,14660.299,15047.449,45.025543212890625
2023-03-17 00:00:00,15048.099,15157.899,14692.249,14757.289,59.76860427856445
2023-03-18 00:00:00,14757.289,14757.289,14757.289,14757.289,0.0
2023-03-19 00:00:00,14830.349,14864.789,14808.749,14851.549,0.055243998765945435
2023-03-20 00:00:00,14852.569,14995.399,14458.241,14979.079,43.45331954956055
2023-03-21 00:00:00,14979.077,15266.699,14970.049,15247.499,33.99401092529297
2023-03-22 00:00:00,15247.597,15304.799,15067.649,15113.999,42.096256256103516
2023-03-23 00:00:00,15111.999,15245.769,15008.669,15124.959,43.624900817871094
2023-03-24 00:00:00,15125.989,15183.299,14803.259,15022.897,65.23939514160156
2023-03-25 00:00:00,15022.897,15022.897,15022.897,15022.897,0.0
2023-03-26 00:00:00,15013.069,15075.679,15011.799,15065.379,0.060380998998880386
2023-03-27 00:00:00,15067.899,15188.289,15016.259,15185.279,30.99842071533203
2023-03-28 00:00:00,15185.397,15262.399,15079.669,15157.999,25.65211296081543
2023-03-29 00:00:00,15157.997,15371.679,15145.799,15340.049,22.969905853271484
2023-03-30 00:00:00,15341.449,15562.899,15333.299,15561.879,21.86109161376953
2023-03-31 00:00:00,15561.997,15661.789,15501.789,15646.777,19.66490936279297
2023-04-01 00:00:00,15646.777,15646.777,15646.777,15646.777,0.0
2023-04-02 00:00:00,15630.079,15658.099,15620.679,15639.689,0.04161800071597099
2023-04-03 00:00:00,15640.569,15657.299,15551.769,15609.089,23.148740768432617
2023-04-04 00:00:00,15610.049,15739.799,15584.659,15624.099,23.946460723876953
2023-04-05 00:00:00,15624.097,15629.899,15478.749,15521.099,24.909786224365234
2023-04-06 00:00:00,15520.987,15662.299,15486.059,15632.599,25.01692008972168
2023-04-07 00:00:00,15632.599,15632.599,15632.599,15632.599,0.0
2023-04-08 00:00:00,15632.599,15632.599,15632.599,15632.599,0.0
2023-04-09 00:00:00,15632.599,15632.599,15632.599,15632.599,0.0
2023-04-10 00:00:00,15632.599,15632.599,15632.599,15632.599,0.0
2023-04-11 00:00:00,15716.749,15732.899,15620.747,15678.299,19.917720794677734
2023-04-12 00:00:00,15678.277,15831.399,15652.549,15659.199,27.998247146606445
2023-04-13 00:00:00,15659.679,15782.299,15652.259,15763.779,19.12642478942871
2023-04-14 00:00:00,15764.689,15844.299,15752.959,15802.277,25.075225830078125
2023-04-15 00:00:00,15802.277,15802.277,15802.277,15802.277,0.0
2023-04-16 00:00:00,15826.159,15835.599,15821.069,15826.799,0.013571999967098236
2023-04-17 00:00:00,15826.797,15904.299,15761.749,15815.449,18.008752822875977
2023-04-18 00:00:00,15815.597,15918.799,15797.789,15883.349,16.3183536529541
2023-04-19 00:00:00,15883.347,15923.299,15825.789,15873.289,15.496127128601074
2023-04-20 00:00:00,15874.259,15900.699,15731.759,15774.499,19.04900360107422
2023-04-21 00:00:00,15774.497,15913.189,15701.789,15899.759,22.523082733154297
2023-04-22 00:00:00,15899.759,15899.759,15899.759,15899.759,0.0
2023-04-23 00:00:00,15871.769,15887.897,15868.869,15881.599,0.00826799962669611
2023-04-24 00:00:00,15881.587,15918.399,15828.759,15863.899,14.380123138427734
2023-04-25 00:00:00,15863.897,15893.759,15781.359,15832.299,19.67146110534668
2023-04-26 00:00:00,15832.297,15834.299,15689.249,15758.699,27.184728622436523
2023-04-27 00:00:00,15758.677,15912.669,15697.259,15853.699,19.86627960205078
2023-04-28 00:00:00,15854.479,15959.659,15684.759,15947.287,26.441293716430664
2023-04-29 00:00:00,15947.287,15947.287,15947.287,15947.287,0.0
2023-04-30 00:00:00,15939.169,15956.459,15917.079,15921.399,0.01638999953866005
2023-05-01 00:00:00,15921.377,16006.979,15904.279,15913.989,12.164997100830078
2023-05-02 00:00:00,15913.999,16008.799,15703.169,15774.049,27.075199127197266
2023-05-03 00:00:00,15775.069,15889.699,15679.549,15740.549,33.12272262573242
2023-05-04 00:00:00,15740.697,15825.797,15658.779,15779.679,40.514564514160156
2023-05-05 00:00:00,15780.577,16003.799,15741.899,15977.777,21.40392303466797
2023-05-06 00:00:00,15977.777,15977.777,15977.777,15977.777,0.0
2023-05-07 00:00:00,15994.059,16004.369,15968.469,15969.369,0.013141999952495098
2023-05-08 00:00:00,15969.357,15996.759,15930.179,15952.149,14.185518264770508
2023-05-09 00:00:00,15952.157,15978.579,15876.759,15956.899,15.98314380645752
2023-05-10 00:00:00,15956.849,15987.899,15816.679,15905.699,26.89631462097168
2023-05-11 00:00:00,15906.589,15969.899,15753.759,15840.389,27.522172927856445
2023-05-12 00:00:00,15840.357,15937.899,15839.469,15908.767,19.96721076965332
2023-05-13 00:00:00,15908.767,15908.767,15908.767,15908.767,0.0
2023-05-14 00:00:00,15879.149,15891.599,15871.989,15886.549,0.011133999563753605
2023-05-15 00:00:00,15886.567,15980.899,15872.799,15926.789,17.31358528137207
2023-05-16 00:00:00,15926.897,15972.759,15857.779,15898.979,20.119611740112305
2023-05-17 00:00:00,15901.859,16026.299,15852.759,16014.449,18.1840763092041
2023-05-18 00:00:00,16014.497,16259.789,15997.299,16224.889,20.447559356689453
2023-05-19 00:00:00,16225.787,16332.899,16199.749,16287.397,20.722200393676758
2023-05-20 00:00:00,16287.397,16287.397,16287.397,16287.397,0.0
2023-05-21 00:00:00,16243.679,16279.689,16242.749,16277.779,0.014399999752640724
2023-05-22 00:00:00,16277.747,16300.599,16191.203,16258.279,20.129262924194336
2023-05-23 00:00:00,16259.289,16264.099,16057.149,16092.999,30.740079879760742
2023-05-24 00:00:00,16091.989,16095.999,15799.749,15874.359,26.92003631591797
2023-05-25 00:00:00,15876.289,15881.679,15720.799,15805.599,34.19687271118164
2023-05-26 00:00:00,15806.549,16012.189,15722.749,15982.257,28.897085189819336
2023-05-27 00:00:00,15982.257,15982.257,15982.257,15982.257,0.0
2023-05-28 00:00:00,16055.999,16059.399,16022.957,16025.799,0.027062000706791878
2023-05-29 00:00:00,16025.897,16080.799,15921.767,15934.279,11.072875022888184
2023-05-30 00:00:00,15934.287,16060.899,15882.149,15917.379,29.661558151245117
2023-05-31 00:00:00,15918.499,15920.399,15623.749,15724.789,27.695659637451172
2023-06-01 00:00:00,15724.897,15901.299,15691.059,15879.179,23.67758560180664
2023-06-02 00:00:00,15879.297,16068.899,15876.379,16053.779,23.087486267089844
2023-06-03 00:00:00,16053.779,16053.779,16053.779,16053.779,0.0
2023-06-04 00:00:00,16046.099,16071.299,16042.199,16044.859,0.02201100066304207
2023-06-05 00:00:00,16044.847,16113.899,15917.679,15927.599,24.016887664794922
2023-06-06 00:00:00,15928.489,16044.299,15902.799,16042.299,18.91716194152832
2023-06-07 00:00:00,16042.297,16046.199,15905.759,15935.849,21.95545196533203
2023-06-08 00:00:00,15935.849,16019.899,15885.189,15993.959,19.234224319458008
2023-06-09 00:00:00,15995.799,16010.699,15918.799,15959.249,20.599353790283203
2023-06-10 00:00:00,15959.249,15959.249,15959.249,15959.249,0.0
2023-06-11 00:00:00,15964.489,15989.389,15962.159,15975.779,0.021466000005602837
2023-06-12 00:00:00,15976.189,16155.499,15970.159,16139.659,19.501501083374023
2023-06-13 00:00:00,16140.689,16240.297,16085.289,16232.069,23.071935653686523
2023-06-14 00:00:00,16231.299,16337.789,16195.049,16278.199,24.42579460144043
2023-06-15 00:00:00,16279.099,16332.699,16161.259,16288.479,19.85512924194336
2023-06-16 00:00:00,16288.457,16430.899,16271.279,16328.787,23.51361083984375
2023-06-17 00:00:00,16328.787,16328.787,16328.787,16328.787,0.0
2023-06-18 00:00:00,16343.999,16350.089,16332.469,16333.389,0.012662000022828579
2023-06-19 00:00:00,16333.379,16333.379,16186.289,16202.999,7.954218864440918
2023-06-20 00:00:00,16202.997,16212.699,16065.259,16137.579,19.415454864501953
2023-06-21 00:00:00,16137.587,16153.577,15983.569,15997.699,21.056238174438477
2023-06-22 00:00:00,15997.577,16007.057,15799.289,15979.879,20.77140235900879
2023-06-23 00:00:00,15979.867,15979.867,15730.289,15826.899,21.35930633544922
2023-06-24 00:00:00,15826.899,15826.899,15826.899,15826.899,0.0
2023-06-25 00:00:00,15832.179,15860.899,15828.249,15854.079,0.01858000084757805
2023-06-26 00:00:00,15854.047,15879.199,15708.899,15841.649,19.2440242767334
2023-06-27 00:00:00,15841.797,15926.159,15753.799,15873.959,16.11922836303711
2023-06-28 00:00:00,15874.897,15997.279,15869.599,15978.899,17.68307113647461
2023-06-29 00:00:00,15979.649,15998.899,15916.789,15962.789,17.183441162109375
2023-06-30 00:00:00,15963.659,16185.249,15929.299,16184.289,18.372533798217773
2023-07-01 00:00:00,16184.289,16184.289,16184.289,16184.289,0.0
2023-07-02 00:00:00,16192.479,16197.349,16173.449,16185.199,0.013628999702632427
2023-07-03 00:00:00,16186.089,16212.269,16070.269,16109.299,15.845970153808594
2023-07-04 00:00:00,16098.259,16104.899,16021.259,16035.579,9.865304946899414
2023-07-05 00:00:00,16036.449,16040.999,15900.233,15904.079,16.724239349365234
2023-07-06 00:00:00,15904.947,15914.199,15491.749,15538.759,29.025571823120117
2023-07-07 00:00:00,15538.749,15699.679,15449.899,15624.787,30.12579917907715
2023-07-08 00:00:00,15624.787,15624.787,15624.787,15624.787,0.0
2023-07-09 00:00:00,15628.399,15649.889,15613.099,15638.879,0.020965000614523888
2023-07-10 00:00:00,15637.959,15724.279,15545.769,15690.499,24.830812454223633
2023-07-11 00:00:00,15690.399,15842.699,15656.749,15828.379,22.771636962890625
2023-07-12 00:00:00,15827.489,16046.789,15804.749,16018.399,28.901119232177734
2023-07-13 00:00:00,16019.259,16187.749,15992.299,16148.149,18.44090461730957
2023-07-14 00:00:00,16146.599,16148.199,16064.149,16074.277,20.5528507232666
2023-07-15 00:00:00,16074.277,16074.277,16074.277,16074.277,0.0
2023-07-16 00:00:00,16058.179,16058.969,16037.249,16041.899,0.012795000337064266
2023-07-17 00:00:00,16041.769,16110.799,15991.749,16070.179,19.86260414123535
2023-07-18 00:00:00,16071.059,16156.299,16025.749,16139.299,15.935995101928711
2023-07-19 00:00:00,16139.287,16242.289,16068.179,16081.499,20.155012130737305
2023-07-20 00:00:00,16082.399,16228.179,16044.749,16126.869,23.74428367614746
2023-07-21 00:00:00,16125.969,16189.169,16099.669,16170.269,17.836505889892578
2023-07-22 00:00:00,16170.269,16170.269,16170.269,16170.269,0.0
2023-07-23 00:00:00,16172.999,16173.879,16147.249,16152.699,0.00880299974232912
2023-07-24 00:00:00,16151.779,16209.299,16111.289,16184.499,18.1821346282959
2023-07-25 00:00:00,16183.579,16243.869,16130.749,16208.279,16.156536102294922
2023-07-26 00:00:00,16209.069,16245.579,15997.749,16140.399,24.692651748657227
2023-07-27 00:00:00,16139.499,16447.169,16126.269,16329.899,30.346006393432617
2023-07-28 00:00:00,16330.899,16491.759,16313.549,16459.267,22.043603897094727
2023-07-29 00:00:00,16459.267,16459.267,16459.267,16459.267,0.0
2023-07-30 00:00:00,16473.199,16499.799,16470.959,16479.089,0.0197369996458292
2023-07-31 00:00:00,16479.087,16531.779,16419.079,16459.349,16.915298461914062
2023-08-01 00:00:00,16458.449,16476.699,16152.499,16210.959,19.39886474609375
2023-08-02 00:00:00,16210.957,16220.699,15950.269,16019.279,26.734739303588867
2023-08-03 00:00:00,16019.287,16044.557,15798.779,15924.369,28.084012985229492
2023-08-04 00:00:00,15925.249,15978.299,15777.749,15833.897,35.56800079345703
2023-08-05 00:00:00,15833.897,15833.897,15833.897,15833.897,0.0
2023-08-06 00:00:00,15856.899,15865.299,15851.169,15863.349,0.01712300069630146
2023-08-07 00:00:00,15864.259,15994.299,15820.749,15986.289,22.75038719177246
2023-08-08 00:00:00,15987.179,15989.899,15703.769,15827.449,36.17934036254883
2023-08-09 00:00:00,15827.449,15983.789,15824.849,15907.049,29.921937942504883
2023-08-10 00:00:00,15907.949,16063.789,15875.299,15954.699,47.89999008178711
2023-08-11 00:00:00,15953.699,15973.099,15798.249,15849.747,35.007057189941406
2023-08-12 00:00:00,15849.747,15849.747,15849.747,15849.747,0.0
2023-08-13 00:00:00,15874.979,15877.099,15862.259,15867.899,0.02019600011408329
2023-08-14 00:00:00,15868.699,15949.499,15747.049,15939.959,25.219974517822266
2023-08-15 00:00:00,15940.859,15960.297,15699.289,15740.849,36.580265045166016
2023-08-16 00:00:00,15741.749,15815.799,15666.649,15716.699,37.104339599609375
2023-08-17 00:00:00,15715.679,15795.799,15587.299,15612.599,32.03687286376953
2023-08-18 00:00:00,15611.689,15661.099,15465.749,15578.797,35.266441345214844
2023-08-19 00:00:00,15578.797,15578.797,15578.797,15578.797,0.0
2023-08-20 00:00:00,15575.659,15592.699,15573.079,15589.059,0.012109999544918537
2023-08-21 00:00:00,15588.269,15711.299,15559.649,15628.189,28.459796905517578
2023-08-22 00:00:00,15628.179,15799.749,15616.589,15691.879,24.92862319946289
2023-08-23 00:00:00,15691.849,15823.789,15670.249,15775.959,22.651531219482422
2023-08-24 00:00:00,15775.967,15893.899,15539.769,15572.599,36.15000534057617
2023-08-25 00:00:00,15571.699,15741.289,15553.579,15683.787,39.693424224853516
2023-08-26 00:00:00,15683.787,15683.787,15683.787,15683.787,0.0
2023-08-27 00:00:00,15705.669,15716.899,15698.949,15708.289,0.015675000846385956
2023-08-28 00:00:00,15709.179,15826.769,15669.979,15811.799,25.18593978881836
2023-08-29 00:00:00,15812.599,15984.599,15787.049,15967.579,26.02142906188965
2023-08-30 00:00:00,15968.499,16003.999,15818.789,15903.679,31.04541015625
2023-08-31 00:00:00,15904.559,16043.789,15893.049,15953.999,24.34429359436035
2023-09-01 00:00:00,15954.759,16004.697,15822.159,15858.747,31.851015090942383
2023-09-02 00:00:00,15858.747,15858.747,15858.747,15858.747,0.0
2023-09-03 00:00:00,15856.299,15856.299,15845.349,15852.369,0.008666999638080597
2023-09-04 00:00:00,15853.257,15958.899,15794.769,15821.859,13.274785995483398
2023-09-05 00:00:00,15821.877,15839.399,15688.759,15752.869,28.327898025512695
2023-09-06 00:00:00,15753.359,15783.289,15672.759,15730.879,30.337871551513672
2023-09-07 00:00:00,15729.949,15795.899,15652.749,15734.879,32.05455780029297
2023-09-08 00:00:00,15733.949,15788.399,15573.749,15735.279,27.825695037841797
2023-09-09 00:00:00,15735.279,15735.279,15735.279,15735.279,0.0
2023-09-10 00:00:00,15738.689,15752.799,15733.769,15751.899,0.011459999717772007
2023-09-11 00:00:00,15752.179,15873.259,15718.059,15812.469,23.283960342407227
2023-09-12 00:00:00,15812.457,15832.799,15681.749,15703.499,27.13167381286621
2023-09-13 00:00:00,15704.359,15736.269,15560.769,15637.579,34.885013580322266
2023-09-14 00:00:00,15637.579,15872.499,15585.769,15860.749,29.141376495361328
2023-09-15 00:00:00,15859.959,15992.899,15848.049,15870.797,26.686750411987305
2023-09-16 00:00:00,15870.797,15870.797,15870.797,15870.797,0.0
2023-09-17 00:00:00,15887.889,15895.679,15883.249,15893.879,0.012594999745488167
2023-09-18 00:00:00,15892.959,15902.099,15689.759,15727.689,28.364986419677734
2023-09-19 00:00:00,15726.889,15742.899,15627.199,15692.889,26.11842155456543
2023-09-20 00:00:00,15691.989,15809.699,15649.849,15686.669,32.86307907104492
2023-09-21 00:00:00,15685.789,15697.789,15463.449,15480.799,42.661598205566406
2023-09-22 00:00:00,15481.669,15591.769,15450.749,15501.089,31.901716232299805
2023-09-23 00:00:00,15501.089,15501.089,15501.089,15501.089,0.0
2023-09-24 00:00:00,15515.059,15531.299,15513.349,15518.679,0.01591400057077408
2023-09-25 00:00:00,15519.599,15572.299,15326.299,15415.199,34.807334899902344
2023-09-26 00:00:00,15416.199,15416.199,15194.049,15222.279,40.618953704833984
2023-09-27 00:00:00,15223.149,15297.899,15131.159,15239.899,38.67255783081055
2023-09-28 00:00:00,15240.649,15368.199,15136.249,15327.359,50.10728073120117
2023-09-29 00:00:00,15328.269,15518.299,15292.099,15354.297,50.31051254272461
2023-09-30 00:00:00,15354.297,15354.297,15354.297,15354.297,0.0
2023-10-01 00:00:00,15413.649,15421.299,15389.379,15413.899,0.04953499883413315
2023-10-02 00:00:00,15415.669,15478.799,15165.189,15194.759,46.353660583496094
2023-10-03 00:00:00,15193.859,15258.299,15053.849,15072.789,55.478397369384766
2023-10-04 00:00:00,15071.959,15175.899,14944.759,15134.659,55.4460334777832
2023-10-05 00:00:00,15134.799,15175.699,15046.249,15096.049,39.034210205078125
2023-10-06 00:00:00,15096.999,15295.169,15033.749,15277.897,48.293609619140625
2023-10-07 00:00:00,15277.897,15277.897,15277.897,15277.897,0.0
2023-10-08 00:00:00,15185.899,15200.759,15145.589,15191.999,0.0652649998664856
2023-10-09 00:00:00,15191.049,15212.799,15077.249,15210.669,33.638187408447266
2023-10-10 00:00:00,15210.699,15445.779,15208.249,15401.489,32.25519943237305
2023-10-11 00:00:00,15400.589,15504.679,15361.779,15494.389,28.703125
2023-10-12 00:00:00,15494.377,15575.899,15341.199,15387.899,29.699222564697266
2023-10-13 00:00:00,15389.699,15429.197,15127.799,15149.397,36.12202072143555
2023-10-14 00:00:00,15149.397,15149.397,15149.397,15149.397,0.0
2023-10-15 00:00:00,15148.269,15180.077,15147.359,15180.077,0.0277319997549057
2023-10-16 00:00:00,15180.049,15273.797,15100.201,15245.469,28.411855697631836
2023-10-17 00:00:00,15246.359,15304.669,15116.269,15218.299,36.85710525512695
2023-10-18 00:00:00,15217.299,15290.089,15031.179,15045.089,49.7901496887207
2023-10-19 00:00:00,15045.949,15101.899,14918.549,14934.259,59.99307632446289
2023-10-20 00:00:00,14933.379,14979.699,14776.759,14781.767,50.82746124267578
2023-10-21 00:00:00,14781.767,14781.767,14781.767,14781.767,0.0
2023-10-22 00:00:00,14791.559,14823.199,14790.199,14822.179,0.025078000500798225
2023-10-23 00:00:00,14821.279,14852.659,14625.769,14796.949,46.54298782348633
2023-10-24 00:00:00,14796.159,14959.789,14716.559,14896.789,40.70840835571289
2023-10-25 00:00:00,14896.399,14936.399,14745.149,14772.899,44.09165573120117
2023-10-26 00:00:00,14771.999,14796.759,14647.159,14734.399,58.290950775146484
2023-10-27 00:00:00,14733.389,14825.399,14587.649,14618.267,47.36188888549805
2023-10-28 00:00:00,14618.267,14618.267,14618.267,14618.267,0.0
2023-10-29 00:00:00,14647.499,14649.179,14632.059,14642.859,0.019385000690817833
2023-10-30 00:00:00,14642.379,14800.399,14641.059,14745.299,41.92864990234375
2023-10-31 00:00:00,14746.089,14849.149,14690.049,14834.449,43.41676712036133
2023-11-01 00:00:00,14833.659,15015.999,14784.769,15015.699,45.44538116455078
2023-11-02 00:00:00,15015.659,15221.179,14993.069,15203.699,29.570045471191406
2023-11-03 00:00:00,15204.469,15268.299,15149.249,15194.247,30.726552963256836
2023-11-04 00:00:00,15194.247,15194.247,15194.247,15194.247,0.0
2023-11-05 00:00:00,15199.659,15202.289,15183.149,15191.459,0.015030000358819962
2023-11-06 00:00:00,15190.679,15233.799,15099.169,15113.999,29.202123641967773
2023-11-07 00:00:00,15114.859,15195.289,15067.249,15144.149,30.837921142578125
2023-11-08 00:00:00,15143.299,15290.789,15075.559,15205.549,34.43238830566406
2023-11-09 00:00:00,15204.659,15366.289,15200.759,15261.899,41.00966262817383
2023-11-10 00:00:00,15260.879,15332.669,15169.749,15325.899,35.89387130737305
2023-11-11 00:00:00,15325.899,15325.899,15325.899,15325.899,0.0
2023-11-12 00:00:00,15310.779,15310.789,15289.149,15291.599,0.016824999824166298
2023-11-13 00:00:00,15290.699,15369.299,15225.079,15364.959,25.40694236755371
2023-11-14 00:00:00,15364.099,15645.379,15331.699,15634.959,31.303394317626953
2023-11-15 00:00:00,15635.449,15762.799,15608.079,15738.699,35.35837936401367
2023-11-16 00:00:00,15737.799,15866.779,15710.049,15818.599,31.312807083129883
2023-11-17 00:00:00,15818.979,15948.169,15811.669,15942.679,25.331825256347656
2023-11-18 00:00:00,15942.679,15942.679,15942.679,15942.679,0.0
2023-11-19 00:00:00,15948.869,15949.899,15919.749,15933.069,0.01756500080227852
2023-11-20 00:00:00,15933.869,15954.699,15851.749,15936.849,21.48993492126465
2023-11-21 00:00:00,15936.099,15946.559,15884.799,15892.679,24.063072204589844
2023-11-22 00:00:00,15891.789,15998.789,15891.749,15944.479,24.110057830810547
2023-11-23 00:00:00,15943.799,16003.299,15940.149,15992.399,10.090078353881836
2023-11-24 00:00:00,15992.359,16045.199,15972.0,16023.247,12.666108131408691
2023-11-25 00:00:00,16023.247,16023.247,16023.247,16023.247,0.0
2023-11-26 00:00:00,16017.789,16025.899,16012.689,16016.399,0.00395999988541007
2023-11-27 00:00:00,16015.449,16038.399,15950.259,15971.169,7.492642879486084
2023-11-28 00:00:00,15970.299,16000.799,15913.259,15989.369,9.126032829284668
2023-11-29 00:00:00,15990.259,16210.799,15987.259,16177.659,11.070719718933105
2023-11-30 00:00:00,16176.789,16262.899,16167.289,16236.559,11.895910263061523
2023-12-01 00:00:00,16235.669,16439.299,16232.049,16428.269,10.529370307922363
2023-12-02 00:00:00,16428.269,16428.269,16428.269,16428.269,0.0
2023-12-03 00:00:00,16429.759,16430.889,16420.159,16425.069,0.005229999776929617
2023-12-04 00:00:00,16425.969,16456.799,16380.249,16420.059,8.012740135192871
2023-12-05 00:00:00,16420.999,16552.269,16391.149,16546.499,10.753629684448242
2023-12-06 00:00:00,16546.357,16729.769,16532.789,16627.699,9.733171463012695
2023-12-07 00:00:00,16628.549,16666.789,16591.799,16630.449,9.308159828186035
2023-12-08 00:00:00,16631.399,16798.249,16628.389,16787.349,10.596019744873047
2023-12-09 00:00:00,16787.349,16787.349,16787.349,16787.349,0.0
2023-12-10 00:00:00,16791.759,16819.789,16790.369,16806.789,0.006519999820739031
2023-12-11 00:00:00,16805.899,16826.199,16732.379,16819.579,7.355720043182373
2023-12-12 00:00:00,16820.479,16852.199,16753.249,16814.859,8.346349716186523
2023-12-13 00:00:00,16814.099,16923.759,16734.149,16921.949,9.61382007598877
2023-12-14 00:00:00,16921.099,17003.399,16661.749,16730.799,18.19206428527832
2023-12-15 00:00:00,16730.359,16888.899,16711.169,16720.299,14.525879859924316
2023-12-16 00:00:00,16720.299,16720.299,16720.299,16720.299,0.0
2023-12-17 00:00:00,16735.179,16744.499,16726.359,16744.389,0.004724999889731407
2023-12-18 00:00:00,16743.449,16756.149,16624.259,16669.289,10.085840225219727
2023-12-19 00:00:00,16668.379,16780.199,16652.259,16762.349,8.138139724731445
2023-12-20 00:00:00,16763.257,16813.079,16591.299,16645.599,11.105025291442871
2023-12-21 00:00:00,16644.969,16734.179,16622.559,16721.399,12.82448959350586
2023-12-22 00:00:00,16720.489,16736.199,16650.099,16713.469,8.746509552001953
2023-12-23 00:00:00,16713.469,16713.469,16713.469,16713.469,0.0
2023-12-24 00:00:00,16713.469,16713.469,16713.469,16713.469,0.0
2023-12-25 00:00:00,16713.469,16713.469,16713.469,16713.469,0.0
2023-12-26 00:00:00,16780.599,16792.599,16778.749,16781.949,0.002529999939724803
2023-12-27 00:00:00,16781.159,16797.399,16695.049,16756.849,8.799409866333008
2023-12-28 00:00:00,16757.369,16809.069,16688.259,16710.759,7.961669921875
2023-12-29 00:00:00,16709.879,16789.699,16698.089,16759.999,7.035459995269775
2023-12-30 00:00:00,16759.999,16759.999,16759.999,16759.999,0.0
2023-12-31 00:00:00,16759.999,16759.999,16759.999,16759.999,0.0
2024-01-01 00:00:00,16768.889,16780.379,16768.889,16778.069,0.0018500000005587935
2024-01-02 00:00:00,16777.149,16961.699,16647.059,16734.389,14.720370292663574
2024-01-03 00:00:00,16735.149,16786.569,16476.749,16531.179,16.89483070373535
2024-01-04 00:00:00,16530.269,16629.299,16493.269,16582.959,14.134320259094238
2024-01-05 00:00:00,16583.399,16648.749,16443.759,16583.799,16.96843910217285
2024-01-06 00:00:00,16583.799,16583.799,16583.799,16583.799,0.0
2024-01-07 00:00:00,16590.999,16603.999,16583.049,16590.149,0.004339999984949827
2024-01-08 00:00:00,16589.289,16783.679,16514.769,16759.179,11.926799774169922
2024-01-09 00:00:00,16758.259,16772.769,16609.279,16677.099,13.961199760437012
2024-01-10 00:00:00,16676.159,16756.399,16620.049,16726.669,12.678092956542969
2024-01-11 00:00:00,16725.799,16840.269,16533.149,16616.369,21.141830444335938
2024-01-12 00:00:00,16618.069,16751.789,16605.799,16712.249,18.064119338989258
2024-01-13 00:00:00,16712.249,16712.249,16712.249,16712.249,0.0
2024-01-14 00:00:00,16693.899,16699.289,16679.759,16694.849,0.004540000110864639
2024-01-15 00:00:00,16694.049,16789.799,16599.999,16600.899,8.621749877929688
2024-01-16 00:00:00,16599.999,16614.777,16469.766,16539.155,18.624589920043945
2024-01-17 00:00:00,16538.388,16540.199,16343.255,16417.677,17.347169876098633
2024-01-18 00:00:00,16416.877,16623.299,16406.055,16622.355,16.221750259399414
2024-01-19 00:00:00,16621.566,16655.655,16511.255,16627.755,15.119640350341797
2024-01-20 00:00:00,16627.755,16627.755,16627.755,16627.755,0.0
2024-01-21 00:00:00,16649.777,16653.199,16634.166,16636.766,0.0070500001311302185
2024-01-22 00:00:00,16636.299,16706.899,16605.277,16666.188,12.427510261535645
2024-01-23 00:00:00,16667.099,16759.299,16620.666,16686.355,10.954649925231934
2024-01-24 00:00:00,16685.577,16925.399,16669.266,16861.766,14.385649681091309
2024-01-25 00:00:00,16861.764,16915.399,16781.788,16865.177,15.92553997039795
2024-01-26 00:00:00,16866.099,16967.899,16840.555,16934.255,12.29988956451416
2024-01-27 00:00:00,16934.255,16934.255,16934.255,16934.255,0.0
2024-01-28 00:00:00,16897.099,16905.799,16890.977,16894.455,0.007459999993443489
2024-01-29 00:00:00,16895.399,17003.666,16857.266,16991.388,9.237119674682617
2024-01-30 00:00:00,16990.988,17015.766,16906.577,16920.699,9.49878978729248
2024-01-31 00:00:00,16921.377,16992.899,16790.688,16831.966,17.8428897857666
2024-02-01 00:00:00,16831.099,16989.777,16783.677,16986.488,15.415010452270508
2024-02-02 00:00:00,16984.688,17004.277,16887.166,16933.397,17.299150466918945
2024-02-03 00:00:00,16933.397,16933.397,16933.397,16933.397,0.0
2024-02-04 00:00:00,16937.155,16937.166,16916.377,16926.666,0.009050000458955765
2024-02-05 00:00:00,16924.977,16973.177,16853.566,16909.499,12.767333030700684
2024-02-06 00:00:00,16908.577,17050.688,16868.677,17029.199,13.494373321533203
2024-02-07 00:00:00,17029.977,17064.477,16908.755,16936.199,12.487253189086914
2024-02-08 00:00:00,16935.299,17028.255,16885.277,16966.977,10.444014549255371
2024-02-09 00:00:00,16966.099,16991.899,16873.399,16957.277,9.526042938232422
2024-02-10 00:00:00,16957.277,16957.277,16957.277,16957.277,0.0
2024-02-11 00:00:00,16943.566,16957.999,16939.755,16953.666,0.0032999999821186066
2024-02-12 00:00:00,16954.177,17042.299,16941.299,16995.288,8.613100051879883
2024-02-13 00:00:00,16996.088,17008.088,16780.655,16827.777,15.3885498046875
2024-02-14 00:00:00,16827.753,17001.399,16821.555,16991.377,11.739450454711914
2024-02-15 00:00:00,16990.899,17112.555,16964.577,17101.277,11.73060131072998
2024-02-16 00:00:00,17100.377,17197.777,17057.255,17072.777,13.539594650268555
2024-02-17 00:00:00,17072.777,17072.777,17072.777,17072.777,0.0
2024-02-18 00:00:00,17086.555,17101.899,17083.355,17095.388,0.008489999920129776
2024-02-19 00:00:00,17096.155,17107.588,17043.766,17052.688,4.498300075531006
2024-02-20 00:00:00,17053.499,17084.299,17017.655,17064.299,12.59595012664795
2024-02-21 00:00:00,17065.199,17196.977,17053.488,17186.899,13.08672046661377
2024-02-22 00:00:00,17187.699,17443.099,17165.166,17437.766,13.09885025024414
2024-02-23 00:00:00,17437.099,17443.677,17355.699,17411.299,10.60013198852539
2024-02-24 00:00:00,17411.299,17411.299,17411.299,17411.299,0.0
2024-02-25 00:00:00,17393.588,17419.977,17393.588,17412.955,0.006570000201463699
2024-02-26 00:00:00,17413.755,17461.899,17368.466,17421.877,8.417559623718262
2024-02-27 00:00:00,17422.788,17594.866,17381.055,17585.299,9.340202331542969
2024-02-28 00:00:00,17586.199,17620.699,17554.399,17585.555,9.683859825134277
2024-02-29 00:00:00,17584.766,17755.955,17568.766,17722.499,12.316120147705078
2024-03-01 00:00:00,17722.888,17816.255,17687.266,17747.255,12.217853546142578
2024-03-02 00:00:00,17747.255,17747.255,17747.255,17747.255,0.0
2024-03-03 00:00:00,17744.066,17758.955,17738.655,17742.999,0.0072200000286102295
2024-03-04 00:00:00,17743.899,17764.577,17670.899,17671.699,8.396320343017578
2024-03-05 00:00:00,17671.697,17747.777,17623.655,17670.699,11.731789588928223
2024-03-06 00:00:00,17670.266,17745.599,17664.188,17701.755,15.21168041229248
2024-03-07 00:00:00,17702.666,17885.999,17617.477,17870.866,12.635120391845703
2024-03-08 00:00:00,17870.599,17905.799,17741.366,17754.975,15.748920440673828
2024-03-09 00:00:00,17754.975,17754.975,17754.975,17754.975,0.0
2024-03-10 00:00:00,17721.255,17761.077,17719.966,17761.066,0.011509999632835388
2024-03-11 00:00:00,17761.097,17816.277,17659.488,17814.588,11.74116039276123
2024-03-12 00:00:00,17813.799,18009.899,17745.099,18001.266,13.59829044342041
2024-03-13 00:00:00,18000.488,18015.388,17937.955,17977.366,10.379179954528809
2024-03-14 00:00:00,17976.599,18038.899,17862.655,17901.499,15.618559837341309
2024-03-15 00:00:00,17901.597,18043.399,17892.077,17983.766,14.018850326538086
2024-03-16 00:00:00,17983.766,17983.766,17983.766,17983.766,0.0
2024-03-17 00:00:00,17989.299,17992.899,17980.599,17987.088,0.0057299998588860035
2024-03-18 00:00:00,17986.299,18014.755,17885.688,17900.077,9.48015022277832
2024-03-19 00:00:00,17900.499,18010.055,17877.099,18002.177,10.850281715393066
2024-03-20 00:00:00,18001.299,18181.566,17952.855,18176.466,12.405850410461426
2024-03-21 00:00:00,18176.488,18207.277,18051.866,18168.299,10.626680374145508
2024-03-22 00:00:00,18167.399,18258.177,18131.199,18225.266,9.123889923095703
2024-03-23 00:00:00,18225.266,18225.266,18225.266,18225.266,0.0
2024-03-24 00:00:00,18231.355,18244.499,18226.555,18243.699,0.004739999771118164
2024-03-25 00:00:00,18244.199,18288.399,18175.899,18270.099,8.002030372619629
2024-03-26 00:00:00,18269.088,18412.766,18254.788,18381.088,7.524990081787109
2024-03-27 00:00:00,18381.197,18533.899,18377.099,18525.977,7.70097017288208
2024-03-28 00:00:00,18525.066,18546.099,18474.255,18510.177,8.262319564819336
2024-03-29 00:00:00,18510.177,18510.177,18510.177,18510.177,0.0
2024-03-30 00:00:00,18510.177,18510.177,18510.177,18510.177,0.0
2024-03-31 00:00:00,18586.277,18630.599,18584.466,18628.377,0.012992000207304955
2024-04-01 00:00:00,18627.955,18628.999,18457.155,18496.477,1.379891037940979
2024-04-02 00:00:00,18495.588,18570.299,18255.655,18292.077,7.219977855682373
2024-04-03 00:00:00,18291.155,18415.677,18237.055,18389.477,6.895627021789551
2024-04-04 00:00:00,18388.977,18428.255,18173.188,18201.566,6.7914252281188965
2024-04-05 00:00:00,18201.586,18221.655,18083.899,18181.788,8.907259941101074
2024-04-06 00:00:00,18181.788,18181.788,18181.788,18181.788,0.0
2024-04-07 00:00:00,18213.888,18213.888,18191.488,18203.677,0.00903599988669157
2024-04-08 00:00:00,18204.699,18328.266,18159.077,18293.499,6.083579063415527
2024-04-09 00:00:00,18294.277,18300.566,18056.255,18123.499,6.727011203765869
2024-04-10 00:00:00,18123.988,18238.899,17973.288,18049.766,9.504225730895996
2024-04-11 00:00:00,18050.799,18108.688,17859.755,18040.766,9.63400936126709
2024-04-12 00:00:00,18039.866,18161.299,17831.299,17849.755,11.321399688720703
2024-04-13 00:00:00,17849.755,17849.755,17849.755,17849.755,0.0
2024-04-14 00:00:00,17850.366,17915.088,17842.666,17898.866,0.03632200136780739
2024-04-15 00:00:00,17899.766,18194.777,17863.077,17890.577,11.77424144744873
2024-04-16 00:00:00,17891.466,17904.755,17712.266,17812.577,12.964698791503906
2024-04-17 00:00:00,17813.066,17908.399,17724.688,17786.688,13.1763334274292
2024-04-18 00:00:00,17787.488,17864.988,17707.066,17719.599,11.843565940856934
2024-04-19 00:00:00,17719.464,17771.799,17396.799,17715.755,12.698599815368652
2024-04-20 00:00:00,17715.755,17715.755,17715.755,17715.755,0.0
2024-04-21 00:00:00,17752.566,17785.777,17748.177,17783.066,0.02493399940431118
2024-04-22 00:00:00,17782.699,17980.688,17759.788,17933.388,10.120076179504395
2024-04-23 00:00:00,17934.288,18198.499,17928.099,18191.655,7.581087112426758
2024-04-24 00:00:00,18191.675,18237.799,17998.199,18012.666,7.570271015167236
2024-04-25 00:00:00,18013.555,18082.788,17794.288,18016.099,11.938760757446289
2024-04-26 00:00:00,18016.977,18202.266,17958.799,18173.255,8.726200103759766
2024-04-27 00:00:00,18173.255,18173.255,18173.255,18173.255,0.0
2024-04-28 00:00:00,18194.977,18215.799,18193.155,18215.799,0.0065100002102553844
2024-04-29 00:00:00,18216.699,18238.199,18081.655,18116.555,6.768370151519775
2024-04-30 00:00:00,18115.799,18147.799,17845.899,17876.166,9.881244659423828
2024-05-01 00:00:00,17877.088,18041.466,17795.066,17883.877,0.5376570224761963
2024-05-02 00:00:00,17883.897,18008.577,17872.788,17970.499,9.512646675109863
2024-05-03 00:00:00,17972.266,18107.277,17903.755,18021.277,9.878609657287598
2024-05-04 00:00:00,18021.277,18021.277,18021.277,18021.277,0.0
2024-05-05 00:00:00,18054.766,18062.188,18040.999,18043.677,0.011973000131547451
2024-05-06 00:00:00,18044.588,18222.766,18016.599,18214.899,5.010232925415039
2024-05-07 00:00:00,18215.755,18449.888,18199.077,18443.699,6.826094150543213
2024-05-08 00:00:00,18444.488,18546.899,18410.055,18504.788,6.455982208251953
2024-05-09 00:00:00,18505.699,18747.199,18470.077,18737.177,6.05965518951416
2024-05-10 00:00:00,18736.299,18847.255,18709.577,18769.777,5.697169780731201
2024-05-11 00:00:00,18769.777,18769.777,18769.777,18769.777,0.0
2024-05-12 00:00:00,18766.077,18776.466,18761.166,18772.955,0.0049680001102387905
2024-05-13 00:00:00,18773.355,18800.666,18702.177,18728.399,4.54279899597168
2024-05-14 00:00:00,18729.255,18785.699,18621.277,18775.477,5.488985061645508
2024-05-15 00:00:00,18776.288,18919.399,18744.766,18914.799,6.31378698348999
2024-05-16 00:00:00,18915.799,18924.888,18677.866,18695.177,6.941952228546143
2024-05-17 00:00:00,18696.099,18731.466,18624.766,18719.577,5.524073123931885
2024-05-18 00:00:00,18719.577,18719.577,18719.577,18719.577,0.0
2024-05-19 00:00:00,18744.377,18756.199,18741.955,18753.599,0.003918999806046486
2024-05-20 00:00:00,18754.277,18805.577,18723.199,18737.566,3.72953200340271
2024-05-21 00:00:00,18738.088,18750.899,18631.799,18747.066,4.5662617683410645
2024-05-22 00:00:00,18746.199,18760.099,18589.166,18676.566,6.026578903198242
2024-05-23 00:00:00,18677.077,18766.799,18551.177,18590.999,8.014918327331543
2024-05-24 00:00:00,18590.088,18708.766,18512.766,18697.299,5.732190132141113
2024-05-25 00:00:00,18697.299,18697.299,18697.299,18697.299,0.0
2024-05-26 00:00:00,18708.055,18712.399,18677.455,18680.188,0.007048000115901232
2024-05-27 00:00:00,18680.999,18797.688,18664.199,18771.099,2.3953170776367188
2024-05-28 00:00:00,18770.588,18853.899,18616.799,18644.899,7.8734540939331055
2024-05-29 00:00:00,18645.755,18674.099,18408.299,18421.488,8.345732688903809
2024-05-30 00:00:00,18422.388,18537.199,18379.566,18452.599,7.946926116943359
2024-05-31 00:00:00,18453.399,18595.199,18416.788,18587.777,9.438252449035645
2024-06-01 00:00:00,18587.777,18587.777,18587.777,18587.777,0.0
2024-06-02 00:00:00,18564.366,18596.599,18563.199,18590.766,0.01772399991750717
2024-06-03 00:00:00,18590.355,18700.399,18502.155,18563.799,10.471261978149414
2024-06-04 00:00:00,18564.466,18589.755,18360.655,18482.477,10.558650016784668
2024-06-05 00:00:00,18483.277,18662.399,18464.566,18653.688,7.377552032470703
2024-06-06 00:00:00,18652.866,18785.299,18596.677,18629.399,8.128091812133789
2024-06-07 00:00:00,18629.788,18652.199,18421.055,18545.077,10.398909568786621
2024-06-08 00:00:00,18545.077,18545.077,18545.077,18545.077,0.0
2024-06-09 00:00:00,18494.666,18509.599,18482.699,18485.288,0.013464000076055527
2024-06-10 00:00:00,18486.199,18529.299,18356.066,18501.099,7.843523979187012
2024-06-11 00:00:00,18500.077,18550.299,18275.755,18390.366,8.376954078674316
2024-06-12 00:00:00,18389.455,18651.766,18387.788,18642.899,9.543437004089355
2024-06-13 00:00:00,18642.875,18646.377,18227.655,18284.488,9.803805351257324
2024-06-14 00:00:00,18282.766,18345.299,17948.799,18000.277,10.155314445495605
2024-06-15 00:00:00,18000.277,18000.277,18000.277,18000.277,0.0
2024-06-16 00:00:00,17996.266,18013.277,17995.877,18005.388,0.014291999861598015
2024-06-17 00:00:00,18005.755,18175.399,17968.755,18167.866,7.555014133453369
2024-06-18 00:00:00,18166.988,18211.755,18070.155,18165.464,9.251450538635254
2024-06-19 00:00:00,18164.675,18170.197,18051.677,18065.977,5.1892781257629395
2024-06-20 00:00:00,18066.766,18260.799,18065.955,18249.977,9.373727798461914
2024-06-21 00:00:00,18249.066,18254.686,18086.777,18181.399,6.939713954925537
2024-06-22 00:00:00,18181.399,18181.399,18181.399,18181.399,0.0
2024-06-23 00:00:00,18197.999,18203.799,18193.655,18195.355,0.007848000153899193
2024-06-24 00:00:00,18194.577,18355.788,18122.555,18224.655,6.374941825866699
2024-06-25 00:00:00,18224.399,18252.555,18074.399,18187.455,6.5076680183410645
2024-06-26 00:00:00,18186.677,18365.899,18044.266,18114.488,6.910883903503418
2024-06-27 00:00:00,18113.577,18264.877,18085.688,18252.888,4.53013801574707
2024-06-28 00:00:00,18253.666,18355.277,18188.655,18246.299,3.1809439659118652
2024-06-29 00:00:00,18246.299,18246.299,18246.299,18246.299,0.0
2024-06-30 00:00:00,18307.777,18307.777,18272.966,18277.588,0.014484000392258167
2024-07-01 00:00:00,18278.899,18462.788,18250.077,18310.188,3.2361888885498047
2024-07-02 00:00:00,18311.066,18316.899,18027.766,18163.199,3.1173510551452637
2024-07-03 00:00:00,18164.099,18403.166,18163.188,18399.788,2.3812999725341797
2024-07-04 00:00:00,18410.266,18465.788,18382.566,18446.299,1.4316519498825073
2024-07-05 00:00:00,18447.866,18665.177,18417.199,18505.753,2.821445941925049
2024-07-06 00:00:00,18505.753,18505.753,18505.753,18505.753,0.0
2024-07-07 00:00:00,18465.388,18490.299,18465.388,18469.699,0.007199999876320362
2024-07-08 00:00:00,18470.199,18632.766,18410.277,18498.299,2.769078016281128
2024-07-09 00:00:00,18498.955,18502.399,18211.799,18251.688,3.0599100589752197
2024-07-10 00:00:00,18252.499,18459.688,18222.155,18447.888,2.2394559383392334
2024-07-11 00:00:00,18454.788,18579.399,18412.399,18507.766,3.3366971015930176
2024-07-12 00:00:00,18507.753,18782.399,18503.588,18709.399,3.0657119750976562
2024-07-13 00:00:00,18709.399,18709.399,18709.399,18709.399,0.0
2024-07-14 00:00:00,18716.766,18726.699,18702.888,18720.055,0.020508000627160072
2024-07-15 00:00:00,18720.988,18747.555,18539.577,18581.855,3.2683699131011963
2024-07-16 00:00:00,18582.666,18588.655,18449.155,18563.388,3.0185699462890625
2024-07-17 00:00:00,18564.177,18576.099,18343.899,18473.199,4.038762092590332
2024-07-18 00:00:00,18472.399,18535.788,18288.155,18336.166,4.774022102355957
2024-07-19 00:00:00,18335.299,18350.555,18147.454,18152.187,8.126184463500977
2024-07-20 00:00:00,18152.187,18152.187,18152.187,18152.187,0.0
2024-07-21 00:00:00,18185.877,18230.399,18172.666,18225.399,0.027876000851392746
2024-07-22 00:00:00,18226.255,18499.666,18166.566,18471.499,3.8051559925079346
2024-07-23 00:00:00,18470.799,18649.788,18443.677,18494.066,3.9444398880004883
2024-07-24 00:00:00,18494.999,18520.699,18320.166,18368.066,4.54475212097168
2024-07-25 00:00:00,18366.366,18392.588,18094.788,18297.999,6.115364074707031
2024-07-26 00:00:00,18297.099,18476.699,18215.255,18463.266,5.294814109802246
2024-07-27 00:00:00,18463.266,18463.266,18463.266,18463.266,0.0
2024-07-28 00:00:00,18486.066,18518.499,18476.577,18505.588,0.02672399953007698
2024-07-29 00:00:00,18506.488,18546.255,18297.199,18309.399,4.10985803604126
2024-07-30 00:00:00,18308.455,18470.077,18263.988,18453.055,4.807072162628174
2024-07-31 00:00:00,18452.155,18576.477,18406.388,18536.755,5.3645920753479
2024-08-01 00:00:00,18537.577,18556.799,17966.266,18026.955,6.458789825439453
2024-08-02 00:00:00,18024.866,18052.088,17619.755,17716.277,7.759034156799316
2024-08-03 00:00:00,17716.277,17716.277,17716.277,17716.277,0.0
2024-08-04 00:00:00,17555.655,17619.266,17513.666,17547.666,0.1012440025806427
2024-08-05 00:00:00,17548.099,17649.066,17021.299,17487.777,11.271373748779297
2024-08-06 00:00:00,17491.099,17568.188,17228.966,17284.377,8.787409782409668
2024-08-07 00:00:00,17281.877,17670.977,17268.055,17339.488,7.1676201820373535
2024-08-08 00:00:00,17340.299,17759.655,17327.755,17741.088,6.4572038650512695
2024-08-09 00:00:00,17739.499,17787.799,17614.766,17773.766,5.290291786193848
2024-08-10 00:00:00,17773.766,17773.766,17773.766,17773.766,0.0
2024-08-11 00:00:00,17765.699,17773.999,17692.755,17762.266,0.05097600072622299
2024-08-12 00:00:00,17761.499,17829.299,17672.777,17714.577,4.385965824127197
2024-08-13 00:00:00,17715.455,17865.199,17666.766,17855.955,4.021148204803467
2024-08-14 00:00:00,17856.877,17925.177,17824.766,17893.099,4.225761890411377
2024-08-15 00:00:00,17893.755,18244.999,17892.988,18230.955,3.49429988861084
2024-08-16 00:00:00,18231.788,18354.188,18193.055,18319.777,3.7107460498809814
2024-08-17 00:00:00,18319.777,18319.777,18319.777,18319.777,0.0
2024-08-18 00:00:00,18348.677,18356.499,18327.299,18343.577,0.024539999663829803
2024-08-19 00:00:00,18343.199,18454.777,18279.288,18434.955,2.764188051223755
2024-08-20 00:00:00,18435.877,18496.399,18315.299,18342.399,3.0335800647735596
2024-08-21 00:00:00,18341.466,18482.099,18341.466,18479.788,3.248044013977051
2024-08-22 00:00:00,18478.866,18552.266,18424.599,18466.255,3.349698066711426
2024-08-23 00:00:00,18467.855,18672.299,18450.566,18624.277,4.385622024536133
2024-08-24 00:00:00,18624.277,18624.277,18624.277,18624.277,0.0
2024-08-25 00:00:00,18626.499,18637.855,18583.099,18602.755,0.028667999431490898
2024-08-26 00:00:00,18603.599,18643.188,18547.777,18620.899,2.9511759281158447
2024-08-27 00:00:00,18621.655,18729.266,18615.066,18664.377,3.564362049102783
2024-08-28 00:00:00,18665.166,18858.266,18664.355,18712.188,4.043923854827881
2024-08-29 00:00:00,18713.999,18971.666,18711.499,18849.877,4.861504077911377
2024-08-30 00:00:00,18850.299,18969.899,18830.977,18942.299,3.742173910140991
2024-08-31 00:00:00,18942.299,18942.299,18942.299,18942.299,0.0
2024-09-01 00:00:00,18945.977,18947.077,18931.277,18932.955,0.012347999960184097
2024-09-02 00:00:00,18933.777,18947.299,18769.255,18905.999,1.9519000053405762
2024-09-03 00:00:00,18907.299,18992.755,18614.866,18631.788,4.783589839935303
2024-09-04 00:00:00,18632.566,18654.288,18470.999,18559.288,5.253024101257324
2024-09-05 00:00:00,18556.799,18680.788,18503.266,18591.355,4.976528167724609
2024-09-06 00:00:00,18590.599,18609.277,18254.688,18261.288,5.690206050872803
2024-09-07 00:00:00,18261.288,18261.288,18261.288,18261.288,0.0
2024-09-08 00:00:00,18239.888,18268.199,18218.266,18261.066,0.04509599879384041
2024-09-09 00:00:00,18265.799,18506.477,18263.577,18494.999,4.627535820007324
2024-09-10 00:00:00,18495.877,18496.799,18185.666,18315.955,4.857394218444824
2024-09-11 00:00:00,18316.766,18492.955,18206.266,18481.099,5.877773761749268
2024-09-12 00:00:00,18481.899,18597.288,18378.755,18582.899,5.322428226470947
2024-09-13 00:00:00,18583.799,18725.255,18530.655,18683.799,4.231135845184326
2024-09-14 00:00:00,18683.799,18683.799,18683.799,18683.799,0.0
2024-09-15 00:00:00,18694.075,18700.575,18688.953,18694.697,0.08525999635457993
2024-09-16 00:00:00,18695.097,18725.697,18596.266,18704.799,5.5866241455078125
2024-09-17 00:00:00,18702.999,18806.899,18616.155,18709.566,4.4401421546936035
2024-09-18 00:00:00,18711.299,18916.177,18687.699,18848.766,5.003600120544434
2024-09-19 00:00:00,18850.366,19047.788,18765.055,18952.555,3.916529893875122
2024-09-20 00:00:00,18951.766,18956.699,18703.188,18733.755,4.694861888885498
2024-09-21 00:00:00,18733.755,18733.755,18733.755,18733.755,0.0
2024-09-22 00:00:00,18715.077,18755.777,18711.377,18754.177,0.015503999777138233
2024-09-23 00:00:00,18754.988,18887.399,18679.766,18870.299,3.8648641109466553
2024-09-24 00:00:00,18869.288,19029.877,18843.155,18994.399,4.036523818969727
2024-09-25 00:00:00,18995.166,18995.988,18841.455,18939.177,3.6386280059814453
2024-09-26 00:00:00,18940.788,19317.399,18940.788,19297.766,4.169884204864502
2024-09-27 00:00:00,19297.099,19494.299,19229.555,19395.755,4.382023811340332
2024-09-28 00:00:00,19395.755,19395.755,19395.755,19395.755,0.0
2024-09-29 00:00:00,19363.377,19437.999,19363.377,19432.877,0.023883000016212463
2024-09-30 00:00:00,19434.599,19478.699,19305.188,19366.666,4.307732105255127
2024-10-01 00:00:00,19365.999,19447.777,19130.799,19174.377,5.733314037322998
2024-10-02 00:00:00,19174.799,19271.199,19056.777,19168.299,4.7291579246521
2024-10-03 00:00:00,19167.366,19168.299,18960.255,18992.599,4.921559810638428
2024-10-04 00:00:00,18991.777,19201.155,18947.899,19196.766,4.629787921905518
2024-10-05 00:00:00,19196.766,19196.766,19196.766,19196.766,0.0
2024-10-06 00:00:00,19217.877,19225.699,19203.755,19205.477,0.023016000166535378
2024-10-07 00:00:00,19204.555,19230.099,18955.088,19016.599,4.4334540367126465
2024-10-08 00:00:00,19019.199,19116.655,18906.099,19084.666,3.9186360836029053
2024-10-09 00:00:00,19085.499,19283.688,19001.788,19272.699,3.51584792137146
2024-10-10 00:00:00,19274.299,19306.066,19142.255,19243.399,4.024802207946777
2024-10-11 00:00:00,19244.199,19399.188,19175.255,19385.266,3.3213679790496826
2024-10-12 00:00:00,19385.266,19385.266,19385.266,19385.266,0.0
2024-10-13 00:00:00,19356.955,19358.199,19337.477,19346.599,0.013980000279843807
2024-10-14 00:00:00,19347.299,19590.899,19337.566,19582.499,2.262756109237671
2024-10-15 00:00:00,19583.277,19637.899,19444.855,19471.066,3.2337920665740967
2024-10-16 00:00:00,19471.888,19513.266,19401.055,19459.599,2.52211594581604
2024-10-17 00:00:00,19458.777,19679.766,19435.566,19575.599,2.80063796043396
2024-10-18 00:00:00,19574.655,19669.677,19477.699,19641.688,2.354477882385254
2024-10-19 00:00:00,19641.688,19641.688,19641.688,19641.688,0.0
2024-10-20 00:00:00,19660.888,19681.199,19657.055,19670.899,0.012827999889850616
2024-10-21 00:00:00,19671.277,19671.666,19448.699,19527.599,3.1421239376068115
2024-10-22 00:00:00,19526.555,19589.599,19368.599,19436.599,3.5225460529327393
2024-10-23 00:00:00,19437.366,19475.399,19298.977,19354.466,3.1614980697631836
2024-10-24 00:00:00,19354.066,19558.088,19327.077,19439.888,2.929460048675537
2024-10-25 00:00:00,19440.755,19517.199,19350.999,19411.188,3.76322603225708
2024-10-26 00:00:00,19411.188,19411.188,19411.188,19411.188,0.0
2024-10-27 00:00:00,19503.599,19508.477,19483.166,19488.966,0.008430000394582748
2024-10-28 00:00:00,19488.155,19581.199,19395.899,19522.966,4.508312225341797
2024-10-29 00:00:00,19524.566,19643.799,19459.466,19492.266,4.268750190734863
2024-10-30 00:00:00,19491.499,19502.199,19197.766,19211.688,5.060226917266846
2024-10-31 00:00:00,19211.166,19225.699,19003.255,19097.255,5.443455219268799
2024-11-01 00:00:00,19096.499,19297.277,19041.055,19225.766,4.925310134887695
2024-11-02 00:00:00,19225.766,19225.766,19225.766,19225.766,0.0
2024-11-03 00:00:00,19186.399,19217.699,19179.577,19199.188,0.024255000054836273
2024-11-04 00:00:00,19200.077,19293.299,19094.299,19123.055,3.802233934402466
2024-11-05 00:00:00,19122.299,19314.666,19102.766,19289.899,3.68121600151062
2024-11-06 00:00:00,19289.099,19566.299,19002.166,19105.799,5.791801929473877
2024-11-07 00:00:00,19106.199,19449.699,19028.577,19435.655,4.2389140129089355
2024-11-08 00:00:00,19436.088,19448.399,19142.266,19240.766,3.8714420795440674
2024-11-09 00:00:00,19240.766,19240.766,19240.766,19240.766,0.0
2024-11-10 00:00:00,19248.466,19271.966,19247.655,19270.966,0.009359999559819698
2024-11-11 00:00:00,19271.799,19545.799,19246.055,19406.566,3.7301390171051025
2024-11-12 00:00:00,19404.299,19416.577,18959.655,19054.955,4.358954906463623
2024-11-13 00:00:00,19055.755,19124.899,18834.766,19003.299,4.7429351806640625
2024-11-14 00:00:00,19004.055,19307.399,18930.555,19190.988,4.564665794372559
2024-11-15 00:00:00,19190.188,19289.288,19119.777,19233.766,5.093071937561035
2024-11-16 00:00:00,19233.766,19233.766,19233.766,19233.766,0.0
2024-11-17 00:00:00,19228.066,19241.166,19227.299,19240.699,0.010619999840855598
2024-11-18 00:00:00,19241.499,19293.555,19087.899,19124.155,4.202178001403809
2024-11-19 00:00:00,19124.699,19248.566,18809.255,19072.666,5.422098159790039
2024-11-20 00:00:00,19073.877,19203.399,18958.299,19096.099,4.482644081115723
2024-11-21 00:00:00,19097.266,19197.166,18898.277,19153.266,5.686028003692627
2024-11-22 00:00:00,19152.466,19369.399,19029.799,19348.888,5.3333940505981445
2024-11-23 00:00:00,19348.888,19348.888,19348.888,19348.888,0.0
2024-11-24 00:00:00,19420.277,19426.799,19416.266,19420.266,0.012480000033974648
2024-11-25 00:00:00,19421.899,19468.877,19310.266,19333.088,5.058704853057861
2024-11-26 00:00:00,19332.255,19384.399,19219.666,19329.077,4.471679210662842
2024-11-27 00:00:00,19329.866,19339.288,19141.899,19293.366,4.908369064331055
2024-11-28 00:00:00,19293.788,19440.377,19290.188,19435.799,2.909684896469116
2024-11-29 00:00:00,19434.955,19680.199,19348.666,19641.166,3.4532299041748047
2024-11-30 00:00:00,19641.166,19641.166,19641.166,19641.166,0.0
2024-12-01 00:00:00,19667.677,19667.677,19642.055,19647.588,0.014894999563694
2024-12-02 00:00:00,19649.566,19949.099,19559.999,19924.799,4.340372085571289
2024-12-03 00:00:00,19925.599,20042.677,19890.088,20040.977,3.6821019649505615
2024-12-04 00:00:00,20040.566,20261.788,19998.966,20215.699,3.4376730918884277
2024-12-05 00:00:00,20214.777,20375.255,20192.655,20324.177,3.4310319423675537
2024-12-06 00:00:00,20324.555,20425.277,20299.555,20373.899,3.199687957763672
2024-12-07 00:00:00,20373.899,20373.899,20373.899,20373.899,0.0
2024-12-08 00:00:00,20376.366,20415.399,20373.855,20410.266,0.00877199973911047
2024-12-09 00:00:00,20409.466,20473.255,20299.555,20309.977,3.5053300857543945
2024-12-10 00:00:00,20309.577,20395.666,20257.455,20315.855,3.4058899879455566
2024-12-11 00:00:00,20315.099,20425.555,20277.955,20399.999,3.0722360610961914
2024-12-12 00:00:00,20400.177,20408.466,20389.455,20392.955,0.017462000250816345
2024-12-13 00:00:00,20419.555,20526.299,20363.188,20411.188,3.3761301040649414
2024-12-14 00:00:00,20411.188,20411.188,20411.188,20411.188,0.0
2024-12-15 00:00:00,20418.588,20453.088,20414.355,20448.099,0.0069240001030266285
2024-12-16 00:00:00,20448.488,20473.455,20290.977,20307.399,2.9048960208892822
2024-12-17 00:00:00,20307.855,20356.799,20197.955,20235.088,3.263901948928833
2024-12-18 00:00:00,20234.288,20330.199,19915.466,20025.199,4.8189802169799805
2024-12-19 00:00:00,20025.588,20104.755,19928.966,19938.988,4.726765155792236
2024-12-20 00:00:00,19940.699,19951.799,19644.766,19871.266,6.110909938812256
2024-12-21 00:00:00,19871.266,19871.266,19871.266,19871.266,0.0
2024-12-22 00:00:00,19949.399,19951.488,19919.055,19933.588,0.02527499943971634
2024-12-23 00:00:00,19934.366,19937.388,19798.299,19888.066,4.416299819946289
2024-12-24 00:00:00,19888.966,20031.488,19868.166,20021.466,0.2010120004415512
2024-12-25 00:00:00,19998.766,20000.066,19985.177,19993.199,0.010604999959468842
2024-12-26 00:00:00,19992.399,20028.699,19897.255,19998.266,0.311022013425827
2024-12-27 00:00:00,19997.477,19999.666,19797.155,19952.999,4.42648983001709
2024-12-28 00:00:00,19952.999,19952.999,19952.999,19952.999,0.0
2024-12-29 00:00:00,19951.188,19957.099,19908.599,19933.755,0.02312999963760376
2024-12-30 00:00:00,19934.655,19999.288,19759.455,19818.377,4.645685195922852
2024-12-31 00:00:00,19818.788,19918.777,19774.977,19806.788,0.48298799991607666
2025-01-01 00:00:00,19849.355,19875.099,19818.466,19840.499,0.02126999944448471
2025-01-02 00:00:00,19840.888,20038.966,19773.499,19935.355,5.666179180145264
2025-01-03 00:00:00,19934.199,20034.099,19864.555,19906.588,3.642767906188965
2025-01-04 00:00:00,19906.588,19906.588,19906.588,19906.588,0.0
2025-01-05 00:00:00,19903.977,19909.899,19881.888,19901.777,0.01142400037497282
2025-01-06 00:00:00,19903.466,20247.199,19893.799,20136.699,3.798114061355591
2025-01-07 00:00:00,20135.688,20391.799,20106.555,20316.866,3.7315518856048584
2025-01-08 00:00:00,20317.677,20482.299,20238.899,20317.488,4.705758094787598
2025-01-09 00:00:00,20319.299,20360.299,20247.299,20307.588,1.9582799673080444
2025-01-10 00:00:00,20308.466,20402.799,20186.555,20245.566,4.663236141204834
2025-01-11 00:00:00,20245.566,20245.566,20245.566,20245.566,0.0
2025-01-12 00:00:00,20223.177,20252.299,20193.355,20230.299,0.02871599979698658
2025-01-13 00:00:00,20231.199,20276.199,20022.788,20239.999,3.8261940479278564
2025-01-14 00:00:00,20240.655,20360.577,20197.366,20272.755,3.547921895980835
2025-01-15 00:00:00,20271.977,20639.888,20263.499,20636.388,3.526792049407959
2025-01-16 00:00:00,20636.755,20704.555,20574.855,20641.088,3.302781105041504
2025-01-17 00:00:00,20640.188,20926.899,20627.355,20890.999,2.858922004699707
2025-01-18 00:00:00,20890.999,20890.999,20890.999,20890.999,0.0
2025-01-19 00:00:00,20892.399,20892.399,20854.788,20869.877,0.019785000011324883
2025-01-20 00:00:00,20870.288,21054.266,20860.677,21026.999,1.9563119411468506
2025-01-21 00:00:00,21027.499,21165.177,20863.088,21148.466,3.2316501140594482
2025-01-22 00:00:00,21148.999,21334.277,21121.688,21232.477,3.0732951164245605
2025-01-23 00:00:00,21231.588,21497.655,21221.999,21476.577,2.4553799629211426
2025-01-24 00:00:00,21477.499,21529.088,21348.399,21366.266,2.5653300285339355
2025-01-25 00:00:00,21366.266,21366.266,21366.266,21366.266,0.0
2025-01-26 00:00:00,21278.877,21308.077,21275.399,21303.755,0.02746500074863434
2025-01-27 00:00:00,21302.866,21419.488,21078.766,21396.899,6.46737003326416
2025-01-28 00:00:00,21396.366,21513.066,21296.255,21460.299,4.092935085296631
2025-01-29 00:00:00,21460.699,21674.166,21455.899,21639.866,3.857944965362549
2025-01-30 00:00:00,21640.399,21793.677,21627.988,21750.066,3.1723198890686035
2025-01-31 00:00:00,21749.699,21801.666,21603.2,21629.3,3.561414957046509
2025-02-01 00:00:00,21629.3,21629.3,21629.3,21629.3,0.0
2025-02-02 00:00:00,21249.1,21380.8,21241.5,21364.7,0.07224000245332718
2025-02-03 00:00:00,21364.2,21547.299,21090.6,21516.099,7.022655963897705
2025-02-04 00:00:00,21515.066,21516.855,21294.488,21431.255,4.471875190734863
2025-02-05 00:00:00,21433.066,21648.799,21384.677,21643.255,3.9776549339294434
2025-02-06 00:00:00,21641.455,21923.799,21637.199,21899.366,4.194524765014648
2025-02-07 00:00:00,21898.466,21947.288,21723.655,21736.299,5.077620029449463
2025-02-08 00:00:00,21736.299,21736.299,21736.299,21736.299,0.0
2025-02-09 00:00:00,21701.688,21785.666,21696.255,21779.855,0.032340001314878464
2025-02-10 00:00:00,21779.599,21946.799,21758.255,21920.477,3.340514898300171
2025-02-11 00:00:00,21921.377,22113.699,21881.766,22099.088,3.715859889984131
2025-02-12 00:00:00,22098.299,22344.588,22023.066,22339.199,4.511940002441406
2025-02-13 00:00:00,22338.188,22623.088,22303.077,22492.788,5.411250114440918
2025-02-14 00:00:00,22493.899,22612.255,22465.255,22501.288,3.229904890060425
2025-02-15 00:00:00,22501.288,22501.288,22501.288,22501.288,0.0
2025-02-16 00:00:00,22513.388,22516.999,22493.788,22506.699,0.010499999858438969
2025-02-17 00:00:00,22505.799,22879.499,22496.088,22824.588,2.547524929046631
2025-02-18 00:00:00,22824.077,22884.399,22713.199,22869.788,3.9329099655151367
2025-02-19 00:00:00,22868.999,22936.599,22369.188,22407.499,3.975719928741455
2025-02-20 00:00:00,22405.977,22578.255,22273.788,22324.099,4.322354793548584
2025-02-21 00:00:00,22322.188,22395.899,22116.166,22176.899,4.744575023651123
2025-02-22 00:00:00,22176.899,22176.899,22176.899,22176.899,0.0
2025-02-23 00:00:00,22254.366,22321.688,22253.477,22312.399,0.020880000665783882
2025-02-24 00:00:00,22311.966,22586.055,22230.299,22287.966,6.209024906158447
2025-02-25 00:00:00,22288.888,22589.077,22255.777,22558.788,6.790245056152344
2025-02-26 00:00:00,22557.888,22835.377,22504.455,22658.566,5.568854808807373
2025-02-27 00:00:00,22657.588,22701.377,22371.799,22431.355,7.3465800285339355
2025-02-28 00:00:00,22430.466,22574.788,22217.666,22544.999,7.494194984436035
2025-03-01 00:00:00,22544.999,22544.999,22544.999,22544.999,0.0
2025-03-02 00:00:00,22605.788,22660.388,22601.455,22626.499,0.041280001401901245
2025-03-03 00:00:00,22627.355,23310.299,22525.499,23031.266,9.030224800109863
2025-03-04 00:00:00,23032.288,23052.199,22313.355,22792.566,12.717704772949219
2025-03-05 00:00:00,22792.155,23228.266,22671.655,23166.088,9.852014541625977
2025-03-06 00:00:00,23164.199,23478.255,23058.388,23248.199,10.919864654541016
2025-03-07 00:00:00,23246.488,23289.099,22855.755,23209.399,10.954364776611328
2025-03-08 00:00:00,23209.399,23209.399,23209.399,23209.399,0.0
2025-03-09 00:00:00,23021.288,23074.499,22950.877,23053.399,0.052469998598098755
2025-03-10 00:00:00,23051.388,23211.666,22432.455,22502.766,9.507450103759766
2025-03-11 00:00:00,22503.777,22837.177,22239.066,22481.588,8.422860145568848
2025-03-12 00:00:00,22481.055,22814.155,22432.988,22715.277,6.706289768218994
2025-03-13 00:00:00,22716.366,22759.777,22413.899,22557.899,5.787614822387695
2025-03-14 00:00:00,22558.377,23084.288,22458.299,23079.788,6.0502800941467285
2025-03-15 00:00:00,23079.788,23079.788,23079.788,23079.788,0.0
2025-03-16 00:00:00,22998.377,23035.299,22987.055,23014.699,0.03496500104665756
2025-03-17 00:00:00,23013.666,23258.299,22927.766,23235.799,5.2325849533081055
2025-03-18 00:00:00,23234.766,23476.477,23188.099,23361.899,5.915130138397217
2025-03-19 00:00:00,23362.755,23430.766,23134.366,23362.566,5.534474849700928
2025-03-20 00:00:00,23364.655,23369.799,22811.755,22954.599,6.229949951171875
2025-03-21 00:00:00,22953.877,23014.599,22716.188,22888.688,7.008134841918945
2025-03-22 00:00:00,22888.688,22888.688,22888.688,22888.688,0.0
2025-03-23 00:00:00,22952.899,22980.099,22946.066,22978.588,0.013334999792277813
2025-03-24 00:00:00,22979.399,23135.655,22805.088,22880.477,7.246950149536133
2025-03-25 00:00:00,22880.888,23184.799,22790.988,23144.188,6.4335150718688965
2025-03-26 00:00:00,23143.488,23225.199,22646.966,22674.055,7.48052978515625
2025-03-27 00:00:00,22673.055,22741.999,22464.588,22645.555,8.329395294189453
2025-03-28 00:00:00,22647.599,22679.255,22373.455,22455.455,8.827425003051758
2025-03-29 00:00:00,22455.455,22455.455,22455.455,22455.455,0.0
2025-03-30 00:00:00,22392.466,22430.399,22388.677,22419.866,0.07321500033140182
2025-03-31 00:00:00,22419.599,22421.555,21969.455,22244.566,9.1158447265625
2025-04-01 00:00:00,22243.877,22577.999,22218.188,22525.355,9.012374877929688
2025-04-02 00:00:00,22525.655,22563.288,21561.366,21702.066,8.811494827270508
2025-04-03 00:00:00,21700.355,22150.755,21574.855,21620.955,10.67326545715332
2025-04-04 00:00:00,21622.355,21702.655,20320.188,20331.666,12.108675003051758
2025-04-05 00:00:00,20331.666,20331.666,20331.666,20331.666,0.0
2025-04-06 00:00:00,19584.366,19724.188,19423.988,19626.266,0.22753499448299408
2025-04-07 00:00:00,19625.999,20836.066,18809.677,20055.088,5.833559989929199
2025-04-08 00:00:00,20054.455,20471.299,19371.277,19457.866,8.39706039428711
2025-04-09 00:00:00,19457.399,21535.755,19302.666,21496.288,8.051324844360352
2025-04-10 00:00:00,21490.366,21501.299,20144.566,20587.877,7.9761199951171875
2025-04-11 00:00:00,20585.866,20901.577,20101.199,20693.688,6.939465045928955
2025-04-12 00:00:00,20693.688,20693.688,20693.688,20693.688,0.0
2025-04-13 00:00:00,20845.499,20845.499,20736.655,20793.877,0.15166500210762024
2025-04-14 00:00:00,20793.299,21048.777,20694.788,20904.177,5.653560161590576
2025-04-15 00:00:00,20903.855,21320.277,20858.266,21154.088,6.644010066986084
2025-04-16 00:00:00,21153.055,21317.299,20951.855,21117.166,6.6442952156066895
2025-04-17 00:00:00,21117.888,21437.866,21099.799,21221.066,6.694739818572998
2025-04-18 00:00:00,21221.066,21221.066,21221.066,21221.066,0.0
2025-04-19 00:00:00,21221.066,21221.066,21221.066,21221.066,0.0
2025-04-20 00:00:00,21136.499,21141.988,21088.866,21140.799,0.06695999950170517
2025-04-21 00:00:00,21139.266,21172.699,20670.577,20929.966,0.6822779774665833
2025-04-22 00:00:00,20930.799,21773.599,20921.855,21727.088,7.932462215423584
2025-04-23 00:00:00,21727.755,22050.655,21674.077,21953.755,8.327775001525879
2025-04-24 00:00:00,21955.055,22189.188,21725.166,22162.555,8.245454788208008
2025-04-25 00:00:00,22162.255,22357.277,22072.699,22351.377,7.946354866027832
2025-04-26 00:00:00,22351.377,22351.377,22351.377,22351.377,0.0
2025-04-27 00:00:00,22310.477,22331.299,22282.755,22301.899,0.0488400012254715
2025-04-28 00:00:00,22302.699,22444.866,22230.655,22341.066,7.154775142669678
2025-04-29 00:00:00,22340.366,22531.755,22290.666,22479.255,7.095870018005371
2025-04-30 00:00:00,22479.966,22737.877,22229.688,22710.299,8.948699951171875
2025-05-01 00:00:00,22710.855,22826.099,22620.977,22668.099,0.6970049738883972
2025-05-02 00:00:00,22669.799,23160.088,22649.655,23112.799,7.448925018310547
2025-05-03 00:00:00,23112.799,23112.799,23112.799,23112.799,0.0
2025-05-04 00:00:00,23079.855,23090.455,23000.288,23019.399,0.056699998676776886
2025-05-05 00:00:00,23019.766,23406.699,23000.455,23322.988,5.062304973602295
2025-05-06 00:00:00,23323.255,23427.899,22851.899,23316.488,7.253415107727051
2025-05-07 00:00:00,23316.166,23360.577,23031.166,23170.955,7.292204856872559
2025-05-08 00:00:00,23171.366,23472.666,23151.088,23373.677,7.229549884796143
2025-05-09 00:00:00,23373.288,23546.777,23318.577,23507.777,5.627355098724365
2025-05-10 00:00:00,23507.777,23507.777,23507.777,23507.777,0.0
2025-05-11 00:00:00,23722.088,23748.699,23682.777,23712.377,0.1036200001835823
2025-05-12 00:00:00,23712.666,23923.788,23352.788,23618.955,7.914134979248047
2025-05-13 00:00:00,23617.666,23654.199,23486.055,23606.188,5.475599765777588
2025-05-14 00:00:00,23605.477,23694.799,23426.677,23446.677,5.747220039367676
2025-05-15 00:00:00,23447.055,23729.599,23330.755,23719.999,5.431379795074463
2025-05-16 00:00:00,23721.288,23887.799,23663.255,23808.788,4.6283698081970215
2025-05-17 00:00:00,23808.788,23808.788,23808.788,23808.788,0.0
2025-05-18 00:00:00,23704.166,23755.999,23701.199,23736.577,0.06306000053882599
2025-05-19 00:00:00,23736.399,24080.788,23666.299,24064.599,4.897604942321777
2025-05-20 00:00:00,24064.955,24081.799,23897.899,24032.866,4.827270030975342
2025-05-21 00:00:00,24032.588,24160.288,23868.755,23930.166,6.619064807891846
2025-05-22 00:00:00,23930.999,24086.299,23838.266,24034.677,6.378554821014404
2025-05-23 00:00:00,24036.077,24143.899,23267.266,23605.299,8.532959938049316
2025-05-24 00:00:00,23605.299,23605.299,23605.299,23605.299,0.0
2025-05-25 00:00:00,23639.977,23839.699,23637.899,23812.977,0.09864000231027603
2025-05-26 00:00:00,23812.577,24042.399,23796.799,23958.388,3.1417500972747803
2025-05-27 00:00:00,23957.366,24301.799,23951.155,24292.599,4.669425010681152
2025-05-28 00:00:00,24291.999,24358.555,24022.688,24331.877,5.323484897613525
2025-05-29 00:00:00,24332.477,24391.055,23839.699,23893.855,6.767189979553223
2025-05-30 00:00:00,23894.288,24184.766,23882.699,24024.777,7.812375068664551
2025-05-31 00:00:00,24024.777,24024.777,24024.777,24024.777,0.0
2025-06-01 00:00:00,24003.599,24019.199,23968.955,23986.277,0.0398700013756752
2025-06-02 00:00:00,23986.577,24086.899,23734.899,24042.199,7.903379917144775
2025-06-03 00:00:00,24042.855,24159.199,23815.755,24149.588,6.097485065460205
2025-06-04 00:00:00,24150.099,24345.788,24123.555,24252.066,6.361875057220459
2025-06-05 00:00:00,24251.399,24489.788,24179.166,24220.088,7.317164897918701
2025-06-06 00:00:00,24221.077,24352.788,24210.399,24302.788,5.64187479019165
2025-06-07 00:00:00,24302.788,24302.788,24302.788,24302.788,0.0
2025-06-08 00:00:00,24318.399,24330.466,24269.677,24294.355,0.04888499900698662
2025-06-09 00:00:00,24295.099,24313.899,24094.777,24157.877,4.266540050506592
2025-06-10 00:00:00,24157.466,24254.588,23951.155,23999.266,5.881499767303467
2025-06-11 00:00:00,23998.699,24152.288,23829.188,23841.766,6.651134967803955
2025-06-12 00:00:00,23841.366,23887.299,23613.399,23665.077,5.235869884490967
2025-06-13 00:00:00,23667.066,23667.066,23284.555,23431.799,7.312439918518066
2025-06-14 00:00:00,23431.799,23431.799,23431.799,23431.799,0.0
2025-06-15 00:00:00,23373.699,23469.399,23348.999,23460.977,0.1340249925851822
2025-06-16 00:00:00,23460.399,23715.655,23400.555,23427.999,5.581170082092285
2025-06-17 00:00:00,23429.255,23558.299,23246.855,23260.955,7.117380142211914
2025-06-18 00:00:00,23261.366,23506.266,23257.255,23307.899,6.757500171661377
2025-06-19 00:00:00,23308.599,23314.799,23017.655,23118.388,4.256414890289307
2025-06-20 00:00:00,23118.977,23487.899,23117.077,23282.277,6.469079971313477
2025-06-21 00:00:00,23282.277,23282.277,23282.277,23282.277,0.0
2025-06-22 00:00:00,23197.299,23234.199,23182.955,23212.955,0.0773100033402443
2025-06-23 00:00:00,23213.266,23538.455,23075.799,23526.755,6.919859886169434
2025-06-24 00:00:00,23526.599,23815.277,23505.555,23703.977,5.399624824523926
2025-06-25 00:00:00,23704.677,23754.666,23460.166,23498.055,4.927979946136475
2025-06-26 00:00:00,23498.866,23760.255,23488.577,23729.055,4.418459892272949
2025-06-27 00:00:00,23729.877,24102.188,23728.499,24075.255,5.174115180969238
2025-06-28 00:00:00,24075.255,24075.255,24075.255,24075.255,0.0
2025-06-29 00:00:00,24112.688,24172.699,24101.188,24148.688,0.02869500033557415
2025-06-30 00:00:00,24147.899,24173.177,23849.288,23923.399,4.550370216369629
2025-07-01 00:00:00,23923.966,23991.699,23631.299,23718.355,5.131649971008301
2025-07-02 00:00:00,23719.177,23855.088,23610.799,23816.177,5.182590007781982
2025-07-03 00:00:00,23815.599,23950.688,23756.766,23904.088,3.8953049182891846
2025-07-04 00:00:00,23903.788,23907.577,23700.777,23774.699,3.620879888534546
2025-07-05 00:00:00,23774.699,23774.699,23774.699,23774.699,0.0
2025-07-06 00:00:00,23855.399,23875.199,23821.299,23829.088,0.03496500104665756
2025-07-07 00:00:00,23829.788,24128.688,23793.566,23987.677,4.350599765777588
2025-07-08 00:00:00,23987.266,24277.155,23973.977,24232.077,5.822070121765137
2025-07-09 00:00:00,24229.466,24640.988,24196.588,24613.977,5.5811052322387695
2025-07-10 00:00:00,24613.655,24647.788,24427.677,24474.666,3.852526903152466
2025-07-11 00:00:00,24475.499,24475.499,24163.899,24220.266,4.407771110534668
2025-07-12 00:00:00,24220.266,24220.266,24220.266,24220.266,0.0
2025-07-13 00:00:00,24105.255,24108.666,24057.599,24087.266,0.03415500000119209
2025-07-14 00:00:00,24087.977,24237.799,23966.177,24197.799,3.414069890975952
2025-07-15 00:00:00,24198.466,24293.577,23978.166,24011.455,4.043560981750488
2025-07-16 00:00:00,24011.999,24209.799,23924.677,24167.999,4.3187408447265625
2025-07-17 00:00:00,24168.688,24425.588,24156.288,24421.277,3.374967098236084
2025-07-18 00:00:00,24420.488,24499.399,24169.155,24197.799,3.5788779258728027
2025-07-19 00:00:00,24197.799,24197.799,24197.799,24197.799,0.0
2025-07-20 00:00:00,24190.655,24231.977,24187.055,24229.777,0.010735999792814255
2025-07-21 00:00:00,24230.499,24331.288,24178.055,24248.066,3.200408935546875
2025-07-22 00:00:00,24247.677,24271.755,23915.299,24106.166,4.363028049468994
2025-07-23 00:00:00,24106.866,24550.366,24067.255,24515.066,4.997007846832275
2025-07-24 00:00:00,24514.399,24566.577,24232.188,24279.188,4.495007038116455
2025-07-25 00:00:00,24279.855,24317.399,24061.488,24304.955,3.8568480014801025
2025-07-26 00:00:00,24304.955,24304.955,24304.955,24304.955,0.0
2025-07-27 00:00:00,24389.955,24401.699,24371.188,24388.766,0.019634999334812164
2025-07-28 00:00:00,24388.366,24561.877,23923.888,23986.299,3.9707250595092773
2025-07-29 00:00:00,23985.488,24311.977,23963.255,24229.377,3.9847030639648438
2025-07-30 00:00:00,24228.799,24372.666,24132.988,24349.555,4.4299139976501465
2025-07-31 00:00:00,24348.877,24432.955,23949.899,23976.855,5.053518772125244
2025-08-01 00:00:00,23976.099,24027.777,23376.477,23440.988,7.339818000793457
2025-08-02 00:00:00,23440.988,23440.988,23440.988,23440.988,0.0
2025-08-03 00:00:00,23432.999,23469.688,23401.799,23464.199,0.04689300060272217
2025-08-04 00:00:00,23463.866,23837.388,23460.266,23822.577,3.8094279766082764
2025-08-05 00:00:00,23821.866,23983.488,23783.966,23845.677,4.25284481048584
2025-08-06 00:00:00,23844.977,24038.377,23803.455,23979.855,4.084211826324463
2025-08-07 00:00:00,23979.566,24392.988,23903.966,24219.188,5.933979034423828
2025-08-08 00:00:00,24219.888,24304.599,24089.766,24220.777,3.5812931060791016
2025-08-09 00:00:00,24220.777,24220.777,24220.777,24220.777,0.0
2025-08-10 00:00:00,24228.188,24239.399,24206.199,24209.466,0.015169000253081322
2025-08-11 00:00:00,24209.066,24283.699,24024.266,24082.188,3.3681349754333496
2025-08-12 00:00:00,24080.199,24192.577,23941.266,24143.466,3.754322052001953
2025-08-13 00:00:00,24142.755,24249.288,24069.666,24211.755,3.302839994430542
2025-08-14 00:00:00,24212.488,24436.866,24116.577,24425.155,3.545789957046509
2025-08-15 00:00:00,24425.999,24539.255,24325.299,24376.299,3.5703859329223633
2025-08-16 00:00:00,24376.299,24376.299,24376.299,24376.299,0.0
2025-08-17 00:00:00,24391.077,24414.599,24389.655,24409.577,0.013453000225126743
2025-08-18 00:00:00,24408.866,24445.699,24239.799,24364.466,2.839690923690796
2025-08-19 00:00:00,24365.188,24443.266,24279.755,24326.388,3.1390740871429443
2025-08-20 00:00:00,24324.955,24370.899,24208.399,24287.577,3.7874538898468018
2025-08-21 00:00:00,24287.255,24326.099,24173.777,24303.366,1.483646035194397
2025-08-22 00:00:00,24301.899,24449.399,24198.177,24349.899,1.5922490358352661
2025-08-23 00:00:00,24349.899,24349.899,24349.899,24349.899,0.0
2025-08-24 00:00:00,24362.177,24363.288,24341.255,24355.566,0.022561000660061836
2025-08-25 00:00:00,24356.299,24378.799,24213.255,24279.788,2.6217129230499268
2025-08-26 00:00:00,24279.088,24283.499,24031.799,24218.588,3.628894090652466
2025-08-27 00:00:00,24219.266,24250.055,23975.299,24012.755,2.584244966506958
2025-08-28 00:00:00,24012.166,24204.788,23970.766,24035.699,3.0705389976501465
2025-08-29 00:00:00,24034.977,24068.399,23879.299,23932.399,3.4987680912017822
2025-08-30 00:00:00,23932.399,23932.399,23932.399,23932.399,0.0
2025-08-31 00:00:00,23955.199,23993.999,23953.677,23991.488,0.014014000073075294
2025-09-01 00:00:00,23990.799,24049.799,23928.699,24000.099,1.8923829793930054
2025-09-02 00:00:00,24000.755,24099.588,23475.155,23611.799,5.162210941314697
2025-09-03 00:00:00,23610.388,23709.799,23504.255,23592.755,3.7356770038604736
2025-09-04 00:00:00,23592.355,23839.099,23564.566,23833.899,3.4573590755462646
2025-09-05 00:00:00,23834.599,23894.699,23547.799,23651.255,5.125074863433838
2025-09-06 00:00:00,23651.255,23651.255,23651.255,23651.255,0.0
2025-09-07 00:00:00,23620.499,23686.599,23616.388,23685.188,0.029370000585913658
2025-09-08 00:00:00,23685.777,23832.399,23653.266,23808.377,3.466063976287842
2025-09-09 00:00:00,23809.699,23860.777,23631.255,23799.899,3.2039051055908203
2025-09-10 00:00:00,23799.399,23885.299,23583.655,23622.577,3.581207036972046
2025-09-11 00:00:00,23621.388,23790.755,23557.399,23754.477,3.8397159576416016
2025-09-12 00:00:00,23753.877,23794.788,23600.266,23697.288,3.3897221088409424
2025-09-13 00:00:00,23697.288,23697.288,23697.288,23697.288,0.0
2025-09-14 00:00:00,23708.388,23725.399,23704.755,23707.888,0.009305999614298344
2025-09-15 00:00:00,23708.466,23855.777,23655.577,23733.166,3.5003559589385986
2025-09-16 00:00:00,23732.899,23788.188,23314.299,23399.155,4.22357702255249
2025-09-17 00:00:00,23398.688,23473.266,23282.288,23449.388,6.649590015411377
2025-09-18 00:00:00,23449.988,23730.855,23395.588,23724.177,5.111279010772705
2025-09-19 00:00:00,23724.755,23787.899,23595.766,23648.899,5.253029823303223
2025-09-20 00:00:00,23648.899,23648.899,23648.899,23648.899,0.0
2025-09-21 00:00:00,23638.877,23639.155,23625.577,23630.388,0.020519999787211418
2025-09-22 00:00:00,23630.799,23687.577,23419.277,23581.499,4.659255027770996
2025-09-23 00:00:00,23582.099,23726.755,23497.155,23546.799,4.770854949951172
2025-09-24 00:00:00,23546.066,23737.788,23492.766,23707.477,5.2578301429748535
2025-09-25 00:00:00,23706.877,23732.166,23375.755,23555.966,6.827294826507568
2025-09-26 00:00:00,23556.577,23761.288,23528.088,23747.299,5.234415054321289
2025-09-27 00:00:00,23747.299,23747.299,23747.299,23747.299,0.0
2025-09-28 00:00:00,23755.599,23777.677,23750.199,23773.399,0.02284500002861023
2025-09-29 00:00:00,23772.777,23881.688,23666.977,23754.499,4.734869956970215
2025-09-30 00:00:00,23753.799,23952.688,23673.266,23899.099,4.832204818725586
2025-10-01 00:00:00,23899.677,24265.677,23739.266,24227.055,5.19211483001709
2025-10-02 00:00:00,24227.666,24502.288,24211.266,24474.266,5.284365177154541
2025-10-03 00:00:00,24472.988,24539.588,24334.177,24385.288,4.286355018615723
2025-10-04 00:00:00,24385.288,24385.288,24385.288,24385.288,0.0
2025-10-05 00:00:00,24400.688,24439.899,24395.166,24427.499,0.03736500069499016
2025-10-06 00:00:00,24428.077,24484.766,24259.777,24413.999,4.784834861755371
2025-10-07 00:00:00,24413.288,24455.588,24304.766,24357.377,4.0768351554870605
2025-10-08 00:00:00,24357.988,24647.899,24355.499,24641.877,3.5969700813293457
2025-10-09 00:00:00,24641.155,24773.299,24548.566,24637.288,4.127834796905518
2025-10-10 00:00:00,24637.588,24691.766,24165.155,24171.255,7.577159881591797
2025-10-11 00:00:00,24171.255,24171.255,24171.255,24171.255,0.0
2025-10-12 00:00:00,24292.099,24319.166,24250.366,24305.455,0.13723500072956085
2025-10-13 00:00:00,24305.766,24449.288,24255.899,24422.299,6.069779872894287
2025-10-14 00:00:00,24420.888,24482.055,23981.755,24291.855,8.142914772033691
2025-10-15 00:00:00,24292.477,24363.655,24004.666,24145.166,6.086985111236572
2025-10-16 00:00:00,24145.477,24287.155,24013.466,24036.877,8.280030250549316
2025-10-17 00:00:00,24035.055,24049.266,23675.399,23970.799,9.690119743347168
2025-10-18 00:00:00,23970.799,23970.799,23970.799,23970.799,0.0
2025-10-19 00:00:00,23999.388,24009.488,23960.388,23970.199,0.058469999581575394
2025-10-20 00:00:00,23969.877,24345.288,23912.077,24335.199,4.6426801681518555
2025-10-21 00:00:00,24334.866,24383.777,24197.777,24315.688,3.916980028152466
2025-10-22 00:00:00,24316.688,24359.299,23949.677,24128.088,6.718649864196777
2025-10-23 00:00:00,24127.188,24232.166,24033.777,24218.799,4.935569763183594
2025-10-24 00:00:00,24218.988,24304.266,24139.299,24205.788,4.255410194396973
2025-10-25 00:00:00,24205.788,24205.788,24205.788,24205.788,0.0
2025-10-26 00:00:00,24312.499,24322.955,24305.655,24308.799,0.018914999440312386
2025-10-27 00:00:00,24308.099,24404.566,24186.399,24312.699,3.3923399448394775
2025-10-28 00:00:00,24313.266,24344.299,24182.255,24247.377,3.5578649044036865
2025-10-29 00:00:00,24248.099,24321.299,24003.188,24143.099,6.056399822235107
2025-10-30 00:00:00,24143.699,24261.055,24028.777,24136.277,7.978545188903809
2025-10-31 00:00:00,24136.899,24144.599,23906.677,23963.255,5.736780166625977
2025-11-01 00:00:00,23963.255,23963.255,23963.255,23963.255,0.0
2025-11-02 00:00:00,23986.477,24014.199,23984.966,24007.588,0.02865000069141388
2025-11-03 00:00:00,24007.999,24250.899,23962.777,24108.255,4.959360122680664
2025-11-04 00:00:00,24108.099,24108.099,23670.766,23859.499,6.075435161590576
2025-11-05 00:00:00,23858.199,24120.799,23579.077,24112.855,5.515214920043945
2025-11-06 00:00:00,24113.499,24113.499,23683.677,23764.399,6.883979797363281
2025-11-07 00:00:00,23764.088,23837.766,23451.299,23762.288,7.2826948165893555
2025-11-08 00:00:00,23762.288,23762.288,23762.288,23762.288,0.0
2025-11-09 00:00:00,23837.699,23844.266,23816.088,23832.266,0.035714998841285706
2025-11-10 00:00:00,23830.455,24093.199,23801.055,24091.966,4.6289849281311035
2025-11-11 00:00:00,24092.299,24194.677,23948.766,24181.855,4.777919769287109
2025-11-12 00:00:00,24181.588,24443.788,24180.499,24365.588,5.121135234832764
2025-11-13 00:00:00,24365.255,24503.555,23931.188,24062.888,7.7165398597717285
2025-11-14 00:00:00,24063.155,24118.566,23608.399,23840.255,9.007949829101562
2025-11-15 00:00:00,23840.255,23840.255,23840.255,23840.255,0.0
2025-11-16 00:00:00,23802.199,23862.566,23790.655,23853.477,0.0536700002849102
2025-11-17 00:00:00,23852.899,23932.755,23352.799,23469.699,7.424129962921143
2025-11-18 00:00:00,23470.399,23477.177,23081.777,23206.777,9.889934539794922
2025-11-19 00:00:00,23206.177,23380.399,23071.066,23374.999,7.778174877166748
2025-11-20 00:00:00,23374.299,23513.766,22897.166,22961.188,9.843435287475586
2025-11-21 00:00:00,22960.855,23301.177,22929.577,23220.799,11.385359764099121
2025-11-22 00:00:00,23220.799,23220.799,23220.799,23220.799,0.0
2025-11-23 00:00:00,23300.999,23310.888,23281.555,23288.788,0.0422700010240078
2025-11-24 00:00:00,23287.599,23394.288,23144.399,23238.188,7.229549884796143
2025-11-25 00:00:00,23237.566,23580.177,23135.255,23563.777,7.126035213470459
2025-11-26 00:00:00,23563.977,23762.799,23444.288,23741.677,5.284995079040527
2025-11-27 00:00:00,23741.355,23836.899,23691.699,23787.566,2.826240062713623
2025-11-28 00:00:00,23788.188,23887.299,23715.777,23837.255,2.650439977645874
2025-11-29 00:00:00,23837.255,23837.255,23837.255,23837.255,0.0
2025-11-30 00:00:00,23847.977,23868.488,23833.199,23843.199,0.036240000277757645
2025-12-01 00:00:00,23844.099,23846.777,23426.766,23554.377,6.18503999710083
2025-12-02 00:00:00,23554.655,23795.788,23546.299,23739.855,5.5349249839782715
2025-12-03 00:00:00,23740.155,23842.255,23640.255,23775.788,4.937910079956055
2025-12-04 00:00:00,23775.477,23930.899,23758.599,23876.788,4.856985092163086
2025-12-05 00:00:00,23875.566,24131.766,23871.755,24027.899,4.315004825592041
2025-12-06 00:00:00,24027.899,24027.899,24027.899,24027.899,0.0
2025-12-07 00:00:00,24044.399,24049.699,24035.266,24039.855,0.018959999084472656
2025-12-08 00:00:00,24040.188,24117.899,23987.777,24044.555,4.201560020446777
2025-12-09 00:00:00,24044.255,24188.288,24028.788,24119.955,4.353149890899658
2025-12-10 00:00:00,24119.666,24226.688,23996.277,24179.277,5.8241400718688965
2025-12-11 00:00:00,24179.555,24383.188,23971.088,24354.066,6.077610015869141
2025-12-12 00:00:00,24353.177,24474.899,24155.655,24231.755,6.099510192871094
2025-12-13 00:00:00,24231.755,24231.755,24231.755,24231.755,0.0
2025-12-14 00:00:00,24223.388,24243.799,24206.755,24240.699,0.030135000124573708
2025-12-15 00:00:00,24239.966,24332.788,24151.799,24174.699,5.639204978942871
2025-12-16 00:00:00,24174.299,24198.199,24000.299,24102.999,6.63539981842041
2025-12-17 00:00:00,24102.288,24186.899,23877.655,23888.577,6.584414958953857
2025-12-18 00:00:00,23889.199,24225.799,23853.577,24144.566,5.694570064544678
2025-12-19 00:00:00,24143.966,24338.177,24096.566,24270.255,4.957244873046875
2025-12-20 00:00:00,24270.255,24270.255,24270.255,24270.255,0.0
2025-12-21 00:00:00,24311.999,24325.177,24307.455,24322.177,0.020445000380277634
2025-12-22 00:00:00,24323.388,24358.399,24199.299,24293.599,3.9670050144195557
2025-12-23 00:00:00,24294.088,24363.288,24252.277,24318.388,3.2649450302124023
2025-12-24 00:00:00,24319.266,24386.399,24312.299,24364.699,0.10342200100421906
2025-12-25 00:00:00,24371.877,24387.599,24368.277,24375.788,0.017924999818205833
2025-12-26 00:00:00,24375.499,24400.566,24343.355,24368.399,0.1683329939842224
2025-12-27 00:00:00,24368.399,24368.399,24368.399,24368.399,0.0
2025-12-28 00:00:00,24377.188,24379.577,24366.466,24373.055,0.011295000091195107
2025-12-29 00:00:00,24372.477,24429.199,24248.755,24347.866,4.2679948806762695
2025-12-30 00:00:00,24348.477,24642.799,24319.766,24562.988,3.1754250526428223
2025-12-31 00:00:00,24562.577,24606.688,24488.488,24489.066,0.21404699981212616
