timestamp,open,high,low,close,volume
2015-06-01 00:00:00,0.709,0.71499,0.7082,0.71019,88763.9921875
2015-06-02 00:00:00,0.7102,0.72004,0.70932,0.71609,122448.21875
2015-06-03 00:00:00,0.71608,0.71924,0.71168,0.71507,109782.0
2015-06-04 00:00:00,0.71506,0.71677,0.7103,0.71259,101511.5703125
2015-06-05 00:00:00,0.71259,0.71517,0.70243,0.70428,83724.8515625
2015-06-06 00:00:00,0.70428,0.70428,0.70428,0.70428,0.0
2015-06-07 00:00:00,0.70411,0.70511,0.70401,0.70422,4166.759765625
2015-06-08 00:00:00,0.7042,0.71567,0.70399,0.71311,81228.296875
2015-06-09 00:00:00,0.7131,0.71791,0.70866,0.7146,91925.03125
2015-06-10 00:00:00,0.71459,0.7232,0.70164,0.70435,122927.0390625
2015-06-11 00:00:00,0.70434,0.70539,0.69661,0.70131,100068.5625
2015-06-12 00:00:00,0.7013,0.70234,0.6943,0.69789,78274.109375
2015-06-13 00:00:00,0.69789,0.69789,0.69789,0.69789,0.0
2015-06-14 00:00:00,0.69853,0.69966,0.69825,0.69879,3139.919921875
2015-06-15 00:00:00,0.69878,0.70088,0.69591,0.69961,75139.5625
2015-06-16 00:00:00,0.69961,0.70089,0.69717,0.69814,62776.69140625
2015-06-17 00:00:00,0.69811,0.70113,0.68796,0.68862,88974.71875
2015-06-18 00:00:00,0.68862,0.69818,0.68797,0.69179,91178.7265625
2015-06-19 00:00:00,0.69179,0.6938,0.68895,0.69063,67294.78125
2015-06-20 00:00:00,0.69063,0.69063,0.69063,0.69063,0.0
2015-06-21 00:00:00,0.69029,0.69073,0.68961,0.68962,4035.0
2015-06-22 00:00:00,0.68962,0.69297,0.68597,0.6868,73608.6328125
2015-06-23 00:00:00,0.68677,0.68739,0.68145,0.68633,81502.2578125
2015-06-24 00:00:00,0.68627,0.69068,0.68497,0.68884,82343.390625
2015-06-25 00:00:00,0.68875,0.69236,0.68631,0.68839,70102.8203125
2015-06-26 00:00:00,0.68839,0.68962,0.68175,0.68364,59919.62890625
2015-06-27 00:00:00,0.68364,0.68364,0.68364,0.68364,0.0
2015-06-28 00:00:00,0.6834,0.68362,0.67862,0.68204,8068.25
2015-06-29 00:00:00,0.68206,0.68816,0.68079,0.68346,85688.0234375
2015-06-30 00:00:00,0.68345,0.6849,0.67468,0.67823,93222.0703125
2015-07-01 00:00:00,0.67824,0.68105,0.67079,0.67116,84696.9375
2015-07-02 00:00:00,0.67116,0.67339,0.66623,0.67207,87607.828125
2015-07-03 00:00:00,0.67207,0.67313,0.66765,0.66778,62394.171875
2015-07-04 00:00:00,0.66778,0.66778,0.66778,0.66778,0.0
2015-07-05 00:00:00,0.6667,0.66978,0.6646,0.66847,4756.330078125
2015-07-06 00:00:00,0.66837,0.67146,0.66651,0.66707,73819.9765625
2015-07-07 00:00:00,0.66707,0.66831,0.66203,0.66617,98236.5625
2015-07-08 00:00:00,0.66616,0.67497,0.66214,0.67128,97810.5078125
2015-07-09 00:00:00,0.67128,0.67703,0.6698,0.67439,84229.671875
2015-07-10 00:00:00,0.67439,0.67684,0.66834,0.67149,62766.328125
2015-07-11 00:00:00,0.67149,0.67149,0.67149,0.67149,0.0
2015-07-12 00:00:00,0.66957,0.67165,0.66953,0.67097,4090.7099609375
2015-07-13 00:00:00,0.67096,0.6753,0.66741,0.668,87259.1875
2015-07-14 00:00:00,0.66803,0.67427,0.66671,0.67009,72116.703125
2015-07-15 00:00:00,0.67009,0.6723,0.65621,0.65696,89958.75
2015-07-16 00:00:00,0.65699,0.65703,0.64976,0.65207,88537.53125
2015-07-17 00:00:00,0.65207,0.6556,0.65174,0.65194,56818.12109375
2015-07-18 00:00:00,0.65194,0.65194,0.65194,0.65194,0.0
2015-07-19 00:00:00,0.6513,0.65257,0.65108,0.65144,4059.610107421875
2015-07-20 00:00:00,0.65143,0.66004,0.65045,0.65779,88312.703125
2015-07-21 00:00:00,0.65776,0.66537,0.65734,0.6625,106456.2890625
2015-07-22 00:00:00,0.66246,0.66523,0.65596,0.66174,87600.65625
2015-07-23 00:00:00,0.66172,0.66943,0.65963,0.66169,86083.8984375
2015-07-24 00:00:00,0.66169,0.66201,0.65551,0.65716,63323.87890625
2015-07-25 00:00:00,0.65716,0.65716,0.65716,0.65716,0.0
2015-07-26 00:00:00,0.65676,0.65799,0.65663,0.6578,4938.22021484375
2015-07-27 00:00:00,0.65774,0.66387,0.65723,0.66264,81932.546875
2015-07-28 00:00:00,0.66263,0.67374,0.66213,0.67131,89865.5
2015-07-29 00:00:00,0.67128,0.67216,0.66379,0.66549,83044.796875
2015-07-30 00:00:00,0.66547,0.66553,0.65656,0.66056,82193.7578125
2015-07-31 00:00:00,0.66056,0.66732,0.65347,0.65899,83651.6015625
2015-08-01 00:00:00,0.65899,0.65899,0.65899,0.65899,0.0
2015-08-02 00:00:00,0.6603,0.66055,0.6577,0.65796,3927.889892578125
2015-08-03 00:00:00,0.65797,0.66127,0.65496,0.65641,76618.109375
2015-08-04 00:00:00,0.65646,0.66158,0.6524,0.65354,99824.59375
2015-08-05 00:00:00,0.65352,0.65651,0.64901,0.65248,98369.0390625
2015-08-06 00:00:00,0.6525,0.65573,0.65204,0.65428,73365.0078125
2015-08-07 00:00:00,0.65427,0.66366,0.65288,0.66164,82600.3671875
2015-08-08 00:00:00,0.66164,0.66164,0.66164,0.66164,0.0
2015-08-09 00:00:00,0.66115,0.66155,0.66027,0.66045,5585.77978515625
2015-08-10 00:00:00,0.66045,0.66262,0.65561,0.66117,73003.46875
2015-08-11 00:00:00,0.66118,0.66325,0.65194,0.65502,83229.1171875
2015-08-12 00:00:00,0.655,0.66495,0.64671,0.66086,99687.2109375
2015-08-13 00:00:00,0.66086,0.66407,0.65404,0.65552,102493.921875
2015-08-14 00:00:00,0.6555,0.65709,0.6514,0.65318,82108.9765625
2015-08-15 00:00:00,0.65318,0.65318,0.65318,0.65318,0.0
2015-08-16 00:00:00,0.65344,0.65488,0.65332,0.65393,4012.929931640625
2015-08-17 00:00:00,0.65393,0.65835,0.65277,0.65775,72521.6484375
2015-08-18 00:00:00,0.65775,0.66054,0.6556,0.65886,80272.046875
2015-08-19 00:00:00,0.65888,0.66235,0.65501,0.65978,81903.921875
2015-08-20 00:00:00,0.65978,0.66461,0.65784,0.66216,81439.3828125
2015-08-21 00:00:00,0.66214,0.67078,0.66058,0.66787,81133.8828125
2015-08-22 00:00:00,0.66787,0.66787,0.66787,0.66787,0.0
2015-08-23 00:00:00,0.66583,0.66859,0.66063,0.66258,8419.400390625
2015-08-24 00:00:00,0.66256,0.66281,0.60685,0.64619,118894.0703125
2015-08-25 00:00:00,0.6462,0.65613,0.64504,0.64676,93740.21875
2015-08-26 00:00:00,0.64675,0.65126,0.64084,0.6443,91453.2109375
2015-08-27 00:00:00,0.6443,0.64894,0.64304,0.64779,89728.9375
2015-08-28 00:00:00,0.64779,0.65051,0.64357,0.64562,62303.96875
2015-08-29 00:00:00,0.64562,0.64562,0.64562,0.64562,0.0
2015-08-30 00:00:00,0.64581,0.64662,0.64305,0.64586,6459.0
2015-08-31 00:00:00,0.64585,0.64668,0.63198,0.63498,74439.78125
2015-09-01 00:00:00,0.63498,0.63884,0.63113,0.63196,86926.8203125
2015-09-02 00:00:00,0.63186,0.63728,0.63184,0.63698,70959.6328125
2015-09-03 00:00:00,0.63698,0.64142,0.63304,0.63929,71623.7109375
2015-09-04 00:00:00,0.63926,0.64023,0.62693,0.62799,63203.21875
2015-09-05 00:00:00,0.62799,0.62799,0.62799,0.62799,0.0
2015-09-06 00:00:00,0.62993,0.63009,0.62812,0.62898,5624.580078125
2015-09-07 00:00:00,0.62897,0.62942,0.62434,0.62678,70047.9609375
2015-09-08 00:00:00,0.62678,0.63796,0.62588,0.6374,68638.03125
2015-09-09 00:00:00,0.6374,0.64247,0.62562,0.62622,83522.03125
2015-09-10 00:00:00,0.62623,0.63375,0.62561,0.63113,86063.2265625
2015-09-11 00:00:00,0.63115,0.63265,0.62826,0.63107,47827.0
2015-09-12 00:00:00,0.63107,0.63107,0.63107,0.63107,0.0
2015-09-13 00:00:00,0.63084,0.63242,0.63039,0.63208,3842.52001953125
2015-09-14 00:00:00,0.63208,0.63442,0.62978,0.63401,56430.91015625
2015-09-15 00:00:00,0.63402,0.63685,0.62928,0.6345,61273.83984375
2015-09-16 00:00:00,0.63449,0.63783,0.63329,0.63513,67296.9296875
2015-09-17 00:00:00,0.63513,0.64455,0.63111,0.63702,85414.3984375
2015-09-18 00:00:00,0.63702,0.64565,0.63448,0.63932,77829.71875
2015-09-19 00:00:00,0.63932,0.63932,0.63932,0.63932,0.0
2015-09-20 00:00:00,0.63903,0.63996,0.63786,0.63808,4340.60986328125
2015-09-21 00:00:00,0.63808,0.63923,0.62991,0.6327,67040.0234375
2015-09-22 00:00:00,0.63269,0.6332,0.62714,0.62858,59107.41015625
2015-09-23 00:00:00,0.62858,0.63052,0.6236,0.62811,65715.6328125
2015-09-24 00:00:00,0.6281,0.63736,0.62678,0.63287,78440.359375
2015-09-25 00:00:00,0.63288,0.63901,0.63095,0.63809,55566.921875
2015-09-26 00:00:00,0.63809,0.63809,0.63809,0.63809,0.0
2015-09-27 00:00:00,0.63573,0.63772,0.63573,0.63728,4416.740234375
2015-09-28 00:00:00,0.63728,0.64022,0.63025,0.63031,74840.7734375
2015-09-29 00:00:00,0.6303,0.6393,0.62885,0.6355,79545.890625
2015-09-30 00:00:00,0.63544,0.64066,0.63544,0.63877,75550.5703125
2015-10-01 00:00:00,0.63877,0.64495,0.6387,0.63988,76157.40625
2015-10-02 00:00:00,0.63983,0.64551,0.63831,0.64414,67869.7890625
2015-10-03 00:00:00,0.64414,0.64414,0.64414,0.64414,0.0
2015-10-04 00:00:00,0.6457,0.64581,0.64369,0.64496,4269.06982421875
2015-10-05 00:00:00,0.64493,0.65308,0.64434,0.64935,75216.15625
2015-10-06 00:00:00,0.64932,0.65555,0.64782,0.65427,71416.3828125
2015-10-07 00:00:00,0.65427,0.66474,0.65356,0.66031,93250.53125
2015-10-08 00:00:00,0.66034,0.66992,0.65851,0.66685,90022.0234375
2015-10-09 00:00:00,0.66685,0.67211,0.66591,0.66866,79037.1796875
2015-10-10 00:00:00,0.66866,0.66866,0.66866,0.66866,0.0
2015-10-11 00:00:00,0.66777,0.66854,0.66762,0.66783,4864.759765625
2015-10-12 00:00:00,0.66783,0.674,0.66719,0.67031,75615.1875
2015-10-13 00:00:00,0.67029,0.67105,0.66181,0.66445,93539.640625
2015-10-14 00:00:00,0.66444,0.68144,0.66421,0.68082,95511.3828125
2015-10-15 00:00:00,0.68076,0.68973,0.6804,0.68369,107552.4296875
2015-10-16 00:00:00,0.68369,0.6841,0.67843,0.68,77043.7734375
2015-10-17 00:00:00,0.68,0.68,0.68,0.68,0.0
2015-10-18 00:00:00,0.67972,0.68123,0.67934,0.67942,4458.31005859375
2015-10-19 00:00:00,0.67941,0.68198,0.67819,0.68066,63004.9609375
2015-10-20 00:00:00,0.6807,0.68457,0.67348,0.67542,67480.1171875
2015-10-21 00:00:00,0.67543,0.67588,0.6698,0.67208,79077.9609375
2015-10-22 00:00:00,0.67205,0.68205,0.67134,0.67923,89452.5625
2015-10-23 00:00:00,0.67921,0.68648,0.67344,0.6748,76918.8203125
2015-10-24 00:00:00,0.6748,0.6748,0.6748,0.6748,0.0
2015-10-25 00:00:00,0.67412,0.6758,0.6738,0.67475,6431.52001953125
2015-10-26 00:00:00,0.67474,0.68054,0.67456,0.67825,67131.7578125
2015-10-27 00:00:00,0.67825,0.68129,0.67564,0.67725,72632.28125
2015-10-28 00:00:00,0.67724,0.67742,0.6621,0.66765,91691.03125
2015-10-29 00:00:00,0.66767,0.67126,0.66478,0.67018,97608.0078125
2015-10-30 00:00:00,0.67027,0.67917,0.67003,0.67736,96429.3984375
2015-10-31 00:00:00,0.67736,0.67736,0.67736,0.67736,0.0
2015-11-01 00:00:00,0.67324,0.67705,0.67324,0.67686,10270.7099609375
2015-11-02 00:00:00,0.67684,0.67852,0.67243,0.67541,77285.4296875
2015-11-03 00:00:00,0.67538,0.67786,0.6651,0.66608,90979.71875
2015-11-04 00:00:00,0.66608,0.66662,0.65729,0.6588,91792.6484375
2015-11-05 00:00:00,0.65879,0.66424,0.65802,0.66067,84060.9375
2015-11-06 00:00:00,0.66067,0.6625,0.64986,0.65204,90834.2890625
2015-11-07 00:00:00,0.65204,0.65204,0.65204,0.65204,0.0
2015-11-08 00:00:00,0.65147,0.65357,0.65147,0.65336,5665.97021484375
2015-11-09 00:00:00,0.65334,0.65666,0.65212,0.65363,61964.12890625
2015-11-10 00:00:00,0.65362,0.65579,0.65,0.65481,64948.9296875
2015-11-11 00:00:00,0.6548,0.65881,0.65413,0.65525,64364.12109375
2015-11-12 00:00:00,0.65524,0.65785,0.64998,0.6547,80554.8125
2015-11-13 00:00:00,0.6547,0.65537,0.65093,0.65346,55632.640625
2015-11-14 00:00:00,0.65346,0.65346,0.65346,0.65346,0.0
2015-11-15 00:00:00,0.65469,0.6547,0.65211,0.65332,4867.080078125
2015-11-16 00:00:00,0.65331,0.65432,0.64685,0.64826,57235.140625
2015-11-17 00:00:00,0.64823,0.6492,0.64518,0.64762,73199.2890625
2015-11-18 00:00:00,0.64762,0.65089,0.64278,0.64913,79302.7578125
2015-11-19 00:00:00,0.64912,0.65927,0.64909,0.65591,89893.84375
2015-11-20 00:00:00,0.65592,0.66054,0.65512,0.65603,77052.4765625
2015-11-21 00:00:00,0.65603,0.65603,0.65603,0.65603,0.0
2015-11-22 00:00:00,0.65601,0.6561,0.65392,0.65401,2653.60009765625
2015-11-23 00:00:00,0.65396,0.6542,0.64927,0.6509,69853.8125
2015-11-24 00:00:00,0.65087,0.65651,0.65026,0.65561,69256.4296875
2015-11-25 00:00:00,0.6556,0.65824,0.65466,0.65744,70980.7734375
2015-11-26 00:00:00,0.65745,0.65964,0.65563,0.65739,60489.390625
2015-11-27 00:00:00,0.65736,0.65782,0.65204,0.65296,61929.5
2015-11-28 00:00:00,0.65296,0.65296,0.65296,0.65296,0.0
2015-11-29 00:00:00,0.65338,0.65357,0.652,0.65229,2956.489990234375
2015-11-30 00:00:00,0.65235,0.66032,0.6514,0.65953,64042.44921875
2015-12-01 00:00:00,0.65953,0.66875,0.65912,0.66699,90550.03125
2015-12-02 00:00:00,0.66701,0.66795,0.66129,0.66413,96097.7890625
2015-12-03 00:00:00,0.66414,0.67057,0.66075,0.66768,110149.578125
2015-12-04 00:00:00,0.66767,0.67875,0.66345,0.67431,99865.2265625
2015-12-05 00:00:00,0.67431,0.67431,0.67431,0.67431,0.0
2015-12-06 00:00:00,0.67381,0.67422,0.67208,0.67286,9154.01953125
2015-12-07 00:00:00,0.67286,0.67286,0.66267,0.66323,83628.9375
2015-12-08 00:00:00,0.66328,0.66583,0.66111,0.66376,94113.1796875
2015-12-09 00:00:00,0.66375,0.67587,0.65684,0.67232,99033.53125
2015-12-10 00:00:00,0.67233,0.67816,0.67193,0.67615,81279.7421875
2015-12-11 00:00:00,0.67616,0.67812,0.67027,0.67116,67116.96875
2015-12-12 00:00:00,0.67116,0.67116,0.67116,0.67116,0.0
2015-12-13 00:00:00,0.67153,0.67192,0.66962,0.67146,4221.31005859375
2015-12-14 00:00:00,0.67146,0.67895,0.6691,0.67791,71996.8984375
2015-12-15 00:00:00,0.67787,0.68258,0.67403,0.67653,87279.390625
2015-12-16 00:00:00,0.67654,0.68346,0.67144,0.67632,93426.421875
2015-12-17 00:00:00,0.67633,0.67759,0.66839,0.66998,84689.90625
2015-12-18 00:00:00,0.66998,0.67523,0.6681,0.67257,81103.640625
2015-12-19 00:00:00,0.67257,0.67257,0.67257,0.67257,0.0
2015-12-20 00:00:00,0.6726,0.6736,0.67212,0.67317,3040.330078125
2015-12-21 00:00:00,0.67314,0.678,0.67205,0.67752,48208.19140625
2015-12-22 00:00:00,0.67751,0.68358,0.67726,0.68052,61160.94140625
2015-12-23 00:00:00,0.6805,0.68287,0.67614,0.67889,50849.69140625
2015-12-24 00:00:00,0.67883,0.68419,0.67883,0.68191,28924.140625
2015-12-25 00:00:00,0.68192,0.68379,0.68192,0.68284,1359.06005859375
2015-12-26 00:00:00,0.68284,0.68284,0.68284,0.68284,0.0
2015-12-27 00:00:00,0.68307,0.68432,0.6829,0.68387,5833.7001953125
2015-12-28 00:00:00,0.68386,0.6854,0.68239,0.68537,33616.421875
2015-12-29 00:00:00,0.68537,0.68828,0.68535,0.68619,42821.75
2015-12-30 00:00:00,0.68625,0.68718,0.68296,0.68409,52128.37890625
2015-12-31 00:00:00,0.6841,0.68668,0.68216,0.68257,40117.12890625
2016-01-01 00:00:00,0.68257,0.68257,0.68257,0.68257,0.0
2016-01-02 00:00:00,0.68257,0.68257,0.68257,0.68257,0.0
2016-01-03 00:00:00,0.68278,0.68348,0.68236,0.68273,3510.219970703125
2016-01-04 00:00:00,0.68273,0.68317,0.67189,0.67424,63377.5703125
2016-01-05 00:00:00,0.67419,0.67574,0.66766,0.66977,64026.8203125
2016-01-06 00:00:00,0.66977,0.66991,0.66259,0.66404,85531.6875
2016-01-07 00:00:00,0.66404,0.66665,0.65902,0.66227,93410.609375
2016-01-08 00:00:00,0.66227,0.66772,0.65395,0.65426,80934.1015625
2016-01-09 00:00:00,0.65426,0.65426,0.65426,0.65426,0.0
2016-01-10 00:00:00,0.65513,0.65541,0.65104,0.65151,3149.469970703125
2016-01-11 00:00:00,0.65151,0.65794,0.65084,0.65536,90280.6484375
2016-01-12 00:00:00,0.65535,0.65682,0.65146,0.65379,90069.9375
2016-01-13 00:00:00,0.65379,0.65899,0.6471,0.64835,90493.890625
2016-01-14 00:00:00,0.64835,0.65071,0.64182,0.64907,102873.7109375
2016-01-15 00:00:00,0.64906,0.64906,0.63808,0.64596,101859.640625
2016-01-16 00:00:00,0.64596,0.64596,0.64596,0.64596,0.0
2016-01-17 00:00:00,0.64074,0.64462,0.64074,0.64407,5279.33984375
2016-01-18 00:00:00,0.64407,0.64795,0.64284,0.64502,87725.4921875
2016-01-19 00:00:00,0.64498,0.65131,0.63883,0.63952,113905.3671875
2016-01-20 00:00:00,0.63952,0.64762,0.6347,0.64673,119263.46875
2016-01-21 00:00:00,0.64674,0.65584,0.64109,0.65417,119488.8984375
2016-01-22 00:00:00,0.65412,0.65505,0.6466,0.64835,81782.828125
2016-01-23 00:00:00,0.64835,0.64835,0.64835,0.64835,0.0
2016-01-24 00:00:00,0.64869,0.64932,0.64686,0.64687,6372.8798828125
2016-01-25 00:00:00,0.64686,0.65327,0.64381,0.64387,76129.359375
2016-01-26 00:00:00,0.64387,0.65114,0.64243,0.65091,83872.6015625
2016-01-27 00:00:00,0.65092,0.65308,0.64163,0.64247,114754.453125
2016-01-28 00:00:00,0.64244,0.65137,0.64178,0.6477,98881.7265625
2016-01-29 00:00:00,0.6477,0.65429,0.64582,0.64762,106248.4296875
2016-01-30 00:00:00,0.64762,0.64762,0.64762,0.64762,0.0
2016-01-31 00:00:00,0.64858,0.64877,0.64603,0.64702,4563.919921875
2016-02-01 00:00:00,0.647,0.65576,0.64486,0.65444,98178.0078125
2016-02-02 00:00:00,0.65443,0.65538,0.6462,0.65145,89277.203125
2016-02-03 00:00:00,0.65148,0.66974,0.65075,0.6646,108687.171875
2016-02-04 00:00:00,0.66458,0.67474,0.66458,0.6724,105071.6171875
2016-02-05 00:00:00,0.67236,0.67524,0.66154,0.66208,92184.78125
2016-02-06 00:00:00,0.66208,0.66208,0.66208,0.66208,0.0
2016-02-07 00:00:00,0.66158,0.66377,0.66139,0.66266,5527.259765625
2016-02-08 00:00:00,0.66263,0.66589,0.65922,0.66151,95074.9765625
2016-02-09 00:00:00,0.66155,0.66682,0.65628,0.66418,123902.078125
2016-02-10 00:00:00,0.66415,0.66942,0.66042,0.66815,123264.1484375
2016-02-11 00:00:00,0.66815,0.67379,0.65849,0.67095,145952.109375
2016-02-12 00:00:00,0.67095,0.67106,0.66132,0.66227,91316.0078125
2016-02-13 00:00:00,0.66227,0.66227,0.66227,0.66227,0.0
2016-02-14 00:00:00,0.66137,0.66376,0.66128,0.66369,6001.419921875
2016-02-15 00:00:00,0.66364,0.66758,0.66229,0.66485,117675.5078125
2016-02-16 00:00:00,0.66485,0.66754,0.65446,0.65794,115566.0390625
2016-02-17 00:00:00,0.65793,0.66491,0.65527,0.66281,110682.109375
2016-02-18 00:00:00,0.66277,0.66677,0.66052,0.66384,106190.9609375
2016-02-19 00:00:00,0.66383,0.66423,0.65646,0.66285,85402.9375
2016-02-20 00:00:00,0.66285,0.66285,0.66285,0.66285,0.0
2016-02-21 00:00:00,0.6647,0.66481,0.66228,0.66234,5302.25
2016-02-22 00:00:00,0.66234,0.67253,0.66214,0.67107,92608.453125
2016-02-23 00:00:00,0.67109,0.67142,0.66294,0.66359,83451.8828125
2016-02-24 00:00:00,0.66359,0.66738,0.65865,0.6663,104015.078125
2016-02-25 00:00:00,0.66627,0.67552,0.66418,0.67473,95248.1015625
2016-02-26 00:00:00,0.67468,0.67744,0.66174,0.66266,89833.640625
2016-02-27 00:00:00,0.66266,0.66266,0.66266,0.66266,0.0
2016-02-28 00:00:00,0.6589,0.66002,0.6582,0.65889,7500.330078125
2016-02-29 00:00:00,0.6589,0.66203,0.6565,0.66009,105217.859375
2016-03-01 00:00:00,0.66007,0.66402,0.65706,0.66366,106743.9921875
2016-03-02 00:00:00,0.66367,0.66782,0.65928,0.6661,115168.65625
2016-03-03 00:00:00,0.66609,0.67555,0.66546,0.67226,110241.9921875
2016-03-04 00:00:00,0.67225,0.68193,0.67207,0.68098,103502.28125
2016-03-05 00:00:00,0.68098,0.68098,0.68098,0.68098,0.0
2016-03-06 00:00:00,0.67822,0.68032,0.67822,0.67846,6913.25
2016-03-07 00:00:00,0.67843,0.6815,0.67495,0.67824,90068.9296875
2016-03-08 00:00:00,0.6782,0.67877,0.67313,0.67408,95536.3671875
2016-03-09 00:00:00,0.6741,0.68093,0.6631,0.66364,116549.7890625
2016-03-10 00:00:00,0.66361,0.67092,0.66183,0.66827,139940.328125
2016-03-11 00:00:00,0.66825,0.67732,0.66723,0.67431,99266.4609375
2016-03-12 00:00:00,0.67431,0.67431,0.67431,0.67431,0.0
2016-03-13 00:00:00,0.67186,0.67406,0.67161,0.67384,15011.2900390625
2016-03-14 00:00:00,0.67386,0.6755,0.66571,0.66821,105809.078125
2016-03-15 00:00:00,0.66821,0.66841,0.65866,0.66101,109602.0390625
2016-03-16 00:00:00,0.66102,0.67802,0.65749,0.67365,124250.921875
2016-03-17 00:00:00,0.67365,0.68586,0.67261,0.68351,152784.703125
2016-03-18 00:00:00,0.68351,0.68735,0.6783,0.67954,101400.9609375
2016-03-19 00:00:00,0.67954,0.67954,0.67954,0.67954,0.0
2016-03-20 00:00:00,0.67838,0.679,0.67688,0.67701,15214.169921875
2016-03-21 00:00:00,0.677,0.67913,0.6746,0.67599,102968.453125
2016-03-22 00:00:00,0.67598,0.67758,0.67207,0.67485,111552.9609375
2016-03-23 00:00:00,0.6749,0.67698,0.66823,0.67181,101597.59375
2016-03-24 00:00:00,0.67181,0.67185,0.66709,0.66935,91957.1015625
2016-03-25 00:00:00,0.66932,0.67143,0.66744,0.66791,52075.26953125
2016-03-26 00:00:00,0.66791,0.66791,0.66791,0.66791,0.0
2016-03-27 00:00:00,0.66749,0.66948,0.66731,0.66758,3104.030029296875
2016-03-28 00:00:00,0.66759,0.67392,0.66674,0.67376,54838.12890625
2016-03-29 00:00:00,0.67376,0.68703,0.67278,0.68617,107244.171875
2016-03-30 00:00:00,0.68616,0.6965,0.68406,0.69008,140751.0625
2016-03-31 00:00:00,0.69005,0.69658,0.68813,0.69168,125316.4375
2016-04-01 00:00:00,0.69169,0.6936,0.68348,0.69017,114590.046875
2016-04-02 00:00:00,0.69017,0.69017,0.69017,0.69017,0.0
2016-04-03 00:00:00,0.6886,0.68967,0.68858,0.68951,4369.52978515625
2016-04-04 00:00:00,0.68952,0.69034,0.67898,0.68072,100134.203125
2016-04-05 00:00:00,0.68072,0.68206,0.67587,0.67991,112117.703125
2016-04-06 00:00:00,0.67993,0.68438,0.67732,0.68285,105528.0
2016-04-07 00:00:00,0.68284,0.68619,0.67621,0.67787,109856.109375
2016-04-08 00:00:00,0.67787,0.68292,0.67733,0.6804,68904.5703125
2016-04-09 00:00:00,0.6804,0.6804,0.6804,0.6804,0.0
2016-04-10 00:00:00,0.6804,0.68182,0.68007,0.68148,2625.550048828125
2016-04-11 00:00:00,0.6815,0.68784,0.67906,0.68566,90280.7109375
2016-04-12 00:00:00,0.68562,0.69259,0.6853,0.69225,90392.7734375
2016-04-13 00:00:00,0.69222,0.6952,0.68976,0.69118,96057.4296875
2016-04-14 00:00:00,0.69116,0.69117,0.68235,0.68594,96013.421875
2016-04-15 00:00:00,0.68594,0.69268,0.68465,0.6917,77375.5234375
2016-04-16 00:00:00,0.6917,0.6917,0.6917,0.6917,0.0
2016-04-17 00:00:00,0.68764,0.69298,0.68438,0.68899,9029.5498046875
2016-04-18 00:00:00,0.68897,0.69916,0.68824,0.698,90637.34375
2016-04-19 00:00:00,0.69801,0.7054,0.69726,0.7031,85951.2265625
2016-04-20 00:00:00,0.70307,0.70374,0.69696,0.69747,93789.609375
2016-04-21 00:00:00,0.69745,0.69832,0.68999,0.69055,99007.3203125
2016-04-22 00:00:00,0.69054,0.69361,0.68345,0.68514,89134.296875
2016-04-23 00:00:00,0.68514,0.68514,0.68514,0.68514,0.0
2016-04-24 00:00:00,0.68407,0.68665,0.68406,0.68648,4119.8701171875
2016-04-25 00:00:00,0.68644,0.68775,0.68404,0.68677,70567.75
2016-04-26 00:00:00,0.68675,0.69101,0.68656,0.68906,84417.0625
2016-04-27 00:00:00,0.68907,0.69405,0.68065,0.6928,115638.53125
2016-04-28 00:00:00,0.6928,0.69896,0.68963,0.69614,99626.4921875
2016-04-29 00:00:00,0.69615,0.69984,0.69509,0.69776,88634.03125
2016-04-30 00:00:00,0.69776,0.69776,0.69776,0.69776,0.0
2016-05-01 00:00:00,0.69731,0.70024,0.69725,0.70015,3326.77001953125
2016-05-02 00:00:00,0.70015,0.70384,0.69853,0.70323,70013.3671875
2016-05-03 00:00:00,0.7032,0.70532,0.69032,0.69271,95153.84375
2016-05-04 00:00:00,0.6927,0.69402,0.68594,0.68856,98380.1015625
2016-05-05 00:00:00,0.68855,0.69172,0.68711,0.68869,79956.1875
2016-05-06 00:00:00,0.68868,0.68909,0.6807,0.68341,80229.28125
2016-05-07 00:00:00,0.68341,0.68341,0.68341,0.68341,0.0
2016-05-08 00:00:00,0.68222,0.68448,0.68208,0.684,2666.18994140625
2016-05-09 00:00:00,0.684,0.68476,0.67596,0.67689,74153.3515625
2016-05-10 00:00:00,0.67685,0.6825,0.67159,0.6798,84192.7421875
2016-05-11 00:00:00,0.67975,0.68453,0.67794,0.6814,80788.15625
2016-05-12 00:00:00,0.68139,0.68475,0.68044,0.68177,77705.90625
2016-05-13 00:00:00,0.68176,0.68193,0.67554,0.67655,82922.6875
2016-05-14 00:00:00,0.67655,0.67655,0.67655,0.67655,0.0
2016-05-15 00:00:00,0.6762,0.67715,0.67579,0.67635,3042.429931640625
2016-05-16 00:00:00,0.67633,0.68089,0.6746,0.67837,60241.0390625
2016-05-17 00:00:00,0.67832,0.68424,0.67787,0.68003,74590.8828125
2016-05-18 00:00:00,0.68003,0.68012,0.67245,0.6753,80728.546875
2016-05-19 00:00:00,0.67526,0.67689,0.67103,0.6759,95301.78125
2016-05-20 00:00:00,0.6759,0.67811,0.67478,0.67627,59757.171875
2016-05-21 00:00:00,0.67627,0.67627,0.67627,0.67627,0.0
2016-05-22 00:00:00,0.67636,0.67756,0.67628,0.67649,2558.949951171875
2016-05-23 00:00:00,0.67649,0.68063,0.67476,0.67494,80508.09375
2016-05-24 00:00:00,0.67493,0.67639,0.67053,0.67485,83882.1171875
2016-05-25 00:00:00,0.67486,0.67728,0.67041,0.67093,86714.15625
2016-05-26 00:00:00,0.67093,0.67661,0.6692,0.67494,79184.9609375
2016-05-27 00:00:00,0.67489,0.67576,0.66869,0.66927,66900.21875
2016-05-28 00:00:00,0.66927,0.66927,0.66927,0.66927,0.0
2016-05-29 00:00:00,0.669,0.67025,0.66897,0.66929,3666.52001953125
2016-05-30 00:00:00,0.66928,0.67088,0.66752,0.67073,43438.0390625
2016-05-31 00:00:00,0.67072,0.67992,0.67068,0.67825,81507.5078125
2016-06-01 00:00:00,0.67824,0.68295,0.67732,0.68184,94906.09375
2016-06-02 00:00:00,0.68185,0.68338,0.6779,0.68135,81037.4375
2016-06-03 00:00:00,0.68134,0.696,0.68083,0.69533,81011.78125
2016-06-04 00:00:00,0.69533,0.69533,0.69533,0.69533,0.0
2016-06-05 00:00:00,0.69423,0.6951,0.69285,0.69337,4737.22998046875
2016-06-06 00:00:00,0.69337,0.69486,0.69026,0.69126,82331.0234375
2016-06-07 00:00:00,0.69124,0.69818,0.68925,0.69481,71966.90625
2016-06-08 00:00:00,0.69481,0.71384,0.69451,0.71218,80423.328125
2016-06-09 00:00:00,0.71214,0.71472,0.70915,0.71162,91663.7890625
2016-06-10 00:00:00,0.71159,0.71159,0.70398,0.7051,67771.84375
2016-06-11 00:00:00,0.7051,0.7051,0.7051,0.7051,0.0
2016-06-12 00:00:00,0.70518,0.706,0.7041,0.70475,5370.10986328125
2016-06-13 00:00:00,0.70475,0.70815,0.70309,0.70376,69184.59375
2016-06-14 00:00:00,0.70376,0.70533,0.69768,0.69856,64145.05859375
2016-06-15 00:00:00,0.69856,0.70928,0.69631,0.70761,67767.9609375
2016-06-16 00:00:00,0.70755,0.7087,0.69683,0.70623,75746.859375
2016-06-17 00:00:00,0.70624,0.70718,0.70323,0.7048,57050.78125
2016-06-18 00:00:00,0.7048,0.7048,0.7048,0.7048,0.0
2016-06-19 00:00:00,0.70712,0.70886,0.70501,0.70827,7048.259765625
2016-06-20 00:00:00,0.70827,0.71303,0.70801,0.71115,58616.51953125
2016-06-21 00:00:00,0.71115,0.71689,0.71033,0.71244,53593.671875
2016-06-22 00:00:00,0.71244,0.71879,0.712,0.716,54854.23828125
2016-06-23 00:00:00,0.716,0.72971,0.71599,0.72095,81573.4375
2016-06-24 00:00:00,0.72094,0.72265,0.69707,0.71223,117300.46875
2016-06-25 00:00:00,0.71223,0.71223,0.71223,0.71223,0.0
2016-06-26 00:00:00,0.70704,0.71129,0.70702,0.70878,5721.990234375
2016-06-27 00:00:00,0.70875,0.71006,0.69801,0.70099,84309.6796875
2016-06-28 00:00:00,0.70098,0.70852,0.70054,0.70746,64525.6015625
2016-06-29 00:00:00,0.70742,0.71361,0.70571,0.7121,66187.2109375
2016-06-30 00:00:00,0.71208,0.71409,0.70571,0.71307,80632.34375
2016-07-01 00:00:00,0.71305,0.71975,0.71192,0.71654,53416.48828125
2016-07-02 00:00:00,0.71654,0.71654,0.71654,0.71654,0.0
2016-07-03 00:00:00,0.71601,0.71914,0.716,0.71696,5043.580078125
2016-07-04 00:00:00,0.71696,0.72404,0.71696,0.72125,44049.37109375
2016-07-05 00:00:00,0.72127,0.72205,0.71203,0.71281,67768.859375
2016-07-06 00:00:00,0.7128,0.71379,0.70796,0.71294,78242.21875
2016-07-07 00:00:00,0.71296,0.72358,0.71157,0.72317,73647.46875
2016-07-08 00:00:00,0.72319,0.73063,0.72134,0.7302,64046.01171875
2016-07-09 00:00:00,0.7302,0.7302,0.7302,0.7302,0.0
2016-07-10 00:00:00,0.72914,0.73043,0.7285,0.7295,4549.1201171875
2016-07-11 00:00:00,0.72944,0.72983,0.72101,0.72312,64834.7109375
2016-07-12 00:00:00,0.72312,0.73243,0.72179,0.72899,65752.7578125
2016-07-13 00:00:00,0.729,0.73174,0.72381,0.72589,70628.6875
2016-07-14 00:00:00,0.72588,0.72936,0.7155,0.71591,79782.1171875
2016-07-15 00:00:00,0.71591,0.71903,0.71073,0.71086,69673.953125
2016-07-16 00:00:00,0.71086,0.71086,0.71086,0.71086,0.0
2016-07-17 00:00:00,0.71406,0.71536,0.70682,0.70729,7671.02978515625
2016-07-18 00:00:00,0.70728,0.71247,0.70275,0.70428,61599.55078125
2016-07-19 00:00:00,0.70428,0.70589,0.70098,0.70436,61026.578125
2016-07-20 00:00:00,0.70434,0.70678,0.69524,0.69615,94998.3984375
2016-07-21 00:00:00,0.69614,0.70135,0.69514,0.70033,161403.0625
2016-07-22 00:00:00,0.70036,0.70162,0.69736,0.6997,107697.84375
2016-07-23 00:00:00,0.6997,0.6997,0.6997,0.6997,0.0
2016-07-24 00:00:00,0.69886,0.70157,0.69886,0.70046,9303.08984375
2016-07-25 00:00:00,0.70046,0.70118,0.69564,0.69951,106756.2421875
2016-07-26 00:00:00,0.69951,0.70858,0.69835,0.70656,142908.515625
2016-07-27 00:00:00,0.70656,0.70972,0.70038,0.70957,180954.5
2016-07-28 00:00:00,0.70957,0.71209,0.7062,0.70877,157670.109375
2016-07-29 00:00:00,0.70877,0.72289,0.70798,0.72077,186843.625
2016-07-30 00:00:00,0.72077,0.72077,0.72077,0.72077,0.0
2016-07-31 00:00:00,0.72018,0.72079,0.71879,0.71896,11987.8203125
2016-08-01 00:00:00,0.71896,0.72294,0.71621,0.71696,146162.96875
2016-08-02 00:00:00,0.71696,0.72562,0.71622,0.72071,222320.828125
2016-08-03 00:00:00,0.72071,0.7219,0.71405,0.7154,176813.03125
2016-08-04 00:00:00,0.71538,0.72007,0.71465,0.71798,197657.484375
2016-08-05 00:00:00,0.71798,0.7219,0.71216,0.7136,174858.046875
2016-08-06 00:00:00,0.7136,0.7136,0.7136,0.7136,0.0
2016-08-07 00:00:00,0.71323,0.71376,0.71128,0.71182,9845.73046875
2016-08-08 00:00:00,0.71182,0.71591,0.70869,0.71502,129564.9375
2016-08-09 00:00:00,0.71499,0.71798,0.71106,0.71632,142594.96875
2016-08-10 00:00:00,0.71632,0.73391,0.71632,0.7286,195852.609375
2016-08-11 00:00:00,0.72859,0.73083,0.71938,0.721,178016.953125
2016-08-12 00:00:00,0.72099,0.72545,0.71853,0.7193,165987.046875
2016-08-13 00:00:00,0.7193,0.7193,0.7193,0.7193,0.0
2016-08-14 00:00:00,0.71837,0.71977,0.71837,0.71906,5287.58984375
2016-08-15 00:00:00,0.71905,0.72264,0.71645,0.72142,123477.203125
2016-08-16 00:00:00,0.72142,0.73214,0.71987,0.72783,183002.0625
2016-08-17 00:00:00,0.72783,0.72988,0.72023,0.72627,183304.296875
2016-08-18 00:00:00,0.72627,0.73106,0.72509,0.728,200873.34375
2016-08-19 00:00:00,0.72798,0.72821,0.72416,0.72687,154276.109375
2016-08-20 00:00:00,0.72687,0.72687,0.72687,0.72687,0.0
2016-08-21 00:00:00,0.72457,0.72671,0.72452,0.7248,16760.51953125
2016-08-22 00:00:00,0.7248,0.73249,0.7209,0.72878,176544.484375
2016-08-23 00:00:00,0.72878,0.73441,0.72707,0.72742,181608.8125
2016-08-24 00:00:00,0.72742,0.73345,0.72689,0.73117,177002.6875
2016-08-25 00:00:00,0.73115,0.73359,0.72862,0.72995,150988.4375
2016-08-26 00:00:00,0.72995,0.738,0.72207,0.72315,198841.515625
2016-08-27 00:00:00,0.72315,0.72315,0.72315,0.72315,0.0
2016-08-28 00:00:00,0.7225,0.72352,0.72204,0.7222,10231.419921875
2016-08-29 00:00:00,0.7222,0.7264,0.72102,0.72557,204538.34375
2016-08-30 00:00:00,0.72556,0.72647,0.7204,0.72404,185071.640625
2016-08-31 00:00:00,0.72406,0.72654,0.72229,0.72425,197006.96875
2016-09-01 00:00:00,0.72425,0.72952,0.72269,0.72898,204860.234375
2016-09-02 00:00:00,0.72898,0.73596,0.72684,0.72915,211117.421875
2016-09-03 00:00:00,0.72915,0.72915,0.72915,0.72915,0.0
2016-09-04 00:00:00,0.72769,0.72975,0.72769,0.72913,8630.349609375
2016-09-05 00:00:00,0.72911,0.73429,0.72911,0.73066,145828.71875
2016-09-06 00:00:00,0.73066,0.74217,0.73015,0.74142,207688.90625
2016-09-07 00:00:00,0.74142,0.74853,0.73968,0.74471,204390.296875
2016-09-08 00:00:00,0.74471,0.74821,0.73836,0.74063,229755.890625
2016-09-09 00:00:00,0.74063,0.7413,0.73142,0.73155,220543.34375
2016-09-10 00:00:00,0.73155,0.73155,0.73155,0.73155,0.0
2016-09-11 00:00:00,0.73178,0.73351,0.73162,0.73324,11653.150390625
2016-09-12 00:00:00,0.73324,0.73605,0.72907,0.7357,237879.5
2016-09-13 00:00:00,0.73569,0.73638,0.72347,0.72453,259720.296875
2016-09-14 00:00:00,0.72452,0.73126,0.72398,0.72715,242963.375
2016-09-15 00:00:00,0.72715,0.73306,0.72406,0.73207,248853.40625
2016-09-16 00:00:00,0.73207,0.73224,0.72534,0.72608,194693.84375
2016-09-17 00:00:00,0.72608,0.72608,0.72608,0.72608,0.0
2016-09-18 00:00:00,0.7257,0.72764,0.72543,0.72723,9713.91015625
2016-09-19 00:00:00,0.72723,0.73252,0.72712,0.73029,171875.9375
2016-09-20 00:00:00,0.73029,0.73581,0.72958,0.73164,174972.15625
2016-09-21 00:00:00,0.73161,0.7368,0.72779,0.73434,226989.1875
2016-09-22 00:00:00,0.73434,0.73687,0.72922,0.73105,174406.84375
2016-09-23 00:00:00,0.73105,0.73127,0.72233,0.72405,199857.34375
2016-09-24 00:00:00,0.72405,0.72405,0.72405,0.72405,0.0
2016-09-25 00:00:00,0.72409,0.72478,0.72212,0.7232,15402.3896484375
2016-09-26 00:00:00,0.7232,0.7287,0.72223,0.7275,207023.515625
2016-09-27 00:00:00,0.72749,0.733,0.72594,0.72917,190825.984375
2016-09-28 00:00:00,0.72917,0.72924,0.72326,0.72827,198208.34375
2016-09-29 00:00:00,0.72827,0.7303,0.7236,0.7244,221466.796875
2016-09-30 00:00:00,0.72442,0.72971,0.72281,0.72844,197419.6875
2016-10-01 00:00:00,0.72844,0.72844,0.72844,0.72844,0.0
2016-10-02 00:00:00,0.72724,0.72869,0.72613,0.7262,15166.51953125
2016-10-03 00:00:00,0.7262,0.7298,0.72532,0.7293,164221.0625
2016-10-04 00:00:00,0.72932,0.73107,0.71759,0.71861,233980.0
2016-10-05 00:00:00,0.71862,0.71996,0.71481,0.71701,182229.3125
2016-10-06 00:00:00,0.71701,0.71746,0.71351,0.71593,198202.203125
2016-10-07 00:00:00,0.71593,0.72001,0.71093,0.71567,225722.984375
2016-10-08 00:00:00,0.71567,0.71567,0.71567,0.71567,0.0
2016-10-09 00:00:00,0.71795,0.71823,0.71472,0.71722,11174.259765625
2016-10-10 00:00:00,0.71722,0.71737,0.71217,0.71274,143599.828125
2016-10-11 00:00:00,0.71271,0.71271,0.7047,0.70799,208581.34375
2016-10-12 00:00:00,0.70799,0.70944,0.70363,0.70452,202608.0625
2016-10-13 00:00:00,0.70451,0.71017,0.70343,0.70841,210844.5
2016-10-14 00:00:00,0.7084,0.71326,0.70767,0.70835,179965.625
2016-10-15 00:00:00,0.70835,0.70835,0.70835,0.70835,0.0
2016-10-16 00:00:00,0.70907,0.70939,0.70768,0.70871,11335.51953125
2016-10-17 00:00:00,0.70871,0.71839,0.70843,0.71714,157271.6875
2016-10-18 00:00:00,0.71713,0.72177,0.71711,0.72066,142731.78125
2016-10-19 00:00:00,0.72065,0.72482,0.71913,0.72308,150628.90625
2016-10-20 00:00:00,0.72307,0.72654,0.71817,0.71873,173581.46875
2016-10-21 00:00:00,0.71873,0.71886,0.71434,0.71581,129908.296875
2016-10-22 00:00:00,0.71581,0.71581,0.71581,0.71581,0.0
2016-10-23 00:00:00,0.71564,0.71626,0.71471,0.7155,6157.35986328125
2016-10-24 00:00:00,0.71549,0.71761,0.7109,0.71314,85904.828125
2016-10-25 00:00:00,0.71314,0.71727,0.71238,0.71652,60301.55078125
2016-10-26 00:00:00,0.71649,0.71835,0.71444,0.71493,54758.94921875
2016-10-27 00:00:00,0.71493,0.71668,0.71079,0.71251,57007.44921875
2016-10-28 00:00:00,0.71252,0.71663,0.71131,0.71615,68442.78125
2016-10-29 00:00:00,0.71615,0.71615,0.71615,0.71615,0.0
2016-10-30 00:00:00,0.71504,0.71661,0.7145,0.71619,3353.179931640625
2016-10-31 00:00:00,0.7162,0.71621,0.71372,0.71541,52784.44140625
2016-11-01 00:00:00,0.71541,0.72205,0.71523,0.72048,73626.171875
2016-11-02 00:00:00,0.72045,0.73097,0.71998,0.72819,85551.6875
2016-11-03 00:00:00,0.72819,0.73398,0.7278,0.73278,78632.921875
2016-11-04 00:00:00,0.73281,0.73313,0.72988,0.73227,77708.140625
2016-11-05 00:00:00,0.73227,0.73227,0.73227,0.73227,0.0
2016-11-06 00:00:00,0.7346,0.7346,0.73131,0.73194,5232.81005859375
2016-11-07 00:00:00,0.73195,0.73477,0.72925,0.73365,69964.9921875
2016-11-08 00:00:00,0.73366,0.7403,0.73172,0.73686,71407.421875
2016-11-09 00:00:00,0.73684,0.73924,0.72643,0.72901,174841.703125
2016-11-10 00:00:00,0.72899,0.73067,0.71765,0.72095,128528.8671875
2016-11-11 00:00:00,0.72095,0.72283,0.71079,0.71079,121512.8984375
2016-11-12 00:00:00,0.71079,0.71079,0.71079,0.71079,0.0
2016-11-13 00:00:00,0.71373,0.71404,0.70996,0.71121,8787.5302734375
2016-11-14 00:00:00,0.71119,0.71378,0.70695,0.71265,105080.4921875
2016-11-15 00:00:00,0.71265,0.71442,0.70707,0.70911,100411.0390625
2016-11-16 00:00:00,0.7091,0.71137,0.70352,0.70933,92480.53125
2016-11-17 00:00:00,0.70936,0.71102,0.70132,0.70212,86022.53125
2016-11-18 00:00:00,0.70209,0.70602,0.70002,0.70049,91776.453125
2016-11-19 00:00:00,0.70049,0.70049,0.70049,0.70049,0.0
2016-11-20 00:00:00,0.69908,0.70148,0.69837,0.69964,5959.64013671875
2016-11-21 00:00:00,0.69964,0.70784,0.69946,0.7077,94755.6484375
2016-11-22 00:00:00,0.70773,0.70854,0.70313,0.70679,75833.421875
2016-11-23 00:00:00,0.70681,0.70792,0.69909,0.69967,79636.421875
2016-11-24 00:00:00,0.69967,0.70112,0.69716,0.70086,73552.7109375
2016-11-25 00:00:00,0.70086,0.7062,0.69837,0.70397,79216.59375
2016-11-26 00:00:00,0.70397,0.70397,0.70397,0.70397,0.0
2016-11-27 00:00:00,0.70395,0.70526,0.70325,0.70462,2886.68994140625
2016-11-28 00:00:00,0.70457,0.71012,0.70441,0.70839,85375.296875
2016-11-29 00:00:00,0.70839,0.71364,0.70656,0.71348,89040.90625
2016-11-30 00:00:00,0.71347,0.71695,0.70699,0.70769,109636.0625
2016-12-01 00:00:00,0.70767,0.71048,0.70431,0.70962,100231.8671875
2016-12-02 00:00:00,0.7096,0.71482,0.70852,0.71373,86809.90625
2016-12-03 00:00:00,0.71373,0.71373,0.71373,0.71373,0.0
2016-12-04 00:00:00,0.71244,0.71308,0.70732,0.70885,12905.2900390625
2016-12-05 00:00:00,0.70886,0.71567,0.70691,0.71405,95100.359375
2016-12-06 00:00:00,0.71407,0.71605,0.70948,0.7123,79017.8203125
2016-12-07 00:00:00,0.7123,0.71839,0.71008,0.71831,69049.8203125
2016-12-08 00:00:00,0.71831,0.72222,0.71458,0.71802,94157.296875
2016-12-09 00:00:00,0.71801,0.71885,0.71251,0.71298,72856.3671875
2016-12-10 00:00:00,0.71298,0.71298,0.71298,0.71298,0.0
2016-12-11 00:00:00,0.71265,0.7131,0.7115,0.71243,4572.02978515625
2016-12-12 00:00:00,0.71243,0.72071,0.71148,0.71978,100056.0390625
2016-12-13 00:00:00,0.71976,0.7232,0.71799,0.71993,111744.890625
2016-12-14 00:00:00,0.71992,0.72386,0.71003,0.71166,134427.625
2016-12-15 00:00:00,0.71165,0.71189,0.70098,0.70478,155211.1875
2016-12-16 00:00:00,0.70476,0.70477,0.6931,0.69598,125459.03125
2016-12-17 00:00:00,0.69598,0.69598,0.69598,0.69598,0.0
2016-12-18 00:00:00,0.69658,0.69687,0.69551,0.69598,7424.5498046875
2016-12-19 00:00:00,0.69598,0.69886,0.69233,0.69278,95271.3671875
2016-12-20 00:00:00,0.69278,0.69324,0.68822,0.69242,103221.0625
2016-12-21 00:00:00,0.69242,0.69475,0.68908,0.69017,94848.1015625
2016-12-22 00:00:00,0.69017,0.69251,0.68879,0.69045,92569.5625
2016-12-23 00:00:00,0.69044,0.69124,0.68617,0.68771,72595.6015625
2016-12-24 00:00:00,0.68771,0.68771,0.68771,0.68771,0.0
2016-12-25 00:00:00,0.68608,0.68817,0.68608,0.6879,2240.31005859375
2016-12-26 00:00:00,0.6879,0.69276,0.68721,0.68821,41329.7109375
2016-12-27 00:00:00,0.68822,0.69038,0.68787,0.68956,71047.34375
2016-12-28 00:00:00,0.68956,0.69315,0.68946,0.69241,92722.96875
2016-12-29 00:00:00,0.69241,0.69786,0.69156,0.69658,90608.5078125
2016-12-30 00:00:00,0.69658,0.69749,0.69203,0.69203,94608.9296875
2016-12-31 00:00:00,0.69203,0.69203,0.69203,0.69203,0.0
2017-01-01 00:00:00,0.69203,0.69203,0.69203,0.69203,0.0
2017-01-02 00:00:00,0.69213,0.69518,0.69107,0.69294,62556.55078125
2017-01-03 00:00:00,0.69293,0.69741,0.68848,0.69195,102612.6875
2017-01-04 00:00:00,0.69194,0.69746,0.68895,0.69665,120180.3125
2017-01-05 00:00:00,0.69666,0.70429,0.69533,0.70191,143240.3125
2017-01-06 00:00:00,0.70191,0.70429,0.69538,0.69568,130207.9765625
2017-01-07 00:00:00,0.69568,0.69568,0.69568,0.69568,0.0
2017-01-08 00:00:00,0.69627,0.69672,0.69558,0.69668,5861.56005859375
2017-01-09 00:00:00,0.69667,0.70321,0.69487,0.70129,115816.0390625
2017-01-10 00:00:00,0.70127,0.70473,0.69584,0.69824,124909.2421875
2017-01-11 00:00:00,0.69822,0.70874,0.69608,0.70641,161940.84375
2017-01-12 00:00:00,0.70641,0.71443,0.70459,0.71116,136241.15625
2017-01-13 00:00:00,0.71117,0.71405,0.70708,0.71258,135138.84375
2017-01-14 00:00:00,0.71258,0.71258,0.71258,0.71258,0.0
2017-01-15 00:00:00,0.71044,0.7148,0.71019,0.71271,9293.66015625
2017-01-16 00:00:00,0.71272,0.71283,0.70759,0.70984,95864.4921875
2017-01-17 00:00:00,0.70984,0.72194,0.70957,0.72011,143650.78125
2017-01-18 00:00:00,0.72012,0.72101,0.71209,0.71283,116274.3515625
2017-01-19 00:00:00,0.71284,0.72,0.71168,0.71927,147847.40625
2017-01-20 00:00:00,0.71928,0.72247,0.71289,0.71648,124823.5390625
2017-01-21 00:00:00,0.71648,0.71648,0.71648,0.71648,0.0
2017-01-22 00:00:00,0.71616,0.71887,0.71592,0.71875,4781.16015625
2017-01-23 00:00:00,0.71876,0.72639,0.71769,0.72347,106983.5078125
2017-01-24 00:00:00,0.72348,0.72768,0.72086,0.72519,107892.1015625
2017-01-25 00:00:00,0.72521,0.73119,0.72236,0.72992,118847.5078125
2017-01-26 00:00:00,0.72992,0.73069,0.7222,0.72435,112157.4609375
2017-01-27 00:00:00,0.72434,0.72841,0.72313,0.72587,109318.3828125
2017-01-28 00:00:00,0.72587,0.72587,0.72587,0.72587,0.0
2017-01-29 00:00:00,0.72657,0.72769,0.72656,0.72722,7052.509765625
2017-01-30 00:00:00,0.72722,0.72957,0.72361,0.72937,97666.6015625
2017-01-31 00:00:00,0.72937,0.73497,0.72699,0.72918,120048.609375
2017-02-01 00:00:00,0.72919,0.72948,0.72418,0.72564,113124.46875
2017-02-02 00:00:00,0.7256,0.73373,0.7255,0.7285,114975.1015625
2017-02-03 00:00:00,0.72851,0.73303,0.72475,0.73109,106874.78125
2017-02-04 00:00:00,0.73109,0.73109,0.73109,0.73109,0.0
2017-02-05 00:00:00,0.73039,0.73192,0.72983,0.73127,4014.68994140625
2017-02-06 00:00:00,0.73127,0.73268,0.72848,0.73163,91720.9921875
2017-02-07 00:00:00,0.73163,0.73757,0.72784,0.72961,98217.890625
2017-02-08 00:00:00,0.7296,0.73337,0.72318,0.72336,102557.84375
2017-02-09 00:00:00,0.72335,0.72379,0.71729,0.7189,92998.0625
2017-02-10 00:00:00,0.71891,0.72101,0.71736,0.71974,89627.1484375
2017-02-11 00:00:00,0.71974,0.71974,0.71974,0.71974,0.0
2017-02-12 00:00:00,0.72005,0.72082,0.71868,0.719,4214.81982421875
2017-02-13 00:00:00,0.719,0.7218,0.7156,0.7179,78453.8671875
2017-02-14 00:00:00,0.7179,0.71975,0.71341,0.71716,93010.890625
2017-02-15 00:00:00,0.71715,0.72301,0.71459,0.72212,92544.2421875
2017-02-16 00:00:00,0.72211,0.72425,0.72053,0.72139,98198.4375
2017-02-17 00:00:00,0.72137,0.72202,0.71794,0.71803,81305.3203125
2017-02-18 00:00:00,0.71803,0.71803,0.71803,0.71803,0.0
2017-02-19 00:00:00,0.71932,0.71951,0.71799,0.71799,2739.81005859375
2017-02-20 00:00:00,0.71797,0.71909,0.71697,0.71736,56515.2890625
2017-02-21 00:00:00,0.71738,0.71766,0.71297,0.71616,70668.171875
2017-02-22 00:00:00,0.71616,0.71986,0.71462,0.71802,79875.4375
2017-02-23 00:00:00,0.71797,0.72464,0.71732,0.72294,84297.6484375
2017-02-24 00:00:00,0.72295,0.72378,0.71924,0.71987,82974.1875
2017-02-25 00:00:00,0.71987,0.71987,0.71987,0.71987,0.0
2017-02-26 00:00:00,0.71977,0.72015,0.7187,0.71887,3668.72998046875
2017-02-27 00:00:00,0.71884,0.72272,0.71791,0.71817,82092.3984375
2017-02-28 00:00:00,0.71817,0.7237,0.71655,0.71713,87081.671875
2017-03-01 00:00:00,0.71713,0.71866,0.70999,0.71162,116219.1796875
2017-03-02 00:00:00,0.71162,0.7146,0.705,0.70593,93082.0234375
2017-03-03 00:00:00,0.70593,0.70658,0.7002,0.7043,103723.21875
2017-03-04 00:00:00,0.7043,0.7043,0.7043,0.7043,0.0
2017-03-05 00:00:00,0.70187,0.70374,0.70187,0.70369,4600.8798828125
2017-03-06 00:00:00,0.70371,0.70453,0.6988,0.69945,77826.828125
2017-03-07 00:00:00,0.69946,0.7018,0.69502,0.69617,89635.46875
2017-03-08 00:00:00,0.69616,0.69777,0.69045,0.69149,83306.9765625
2017-03-09 00:00:00,0.69149,0.69171,0.689,0.68954,87070.671875
2017-03-10 00:00:00,0.68953,0.69473,0.68912,0.69194,78964.2421875
2017-03-11 00:00:00,0.69194,0.69194,0.69194,0.69194,0.0
2017-03-12 00:00:00,0.6936,0.69383,0.69173,0.69219,4868.2099609375
2017-03-13 00:00:00,0.69219,0.69494,0.6912,0.69185,71252.2421875
2017-03-14 00:00:00,0.69184,0.69397,0.68936,0.69285,72392.90625
2017-03-15 00:00:00,0.69286,0.70485,0.69247,0.70252,96292.6875
2017-03-16 00:00:00,0.70252,0.70424,0.69684,0.69816,96396.1171875
2017-03-17 00:00:00,0.69816,0.704,0.69788,0.70163,75532.28125
2017-03-18 00:00:00,0.70163,0.70163,0.70163,0.70163,0.0
2017-03-19 00:00:00,0.70121,0.70274,0.70095,0.70263,3794.590087890625
2017-03-20 00:00:00,0.70263,0.70733,0.7024,0.70484,74046.1484375
2017-03-21 00:00:00,0.70484,0.70897,0.7032,0.70403,89414.7734375
2017-03-22 00:00:00,0.70402,0.70726,0.7016,0.70385,82423.328125
2017-03-23 00:00:00,0.70383,0.70549,0.70238,0.7028,86583.40625
2017-03-24 00:00:00,0.7028,0.70426,0.69945,0.70255,73650.1796875
2017-03-25 00:00:00,0.70255,0.70255,0.70255,0.70255,0.0
2017-03-26 00:00:00,0.70302,0.70444,0.70264,0.70438,7171.77001953125
2017-03-27 00:00:00,0.70439,0.70677,0.70374,0.70458,81528.921875
2017-03-28 00:00:00,0.70459,0.70477,0.69985,0.70065,65805.9921875
2017-03-29 00:00:00,0.70067,0.70438,0.69921,0.70332,51129.76171875
2017-03-30 00:00:00,0.70332,0.70366,0.69896,0.70028,50494.76953125
2017-03-31 00:00:00,0.70027,0.70167,0.69759,0.69992,68262.859375
2017-04-01 00:00:00,0.69992,0.69992,0.69992,0.69992,0.0
2017-04-02 00:00:00,0.69978,0.70126,0.69971,0.70026,4159.16015625
2017-04-03 00:00:00,0.70026,0.70219,0.69855,0.70163,64761.1796875
2017-04-04 00:00:00,0.70164,0.70178,0.69694,0.69751,69821.8515625
2017-04-05 00:00:00,0.6975,0.69863,0.69391,0.69745,83375.5625
2017-04-06 00:00:00,0.69744,0.69897,0.69602,0.69713,83253.8828125
2017-04-07 00:00:00,0.69711,0.6993,0.69299,0.69313,89339.421875
2017-04-08 00:00:00,0.69313,0.69313,0.69313,0.69313,0.0
2017-04-09 00:00:00,0.69325,0.69428,0.69301,0.694,4340.759765625
2017-04-10 00:00:00,0.69398,0.6969,0.69205,0.69625,65099.171875
2017-04-11 00:00:00,0.69622,0.69651,0.693,0.69558,63553.44921875
2017-04-12 00:00:00,0.69558,0.69974,0.69091,0.69904,83130.0703125
2017-04-13 00:00:00,0.69903,0.70149,0.69853,0.69925,78671.4765625
2017-04-14 00:00:00,0.69926,0.70129,0.69831,0.69962,53139.12890625
2017-04-15 00:00:00,0.69962,0.69962,0.69962,0.69962,0.0
2017-04-16 00:00:00,0.69901,0.70161,0.69879,0.70127,3953.9599609375
2017-04-17 00:00:00,0.70125,0.70358,0.69998,0.70119,61648.83984375
2017-04-18 00:00:00,0.70118,0.70491,0.69992,0.70443,79558.859375
2017-04-19 00:00:00,0.70442,0.70525,0.69961,0.70376,81542.8671875
2017-04-20 00:00:00,0.70374,0.70515,0.69831,0.69887,79018.0234375
2017-04-21 00:00:00,0.69885,0.70362,0.69878,0.70265,58700.7890625
2017-04-22 00:00:00,0.70265,0.70265,0.70265,0.70265,0.0
2017-04-23 00:00:00,0.70409,0.70524,0.70213,0.7041,7516.97998046875
2017-04-24 00:00:00,0.70409,0.70472,0.701,0.70118,56187.05078125
2017-04-25 00:00:00,0.70117,0.70145,0.69408,0.69495,72752.15625
2017-04-26 00:00:00,0.69494,0.69516,0.68718,0.6902,86552.71875
2017-04-27 00:00:00,0.69017,0.69203,0.68477,0.68816,70401.65625
2017-04-28 00:00:00,0.68815,0.68854,0.68514,0.68637,66037.7265625
2017-04-29 00:00:00,0.68637,0.68637,0.68637,0.68637,0.0
2017-04-30 00:00:00,0.68554,0.68783,0.68552,0.6873,5896.85009765625
2017-05-01 00:00:00,0.6873,0.69231,0.68516,0.69213,54600.609375
2017-05-02 00:00:00,0.69212,0.69684,0.69036,0.69622,63683.171875
2017-05-03 00:00:00,0.69622,0.69624,0.68668,0.68847,74194.75
2017-05-04 00:00:00,0.68847,0.68909,0.68392,0.68724,71638.7265625
2017-05-05 00:00:00,0.68726,0.69283,0.68609,0.6914,71918.7734375
2017-05-06 00:00:00,0.6914,0.6914,0.6914,0.6914,0.0
2017-05-07 00:00:00,0.69032,0.69087,0.68967,0.68997,4741.18994140625
2017-05-08 00:00:00,0.68995,0.69453,0.68879,0.6922,71145.921875
2017-05-09 00:00:00,0.69219,0.69248,0.68799,0.68944,75529.9921875
2017-05-10 00:00:00,0.68943,0.69508,0.68176,0.683,76371.7421875
2017-05-11 00:00:00,0.683,0.68631,0.68199,0.6842,75049.5078125
2017-05-12 00:00:00,0.68416,0.68703,0.68264,0.68596,70125.921875
2017-05-13 00:00:00,0.68596,0.68596,0.68596,0.68596,0.0
2017-05-14 00:00:00,0.68545,0.68699,0.68519,0.6865,8018.9501953125
2017-05-15 00:00:00,0.68649,0.69178,0.68638,0.68893,61247.08984375
2017-05-16 00:00:00,0.68893,0.69062,0.68625,0.68887,68643.546875
2017-05-17 00:00:00,0.68886,0.69495,0.68774,0.69388,80357.21875
2017-05-18 00:00:00,0.69393,0.69453,0.68863,0.68928,89032.3515625
2017-05-19 00:00:00,0.68928,0.69386,0.6881,0.69193,68375.2734375
2017-05-20 00:00:00,0.69193,0.69193,0.69193,0.69193,0.0
2017-05-21 00:00:00,0.69222,0.69373,0.69103,0.69322,3079.22998046875
2017-05-22 00:00:00,0.6932,0.70061,0.69201,0.70045,59707.421875
2017-05-23 00:00:00,0.70044,0.70463,0.69919,0.7007,65370.359375
2017-05-24 00:00:00,0.70067,0.70584,0.69882,0.70434,72949.109375
2017-05-25 00:00:00,0.70432,0.70545,0.70148,0.70166,64952.80078125
2017-05-26 00:00:00,0.70165,0.70767,0.70065,0.70604,63675.98828125
2017-05-27 00:00:00,0.70604,0.70604,0.70604,0.70604,0.0
2017-05-28 00:00:00,0.70439,0.70581,0.70438,0.70499,5355.97998046875
2017-05-29 00:00:00,0.70497,0.70882,0.70376,0.70499,43449.21875
2017-05-30 00:00:00,0.70499,0.71013,0.70349,0.70844,53081.171875
2017-05-31 00:00:00,0.70843,0.71219,0.70754,0.70819,62298.4296875
2017-06-01 00:00:00,0.70819,0.7089,0.70573,0.70607,57073.109375
2017-06-02 00:00:00,0.70607,0.71463,0.70604,0.71427,51698.37109375
2017-06-03 00:00:00,0.71427,0.71427,0.71427,0.71427,0.0
2017-06-04 00:00:00,0.71255,0.71415,0.71255,0.71356,4973.43994140625
2017-06-05 00:00:00,0.7135,0.71492,0.71137,0.7129,43214.62109375
2017-06-06 00:00:00,0.7129,0.72049,0.71258,0.71783,57096.3984375
2017-06-07 00:00:00,0.71784,0.72061,0.71692,0.71875,57102.859375
2017-06-08 00:00:00,0.71871,0.72226,0.71871,0.71964,66559.9765625
2017-06-09 00:00:00,0.71964,0.72202,0.71898,0.72099,47736.37890625
2017-06-10 00:00:00,0.72099,0.72099,0.72099,0.72099,0.0
2017-06-11 00:00:00,0.72019,0.72121,0.71996,0.72067,3464.179931640625
2017-06-12 00:00:00,0.72069,0.72129,0.71704,0.72045,58586.48828125
2017-06-13 00:00:00,0.72044,0.72272,0.71985,0.7205,44203.44921875
2017-06-14 00:00:00,0.72049,0.73189,0.72049,0.7245,81710.03125
2017-06-15 00:00:00,0.72451,0.72625,0.71853,0.72025,76217.953125
2017-06-16 00:00:00,0.72023,0.72587,0.72009,0.72466,51716.390625
2017-06-17 00:00:00,0.72466,0.72466,0.72466,0.72466,0.0
2017-06-18 00:00:00,0.72465,0.7264,0.72465,0.72628,3624.340087890625
2017-06-19 00:00:00,0.72628,0.72982,0.72198,0.72247,53612.62890625
2017-06-20 00:00:00,0.72244,0.72672,0.72195,0.72369,48415.1015625
2017-06-21 00:00:00,0.72365,0.72743,0.71963,0.72464,52857.48828125
2017-06-22 00:00:00,0.72464,0.72737,0.72439,0.72621,44632.80078125
2017-06-23 00:00:00,0.7262,0.72963,0.72492,0.72798,41920.19140625
2017-06-24 00:00:00,0.72798,0.72798,0.72798,0.72798,0.0
2017-06-25 00:00:00,0.72803,0.72842,0.7276,0.72836,3166.0
2017-06-26 00:00:00,0.72835,0.73103,0.72616,0.72825,54321.73046875
2017-06-27 00:00:00,0.72822,0.73436,0.72587,0.7265,63484.87890625
2017-06-28 00:00:00,0.72648,0.73139,0.72535,0.73024,72990.75
2017-06-29 00:00:00,0.73023,0.73318,0.72754,0.73094,67256.078125
2017-06-30 00:00:00,0.73093,0.7346,0.73067,0.73258,65949.109375
2017-07-01 00:00:00,0.73258,0.73258,0.73258,0.73258,0.0
2017-07-02 00:00:00,0.73281,0.73451,0.73225,0.73329,5103.509765625
2017-07-03 00:00:00,0.73329,0.73385,0.72725,0.72881,59712.30859375
2017-07-04 00:00:00,0.72881,0.7299,0.72619,0.72898,66383.328125
2017-07-05 00:00:00,0.72898,0.72965,0.72545,0.72807,62369.25
2017-07-06 00:00:00,0.72807,0.72872,0.7244,0.72837,65287.51953125
2017-07-07 00:00:00,0.72837,0.73099,0.72605,0.72787,66803.78125
2017-07-08 00:00:00,0.72787,0.72787,0.72787,0.72787,0.0
2017-07-09 00:00:00,0.72702,0.72791,0.72651,0.72775,5268.009765625
2017-07-10 00:00:00,0.72775,0.7283,0.72472,0.72525,54952.33984375
2017-07-11 00:00:00,0.72524,0.72574,0.72015,0.72204,64115.01953125
2017-07-12 00:00:00,0.72416,0.72416,0.72364,0.72372,511.0
2017-07-13 00:00:00,0.72554,0.73685,0.72541,0.73215,89370.2734375
2017-07-14 00:00:00,0.73214,0.73651,0.72991,0.73448,79569.6171875
2017-07-15 00:00:00,0.73448,0.73448,0.73448,0.73448,0.0
2017-07-16 00:00:00,0.73374,0.73605,0.73374,0.73559,8411.3603515625
2017-07-17 00:00:00,0.73559,0.73573,0.72628,0.72774,79720.796875
2017-07-18 00:00:00,0.72774,0.73726,0.72703,0.73529,91337.0625
2017-07-19 00:00:00,0.73529,0.73877,0.73404,0.73628,71220.9921875
2017-07-20 00:00:00,0.73628,0.74151,0.73336,0.73999,87470.78125
2017-07-21 00:00:00,0.74,0.74585,0.73939,0.74522,71629.5625
2017-07-22 00:00:00,0.74522,0.74522,0.74522,0.74522,0.0
2017-07-23 00:00:00,0.74317,0.74559,0.74317,0.74527,5277.06982421875
2017-07-24 00:00:00,0.74526,0.74542,0.74217,0.7438,74953.6875
2017-07-25 00:00:00,0.74381,0.74508,0.74011,0.7419,84029.296875
2017-07-26 00:00:00,0.74187,0.75286,0.74091,0.75257,105231.34375
2017-07-27 00:00:00,0.75256,0.75581,0.74796,0.7502,100627.2734375
2017-07-28 00:00:00,0.75021,0.75244,0.74606,0.75099,79984.8515625
2017-07-29 00:00:00,0.75099,0.75099,0.75099,0.75099,0.0
2017-07-30 00:00:00,0.74948,0.75196,0.74947,0.75165,5035.169921875
2017-07-31 00:00:00,0.75164,0.75222,0.74675,0.75075,73649.4921875
2017-08-01 00:00:00,0.75075,0.75246,0.7419,0.74254,83960.3203125
2017-08-02 00:00:00,0.74254,0.74583,0.7401,0.74095,76459.4296875
2017-08-03 00:00:00,0.74095,0.74507,0.73907,0.74441,67247.7578125
2017-08-04 00:00:00,0.74441,0.74548,0.73923,0.74108,70767.84375
2017-08-05 00:00:00,0.74108,0.74108,0.74108,0.74108,0.0
2017-08-06 00:00:00,0.74021,0.74165,0.73971,0.7405,9320.169921875
2017-08-07 00:00:00,0.74048,0.74161,0.73478,0.73574,63025.33984375
2017-08-08 00:00:00,0.73573,0.73698,0.7318,0.7324,63850.25
2017-08-09 00:00:00,0.73241,0.73691,0.73081,0.73539,76872.5234375
2017-08-10 00:00:00,0.73541,0.73549,0.72516,0.72729,89786.1171875
2017-08-11 00:00:00,0.72728,0.73276,0.72523,0.73144,82709.0625
2017-08-12 00:00:00,0.73144,0.73144,0.73144,0.73144,0.0
2017-08-13 00:00:00,0.73031,0.73304,0.73031,0.73144,9283.5498046875
2017-08-14 00:00:00,0.73138,0.73221,0.72809,0.72959,90451.9609375
2017-08-15 00:00:00,0.7296,0.73117,0.7229,0.72333,95326.5078125
2017-08-16 00:00:00,0.72328,0.73182,0.72232,0.73148,101685.7734375
2017-08-17 00:00:00,0.73148,0.7335,0.72755,0.72808,98895.5078125
2017-08-18 00:00:00,0.72811,0.7335,0.72793,0.73105,84623.6796875
2017-08-19 00:00:00,0.73105,0.73105,0.73105,0.73105,0.0
2017-08-20 00:00:00,0.7311,0.73137,0.73046,0.73091,3557.8701171875
2017-08-21 00:00:00,0.73091,0.73371,0.73061,0.73263,73723.5
2017-08-22 00:00:00,0.73263,0.73349,0.72727,0.72794,77633.3203125
2017-08-23 00:00:00,0.72793,0.72811,0.71973,0.72339,103789.9375
2017-08-24 00:00:00,0.72338,0.72356,0.71914,0.72047,108351.2578125
2017-08-25 00:00:00,0.7205,0.72583,0.71972,0.72377,97398.3984375
2017-08-26 00:00:00,0.72377,0.72377,0.72377,0.72377,0.0
2017-08-27 00:00:00,0.72361,0.72557,0.72325,0.72518,9703.9599609375
2017-08-28 00:00:00,0.72518,0.72631,0.72206,0.72433,91286.359375
2017-08-29 00:00:00,0.72434,0.72984,0.72176,0.72588,116473.40625
2017-08-30 00:00:00,0.72588,0.72775,0.71889,0.72034,115171.3515625
2017-08-31 00:00:00,0.72036,0.72046,0.71309,0.71773,117230.046875
2017-09-01 00:00:00,0.71774,0.72065,0.7147,0.71532,102399.6015625
2017-09-02 00:00:00,0.71532,0.71532,0.71532,0.71532,0.0
2017-09-03 00:00:00,0.71439,0.71715,0.71439,0.71652,7207.2900390625
2017-09-04 00:00:00,0.71652,0.71822,0.71561,0.7159,85934.671875
2017-09-05 00:00:00,0.7159,0.72631,0.71577,0.72581,113071.9921875
2017-09-06 00:00:00,0.72579,0.72598,0.71864,0.7202,107329.5703125
2017-09-07 00:00:00,0.7202,0.72502,0.71721,0.72475,119726.1875
2017-09-08 00:00:00,0.72475,0.73373,0.72447,0.72612,131234.234375
2017-09-09 00:00:00,0.72612,0.72612,0.72612,0.72612,0.0
2017-09-10 00:00:00,0.72591,0.72613,0.7236,0.72361,6150.68017578125
2017-09-11 00:00:00,0.72361,0.72942,0.72248,0.72529,97027.46875
2017-09-12 00:00:00,0.7253,0.73206,0.72165,0.72765,102727.0703125
2017-09-13 00:00:00,0.72766,0.73033,0.72199,0.72499,95009.8984375
2017-09-14 00:00:00,0.72495,0.72626,0.71832,0.7229,142600.953125
2017-09-15 00:00:00,0.7229,0.73102,0.72118,0.72892,97234.6484375
2017-09-16 00:00:00,0.72892,0.72892,0.72892,0.72892,0.0
2017-09-17 00:00:00,0.72743,0.73001,0.72731,0.72883,5554.6201171875
2017-09-18 00:00:00,0.72885,0.73437,0.72478,0.72626,95916.03125
2017-09-19 00:00:00,0.72625,0.73266,0.72624,0.7312,96399.28125
2017-09-20 00:00:00,0.73118,0.74337,0.73031,0.73331,138421.421875
2017-09-21 00:00:00,0.73331,0.73411,0.7297,0.7297,129027.140625
2017-09-22 00:00:00,0.7297,0.73437,0.728,0.73372,90903.9296875
2017-09-23 00:00:00,0.73372,0.73372,0.73372,0.73372,0.0
2017-09-24 00:00:00,0.72951,0.7328,0.72869,0.72893,10841.259765625
2017-09-25 00:00:00,0.72891,0.7295,0.72465,0.72732,101351.5390625
2017-09-26 00:00:00,0.72732,0.72735,0.71676,0.72017,115886.53125
2017-09-27 00:00:00,0.72016,0.72392,0.71768,0.72184,126432.1875
2017-09-28 00:00:00,0.72184,0.72392,0.71665,0.72214,126581.8203125
2017-09-29 00:00:00,0.72214,0.7244,0.72004,0.72021,81985.4296875
2017-09-30 00:00:00,0.72021,0.72021,0.72021,0.72021,0.0
2017-10-01 00:00:00,0.72084,0.72258,0.71922,0.72174,7767.06982421875
2017-10-02 00:00:00,0.72175,0.72179,0.71675,0.71904,98189.203125
2017-10-03 00:00:00,0.71905,0.71906,0.71466,0.71617,101569.59375
2017-10-04 00:00:00,0.71617,0.72051,0.71512,0.71566,97992.1171875
2017-10-05 00:00:00,0.71565,0.71653,0.71078,0.71131,104969.8671875
2017-10-06 00:00:00,0.71131,0.71158,0.70588,0.70882,95090.453125
2017-10-07 00:00:00,0.70882,0.70882,0.70882,0.70882,0.0
2017-10-08 00:00:00,0.70613,0.70725,0.70578,0.70695,7145.02978515625
2017-10-09 00:00:00,0.70694,0.70856,0.70557,0.70642,72022.921875
2017-10-10 00:00:00,0.70642,0.70878,0.70567,0.70725,102538.8828125
2017-10-11 00:00:00,0.70726,0.71015,0.70622,0.70972,105899.6328125
2017-10-12 00:00:00,0.70972,0.71454,0.70884,0.71293,104782.921875
2017-10-13 00:00:00,0.71292,0.71964,0.71211,0.71728,100200.25
2017-10-14 00:00:00,0.71728,0.71728,0.71728,0.71728,0.0
2017-10-15 00:00:00,0.71701,0.7178,0.71655,0.71759,3679.659912109375
2017-10-16 00:00:00,0.71759,0.72051,0.71619,0.71836,93131.28125
2017-10-17 00:00:00,0.71835,0.71868,0.71467,0.71753,99381.5703125
2017-10-18 00:00:00,0.71751,0.71774,0.71189,0.71548,99743.3515625
2017-10-19 00:00:00,0.71548,0.71709,0.70091,0.703,126956.34375
2017-10-20 00:00:00,0.70302,0.7031,0.69518,0.69518,100250.546875
2017-10-21 00:00:00,0.69518,0.69518,0.69518,0.69518,0.0
2017-10-22 00:00:00,0.6946,0.69504,0.69379,0.69392,7778.10009765625
2017-10-23 00:00:00,0.69398,0.69897,0.69311,0.69824,84381.921875
2017-10-24 00:00:00,0.69826,0.7004,0.68859,0.69037,101986.8125
2017-10-25 00:00:00,0.69037,0.6912,0.68608,0.68879,112856.65625
2017-10-26 00:00:00,0.68879,0.69036,0.68307,0.68399,99368.8515625
2017-10-27 00:00:00,0.68394,0.68754,0.68181,0.68735,98698.578125
2017-10-28 00:00:00,0.68735,0.68735,0.68735,0.68735,0.0
2017-10-29 00:00:00,0.68773,0.68873,0.68576,0.68607,6016.66015625
2017-10-30 00:00:00,0.68608,0.68823,0.68332,0.68799,85961.328125
2017-10-31 00:00:00,0.68798,0.69135,0.68277,0.69039,95459.3828125
2017-11-01 00:00:00,0.69035,0.69303,0.68814,0.68902,105604.9609375
2017-11-02 00:00:00,0.689,0.69423,0.68898,0.69121,92271.90625
2017-11-03 00:00:00,0.69121,0.69501,0.68977,0.69069,78890.6484375
2017-11-04 00:00:00,0.69069,0.69069,0.69069,0.69069,0.0
2017-11-05 00:00:00,0.69008,0.69141,0.69008,0.69074,4686.35986328125
2017-11-06 00:00:00,0.69074,0.69575,0.68746,0.69399,84259.390625
2017-11-07 00:00:00,0.694,0.69536,0.68909,0.69105,88369.2578125
2017-11-08 00:00:00,0.69102,0.69729,0.68972,0.69561,84876.0703125
2017-11-09 00:00:00,0.69561,0.69798,0.69292,0.69428,107607.8671875
2017-11-10 00:00:00,0.69429,0.69575,0.69209,0.69254,71138.2890625
2017-11-11 00:00:00,0.69254,0.69254,0.69254,0.69254,0.0
2017-11-12 00:00:00,0.69213,0.69273,0.69164,0.69241,4807.7998046875
2017-11-13 00:00:00,0.69242,0.69373,0.68932,0.68969,63964.8515625
2017-11-14 00:00:00,0.68969,0.69005,0.68445,0.6878,78771.421875
2017-11-15 00:00:00,0.6878,0.69188,0.68617,0.68746,87961.0703125
2017-11-16 00:00:00,0.68748,0.68759,0.68355,0.68555,73866.4921875
2017-11-17 00:00:00,0.68552,0.68832,0.67802,0.68124,87672.2109375
2017-11-18 00:00:00,0.68124,0.68124,0.68124,0.68124,0.0
2017-11-19 00:00:00,0.6803,0.68125,0.67935,0.67997,5703.52978515625
2017-11-20 00:00:00,0.67998,0.68398,0.67967,0.68103,69383.6328125
2017-11-21 00:00:00,0.68102,0.68463,0.6789,0.68463,77129.8203125
2017-11-22 00:00:00,0.68463,0.6894,0.682,0.68724,76580.9921875
2017-11-23 00:00:00,0.68723,0.69052,0.6866,0.68887,57526.71875
2017-11-24 00:00:00,0.68886,0.68939,0.6851,0.68687,60891.9296875
2017-11-25 00:00:00,0.68687,0.68687,0.68687,0.68687,0.0
2017-11-26 00:00:00,0.68781,0.68795,0.68707,0.68715,2894.64990234375
2017-11-27 00:00:00,0.68715,0.6926,0.68533,0.69198,70658.15625
2017-11-28 00:00:00,0.69199,0.69448,0.68928,0.68996,97012.4921875
2017-11-29 00:00:00,0.68996,0.69291,0.6875,0.68828,89597.4609375
2017-11-30 00:00:00,0.68819,0.68819,0.68166,0.68301,104206.640625
2017-12-01 00:00:00,0.683,0.69118,0.68203,0.68799,108019.640625
2017-12-02 00:00:00,0.68799,0.68799,0.68799,0.68799,0.0
2017-12-03 00:00:00,0.686,0.6868,0.68526,0.68529,4442.330078125
2017-12-04 00:00:00,0.68528,0.68707,0.68395,0.68662,82720.5390625
2017-12-05 00:00:00,0.68658,0.69072,0.6851,0.68734,92280.2265625
2017-12-06 00:00:00,0.68734,0.69167,0.68701,0.6886,92760.8828125
2017-12-07 00:00:00,0.68862,0.68885,0.68232,0.68259,89986.34375
2017-12-08 00:00:00,0.68259,0.68696,0.68223,0.68352,78550.5703125
2017-12-09 00:00:00,0.68352,0.68352,0.68352,0.68352,0.0
2017-12-10 00:00:00,0.68361,0.68446,0.68344,0.6841,3175.919921875
2017-12-11 00:00:00,0.68409,0.69301,0.68399,0.69077,108603.2265625
2017-12-12 00:00:00,0.69076,0.6953,0.69007,0.69368,83951.65625
2017-12-13 00:00:00,0.69368,0.70278,0.69338,0.70176,88106.328125
2017-12-14 00:00:00,0.70176,0.70227,0.6978,0.6988,100911.8828125
2017-12-15 00:00:00,0.69879,0.70336,0.69847,0.69863,91572.25
2017-12-16 00:00:00,0.69863,0.69863,0.69863,0.69863,0.0
2017-12-17 00:00:00,0.69968,0.70015,0.69931,0.69969,4129.81005859375
2017-12-18 00:00:00,0.69969,0.70278,0.69907,0.69933,81292.1796875
2017-12-19 00:00:00,0.69933,0.70186,0.6966,0.69694,96777.3203125
2017-12-20 00:00:00,0.69692,0.70173,0.69536,0.70145,81810.2890625
2017-12-21 00:00:00,0.70145,0.70206,0.69864,0.70123,83124.0078125
2017-12-22 00:00:00,0.70125,0.70272,0.70024,0.70187,69278.796875
2017-12-23 00:00:00,0.70187,0.70187,0.70187,0.70187,0.0
2017-12-24 00:00:00,0.70005,0.70019,0.70004,0.70007,310.17999267578125
2017-12-25 00:00:00,0.70009,0.70292,0.70006,0.70254,3913.81005859375
2017-12-26 00:00:00,0.70254,0.70425,0.70096,0.70307,43992.23828125
2017-12-27 00:00:00,0.70307,0.70761,0.70289,0.70681,67473.6015625
2017-12-28 00:00:00,0.70681,0.70983,0.70678,0.70937,58870.12890625
2017-12-29 00:00:00,0.70933,0.71235,0.70795,0.70877,59262.78125
2017-12-30 00:00:00,0.70877,0.70877,0.70877,0.70877,0.0
2017-12-31 00:00:00,0.70877,0.70877,0.70877,0.70877,0.0
2018-01-01 00:00:00,0.71024,0.71054,0.70556,0.70867,3822.60009765625
2018-01-02 00:00:00,0.70867,0.71306,0.70867,0.7098,81146.8203125
2018-01-03 00:00:00,0.70979,0.71104,0.7073,0.70865,79246.9921875
2018-01-04 00:00:00,0.70865,0.7163,0.70728,0.71549,82999.28125
2018-01-05 00:00:00,0.7155,0.71864,0.71443,0.71657,88549.3984375
2018-01-06 00:00:00,0.71657,0.71657,0.71657,0.71657,0.0
2018-01-07 00:00:00,0.71629,0.71721,0.7159,0.71706,3998.760009765625
2018-01-08 00:00:00,0.71706,0.7184,0.71551,0.71739,79169.7890625
2018-01-09 00:00:00,0.71738,0.71967,0.71396,0.71442,88204.9765625
2018-01-10 00:00:00,0.71442,0.72297,0.71417,0.72049,105829.5234375
2018-01-11 00:00:00,0.72049,0.72712,0.7182,0.72611,109908.53125
2018-01-12 00:00:00,0.72611,0.72759,0.72192,0.725,103360.4921875
2018-01-13 00:00:00,0.725,0.725,0.725,0.725,0.0
2018-01-14 00:00:00,0.72352,0.72561,0.72352,0.72472,3186.360107421875
2018-01-15 00:00:00,0.72472,0.73143,0.72469,0.72949,98705.0078125
2018-01-16 00:00:00,0.72949,0.73072,0.72589,0.72656,94639.140625
2018-01-17 00:00:00,0.72658,0.7331,0.72346,0.72715,126967.21875
2018-01-18 00:00:00,0.72717,0.73207,0.72455,0.72938,113089.4375
2018-01-19 00:00:00,0.72938,0.73232,0.72704,0.72704,105516.671875
2018-01-20 00:00:00,0.72704,0.72704,0.72704,0.72704,0.0
2018-01-21 00:00:00,0.7282,0.72885,0.72745,0.72865,3727.4599609375
2018-01-22 00:00:00,0.72865,0.73291,0.72673,0.73183,89729.46875
2018-01-23 00:00:00,0.73183,0.73645,0.73059,0.73612,116027.8984375
2018-01-24 00:00:00,0.73612,0.74358,0.73252,0.73375,126856.6484375
2018-01-25 00:00:00,0.73374,0.7392,0.72891,0.73091,162364.25
2018-01-26 00:00:00,0.73097,0.73743,0.73059,0.7354,144624.296875
2018-01-27 00:00:00,0.7354,0.7354,0.7354,0.7354,0.0
2018-01-28 00:00:00,0.73415,0.73638,0.7341,0.73629,3374.10009765625
2018-01-29 00:00:00,0.73628,0.73632,0.73011,0.73238,131411.65625
2018-01-30 00:00:00,0.73241,0.73549,0.72791,0.7339,134161.8125
2018-01-31 00:00:00,0.7339,0.74197,0.73346,0.7373,134399.09375
2018-02-01 00:00:00,0.7373,0.74054,0.73338,0.73986,130969.65625
2018-02-02 00:00:00,0.73984,0.73997,0.72946,0.72967,163525.046875
2018-02-03 00:00:00,0.72967,0.72967,0.72967,0.72967,0.0
2018-02-04 00:00:00,0.72861,0.72921,0.72775,0.72806,6261.27978515625
2018-02-05 00:00:00,0.72807,0.73303,0.72599,0.72664,154795.9375
2018-02-06 00:00:00,0.72666,0.73509,0.72565,0.73296,193173.6875
2018-02-07 00:00:00,0.73292,0.73371,0.72091,0.72286,134665.171875
2018-02-08 00:00:00,0.72286,0.72424,0.71766,0.72258,156407.546875
2018-02-09 00:00:00,0.72256,0.72587,0.71981,0.72511,149118.328125
2018-02-10 00:00:00,0.72511,0.72511,0.72511,0.72511,0.0
2018-02-11 00:00:00,0.7242,0.72514,0.72382,0.7246,3489.929931640625
2018-02-12 00:00:00,0.72459,0.7277,0.72317,0.7262,101957.71875
2018-02-13 00:00:00,0.7262,0.73144,0.72469,0.72817,114928.0625
2018-02-14 00:00:00,0.72816,0.7379,0.72397,0.73743,149169.765625
2018-02-15 00:00:00,0.73742,0.74115,0.73668,0.73965,141162.9375
2018-02-16 00:00:00,0.73965,0.74369,0.73732,0.73863,117237.3125
2018-02-17 00:00:00,0.73863,0.73863,0.73863,0.73863,0.0
2018-02-18 00:00:00,0.73713,0.73934,0.73713,0.73883,2572.780029296875
2018-02-19 00:00:00,0.73881,0.74091,0.7353,0.73629,94693.8828125
2018-02-20 00:00:00,0.73629,0.73728,0.73358,0.73398,124030.0390625
2018-02-21 00:00:00,0.73397,0.73856,0.73073,0.73148,133662.515625
2018-02-22 00:00:00,0.73148,0.7365,0.73074,0.73207,123488.1328125
2018-02-23 00:00:00,0.73206,0.73269,0.72705,0.72942,97700.1796875
2018-02-24 00:00:00,0.72942,0.72942,0.72942,0.72942,0.0
2018-02-25 00:00:00,0.72882,0.72941,0.72763,0.72808,3591.9599609375
2018-02-26 00:00:00,0.72808,0.73448,0.72804,0.729,103615.7890625
2018-02-27 00:00:00,0.729,0.73023,0.723,0.72349,125793.1328125
2018-02-28 00:00:00,0.72349,0.72422,0.72019,0.72061,119976.03125
2018-03-01 00:00:00,0.72061,0.72676,0.71856,0.72609,148601.734375
2018-03-02 00:00:00,0.72607,0.72794,0.72186,0.7239,143325.625
2018-03-03 00:00:00,0.7239,0.7239,0.7239,0.7239,0.0
2018-03-04 00:00:00,0.72332,0.72442,0.72256,0.72308,5239.83984375
2018-03-05 00:00:00,0.72308,0.72419,0.72025,0.72235,116194.859375
2018-03-06 00:00:00,0.72234,0.73105,0.7221,0.72812,135358.125
2018-03-07 00:00:00,0.72812,0.72997,0.72539,0.72871,145939.5625
2018-03-08 00:00:00,0.72871,0.72971,0.72451,0.72592,138031.9375
2018-03-09 00:00:00,0.72594,0.72975,0.72492,0.72855,120493.78125
2018-03-10 00:00:00,0.72855,0.72855,0.72855,0.72855,0.0
2018-03-11 00:00:00,0.72911,0.731,0.72838,0.7307,4970.419921875
2018-03-12 00:00:00,0.7307,0.73229,0.72856,0.7299,114149.6875
2018-03-13 00:00:00,0.7299,0.73546,0.72972,0.73305,130152.0
2018-03-14 00:00:00,0.73305,0.73536,0.73032,0.73114,129446.890625
2018-03-15 00:00:00,0.73114,0.7334,0.72669,0.72693,124059.0234375
2018-03-16 00:00:00,0.72692,0.72706,0.72077,0.72157,112678.8125
2018-03-17 00:00:00,0.72157,0.72157,0.72157,0.72157,0.0
2018-03-18 00:00:00,0.72163,0.72275,0.72138,0.72275,5418.9501953125
2018-03-19 00:00:00,0.72275,0.72601,0.71956,0.72418,121088.453125
2018-03-20 00:00:00,0.72418,0.72487,0.71677,0.71785,96722.078125
2018-03-21 00:00:00,0.71783,0.72453,0.7153,0.72285,104993.0625
2018-03-22 00:00:00,0.72286,0.72623,0.72015,0.72149,112486.5078125
2018-03-23 00:00:00,0.7215,0.72734,0.72137,0.72338,106690.5390625
2018-03-24 00:00:00,0.72338,0.72338,0.72338,0.72338,0.0
2018-03-25 00:00:00,0.72295,0.72467,0.72294,0.72404,3462.429931640625
2018-03-26 00:00:00,0.72404,0.73032,0.72399,0.73015,73339.2109375
2018-03-27 00:00:00,0.73015,0.73015,0.72578,0.72679,76354.75
2018-03-28 00:00:00,0.72678,0.72743,0.72031,0.72115,79125.8515625
2018-03-29 00:00:00,0.72113,0.7236,0.71878,0.72275,80735.1484375
2018-03-30 00:00:00,0.72275,0.72472,0.72199,0.72285,72086.8828125
2018-03-31 00:00:00,0.72285,0.72285,0.72285,0.72285,0.0
2018-04-01 00:00:00,0.72263,0.72384,0.72263,0.72336,2678.530029296875
2018-04-02 00:00:00,0.72334,0.724,0.72003,0.72022,58717.5390625
2018-04-03 00:00:00,0.7202,0.72705,0.71948,0.72619,75396.8828125
2018-04-04 00:00:00,0.7262,0.73208,0.72548,0.73178,82977.3515625
2018-04-05 00:00:00,0.7318,0.73222,0.72549,0.72613,78577.890625
2018-04-06 00:00:00,0.72613,0.72821,0.72427,0.72667,107953.5390625
2018-04-07 00:00:00,0.72667,0.72667,0.72667,0.72667,0.0
2018-04-08 00:00:00,0.72649,0.72784,0.72643,0.72728,2988.8701171875
2018-04-09 00:00:00,0.7273,0.73239,0.7272,0.73058,89678.90625
2018-04-10 00:00:00,0.73056,0.73758,0.73052,0.73693,89141.890625
2018-04-11 00:00:00,0.73693,0.73783,0.73443,0.73674,79498.8515625
2018-04-12 00:00:00,0.73674,0.73891,0.73555,0.73786,79085.4375
2018-04-13 00:00:00,0.73786,0.7395,0.73451,0.73509,59447.73828125
2018-04-14 00:00:00,0.73509,0.73509,0.73509,0.73509,0.0
2018-04-15 00:00:00,0.73519,0.73551,0.73467,0.73472,2788.639892578125
2018-04-16 00:00:00,0.73471,0.73707,0.73333,0.73651,61801.01953125
2018-04-17 00:00:00,0.7365,0.73721,0.73263,0.73389,58670.37890625
2018-04-18 00:00:00,0.73389,0.73432,0.73033,0.73232,69078.8984375
2018-04-19 00:00:00,0.73234,0.73309,0.72548,0.72548,76237.5390625
2018-04-20 00:00:00,0.72547,0.72549,0.72006,0.72075,73267.390625
2018-04-21 00:00:00,0.72075,0.72075,0.72075,0.72075,0.0
2018-04-22 00:00:00,0.7214,0.72176,0.72015,0.72015,3069.389892578125
2018-04-23 00:00:00,0.72016,0.72097,0.7145,0.71487,64117.921875
2018-04-24 00:00:00,0.71487,0.71501,0.71052,0.71162,81376.0625
2018-04-25 00:00:00,0.71162,0.71162,0.70579,0.70739,74375.9609375
2018-04-26 00:00:00,0.70739,0.70948,0.70557,0.70624,79082.09375
2018-04-27 00:00:00,0.70623,0.70952,0.7039,0.70836,74102.1171875
2018-04-28 00:00:00,0.70836,0.70836,0.70836,0.70836,0.0
2018-04-29 00:00:00,0.7079,0.70855,0.70745,0.70812,2073.35009765625
2018-04-30 00:00:00,0.70812,0.7089,0.70319,0.70369,66938.7421875
2018-05-01 00:00:00,0.7037,0.70409,0.69901,0.69999,75093.9375
2018-05-02 00:00:00,0.69999,0.70313,0.69847,0.69934,84073.328125
2018-05-03 00:00:00,0.69933,0.70468,0.69912,0.70392,82905.078125
2018-05-04 00:00:00,0.70392,0.70525,0.69939,0.70133,62772.640625
2018-05-05 00:00:00,0.70133,0.70133,0.70133,0.70133,0.0
2018-05-06 00:00:00,0.70181,0.70234,0.70136,0.70185,1512.75
2018-05-07 00:00:00,0.70182,0.70413,0.69946,0.70227,64034.71875
2018-05-08 00:00:00,0.70227,0.70306,0.69532,0.69672,80152.828125
2018-05-09 00:00:00,0.69675,0.69966,0.69283,0.69304,75468.890625
2018-05-10 00:00:00,0.69304,0.69772,0.69023,0.69625,90304.109375
2018-05-11 00:00:00,0.69625,0.69867,0.69539,0.69616,67318.890625
2018-05-12 00:00:00,0.69616,0.69616,0.69616,0.69616,0.0
2018-05-13 00:00:00,0.69562,0.69711,0.6954,0.69676,2089.81005859375
2018-05-14 00:00:00,0.69676,0.69742,0.6911,0.69167,59135.26171875
2018-05-15 00:00:00,0.69168,0.69243,0.68539,0.68629,79638.0625
2018-05-16 00:00:00,0.68629,0.69169,0.68507,0.69026,81862.921875
2018-05-17 00:00:00,0.69026,0.69374,0.68717,0.68829,85761.1015625
2018-05-18 00:00:00,0.68826,0.69217,0.68799,0.69112,73470.3515625
2018-05-19 00:00:00,0.69112,0.69112,0.69112,0.69112,0.0
2018-05-20 00:00:00,0.69154,0.69322,0.69055,0.69128,3837.860107421875
2018-05-21 00:00:00,0.69129,0.69578,0.68837,0.69519,69803.5234375
2018-05-22 00:00:00,0.6952,0.69743,0.69184,0.69407,75833.0625
2018-05-23 00:00:00,0.69408,0.6944,0.6884,0.69257,98372.171875
2018-05-24 00:00:00,0.69256,0.69369,0.6906,0.69299,91911.7265625
2018-05-25 00:00:00,0.69299,0.69382,0.69054,0.69099,85703.59375
2018-05-26 00:00:00,0.69099,0.69099,0.69099,0.69099,0.0
2018-05-27 00:00:00,0.69215,0.6928,0.69152,0.69192,2513.85009765625
2018-05-28 00:00:00,0.69192,0.6959,0.69177,0.69376,64911.62890625
2018-05-29 00:00:00,0.69378,0.6949,0.68822,0.6888,93396.5234375
2018-05-30 00:00:00,0.68878,0.69978,0.68856,0.69818,100293.2578125
2018-05-31 00:00:00,0.69819,0.70233,0.69684,0.70059,97760.328125
2018-06-01 00:00:00,0.70059,0.702,0.69604,0.69786,83091.4609375
2018-06-02 00:00:00,0.69786,0.69786,0.69786,0.69786,0.0
2018-06-03 00:00:00,0.6975,0.69864,0.69743,0.69782,1368.469970703125
2018-06-04 00:00:00,0.6978,0.70481,0.69775,0.70301,67516.15625
2018-06-05 00:00:00,0.70301,0.70444,0.69982,0.7028,78397.296875
2018-06-06 00:00:00,0.7028,0.70598,0.70257,0.70378,73658.1328125
2018-06-07 00:00:00,0.70378,0.70563,0.70163,0.70183,72216.5703125
2018-06-08 00:00:00,0.70184,0.70421,0.70081,0.70265,67959.890625
2018-06-09 00:00:00,0.70265,0.70265,0.70265,0.70265,0.0
2018-06-10 00:00:00,0.70172,0.70338,0.70167,0.70321,1857.719970703125
2018-06-11 00:00:00,0.70318,0.70532,0.70152,0.70154,56212.44921875
2018-06-12 00:00:00,0.70153,0.70457,0.69965,0.70042,72908.4609375
2018-06-13 00:00:00,0.70041,0.70525,0.69742,0.70238,69732.8671875
2018-06-14 00:00:00,0.70239,0.70443,0.69554,0.69606,99597.5
2018-06-15 00:00:00,0.69605,0.69618,0.69274,0.69348,79923.078125
2018-06-16 00:00:00,0.69348,0.69348,0.69348,0.69348,0.0
2018-06-17 00:00:00,0.6928,0.69396,0.6928,0.69374,2854.139892578125
2018-06-18 00:00:00,0.69372,0.69556,0.69198,0.69302,73639.1015625
2018-06-19 00:00:00,0.69299,0.69435,0.68847,0.6904,115006.03125
2018-06-20 00:00:00,0.6904,0.69166,0.68585,0.68666,101863.140625
2018-06-21 00:00:00,0.68667,0.68828,0.68257,0.68677,122649.1171875
2018-06-22 00:00:00,0.68678,0.69203,0.68677,0.69064,104972.9765625
2018-06-23 00:00:00,0.69064,0.69064,0.69064,0.69064,0.0
2018-06-24 00:00:00,0.691,0.69215,0.691,0.69143,2633.0400390625
2018-06-25 00:00:00,0.69143,0.69154,0.68831,0.68893,104803.8203125
2018-06-26 00:00:00,0.68892,0.69015,0.68463,0.68497,85457.96875
2018-06-27 00:00:00,0.68499,0.68499,0.6778,0.67877,113705.3671875
2018-06-28 00:00:00,0.67879,0.67905,0.6746,0.67523,106107.171875
2018-06-29 00:00:00,0.67523,0.67842,0.67358,0.67678,89858.3984375
2018-06-30 00:00:00,0.67678,0.67678,0.67678,0.67678,0.0
2018-07-01 00:00:00,0.67885,0.67899,0.67733,0.67784,3982.570068359375
2018-07-02 00:00:00,0.67777,0.67814,0.66894,0.67095,79619.578125
2018-07-03 00:00:00,0.67095,0.67611,0.66875,0.67517,100100.25
2018-07-04 00:00:00,0.67516,0.67834,0.67494,0.67592,71128.8828125
2018-07-05 00:00:00,0.67591,0.68006,0.67501,0.67942,79603.6328125
2018-07-06 00:00:00,0.67942,0.68441,0.67815,0.68368,69781.2734375
2018-07-07 00:00:00,0.68368,0.68368,0.68368,0.68368,0.0
2018-07-08 00:00:00,0.68341,0.68413,0.68297,0.68346,2393.72998046875
2018-07-09 00:00:00,0.68346,0.68587,0.68292,0.68472,59671.80859375
2018-07-10 00:00:00,0.68472,0.68568,0.68059,0.6816,59477.3515625
2018-07-11 00:00:00,0.68159,0.68223,0.6749,0.67524,70005.0390625
2018-07-12 00:00:00,0.67522,0.67858,0.67479,0.67708,65201.5390625
2018-07-13 00:00:00,0.67709,0.67861,0.6725,0.67631,67702.859375
2018-07-14 00:00:00,0.67631,0.67631,0.67631,0.67631,0.0
2018-07-15 00:00:00,0.6759,0.67675,0.6757,0.67625,2079.77001953125
2018-07-16 00:00:00,0.67623,0.67927,0.67552,0.67841,66290.71875
2018-07-17 00:00:00,0.67841,0.68403,0.67667,0.6771,86104.703125
2018-07-18 00:00:00,0.6771,0.68047,0.67424,0.67915,74208.421875
2018-07-19 00:00:00,0.67915,0.68052,0.67137,0.67466,91257.859375
2018-07-20 00:00:00,0.67467,0.68171,0.67195,0.68048,91923.7265625
2018-07-21 00:00:00,0.68048,0.68048,0.68048,0.68048,0.0
2018-07-22 00:00:00,0.67946,0.68208,0.67919,0.68189,3915.3701171875
2018-07-23 00:00:00,0.68189,0.68243,0.6776,0.67809,64612.73046875
2018-07-24 00:00:00,0.67809,0.68182,0.67687,0.67995,73199.3125
2018-07-25 00:00:00,0.67994,0.68466,0.67852,0.68431,73628.328125
2018-07-26 00:00:00,0.68431,0.68503,0.67769,0.67856,72133.8828125
2018-07-27 00:00:00,0.67856,0.68003,0.67621,0.67924,60557.55859375
2018-07-28 00:00:00,0.67924,0.67924,0.67924,0.67924,0.0
2018-07-29 00:00:00,0.67911,0.67991,0.67907,0.67934,1314.18994140625
2018-07-30 00:00:00,0.67934,0.68342,0.67914,0.68236,50038.6796875
2018-07-31 00:00:00,0.68236,0.68316,0.68006,0.68013,68362.2734375
2018-08-01 00:00:00,0.68013,0.68103,0.67815,0.67932,63462.3203125
2018-08-02 00:00:00,0.67932,0.6797,0.6734,0.67359,54187.80859375
2018-08-03 00:00:00,0.6736,0.67657,0.67201,0.67368,61848.76953125
2018-08-04 00:00:00,0.67368,0.67368,0.67368,0.67368,0.0
2018-08-05 00:00:00,0.67423,0.67463,0.67362,0.67427,2128.469970703125
2018-08-06 00:00:00,0.67427,0.67554,0.6724,0.67293,51696.7109375
2018-08-07 00:00:00,0.67293,0.67553,0.67247,0.67399,52751.6484375
2018-08-08 00:00:00,0.674,0.6762,0.6691,0.66928,56661.96875
2018-08-09 00:00:00,0.66928,0.66936,0.66,0.66064,66615.0234375
2018-08-10 00:00:00,0.66062,0.66181,0.65699,0.65729,78629.46875
2018-08-11 00:00:00,0.65729,0.65729,0.65729,0.65729,0.0
2018-08-12 00:00:00,0.65702,0.65937,0.65616,0.65841,3262.169921875
2018-08-13 00:00:00,0.65842,0.65947,0.65678,0.65735,74434.0390625
2018-08-14 00:00:00,0.65735,0.66098,0.65666,0.65698,68812.2578125
2018-08-15 00:00:00,0.65698,0.65706,0.65443,0.65568,68291.453125
2018-08-16 00:00:00,0.65567,0.6608,0.65558,0.65838,74524.109375
2018-08-17 00:00:00,0.6584,0.66358,0.65793,0.66322,63192.96875
2018-08-18 00:00:00,0.66322,0.66322,0.66322,0.66322,0.0
2018-08-19 00:00:00,0.66351,0.66404,0.66231,0.66231,3174.35009765625
2018-08-20 00:00:00,0.66232,0.66499,0.66105,0.66395,55411.3515625
2018-08-21 00:00:00,0.66395,0.67212,0.66361,0.67024,69526.46875
2018-08-22 00:00:00,0.67022,0.67136,0.66813,0.66978,68823.2109375
2018-08-23 00:00:00,0.66978,0.66998,0.662,0.66252,73035.640625
2018-08-24 00:00:00,0.66252,0.66961,0.66223,0.66864,74454.2578125
2018-08-25 00:00:00,0.66864,0.66864,0.66864,0.66864,0.0
2018-08-26 00:00:00,0.66801,0.67021,0.66773,0.66997,3409.39990234375
2018-08-27 00:00:00,0.66997,0.67034,0.66699,0.67027,75604.0
2018-08-28 00:00:00,0.67028,0.67266,0.66765,0.67142,72145.6015625
2018-08-29 00:00:00,0.67142,0.67191,0.66848,0.67107,85285.9765625
2018-08-30 00:00:00,0.67107,0.67108,0.66339,0.66478,86673.0625
2018-08-31 00:00:00,0.66478,0.66595,0.66068,0.66162,91304.0234375
2018-09-01 00:00:00,0.66162,0.66162,0.66162,0.66162,0.0
2018-09-02 00:00:00,0.66111,0.66214,0.66004,0.6606,2976.409912109375
2018-09-03 00:00:00,0.6606,0.6621,0.65931,0.66052,57680.91015625
2018-09-04 00:00:00,0.66053,0.66067,0.654,0.65499,79279.2421875
2018-09-05 00:00:00,0.65499,0.6599,0.65297,0.65985,86729.5390625
2018-09-06 00:00:00,0.65983,0.66158,0.65718,0.65809,95336.140625
2018-09-07 00:00:00,0.65811,0.65893,0.65278,0.65288,84574.5234375
2018-09-08 00:00:00,0.65288,0.65288,0.65288,0.65288,0.0
2018-09-09 00:00:00,0.65301,0.65358,0.65292,0.65357,2413.260009765625
2018-09-10 00:00:00,0.65356,0.65468,0.65122,0.65201,63854.98046875
2018-09-11 00:00:00,0.65202,0.65407,0.65007,0.6514,70941.2421875
2018-09-12 00:00:00,0.65139,0.65655,0.65022,0.65599,78216.9296875
2018-09-13 00:00:00,0.65598,0.65895,0.65424,0.65718,75596.8515625
2018-09-14 00:00:00,0.65717,0.65951,0.65393,0.65398,65537.1875
2018-09-15 00:00:00,0.65398,0.65398,0.65398,0.65398,0.0
2018-09-16 00:00:00,0.65472,0.6555,0.65399,0.65404,3047.989990234375
2018-09-17 00:00:00,0.65404,0.65967,0.65384,0.65613,71509.5703125
2018-09-18 00:00:00,0.65613,0.66077,0.65612,0.65864,98545.53125
2018-09-19 00:00:00,0.65864,0.66514,0.65725,0.66414,103341.0703125
2018-09-20 00:00:00,0.66415,0.66928,0.66374,0.66809,86088.7421875
2018-09-21 00:00:00,0.66808,0.66988,0.66671,0.66764,81077.8203125
2018-09-22 00:00:00,0.66764,0.66764,0.66764,0.66764,0.0
2018-09-23 00:00:00,0.66664,0.66828,0.66663,0.66813,3738.5
2018-09-24 00:00:00,0.66813,0.66881,0.66331,0.66406,68807.2734375
2018-09-25 00:00:00,0.66407,0.66585,0.66297,0.66431,67045.3125
2018-09-26 00:00:00,0.6643,0.66955,0.66402,0.66618,82316.1875
2018-09-27 00:00:00,0.66614,0.66659,0.6606,0.66168,78894.8125
2018-09-28 00:00:00,0.66167,0.66392,0.65981,0.6614,67924.71875
2018-09-29 00:00:00,0.6614,0.6614,0.6614,0.6614,0.0
2018-09-30 00:00:00,0.66167,0.66283,0.66131,0.66221,4068.27001953125
2018-10-01 00:00:00,0.66223,0.6628,0.65927,0.66032,73822.84375
2018-10-02 00:00:00,0.66032,0.66121,0.65751,0.65879,67307.6171875
2018-10-03 00:00:00,0.65879,0.65932,0.64964,0.64987,74152.2421875
2018-10-04 00:00:00,0.64988,0.65102,0.64736,0.64799,72650.390625
2018-10-05 00:00:00,0.64799,0.64857,0.64321,0.64338,64184.2109375
2018-10-06 00:00:00,0.64338,0.64338,0.64338,0.64338,0.0
2018-10-07 00:00:00,0.6438,0.64448,0.64312,0.64376,2832.300048828125
2018-10-08 00:00:00,0.64376,0.64652,0.64241,0.64493,61165.171875
2018-10-09 00:00:00,0.6449,0.64894,0.6427,0.64848,76291.5703125
2018-10-10 00:00:00,0.64849,0.64963,0.64416,0.64594,74207.90625
2018-10-11 00:00:00,0.64594,0.65331,0.64567,0.65258,111180.3671875
2018-10-12 00:00:00,0.65258,0.65324,0.64994,0.64994,78839.453125
2018-10-13 00:00:00,0.64994,0.64994,0.64994,0.64994,0.0
2018-10-14 00:00:00,0.64998,0.65035,0.6494,0.64997,3580.2099609375
2018-10-15 00:00:00,0.64997,0.65949,0.64958,0.65715,98230.7421875
2018-10-16 00:00:00,0.65714,0.65966,0.65596,0.65822,79775.640625
2018-10-17 00:00:00,0.65827,0.66012,0.65362,0.6544,91751.1796875
2018-10-18 00:00:00,0.65438,0.65777,0.65233,0.65369,94548.9296875
2018-10-19 00:00:00,0.65369,0.6607,0.65341,0.6585,101684.046875
2018-10-20 00:00:00,0.6585,0.6585,0.6585,0.6585,0.0
2018-10-21 00:00:00,0.66075,0.661,0.65928,0.6594,7112.4599609375
2018-10-22 00:00:00,0.65941,0.65999,0.65435,0.65535,107915.9921875
2018-10-23 00:00:00,0.65534,0.65686,0.65348,0.65528,104495.5078125
2018-10-24 00:00:00,0.65528,0.6567,0.65022,0.65095,109985.8671875
2018-10-25 00:00:00,0.65097,0.65442,0.6506,0.65269,106127.6484375
2018-10-26 00:00:00,0.65269,0.65326,0.64648,0.65206,105480.59375
2018-10-27 00:00:00,0.65206,0.65206,0.65206,0.65206,0.0
2018-10-28 00:00:00,0.6523,0.65268,0.65099,0.65242,2249.330078125
2018-10-29 00:00:00,0.65241,0.65553,0.65142,0.65263,80368.0078125
2018-10-30 00:00:00,0.65264,0.65726,0.65213,0.65571,76944.34375
2018-10-31 00:00:00,0.6557,0.65704,0.65129,0.65238,68347.0703125
2018-11-01 00:00:00,0.65237,0.66619,0.65209,0.66485,78755.671875
2018-11-02 00:00:00,0.66483,0.66893,0.66336,0.66392,78727.8203125
2018-11-03 00:00:00,0.66392,0.66392,0.66392,0.66392,0.0
2018-11-04 00:00:00,0.66344,0.66568,0.66334,0.66485,4631.43017578125
2018-11-05 00:00:00,0.66485,0.66756,0.66321,0.6657,68223.0390625
2018-11-06 00:00:00,0.6657,0.67425,0.66456,0.67391,74792.4765625
2018-11-07 00:00:00,0.67391,0.68138,0.67117,0.67795,101135.0078125
2018-11-08 00:00:00,0.67795,0.67965,0.67409,0.67498,84835.5703125
2018-11-09 00:00:00,0.67498,0.6763,0.67271,0.67336,78261.609375
2018-11-10 00:00:00,0.67336,0.67336,0.67336,0.67336,0.0
2018-11-11 00:00:00,0.67253,0.67321,0.67226,0.67284,3848.219970703125
2018-11-12 00:00:00,0.67284,0.6757,0.67055,0.67166,81588.140625
2018-11-13 00:00:00,0.67166,0.67756,0.67087,0.67687,95321.2734375
2018-11-14 00:00:00,0.67686,0.68084,0.67634,0.67891,108304.7421875
2018-11-15 00:00:00,0.67891,0.68395,0.67872,0.68239,115359.0390625
2018-11-16 00:00:00,0.68238,0.68833,0.67979,0.68719,66381.1328125
2018-11-17 00:00:00,0.68719,0.68719,0.68719,0.68719,0.0
2018-11-18 00:00:00,0.68647,0.68734,0.68585,0.68609,4041.739990234375
2018-11-19 00:00:00,0.68608,0.68717,0.68158,0.68398,63937.44921875
2018-11-20 00:00:00,0.68399,0.6869,0.67817,0.67893,81998.578125
2018-11-21 00:00:00,0.67892,0.68533,0.67812,0.68271,57368.37890625
2018-11-22 00:00:00,0.68271,0.68334,0.67885,0.6809,50597.1484375
2018-11-23 00:00:00,0.68091,0.68199,0.67648,0.67751,58416.30859375
2018-11-24 00:00:00,0.67751,0.67751,0.67751,0.67751,0.0
2018-11-25 00:00:00,0.6759,0.67736,0.67554,0.67708,4569.85986328125
2018-11-26 00:00:00,0.67708,0.68156,0.67655,0.67746,60502.7109375
2018-11-27 00:00:00,0.67746,0.68097,0.67534,0.67965,67466.828125
2018-11-28 00:00:00,0.67965,0.68866,0.67835,0.6867,70139.4609375
2018-11-29 00:00:00,0.6867,0.68839,0.68378,0.68642,71797.921875
2018-11-30 00:00:00,0.68642,0.68853,0.68513,0.68762,75602.3515625
2018-12-01 00:00:00,0.68762,0.68762,0.68762,0.68762,0.0
2018-12-02 00:00:00,0.69157,0.69174,0.68978,0.6911,5491.60986328125
2018-12-03 00:00:00,0.6911,0.69395,0.68886,0.69269,69637.46875
2018-12-04 00:00:00,0.69269,0.69691,0.69174,0.69384,84874.34375
2018-12-05 00:00:00,0.69383,0.69438,0.68865,0.68909,61607.08984375
2018-12-06 00:00:00,0.6891,0.68962,0.68563,0.68812,97142.7578125
2018-12-07 00:00:00,0.68812,0.68981,0.68459,0.68565,75216.75
2018-12-08 00:00:00,0.68565,0.68565,0.68565,0.68565,0.0
2018-12-09 00:00:00,0.68711,0.68711,0.68399,0.68422,4565.68017578125
2018-12-10 00:00:00,0.68424,0.69043,0.68421,0.68732,88247.203125
2018-12-11 00:00:00,0.68732,0.69111,0.6862,0.68852,78833.7109375
2018-12-12 00:00:00,0.68852,0.68998,0.68244,0.68573,76871.7109375
2018-12-13 00:00:00,0.68573,0.68792,0.68401,0.68552,63676.62890625
2018-12-14 00:00:00,0.68551,0.68618,0.67775,0.67913,63633.87890625
2018-12-15 00:00:00,0.67913,0.67913,0.67913,0.67913,0.0
2018-12-16 00:00:00,0.67958,0.68008,0.67863,0.67906,6971.7900390625
2018-12-17 00:00:00,0.67908,0.68175,0.67843,0.68063,57703.0390625
2018-12-18 00:00:00,0.68131,0.68796,0.68093,0.68514,78171.1328125
2018-12-19 00:00:00,0.68517,0.68699,0.676,0.67738,106919.0234375
2018-12-20 00:00:00,0.67737,0.67903,0.67244,0.67781,129742.078125
2018-12-21 00:00:00,0.67781,0.67899,0.67053,0.67056,120979.8515625
2018-12-22 00:00:00,0.67056,0.67056,0.67056,0.67056,0.0
2018-12-23 00:00:00,0.67247,0.67247,0.67116,0.67158,5791.4599609375
2018-12-24 00:00:00,0.6716,0.67437,0.6711,0.67258,103143.859375
2018-12-25 00:00:00,0.67258,0.67408,0.67155,0.67285,5586.16015625
2018-12-26 00:00:00,0.67283,0.67456,0.67156,0.67382,56497.2890625
2018-12-27 00:00:00,0.67383,0.67384,0.66925,0.66996,147620.8125
2018-12-28 00:00:00,0.66994,0.67197,0.66923,0.67046,105919.8125
2018-12-29 00:00:00,0.67046,0.67046,0.67046,0.67046,0.0
2018-12-30 00:00:00,0.67093,0.67157,0.67054,0.67054,6050.47021484375
2018-12-31 00:00:00,0.67056,0.67218,0.6691,0.6714,112177.53125
2019-01-01 00:00:00,0.67149,0.6724,0.67096,0.6712,4593.97998046875
2019-01-02 00:00:00,0.67119,0.672,0.65652,0.663,139008.53125
2019-01-03 00:00:00,0.66299,0.66994,0.66131,0.6687,153721.953125
2019-01-04 00:00:00,0.66867,0.67515,0.66707,0.67297,130499.46875
2019-01-05 00:00:00,0.67297,0.67297,0.67297,0.67297,0.0
2019-01-06 00:00:00,0.67401,0.67418,0.67261,0.67418,4734.1298828125
2019-01-07 00:00:00,0.67417,0.67667,0.67296,0.67531,100664.296875
2019-01-08 00:00:00,0.67529,0.67563,0.6707,0.67426,107732.7578125
2019-01-09 00:00:00,0.67425,0.68158,0.67351,0.67892,113830.8203125
2019-01-10 00:00:00,0.67892,0.6794,0.67707,0.67845,116901.4765625
2019-01-11 00:00:00,0.67845,0.68434,0.67832,0.68282,99509.9375
2019-01-12 00:00:00,0.68282,0.68282,0.68282,0.68282,0.0
2019-01-13 00:00:00,0.68248,0.68288,0.68183,0.68183,4628.56982421875
2019-01-14 00:00:00,0.68183,0.6832,0.67961,0.68255,85891.046875
2019-01-15 00:00:00,0.68254,0.68483,0.67995,0.68203,98162.6484375
2019-01-16 00:00:00,0.68202,0.683,0.6755,0.67725,87330.71875
2019-01-17 00:00:00,0.67726,0.67863,0.67273,0.67623,100250.46875
2019-01-18 00:00:00,0.67623,0.6784,0.67346,0.67346,67161.5625
2019-01-19 00:00:00,0.67346,0.67346,0.67346,0.67346,0.0
2019-01-20 00:00:00,0.67475,0.67512,0.67365,0.6739,3784.330078125
2019-01-21 00:00:00,0.67391,0.67424,0.67131,0.67278,66335.421875
2019-01-22 00:00:00,0.67277,0.67568,0.67065,0.67498,93914.796875
2019-01-23 00:00:00,0.67498,0.67981,0.67485,0.67923,107332.8984375
2019-01-24 00:00:00,0.67922,0.68062,0.67527,0.6762,124642.75
2019-01-25 00:00:00,0.6762,0.68505,0.67467,0.68362,95861.9609375
2019-01-26 00:00:00,0.68362,0.68362,0.68362,0.68362,0.0
2019-01-27 00:00:00,0.68266,0.68421,0.68266,0.68378,4097.2900390625
2019-01-28 00:00:00,0.68379,0.68719,0.68254,0.68323,88411.5703125
2019-01-29 00:00:00,0.68324,0.68615,0.68151,0.68227,110287.6875
2019-01-30 00:00:00,0.68226,0.69114,0.68205,0.68956,126356.03125
2019-01-31 00:00:00,0.68955,0.69386,0.6893,0.69132,112520.1171875
2019-02-01 00:00:00,0.69133,0.69414,0.68887,0.68893,116748.0625
2019-02-02 00:00:00,0.68893,0.68893,0.68893,0.68893,0.0
2019-02-03 00:00:00,0.68943,0.69023,0.68911,0.68969,2639.820068359375
2019-02-04 00:00:00,0.68969,0.69055,0.68697,0.68758,95011.1484375
2019-02-05 00:00:00,0.68759,0.69056,0.68708,0.69002,98819.1875
2019-02-06 00:00:00,0.69001,0.69046,0.67628,0.6771,110385.7265625
2019-02-07 00:00:00,0.6771,0.67776,0.67358,0.67443,96512.2734375
2019-02-08 00:00:00,0.67442,0.6766,0.67292,0.67385,96188.296875
2019-02-09 00:00:00,0.67385,0.67385,0.67385,0.67385,0.0
2019-02-10 00:00:00,0.67387,0.67642,0.67386,0.67591,4719.7099609375
2019-02-11 00:00:00,0.67591,0.67729,0.67267,0.67359,89576.6875
2019-02-12 00:00:00,0.6736,0.67453,0.67193,0.67391,87909.0625
2019-02-13 00:00:00,0.67391,0.68516,0.67267,0.68067,110703.0390625
2019-02-14 00:00:00,0.68063,0.68556,0.68025,0.68316,108475.2109375
2019-02-15 00:00:00,0.68316,0.6874,0.6809,0.68616,90930.5
2019-02-16 00:00:00,0.68616,0.68616,0.68616,0.68616,0.0
2019-02-17 00:00:00,0.68537,0.68643,0.6852,0.68643,4982.990234375
2019-02-18 00:00:00,0.68643,0.68932,0.6839,0.68549,78019.75
2019-02-19 00:00:00,0.6855,0.68871,0.68145,0.68766,99292.0390625
2019-02-20 00:00:00,0.68767,0.68844,0.68496,0.68567,98481.6015625
2019-02-21 00:00:00,0.68568,0.68764,0.67971,0.68122,133487.75
2019-02-22 00:00:00,0.68122,0.68535,0.67573,0.68397,116650.703125
2019-02-23 00:00:00,0.68397,0.68397,0.68397,0.68397,0.0
2019-02-24 00:00:00,0.68613,0.68687,0.68523,0.68648,6049.10986328125
2019-02-25 00:00:00,0.68646,0.69016,0.68599,0.68843,108412.578125
2019-02-26 00:00:00,0.68843,0.69027,0.68706,0.68961,110902.8828125
2019-02-27 00:00:00,0.68961,0.69016,0.68343,0.68509,126265.46875
2019-02-28 00:00:00,0.68505,0.68531,0.67958,0.68195,132030.625
2019-03-01 00:00:00,0.68195,0.68387,0.67923,0.67924,107863.5703125
2019-03-02 00:00:00,0.67924,0.67924,0.67924,0.67924,0.0
2019-03-03 00:00:00,0.68247,0.68276,0.6811,0.68208,6935.3798828125
2019-03-04 00:00:00,0.68208,0.68271,0.67958,0.68213,109046.203125
2019-03-05 00:00:00,0.68213,0.68223,0.67684,0.67996,103934.2421875
2019-03-06 00:00:00,0.67994,0.68011,0.67528,0.67691,103864.0703125
2019-03-07 00:00:00,0.67692,0.67924,0.67443,0.67644,111035.2109375
2019-03-08 00:00:00,0.67644,0.68101,0.6753,0.68009,109687.4375
2019-03-09 00:00:00,0.68009,0.68009,0.68009,0.68009,0.0
2019-03-10 00:00:00,0.67869,0.68081,0.67869,0.67913,828.6699829101562
2019-03-11 00:00:00,0.6802,0.68397,0.67899,0.68335,81749.390625
2019-03-12 00:00:00,0.68335,0.68726,0.68262,0.6852,84260.953125
2019-03-13 00:00:00,0.6852,0.68649,0.68287,0.68562,80156.1875
2019-03-14 00:00:00,0.68562,0.68593,0.68082,0.68353,102866.078125
2019-03-15 00:00:00,0.6835,0.68582,0.68333,0.68415,71945.2578125
2019-03-16 00:00:00,0.68415,0.68415,0.68415,0.68415,0.0
2019-03-17 00:00:00,0.68459,0.68487,0.68393,0.68428,3683.25
2019-03-18 00:00:00,0.68428,0.68738,0.68395,0.68441,73067.8203125
2019-03-19 00:00:00,0.68441,0.68711,0.68406,0.68523,83328.0625
2019-03-20 00:00:00,0.68523,0.69235,0.68274,0.69172,90695.8515625
2019-03-21 00:00:00,0.69172,0.69381,0.68569,0.68809,197687.640625
2019-03-22 00:00:00,0.6881,0.68972,0.68651,0.68724,122730.8828125
2019-03-23 00:00:00,0.68724,0.68724,0.68724,0.68724,0.0
2019-03-24 00:00:00,0.68688,0.6885,0.68688,0.6876,3678.110107421875
2019-03-25 00:00:00,0.6876,0.69184,0.68718,0.69112,121635.84375
2019-03-26 00:00:00,0.69111,0.69243,0.6894,0.69071,101034.5234375
2019-03-27 00:00:00,0.6907,0.69138,0.67867,0.67966,153311.125
2019-03-28 00:00:00,0.67964,0.68277,0.67735,0.67812,134933.09375
2019-03-29 00:00:00,0.67811,0.68233,0.67763,0.67993,99689.21875
2019-03-30 00:00:00,0.67993,0.67993,0.67993,0.67993,0.0
2019-03-31 00:00:00,0.68186,0.68264,0.68116,0.68226,5004.25
2019-04-01 00:00:00,0.68226,0.68369,0.67745,0.67892,144706.09375
2019-04-02 00:00:00,0.67891,0.67989,0.6739,0.67501,103781.21875
2019-04-03 00:00:00,0.67499,0.67996,0.67434,0.67879,92645.3671875
2019-04-04 00:00:00,0.67881,0.67992,0.67478,0.67557,78586.71875
2019-04-05 00:00:00,0.67557,0.67651,0.6718,0.6727,74152.34375
2019-04-06 00:00:00,0.6727,0.6727,0.6727,0.6727,0.0
2019-04-07 00:00:00,0.67261,0.67362,0.67261,0.67302,3043.02001953125
2019-04-08 00:00:00,0.67301,0.67533,0.67217,0.67381,74829.34375
2019-04-09 00:00:00,0.67381,0.67582,0.67362,0.67507,77789.296875
2019-04-10 00:00:00,0.67506,0.67735,0.67376,0.6767,92166.2109375
2019-04-11 00:00:00,0.6767,0.67708,0.67212,0.67243,79567.3984375
2019-04-12 00:00:00,0.67243,0.67814,0.67133,0.676,87030.1875
2019-04-13 00:00:00,0.676,0.676,0.676,0.676,0.0
2019-04-14 00:00:00,0.676,0.67716,0.676,0.67665,3806.989990234375
2019-04-15 00:00:00,0.67666,0.67826,0.67501,0.67658,80565.5390625
2019-04-16 00:00:00,0.67657,0.6776,0.66657,0.67083,104331.8671875
2019-04-17 00:00:00,0.67084,0.6748,0.66981,0.67241,97374.9921875
2019-04-18 00:00:00,0.67241,0.6728,0.66722,0.66858,73505.3203125
2019-04-19 00:00:00,0.66857,0.66938,0.66777,0.66777,39658.51171875
2019-04-20 00:00:00,0.66777,0.66777,0.66777,0.66777,0.0
2019-04-21 00:00:00,0.66794,0.66893,0.66755,0.66848,3528.1201171875
2019-04-22 00:00:00,0.66849,0.66857,0.66724,0.66807,46029.5703125
2019-04-23 00:00:00,0.66808,0.6681,0.6629,0.66531,76131.4765625
2019-04-24 00:00:00,0.6653,0.66554,0.65812,0.65942,93475.25
2019-04-25 00:00:00,0.65944,0.66404,0.65797,0.66316,84172.28125
2019-04-26 00:00:00,0.66316,0.66814,0.66261,0.66538,95860.7109375
2019-04-27 00:00:00,0.66538,0.66538,0.66538,0.66538,0.0
2019-04-28 00:00:00,0.66483,0.66659,0.66482,0.66652,3419.1201171875
2019-04-29 00:00:00,0.66653,0.66803,0.66564,0.66692,53226.78125
2019-04-30 00:00:00,0.66692,0.66846,0.66278,0.66515,82121.96875
2019-05-01 00:00:00,0.66515,0.66651,0.66118,0.66268,67641.9296875
2019-05-02 00:00:00,0.66268,0.66391,0.66077,0.66137,76907.2734375
2019-05-03 00:00:00,0.66138,0.66526,0.66059,0.66433,71742.7265625
2019-05-04 00:00:00,0.66433,0.66433,0.66433,0.66433,0.0
2019-05-05 00:00:00,0.65991,0.66281,0.65991,0.66063,9360.2197265625
2019-05-06 00:00:00,0.66063,0.66291,0.66,0.66072,73254.0078125
2019-05-07 00:00:00,0.66072,0.66302,0.65877,0.65951,94684.09375
2019-05-08 00:00:00,0.65951,0.66038,0.65256,0.65831,104264.5078125
2019-05-09 00:00:00,0.65832,0.65971,0.6569,0.65853,89880.859375
2019-05-10 00:00:00,0.65853,0.66141,0.65825,0.65945,111690.4921875
2019-05-11 00:00:00,0.65945,0.65945,0.65945,0.65945,0.0
2019-05-12 00:00:00,0.6589,0.66029,0.6589,0.6589,4421.97998046875
2019-05-13 00:00:00,0.65888,0.65927,0.65626,0.65722,85146.828125
2019-05-14 00:00:00,0.65722,0.65911,0.65698,0.65698,72952.0390625
2019-05-15 00:00:00,0.65699,0.65744,0.65503,0.65615,79731.4609375
2019-05-16 00:00:00,0.65615,0.65822,0.65317,0.65342,75851.546875
2019-05-17 00:00:00,0.65337,0.65467,0.65132,0.65132,74268.78125
2019-05-18 00:00:00,0.65132,0.65132,0.65132,0.65132,0.0
2019-05-19 00:00:00,0.65255,0.65319,0.65199,0.65271,4640.35986328125
2019-05-20 00:00:00,0.65271,0.65461,0.65254,0.6538,73038.671875
2019-05-21 00:00:00,0.6538,0.65421,0.64991,0.65051,84427.21875
2019-05-22 00:00:00,0.65051,0.65102,0.64913,0.64941,67103.6484375
2019-05-23 00:00:00,0.64941,0.65258,0.64813,0.65209,89523.953125
2019-05-24 00:00:00,0.6521,0.65553,0.65119,0.65493,82409.9296875
2019-05-25 00:00:00,0.65493,0.65493,0.65493,0.65493,0.0
2019-05-26 00:00:00,0.65499,0.65584,0.65493,0.65548,2434.52001953125
2019-05-27 00:00:00,0.65545,0.65589,0.65397,0.6546,44812.0703125
2019-05-28 00:00:00,0.65459,0.65582,0.65389,0.65441,81154.0703125
2019-05-29 00:00:00,0.65442,0.6552,0.6504,0.65139,85903.421875
2019-05-30 00:00:00,0.65141,0.65272,0.64946,0.65033,70715.640625
2019-05-31 00:00:00,0.65032,0.65471,0.64972,0.65315,105861.7578125
2019-06-01 00:00:00,0.65315,0.65315,0.65315,0.65315,0.0
2019-06-02 00:00:00,0.65267,0.65379,0.65258,0.65327,6214.41015625
2019-06-03 00:00:00,0.65327,0.66041,0.65322,0.65903,99285.4609375
2019-06-04 00:00:00,0.65904,0.66192,0.6575,0.66083,109543.7421875
2019-06-05 00:00:00,0.66083,0.66662,0.66078,0.66258,113228.78125
2019-06-06 00:00:00,0.6626,0.66439,0.66155,0.66174,112846.4609375
2019-06-07 00:00:00,0.66176,0.66812,0.66138,0.66609,90688.140625
2019-06-08 00:00:00,0.66609,0.66609,0.66609,0.66609,0.0
2019-06-09 00:00:00,0.66601,0.66623,0.66523,0.66551,3521.4599609375
2019-06-10 00:00:00,0.66551,0.66612,0.6602,0.66101,83943.3515625
2019-06-11 00:00:00,0.66101,0.66111,0.65682,0.65832,94747.4375
2019-06-12 00:00:00,0.65832,0.65923,0.65656,0.65757,95301.8515625
2019-06-13 00:00:00,0.65755,0.65873,0.65556,0.65574,82368.6171875
2019-06-14 00:00:00,0.65575,0.65598,0.64878,0.64881,80040.0234375
2019-06-15 00:00:00,0.64881,0.64881,0.64881,0.64881,0.0
2019-06-16 00:00:00,0.6495,0.64988,0.64907,0.64968,2947.9599609375
2019-06-17 00:00:00,0.64967,0.65142,0.64912,0.64962,54369.1484375
2019-06-18 00:00:00,0.64962,0.65374,0.649,0.65354,84528.3125
2019-06-19 00:00:00,0.65353,0.65626,0.65134,0.65529,82728.2734375
2019-06-20 00:00:00,0.6553,0.65956,0.65528,0.65811,105531.5390625
2019-06-21 00:00:00,0.65811,0.66038,0.65539,0.65865,83934.15625
2019-06-22 00:00:00,0.65865,0.65865,0.65865,0.65865,0.0
2019-06-23 00:00:00,0.65879,0.6598,0.65862,0.65975,4419.830078125
2019-06-24 00:00:00,0.65975,0.66262,0.65898,0.66227,59304.66015625
2019-06-25 00:00:00,0.66227,0.66609,0.66227,0.66326,104295.78125
2019-06-26 00:00:00,0.66326,0.66925,0.65947,0.66789,101574.2734375
2019-06-27 00:00:00,0.66789,0.67031,0.6671,0.67009,82649.6875
2019-06-28 00:00:00,0.67011,0.67208,0.669,0.67153,70782.46875
2019-06-29 00:00:00,0.67153,0.67153,0.67153,0.67153,0.0
2019-06-30 00:00:00,0.67193,0.67265,0.67153,0.67218,5607.240234375
2019-07-01 00:00:00,0.67218,0.6724,0.66643,0.66708,75572.1328125
2019-07-02 00:00:00,0.66708,0.66809,0.66561,0.66773,66822.9921875
2019-07-03 00:00:00,0.66774,0.67195,0.66732,0.6707,69522.390625
2019-07-04 00:00:00,0.67069,0.67198,0.66768,0.66905,40523.62109375
2019-07-05 00:00:00,0.66904,0.66932,0.66018,0.66213,70723.2109375
2019-07-06 00:00:00,0.66213,0.66213,0.66213,0.66213,0.0
2019-07-07 00:00:00,0.66253,0.66308,0.66217,0.66296,2122.530029296875
2019-07-08 00:00:00,0.66296,0.66527,0.66174,0.66259,52505.6484375
2019-07-09 00:00:00,0.66259,0.66314,0.65997,0.66,59332.2890625
2019-07-10 00:00:00,0.66002,0.66567,0.65665,0.66432,81364.09375
2019-07-11 00:00:00,0.66434,0.66888,0.66434,0.66608,83892.796875
2019-07-12 00:00:00,0.66609,0.66981,0.66596,0.66903,71097.15625
2019-07-13 00:00:00,0.66903,0.66903,0.66903,0.66903,0.0
2019-07-14 00:00:00,0.66847,0.66976,0.66816,0.66926,5053.43017578125
2019-07-15 00:00:00,0.66929,0.67343,0.66929,0.6721,60737.76171875
2019-07-16 00:00:00,0.6721,0.67378,0.66951,0.67009,75566.6796875
2019-07-17 00:00:00,0.67009,0.67464,0.67002,0.67312,68018.796875
2019-07-18 00:00:00,0.6731,0.67905,0.67282,0.6776,87037.2109375
2019-07-19 00:00:00,0.67761,0.67882,0.67569,0.67582,77150.3125
2019-07-20 00:00:00,0.67582,0.67582,0.67582,0.67582,0.0
2019-07-21 00:00:00,0.67622,0.67662,0.67564,0.67597,3125.18994140625
2019-07-22 00:00:00,0.67596,0.67866,0.67363,0.67383,54711.328125
2019-07-23 00:00:00,0.67383,0.67454,0.66961,0.66972,57996.71875
2019-07-24 00:00:00,0.66971,0.6723,0.66915,0.66996,59741.53125
2019-07-25 00:00:00,0.66997,0.67072,0.66535,0.66583,83529.53125
2019-07-26 00:00:00,0.66583,0.66627,0.66256,0.66331,55676.44921875
2019-07-27 00:00:00,0.66331,0.66331,0.66331,0.66331,0.0
2019-07-28 00:00:00,0.66307,0.66391,0.66302,0.66354,1738.5899658203125
2019-07-29 00:00:00,0.66359,0.66414,0.66155,0.66287,40969.69140625
2019-07-30 00:00:00,0.66287,0.6634,0.66019,0.6616,54934.8984375
2019-07-31 00:00:00,0.66159,0.66186,0.65424,0.65505,121656.8984375
2019-08-01 00:00:00,0.65505,0.65772,0.65337,0.6552,133565.03125
2019-08-02 00:00:00,0.6552,0.65603,0.65048,0.65334,152488.28125
2019-08-03 00:00:00,0.65334,0.65334,0.65334,0.65334,0.0
2019-08-04 00:00:00,0.65268,0.65322,0.65198,0.65208,3821.919921875
2019-08-05 00:00:00,0.65206,0.65875,0.64881,0.65566,133194.0625
2019-08-06 00:00:00,0.65565,0.65702,0.65139,0.65301,128915.046875
2019-08-07 00:00:00,0.65301,0.65569,0.63772,0.64485,157328.8125
2019-08-08 00:00:00,0.64489,0.64917,0.64328,0.64844,116624.1171875
2019-08-09 00:00:00,0.64842,0.64982,0.64605,0.64614,71673.59375
2019-08-10 00:00:00,0.64614,0.64614,0.64614,0.64614,0.0
2019-08-11 00:00:00,0.64662,0.6467,0.64598,0.64605,12409.7099609375
2019-08-12 00:00:00,0.64605,0.64745,0.64368,0.64472,89394.3125
2019-08-13 00:00:00,0.64472,0.64712,0.64214,0.64605,115501.3984375
2019-08-14 00:00:00,0.64605,0.64683,0.64206,0.64381,106971.03125
2019-08-15 00:00:00,0.64383,0.64589,0.64271,0.64338,110538.9609375
2019-08-16 00:00:00,0.64338,0.64451,0.64215,0.64215,77548.1796875
2019-08-17 00:00:00,0.64215,0.64215,0.64215,0.64215,0.0
2019-08-18 00:00:00,0.64277,0.644,0.64209,0.64255,9975.2900390625
2019-08-19 00:00:00,0.64256,0.6429,0.64027,0.6404,69151.0703125
2019-08-20 00:00:00,0.64039,0.64292,0.64027,0.6408,69431.0
2019-08-21 00:00:00,0.64083,0.64223,0.63944,0.64037,57258.76953125
2019-08-22 00:00:00,0.64037,0.64071,0.63611,0.63888,70336.609375
2019-08-23 00:00:00,0.63886,0.64095,0.63684,0.63943,104136.9296875
2019-08-24 00:00:00,0.63943,0.63943,0.63943,0.63943,0.0
2019-08-25 00:00:00,0.63817,0.63852,0.63416,0.636,14892.0302734375
2019-08-26 00:00:00,0.63602,0.64031,0.63599,0.63847,147148.4375
2019-08-27 00:00:00,0.63847,0.63855,0.63543,0.63629,88930.890625
2019-08-28 00:00:00,0.6363,0.63664,0.63257,0.6336,85129.6171875
2019-08-29 00:00:00,0.63363,0.6347,0.63039,0.63159,94132.1015625
2019-08-30 00:00:00,0.63158,0.63201,0.62829,0.63063,80748.0625
2019-08-31 00:00:00,0.63063,0.63063,0.63063,0.63063,0.0
2019-09-01 00:00:00,0.63005,0.63067,0.62965,0.6299,8846.990234375
2019-09-02 00:00:00,0.6299,0.63184,0.629,0.63035,64041.66015625
2019-09-03 00:00:00,0.63035,0.63387,0.62687,0.63371,82087.40625
2019-09-04 00:00:00,0.63371,0.63643,0.63252,0.6355,67251.390625
2019-09-05 00:00:00,0.6355,0.63954,0.6355,0.63707,79969.671875
2019-09-06 00:00:00,0.63706,0.64437,0.63692,0.64204,68887.5078125
2019-09-07 00:00:00,0.64204,0.64204,0.64204,0.64204,0.0
2019-09-08 00:00:00,0.64147,0.64284,0.64135,0.64253,9752.9501953125
2019-09-09 00:00:00,0.64253,0.64444,0.64127,0.64271,58832.6484375
2019-09-10 00:00:00,0.64272,0.64416,0.64089,0.64138,62173.3515625
2019-09-11 00:00:00,0.64137,0.64391,0.6405,0.64206,61349.21875
2019-09-12 00:00:00,0.64204,0.64502,0.63973,0.64008,73373.3203125
2019-09-13 00:00:00,0.64005,0.64091,0.63717,0.63743,47599.87109375
2019-09-14 00:00:00,0.63743,0.63743,0.63743,0.63743,0.0
2019-09-15 00:00:00,0.63709,0.63896,0.63687,0.6384,6396.16015625
2019-09-16 00:00:00,0.63839,0.63913,0.63387,0.6341,52496.69921875
2019-09-17 00:00:00,0.6341,0.63619,0.63216,0.636,56098.05859375
2019-09-18 00:00:00,0.636,0.63606,0.62993,0.63173,65745.6484375
2019-09-19 00:00:00,0.63172,0.63203,0.62927,0.62928,78287.6328125
2019-09-20 00:00:00,0.62928,0.63046,0.62546,0.62583,70899.8515625
2019-09-21 00:00:00,0.62583,0.62583,0.62583,0.62583,0.0
2019-09-22 00:00:00,0.62599,0.62678,0.62599,0.62658,4852.47998046875
2019-09-23 00:00:00,0.62657,0.62988,0.6258,0.62959,77054.6328125
2019-09-24 00:00:00,0.62959,0.6331,0.62871,0.63152,80229.703125
2019-09-25 00:00:00,0.63152,0.63483,0.62629,0.62723,94412.90625
2019-09-26 00:00:00,0.62722,0.63267,0.62703,0.62971,84920.328125
2019-09-27 00:00:00,0.62972,0.63097,0.62787,0.62934,96688.8203125
2019-09-28 00:00:00,0.62934,0.62934,0.62934,0.62934,0.0
2019-09-29 00:00:00,0.62859,0.62942,0.62837,0.62852,5267.5498046875
2019-09-30 00:00:00,0.62853,0.62854,0.6249,0.62612,100727.3203125
2019-10-01 00:00:00,0.62611,0.62713,0.62034,0.62427,124263.09375
2019-10-02 00:00:00,0.62426,0.62718,0.62188,0.62656,119062.8203125
2019-10-03 00:00:00,0.62658,0.63159,0.6255,0.63024,121681.796875
2019-10-04 00:00:00,0.63024,0.63379,0.63017,0.63164,102206.7734375
2019-10-05 00:00:00,0.63164,0.63164,0.63164,0.63164,0.0
2019-10-06 00:00:00,0.63035,0.63182,0.63016,0.63153,9608.98046875
2019-10-07 00:00:00,0.63154,0.63216,0.62829,0.62908,111081.046875
2019-10-08 00:00:00,0.62907,0.63267,0.62876,0.62963,103585.328125
2019-10-09 00:00:00,0.62964,0.63247,0.62767,0.62863,90075.4765625
2019-10-10 00:00:00,0.62863,0.63347,0.6284,0.63245,98568.8984375
2019-10-11 00:00:00,0.63245,0.63537,0.63158,0.63329,95083.8671875
2019-10-12 00:00:00,0.63329,0.63329,0.63329,0.63329,0.0
2019-10-13 00:00:00,0.63302,0.6335,0.6324,0.63279,4935.02978515625
2019-10-14 00:00:00,0.63278,0.63337,0.62807,0.63036,71539.890625
2019-10-15 00:00:00,0.63035,0.63203,0.62582,0.62947,94816.59375
2019-10-16 00:00:00,0.62945,0.62945,0.62403,0.62861,88328.640625
2019-10-17 00:00:00,0.62859,0.63548,0.62835,0.63534,84495.7109375
2019-10-18 00:00:00,0.63533,0.63899,0.6353,0.63812,58532.62890625
2019-10-19 00:00:00,0.63812,0.63812,0.63812,0.63812,0.0
2019-10-20 00:00:00,0.63796,0.63874,0.63701,0.63832,8340.099609375
2019-10-21 00:00:00,0.63832,0.6416,0.63831,0.64114,65225.4296875
2019-10-22 00:00:00,0.64114,0.64355,0.6396,0.64111,77490.8828125
2019-10-23 00:00:00,0.64111,0.64262,0.63857,0.64202,67844.59375
2019-10-24 00:00:00,0.64202,0.64245,0.6374,0.63772,85657.203125
2019-10-25 00:00:00,0.63772,0.6382,0.63465,0.63479,60599.58984375
2019-10-26 00:00:00,0.63479,0.63479,0.63479,0.63479,0.0
2019-10-27 00:00:00,0.63474,0.63572,0.63473,0.63569,3149.77001953125
2019-10-28 00:00:00,0.6357,0.63597,0.63336,0.6353,65654.359375
2019-10-29 00:00:00,0.63529,0.63752,0.63383,0.63507,76480.109375
2019-10-30 00:00:00,0.63507,0.64147,0.63327,0.64073,99686.9765625
2019-10-31 00:00:00,0.64074,0.64329,0.63916,0.64131,102559.359375
2019-11-01 00:00:00,0.6413,0.64563,0.64065,0.64251,92449.8515625
2019-11-02 00:00:00,0.64251,0.64251,0.64251,0.64251,0.0
2019-11-03 00:00:00,0.64339,0.64347,0.64269,0.64344,2482.800048828125
2019-11-04 00:00:00,0.64344,0.64656,0.63898,0.64013,75878.5703125
2019-11-05 00:00:00,0.64011,0.64308,0.637,0.63721,102057.6015625
2019-11-06 00:00:00,0.63722,0.63888,0.63598,0.63643,71211.3671875
2019-11-07 00:00:00,0.63645,0.63858,0.63416,0.63743,96634.96875
2019-11-08 00:00:00,0.63744,0.63816,0.63216,0.63235,69064.1328125
2019-11-09 00:00:00,0.63235,0.63235,0.63235,0.63235,0.0
2019-11-10 00:00:00,0.63349,0.63384,0.63262,0.63306,2142.719970703125
2019-11-11 00:00:00,0.63306,0.63722,0.63304,0.63628,53485.921875
2019-11-12 00:00:00,0.63627,0.63675,0.63245,0.63362,74067.9921875
2019-11-13 00:00:00,0.63361,0.64186,0.63298,0.64139,89708.453125
2019-11-14 00:00:00,0.64139,0.64183,0.63585,0.63803,74798.703125
2019-11-15 00:00:00,0.63803,0.64098,0.63716,0.63986,60591.71875
2019-11-16 00:00:00,0.63986,0.63986,0.63986,0.63986,0.0
2019-11-17 00:00:00,0.64,0.64027,0.63984,0.63996,4564.6201171875
2019-11-18 00:00:00,0.63994,0.64117,0.63897,0.63953,62999.1015625
2019-11-19 00:00:00,0.63953,0.64325,0.63816,0.64313,58885.7109375
2019-11-20 00:00:00,0.6431,0.64358,0.64036,0.64087,74493.4296875
2019-11-21 00:00:00,0.64086,0.64371,0.63968,0.64042,83391.7578125
2019-11-22 00:00:00,0.64042,0.6425,0.63989,0.64007,65936.8515625
2019-11-23 00:00:00,0.64007,0.64007,0.64007,0.64007,0.0
2019-11-24 00:00:00,0.64078,0.64117,0.64049,0.64084,2230.7900390625
2019-11-25 00:00:00,0.64084,0.64287,0.63944,0.64139,61351.8984375
2019-11-26 00:00:00,0.64138,0.64308,0.64054,0.64261,67447.8515625
2019-11-27 00:00:00,0.64261,0.64329,0.64021,0.64126,61613.05078125
2019-11-28 00:00:00,0.64138,0.643,0.6408,0.64191,48156.171875
2019-11-29 00:00:00,0.64188,0.64377,0.64087,0.64154,49544.16015625
2019-11-30 00:00:00,0.64154,0.64154,0.64154,0.64154,0.0
2019-12-01 00:00:00,0.64312,0.64329,0.64238,0.64313,2974.330078125
2019-12-02 00:00:00,0.64313,0.65106,0.64312,0.64968,68637.3515625
2019-12-03 00:00:00,0.64968,0.65332,0.64963,0.65177,88720.0
2019-12-04 00:00:00,0.65186,0.65538,0.65031,0.65478,72992.2265625
2019-12-05 00:00:00,0.65477,0.65617,0.65194,0.65428,62374.83984375
2019-12-06 00:00:00,0.65429,0.65758,0.65408,0.65616,63983.94921875
2019-12-07 00:00:00,0.65616,0.65616,0.65616,0.65616,0.0
2019-12-08 00:00:00,0.65552,0.65639,0.6554,0.65576,2956.18994140625
2019-12-09 00:00:00,0.65576,0.65671,0.65396,0.65483,73671.15625
2019-12-10 00:00:00,0.65482,0.65677,0.65281,0.65428,80131.3984375
2019-12-11 00:00:00,0.65426,0.66029,0.65221,0.65801,89567.078125
2019-12-12 00:00:00,0.65801,0.66354,0.65738,0.66181,107038.171875
2019-12-13 00:00:00,0.66182,0.66263,0.65814,0.65922,124819.71875
2019-12-14 00:00:00,0.65922,0.65922,0.65922,0.65922,0.0
2019-12-15 00:00:00,0.66021,0.66023,0.65876,0.65915,7449.259765625
2019-12-16 00:00:00,0.65915,0.66137,0.65878,0.659,70604.5078125
2019-12-17 00:00:00,0.65903,0.66048,0.65644,0.65678,76351.921875
2019-12-18 00:00:00,0.65678,0.66138,0.6554,0.6583,68354.40625
2019-12-19 00:00:00,0.65829,0.66112,0.65724,0.66102,67964.46875
2019-12-20 00:00:00,0.66102,0.66135,0.65884,0.65976,65578.4296875
2019-12-21 00:00:00,0.65976,0.65976,0.65976,0.65976,0.0
2019-12-22 00:00:00,0.65978,0.66075,0.65971,0.66072,3364.35009765625
2019-12-23 00:00:00,0.66072,0.66387,0.66008,0.6633,66426.5703125
2019-12-24 00:00:00,0.6633,0.66484,0.662,0.66277,60648.30859375
2019-12-25 00:00:00,0.66276,0.66452,0.662,0.66425,2902.330078125
2019-12-26 00:00:00,0.66424,0.66764,0.66399,0.66726,26764.66015625
2019-12-27 00:00:00,0.66727,0.67103,0.66664,0.66961,64825.140625
2019-12-28 00:00:00,0.66961,0.66961,0.66961,0.66961,0.0
2019-12-29 00:00:00,0.66937,0.67095,0.66937,0.67032,2547.409912109375
2019-12-30 00:00:00,0.67032,0.67362,0.67032,0.67327,73770.40625
2019-12-31 00:00:00,0.67328,0.67554,0.6719,0.67304,59272.921875
2020-01-01 00:00:00,0.67167,0.67369,0.6716,0.67356,3966.02001953125
2020-01-02 00:00:00,0.67357,0.6739,0.66841,0.66979,80975.6328125
2020-01-03 00:00:00,0.6698,0.66987,0.66438,0.66625,82067.03125
2020-01-04 00:00:00,0.66625,0.66625,0.66625,0.66625,0.0
2020-01-05 00:00:00,0.66578,0.66589,0.66509,0.66537,5149.7998046875
2020-01-06 00:00:00,0.66536,0.66797,0.66439,0.66678,77498.21875
2020-01-07 00:00:00,0.66678,0.66788,0.66247,0.66304,71077.2578125
2020-01-08 00:00:00,0.66302,0.66719,0.6617,0.66535,99083.671875
2020-01-09 00:00:00,0.66537,0.6658,0.65997,0.66065,65407.3203125
2020-01-10 00:00:00,0.66066,0.66446,0.66013,0.66289,65986.8515625
2020-01-11 00:00:00,0.66289,0.66289,0.66289,0.66289,0.0
2020-01-12 00:00:00,0.6638,0.6641,0.66333,0.66364,3073.6298828125
2020-01-13 00:00:00,0.66364,0.66525,0.66199,0.66244,67307.3203125
2020-01-14 00:00:00,0.66244,0.66339,0.6603,0.66061,67133.4609375
2020-01-15 00:00:00,0.66061,0.66203,0.65835,0.66188,55246.58984375
2020-01-16 00:00:00,0.66187,0.6665,0.66177,0.66365,63965.98828125
2020-01-17 00:00:00,0.66364,0.66503,0.66068,0.66083,52306.16015625
2020-01-18 00:00:00,0.66083,0.66083,0.66083,0.66083,0.0
2020-01-19 00:00:00,0.66121,0.66196,0.66081,0.6618,3299.330078125
2020-01-20 00:00:00,0.66181,0.6624,0.65917,0.66062,37707.890625
2020-01-21 00:00:00,0.66062,0.66147,0.65874,0.65946,62888.0703125
2020-01-22 00:00:00,0.65946,0.66103,0.6581,0.65943,51693.5390625
2020-01-23 00:00:00,0.65942,0.66238,0.65806,0.66178,77676.1875
2020-01-24 00:00:00,0.66176,0.6629,0.65987,0.66005,51221.23828125
2020-01-25 00:00:00,0.66005,0.66005,0.66005,0.66005,0.0
2020-01-26 00:00:00,0.65828,0.65965,0.65702,0.65725,6482.39013671875
2020-01-27 00:00:00,0.65725,0.65899,0.65409,0.65444,60651.16015625
2020-01-28 00:00:00,0.65443,0.65539,0.65204,0.65389,56400.2109375
2020-01-29 00:00:00,0.65387,0.65427,0.65053,0.65269,54020.01953125
2020-01-30 00:00:00,0.65268,0.65284,0.64796,0.6483,65411.78125
2020-01-31 00:00:00,0.64831,0.64946,0.64537,0.64622,61470.671875
2020-02-01 00:00:00,0.64622,0.64622,0.64622,0.64622,0.0
2020-02-02 00:00:00,0.64681,0.64691,0.64555,0.64576,5010.9501953125
2020-02-03 00:00:00,0.64574,0.64767,0.64522,0.64596,68640.3671875
2020-02-04 00:00:00,0.64595,0.65019,0.64491,0.64917,71978.3515625
2020-02-05 00:00:00,0.64917,0.65027,0.64688,0.64804,72174.9921875
2020-02-06 00:00:00,0.64804,0.64837,0.64535,0.64592,60562.140625
2020-02-07 00:00:00,0.64593,0.64601,0.63976,0.64005,60794.05078125
2020-02-08 00:00:00,0.64005,0.64005,0.64005,0.64005,0.0
2020-02-09 00:00:00,0.64017,0.64074,0.63967,0.63975,5147.43017578125
2020-02-10 00:00:00,0.63975,0.6417,0.63805,0.63874,66367.3828125
2020-02-11 00:00:00,0.63875,0.6421,0.63779,0.6405,61602.76171875
2020-02-12 00:00:00,0.64049,0.64871,0.6403,0.64452,141745.8125
2020-02-13 00:00:00,0.64455,0.64661,0.64314,0.64408,182453.34375
2020-02-14 00:00:00,0.64408,0.6444,0.64227,0.6428,69221.7109375
2020-02-15 00:00:00,0.6428,0.6428,0.6428,0.6428,0.0
2020-02-16 00:00:00,0.64448,0.64472,0.64382,0.6445,2819.320068359375
2020-02-17 00:00:00,0.6445,0.6445,0.642,0.6437,44492.73828125
2020-02-18 00:00:00,0.64369,0.64369,0.63811,0.63935,60400.9296875
2020-02-19 00:00:00,0.6394,0.64105,0.63706,0.63883,53255.3203125
2020-02-20 00:00:00,0.63883,0.63946,0.63245,0.63322,62977.26953125
2020-02-21 00:00:00,0.6332,0.63566,0.63028,0.63425,70947.0
2020-02-22 00:00:00,0.63425,0.63425,0.63425,0.63425,0.0
2020-02-23 00:00:00,0.63117,0.63269,0.63113,0.63212,8259.2998046875
2020-02-24 00:00:00,0.6321,0.63559,0.63032,0.63418,90235.8125
2020-02-25 00:00:00,0.63418,0.6358,0.63107,0.63207,91036.7265625
2020-02-26 00:00:00,0.63207,0.63211,0.62831,0.6287,102333.1015625
2020-02-27 00:00:00,0.62869,0.63343,0.62838,0.631,110139.03125
2020-02-28 00:00:00,0.63103,0.63138,0.61911,0.6245,141289.15625
2020-02-29 00:00:00,0.6245,0.6245,0.6245,0.6245,0.0
2020-03-01 00:00:00,0.61934,0.62328,0.61933,0.62269,5190.64990234375
2020-03-02 00:00:00,0.62269,0.62787,0.62037,0.62661,126186.2734375
2020-03-03 00:00:00,0.62661,0.63252,0.62461,0.62695,133725.375
2020-03-04 00:00:00,0.62695,0.63052,0.62695,0.62998,84139.9296875
2020-03-05 00:00:00,0.62996,0.6334,0.62799,0.63124,73991.9296875
2020-03-06 00:00:00,0.63121,0.63721,0.62938,0.63535,108883.8671875
2020-03-07 00:00:00,0.63535,0.63535,0.63535,0.63535,0.0
2020-03-08 00:00:00,0.63098,0.63396,0.63088,0.6326,15725.4599609375
2020-03-09 00:00:00,0.63262,0.64476,0.60038,0.63364,229117.453125
2020-03-10 00:00:00,0.63373,0.63426,0.6242,0.62633,147857.4375
2020-03-11 00:00:00,0.62633,0.63423,0.62566,0.62635,130418.046875
2020-03-12 00:00:00,0.62632,0.62756,0.60844,0.61135,278952.25
2020-03-13 00:00:00,0.61138,0.61597,0.60171,0.60574,159849.03125
2020-03-14 00:00:00,0.60574,0.60574,0.60574,0.60574,0.0
2020-03-15 00:00:00,0.59904,0.61498,0.59864,0.605,23183.349609375
2020-03-16 00:00:00,0.60499,0.61307,0.59839,0.60417,187438.84375
2020-03-17 00:00:00,0.60416,0.60955,0.59147,0.59466,152255.40625
2020-03-18 00:00:00,0.59461,0.59678,0.56845,0.57135,201923.609375
2020-03-19 00:00:00,0.57136,0.59162,0.54684,0.56831,244926.515625
2020-03-20 00:00:00,0.56833,0.58811,0.56471,0.5702,190125.1875
2020-03-21 00:00:00,0.5702,0.5702,0.5702,0.5702,0.0
2020-03-22 00:00:00,0.56666,0.56809,0.55871,0.56245,29462.01953125
2020-03-23 00:00:00,0.56246,0.57516,0.55944,0.57395,221738.203125
2020-03-24 00:00:00,0.57394,0.5846,0.57342,0.58226,173738.203125
2020-03-25 00:00:00,0.58221,0.59122,0.57866,0.58041,181922.0625
2020-03-26 00:00:00,0.5804,0.59882,0.57765,0.59739,171658.203125
2020-03-27 00:00:00,0.59742,0.60686,0.5909,0.60338,153651.484375
2020-03-28 00:00:00,0.60338,0.60338,0.60338,0.60338,0.0
2020-03-29 00:00:00,0.60289,0.60596,0.59935,0.60483,11948.73046875
2020-03-30 00:00:00,0.60484,0.60629,0.59832,0.60085,146563.265625
2020-03-31 00:00:00,0.60085,0.60383,0.59087,0.59485,189281.296875
2020-04-01 00:00:00,0.59484,0.59774,0.58785,0.59343,128815.640625
2020-04-02 00:00:00,0.59341,0.59729,0.58798,0.59142,127506.703125
2020-04-03 00:00:00,0.59141,0.59166,0.58429,0.5848,119035.2421875
2020-04-04 00:00:00,0.5848,0.5848,0.5848,0.5848,0.0
2020-04-05 00:00:00,0.58705,0.58764,0.58505,0.58518,6897.1298828125
2020-04-06 00:00:00,0.58518,0.59629,0.58496,0.59462,122243.5234375
2020-04-07 00:00:00,0.59463,0.60152,0.59342,0.59607,147727.1875
2020-04-08 00:00:00,0.59607,0.60305,0.59395,0.60139,103023.5390625
2020-04-09 00:00:00,0.60137,0.60961,0.59849,0.60696,110025.5
2020-04-10 00:00:00,0.60696,0.61026,0.60557,0.60653,55725.0
2020-04-11 00:00:00,0.60653,0.60653,0.60653,0.60653,0.0
2020-04-12 00:00:00,0.6077,0.60907,0.60633,0.60746,3165.75
2020-04-13 00:00:00,0.60749,0.6111,0.60592,0.60995,60481.44921875
2020-04-14 00:00:00,0.60994,0.61303,0.60647,0.61,92850.3984375
2020-04-15 00:00:00,0.61003,0.61011,0.59547,0.59947,115396.8984375
2020-04-16 00:00:00,0.5995,0.60225,0.5921,0.59989,139453.34375
2020-04-17 00:00:00,0.59989,0.6051,0.59666,0.60265,119613.1484375
2020-04-18 00:00:00,0.60265,0.60265,0.60265,0.60265,0.0
2020-04-19 00:00:00,0.60317,0.60503,0.60125,0.60128,4335.16015625
2020-04-20 00:00:00,0.60128,0.60915,0.60084,0.60411,101320.21875
2020-04-21 00:00:00,0.60412,0.60442,0.59332,0.5962,117032.5703125
2020-04-22 00:00:00,0.5962,0.60034,0.59201,0.59215,80474.7890625
2020-04-23 00:00:00,0.59221,0.60414,0.59101,0.60042,101514.21875
2020-04-24 00:00:00,0.60045,0.60182,0.59753,0.60111,66819.03125
2020-04-25 00:00:00,0.60111,0.60111,0.60111,0.60111,0.0
2020-04-26 00:00:00,0.59988,0.6024,0.59978,0.60208,3004.320068359375
2020-04-27 00:00:00,0.60207,0.60749,0.60157,0.60238,71803.4375
2020-04-28 00:00:00,0.60238,0.60815,0.59916,0.60758,75958.28125
2020-04-29 00:00:00,0.60758,0.61431,0.60746,0.61395,64649.96875
2020-04-30 00:00:00,0.61394,0.61755,0.60979,0.61188,91327.3828125
2020-05-01 00:00:00,0.61189,0.61232,0.60464,0.60557,57455.76171875
2020-05-02 00:00:00,0.60557,0.60557,0.60557,0.60557,0.0
2020-05-03 00:00:00,0.60542,0.60562,0.60132,0.60148,6191.22998046875
2020-05-04 00:00:00,0.60147,0.60599,0.6008,0.60491,66318.546875
2020-05-05 00:00:00,0.60492,0.60768,0.60326,0.60519,66526.90625
2020-05-06 00:00:00,0.60522,0.60726,0.59943,0.6007,99554.46875
2020-05-07 00:00:00,0.60072,0.60992,0.60072,0.60938,85980.0390625
2020-05-08 00:00:00,0.60936,0.61477,0.60894,0.61353,64772.7890625
2020-05-09 00:00:00,0.61353,0.61353,0.61353,0.61353,0.0
2020-05-10 00:00:00,0.61452,0.61461,0.61225,0.61403,4273.669921875
2020-05-11 00:00:00,0.61403,0.61558,0.60536,0.60764,60926.7109375
2020-05-12 00:00:00,0.60766,0.61231,0.60406,0.60649,84459.9375
2020-05-13 00:00:00,0.60649,0.60981,0.59797,0.59953,131516.453125
2020-05-14 00:00:00,0.59958,0.60159,0.59567,0.60116,110901.8671875
2020-05-15 00:00:00,0.60116,0.6014,0.59206,0.59284,90060.6875
2020-05-16 00:00:00,0.59284,0.59284,0.59284,0.59284,0.0
2020-05-17 00:00:00,0.5935,0.59437,0.59232,0.5935,5616.25
2020-05-18 00:00:00,0.5935,0.60493,0.59288,0.60391,74492.8203125
2020-05-19 00:00:00,0.60391,0.6119,0.60337,0.6085,78020.6484375
2020-05-20 00:00:00,0.6085,0.61577,0.60837,0.61463,82188.7421875
2020-05-21 00:00:00,0.61462,0.61494,0.61055,0.6122,91606.890625
2020-05-22 00:00:00,0.6122,0.61264,0.60806,0.60943,81104.4296875
2020-05-23 00:00:00,0.60943,0.60943,0.60943,0.60943,0.0
2020-05-24 00:00:00,0.60967,0.61058,0.60866,0.61027,4564.97998046875
2020-05-25 00:00:00,0.61033,0.6108,0.60833,0.61074,61428.98046875
2020-05-26 00:00:00,0.61076,0.62283,0.60989,0.61963,88043.6484375
2020-05-27 00:00:00,0.61964,0.62322,0.61489,0.61868,116607.2421875
2020-05-28 00:00:00,0.61868,0.62278,0.61693,0.61965,107915.2890625
2020-05-29 00:00:00,0.61964,0.62395,0.61681,0.61992,118584.546875
2020-05-30 00:00:00,0.61992,0.61992,0.61992,0.61992,0.0
2020-05-31 00:00:00,0.61948,0.62054,0.6185,0.61969,4851.009765625
2020-06-01 00:00:00,0.61967,0.63014,0.61958,0.62809,100494.953125
2020-06-02 00:00:00,0.62809,0.63894,0.62625,0.63821,108794.328125
2020-06-03 00:00:00,0.63823,0.64434,0.63656,0.6427,127358.078125
2020-06-04 00:00:00,0.64269,0.64776,0.64034,0.64615,115236.359375
2020-06-05 00:00:00,0.64614,0.65276,0.64586,0.65048,120188.3671875
2020-06-06 00:00:00,0.65048,0.65048,0.65048,0.65048,0.0
2020-06-07 00:00:00,0.65024,0.65359,0.65023,0.65327,4445.39990234375
2020-06-08 00:00:00,0.65328,0.65684,0.65077,0.6566,77930.0625
2020-06-09 00:00:00,0.65657,0.658,0.64685,0.6497,99932.2578125
2020-06-10 00:00:00,0.64976,0.65844,0.64946,0.65101,119090.859375
2020-06-11 00:00:00,0.65101,0.65383,0.64049,0.64118,156965.46875
2020-06-12 00:00:00,0.64121,0.64766,0.63934,0.64433,169260.6875
2020-06-13 00:00:00,0.64433,0.64433,0.64433,0.64433,0.0
2020-06-14 00:00:00,0.64409,0.64527,0.6412,0.64169,10441.9599609375
2020-06-15 00:00:00,0.64169,0.65004,0.63804,0.64997,166034.125
2020-06-16 00:00:00,0.64995,0.65061,0.64116,0.64578,153305.125
2020-06-17 00:00:00,0.64579,0.64786,0.64288,0.64446,117185.28125
2020-06-18 00:00:00,0.64447,0.6466,0.6418,0.64272,126280.75
2020-06-19 00:00:00,0.64275,0.64574,0.64001,0.64052,117594.59375
2020-06-20 00:00:00,0.64052,0.64052,0.64052,0.64052,0.0
2020-06-21 00:00:00,0.63812,0.64036,0.63803,0.63979,5323.25
2020-06-22 00:00:00,0.63983,0.64969,0.6394,0.64925,90740.8125
2020-06-23 00:00:00,0.64926,0.65326,0.64359,0.64998,114192.90625
2020-06-24 00:00:00,0.65005,0.65136,0.64001,0.64015,119170.25
2020-06-25 00:00:00,0.64015,0.64423,0.63985,0.643,103281.78125
2020-06-26 00:00:00,0.64297,0.64502,0.64019,0.64191,80840.0625
2020-06-27 00:00:00,0.64191,0.64191,0.64191,0.64191,0.0
2020-06-28 00:00:00,0.64002,0.64219,0.64002,0.64168,4352.97021484375
2020-06-29 00:00:00,0.6417,0.64427,0.64036,0.64269,88735.3125
2020-06-30 00:00:00,0.64269,0.6461,0.63848,0.64494,93503.953125
2020-07-01 00:00:00,0.64494,0.64922,0.64399,0.64779,83525.453125
2020-07-02 00:00:00,0.64778,0.65364,0.64744,0.65078,87235.2890625
2020-07-03 00:00:00,0.65078,0.65438,0.65009,0.6518,56448.2890625
2020-07-04 00:00:00,0.6518,0.6518,0.6518,0.6518,0.0
2020-07-05 00:00:00,0.65227,0.65393,0.65166,0.65368,2701.800048828125
2020-07-06 00:00:00,0.6537,0.65656,0.65317,0.65573,77836.96875
2020-07-07 00:00:00,0.65573,0.65799,0.65189,0.65481,91003.9921875
2020-07-08 00:00:00,0.65481,0.65791,0.65293,0.65725,90318.84375
2020-07-09 00:00:00,0.65725,0.66001,0.65506,0.6568,106710.3984375
2020-07-10 00:00:00,0.65686,0.65881,0.65459,0.65716,91171.5234375
2020-07-11 00:00:00,0.65716,0.65716,0.65716,0.65716,0.0
2020-07-12 00:00:00,0.65694,0.65798,0.65692,0.65718,4605.97021484375
2020-07-13 00:00:00,0.65719,0.65929,0.65346,0.65346,99931.4375
2020-07-14 00:00:00,0.65347,0.65443,0.65024,0.65431,135111.328125
2020-07-15 00:00:00,0.65431,0.65837,0.65401,0.65725,103550.21875
2020-07-16 00:00:00,0.65724,0.65724,0.65274,0.6539,96909.8671875
2020-07-17 00:00:00,0.65393,0.65652,0.65321,0.65547,57786.5703125
2020-07-18 00:00:00,0.65547,0.65547,0.65547,0.65547,0.0
2020-07-19 00:00:00,0.65498,0.65632,0.65409,0.65611,2874.179931640625
2020-07-20 00:00:00,0.65612,0.65819,0.65382,0.65795,94702.109375
2020-07-21 00:00:00,0.65794,0.66495,0.65589,0.66468,85087.1875
2020-07-22 00:00:00,0.66469,0.6689,0.66321,0.66552,129942.9375
2020-07-23 00:00:00,0.66552,0.66896,0.6625,0.66332,104511.6875
2020-07-24 00:00:00,0.6633,0.66534,0.66144,0.66402,136444.796875
2020-07-25 00:00:00,0.66402,0.66402,0.66402,0.66402,0.0
2020-07-26 00:00:00,0.66241,0.66491,0.66235,0.66426,5038.1298828125
2020-07-27 00:00:00,0.66427,0.66928,0.66427,0.6687,92260.71875
2020-07-28 00:00:00,0.66871,0.67022,0.66328,0.66585,102828.40625
2020-07-29 00:00:00,0.66585,0.66793,0.66407,0.66535,92353.7421875
2020-07-30 00:00:00,0.66535,0.67012,0.66197,0.66945,109939.7578125
2020-07-31 00:00:00,0.66948,0.67152,0.66225,0.66275,124837.921875
2020-08-01 00:00:00,0.66275,0.66275,0.66275,0.66275,0.0
2020-08-02 00:00:00,0.66225,0.66393,0.66219,0.66337,7534.83984375
2020-08-03 00:00:00,0.66338,0.66423,0.6575,0.66132,85146.96875
2020-08-04 00:00:00,0.66132,0.66461,0.65889,0.66441,72029.0390625
2020-08-05 00:00:00,0.66439,0.66733,0.66297,0.66458,80253.40625
2020-08-06 00:00:00,0.66458,0.669,0.66278,0.66821,92047.7890625
2020-08-07 00:00:00,0.66824,0.669,0.65882,0.65952,97213.7421875
2020-08-08 00:00:00,0.65952,0.65952,0.65952,0.65952,0.0
2020-08-09 00:00:00,0.66054,0.66092,0.65912,0.65983,4350.2099609375
2020-08-10 00:00:00,0.65989,0.66117,0.65773,0.65915,55980.55078125
2020-08-11 00:00:00,0.65916,0.66264,0.65635,0.6568,91712.7890625
2020-08-12 00:00:00,0.6568,0.66,0.65236,0.65765,86949.5234375
2020-08-13 00:00:00,0.65761,0.65981,0.65362,0.65449,77538.8984375
2020-08-14 00:00:00,0.65448,0.65588,0.65259,0.654,57512.96875
2020-08-15 00:00:00,0.654,0.654,0.654,0.654,0.0
2020-08-16 00:00:00,0.65429,0.65522,0.6534,0.65425,3565.35009765625
2020-08-17 00:00:00,0.65425,0.65733,0.6519,0.65517,66872.1796875
2020-08-18 00:00:00,0.65516,0.66103,0.65337,0.66085,111266.9921875
2020-08-19 00:00:00,0.66086,0.66509,0.6553,0.65604,116134.5
2020-08-20 00:00:00,0.65605,0.65707,0.64884,0.65398,107769.609375
2020-08-21 00:00:00,0.65394,0.6549,0.65163,0.65359,115727.6171875
2020-08-22 00:00:00,0.65359,0.65359,0.65359,0.65359,0.0
2020-08-23 00:00:00,0.65303,0.65431,0.65287,0.6536,3821.6201171875
2020-08-24 00:00:00,0.65359,0.65644,0.65213,0.6526,105379.8515625
2020-08-25 00:00:00,0.6526,0.65581,0.65147,0.65506,151970.03125
2020-08-26 00:00:00,0.65504,0.66331,0.65431,0.66309,136696.578125
2020-08-27 00:00:00,0.66308,0.66747,0.65998,0.66437,197655.53125
2020-08-28 00:00:00,0.66437,0.67435,0.66368,0.67377,161583.453125
2020-08-29 00:00:00,0.67377,0.67377,0.67377,0.67377,0.0
2020-08-30 00:00:00,0.67279,0.67447,0.67186,0.67431,3207.280029296875
2020-08-31 00:00:00,0.67431,0.67629,0.67186,0.67322,655765.9375
2020-09-01 00:00:00,0.67323,0.67789,0.67295,0.67671,113403.4921875
2020-09-02 00:00:00,0.67671,0.67886,0.67412,0.67642,91736.1171875
2020-09-03 00:00:00,0.67643,0.67725,0.66877,0.66889,101296.4296875
2020-09-04 00:00:00,0.6689,0.67348,0.66671,0.67165,128339.3984375
2020-09-05 00:00:00,0.67165,0.67165,0.67165,0.67165,0.0
2020-09-06 00:00:00,0.6714,0.67218,0.6706,0.67109,5300.22998046875
2020-09-07 00:00:00,0.67109,0.67162,0.66882,0.66901,56142.30078125
2020-09-08 00:00:00,0.669,0.67066,0.66006,0.66105,99873.2890625
2020-09-09 00:00:00,0.66109,0.6687,0.66104,0.66786,87513.3203125
2020-09-10 00:00:00,0.66787,0.67082,0.66385,0.66455,109198.953125
2020-09-11 00:00:00,0.66457,0.66948,0.66407,0.66616,81439.4609375
2020-09-12 00:00:00,0.66616,0.66616,0.66616,0.66616,0.0
2020-09-13 00:00:00,0.66583,0.66863,0.66583,0.66859,3524.429931640625
2020-09-14 00:00:00,0.66859,0.67177,0.66761,0.66971,59733.2109375
2020-09-15 00:00:00,0.66971,0.67361,0.66833,0.67084,72937.2890625
2020-09-16 00:00:00,0.67084,0.67587,0.67021,0.67228,145374.875
2020-09-17 00:00:00,0.67226,0.67683,0.66745,0.67629,106191.859375
2020-09-18 00:00:00,0.67625,0.67973,0.6754,0.6754,86520.71875
2020-09-19 00:00:00,0.6754,0.6754,0.6754,0.6754,0.0
2020-09-20 00:00:00,0.67526,0.67693,0.67526,0.67575,7076.68017578125
2020-09-21 00:00:00,0.67574,0.67775,0.66513,0.66638,119724.578125
2020-09-22 00:00:00,0.66638,0.66871,0.6622,0.663,114917.5390625
2020-09-23 00:00:00,0.66299,0.66475,0.65351,0.65419,123660.9609375
2020-09-24 00:00:00,0.65418,0.65612,0.6511,0.65474,99725.59375
2020-09-25 00:00:00,0.65475,0.65919,0.65272,0.65435,97987.6015625
2020-09-26 00:00:00,0.65435,0.65435,0.65435,0.65435,0.0
2020-09-27 00:00:00,0.65442,0.6556,0.65418,0.65497,4623.2001953125
2020-09-28 00:00:00,0.65499,0.65682,0.65392,0.65654,81822.359375
2020-09-29 00:00:00,0.65655,0.66023,0.65519,0.66005,72690.3828125
2020-09-30 00:00:00,0.66006,0.66285,0.6569,0.66207,108056.296875
2020-10-01 00:00:00,0.66208,0.66568,0.6616,0.66503,91189.4921875
2020-10-02 00:00:00,0.66503,0.66542,0.6613,0.66381,116285.09375
2020-10-03 00:00:00,0.66381,0.66381,0.66381,0.66381,0.0
2020-10-04 00:00:00,0.66355,0.66438,0.66318,0.66379,5234.89013671875
2020-10-05 00:00:00,0.6638,0.66542,0.66291,0.66528,76123.3671875
2020-10-06 00:00:00,0.66529,0.66575,0.65765,0.65893,104418.3125
2020-10-07 00:00:00,0.65896,0.66002,0.65706,0.65721,71799.578125
2020-10-08 00:00:00,0.65722,0.65963,0.65462,0.65883,72140.171875
2020-10-09 00:00:00,0.65883,0.66721,0.65878,0.66641,59676.4296875
2020-10-10 00:00:00,0.66641,0.66641,0.66641,0.66641,0.0
2020-10-11 00:00:00,0.6652,0.66671,0.66514,0.66634,4620.2099609375
2020-10-12 00:00:00,0.66634,0.66699,0.66405,0.66478,59784.16015625
2020-10-13 00:00:00,0.66478,0.66707,0.6628,0.66539,66222.2265625
2020-10-14 00:00:00,0.66539,0.66816,0.66438,0.66559,73053.59375
2020-10-15 00:00:00,0.66557,0.66622,0.65758,0.65975,80386.9296875
2020-10-16 00:00:00,0.65975,0.66187,0.65864,0.66002,80454.390625
2020-10-17 00:00:00,0.66002,0.66002,0.66002,0.66002,0.0
2020-10-18 00:00:00,0.66103,0.66177,0.66002,0.66165,4633.419921875
2020-10-19 00:00:00,0.66167,0.6646,0.65858,0.65917,60624.359375
2020-10-20 00:00:00,0.65918,0.65953,0.65524,0.65794,58992.6484375
2020-10-21 00:00:00,0.65794,0.66772,0.65774,0.66431,73532.0625
2020-10-22 00:00:00,0.66433,0.66884,0.66318,0.66717,74539.8125
2020-10-23 00:00:00,0.66716,0.67045,0.66558,0.66833,57736.83984375
2020-10-24 00:00:00,0.66833,0.66833,0.66833,0.66833,0.0
2020-10-25 00:00:00,0.66758,0.66909,0.66751,0.66828,7438.18017578125
2020-10-26 00:00:00,0.66826,0.6697,0.66699,0.6675,85218.7890625
2020-10-27 00:00:00,0.66753,0.67238,0.66746,0.66994,61392.05859375
2020-10-28 00:00:00,0.66994,0.67194,0.66281,0.6648,93043.046875
2020-10-29 00:00:00,0.6648,0.66594,0.65965,0.66283,85543.0703125
2020-10-30 00:00:00,0.66282,0.66707,0.65976,0.661,102065.25
2020-10-31 00:00:00,0.661,0.661,0.661,0.661,0.0
2020-11-01 00:00:00,0.66097,0.66102,0.65916,0.6597,6471.43994140625
2020-11-02 00:00:00,0.65969,0.66348,0.65888,0.66309,75826.7890625
2020-11-03 00:00:00,0.66308,0.67313,0.66209,0.67273,83934.6796875
2020-11-04 00:00:00,0.67274,0.67434,0.66134,0.66985,164029.625
2020-11-05 00:00:00,0.66986,0.67775,0.66785,0.67633,120920.9921875
2020-11-06 00:00:00,0.67633,0.68018,0.67599,0.67714,94610.78125
2020-11-07 00:00:00,0.67714,0.67714,0.67714,0.67714,0.0
2020-11-08 00:00:00,0.67866,0.68001,0.6783,0.6796,4092.56005859375
2020-11-09 00:00:00,0.67961,0.68546,0.6789,0.68238,138565.984375
2020-11-10 00:00:00,0.68239,0.68397,0.68031,0.68266,103245.0
2020-11-11 00:00:00,0.68265,0.69035,0.68083,0.69007,89655.09375
2020-11-12 00:00:00,0.69005,0.69142,0.68286,0.68376,70941.671875
2020-11-13 00:00:00,0.68381,0.68485,0.68102,0.68447,56723.75
2020-11-14 00:00:00,0.68447,0.68447,0.68447,0.68447,0.0
2020-11-15 00:00:00,0.68422,0.68746,0.68404,0.68693,2835.360107421875
2020-11-16 00:00:00,0.68691,0.69092,0.68618,0.69062,63162.78125
2020-11-17 00:00:00,0.69061,0.69185,0.68749,0.68903,61969.921875
2020-11-18 00:00:00,0.68903,0.69449,0.68752,0.69182,63413.6484375
2020-11-19 00:00:00,0.69181,0.69281,0.68784,0.69043,80899.140625
2020-11-20 00:00:00,0.69043,0.69504,0.69043,0.69224,72107.59375
2020-11-21 00:00:00,0.69224,0.69224,0.69224,0.69224,0.0
2020-11-22 00:00:00,0.69266,0.69456,0.69266,0.69445,4500.60986328125
2020-11-23 00:00:00,0.69444,0.69673,0.68964,0.69289,67127.3828125
2020-11-24 00:00:00,0.69288,0.70045,0.69235,0.69778,80653.3515625
2020-11-25 00:00:00,0.69778,0.70147,0.69598,0.70026,72624.6328125
2020-11-26 00:00:00,0.70025,0.70137,0.69926,0.7002,47518.16015625
2020-11-27 00:00:00,0.70021,0.70391,0.70016,0.70145,63016.94140625
2020-11-28 00:00:00,0.70145,0.70145,0.70145,0.70145,0.0
2020-11-29 00:00:00,0.70268,0.70426,0.70246,0.70344,1963.489990234375
2020-11-30 00:00:00,0.70343,0.70507,0.70072,0.70183,79847.6796875
2020-12-01 00:00:00,0.70184,0.70727,0.70183,0.70686,68152.359375
2020-12-02 00:00:00,0.70685,0.70837,0.70314,0.70704,74129.90625
2020-12-03 00:00:00,0.70704,0.71039,0.70503,0.707,64165.828125
2020-12-04 00:00:00,0.70701,0.70788,0.70272,0.70376,70170.53125
2020-12-05 00:00:00,0.70376,0.70376,0.70376,0.70376,0.0
2020-12-06 00:00:00,0.70412,0.70485,0.70391,0.70397,2445.590087890625
2020-12-07 00:00:00,0.70393,0.70636,0.70053,0.70379,66379.4921875
2020-12-08 00:00:00,0.70379,0.70536,0.7023,0.70393,69456.171875
2020-12-09 00:00:00,0.70394,0.70943,0.70105,0.7015,74089.15625
2020-12-10 00:00:00,0.70151,0.70992,0.70135,0.70918,82732.4375
2020-12-11 00:00:00,0.70922,0.71134,0.70736,0.70828,67643.2578125
2020-12-12 00:00:00,0.70828,0.70828,0.70828,0.70828,0.0
2020-12-13 00:00:00,0.70987,0.71023,0.70896,0.70975,2501.389892578125
2020-12-14 00:00:00,0.70975,0.71198,0.70747,0.70832,57671.03125
2020-12-15 00:00:00,0.70834,0.70979,0.70589,0.70862,61451.80859375
2020-12-16 00:00:00,0.70863,0.71205,0.70536,0.71079,69657.1171875
2020-12-17 00:00:00,0.7108,0.71711,0.71012,0.7146,57838.328125
2020-12-18 00:00:00,0.71454,0.71522,0.71097,0.71347,65315.51171875
2020-12-19 00:00:00,0.71347,0.71347,0.71347,0.71347,0.0
2020-12-20 00:00:00,0.71108,0.71232,0.71019,0.71034,2647.56005859375
2020-12-21 00:00:00,0.71034,0.71133,0.70021,0.70953,109815.7734375
2020-12-22 00:00:00,0.70953,0.70991,0.70307,0.70544,78479.09375
2020-12-23 00:00:00,0.70544,0.7104,0.70293,0.70994,80148.8671875
2020-12-24 00:00:00,0.70993,0.71174,0.70796,0.70859,56024.25
2020-12-25 00:00:00,0.7093,0.71147,0.70828,0.71063,503.5299987792969
2020-12-26 00:00:00,0.71063,0.71063,0.71063,0.71063,0.0
2020-12-27 00:00:00,0.71047,0.71176,0.70997,0.71153,3513.43994140625
2020-12-28 00:00:00,0.71155,0.71388,0.7083,0.71064,56545.921875
2020-12-29 00:00:00,0.71064,0.71642,0.71051,0.71488,54349.78125
2020-12-30 00:00:00,0.71489,0.7215,0.71456,0.72136,62302.05078125
2020-12-31 00:00:00,0.72137,0.72408,0.71806,0.71819,63313.5
2021-01-01 00:00:00,0.71819,0.71819,0.71819,0.71819,0.0
2021-01-02 00:00:00,0.71819,0.71819,0.71819,0.71819,0.0
2021-01-03 00:00:00,0.7191,0.71978,0.71837,0.71953,2547.35009765625
2021-01-04 00:00:00,0.71953,0.72303,0.71523,0.71777,113710.640625
2021-01-05 00:00:00,0.71774,0.7259,0.71721,0.72531,118545.9765625
2021-01-06 00:00:00,0.72535,0.7315,0.7235,0.7304,171171.59375
2021-01-07 00:00:00,0.7304,0.73044,0.72243,0.72648,139288.703125
2021-01-08 00:00:00,0.7265,0.7281,0.72039,0.72357,152805.765625
2021-01-09 00:00:00,0.72357,0.72357,0.72357,0.72357,0.0
2021-01-10 00:00:00,0.72302,0.72323,0.71944,0.72,5252.47021484375
2021-01-11 00:00:00,0.72001,0.72081,0.7146,0.7173,115640.71875
2021-01-12 00:00:00,0.71731,0.72313,0.71567,0.72279,97756.703125
2021-01-13 00:00:00,0.72278,0.72393,0.71655,0.71894,104114.7734375
2021-01-14 00:00:00,0.71895,0.72403,0.71706,0.72163,86081.5
2021-01-15 00:00:00,0.72163,0.7229,0.71182,0.71293,96557.453125
2021-01-16 00:00:00,0.71293,0.71293,0.71293,0.71293,0.0
2021-01-17 00:00:00,0.714,0.71402,0.71169,0.71169,2495.7900390625
2021-01-18 00:00:00,0.71173,0.71352,0.70959,0.71148,67123.71875
2021-01-19 00:00:00,0.71147,0.71404,0.71021,0.7129,85065.6875
2021-01-20 00:00:00,0.7129,0.71946,0.71156,0.71839,87002.703125
2021-01-21 00:00:00,0.71838,0.72226,0.7175,0.72133,91849.453125
2021-01-22 00:00:00,0.72135,0.72251,0.71664,0.71786,97125.9609375
2021-01-23 00:00:00,0.71786,0.71786,0.71786,0.71786,0.0
2021-01-24 00:00:00,0.71778,0.71856,0.71712,0.71793,2064.949951171875
2021-01-25 00:00:00,0.71795,0.72165,0.71704,0.71988,94941.2265625
2021-01-26 00:00:00,0.71986,0.72472,0.71668,0.72376,74545.9375
2021-01-27 00:00:00,0.72376,0.72445,0.71361,0.71406,131838.578125
2021-01-28 00:00:00,0.71411,0.71953,0.71051,0.71731,123058.2109375
2021-01-29 00:00:00,0.7173,0.72253,0.71504,0.71782,146619.078125
2021-01-30 00:00:00,0.71782,0.71782,0.71782,0.71782,0.0
2021-01-31 00:00:00,0.71556,0.71712,0.71501,0.71638,5215.7001953125
2021-02-01 00:00:00,0.71638,0.72025,0.71524,0.71638,109653.1875
2021-02-02 00:00:00,0.71638,0.72064,0.71346,0.71924,96257.8671875
2021-02-03 00:00:00,0.71922,0.72249,0.71832,0.72211,89499.7734375
2021-02-04 00:00:00,0.72213,0.72248,0.71464,0.71579,80605.34375
2021-02-05 00:00:00,0.71579,0.72062,0.71357,0.71992,73653.3984375
2021-02-06 00:00:00,0.71992,0.71992,0.71992,0.71992,0.0
2021-02-07 00:00:00,0.71881,0.72121,0.71872,0.72102,3083.929931640625
2021-02-08 00:00:00,0.72101,0.7232,0.71776,0.72261,67587.8671875
2021-02-09 00:00:00,0.72261,0.72538,0.72154,0.72404,88406.90625
2021-02-10 00:00:00,0.72406,0.7245,0.71991,0.72171,92872.53125
2021-02-11 00:00:00,0.72171,0.72504,0.7204,0.72304,64169.51171875
2021-02-12 00:00:00,0.72303,0.72323,0.71751,0.72144,46435.640625
2021-02-13 00:00:00,0.72144,0.72144,0.72144,0.72144,0.0
2021-02-14 00:00:00,0.7205,0.72224,0.72049,0.72173,2360.070068359375
2021-02-15 00:00:00,0.72173,0.7249,0.7215,0.7232,38247.6796875
2021-02-16 00:00:00,0.72319,0.7268,0.71828,0.71874,75316.3125
2021-02-17 00:00:00,0.71875,0.72134,0.71574,0.71927,86722.4375
2021-02-18 00:00:00,0.71922,0.72253,0.71756,0.72175,97759.8515625
2021-02-19 00:00:00,0.72175,0.73143,0.72031,0.72908,85127.6015625
2021-02-20 00:00:00,0.72908,0.72908,0.72908,0.72908,0.0
2021-02-21 00:00:00,0.72884,0.73162,0.72884,0.73074,2552.9599609375
2021-02-22 00:00:00,0.73072,0.73428,0.72807,0.73269,84211.4765625
2021-02-23 00:00:00,0.73268,0.73465,0.73065,0.73373,90265.3828125
2021-02-24 00:00:00,0.73372,0.74544,0.73139,0.74406,110714.7265625
2021-02-25 00:00:00,0.74406,0.74642,0.73541,0.73614,137834.59375
2021-02-26 00:00:00,0.73616,0.73739,0.72223,0.72304,183864.5625
2021-02-27 00:00:00,0.72304,0.72304,0.72304,0.72304,0.0
2021-02-28 00:00:00,0.72366,0.72761,0.72302,0.72696,4101.31982421875
2021-03-01 00:00:00,0.72695,0.72925,0.72249,0.72734,113856.5234375
2021-03-02 00:00:00,0.72734,0.73068,0.72088,0.72914,122828.3828125
2021-03-03 00:00:00,0.72915,0.73042,0.72266,0.72269,110072.7421875
2021-03-04 00:00:00,0.7227,0.72724,0.71719,0.71764,130203.203125
2021-03-05 00:00:00,0.71762,0.71848,0.70984,0.71588,139501.46875
2021-03-06 00:00:00,0.71588,0.71588,0.71588,0.71588,0.0
2021-03-07 00:00:00,0.71602,0.7191,0.71602,0.71769,3856.530029296875
2021-03-08 00:00:00,0.71767,0.71879,0.71041,0.71316,106013.390625
2021-03-09 00:00:00,0.71315,0.71822,0.71026,0.71781,102051.71875
2021-03-10 00:00:00,0.71781,0.71992,0.7131,0.71925,96419.421875
2021-03-11 00:00:00,0.71927,0.72404,0.7185,0.72245,97274.640625
2021-03-12 00:00:00,0.72244,0.72322,0.71503,0.71709,92991.0703125
2021-03-13 00:00:00,0.71709,0.71709,0.71709,0.71709,0.0
2021-03-14 00:00:00,0.71716,0.71878,0.71634,0.71863,2937.25
2021-03-15 00:00:00,0.71862,0.72159,0.71671,0.72011,76019.421875
2021-03-16 00:00:00,0.72011,0.7205,0.71671,0.71924,64980.1484375
2021-03-17 00:00:00,0.71922,0.72639,0.71529,0.72516,84545.84375
2021-03-18 00:00:00,0.72517,0.72692,0.71592,0.71659,106403.5234375
2021-03-19 00:00:00,0.71658,0.71875,0.71421,0.71585,86281.3515625
2021-03-20 00:00:00,0.71585,0.71585,0.71585,0.71585,0.0
2021-03-21 00:00:00,0.71395,0.71564,0.71395,0.71512,2291.530029296875
2021-03-22 00:00:00,0.71512,0.71824,0.71227,0.71311,56034.390625
2021-03-23 00:00:00,0.71311,0.71335,0.69855,0.69919,69259.2109375
2021-03-24 00:00:00,0.69922,0.70009,0.69553,0.69679,52206.73046875
2021-03-25 00:00:00,0.69681,0.69859,0.69427,0.69647,59990.578125
2021-03-26 00:00:00,0.6965,0.70015,0.69609,0.69953,49161.03125
2021-03-27 00:00:00,0.69953,0.69953,0.69953,0.69953,0.0
2021-03-28 00:00:00,0.69926,0.6995,0.69896,0.69927,1724.9200439453125
2021-03-29 00:00:00,0.69927,0.70175,0.69712,0.70084,46396.21875
2021-03-30 00:00:00,0.70085,0.70331,0.69725,0.69907,49672.66015625
2021-03-31 00:00:00,0.69908,0.70252,0.69629,0.6982,40590.66015625
2021-04-01 00:00:00,0.69823,0.70263,0.69448,0.70217,48366.53125
2021-04-02 00:00:00,0.70217,0.7047,0.70125,0.70153,21332.470703125
2021-04-03 00:00:00,0.70153,0.70153,0.70153,0.70153,0.0
2021-04-04 00:00:00,0.7022,0.70308,0.70147,0.70296,2554.52001953125
2021-04-05 00:00:00,0.70294,0.70692,0.70155,0.70653,28740.580078125
2021-04-06 00:00:00,0.70652,0.7069,0.70075,0.70623,47569.71875
2021-04-07 00:00:00,0.70623,0.70683,0.69967,0.7012,55013.0
2021-04-08 00:00:00,0.70121,0.70634,0.70039,0.706,56511.94140625
2021-04-09 00:00:00,0.706,0.70653,0.7009,0.70293,59897.19921875
2021-04-10 00:00:00,0.70293,0.70293,0.70293,0.70293,0.0
2021-04-11 00:00:00,0.70275,0.70426,0.7023,0.70361,2282.25
2021-04-12 00:00:00,0.70362,0.7049,0.70134,0.70306,61180.23046875
2021-04-13 00:00:00,0.70308,0.7066,0.70035,0.70599,61953.7890625
2021-04-14 00:00:00,0.70598,0.71499,0.70468,0.71385,66227.4609375
2021-04-15 00:00:00,0.71385,0.71801,0.71376,0.71743,59689.3984375
2021-04-16 00:00:00,0.71742,0.71778,0.71315,0.71418,49854.921875
2021-04-17 00:00:00,0.71418,0.71418,0.71418,0.71418,0.0
2021-04-18 00:00:00,0.71252,0.71351,0.7124,0.71255,2227.320068359375
2021-04-19 00:00:00,0.71255,0.71978,0.71215,0.71888,63014.62890625
2021-04-20 00:00:00,0.71888,0.72295,0.71622,0.71641,65513.03125
2021-04-21 00:00:00,0.71643,0.7218,0.7162,0.72027,53264.078125
2021-04-22 00:00:00,0.72027,0.72133,0.71455,0.71535,65671.671875
2021-04-23 00:00:00,0.71538,0.7203,0.71524,0.71934,47256.421875
2021-04-24 00:00:00,0.71934,0.71934,0.71934,0.71934,0.0
2021-04-25 00:00:00,0.71862,0.71982,0.71862,0.71905,1468.4200439453125
2021-04-26 00:00:00,0.71908,0.72429,0.71892,0.72289,51929.66015625
2021-04-27 00:00:00,0.72288,0.72365,0.71989,0.72026,50932.94921875
2021-04-28 00:00:00,0.72029,0.727,0.7188,0.7269,53742.80078125
2021-04-29 00:00:00,0.7269,0.72862,0.72221,0.72461,67829.4765625
2021-04-30 00:00:00,0.7246,0.72542,0.71502,0.71566,53332.0703125
2021-05-01 00:00:00,0.71566,0.71566,0.71566,0.71566,0.0
2021-05-02 00:00:00,0.71743,0.71754,0.71597,0.71685,1928.780029296875
2021-05-03 00:00:00,0.71686,0.72122,0.71551,0.71963,44826.94140625
2021-05-04 00:00:00,0.71963,0.71986,0.7115,0.71608,72769.53125
2021-05-05 00:00:00,0.71605,0.72229,0.71489,0.72179,56655.51953125
2021-05-06 00:00:00,0.72179,0.72385,0.71841,0.72313,68526.84375
2021-05-07 00:00:00,0.72313,0.72992,0.72047,0.72802,76986.953125
2021-05-08 00:00:00,0.72802,0.72802,0.72802,0.72802,0.0
2021-05-09 00:00:00,0.72832,0.72977,0.72759,0.72942,2184.300048828125
2021-05-10 00:00:00,0.72941,0.73046,0.72587,0.72702,60874.23046875
2021-05-11 00:00:00,0.72704,0.72892,0.72513,0.72613,75379.890625
2021-05-12 00:00:00,0.72615,0.72665,0.7151,0.71629,87039.0234375
2021-05-13 00:00:00,0.71627,0.71939,0.71344,0.71804,88012.8984375
2021-05-14 00:00:00,0.71804,0.72542,0.71685,0.72453,59424.55078125
2021-05-15 00:00:00,0.72453,0.72453,0.72453,0.72453,0.0
2021-05-16 00:00:00,0.72332,0.72498,0.72277,0.72425,1373.3599853515625
2021-05-17 00:00:00,0.72425,0.72428,0.71809,0.72177,56887.23046875
2021-05-18 00:00:00,0.72176,0.72706,0.72144,0.72364,51197.16015625
2021-05-19 00:00:00,0.72366,0.7247,0.7151,0.71606,89175.1328125
2021-05-20 00:00:00,0.71606,0.72163,0.71561,0.71954,55630.30859375
2021-05-21 00:00:00,0.71955,0.72221,0.71537,0.71643,62150.41015625
2021-05-22 00:00:00,0.71643,0.71643,0.71643,0.71643,0.0
2021-05-23 00:00:00,0.71647,0.71798,0.71615,0.71708,2152.510009765625
2021-05-24 00:00:00,0.71704,0.72195,0.71577,0.72131,62819.5390625
2021-05-25 00:00:00,0.72131,0.72496,0.72079,0.72234,68637.53125
2021-05-26 00:00:00,0.72233,0.73159,0.72226,0.72766,75619.4765625
2021-05-27 00:00:00,0.72766,0.73107,0.72655,0.72827,67174.2109375
2021-05-28 00:00:00,0.72829,0.72843,0.72123,0.72429,68007.8125
2021-05-29 00:00:00,0.72429,0.72429,0.72429,0.72429,0.0
2021-05-30 00:00:00,0.72547,0.72569,0.72408,0.72414,1506.9100341796875
2021-05-31 00:00:00,0.72416,0.72832,0.7231,0.7276,40063.390625
2021-06-01 00:00:00,0.72758,0.72877,0.7246,0.72517,57779.53125
2021-06-02 00:00:00,0.72518,0.72719,0.72084,0.72321,54239.2890625
2021-06-03 00:00:00,0.72322,0.72413,0.71252,0.71457,69073.6171875
2021-06-04 00:00:00,0.71461,0.72154,0.7132,0.72083,61995.0703125
2021-06-05 00:00:00,0.72083,0.72083,0.72083,0.72083,0.0
2021-06-06 00:00:00,0.72084,0.72132,0.71807,0.72082,2753.139892578125
2021-06-07 00:00:00,0.7208,0.72422,0.7191,0.7224,45008.26171875
2021-06-08 00:00:00,0.72241,0.72324,0.7187,0.71887,57380.05078125
2021-06-09 00:00:00,0.7189,0.72138,0.7167,0.71708,48227.078125
2021-06-10 00:00:00,0.71709,0.72123,0.71647,0.71888,63536.58984375
2021-06-11 00:00:00,0.71889,0.721,0.71155,0.71211,52819.87890625
2021-06-12 00:00:00,0.71211,0.71211,0.71211,0.71211,0.0
2021-06-13 00:00:00,0.71321,0.71399,0.7126,0.71375,2974.68994140625
2021-06-14 00:00:00,0.71376,0.71523,0.71255,0.71423,57386.30859375
2021-06-15 00:00:00,0.71426,0.71604,0.71045,0.71209,66236.75
2021-06-16 00:00:00,0.7121,0.71542,0.70419,0.70697,81752.59375
2021-06-17 00:00:00,0.70698,0.7102,0.69914,0.70139,91192.7265625
2021-06-18 00:00:00,0.70139,0.70155,0.69224,0.69255,87021.578125
2021-06-19 00:00:00,0.69255,0.69255,0.69255,0.69255,0.0
2021-06-20 00:00:00,0.69341,0.69515,0.69313,0.69476,2791.4599609375
2021-06-21 00:00:00,0.69474,0.69988,0.69423,0.69848,79340.3515625
2021-06-22 00:00:00,0.69848,0.70355,0.69631,0.7016,62804.4609375
2021-06-23 00:00:00,0.70157,0.70687,0.69949,0.70441,52413.3984375
2021-06-24 00:00:00,0.70442,0.70729,0.70411,0.70617,56894.8203125
2021-06-25 00:00:00,0.70616,0.70948,0.70555,0.70622,45476.4296875
2021-06-26 00:00:00,0.70622,0.70622,0.70622,0.70622,0.0
2021-06-27 00:00:00,0.70676,0.70732,0.7051,0.70682,2945.4599609375
2021-06-28 00:00:00,0.70683,0.70859,0.70323,0.70478,62167.21875
2021-06-29 00:00:00,0.70479,0.70508,0.69788,0.69885,64587.6484375
2021-06-30 00:00:00,0.69886,0.70059,0.69644,0.69954,59010.55078125
2021-07-01 00:00:00,0.69953,0.70096,0.69612,0.69624,56747.16015625
2021-07-02 00:00:00,0.69623,0.70366,0.69467,0.70284,61142.5703125
2021-07-03 00:00:00,0.70284,0.70284,0.70284,0.70284,0.0
2021-07-04 00:00:00,0.70194,0.70339,0.70168,0.70244,1763.47998046875
2021-07-05 00:00:00,0.70242,0.70651,0.70105,0.70506,59906.921875
2021-07-06 00:00:00,0.70506,0.71049,0.69876,0.70161,73115.8828125
2021-07-07 00:00:00,0.7016,0.70606,0.6989,0.7012,71539.53125
2021-07-08 00:00:00,0.70122,0.70128,0.69341,0.69475,105294.34375
2021-07-09 00:00:00,0.69476,0.70035,0.69226,0.69979,78068.5390625
2021-07-10 00:00:00,0.69979,0.69979,0.69979,0.69979,0.0
2021-07-11 00:00:00,0.69849,0.70081,0.69816,0.70044,2401.14990234375
2021-07-12 00:00:00,0.70044,0.70049,0.69477,0.6985,64407.12109375
2021-07-13 00:00:00,0.69853,0.70091,0.69169,0.69425,79667.75
2021-07-14 00:00:00,0.6942,0.70439,0.69384,0.7037,97174.6484375
2021-07-15 00:00:00,0.70369,0.70396,0.69647,0.70104,82837.3671875
2021-07-16 00:00:00,0.70103,0.70286,0.69898,0.69948,65105.0
2021-07-17 00:00:00,0.69948,0.69948,0.69948,0.69948,0.0
2021-07-18 00:00:00,0.70005,0.70032,0.69915,0.69933,2652.800048828125
2021-07-19 00:00:00,0.69933,0.69973,0.69155,0.69275,101752.3203125
2021-07-20 00:00:00,0.69276,0.69535,0.68804,0.69222,74673.09375
2021-07-21 00:00:00,0.69222,0.69767,0.68936,0.69586,65240.2890625
2021-07-22 00:00:00,0.69586,0.69857,0.69462,0.69794,68131.7109375
2021-07-23 00:00:00,0.69794,0.69921,0.69598,0.69756,48739.12890625
2021-07-24 00:00:00,0.69756,0.69756,0.69756,0.69756,0.0
2021-07-25 00:00:00,0.69698,0.69851,0.6964,0.69819,1657.4000244140625
2021-07-26 00:00:00,0.6982,0.70094,0.6947,0.70001,58946.1015625
2021-07-27 00:00:00,0.7,0.70054,0.69391,0.69619,73596.59375
2021-07-28 00:00:00,0.6962,0.69691,0.69008,0.69591,94079.046875
2021-07-29 00:00:00,0.69592,0.70191,0.69479,0.70095,71484.3671875
2021-07-30 00:00:00,0.70094,0.70208,0.69586,0.69645,67397.9921875
2021-07-31 00:00:00,0.69645,0.69645,0.69645,0.69645,0.0
2021-08-01 00:00:00,0.69611,0.69777,0.69584,0.69731,1416.469970703125
2021-08-02 00:00:00,0.69733,0.69928,0.69521,0.69858,61415.58984375
2021-08-03 00:00:00,0.69855,0.70505,0.69823,0.70444,69217.3203125
2021-08-04 00:00:00,0.70444,0.70882,0.7035,0.70426,59091.328125
2021-08-05 00:00:00,0.70427,0.70733,0.70363,0.7047,52345.80859375
2021-08-06 00:00:00,0.70472,0.70624,0.70009,0.70065,50613.359375
2021-08-07 00:00:00,0.70065,0.70065,0.70065,0.70065,0.0
2021-08-08 00:00:00,0.70027,0.70116,0.69804,0.69905,3747.550048828125
2021-08-09 00:00:00,0.69907,0.70255,0.69844,0.69912,50553.0390625
2021-08-10 00:00:00,0.69912,0.7013,0.69682,0.70049,49187.4609375
2021-08-11 00:00:00,0.70051,0.70614,0.69909,0.70405,56124.94921875
2021-08-12 00:00:00,0.70403,0.70466,0.69953,0.70035,44889.12109375
2021-08-13 00:00:00,0.70036,0.70472,0.6994,0.70361,36420.37890625
2021-08-14 00:00:00,0.70361,0.70361,0.70361,0.70361,0.0
2021-08-15 00:00:00,0.70417,0.70436,0.70371,0.70383,3155.2099609375
2021-08-16 00:00:00,0.70381,0.70426,0.70104,0.70273,47025.96875
2021-08-17 00:00:00,0.70275,0.70286,0.68998,0.69265,70691.328125
2021-08-18 00:00:00,0.69266,0.69511,0.68683,0.68731,71210.6015625
2021-08-19 00:00:00,0.68731,0.68739,0.68082,0.68189,94625.4921875
2021-08-20 00:00:00,0.6819,0.68423,0.68046,0.68285,55611.859375
2021-08-21 00:00:00,0.68285,0.68285,0.68285,0.68285,0.0
2021-08-22 00:00:00,0.68206,0.68374,0.68206,0.68294,2994.06005859375
2021-08-23 00:00:00,0.68295,0.69041,0.68289,0.68926,58376.8203125
2021-08-24 00:00:00,0.68925,0.69655,0.68785,0.69367,57376.73828125
2021-08-25 00:00:00,0.69366,0.69825,0.69293,0.6971,62027.30078125
2021-08-26 00:00:00,0.6971,0.69762,0.69398,0.69439,52076.6484375
2021-08-27 00:00:00,0.6944,0.70184,0.69325,0.70066,55452.94921875
2021-08-28 00:00:00,0.70066,0.70066,0.70066,0.70066,0.0
2021-08-29 00:00:00,0.69991,0.7014,0.69963,0.7011,2461.889892578125
2021-08-30 00:00:00,0.70107,0.70145,0.69861,0.69967,41244.16015625
2021-08-31 00:00:00,0.69966,0.70683,0.69958,0.70504,68770.296875
2021-09-01 00:00:00,0.70511,0.7077,0.70341,0.70642,56542.78125
2021-09-02 00:00:00,0.70642,0.71192,0.70566,0.71077,54313.94140625
2021-09-03 00:00:00,0.71077,0.71698,0.71058,0.71473,64712.609375
2021-09-04 00:00:00,0.71473,0.71473,0.71473,0.71473,0.0
2021-09-05 00:00:00,0.71525,0.71579,0.71472,0.71491,5425.60986328125
2021-09-06 00:00:00,0.71494,0.71508,0.71266,0.7135,64858.87109375
2021-09-07 00:00:00,0.71352,0.71525,0.70863,0.70961,70219.2734375
2021-09-08 00:00:00,0.70971,0.71144,0.70754,0.70969,82471.0234375
2021-09-09 00:00:00,0.70969,0.71335,0.70818,0.71033,115333.453125
2021-09-10 00:00:00,0.71037,0.7156,0.70894,0.71071,96263.8828125
2021-09-11 00:00:00,0.71071,0.71071,0.71071,0.71071,0.0
2021-09-12 00:00:00,0.71101,0.71201,0.711,0.7115,3941.3701171875
2021-09-13 00:00:00,0.71149,0.71254,0.7097,0.7113,86508.2734375
2021-09-14 00:00:00,0.71129,0.71505,0.70824,0.70934,95317.5234375
2021-09-15 00:00:00,0.70936,0.71384,0.70729,0.71306,57012.01171875
2021-09-16 00:00:00,0.71304,0.71304,0.70589,0.70696,63482.05078125
2021-09-17 00:00:00,0.70694,0.70867,0.70253,0.70297,67972.703125
2021-09-18 00:00:00,0.70297,0.70297,0.70297,0.70297,0.0
2021-09-19 00:00:00,0.70322,0.7039,0.70232,0.70323,2577.860107421875
2021-09-20 00:00:00,0.70323,0.70421,0.70051,0.70165,106997.0078125
2021-09-21 00:00:00,0.70164,0.70558,0.6993,0.69965,81323.546875
2021-09-22 00:00:00,0.69963,0.70556,0.69858,0.69894,89559.921875
2021-09-23 00:00:00,0.69896,0.70928,0.69814,0.70638,80095.6875
2021-09-24 00:00:00,0.70636,0.70801,0.69964,0.70047,64462.2890625
2021-09-25 00:00:00,0.70047,0.70047,0.70047,0.70047,0.0
2021-09-26 00:00:00,0.70025,0.70178,0.69976,0.70149,3320.5
2021-09-27 00:00:00,0.70154,0.70328,0.69897,0.7006,82812.5625
2021-09-28 00:00:00,0.7006,0.70265,0.69425,0.69586,106940.671875
2021-09-29 00:00:00,0.69586,0.69604,0.6859,0.68707,95394.0703125
2021-09-30 00:00:00,0.68708,0.69212,0.68594,0.68954,105067.90625
2021-10-01 00:00:00,0.68955,0.69503,0.68762,0.69371,108586.4609375
2021-10-02 00:00:00,0.69371,0.69371,0.69371,0.69371,0.0
2021-10-03 00:00:00,0.69355,0.69523,0.69294,0.69403,5322.6201171875
2021-10-04 00:00:00,0.69403,0.69815,0.6926,0.69605,85072.546875
2021-10-05 00:00:00,0.69605,0.69757,0.69273,0.69549,74238.0
2021-10-06 00:00:00,0.6955,0.69792,0.68758,0.69158,104394.8203125
2021-10-07 00:00:00,0.6916,0.69434,0.69083,0.69367,70851.2734375
2021-10-08 00:00:00,0.69367,0.69598,0.6908,0.69272,78586.3828125
2021-10-09 00:00:00,0.69272,0.69272,0.69272,0.69272,0.0
2021-10-10 00:00:00,0.69185,0.69256,0.6914,0.69202,3576.7900390625
2021-10-11 00:00:00,0.692,0.69641,0.69189,0.69416,64858.6015625
2021-10-12 00:00:00,0.69416,0.69692,0.69216,0.69227,77595.2109375
2021-10-13 00:00:00,0.69231,0.69715,0.69112,0.69712,85053.6484375
2021-10-14 00:00:00,0.69709,0.70414,0.69676,0.70343,76905.4765625
2021-10-15 00:00:00,0.70341,0.70769,0.7028,0.70676,70537.328125
2021-10-16 00:00:00,0.70676,0.70676,0.70676,0.70676,0.0
2021-10-17 00:00:00,0.70652,0.7105,0.70591,0.7083,8492.7802734375
2021-10-18 00:00:00,0.70833,0.70905,0.70489,0.70905,70528.8984375
2021-10-19 00:00:00,0.70905,0.7172,0.70898,0.71542,82026.5625
2021-10-20 00:00:00,0.71541,0.7208,0.71496,0.71976,75780.9375
2021-10-21 00:00:00,0.71975,0.72181,0.71405,0.71546,91115.7265625
2021-10-22 00:00:00,0.7155,0.71886,0.71311,0.71511,103835.8515625
2021-10-23 00:00:00,0.71511,0.71511,0.71511,0.71511,0.0
2021-10-24 00:00:00,0.71408,0.71531,0.71368,0.7149,2857.9599609375
2021-10-25 00:00:00,0.71489,0.71776,0.71297,0.71649,79647.6328125
2021-10-26 00:00:00,0.71649,0.71934,0.71503,0.71666,80391.09375
2021-10-27 00:00:00,0.71669,0.71887,0.7131,0.71619,93198.25
2021-10-28 00:00:00,0.7162,0.72168,0.71512,0.71936,103104.8671875
2021-10-29 00:00:00,0.71938,0.71962,0.71354,0.71633,93811.859375
2021-10-30 00:00:00,0.71633,0.71633,0.71633,0.71633,0.0
2021-10-31 00:00:00,0.71562,0.71758,0.71479,0.71749,2841.169921875
2021-11-01 00:00:00,0.71754,0.71973,0.71605,0.71778,74528.40625
2021-11-02 00:00:00,0.71779,0.71855,0.70924,0.71248,86350.3515625
2021-11-03 00:00:00,0.71245,0.71755,0.71126,0.71749,96261.578125
2021-11-04 00:00:00,0.7175,0.71783,0.70945,0.71082,93048.6328125
2021-11-05 00:00:00,0.71082,0.71268,0.70719,0.71144,85649.71875
2021-11-06 00:00:00,0.71144,0.71144,0.71144,0.71144,0.0
2021-11-07 00:00:00,0.71049,0.71168,0.71049,0.71075,3192.909912109375
2021-11-08 00:00:00,0.71077,0.71767,0.71033,0.71615,67210.4765625
2021-11-09 00:00:00,0.71616,0.71737,0.7109,0.71229,75033.21875
2021-11-10 00:00:00,0.71234,0.7132,0.70546,0.70653,87347.9296875
2021-11-11 00:00:00,0.70649,0.70708,0.70121,0.70189,72773.0703125
2021-11-12 00:00:00,0.70188,0.70472,0.69964,0.70388,66096.46875
2021-11-13 00:00:00,0.70388,0.70388,0.70388,0.70388,0.0
2021-11-14 00:00:00,0.70343,0.7046,0.70291,0.70417,1884.489990234375
2021-11-15 00:00:00,0.70414,0.70799,0.70316,0.7042,59047.8515625
2021-11-16 00:00:00,0.70421,0.70637,0.69844,0.6989,81021.171875
2021-11-17 00:00:00,0.69889,0.702,0.69795,0.70023,79717.1171875
2021-11-18 00:00:00,0.70021,0.70522,0.69939,0.70405,82315.40625
2021-11-19 00:00:00,0.70406,0.70455,0.69907,0.69907,92736.1484375
2021-11-20 00:00:00,0.69907,0.69907,0.69907,0.69907,0.0
2021-11-21 00:00:00,0.70058,0.70059,0.6988,0.69892,2031.3399658203125
2021-11-22 00:00:00,0.6989,0.70133,0.69474,0.6948,93633.203125
2021-11-23 00:00:00,0.69481,0.6959,0.69154,0.69513,93649.8828125
2021-11-24 00:00:00,0.69516,0.69558,0.68554,0.68735,89872.65625
2021-11-25 00:00:00,0.68736,0.68933,0.68397,0.68429,59696.19140625
2021-11-26 00:00:00,0.68431,0.68503,0.68036,0.68142,121167.7734375
2021-11-27 00:00:00,0.68142,0.68142,0.68142,0.68142,0.0
2021-11-28 00:00:00,0.68306,0.68328,0.68054,0.68241,4253.990234375
2021-11-29 00:00:00,0.6824,0.68385,0.67874,0.68296,82212.4609375
2021-11-30 00:00:00,0.68297,0.68558,0.6772,0.68232,168565.546875
2021-12-01 00:00:00,0.68232,0.68674,0.68006,0.68124,108435.6171875
2021-12-02 00:00:00,0.68124,0.68306,0.67987,0.68107,96950.71875
2021-12-03 00:00:00,0.68106,0.68172,0.67405,0.67423,95140.171875
2021-12-04 00:00:00,0.67423,0.67423,0.67423,0.67423,0.0
2021-12-05 00:00:00,0.67496,0.67581,0.67445,0.67558,3626.1298828125
2021-12-06 00:00:00,0.67559,0.67635,0.67395,0.67478,66438.609375
2021-12-07 00:00:00,0.6748,0.67923,0.6736,0.67853,69352.34375
2021-12-08 00:00:00,0.67853,0.68184,0.67661,0.68067,84580.2578125
2021-12-09 00:00:00,0.68068,0.68226,0.67803,0.6794,61782.69140625
2021-12-10 00:00:00,0.67946,0.68066,0.67691,0.67897,72022.6875
2021-12-11 00:00:00,0.67897,0.67897,0.67897,0.67897,0.0
2021-12-12 00:00:00,0.67949,0.67993,0.67896,0.67946,2480.4599609375
2021-12-13 00:00:00,0.67945,0.6801,0.67454,0.67504,59835.609375
2021-12-14 00:00:00,0.67511,0.677,0.67323,0.67345,65013.19140625
2021-12-15 00:00:00,0.67344,0.67895,0.67008,0.67766,96725.6171875
2021-12-16 00:00:00,0.67764,0.68334,0.67567,0.67949,88909.859375
2021-12-17 00:00:00,0.67953,0.67993,0.67285,0.67295,78128.421875
2021-12-18 00:00:00,0.67295,0.67295,0.67295,0.67295,0.0
2021-12-19 00:00:00,0.67422,0.67427,0.67253,0.673,3825.510009765625
2021-12-20 00:00:00,0.673,0.67398,0.67018,0.67115,85358.5390625
2021-12-21 00:00:00,0.67117,0.67732,0.67027,0.67645,63455.98046875
2021-12-22 00:00:00,0.67643,0.68215,0.67396,0.68042,59007.46875
2021-12-23 00:00:00,0.68041,0.68414,0.67949,0.68091,57278.7109375
2021-12-24 00:00:00,0.68091,0.68322,0.67991,0.67991,168429.734375
2021-12-25 00:00:00,0.67991,0.67991,0.67991,0.67991,0.0
2021-12-26 00:00:00,0.68076,0.68167,0.67951,0.68129,1602.0799560546875
2021-12-27 00:00:00,0.68131,0.68249,0.67884,0.68148,38878.01953125
2021-12-28 00:00:00,0.68148,0.68281,0.67883,0.68043,55465.05078125
2021-12-29 00:00:00,0.68042,0.68419,0.67883,0.68382,61195.828125
2021-12-30 00:00:00,0.68381,0.68564,0.68155,0.68288,54623.3984375
2021-12-31 00:00:00,0.68284,0.68515,0.682,0.68366,63791.44140625
2022-01-01 00:00:00,0.68366,0.68366,0.68366,0.68366,0.0
2022-01-02 00:00:00,0.68176,0.68454,0.68156,0.68386,1237.0899658203125
2022-01-03 00:00:00,0.68384,0.68561,0.67741,0.6788,54312.48828125
2022-01-04 00:00:00,0.67877,0.68239,0.67644,0.68118,58032.6015625
2022-01-05 00:00:00,0.6812,0.68368,0.67876,0.67915,77779.1171875
2022-01-06 00:00:00,0.67915,0.67937,0.67327,0.6739,82032.6484375
2022-01-07 00:00:00,0.67389,0.67828,0.67347,0.67726,64248.0390625
2022-01-08 00:00:00,0.67726,0.67726,0.67726,0.67726,0.0
2022-01-09 00:00:00,0.67722,0.67785,0.67571,0.67745,4368.02001953125
2022-01-10 00:00:00,0.67744,0.67827,0.67354,0.6765,86160.8828125
2022-01-11 00:00:00,0.6765,0.67904,0.67394,0.67825,77652.1171875
2022-01-12 00:00:00,0.67823,0.6857,0.67729,0.68455,75900.3515625
2022-01-13 00:00:00,0.68454,0.68902,0.6842,0.68605,74864.6015625
2022-01-14 00:00:00,0.68605,0.68732,0.67917,0.68025,82801.1171875
2022-01-15 00:00:00,0.68025,0.68025,0.68025,0.68025,0.0
2022-01-16 00:00:00,0.68063,0.68102,0.67975,0.68066,2297.77001953125
2022-01-17 00:00:00,0.68066,0.68179,0.67868,0.67954,56958.390625
2022-01-18 00:00:00,0.67954,0.68075,0.67521,0.677,95707.15625
2022-01-19 00:00:00,0.67701,0.68112,0.67641,0.67791,93529.09375
2022-01-20 00:00:00,0.6779,0.68053,0.67442,0.67493,93222.4609375
2022-01-21 00:00:00,0.67497,0.67532,0.67073,0.67109,117235.953125
2022-01-22 00:00:00,0.67109,0.67109,0.67109,0.67109,0.0
2022-01-23 00:00:00,0.67133,0.67216,0.67046,0.6721,5493.60986328125
2022-01-24 00:00:00,0.6721,0.67273,0.66597,0.6703,143648.015625
2022-01-25 00:00:00,0.67032,0.67099,0.66597,0.66894,145162.265625
2022-01-26 00:00:00,0.66893,0.67018,0.66378,0.66597,142544.0625
2022-01-27 00:00:00,0.66597,0.66599,0.65696,0.65832,173057.21875
2022-01-28 00:00:00,0.65834,0.65886,0.65289,0.65366,147104.765625
2022-01-29 00:00:00,0.65366,0.65366,0.65366,0.65366,0.0
2022-01-30 00:00:00,0.65376,0.65624,0.65376,0.65505,3208.02001953125
2022-01-31 00:00:00,0.65505,0.65966,0.65419,0.65765,124304.140625
2022-02-01 00:00:00,0.65765,0.6647,0.65656,0.66358,135396.953125
2022-02-02 00:00:00,0.66357,0.66617,0.6609,0.66106,96898.421875
2022-02-03 00:00:00,0.66104,0.66807,0.66104,0.6665,129404.0703125
2022-02-04 00:00:00,0.66651,0.6683,0.65894,0.66123,133436.3125
2022-02-05 00:00:00,0.66123,0.66123,0.66123,0.66123,0.0
2022-02-06 00:00:00,0.66022,0.66256,0.65985,0.66182,2703.090087890625
2022-02-07 00:00:00,0.66183,0.66411,0.66027,0.66363,123933.59375
2022-02-08 00:00:00,0.66362,0.66535,0.66265,0.66484,97691.859375
2022-02-09 00:00:00,0.66482,0.66974,0.66406,0.6678,82772.2421875
2022-02-10 00:00:00,0.6678,0.67325,0.66528,0.66648,151838.75
2022-02-11 00:00:00,0.6665,0.66932,0.66266,0.6638,174152.78125
2022-02-12 00:00:00,0.6638,0.6638,0.6638,0.6638,0.0
2022-02-13 00:00:00,0.66405,0.66496,0.66331,0.66452,5661.27001953125
2022-02-14 00:00:00,0.66452,0.66476,0.65921,0.66165,159878.703125
2022-02-15 00:00:00,0.66164,0.66478,0.66017,0.66384,124146.9375
2022-02-16 00:00:00,0.66383,0.66909,0.66326,0.66792,115283.578125
2022-02-17 00:00:00,0.66791,0.67172,0.66581,0.6689,139586.84375
2022-02-18 00:00:00,0.6689,0.67291,0.66865,0.66871,118081.7890625
2022-02-19 00:00:00,0.66871,0.66871,0.66871,0.66871,0.0
2022-02-20 00:00:00,0.66863,0.6694,0.66856,0.66882,3911.760009765625
2022-02-21 00:00:00,0.66881,0.67332,0.66799,0.66944,109363.703125
2022-02-22 00:00:00,0.66948,0.67544,0.66912,0.67404,153987.375
2022-02-23 00:00:00,0.67403,0.6809,0.67338,0.67694,124874.53125
2022-02-24 00:00:00,0.67694,0.67724,0.66301,0.66874,275035.125
2022-02-25 00:00:00,0.66877,0.67508,0.66857,0.67431,172352.84375
2022-02-26 00:00:00,0.67431,0.67431,0.67431,0.67431,0.0
2022-02-27 00:00:00,0.66727,0.66973,0.66726,0.66912,9948.1396484375
2022-02-28 00:00:00,0.66912,0.67764,0.66752,0.67656,181406.578125
2022-03-01 00:00:00,0.67658,0.67902,0.67405,0.6766,157832.0625
2022-03-02 00:00:00,0.67665,0.67994,0.67439,0.67814,165802.234375
2022-03-03 00:00:00,0.67816,0.68092,0.67612,0.68085,130276.4375
2022-03-04 00:00:00,0.68082,0.68717,0.67673,0.68571,158891.5625
2022-03-05 00:00:00,0.68571,0.68571,0.68571,0.68571,0.0
2022-03-06 00:00:00,0.68416,0.68792,0.68382,0.68727,6772.10009765625
2022-03-07 00:00:00,0.68728,0.69252,0.6819,0.6836,190688.6875
2022-03-08 00:00:00,0.68364,0.685,0.67982,0.68028,215908.078125
2022-03-09 00:00:00,0.6803,0.6852,0.67959,0.68368,138050.953125
2022-03-10 00:00:00,0.68368,0.68745,0.68104,0.68729,145529.546875
2022-03-11 00:00:00,0.68728,0.68739,0.67974,0.67974,122783.2578125
2022-03-12 00:00:00,0.67974,0.67974,0.67974,0.67974,0.0
2022-03-13 00:00:00,0.6805,0.68141,0.67954,0.68112,5594.93017578125
2022-03-14 00:00:00,0.68115,0.68132,0.67424,0.67477,130902.6484375
2022-03-15 00:00:00,0.67476,0.67919,0.6728,0.67593,118465.5078125
2022-03-16 00:00:00,0.67593,0.68442,0.67412,0.68293,144006.25
2022-03-17 00:00:00,0.68293,0.68988,0.68229,0.68911,120040.890625
2022-03-18 00:00:00,0.68911,0.69129,0.6866,0.69035,109680.4765625
2022-03-19 00:00:00,0.69035,0.69035,0.69035,0.69035,0.0
2022-03-20 00:00:00,0.68954,0.69048,0.68799,0.68972,4984.8798828125
2022-03-21 00:00:00,0.68973,0.69227,0.68726,0.68782,103517.890625
2022-03-22 00:00:00,0.68781,0.69734,0.68636,0.6963,94288.0234375
2022-03-23 00:00:00,0.69629,0.69883,0.6935,0.69747,94647.9375
2022-03-24 00:00:00,0.69746,0.69772,0.69399,0.69633,120986.78125
2022-03-25 00:00:00,0.69632,0.69868,0.69437,0.6957,104245.5703125
2022-03-26 00:00:00,0.6957,0.6957,0.6957,0.6957,0.0
2022-03-27 00:00:00,0.69424,0.69592,0.69337,0.6956,3440.169921875
2022-03-28 00:00:00,0.69558,0.69631,0.68874,0.69042,110146.8515625
2022-03-29 00:00:00,0.69041,0.69478,0.68756,0.69415,124347.546875
2022-03-30 00:00:00,0.69415,0.69981,0.69364,0.69692,104957.203125
2022-03-31 00:00:00,0.69691,0.69772,0.69256,0.69304,98363.9375
2022-04-01 00:00:00,0.69304,0.69477,0.68956,0.69179,94264.1875
2022-04-02 00:00:00,0.69179,0.69179,0.69179,0.69179,0.0
2022-04-03 00:00:00,0.69057,0.69211,0.69037,0.6906,2697.389892578125
2022-04-04 00:00:00,0.69062,0.69677,0.69045,0.69451,82261.296875
2022-04-05 00:00:00,0.69451,0.70336,0.69208,0.69463,107144.0625
2022-04-06 00:00:00,0.69462,0.69668,0.68962,0.69101,123371.75
2022-04-07 00:00:00,0.691,0.69194,0.68806,0.68833,90718.46875
2022-04-08 00:00:00,0.68832,0.68913,0.68216,0.68503,74112.3203125
2022-04-09 00:00:00,0.68503,0.68503,0.68503,0.68503,0.0
2022-04-10 00:00:00,0.68361,0.6855,0.68318,0.68318,4923.419921875
2022-04-11 00:00:00,0.6832,0.68521,0.6813,0.68172,91005.96875
2022-04-12 00:00:00,0.68169,0.68892,0.68057,0.68555,101119.6171875
2022-04-13 00:00:00,0.68553,0.6901,0.67537,0.67991,119544.5
2022-04-14 00:00:00,0.67991,0.6834,0.67671,0.67749,112096.5
2022-04-15 00:00:00,0.67749,0.67861,0.67536,0.67603,168808.359375
2022-04-16 00:00:00,0.67603,0.67603,0.67603,0.67603,0.0
2022-04-17 00:00:00,0.67654,0.6776,0.67585,0.67599,3813.570068359375
2022-04-18 00:00:00,0.67596,0.67603,0.67148,0.67339,73213.8828125
2022-04-19 00:00:00,0.67339,0.67637,0.67193,0.67449,108261.53125
2022-04-20 00:00:00,0.67449,0.6813,0.67347,0.67816,118924.6796875
2022-04-21 00:00:00,0.67816,0.68037,0.67213,0.67214,116718.5625
2022-04-22 00:00:00,0.67213,0.67266,0.66252,0.66317,136236.234375
2022-04-23 00:00:00,0.66317,0.66317,0.66317,0.66317,0.0
2022-04-24 00:00:00,0.66276,0.66394,0.66203,0.66216,5630.97021484375
2022-04-25 00:00:00,0.66215,0.66336,0.65816,0.66159,148838.734375
2022-04-26 00:00:00,0.66158,0.66449,0.65587,0.65735,121963.46875
2022-04-27 00:00:00,0.65736,0.65905,0.65274,0.65396,144906.4375
2022-04-28 00:00:00,0.65395,0.65399,0.64512,0.64926,135223.625
2022-04-29 00:00:00,0.64927,0.65426,0.64494,0.64494,119982.90625
2022-04-30 00:00:00,0.64494,0.64494,0.64494,0.64494,0.0
2022-05-01 00:00:00,0.6464,0.64684,0.64502,0.64535,8077.58984375
2022-05-02 00:00:00,0.64535,0.64734,0.64119,0.64425,100410.890625
2022-05-03 00:00:00,0.64429,0.6475,0.64102,0.64315,107965.34375
2022-05-04 00:00:00,0.64314,0.65556,0.64222,0.65486,126844.9609375
2022-05-05 00:00:00,0.65486,0.65678,0.63926,0.64289,153401.0
2022-05-06 00:00:00,0.64292,0.64574,0.63941,0.64018,177884.765625
2022-05-07 00:00:00,0.64018,0.64018,0.64018,0.64018,0.0
2022-05-08 00:00:00,0.63959,0.64112,0.63861,0.63868,11351.6201171875
2022-05-09 00:00:00,0.63868,0.63893,0.63127,0.63186,165993.515625
2022-05-10 00:00:00,0.63184,0.63474,0.62757,0.62869,195946.5
2022-05-11 00:00:00,0.62868,0.63795,0.62805,0.62831,189446.328125
2022-05-12 00:00:00,0.62829,0.62969,0.62154,0.62436,210430.046875
2022-05-13 00:00:00,0.62438,0.62891,0.62244,0.62848,134833.3125
2022-05-14 00:00:00,0.62848,0.62848,0.62848,0.62848,0.0
2022-05-15 00:00:00,0.62667,0.62902,0.626,0.62901,5386.47021484375
2022-05-16 00:00:00,0.62898,0.632,0.62279,0.63103,157573.34375
2022-05-17 00:00:00,0.63103,0.63751,0.63055,0.63591,146847.125
2022-05-18 00:00:00,0.63587,0.63696,0.62901,0.62915,128493.421875
2022-05-19 00:00:00,0.62918,0.64167,0.62913,0.63804,180312.453125
2022-05-20 00:00:00,0.63804,0.6414,0.63631,0.64048,142152.671875
2022-05-21 00:00:00,0.64048,0.64048,0.64048,0.64048,0.0
2022-05-22 00:00:00,0.63924,0.6425,0.63755,0.64196,5094.31005859375
2022-05-23 00:00:00,0.64195,0.64912,0.64182,0.6445,138954.875
2022-05-24 00:00:00,0.64451,0.64659,0.64227,0.6446,149655.4375
2022-05-25 00:00:00,0.6446,0.65138,0.64185,0.6479,193241.28125
2022-05-26 00:00:00,0.64789,0.64998,0.64463,0.64799,142245.328125
2022-05-27 00:00:00,0.64799,0.65493,0.6472,0.65328,109532.4296875
2022-05-28 00:00:00,0.65328,0.65328,0.65328,0.65328,0.0
2022-05-29 00:00:00,0.65189,0.65348,0.65189,0.65319,5699.81982421875
2022-05-30 00:00:00,0.65319,0.65603,0.65311,0.65556,96541.6484375
2022-05-31 00:00:00,0.65557,0.65635,0.64823,0.6518,153363.796875
2022-06-01 00:00:00,0.65183,0.65397,0.64646,0.64782,134976.59375
2022-06-02 00:00:00,0.64783,0.65643,0.64598,0.65584,112374.328125
2022-06-03 00:00:00,0.65583,0.65758,0.65006,0.65028,105056.3125
2022-06-04 00:00:00,0.65028,0.65028,0.65028,0.65028,0.0
2022-06-05 00:00:00,0.6506,0.65136,0.65011,0.65055,3968.2099609375
2022-06-06 00:00:00,0.65056,0.65362,0.64778,0.64826,95466.109375
2022-06-07 00:00:00,0.64826,0.64985,0.64222,0.64797,131251.1875
2022-06-08 00:00:00,0.64795,0.64853,0.64345,0.6442,116632.59375
2022-06-09 00:00:00,0.64422,0.64606,0.63793,0.63846,127898.84375
2022-06-10 00:00:00,0.63844,0.64345,0.6348,0.63502,153383.8125
2022-06-11 00:00:00,0.63502,0.63502,0.63502,0.63502,0.0
2022-06-12 00:00:00,0.6343,0.63497,0.63351,0.63362,8399.599609375
2022-06-13 00:00:00,0.63362,0.63482,0.62455,0.62722,188251.0625
2022-06-14 00:00:00,0.62721,0.6293,0.61962,0.62241,196643.15625
2022-06-15 00:00:00,0.62241,0.63124,0.62138,0.62901,213682.15625
2022-06-16 00:00:00,0.629,0.63952,0.62326,0.63576,195542.3125
2022-06-17 00:00:00,0.63577,0.63604,0.62688,0.63093,228741.0625
2022-06-18 00:00:00,0.63093,0.63093,0.63093,0.63093,0.0
2022-06-19 00:00:00,0.62947,0.63294,0.62935,0.63239,6905.10009765625
2022-06-20 00:00:00,0.63239,0.63637,0.63048,0.63342,118477.53125
2022-06-21 00:00:00,0.63341,0.63631,0.63122,0.63133,148077.515625
2022-06-22 00:00:00,0.63142,0.63172,0.62435,0.62703,171355.9375
2022-06-23 00:00:00,0.62701,0.63099,0.62472,0.62835,182022.890625
2022-06-24 00:00:00,0.62834,0.6327,0.62758,0.63123,166635.5625
2022-06-25 00:00:00,0.63123,0.63123,0.63123,0.63123,0.0
2022-06-26 00:00:00,0.62969,0.63263,0.62968,0.63131,7092.60986328125
2022-06-27 00:00:00,0.6313,0.63244,0.62815,0.62919,184534.75
2022-06-28 00:00:00,0.62919,0.63129,0.62342,0.62351,177865.84375
2022-06-29 00:00:00,0.62349,0.62594,0.62045,0.62222,186474.328125
2022-06-30 00:00:00,0.62221,0.6254,0.61977,0.62386,182686.59375
2022-07-01 00:00:00,0.62384,0.62461,0.61473,0.62008,193370.40625
2022-07-02 00:00:00,0.62008,0.62008,0.62008,0.62008,0.0
2022-07-03 00:00:00,0.61793,0.62148,0.61793,0.6206,5747.93017578125
2022-07-04 00:00:00,0.62055,0.62514,0.61902,0.62131,110501.6328125
2022-07-05 00:00:00,0.6213,0.6226,0.61241,0.61649,217669.890625
2022-07-06 00:00:00,0.61648,0.61912,0.61313,0.61484,202584.796875
2022-07-07 00:00:00,0.61483,0.61948,0.61397,0.61775,158566.484375
2022-07-08 00:00:00,0.61777,0.62064,0.61313,0.61813,171063.15625
2022-07-09 00:00:00,0.61813,0.61813,0.61813,0.61813,0.0
2022-07-10 00:00:00,0.6166,0.6192,0.61651,0.61839,8108.3701171875
2022-07-11 00:00:00,0.6184,0.61846,0.60966,0.61184,174331.875
2022-07-12 00:00:00,0.61183,0.61453,0.60997,0.61207,189054.859375
2022-07-13 00:00:00,0.61205,0.61713,0.60805,0.61076,233086.40625
2022-07-14 00:00:00,0.61076,0.61338,0.60601,0.61302,296326.28125
2022-07-15 00:00:00,0.61302,0.61767,0.61173,0.61587,211364.90625
2022-07-16 00:00:00,0.61587,0.61587,0.61587,0.61587,0.0
2022-07-17 00:00:00,0.61464,0.61899,0.61447,0.61884,8599.759765625
2022-07-18 00:00:00,0.61882,0.62001,0.61442,0.6152,165972.203125
2022-07-19 00:00:00,0.61521,0.62406,0.61405,0.62318,159285.78125
2022-07-20 00:00:00,0.62321,0.62715,0.62166,0.62213,191048.90625
2022-07-21 00:00:00,0.62212,0.62536,0.61842,0.62425,202721.828125
2022-07-22 00:00:00,0.62425,0.63037,0.62109,0.62467,195634.9375
2022-07-23 00:00:00,0.62467,0.62467,0.62467,0.62467,0.0
2022-07-24 00:00:00,0.62404,0.6254,0.62315,0.62319,6278.47021484375
2022-07-25 00:00:00,0.6232,0.62791,0.62137,0.62563,156542.296875
2022-07-26 00:00:00,0.62565,0.62797,0.62229,0.62394,115912.0625
2022-07-27 00:00:00,0.62393,0.62775,0.61909,0.62583,172692.890625
2022-07-28 00:00:00,0.62586,0.62977,0.62503,0.6293,184219.453125
2022-07-29 00:00:00,0.62931,0.63285,0.62172,0.62836,165963.09375
2022-07-30 00:00:00,0.62836,0.62836,0.62836,0.62836,0.0
2022-07-31 00:00:00,0.62588,0.62863,0.62588,0.6277,10589.900390625
2022-08-01 00:00:00,0.6277,0.6352,0.6277,0.63317,188748.421875
2022-08-02 00:00:00,0.6332,0.63428,0.62188,0.62197,247333.25
2022-08-03 00:00:00,0.62194,0.62807,0.62121,0.62667,223349.25
2022-08-04 00:00:00,0.62666,0.63145,0.62652,0.62956,171404.515625
2022-08-05 00:00:00,0.62955,0.63089,0.62118,0.62374,159495.078125
2022-08-06 00:00:00,0.62374,0.62374,0.62374,0.62374,0.0
2022-08-07 00:00:00,0.62415,0.62461,0.62338,0.62387,8966.1201171875
2022-08-08 00:00:00,0.62389,0.63038,0.62295,0.62889,130380.2578125
2022-08-09 00:00:00,0.62892,0.63025,0.62696,0.62844,115229.78125
2022-08-10 00:00:00,0.62842,0.64337,0.62746,0.64045,166007.90625
2022-08-11 00:00:00,0.64045,0.64622,0.63837,0.64323,247879.125
2022-08-12 00:00:00,0.64322,0.6468,0.64219,0.64421,148553.796875
2022-08-13 00:00:00,0.64421,0.64421,0.64421,0.64421,0.0
2022-08-14 00:00:00,0.64409,0.64555,0.64376,0.64471,5431.72021484375
2022-08-15 00:00:00,0.64473,0.64528,0.63551,0.63604,134149.390625
2022-08-16 00:00:00,0.63605,0.63699,0.6316,0.63419,144062.703125
2022-08-17 00:00:00,0.63409,0.63827,0.62577,0.62754,224011.8125
2022-08-18 00:00:00,0.62756,0.63124,0.62366,0.6242,164025.453125
2022-08-19 00:00:00,0.6242,0.62476,0.61651,0.61674,150658.609375
2022-08-20 00:00:00,0.61674,0.61674,0.61674,0.61674,0.0
2022-08-21 00:00:00,0.61744,0.61811,0.61665,0.61735,10299.349609375
2022-08-22 00:00:00,0.61737,0.62142,0.61565,0.61753,178217.53125
2022-08-23 00:00:00,0.61754,0.62441,0.6159,0.62054,254107.59375
2022-08-24 00:00:00,0.62053,0.6209,0.61623,0.61794,167978.53125
2022-08-25 00:00:00,0.61794,0.62506,0.61757,0.62147,163791.875
2022-08-26 00:00:00,0.62146,0.62318,0.61316,0.61332,183232.453125
2022-08-27 00:00:00,0.61332,0.61332,0.61332,0.61332,0.0
2022-08-28 00:00:00,0.61219,0.61324,0.6107,0.61071,7854.06982421875
2022-08-29 00:00:00,0.6107,0.61668,0.61014,0.61568,212723.40625
2022-08-30 00:00:00,0.61569,0.61938,0.61192,0.61287,213192.203125
2022-08-31 00:00:00,0.61286,0.61541,0.61065,0.61096,241289.390625
2022-09-01 00:00:00,0.61098,0.61159,0.606,0.60831,195294.265625
2022-09-02 00:00:00,0.60829,0.61404,0.60497,0.61014,186379.4375
2022-09-03 00:00:00,0.61014,0.61014,0.61014,0.61014,0.0
2022-09-04 00:00:00,0.60782,0.60922,0.60747,0.60832,9656.83984375
2022-09-05 00:00:00,0.60832,0.61076,0.60673,0.61034,118424.703125
2022-09-06 00:00:00,0.61034,0.6128,0.60293,0.60318,224268.4375
2022-09-07 00:00:00,0.60318,0.60784,0.59959,0.60621,197407.796875
2022-09-08 00:00:00,0.60622,0.60771,0.60307,0.6069,195462.5
2022-09-09 00:00:00,0.6069,0.61518,0.60663,0.61017,158026.84375
2022-09-10 00:00:00,0.61017,0.61017,0.61017,0.61017,0.0
2022-09-11 00:00:00,0.60843,0.61165,0.608,0.61113,7539.2001953125
2022-09-12 00:00:00,0.61113,0.61571,0.60966,0.61448,178903.796875
2022-09-13 00:00:00,0.61447,0.61607,0.5986,0.60011,181415.34375
2022-09-14 00:00:00,0.60011,0.60251,0.59758,0.60168,193694.765625
2022-09-15 00:00:00,0.60165,0.60199,0.59545,0.59555,149151.5625
2022-09-16 00:00:00,0.59553,0.59969,0.594,0.59969,155936.921875
2022-09-17 00:00:00,0.59969,0.59969,0.59969,0.59969,0.0
2022-09-18 00:00:00,0.59865,0.60014,0.59776,0.59936,9652.9404296875
2022-09-19 00:00:00,0.59936,0.59993,0.59286,0.59636,150444.125
2022-09-20 00:00:00,0.59636,0.5975,0.58847,0.59025,149916.921875
2022-09-21 00:00:00,0.59024,0.59105,0.58269,0.58291,244881.546875
2022-09-22 00:00:00,0.58293,0.58872,0.58034,0.58453,320492.875
2022-09-23 00:00:00,0.58453,0.58557,0.57293,0.57389,237892.203125
2022-09-24 00:00:00,0.57389,0.57389,0.57389,0.57389,0.0
2022-09-25 00:00:00,0.57469,0.57501,0.5728,0.57393,20307.669921875
2022-09-26 00:00:00,0.57393,0.57544,0.56244,0.56639,351882.9375
2022-09-27 00:00:00,0.56639,0.57212,0.5619,0.56294,268416.625
2022-09-28 00:00:00,0.56295,0.5733,0.55644,0.57143,395830.53125
2022-09-29 00:00:00,0.57144,0.57501,0.56476,0.57403,309509.40625
2022-09-30 00:00:00,0.57404,0.57419,0.55902,0.55934,337757.21875
2022-10-01 00:00:00,0.55934,0.55934,0.55934,0.55934,0.0
2022-10-02 00:00:00,0.55931,0.56244,0.55931,0.56192,14431.5595703125
2022-10-03 00:00:00,0.56193,0.57303,0.56136,0.57194,260523.296875
2022-10-04 00:00:00,0.57195,0.57578,0.56794,0.57358,252221.125
2022-10-05 00:00:00,0.57361,0.58048,0.56598,0.57754,247519.765625
2022-10-06 00:00:00,0.57753,0.58132,0.56395,0.56595,271450.4375
2022-10-07 00:00:00,0.56595,0.5673,0.55974,0.55974,233235.765625
2022-10-08 00:00:00,0.55974,0.55974,0.55974,0.55974,0.0
2022-10-09 00:00:00,0.55951,0.56068,0.55913,0.56059,12060.6298828125
2022-10-10 00:00:00,0.56059,0.56288,0.55437,0.55719,233099.875
2022-10-11 00:00:00,0.5572,0.56562,0.55351,0.55817,292085.53125
2022-10-12 00:00:00,0.55817,0.56318,0.55594,0.56089,318606.3125
2022-10-13 00:00:00,0.56086,0.56541,0.55118,0.56346,242229.53125
2022-10-14 00:00:00,0.56347,0.56811,0.55495,0.5558,279256.46875
2022-10-15 00:00:00,0.5558,0.5558,0.5558,0.5558,0.0
2022-10-16 00:00:00,0.55624,0.5576,0.55586,0.55747,12562.98046875
2022-10-17 00:00:00,0.55749,0.56641,0.55504,0.56557,182882.046875
2022-10-18 00:00:00,0.56909,0.57189,0.56532,0.5655,42465.87890625
2022-10-19 00:00:00,0.56923,0.57068,0.56491,0.56608,163762.46875
2022-10-20 00:00:00,0.56608,0.57413,0.56223,0.56676,218819.21875
2022-10-21 00:00:00,0.56677,0.57701,0.55989,0.57593,265590.46875
2022-10-22 00:00:00,0.57593,0.57593,0.57593,0.57593,0.0
2022-10-23 00:00:00,0.57631,0.57916,0.57418,0.57603,42462.359375
2022-10-24 00:00:00,0.57603,0.57669,0.56563,0.57027,264705.78125
2022-10-25 00:00:00,0.57029,0.57792,0.56716,0.57405,220038.78125
2022-10-26 00:00:00,0.57406,0.58447,0.57247,0.58405,250830.84375
2022-10-27 00:00:00,0.58404,0.58697,0.57875,0.58267,255792.234375
2022-10-28 00:00:00,0.58269,0.58728,0.57823,0.58116,203039.9375
2022-10-29 00:00:00,0.58116,0.58116,0.58116,0.58116,0.0
2022-10-30 00:00:00,0.57807,0.58087,0.57807,0.58003,14007.7001953125
2022-10-31 00:00:00,0.58002,0.58347,0.57744,0.58238,148569.953125
2022-11-01 00:00:00,0.58241,0.5902,0.58181,0.58459,213347.578125
2022-11-02 00:00:00,0.58459,0.59413,0.58014,0.58118,195272.84375
2022-11-03 00:00:00,0.58118,0.58379,0.57401,0.57671,203086.3125
2022-11-04 00:00:00,0.57671,0.5936,0.57563,0.59271,236668.5625
2022-11-05 00:00:00,0.59271,0.59271,0.59271,0.59271,0.0
2022-11-06 00:00:00,0.58662,0.58944,0.58476,0.58925,9487.0
2022-11-07 00:00:00,0.58925,0.59451,0.58721,0.59381,181085.28125
2022-11-08 00:00:00,0.59381,0.59993,0.58982,0.59615,159143.359375
2022-11-09 00:00:00,0.59617,0.5962,0.58723,0.58844,200677.53125
2022-11-10 00:00:00,0.58843,0.60397,0.584,0.60161,238148.828125
2022-11-11 00:00:00,0.60164,0.61289,0.59839,0.61139,237138.390625
2022-11-12 00:00:00,0.61139,0.61139,0.61139,0.61139,0.0
2022-11-13 00:00:00,0.6088,0.61092,0.60624,0.61011,12285.330078125
2022-11-14 00:00:00,0.6101,0.6121,0.60609,0.60886,204530.234375
2022-11-15 00:00:00,0.60886,0.62028,0.60846,0.61638,283200.65625
2022-11-16 00:00:00,0.6164,0.61934,0.61281,0.61485,205046.625
2022-11-17 00:00:00,0.61486,0.61677,0.60637,0.6126,150661.625
2022-11-18 00:00:00,0.61259,0.62059,0.61259,0.6146,127794.9609375
2022-11-19 00:00:00,0.6146,0.6146,0.6146,0.6146,0.0
2022-11-20 00:00:00,0.6153,0.61686,0.61395,0.61635,5511.7099609375
2022-11-21 00:00:00,0.61635,0.61637,0.60867,0.60967,143815.609375
2022-11-22 00:00:00,0.60967,0.61624,0.6095,0.61548,119104.09375
2022-11-23 00:00:00,0.61548,0.62531,0.61318,0.62521,152117.703125
2022-11-24 00:00:00,0.62524,0.62885,0.62366,0.62579,96336.2734375
2022-11-25 00:00:00,0.6258,0.62768,0.62182,0.62326,87361.109375
2022-11-26 00:00:00,0.62326,0.62326,0.62326,0.62326,0.0
2022-11-27 00:00:00,0.62156,0.6227,0.62126,0.62148,4637.0400390625
2022-11-28 00:00:00,0.62149,0.62441,0.61554,0.61622,139424.234375
2022-11-29 00:00:00,0.61622,0.62529,0.61608,0.61952,132830.5625
2022-11-30 00:00:00,0.61954,0.63164,0.61895,0.63127,182602.734375
2022-12-01 00:00:00,0.63126,0.63991,0.63057,0.63681,197897.8125
2022-12-02 00:00:00,0.63681,0.64134,0.63275,0.64084,179831.875
2022-12-03 00:00:00,0.64084,0.64084,0.64084,0.64084,0.0
2022-12-04 00:00:00,0.63748,0.64037,0.63676,0.64027,5228.52978515625
2022-12-05 00:00:00,0.64027,0.64421,0.63017,0.6322,153789.109375
2022-12-06 00:00:00,0.6322,0.63538,0.63028,0.63228,137834.34375
2022-12-07 00:00:00,0.63228,0.63835,0.63089,0.63514,170169.734375
2022-12-08 00:00:00,0.63515,0.63884,0.63259,0.63757,156267.40625
2022-12-09 00:00:00,0.63756,0.64264,0.63559,0.64089,161578.34375
2022-12-10 00:00:00,0.64089,0.64089,0.64089,0.64089,0.0
2022-12-11 00:00:00,0.6397,0.64108,0.63894,0.63911,3721.6298828125
2022-12-12 00:00:00,0.63908,0.64212,0.63646,0.63859,155690.015625
2022-12-13 00:00:00,0.63859,0.65131,0.63727,0.64515,216679.34375
2022-12-14 00:00:00,0.64516,0.64693,0.64007,0.64521,217859.984375
2022-12-15 00:00:00,0.6452,0.64633,0.63188,0.63421,192018.484375
2022-12-16 00:00:00,0.63423,0.63949,0.63411,0.63814,159801.703125
2022-12-17 00:00:00,0.63814,0.63814,0.63814,0.63814,0.0
2022-12-18 00:00:00,0.63786,0.63835,0.63695,0.63702,3875.469970703125
2022-12-19 00:00:00,0.637,0.6409,0.63421,0.63606,144498.109375
2022-12-20 00:00:00,0.63605,0.63953,0.63,0.63429,250709.84375
2022-12-21 00:00:00,0.6343,0.63467,0.62765,0.62864,160752.625
2022-12-22 00:00:00,0.62863,0.633,0.62301,0.62494,166067.796875
2022-12-23 00:00:00,0.62496,0.63041,0.6233,0.62808,182316.25
2022-12-24 00:00:00,0.62808,0.62808,0.62808,0.62808,0.0
2022-12-25 00:00:00,0.62542,0.62679,0.62542,0.62629,23.399999618530273
2022-12-26 00:00:00,0.62627,0.63143,0.62419,0.63055,22263.5703125
2022-12-27 00:00:00,0.63054,0.63174,0.62676,0.62722,128518.53125
2022-12-28 00:00:00,0.62722,0.63546,0.62572,0.6317,140035.6875
2022-12-29 00:00:00,0.6317,0.63569,0.62979,0.63445,134995.546875
2022-12-30 00:00:00,0.63446,0.63718,0.63094,0.63468,161149.796875
2022-12-31 00:00:00,0.63468,0.63468,0.63468,0.63468,0.0
2023-01-01 00:00:00,0.63468,0.63468,0.63468,0.63468,0.0
2023-01-02 00:00:00,0.63346,0.63406,0.62993,0.63252,19356.7109375
2023-01-03 00:00:00,0.63252,0.63613,0.61995,0.62456,206777.171875
2023-01-04 00:00:00,0.62455,0.63523,0.62445,0.62838,215501.765625
2023-01-05 00:00:00,0.62837,0.63086,0.62106,0.62246,215295.1875
2023-01-06 00:00:00,0.62246,0.63594,0.61908,0.63462,214394.453125
2023-01-07 00:00:00,0.63462,0.63462,0.63462,0.63462,0.0
2023-01-08 00:00:00,0.63277,0.63606,0.63265,0.63598,8362.6201171875
2023-01-09 00:00:00,0.63598,0.64111,0.6343,0.6368,191538.953125
2023-01-10 00:00:00,0.63679,0.6389,0.63419,0.63705,179058.375
2023-01-11 00:00:00,0.63705,0.63877,0.63341,0.63662,153676.53125
2023-01-12 00:00:00,0.63662,0.64172,0.63047,0.63862,217522.5625
2023-01-13 00:00:00,0.63862,0.64152,0.63346,0.6386,191347.296875
2023-01-14 00:00:00,0.6386,0.6386,0.6386,0.6386,0.0
2023-01-15 00:00:00,0.63765,0.63988,0.63671,0.63811,4686.66015625
2023-01-16 00:00:00,0.63811,0.6426,0.63606,0.63882,116530.0390625
2023-01-17 00:00:00,0.63883,0.64372,0.63659,0.64312,186692.78125
2023-01-18 00:00:00,0.64311,0.65299,0.64174,0.64438,243690.484375
2023-01-19 00:00:00,0.64439,0.64485,0.63647,0.6394,185145.296875
2023-01-20 00:00:00,0.63941,0.64758,0.6391,0.64725,157662.90625
2023-01-21 00:00:00,0.64725,0.64725,0.64725,0.64725,0.0
2023-01-22 00:00:00,0.64647,0.64911,0.64432,0.64876,3453.969970703125
2023-01-23 00:00:00,0.64878,0.64993,0.64372,0.64885,160308.015625
2023-01-24 00:00:00,0.64887,0.65248,0.64631,0.64941,152002.6875
2023-01-25 00:00:00,0.6494,0.64973,0.64489,0.64807,165174.5
2023-01-26 00:00:00,0.64808,0.65138,0.64565,0.64892,152063.421875
2023-01-27 00:00:00,0.64892,0.65113,0.64606,0.64905,132865.953125
2023-01-28 00:00:00,0.64905,0.64905,0.64905,0.64905,0.0
2023-01-29 00:00:00,0.6484,0.64921,0.64801,0.64911,4271.83984375
2023-01-30 00:00:00,0.64912,0.65078,0.64611,0.64675,141913.046875
2023-01-31 00:00:00,0.64675,0.64787,0.64126,0.64364,166075.71875
2023-02-01 00:00:00,0.64366,0.65243,0.64165,0.65149,188493.6875
2023-02-02 00:00:00,0.65149,0.65375,0.64525,0.6474,198042.6875
2023-02-03 00:00:00,0.6474,0.64808,0.63224,0.63242,194654.984375
2023-02-04 00:00:00,0.63242,0.63242,0.63242,0.63242,0.0
2023-02-05 00:00:00,0.63051,0.63329,0.63017,0.63246,6825.3798828125
2023-02-06 00:00:00,0.63247,0.63342,0.62696,0.63073,157687.265625
2023-02-07 00:00:00,0.63075,0.63589,0.62723,0.63213,221357.59375
2023-02-08 00:00:00,0.63213,0.63478,0.62963,0.6313,158854.890625
2023-02-09 00:00:00,0.6313,0.6389,0.63023,0.63254,145623.5
2023-02-10 00:00:00,0.63255,0.63459,0.6298,0.63042,160359.84375
2023-02-11 00:00:00,0.63042,0.63042,0.63042,0.63042,0.0
2023-02-12 00:00:00,0.63114,0.63146,0.63048,0.63107,3418.64990234375
2023-02-13 00:00:00,0.63108,0.63652,0.62887,0.63594,110207.9921875
2023-02-14 00:00:00,0.63594,0.63899,0.6296,0.63339,208301.875
2023-02-15 00:00:00,0.63339,0.63341,0.62517,0.6278,160509.578125
2023-02-16 00:00:00,0.62779,0.63088,0.6232,0.62441,181418.109375
2023-02-17 00:00:00,0.62442,0.6249,0.61934,0.62419,156716.875
2023-02-18 00:00:00,0.62419,0.62419,0.62419,0.62419,0.0
2023-02-19 00:00:00,0.6234,0.62419,0.62309,0.62347,3290.919921875
2023-02-20 00:00:00,0.62349,0.62619,0.62211,0.62562,90137.671875
2023-02-21 00:00:00,0.62561,0.62607,0.62022,0.62158,167057.265625
2023-02-22 00:00:00,0.62159,0.62512,0.62027,0.62227,163573.453125
2023-02-23 00:00:00,0.62227,0.62505,0.62027,0.62296,156873.0625
2023-02-24 00:00:00,0.62297,0.62435,0.61509,0.61629,154369.234375
2023-02-25 00:00:00,0.61629,0.61629,0.61629,0.61629,0.0
2023-02-26 00:00:00,0.61553,0.6168,0.61553,0.61633,3921.4599609375
2023-02-27 00:00:00,0.61634,0.61796,0.61305,0.61632,125350.90625
2023-02-28 00:00:00,0.61632,0.62077,0.61323,0.61857,130943.5234375
2023-03-01 00:00:00,0.61857,0.62753,0.61653,0.6253,177785.578125
2023-03-02 00:00:00,0.62532,0.62553,0.61984,0.62187,156557.890625
2023-03-03 00:00:00,0.62187,0.6241,0.6192,0.62189,124742.1875
2023-03-04 00:00:00,0.62189,0.62189,0.62189,0.62189,0.0
2023-03-05 00:00:00,0.62112,0.62192,0.62069,0.62078,4087.590087890625
2023-03-06 00:00:00,0.62078,0.62249,0.6172,0.61973,108654.65625
2023-03-07 00:00:00,0.61974,0.62216,0.61017,0.61099,178019.1875
2023-03-08 00:00:00,0.61101,0.61376,0.60838,0.61135,136767.0625
2023-03-09 00:00:00,0.61133,0.61508,0.60904,0.61003,131269.453125
2023-03-10 00:00:00,0.61003,0.61764,0.60917,0.613,252930.078125
2023-03-11 00:00:00,0.613,0.613,0.613,0.613,0.0
2023-03-12 00:00:00,0.61393,0.61723,0.61332,0.61588,18882.58984375
2023-03-13 00:00:00,0.61588,0.6264,0.61419,0.62131,338134.9375
2023-03-14 00:00:00,0.62131,0.62473,0.6188,0.62286,255880.15625
2023-03-15 00:00:00,0.62287,0.62643,0.61393,0.61605,283800.5625
2023-03-16 00:00:00,0.61603,0.62052,0.61449,0.62031,215600.015625
2023-03-17 00:00:00,0.62032,0.62766,0.61923,0.62631,162537.6875
2023-03-18 00:00:00,0.62631,0.62631,0.62631,0.62631,0.0
2023-03-19 00:00:00,0.62793,0.62812,0.62674,0.62718,19805.619140625
2023-03-20 00:00:00,0.62719,0.62791,0.62285,0.62408,167483.671875
2023-03-21 00:00:00,0.62409,0.62454,0.61667,0.61922,127680.296875
2023-03-22 00:00:00,0.6192,0.62822,0.6171,0.62291,152786.265625
2023-03-23 00:00:00,0.62292,0.62941,0.62261,0.62456,154200.5
2023-03-24 00:00:00,0.62456,0.62484,0.61894,0.61996,142171.3125
2023-03-25 00:00:00,0.61996,0.61996,0.61996,0.61996,0.0
2023-03-26 00:00:00,0.61936,0.62106,0.61936,0.62097,6962.18017578125
2023-03-27 00:00:00,0.62096,0.62113,0.61804,0.62019,113657.140625
2023-03-28 00:00:00,0.62021,0.62545,0.62005,0.62527,99951.6796875
2023-03-29 00:00:00,0.62528,0.62703,0.62143,0.6218,103704.4296875
2023-03-30 00:00:00,0.62178,0.62697,0.6203,0.62685,95344.890625
2023-03-31 00:00:00,0.62685,0.62972,0.62366,0.62476,103686.1875
2023-04-01 00:00:00,0.62476,0.62476,0.62476,0.62476,0.0
2023-04-02 00:00:00,0.62544,0.62545,0.62221,0.62235,8870.6201171875
2023-04-03 00:00:00,0.62234,0.63073,0.62073,0.62991,120310.1015625
2023-04-04 00:00:00,0.6299,0.63162,0.62733,0.63156,125680.4296875
2023-04-05 00:00:00,0.63155,0.63805,0.62847,0.63168,126516.171875
2023-04-06 00:00:00,0.63168,0.63204,0.6225,0.62445,90698.328125
2023-04-07 00:00:00,0.62444,0.62697,0.62086,0.6235,52605.2109375
2023-04-08 00:00:00,0.6235,0.6235,0.6235,0.6235,0.0
2023-04-09 00:00:00,0.62406,0.62554,0.62406,0.62537,5075.330078125
2023-04-10 00:00:00,0.62536,0.6256,0.61932,0.62261,76142.0
2023-04-11 00:00:00,0.6226,0.62335,0.61837,0.61934,90759.5390625
2023-04-12 00:00:00,0.61933,0.62417,0.61817,0.62171,113194.953125
2023-04-13 00:00:00,0.62171,0.63144,0.62028,0.63023,99210.65625
2023-04-14 00:00:00,0.63022,0.63143,0.61946,0.62038,110409.0625
2023-04-15 00:00:00,0.62038,0.62038,0.62038,0.62038,0.0
2023-04-16 00:00:00,0.61994,0.62102,0.6198,0.62011,3152.75
2023-04-17 00:00:00,0.62011,0.62104,0.61607,0.61807,90352.15625
2023-04-18 00:00:00,0.61809,0.62243,0.6179,0.62136,86162.84375
2023-04-19 00:00:00,0.62136,0.62255,0.61551,0.61617,85986.21875
2023-04-20 00:00:00,0.61618,0.62028,0.61488,0.6178,67993.5625
2023-04-21 00:00:00,0.61779,0.61781,0.6126,0.61344,60499.44921875
2023-04-22 00:00:00,0.61344,0.61344,0.61344,0.61344,0.0
2023-04-23 00:00:00,0.61344,0.61453,0.61343,0.61407,2150.18994140625
2023-04-24 00:00:00,0.61405,0.61753,0.6125,0.61747,60525.0
2023-04-25 00:00:00,0.61747,0.6187,0.61321,0.61461,69454.4296875
2023-04-26 00:00:00,0.61459,0.61484,0.61112,0.61195,81699.78125
2023-04-27 00:00:00,0.61195,0.61608,0.61142,0.61449,78657.546875
2023-04-28 00:00:00,0.6145,0.6187,0.61233,0.61768,88244.46875
2023-04-29 00:00:00,0.61768,0.61768,0.61768,0.61768,0.0
2023-04-30 00:00:00,0.61687,0.61855,0.61668,0.61704,4109.47998046875
2023-05-01 00:00:00,0.61705,0.61991,0.61608,0.61634,62108.16015625
2023-05-02 00:00:00,0.61633,0.623,0.61626,0.62241,83021.0078125
2023-05-03 00:00:00,0.62242,0.62602,0.62064,0.62078,92394.4921875
2023-05-04 00:00:00,0.62079,0.62979,0.62067,0.62897,103033.953125
2023-05-05 00:00:00,0.62898,0.63157,0.62629,0.62874,75782.640625
2023-05-06 00:00:00,0.62874,0.62874,0.62874,0.62874,0.0
2023-05-07 00:00:00,0.62846,0.6303,0.62846,0.62979,2974.239990234375
2023-05-08 00:00:00,0.6298,0.6359,0.6294,0.63361,55727.76171875
2023-05-09 00:00:00,0.6336,0.63441,0.63179,0.63376,56284.73828125
2023-05-10 00:00:00,0.63378,0.63805,0.63238,0.63697,82831.6015625
2023-05-11 00:00:00,0.63696,0.63842,0.62886,0.62925,80276.609375
2023-05-12 00:00:00,0.62923,0.62998,0.61819,0.61848,60657.55859375
2023-05-13 00:00:00,0.61848,0.61848,0.61848,0.61848,0.0
2023-05-14 00:00:00,0.61865,0.61957,0.61861,0.61949,4697.8701171875
2023-05-15 00:00:00,0.61947,0.62457,0.61862,0.62434,53769.01953125
2023-05-16 00:00:00,0.62434,0.62593,0.6223,0.62357,72532.9609375
2023-05-17 00:00:00,0.62356,0.62728,0.62278,0.62445,68634.59375
2023-05-18 00:00:00,0.62445,0.62687,0.62034,0.62352,66460.8671875
2023-05-19 00:00:00,0.6235,0.63049,0.62287,0.62682,82153.671875
2023-05-20 00:00:00,0.62682,0.62682,0.62682,0.62682,0.0
2023-05-21 00:00:00,0.62568,0.62836,0.62529,0.62824,3165.0
2023-05-22 00:00:00,0.62826,0.62918,0.62614,0.62851,81081.890625
2023-05-23 00:00:00,0.62851,0.63022,0.62278,0.62485,73790.9921875
2023-05-24 00:00:00,0.62483,0.62562,0.60925,0.61037,108429.9296875
2023-05-25 00:00:00,0.61036,0.61036,0.60436,0.60527,81118.828125
2023-05-26 00:00:00,0.60526,0.60959,0.60327,0.60419,71901.3515625
2023-05-27 00:00:00,0.60419,0.60419,0.60419,0.60419,0.0
2023-05-28 00:00:00,0.60489,0.60571,0.60374,0.60548,3705.030029296875
2023-05-29 00:00:00,0.60546,0.60704,0.60422,0.60435,30942.560546875
2023-05-30 00:00:00,0.60432,0.60661,0.60248,0.60455,71364.6328125
2023-05-31 00:00:00,0.60453,0.60469,0.59849,0.60227,77519.6484375
2023-06-01 00:00:00,0.60227,0.60767,0.599,0.60638,75121.8671875
2023-06-02 00:00:00,0.60639,0.61107,0.60535,0.60535,77268.921875
2023-06-03 00:00:00,0.60535,0.60535,0.60535,0.60535,0.0
2023-06-04 00:00:00,0.6045,0.60583,0.6045,0.60562,2441.7099609375
2023-06-05 00:00:00,0.60565,0.60849,0.60407,0.60698,57145.55078125
2023-06-06 00:00:00,0.607,0.60999,0.60454,0.60783,66272.71875
2023-06-07 00:00:00,0.60781,0.60966,0.60289,0.60412,62712.58984375
2023-06-08 00:00:00,0.60412,0.60987,0.60399,0.60931,63893.171875
2023-06-09 00:00:00,0.60932,0.61386,0.60844,0.61272,55226.2890625
2023-06-10 00:00:00,0.61272,0.61272,0.61272,0.61272,0.0
2023-06-11 00:00:00,0.61132,0.61304,0.61037,0.61291,2001.1300048828125
2023-06-12 00:00:00,0.61294,0.61521,0.61051,0.61273,48747.30078125
2023-06-13 00:00:00,0.61273,0.61774,0.6106,0.61592,73693.203125
2023-06-14 00:00:00,0.61593,0.62357,0.61419,0.61972,87496.453125
2023-06-15 00:00:00,0.61975,0.62423,0.61533,0.62341,74813.2421875
2023-06-16 00:00:00,0.62339,0.6247,0.62097,0.62351,68100.21875
2023-06-17 00:00:00,0.62351,0.62351,0.62351,0.62351,0.0
2023-06-18 00:00:00,0.62237,0.62363,0.62146,0.62296,5632.2001953125
2023-06-19 00:00:00,0.62295,0.62329,0.6191,0.62005,64986.26171875
2023-06-20 00:00:00,0.62003,0.62052,0.61336,0.61658,85458.5
2023-06-21 00:00:00,0.61659,0.62173,0.61556,0.62056,97304.75
2023-06-22 00:00:00,0.62055,0.62223,0.61669,0.61806,80696.25
2023-06-23 00:00:00,0.61806,0.619,0.61165,0.61398,80355.2265625
2023-06-24 00:00:00,0.61398,0.61398,0.61398,0.61398,0.0
2023-06-25 00:00:00,0.61348,0.6153,0.61304,0.61474,5313.080078125
2023-06-26 00:00:00,0.61474,0.61766,0.61374,0.61622,75074.3984375
2023-06-27 00:00:00,0.61623,0.62,0.61553,0.61566,83011.15625
2023-06-28 00:00:00,0.61569,0.61573,0.60686,0.6073,71239.0703125
2023-06-29 00:00:00,0.60729,0.61017,0.60501,0.60643,81225.34375
2023-06-30 00:00:00,0.60645,0.61414,0.60587,0.61321,72920.578125
2023-07-01 00:00:00,0.61321,0.61321,0.61321,0.61321,0.0
2023-07-02 00:00:00,0.61232,0.61368,0.61232,0.613,2563.780029296875
2023-07-03 00:00:00,0.61302,0.617,0.6126,0.61553,69108.59375
2023-07-04 00:00:00,0.61555,0.62123,0.61407,0.61969,45879.01953125
2023-07-05 00:00:00,0.6197,0.62064,0.61708,0.61764,68287.859375
2023-07-06 00:00:00,0.61765,0.6219,0.6132,0.61608,85302.6875
2023-07-07 00:00:00,0.61607,0.62192,0.61536,0.62042,87211.5
2023-07-08 00:00:00,0.62042,0.62042,0.62042,0.62042,0.0
2023-07-09 00:00:00,0.62022,0.62101,0.61907,0.62053,3213.239990234375
2023-07-10 00:00:00,0.62052,0.62175,0.6166,0.62051,73050.140625
2023-07-11 00:00:00,0.62051,0.62242,0.61666,0.61982,83588.8828125
2023-07-12 00:00:00,0.61979,0.63086,0.61822,0.63042,101476.6328125
2023-07-13 00:00:00,0.63043,0.63961,0.63004,0.63911,90182.6328125
2023-07-14 00:00:00,0.63912,0.64114,0.63639,0.63676,87542.6171875
2023-07-15 00:00:00,0.63676,0.63676,0.63676,0.63676,0.0
2023-07-16 00:00:00,0.63599,0.63682,0.63532,0.63641,3561.18994140625
2023-07-17 00:00:00,0.6364,0.63649,0.6308,0.63205,69893.203125
2023-07-18 00:00:00,0.63206,0.63436,0.62593,0.62937,109252.15625
2023-07-19 00:00:00,0.62937,0.62993,0.62248,0.6262,119453.8828125
2023-07-20 00:00:00,0.62619,0.63075,0.62126,0.62301,107850.3671875
2023-07-21 00:00:00,0.62301,0.62379,0.61633,0.61647,98012.421875
2023-07-22 00:00:00,0.61647,0.61647,0.61647,0.61647,0.0
2023-07-23 00:00:00,0.61677,0.61735,0.61573,0.61667,3687.929931640625
2023-07-24 00:00:00,0.61669,0.62147,0.61553,0.61985,107995.453125
2023-07-25 00:00:00,0.61986,0.62298,0.61894,0.62148,99981.9375
2023-07-26 00:00:00,0.6215,0.62343,0.61817,0.6211,115952.2421875
2023-07-27 00:00:00,0.62111,0.62732,0.61707,0.61876,137215.984375
2023-07-28 00:00:00,0.61875,0.61885,0.61204,0.61525,143305.9375
2023-07-29 00:00:00,0.61525,0.61525,0.61525,0.61525,0.0
2023-07-30 00:00:00,0.61396,0.61645,0.61364,0.6158,5813.7900390625
2023-07-31 00:00:00,0.61579,0.62252,0.61549,0.62029,95110.3203125
2023-08-01 00:00:00,0.62031,0.62167,0.61308,0.61392,97166.9765625
2023-08-02 00:00:00,0.61392,0.61393,0.60679,0.60852,92699.203125
2023-08-03 00:00:00,0.60852,0.6097,0.60599,0.60814,105660.0703125
2023-08-04 00:00:00,0.60811,0.61326,0.60695,0.60931,101751.8125
2023-08-05 00:00:00,0.60931,0.60931,0.60931,0.60931,0.0
2023-08-06 00:00:00,0.60771,0.6101,0.60771,0.60989,4753.33984375
2023-08-07 00:00:00,0.60988,0.61166,0.60843,0.61062,73073.7109375
2023-08-08 00:00:00,0.61063,0.61074,0.6034,0.60571,85885.5234375
2023-08-09 00:00:00,0.60572,0.60942,0.604,0.60603,76854.328125
2023-08-10 00:00:00,0.606,0.61179,0.6011,0.60111,107521.0390625
2023-08-11 00:00:00,0.6011,0.60231,0.59746,0.59787,75555.421875
2023-08-12 00:00:00,0.59787,0.59787,0.59787,0.59787,0.0
2023-08-13 00:00:00,0.59833,0.59916,0.5982,0.59829,6164.1298828125
2023-08-14 00:00:00,0.59826,0.59899,0.59434,0.59732,88943.3515625
2023-08-15 00:00:00,0.59734,0.59963,0.59471,0.59562,98488.21875
2023-08-16 00:00:00,0.59564,0.59927,0.59242,0.59307,95288.3671875
2023-08-17 00:00:00,0.59308,0.59635,0.59026,0.5925,89941.5
2023-08-18 00:00:00,0.5925,0.59465,0.59089,0.59189,65994.046875
2023-08-19 00:00:00,0.59189,0.59189,0.59189,0.59189,0.0
2023-08-20 00:00:00,0.59243,0.59317,0.59211,0.59263,3414.14990234375
2023-08-21 00:00:00,0.59262,0.59337,0.58962,0.59287,70051.953125
2023-08-22 00:00:00,0.59286,0.59715,0.59228,0.59393,77134.28125
2023-08-23 00:00:00,0.59392,0.59846,0.59267,0.59736,75006.296875
2023-08-24 00:00:00,0.59741,0.59796,0.59159,0.59188,85924.421875
2023-08-25 00:00:00,0.59187,0.59421,0.58856,0.59012,82223.03125
2023-08-26 00:00:00,0.59012,0.59012,0.59012,0.59012,0.0
2023-08-27 00:00:00,0.59022,0.59109,0.58937,0.5909,3587.179931640625
2023-08-28 00:00:00,0.5909,0.59254,0.58834,0.59067,65117.1796875
2023-08-29 00:00:00,0.59066,0.59773,0.58869,0.59662,86085.5078125
2023-08-30 00:00:00,0.59661,0.60062,0.59391,0.59531,93165.6796875
2023-08-31 00:00:00,0.5953,0.59779,0.59302,0.59731,87190.109375
2023-09-01 00:00:00,0.59729,0.60148,0.59341,0.59361,97049.7265625
2023-09-02 00:00:00,0.59361,0.59361,0.59361,0.59361,0.0
2023-09-03 00:00:00,0.59357,0.59442,0.59357,0.59418,3048.0
2023-09-04 00:00:00,0.5942,0.59606,0.59252,0.59359,51495.859375
2023-09-05 00:00:00,0.59359,0.59383,0.58586,0.58829,82940.6875
2023-09-06 00:00:00,0.58826,0.59035,0.58591,0.58697,84025.3671875
2023-09-07 00:00:00,0.58696,0.58939,0.5862,0.58778,78295.828125
2023-09-08 00:00:00,0.58781,0.59173,0.58771,0.58805,62194.0390625
2023-09-09 00:00:00,0.58805,0.58805,0.58805,0.58805,0.0
2023-09-10 00:00:00,0.58898,0.59033,0.58799,0.58997,8418.509765625
2023-09-11 00:00:00,0.58996,0.59346,0.58961,0.59146,77147.828125
2023-09-12 00:00:00,0.59145,0.59213,0.58887,0.59086,65505.12890625
2023-09-13 00:00:00,0.59086,0.59266,0.58797,0.59191,85899.453125
2023-09-14 00:00:00,0.59191,0.59443,0.5901,0.59024,98860.3203125
2023-09-15 00:00:00,0.59025,0.59371,0.58923,0.58933,92032.5625
2023-09-16 00:00:00,0.58933,0.58933,0.58933,0.58933,0.0
2023-09-17 00:00:00,0.58892,0.59061,0.58892,0.59043,2168.010009765625
2023-09-18 00:00:00,0.59043,0.59229,0.58935,0.592,54773.37890625
2023-09-19 00:00:00,0.59199,0.59534,0.59112,0.59493,85618.578125
2023-09-20 00:00:00,0.59492,0.59849,0.59191,0.59234,114200.921875
2023-09-21 00:00:00,0.59232,0.5941,0.58951,0.59304,103861.1171875
2023-09-22 00:00:00,0.59306,0.59882,0.59187,0.59559,98940.078125
2023-09-23 00:00:00,0.59559,0.59559,0.59559,0.59559,0.0
2023-09-24 00:00:00,0.59588,0.59623,0.59543,0.59558,6747.35009765625
2023-09-25 00:00:00,0.59558,0.59737,0.59426,0.5966,74189.4765625
2023-09-26 00:00:00,0.59663,0.59732,0.59357,0.59468,86799.5625
2023-09-27 00:00:00,0.59471,0.59563,0.58992,0.59146,102657.296875
2023-09-28 00:00:00,0.59145,0.59729,0.59138,0.59633,117277.0234375
2023-09-29 00:00:00,0.59631,0.60484,0.59622,0.59928,118858.1015625
2023-09-30 00:00:00,0.59928,0.59928,0.59928,0.59928,0.0
2023-10-01 00:00:00,0.59935,0.59999,0.59828,0.59951,5113.9501953125
2023-10-02 00:00:00,0.59949,0.60076,0.59369,0.59401,97913.2109375
2023-10-03 00:00:00,0.59399,0.59399,0.58871,0.59123,129040.1796875
2023-10-04 00:00:00,0.59121,0.59246,0.58705,0.59178,132826.1875
2023-10-05 00:00:00,0.59179,0.59703,0.59107,0.59662,127727.84375
2023-10-06 00:00:00,0.59663,0.60031,0.59228,0.59854,131624.34375
2023-10-07 00:00:00,0.59854,0.59854,0.59854,0.59854,0.0
2023-10-08 00:00:00,0.59643,0.5976,0.59615,0.59715,9107.9599609375
2023-10-09 00:00:00,0.59716,0.60328,0.596,0.60305,101057.1796875
2023-10-10 00:00:00,0.60308,0.60483,0.59983,0.60405,112918.0078125
2023-10-11 00:00:00,0.60406,0.60551,0.60064,0.60181,107579.140625
2023-10-12 00:00:00,0.6018,0.60253,0.59194,0.59198,101450.171875
2023-10-13 00:00:00,0.592,0.59282,0.58807,0.58812,109113.0390625
2023-10-14 00:00:00,0.58812,0.58812,0.58812,0.58812,0.0
2023-10-15 00:00:00,0.59145,0.5915,0.58988,0.59062,7568.27978515625
2023-10-16 00:00:00,0.59064,0.59291,0.58981,0.58997,96176.359375
2023-10-17 00:00:00,0.58999,0.59138,0.58706,0.58941,102115.546875
2023-10-18 00:00:00,0.5894,0.59193,0.58498,0.58531,119380.71875
2023-10-19 00:00:00,0.58532,0.58661,0.58152,0.58403,143257.90625
2023-10-20 00:00:00,0.58401,0.58403,0.58164,0.58228,94733.953125
2023-10-21 00:00:00,0.58228,0.58228,0.58228,0.58228,0.0
2023-10-22 00:00:00,0.58185,0.58314,0.58171,0.58282,4525.81982421875
2023-10-23 00:00:00,0.5828,0.58572,0.58071,0.58504,83832.1171875
2023-10-24 00:00:00,0.58504,0.58722,0.58284,0.58461,89970.7734375
2023-10-25 00:00:00,0.58462,0.58695,0.57859,0.57914,103714.390625
2023-10-26 00:00:00,0.57912,0.58291,0.57729,0.58274,105226.7734375
2023-10-27 00:00:00,0.58278,0.58436,0.5805,0.58069,88982.90625
2023-10-28 00:00:00,0.58069,0.58069,0.58069,0.58069,0.0
2023-10-29 00:00:00,0.58091,0.58157,0.58038,0.58073,6748.10986328125
2023-10-30 00:00:00,0.58072,0.58447,0.58052,0.58386,92471.2734375
2023-10-31 00:00:00,0.58383,0.58568,0.57937,0.58067,93461.1328125
2023-11-01 00:00:00,0.58067,0.58788,0.57886,0.58788,113610.609375
2023-11-02 00:00:00,0.5879,0.59167,0.58728,0.5895,87125.2265625
2023-11-03 00:00:00,0.58953,0.60003,0.58841,0.5995,101174.140625
2023-11-04 00:00:00,0.5995,0.5995,0.5995,0.5995,0.0
2023-11-05 00:00:00,0.59882,0.59961,0.59882,0.59946,2464.72998046875
2023-11-06 00:00:00,0.59947,0.60016,0.59572,0.59607,72638.8828125
2023-11-07 00:00:00,0.59607,0.59654,0.59107,0.59341,75496.9765625
2023-11-08 00:00:00,0.59338,0.59418,0.59056,0.59117,81351.96875
2023-11-09 00:00:00,0.59118,0.59543,0.58858,0.58883,85937.7578125
2023-11-10 00:00:00,0.58883,0.59044,0.5878,0.58879,75937.8515625
2023-11-11 00:00:00,0.58879,0.58879,0.58879,0.58879,0.0
2023-11-12 00:00:00,0.58813,0.58983,0.58803,0.58932,3250.97998046875
2023-11-13 00:00:00,0.58933,0.5897,0.58698,0.58818,56279.98828125
2023-11-14 00:00:00,0.5882,0.60131,0.58615,0.60033,108648.4765625
2023-11-15 00:00:00,0.60034,0.60541,0.59972,0.60278,95340.9296875
2023-11-16 00:00:00,0.60279,0.60289,0.5963,0.5964,107189.8828125
2023-11-17 00:00:00,0.59643,0.59969,0.59399,0.59854,101732.5390625
2023-11-18 00:00:00,0.59854,0.59854,0.59854,0.59854,0.0
2023-11-19 00:00:00,0.59836,0.60004,0.59783,0.5994,5047.08984375
2023-11-20 00:00:00,0.59939,0.60429,0.59882,0.60392,91983.8515625
2023-11-21 00:00:00,0.6039,0.60858,0.6036,0.60533,105490.9765625
2023-11-22 00:00:00,0.60531,0.60639,0.59959,0.60203,107460.1875
2023-11-23 00:00:00,0.60202,0.60659,0.60201,0.60475,59404.328125
2023-11-24 00:00:00,0.60477,0.60888,0.60441,0.60787,60194.12890625
2023-11-25 00:00:00,0.60787,0.60787,0.60787,0.60787,0.0
2023-11-26 00:00:00,0.60779,0.60835,0.60759,0.60762,2274.610107421875
2023-11-27 00:00:00,0.60763,0.61068,0.60604,0.61027,86408.2109375
2023-11-28 00:00:00,0.61029,0.61497,0.60797,0.61448,109687.96875
2023-11-29 00:00:00,0.61451,0.62078,0.61338,0.61537,123439.140625
2023-11-30 00:00:00,0.61538,0.61818,0.61205,0.61562,148473.15625
2023-12-01 00:00:00,0.61564,0.62096,0.61505,0.62072,131535.734375
2023-12-02 00:00:00,0.62072,0.62072,0.62072,0.62072,0.0
2023-12-03 00:00:00,0.61905,0.62185,0.61905,0.62146,6398.7900390625
2023-12-04 00:00:00,0.62146,0.62221,0.61507,0.61642,115626.2109375
2023-12-05 00:00:00,0.61643,0.61737,0.61252,0.61326,121259.7421875
2023-12-06 00:00:00,0.61328,0.61763,0.61328,0.61394,98644.3515625
2023-12-07 00:00:00,0.61391,0.61929,0.61128,0.616,129055.296875
2023-12-08 00:00:00,0.61601,0.61746,0.61034,0.61186,141261.15625
2023-12-09 00:00:00,0.61186,0.61186,0.61186,0.61186,0.0
2023-12-10 00:00:00,0.61096,0.61264,0.61096,0.61237,2776.35009765625
2023-12-11 00:00:00,0.61235,0.61319,0.61044,0.61219,95408.0078125
2023-12-12 00:00:00,0.61218,0.61692,0.61045,0.61363,119848.7265625
2023-12-13 00:00:00,0.61366,0.6213,0.60837,0.61907,138345.21875
2023-12-14 00:00:00,0.61905,0.62489,0.61823,0.62131,205069.546875
2023-12-15 00:00:00,0.62132,0.6229,0.61773,0.62054,130646.8671875
2023-12-16 00:00:00,0.62054,0.62054,0.62054,0.62054,0.0
2023-12-17 00:00:00,0.61969,0.62128,0.6179,0.62087,4143.08984375
2023-12-18 00:00:00,0.62089,0.62507,0.62018,0.6214,93214.953125
2023-12-19 00:00:00,0.62141,0.62722,0.6214,0.62654,80986.7421875
2023-12-20 00:00:00,0.62656,0.62981,0.6232,0.62531,91881.453125
2023-12-21 00:00:00,0.62532,0.62975,0.62384,0.62933,135986.171875
2023-12-22 00:00:00,0.62932,0.63173,0.62751,0.6295,182666.546875
2023-12-23 00:00:00,0.6295,0.6295,0.6295,0.6295,0.0
2023-12-24 00:00:00,0.6295,0.6295,0.6295,0.6295,0.0
2023-12-25 00:00:00,0.62789,0.63049,0.62704,0.63029,1642.510009765625
2023-12-26 00:00:00,0.63028,0.63341,0.6294,0.63293,146762.703125
2023-12-27 00:00:00,0.63293,0.63485,0.63155,0.63476,74771.1171875
2023-12-28 00:00:00,0.63476,0.6369,0.63237,0.63337,165572.8125
2023-12-29 00:00:00,0.63338,0.63583,0.6304,0.63158,170237.703125
2023-12-30 00:00:00,0.63158,0.63158,0.63158,0.63158,0.0
2023-12-31 00:00:00,0.63158,0.63158,0.63158,0.63158,0.0
2024-01-01 00:00:00,0.63183,0.63245,0.63126,0.63139,2428.4599609375
2024-01-02 00:00:00,0.63141,0.63205,0.62473,0.62508,113643.40625
2024-01-03 00:00:00,0.62508,0.62758,0.62184,0.6251,122932.1328125
2024-01-04 00:00:00,0.6251,0.6285,0.62207,0.623,111293.3671875
2024-01-05 00:00:00,0.62301,0.62772,0.61805,0.62412,141979.125
2024-01-06 00:00:00,0.62412,0.62412,0.62412,0.62412,0.0
2024-01-07 00:00:00,0.62314,0.62486,0.62314,0.62474,3001.110107421875
2024-01-08 00:00:00,0.62474,0.62606,0.6212,0.62495,76918.7265625
2024-01-09 00:00:00,0.62493,0.62665,0.62255,0.62373,88128.84375
2024-01-10 00:00:00,0.62375,0.62538,0.62153,0.62282,88352.796875
2024-01-11 00:00:00,0.62282,0.62632,0.61952,0.62422,143972.09375
2024-01-12 00:00:00,0.62427,0.62776,0.62298,0.62385,98668.6875
2024-01-13 00:00:00,0.62385,0.62385,0.62385,0.62385,0.0
2024-01-14 00:00:00,0.62368,0.62405,0.62258,0.62306,5191.9599609375
2024-01-15 00:00:00,0.62306,0.62416,0.61828,0.61892,61931.328125
2024-01-16 00:00:00,0.61894,0.61901,0.61262,0.61403,133274.9375
2024-01-17 00:00:00,0.61406,0.61514,0.60877,0.6113,136100.0625
2024-01-18 00:00:00,0.61129,0.61356,0.60941,0.61194,110929.4765625
2024-01-19 00:00:00,0.61193,0.61262,0.60891,0.61105,86128.2265625
2024-01-20 00:00:00,0.61105,0.61105,0.61105,0.61105,0.0
2024-01-21 00:00:00,0.6112,0.61194,0.61054,0.61172,2782.9599609375
2024-01-22 00:00:00,0.61173,0.61386,0.60649,0.60729,83030.5234375
2024-01-23 00:00:00,0.60728,0.61167,0.60615,0.61021,100752.078125
2024-01-24 00:00:00,0.6102,0.61484,0.60884,0.61075,112562.0078125
2024-01-25 00:00:00,0.61074,0.61322,0.60995,0.61075,124630.5703125
2024-01-26 00:00:00,0.61077,0.61203,0.60891,0.60896,86632.046875
2024-01-27 00:00:00,0.60896,0.60896,0.60896,0.60896,0.0
2024-01-28 00:00:00,0.60898,0.6094,0.60853,0.609,4944.6201171875
2024-01-29 00:00:00,0.609,0.61433,0.60874,0.61328,69656.640625
2024-01-30 00:00:00,0.61329,0.61489,0.61049,0.61312,89850.078125
2024-01-31 00:00:00,0.61313,0.61734,0.61011,0.61125,153030.359375
2024-02-01 00:00:00,0.61124,0.61461,0.60795,0.61442,123868.640625
2024-02-02 00:00:00,0.61441,0.61602,0.60583,0.60642,103901.03125
2024-02-03 00:00:00,0.60642,0.60642,0.60642,0.60642,0.0
2024-02-04 00:00:00,0.60636,0.60685,0.60491,0.60622,4844.1201171875
2024-02-05 00:00:00,0.60619,0.60814,0.60379,0.60523,92568.0390625
2024-02-06 00:00:00,0.60525,0.61061,0.60464,0.60985,87723.8984375
2024-02-07 00:00:00,0.60984,0.61244,0.60918,0.61086,91629.390625
2024-02-08 00:00:00,0.61085,0.61234,0.60786,0.61127,82949.671875
2024-02-09 00:00:00,0.61127,0.61582,0.61061,0.61441,85005.0078125
2024-02-10 00:00:00,0.61441,0.61441,0.61441,0.61441,0.0
2024-02-11 00:00:00,0.61394,0.61496,0.61345,0.61472,5048.1298828125
2024-02-12 00:00:00,0.6147,0.61515,0.61199,0.61266,69538.3828125
2024-02-13 00:00:00,0.61269,0.61287,0.60492,0.60566,105867.140625
2024-02-14 00:00:00,0.60566,0.60916,0.60506,0.60887,83554.921875
2024-02-15 00:00:00,0.60888,0.61269,0.60797,0.61102,84896.28125
2024-02-16 00:00:00,0.61104,0.61354,0.60857,0.61223,80061.953125
2024-02-17 00:00:00,0.61223,0.61223,0.61223,0.61223,0.0
2024-02-18 00:00:00,0.6119,0.61355,0.61187,0.61339,3813.719970703125
2024-02-19 00:00:00,0.61341,0.6152,0.61319,0.61419,53100.33984375
2024-02-20 00:00:00,0.61422,0.61905,0.61286,0.61665,95217.75
2024-02-21 00:00:00,0.61666,0.61976,0.61617,0.61805,82867.6484375
2024-02-22 00:00:00,0.61804,0.62175,0.61762,0.61938,82703.8984375
2024-02-23 00:00:00,0.61937,0.62109,0.61803,0.6196,53573.078125
2024-02-24 00:00:00,0.6196,0.6196,0.6196,0.6196,0.0
2024-02-25 00:00:00,0.6193,0.61964,0.6184,0.61845,3532.85009765625
2024-02-26 00:00:00,0.61844,0.61876,0.61621,0.61661,51816.6015625
2024-02-27 00:00:00,0.6166,0.61775,0.61509,0.61691,54885.5
2024-02-28 00:00:00,0.6169,0.61774,0.60816,0.60959,68192.8984375
2024-02-29 00:00:00,0.60961,0.61116,0.60743,0.60866,79122.46875
2024-03-01 00:00:00,0.60866,0.61117,0.60783,0.61046,59669.828125
2024-03-02 00:00:00,0.61046,0.61046,0.61046,0.61046,0.0
2024-03-03 00:00:00,0.61064,0.61094,0.61016,0.61023,4404.02001953125
2024-03-04 00:00:00,0.61025,0.61111,0.60878,0.60942,43056.69140625
2024-03-05 00:00:00,0.60943,0.61096,0.60705,0.60866,68957.4375
2024-03-06 00:00:00,0.60865,0.61438,0.60684,0.61277,64106.55078125
2024-03-07 00:00:00,0.61277,0.61782,0.61265,0.6178,67424.328125
2024-03-08 00:00:00,0.61779,0.62163,0.61608,0.61749,76591.2265625
2024-03-09 00:00:00,0.61749,0.61749,0.61749,0.61749,0.0
2024-03-10 00:00:00,0.61733,0.61796,0.61693,0.6179,3225.60009765625
2024-03-11 00:00:00,0.61791,0.61821,0.616,0.61696,57292.859375
2024-03-12 00:00:00,0.61696,0.61839,0.61351,0.61486,82704.9375
2024-03-13 00:00:00,0.61484,0.61694,0.61448,0.6164,65740.9765625
2024-03-14 00:00:00,0.61639,0.61747,0.61211,0.61231,71350.3984375
2024-03-15 00:00:00,0.61232,0.61241,0.60802,0.60824,55407.9296875
2024-03-16 00:00:00,0.60824,0.60824,0.60824,0.60824,0.0
2024-03-17 00:00:00,0.60854,0.60883,0.60801,0.60866,3531.22998046875
2024-03-18 00:00:00,0.60866,0.60998,0.60772,0.60814,53791.91015625
2024-03-19 00:00:00,0.60815,0.60824,0.60336,0.60466,62137.96875
2024-03-20 00:00:00,0.60468,0.60925,0.60242,0.60894,83842.3203125
2024-03-21 00:00:00,0.60894,0.61065,0.60379,0.60455,84575.921875
2024-03-22 00:00:00,0.60455,0.60515,0.59891,0.59914,62867.51953125
2024-03-23 00:00:00,0.59914,0.59914,0.59914,0.59914,0.0
2024-03-24 00:00:00,0.59959,0.59997,0.59854,0.59892,4566.22998046875
2024-03-25 00:00:00,0.59892,0.60126,0.5986,0.59999,54561.80078125
2024-03-26 00:00:00,0.6,0.60306,0.59958,0.60068,58455.48046875
2024-03-27 00:00:00,0.60068,0.60102,0.59874,0.59919,59837.109375
2024-03-28 00:00:00,0.59921,0.60039,0.5956,0.5973,64141.4609375
2024-03-29 00:00:00,0.59729,0.59879,0.59662,0.59774,10944.4599609375
2024-03-30 00:00:00,0.59774,0.59774,0.59774,0.59774,0.0
2024-03-31 00:00:00,0.59796,0.59895,0.59745,0.59855,4619.89013671875
2024-04-01 00:00:00,0.59857,0.59922,0.59392,0.5951,47705.94140625
2024-04-02 00:00:00,0.59509,0.5974,0.5943,0.59679,70461.4375
2024-04-03 00:00:00,0.59681,0.60158,0.59519,0.60137,65607.8515625
2024-04-04 00:00:00,0.60137,0.60461,0.60117,0.60261,67940.65625
2024-04-05 00:00:00,0.60262,0.60309,0.5985,0.60113,80243.453125
2024-04-06 00:00:00,0.60113,0.60113,0.60113,0.60113,0.0
2024-04-07 00:00:00,0.60059,0.60108,0.59961,0.60034,3900.60009765625
2024-04-08 00:00:00,0.60035,0.60381,0.59994,0.60341,59052.3203125
2024-04-09 00:00:00,0.60341,0.60763,0.60335,0.60648,58771.640625
2024-04-10 00:00:00,0.6065,0.60823,0.59657,0.59744,109704.3984375
2024-04-11 00:00:00,0.59745,0.60145,0.59688,0.6001,94604.0703125
2024-04-12 00:00:00,0.60008,0.60099,0.59332,0.59332,64771.4296875
2024-04-13 00:00:00,0.59332,0.59332,0.59332,0.59332,0.0
2024-04-14 00:00:00,0.59355,0.59495,0.59326,0.59436,5408.64990234375
2024-04-15 00:00:00,0.59437,0.59533,0.58981,0.5902,74667.7421875
2024-04-16 00:00:00,0.59019,0.5907,0.58591,0.58912,93393.6171875
2024-04-17 00:00:00,0.58912,0.59247,0.58911,0.5913,72905.4609375
2024-04-18 00:00:00,0.59128,0.59325,0.5898,0.59014,72045.0
2024-04-19 00:00:00,0.59017,0.59057,0.58517,0.58862,97189.71875
2024-04-20 00:00:00,0.58862,0.58862,0.58862,0.58862,0.0
2024-04-21 00:00:00,0.58808,0.59002,0.58808,0.58991,3327.22998046875
2024-04-22 00:00:00,0.58991,0.59282,0.58941,0.5921,57890.94140625
2024-04-23 00:00:00,0.59209,0.59478,0.5902,0.5935,57050.26171875
2024-04-24 00:00:00,0.59348,0.59517,0.592,0.59355,62660.37109375
2024-04-25 00:00:00,0.59358,0.59688,0.59196,0.59565,69091.28125
2024-04-26 00:00:00,0.59567,0.59694,0.59286,0.59384,65145.05859375
2024-04-27 00:00:00,0.59384,0.59384,0.59384,0.59384,0.0
2024-04-28 00:00:00,0.59479,0.59494,0.59396,0.59471,3140.340087890625
2024-04-29 00:00:00,0.59472,0.59843,0.59415,0.59696,70692.6171875
2024-04-30 00:00:00,0.59695,0.59729,0.58737,0.5877,70394.21875
2024-05-01 00:00:00,0.58772,0.59395,0.58762,0.59284,84011.3515625
2024-05-02 00:00:00,0.59285,0.59675,0.5914,0.59633,82116.390625
2024-05-03 00:00:00,0.59634,0.60478,0.59556,0.60097,94912.2890625
2024-05-04 00:00:00,0.60097,0.60097,0.60097,0.60097,0.0
2024-05-05 00:00:00,0.60114,0.60131,0.59973,0.60065,3619.679931640625
2024-05-06 00:00:00,0.60063,0.60315,0.59952,0.60085,40967.3984375
2024-05-07 00:00:00,0.60086,0.60245,0.59949,0.5996,56349.078125
2024-05-08 00:00:00,0.5996,0.60072,0.59806,0.60031,44456.9609375
2024-05-09 00:00:00,0.6003,0.60395,0.59921,0.60348,46239.6015625
2024-05-10 00:00:00,0.60349,0.60362,0.60084,0.60185,42912.26171875
2024-05-11 00:00:00,0.60185,0.60185,0.60185,0.60185,0.0
2024-05-12 00:00:00,0.60121,0.60224,0.60048,0.60166,3024.159912109375
2024-05-13 00:00:00,0.60165,0.60306,0.59998,0.60228,45592.8515625
2024-05-14 00:00:00,0.60229,0.60429,0.59937,0.60418,52538.51953125
2024-05-15 00:00:00,0.60418,0.61315,0.60413,0.61285,62457.8203125
2024-05-16 00:00:00,0.61286,0.61401,0.60949,0.61234,46957.94140625
2024-05-17 00:00:00,0.61237,0.61392,0.61007,0.61334,46072.078125
2024-05-18 00:00:00,0.61334,0.61334,0.61334,0.61334,0.0
2024-05-19 00:00:00,0.61309,0.61372,0.61264,0.61346,2138.4599609375
2024-05-20 00:00:00,0.61348,0.61367,0.60961,0.61065,50454.44921875
2024-05-21 00:00:00,0.61065,0.61102,0.60843,0.60921,38396.48828125
2024-05-22 00:00:00,0.60922,0.61519,0.60815,0.6099,53715.73828125
2024-05-23 00:00:00,0.60989,0.61334,0.60916,0.60954,64601.3515625
2024-05-24 00:00:00,0.60953,0.6126,0.60871,0.61202,48907.109375
2024-05-25 00:00:00,0.61202,0.61202,0.61202,0.61202,0.0
2024-05-26 00:00:00,0.61103,0.61265,0.61074,0.61203,2836.919921875
2024-05-27 00:00:00,0.61204,0.61531,0.61198,0.61509,32512.279296875
2024-05-28 00:00:00,0.61511,0.61697,0.61364,0.61397,54714.421875
2024-05-29 00:00:00,0.61397,0.61472,0.61101,0.61124,60607.53125
2024-05-30 00:00:00,0.61122,0.61309,0.60884,0.61152,70904.140625
2024-05-31 00:00:00,0.61149,0.61653,0.61139,0.61425,75378.3671875
2024-06-01 00:00:00,0.61425,0.61425,0.61425,0.61425,0.0
2024-06-02 00:00:00,0.6126,0.6149,0.6126,0.61476,4590.1298828125
2024-06-03 00:00:00,0.61475,0.61938,0.61333,0.61917,76243.8828125
2024-06-04 00:00:00,0.61917,0.61979,0.61553,0.61742,87220.640625
2024-06-05 00:00:00,0.61742,0.61978,0.617,0.61957,67392.0078125
2024-06-06 00:00:00,0.61959,0.62148,0.61733,0.6196,65332.03125
2024-06-07 00:00:00,0.61958,0.62031,0.61014,0.61015,85605.40625
2024-06-08 00:00:00,0.61015,0.61015,0.61015,0.61015,0.0
2024-06-09 00:00:00,0.61025,0.61078,0.60999,0.6105,2959.43994140625
2024-06-10 00:00:00,0.6105,0.61324,0.60991,0.61281,48728.75
2024-06-11 00:00:00,0.61281,0.61496,0.61173,0.6145,61365.3984375
2024-06-12 00:00:00,0.6145,0.62215,0.61343,0.61858,110498.78125
2024-06-13 00:00:00,0.61856,0.61984,0.61581,0.61583,79460.46875
2024-06-14 00:00:00,0.61585,0.6162,0.61155,0.61405,82190.203125
2024-06-15 00:00:00,0.61405,0.61405,0.61405,0.61405,0.0
2024-06-16 00:00:00,0.61197,0.61404,0.61197,0.61359,3801.989990234375
2024-06-17 00:00:00,0.61359,0.61375,0.61043,0.61342,71963.1015625
2024-06-18 00:00:00,0.61341,0.61481,0.60968,0.61396,88068.7578125
2024-06-19 00:00:00,0.61396,0.61474,0.61205,0.61374,42141.859375
2024-06-20 00:00:00,0.61373,0.61382,0.61112,0.61216,64060.078125
2024-06-21 00:00:00,0.61217,0.61341,0.61084,0.61176,64407.921875
2024-06-22 00:00:00,0.61176,0.61176,0.61176,0.61176,0.0
2024-06-23 00:00:00,0.61115,0.61179,0.6106,0.61102,2777.8798828125
2024-06-24 00:00:00,0.61103,0.61399,0.61044,0.61189,61272.7890625
2024-06-25 00:00:00,0.61187,0.613,0.61073,0.6117,56193.25
2024-06-26 00:00:00,0.61172,0.61274,0.60737,0.60796,74480.4765625
2024-06-27 00:00:00,0.60794,0.61081,0.60682,0.60834,61452.53125
2024-06-28 00:00:00,0.60836,0.61044,0.60572,0.60905,72389.1015625
2024-06-29 00:00:00,0.60905,0.60905,0.60905,0.60905,0.0
2024-06-30 00:00:00,0.60896,0.61034,0.60846,0.6098,3767.530029296875
2024-07-01 00:00:00,0.60981,0.61075,0.60634,0.60638,79867.609375
2024-07-02 00:00:00,0.60638,0.60834,0.60472,0.60812,80235.84375
2024-07-03 00:00:00,0.60812,0.61286,0.60692,0.6107,61832.328125
2024-07-04 00:00:00,0.6107,0.61223,0.61056,0.61124,31370.220703125
2024-07-05 00:00:00,0.61125,0.61484,0.61047,0.61439,73303.359375
2024-07-06 00:00:00,0.61439,0.61439,0.61439,0.61439,0.0
2024-07-07 00:00:00,0.61357,0.61473,0.61326,0.61403,4342.77001953125
2024-07-08 00:00:00,0.61401,0.61532,0.61179,0.61301,47989.26171875
2024-07-09 00:00:00,0.61303,0.61326,0.61117,0.61265,51236.8515625
2024-07-10 00:00:00,0.61265,0.61315,0.60645,0.6087,71392.3515625
2024-07-11 00:00:00,0.6087,0.61341,0.60816,0.60946,116113.65625
2024-07-12 00:00:00,0.60946,0.61257,0.60759,0.61179,82752.390625
2024-07-13 00:00:00,0.61179,0.61179,0.61179,0.61179,0.0
2024-07-14 00:00:00,0.61049,0.61119,0.60924,0.60952,5004.08984375
2024-07-15 00:00:00,0.6095,0.6102,0.60707,0.60756,64950.69140625
2024-07-16 00:00:00,0.60757,0.60762,0.60334,0.60701,73331.4296875
2024-07-17 00:00:00,0.60701,0.60971,0.60635,0.60795,81830.390625
2024-07-18 00:00:00,0.60796,0.60816,0.60418,0.60421,72993.53125
2024-07-19 00:00:00,0.6042,0.60421,0.60049,0.60086,69716.1015625
2024-07-20 00:00:00,0.60086,0.60086,0.60086,0.60086,0.0
2024-07-21 00:00:00,0.60063,0.60274,0.60055,0.60231,5176.2900390625
2024-07-22 00:00:00,0.6023,0.60231,0.59714,0.59762,58149.19921875
2024-07-23 00:00:00,0.59761,0.598,0.59502,0.59515,49557.71875
2024-07-24 00:00:00,0.59515,0.59521,0.59134,0.5925,64756.75
2024-07-25 00:00:00,0.5925,0.59267,0.58802,0.58886,97037.796875
2024-07-26 00:00:00,0.58886,0.59052,0.58825,0.58872,67461.1484375
2024-07-27 00:00:00,0.58872,0.58872,0.58872,0.58872,0.0
2024-07-28 00:00:00,0.58873,0.58952,0.58858,0.58879,4573.2001953125
2024-07-29 00:00:00,0.58878,0.59001,0.58574,0.58762,50660.76953125
2024-07-30 00:00:00,0.58761,0.5907,0.58674,0.59023,55634.33984375
2024-07-31 00:00:00,0.59025,0.59613,0.58874,0.5951,101569.078125
2024-08-01 00:00:00,0.59509,0.59817,0.59335,0.59351,90022.609375
2024-08-02 00:00:00,0.59353,0.59843,0.59301,0.59557,106510.53125
2024-08-03 00:00:00,0.59557,0.59557,0.59557,0.59557,0.0
2024-08-04 00:00:00,0.59526,0.59574,0.59394,0.5946,11898.2099609375
2024-08-05 00:00:00,0.59461,0.59708,0.58493,0.59495,240547.015625
2024-08-06 00:00:00,0.59498,0.59921,0.59126,0.5973,164758.140625
2024-08-07 00:00:00,0.59731,0.60248,0.59706,0.59891,119424.2890625
2024-08-08 00:00:00,0.59891,0.60143,0.59768,0.60053,96370.140625
2024-08-09 00:00:00,0.60051,0.60345,0.59939,0.59966,72064.6015625
2024-08-10 00:00:00,0.59966,0.59966,0.59966,0.59966,0.0
2024-08-11 00:00:00,0.59975,0.59988,0.5989,0.59922,3827.52001953125
2024-08-12 00:00:00,0.59923,0.60324,0.59915,0.60221,56204.609375
2024-08-13 00:00:00,0.60222,0.60812,0.60168,0.6078,67793.8203125
2024-08-14 00:00:00,0.60781,0.60835,0.59924,0.5998,91758.9375
2024-08-15 00:00:00,0.59977,0.60143,0.59739,0.59796,71333.8984375
2024-08-16 00:00:00,0.598,0.60551,0.59795,0.60511,46537.7109375
2024-08-17 00:00:00,0.60511,0.60511,0.60511,0.60511,0.0
2024-08-18 00:00:00,0.60368,0.60595,0.60366,0.60564,3351.989990234375
2024-08-19 00:00:00,0.60569,0.61169,0.60541,0.61169,55647.4609375
2024-08-20 00:00:00,0.6117,0.61581,0.61107,0.61558,64928.51171875
2024-08-21 00:00:00,0.61558,0.61778,0.61319,0.61614,66387.328125
2024-08-22 00:00:00,0.61614,0.61693,0.61275,0.6141,62676.4609375
2024-08-23 00:00:00,0.61411,0.62362,0.61402,0.62319,73630.546875
2024-08-24 00:00:00,0.62319,0.62319,0.62319,0.62319,0.0
2024-08-25 00:00:00,0.62231,0.62313,0.62194,0.62233,6214.4501953125
2024-08-26 00:00:00,0.62234,0.62323,0.61944,0.62045,62234.28125
2024-08-27 00:00:00,0.62047,0.62544,0.6194,0.62422,66009.9375
2024-08-28 00:00:00,0.62423,0.62524,0.62237,0.62465,69915.2890625
2024-08-29 00:00:00,0.62467,0.62985,0.62464,0.62623,80268.6328125
2024-08-30 00:00:00,0.62624,0.62739,0.62294,0.62484,67409.6015625
2024-08-31 00:00:00,0.62484,0.62484,0.62484,0.62484,0.0
2024-09-01 00:00:00,0.62369,0.62528,0.62338,0.62462,2660.659912109375
2024-09-02 00:00:00,0.6246,0.62521,0.62206,0.62293,39181.69921875
2024-09-03 00:00:00,0.62295,0.62354,0.61796,0.61858,102717.0
2024-09-04 00:00:00,0.61857,0.62163,0.61687,0.61857,83076.5078125
2024-09-05 00:00:00,0.61857,0.62259,0.61778,0.62233,65885.59375
2024-09-06 00:00:00,0.62232,0.62538,0.61555,0.61711,110260.171875
2024-09-07 00:00:00,0.61711,0.61711,0.61711,0.61711,0.0
2024-09-08 00:00:00,0.61724,0.61766,0.61656,0.6169,3463.14990234375
2024-09-09 00:00:00,0.6169,0.61856,0.61239,0.61413,61051.80078125
2024-09-10 00:00:00,0.61417,0.61648,0.61315,0.61491,60872.33984375
2024-09-11 00:00:00,0.6149,0.61566,0.61059,0.61315,116280.34375
2024-09-12 00:00:00,0.61316,0.61879,0.61278,0.61869,88049.2578125
2024-09-13 00:00:00,0.61868,0.61934,0.61516,0.61562,69953.8125
2024-09-14 00:00:00,0.61562,0.61562,0.61562,0.61562,0.0
2024-09-15 00:00:00,0.61559,0.61656,0.61544,0.61626,3701.110107421875
2024-09-16 00:00:00,0.61627,0.62024,0.61538,0.61952,61306.37109375
2024-09-17 00:00:00,0.61951,0.62105,0.61755,0.61916,65646.9921875
2024-09-18 00:00:00,0.61917,0.62672,0.61875,0.62092,173574.4375
2024-09-19 00:00:00,0.62094,0.62683,0.61807,0.62359,120072.578125
2024-09-20 00:00:00,0.62359,0.62599,0.62096,0.62365,100996.8125
2024-09-21 00:00:00,0.62365,0.62365,0.62365,0.62365,0.0
2024-09-22 00:00:00,0.62225,0.62403,0.62225,0.6235,3119.9599609375
2024-09-23 00:00:00,0.6235,0.62799,0.62247,0.62664,77106.9375
2024-09-24 00:00:00,0.62665,0.63521,0.62588,0.63516,95067.6328125
2024-09-25 00:00:00,0.63518,0.63553,0.62549,0.6255,79424.4296875
2024-09-26 00:00:00,0.6255,0.63347,0.62521,0.63302,111319.34375
2024-09-27 00:00:00,0.63299,0.63671,0.62955,0.63401,104556.640625
2024-09-28 00:00:00,0.63401,0.63401,0.63401,0.63401,0.0
2024-09-29 00:00:00,0.63343,0.63543,0.63329,0.6349,3722.330078125
2024-09-30 00:00:00,0.63491,0.63784,0.63369,0.63444,102698.96875
2024-10-01 00:00:00,0.63444,0.63471,0.62643,0.62818,115167.2265625
2024-10-02 00:00:00,0.62819,0.6313,0.62572,0.62579,86555.53125
2024-10-03 00:00:00,0.62579,0.62579,0.62048,0.62161,99043.7421875
2024-10-04 00:00:00,0.62163,0.62191,0.61452,0.61568,88530.6875
2024-10-05 00:00:00,0.61568,0.61568,0.61568,0.61568,0.0
2024-10-06 00:00:00,0.61468,0.61729,0.61468,0.61581,6436.7998046875
2024-10-07 00:00:00,0.6158,0.61695,0.6111,0.61272,88417.390625
2024-10-08 00:00:00,0.61273,0.61445,0.61068,0.61302,93349.3203125
2024-10-09 00:00:00,0.61299,0.61377,0.60523,0.60682,93246.21875
2024-10-10 00:00:00,0.60681,0.60974,0.6053,0.6095,117605.5625
2024-10-11 00:00:00,0.60951,0.61194,0.60833,0.61088,46417.37109375
2024-10-12 00:00:00,0.61088,0.61088,0.61088,0.61088,0.0
2024-10-13 00:00:00,0.60906,0.61032,0.60871,0.609,4827.16015625
2024-10-14 00:00:00,0.60899,0.61025,0.60698,0.60896,62983.44921875
2024-10-15 00:00:00,0.60896,0.61055,0.60514,0.60515,69021.8828125
2024-10-16 00:00:00,0.60514,0.60793,0.60394,0.60578,66461.1796875
2024-10-17 00:00:00,0.60577,0.60753,0.60442,0.60596,78002.546875
2024-10-18 00:00:00,0.60596,0.60796,0.6056,0.60697,57672.55078125
2024-10-19 00:00:00,0.60697,0.60697,0.60697,0.60697,0.0
2024-10-20 00:00:00,0.60653,0.60774,0.60635,0.60758,2584.56005859375
2024-10-21 00:00:00,0.6076,0.60837,0.60213,0.60226,76046.4296875
2024-10-22 00:00:00,0.60227,0.60608,0.60207,0.60431,70862.140625
2024-10-23 00:00:00,0.60431,0.60525,0.59908,0.60051,64575.33984375
2024-10-24 00:00:00,0.60051,0.60317,0.59995,0.60073,74633.7265625
2024-10-25 00:00:00,0.60074,0.60131,0.59737,0.59755,69752.3515625
2024-10-26 00:00:00,0.59755,0.59755,0.59755,0.59755,0.0
2024-10-27 00:00:00,0.59736,0.5985,0.59697,0.5978,4865.330078125
2024-10-28 00:00:00,0.5978,0.59973,0.59575,0.59883,61464.328125
2024-10-29 00:00:00,0.59881,0.59893,0.5953,0.59689,78902.4765625
2024-10-30 00:00:00,0.59688,0.60014,0.59503,0.59706,85882.828125
2024-10-31 00:00:00,0.59707,0.5983,0.59396,0.59703,90072.109375
2024-11-01 00:00:00,0.59702,0.59987,0.59581,0.59612,79635.1875
2024-11-02 00:00:00,0.59612,0.59612,0.59612,0.59612,0.0
2024-11-03 00:00:00,0.59958,0.59981,0.59728,0.59857,6210.5400390625
2024-11-04 00:00:00,0.59859,0.6015,0.59673,0.59727,87081.0
2024-11-05 00:00:00,0.59727,0.60189,0.59662,0.60152,95486.2265625
2024-11-06 00:00:00,0.60154,0.60204,0.59115,0.59376,301448.15625
2024-11-07 00:00:00,0.59375,0.60372,0.59305,0.60212,148645.296875
2024-11-08 00:00:00,0.60212,0.60238,0.59468,0.59663,142654.234375
2024-11-09 00:00:00,0.59663,0.59663,0.59663,0.59663,0.0
2024-11-10 00:00:00,0.59631,0.59678,0.59374,0.59638,2860.800048828125
2024-11-11 00:00:00,0.59637,0.59771,0.59515,0.59689,86651.390625
2024-11-12 00:00:00,0.59688,0.59721,0.59092,0.59222,112878.65625
2024-11-13 00:00:00,0.59222,0.59469,0.58757,0.58826,122296.921875
2024-11-14 00:00:00,0.58827,0.58838,0.58388,0.58489,130469.1796875
2024-11-15 00:00:00,0.5849,0.588,0.58397,0.58642,136308.8125
2024-11-16 00:00:00,0.58642,0.58642,0.58642,0.58642,0.0
2024-11-17 00:00:00,0.58629,0.58649,0.58588,0.58634,2822.929931640625
2024-11-18 00:00:00,0.58633,0.58977,0.58358,0.58896,92442.9921875
2024-11-19 00:00:00,0.58895,0.59198,0.58738,0.59186,119603.078125
2024-11-20 00:00:00,0.59186,0.59215,0.58635,0.58794,76538.453125
2024-11-21 00:00:00,0.58796,0.58857,0.5849,0.5856,114955.1171875
2024-11-22 00:00:00,0.58559,0.58571,0.5816,0.58334,120360.9609375
2024-11-23 00:00:00,0.58334,0.58334,0.58334,0.58334,0.0
2024-11-24 00:00:00,0.58525,0.58688,0.5849,0.58605,7607.64990234375
2024-11-25 00:00:00,0.58604,0.58674,0.57979,0.581,111225.53125
2024-11-26 00:00:00,0.58103,0.58655,0.57965,0.58357,133869.625
2024-11-27 00:00:00,0.58358,0.59078,0.58263,0.58921,131738.078125
2024-11-28 00:00:00,0.58922,0.59047,0.58799,0.58954,58936.73046875
2024-11-29 00:00:00,0.58953,0.59284,0.58923,0.59195,100695.140625
2024-11-30 00:00:00,0.59195,0.59195,0.59195,0.59195,0.0
2024-12-01 00:00:00,0.59082,0.59148,0.58992,0.59053,4030.02001953125
2024-12-02 00:00:00,0.59052,0.59109,0.58634,0.58832,128865.09375
2024-12-03 00:00:00,0.58832,0.59045,0.58641,0.58812,100438.1171875
2024-12-04 00:00:00,0.58813,0.58841,0.58286,0.58566,125129.2578125
2024-12-05 00:00:00,0.58566,0.58887,0.58516,0.58823,90307.890625
2024-12-06 00:00:00,0.58824,0.58829,0.58208,0.58247,112058.5703125
2024-12-07 00:00:00,0.58247,0.58247,0.58247,0.58247,0.0
2024-12-08 00:00:00,0.58343,0.58396,0.58306,0.58378,3699.919921875
2024-12-09 00:00:00,0.58377,0.58876,0.58039,0.58575,94206.4921875
2024-12-10 00:00:00,0.58576,0.58577,0.5791,0.58007,97327.4609375
2024-12-11 00:00:00,0.58008,0.58079,0.5761,0.57931,124851.09375
2024-12-12 00:00:00,0.57902,0.58172,0.57591,0.57694,112632.671875
2024-12-13 00:00:00,0.57693,0.5778,0.57534,0.57579,82731.28125
2024-12-14 00:00:00,0.57579,0.57579,0.57579,0.57579,0.0
2024-12-15 00:00:00,0.57556,0.57742,0.57528,0.5769,4002.89990234375
2024-12-16 00:00:00,0.57689,0.57915,0.57585,0.5791,76271.34375
2024-12-17 00:00:00,0.57912,0.57925,0.57495,0.57577,110017.2578125
2024-12-18 00:00:00,0.57577,0.57583,0.56125,0.5616,144178.875
2024-12-19 00:00:00,0.56161,0.56618,0.56075,0.5626,127957.8984375
2024-12-20 00:00:00,0.56259,0.56721,0.56123,0.56468,144998.140625
2024-12-21 00:00:00,0.56468,0.56468,0.56468,0.56468,0.0
2024-12-22 00:00:00,0.56496,0.56565,0.56401,0.56517,4641.4501953125
2024-12-23 00:00:00,0.56518,0.56606,0.56314,0.56452,89903.296875
2024-12-24 00:00:00,0.56448,0.56625,0.56152,0.56249,65153.48046875
2024-12-25 00:00:00,0.56249,0.56534,0.56208,0.565,8332.5
2024-12-26 00:00:00,0.56501,0.56594,0.56198,0.56244,79139.859375
2024-12-27 00:00:00,0.56244,0.5643,0.56135,0.56232,116169.28125
2024-12-28 00:00:00,0.56232,0.56232,0.56232,0.56232,0.0
2024-12-29 00:00:00,0.56269,0.56462,0.56243,0.56385,3148.669921875
2024-12-30 00:00:00,0.56386,0.56641,0.56276,0.56384,91446.3984375
2024-12-31 00:00:00,0.56383,0.56462,0.55874,0.55935,120268.421875
2025-01-01 00:00:00,0.55941,0.56035,0.55886,0.55971,4618.5498046875
2025-01-02 00:00:00,0.55971,0.56241,0.55862,0.55926,109306.21875
2025-01-03 00:00:00,0.55928,0.56138,0.55925,0.56097,70903.21875
2025-01-04 00:00:00,0.56097,0.56097,0.56097,0.56097,0.0
2025-01-05 00:00:00,0.5611,0.56198,0.56081,0.56164,3355.530029296875
2025-01-06 00:00:00,0.56165,0.56842,0.56135,0.5637,113596.2109375
2025-01-07 00:00:00,0.56373,0.56923,0.56314,0.56334,105409.9296875
2025-01-08 00:00:00,0.56336,0.56413,0.5589,0.56043,85433.640625
2025-01-09 00:00:00,0.56044,0.56062,0.55715,0.55926,66457.75
2025-01-10 00:00:00,0.55927,0.56025,0.55422,0.5548,122382.25
2025-01-11 00:00:00,0.5548,0.5548,0.5548,0.5548,0.0
2025-01-12 00:00:00,0.55514,0.55668,0.55491,0.55627,3304.169921875
2025-01-13 00:00:00,0.55627,0.5617,0.5541,0.56011,109329.40625
2025-01-14 00:00:00,0.56011,0.56308,0.55833,0.56019,99422.9375
2025-01-15 00:00:00,0.56018,0.56506,0.55959,0.56273,89223.03125
2025-01-16 00:00:00,0.56272,0.56326,0.55817,0.56071,101329.109375
2025-01-17 00:00:00,0.56071,0.5615,0.55627,0.55769,95832.0078125
2025-01-18 00:00:00,0.55769,0.55769,0.55769,0.55769,0.0
2025-01-19 00:00:00,0.55918,0.55929,0.55788,0.55885,2749.5400390625
2025-01-20 00:00:00,0.55886,0.56837,0.55878,0.56804,131896.90625
2025-01-21 00:00:00,0.56806,0.56887,0.56162,0.56598,135276.140625
2025-01-22 00:00:00,0.56599,0.56875,0.56486,0.56618,92776.0
2025-01-23 00:00:00,0.5662,0.56854,0.56461,0.56744,92034.6171875
2025-01-24 00:00:00,0.56743,0.5723,0.56709,0.5701,113129.640625
2025-01-25 00:00:00,0.5701,0.5701,0.5701,0.5701,0.0
2025-01-26 00:00:00,0.56943,0.5701,0.56905,0.56935,4049.22998046875
2025-01-27 00:00:00,0.56934,0.57048,0.56589,0.5664,132546.3125
2025-01-28 00:00:00,0.56641,0.56722,0.56478,0.56632,90960.796875
2025-01-29 00:00:00,0.56631,0.56679,0.56337,0.56647,97836.8828125
2025-01-30 00:00:00,0.56647,0.56672,0.56217,0.56345,109324.65625
2025-01-31 00:00:00,0.56345,0.56836,0.56232,0.56352,113251.21875
2025-02-01 00:00:00,0.56352,0.56352,0.56352,0.56352,0.0
2025-02-02 00:00:00,0.55816,0.55934,0.55665,0.55683,14573.419921875
2025-02-03 00:00:00,0.55682,0.56405,0.55158,0.56268,190790.21875
2025-02-04 00:00:00,0.56268,0.56544,0.55814,0.56461,98797.7578125
2025-02-05 00:00:00,0.56462,0.5702,0.56454,0.56871,94442.609375
2025-02-06 00:00:00,0.56873,0.56907,0.56513,0.56734,68612.8984375
2025-02-07 00:00:00,0.56733,0.56945,0.56401,0.56586,96067.6171875
2025-02-08 00:00:00,0.56586,0.56586,0.56586,0.56586,0.0
2025-02-09 00:00:00,0.56332,0.56509,0.56332,0.56445,6090.18994140625
2025-02-10 00:00:00,0.56444,0.56634,0.56282,0.56335,69131.53125
2025-02-11 00:00:00,0.56336,0.56607,0.56291,0.56574,56428.01953125
2025-02-12 00:00:00,0.56574,0.56714,0.56001,0.56403,95041.6484375
2025-02-13 00:00:00,0.56402,0.568,0.56224,0.56786,86414.140625
2025-02-14 00:00:00,0.56785,0.57378,0.56752,0.57261,85454.7578125
2025-02-15 00:00:00,0.57261,0.57261,0.57261,0.57261,0.0
2025-02-16 00:00:00,0.57152,0.57325,0.57147,0.57322,5614.490234375
2025-02-17 00:00:00,0.57321,0.57498,0.57273,0.57304,41896.7890625
2025-02-18 00:00:00,0.57305,0.57318,0.56936,0.57033,67921.8515625
2025-02-19 00:00:00,0.57034,0.57314,0.56773,0.57002,73962.4765625
2025-02-20 00:00:00,0.57003,0.57719,0.56931,0.57641,80494.65625
2025-02-21 00:00:00,0.57641,0.57713,0.57346,0.57363,76365.2890625
2025-02-22 00:00:00,0.57363,0.57363,0.57363,0.57363,0.0
2025-02-23 00:00:00,0.57405,0.57556,0.57335,0.57487,4072.8701171875
2025-02-24 00:00:00,0.57489,0.57695,0.57247,0.57256,89326.90625
2025-02-25 00:00:00,0.57256,0.57381,0.57059,0.57295,82349.0625
2025-02-26 00:00:00,0.57295,0.57323,0.56875,0.56978,94780.6484375
2025-02-27 00:00:00,0.56977,0.5698,0.56246,0.56253,94632.171875
2025-02-28 00:00:00,0.56253,0.56281,0.55847,0.55967,87381.2890625
2025-03-01 00:00:00,0.55967,0.55967,0.55967,0.55967,0.0
2025-03-02 00:00:00,0.55985,0.56081,0.55978,0.56032,3934.820068359375
2025-03-03 00:00:00,0.5603,0.56399,0.5593,0.56118,101896.7890625
2025-03-04 00:00:00,0.56117,0.56685,0.55949,0.566,135418.984375
2025-03-05 00:00:00,0.56599,0.57313,0.56371,0.57272,137153.234375
2025-03-06 00:00:00,0.57271,0.57592,0.57196,0.57352,130267.390625
2025-03-07 00:00:00,0.57352,0.57409,0.56919,0.57078,94224.4765625
2025-03-08 00:00:00,0.57078,0.57078,0.57078,0.57078,0.0
2025-03-09 00:00:00,0.57131,0.57143,0.56866,0.5708,8425.5400390625
2025-03-10 00:00:00,0.57078,0.57421,0.56856,0.56944,94169.90625
2025-03-11 00:00:00,0.56942,0.57263,0.56771,0.57109,105155.46875
2025-03-12 00:00:00,0.57111,0.57379,0.56974,0.5737,86267.1484375
2025-03-13 00:00:00,0.57368,0.57414,0.5682,0.57017,78432.34375
2025-03-14 00:00:00,0.57016,0.5755,0.56956,0.57423,59225.30078125
2025-03-15 00:00:00,0.57423,0.57423,0.57423,0.57423,0.0
2025-03-16 00:00:00,0.57411,0.57623,0.57406,0.57508,10667.8896484375
2025-03-17 00:00:00,0.57507,0.58269,0.57456,0.58221,54477.51953125
2025-03-18 00:00:00,0.58223,0.58308,0.57975,0.58176,71062.609375
2025-03-19 00:00:00,0.58177,0.58251,0.57752,0.58186,82451.078125
2025-03-20 00:00:00,0.58186,0.58201,0.57225,0.57603,72731.796875
2025-03-21 00:00:00,0.57601,0.5767,0.57242,0.5732,55855.1484375
2025-03-22 00:00:00,0.5732,0.5732,0.5732,0.5732,0.0
2025-03-23 00:00:00,0.57283,0.57449,0.57265,0.5744,4032.77001953125
2025-03-24 00:00:00,0.57438,0.57492,0.57092,0.5726,63861.0703125
2025-03-25 00:00:00,0.57259,0.57501,0.57107,0.57322,62128.05078125
2025-03-26 00:00:00,0.57324,0.57622,0.57112,0.57171,70533.5390625
2025-03-27 00:00:00,0.57171,0.57551,0.57169,0.57346,74358.8984375
2025-03-28 00:00:00,0.57346,0.57359,0.57097,0.57097,60938.48828125
2025-03-29 00:00:00,0.57097,0.57097,0.57097,0.57097,0.0
2025-03-30 00:00:00,0.57147,0.57167,0.56933,0.57057,6405.009765625
2025-03-31 00:00:00,0.57059,0.5722,0.56482,0.56684,71686.5703125
2025-04-01 00:00:00,0.56685,0.57141,0.56624,0.57111,80598.4375
2025-04-02 00:00:00,0.5711,0.5779,0.5681,0.5726,92150.78125
2025-04-03 00:00:00,0.57259,0.58527,0.5719,0.5787,152754.734375
2025-04-04 00:00:00,0.5787,0.57965,0.55509,0.55931,237085.65625
2025-04-05 00:00:00,0.55931,0.55931,0.55931,0.55931,0.0
2025-04-06 00:00:00,0.5576,0.55788,0.55371,0.55397,38065.44921875
2025-04-07 00:00:00,0.55398,0.56436,0.5506,0.55357,316978.90625
2025-04-08 00:00:00,0.55357,0.56254,0.55068,0.55138,185691.59375
2025-04-09 00:00:00,0.55139,0.56677,0.54851,0.56356,307807.9375
2025-04-10 00:00:00,0.56356,0.57651,0.56275,0.57464,231717.453125
2025-04-11 00:00:00,0.57463,0.58395,0.57424,0.5823,271263.96875
2025-04-12 00:00:00,0.5823,0.5823,0.5823,0.5823,0.0
2025-04-13 00:00:00,0.58141,0.58431,0.58138,0.58343,16207.099609375
2025-04-14 00:00:00,0.58345,0.58912,0.583,0.58641,141344.25
2025-04-15 00:00:00,0.58642,0.59436,0.58642,0.58937,117958.9296875
2025-04-16 00:00:00,0.58937,0.59429,0.58892,0.5935,144039.578125
2025-04-17 00:00:00,0.59351,0.59774,0.58994,0.59699,102016.9375
2025-04-18 00:00:00,0.59697,0.5973,0.59239,0.59301,389820.875
2025-04-19 00:00:00,0.59301,0.59301,0.59301,0.59301,0.0
2025-04-20 00:00:00,0.59179,0.59598,0.5915,0.59589,13804.8095703125
2025-04-21 00:00:00,0.5959,0.60185,0.59582,0.59996,83614.0
2025-04-22 00:00:00,0.59998,0.60288,0.59362,0.59586,107608.5234375
2025-04-23 00:00:00,0.59589,0.60133,0.59413,0.595,119453.671875
2025-04-24 00:00:00,0.59501,0.60005,0.5941,0.59872,77893.8515625
2025-04-25 00:00:00,0.59872,0.59993,0.59479,0.5961,80448.7734375
2025-04-26 00:00:00,0.5961,0.5961,0.5961,0.5961,0.0
2025-04-27 00:00:00,0.59471,0.5965,0.59467,0.59486,4699.2900390625
2025-04-28 00:00:00,0.59487,0.59819,0.59279,0.59701,78826.6171875
2025-04-29 00:00:00,0.59701,0.59864,0.59257,0.5938,72174.421875
2025-04-30 00:00:00,0.59377,0.59495,0.58979,0.59353,87023.4609375
2025-05-01 00:00:00,0.59353,0.59507,0.58933,0.59118,67410.7109375
2025-05-02 00:00:00,0.59119,0.59772,0.59069,0.5943,92942.3984375
2025-05-03 00:00:00,0.5943,0.5943,0.5943,0.5943,0.0
2025-05-04 00:00:00,0.59388,0.59598,0.59365,0.5949,8194.259765625
2025-05-05 00:00:00,0.5949,0.59955,0.59404,0.59602,70527.6796875
2025-05-06 00:00:00,0.59606,0.60213,0.59434,0.60116,88012.359375
2025-05-07 00:00:00,0.60115,0.60223,0.5933,0.59383,97610.703125
2025-05-08 00:00:00,0.59386,0.59741,0.58968,0.58994,87975.2109375
2025-05-09 00:00:00,0.58993,0.59202,0.58702,0.59071,61985.05078125
2025-05-10 00:00:00,0.59071,0.59071,0.59071,0.59071,0.0
2025-05-11 00:00:00,0.59206,0.59257,0.59078,0.59177,9767.76953125
2025-05-12 00:00:00,0.59179,0.59399,0.58462,0.58605,112634.9921875
2025-05-13 00:00:00,0.58605,0.59418,0.58465,0.59357,76170.0390625
2025-05-14 00:00:00,0.59356,0.59685,0.58856,0.58959,86842.1796875
2025-05-15 00:00:00,0.58959,0.59155,0.58603,0.58719,73798.140625
2025-05-16 00:00:00,0.58719,0.59177,0.58647,0.58764,62518.37890625
2025-05-17 00:00:00,0.58764,0.58764,0.58764,0.58764,0.0
2025-05-18 00:00:00,0.58781,0.58917,0.58729,0.58855,4277.25
2025-05-19 00:00:00,0.58857,0.59322,0.58797,0.59281,70623.9921875
2025-05-20 00:00:00,0.5928,0.59316,0.58938,0.59271,90897.390625
2025-05-21 00:00:00,0.59271,0.59675,0.59234,0.59326,120709.171875
2025-05-22 00:00:00,0.59328,0.59413,0.58896,0.5897,89258.1796875
2025-05-23 00:00:00,0.58968,0.59893,0.58954,0.59824,81970.0234375
2025-05-24 00:00:00,0.59824,0.59824,0.59824,0.59824,0.0
2025-05-25 00:00:00,0.59842,0.59961,0.59776,0.59912,8701.419921875
2025-05-26 00:00:00,0.59911,0.60311,0.59892,0.59937,58298.1015625
2025-05-27 00:00:00,0.59937,0.60062,0.59396,0.59476,81715.4921875
2025-05-28 00:00:00,0.59475,0.59791,0.59233,0.59553,97896.6328125
2025-05-29 00:00:00,0.59555,0.59917,0.59247,0.59758,98892.953125
2025-05-30 00:00:00,0.5976,0.59893,0.59468,0.5954,90654.1328125
2025-05-31 00:00:00,0.5954,0.5954,0.5954,0.5954,0.0
2025-06-01 00:00:00,0.59566,0.59794,0.59562,0.59729,6709.7900390625
2025-06-02 00:00:00,0.59729,0.60479,0.59726,0.60476,75510.3203125
2025-06-03 00:00:00,0.60475,0.60542,0.59872,0.60048,69453.7265625
2025-06-04 00:00:00,0.60049,0.60389,0.59914,0.6025,72644.6875
2025-06-05 00:00:00,0.60252,0.60797,0.6025,0.60409,86048.2734375
2025-06-06 00:00:00,0.60408,0.60501,0.60061,0.60115,84535.7734375
2025-06-07 00:00:00,0.60115,0.60115,0.60115,0.60115,0.0
2025-06-08 00:00:00,0.60114,0.60276,0.60019,0.60215,5370.509765625
2025-06-09 00:00:00,0.60214,0.60651,0.60131,0.60487,71794.609375
2025-06-10 00:00:00,0.60488,0.60616,0.60274,0.6059,78969.671875
2025-06-11 00:00:00,0.60592,0.60656,0.60213,0.6035,73801.1484375
2025-06-12 00:00:00,0.60356,0.6071,0.60054,0.60645,90917.6171875
2025-06-13 00:00:00,0.60644,0.60655,0.59947,0.60128,116595.671875
2025-06-14 00:00:00,0.60128,0.60128,0.60128,0.60128,0.0
2025-06-15 00:00:00,0.60013,0.60176,0.60003,0.60168,24193.990234375
2025-06-16 00:00:00,0.60168,0.60875,0.60034,0.60521,87319.0078125
2025-06-17 00:00:00,0.60522,0.60793,0.60087,0.60181,83781.2421875
2025-06-18 00:00:00,0.6018,0.60564,0.60159,0.60275,108796.28125
2025-06-19 00:00:00,0.60274,0.603,0.59585,0.59994,88919.0390625
2025-06-20 00:00:00,0.59993,0.60088,0.59626,0.59643,74561.0
2025-06-21 00:00:00,0.59643,0.59643,0.59643,0.59643,0.0
2025-06-22 00:00:00,0.59441,0.5966,0.59277,0.59606,8739.2197265625
2025-06-23 00:00:00,0.59608,0.60012,0.58826,0.5993,112221.1796875
2025-06-24 00:00:00,0.5993,0.60407,0.59876,0.60106,83383.359375
2025-06-25 00:00:00,0.60105,0.60555,0.60093,0.60528,60612.109375
2025-06-26 00:00:00,0.6053,0.60745,0.60286,0.60587,86632.6328125
2025-06-27 00:00:00,0.60587,0.60778,0.60365,0.60504,86202.3203125
2025-06-28 00:00:00,0.60504,0.60504,0.60504,0.60504,0.0
2025-06-29 00:00:00,0.60466,0.60674,0.60423,0.60619,6912.66015625
2025-06-30 00:00:00,0.60617,0.60983,0.60566,0.60908,77026.296875
2025-07-01 00:00:00,0.60906,0.612,0.60748,0.60989,73903.390625
2025-07-02 00:00:00,0.6099,0.61059,0.60495,0.60883,73732.4765625
2025-07-03 00:00:00,0.60883,0.60925,0.60298,0.60782,72089.2734375
2025-07-04 00:00:00,0.6078,0.60816,0.60498,0.60543,90201.4296875
2025-07-05 00:00:00,0.60543,0.60543,0.60543,0.60543,0.0
2025-07-06 00:00:00,0.60499,0.60618,0.60467,0.60489,3634.85009765625
2025-07-07 00:00:00,0.60489,0.60521,0.5988,0.60068,73071.09375
2025-07-08 00:00:00,0.60069,0.60349,0.59789,0.59925,91915.7109375
2025-07-09 00:00:00,0.59924,0.6014,0.59755,0.59985,67624.03125
2025-07-10 00:00:00,0.59983,0.60428,0.59961,0.60402,57166.921875
2025-07-11 00:00:00,0.60402,0.60414,0.60004,0.60059,80048.890625
2025-07-12 00:00:00,0.60059,0.60059,0.60059,0.60059,0.0
2025-07-13 00:00:00,0.59938,0.60064,0.59908,0.60052,4320.009765625
2025-07-14 00:00:00,0.60051,0.60143,0.59655,0.59701,55479.98046875
2025-07-15 00:00:00,0.59702,0.60056,0.59381,0.59537,76569.578125
2025-07-16 00:00:00,0.59539,0.59693,0.59122,0.59437,86927.5625
2025-07-17 00:00:00,0.59437,0.59446,0.59045,0.5943,74229.953125
2025-07-18 00:00:00,0.59429,0.59907,0.5942,0.59534,62119.828125
2025-07-19 00:00:00,0.59534,0.59534,0.59534,0.59534,0.0
2025-07-20 00:00:00,0.59684,0.5969,0.59409,0.59513,7213.39013671875
2025-07-21 00:00:00,0.59513,0.59846,0.59382,0.59683,49282.2890625
2025-07-22 00:00:00,0.59683,0.60081,0.59403,0.59977,81746.21875
2025-07-23 00:00:00,0.59976,0.60511,0.59938,0.60469,72421.2265625
2025-07-24 00:00:00,0.60467,0.6059,0.60241,0.60352,62474.26953125
2025-07-25 00:00:00,0.60353,0.60388,0.59975,0.60139,60444.890625
2025-07-26 00:00:00,0.60139,0.60139,0.60139,0.60139,0.0
2025-07-27 00:00:00,0.6009,0.60227,0.60074,0.60182,3497.760009765625
2025-07-28 00:00:00,0.60181,0.60325,0.59624,0.59716,69822.1171875
2025-07-29 00:00:00,0.59716,0.59759,0.59421,0.5954,62165.9296875
2025-07-30 00:00:00,0.59541,0.5971,0.58881,0.59068,105364.28125
2025-07-31 00:00:00,0.59068,0.59367,0.58836,0.58866,104652.53125
2025-08-01 00:00:00,0.58864,0.59286,0.58562,0.59104,110580.328125
2025-08-02 00:00:00,0.59104,0.59104,0.59104,0.59104,0.0
2025-08-03 00:00:00,0.59063,0.59196,0.59039,0.59138,4951.16015625
2025-08-04 00:00:00,0.59138,0.593,0.58944,0.59158,75269.0390625
2025-08-05 00:00:00,0.59158,0.59222,0.58809,0.59073,78564.640625
2025-08-06 00:00:00,0.5907,0.59409,0.59043,0.5927,58840.21875
2025-08-07 00:00:00,0.5927,0.59716,0.59225,0.59684,71178.1484375
2025-08-08 00:00:00,0.59683,0.59705,0.5947,0.59497,48938.8515625
2025-08-09 00:00:00,0.59497,0.59497,0.59497,0.59497,0.0
2025-08-10 00:00:00,0.59516,0.59549,0.59452,0.59469,2820.739990234375
2025-08-11 00:00:00,0.59469,0.59586,0.59238,0.59385,49478.80078125
2025-08-12 00:00:00,0.59384,0.59656,0.59127,0.5957,75801.953125
2025-08-13 00:00:00,0.59571,0.59956,0.59446,0.59796,53742.328125
2025-08-14 00:00:00,0.59794,0.59906,0.59083,0.59202,99711.6796875
2025-08-15 00:00:00,0.592,0.59386,0.59071,0.59189,42560.890625
2025-08-16 00:00:00,0.59189,0.59189,0.59189,0.59189,0.0
2025-08-17 00:00:00,0.59196,0.59297,0.59169,0.59282,1837.550048828125
2025-08-18 00:00:00,0.59282,0.59422,0.59094,0.59227,57947.171875
2025-08-19 00:00:00,0.59226,0.59302,0.58851,0.58967,60456.9609375
2025-08-20 00:00:00,0.58966,0.58976,0.58121,0.58271,77291.9609375
2025-08-21 00:00:00,0.58272,0.58324,0.58102,0.58209,58441.12890625
2025-08-22 00:00:00,0.58207,0.58758,0.57995,0.58651,63358.48046875
2025-08-23 00:00:00,0.58651,0.58651,0.58651,0.58651,0.0
2025-08-24 00:00:00,0.5864,0.587,0.58583,0.58639,3482.889892578125
2025-08-25 00:00:00,0.5864,0.58803,0.58451,0.58479,51751.98828125
2025-08-26 00:00:00,0.5848,0.58678,0.5819,0.58566,71048.1796875
2025-08-27 00:00:00,0.58566,0.58647,0.58179,0.58604,57027.44921875
2025-08-28 00:00:00,0.58602,0.58915,0.58531,0.58825,61745.6796875
2025-08-29 00:00:00,0.58826,0.59053,0.58802,0.58945,52929.078125
2025-08-30 00:00:00,0.58945,0.58945,0.58945,0.58945,0.0
2025-08-31 00:00:00,0.58822,0.58989,0.58822,0.58957,2452.39990234375
2025-09-01 00:00:00,0.58958,0.5914,0.58894,0.59043,38004.05078125
2025-09-02 00:00:00,0.59044,0.59075,0.58375,0.58608,95847.3125
2025-09-03 00:00:00,0.58605,0.58833,0.58409,0.58803,77446.2421875
2025-09-04 00:00:00,0.58805,0.58897,0.58324,0.58503,60754.078125
2025-09-05 00:00:00,0.58504,0.59175,0.58495,0.58908,60763.98828125
2025-09-06 00:00:00,0.58908,0.58908,0.58908,0.58908,0.0
2025-09-07 00:00:00,0.58904,0.58927,0.58787,0.58877,3647.8798828125
2025-09-08 00:00:00,0.58877,0.59452,0.58818,0.59444,48542.5390625
2025-09-09 00:00:00,0.59444,0.59592,0.59217,0.5926,56948.1796875
2025-09-10 00:00:00,0.5926,0.59635,0.59208,0.59424,63059.46875
2025-09-11 00:00:00,0.5942,0.59793,0.59133,0.59767,62842.6484375
2025-09-12 00:00:00,0.59764,0.59777,0.59397,0.59518,42096.83984375
2025-09-13 00:00:00,0.59518,0.59518,0.59518,0.59518,0.0
2025-09-14 00:00:00,0.59379,0.59559,0.59378,0.59534,4733.5
2025-09-15 00:00:00,0.59536,0.59743,0.59493,0.59673,43865.23828125
2025-09-16 00:00:00,0.59671,0.59905,0.59551,0.5988,53248.30859375
2025-09-17 00:00:00,0.59883,0.6007,0.59317,0.59335,77544.078125
2025-09-18 00:00:00,0.59336,0.5935,0.58711,0.5889,111169.28125
2025-09-19 00:00:00,0.58893,0.58913,0.58533,0.58539,57529.73046875
2025-09-20 00:00:00,0.58539,0.58539,0.58539,0.58539,0.0
2025-09-21 00:00:00,0.58544,0.58632,0.58498,0.58499,2685.320068359375
2025-09-22 00:00:00,0.58498,0.5871,0.58423,0.58682,52660.87109375
2025-09-23 00:00:00,0.58685,0.58689,0.58371,0.58563,50691.58984375
2025-09-24 00:00:00,0.58564,0.5866,0.5808,0.58147,60996.01171875
2025-09-25 00:00:00,0.58146,0.58309,0.57565,0.57624,77974.0
2025-09-26 00:00:00,0.57622,0.57756,0.57538,0.57727,62877.16015625
2025-09-27 00:00:00,0.57727,0.57727,0.57727,0.57727,0.0
2025-09-28 00:00:00,0.57642,0.5779,0.5761,0.5777,1540.2900390625
2025-09-29 00:00:00,0.57768,0.57956,0.5764,0.57796,55086.078125
2025-09-30 00:00:00,0.57797,0.58073,0.5773,0.5795,69716.71875
2025-10-01 00:00:00,0.5795,0.58308,0.57857,0.58206,81775.1171875
2025-10-02 00:00:00,0.58204,0.58426,0.57967,0.58188,65045.578125
2025-10-03 00:00:00,0.5819,0.5838,0.58134,0.58303,50996.171875
2025-10-04 00:00:00,0.58303,0.58303,0.58303,0.58303,0.0
2025-10-05 00:00:00,0.58151,0.58248,0.5805,0.58232,7286.47021484375
2025-10-06 00:00:00,0.58232,0.58446,0.581,0.58397,50834.6015625
2025-10-07 00:00:00,0.58404,0.58409,0.57883,0.57967,53614.80859375
2025-10-08 00:00:00,0.57966,0.57987,0.57365,0.57831,77846.90625
2025-10-09 00:00:00,0.57835,0.5806,0.57335,0.57514,69702.140625
2025-10-10 00:00:00,0.57515,0.5758,0.57154,0.5721,69889.140625
2025-10-11 00:00:00,0.5721,0.5721,0.5721,0.5721,0.0
2025-10-12 00:00:00,0.57376,0.5745,0.57171,0.57253,10969.3896484375
2025-10-13 00:00:00,0.57253,0.57448,0.57155,0.57164,56223.48046875
2025-10-14 00:00:00,0.57163,0.5726,0.56823,0.57119,79281.9375
2025-10-15 00:00:00,0.57117,0.57314,0.57053,0.57149,52710.390625
2025-10-16 00:00:00,0.57149,0.57549,0.57125,0.57257,73667.703125
2025-10-17 00:00:00,0.57257,0.57426,0.57114,0.5722,68461.9765625
2025-10-18 00:00:00,0.5722,0.5722,0.5722,0.5722,0.0
2025-10-19 00:00:00,0.57248,0.57342,0.57173,0.57302,3777.360107421875
2025-10-20 00:00:00,0.57299,0.57528,0.57249,0.57428,48656.4296875
2025-10-21 00:00:00,0.57427,0.57517,0.57094,0.57413,62456.6015625
2025-10-22 00:00:00,0.57414,0.57606,0.57323,0.57356,60066.26171875
2025-10-23 00:00:00,0.57354,0.57561,0.57239,0.57544,47525.8984375
2025-10-24 00:00:00,0.57543,0.57775,0.57377,0.57456,68110.59375
2025-10-25 00:00:00,0.57456,0.57456,0.57456,0.57456,0.0
2025-10-26 00:00:00,0.57753,0.57761,0.57513,0.5759,5085.81982421875
2025-10-27 00:00:00,0.57589,0.57775,0.57514,0.57741,58573.21875
2025-10-28 00:00:00,0.5774,0.57892,0.57585,0.57821,60549.55859375
2025-10-29 00:00:00,0.5782,0.58012,0.57486,0.5763,83713.0390625
2025-10-30 00:00:00,0.57629,0.57878,0.57253,0.57439,71953.2109375
2025-10-31 00:00:00,0.57441,0.57446,0.57135,0.57226,49322.5703125
2025-11-01 00:00:00,0.57226,0.57226,0.57226,0.57226,0.0
2025-11-02 00:00:00,0.57197,0.57246,0.57143,0.57212,3837.949951171875
2025-11-03 00:00:00,0.57211,0.57297,0.56919,0.57057,46592.30859375
2025-11-04 00:00:00,0.57056,0.57057,0.56347,0.56414,67719.140625
2025-11-05 00:00:00,0.56414,0.56663,0.56302,0.56659,56269.75
2025-11-06 00:00:00,0.56659,0.56697,0.56254,0.56377,70659.0625
2025-11-07 00:00:00,0.56376,0.56385,0.56057,0.5621,59741.7109375
2025-11-08 00:00:00,0.5621,0.5621,0.5621,0.5621,0.0
2025-11-09 00:00:00,0.56238,0.563,0.56213,0.56257,5030.72998046875
2025-11-10 00:00:00,0.56256,0.56502,0.56202,0.56422,48001.73046875
2025-11-11 00:00:00,0.56423,0.56685,0.56309,0.56559,45036.828125
2025-11-12 00:00:00,0.56558,0.56704,0.56452,0.5661,49700.21875
2025-11-13 00:00:00,0.56612,0.56823,0.5634,0.56489,64512.859375
2025-11-14 00:00:00,0.5649,0.5691,0.56453,0.568,68031.71875
2025-11-15 00:00:00,0.568,0.568,0.568,0.568,0.0
2025-11-16 00:00:00,0.56751,0.56804,0.56745,0.56749,2395.5
2025-11-17 00:00:00,0.5675,0.56888,0.56483,0.56533,54992.1484375
2025-11-18 00:00:00,0.56533,0.56747,0.56379,0.56581,72914.609375
2025-11-19 00:00:00,0.56581,0.56592,0.55896,0.56144,68383.9296875
2025-11-20 00:00:00,0.56144,0.56384,0.55792,0.55899,77867.71875
2025-11-21 00:00:00,0.55898,0.56152,0.55824,0.56125,77796.7734375
2025-11-22 00:00:00,0.56125,0.56125,0.56125,0.56125,0.0
2025-11-23 00:00:00,0.56088,0.56144,0.56064,0.56116,2223.550048828125
2025-11-24 00:00:00,0.56116,0.56141,0.55951,0.56114,47523.75
2025-11-25 00:00:00,0.56114,0.56281,0.5591,0.56244,69992.65625
2025-11-26 00:00:00,0.56245,0.57058,0.5623,0.57037,92094.78125
2025-11-27 00:00:00,0.57038,0.57314,0.57034,0.57286,46160.08984375
2025-11-28 00:00:00,0.57287,0.57433,0.57036,0.57276,269299.1875
2025-11-29 00:00:00,0.57276,0.57276,0.57276,0.57276,0.0
2025-11-30 00:00:00,0.57242,0.57391,0.57242,0.57354,3821.31005859375
2025-12-01 00:00:00,0.57353,0.57513,0.57165,0.57248,60721.7109375
2025-12-02 00:00:00,0.57248,0.57443,0.57106,0.57404,49704.48828125
2025-12-03 00:00:00,0.57405,0.57772,0.57344,0.57725,50707.0
2025-12-04 00:00:00,0.57726,0.57783,0.57571,0.57585,58878.87109375
2025-12-05 00:00:00,0.57587,0.57867,0.57587,0.5774,45507.55859375
2025-12-06 00:00:00,0.5774,0.5774,0.5774,0.5774,0.0
2025-12-07 00:00:00,0.57732,0.57768,0.57669,0.57743,6837.93994140625
2025-12-08 00:00:00,0.57744,0.57922,0.57582,0.57754,48625.109375
2025-12-09 00:00:00,0.57753,0.57944,0.57662,0.57785,67671.78125
2025-12-10 00:00:00,0.57788,0.58242,0.57609,0.58155,70953.1796875
2025-12-11 00:00:00,0.58158,0.5831,0.57877,0.58091,65096.2109375
2025-12-12 00:00:00,0.5809,0.58203,0.57873,0.58014,61110.55078125
2025-12-13 00:00:00,0.58014,0.58014,0.58014,0.58014,0.0
2025-12-14 00:00:00,0.57928,0.58034,0.57871,0.5801,3455.090087890625
2025-12-15 00:00:00,0.5801,0.58081,0.57653,0.57848,59027.609375
2025-12-16 00:00:00,0.57849,0.58067,0.57577,0.57834,84827.328125
2025-12-17 00:00:00,0.57832,0.57938,0.57668,0.57683,66541.328125
2025-12-18 00:00:00,0.57683,0.57874,0.57542,0.57744,68246.21875
2025-12-19 00:00:00,0.5775,0.57829,0.57357,0.57533,54721.96875
2025-12-20 00:00:00,0.57533,0.57533,0.57533,0.57533,0.0
2025-12-21 00:00:00,0.57373,0.5757,0.57373,0.57555,10786.9599609375
2025-12-22 00:00:00,0.57555,0.58011,0.57554,0.57951,58540.12890625
2025-12-23 00:00:00,0.5795,0.58429,0.57943,0.58425,74914.8984375
2025-12-24 00:00:00,0.58424,0.5853,0.58243,0.58266,62921.078125
2025-12-25 00:00:00,0.58253,0.58419,0.58233,0.58351,3523.75
2025-12-26 00:00:00,0.58352,0.58419,0.58175,0.58237,61029.19140625
2025-12-27 00:00:00,0.58237,0.58237,0.58237,0.58237,0.0
2025-12-28 00:00:00,0.58225,0.58298,0.58215,0.58257,3591.699951171875
2025-12-29 00:00:00,0.58257,0.58332,0.57898,0.58074,82525.5625
2025-12-30 00:00:00,0.58072,0.58191,0.5788,0.57899,47840.0390625
2025-12-31 00:00:00,0.57899,0.57917,0.57394,0.57557,54420.7109375
