timestamp,open,high,low,close,volume
2003-01-01 00:00:00,3940.4,3940.4,3940.4,3940.4,0.0
2003-01-02 00:00:00,3940.4,4009.5,3915.8,4009.5,0.0
2003-01-03 00:00:00,4009.5,4027.6,3991.2,4004.9,0.0
2003-01-04 00:00:00,4004.9,4004.9,4004.9,4004.9,0.0
2003-01-05 00:00:00,4004.9,4004.9,4004.9,4004.9,0.0
2003-01-06 00:00:00,4002.4,4025.5,3930.9,4001.4,0.0
2003-01-07 00:00:00,4001.4,4015.4,3925.4,3957.4,0.0
2003-01-08 00:00:00,3957.4,3957.4,3906.8,3924.8,0.0
2003-01-09 00:00:00,3924.8,3942.5,3865.8,3934.0,0.0
2003-01-10 00:00:00,3934.0,3997.2,3926.0,3974.1,0.0
2003-01-11 00:00:00,3974.1,3974.1,3974.1,3974.1,0.0
2003-01-12 00:00:00,3974.1,3974.1,3974.1,3974.1,0.0
2003-01-13 00:00:00,3974.1,4020.2,3921.9,3948.3,0.0
2003-01-14 00:00:00,3948.3,3983.8,3924.3,3945.6,0.0
2003-01-15 00:00:00,3945.6,3963.2,3880.1,3887.8,0.0
2003-01-16 00:00:00,3887.8,3900.8,3863.1,3881.8,0.0
2003-01-17 00:00:00,3881.8,3881.8,3820.6,3820.6,0.0
2003-01-18 00:00:00,3820.6,3820.6,3820.6,3820.6,0.0
2003-01-19 00:00:00,3820.6,3820.6,3820.6,3820.6,0.0
2003-01-20 00:00:00,3820.6,3853.4,3774.1,3778.6,0.0
2003-01-21 00:00:00,3778.6,3815.0,3736.7,3736.7,0.0
2003-01-22 00:00:00,3736.7,3752.8,3658.4,3678.0,0.0
2003-01-23 00:00:00,3678.0,3721.7,3622.2,3622.2,0.0
2003-01-24 00:00:00,3622.2,3665.2,3583.7,3603.7,0.0
2003-01-25 00:00:00,3603.7,3603.7,3603.7,3603.7,0.0
2003-01-26 00:00:00,3603.7,3603.7,3603.7,3603.7,0.0
2003-01-27 00:00:00,3603.7,3603.7,3460.3,3480.8,0.0
2003-01-28 00:00:00,3480.8,3538.5,3464.1,3490.0,0.0
2003-01-29 00:00:00,3490.0,3493.7,3391.5,3483.8,0.0
2003-01-30 00:00:00,3483.8,3579.6,3483.8,3578.7,0.0
2003-01-31 00:00:00,3578.7,3580.5,3510.6,3567.4,0.0
2003-02-01 00:00:00,3567.4,3567.4,3567.4,3567.4,0.0
2003-02-02 00:00:00,3567.4,3567.4,3567.4,3567.4,0.0
2003-02-03 00:00:00,3567.4,3698.9,3567.4,3689.4,0.0
2003-02-04 00:00:00,3689.4,3689.4,3590.1,3590.1,0.0
2003-02-05 00:00:00,3590.1,3678.7,3569.0,3678.7,0.0
2003-02-06 00:00:00,3678.7,3689.7,3563.9,3597.0,0.0
2003-02-07 00:00:00,3597.0,3639.1,3568.4,3599.2,0.0
2003-02-08 00:00:00,3599.2,3599.2,3599.2,3599.2,0.0
2003-02-09 00:00:00,3599.2,3599.2,3599.2,3599.2,0.0
2003-02-10 00:00:00,3599.2,3626.4,3568.1,3579.1,0.0
2003-02-11 00:00:00,3579.1,3675.0,3579.1,3669.2,0.0
2003-02-12 00:00:00,3669.2,3669.2,3613.3,3616.1,0.0
2003-02-13 00:00:00,3616.1,3640.7,3568.7,3610.8,0.0
2003-02-14 00:00:00,3610.8,3683.6,3601.5,3611.9,0.0
2003-02-15 00:00:00,3611.9,3611.9,3611.9,3611.9,0.0
2003-02-16 00:00:00,3611.9,3611.9,3611.9,3611.9,0.0
2003-02-17 00:00:00,3611.9,3692.4,3611.9,3692.4,0.0
2003-02-18 00:00:00,3692.4,3747.0,3669.6,3729.5,0.0
2003-02-19 00:00:00,3729.5,3738.5,3657.9,3658.3,0.0
2003-02-20 00:00:00,3658.3,3724.7,3655.8,3687.2,0.0
2003-02-21 00:00:00,3687.2,3727.1,3660.2,3727.1,0.0
2003-02-22 00:00:00,3727.1,3727.1,3727.1,3727.1,0.0
2003-02-23 00:00:00,3727.1,3727.1,3727.1,3727.1,0.0
2003-02-24 00:00:00,3727.1,3746.5,3699.8,3701.8,0.0
2003-02-25 00:00:00,3701.8,3701.8,3592.1,3621.5,0.0
2003-02-26 00:00:00,3621.5,3652.0,3558.8,3593.3,0.0
2003-02-27 00:00:00,3593.3,3627.4,3535.1,3569.9,0.0
2003-02-28 00:00:00,3569.9,3655.6,3553.6,3655.6,0.0
2003-03-01 00:00:00,3655.6,3655.6,3655.6,3655.6,0.0
2003-03-02 00:00:00,3655.6,3655.6,3655.6,3655.6,0.0
2003-03-03 00:00:00,3655.6,3714.9,3640.8,3684.7,0.0
2003-03-04 00:00:00,3684.7,3684.7,3612.6,3625.3,0.0
2003-03-05 00:00:00,3625.3,3625.3,3558.8,3563.5,0.0
2003-03-06 00:00:00,3563.5,3590.3,3526.1,3555.4,0.0
2003-03-07 00:00:00,3555.4,3555.4,3467.2,3491.6,0.0
2003-03-08 00:00:00,3491.6,3491.6,3491.6,3491.6,0.0
2003-03-09 00:00:00,3491.6,3491.6,3491.6,3491.6,0.0
2003-03-10 00:00:00,3491.6,3502.4,3434.5,3436.0,0.0
2003-03-11 00:00:00,3436.0,3468.5,3400.3,3452.7,0.0
2003-03-12 00:00:00,3452.7,3466.4,3277.5,3287.0,0.0
2003-03-13 00:00:00,3287.0,3489.1,3287.0,3486.9,0.0
2003-03-14 00:00:00,3486.9,3612.9,3486.9,3601.8,0.0
2003-03-15 00:00:00,3601.8,3601.8,3601.8,3601.8,0.0
2003-03-16 00:00:00,3601.8,3601.8,3601.8,3601.8,0.0
2003-03-17 00:00:00,3601.8,3774.3,3525.3,3722.3,0.0
2003-03-18 00:00:00,3722.3,3810.8,3714.0,3747.3,0.0
2003-03-19 00:00:00,3747.3,3828.3,3716.5,3765.4,0.0
2003-03-20 00:00:00,3765.4,3790.7,3715.8,3765.7,0.0
2003-03-21 00:00:00,3765.7,3881.7,3765.7,3861.1,0.0
2003-03-22 00:00:00,3861.1,3861.1,3861.1,3861.1,0.0
2003-03-23 00:00:00,3861.1,3861.1,3861.1,3861.1,0.0
2003-03-24 00:00:00,3861.1,3861.1,3734.1,3743.3,0.0
2003-03-25 00:00:00,3743.3,3782.8,3660.4,3762.0,0.0
2003-03-26 00:00:00,3762.0,3809.5,3735.0,3793.1,0.0
2003-03-27 00:00:00,3793.1,3793.1,3711.5,3729.1,0.0
2003-03-28 00:00:00,3729.1,3752.6,3695.7,3708.5,0.0
2003-03-29 00:00:00,3708.5,3708.5,3708.5,3708.5,0.0
2003-03-30 00:00:00,3708.5,3708.5,3708.5,3708.5,0.0
2003-03-31 00:00:00,3708.5,3708.5,3580.9,3613.3,0.0
2003-04-01 00:00:00,3613.3,3691.8,3612.3,3684.8,0.0
2003-04-02 00:00:00,3684.8,3778.3,3682.0,3753.4,0.0
2003-04-03 00:00:00,3753.4,3808.5,3744.4,3771.1,0.0
2003-04-04 00:00:00,3771.1,3841.7,3751.7,3814.4,0.0
2003-04-05 00:00:00,3814.4,3814.4,3814.4,3814.4,0.0
2003-04-06 00:00:00,3814.4,3814.4,3814.4,3814.4,0.0
2003-04-07 00:00:00,3814.4,3962.2,3814.4,3935.8,0.0
2003-04-08 00:00:00,3935.8,3935.8,3868.5,3868.8,0.0
2003-04-09 00:00:00,3868.8,3907.1,3824.5,3861.4,0.0
2003-04-10 00:00:00,3861.4,3870.7,3803.2,3803.3,0.0
2003-04-11 00:00:00,3803.3,3871.4,3803.3,3808.1,0.0
2003-04-12 00:00:00,3808.1,3808.1,3808.1,3808.1,0.0
2003-04-13 00:00:00,3808.1,3808.1,3808.1,3808.1,0.0
2003-04-14 00:00:00,3808.1,3857.4,3800.7,3849.4,0.0
2003-04-15 00:00:00,3849.4,3926.5,3849.4,3916.8,0.0
2003-04-16 00:00:00,3916.8,3967.8,3849.5,3854.9,0.0
2003-04-17 00:00:00,3854.9,3904.6,3826.1,3889.2,0.0
2003-04-18 00:00:00,3889.2,3889.2,3889.2,3889.2,0.0
2003-04-19 00:00:00,3889.2,3889.2,3889.2,3889.2,0.0
2003-04-20 00:00:00,3889.2,3889.2,3889.2,3889.2,0.0
2003-04-21 00:00:00,3889.2,3889.2,3889.2,3889.2,0.0
2003-04-22 00:00:00,3889.2,3924.2,3873.9,3917.7,0.0
2003-04-23 00:00:00,3917.7,3997.3,3917.7,3966.5,0.0
2003-04-24 00:00:00,3966.5,3977.8,3892.2,3899.0,0.0
2003-04-25 00:00:00,3899.0,3919.4,3859.9,3870.2,0.0
2003-04-26 00:00:00,3870.2,3870.2,3870.2,3870.2,0.0
2003-04-27 00:00:00,3870.2,3870.2,3870.2,3870.2,0.0
2003-04-28 00:00:00,3870.2,3943.0,3855.5,3940.3,0.0
2003-04-29 00:00:00,3940.3,3976.2,3915.0,3927.8,0.0
2003-04-30 00:00:00,3927.8,3943.0,3912.3,3926.0,0.0
2003-05-01 00:00:00,3926.0,3926.0,3875.3,3880.1,0.0
2003-05-02 00:00:00,3880.1,3952.6,3880.1,3952.6,0.0
2003-05-03 00:00:00,3952.6,3952.6,3952.6,3952.6,0.0
2003-05-04 00:00:00,3952.6,3952.6,3952.6,3952.6,0.0
2003-05-05 00:00:00,3952.6,3952.6,3952.6,3952.6,0.0
2003-05-06 00:00:00,3952.6,4007.0,3952.6,4006.4,0.0
2003-05-07 00:00:00,4006.4,4038.5,3981.7,3992.9,0.0
2003-05-08 00:00:00,3992.9,3992.9,3919.5,3928.9,0.0
2003-05-09 00:00:00,3928.9,3974.5,3912.8,3969.4,0.0
2003-05-10 00:00:00,3969.4,3969.4,3969.4,3969.4,0.0
2003-05-11 00:00:00,3969.4,3969.4,3969.4,3969.4,0.0
2003-05-12 00:00:00,3969.4,3991.0,3941.1,3987.4,0.0
2003-05-13 00:00:00,3987.4,4008.8,3976.1,3999.9,0.0
2003-05-14 00:00:00,3999.9,4023.2,3971.7,3975.0,0.0
2003-05-15 00:00:00,3975.0,4020.3,3965.6,4011.1,0.0
2003-05-16 00:00:00,4011.1,4080.8,4011.1,4049.0,0.0
2003-05-17 00:00:00,4049.0,4049.0,4049.0,4049.0,0.0
2003-05-18 00:00:00,4049.0,4049.0,4049.0,4049.0,0.0
2003-05-19 00:00:00,4049.0,4049.0,3932.5,3941.3,0.0
2003-05-20 00:00:00,3941.3,3985.0,3928.4,3971.6,0.0
2003-05-21 00:00:00,3971.6,3971.6,3907.8,3936.4,0.0
2003-05-22 00:00:00,3936.4,3990.4,3936.4,3990.4,0.0
2003-05-23 00:00:00,3990.4,4012.0,3954.0,3979.8,0.0
2003-05-24 00:00:00,3979.8,3979.8,3979.8,3979.8,0.0
2003-05-25 00:00:00,3979.8,3979.8,3979.8,3979.8,0.0
2003-05-26 00:00:00,3979.8,3979.8,3979.8,3979.8,0.0
2003-05-27 00:00:00,3979.8,4000.7,3920.2,3992.4,0.0
2003-05-28 00:00:00,3992.4,4073.1,3992.4,4071.9,0.0
2003-05-29 00:00:00,4071.9,4095.5,4044.4,4083.6,0.0
2003-05-30 00:00:00,4083.6,4096.0,4048.1,4048.1,0.0
2003-05-31 00:00:00,4048.1,4048.1,4048.1,4048.1,0.0
2003-06-01 00:00:00,4048.1,4048.1,4048.1,4048.1,0.0
2003-06-02 00:00:00,4048.1,4129.3,4048.1,4129.3,0.0
2003-06-03 00:00:00,4129.3,4129.3,4074.4,4115.7,0.0
2003-06-04 00:00:00,4115.7,4143.5,4093.1,4126.6,0.0
2003-06-05 00:00:00,4126.6,4148.4,4083.1,4104.3,0.0
2003-06-06 00:00:00,4104.3,4178.5,4104.3,4150.8,0.0
2003-06-07 00:00:00,4150.8,4150.8,4150.8,4150.8,0.0
2003-06-08 00:00:00,4150.8,4150.8,4150.8,4150.8,0.0
2003-06-09 00:00:00,4150.8,4150.8,4101.1,4129.1,0.0
2003-06-10 00:00:00,4129.1,4132.4,4108.6,4113.0,0.0
2003-06-11 00:00:00,4113.0,4162.1,4113.0,4150.1,0.0
2003-06-12 00:00:00,4150.1,4193.6,4150.0,4161.3,0.0
2003-06-13 00:00:00,4161.3,4180.1,4124.9,4134.1,0.0
2003-06-14 00:00:00,4134.1,4134.1,4134.1,4134.1,0.0
2003-06-15 00:00:00,4134.1,4134.1,4134.1,4134.1,0.0
2003-06-16 00:00:00,4134.1,4174.3,4112.4,4152.9,0.0
2003-06-17 00:00:00,4152.9,4199.1,4152.9,4190.4,0.0
2003-06-18 00:00:00,4190.4,4218.8,4172.8,4207.0,0.0
2003-06-19 00:00:00,4207.0,4210.8,4128.7,4131.5,0.0
2003-06-20 00:00:00,4131.5,4169.1,4119.0,4160.1,0.0
2003-06-21 00:00:00,4160.1,4160.1,4160.1,4160.1,0.0
2003-06-22 00:00:00,4160.1,4160.1,4160.1,4160.1,0.0
2003-06-23 00:00:00,4160.1,4160.1,4081.3,4087.9,0.0
2003-06-24 00:00:00,4087.9,4094.9,4052.4,4060.9,0.0
2003-06-25 00:00:00,4060.9,4089.9,4049.8,4067.9,0.0
2003-06-26 00:00:00,4067.9,4077.2,4029.2,4041.7,0.0
2003-06-27 00:00:00,4041.7,4073.1,4040.8,4067.8,0.0
2003-06-28 00:00:00,4067.8,4067.8,4067.8,4067.8,0.0
2003-06-29 00:00:00,4067.8,4067.8,4067.8,4067.8,0.0
2003-06-30 00:00:00,4067.8,4099.0,4021.6,4031.2,0.0
2003-07-01 00:00:00,4031.2,4040.7,3951.5,3963.9,0.0
2003-07-02 00:00:00,3963.9,4025.8,3963.9,4006.9,0.0
2003-07-03 00:00:00,4006.9,4031.4,3980.3,4024.8,0.0
2003-07-04 00:00:00,4024.8,4031.4,4001.3,4021.5,0.0
2003-07-05 00:00:00,4021.5,4021.5,4021.5,4021.5,0.0
2003-07-06 00:00:00,4021.5,4021.5,4021.5,4021.5,0.0
2003-07-07 00:00:00,4021.5,4076.8,4021.1,4074.8,0.0
2003-07-08 00:00:00,4074.8,4088.2,4051.4,4073.6,0.0
2003-07-09 00:00:00,4073.6,4086.6,4048.6,4054.7,0.0
2003-07-10 00:00:00,4054.7,4068.2,4014.5,4028.8,0.0
2003-07-11 00:00:00,4028.8,4064.2,4013.7,4058.1,0.0
2003-07-12 00:00:00,4058.1,4058.1,4058.1,4058.1,0.0
2003-07-13 00:00:00,4058.1,4058.1,4058.1,4058.1,0.0
2003-07-14 00:00:00,4058.1,4135.9,4058.1,4127.6,0.0
2003-07-15 00:00:00,4127.6,4135.6,4102.5,4102.5,0.0
2003-07-16 00:00:00,4102.5,4132.0,4077.1,4077.1,0.0
2003-07-17 00:00:00,4077.1,4082.6,4031.9,4056.6,0.0
2003-07-18 00:00:00,4056.6,4090.3,4056.6,4073.2,0.0
2003-07-19 00:00:00,4073.2,4073.2,4073.2,4073.2,0.0
2003-07-20 00:00:00,4073.2,4073.2,4073.2,4073.2,0.0
2003-07-21 00:00:00,4073.2,4097.9,4043.8,4044.3,0.0
2003-07-22 00:00:00,4044.3,4079.7,4043.5,4079.7,0.0
2003-07-23 00:00:00,4079.7,4115.2,4077.9,4086.5,0.0
2003-07-24 00:00:00,4086.5,4155.2,4086.5,4149.6,0.0
2003-07-25 00:00:00,4149.6,4149.6,4116.3,4131.2,0.0
2003-07-26 00:00:00,4131.2,4131.2,4131.2,4131.2,0.0
2003-07-27 00:00:00,4131.2,4131.2,4131.2,4131.2,0.0
2003-07-28 00:00:00,4131.2,4183.0,4131.2,4148.8,0.0
2003-07-29 00:00:00,4148.8,4164.4,4125.0,4137.0,0.0
2003-07-30 00:00:00,4137.0,4159.3,4131.7,4141.2,0.0
2003-07-31 00:00:00,4141.2,4171.0,4114.1,4157.0,0.0
2003-08-01 00:00:00,4157.0,4157.0,4096.7,4098.4,0.0
2003-08-02 00:00:00,4098.4,4098.4,4098.4,4098.4,0.0
2003-08-03 00:00:00,4098.4,4098.4,4098.4,4098.4,0.0
2003-08-04 00:00:00,4098.4,4147.4,4086.2,4100.1,0.0
2003-08-05 00:00:00,4100.1,4131.0,4091.1,4121.0,0.0
2003-08-06 00:00:00,4121.0,4121.0,4044.9,4070.4,0.0
2003-08-07 00:00:00,4070.4,4095.6,4059.7,4095.6,0.0
2003-08-08 00:00:00,4095.6,4160.7,4095.6,4147.8,0.0
2003-08-09 00:00:00,4147.8,4147.8,4147.8,4147.8,0.0
2003-08-10 00:00:00,4147.8,4147.8,4147.8,4147.8,0.0
2003-08-11 00:00:00,4147.8,4181.7,4147.8,4176.7,0.0
2003-08-12 00:00:00,4176.7,4203.5,4170.9,4185.6,0.0
2003-08-13 00:00:00,4185.6,4216.8,4175.1,4180.7,0.0
2003-08-14 00:00:00,4180.7,4242.8,4180.7,4237.8,0.0
2003-08-15 00:00:00,4237.8,4266.4,4233.5,4247.3,0.0
2003-08-16 00:00:00,4247.3,4247.3,4247.3,4247.3,0.0
2003-08-17 00:00:00,4247.3,4247.3,4247.3,4247.3,0.0
2003-08-18 00:00:00,4247.3,4272.6,4244.6,4272.1,0.0
2003-08-19 00:00:00,4272.1,4286.9,4246.3,4250.8,0.0
2003-08-20 00:00:00,4250.8,4254.4,4196.5,4217.4,0.0
2003-08-21 00:00:00,4217.4,4250.4,4217.1,4223.5,0.0
2003-08-22 00:00:00,4223.5,4265.3,4222.0,4225.9,0.0
2003-08-23 00:00:00,4225.9,4225.9,4225.9,4225.9,0.0
2003-08-24 00:00:00,4225.9,4225.9,4225.9,4225.9,0.0
2003-08-25 00:00:00,4225.9,4225.9,4225.9,4225.9,0.0
2003-08-26 00:00:00,4225.9,4227.8,4171.6,4177.4,0.0
2003-08-27 00:00:00,4177.4,4214.3,4177.4,4206.4,0.0
2003-08-28 00:00:00,4206.4,4229.0,4182.5,4198.0,0.0
2003-08-29 00:00:00,4198.0,4227.7,4161.1,4161.1,0.0
2003-08-30 00:00:00,4161.1,4161.1,4161.1,4161.1,0.0
2003-08-31 00:00:00,4161.1,4161.1,4161.1,4161.1,0.0
2003-09-01 00:00:00,4161.1,4222.1,4161.1,4204.4,0.0
2003-09-02 00:00:00,4204.4,4218.5,4193.3,4204.4,0.0
2003-09-03 00:00:00,4204.4,4279.1,4204.4,4262.1,0.0
2003-09-04 00:00:00,4262.1,4270.2,4240.7,4248.8,0.0
2003-09-05 00:00:00,4248.8,4261.0,4227.1,4257.2,0.0
2003-09-06 00:00:00,4257.2,4257.2,4257.2,4257.2,0.0
2003-09-07 00:00:00,4257.2,4257.2,4257.2,4257.2,0.0
2003-09-08 00:00:00,4257.2,4298.0,4250.3,4292.1,0.0
2003-09-09 00:00:00,4292.1,4293.7,4254.3,4263.9,0.0
2003-09-10 00:00:00,4263.9,4263.9,4240.7,4252.1,0.0
2003-09-11 00:00:00,4252.1,4266.2,4227.2,4242.2,0.0
2003-09-12 00:00:00,4242.2,4276.2,4229.6,4237.8,0.0
2003-09-13 00:00:00,4237.8,4237.8,4237.8,4237.8,0.0
2003-09-14 00:00:00,4237.8,4237.8,4237.8,4237.8,0.0
2003-09-15 00:00:00,4237.8,4277.0,4237.8,4260.9,0.0
2003-09-16 00:00:00,4260.9,4301.9,4259.5,4299.0,0.0
2003-09-17 00:00:00,4299.0,4329.6,4293.0,4293.0,0.0
2003-09-18 00:00:00,4293.0,4314.7,4284.4,4314.7,0.0
2003-09-19 00:00:00,4314.7,4321.0,4244.8,4257.0,0.0
2003-09-20 00:00:00,4257.0,4257.0,4257.0,4257.0,0.0
2003-09-21 00:00:00,4257.0,4257.0,4257.0,4257.0,0.0
2003-09-22 00:00:00,4257.0,4257.0,4198.2,4228.2,0.0
2003-09-23 00:00:00,4228.2,4251.4,4200.8,4221.7,0.0
2003-09-24 00:00:00,4221.7,4265.3,4221.7,4236.4,0.0
2003-09-25 00:00:00,4236.4,4236.4,4176.5,4202.2,0.0
2003-09-26 00:00:00,4202.2,4202.2,4146.4,4157.1,0.0
2003-09-27 00:00:00,4157.1,4157.1,4157.1,4157.1,0.0
2003-09-28 00:00:00,4157.1,4157.1,4157.1,4157.1,0.0
2003-09-29 00:00:00,4157.1,4190.7,4135.9,4142.7,0.0
2003-09-30 00:00:00,4142.7,4164.0,4081.8,4091.3,0.0
2003-10-01 00:00:00,4091.3,4169.2,4091.3,4169.2,0.0
2003-10-02 00:00:00,4169.2,4209.1,4169.2,4209.1,0.0
2003-10-03 00:00:00,4209.1,4285.4,4206.8,4274.0,0.0
2003-10-04 00:00:00,4274.0,4274.0,4274.0,4274.0,0.0
2003-10-05 00:00:00,4274.0,4274.0,4274.0,4274.0,0.0
2003-10-06 00:00:00,4274.0,4286.0,4260.2,4270.1,0.0
2003-10-07 00:00:00,4270.1,4275.6,4241.7,4272.0,0.0
2003-10-08 00:00:00,4272.0,4315.6,4257.5,4268.6,0.0
2003-10-09 00:00:00,4268.6,4316.8,4259.2,4313.9,0.0
2003-10-10 00:00:00,4313.9,4327.0,4291.4,4311.0,0.0
2003-10-11 00:00:00,4311.0,4311.0,4311.0,4311.0,0.0
2003-10-12 00:00:00,4311.0,4311.0,4311.0,4311.0,0.0
2003-10-13 00:00:00,4311.0,4362.3,4310.1,4362.3,0.0
2003-10-14 00:00:00,4362.3,4375.0,4323.9,4334.1,0.0
2003-10-15 00:00:00,4334.1,4393.8,4334.1,4368.8,0.0
2003-10-16 00:00:00,4368.8,4371.2,4326.4,4339.7,0.0
2003-10-17 00:00:00,4339.7,4360.1,4334.5,4344.0,0.0
2003-10-18 00:00:00,4344.0,4344.0,4344.0,4344.0,0.0
2003-10-19 00:00:00,4344.0,4344.0,4344.0,4344.0,0.0
2003-10-20 00:00:00,4344.0,4370.4,4329.4,4347.5,0.0
2003-10-21 00:00:00,4347.5,4377.6,4347.1,4352.3,0.0
2003-10-22 00:00:00,4352.3,4359.4,4266.1,4285.6,0.0
2003-10-23 00:00:00,4285.6,4285.6,4212.5,4240.2,0.0
2003-10-24 00:00:00,4240.2,4248.7,4219.0,4239.0,0.0
2003-10-25 00:00:00,4239.0,4239.0,4239.0,4239.0,0.0
2003-10-26 00:00:00,4239.0,4239.0,4239.0,4239.0,0.0
2003-10-27 00:00:00,4239.0,4267.0,4238.1,4251.3,0.0
2003-10-28 00:00:00,4251.3,4280.1,4251.3,4272.9,0.0
2003-10-29 00:00:00,4272.9,4293.1,4256.2,4265.7,0.0
2003-10-30 00:00:00,4265.7,4332.9,4260.3,4300.9,0.0
2003-10-31 00:00:00,4300.9,4300.9,4274.0,4287.6,0.0
2003-11-01 00:00:00,4287.6,4287.6,4287.6,4287.6,0.0
2003-11-02 00:00:00,4287.6,4287.6,4287.6,4287.6,0.0
2003-11-03 00:00:00,4287.6,4338.1,4286.1,4332.6,0.0
2003-11-04 00:00:00,4332.6,4352.6,4322.4,4330.3,0.0
2003-11-05 00:00:00,4330.3,4330.3,4288.1,4303.4,0.0
2003-11-06 00:00:00,4303.4,4337.7,4283.4,4324.2,0.0
2003-11-07 00:00:00,4324.2,4389.2,4324.2,4376.9,0.0
2003-11-08 00:00:00,4376.9,4376.9,4376.9,4376.9,0.0
2003-11-09 00:00:00,4376.9,4376.9,4376.9,4376.9,0.0
2003-11-10 00:00:00,4376.9,4376.9,4338.6,4341.8,0.0
2003-11-11 00:00:00,4341.8,4349.2,4313.5,4345.1,0.0
2003-11-12 00:00:00,4345.1,4372.7,4336.2,4371.2,0.0
2003-11-13 00:00:00,4371.2,4406.8,4361.2,4373.0,0.0
2003-11-14 00:00:00,4373.0,4412.9,4373.0,4397.0,0.0
2003-11-15 00:00:00,4397.0,4397.0,4397.0,4397.0,0.0
2003-11-16 00:00:00,4397.0,4397.0,4397.0,4397.0,0.0
2003-11-17 00:00:00,4397.0,4397.0,4337.3,4338.9,0.0
2003-11-18 00:00:00,4338.9,4375.3,4338.9,4354.7,0.0
2003-11-19 00:00:00,4354.7,4354.7,4316.1,4327.4,0.0
2003-11-20 00:00:00,4327.4,4356.5,4270.5,4308.0,0.0
2003-11-21 00:00:00,4308.0,4324.0,4295.6,4319.0,0.0
2003-11-22 00:00:00,4319.0,4319.0,4319.0,4319.0,0.0
2003-11-23 00:00:00,4319.0,4319.0,4319.0,4319.0,0.0
2003-11-24 00:00:00,4319.0,4384.5,4319.0,4382.4,0.0
2003-11-25 00:00:00,4382.4,4409.4,4378.1,4388.7,0.0
2003-11-26 00:00:00,4388.7,4423.6,4366.7,4370.3,0.0
2003-11-27 00:00:00,4370.3,4390.4,4350.7,4361.1,0.0
2003-11-28 00:00:00,4361.1,4380.2,4333.2,4342.6,0.0
2003-11-29 00:00:00,4342.6,4342.6,4342.6,4342.6,0.0
2003-11-30 00:00:00,4342.6,4342.6,4342.6,4342.6,0.0
2003-12-01 00:00:00,4342.6,4410.0,4342.6,4410.0,0.0
2003-12-02 00:00:00,4410.0,4416.5,4359.9,4378.9,0.0
2003-12-03 00:00:00,4378.9,4401.6,4373.0,4392.0,0.0
2003-12-04 00:00:00,4392.0,4392.0,4371.5,4378.2,0.0
2003-12-05 00:00:00,4378.2,4385.4,4337.7,4367.0,0.0
2003-12-06 00:00:00,4367.0,4367.0,4367.0,4367.0,0.0
2003-12-07 00:00:00,4367.0,4367.0,4367.0,4367.0,0.0
2003-12-08 00:00:00,4367.0,4367.3,4338.3,4359.8,0.0
2003-12-09 00:00:00,4359.8,4407.5,4359.8,4379.6,0.0
2003-12-10 00:00:00,4379.6,4379.6,4312.5,4335.4,0.0
2003-12-11 00:00:00,4335.4,4347.2,4316.2,4331.3,0.0
2003-12-12 00:00:00,4331.3,4366.8,4329.8,4347.6,0.0
2003-12-13 00:00:00,4347.6,4347.6,4347.6,4347.6,0.0
2003-12-14 00:00:00,4347.6,4347.6,4347.6,4347.6,0.0
2003-12-15 00:00:00,4347.6,4397.2,4347.6,4348.0,0.0
2003-12-16 00:00:00,4348.0,4351.0,4329.0,4333.0,0.0
2003-12-17 00:00:00,4333.0,4366.5,4333.0,4354.2,0.0
2003-12-18 00:00:00,4354.2,4402.7,4347.7,4397.3,0.0
2003-12-19 00:00:00,4397.3,4427.8,4389.0,4412.3,0.0
2003-12-20 00:00:00,4412.3,4412.3,4412.3,4412.3,0.0
2003-12-21 00:00:00,4412.3,4412.3,4412.3,4412.3,0.0
2003-12-22 00:00:00,4412.3,4431.5,4392.4,4424.0,0.0
2003-12-23 00:00:00,4424.0,4440.9,4411.5,4440.9,0.0
2003-12-24 00:00:00,4440.9,4457.4,4432.9,4444.7,0.0
2003-12-25 00:00:00,4444.7,4444.7,4444.7,4444.7,0.0
2003-12-26 00:00:00,4444.7,4444.7,4444.7,4444.7,0.0
2003-12-27 00:00:00,4444.7,4444.7,4444.7,4444.7,0.0
2003-12-28 00:00:00,4444.7,4444.7,4444.7,4444.7,0.0
2003-12-29 00:00:00,4444.7,4460.9,4432.8,4457.5,0.0
2003-12-30 00:00:00,4457.5,4477.0,4452.8,4470.4,0.0
2003-12-31 00:00:00,4470.4,4491.8,4470.4,4476.9,0.0
2004-01-01 00:00:00,4476.9,4476.9,4476.9,4476.9,0.0
2004-01-02 00:00:00,4476.9,4518.0,4476.9,4510.2,0.0
2004-01-03 00:00:00,4510.2,4510.2,4510.2,4510.2,0.0
2004-01-04 00:00:00,4510.2,4510.2,4510.2,4510.2,0.0
2004-01-05 00:00:00,4510.2,4515.2,4494.9,4513.3,0.0
2004-01-06 00:00:00,4513.3,4522.9,4489.9,4505.2,0.0
2004-01-07 00:00:00,4505.2,4512.1,4466.2,4473.0,0.0
2004-01-08 00:00:00,4473.0,4520.1,4473.0,4494.2,0.0
2004-01-09 00:00:00,4494.2,4495.8,4445.1,4466.3,0.0
2004-01-10 00:00:00,4466.3,4466.3,4466.3,4466.3,0.0
2004-01-11 00:00:00,4466.3,4466.3,4466.3,4466.3,0.0
2004-01-12 00:00:00,4466.3,4466.3,4443.4,4449.6,0.0
2004-01-13 00:00:00,4449.6,4477.9,4436.6,4440.1,0.0
2004-01-14 00:00:00,4440.1,4464.5,4431.1,4461.4,0.0
2004-01-15 00:00:00,4461.4,4474.0,4443.3,4456.1,0.0
2004-01-16 00:00:00,4456.1,4491.7,4456.1,4487.9,0.0
2004-01-17 00:00:00,4487.9,4487.9,4487.9,4487.9,0.0
2004-01-18 00:00:00,4487.9,4487.9,4487.9,4487.9,0.0
2004-01-19 00:00:00,4487.9,4526.3,4487.7,4518.1,0.0
2004-01-20 00:00:00,4518.1,4527.5,4498.5,4499.3,0.0
2004-01-21 00:00:00,4499.3,4511.2,4486.9,4511.2,0.0
2004-01-22 00:00:00,4511.2,4531.4,4476.8,4476.8,0.0
2004-01-23 00:00:00,4476.8,4483.0,4438.6,4460.8,0.0
2004-01-24 00:00:00,4460.8,4460.8,4460.8,4460.8,0.0
2004-01-25 00:00:00,4460.8,4460.8,4460.8,4460.8,0.0
2004-01-26 00:00:00,4460.8,4482.5,4432.9,4445.5,0.0
2004-01-27 00:00:00,4445.5,4479.5,4444.8,4447.0,0.0
2004-01-28 00:00:00,4447.0,4474.2,4426.8,4468.1,0.0
2004-01-29 00:00:00,4468.1,4468.1,4410.2,4411.5,0.0
2004-01-30 00:00:00,4411.5,4436.2,4390.7,4390.7,0.0
2004-01-31 00:00:00,4390.7,4390.7,4390.7,4390.7,0.0
2004-02-01 00:00:00,4390.7,4390.7,4390.7,4390.7,0.0
2004-02-02 00:00:00,4390.7,4411.6,4366.9,4381.4,0.0
2004-02-03 00:00:00,4381.4,4392.1,4357.4,4390.6,0.0
2004-02-04 00:00:00,4390.6,4409.3,4369.1,4398.5,0.0
2004-02-05 00:00:00,4398.5,4404.0,4378.4,4384.4,0.0
2004-02-06 00:00:00,4384.4,4407.5,4384.1,4402.7,0.0
2004-02-07 00:00:00,4402.7,4402.7,4402.7,4402.7,0.0
2004-02-08 00:00:00,4402.7,4402.7,4402.7,4402.7,0.0
2004-02-09 00:00:00,4402.7,4436.8,4402.7,4434.4,0.0
2004-02-10 00:00:00,4434.4,4434.4,4400.8,4404.9,0.0
2004-02-11 00:00:00,4404.9,4416.0,4377.3,4396.0,0.0
2004-02-12 00:00:00,4396.0,4416.4,4370.2,4377.7,0.0
2004-02-13 00:00:00,4377.7,4423.9,4377.7,4412.0,0.0
2004-02-14 00:00:00,4412.0,4412.0,4412.0,4412.0,0.0
2004-02-15 00:00:00,4412.0,4412.0,4412.0,4412.0,0.0
2004-02-16 00:00:00,4412.0,4412.9,4389.9,4408.1,0.0
2004-02-17 00:00:00,4408.1,4465.0,4397.3,4461.5,0.0
2004-02-18 00:00:00,4461.5,4468.9,4442.9,4442.9,0.0
2004-02-19 00:00:00,4442.9,4517.3,4442.9,4515.6,0.0
2004-02-20 00:00:00,4515.6,4549.6,4499.2,4515.0,0.0
2004-02-21 00:00:00,4515.0,4515.0,4515.0,4515.0,0.0
2004-02-22 00:00:00,4515.0,4515.0,4515.0,4515.0,0.0
2004-02-23 00:00:00,4515.0,4556.4,4515.0,4524.3,0.0
2004-02-24 00:00:00,4524.3,4537.5,4476.7,4496.8,0.0
2004-02-25 00:00:00,4496.8,4513.9,4478.7,4507.5,0.0
2004-02-26 00:00:00,4507.5,4526.9,4500.5,4515.9,0.0
2004-02-27 00:00:00,4515.9,4556.9,4492.2,4492.2,0.0
2004-02-28 00:00:00,4492.2,4492.2,4492.2,4492.2,0.0
2004-02-29 00:00:00,4492.2,4492.2,4492.2,4492.2,0.0
2004-03-01 00:00:00,4492.2,4540.7,4492.2,4537.0,0.0
2004-03-02 00:00:00,4537.0,4559.2,4522.7,4540.1,0.0
2004-03-03 00:00:00,4540.1,4540.1,4508.1,4525.1,0.0
2004-03-04 00:00:00,4525.1,4562.8,4524.7,4559.1,0.0
2004-03-05 00:00:00,4559.1,4566.2,4521.5,4547.1,0.0
2004-03-06 00:00:00,4547.1,4547.1,4547.1,4547.1,0.0
2004-03-07 00:00:00,4547.1,4547.1,4547.1,4547.1,0.0
2004-03-08 00:00:00,4547.1,4562.0,4543.5,4553.8,0.0
2004-03-09 00:00:00,4553.8,4553.8,4529.2,4542.0,0.0
2004-03-10 00:00:00,4542.0,4549.8,4520.6,4545.3,0.0
2004-03-11 00:00:00,4545.3,4545.3,4429.2,4445.2,0.0
2004-03-12 00:00:00,4445.2,4468.4,4374.5,4467.4,0.0
2004-03-13 00:00:00,4467.4,4467.4,4467.4,4467.4,0.0
2004-03-14 00:00:00,4467.4,4467.4,4467.4,4467.4,0.0
2004-03-15 00:00:00,4467.4,4471.2,4412.9,4412.9,0.0
2004-03-16 00:00:00,4412.9,4438.7,4394.6,4428.9,0.0
2004-03-17 00:00:00,4428.9,4463.0,4412.8,4456.8,0.0
2004-03-18 00:00:00,4456.8,4460.0,4397.9,4397.9,0.0
2004-03-19 00:00:00,4397.9,4428.2,4397.9,4417.7,0.0
2004-03-20 00:00:00,4417.7,4417.7,4417.7,4417.7,0.0
2004-03-21 00:00:00,4417.7,4417.7,4417.7,4417.7,0.0
2004-03-22 00:00:00,4417.7,4417.7,4319.5,4333.8,0.0
2004-03-23 00:00:00,4333.8,4360.6,4318.5,4318.5,0.0
2004-03-24 00:00:00,4318.5,4341.4,4291.3,4309.4,0.0
2004-03-25 00:00:00,4309.4,4373.6,4309.4,4373.6,0.0
2004-03-26 00:00:00,4373.6,4386.9,4345.0,4357.5,0.0
2004-03-27 00:00:00,4357.5,4357.5,4357.5,4357.5,0.0
2004-03-28 00:00:00,4357.5,4357.5,4357.5,4357.5,0.0
2004-03-29 00:00:00,4357.5,4417.2,4357.5,4406.7,0.0
2004-03-30 00:00:00,4406.7,4415.9,4393.5,4412.8,0.0
2004-03-31 00:00:00,4412.8,4427.2,4382.8,4385.7,0.0
2004-04-01 00:00:00,4385.7,4419.4,4385.1,4410.7,0.0
2004-04-02 00:00:00,4410.7,4471.3,4408.0,4465.6,0.0
2004-04-03 00:00:00,4465.6,4465.6,4465.6,4465.6,0.0
2004-04-04 00:00:00,4465.6,4465.6,4465.6,4465.6,0.0
2004-04-05 00:00:00,4465.6,4483.1,4451.4,4480.7,0.0
2004-04-06 00:00:00,4480.7,4495.2,4462.0,4472.8,0.0
2004-04-07 00:00:00,4472.8,4499.8,4468.7,4468.7,0.0
2004-04-08 00:00:00,4468.7,4504.7,4468.7,4489.7,0.0
2004-04-09 00:00:00,4489.7,4489.7,4489.7,4489.7,0.0
2004-04-10 00:00:00,4489.7,4489.7,4489.7,4489.7,0.0
2004-04-11 00:00:00,4489.7,4489.7,4489.7,4489.7,0.0
2004-04-12 00:00:00,4489.7,4489.7,4489.7,4489.7,0.0
2004-04-13 00:00:00,4489.7,4525.0,4489.7,4515.8,0.0
2004-04-14 00:00:00,4515.8,4515.8,4456.2,4485.4,0.0
2004-04-15 00:00:00,4485.4,4512.1,4478.3,4505.5,0.0
2004-04-16 00:00:00,4505.5,4540.2,4505.1,4537.3,0.0
2004-04-17 00:00:00,4537.3,4537.3,4537.3,4537.3,0.0
2004-04-18 00:00:00,4537.3,4537.3,4537.3,4537.3,0.0
2004-04-19 00:00:00,4537.3,4548.2,4519.8,4546.2,0.0
2004-04-20 00:00:00,4546.2,4581.7,4546.2,4569.0,0.0
2004-04-21 00:00:00,4569.0,4569.0,4527.2,4539.9,0.0
2004-04-22 00:00:00,4539.9,4575.6,4524.5,4571.8,0.0
2004-04-23 00:00:00,4571.8,4601.6,4565.3,4570.0,0.0
2004-04-24 00:00:00,4570.0,4570.0,4570.0,4570.0,0.0
2004-04-25 00:00:00,4570.0,4570.0,4570.0,4570.0,0.0
2004-04-26 00:00:00,4570.0,4586.9,4566.3,4571.8,0.0
2004-04-27 00:00:00,4571.8,4582.3,4550.2,4575.7,0.0
2004-04-28 00:00:00,4575.7,4584.5,4524.5,4524.5,0.0
2004-04-29 00:00:00,4524.5,4540.8,4494.6,4519.5,0.0
2004-04-30 00:00:00,4519.5,4529.0,4489.7,4489.7,0.0
2004-05-01 00:00:00,4489.7,4489.7,4489.7,4489.7,0.0
2004-05-02 00:00:00,4489.7,4489.7,4489.7,4489.7,0.0
2004-05-03 00:00:00,4489.7,4489.7,4489.7,4489.7,0.0
2004-05-04 00:00:00,4489.7,4553.8,4489.7,4547.2,0.0
2004-05-05 00:00:00,4547.2,4573.7,4528.6,4569.5,0.0
2004-05-06 00:00:00,4569.5,4571.1,4511.7,4516.2,0.0
2004-05-07 00:00:00,4516.2,4531.2,4463.2,4498.4,0.0
2004-05-08 00:00:00,4498.4,4498.4,4498.4,4498.4,0.0
2004-05-09 00:00:00,4498.4,4498.4,4498.4,4498.4,0.0
2004-05-10 00:00:00,4498.4,4498.4,4395.2,4395.2,0.0
2004-05-11 00:00:00,4395.2,4454.7,4395.2,4454.7,0.0
2004-05-12 00:00:00,4453.6,4448.3,4410.0,4412.9,0.0
2004-05-13 00:00:00,4412.9,4454.1,4412.9,4453.8,0.0
2004-05-14 00:00:00,4453.8,4453.8,4412.3,4441.8,0.0
2004-05-15 00:00:00,4441.8,4441.8,4441.8,4441.8,0.0
2004-05-16 00:00:00,4441.8,4441.8,4441.8,4441.8,0.0
2004-05-17 00:00:00,4441.8,4441.8,4363.0,4403.0,0.0
2004-05-18 00:00:00,4403.0,4422.1,4403.0,4414.4,0.0
2004-05-19 00:00:00,4414.4,4471.8,4414.4,4471.8,0.0
2004-05-20 00:00:00,4471.8,4471.8,4418.8,4428.7,0.0
2004-05-21 00:00:00,4428.7,4453.5,4414.4,4431.4,0.0
2004-05-22 00:00:00,4431.4,4431.4,4431.4,4431.4,0.0
2004-05-23 00:00:00,4431.4,4431.4,4431.4,4431.4,0.0
2004-05-24 00:00:00,4431.4,4466.5,4422.8,4428.9,0.0
2004-05-25 00:00:00,4428.9,4428.9,4396.6,4418.0,0.0
2004-05-26 00:00:00,4418.0,4460.6,4415.3,4438.3,0.0
2004-05-27 00:00:00,4438.3,4470.3,4429.0,4453.6,0.0
2004-05-28 00:00:00,4453.6,4471.3,4423.1,4430.7,0.0
2004-05-29 00:00:00,4430.7,4430.7,4430.7,4430.7,0.0
2004-05-30 00:00:00,4430.7,4430.7,4430.7,4430.7,0.0
2004-05-31 00:00:00,4430.7,4430.7,4430.7,4430.7,0.0
2004-06-01 00:00:00,4430.7,4448.4,4411.4,4422.7,0.0
2004-06-02 00:00:00,4422.7,4462.1,4422.7,4422.8,0.0
2004-06-03 00:00:00,4422.8,4435.4,4400.7,4435.4,0.0
2004-06-04 00:00:00,4435.4,4457.0,4428.3,4454.4,0.0
2004-06-05 00:00:00,4454.4,4454.4,4454.4,4454.4,0.0
2004-06-06 00:00:00,4454.4,4454.4,4454.4,4454.4,0.0
2004-06-07 00:00:00,4454.4,4496.3,4454.4,4491.6,0.0
2004-06-08 00:00:00,4491.6,4515.2,4486.9,4504.8,0.0
2004-06-09 00:00:00,4504.8,4513.7,4481.2,4489.5,0.0
2004-06-10 00:00:00,4489.5,4494.4,4475.8,4486.1,0.0
2004-06-11 00:00:00,4486.1,4492.3,4463.0,4484.0,0.0
2004-06-12 00:00:00,4484.0,4484.0,4484.0,4484.0,0.0
2004-06-13 00:00:00,4484.0,4484.0,4484.0,4484.0,0.0
2004-06-14 00:00:00,4484.0,4484.1,4430.3,4433.2,0.0
2004-06-15 00:00:00,4433.2,4462.3,4433.2,4458.6,0.0
2004-06-16 00:00:00,4458.6,4508.3,4454.8,4491.1,0.0
2004-06-17 00:00:00,4491.1,4504.7,4482.0,4493.3,0.0
2004-06-18 00:00:00,4493.3,4510.5,4474.4,4505.8,0.0
2004-06-19 00:00:00,4505.8,4505.8,4505.8,4505.8,0.0
2004-06-20 00:00:00,4505.8,4505.8,4505.8,4505.8,0.0
2004-06-21 00:00:00,4505.8,4511.1,4485.1,4502.2,0.0
2004-06-22 00:00:00,4502.2,4502.2,4459.8,4468.5,0.0
2004-06-23 00:00:00,4468.5,4498.1,4468.5,4486.7,0.0
2004-06-24 00:00:00,4486.7,4516.7,4486.7,4503.2,0.0
2004-06-25 00:00:00,4503.2,4503.9,4485.2,4494.1,0.0
2004-06-26 00:00:00,4494.1,4494.1,4494.1,4494.1,0.0
2004-06-27 00:00:00,4494.1,4494.1,4494.1,4494.1,0.0
2004-06-28 00:00:00,4494.1,4535.1,4478.5,4518.7,0.0
2004-06-29 00:00:00,4518.7,4518.7,4492.1,4512.4,0.0
2004-06-30 00:00:00,4512.4,4512.8,4464.1,4464.1,0.0
2004-07-01 00:00:00,4464.1,4487.9,4424.7,4424.7,0.0
2004-07-02 00:00:00,4424.7,4430.9,4398.3,4407.4,0.0
2004-07-03 00:00:00,4407.4,4407.4,4407.4,4407.4,0.0
2004-07-04 00:00:00,4407.4,4407.4,4407.4,4407.4,0.0
2004-07-05 00:00:00,4407.4,4423.3,4403.3,4403.3,0.0
2004-07-06 00:00:00,4403.3,4414.3,4365.3,4370.7,0.0
2004-07-07 00:00:00,4370.7,4392.9,4354.7,4358.4,0.0
2004-07-08 00:00:00,4358.4,4383.4,4324.1,4381.1,0.0
2004-07-09 00:00:00,4381.1,4393.2,4356.8,4393.2,0.0
2004-07-10 00:00:00,4393.2,4393.2,4393.2,4393.2,0.0
2004-07-11 00:00:00,4393.2,4393.2,4393.2,4393.2,0.0
2004-07-12 00:00:00,4393.2,4395.6,4354.3,4360.0,0.0
2004-07-13 00:00:00,4360.0,4379.9,4352.6,4357.7,0.0
2004-07-14 00:00:00,4357.7,4373.2,4324.5,4372.6,0.0
2004-07-15 00:00:00,4372.6,4372.6,4340.7,4340.7,0.0
2004-07-16 00:00:00,4340.7,4357.4,4328.3,4339.2,0.0
2004-07-17 00:00:00,4339.2,4339.2,4339.2,4339.2,0.0
2004-07-18 00:00:00,4339.2,4339.2,4339.2,4339.2,0.0
2004-07-19 00:00:00,4339.2,4349.3,4321.1,4321.1,0.0
2004-07-20 00:00:00,4321.1,4348.8,4297.5,4339.4,0.0
2004-07-21 00:00:00,4339.4,4391.5,4339.4,4377.3,0.0
2004-07-22 00:00:00,4377.3,4377.3,4306.3,4306.3,0.0
2004-07-23 00:00:00,4306.3,4349.6,4306.3,4326.3,0.0
2004-07-24 00:00:00,4326.3,4326.3,4326.3,4326.3,0.0
2004-07-25 00:00:00,4326.3,4326.3,4326.3,4326.3,0.0
2004-07-26 00:00:00,4326.3,4333.5,4283.2,4287.0,0.0
2004-07-27 00:00:00,4287.0,4324.9,4287.0,4324.9,0.0
2004-07-28 00:00:00,4324.9,4370.9,4324.9,4356.2,0.0
2004-07-29 00:00:00,4356.2,4420.0,4356.2,4418.7,0.0
2004-07-30 00:00:00,4418.7,4425.3,4398.0,4413.1,0.0
2004-07-31 00:00:00,4413.1,4413.1,4413.1,4413.1,0.0
2004-08-01 00:00:00,4413.1,4413.1,4413.1,4413.1,0.0
2004-08-02 00:00:00,4413.1,4419.8,4390.9,4415.7,0.0
2004-08-03 00:00:00,4415.7,4429.7,4408.1,4429.7,0.0
2004-08-04 00:00:00,4429.7,4429.7,4376.8,4408.1,0.0
2004-08-05 00:00:00,4408.1,4432.5,4408.1,4413.4,0.0
2004-08-06 00:00:00,4413.4,4413.4,4337.9,4337.9,0.0
2004-08-07 00:00:00,4337.9,4337.9,4337.9,4337.9,0.0
2004-08-08 00:00:00,4337.9,4337.9,4337.9,4337.9,0.0
2004-08-09 00:00:00,4337.9,4349.2,4293.5,4314.4,0.0
2004-08-10 00:00:00,4314.4,4350.9,4313.1,4350.9,0.0
2004-08-11 00:00:00,4350.9,4356.9,4289.6,4312.2,0.0
2004-08-12 00:00:00,4312.2,4342.9,4312.2,4328.1,0.0
2004-08-13 00:00:00,4328.1,4334.4,4297.0,4301.5,0.0
2004-08-14 00:00:00,4301.5,4301.5,4301.5,4301.5,0.0
2004-08-15 00:00:00,4301.5,4301.5,4301.5,4301.5,0.0
2004-08-16 00:00:00,4301.5,4353.4,4283.0,4350.2,0.0
2004-08-17 00:00:00,4350.2,4373.7,4338.6,4358.7,0.0
2004-08-18 00:00:00,4358.7,4360.3,4331.6,4355.2,0.0
2004-08-19 00:00:00,4355.2,4381.4,4353.2,4362.6,0.0
2004-08-20 00:00:00,4362.6,4373.2,4349.5,4369.2,0.0
2004-08-21 00:00:00,4369.2,4369.2,4369.2,4369.2,0.0
2004-08-22 00:00:00,4369.2,4369.2,4369.2,4369.2,0.0
2004-08-23 00:00:00,4369.2,4423.7,4369.2,4405.3,0.0
2004-08-24 00:00:00,4405.3,4421.2,4402.4,4407.5,0.0
2004-08-25 00:00:00,4407.5,4419.3,4399.8,4411.6,0.0
2004-08-26 00:00:00,4411.6,4453.9,4411.6,4453.9,0.0
2004-08-27 00:00:00,4453.9,4490.1,4453.6,4490.1,0.0
2004-08-28 00:00:00,4490.1,4490.1,4490.1,4490.1,0.0
2004-08-29 00:00:00,4490.1,4490.1,4490.1,4490.1,0.0
2004-08-30 00:00:00,4490.1,4490.1,4490.1,4490.1,0.0
2004-08-31 00:00:00,4490.1,4490.1,4458.8,4459.3,0.0
2004-09-01 00:00:00,4459.3,4502.4,4459.3,4502.0,0.0
2004-09-02 00:00:00,4502.0,4531.9,4487.5,4518.6,0.0
2004-09-03 00:00:00,4518.6,4553.4,4508.3,4550.8,0.0
2004-09-04 00:00:00,4550.8,4550.8,4550.8,4550.8,0.0
2004-09-05 00:00:00,4550.8,4550.8,4550.8,4550.8,0.0
2004-09-06 00:00:00,4550.8,4569.5,4547.1,4563.8,0.0
2004-09-07 00:00:00,4563.8,4572.3,4547.3,4565.6,0.0
2004-09-08 00:00:00,4565.6,4574.0,4553.6,4558.4,0.0
2004-09-09 00:00:00,4558.4,4558.4,4529.6,4538.0,0.0
2004-09-10 00:00:00,4538.0,4565.1,4538.0,4545.0,0.0
2004-09-11 00:00:00,4545.0,4545.0,4545.0,4545.0,0.0
2004-09-12 00:00:00,4545.0,4545.0,4545.0,4545.0,0.0
2004-09-13 00:00:00,4545.0,4568.0,4543.3,4558.5,0.0
2004-09-14 00:00:00,4558.1,4561.6,4539.0,4545.6,0.0
2004-09-15 00:00:00,4545.6,4575.2,4541.9,4548.4,0.0
2004-09-16 00:00:00,4548.4,4564.0,4545.1,4556.5,0.0
2004-09-17 00:00:00,4556.5,4602.1,4544.4,4591.0,0.0
2004-09-18 00:00:00,4591.0,4591.0,4591.0,4591.0,0.0
2004-09-19 00:00:00,4591.0,4591.0,4591.0,4591.0,0.0
2004-09-20 00:00:00,4591.0,4591.0,4562.0,4579.5,0.0
2004-09-21 00:00:00,4579.5,4615.9,4578.7,4608.4,0.0
2004-09-22 00:00:00,4608.4,4630.7,4592.3,4592.3,0.0
2004-09-23 00:00:00,4592.3,4598.6,4560.7,4568.3,0.0
2004-09-24 00:00:00,4568.3,4581.9,4557.2,4578.1,0.0
2004-09-25 00:00:00,4578.1,4578.1,4578.1,4578.1,0.0
2004-09-26 00:00:00,4578.1,4578.1,4578.1,4578.1,0.0
2004-09-27 00:00:00,4578.1,4578.1,4532.0,4541.2,0.0
2004-09-28 00:00:00,4541.2,4576.2,4528.1,4567.3,0.0
2004-09-29 00:00:00,4567.3,4600.9,4567.3,4588.1,0.0
2004-09-30 00:00:00,4588.1,4607.8,4569.1,4570.8,0.0
2004-10-01 00:00:00,4570.8,4663.9,4570.8,4659.6,0.0
2004-10-02 00:00:00,4659.6,4659.6,4659.6,4659.6,0.0
2004-10-03 00:00:00,4659.6,4659.6,4659.6,4659.6,0.0
2004-10-04 00:00:00,4659.6,4701.5,4659.6,4681.8,0.0
2004-10-05 00:00:00,4681.8,4714.9,4674.6,4707.1,0.0
2004-10-06 00:00:00,4707.1,4713.4,4689.2,4706.3,0.0
2004-10-07 00:00:00,4706.3,4732.9,4686.0,4698.7,0.0
2004-10-08 00:00:00,4698.7,4724.4,4679.7,4698.9,0.0
2004-10-09 00:00:00,4698.9,4698.9,4698.9,4698.9,0.0
2004-10-10 00:00:00,4698.9,4698.9,4698.9,4698.9,0.0
2004-10-11 00:00:00,4698.9,4706.9,4684.1,4685.5,0.0
2004-10-12 00:00:00,4685.5,4689.4,4634.4,4647.9,0.0
2004-10-13 00:00:00,4647.9,4675.8,4633.4,4634.8,0.0
2004-10-14 00:00:00,4634.8,4642.5,4617.0,4629.4,0.0
2004-10-15 00:00:00,4629.4,4629.9,4605.8,4622.7,0.0
2004-10-16 00:00:00,4622.7,4622.7,4622.7,4622.7,0.0
2004-10-17 00:00:00,4622.7,4622.7,4622.7,4622.7,0.0
2004-10-18 00:00:00,4622.7,4638.6,4610.9,4626.6,0.0
2004-10-19 00:00:00,4626.6,4675.8,4626.6,4655.2,0.0
2004-10-20 00:00:00,4655.2,4655.2,4599.3,4616.4,0.0
2004-10-21 00:00:00,4616.4,4642.3,4592.2,4617.4,0.0
2004-10-22 00:00:00,4617.4,4642.3,4614.2,4615.4,0.0
2004-10-23 00:00:00,4615.4,4615.4,4615.4,4615.4,0.0
2004-10-24 00:00:00,4615.4,4615.4,4615.4,4615.4,0.0
2004-10-25 00:00:00,4615.4,4615.4,4551.6,4564.5,0.0
2004-10-26 00:00:00,4564.5,4585.4,4562.0,4583.4,0.0
2004-10-27 00:00:00,4583.4,4630.6,4583.4,4630.1,0.0
2004-10-28 00:00:00,4630.1,4663.4,4620.0,4642.8,0.0
2004-10-29 00:00:00,4642.8,4649.1,4624.2,4624.2,0.0
2004-10-30 00:00:00,4624.2,4624.2,4624.2,4624.2,0.0
2004-10-31 00:00:00,4624.2,4624.2,4624.2,4624.2,0.0
2004-11-01 00:00:00,4624.2,4681.6,4624.2,4673.8,0.0
2004-11-02 00:00:00,4673.8,4696.9,4673.8,4693.2,0.0
2004-11-03 00:00:00,4693.2,4723.6,4693.2,4718.5,0.0
2004-11-04 00:00:00,4718.5,4728.3,4698.2,4728.3,0.0
2004-11-05 00:00:00,4728.3,4761.9,4728.0,4739.8,0.0
2004-11-06 00:00:00,4739.8,4739.8,4739.8,4739.8,0.0
2004-11-07 00:00:00,4739.8,4739.8,4739.8,4739.8,0.0
2004-11-08 00:00:00,4739.8,4739.8,4706.4,4716.6,0.0
2004-11-09 00:00:00,4716.6,4727.0,4712.0,4717.7,0.0
2004-11-10 00:00:00,4717.7,4746.4,4717.7,4734.5,0.0
2004-11-11 00:00:00,4734.5,4779.5,4728.7,4776.9,0.0
2004-11-12 00:00:00,4776.9,4798.7,4776.9,4793.9,0.0
2004-11-13 00:00:00,4793.9,4793.9,4793.9,4793.9,0.0
2004-11-14 00:00:00,4793.9,4793.9,4793.9,4793.9,0.0
2004-11-15 00:00:00,4793.9,4823.8,4789.0,4803.1,0.0
2004-11-16 00:00:00,4803.1,4807.8,4761.5,4770.4,0.0
2004-11-17 00:00:00,4770.4,4800.4,4770.2,4795.9,0.0
2004-11-18 00:00:00,4795.9,4818.3,4785.3,4805.3,0.0
2004-11-19 00:00:00,4805.3,4805.3,4756.5,4760.8,0.0
2004-11-20 00:00:00,4760.8,4760.8,4760.8,4760.8,0.0
2004-11-21 00:00:00,4760.8,4760.8,4760.8,4760.8,0.0
2004-11-22 00:00:00,4760.8,4760.8,4717.4,4733.1,0.0
2004-11-23 00:00:00,4733.1,4767.7,4733.1,4742.4,0.0
2004-11-24 00:00:00,4742.4,4750.9,4713.6,4719.4,0.0
2004-11-25 00:00:00,4719.4,4753.4,4719.4,4753.4,0.0
2004-11-26 00:00:00,4753.4,4753.4,4726.1,4741.5,0.0
2004-11-27 00:00:00,4741.5,4741.5,4741.5,4741.5,0.0
2004-11-28 00:00:00,4741.5,4741.5,4741.5,4741.5,0.0
2004-11-29 00:00:00,4741.5,4791.0,4739.5,4749.8,0.0
2004-11-30 00:00:00,4749.8,4759.9,4696.8,4703.2,0.0
2004-12-01 00:00:00,4703.2,4748.6,4703.1,4735.7,0.0
2004-12-02 00:00:00,4735.7,4758.5,4733.3,4751.2,0.0
2004-12-03 00:00:00,4751.2,4771.2,4734.8,4747.9,0.0
2004-12-04 00:00:00,4747.9,4747.9,4747.9,4747.9,0.0
2004-12-05 00:00:00,4747.9,4747.9,4747.9,4747.9,0.0
2004-12-06 00:00:00,4747.9,4747.9,4707.1,4722.8,0.0
2004-12-07 00:00:00,4722.8,4741.5,4717.3,4728.7,0.0
2004-12-08 00:00:00,4728.7,4728.7,4695.6,4703.9,0.0
2004-12-09 00:00:00,4703.9,4719.2,4675.0,4688.4,0.0
2004-12-10 00:00:00,4688.4,4719.2,4682.2,4694.0,0.0
2004-12-11 00:00:00,4694.0,4694.0,4694.0,4694.0,0.0
2004-12-12 00:00:00,4694.0,4694.0,4694.0,4694.0,0.0
2004-12-13 00:00:00,4694.0,4737.5,4688.7,4736.8,0.0
2004-12-14 00:00:00,4736.8,4755.0,4709.7,4722.8,0.0
2004-12-15 00:00:00,4722.8,4750.1,4722.8,4728.2,0.0
2004-12-16 00:00:00,4728.2,4747.7,4728.2,4735.2,0.0
2004-12-17 00:00:00,4735.2,4747.3,4689.6,4696.8,0.0
2004-12-18 00:00:00,4696.8,4696.8,4696.8,4696.8,0.0
2004-12-19 00:00:00,4696.8,4696.8,4696.8,4696.8,0.0
2004-12-20 00:00:00,4696.8,4744.4,4696.8,4731.1,0.0
2004-12-21 00:00:00,4731.1,4742.1,4731.1,4733.0,0.0
2004-12-22 00:00:00,4733.0,4783.7,4733.0,4777.4,0.0
2004-12-23 00:00:00,4777.4,4789.5,4774.9,4787.7,0.0
2004-12-24 00:00:00,4787.7,4807.8,4780.9,4798.1,0.0
2004-12-25 00:00:00,4798.1,4798.1,4798.1,4798.1,0.0
2004-12-26 00:00:00,4798.1,4798.1,4798.1,4798.1,0.0
2004-12-27 00:00:00,4787.5,4807.8,4780.9,4798.1,0.0
2004-12-28 00:00:00,4798.1,4798.1,4798.1,4798.1,0.0
2004-12-29 00:00:00,4798.1,4819.8,4787.4,4819.8,0.0
2004-12-30 00:00:00,4819.8,4826.2,4813.5,4820.1,0.0
2004-12-31 00:00:00,4820.1,4822.3,4801.1,4814.3,0.0
2005-01-01 00:00:00,4814.3,4814.3,4814.3,4814.3,0.0
2005-01-02 00:00:00,4814.3,4814.3,4814.3,4814.3,0.0
2005-01-03 00:00:00,4814.3,4814.3,4814.3,4814.3,0.0
2005-01-04 00:00:00,4814.3,4851.6,4809.4,4847.0,0.0
2005-01-05 00:00:00,4847.0,4847.0,4806.0,4806.0,0.0
2005-01-06 00:00:00,4806.0,4833.3,4806.0,4824.3,0.0
2005-01-07 00:00:00,4824.3,4863.5,4819.8,4854.1,0.0
2005-01-08 00:00:00,4854.1,4854.1,4854.1,4854.1,0.0
2005-01-09 00:00:00,4854.1,4854.1,4854.1,4854.1,0.0
2005-01-10 00:00:00,4854.1,4858.9,4833.4,4840.7,0.0
2005-01-11 00:00:00,4840.7,4847.6,4805.0,4818.7,0.0
2005-01-12 00:00:00,4818.7,4823.2,4765.4,4783.6,0.0
2005-01-13 00:00:00,4783.6,4809.8,4782.5,4800.3,0.0
2005-01-14 00:00:00,4800.3,4831.6,4786.5,4820.8,0.0
2005-01-15 00:00:00,4820.8,4820.8,4820.8,4820.8,0.0
2005-01-16 00:00:00,4820.8,4820.8,4820.8,4820.8,0.0
2005-01-17 00:00:00,4820.8,4846.7,4820.8,4846.7,0.0
2005-01-18 00:00:00,4846.7,4852.8,4800.8,4823.9,0.0
2005-01-19 00:00:00,4823.9,4845.4,4817.5,4818.3,0.0
2005-01-20 00:00:00,4818.3,4818.3,4783.3,4800.8,0.0
2005-01-21 00:00:00,4800.8,4813.9,4785.6,4803.3,0.0
2005-01-22 00:00:00,4803.3,4803.3,4803.3,4803.3,0.0
2005-01-23 00:00:00,4803.3,4803.3,4803.3,4803.3,0.0
2005-01-24 00:00:00,4803.3,4814.0,4770.1,4812.5,0.0
2005-01-25 00:00:00,4812.5,4850.0,4803.7,4843.2,0.0
2005-01-26 00:00:00,4843.2,4860.3,4839.0,4847.1,0.0
2005-01-27 00:00:00,4847.1,4860.3,4835.0,4853.4,0.0
2005-01-28 00:00:00,4853.4,4860.4,4827.3,4832.8,0.0
2005-01-29 00:00:00,4832.8,4832.8,4832.8,4832.8,0.0
2005-01-30 00:00:00,4832.8,4832.8,4832.8,4832.8,0.0
2005-01-31 00:00:00,4832.8,4879.5,4832.8,4852.3,0.0
2005-02-01 00:00:00,4852.3,4906.2,4852.3,4906.2,0.0
2005-02-02 00:00:00,4906.2,4918.8,4897.5,4916.2,0.0
2005-02-03 00:00:00,4916.2,4924.1,4898.4,4908.3,0.0
2005-02-04 00:00:00,4908.3,4947.4,4908.3,4941.5,0.0
2005-02-05 00:00:00,4941.5,4941.5,4941.5,4941.5,0.0
2005-02-06 00:00:00,4941.5,4941.5,4941.5,4941.5,0.0
2005-02-07 00:00:00,4941.5,4982.8,4941.5,4979.8,0.0
2005-02-08 00:00:00,4979.8,4995.5,4968.7,4995.5,0.0
2005-02-09 00:00:00,4995.5,5003.0,4974.5,4990.4,0.0
2005-02-10 00:00:00,4990.4,5014.8,4977.3,5000.0,0.0
2005-02-11 00:00:00,5000.1,5045.0,5000.1,5044.2,0.0
2005-02-12 00:00:00,5044.2,5044.2,5044.2,5044.2,0.0
2005-02-13 00:00:00,5044.2,5044.2,5044.2,5044.2,0.0
2005-02-14 00:00:00,5044.2,5049.6,5030.5,5041.8,0.0
2005-02-15 00:00:00,5041.8,5065.7,5036.1,5058.9,0.0
2005-02-16 00:00:00,5058.9,5059.5,5035.5,5053.2,0.0
2005-02-17 00:00:00,5053.2,5077.6,5051.8,5057.4,0.0
2005-02-18 00:00:00,5057.4,5066.5,5045.5,5057.2,0.0
2005-02-19 00:00:00,5057.2,5057.2,5057.2,5057.2,0.0
2005-02-20 00:00:00,5057.2,5057.2,5057.2,5057.2,0.0
2005-02-21 00:00:00,5057.2,5077.8,5047.5,5060.8,0.0
2005-02-22 00:00:00,5060.8,5063.3,5013.2,5032.9,0.0
2005-02-23 00:00:00,5032.9,5032.9,4970.8,4988.5,0.0
2005-02-24 00:00:00,4988.5,5002.5,4972.1,4972.1,0.0
2005-02-25 00:00:00,4972.1,5010.8,4972.1,5006.8,0.0
2005-02-26 00:00:00,5006.8,5006.8,5006.8,5006.8,0.0
2005-02-27 00:00:00,5006.8,5006.8,5006.8,5006.8,0.0
2005-02-28 00:00:00,5006.8,5030.2,4968.4,4968.5,0.0
2005-03-01 00:00:00,4968.5,5004.9,4966.9,5000.5,0.0
2005-03-02 00:00:00,5000.5,5000.9,4965.9,4992.8,0.0
2005-03-03 00:00:00,4992.8,5024.0,4992.8,5014.8,0.0
2005-03-04 00:00:00,5014.8,5042.0,5011.7,5036.3,0.0
2005-03-05 00:00:00,5036.3,5036.3,5036.3,5036.3,0.0
2005-03-06 00:00:00,5036.3,5036.3,5036.3,5036.3,0.0
2005-03-07 00:00:00,5036.3,5041.3,5014.5,5027.2,0.0
2005-03-08 00:00:00,5027.2,5029.6,5001.9,5010.9,0.0
2005-03-09 00:00:00,5010.9,5038.9,4992.9,4996.1,0.0
2005-03-10 00:00:00,4996.1,4996.1,4956.8,4962.1,0.0
2005-03-11 00:00:00,4962.1,4991.6,4962.1,4982.0,0.0
2005-03-12 00:00:00,4982.0,4982.0,4982.0,4982.0,0.0
2005-03-13 00:00:00,4982.0,4982.0,4982.0,4982.0,0.0
2005-03-14 00:00:00,4982.0,4995.0,4947.9,4975.0,0.0
2005-03-15 00:00:00,4975.0,5006.1,4975.0,5000.2,0.0
2005-03-16 00:00:00,5000.2,5000.2,4928.1,4937.6,0.0
2005-03-17 00:00:00,4937.6,4952.9,4920.0,4922.1,0.0
2005-03-18 00:00:00,4922.1,4947.9,4922.1,4923.3,0.0
2005-03-19 00:00:00,4923.3,4923.3,4923.3,4923.3,0.0
2005-03-20 00:00:00,4923.3,4923.3,4923.3,4923.3,0.0
2005-03-21 00:00:00,4923.3,4952.2,4923.3,4933.5,0.0
2005-03-22 00:00:00,4933.5,4946.8,4908.5,4937.3,0.0
2005-03-23 00:00:00,4937.3,4937.3,4887.2,4910.4,0.0
2005-03-24 00:00:00,4910.4,4933.7,4904.5,4922.5,0.0
2005-03-25 00:00:00,4922.5,4922.5,4922.5,4922.5,0.0
2005-03-26 00:00:00,4922.5,4922.5,4922.5,4922.5,0.0
2005-03-27 00:00:00,4922.5,4922.5,4922.5,4922.5,0.0
2005-03-28 00:00:00,4922.5,4922.5,4922.5,4922.5,0.0
2005-03-29 00:00:00,4922.5,4924.3,4892.8,4919.0,0.0
2005-03-30 00:00:00,4919.0,4919.0,4886.5,4900.7,0.0
2005-03-31 00:00:00,4900.7,4933.8,4894.4,4894.4,0.0
2005-04-01 00:00:00,4894.4,4942.0,4894.4,4914.0,0.0
2005-04-02 00:00:00,4914.0,4914.0,4914.0,4914.0,0.0
2005-04-03 00:00:00,4914.0,4914.0,4914.0,4914.0,0.0
2005-04-04 00:00:00,4914.0,4923.3,4877.0,4896.7,0.0
2005-04-05 00:00:00,4896.7,4943.8,4896.7,4942.9,0.0
2005-04-06 00:00:00,4942.9,4953.6,4937.4,4947.4,0.0
2005-04-07 00:00:00,4947.4,4984.5,4947.4,4977.0,0.0
2005-04-08 00:00:00,4977.0,4994.1,4975.0,4983.6,0.0
2005-04-09 00:00:00,4983.6,4983.6,4983.6,4983.6,0.0
2005-04-10 00:00:00,4983.6,4983.6,4983.6,4983.6,0.0
2005-04-11 00:00:00,4983.6,4983.6,4964.0,4973.2,0.0
2005-04-12 00:00:00,4973.2,4973.8,4941.1,4946.2,0.0
2005-04-13 00:00:00,4946.2,4973.8,4946.2,4960.8,0.0
2005-04-14 00:00:00,4960.8,4960.8,4937.0,4945.4,0.0
2005-04-15 00:00:00,4945.4,4945.4,4891.6,4891.6,0.0
2005-04-16 00:00:00,4891.6,4891.6,4891.6,4891.6,0.0
2005-04-17 00:00:00,4891.6,4891.6,4891.6,4891.6,0.0
2005-04-18 00:00:00,4891.6,4891.6,4794.8,4827.1,0.0
2005-04-19 00:00:00,4833.6,4862.6,4833.6,4855.6,0.0
2005-04-20 00:00:00,4859.9,4873.6,4817.8,4822.0,0.0
2005-04-21 00:00:00,4821.7,4839.1,4805.5,4819.6,0.0
2005-04-22 00:00:00,4857.0,4859.0,4837.8,4849.3,0.0
2005-04-23 00:00:00,4849.3,4849.3,4849.3,4849.3,0.0
2005-04-24 00:00:00,4849.3,4849.3,4849.3,4849.3,0.0
2005-04-25 00:00:00,4848.4,4867.8,4841.3,4864.9,0.0
2005-04-26 00:00:00,4864.8,4879.6,4831.5,4845.5,0.0
2005-04-27 00:00:00,4840.2,4840.2,4780.6,4789.4,0.0
2005-04-28 00:00:00,4792.8,4820.7,4775.5,4790.2,0.0
2005-04-29 00:00:00,4790.0,4824.4,4773.7,4801.7,0.0
2005-04-30 00:00:00,4801.7,4801.7,4801.7,4801.7,0.0
2005-05-01 00:00:00,4801.7,4801.7,4801.7,4801.7,0.0
2005-05-02 00:00:00,4801.7,4801.7,4801.7,4801.7,0.0
2005-05-03 00:00:00,4815.0,4862.9,4815.0,4861.2,0.0
2005-05-04 00:00:00,4866.9,4882.5,4847.9,4882.5,0.0
2005-05-05 00:00:00,4893.7,4917.6,4891.8,4902.3,0.0
2005-05-06 00:00:00,4902.4,4924.6,4897.6,4918.9,0.0
2005-05-07 00:00:00,4918.9,4918.9,4918.9,4918.9,0.0
2005-05-08 00:00:00,4918.9,4918.9,4918.9,4918.9,0.0
2005-05-09 00:00:00,4922.6,4928.7,4895.1,4910.3,0.0
2005-05-10 00:00:00,4910.8,4929.1,4880.2,4892.4,0.0
2005-05-11 00:00:00,4892.6,4896.6,4868.2,4875.4,0.0
2005-05-12 00:00:00,4883.4,4909.8,4883.4,4893.2,0.0
2005-05-13 00:00:00,4891.9,4891.9,4854.2,4886.5,0.0
2005-05-14 00:00:00,4886.5,4886.5,4886.5,4886.5,0.0
2005-05-15 00:00:00,4886.5,4886.5,4886.5,4886.5,0.0
2005-05-16 00:00:00,4873.2,4887.7,4869.0,4884.2,0.0
2005-05-17 00:00:00,4884.3,4902.0,4880.7,4898.5,0.0
2005-05-18 00:00:00,4898.9,4956.9,4898.9,4949.4,0.0
2005-05-19 00:00:00,4954.1,4972.9,4950.5,4962.7,0.0
2005-05-20 00:00:00,4964.1,4981.1,4963.0,4971.8,0.0
2005-05-21 00:00:00,4971.8,4971.8,4971.8,4971.8,0.0
2005-05-22 00:00:00,4971.8,4971.8,4971.8,4971.8,0.0
2005-05-23 00:00:00,4974.6,4991.6,4974.6,4989.8,0.0
2005-05-24 00:00:00,4990.2,4990.2,4974.2,4982.5,0.0
2005-05-25 00:00:00,4982.9,4983.6,4964.1,4971.5,0.0
2005-05-26 00:00:00,4969.5,5004.3,4956.8,4994.9,0.0
2005-05-27 00:00:00,4994.7,5002.0,4976.6,4986.3,0.0
2005-05-28 00:00:00,4986.3,4986.3,4986.3,4986.3,0.0
2005-05-29 00:00:00,4986.3,4986.3,4986.3,4986.3,0.0
2005-05-30 00:00:00,4986.3,4986.3,4986.3,4986.3,0.0
2005-05-31 00:00:00,4987.5,4999.7,4964.0,4964.0,0.0
2005-06-01 00:00:00,4965.1,5011.0,4965.1,5011.0,0.0
2005-06-02 00:00:00,5009.9,5014.9,4996.5,5005.0,0.0
2005-06-03 00:00:00,5005.1,5016.6,4987.2,4999.4,0.0
2005-06-04 00:00:00,4999.4,4999.4,4999.4,4999.4,0.0
2005-06-05 00:00:00,4999.4,4999.4,4999.4,4999.4,0.0
2005-06-06 00:00:00,5004.1,5006.8,4976.2,4980.4,0.0
2005-06-07 00:00:00,4982.6,5027.9,4982.6,5025.2,0.0
2005-06-08 00:00:00,5022.6,5022.6,4995.1,5003.7,0.0
2005-06-09 00:00:00,5002.7,5009.8,4984.2,5009.2,0.0
2005-06-10 00:00:00,5018.7,5047.3,5018.7,5030.4,0.0
2005-06-11 00:00:00,5030.4,5030.4,5030.4,5030.4,0.0
2005-06-12 00:00:00,5030.4,5030.4,5030.4,5030.4,0.0
2005-06-13 00:00:00,5030.3,5051.0,5026.1,5050.4,0.0
2005-06-14 00:00:00,5050.1,5054.3,5037.5,5046.8,0.0
2005-06-15 00:00:00,5047.2,5060.8,5013.4,5019.5,0.0
2005-06-16 00:00:00,5021.0,5046.4,5021.0,5045.0,0.0
2005-06-17 00:00:00,5044.6,5098.5,5044.6,5077.6,0.0
2005-06-18 00:00:00,5077.6,5077.6,5077.6,5077.6,0.0
2005-06-19 00:00:00,5077.6,5077.6,5077.6,5077.6,0.0
2005-06-20 00:00:00,5077.8,5078.0,5057.9,5072.0,0.0
2005-06-21 00:00:00,5082.3,5091.0,5073.3,5082.1,0.0
2005-06-22 00:00:00,5082.2,5110.5,5076.6,5099.3,0.0
2005-06-23 00:00:00,5099.1,5121.9,5099.1,5114.4,0.0
2005-06-24 00:00:00,5110.5,5110.5,5069.1,5079.0,0.0
2005-06-25 00:00:00,5079.0,5079.0,5079.0,5079.0,0.0
2005-06-26 00:00:00,5079.0,5079.0,5079.0,5079.0,0.0
2005-06-27 00:00:00,5078.8,5078.8,5036.9,5043.5,0.0
2005-06-28 00:00:00,5045.9,5090.4,5045.9,5090.4,0.0
2005-06-29 00:00:00,5093.8,5119.5,5090.2,5109.1,0.0
2005-06-30 00:00:00,5102.7,5138.2,5097.1,5113.2,0.0
2005-07-01 00:00:00,5113.7,5162.6,5106.6,5161.0,0.0
2005-07-02 00:00:00,5161.0,5161.0,5161.0,5161.0,0.0
2005-07-03 00:00:00,5161.0,5161.0,5161.0,5161.0,0.0
2005-07-04 00:00:00,5161.6,5188.6,5161.3,5184.3,0.0
2005-07-05 00:00:00,5185.8,5194.2,5173.8,5190.1,0.0
2005-07-06 00:00:00,5200.7,5237.6,5200.5,5229.6,0.0
2005-07-07 00:00:00,5221.1,5223.4,5022.1,5158.3,0.0
2005-07-08 00:00:00,5162.9,5232.2,5162.9,5232.2,0.0
2005-07-09 00:00:00,5232.2,5232.2,5232.2,5232.2,0.0
2005-07-10 00:00:00,5232.2,5232.2,5232.2,5232.2,0.0
2005-07-11 00:00:00,5232.2,5257.9,5232.2,5242.4,0.0
2005-07-12 00:00:00,5242.4,5249.4,5216.2,5217.2,0.0
2005-07-13 00:00:00,5217.2,5252.0,5217.2,5245.9,0.0
2005-07-14 00:00:00,5248.9,5283.9,5248.9,5259.7,0.0
2005-07-15 00:00:00,5259.9,5261.5,5222.6,5230.8,0.0
2005-07-16 00:00:00,5230.8,5230.8,5230.8,5230.8,0.0
2005-07-17 00:00:00,5230.8,5230.8,5230.8,5230.8,0.0
2005-07-18 00:00:00,5230.4,5258.4,5212.0,5214.2,0.0
2005-07-19 00:00:00,5214.2,5230.9,5191.0,5201.5,0.0
2005-07-20 00:00:00,5201.5,5249.5,5193.5,5215.2,0.0
2005-07-21 00:00:00,5215.2,5256.0,5180.2,5221.6,0.0
2005-07-22 00:00:00,5221.6,5244.6,5202.7,5241.8,0.0
2005-07-23 00:00:00,5241.8,5241.8,5241.8,5241.8,0.0
2005-07-24 00:00:00,5241.8,5241.8,5241.8,5241.8,0.0
2005-07-25 00:00:00,5249.7,5273.5,5248.5,5270.7,0.0
2005-07-26 00:00:00,5266.0,5279.4,5253.9,5256.2,0.0
2005-07-27 00:00:00,5256.3,5275.2,5253.5,5263.6,0.0
2005-07-28 00:00:00,5262.9,5282.3,5262.3,5270.3,0.0
2005-07-29 00:00:00,5270.5,5308.6,5270.5,5282.3,0.0
2005-07-30 00:00:00,5282.3,5282.3,5282.3,5282.3,0.0
2005-07-31 00:00:00,5282.3,5282.3,5282.3,5282.3,0.0
2005-08-01 00:00:00,5282.3,5302.9,5282.3,5290.8,0.0
2005-08-02 00:00:00,5290.8,5330.6,5290.8,5327.5,0.0
2005-08-03 00:00:00,5328.1,5332.3,5304.0,5332.3,0.0
2005-08-04 00:00:00,5332.4,5335.4,5300.0,5315.5,0.0
2005-08-05 00:00:00,5315.5,5341.8,5306.7,5314.7,0.0
2005-08-06 00:00:00,5314.7,5314.7,5314.7,5314.7,0.0
2005-08-07 00:00:00,5314.7,5314.7,5314.7,5314.7,0.0
2005-08-08 00:00:00,5321.8,5351.3,5321.8,5344.3,0.0
2005-08-09 00:00:00,5346.1,5363.7,5342.7,5363.7,0.0
2005-08-10 00:00:00,5363.7,5386.4,5351.2,5377.5,0.0
2005-08-11 00:00:00,5377.5,5379.6,5355.1,5358.6,0.0
2005-08-12 00:00:00,5359.2,5374.4,5343.5,5345.8,0.0
2005-08-13 00:00:00,5345.8,5345.8,5345.8,5345.8,0.0
2005-08-14 00:00:00,5345.8,5345.8,5345.8,5345.8,0.0
2005-08-15 00:00:00,5344.1,5367.8,5339.4,5344.2,0.0
2005-08-16 00:00:00,5347.5,5358.7,5316.1,5322.3,0.0
2005-08-17 00:00:00,5320.9,5320.9,5284.1,5292.7,0.0
2005-08-18 00:00:00,5292.7,5304.7,5263.7,5269.3,0.0
2005-08-19 00:00:00,5269.3,5313.1,5269.3,5312.6,0.0
2005-08-20 00:00:00,5312.6,5312.6,5312.6,5312.6,0.0
2005-08-21 00:00:00,5312.6,5312.6,5312.6,5312.6,0.0
2005-08-22 00:00:00,5312.6,5329.7,5312.6,5318.4,0.0
2005-08-23 00:00:00,5314.1,5314.1,5294.8,5300.2,0.0
2005-08-24 00:00:00,5294.1,5299.7,5270.0,5275.2,0.0
2005-08-25 00:00:00,5269.9,5271.4,5248.8,5255.7,0.0
2005-08-26 00:00:00,5255.8,5282.1,5228.1,5228.1,0.0
2005-08-27 00:00:00,5228.1,5228.1,5228.1,5228.1,0.0
2005-08-28 00:00:00,5228.1,5228.1,5228.1,5228.1,0.0
2005-08-29 00:00:00,5228.1,5228.1,5228.1,5228.1,0.0
2005-08-30 00:00:00,5228.1,5270.2,5228.1,5255.8,0.0
2005-08-31 00:00:00,5255.8,5300.0,5255.8,5296.9,0.0
2005-09-01 00:00:00,5298.4,5342.1,5298.4,5328.5,0.0
2005-09-02 00:00:00,5328.5,5338.1,5319.6,5326.8,0.0
2005-09-03 00:00:00,5326.8,5326.8,5326.8,5326.8,0.0
2005-09-04 00:00:00,5326.8,5326.8,5326.8,5326.8,0.0
2005-09-05 00:00:00,5330.3,5341.8,5320.6,5337.8,0.0
2005-09-06 00:00:00,5340.6,5366.6,5340.4,5359.2,0.0
2005-09-07 00:00:00,5359.2,5376.1,5358.0,5365.9,0.0
2005-09-08 00:00:00,5365.9,5365.9,5338.4,5340.7,0.0
2005-09-09 00:00:00,5340.3,5362.4,5340.3,5359.3,0.0
2005-09-10 00:00:00,5359.3,5359.3,5359.3,5359.3,0.0
2005-09-11 00:00:00,5359.3,5359.3,5359.3,5359.3,0.0
2005-09-12 00:00:00,5359.3,5380.7,5359.3,5375.1,0.0
2005-09-13 00:00:00,5375.1,5377.8,5329.3,5338.0,0.0
2005-09-14 00:00:00,5338.1,5349.7,5327.1,5347.4,0.0
2005-09-15 00:00:00,5348.0,5387.1,5342.5,5383.5,0.0
2005-09-16 00:00:00,5381.6,5418.7,5375.3,5407.9,0.0
2005-09-17 00:00:00,5407.9,5407.9,5407.9,5407.9,0.0
2005-09-18 00:00:00,5407.9,5407.9,5407.9,5407.9,0.0
2005-09-19 00:00:00,5407.5,5435.8,5388.3,5429.7,0.0
2005-09-20 00:00:00,5429.7,5446.6,5410.9,5416.4,0.0
2005-09-21 00:00:00,5416.4,5416.4,5369.7,5369.7,0.0
2005-09-22 00:00:00,5364.3,5395.5,5354.3,5385.7,0.0
2005-09-23 00:00:00,5391.9,5417.4,5383.6,5413.6,0.0
2005-09-24 00:00:00,5413.6,5413.6,5413.6,5413.6,0.0
2005-09-25 00:00:00,5413.6,5413.6,5413.6,5413.6,0.0
2005-09-26 00:00:00,5414.0,5456.9,5414.0,5453.1,0.0
2005-09-27 00:00:00,5463.8,5471.2,5442.7,5447.3,0.0
2005-09-28 00:00:00,5448.0,5494.8,5448.0,5494.8,0.0
2005-09-29 00:00:00,5494.8,5508.4,5467.1,5478.2,0.0
2005-09-30 00:00:00,5485.0,5506.1,5462.6,5477.7,0.0
2005-10-01 00:00:00,5477.7,5477.7,5477.7,5477.7,0.0
2005-10-02 00:00:00,5477.7,5477.7,5477.7,5477.7,0.0
2005-10-03 00:00:00,5482.0,5515.0,5474.9,5501.5,0.0
2005-10-04 00:00:00,5501.5,5501.5,5475.2,5494.4,0.0
2005-10-05 00:00:00,5493.7,5493.7,5427.8,5427.8,0.0
2005-10-06 00:00:00,5418.9,5418.9,5358.1,5372.4,0.0
2005-10-07 00:00:00,5371.9,5394.4,5355.7,5362.3,0.0
2005-10-08 00:00:00,5362.3,5362.3,5362.3,5362.3,0.0
2005-10-09 00:00:00,5362.3,5362.3,5362.3,5362.3,0.0
2005-10-10 00:00:00,5362.3,5395.8,5362.3,5374.5,0.0
2005-10-11 00:00:00,5376.0,5404.4,5373.9,5380.7,0.0
2005-10-12 00:00:00,5380.7,5380.7,5342.2,5342.2,0.0
2005-10-13 00:00:00,5342.2,5342.2,5256.3,5265.2,0.0
2005-10-14 00:00:00,5265.7,5293.8,5245.6,5275.0,0.0
2005-10-15 00:00:00,5275.0,5275.0,5275.0,5275.0,0.0
2005-10-16 00:00:00,5275.0,5275.0,5275.0,5275.0,0.0
2005-10-17 00:00:00,5275.0,5297.1,5272.5,5286.5,0.0
2005-10-18 00:00:00,5297.6,5303.2,5259.6,5263.9,0.0
2005-10-19 00:00:00,5249.0,5249.0,5167.8,5167.8,0.0
2005-10-20 00:00:00,5167.8,5234.0,5146.7,5164.1,0.0
2005-10-21 00:00:00,5150.8,5164.0,5130.9,5142.1,0.0
2005-10-22 00:00:00,5142.1,5142.1,5142.1,5142.1,0.0
2005-10-23 00:00:00,5142.1,5142.1,5142.1,5142.1,0.0
2005-10-24 00:00:00,5142.4,5210.1,5140.1,5207.6,0.0
2005-10-25 00:00:00,5207.6,5222.4,5182.1,5182.1,0.0
2005-10-26 00:00:00,5187.8,5236.5,5187.8,5227.8,0.0
2005-10-27 00:00:00,5224.4,5224.4,5168.2,5182.8,0.0
2005-10-28 00:00:00,5177.1,5226.9,5157.6,5213.4,0.0
2005-10-29 00:00:00,5213.4,5213.4,5213.4,5213.4,0.0
2005-10-30 00:00:00,5213.4,5213.4,5213.4,5213.4,0.0
2005-10-31 00:00:00,5243.6,5318.4,5243.6,5317.3,0.0
2005-11-01 00:00:00,5317.4,5350.3,5304.9,5344.3,0.0
2005-11-02 00:00:00,5344.8,5364.7,5316.0,5358.6,0.0
2005-11-03 00:00:00,5361.7,5431.9,5361.7,5431.9,0.0
2005-11-04 00:00:00,5431.9,5446.4,5418.0,5423.6,0.0
2005-11-05 00:00:00,5423.6,5423.6,5423.6,5423.6,0.0
2005-11-06 00:00:00,5423.6,5423.6,5423.6,5423.6,0.0
2005-11-07 00:00:00,5426.0,5471.0,5415.5,5460.8,0.0
2005-11-08 00:00:00,5460.8,5481.7,5451.1,5460.9,0.0
2005-11-09 00:00:00,5457.8,5469.4,5439.0,5439.8,0.0
2005-11-10 00:00:00,5440.0,5463.9,5423.5,5423.5,0.0
2005-11-11 00:00:00,5454.2,5468.8,5440.1,5465.1,0.0
2005-11-12 00:00:00,5465.1,5465.1,5465.1,5465.1,0.0
2005-11-13 00:00:00,5465.1,5465.1,5465.1,5465.1,0.0
2005-11-14 00:00:00,5465.5,5485.9,5455.6,5470.0,0.0
2005-11-15 00:00:00,5470.0,5470.0,5424.6,5439.6,0.0
2005-11-16 00:00:00,5439.6,5442.2,5391.7,5430.0,0.0
2005-11-17 00:00:00,5439.7,5480.1,5439.7,5460.0,0.0
2005-11-18 00:00:00,5467.1,5531.6,5467.1,5498.9,0.0
2005-11-19 00:00:00,5498.9,5498.9,5498.9,5498.9,0.0
2005-11-20 00:00:00,5498.9,5498.9,5498.9,5498.9,0.0
2005-11-21 00:00:00,5498.9,5509.4,5486.2,5497.9,0.0
2005-11-22 00:00:00,5499.4,5522.4,5499.4,5517.2,0.0
2005-11-23 00:00:00,5517.2,5532.7,5507.1,5531.7,0.0
2005-11-24 00:00:00,5531.7,5539.0,5499.5,5511.0,0.0
2005-11-25 00:00:00,5511.0,5531.4,5511.0,5523.8,0.0
2005-11-26 00:00:00,5523.8,5523.8,5523.8,5523.8,0.0
2005-11-27 00:00:00,5523.8,5523.8,5523.8,5523.8,0.0
2005-11-28 00:00:00,5531.2,5554.9,5477.4,5477.4,0.0
2005-11-29 00:00:00,5477.4,5507.4,5451.3,5491.0,0.0
2005-11-30 00:00:00,5491.0,5491.0,5423.2,5423.2,0.0
2005-12-01 00:00:00,5423.2,5494.7,5423.2,5486.1,0.0
2005-12-02 00:00:00,5490.0,5528.1,5485.0,5528.1,0.0
2005-12-03 00:00:00,5528.1,5528.1,5528.1,5528.1,0.0
2005-12-04 00:00:00,5528.1,5528.1,5528.1,5528.1,0.0
2005-12-05 00:00:00,5528.1,5532.5,5498.3,5510.4,0.0
2005-12-06 00:00:00,5511.3,5546.9,5505.9,5538.8,0.0
2005-12-07 00:00:00,5539.6,5574.0,5518.4,5528.8,0.0
2005-12-08 00:00:00,5528.8,5531.9,5492.8,5531.1,0.0
2005-12-09 00:00:00,5531.1,5531.1,5504.4,5517.4,0.0
2005-12-10 00:00:00,5517.4,5517.4,5517.4,5517.4,0.0
2005-12-11 00:00:00,5517.4,5517.4,5517.4,5517.4,0.0
2005-12-12 00:00:00,5517.4,5548.8,5494.2,5501.5,0.0
2005-12-13 00:00:00,5501.5,5527.2,5499.2,5507.2,0.0
2005-12-14 00:00:00,5507.5,5525.0,5503.5,5521.1,0.0
2005-12-15 00:00:00,5521.1,5530.2,5489.3,5495.3,0.0
2005-12-16 00:00:00,5498.3,5552.6,5498.3,5531.6,0.0
2005-12-17 00:00:00,5531.6,5531.6,5531.6,5531.6,0.0
2005-12-18 00:00:00,5531.6,5531.6,5531.6,5531.6,0.0
2005-12-19 00:00:00,5531.6,5548.4,5525.7,5539.8,0.0
2005-12-20 00:00:00,5531.9,5552.2,5524.7,5547.9,0.0
2005-12-21 00:00:00,5549.2,5590.2,5549.2,5587.4,0.0
2005-12-22 00:00:00,5589.5,5599.3,5584.8,5597.0,0.0
2005-12-23 00:00:00,5597.0,5608.2,5588.0,5595.4,0.0
2005-12-24 00:00:00,5595.4,5595.4,5595.4,5595.4,0.0
2005-12-25 00:00:00,5595.4,5595.4,5595.4,5595.4,0.0
2005-12-26 00:00:00,5595.4,5595.4,5595.4,5595.4,0.0
2005-12-27 00:00:00,5595.4,5595.4,5595.4,5595.4,0.0
2005-12-28 00:00:00,5596.8,5622.8,5591.9,5622.8,0.0
2005-12-29 00:00:00,5622.8,5647.2,5622.8,5638.3,0.0
2005-12-30 00:00:00,5638.3,5640.0,5596.8,5618.8,0.0
2005-12-31 00:00:00,5618.8,5618.8,5618.8,5618.8,0.0
2006-01-01 00:00:00,5618.8,5618.8,5618.8,5618.8,0.0
2006-01-02 00:00:00,5618.8,5618.8,5618.8,5618.8,0.0
2006-01-03 00:00:00,5618.8,5682.2,5618.8,5681.5,0.0
2006-01-04 00:00:00,5691.7,5716.4,5690.6,5714.6,0.0
2006-01-05 00:00:00,5717.5,5722.4,5686.4,5691.2,0.0
2006-01-06 00:00:00,5691.9,5731.8,5691.9,5731.8,0.0
2006-01-07 00:00:00,5731.8,5731.8,5731.8,5731.8,0.0
2006-01-08 00:00:00,5731.8,5731.8,5731.8,5731.8,0.0
2006-01-09 00:00:00,5736.7,5750.3,5725.9,5731.5,0.0
2006-01-10 00:00:00,5731.4,5731.4,5686.1,5688.8,0.0
2006-01-11 00:00:00,5688.8,5731.5,5688.8,5731.5,0.0
2006-01-12 00:00:00,5731.5,5744.6,5724.9,5735.1,0.0
2006-01-13 00:00:00,5724.6,5727.3,5690.9,5711.0,0.0
2006-01-14 00:00:00,5711.0,5711.0,5711.0,5711.0,0.0
2006-01-15 00:00:00,5711.0,5711.0,5711.0,5711.0,0.0
2006-01-16 00:00:00,5711.0,5740.2,5707.2,5740.2,0.0
2006-01-17 00:00:00,5739.0,5739.0,5693.1,5699.0,0.0
2006-01-18 00:00:00,5699.0,5699.0,5634.8,5663.7,0.0
2006-01-19 00:00:00,5663.7,5710.0,5663.7,5693.2,0.0
2006-01-20 00:00:00,5697.1,5729.8,5666.5,5672.4,0.0
2006-01-21 00:00:00,5672.4,5672.4,5672.4,5672.4,0.0
2006-01-22 00:00:00,5672.4,5672.4,5672.4,5672.4,0.0
2006-01-23 00:00:00,5667.3,5667.3,5625.0,5660.9,0.0
2006-01-24 00:00:00,5660.4,5679.0,5630.4,5633.8,0.0
2006-01-25 00:00:00,5635.5,5704.4,5635.5,5704.4,0.0
2006-01-26 00:00:00,5698.5,5744.0,5698.5,5722.6,0.0
2006-01-27 00:00:00,5745.6,5788.2,5745.6,5786.8,0.0
2006-01-28 00:00:00,5786.8,5786.8,5786.8,5786.8,0.0
2006-01-29 00:00:00,5786.8,5786.8,5786.8,5786.8,0.0
2006-01-30 00:00:00,5786.3,5796.1,5772.7,5779.8,0.0
2006-01-31 00:00:00,5780.2,5792.5,5760.3,5760.3,0.0
2006-02-01 00:00:00,5760.3,5816.0,5746.2,5801.6,0.0
2006-02-02 00:00:00,5801.6,5811.8,5743.0,5747.3,0.0
2006-02-03 00:00:00,5753.9,5766.7,5728.2,5759.3,0.0
2006-02-04 00:00:00,5759.3,5759.3,5759.3,5759.3,0.0
2006-02-05 00:00:00,5759.3,5759.3,5759.3,5759.3,0.0
2006-02-06 00:00:00,5766.1,5790.4,5766.1,5772.4,0.0
2006-02-07 00:00:00,5777.3,5781.3,5734.7,5746.8,0.0
2006-02-08 00:00:00,5746.8,5746.8,5681.9,5725.1,0.0
2006-02-09 00:00:00,5725.1,5808.9,5725.1,5808.7,0.0
2006-02-10 00:00:00,5808.1,5808.1,5764.1,5764.1,0.0
2006-02-11 00:00:00,5764.1,5764.1,5764.1,5764.1,0.0
2006-02-12 00:00:00,5764.1,5764.1,5764.1,5764.1,0.0
2006-02-13 00:00:00,5767.5,5793.5,5760.3,5793.5,0.0
2006-02-14 00:00:00,5800.5,5828.6,5773.7,5792.3,0.0
2006-02-15 00:00:00,5792.7,5814.5,5780.9,5791.5,0.0
2006-02-16 00:00:00,5794.6,5828.9,5791.9,5828.9,0.0
2006-02-17 00:00:00,5834.1,5863.3,5822.4,5846.2,0.0
2006-02-18 00:00:00,5846.2,5846.2,5846.2,5846.2,0.0
2006-02-19 00:00:00,5846.2,5846.2,5846.2,5846.2,0.0
2006-02-20 00:00:00,5846.6,5866.7,5839.4,5863.0,0.0
2006-02-21 00:00:00,5863.0,5888.0,5856.9,5857.7,0.0
2006-02-22 00:00:00,5856.3,5877.6,5836.8,5872.4,0.0
2006-02-23 00:00:00,5875.0,5878.8,5829.4,5836.0,0.0
2006-02-24 00:00:00,5843.5,5864.0,5842.5,5860.5,0.0
2006-02-25 00:00:00,5860.5,5860.5,5860.5,5860.5,0.0
2006-02-26 00:00:00,5860.5,5860.5,5860.5,5860.5,0.0
2006-02-27 00:00:00,5860.9,5893.3,5860.9,5875.9,0.0
2006-02-28 00:00:00,5875.0,5877.4,5788.7,5791.5,0.0
2006-03-01 00:00:00,5792.7,5844.1,5783.9,5844.1,0.0
2006-03-02 00:00:00,5842.9,5880.0,5803.7,5833.0,0.0
2006-03-03 00:00:00,5836.8,5864.0,5803.8,5858.7,0.0
2006-03-04 00:00:00,5858.7,5858.7,5858.7,5858.7,0.0
2006-03-05 00:00:00,5858.7,5858.7,5858.7,5858.7,0.0
2006-03-06 00:00:00,5863.6,5924.5,5863.6,5897.8,0.0
2006-03-07 00:00:00,5894.2,5894.2,5830.7,5857.4,0.0
2006-03-08 00:00:00,5857.6,5857.6,5790.9,5812.9,0.0
2006-03-09 00:00:00,5834.8,5857.1,5834.8,5855.9,0.0
2006-03-10 00:00:00,5843.9,5909.1,5838.2,5907.9,0.0
2006-03-11 00:00:00,5907.9,5907.9,5907.9,5907.9,0.0
2006-03-12 00:00:00,5907.9,5907.9,5907.9,5907.9,0.0
2006-03-13 00:00:00,5919.6,5959.9,5919.6,5952.8,0.0
2006-03-14 00:00:00,5949.6,5978.6,5940.7,5950.6,0.0
2006-03-15 00:00:00,5950.6,5980.5,5950.6,5965.1,0.0
2006-03-16 00:00:00,5974.4,5995.2,5951.0,5993.2,0.0
2006-03-17 00:00:00,5993.2,6044.0,5992.8,5999.4,0.0
2006-03-18 00:00:00,5999.4,5999.4,5999.4,5999.4,0.0
2006-03-19 00:00:00,5999.4,5999.4,5999.4,5999.4,0.0
2006-03-20 00:00:00,5999.4,6039.1,5986.9,5991.7,0.0
2006-03-21 00:00:00,5992.9,5992.9,5956.7,5991.3,0.0
2006-03-22 00:00:00,5991.3,6012.6,5957.8,6007.5,0.0
2006-03-23 00:00:00,6015.2,6029.4,5974.8,5990.1,0.0
2006-03-24 00:00:00,5991.3,6037.9,5991.3,6036.3,0.0
2006-03-25 00:00:00,6036.3,6036.3,6036.3,6036.3,0.0
2006-03-26 00:00:00,6036.3,6036.3,6036.3,6036.3,0.0
2006-03-27 00:00:00,6036.7,6047.0,5971.4,5972.2,0.0
2006-03-28 00:00:00,5971.6,6004.3,5929.7,5935.7,0.0
2006-03-29 00:00:00,5935.2,5979.7,5927.2,5959.2,0.0
2006-03-30 00:00:00,5959.2,6036.0,5959.2,6015.2,0.0
2006-03-31 00:00:00,6015.9,6019.2,5961.4,5964.6,0.0
2006-04-01 00:00:00,5964.6,5964.6,5964.6,5964.6,0.0
2006-04-02 00:00:00,5964.6,5964.6,5964.6,5964.6,0.0
2006-04-03 00:00:00,5988.5,6033.5,5988.5,6024.3,0.0
2006-04-04 00:00:00,6014.0,6014.4,5984.3,6004.7,0.0
2006-04-05 00:00:00,6008.7,6047.5,5983.5,6044.1,0.0
2006-04-06 00:00:00,6050.0,6073.3,6037.6,6045.7,0.0
2006-04-07 00:00:00,6045.7,6074.2,6020.6,6026.1,0.0
2006-04-08 00:00:00,6026.1,6026.1,6026.1,6026.1,0.0
2006-04-09 00:00:00,6026.1,6026.1,6026.1,6026.1,0.0
2006-04-10 00:00:00,6026.7,6067.0,6024.3,6067.0,0.0
2006-04-11 00:00:00,6072.2,6092.5,6012.9,6016.5,0.0
2006-04-12 00:00:00,6014.2,6020.0,5974.5,6000.8,0.0
2006-04-13 00:00:00,6000.8,6033.7,5987.2,6029.4,0.0
2006-04-14 00:00:00,6029.4,6029.4,6029.4,6029.4,0.0
2006-04-15 00:00:00,6029.4,6029.4,6029.4,6029.4,0.0
2006-04-16 00:00:00,6029.4,6029.4,6029.4,6029.4,0.0
2006-04-17 00:00:00,6029.4,6029.4,6029.4,6029.4,0.0
2006-04-18 00:00:00,6029.4,6056.1,6026.1,6044.1,0.0
2006-04-19 00:00:00,6055.7,6100.6,6055.7,6089.8,0.0
2006-04-20 00:00:00,6088.1,6113.4,6074.2,6081.4,0.0
2006-04-21 00:00:00,6077.9,6137.1,6077.9,6132.7,0.0
2006-04-22 00:00:00,6132.7,6132.7,6132.7,6132.7,0.0
2006-04-23 00:00:00,6132.7,6132.7,6132.7,6132.7,0.0
2006-04-24 00:00:00,6132.7,6136.5,6098.7,6098.7,0.0
2006-04-25 00:00:00,6098.7,6128.8,6084.6,6086.6,0.0
2006-04-26 00:00:00,6091.7,6126.5,6091.7,6104.3,0.0
2006-04-27 00:00:00,6104.3,6104.6,6026.2,6060.0,0.0
2006-04-28 00:00:00,6056.3,6057.7,6023.1,6023.1,0.0
2006-04-29 00:00:00,6023.1,6023.1,6023.1,6023.1,0.0
2006-04-30 00:00:00,6023.1,6023.1,6023.1,6023.1,0.0
2006-05-01 00:00:00,6023.1,6023.1,6023.1,6023.1,0.0
2006-05-02 00:00:00,6023.0,6090.7,6022.3,6082.1,0.0
2006-05-03 00:00:00,6085.9,6100.0,6008.7,6010.0,0.0
2006-05-04 00:00:00,6010.0,6045.8,6001.1,6036.9,0.0
2006-05-05 00:00:00,6034.2,6093.1,6033.9,6091.7,0.0
2006-05-06 00:00:00,6091.7,6091.7,6091.7,6091.7,0.0
2006-05-07 00:00:00,6091.7,6091.7,6091.7,6091.7,0.0
2006-05-08 00:00:00,6104.8,6133.5,6058.8,6067.1,0.0
2006-05-09 00:00:00,6067.1,6109.7,6054.6,6105.6,0.0
2006-05-10 00:00:00,6102.8,6110.0,6079.6,6083.4,0.0
2006-05-11 00:00:00,6084.5,6114.5,6039.9,6042.0,0.0
2006-05-12 00:00:00,6041.1,6041.1,5912.1,5912.1,0.0
2006-05-13 00:00:00,5912.1,5912.1,5912.1,5912.1,0.0
2006-05-14 00:00:00,5912.1,5912.1,5912.1,5912.1,0.0
2006-05-15 00:00:00,5898.7,5898.7,5755.4,5841.3,0.0
2006-05-16 00:00:00,5841.0,5883.2,5807.1,5846.2,0.0
2006-05-17 00:00:00,5844.9,5871.6,5675.5,5675.5,0.0
2006-05-18 00:00:00,5687.7,5719.7,5618.7,5671.6,0.0
2006-05-19 00:00:00,5671.6,5715.0,5645.4,5657.4,0.0
2006-05-20 00:00:00,5657.4,5657.4,5657.4,5657.4,0.0
2006-05-21 00:00:00,5657.4,5657.4,5657.4,5657.4,0.0
2006-05-22 00:00:00,5657.4,5657.4,5510.5,5532.7,0.0
2006-05-23 00:00:00,5532.7,5705.9,5532.7,5678.7,0.0
2006-05-24 00:00:00,5678.7,5678.7,5563.5,5587.1,0.0
2006-05-25 00:00:00,5591.1,5677.7,5562.0,5677.7,0.0
2006-05-26 00:00:00,5677.7,5791.0,5677.7,5791.0,0.0
2006-05-27 00:00:00,5791.0,5791.0,5791.0,5791.0,0.0
2006-05-28 00:00:00,5791.0,5791.0,5791.0,5791.0,0.0
2006-05-29 00:00:00,5791.0,5791.0,5791.0,5791.0,0.0
2006-05-30 00:00:00,5790.8,5793.6,5643.3,5652.0,0.0
2006-05-31 00:00:00,5631.8,5743.8,5591.5,5723.8,0.0
2006-06-01 00:00:00,5722.4,5754.8,5680.6,5749.7,0.0
2006-06-02 00:00:00,5757.1,5802.9,5745.7,5764.6,0.0
2006-06-03 00:00:00,5764.6,5764.6,5764.6,5764.6,0.0
2006-06-04 00:00:00,5764.6,5764.6,5764.6,5764.6,0.0
2006-06-05 00:00:00,5774.5,5789.8,5738.9,5762.1,0.0
2006-06-06 00:00:00,5759.2,5759.2,5656.6,5669.8,0.0
2006-06-07 00:00:00,5671.6,5720.6,5638.5,5706.3,0.0
2006-06-08 00:00:00,5674.2,5674.2,5562.9,5562.9,0.0
2006-06-09 00:00:00,5570.9,5673.6,5570.9,5655.2,0.0
2006-06-10 00:00:00,5655.2,5655.2,5655.2,5655.2,0.0
2006-06-11 00:00:00,5655.2,5655.2,5655.2,5655.2,0.0
2006-06-12 00:00:00,5654.2,5666.3,5612.3,5620.9,0.0
2006-06-13 00:00:00,5610.8,5610.8,5467.4,5519.6,0.0
2006-06-14 00:00:00,5518.2,5544.4,5475.6,5506.8,0.0
2006-06-15 00:00:00,5506.8,5636.8,5506.8,5619.3,0.0
2006-06-16 00:00:00,5619.3,5701.5,5594.3,5597.4,0.0
2006-06-17 00:00:00,5597.4,5597.4,5597.4,5597.4,0.0
2006-06-18 00:00:00,5597.4,5597.4,5597.4,5597.4,0.0
2006-06-19 00:00:00,5615.2,5665.7,5615.2,5626.1,0.0
2006-06-20 00:00:00,5616.2,5658.2,5585.0,5658.2,0.0
2006-06-21 00:00:00,5659.1,5673.5,5610.8,5665.0,0.0
2006-06-22 00:00:00,5670.1,5736.8,5657.2,5684.1,0.0
2006-06-23 00:00:00,5683.7,5716.7,5667.8,5692.1,0.0
2006-06-24 00:00:00,5692.1,5692.1,5692.1,5692.1,0.0
2006-06-25 00:00:00,5692.1,5692.1,5692.1,5692.1,0.0
2006-06-26 00:00:00,5692.4,5716.5,5677.5,5681.2,0.0
2006-06-27 00:00:00,5698.7,5729.8,5650.0,5652.3,0.0
2006-06-28 00:00:00,5648.2,5702.9,5633.8,5678.6,0.0
2006-06-29 00:00:00,5682.3,5791.7,5682.3,5791.5,0.0
2006-06-30 00:00:00,5817.0,5865.7,5817.0,5833.4,0.0
2006-07-01 00:00:00,5833.4,5833.4,5833.4,5833.4,0.0
2006-07-02 00:00:00,5833.4,5833.4,5833.4,5833.4,0.0
2006-07-03 00:00:00,5833.4,5884.4,5833.4,5884.4,0.0
2006-07-04 00:00:00,5884.5,5884.5,5848.3,5883.5,0.0
2006-07-05 00:00:00,5883.5,5883.5,5815.7,5826.7,0.0
2006-07-06 00:00:00,5830.1,5897.1,5830.1,5890.0,0.0
2006-07-07 00:00:00,5888.1,5908.5,5858.4,5888.9,0.0
2006-07-08 00:00:00,5888.9,5888.9,5888.9,5888.9,0.0
2006-07-09 00:00:00,5888.9,5888.9,5888.9,5888.9,0.0
2006-07-10 00:00:00,5891.8,5901.0,5856.5,5896.9,0.0
2006-07-11 00:00:00,5896.9,5896.9,5844.0,5857.3,0.0
2006-07-12 00:00:00,5861.7,5899.3,5842.7,5860.6,0.0
2006-07-13 00:00:00,5860.6,5860.6,5751.9,5765.0,0.0
2006-07-14 00:00:00,5757.9,5763.4,5707.6,5707.6,0.0
2006-07-15 00:00:00,5707.6,5707.6,5707.6,5707.6,0.0
2006-07-16 00:00:00,5707.6,5707.6,5707.6,5707.6,0.0
2006-07-17 00:00:00,5708.1,5721.1,5654.6,5701.0,0.0
2006-07-18 00:00:00,5700.0,5712.6,5658.3,5681.7,0.0
2006-07-19 00:00:00,5683.8,5785.3,5680.8,5778.0,0.0
2006-07-20 00:00:00,5790.9,5819.7,5756.4,5770.9,0.0
2006-07-21 00:00:00,5764.4,5764.4,5700.7,5719.7,0.0
2006-07-22 00:00:00,5719.7,5719.7,5719.7,5719.7,0.0
2006-07-23 00:00:00,5719.7,5719.7,5719.7,5719.7,0.0
2006-07-24 00:00:00,5719.7,5835.2,5719.7,5833.9,0.0
2006-07-25 00:00:00,5833.9,5872.8,5825.8,5851.2,0.0
2006-07-26 00:00:00,5851.7,5878.7,5851.7,5877.1,0.0
2006-07-27 00:00:00,5907.2,5936.8,5899.3,5929.5,0.0
2006-07-28 00:00:00,5924.9,5982.5,5904.7,5974.9,0.0
2006-07-29 00:00:00,5974.9,5974.9,5974.9,5974.9,0.0
2006-07-30 00:00:00,5974.9,5974.9,5974.9,5974.9,0.0
2006-07-31 00:00:00,5974.9,5977.2,5928.3,5928.3,0.0
2006-08-01 00:00:00,5928.8,5949.8,5867.4,5880.8,0.0
2006-08-02 00:00:00,5880.8,5932.1,5880.8,5932.1,0.0
2006-08-03 00:00:00,5928.6,5940.7,5827.1,5838.4,0.0
2006-08-04 00:00:00,5838.4,5893.3,5836.5,5889.4,0.0
2006-08-05 00:00:00,5889.4,5889.4,5889.4,5889.4,0.0
2006-08-06 00:00:00,5889.4,5889.4,5889.4,5889.4,0.0
2006-08-07 00:00:00,5889.4,5889.4,5820.9,5828.8,0.0
2006-08-08 00:00:00,5832.1,5866.6,5818.1,5818.1,0.0
2006-08-09 00:00:00,5817.0,5865.9,5778.2,5860.5,0.0
2006-08-10 00:00:00,5856.7,5856.7,5752.6,5823.4,0.0
2006-08-11 00:00:00,5823.4,5848.2,5797.0,5820.1,0.0
2006-08-12 00:00:00,5820.1,5820.1,5820.1,5820.1,0.0
2006-08-13 00:00:00,5820.1,5820.1,5820.1,5820.1,0.0
2006-08-14 00:00:00,5824.9,5870.9,5824.9,5870.9,0.0
2006-08-15 00:00:00,5866.4,5903.2,5845.0,5897.9,0.0
2006-08-16 00:00:00,5897.9,5902.8,5848.7,5896.6,0.0
2006-08-17 00:00:00,5896.8,5915.0,5888.8,5900.4,0.0
2006-08-18 00:00:00,5900.4,5932.5,5900.2,5903.4,0.0
2006-08-19 00:00:00,5903.4,5903.4,5903.4,5903.4,0.0
2006-08-20 00:00:00,5903.4,5903.4,5903.4,5903.4,0.0
2006-08-21 00:00:00,5909.2,5936.6,5883.8,5915.2,0.0
2006-08-22 00:00:00,5915.4,5939.2,5878.4,5902.6,0.0
2006-08-23 00:00:00,5902.6,5906.3,5853.8,5860.0,0.0
2006-08-24 00:00:00,5865.4,5892.3,5832.5,5869.1,0.0
2006-08-25 00:00:00,5869.0,5893.6,5858.6,5878.6,0.0
2006-08-26 00:00:00,5878.6,5878.6,5878.6,5878.6,0.0
2006-08-27 00:00:00,5878.6,5878.6,5878.6,5878.6,0.0
2006-08-28 00:00:00,5878.6,5878.6,5878.6,5878.6,0.0
2006-08-29 00:00:00,5895.1,5921.3,5884.7,5888.3,0.0
2006-08-30 00:00:00,5888.2,5945.3,5888.2,5929.3,0.0
2006-08-31 00:00:00,5929.3,5937.0,5895.0,5906.1,0.0
2006-09-01 00:00:00,5908.4,5967.7,5908.4,5949.1,0.0
2006-09-02 00:00:00,5949.1,5949.1,5949.1,5949.1,0.0
2006-09-03 00:00:00,5949.1,5949.1,5949.1,5949.1,0.0
2006-09-04 00:00:00,5949.7,5986.6,5947.7,5986.6,0.0
2006-09-05 00:00:00,5986.4,5991.2,5956.3,5981.7,0.0
2006-09-06 00:00:00,5972.2,5975.6,5926.2,5929.3,0.0
2006-09-07 00:00:00,5927.2,5927.2,5853.3,5858.1,0.0
2006-09-08 00:00:00,5866.1,5899.0,5866.1,5879.3,0.0
2006-09-09 00:00:00,5879.3,5879.3,5879.3,5879.3,0.0
2006-09-10 00:00:00,5879.3,5879.3,5879.3,5879.3,0.0
2006-09-11 00:00:00,5865.5,5865.5,5820.0,5850.8,0.0
2006-09-12 00:00:00,5851.6,5896.9,5824.2,5895.5,0.0
2006-09-13 00:00:00,5898.5,5913.4,5874.5,5892.2,0.0
2006-09-14 00:00:00,5892.2,5943.7,5869.0,5877.2,0.0
2006-09-15 00:00:00,5877.2,5899.2,5864.8,5877.0,0.0
2006-09-16 00:00:00,5877.0,5877.0,5877.0,5877.0,0.0
2006-09-17 00:00:00,5877.0,5877.0,5877.0,5877.0,0.0
2006-09-18 00:00:00,5877.0,5911.9,5870.4,5890.2,0.0
2006-09-19 00:00:00,5892.2,5897.4,5831.8,5831.8,0.0
2006-09-20 00:00:00,5832.7,5880.8,5820.9,5866.2,0.0
2006-09-21 00:00:00,5869.4,5898.1,5848.5,5896.7,0.0
2006-09-22 00:00:00,5883.8,5883.8,5820.4,5822.3,0.0
2006-09-23 00:00:00,5822.3,5822.3,5822.3,5822.3,0.0
2006-09-24 00:00:00,5822.3,5822.3,5822.3,5822.3,0.0
2006-09-25 00:00:00,5829.9,5847.0,5774.5,5798.3,0.0
2006-09-26 00:00:00,5813.2,5879.2,5813.2,5873.6,0.0
2006-09-27 00:00:00,5872.8,5942.2,5872.8,5930.1,0.0
2006-09-28 00:00:00,5933.9,5978.8,5933.1,5971.3,0.0
2006-09-29 00:00:00,5977.0,6002.9,5950.1,5960.8,0.0
2006-09-30 00:00:00,5960.8,5960.8,5960.8,5960.8,0.0
2006-10-01 00:00:00,5960.8,5960.8,5960.8,5960.8,0.0
2006-10-02 00:00:00,5966.3,5985.5,5950.9,5957.8,0.0
2006-10-03 00:00:00,5955.6,5955.6,5897.3,5937.1,0.0
2006-10-04 00:00:00,5937.7,5969.1,5921.5,5966.5,0.0
2006-10-05 00:00:00,5988.4,6016.7,5982.8,6004.5,0.0
2006-10-06 00:00:00,6004.5,6014.3,5978.1,6001.2,0.0
2006-10-07 00:00:00,6001.2,6001.2,6001.2,6001.2,0.0
2006-10-08 00:00:00,6001.2,6001.2,6001.2,6001.2,0.0
2006-10-09 00:00:00,5997.8,6044.5,5994.8,6030.9,0.0
2006-10-10 00:00:00,6037.7,6076.3,6030.2,6072.7,0.0
2006-10-11 00:00:00,6072.6,6081.9,6044.7,6073.5,0.0
2006-10-12 00:00:00,6073.5,6121.7,6069.0,6121.3,0.0
2006-10-13 00:00:00,6121.5,6170.5,6105.3,6157.3,0.0
2006-10-14 00:00:00,6157.3,6157.3,6157.3,6157.3,0.0
2006-10-15 00:00:00,6157.3,6157.3,6157.3,6157.3,0.0
2006-10-16 00:00:00,6158.1,6184.3,6149.3,6172.4,0.0
2006-10-17 00:00:00,6172.4,6174.7,6105.8,6108.6,0.0
2006-10-18 00:00:00,6108.6,6166.8,6108.6,6150.4,0.0
2006-10-19 00:00:00,6148.9,6183.5,6113.1,6156.0,0.0
2006-10-20 00:00:00,6156.0,6199.8,6134.3,6155.2,0.0
2006-10-21 00:00:00,6155.2,6155.2,6155.2,6155.2,0.0
2006-10-22 00:00:00,6155.2,6155.2,6155.2,6155.2,0.0
2006-10-23 00:00:00,6155.2,6181.1,6129.1,6166.1,0.0
2006-10-24 00:00:00,6166.4,6186.9,6161.3,6182.5,0.0
2006-10-25 00:00:00,6187.0,6216.1,6178.8,6214.6,0.0
2006-10-26 00:00:00,6216.7,6244.6,6179.7,6184.8,0.0
2006-10-27 00:00:00,6193.3,6206.0,6132.7,6160.9,0.0
2006-10-28 00:00:00,6160.9,6160.9,6160.9,6160.9,0.0
2006-10-29 00:00:00,6160.9,6160.9,6160.9,6160.9,0.0
2006-10-30 00:00:00,6160.8,6160.8,6112.9,6126.8,0.0
2006-10-31 00:00:00,6126.6,6149.9,6110.9,6129.2,0.0
2006-11-01 00:00:00,6132.3,6180.7,6131.9,6149.6,0.0
2006-11-02 00:00:00,6147.1,6172.0,6112.9,6149.3,0.0
2006-11-03 00:00:00,6149.3,6177.3,6134.0,6148.1,0.0
2006-11-04 00:00:00,6148.1,6148.1,6148.1,6148.1,0.0
2006-11-05 00:00:00,6148.1,6148.1,6148.1,6148.1,0.0
2006-11-06 00:00:00,6146.5,6224.5,6146.5,6224.5,0.0
2006-11-07 00:00:00,6223.4,6244.5,6219.7,6244.0,0.0
2006-11-08 00:00:00,6232.3,6243.1,6205.7,6239.0,0.0
2006-11-09 00:00:00,6240.5,6250.4,6205.1,6231.5,0.0
2006-11-10 00:00:00,6222.5,6233.1,6198.6,6208.4,0.0
2006-11-11 00:00:00,6208.4,6208.4,6208.4,6208.4,0.0
2006-11-12 00:00:00,6208.4,6208.4,6208.4,6208.4,0.0
2006-11-13 00:00:00,6208.4,6239.8,6171.9,6194.2,0.0
2006-11-14 00:00:00,6194.9,6223.9,6167.3,6186.6,0.0
2006-11-15 00:00:00,6186.9,6229.8,6186.9,6229.8,0.0
2006-11-16 00:00:00,6227.9,6256.8,6212.1,6254.9,0.0
2006-11-17 00:00:00,6249.1,6249.1,6178.9,6192.0,0.0
2006-11-18 00:00:00,6192.0,6192.0,6192.0,6192.0,0.0
2006-11-19 00:00:00,6192.0,6192.0,6192.0,6192.0,0.0
2006-11-20 00:00:00,6192.0,6218.9,6148.3,6204.5,0.0
2006-11-21 00:00:00,6205.7,6228.4,6199.7,6202.6,0.0
2006-11-22 00:00:00,6210.2,6233.1,6146.3,6160.3,0.0
2006-11-23 00:00:00,6164.0,6181.7,6115.1,6140.0,0.0
2006-11-24 00:00:00,6135.0,6136.8,6068.1,6122.1,0.0
2006-11-25 00:00:00,6122.1,6122.1,6122.1,6122.1,0.0
2006-11-26 00:00:00,6122.1,6122.1,6122.1,6122.1,0.0
2006-11-27 00:00:00,6121.1,6129.5,6050.1,6050.1,0.0
2006-11-28 00:00:00,6040.6,6062.8,6011.8,6025.9,0.0
2006-11-29 00:00:00,6059.2,6098.6,6046.7,6084.4,0.0
2006-11-30 00:00:00,6090.1,6108.9,6043.9,6048.8,0.0
2006-12-01 00:00:00,6052.1,6087.4,5985.2,6021.5,0.0
2006-12-02 00:00:00,6021.5,6021.5,6021.5,6021.5,0.0
2006-12-03 00:00:00,6021.5,6021.5,6021.5,6021.5,0.0
2006-12-04 00:00:00,6035.1,6058.1,6019.4,6050.4,0.0
2006-12-05 00:00:00,6052.2,6097.4,6047.1,6086.4,0.0
2006-12-06 00:00:00,6085.8,6105.7,6068.1,6090.3,0.0
2006-12-07 00:00:00,6087.7,6145.3,6082.8,6131.5,0.0
2006-12-08 00:00:00,6121.6,6157.1,6106.6,6152.4,0.0
2006-12-09 00:00:00,6152.4,6152.4,6152.4,6152.4,0.0
2006-12-10 00:00:00,6152.4,6152.4,6152.4,6152.4,0.0
2006-12-11 00:00:00,6161.9,6187.0,6147.1,6159.8,0.0
2006-12-12 00:00:00,6153.2,6164.8,6137.8,6156.4,0.0
2006-12-13 00:00:00,6151.6,6196.6,6149.4,6192.5,0.0
2006-12-14 00:00:00,6202.8,6230.6,6200.4,6228.0,0.0
2006-12-15 00:00:00,6232.7,6271.4,6229.3,6260.0,0.0
2006-12-16 00:00:00,6260.0,6260.0,6260.0,6260.0,0.0
2006-12-17 00:00:00,6260.0,6260.0,6260.0,6260.0,0.0
2006-12-18 00:00:00,6260.0,6269.1,6240.1,6247.4,0.0
2006-12-19 00:00:00,6238.7,6238.7,6192.0,6203.9,0.0
2006-12-20 00:00:00,6224.7,6240.1,6197.9,6198.6,0.0
2006-12-21 00:00:00,6198.6,6203.5,6171.2,6183.7,0.0
2006-12-22 00:00:00,6183.7,6191.1,6175.5,6190.0,0.0
2006-12-23 00:00:00,6190.0,6190.0,6190.0,6190.0,0.0
2006-12-24 00:00:00,6190.0,6190.0,6190.0,6190.0,0.0
2006-12-25 00:00:00,6190.0,6190.0,6190.0,6190.0,0.0
2006-12-26 00:00:00,6190.0,6190.0,6190.0,6190.0,0.0
2006-12-27 00:00:00,6198.0,6248.1,6198.0,6245.2,0.0
2006-12-28 00:00:00,6248.7,6258.7,6232.3,6240.9,0.0
2006-12-29 00:00:00,6241.7,6245.2,6207.6,6220.8,0.0
2006-12-30 00:00:00,6220.8,6220.8,6220.8,6220.8,0.0
2006-12-31 00:00:00,6220.8,6220.8,6220.8,6220.8,0.0
2007-01-01 00:00:00,6220.8,6220.8,6220.8,6220.8,0.0
2007-01-02 00:00:00,6228.5,6312.5,6228.5,6310.9,0.0
2007-01-03 00:00:00,6310.9,6322.0,6296.0,6319.0,0.0
2007-01-04 00:00:00,6319.0,6319.0,6261.0,6287.0,0.0
2007-01-05 00:00:00,6284.7,6284.7,6220.1,6220.1,0.0
2007-01-06 00:00:00,6220.1,6220.1,6220.1,6220.1,0.0
2007-01-07 00:00:00,6220.1,6220.1,6220.1,6220.1,0.0
2007-01-08 00:00:00,6224.0,6246.0,6187.0,6194.2,0.0
2007-01-09 00:00:00,6194.2,6218.5,6190.4,6196.1,0.0
2007-01-10 00:00:00,6190.2,6190.2,6142.0,6161.0,0.0
2007-01-11 00:00:00,6162.4,6233.1,6130.2,6230.1,0.0
2007-01-12 00:00:00,6227.4,6247.6,6204.3,6239.0,0.0
2007-01-13 00:00:00,6239.0,6239.0,6239.0,6239.0,0.0
2007-01-14 00:00:00,6239.0,6239.0,6239.0,6239.0,0.0
2007-01-15 00:00:00,6241.6,6279.7,6241.6,6263.5,0.0
2007-01-16 00:00:00,6262.7,6266.4,6206.4,6215.7,0.0
2007-01-17 00:00:00,6214.6,6227.0,6163.5,6204.5,0.0
2007-01-18 00:00:00,6204.5,6257.2,6204.5,6210.3,0.0
2007-01-19 00:00:00,6210.3,6243.3,6178.0,6237.2,0.0
2007-01-20 00:00:00,6237.2,6237.2,6237.2,6237.2,0.0
2007-01-21 00:00:00,6237.2,6237.2,6237.2,6237.2,0.0
2007-01-22 00:00:00,6237.4,6270.9,6215.8,6218.4,0.0
2007-01-23 00:00:00,6221.2,6240.7,6189.2,6227.6,0.0
2007-01-24 00:00:00,6233.1,6320.9,6233.1,6314.8,0.0
2007-01-25 00:00:00,6319.3,6335.1,6262.1,6269.3,0.0
2007-01-26 00:00:00,6269.3,6271.4,6226.4,6228.0,0.0
2007-01-27 00:00:00,6228.0,6228.0,6228.0,6228.0,0.0
2007-01-28 00:00:00,6228.0,6228.0,6228.0,6228.0,0.0
2007-01-29 00:00:00,6228.4,6253.7,6216.0,6239.9,0.0
2007-01-30 00:00:00,6237.8,6250.1,6212.5,6242.0,0.0
2007-01-31 00:00:00,6242.6,6257.3,6197.5,6203.1,0.0
2007-02-01 00:00:00,6206.0,6300.3,6206.0,6282.2,0.0
2007-02-02 00:00:00,6282.8,6329.0,6282.8,6310.9,0.0
2007-02-03 00:00:00,6310.9,6310.9,6310.9,6310.9,0.0
2007-02-04 00:00:00,6310.9,6310.9,6310.9,6310.9,0.0
2007-02-05 00:00:00,6306.4,6328.9,6294.7,6317.9,0.0
2007-02-06 00:00:00,6319.4,6369.7,6319.4,6346.3,0.0
2007-02-07 00:00:00,6346.3,6379.8,6338.2,6369.5,0.0
2007-02-08 00:00:00,6372.2,6375.0,6330.1,6346.4,0.0
2007-02-09 00:00:00,6346.4,6395.4,6346.4,6382.8,0.0
2007-02-10 00:00:00,6382.8,6382.8,6382.8,6382.8,0.0
2007-02-11 00:00:00,6382.8,6382.8,6382.8,6382.8,0.0
2007-02-12 00:00:00,6383.1,6383.1,6344.7,6353.5,0.0
2007-02-13 00:00:00,6353.5,6381.8,6353.5,6381.8,0.0
2007-02-14 00:00:00,6384.7,6421.2,6378.6,6421.2,0.0
2007-02-15 00:00:00,6421.2,6435.3,6397.2,6433.3,0.0
2007-02-16 00:00:00,6430.4,6439.2,6407.3,6419.5,0.0
2007-02-17 00:00:00,6419.5,6419.5,6419.5,6419.5,0.0
2007-02-18 00:00:00,6419.5,6419.5,6419.5,6419.5,0.0
2007-02-19 00:00:00,6419.5,6451.4,6419.5,6444.4,0.0
2007-02-20 00:00:00,6445.2,6448.1,6392.4,6412.3,0.0
2007-02-21 00:00:00,6419.4,6430.4,6352.1,6357.1,0.0
2007-02-22 00:00:00,6371.6,6416.0,6371.6,6380.9,0.0
2007-02-23 00:00:00,6387.2,6401.5,6357.1,6401.5,0.0
2007-02-24 00:00:00,6401.5,6401.5,6401.5,6401.5,0.0
2007-02-25 00:00:00,6401.5,6401.5,6401.5,6401.5,0.0
2007-02-26 00:00:00,6405.4,6446.8,6405.4,6434.7,0.0
2007-02-27 00:00:00,6431.1,6431.1,6270.5,6286.1,0.0
2007-02-28 00:00:00,6252.6,6252.6,6166.2,6171.5,0.0
2007-03-01 00:00:00,6171.5,6230.7,6038.9,6116.0,0.0
2007-03-02 00:00:00,6123.6,6164.4,6085.6,6116.2,0.0
2007-03-03 00:00:00,6116.2,6116.2,6116.2,6116.2,0.0
2007-03-04 00:00:00,6116.2,6116.2,6116.2,6116.2,0.0
2007-03-05 00:00:00,6099.2,6099.2,5989.6,6058.7,0.0
2007-03-06 00:00:00,6071.8,6138.5,6070.2,6138.5,0.0
2007-03-07 00:00:00,6129.7,6167.6,6106.1,6156.5,0.0
2007-03-08 00:00:00,6159.6,6233.1,6159.6,6227.7,0.0
2007-03-09 00:00:00,6227.7,6255.8,6190.3,6245.2,0.0
2007-03-10 00:00:00,6245.2,6245.2,6245.2,6245.2,0.0
2007-03-11 00:00:00,6245.2,6245.2,6245.2,6245.2,0.0
2007-03-12 00:00:00,6249.8,6276.3,6219.3,6233.3,0.0
2007-03-13 00:00:00,6232.6,6240.7,6161.2,6161.2,0.0
2007-03-14 00:00:00,6153.7,6153.7,6000.7,6000.7,0.0
2007-03-15 00:00:00,6002.1,6133.2,6002.1,6133.2,0.0
2007-03-16 00:00:00,6127.8,6142.2,6094.7,6130.6,0.0
2007-03-17 00:00:00,6130.6,6130.6,6130.6,6130.6,0.0
2007-03-18 00:00:00,6130.6,6130.6,6130.6,6130.6,0.0
2007-03-19 00:00:00,6150.4,6200.6,6141.6,6189.4,0.0
2007-03-20 00:00:00,6189.4,6220.3,6159.4,6220.3,0.0
2007-03-21 00:00:00,6211.7,6287.5,6207.7,6256.8,0.0
2007-03-22 00:00:00,6265.7,6342.1,6265.7,6318.0,0.0
2007-03-23 00:00:00,6317.0,6350.4,6296.6,6339.4,0.0
2007-03-24 00:00:00,6339.4,6339.4,6339.4,6339.4,0.0
2007-03-25 00:00:00,6339.4,6339.4,6339.4,6339.4,0.0
2007-03-26 00:00:00,6340.1,6355.3,6274.1,6291.9,0.0
2007-03-27 00:00:00,6292.4,6337.7,6276.8,6292.6,0.0
2007-03-28 00:00:00,6284.3,6304.9,6250.1,6267.2,0.0
2007-03-29 00:00:00,6267.2,6334.7,6267.2,6324.2,0.0
2007-03-30 00:00:00,6324.2,6330.0,6291.1,6308.0,0.0
2007-03-31 00:00:00,6308.0,6308.0,6308.0,6308.0,0.0
2007-04-01 00:00:00,6308.0,6308.0,6308.0,6308.0,0.0
2007-04-02 00:00:00,6308.0,6342.2,6293.9,6315.5,0.0
2007-04-03 00:00:00,6318.8,6366.1,6318.8,6366.1,0.0
2007-04-04 00:00:00,6375.9,6380.5,6345.9,6364.7,0.0
2007-04-05 00:00:00,6366.1,6398.7,6350.3,6397.3,0.0
2007-04-06 00:00:00,6397.3,6397.3,6397.3,6397.3,0.0
2007-04-07 00:00:00,6397.3,6397.3,6397.3,6397.3,0.0
2007-04-08 00:00:00,6397.3,6397.3,6397.3,6397.3,0.0
2007-04-09 00:00:00,6397.3,6397.3,6397.3,6397.3,0.0
2007-04-10 00:00:00,6409.4,6431.7,6394.3,6417.8,0.0
2007-04-11 00:00:00,6419.0,6445.9,6401.9,6413.3,0.0
2007-04-12 00:00:00,6413.3,6419.6,6376.4,6416.4,0.0
2007-04-13 00:00:00,6416.7,6462.4,6416.7,6462.4,0.0
2007-04-14 00:00:00,6462.4,6462.4,6462.4,6462.4,0.0
2007-04-15 00:00:00,6462.4,6462.4,6462.4,6462.4,0.0
2007-04-16 00:00:00,6466.6,6516.2,6466.6,6516.2,0.0
2007-04-17 00:00:00,6513.8,6513.8,6456.4,6497.8,0.0
2007-04-18 00:00:00,6494.2,6494.5,6440.8,6449.4,0.0
2007-04-19 00:00:00,6444.7,6451.8,6386.2,6440.6,0.0
2007-04-20 00:00:00,6453.4,6508.9,6453.4,6486.8,0.0
2007-04-21 00:00:00,6486.8,6486.8,6486.8,6486.8,0.0
2007-04-22 00:00:00,6486.8,6486.8,6486.8,6486.8,0.0
2007-04-23 00:00:00,6486.8,6504.5,6466.1,6479.7,0.0
2007-04-24 00:00:00,6484.0,6493.1,6408.4,6429.5,0.0
2007-04-25 00:00:00,6431.6,6479.0,6431.6,6461.9,0.0
2007-04-26 00:00:00,6468.1,6511.1,6443.7,6469.4,0.0
2007-04-27 00:00:00,6468.9,6468.9,6410.6,6418.7,0.0
2007-04-28 00:00:00,6418.7,6418.7,6418.7,6418.7,0.0
2007-04-29 00:00:00,6418.7,6418.7,6418.7,6418.7,0.0
2007-04-30 00:00:00,6417.0,6474.7,6410.5,6449.2,0.0
2007-05-01 00:00:00,6449.2,6449.2,6395.5,6419.6,0.0
2007-05-02 00:00:00,6422.1,6489.0,6422.1,6484.5,0.0
2007-05-03 00:00:00,6484.7,6542.5,6484.7,6537.8,0.0
2007-05-04 00:00:00,6541.1,6614.7,6541.1,6603.7,0.0
2007-05-05 00:00:00,6603.7,6603.7,6603.7,6603.7,0.0
2007-05-06 00:00:00,6603.7,6603.7,6603.7,6603.7,0.0
2007-05-07 00:00:00,6603.7,6603.7,6603.7,6603.7,0.0
2007-05-08 00:00:00,6603.7,6603.7,6537.5,6550.4,0.0
2007-05-09 00:00:00,6550.8,6592.4,6529.0,6549.6,0.0
2007-05-10 00:00:00,6549.6,6565.1,6515.0,6524.1,0.0
2007-05-11 00:00:00,6524.1,6577.0,6451.9,6565.7,0.0
2007-05-12 00:00:00,6565.7,6565.7,6565.7,6565.7,0.0
2007-05-13 00:00:00,6565.7,6565.7,6565.7,6565.7,0.0
2007-05-14 00:00:00,6567.8,6596.3,6530.3,6555.5,0.0
2007-05-15 00:00:00,6555.5,6579.0,6532.9,6568.6,0.0
2007-05-16 00:00:00,6567.0,6578.6,6539.4,6559.5,0.0
2007-05-17 00:00:00,6561.0,6588.7,6553.6,6579.3,0.0
2007-05-18 00:00:00,6579.1,6656.3,6579.1,6640.9,0.0
2007-05-19 00:00:00,6640.9,6640.9,6640.9,6640.9,0.0
2007-05-20 00:00:00,6640.9,6640.9,6640.9,6640.9,0.0
2007-05-21 00:00:00,6649.4,6675.0,6619.4,6636.8,0.0
2007-05-22 00:00:00,6636.8,6641.9,6594.6,6606.6,0.0
2007-05-23 00:00:00,6604.8,6643.8,6602.5,6616.4,0.0
2007-05-24 00:00:00,6603.4,6619.5,6560.5,6565.4,0.0
2007-05-25 00:00:00,6560.5,6575.2,6532.5,6570.5,0.0
2007-05-26 00:00:00,6570.5,6570.5,6570.5,6570.5,0.0
2007-05-27 00:00:00,6570.5,6570.5,6570.5,6570.5,0.0
2007-05-28 00:00:00,6570.5,6570.5,6570.5,6570.5,0.0
2007-05-29 00:00:00,6570.8,6613.4,6570.8,6606.5,0.0
2007-05-30 00:00:00,6584.2,6605.3,6533.5,6602.1,0.0
2007-05-31 00:00:00,6609.8,6650.2,6608.2,6621.4,0.0
2007-06-01 00:00:00,6622.3,6676.7,6621.3,6676.7,0.0
2007-06-02 00:00:00,6676.7,6676.7,6676.7,6676.7,0.0
2007-06-03 00:00:00,6676.7,6676.7,6676.7,6676.7,0.0
2007-06-04 00:00:00,6676.1,6686.1,6641.2,6664.1,0.0
2007-06-05 00:00:00,6665.2,6686.6,6625.7,6632.8,0.0
2007-06-06 00:00:00,6633.2,6636.9,6511.7,6522.7,0.0
2007-06-07 00:00:00,6559.2,6574.9,6478.0,6505.1,0.0
2007-06-08 00:00:00,6497.5,6519.4,6451.4,6505.1,0.0
2007-06-09 00:00:00,6505.1,6505.1,6505.1,6505.1,0.0
2007-06-10 00:00:00,6505.1,6505.1,6505.1,6505.1,0.0
2007-06-11 00:00:00,6505.1,6567.5,6505.1,6567.5,0.0
2007-06-12 00:00:00,6560.7,6586.6,6513.7,6520.4,0.0
2007-06-13 00:00:00,6517.6,6567.3,6483.6,6559.6,0.0
2007-06-14 00:00:00,6559.6,6654.3,6559.6,6649.9,0.0
2007-06-15 00:00:00,6652.2,6734.2,6652.2,6732.4,0.0
2007-06-16 00:00:00,6732.4,6732.4,6732.4,6732.4,0.0
2007-06-17 00:00:00,6732.4,6732.4,6732.4,6732.4,0.0
2007-06-18 00:00:00,6746.3,6751.3,6696.8,6703.5,0.0
2007-06-19 00:00:00,6706.5,6721.4,6650.2,6650.2,0.0
2007-06-20 00:00:00,6664.5,6692.6,6647.6,6649.3,0.0
2007-06-21 00:00:00,6641.8,6641.8,6563.9,6596.0,0.0
2007-06-22 00:00:00,6602.5,6612.3,6562.2,6567.4,0.0
2007-06-23 00:00:00,6567.4,6567.4,6567.4,6567.4,0.0
2007-06-24 00:00:00,6567.4,6567.4,6567.4,6567.4,0.0
2007-06-25 00:00:00,6551.4,6591.4,6522.3,6588.4,0.0
2007-06-26 00:00:00,6575.9,6593.5,6539.9,6559.3,0.0
2007-06-27 00:00:00,6535.5,6538.8,6496.4,6527.6,0.0
2007-06-28 00:00:00,6554.7,6575.5,6554.4,6571.3,0.0
2007-06-29 00:00:00,6576.2,6607.9,6519.6,6607.9,0.0
2007-06-30 00:00:00,6607.9,6607.9,6607.9,6607.9,0.0
2007-07-01 00:00:00,6607.9,6607.9,6607.9,6607.9,0.0
2007-07-02 00:00:00,6592.3,6612.8,6570.5,6590.6,0.0
2007-07-03 00:00:00,6610.9,6645.3,6610.9,6639.8,0.0
2007-07-04 00:00:00,6640.4,6682.9,6640.4,6673.1,0.0
2007-07-05 00:00:00,6680.6,6691.8,6625.8,6635.2,0.0
2007-07-06 00:00:00,6642.5,6690.4,6642.3,6690.1,0.0
2007-07-07 00:00:00,6690.1,6690.1,6690.1,6690.1,0.0
2007-07-08 00:00:00,6690.1,6690.1,6690.1,6690.1,0.0
2007-07-09 00:00:00,6699.5,6725.9,6699.1,6712.7,0.0
2007-07-10 00:00:00,6720.2,6734.3,6620.5,6630.9,0.0
2007-07-11 00:00:00,6610.9,6629.6,6574.2,6615.1,0.0
2007-07-12 00:00:00,6626.0,6697.7,6594.7,6697.7,0.0
2007-07-13 00:00:00,6724.3,6754.1,6706.1,6716.7,0.0
2007-07-14 00:00:00,6716.7,6716.7,6716.7,6716.7,0.0
2007-07-15 00:00:00,6716.7,6716.7,6716.7,6716.7,0.0
2007-07-16 00:00:00,6722.3,6735.8,6679.2,6697.7,0.0
2007-07-17 00:00:00,6698.5,6698.5,6628.1,6659.1,0.0
2007-07-18 00:00:00,6640.7,6640.7,6567.1,6567.1,0.0
2007-07-19 00:00:00,6590.2,6658.8,6590.2,6640.2,0.0
2007-07-20 00:00:00,6641.6,6674.3,6580.0,6585.2,0.0
2007-07-21 00:00:00,6585.2,6585.2,6585.2,6585.2,0.0
2007-07-22 00:00:00,6585.2,6585.2,6585.2,6585.2,0.0
2007-07-23 00:00:00,6584.1,6624.4,6583.5,6624.4,0.0
2007-07-24 00:00:00,6617.7,6617.7,6498.7,6498.7,0.0
2007-07-25 00:00:00,6482.0,6533.6,6436.7,6454.3,0.0
2007-07-26 00:00:00,6463.4,6474.7,6251.2,6251.2,0.0
2007-07-27 00:00:00,6233.6,6315.2,6192.3,6215.2,0.0
2007-07-28 00:00:00,6215.2,6215.2,6215.2,6215.2,0.0
2007-07-29 00:00:00,6215.2,6215.2,6215.2,6215.2,0.0
2007-07-30 00:00:00,6223.1,6256.5,6186.2,6206.1,0.0
2007-07-31 00:00:00,6236.7,6361.1,6236.7,6360.1,0.0
2007-08-01 00:00:00,6291.7,6311.4,6187.2,6250.6,0.0
2007-08-02 00:00:00,6271.2,6319.3,6270.4,6300.3,0.0
2007-08-03 00:00:00,6312.3,6333.5,6212.2,6224.3,0.0
2007-08-04 00:00:00,6224.3,6224.3,6224.3,6224.3,0.0
2007-08-05 00:00:00,6224.3,6224.3,6224.3,6224.3,0.0
2007-08-06 00:00:00,6196.6,6245.9,6161.5,6189.1,0.0
2007-08-07 00:00:00,6219.3,6308.8,6219.3,6308.8,0.0
2007-08-08 00:00:00,6335.2,6406.3,6318.6,6393.9,0.0
2007-08-09 00:00:00,6383.5,6383.5,6228.0,6271.2,0.0
2007-08-10 00:00:00,6234.7,6234.7,6038.3,6038.3,0.0
2007-08-11 00:00:00,6038.3,6038.3,6038.3,6038.3,0.0
2007-08-12 00:00:00,6038.3,6038.3,6038.3,6038.3,0.0
2007-08-13 00:00:00,6072.6,6237.8,6072.6,6219.0,0.0
2007-08-14 00:00:00,6204.0,6264.9,6132.2,6143.5,0.0
2007-08-15 00:00:00,6108.5,6124.0,6041.7,6109.3,0.0
2007-08-16 00:00:00,6049.6,6049.6,5858.9,5858.9,0.0
2007-08-17 00:00:00,5866.3,6134.0,5821.7,6064.2,0.0
2007-08-18 00:00:00,6064.2,6064.2,6064.2,6064.2,0.0
2007-08-19 00:00:00,6064.2,6064.2,6064.2,6064.2,0.0
2007-08-20 00:00:00,6067.4,6163.4,6067.4,6078.7,0.0
2007-08-21 00:00:00,6096.6,6118.9,6031.8,6086.1,0.0
2007-08-22 00:00:00,6093.0,6196.6,6093.0,6196.0,0.0
2007-08-23 00:00:00,6226.8,6287.2,6194.4,6196.9,0.0
2007-08-24 00:00:00,6190.4,6232.2,6182.4,6220.1,0.0
2007-08-25 00:00:00,6220.1,6220.1,6220.1,6220.1,0.0
2007-08-26 00:00:00,6220.1,6220.1,6220.1,6220.1,0.0
2007-08-27 00:00:00,6220.1,6220.1,6220.1,6220.1,0.0
2007-08-28 00:00:00,6219.5,6219.5,6083.9,6102.2,0.0
2007-08-29 00:00:00,6092.1,6137.9,6056.5,6132.2,0.0
2007-08-30 00:00:00,6161.8,6220.8,6122.5,6212.0,0.0
2007-08-31 00:00:00,6238.0,6309.5,6217.5,6303.3,0.0
2007-09-01 00:00:00,6303.3,6303.3,6303.3,6303.3,0.0
2007-09-02 00:00:00,6303.3,6303.3,6303.3,6303.3,0.0
2007-09-03 00:00:00,6311.1,6334.4,6303.2,6315.2,0.0
2007-09-04 00:00:00,6312.3,6378.0,6274.9,6376.8,0.0
2007-09-05 00:00:00,6373.1,6390.5,6264.5,6270.7,0.0
2007-09-06 00:00:00,6293.4,6327.3,6217.5,6313.3,0.0
2007-09-07 00:00:00,6306.4,6342.7,6179.1,6191.2,0.0
2007-09-08 00:00:00,6191.2,6191.2,6191.2,6191.2,0.0
2007-09-09 00:00:00,6191.2,6191.2,6191.2,6191.2,0.0
2007-09-10 00:00:00,6200.0,6232.1,6123.1,6134.1,0.0
2007-09-11 00:00:00,6158.3,6280.7,6158.3,6280.7,0.0
2007-09-12 00:00:00,6266.2,6317.1,6232.0,6306.2,0.0
2007-09-13 00:00:00,6302.8,6374.5,6280.2,6363.9,0.0
2007-09-14 00:00:00,6331.4,6331.4,6209.1,6289.3,0.0
2007-09-15 00:00:00,6289.3,6289.3,6289.3,6289.3,0.0
2007-09-16 00:00:00,6289.3,6289.3,6289.3,6289.3,0.0
2007-09-17 00:00:00,6280.6,6280.6,6168.0,6182.8,0.0
2007-09-18 00:00:00,6179.4,6298.5,6158.8,6283.3,0.0
2007-09-19 00:00:00,6351.7,6512.4,6351.7,6460.0,0.0
2007-09-20 00:00:00,6452.9,6452.9,6395.1,6429.0,0.0
2007-09-21 00:00:00,6421.8,6481.6,6409.9,6456.7,0.0
2007-09-22 00:00:00,6456.7,6456.7,6456.7,6456.7,0.0
2007-09-23 00:00:00,6456.7,6456.7,6456.7,6456.7,0.0
2007-09-24 00:00:00,6452.5,6494.2,6437.3,6465.9,0.0
2007-09-25 00:00:00,6456.3,6456.3,6367.0,6396.9,0.0
2007-09-26 00:00:00,6415.7,6484.4,6415.7,6433.0,0.0
2007-09-27 00:00:00,6453.8,6508.0,6453.8,6486.4,0.0
2007-09-28 00:00:00,6485.9,6500.4,6411.8,6466.8,0.0
2007-09-29 00:00:00,6466.8,6466.8,6466.8,6466.8,0.0
2007-09-30 00:00:00,6466.8,6466.8,6466.8,6466.8,0.0
2007-10-01 00:00:00,6449.4,6514.5,6419.2,6506.2,0.0
2007-10-02 00:00:00,6506.2,6567.0,6489.6,6500.4,0.0
2007-10-03 00:00:00,6513.3,6542.8,6495.0,6535.2,0.0
2007-10-04 00:00:00,6526.0,6593.3,6507.2,6547.9,0.0
2007-10-05 00:00:00,6560.6,6605.1,6554.0,6595.8,0.0
2007-10-06 00:00:00,6595.8,6595.8,6595.8,6595.8,0.0
2007-10-07 00:00:00,6595.8,6595.8,6595.8,6595.8,0.0
2007-10-08 00:00:00,6605.6,6605.6,6540.9,6540.9,0.0
2007-10-09 00:00:00,6540.2,6625.3,6527.5,6615.4,0.0
2007-10-10 00:00:00,6618.5,6633.0,6587.7,6633.0,0.0
2007-10-11 00:00:00,6638.5,6730.1,6638.5,6724.5,0.0
2007-10-12 00:00:00,6704.5,6730.7,6660.0,6730.7,0.0
2007-10-13 00:00:00,6730.7,6730.7,6730.7,6730.7,0.0
2007-10-14 00:00:00,6730.7,6730.7,6730.7,6730.7,0.0
2007-10-15 00:00:00,6731.7,6751.7,6632.1,6644.5,0.0
2007-10-16 00:00:00,6638.5,6638.5,6596.3,6614.3,0.0
2007-10-17 00:00:00,6608.7,6690.5,6594.9,6677.7,0.0
2007-10-18 00:00:00,6684.5,6722.0,6584.9,6609.4,0.0
2007-10-19 00:00:00,6598.3,6615.8,6523.6,6527.9,0.0
2007-10-20 00:00:00,6527.9,6527.9,6527.9,6527.9,0.0
2007-10-21 00:00:00,6527.9,6527.9,6527.9,6527.9,0.0
2007-10-22 00:00:00,6480.8,6493.0,6413.4,6459.3,0.0
2007-10-23 00:00:00,6495.5,6562.7,6495.5,6514.0,0.0
2007-10-24 00:00:00,6516.0,6550.9,6460.9,6482.0,0.0
2007-10-25 00:00:00,6509.2,6587.6,6509.2,6576.3,0.0
2007-10-26 00:00:00,6585.2,6684.1,6567.1,6661.3,0.0
2007-10-27 00:00:00,6661.3,6661.3,6661.3,6661.3,0.0
2007-10-28 00:00:00,6661.3,6661.3,6661.3,6661.3,0.0
2007-10-29 00:00:00,6706.6,6726.9,6671.6,6706.0,0.0
2007-10-30 00:00:00,6691.6,6693.2,6653.8,6659.0,0.0
2007-10-31 00:00:00,6657.8,6721.6,6636.9,6721.6,0.0
2007-11-01 00:00:00,6716.8,6723.7,6549.7,6586.1,0.0
2007-11-02 00:00:00,6563.0,6563.0,6483.4,6530.6,0.0
2007-11-03 00:00:00,6530.6,6530.6,6530.6,6530.6,0.0
2007-11-04 00:00:00,6530.6,6530.6,6530.6,6530.6,0.0
2007-11-05 00:00:00,6509.9,6509.9,6420.4,6461.4,0.0
2007-11-06 00:00:00,6479.3,6512.1,6456.4,6474.9,0.0
2007-11-07 00:00:00,6492.4,6519.2,6381.3,6385.1,0.0
2007-11-08 00:00:00,6345.2,6432.3,6290.3,6381.9,0.0
2007-11-09 00:00:00,6394.5,6442.9,6268.9,6304.9,0.0
2007-11-10 00:00:00,6304.9,6304.9,6304.9,6304.9,0.0
2007-11-11 00:00:00,6304.9,6304.9,6304.9,6304.9,0.0
2007-11-12 00:00:00,6290.3,6365.2,6268.6,6337.9,0.0
2007-11-13 00:00:00,6331.6,6387.4,6279.7,6362.4,0.0
2007-11-14 00:00:00,6401.9,6460.8,6381.4,6432.1,0.0
2007-11-15 00:00:00,6422.8,6465.4,6335.5,6359.6,0.0
2007-11-16 00:00:00,6335.3,6354.9,6283.9,6291.2,0.0
2007-11-17 00:00:00,6291.2,6291.2,6291.2,6291.2,0.0
2007-11-18 00:00:00,6291.2,6291.2,6291.2,6291.2,0.0
2007-11-19 00:00:00,6299.5,6331.7,6120.8,6120.8,0.0
2007-11-20 00:00:00,6148.2,6227.7,6078.7,6226.5,0.0
2007-11-21 00:00:00,6182.8,6182.8,6041.8,6070.9,0.0
2007-11-22 00:00:00,6090.5,6155.3,6026.9,6155.3,0.0
2007-11-23 00:00:00,6157.7,6262.1,6153.6,6262.1,0.0
2007-11-24 00:00:00,6262.1,6262.1,6262.1,6262.1,0.0
2007-11-25 00:00:00,6262.1,6262.1,6262.1,6262.1,0.0
2007-11-26 00:00:00,6279.1,6307.8,6180.5,6180.5,0.0
2007-11-27 00:00:00,6168.4,6197.1,6061.8,6140.7,0.0
2007-11-28 00:00:00,6153.7,6307.4,6109.6,6306.2,0.0
2007-11-29 00:00:00,6331.4,6363.5,6273.4,6349.1,0.0
2007-11-30 00:00:00,6355.5,6455.8,6334.0,6432.5,0.0
2007-12-01 00:00:00,6432.5,6432.5,6432.5,6432.5,0.0
2007-12-02 00:00:00,6432.5,6432.5,6432.5,6432.5,0.0
2007-12-03 00:00:00,6426.2,6456.1,6379.9,6386.6,0.0
2007-12-04 00:00:00,6383.5,6398.2,6289.3,6315.2,0.0
2007-12-05 00:00:00,6339.3,6493.8,6339.3,6493.8,0.0
2007-12-06 00:00:00,6496.7,6591.8,6437.8,6485.6,0.0
2007-12-07 00:00:00,6506.5,6577.8,6506.5,6554.9,0.0
2007-12-08 00:00:00,6554.9,6554.9,6554.9,6554.9,0.0
2007-12-09 00:00:00,6554.9,6554.9,6554.9,6554.9,0.0
2007-12-10 00:00:00,6536.4,6596.7,6523.7,6565.4,0.0
2007-12-11 00:00:00,6579.2,6597.5,6513.4,6536.9,0.0
2007-12-12 00:00:00,6499.8,6610.9,6429.5,6559.8,0.0
2007-12-13 00:00:00,6512.1,6512.1,6364.2,6364.2,0.0
2007-12-14 00:00:00,6389.0,6426.2,6336.7,6397.0,0.0
2007-12-15 00:00:00,6397.0,6397.0,6397.0,6397.0,0.0
2007-12-16 00:00:00,6397.0,6397.0,6397.0,6397.0,0.0
2007-12-17 00:00:00,6368.1,6368.1,6264.3,6277.8,0.0
2007-12-18 00:00:00,6270.1,6344.3,6254.5,6279.3,0.0
2007-12-19 00:00:00,6287.3,6319.1,6251.8,6284.5,0.0
2007-12-20 00:00:00,6290.8,6367.7,6290.8,6345.6,0.0
2007-12-21 00:00:00,6389.3,6451.8,6389.3,6434.1,0.0
2007-12-22 00:00:00,6434.1,6434.1,6434.1,6434.1,0.0
2007-12-23 00:00:00,6434.1,6434.1,6434.1,6434.1,0.0
2007-12-24 00:00:00,6431.2,6485.6,6431.2,6479.3,0.0
2007-12-25 00:00:00,6479.3,6479.3,6479.3,6479.3,0.0
2007-12-26 00:00:00,6479.3,6479.3,6479.3,6479.3,0.0
2007-12-27 00:00:00,6479.3,6504.7,6468.7,6497.8,0.0
2007-12-28 00:00:00,6476.1,6494.0,6436.8,6476.9,0.0
2007-12-29 00:00:00,6476.9,6476.9,6476.9,6476.9,0.0
2007-12-30 00:00:00,6476.9,6476.9,6476.9,6476.9,0.0
2007-12-31 00:00:00,6474.5,6480.2,6432.8,6456.9,0.0
2008-01-01 00:00:00,6456.9,6456.9,6456.9,6456.9,0.0
2008-01-02 00:00:00,6450.9,6512.3,6402.6,6416.7,0.0
2008-01-03 00:00:00,6415.5,6487.8,6394.6,6479.4,0.0
2008-01-04 00:00:00,6486.6,6534.7,6333.2,6348.5,0.0
2008-01-05 00:00:00,6348.5,6348.5,6348.5,6348.5,0.0
2008-01-06 00:00:00,6348.5,6348.5,6348.5,6348.5,0.0
2008-01-07 00:00:00,6343.1,6376.5,6275.2,6335.7,0.0
2008-01-08 00:00:00,6353.8,6399.6,6348.3,6356.5,0.0
2008-01-09 00:00:00,6336.7,6336.7,6241.8,6272.7,0.0
2008-01-10 00:00:00,6289.5,6314.5,6213.0,6222.7,0.0
2008-01-11 00:00:00,6226.0,6251.8,6147.0,6202.0,0.0
2008-01-12 00:00:00,6202.0,6202.0,6202.0,6202.0,0.0
2008-01-13 00:00:00,6202.0,6202.0,6202.0,6202.0,0.0
2008-01-14 00:00:00,6183.5,6247.3,6173.0,6215.7,0.0
2008-01-15 00:00:00,6206.0,6206.0,6025.6,6025.6,0.0
2008-01-16 00:00:00,6009.8,6031.5,5908.5,5942.9,0.0
2008-01-17 00:00:00,5970.1,6028.4,5895.4,5902.4,0.0
2008-01-18 00:00:00,5899.7,6030.9,5856.8,5901.7,0.0
2008-01-19 00:00:00,5901.7,5901.7,5901.7,5901.7,0.0
2008-01-20 00:00:00,5901.7,5901.7,5901.7,5901.7,0.0
2008-01-21 00:00:00,5866.7,5866.7,5571.0,5578.2,0.0
2008-01-22 00:00:00,5534.3,5764.0,5338.7,5740.1,0.0
2008-01-23 00:00:00,5797.1,5844.9,5518.3,5609.3,0.0
2008-01-24 00:00:00,5670.0,5882.3,5670.0,5875.8,0.0
2008-01-25 00:00:00,5913.7,5973.3,5848.5,5869.0,0.0
2008-01-26 00:00:00,5869.0,5869.0,5869.0,5869.0,0.0
2008-01-27 00:00:00,5869.0,5869.0,5869.0,5869.0,0.0
2008-01-28 00:00:00,5829.3,5830.3,5705.1,5788.9,0.0
2008-01-29 00:00:00,5810.3,5885.2,5804.7,5885.2,0.0
2008-01-30 00:00:00,5862.6,5869.2,5818.6,5837.3,0.0
2008-01-31 00:00:00,5835.4,5899.5,5689.4,5879.8,0.0
2008-02-01 00:00:00,5902.0,6044.9,5902.0,6029.2,0.0
2008-02-02 00:00:00,6029.2,6029.2,6029.2,6029.2,0.0
2008-02-03 00:00:00,6029.2,6029.2,6029.2,6029.2,0.0
2008-02-04 00:00:00,6043.9,6071.3,6000.2,6026.2,0.0
2008-02-05 00:00:00,6015.8,6024.2,5852.8,5868.0,0.0
2008-02-06 00:00:00,5847.1,5892.6,5816.4,5875.4,0.0
2008-02-07 00:00:00,5872.5,5872.5,5708.8,5724.1,0.0
2008-02-08 00:00:00,5745.6,5805.3,5703.1,5784.0,0.0
2008-02-09 00:00:00,5784.0,5784.0,5784.0,5784.0,0.0
2008-02-10 00:00:00,5784.0,5784.0,5784.0,5784.0,0.0
2008-02-11 00:00:00,5758.2,5789.6,5681.5,5707.7,0.0
2008-02-12 00:00:00,5733.3,5910.0,5710.0,5910.0,0.0
2008-02-13 00:00:00,5874.6,5915.0,5814.8,5880.1,0.0
2008-02-14 00:00:00,5902.1,5938.5,5859.4,5879.3,0.0
2008-02-15 00:00:00,5882.1,5915.0,5763.5,5787.6,0.0
2008-02-16 00:00:00,5787.6,5787.6,5787.6,5787.6,0.0
2008-02-17 00:00:00,5787.6,5787.6,5787.6,5787.6,0.0
2008-02-18 00:00:00,5813.7,5951.9,5813.7,5946.6,0.0
2008-02-19 00:00:00,5932.6,6033.7,5884.8,5966.9,0.0
2008-02-20 00:00:00,5923.3,5931.9,5847.4,5893.6,0.0
2008-02-21 00:00:00,5920.9,6004.4,5912.3,5932.2,0.0
2008-02-22 00:00:00,5917.6,5970.9,5863.8,5888.5,0.0
2008-02-23 00:00:00,5888.5,5888.5,5888.5,5888.5,0.0
2008-02-24 00:00:00,5888.5,5888.5,5888.5,5888.5,0.0
2008-02-25 00:00:00,5920.0,6011.7,5920.0,5999.5,0.0
2008-02-26 00:00:00,6012.7,6092.5,5991.6,6087.4,0.0
2008-02-27 00:00:00,6087.8,6104.5,5989.0,6076.5,0.0
2008-02-28 00:00:00,6058.1,6090.8,5960.3,5965.7,0.0
2008-02-29 00:00:00,5956.4,5986.2,5859.3,5884.3,0.0
2008-03-01 00:00:00,5884.3,5884.3,5884.3,5884.3,0.0
2008-03-02 00:00:00,5884.3,5884.3,5884.3,5884.3,0.0
2008-03-03 00:00:00,5851.6,5863.0,5770.1,5818.6,0.0
2008-03-04 00:00:00,5818.2,5872.9,5719.8,5767.7,0.0
2008-03-05 00:00:00,5770.9,5860.5,5763.9,5853.5,0.0
2008-03-06 00:00:00,5858.0,5871.1,5753.1,5766.4,0.0
2008-03-07 00:00:00,5736.0,5756.4,5655.7,5699.9,0.0
2008-03-08 00:00:00,5699.9,5699.9,5699.9,5699.9,0.0
2008-03-09 00:00:00,5699.9,5699.9,5699.9,5699.9,0.0
2008-03-10 00:00:00,5696.1,5718.8,5616.6,5629.1,0.0
2008-03-11 00:00:00,5648.9,5783.4,5644.1,5690.4,0.0
2008-03-12 00:00:00,5734.5,5812.7,5734.5,5776.4,0.0
2008-03-13 00:00:00,5721.3,5721.3,5628.9,5692.4,0.0
2008-03-14 00:00:00,5695.1,5782.0,5595.8,5631.7,0.0
2008-03-15 00:00:00,5631.7,5631.7,5631.7,5631.7,0.0
2008-03-16 00:00:00,5631.7,5631.7,5631.7,5631.7,0.0
2008-03-17 00:00:00,5579.7,5579.7,5414.4,5414.4,0.0
2008-03-18 00:00:00,5447.2,5610.0,5447.2,5605.8,0.0
2008-03-19 00:00:00,5631.0,5653.6,5524.8,5545.6,0.0
2008-03-20 00:00:00,5508.9,5542.0,5461.9,5495.2,0.0
2008-03-21 00:00:00,5495.2,5495.2,5495.2,5495.2,0.0
2008-03-22 00:00:00,5495.2,5495.2,5495.2,5495.2,0.0
2008-03-23 00:00:00,5495.2,5495.2,5495.2,5495.2,0.0
2008-03-24 00:00:00,5495.2,5495.2,5495.2,5495.2,0.0
2008-03-25 00:00:00,5549.9,5704.3,5549.9,5689.1,0.0
2008-03-26 00:00:00,5672.4,5682.8,5639.1,5660.4,0.0
2008-03-27 00:00:00,5657.4,5735.0,5650.9,5717.5,0.0
2008-03-28 00:00:00,5723.1,5747.2,5673.7,5692.9,0.0
2008-03-29 00:00:00,5692.9,5692.9,5692.9,5692.9,0.0
2008-03-30 00:00:00,5692.9,5692.9,5692.9,5692.9,0.0
2008-03-31 00:00:00,5678.5,5715.1,5585.6,5702.1,0.0
2008-04-01 00:00:00,5684.0,5865.8,5670.4,5852.6,0.0
2008-04-02 00:00:00,5860.5,5920.1,5827.2,5915.9,0.0
2008-04-03 00:00:00,5920.6,5935.2,5864.0,5891.3,0.0
2008-04-04 00:00:00,5897.7,5948.0,5888.0,5947.1,0.0
2008-04-05 00:00:00,5947.1,5947.1,5947.1,5947.1,0.0
2008-04-06 00:00:00,5947.1,5947.1,5947.1,5947.1,0.0
2008-04-07 00:00:00,5969.5,6014.8,5968.5,6014.8,0.0
2008-04-08 00:00:00,5996.0,5996.0,5942.2,5990.2,0.0
2008-04-09 00:00:00,5975.1,6015.6,5947.2,5983.9,0.0
2008-04-10 00:00:00,5982.0,6003.2,5881.9,5965.1,0.0
2008-04-11 00:00:00,5978.3,6016.3,5866.1,5895.5,0.0
2008-04-12 00:00:00,5895.5,5895.5,5895.5,5895.5,0.0
2008-04-13 00:00:00,5895.5,5895.5,5895.5,5895.5,0.0
2008-04-14 00:00:00,5866.2,5872.4,5827.0,5831.6,0.0
2008-04-15 00:00:00,5851.4,5943.3,5851.4,5906.9,0.0
2008-04-16 00:00:00,5931.0,6046.2,5931.0,6046.2,0.0
2008-04-17 00:00:00,6052.2,6086.4,5973.9,5980.4,0.0
2008-04-18 00:00:00,5984.7,6062.1,5974.3,6056.5,0.0
2008-04-19 00:00:00,6056.5,6056.5,6056.5,6056.5,0.0
2008-04-20 00:00:00,6056.5,6056.5,6056.5,6056.5,0.0
2008-04-21 00:00:00,6067.8,6089.5,6021.2,6053.0,0.0
2008-04-22 00:00:00,6039.6,6072.0,6007.5,6034.7,0.0
2008-04-23 00:00:00,6046.1,6083.6,5978.8,6083.6,0.0
2008-04-24 00:00:00,6077.1,6077.1,5951.9,6050.7,0.0
2008-04-25 00:00:00,6064.8,6098.8,6045.5,6091.4,0.0
2008-04-26 00:00:00,6091.4,6091.4,6091.4,6091.4,0.0
2008-04-27 00:00:00,6091.4,6091.4,6091.4,6091.4,0.0
2008-04-28 00:00:00,6099.0,6134.5,6083.5,6090.4,0.0
2008-04-29 00:00:00,6092.1,6133.5,6051.6,6089.4,0.0
2008-04-30 00:00:00,6088.2,6120.3,6035.8,6087.3,0.0
2008-05-01 00:00:00,6083.6,6118.2,6066.0,6087.3,0.0
2008-05-02 00:00:00,6112.2,6223.9,6112.2,6215.5,0.0
2008-05-03 00:00:00,6215.5,6215.5,6215.5,6215.5,0.0
2008-05-04 00:00:00,6215.5,6215.5,6215.5,6215.5,0.0
2008-05-05 00:00:00,6215.5,6215.5,6215.5,6215.5,0.0
2008-05-06 00:00:00,6202.8,6233.7,6155.9,6215.2,0.0
2008-05-07 00:00:00,6221.4,6275.0,6214.1,6261.0,0.0
2008-05-08 00:00:00,6256.5,6273.3,6217.0,6270.8,0.0
2008-05-09 00:00:00,6257.7,6257.7,6167.6,6204.7,0.0
2008-05-10 00:00:00,6204.7,6204.7,6204.7,6204.7,0.0
2008-05-11 00:00:00,6204.7,6204.7,6204.7,6204.7,0.0
2008-05-12 00:00:00,6211.0,6251.9,6184.8,6220.6,0.0
2008-05-13 00:00:00,6237.9,6268.1,6142.3,6211.9,0.0
2008-05-14 00:00:00,6237.0,6253.1,6167.9,6216.0,0.0
2008-05-15 00:00:00,6215.0,6258.5,6168.8,6251.8,0.0
2008-05-16 00:00:00,6259.6,6348.6,6259.6,6304.3,0.0
2008-05-17 00:00:00,6304.3,6304.3,6304.3,6304.3,0.0
2008-05-18 00:00:00,6304.3,6304.3,6304.3,6304.3,0.0
2008-05-19 00:00:00,6315.0,6377.0,6302.8,6376.5,0.0
2008-05-20 00:00:00,6368.2,6368.2,6191.6,6191.6,0.0
2008-05-21 00:00:00,6205.0,6257.3,6183.5,6198.1,0.0
2008-05-22 00:00:00,6183.7,6226.2,6159.4,6181.6,0.0
2008-05-23 00:00:00,6178.3,6182.9,6087.3,6087.3,0.0
2008-05-24 00:00:00,6087.3,6087.3,6087.3,6087.3,0.0
2008-05-25 00:00:00,6087.3,6087.3,6087.3,6087.3,0.0
2008-05-26 00:00:00,6087.3,6087.3,6087.3,6087.3,0.0
2008-05-27 00:00:00,6117.3,6141.7,6048.7,6058.5,0.0
2008-05-28 00:00:00,6068.1,6122.2,6052.5,6069.6,0.0
2008-05-29 00:00:00,6091.0,6130.5,6041.1,6068.1,0.0
2008-05-30 00:00:00,6074.1,6111.6,6044.7,6053.5,0.0
2008-05-31 00:00:00,6053.5,6053.5,6053.5,6053.5,0.0
2008-06-01 00:00:00,6053.5,6053.5,6053.5,6053.5,0.0
2008-06-02 00:00:00,6059.0,6060.8,5978.4,6007.6,0.0
2008-06-03 00:00:00,5997.2,6059.0,5993.3,6057.7,0.0
2008-06-04 00:00:00,6024.9,6030.2,5933.3,5970.1,0.0
2008-06-05 00:00:00,5969.6,6005.1,5941.0,5995.3,0.0
2008-06-06 00:00:00,6020.8,6074.5,5906.5,5906.8,0.0
2008-06-07 00:00:00,5906.8,5906.8,5906.8,5906.8,0.0
2008-06-08 00:00:00,5906.8,5906.8,5906.8,5906.8,0.0
2008-06-09 00:00:00,5902.9,5938.5,5869.6,5877.6,0.0
2008-06-10 00:00:00,5869.8,5873.2,5813.4,5827.3,0.0
2008-06-11 00:00:00,5847.4,5859.4,5708.3,5723.3,0.0
2008-06-12 00:00:00,5725.5,5797.8,5719.8,5790.5,0.0
2008-06-13 00:00:00,5793.7,5818.3,5719.5,5802.8,0.0
2008-06-14 00:00:00,5802.8,5802.8,5802.8,5802.8,0.0
2008-06-15 00:00:00,5802.8,5802.8,5802.8,5802.8,0.0
2008-06-16 00:00:00,5817.2,5832.6,5759.6,5794.6,0.0
2008-06-17 00:00:00,5799.7,5930.3,5799.7,5861.9,0.0
2008-06-18 00:00:00,5846.8,5846.8,5735.4,5756.9,0.0
2008-06-19 00:00:00,5752.2,5786.4,5707.2,5708.4,0.0
2008-06-20 00:00:00,5708.8,5731.9,5597.0,5620.8,0.0
2008-06-21 00:00:00,5620.8,5620.8,5620.8,5620.8,0.0
2008-06-22 00:00:00,5620.8,5620.8,5620.8,5620.8,0.0
2008-06-23 00:00:00,5623.5,5679.2,5603.2,5667.2,0.0
2008-06-24 00:00:00,5671.7,5693.8,5581.6,5634.7,0.0
2008-06-25 00:00:00,5644.3,5669.6,5636.5,5666.1,0.0
2008-06-26 00:00:00,5648.4,5648.4,5518.2,5518.2,0.0
2008-06-27 00:00:00,5507.0,5555.2,5470.9,5529.9,0.0
2008-06-28 00:00:00,5529.9,5529.9,5529.9,5529.9,0.0
2008-06-29 00:00:00,5529.9,5529.9,5529.9,5529.9,0.0
2008-06-30 00:00:00,5527.0,5625.9,5520.2,5625.9,0.0
2008-07-01 00:00:00,5600.2,5601.5,5466.3,5479.9,0.0
2008-07-02 00:00:00,5480.7,5566.8,5426.3,5426.3,0.0
2008-07-03 00:00:00,5400.0,5490.6,5358.5,5476.6,0.0
2008-07-04 00:00:00,5464.4,5490.2,5394.0,5412.8,0.0
2008-07-05 00:00:00,5412.8,5412.8,5412.8,5412.8,0.0
2008-07-06 00:00:00,5412.8,5412.8,5412.8,5412.8,0.0
2008-07-07 00:00:00,5439.0,5516.4,5400.1,5512.7,0.0
2008-07-08 00:00:00,5446.4,5487.6,5358.7,5440.5,0.0
2008-07-09 00:00:00,5465.1,5538.2,5465.1,5529.6,0.0
2008-07-10 00:00:00,5498.1,5498.1,5392.6,5406.8,0.0
2008-07-11 00:00:00,5420.5,5461.8,5261.6,5261.6,0.0
2008-07-12 00:00:00,5261.6,5261.6,5261.6,5261.6,0.0
2008-07-13 00:00:00,5261.6,5261.6,5261.6,5261.6,0.0
2008-07-14 00:00:00,5304.0,5373.2,5293.0,5300.4,0.0
2008-07-15 00:00:00,5279.7,5279.7,5119.0,5171.9,0.0
2008-07-16 00:00:00,5178.6,5210.1,5071.1,5150.6,0.0
2008-07-17 00:00:00,5176.6,5320.5,5176.6,5286.3,0.0
2008-07-18 00:00:00,5254.8,5376.4,5216.6,5376.4,0.0
2008-07-19 00:00:00,5376.4,5376.4,5376.4,5376.4,0.0
2008-07-20 00:00:00,5376.4,5376.4,5376.4,5376.4,0.0
2008-07-21 00:00:00,5375.7,5445.8,5334.6,5404.3,0.0
2008-07-22 00:00:00,5383.9,5383.9,5282.8,5364.1,0.0
2008-07-23 00:00:00,5404.4,5467.2,5381.9,5449.9,0.0
2008-07-24 00:00:00,5458.7,5463.7,5345.1,5362.3,0.0
2008-07-25 00:00:00,5336.3,5375.2,5291.4,5352.6,0.0
2008-07-26 00:00:00,5352.6,5352.6,5352.6,5352.6,0.0
2008-07-27 00:00:00,5352.6,5352.6,5352.6,5352.6,0.0
2008-07-28 00:00:00,5355.2,5365.8,5308.4,5312.6,0.0
2008-07-29 00:00:00,5297.8,5354.6,5261.4,5319.2,0.0
2008-07-30 00:00:00,5346.0,5435.9,5346.0,5420.7,0.0
2008-07-31 00:00:00,5440.7,5456.1,5371.3,5411.9,0.0
2008-08-01 00:00:00,5398.3,5409.3,5321.3,5354.7,0.0
2008-08-02 00:00:00,5354.7,5354.7,5354.7,5354.7,0.0
2008-08-03 00:00:00,5354.7,5354.7,5354.7,5354.7,0.0
2008-08-04 00:00:00,5351.4,5414.7,5310.3,5320.2,0.0
2008-08-05 00:00:00,5318.8,5454.5,5299.7,5454.5,0.0
2008-08-06 00:00:00,5470.5,5498.6,5440.1,5486.1,0.0
2008-08-07 00:00:00,5480.6,5539.3,5450.9,5477.5,0.0
2008-08-08 00:00:00,5456.6,5507.2,5410.8,5489.2,0.0
2008-08-09 00:00:00,5489.2,5489.2,5489.2,5489.2,0.0
2008-08-10 00:00:00,5489.2,5489.2,5489.2,5489.2,0.0
2008-08-11 00:00:00,5494.9,5541.8,5477.7,5541.8,0.0
2008-08-12 00:00:00,5528.8,5569.2,5491.3,5534.5,0.0
2008-08-13 00:00:00,5517.1,5517.8,5437.1,5448.6,0.0
2008-08-14 00:00:00,5524.5,5525.8,5445.6,5497.4,0.0
2008-08-15 00:00:00,5508.1,5538.8,5432.2,5454.8,0.0
2008-08-16 00:00:00,5454.8,5454.8,5454.8,5454.8,0.0
2008-08-17 00:00:00,5454.8,5454.8,5454.8,5454.8,0.0
2008-08-18 00:00:00,5449.2,5498.7,5425.3,5450.2,0.0
2008-08-19 00:00:00,5417.1,5417.1,5317.1,5320.4,0.0
2008-08-20 00:00:00,5338.6,5384.2,5325.8,5371.8,0.0
2008-08-21 00:00:00,5360.1,5408.0,5311.4,5370.2,0.0
2008-08-22 00:00:00,5371.1,5505.6,5368.0,5505.6,0.0
2008-08-23 00:00:00,5505.6,5505.6,5505.6,5505.6,0.0
2008-08-24 00:00:00,5505.6,5505.6,5505.6,5505.6,0.0
2008-08-25 00:00:00,5505.6,5505.6,5505.6,5505.6,0.0
2008-08-26 00:00:00,5463.1,5493.0,5369.3,5470.7,0.0
2008-08-27 00:00:00,5469.8,5540.8,5434.7,5528.1,0.0
2008-08-28 00:00:00,5522.1,5634.0,5496.9,5601.2,0.0
2008-08-29 00:00:00,5615.4,5649.1,5587.4,5636.6,0.0
2008-08-30 00:00:00,5636.6,5636.6,5636.6,5636.6,0.0
2008-08-31 00:00:00,5636.6,5636.6,5636.6,5636.6,0.0
2008-09-01 00:00:00,5621.5,5621.5,5573.8,5602.8,0.0
2008-09-02 00:00:00,5599.9,5646.5,5574.9,5620.7,0.0
2008-09-03 00:00:00,5593.8,5593.8,5492.1,5499.7,0.0
2008-09-04 00:00:00,5503.2,5541.7,5362.1,5362.1,0.0
2008-09-05 00:00:00,5349.8,5359.3,5227.6,5240.7,0.0
2008-09-06 00:00:00,5240.7,5240.7,5240.7,5240.7,0.0
2008-09-07 00:00:00,5240.7,5240.7,5240.7,5240.7,0.0
2008-09-08 00:00:00,5304.4,5447.6,5304.4,5446.3,0.0
2008-09-09 00:00:00,5455.2,5524.8,5386.9,5415.6,0.0
2008-09-10 00:00:00,5396.3,5419.5,5327.8,5366.2,0.0
2008-09-11 00:00:00,5362.1,5377.9,5258.1,5318.4,0.0
2008-09-12 00:00:00,5347.3,5416.7,5320.7,5416.7,0.0
2008-09-13 00:00:00,5416.7,5416.7,5416.7,5416.7,0.0
2008-09-14 00:00:00,5416.7,5416.7,5416.7,5416.7,0.0
2008-09-15 00:00:00,5377.8,5377.8,5124.9,5204.2,0.0
2008-09-16 00:00:00,5149.2,5149.2,4961.2,5025.6,0.0
2008-09-17 00:00:00,5038.0,5124.4,4903.3,4912.4,0.0
2008-09-18 00:00:00,4920.6,5015.9,4860.7,4880.0,0.0
2008-09-19 00:00:00,4884.6,5351.2,4857.1,5311.3,0.0
2008-09-20 00:00:00,5311.3,5311.3,5311.3,5311.3,0.0
2008-09-21 00:00:00,5311.3,5311.3,5311.3,5311.3,0.0
2008-09-22 00:00:00,5311.33,5339.25,5236.26,5236.26,0.0
2008-09-23 00:00:00,5232.09,5232.09,5076.32,5136.12,0.0
2008-09-24 00:00:00,5149.17,5167.36,5087.3,5095.57,0.0
2008-09-25 00:00:00,5088.86,5211.64,5060.74,5197.02,0.0
2008-09-26 00:00:00,5166.89,5166.89,5057.33,5088.47,0.0
2008-09-27 00:00:00,5088.47,5088.47,5088.47,5088.47,0.0
2008-09-28 00:00:00,5088.47,5088.47,5088.47,5088.47,0.0
2008-09-29 00:00:00,5063.32,5063.32,4818.77,4818.77,0.0
2008-09-30 00:00:00,4784.53,4953.4,4671.02,4902.45,0.0
2008-10-01 00:00:00,4941.49,5012.24,4891.46,4959.59,0.0
2008-10-02 00:00:00,4963.47,5052.0,4862.11,4870.34,0.0
2008-10-03 00:00:00,4866.98,5003.9,4832.1,4980.25,0.0
2008-10-04 00:00:00,4980.25,4980.25,4980.25,4980.25,0.0
2008-10-05 00:00:00,4980.25,4980.25,4980.25,4980.25,0.0
2008-10-06 00:00:00,4944.71,4944.71,4549.66,4589.19,0.0
2008-10-07 00:00:00,4606.72,4745.01,4517.47,4605.22,0.0
2008-10-08 00:00:00,4529.64,4654.18,4245.29,4366.69,0.0
2008-10-09 00:00:00,4399.56,4512.45,4274.4,4313.8,0.0
2008-10-10 00:00:00,4311.03,4311.03,3873.99,3932.06,0.0
2008-10-11 00:00:00,3932.06,3932.06,3932.06,3932.06,0.0
2008-10-12 00:00:00,3932.06,3932.06,3932.06,3932.06,0.0
2008-10-13 00:00:00,3943.97,4256.9,3943.97,4256.9,0.0
2008-10-14 00:00:00,4301.53,4534.35,4269.08,4394.21,0.0
2008-10-15 00:00:00,4385.79,4385.79,4051.98,4079.59,0.0
2008-10-16 00:00:00,4043.01,4063.56,3808.11,3861.39,0.0
2008-10-17 00:00:00,3909.55,4077.58,3861.29,4063.01,0.0
2008-10-18 00:00:00,4063.01,4063.01,4063.01,4063.01,0.0
2008-10-19 00:00:00,4063.01,4063.01,4063.01,4063.01,0.0
2008-10-20 00:00:00,4095.17,4282.67,4069.71,4282.67,0.0
2008-10-21 00:00:00,4310.44,4347.69,4212.37,4229.73,0.0
2008-10-22 00:00:00,4187.26,4205.74,4031.79,4040.89,0.0
2008-10-23 00:00:00,4062.85,4108.36,3927.57,4087.83,0.0
2008-10-24 00:00:00,4046.83,4046.83,3715.24,3883.36,0.0
2008-10-25 00:00:00,3883.36,3883.36,3883.36,3883.36,0.0
2008-10-26 00:00:00,3883.36,3883.36,3883.36,3883.36,0.0
2008-10-27 00:00:00,3808.68,3911.61,3665.21,3852.59,0.0
2008-10-28 00:00:00,3880.69,4034.02,3847.55,3926.38,0.0
2008-10-29 00:00:00,3944.61,4242.54,3944.61,4242.54,0.0
2008-10-30 00:00:00,4271.15,4352.47,4200.24,4291.65,0.0
2008-10-31 00:00:00,4296.61,4383.9,4195.15,4377.34,0.0
2008-11-01 00:00:00,4377.34,4377.34,4377.34,4377.34,0.0
2008-11-02 00:00:00,4377.34,4377.34,4377.34,4377.34,0.0
2008-11-03 00:00:00,4415.36,4443.28,4348.29,4443.28,0.0
2008-11-04 00:00:00,4440.3,4639.5,4404.2,4639.5,0.0
2008-11-05 00:00:00,4632.3,4632.3,4495.7,4530.73,0.0
2008-11-06 00:00:00,4445.8,4468.72,4260.26,4272.41,0.0
2008-11-07 00:00:00,4293.69,4408.1,4263.78,4364.96,0.0
2008-11-08 00:00:00,4364.96,4364.96,4364.96,4364.96,0.0
2008-11-09 00:00:00,4364.96,4364.96,4364.96,4364.96,0.0
2008-11-10 00:00:00,4418.21,4524.87,4364.96,4403.92,0.0
2008-11-11 00:00:00,4360.91,4367.58,4231.49,4246.69,0.0
2008-11-12 00:00:00,4278.38,4333.37,4134.51,4182.02,0.0
2008-11-13 00:00:00,4137.56,4198.67,4079.62,4169.21,0.0
2008-11-14 00:00:00,4206.25,4342.29,4202.99,4232.97,0.0
2008-11-15 00:00:00,4232.97,4232.97,4232.97,4232.97,0.0
2008-11-16 00:00:00,4232.97,4232.97,4232.97,4232.97,0.0
2008-11-17 00:00:00,4219.57,4236.41,4110.68,4132.16,0.0
2008-11-18 00:00:00,4133.98,4208.55,4033.4,4208.55,0.0
2008-11-19 00:00:00,4203.71,4213.2,3999.13,4005.68,0.0
2008-11-20 00:00:00,3955.83,3963.37,3812.19,3874.99,0.0
2008-11-21 00:00:00,3875.09,3946.67,3734.07,3780.96,0.0
2008-11-22 00:00:00,3780.96,3780.96,3780.96,3780.96,0.0
2008-11-23 00:00:00,3780.96,3780.96,3780.96,3780.96,0.0
2008-11-24 00:00:00,3817.59,4153.08,3817.59,4152.96,0.0
2008-11-25 00:00:00,4132.33,4268.34,4069.34,4171.25,0.0
2008-11-26 00:00:00,4140.12,4198.74,4050.67,4152.69,0.0
2008-11-27 00:00:00,4156.52,4241.7,4156.52,4226.1,0.0
2008-11-28 00:00:00,4232.5,4288.01,4192.46,4288.01,0.0
2008-11-29 00:00:00,4288.01,4288.01,4288.01,4288.01,0.0
2008-11-30 00:00:00,4288.01,4288.01,4288.01,4288.01,0.0
2008-12-01 00:00:00,4279.75,4279.75,4038.45,4065.49,0.0
2008-12-02 00:00:00,4019.18,4137.11,3973.26,4122.86,0.0
2008-12-03 00:00:00,4127.49,4190.93,4042.31,4169.96,0.0
2008-12-04 00:00:00,4167.9,4261.07,4090.04,4163.61,0.0
2008-12-05 00:00:00,4132.78,4143.57,4002.21,4049.37,0.0
2008-12-06 00:00:00,4049.37,4049.37,4049.37,4049.37,0.0
2008-12-07 00:00:00,4049.37,4049.37,4049.37,4049.37,0.0
2008-12-08 00:00:00,4081.2,4318.0,4081.2,4300.06,0.0
2008-12-09 00:00:00,4275.9,4412.96,4232.62,4381.26,0.0
2008-12-10 00:00:00,4365.75,4407.13,4329.95,4367.28,0.0
2008-12-11 00:00:00,4359.25,4430.28,4307.83,4388.69,0.0
2008-12-12 00:00:00,4335.46,4335.46,4201.86,4280.35,0.0
2008-12-13 00:00:00,4280.35,4280.35,4280.35,4280.35,0.0
2008-12-14 00:00:00,4280.35,4280.35,4280.35,4280.35,0.0
2008-12-15 00:00:00,4306.32,4340.7,4238.87,4277.56,0.0
2008-12-16 00:00:00,4281.8,4330.13,4246.1,4309.08,0.0
2008-12-17 00:00:00,4317.64,4341.12,4231.13,4324.19,0.0
2008-12-18 00:00:00,4323.57,4352.68,4282.6,4330.66,0.0
2008-12-19 00:00:00,4314.51,4327.77,4200.71,4286.93,0.0
2008-12-20 00:00:00,4286.93,4286.93,4286.93,4286.93,0.0
2008-12-21 00:00:00,4286.93,4286.93,4286.93,4286.93,0.0
2008-12-22 00:00:00,4276.6,4305.43,4219.82,4249.16,0.0
2008-12-23 00:00:00,4244.17,4307.09,4244.17,4255.98,0.0
2008-12-24 00:00:00,4253.16,4254.86,4205.18,4216.59,0.0
2008-12-25 00:00:00,4216.59,4216.59,4216.59,4216.59,0.0
2008-12-26 00:00:00,4216.59,4216.59,4216.59,4216.59,0.0
2008-12-27 00:00:00,4216.59,4216.59,4216.59,4216.59,0.0
2008-12-28 00:00:00,4216.59,4216.59,4216.59,4216.59,0.0
2008-12-29 00:00:00,4241.54,4326.25,4241.54,4319.35,0.0
2008-12-30 00:00:00,4339.95,4406.07,4339.95,4392.68,0.0
2008-12-31 00:00:00,4423.34,4456.19,4415.83,4434.17,0.0
2009-01-01 00:00:00,4434.17,4434.17,4434.17,4434.17,0.0
2009-01-02 00:00:00,4446.96,4561.79,4430.02,4561.79,0.0
2009-01-03 00:00:00,4561.79,4561.79,4561.79,4561.79,0.0
2009-01-04 00:00:00,4561.79,4561.79,4561.79,4561.79,0.0
2009-01-05 00:00:00,4582.63,4618.11,4520.76,4579.64,0.0
2009-01-06 00:00:00,4584.9,4675.68,4562.01,4638.92,0.0
2009-01-07 00:00:00,4634.32,4634.32,4477.99,4507.51,0.0
2009-01-08 00:00:00,4493.47,4514.71,4410.48,4505.37,0.0
2009-01-09 00:00:00,4506.45,4534.81,4431.88,4448.54,0.0
2009-01-10 00:00:00,4448.54,4448.54,4448.54,4448.54,0.0
2009-01-11 00:00:00,4448.54,4448.54,4448.54,4448.54,0.0
2009-01-12 00:00:00,4442.89,4471.34,4402.29,4426.19,0.0
2009-01-13 00:00:00,4406.99,4407.59,4321.34,4399.15,0.0
2009-01-14 00:00:00,4407.24,4426.47,4115.43,4180.64,0.0
2009-01-15 00:00:00,4175.03,4199.39,4090.87,4121.11,0.0
2009-01-16 00:00:00,4160.88,4251.68,4145.27,4147.06,0.0
2009-01-17 00:00:00,4147.06,4147.06,4147.06,4147.06,0.0
2009-01-18 00:00:00,4147.06,4147.06,4147.06,4147.06,0.0
2009-01-19 00:00:00,4184.35,4251.92,4032.39,4108.47,0.0
2009-01-20 00:00:00,4101.48,4184.25,4060.57,4091.4,0.0
2009-01-21 00:00:00,4081.38,4112.84,4001.35,4059.88,0.0
2009-01-22 00:00:00,4093.86,4153.88,4046.37,4052.23,0.0
2009-01-23 00:00:00,4052.31,4070.75,3956.67,4052.47,0.0
2009-01-24 00:00:00,4052.47,4052.47,4052.47,4052.47,0.0
2009-01-25 00:00:00,4052.47,4052.47,4052.47,4052.47,0.0
2009-01-26 00:00:00,4077.44,4225.21,4039.41,4209.01,0.0
2009-01-27 00:00:00,4202.51,4211.03,4130.79,4194.41,0.0
2009-01-28 00:00:00,4214.61,4317.61,4214.61,4295.2,0.0
2009-01-29 00:00:00,4279.25,4279.25,4147.7,4190.11,0.0
2009-01-30 00:00:00,4188.55,4228.0,4125.2,4149.64,0.0
2009-01-31 00:00:00,4149.64,4149.64,4149.64,4149.64,0.0
2009-02-01 00:00:00,4149.64,4149.64,4149.64,4149.64,0.0
2009-02-02 00:00:00,4115.01,4115.01,4036.93,4077.78,0.0
2009-02-03 00:00:00,4088.67,4173.24,4043.37,4164.46,0.0
2009-02-04 00:00:00,4171.19,4262.73,4160.43,4228.6,0.0
2009-02-05 00:00:00,4196.44,4235.28,4133.52,4228.93,0.0
2009-02-06 00:00:00,4237.99,4330.73,4225.62,4291.87,0.0
2009-02-07 00:00:00,4291.87,4291.87,4291.87,4291.87,0.0
2009-02-08 00:00:00,4291.87,4291.87,4291.87,4291.87,0.0
2009-02-09 00:00:00,4282.95,4333.97,4244.04,4307.61,0.0
2009-02-10 00:00:00,4291.45,4309.49,4210.46,4213.08,0.0
2009-02-11 00:00:00,4205.64,4244.53,4182.1,4234.26,0.0
2009-02-12 00:00:00,4217.62,4217.62,4135.07,4202.24,0.0
2009-02-13 00:00:00,4231.56,4291.57,4168.01,4189.59,0.0
2009-02-14 00:00:00,4189.59,4189.59,4189.59,4189.59,0.0
2009-02-15 00:00:00,4189.59,4189.59,4189.59,4189.59,0.0
2009-02-16 00:00:00,4180.3,4189.05,4127.26,4134.75,0.0
2009-02-17 00:00:00,4120.57,4120.57,3995.39,4034.13,0.0
2009-02-18 00:00:00,4041.52,4056.48,3938.12,4006.83,0.0
2009-02-19 00:00:00,4018.46,4045.2,3983.91,4018.37,0.0
2009-02-20 00:00:00,3992.92,3992.92,3877.76,3889.06,0.0
2009-02-21 00:00:00,3889.06,3889.06,3889.06,3889.06,0.0
2009-02-22 00:00:00,3889.06,3889.06,3889.06,3889.06,0.0
2009-02-23 00:00:00,3925.12,3959.98,3844.9,3850.73,0.0
2009-02-24 00:00:00,3837.01,3852.25,3772.45,3816.44,0.0
2009-02-25 00:00:00,3835.47,3884.06,3803.92,3848.98,0.0
2009-02-26 00:00:00,3848.98,3948.22,3848.98,3915.64,0.0
2009-02-27 00:00:00,3891.74,3891.74,3760.7,3830.09,0.0
2009-02-28 00:00:00,3830.09,3830.09,3830.09,3830.09,0.0
2009-03-01 00:00:00,3830.09,3830.09,3830.09,3830.09,0.0
2009-03-02 00:00:00,3806.83,3806.83,3625.83,3625.83,0.0
2009-03-03 00:00:00,3636.94,3676.86,3497.27,3512.09,0.0
2009-03-04 00:00:00,3529.37,3649.5,3529.37,3645.87,0.0
2009-03-05 00:00:00,3632.88,3632.88,3526.41,3529.86,0.0
2009-03-06 00:00:00,3530.22,3590.22,3492.1,3530.73,0.0
2009-03-07 00:00:00,3530.73,3530.73,3530.73,3530.73,0.0
2009-03-08 00:00:00,3530.73,3530.73,3530.73,3530.73,0.0
2009-03-09 00:00:00,3540.9,3564.75,3460.71,3542.4,0.0
2009-03-10 00:00:00,3538.47,3726.31,3516.3,3715.23,0.0
2009-03-11 00:00:00,3701.6,3763.24,3652.01,3693.81,0.0
2009-03-12 00:00:00,3685.37,3725.6,3616.5,3712.06,0.0
2009-03-13 00:00:00,3756.73,3816.02,3737.88,3753.68,0.0
2009-03-14 00:00:00,3753.68,3753.68,3753.68,3753.68,0.0
2009-03-15 00:00:00,3753.68,3753.68,3753.68,3753.68,0.0
2009-03-16 00:00:00,3784.16,3863.99,3784.16,3863.99,0.0
2009-03-17 00:00:00,3850.6,3860.8,3793.13,3857.1,0.0
2009-03-18 00:00:00,3871.27,3901.65,3768.5,3804.99,0.0
2009-03-19 00:00:00,3812.02,3912.64,3793.7,3816.93,0.0
2009-03-20 00:00:00,3794.24,3854.87,3777.73,3842.85,0.0
2009-03-21 00:00:00,3842.85,3842.85,3842.85,3842.85,0.0
2009-03-22 00:00:00,3842.85,3842.85,3842.85,3842.85,0.0
2009-03-23 00:00:00,3881.71,3978.6,3844.01,3952.81,0.0
2009-03-24 00:00:00,3979.76,3992.42,3878.42,3911.46,0.0
2009-03-25 00:00:00,3895.61,3939.16,3852.96,3900.25,0.0
2009-03-26 00:00:00,3909.63,3929.54,3877.79,3925.2,0.0
2009-03-27 00:00:00,3924.74,3950.32,3877.55,3898.85,0.0
2009-03-28 00:00:00,3898.85,3898.85,3898.85,3898.85,0.0
2009-03-29 00:00:00,3898.85,3898.85,3898.85,3898.85,0.0
2009-03-30 00:00:00,3876.76,3876.76,3762.91,3762.91,0.0
2009-03-31 00:00:00,3782.9,3930.62,3782.9,3926.14,0.0
2009-04-01 00:00:00,3922.88,3972.68,3838.22,3955.61,0.0
2009-04-02 00:00:00,3990.01,4137.85,3990.01,4124.97,0.0
2009-04-03 00:00:00,4110.66,4132.93,4015.59,4029.67,0.0
2009-04-04 00:00:00,4029.67,4029.67,4029.67,4029.67,0.0
2009-04-05 00:00:00,4029.67,4029.67,4029.67,4029.67,0.0
2009-04-06 00:00:00,4052.86,4097.17,3959.6,3993.54,0.0
2009-04-07 00:00:00,4003.36,4039.52,3909.88,3930.52,0.0
2009-04-08 00:00:00,3903.81,3940.42,3876.11,3925.52,0.0
2009-04-09 00:00:00,3945.26,3986.28,3911.99,3983.71,0.0
2009-04-10 00:00:00,3983.71,3983.71,3983.71,3983.71,0.0
2009-04-11 00:00:00,3983.71,3983.71,3983.71,3983.71,0.0
2009-04-12 00:00:00,3983.71,3983.71,3983.71,3983.71,0.0
2009-04-13 00:00:00,3983.71,3983.71,3983.71,3983.71,0.0
2009-04-14 00:00:00,3991.46,4039.67,3939.61,3988.99,0.0
2009-04-15 00:00:00,3980.24,4023.35,3941.61,3968.4,0.0
2009-04-16 00:00:00,3987.85,4052.98,3963.57,4052.98,0.0
2009-04-17 00:00:00,4060.47,4114.32,4043.21,4092.8,0.0
2009-04-18 00:00:00,4092.8,4092.8,4092.8,4092.8,0.0
2009-04-19 00:00:00,4092.8,4092.8,4092.8,4092.8,0.0
2009-04-20 00:00:00,4088.33,4112.75,3962.87,3990.86,0.0
2009-04-21 00:00:00,3993.92,4019.16,3897.25,3987.46,0.0
2009-04-22 00:00:00,3987.99,4036.03,3948.22,4030.66,0.0
2009-04-23 00:00:00,4024.83,4082.31,3999.06,4018.23,0.0
2009-04-24 00:00:00,4036.43,4155.99,4036.43,4155.99,0.0
2009-04-25 00:00:00,4155.99,4155.99,4155.99,4155.99,0.0
2009-04-26 00:00:00,4155.99,4155.99,4155.99,4155.99,0.0
2009-04-27 00:00:00,4133.24,4179.17,4088.67,4167.01,0.0
2009-04-28 00:00:00,4124.74,4124.74,4058.73,4096.4,0.0
2009-04-29 00:00:00,4105.53,4193.32,4089.46,4189.59,0.0
2009-04-30 00:00:00,4203.86,4293.63,4203.86,4243.71,0.0
2009-05-01 00:00:00,4238.02,4251.57,4210.75,4243.22,0.0
2009-05-02 00:00:00,4243.22,4243.22,4243.22,4243.22,0.0
2009-05-03 00:00:00,4243.22,4243.22,4243.22,4243.22,0.0
2009-05-04 00:00:00,4243.22,4243.22,4243.22,4243.22,0.0
2009-05-05 00:00:00,4271.18,4375.35,4271.18,4336.94,0.0
2009-05-06 00:00:00,4337.66,4437.61,4317.05,4396.49,0.0
2009-05-07 00:00:00,4408.75,4520.82,4380.27,4398.68,0.0
2009-05-08 00:00:00,4413.65,4487.5,4413.65,4462.09,0.0
2009-05-09 00:00:00,4462.09,4462.09,4462.09,4462.09,0.0
2009-05-10 00:00:00,4462.09,4462.09,4462.09,4462.09,0.0
2009-05-11 00:00:00,4462.7,4470.05,4401.52,4435.5,0.0
2009-05-12 00:00:00,4422.75,4457.46,4397.41,4425.54,0.0
2009-05-13 00:00:00,4430.53,4447.96,4328.17,4331.37,0.0
2009-05-14 00:00:00,4326.1,4371.28,4295.19,4362.58,0.0
2009-05-15 00:00:00,4384.89,4400.72,4317.23,4348.11,0.0
2009-05-16 00:00:00,4348.11,4348.11,4348.11,4348.11,0.0
2009-05-17 00:00:00,4348.11,4348.11,4348.11,4348.11,0.0
2009-05-18 00:00:00,4331.62,4446.45,4307.72,4446.45,0.0
2009-05-19 00:00:00,4467.51,4512.7,4445.48,4482.25,0.0
2009-05-20 00:00:00,4473.49,4504.2,4445.09,4468.41,0.0
2009-05-21 00:00:00,4439.37,4439.37,4325.77,4345.47,0.0
2009-05-22 00:00:00,4347.3,4393.07,4335.01,4365.29,0.0
2009-05-23 00:00:00,4365.29,4365.29,4365.29,4365.29,0.0
2009-05-24 00:00:00,4365.29,4365.29,4365.29,4365.29,0.0
2009-05-25 00:00:00,4365.29,4365.29,4365.29,4365.29,0.0
2009-05-26 00:00:00,4353.49,4423.64,4294.98,4411.72,0.0
2009-05-27 00:00:00,4426.78,4439.79,4390.23,4416.23,0.0
2009-05-28 00:00:00,4384.99,4408.64,4341.08,4387.54,0.0
2009-05-29 00:00:00,4415.18,4469.43,4415.18,4417.94,0.0
2009-05-30 00:00:00,4417.94,4417.94,4417.94,4417.94,0.0
2009-05-31 00:00:00,4417.94,4417.94,4417.94,4417.94,0.0
2009-06-01 00:00:00,4459.82,4517.6,4459.82,4506.19,0.0
2009-06-02 00:00:00,4494.9,4494.9,4435.92,4477.02,0.0
2009-06-03 00:00:00,4477.18,4477.18,4359.33,4383.42,0.0
2009-06-04 00:00:00,4389.38,4436.25,4359.66,4386.94,0.0
2009-06-05 00:00:00,4399.35,4495.94,4399.35,4438.56,0.0
2009-06-06 00:00:00,4438.56,4438.56,4438.56,4438.56,0.0
2009-06-07 00:00:00,4438.56,4438.56,4438.56,4438.56,0.0
2009-06-08 00:00:00,4436.61,4436.61,4370.55,4405.22,0.0
2009-06-09 00:00:00,4419.75,4445.54,4387.34,4404.79,0.0
2009-06-10 00:00:00,4432.2,4505.89,4422.84,4436.75,0.0
2009-06-11 00:00:00,4431.79,4478.42,4409.15,4461.87,0.0
2009-06-12 00:00:00,4461.17,4471.95,4427.24,4441.95,0.0
2009-06-13 00:00:00,4441.95,4441.95,4441.95,4441.95,0.0
2009-06-14 00:00:00,4441.95,4441.95,4441.95,4441.95,0.0
2009-06-15 00:00:00,4427.19,4427.19,4319.79,4326.01,0.0
2009-06-16 00:00:00,4329.72,4372.85,4321.56,4328.57,0.0
2009-06-17 00:00:00,4317.15,4328.69,4254.62,4278.46,0.0
2009-06-18 00:00:00,4284.09,4305.43,4239.74,4280.86,0.0
2009-06-19 00:00:00,4291.57,4370.26,4279.85,4345.93,0.0
2009-06-20 00:00:00,4345.93,4345.93,4345.93,4345.93,0.0
2009-06-21 00:00:00,4345.93,4345.93,4345.93,4345.93,0.0
2009-06-22 00:00:00,4343.85,4343.85,4234.05,4234.05,0.0
2009-06-23 00:00:00,4224.33,4264.0,4214.88,4230.02,0.0
2009-06-24 00:00:00,4238.26,4293.0,4218.39,4279.98,0.0
2009-06-25 00:00:00,4276.91,4290.36,4213.4,4252.57,0.0
2009-06-26 00:00:00,4264.6,4307.16,4216.46,4241.01,0.0
2009-06-27 00:00:00,4241.01,4241.01,4241.01,4241.01,0.0
2009-06-28 00:00:00,4241.01,4241.01,4241.01,4241.01,0.0
2009-06-29 00:00:00,4238.93,4303.55,4235.19,4294.03,0.0
2009-06-30 00:00:00,4301.77,4311.23,4230.63,4249.21,0.0
2009-07-01 00:00:00,4255.23,4353.03,4255.23,4340.71,0.0
2009-07-02 00:00:00,4332.55,4332.55,4230.76,4234.27,0.0
2009-07-03 00:00:00,4238.22,4264.81,4221.19,4236.28,0.0
2009-07-04 00:00:00,4236.28,4236.28,4236.28,4236.28,0.0
2009-07-05 00:00:00,4236.28,4236.28,4236.28,4236.28,0.0
2009-07-06 00:00:00,4221.42,4221.42,4172.33,4194.91,0.0
2009-07-07 00:00:00,4202.44,4242.07,4184.36,4187.0,0.0
2009-07-08 00:00:00,4184.34,4197.55,4130.56,4140.23,0.0
2009-07-09 00:00:00,4157.02,4186.41,4140.89,4158.66,0.0
2009-07-10 00:00:00,4146.46,4160.48,4123.49,4127.17,0.0
2009-07-11 00:00:00,4127.17,4127.17,4127.17,4127.17,0.0
2009-07-12 00:00:00,4127.17,4127.17,4127.17,4127.17,0.0
2009-07-13 00:00:00,4120.02,4209.25,4096.08,4202.13,0.0
2009-07-14 00:00:00,4216.7,4256.37,4198.74,4237.68,0.0
2009-07-15 00:00:00,4251.91,4346.46,4251.91,4346.46,0.0
2009-07-16 00:00:00,4346.41,4385.15,4329.43,4361.84,0.0
2009-07-17 00:00:00,4381.9,4411.91,4369.52,4388.75,0.0
2009-07-18 00:00:00,4388.75,4388.75,4388.75,4388.75,0.0
2009-07-19 00:00:00,4388.75,4388.75,4388.75,4388.75,0.0
2009-07-20 00:00:00,4410.9,4464.81,4396.75,4443.62,0.0
2009-07-21 00:00:00,4444.88,4502.12,4437.81,4481.17,0.0
2009-07-22 00:00:00,4491.01,4497.98,4449.19,4493.73,0.0
2009-07-23 00:00:00,4501.96,4566.77,4472.07,4559.8,0.0
2009-07-24 00:00:00,4556.14,4603.21,4536.45,4576.61,0.0
2009-07-25 00:00:00,4576.61,4576.61,4576.61,4576.61,0.0
2009-07-26 00:00:00,4576.61,4576.61,4576.61,4576.61,0.0
2009-07-27 00:00:00,4599.89,4615.12,4553.09,4586.13,0.0
2009-07-28 00:00:00,4588.48,4616.44,4520.26,4528.84,0.0
2009-07-29 00:00:00,4527.55,4581.78,4512.1,4547.53,0.0
2009-07-30 00:00:00,4567.95,4646.86,4563.54,4631.61,0.0
2009-07-31 00:00:00,4628.93,4645.5,4599.72,4608.36,0.0
2009-08-01 00:00:00,4608.36,4608.36,4608.36,4608.36,0.0
2009-08-02 00:00:00,4608.36,4608.36,4608.36,4608.36,0.0
2009-08-03 00:00:00,4607.5,4710.23,4595.58,4682.46,0.0
2009-08-04 00:00:00,4680.55,4680.55,4627.71,4671.37,0.0
2009-08-05 00:00:00,4666.75,4696.64,4630.63,4647.13,0.0
2009-08-06 00:00:00,4666.6,4729.58,4666.6,4690.53,0.0
2009-08-07 00:00:00,4684.55,4743.62,4632.16,4731.56,0.0
2009-08-08 00:00:00,4731.56,4731.56,4731.56,4731.56,0.0
2009-08-09 00:00:00,4731.56,4731.56,4731.56,4731.56,0.0
2009-08-10 00:00:00,4728.2,4728.2,4688.77,4722.2,0.0
2009-08-11 00:00:00,4724.79,4744.11,4657.78,4671.34,0.0
2009-08-12 00:00:00,4664.13,4722.55,4631.7,4716.76,0.0
2009-08-13 00:00:00,4727.1,4789.98,4720.31,4755.46,0.0
2009-08-14 00:00:00,4758.95,4790.18,4699.5,4713.97,0.0
2009-08-15 00:00:00,4713.97,4713.97,4713.97,4713.97,0.0
2009-08-16 00:00:00,4713.97,4713.97,4713.97,4713.97,0.0
2009-08-17 00:00:00,4704.11,4704.11,4610.34,4645.01,0.0
2009-08-18 00:00:00,4671.3,4688.22,4648.26,4685.78,0.0
2009-08-19 00:00:00,4664.87,4698.5,4625.44,4689.67,0.0
2009-08-20 00:00:00,4717.84,4766.85,4717.84,4756.58,0.0
2009-08-21 00:00:00,4750.52,4858.53,4735.78,4850.89,0.0
2009-08-22 00:00:00,4850.89,4850.89,4850.89,4850.89,0.0
2009-08-23 00:00:00,4850.89,4850.89,4850.89,4850.89,0.0
2009-08-24 00:00:00,4873.8,4911.41,4868.85,4896.23,0.0
2009-08-25 00:00:00,4875.89,4923.28,4858.94,4916.8,0.0
2009-08-26 00:00:00,4911.17,4927.05,4872.35,4890.58,0.0
2009-08-27 00:00:00,4882.91,4906.2,4855.32,4869.35,0.0
2009-08-28 00:00:00,4893.68,4944.16,4891.3,4908.9,0.0
2009-08-29 00:00:00,4908.9,4908.9,4908.9,4908.9,0.0
2009-08-30 00:00:00,4908.9,4908.9,4908.9,4908.9,0.0
2009-08-31 00:00:00,4908.9,4908.9,4908.9,4908.9,0.0
2009-09-01 00:00:00,4908.08,4921.16,4819.7,4819.7,0.0
2009-09-02 00:00:00,4814.49,4821.91,4776.5,4817.55,0.0
2009-09-03 00:00:00,4821.19,4841.51,4788.89,4796.75,0.0
2009-09-04 00:00:00,4811.45,4873.78,4811.45,4851.7,0.0
2009-09-05 00:00:00,4851.7,4851.7,4851.7,4851.7,0.0
2009-09-06 00:00:00,4851.7,4851.7,4851.7,4851.7,0.0
2009-09-07 00:00:00,4866.96,4941.7,4866.96,4933.18,0.0
2009-09-08 00:00:00,4944.56,4971.99,4926.05,4947.34,0.0
2009-09-09 00:00:00,4936.51,5004.3,4928.39,5004.3,0.0
2009-09-10 00:00:00,5017.7,5035.34,4956.56,4987.68,0.0
2009-09-11 00:00:00,4999.97,5038.76,4999.97,5011.47,0.0
2009-09-12 00:00:00,5011.47,5011.47,5011.47,5011.47,0.0
2009-09-13 00:00:00,5011.47,5011.47,5011.47,5011.47,0.0
2009-09-14 00:00:00,4987.22,5020.86,4953.71,5018.85,0.0
2009-09-15 00:00:00,5021.57,5062.69,4996.52,5042.13,0.0
2009-09-16 00:00:00,5048.91,5131.26,5048.91,5124.13,0.0
2009-09-17 00:00:00,5138.48,5173.13,5138.19,5163.95,0.0
2009-09-18 00:00:00,5152.62,5183.88,5147.13,5172.89,0.0
2009-09-19 00:00:00,5172.89,5172.89,5172.89,5172.89,0.0
2009-09-20 00:00:00,5172.89,5172.89,5172.89,5172.89,0.0
2009-09-21 00:00:00,5182.23,5182.23,5107.71,5134.36,0.0
2009-09-22 00:00:00,5145.23,5189.88,5142.6,5142.6,0.0
2009-09-23 00:00:00,5150.67,5175.1,5126.6,5139.37,0.0
2009-09-24 00:00:00,5133.44,5165.41,5073.35,5079.27,0.0
2009-09-25 00:00:00,5094.26,5121.9,5079.02,5082.2,0.0
2009-09-26 00:00:00,5082.2,5082.2,5082.2,5082.2,0.0
2009-09-27 00:00:00,5082.2,5082.2,5082.2,5082.2,0.0
2009-09-28 00:00:00,5087.72,5170.81,5050.78,5165.7,0.0
2009-09-29 00:00:00,5166.72,5184.05,5136.49,5159.72,0.0
2009-09-30 00:00:00,5162.33,5190.0,5092.75,5133.9,0.0
2009-10-01 00:00:00,5136.87,5164.37,5043.98,5047.81,0.0
2009-10-02 00:00:00,5032.57,5032.57,4954.98,4988.7,0.0
2009-10-03 00:00:00,4988.7,4988.7,4988.7,4988.7,0.0
2009-10-04 00:00:00,4988.7,4988.7,4988.7,4988.7,0.0
2009-10-05 00:00:00,4995.33,5024.33,4976.88,5024.33,0.0
2009-10-06 00:00:00,5033.33,5149.9,5033.33,5137.98,0.0
2009-10-07 00:00:00,5133.3,5156.21,5104.49,5108.9,0.0
2009-10-08 00:00:00,5138.95,5172.82,5117.12,5154.64,0.0
2009-10-09 00:00:00,5148.63,5171.53,5130.37,5161.87,0.0
2009-10-10 00:00:00,5161.87,5161.87,5161.87,5161.87,0.0
2009-10-11 00:00:00,5161.87,5161.87,5161.87,5161.87,0.0
2009-10-12 00:00:00,5178.49,5231.19,5175.89,5210.17,0.0
2009-10-13 00:00:00,5212.12,5221.65,5154.15,5154.15,0.0
2009-10-14 00:00:00,5192.93,5261.26,5192.93,5256.1,0.0
2009-10-15 00:00:00,5267.9,5267.9,5218.92,5222.95,0.0
2009-10-16 00:00:00,5243.29,5272.92,5176.38,5190.24,0.0
2009-10-17 00:00:00,5190.24,5190.24,5190.24,5190.24,0.0
2009-10-18 00:00:00,5190.24,5190.24,5190.24,5190.24,0.0
2009-10-19 00:00:00,5209.16,5281.54,5209.16,5281.54,0.0
2009-10-20 00:00:00,5288.63,5298.54,5243.4,5243.4,0.0
2009-10-21 00:00:00,5251.58,5267.98,5174.48,5257.85,0.0
2009-10-22 00:00:00,5213.76,5220.69,5166.46,5207.36,0.0
2009-10-23 00:00:00,5225.28,5299.57,5225.28,5242.57,0.0
2009-10-24 00:00:00,5242.57,5242.57,5242.57,5242.57,0.0
2009-10-25 00:00:00,5242.57,5242.57,5242.57,5242.57,0.0
2009-10-26 00:00:00,5248.82,5281.12,5166.44,5191.74,0.0
2009-10-27 00:00:00,5194.94,5230.57,5181.91,5200.97,0.0
2009-10-28 00:00:00,5191.67,5191.67,5074.11,5080.42,0.0
2009-10-29 00:00:00,5075.21,5145.58,5042.66,5137.72,0.0
2009-10-30 00:00:00,5142.75,5169.85,5024.43,5044.55,0.0
2009-10-31 00:00:00,5044.55,5044.55,5044.55,5044.55,0.0
2009-11-01 00:00:00,5044.55,5044.55,5044.55,5044.55,0.0
2009-11-02 00:00:00,5033.47,5115.7,5022.52,5104.5,0.0
2009-11-03 00:00:00,5082.18,5082.18,4985.09,5037.21,0.0
2009-11-04 00:00:00,5047.43,5120.82,5047.43,5107.89,0.0
2009-11-05 00:00:00,5107.14,5154.63,5036.91,5125.64,0.0
2009-11-06 00:00:00,5127.9,5159.04,5077.86,5142.72,0.0
2009-11-07 00:00:00,5142.72,5142.72,5142.72,5142.72,0.0
2009-11-08 00:00:00,5142.72,5142.72,5142.72,5142.72,0.0
2009-11-09 00:00:00,5165.04,5240.02,5165.04,5235.18,0.0
2009-11-10 00:00:00,5237.13,5264.32,5221.51,5230.55,0.0
2009-11-11 00:00:00,5242.08,5301.14,5242.08,5266.75,0.0
2009-11-12 00:00:00,5267.63,5304.94,5254.11,5276.5,0.0
2009-11-13 00:00:00,5276.75,5297.44,5251.27,5296.38,0.0
2009-11-14 00:00:00,5296.38,5296.38,5296.38,5296.38,0.0
2009-11-15 00:00:00,5296.38,5296.38,5296.38,5296.38,0.0
2009-11-16 00:00:00,5319.08,5396.96,5319.08,5382.67,0.0
2009-11-17 00:00:00,5362.07,5370.59,5337.01,5345.93,0.0
2009-11-18 00:00:00,5348.21,5372.1,5331.64,5342.13,0.0
2009-11-19 00:00:00,5337.62,5343.82,5254.18,5267.7,0.0
2009-11-20 00:00:00,5272.65,5309.39,5224.01,5251.41,0.0
2009-11-21 00:00:00,5251.41,5251.41,5251.41,5251.41,0.0
2009-11-22 00:00:00,5251.41,5251.41,5251.41,5251.41,0.0
2009-11-23 00:00:00,5275.14,5379.48,5275.14,5355.5,0.0
2009-11-24 00:00:00,5334.21,5374.89,5309.13,5323.96,0.0
2009-11-25 00:00:00,5343.41,5372.22,5328.62,5364.81,0.0
2009-11-26 00:00:00,5344.84,5344.84,5189.38,5194.13,0.0
2009-11-27 00:00:00,5152.86,5270.99,5103.78,5245.73,0.0
2009-11-28 00:00:00,5245.73,5245.73,5245.73,5245.73,0.0
2009-11-29 00:00:00,5245.73,5245.73,5245.73,5245.73,0.0
2009-11-30 00:00:00,5245.69,5270.36,5190.68,5190.68,0.0
2009-12-01 00:00:00,5191.39,5312.17,5191.39,5312.17,0.0
2009-12-02 00:00:00,5312.41,5348.45,5283.04,5327.39,0.0
2009-12-03 00:00:00,5327.44,5372.39,5311.85,5313.0,0.0
2009-12-04 00:00:00,5313.69,5373.94,5272.75,5322.36,0.0
2009-12-05 00:00:00,5322.36,5322.36,5322.36,5322.36,0.0
2009-12-06 00:00:00,5322.36,5322.36,5322.36,5322.36,0.0
2009-12-07 00:00:00,5322.42,5328.78,5250.98,5310.66,0.0
2009-12-08 00:00:00,5310.17,5323.36,5206.38,5223.13,0.0
2009-12-09 00:00:00,5221.78,5245.94,5175.66,5203.89,0.0
2009-12-10 00:00:00,5203.91,5254.52,5194.49,5244.37,0.0
2009-12-11 00:00:00,5247.82,5311.98,5247.82,5261.57,0.0
2009-12-12 00:00:00,5261.57,5261.57,5261.57,5261.57,0.0
2009-12-13 00:00:00,5261.57,5261.57,5261.57,5261.57,0.0
2009-12-14 00:00:00,5261.67,5330.96,5261.67,5315.34,0.0
2009-12-15 00:00:00,5315.42,5328.11,5250.78,5285.77,0.0
2009-12-16 00:00:00,5285.81,5335.32,5283.89,5320.26,0.0
2009-12-17 00:00:00,5318.26,5318.26,5217.61,5217.61,0.0
2009-12-18 00:00:00,5217.39,5287.62,5196.81,5196.81,0.0
2009-12-19 00:00:00,5196.81,5196.81,5196.81,5196.81,0.0
2009-12-20 00:00:00,5196.81,5196.81,5196.81,5196.81,0.0
2009-12-21 00:00:00,5197.58,5319.98,5197.58,5293.99,0.0
2009-12-22 00:00:00,5294.37,5361.9,5294.37,5328.66,0.0
2009-12-23 00:00:00,5328.78,5386.6,5328.78,5372.38,0.0
2009-12-24 00:00:00,5373.62,5402.41,5367.84,5402.41,0.0
2009-12-25 00:00:00,5402.41,5402.41,5402.41,5402.41,0.0
2009-12-26 00:00:00,5402.41,5402.41,5402.41,5402.41,0.0
2009-12-27 00:00:00,5402.41,5402.41,5402.41,5402.41,0.0
2009-12-28 00:00:00,5402.41,5402.41,5402.41,5402.41,0.0
2009-12-29 00:00:00,5405.44,5445.17,5403.97,5437.61,0.0
2009-12-30 00:00:00,5438.05,5442.82,5390.58,5397.86,0.0
2009-12-31 00:00:00,5400.0,5431.9,5390.39,5412.88,0.0
2010-01-01 00:00:00,5412.88,5412.88,5412.88,5412.88,0.0
2010-01-02 00:00:00,5412.88,5412.88,5412.88,5412.88,0.0
2010-01-03 00:00:00,5412.88,5412.88,5412.88,5412.88,0.0
2010-01-04 00:00:00,5412.8,5500.34,5410.82,5500.34,0.0
2010-01-05 00:00:00,5500.39,5536.38,5480.71,5522.5,0.0
2010-01-06 00:00:00,5522.6,5536.48,5497.65,5530.04,0.0
2010-01-07 00:00:00,5530.24,5551.66,5499.8,5526.72,0.0
2010-01-08 00:00:00,5526.15,5549.25,5494.79,5534.24,0.0
2010-01-09 00:00:00,5534.24,5534.24,5534.24,5534.24,0.0
2010-01-10 00:00:00,5534.24,5534.24,5534.24,5534.24,0.0
2010-01-11 00:00:00,5534.25,5600.48,5527.89,5538.07,0.0
2010-01-12 00:00:00,5536.94,5549.61,5459.94,5498.71,0.0
2010-01-13 00:00:00,5496.79,5509.67,5450.85,5473.48,0.0
2010-01-14 00:00:00,5473.55,5521.9,5473.55,5498.2,0.0
2010-01-15 00:00:00,5498.21,5527.02,5450.38,5455.37,0.0
2010-01-16 00:00:00,5455.37,5455.37,5455.37,5455.37,0.0
2010-01-17 00:00:00,5455.37,5455.37,5455.37,5455.37,0.0
2010-01-18 00:00:00,5456.85,5504.0,5454.31,5494.39,0.0
2010-01-19 00:00:00,5493.97,5531.93,5431.25,5513.14,0.0
2010-01-20 00:00:00,5511.75,5511.75,5404.03,5420.8,0.0
2010-01-21 00:00:00,5420.84,5468.38,5331.56,5335.1,0.0
2010-01-22 00:00:00,5334.77,5345.6,5253.04,5302.99,0.0
2010-01-23 00:00:00,5302.99,5302.99,5302.99,5302.99,0.0
2010-01-24 00:00:00,5302.99,5302.99,5302.99,5302.99,0.0
2010-01-25 00:00:00,5302.76,5330.61,5252.92,5260.31,0.0
2010-01-26 00:00:00,5260.23,5276.85,5215.73,5276.85,0.0
2010-01-27 00:00:00,5276.77,5276.77,5192.58,5217.47,0.0
2010-01-28 00:00:00,5219.54,5280.36,5145.74,5145.74,0.0
2010-01-29 00:00:00,5146.03,5230.16,5146.03,5188.52,0.0
2010-01-30 00:00:00,5188.52,5188.52,5188.52,5188.52,0.0
2010-01-31 00:00:00,5188.52,5188.52,5188.52,5188.52,0.0
2010-02-01 00:00:00,5186.64,5250.07,5163.57,5247.41,0.0
2010-02-02 00:00:00,5247.4,5289.05,5208.21,5283.31,0.0
2010-02-03 00:00:00,5284.86,5305.41,5237.72,5253.15,0.0
2010-02-04 00:00:00,5250.14,5262.22,5123.86,5139.31,0.0
2010-02-05 00:00:00,5139.13,5139.13,5033.78,5060.92,0.0
2010-02-06 00:00:00,5060.92,5060.92,5060.92,5060.92,0.0
2010-02-07 00:00:00,5060.92,5060.92,5060.92,5060.92,0.0
2010-02-08 00:00:00,5061.01,5118.12,5033.01,5092.33,0.0
2010-02-09 00:00:00,5092.35,5132.93,5084.75,5111.84,0.0
2010-02-10 00:00:00,5115.42,5181.21,5105.3,5131.99,0.0
2010-02-11 00:00:00,5132.95,5201.82,5114.53,5161.48,0.0
2010-02-12 00:00:00,5161.49,5207.73,5117.38,5142.45,0.0
2010-02-13 00:00:00,5142.45,5142.45,5142.45,5142.45,0.0
2010-02-14 00:00:00,5142.45,5142.45,5142.45,5142.45,0.0
2010-02-15 00:00:00,5142.59,5194.29,5142.59,5167.47,0.0
2010-02-16 00:00:00,5167.51,5248.08,5167.51,5244.06,0.0
2010-02-17 00:00:00,5244.14,5304.54,5244.14,5276.64,0.0
2010-02-18 00:00:00,5276.56,5326.42,5261.71,5325.09,0.0
2010-02-19 00:00:00,5324.98,5366.14,5281.41,5358.17,0.0
2010-02-20 00:00:00,5358.17,5358.17,5358.17,5358.17,0.0
2010-02-21 00:00:00,5358.17,5358.17,5358.17,5358.17,0.0
2010-02-22 00:00:00,5359.4,5387.03,5348.15,5352.07,0.0
2010-02-23 00:00:00,5356.07,5395.48,5302.03,5315.09,0.0
2010-02-24 00:00:00,5314.98,5357.87,5298.23,5342.92,0.0
2010-02-25 00:00:00,5341.56,5370.44,5259.71,5278.22,0.0
2010-02-26 00:00:00,5278.46,5367.75,5278.46,5354.52,0.0
2010-02-27 00:00:00,5354.52,5354.52,5354.52,5354.52,0.0
2010-02-28 00:00:00,5354.52,5354.52,5354.52,5354.52,0.0
2010-03-01 00:00:00,5354.75,5420.83,5354.75,5405.94,0.0
2010-03-02 00:00:00,5405.99,5485.01,5403.73,5484.06,0.0
2010-03-03 00:00:00,5484.27,5541.81,5465.29,5533.21,0.0
2010-03-04 00:00:00,5533.13,5544.23,5501.08,5527.16,0.0
2010-03-05 00:00:00,5528.96,5605.38,5528.96,5599.76,0.0
2010-03-06 00:00:00,5599.76,5599.76,5599.76,5599.76,0.0
2010-03-07 00:00:00,5599.76,5599.76,5599.76,5599.76,0.0
2010-03-08 00:00:00,5599.87,5621.15,5579.16,5606.72,0.0
2010-03-09 00:00:00,5606.09,5618.43,5563.14,5602.3,0.0
2010-03-10 00:00:00,5602.26,5645.25,5585.35,5640.57,0.0
2010-03-11 00:00:00,5640.51,5642.87,5594.74,5617.26,0.0
2010-03-12 00:00:00,5617.3,5646.68,5612.39,5625.65,0.0
2010-03-13 00:00:00,5625.65,5625.65,5625.65,5625.65,0.0
2010-03-14 00:00:00,5625.65,5625.65,5625.65,5625.65,0.0
2010-03-15 00:00:00,5625.73,5627.02,5588.2,5593.85,0.0
2010-03-16 00:00:00,5593.89,5637.7,5593.89,5620.43,0.0
2010-03-17 00:00:00,5620.45,5657.77,5620.45,5644.63,0.0
2010-03-18 00:00:00,5644.52,5660.99,5619.17,5642.62,0.0
2010-03-19 00:00:00,5642.69,5691.22,5633.53,5650.12,0.0
2010-03-20 00:00:00,5650.12,5650.12,5650.12,5650.12,0.0
2010-03-21 00:00:00,5650.12,5650.12,5650.12,5650.12,0.0
2010-03-22 00:00:00,5648.01,5648.01,5583.49,5644.54,0.0
2010-03-23 00:00:00,5644.58,5695.94,5644.58,5673.63,0.0
2010-03-24 00:00:00,5674.35,5698.87,5636.01,5677.88,0.0
2010-03-25 00:00:00,5677.95,5737.1,5673.14,5727.65,0.0
2010-03-26 00:00:00,5727.61,5727.61,5695.5,5703.02,0.0
2010-03-27 00:00:00,5703.02,5703.02,5703.02,5703.02,0.0
2010-03-28 00:00:00,5703.02,5703.02,5703.02,5703.02,0.0
2010-03-29 00:00:00,5703.1,5733.11,5684.62,5710.66,0.0
2010-03-30 00:00:00,5710.59,5742.75,5662.84,5672.32,0.0
2010-03-31 00:00:00,5671.76,5698.47,5646.29,5679.64,0.0
2010-04-01 00:00:00,5679.74,5744.89,5679.48,5744.89,0.0
2010-04-02 00:00:00,5744.89,5744.89,5744.89,5744.89,0.0
2010-04-03 00:00:00,5744.89,5744.89,5744.89,5744.89,0.0
2010-04-04 00:00:00,5744.89,5744.89,5744.89,5744.89,0.0
2010-04-05 00:00:00,5744.89,5744.89,5744.89,5744.89,0.0
2010-04-06 00:00:00,5744.73,5790.4,5744.59,5780.35,0.0
2010-04-07 00:00:00,5780.38,5782.25,5753.42,5762.06,0.0
2010-04-08 00:00:00,5762.04,5762.04,5684.52,5712.7,0.0
2010-04-09 00:00:00,5712.88,5773.6,5712.88,5770.98,0.0
2010-04-10 00:00:00,5770.98,5770.98,5770.98,5770.98,0.0
2010-04-11 00:00:00,5770.98,5770.98,5770.98,5770.98,0.0
2010-04-12 00:00:00,5770.97,5803.71,5755.78,5777.65,0.0
2010-04-13 00:00:00,5777.66,5778.92,5741.92,5761.66,0.0
2010-04-14 00:00:00,5762.44,5812.84,5762.44,5796.25,0.0
2010-04-15 00:00:00,5796.32,5832.34,5778.37,5825.01,0.0
2010-04-16 00:00:00,5824.77,5833.73,5726.35,5743.96,0.0
2010-04-17 00:00:00,5743.96,5743.96,5743.96,5743.96,0.0
2010-04-18 00:00:00,5743.96,5743.96,5743.96,5743.96,0.0
2010-04-19 00:00:00,5743.86,5748.33,5697.24,5727.91,0.0
2010-04-20 00:00:00,5730.04,5796.61,5730.04,5783.69,0.0
2010-04-21 00:00:00,5783.46,5796.99,5721.28,5723.43,0.0
2010-04-22 00:00:00,5723.46,5761.36,5652.35,5665.33,0.0
2010-04-23 00:00:00,5665.98,5740.88,5665.98,5723.65,0.0
2010-04-24 00:00:00,5723.65,5723.65,5723.65,5723.65,0.0
2010-04-25 00:00:00,5723.65,5723.65,5723.65,5723.65,0.0
2010-04-26 00:00:00,5723.74,5800.66,5723.74,5753.85,0.0
2010-04-27 00:00:00,5753.79,5758.64,5603.52,5603.52,0.0
2010-04-28 00:00:00,5603.49,5639.98,5533.6,5586.61,0.0
2010-04-29 00:00:00,5586.41,5638.82,5579.69,5617.84,0.0
2010-04-30 00:00:00,5617.93,5643.87,5540.6,5553.29,0.0
2010-05-01 00:00:00,5553.29,5553.29,5553.29,5553.29,0.0
2010-05-02 00:00:00,5553.29,5553.29,5553.29,5553.29,0.0
2010-05-03 00:00:00,5553.29,5553.29,5553.29,5553.29,0.0
2010-05-04 00:00:00,5553.47,5565.99,5398.86,5411.11,0.0
2010-05-05 00:00:00,5411.34,5428.77,5304.61,5341.93,0.0
2010-05-06 00:00:00,5341.69,5371.54,5251.28,5260.99,0.0
2010-05-07 00:00:00,5260.41,5264.48,5045.3,5123.02,0.0
2010-05-08 00:00:00,5123.02,5123.02,5123.02,5123.02,0.0
2010-05-09 00:00:00,5123.02,5123.02,5123.02,5123.02,0.0
2010-05-10 00:00:00,5123.41,5399.75,5123.41,5387.42,0.0
2010-05-11 00:00:00,5385.08,5385.08,5257.15,5334.21,0.0
2010-05-12 00:00:00,5334.06,5401.02,5284.65,5383.45,0.0
2010-05-13 00:00:00,5383.49,5435.99,5381.55,5433.73,0.0
2010-05-14 00:00:00,5433.62,5433.62,5245.38,5262.85,0.0
2010-05-15 00:00:00,5262.85,5262.85,5262.85,5262.85,0.0
2010-05-16 00:00:00,5262.85,5262.85,5262.85,5262.85,0.0
2010-05-17 00:00:00,5262.6,5327.46,5231.6,5262.54,0.0
2010-05-18 00:00:00,5262.79,5341.41,5262.79,5307.34,0.0
2010-05-19 00:00:00,5302.47,5302.47,5158.08,5158.08,0.0
2010-05-20 00:00:00,5158.26,5230.18,5000.76,5073.13,0.0
2010-05-21 00:00:00,5073.05,5083.96,4957.06,5062.93,0.0
2010-05-22 00:00:00,5062.93,5062.93,5062.93,5062.93,0.0
2010-05-23 00:00:00,5062.93,5062.93,5062.93,5062.93,0.0
2010-05-24 00:00:00,5062.88,5109.44,5021.6,5069.61,0.0
2010-05-25 00:00:00,5059.78,5060.19,4898.49,4940.68,0.0
2010-05-26 00:00:00,4940.48,5097.91,4940.48,5038.08,0.0
2010-05-27 00:00:00,5038.24,5195.37,5038.24,5195.17,0.0
2010-05-28 00:00:00,5195.55,5240.27,5186.04,5188.43,0.0
2010-05-29 00:00:00,5188.43,5188.43,5188.43,5188.43,0.0
2010-05-30 00:00:00,5188.43,5188.43,5188.43,5188.43,0.0
2010-05-31 00:00:00,5188.43,5188.43,5188.43,5188.43,0.0
2010-06-01 00:00:00,5188.45,5192.08,5063.2,5163.3,0.0
2010-06-02 00:00:00,5163.07,5163.07,5072.53,5151.32,0.0
2010-06-03 00:00:00,5151.54,5262.5,5151.54,5211.18,0.0
2010-06-04 00:00:00,5211.3,5261.71,5102.05,5126.0,0.0
2010-06-05 00:00:00,5126.0,5126.0,5126.0,5126.0,0.0
2010-06-06 00:00:00,5126.0,5126.0,5126.0,5126.0,0.0
2010-06-07 00:00:00,5125.94,5125.94,5040.26,5069.06,0.0
2010-06-08 00:00:00,5070.93,5084.13,4984.66,5028.15,0.0
2010-06-09 00:00:00,5028.32,5085.86,4998.06,5085.86,0.0
2010-06-10 00:00:00,5085.63,5149.69,5030.93,5132.5,0.0
2010-06-11 00:00:00,5132.84,5184.37,5116.72,5163.68,0.0
2010-06-12 00:00:00,5163.68,5163.68,5163.68,5163.68,0.0
2010-06-13 00:00:00,5163.68,5163.68,5163.68,5163.68,0.0
2010-06-14 00:00:00,5163.85,5215.22,5163.85,5202.13,0.0
2010-06-15 00:00:00,5201.71,5242.08,5149.13,5217.82,0.0
2010-06-16 00:00:00,5218.03,5257.26,5209.39,5237.92,0.0
2010-06-17 00:00:00,5237.87,5293.76,5233.2,5253.89,0.0
2010-06-18 00:00:00,5253.95,5289.14,5239.37,5250.84,0.0
2010-06-19 00:00:00,5250.84,5250.84,5250.84,5250.84,0.0
2010-06-20 00:00:00,5250.84,5250.84,5250.84,5250.84,0.0
2010-06-21 00:00:00,5259.82,5331.46,5259.82,5299.11,0.0
2010-06-22 00:00:00,5299.02,5299.02,5210.02,5246.98,0.0
2010-06-23 00:00:00,5246.72,5247.85,5165.82,5178.52,0.0
2010-06-24 00:00:00,5178.67,5211.8,5090.96,5100.23,0.0
2010-06-25 00:00:00,5100.21,5130.5,5031.72,5046.47,0.0
2010-06-26 00:00:00,5046.47,5046.47,5046.47,5046.47,0.0
2010-06-27 00:00:00,5046.47,5046.47,5046.47,5046.47,0.0
2010-06-28 00:00:00,5046.49,5085.65,5024.7,5071.68,0.0
2010-06-29 00:00:00,5071.31,5071.31,4899.02,4914.22,0.0
2010-06-30 00:00:00,4914.37,4961.9,4898.51,4916.87,0.0
2010-07-01 00:00:00,4916.72,4916.72,4790.04,4805.75,0.0
2010-07-02 00:00:00,4806.18,4880.88,4806.18,4838.09,0.0
2010-07-03 00:00:00,4838.09,4838.09,4838.09,4838.09,0.0
2010-07-04 00:00:00,4838.09,4838.09,4838.09,4838.09,0.0
2010-07-05 00:00:00,4838.12,4863.35,4821.09,4823.53,0.0
2010-07-06 00:00:00,4823.61,4967.65,4823.61,4965.0,0.0
2010-07-07 00:00:00,4964.7,5014.82,4891.97,5014.82,0.0
2010-07-08 00:00:00,5015.02,5123.53,5015.02,5105.45,0.0
2010-07-09 00:00:00,5105.6,5150.64,5098.79,5132.94,0.0
2010-07-10 00:00:00,5132.94,5132.94,5132.94,5132.94,0.0
2010-07-11 00:00:00,5132.94,5132.94,5132.94,5132.94,0.0
2010-07-12 00:00:00,5132.9,5193.22,5128.6,5167.02,0.0
2010-07-13 00:00:00,5167.08,5272.3,5167.01,5271.02,0.0
2010-07-14 00:00:00,5272.62,5287.28,5205.78,5253.52,0.0
2010-07-15 00:00:00,5252.67,5268.41,5187.46,5211.29,0.0
2010-07-16 00:00:00,5211.8,5273.58,5153.29,5158.85,0.0
2010-07-17 00:00:00,5158.85,5158.85,5158.85,5158.85,0.0
2010-07-18 00:00:00,5158.85,5158.85,5158.85,5158.85,0.0
2010-07-19 00:00:00,5158.67,5196.77,5111.89,5148.28,0.0
2010-07-20 00:00:00,5148.81,5179.99,5090.57,5139.46,0.0
2010-07-21 00:00:00,5140.09,5244.88,5140.09,5214.64,0.0
2010-07-22 00:00:00,5214.43,5319.48,5180.98,5313.81,0.0
2010-07-23 00:00:00,5314.01,5328.51,5272.67,5312.62,0.0
2010-07-24 00:00:00,5312.62,5312.62,5312.62,5312.62,0.0
2010-07-25 00:00:00,5312.62,5312.62,5312.62,5312.62,0.0
2010-07-26 00:00:00,5312.69,5351.92,5301.29,5351.12,0.0
2010-07-27 00:00:00,5351.37,5411.45,5351.37,5365.67,0.0
2010-07-28 00:00:00,5365.71,5398.1,5314.57,5319.68,0.0
2010-07-29 00:00:00,5317.81,5375.23,5313.95,5313.95,0.0
2010-07-30 00:00:00,5314.18,5322.67,5245.52,5258.02,0.0
2010-07-31 00:00:00,5258.02,5258.02,5258.02,5258.02,0.0
2010-08-01 00:00:00,5258.02,5258.02,5258.02,5258.02,0.0
2010-08-02 00:00:00,5259.04,5401.69,5259.04,5397.11,0.0
2010-08-03 00:00:00,5397.05,5397.26,5353.49,5396.48,0.0
2010-08-04 00:00:00,5396.45,5406.83,5318.79,5386.16,0.0
2010-08-05 00:00:00,5382.59,5416.76,5356.83,5365.78,0.0
2010-08-06 00:00:00,5365.99,5408.06,5307.6,5332.39,0.0
2010-08-07 00:00:00,5332.39,5332.39,5332.39,5332.39,0.0
2010-08-08 00:00:00,5332.39,5332.39,5332.39,5332.39,0.0
2010-08-09 00:00:00,5332.66,5418.58,5332.66,5410.52,0.0
2010-08-10 00:00:00,5410.54,5411.56,5348.11,5376.41,0.0
2010-08-11 00:00:00,5376.23,5376.23,5245.03,5245.21,0.0
2010-08-12 00:00:00,5245.05,5272.5,5210.55,5266.06,0.0
2010-08-13 00:00:00,5266.17,5308.84,5225.91,5275.44,0.0
2010-08-14 00:00:00,5275.44,5275.44,5275.44,5275.44,0.0
2010-08-15 00:00:00,5275.44,5275.44,5275.44,5275.44,0.0
2010-08-16 00:00:00,5275.61,5304.64,5228.64,5276.1,0.0
2010-08-17 00:00:00,5276.14,5351.45,5276.14,5350.55,0.0
2010-08-18 00:00:00,5349.97,5349.97,5296.93,5302.87,0.0
2010-08-19 00:00:00,5303.1,5336.35,5205.64,5211.29,0.0
2010-08-20 00:00:00,5211.23,5233.02,5160.43,5195.28,0.0
2010-08-21 00:00:00,5195.28,5195.28,5195.28,5195.28,0.0
2010-08-22 00:00:00,5195.28,5195.28,5195.28,5195.28,0.0
2010-08-23 00:00:00,5195.29,5268.43,5186.92,5234.84,0.0
2010-08-24 00:00:00,5234.8,5234.8,5109.88,5155.95,0.0
2010-08-25 00:00:00,5155.86,5168.46,5070.94,5109.4,0.0
2010-08-26 00:00:00,5109.52,5167.76,5109.52,5155.84,0.0
2010-08-27 00:00:00,5155.77,5211.58,5121.0,5201.56,0.0
2010-08-28 00:00:00,5201.56,5201.56,5201.56,5201.56,0.0
2010-08-29 00:00:00,5201.56,5201.56,5201.56,5201.56,0.0
2010-08-30 00:00:00,5201.56,5201.56,5201.56,5201.56,0.0
2010-08-31 00:00:00,5200.98,5225.22,5129.66,5225.22,0.0
2010-09-01 00:00:00,5225.58,5366.41,5225.58,5366.41,0.0
2010-09-02 00:00:00,5366.69,5383.72,5346.96,5371.04,0.0
2010-09-03 00:00:00,5371.06,5454.01,5371.06,5428.15,0.0
2010-09-04 00:00:00,5428.15,5428.15,5428.15,5428.15,0.0
2010-09-05 00:00:00,5428.15,5428.15,5428.15,5428.15,0.0
2010-09-06 00:00:00,5428.4,5459.4,5428.32,5439.19,0.0
2010-09-07 00:00:00,5439.18,5439.21,5381.07,5407.82,0.0
2010-09-08 00:00:00,5407.76,5445.62,5361.42,5429.74,0.0
2010-09-09 00:00:00,5429.52,5505.66,5412.48,5494.16,0.0
2010-09-10 00:00:00,5494.01,5511.52,5475.94,5501.64,0.0
2010-09-11 00:00:00,5501.64,5501.64,5501.64,5501.64,0.0
2010-09-12 00:00:00,5501.64,5501.64,5501.64,5501.64,0.0
2010-09-13 00:00:00,5501.79,5571.39,5501.71,5565.53,0.0
2010-09-14 00:00:00,5565.43,5582.46,5541.5,5567.41,0.0
2010-09-15 00:00:00,5566.64,5578.69,5535.95,5555.56,0.0
2010-09-16 00:00:00,5555.74,5564.46,5533.96,5540.14,0.0
2010-09-17 00:00:00,5540.19,5612.89,5508.45,5508.45,0.0
2010-09-18 00:00:00,5508.45,5508.45,5508.45,5508.45,0.0
2010-09-19 00:00:00,5508.45,5508.45,5508.45,5508.45,0.0
2010-09-20 00:00:00,5508.63,5607.31,5508.62,5602.54,0.0
2010-09-21 00:00:00,5601.78,5635.72,5576.19,5576.19,0.0
2010-09-22 00:00:00,5576.24,5597.55,5516.86,5551.91,0.0
2010-09-23 00:00:00,5552.16,5588.79,5471.69,5547.08,0.0
2010-09-24 00:00:00,5547.06,5612.54,5516.46,5598.48,0.0
2010-09-25 00:00:00,5598.48,5598.48,5598.48,5598.48,0.0
2010-09-26 00:00:00,5598.48,5598.48,5598.48,5598.48,0.0
2010-09-27 00:00:00,5598.52,5615.78,5569.89,5573.42,0.0
2010-09-28 00:00:00,5572.71,5582.05,5506.07,5578.44,0.0
2010-09-29 00:00:00,5578.71,5624.5,5544.72,5569.27,0.0
2010-09-30 00:00:00,5569.05,5650.33,5539.06,5548.62,0.0
2010-10-01 00:00:00,5548.67,5615.14,5547.55,5592.9,0.0
2010-10-02 00:00:00,5592.9,5592.9,5592.9,5592.9,0.0
2010-10-03 00:00:00,5592.9,5592.9,5592.9,5592.9,0.0
2010-10-04 00:00:00,5592.84,5601.22,5550.79,5555.97,0.0
2010-10-05 00:00:00,5554.55,5646.08,5550.57,5635.76,0.0
2010-10-06 00:00:00,5635.82,5695.51,5635.82,5681.39,0.0
2010-10-07 00:00:00,5681.51,5707.33,5650.78,5662.13,0.0
2010-10-08 00:00:00,5662.2,5663.74,5606.6,5657.61,0.0
2010-10-09 00:00:00,5657.61,5657.61,5657.61,5657.61,0.0
2010-10-10 00:00:00,5657.61,5657.61,5657.61,5657.61,0.0
2010-10-11 00:00:00,5657.51,5685.95,5655.7,5672.4,0.0
2010-10-12 00:00:00,5672.35,5677.02,5597.46,5661.59,0.0
2010-10-13 00:00:00,5664.27,5760.49,5662.38,5747.35,0.0
2010-10-14 00:00:00,5747.46,5770.92,5712.88,5727.21,0.0
2010-10-15 00:00:00,5727.62,5743.92,5665.95,5703.37,0.0
2010-10-16 00:00:00,5703.37,5703.37,5703.37,5703.37,0.0
2010-10-17 00:00:00,5703.37,5703.37,5703.37,5703.37,0.0
2010-10-18 00:00:00,5700.05,5748.81,5670.07,5742.52,0.0
2010-10-19 00:00:00,5742.68,5761.93,5690.58,5703.89,0.0
2010-10-20 00:00:00,5703.91,5729.96,5680.43,5728.93,0.0
2010-10-21 00:00:00,5728.94,5786.73,5698.02,5757.86,0.0
2010-10-22 00:00:00,5757.63,5758.01,5724.31,5741.37,0.0
2010-10-23 00:00:00,5741.37,5741.37,5741.37,5741.37,0.0
2010-10-24 00:00:00,5741.37,5741.37,5741.37,5741.37,0.0
2010-10-25 00:00:00,5741.41,5794.31,5741.41,5751.98,0.0
2010-10-26 00:00:00,5751.97,5754.2,5677.2,5707.3,0.0
2010-10-27 00:00:00,5707.14,5707.14,5630.85,5646.02,0.0
2010-10-28 00:00:00,5646.16,5711.82,5645.96,5677.89,0.0
2010-10-29 00:00:00,5678.09,5699.23,5647.05,5675.16,0.0
2010-10-30 00:00:00,5675.16,5675.16,5675.16,5675.16,0.0
2010-10-31 00:00:00,5675.16,5675.16,5675.16,5675.16,0.0
2010-11-01 00:00:00,5675.13,5733.01,5667.39,5694.62,0.0
2010-11-02 00:00:00,5694.6,5771.63,5690.44,5757.43,0.0
2010-11-03 00:00:00,5757.48,5773.73,5730.47,5748.97,0.0
2010-11-04 00:00:00,5749.23,5876.03,5749.11,5862.79,0.0
2010-11-05 00:00:00,5862.92,5899.37,5834.03,5875.35,0.0
2010-11-06 00:00:00,5875.35,5875.35,5875.35,5875.35,0.0
2010-11-07 00:00:00,5875.35,5875.35,5875.35,5875.35,0.0
2010-11-08 00:00:00,5875.39,5880.99,5841.29,5849.96,0.0
2010-11-09 00:00:00,5849.9,5902.11,5847.43,5875.19,0.0
2010-11-10 00:00:00,5875.15,5876.97,5796.23,5816.94,0.0
2010-11-11 00:00:00,5816.67,5846.45,5792.56,5815.23,0.0
2010-11-12 00:00:00,5814.88,5831.81,5711.73,5796.87,0.0
2010-11-13 00:00:00,5796.87,5796.87,5796.87,5796.87,0.0
2010-11-14 00:00:00,5796.87,5796.87,5796.87,5796.87,0.0
2010-11-15 00:00:00,5796.64,5832.88,5755.68,5820.41,0.0
2010-11-16 00:00:00,5820.43,5820.43,5680.87,5681.9,0.0
2010-11-17 00:00:00,5681.84,5704.39,5659.65,5692.56,0.0
2010-11-18 00:00:00,5692.76,5782.98,5692.76,5768.71,0.0
2010-11-19 00:00:00,5768.68,5774.07,5684.49,5732.83,0.0
2010-11-20 00:00:00,5732.83,5732.83,5732.83,5732.83,0.0
2010-11-21 00:00:00,5732.83,5732.83,5732.83,5732.83,0.0
2010-11-22 00:00:00,5732.89,5783.14,5668.48,5680.83,0.0
2010-11-23 00:00:00,5681.06,5681.06,5581.28,5581.28,0.0
2010-11-24 00:00:00,5581.29,5671.87,5573.33,5657.1,0.0
2010-11-25 00:00:00,5657.02,5707.92,5654.7,5698.93,0.0
2010-11-26 00:00:00,5698.67,5699.02,5599.29,5668.7,0.0
2010-11-27 00:00:00,5668.7,5668.7,5668.7,5668.7,0.0
2010-11-28 00:00:00,5668.7,5668.7,5668.7,5668.7,0.0
2010-11-29 00:00:00,5668.67,5722.7,5550.95,5550.95,0.0
2010-11-30 00:00:00,5550.92,5597.0,5519.19,5528.27,0.0
2010-12-01 00:00:00,5528.37,5656.22,5528.37,5642.5,0.0
2010-12-02 00:00:00,5644.84,5770.94,5644.84,5767.56,0.0
2010-12-03 00:00:00,5767.67,5784.26,5720.2,5745.32,0.0
2010-12-04 00:00:00,5745.32,5745.32,5745.32,5745.32,0.0
2010-12-05 00:00:00,5745.32,5745.32,5745.32,5745.32,0.0
2010-12-06 00:00:00,5745.39,5785.7,5728.46,5770.28,0.0
2010-12-07 00:00:00,5770.22,5850.4,5769.67,5808.45,0.0
2010-12-08 00:00:00,5808.35,5826.59,5774.28,5794.53,0.0
2010-12-09 00:00:00,5794.55,5837.96,5794.55,5807.96,0.0
2010-12-10 00:00:00,5808.03,5827.59,5794.51,5812.95,0.0
2010-12-11 00:00:00,5812.95,5812.95,5812.95,5812.95,0.0
2010-12-12 00:00:00,5812.95,5812.95,5812.95,5812.95,0.0
2010-12-13 00:00:00,5813.0,5873.71,5812.94,5860.75,0.0
2010-12-14 00:00:00,5861.04,5891.21,5847.15,5891.21,0.0
2010-12-15 00:00:00,5891.01,5898.04,5858.11,5882.18,0.0
2010-12-16 00:00:00,5882.28,5907.1,5862.86,5881.12,0.0
2010-12-17 00:00:00,5881.19,5902.53,5857.33,5871.75,0.0
2010-12-18 00:00:00,5871.75,5871.75,5871.75,5871.75,0.0
2010-12-19 00:00:00,5871.75,5871.75,5871.75,5871.75,0.0
2010-12-20 00:00:00,5871.72,5913.83,5865.51,5891.61,0.0
2010-12-21 00:00:00,5891.66,5953.94,5891.14,5951.8,0.0
2010-12-22 00:00:00,5951.82,5991.9,5936.3,5983.49,0.0
2010-12-23 00:00:00,5983.54,6000.55,5982.16,5996.07,0.0
2010-12-24 00:00:00,5995.76,6008.92,5978.24,6008.92,0.0
2010-12-25 00:00:00,6008.92,6008.92,6008.92,6008.92,0.0
2010-12-26 00:00:00,6008.92,6008.92,6008.92,6008.92,0.0
2010-12-27 00:00:00,6008.92,6008.92,6008.92,6008.92,0.0
2010-12-28 00:00:00,6008.92,6008.92,6008.92,6008.92,0.0
2010-12-29 00:00:00,6002.82,6021.46,5976.98,5996.36,0.0
2010-12-30 00:00:00,5996.35,6009.84,5969.71,5971.01,0.0
2010-12-31 00:00:00,5971.62,5985.7,5899.94,5899.94,0.0
2011-01-01 00:00:00,5899.94,5899.94,5899.94,5899.94,0.0
2011-01-02 00:00:00,5899.94,5899.94,5899.94,5899.94,0.0
2011-01-03 00:00:00,5899.94,5899.94,5899.94,5899.94,0.0
2011-01-04 00:00:00,5900.13,6049.45,5900.13,6013.87,0.0
2011-01-05 00:00:00,6013.78,6043.86,5964.43,6043.86,0.0
2011-01-06 00:00:00,6043.8,6090.49,6004.56,6019.51,0.0
2011-01-07 00:00:00,6019.47,6023.7,5973.41,5984.33,0.0
2011-01-08 00:00:00,5984.33,5984.33,5984.33,5984.33,0.0
2011-01-09 00:00:00,5984.33,5984.33,5984.33,5984.33,0.0
2011-01-10 00:00:00,5983.75,5984.25,5939.89,5956.3,0.0
2011-01-11 00:00:00,5956.92,6035.89,5956.92,6014.03,0.0
2011-01-12 00:00:00,6014.08,6050.72,6013.87,6050.72,0.0
2011-01-13 00:00:00,6050.73,6055.47,6005.51,6023.88,0.0
2011-01-14 00:00:00,6023.81,6031.74,5948.47,6002.07,0.0
2011-01-15 00:00:00,6002.07,6002.07,6002.07,6002.07,0.0
2011-01-16 00:00:00,6002.07,6002.07,6002.07,6002.07,0.0
2011-01-17 00:00:00,6009.68,6013.4,5975.64,5985.7,0.0
2011-01-18 00:00:00,5985.79,6065.71,5985.48,6056.43,0.0
2011-01-19 00:00:00,6056.71,6077.06,5974.79,5976.7,0.0
2011-01-20 00:00:00,5976.66,5977.5,5867.29,5867.91,0.0
2011-01-21 00:00:00,5868.11,5939.33,5868.08,5896.25,0.0
2011-01-22 00:00:00,5896.25,5896.25,5896.25,5896.25,0.0
2011-01-23 00:00:00,5896.25,5896.25,5896.25,5896.25,0.0
2011-01-24 00:00:00,5896.34,5960.55,5887.6,5943.85,0.0
2011-01-25 00:00:00,5943.9,5964.69,5904.33,5917.71,0.0
2011-01-26 00:00:00,5917.9,6003.28,5917.9,5969.21,0.0
2011-01-27 00:00:00,5967.9,5997.33,5950.72,5965.08,0.0
2011-01-28 00:00:00,5964.54,5965.84,5877.88,5881.37,0.0
2011-01-29 00:00:00,5881.37,5881.37,5881.37,5881.37,0.0
2011-01-30 00:00:00,5881.37,5881.37,5881.37,5881.37,0.0
2011-01-31 00:00:00,5880.63,5881.72,5815.44,5862.94,0.0
2011-02-01 00:00:00,5862.97,5963.72,5862.97,5957.82,0.0
2011-02-02 00:00:00,5960.19,6020.46,5960.19,6000.07,0.0
2011-02-03 00:00:00,6000.29,6000.29,5951.82,5983.34,0.0
2011-02-04 00:00:00,5983.44,6023.41,5983.33,5997.38,0.0
2011-02-05 00:00:00,5997.38,5997.38,5997.38,5997.38,0.0
2011-02-06 00:00:00,5997.38,5997.38,5997.38,5997.38,0.0
2011-02-07 00:00:00,5996.98,6054.09,5996.61,6051.03,0.0
2011-02-08 00:00:00,6050.42,6091.33,6032.88,6091.33,0.0
2011-02-09 00:00:00,6091.32,6091.32,6049.5,6052.29,0.0
2011-02-10 00:00:00,6052.2,6052.2,5986.48,6020.01,0.0
2011-02-11 00:00:00,6019.97,6071.4,5973.44,6062.9,0.0
2011-02-12 00:00:00,6062.9,6062.9,6062.9,6062.9,0.0
2011-02-13 00:00:00,6062.9,6062.9,6062.9,6062.9,0.0
2011-02-14 00:00:00,6062.82,6091.48,6042.1,6060.09,0.0
2011-02-15 00:00:00,6060.04,6072.07,6023.77,6037.08,0.0
2011-02-16 00:00:00,6035.39,6095.76,6033.51,6085.27,0.0
2011-02-17 00:00:00,6084.68,6101.42,6066.71,6087.38,0.0
2011-02-18 00:00:00,6087.43,6096.78,6048.83,6082.99,0.0
2011-02-19 00:00:00,6082.99,6082.99,6082.99,6082.99,0.0
2011-02-20 00:00:00,6082.99,6082.99,6082.99,6082.99,0.0
2011-02-21 00:00:00,6082.85,6105.77,6013.14,6014.8,0.0
2011-02-22 00:00:00,6014.42,6028.56,5926.55,5996.76,0.0
2011-02-23 00:00:00,5996.72,5996.72,5915.52,5923.53,0.0
2011-02-24 00:00:00,5922.92,5936.68,5860.95,5919.98,0.0
2011-02-25 00:00:00,5920.71,6011.5,5920.71,6001.2,0.0
2011-02-26 00:00:00,6001.2,6001.2,6001.2,6001.2,0.0
2011-02-27 00:00:00,6001.2,6001.2,6001.2,6001.2,0.0
2011-02-28 00:00:00,6000.88,6022.33,5963.58,5994.01,0.0
2011-03-01 00:00:00,5994.14,6040.43,5927.43,5935.76,0.0
2011-03-02 00:00:00,5935.73,5941.82,5865.92,5914.89,0.0
2011-03-03 00:00:00,5915.66,6017.08,5915.66,6005.09,0.0
2011-03-04 00:00:00,6005.28,6052.08,5983.21,5990.39,0.0
2011-03-05 00:00:00,5990.39,5990.39,5990.39,5990.39,0.0
2011-03-06 00:00:00,5990.39,5990.39,5990.39,5990.39,0.0
2011-03-07 00:00:00,5990.57,6043.12,5967.68,5973.78,0.0
2011-03-08 00:00:00,5973.81,5999.93,5911.0,5974.76,0.0
2011-03-09 00:00:00,5975.57,5979.33,5922.66,5937.3,0.0
2011-03-10 00:00:00,5937.17,5937.2,5833.23,5845.29,0.0
2011-03-11 00:00:00,5845.08,5845.08,5796.44,5828.67,0.0
2011-03-12 00:00:00,5828.67,5828.67,5828.67,5828.67,0.0
2011-03-13 00:00:00,5828.67,5828.67,5828.67,5828.67,0.0
2011-03-14 00:00:00,5828.05,5842.04,5769.04,5775.24,0.0
2011-03-15 00:00:00,5774.19,5774.19,5591.59,5695.28,0.0
2011-03-16 00:00:00,5693.05,5720.92,5598.23,5598.23,0.0
2011-03-17 00:00:00,5602.13,5707.68,5602.13,5696.11,0.0
2011-03-18 00:00:00,5699.98,5758.17,5699.98,5718.13,0.0
2011-03-19 00:00:00,5718.13,5718.13,5718.13,5718.13,0.0
2011-03-20 00:00:00,5718.13,5718.13,5718.13,5718.13,0.0
2011-03-21 00:00:00,5731.98,5798.78,5731.98,5786.09,0.0
2011-03-22 00:00:00,5785.52,5813.81,5742.62,5762.71,0.0
2011-03-23 00:00:00,5757.93,5802.44,5731.4,5795.88,0.0
2011-03-24 00:00:00,5795.69,5888.7,5780.41,5880.87,0.0
2011-03-25 00:00:00,5889.61,5918.73,5878.22,5900.76,0.0
2011-03-26 00:00:00,5900.76,5900.76,5900.76,5900.76,0.0
2011-03-27 00:00:00,5900.76,5900.76,5900.76,5900.76,0.0
2011-03-28 00:00:00,5902.86,5922.99,5900.6,5904.49,0.0
2011-03-29 00:00:00,5904.26,5932.73,5879.9,5932.17,0.0
2011-03-30 00:00:00,5937.06,5970.98,5937.06,5948.3,0.0
2011-03-31 00:00:00,5946.76,5972.8,5908.76,5908.76,0.0
2011-04-01 00:00:00,5910.64,6014.77,5910.64,6009.92,0.0
2011-04-02 00:00:00,6009.92,6009.92,6009.92,6009.92,0.0
2011-04-03 00:00:00,6009.92,6009.92,6009.92,6009.92,0.0
2011-04-04 00:00:00,6009.67,6035.12,5987.7,6016.98,0.0
2011-04-05 00:00:00,6017.22,6026.3,5989.05,6007.06,0.0
2011-04-06 00:00:00,6007.12,6056.37,6007.12,6041.13,0.0
2011-04-07 00:00:00,6041.14,6053.12,6007.37,6007.37,0.0
2011-04-08 00:00:00,6008.78,6066.39,6008.19,6055.75,0.0
2011-04-09 00:00:00,6055.75,6055.75,6055.75,6055.75,0.0
2011-04-10 00:00:00,6055.75,6055.75,6055.75,6055.75,0.0
2011-04-11 00:00:00,6052.29,6070.78,6044.52,6053.44,0.0
2011-04-12 00:00:00,6053.63,6053.63,5958.28,5964.47,0.0
2011-04-13 00:00:00,5964.5,6043.36,5964.5,6010.44,0.0
2011-04-14 00:00:00,6010.48,6010.48,5943.75,5963.8,0.0
2011-04-15 00:00:00,5963.79,5996.76,5963.55,5996.01,0.0
2011-04-16 00:00:00,5996.01,5996.01,5996.01,5996.01,0.0
2011-04-17 00:00:00,5996.01,5996.01,5996.01,5996.01,0.0
2011-04-18 00:00:00,5996.07,5997.46,5858.32,5870.08,0.0
2011-04-19 00:00:00,5870.17,5922.21,5870.17,5896.87,0.0
2011-04-20 00:00:00,5896.97,6033.79,5896.97,6022.26,0.0
2011-04-21 00:00:00,6022.35,6049.37,6005.76,6018.3,0.0
2011-04-22 00:00:00,6018.3,6018.3,6018.3,6018.3,0.0
2011-04-23 00:00:00,6018.3,6018.3,6018.3,6018.3,0.0
2011-04-24 00:00:00,6018.3,6018.3,6018.3,6018.3,0.0
2011-04-25 00:00:00,6018.3,6018.3,6018.3,6018.3,0.0
2011-04-26 00:00:00,6018.27,6070.59,6006.95,6069.36,0.0
2011-04-27 00:00:00,6069.38,6089.4,6045.87,6068.16,0.0
2011-04-28 00:00:00,6068.26,6091.75,6051.04,6069.9,0.0
2011-04-29 00:00:00,6069.9,6069.9,6069.9,6069.9,0.0
2011-04-30 00:00:00,6069.9,6069.9,6069.9,6069.9,0.0
2011-05-01 00:00:00,6069.9,6069.9,6069.9,6069.9,0.0
2011-05-02 00:00:00,6069.9,6069.9,6069.9,6069.9,0.0
2011-05-03 00:00:00,6070.12,6103.73,6050.71,6082.88,0.0
2011-05-04 00:00:00,6083.84,6083.84,5972.83,5984.07,0.0
2011-05-05 00:00:00,5984.05,6009.1,5912.61,5919.98,0.0
2011-05-06 00:00:00,5920.04,5984.92,5871.57,5976.77,0.0
2011-05-07 00:00:00,5976.77,5976.77,5976.77,5976.77,0.0
2011-05-08 00:00:00,5976.77,5976.77,5976.77,5976.77,0.0
2011-05-09 00:00:00,5976.6,5999.9,5922.23,5942.69,0.0
2011-05-10 00:00:00,5942.97,6023.11,5940.06,6018.89,0.0
2011-05-11 00:00:00,6019.12,6040.24,5965.26,5976.0,0.0
2011-05-12 00:00:00,5976.44,5976.44,5882.39,5944.96,0.0
2011-05-13 00:00:00,5945.37,6001.33,5919.91,5925.87,0.0
2011-05-14 00:00:00,5925.87,5925.87,5925.87,5925.87,0.0
2011-05-15 00:00:00,5925.87,5925.87,5925.87,5925.87,0.0
2011-05-16 00:00:00,5925.83,5936.19,5862.16,5923.69,0.0
2011-05-17 00:00:00,5923.73,5942.81,5861.0,5861.0,0.0
2011-05-18 00:00:00,5861.04,5934.51,5860.65,5923.49,0.0
2011-05-19 00:00:00,5926.04,6003.92,5925.98,5955.99,0.0
2011-05-20 00:00:00,5961.76,6017.56,5927.74,5948.49,0.0
2011-05-21 00:00:00,5948.49,5948.49,5948.49,5948.49,0.0
2011-05-22 00:00:00,5948.49,5948.49,5948.49,5948.49,0.0
2011-05-23 00:00:00,5948.37,5948.37,5833.44,5835.89,0.0
2011-05-24 00:00:00,5838.06,5884.66,5838.05,5858.41,0.0
2011-05-25 00:00:00,5858.16,5881.18,5810.46,5870.14,0.0
2011-05-26 00:00:00,5870.2,5910.77,5866.67,5880.99,0.0
2011-05-27 00:00:00,5881.06,5951.37,5881.06,5938.87,0.0
2011-05-28 00:00:00,5938.87,5938.87,5938.87,5938.87,0.0
2011-05-29 00:00:00,5938.87,5938.87,5938.87,5938.87,0.0
2011-05-30 00:00:00,5938.87,5938.87,5938.87,5938.87,0.0
2011-05-31 00:00:00,5938.96,6009.98,5938.96,5989.99,0.0
2011-06-01 00:00:00,5990.05,5995.22,5911.68,5928.61,0.0
2011-06-02 00:00:00,5926.39,5926.39,5847.92,5847.92,0.0
2011-06-03 00:00:00,5848.29,5868.19,5802.67,5855.01,0.0
2011-06-04 00:00:00,5855.01,5855.01,5855.01,5855.01,0.0
2011-06-05 00:00:00,5855.01,5855.01,5855.01,5855.01,0.0
2011-06-06 00:00:00,5854.54,5881.06,5827.51,5863.16,0.0
2011-06-07 00:00:00,5863.04,5890.58,5849.23,5864.65,0.0
2011-06-08 00:00:00,5864.61,5864.61,5791.8,5808.89,0.0
2011-06-09 00:00:00,5808.92,5861.17,5795.0,5856.34,0.0
2011-06-10 00:00:00,5856.35,5866.95,5758.33,5765.8,0.0
2011-06-11 00:00:00,5765.8,5765.8,5765.8,5765.8,0.0
2011-06-12 00:00:00,5765.8,5765.8,5765.8,5765.8,0.0
2011-06-13 00:00:00,5765.97,5793.84,5763.42,5773.46,0.0
2011-06-14 00:00:00,5773.48,5822.6,5773.48,5803.13,0.0
2011-06-15 00:00:00,5803.11,5803.35,5742.55,5742.55,0.0
2011-06-16 00:00:00,5739.76,5739.76,5644.38,5698.81,0.0
2011-06-17 00:00:00,5698.78,5733.2,5644.98,5714.94,0.0
2011-06-18 00:00:00,5714.94,5714.94,5714.94,5714.94,0.0
2011-06-19 00:00:00,5714.94,5714.94,5714.94,5714.94,0.0
2011-06-20 00:00:00,5714.82,5714.82,5647.23,5693.39,0.0
2011-06-21 00:00:00,5693.52,5778.07,5692.97,5775.31,0.0
2011-06-22 00:00:00,5775.32,5789.12,5741.82,5772.99,0.0
2011-06-23 00:00:00,5772.93,5772.93,5663.3,5674.38,0.0
2011-06-24 00:00:00,5674.5,5768.54,5674.5,5697.72,0.0
2011-06-25 00:00:00,5697.72,5697.72,5697.72,5697.72,0.0
2011-06-26 00:00:00,5697.72,5697.72,5697.72,5697.72,0.0
2011-06-27 00:00:00,5697.5,5728.43,5679.6,5722.34,0.0
2011-06-28 00:00:00,5723.63,5795.1,5723.63,5766.88,0.0
2011-06-29 00:00:00,5766.98,5860.92,5766.98,5855.95,0.0
2011-06-30 00:00:00,5856.24,5945.71,5856.24,5945.71,0.0
2011-07-01 00:00:00,5945.76,5999.04,5936.96,5989.76,0.0
2011-07-02 00:00:00,5989.76,5989.76,5989.76,5989.76,0.0
2011-07-03 00:00:00,5989.76,5989.76,5989.76,5989.76,0.0
2011-07-04 00:00:00,5989.77,6030.82,5985.69,6017.54,0.0
2011-07-05 00:00:00,6017.44,6036.31,6011.07,6024.03,0.0
2011-07-06 00:00:00,6024.44,6026.48,5973.82,6002.92,0.0
2011-07-07 00:00:00,6003.05,6071.67,6003.05,6054.55,0.0
2011-07-08 00:00:00,6055.37,6084.08,5981.73,5990.58,0.0
2011-07-09 00:00:00,5990.58,5990.58,5990.58,5990.58,0.0
2011-07-10 00:00:00,5990.58,5990.58,5990.58,5990.58,0.0
2011-07-11 00:00:00,5988.93,5998.58,5900.75,5929.16,0.0
2011-07-12 00:00:00,5928.29,5928.43,5793.04,5868.96,0.0
2011-07-13 00:00:00,5868.78,5911.0,5850.96,5906.43,0.0
2011-07-14 00:00:00,5905.93,5905.93,5841.17,5846.95,0.0
2011-07-15 00:00:00,5838.46,5863.57,5805.99,5843.66,0.0
2011-07-16 00:00:00,5843.66,5843.66,5843.66,5843.66,0.0
2011-07-17 00:00:00,5843.66,5843.66,5843.66,5843.66,0.0
2011-07-18 00:00:00,5843.17,5843.17,5752.81,5752.81,0.0
2011-07-19 00:00:00,5752.97,5801.99,5752.97,5789.99,0.0
2011-07-20 00:00:00,5790.08,5856.36,5790.05,5853.82,0.0
2011-07-21 00:00:00,5853.89,5934.28,5797.48,5899.89,0.0
2011-07-22 00:00:00,5899.95,5966.84,5899.95,5935.02,0.0
2011-07-23 00:00:00,5935.02,5935.02,5935.02,5935.02,0.0
2011-07-24 00:00:00,5935.02,5935.02,5935.02,5935.02,0.0
2011-07-25 00:00:00,5934.36,5938.55,5892.64,5925.26,0.0
2011-07-26 00:00:00,5925.33,5951.34,5895.58,5929.73,0.0
2011-07-27 00:00:00,5929.58,5932.0,5841.03,5856.58,0.0
2011-07-28 00:00:00,5856.48,5882.56,5801.58,5873.21,0.0
2011-07-29 00:00:00,5872.96,5872.96,5772.43,5815.19,0.0
2011-07-30 00:00:00,5815.19,5815.19,5815.19,5815.19,0.0
2011-07-31 00:00:00,5815.19,5815.19,5815.19,5815.19,0.0
2011-08-01 00:00:00,5816.33,5913.46,5767.06,5774.43,0.0
2011-08-02 00:00:00,5774.4,5778.92,5705.34,5718.39,0.0
2011-08-03 00:00:00,5718.14,5718.14,5557.74,5584.51,0.0
2011-08-04 00:00:00,5585.06,5644.05,5393.14,5393.14,0.0
2011-08-05 00:00:00,5392.81,5392.81,5202.62,5246.99,0.0
2011-08-06 00:00:00,5246.99,5246.99,5246.99,5246.99,0.0
2011-08-07 00:00:00,5246.99,5246.99,5246.99,5246.99,0.0
2011-08-08 00:00:00,5246.62,5295.78,5062.42,5068.95,0.0
2011-08-09 00:00:00,5068.92,5175.6,4791.01,5164.92,0.0
2011-08-10 00:00:00,5165.81,5262.72,4990.79,5007.16,0.0
2011-08-11 00:00:00,5015.53,5172.66,4943.01,5162.83,0.0
2011-08-12 00:00:00,5162.66,5320.03,5099.31,5320.03,0.0
2011-08-13 00:00:00,5320.03,5320.03,5320.03,5320.03,0.0
2011-08-14 00:00:00,5320.03,5320.03,5320.03,5320.03,0.0
2011-08-15 00:00:00,5320.24,5377.23,5319.38,5350.58,0.0
2011-08-16 00:00:00,5348.88,5362.15,5265.83,5357.63,0.0
2011-08-17 00:00:00,5357.58,5371.08,5279.93,5331.6,0.0
2011-08-18 00:00:00,5331.41,5331.41,5041.59,5092.23,0.0
2011-08-19 00:00:00,5092.19,5107.91,4929.55,5040.76,0.0
2011-08-20 00:00:00,5040.76,5040.76,5040.76,5040.76,0.0
2011-08-21 00:00:00,5040.76,5040.76,5040.76,5040.76,0.0
2011-08-22 00:00:00,5040.71,5182.98,4993.34,5095.3,0.0
2011-08-23 00:00:00,5095.49,5193.17,5076.74,5129.42,0.0
2011-08-24 00:00:00,5129.55,5250.59,5098.14,5205.85,0.0
2011-08-25 00:00:00,5207.0,5254.17,5102.06,5131.1,0.0
2011-08-26 00:00:00,5131.07,5149.51,5014.79,5129.92,0.0
2011-08-27 00:00:00,5129.92,5129.92,5129.92,5129.92,0.0
2011-08-28 00:00:00,5129.92,5129.92,5129.92,5129.92,0.0
2011-08-29 00:00:00,5129.92,5129.92,5129.92,5129.92,0.0
2011-08-30 00:00:00,5129.98,5283.6,5129.98,5268.66,0.0
2011-08-31 00:00:00,5268.68,5411.6,5258.62,5394.53,0.0
2011-09-01 00:00:00,5394.52,5449.67,5346.7,5418.65,0.0
2011-09-02 00:00:00,5418.5,5418.5,5258.5,5292.03,0.0
2011-09-03 00:00:00,5292.03,5292.03,5292.03,5292.03,0.0
2011-09-04 00:00:00,5292.03,5292.03,5292.03,5292.03,0.0
2011-09-05 00:00:00,5289.27,5289.27,5097.71,5102.58,0.0
2011-09-06 00:00:00,5102.39,5190.27,5086.79,5156.84,0.0
2011-09-07 00:00:00,5157.81,5322.21,5157.81,5318.59,0.0
2011-09-08 00:00:00,5318.41,5369.82,5269.7,5340.38,0.0
2011-09-09 00:00:00,5339.9,5352.03,5202.24,5214.65,0.0
2011-09-10 00:00:00,5214.65,5214.65,5214.65,5214.65,0.0
2011-09-11 00:00:00,5214.65,5214.65,5214.65,5214.65,0.0
2011-09-12 00:00:00,5214.45,5214.45,5059.22,5129.62,0.0
2011-09-13 00:00:00,5130.63,5203.07,5069.52,5174.25,0.0
2011-09-14 00:00:00,5174.18,5270.42,5146.39,5227.02,0.0
2011-09-15 00:00:00,5227.12,5366.74,5227.12,5337.54,0.0
2011-09-16 00:00:00,5337.69,5406.1,5337.69,5368.41,0.0
2011-09-17 00:00:00,5368.41,5368.41,5368.41,5368.41,0.0
2011-09-18 00:00:00,5368.41,5368.41,5368.41,5368.41,1.0
2011-09-19 00:00:00,5368.09,5368.09,5231.62,5259.56,0.0
2011-09-20 00:00:00,5259.52,5377.39,5219.09,5363.71,0.0
2011-09-21 00:00:00,5363.64,5366.09,5268.82,5288.41,0.0
2011-09-22 00:00:00,5287.65,5287.65,5013.55,5041.61,0.0
2011-09-23 00:00:00,5042.55,5105.38,4928.14,5066.81,0.0
2011-09-24 00:00:00,5066.81,5066.81,5066.81,5066.81,0.0
2011-09-25 00:00:00,5066.81,5066.81,5066.81,5066.81,0.0
2011-09-26 00:00:00,5066.56,5148.81,4974.03,5089.37,0.0
2011-09-27 00:00:00,5091.66,5294.05,5091.66,5294.05,0.0
2011-09-28 00:00:00,5293.86,5314.29,5191.36,5217.63,0.0
2011-09-29 00:00:00,5217.64,5250.18,5160.77,5196.84,0.0
2011-09-30 00:00:00,5196.66,5197.33,5068.63,5128.48,0.0
2011-10-01 00:00:00,5128.48,5128.48,5128.48,5128.48,0.0
2011-10-02 00:00:00,5128.48,5128.48,5128.48,5128.48,0.0
2011-10-03 00:00:00,5126.97,5126.97,4983.28,5075.5,0.0
2011-10-04 00:00:00,5075.33,5075.33,4868.6,4944.44,0.0
2011-10-05 00:00:00,4944.87,5121.4,4944.87,5102.17,0.0
2011-10-06 00:00:00,5102.25,5291.26,5102.25,5291.26,0.0
2011-10-07 00:00:00,5291.27,5370.89,5261.43,5303.4,0.0
2011-10-08 00:00:00,5303.4,5303.4,5303.4,5303.4,0.0
2011-10-09 00:00:00,5303.4,5303.4,5303.4,5303.4,0.0
2011-10-10 00:00:00,5303.55,5413.43,5303.55,5399.0,0.0
2011-10-11 00:00:00,5398.84,5398.97,5330.42,5395.7,0.0
2011-10-12 00:00:00,5395.94,5458.02,5348.16,5441.8,0.0
2011-10-13 00:00:00,5441.69,5456.09,5368.37,5403.38,0.0
2011-10-14 00:00:00,5403.6,5501.39,5395.57,5466.36,0.0
2011-10-15 00:00:00,5466.36,5466.36,5466.36,5466.36,0.0
2011-10-16 00:00:00,5466.36,5466.36,5466.36,5466.36,0.0
2011-10-17 00:00:00,5466.43,5543.72,5405.2,5436.7,0.0
2011-10-18 00:00:00,5436.62,5436.62,5348.64,5410.35,0.0
2011-10-19 00:00:00,5411.02,5483.79,5410.97,5450.49,0.0
2011-10-20 00:00:00,5450.22,5450.22,5363.16,5384.68,0.0
2011-10-21 00:00:00,5384.74,5500.54,5384.74,5488.65,0.0
2011-10-22 00:00:00,5488.65,5488.65,5488.65,5488.65,0.0
2011-10-23 00:00:00,5488.65,5488.65,5488.65,5488.65,0.0
2011-10-24 00:00:00,5488.56,5552.79,5487.21,5548.06,0.0
2011-10-25 00:00:00,5547.6,5574.13,5465.52,5525.54,0.0
2011-10-26 00:00:00,5525.58,5576.63,5498.51,5553.24,0.0
2011-10-27 00:00:00,5553.6,5747.33,5553.6,5713.82,0.0
2011-10-28 00:00:00,5713.85,5746.88,5684.95,5702.24,0.0
2011-10-29 00:00:00,5702.24,5702.24,5702.24,5702.24,0.0
2011-10-30 00:00:00,5702.24,5702.24,5702.24,5702.24,0.0
2011-10-31 00:00:00,5702.12,5702.12,5544.22,5544.22,0.0
2011-11-01 00:00:00,5543.84,5543.84,5338.36,5421.57,0.0
2011-11-02 00:00:00,5421.82,5493.29,5383.37,5484.1,0.0
2011-11-03 00:00:00,5483.87,5564.54,5402.63,5545.64,0.0
2011-11-04 00:00:00,5545.73,5599.46,5495.38,5527.16,0.0
2011-11-05 00:00:00,5527.16,5527.16,5527.16,5527.16,0.0
2011-11-06 00:00:00,5527.16,5527.16,5527.16,5527.16,0.0
2011-11-07 00:00:00,5527.09,5557.76,5432.16,5510.82,0.0
2011-11-08 00:00:00,5510.81,5616.0,5509.57,5567.34,0.0
2011-11-09 00:00:00,5567.31,5615.84,5426.25,5460.38,0.0
2011-11-10 00:00:00,5459.56,5497.2,5360.19,5444.82,0.0
2011-11-11 00:00:00,5446.23,5548.75,5439.81,5545.38,0.0
2011-11-12 00:00:00,5545.38,5545.38,5545.38,5545.38,0.0
2011-11-13 00:00:00,5545.38,5545.38,5545.38,5545.38,0.0
2011-11-14 00:00:00,5545.06,5575.19,5489.25,5519.04,0.0
2011-11-15 00:00:00,5518.92,5551.38,5428.6,5517.44,0.0
2011-11-16 00:00:00,5517.3,5562.91,5450.24,5509.02,0.0
2011-11-17 00:00:00,5507.6,5507.67,5366.12,5423.14,0.0
2011-11-18 00:00:00,5423.01,5423.01,5347.89,5362.94,0.0
2011-11-19 00:00:00,5362.94,5362.94,5362.94,5362.94,0.0
2011-11-20 00:00:00,5362.94,5362.94,5362.94,5362.94,0.0
2011-11-21 00:00:00,5362.88,5362.88,5221.69,5222.6,0.0
2011-11-22 00:00:00,5222.85,5281.95,5206.82,5206.82,0.0
2011-11-23 00:00:00,5206.74,5206.74,5139.78,5139.78,0.0
2011-11-24 00:00:00,5139.85,5184.26,5098.99,5127.57,0.0
2011-11-25 00:00:00,5127.56,5200.31,5075.22,5164.65,0.0
2011-11-26 00:00:00,5164.65,5164.65,5164.65,5164.65,0.0
2011-11-27 00:00:00,5164.65,5164.65,5164.65,5164.65,0.0
2011-11-28 00:00:00,5164.79,5327.76,5164.79,5312.76,0.0
2011-11-29 00:00:00,5312.77,5344.18,5272.44,5337.0,0.0
2011-11-30 00:00:00,5336.84,5538.96,5274.95,5505.42,0.0
2011-12-01 00:00:00,5505.43,5553.89,5486.87,5489.34,0.0
2011-12-02 00:00:00,5489.42,5595.54,5489.07,5552.29,0.0
2011-12-03 00:00:00,5552.29,5552.29,5552.29,5552.29,0.0
2011-12-04 00:00:00,5552.29,5552.29,5552.29,5552.29,0.0
2011-12-05 00:00:00,5552.44,5602.8,5545.93,5567.96,0.0
2011-12-06 00:00:00,5567.2,5592.95,5521.91,5568.72,0.0
2011-12-07 00:00:00,5568.91,5631.88,5497.96,5546.91,0.0
2011-12-08 00:00:00,5547.16,5605.27,5483.77,5483.77,0.0
2011-12-09 00:00:00,5483.46,5540.52,5440.86,5529.21,0.0
2011-12-10 00:00:00,5529.21,5529.21,5529.21,5529.21,0.0
2011-12-11 00:00:00,5529.21,5529.21,5529.21,5529.21,0.0
2011-12-12 00:00:00,5529.01,5529.01,5427.86,5427.86,0.0
2011-12-13 00:00:00,5427.93,5525.96,5413.7,5490.15,0.0
2011-12-14 00:00:00,5490.13,5490.13,5366.8,5366.8,0.0
2011-12-15 00:00:00,5366.9,5434.02,5366.9,5400.85,0.0
2011-12-16 00:00:00,5401.39,5452.65,5387.34,5387.34,0.0
2011-12-17 00:00:00,5387.34,5387.34,5387.34,5387.34,0.0
2011-12-18 00:00:00,5387.34,5387.34,5387.34,5387.34,0.0
2011-12-19 00:00:00,5387.32,5410.06,5343.08,5364.99,0.0
2011-12-20 00:00:00,5365.07,5426.28,5328.67,5419.6,0.0
2011-12-21 00:00:00,5419.64,5479.19,5371.65,5389.74,0.0
2011-12-22 00:00:00,5389.85,5469.03,5389.85,5456.97,0.0
2011-12-23 00:00:00,5457.07,5516.63,5456.98,5512.7,0.0
2011-12-24 00:00:00,5512.7,5512.7,5512.7,5512.7,0.0
2011-12-25 00:00:00,5512.7,5512.7,5512.7,5512.7,0.0
2011-12-26 00:00:00,5512.7,5512.7,5512.7,5512.7,0.0
2011-12-27 00:00:00,5512.7,5512.7,5512.7,5512.7,0.0
2011-12-28 00:00:00,5512.76,5567.86,5490.96,5507.4,0.0
2011-12-29 00:00:00,5507.43,5566.77,5496.87,5566.77,0.0
2011-12-30 00:00:00,5566.85,5588.39,5535.2,5572.28,0.0
2011-12-31 00:00:00,5572.28,5572.28,5572.28,5572.28,0.0
2012-01-01 00:00:00,5572.28,5572.28,5572.28,5572.28,0.0
2012-01-02 00:00:00,5572.28,5572.28,5572.28,5572.28,0.0
2012-01-03 00:00:00,5572.82,5699.91,5572.82,5699.91,0.0
2012-01-04 00:00:00,5699.85,5719.83,5646.36,5668.45,0.0
2012-01-05 00:00:00,5668.39,5689.33,5614.38,5624.26,0.0
2012-01-06 00:00:00,5624.4,5682.78,5623.36,5649.68,0.0
2012-01-07 00:00:00,5649.68,5649.68,5649.68,5649.68,0.0
2012-01-08 00:00:00,5649.68,5649.68,5649.68,5649.68,0.0
2012-01-09 00:00:00,5649.28,5673.82,5604.62,5612.26,0.0
2012-01-10 00:00:00,5612.46,5711.89,5612.46,5696.7,0.0
2012-01-11 00:00:00,5696.88,5700.75,5644.75,5670.82,0.0
2012-01-12 00:00:00,5670.85,5699.57,5640.3,5662.42,0.0
2012-01-13 00:00:00,5662.91,5709.22,5583.45,5636.64,0.0
2012-01-14 00:00:00,5636.64,5636.64,5636.64,5636.64,0.0
2012-01-15 00:00:00,5636.64,5636.64,5636.64,5636.64,0.0
2012-01-16 00:00:00,5635.4,5662.88,5609.87,5657.44,0.0
2012-01-17 00:00:00,5657.61,5724.41,5657.61,5693.95,0.0
2012-01-18 00:00:00,5693.96,5709.87,5647.92,5702.37,0.0
2012-01-19 00:00:00,5702.51,5743.93,5693.16,5741.15,0.0
2012-01-20 00:00:00,5741.14,5749.77,5721.61,5728.55,0.0
2012-01-21 00:00:00,5728.55,5728.55,5728.55,5728.55,0.0
2012-01-22 00:00:00,5728.55,5728.55,5728.55,5728.55,2.0
2012-01-23 00:00:00,5728.56,5789.85,5723.09,5782.56,0.0
2012-01-24 00:00:00,5782.33,5782.33,5719.86,5751.9,0.0
2012-01-25 00:00:00,5752.02,5777.69,5694.05,5723.0,0.0
2012-01-26 00:00:00,5722.83,5806.24,5722.83,5795.2,0.0
2012-01-27 00:00:00,5794.94,5794.94,5728.96,5733.45,0.0
2012-01-28 00:00:00,5733.45,5733.45,5733.45,5733.45,0.0
2012-01-29 00:00:00,5733.45,5733.45,5733.45,5733.45,2.0
2012-01-30 00:00:00,5733.25,5733.25,5651.56,5671.09,0.0
2012-01-31 00:00:00,5671.14,5730.32,5671.14,5681.61,0.0
2012-02-01 00:00:00,5681.65,5790.72,5680.67,5790.72,0.0
2012-02-02 00:00:00,5790.73,5809.82,5765.72,5796.07,0.0
2012-02-03 00:00:00,5796.06,5901.07,5784.23,5901.07,0.0
2012-02-04 00:00:00,5901.07,5901.07,5901.07,5901.07,0.0
2012-02-05 00:00:00,5901.07,5901.07,5901.07,5901.07,2.0
2012-02-06 00:00:00,5901.04,5901.04,5863.55,5892.2,0.0
2012-02-07 00:00:00,5891.96,5906.65,5850.49,5890.26,0.0
2012-02-08 00:00:00,5890.28,5916.2,5871.33,5875.93,0.0
2012-02-09 00:00:00,5875.8,5916.31,5870.55,5895.47,0.0
2012-02-10 00:00:00,5895.36,5895.36,5839.85,5852.39,0.0
2012-02-11 00:00:00,5852.39,5852.39,5852.39,5852.39,0.0
2012-02-12 00:00:00,5852.39,5852.39,5852.39,5852.39,3.0
2012-02-13 00:00:00,5852.54,5920.09,5852.54,5905.7,0.0
2012-02-14 00:00:00,5905.51,5920.61,5877.21,5899.87,0.0
2012-02-15 00:00:00,5899.93,5923.78,5880.62,5892.16,0.0
2012-02-16 00:00:00,5892.36,5892.36,5829.38,5885.38,0.0
2012-02-17 00:00:00,5885.46,5923.62,5885.46,5905.07,0.0
2012-02-18 00:00:00,5905.07,5905.07,5905.07,5905.07,0.0
2012-02-19 00:00:00,5905.07,5905.07,5905.07,5905.07,2.0
2012-02-20 00:00:00,5905.22,5956.33,5905.14,5945.25,0.0
2012-02-21 00:00:00,5945.23,5948.84,5916.58,5928.2,0.0
2012-02-22 00:00:00,5927.71,5937.96,5894.6,5916.55,0.0
2012-02-23 00:00:00,5916.48,5952.47,5900.5,5937.89,0.0
2012-02-24 00:00:00,5937.9,5964.02,5925.47,5935.13,0.0
2012-02-25 00:00:00,5935.13,5935.13,5935.13,5935.13,0.0
2012-02-26 00:00:00,5935.13,5935.13,5935.13,5935.13,0.0
2012-02-27 00:00:00,5934.98,5935.0,5865.85,5915.55,0.0
2012-02-28 00:00:00,5916.09,5937.02,5899.99,5927.91,0.0
2012-02-29 00:00:00,5927.88,5944.75,5871.51,5871.51,0.0
2012-03-01 00:00:00,5872.3,5936.07,5858.85,5931.25,0.0
2012-03-02 00:00:00,5931.59,5939.97,5908.48,5911.13,0.0
2012-03-03 00:00:00,5911.13,5911.13,5911.13,5911.13,0.0
2012-03-04 00:00:00,5911.13,5911.13,5911.13,5911.13,2.0
2012-03-05 00:00:00,5911.01,5911.03,5865.38,5874.82,0.0
2012-03-06 00:00:00,5874.34,5874.34,5758.42,5765.8,0.0
2012-03-07 00:00:00,5765.82,5801.12,5755.69,5791.41,0.0
2012-03-08 00:00:00,5791.44,5874.34,5791.44,5859.73,0.0
2012-03-09 00:00:00,5859.7,5897.6,5842.94,5887.49,0.0
2012-03-10 00:00:00,5887.49,5887.49,5887.49,5887.49,0.0
2012-03-11 00:00:00,5887.49,5887.49,5887.49,5887.49,0.0
2012-03-12 00:00:00,5887.48,5894.07,5860.42,5892.75,0.0
2012-03-13 00:00:00,5893.43,5957.94,5893.43,5955.91,0.0
2012-03-14 00:00:00,5959.15,5989.07,5945.43,5945.43,0.0
2012-03-15 00:00:00,5945.45,5958.17,5919.21,5940.72,0.0
2012-03-16 00:00:00,5941.1,5974.05,5941.03,5965.58,0.0
2012-03-17 00:00:00,5965.58,5965.58,5965.58,5965.58,0.0
2012-03-18 00:00:00,5965.58,5965.58,5965.58,5965.58,3.0
2012-03-19 00:00:00,5965.6,5968.89,5928.45,5961.11,0.0
2012-03-20 00:00:00,5961.07,5961.07,5876.42,5891.41,0.0
2012-03-21 00:00:00,5891.44,5921.68,5880.79,5891.95,0.0
2012-03-22 00:00:00,5890.75,5890.78,5825.91,5845.65,0.0
2012-03-23 00:00:00,5845.61,5875.73,5801.72,5854.89,0.0
2012-03-24 00:00:00,5854.89,5854.89,5854.89,5854.89,0.0
2012-03-25 00:00:00,5854.89,5854.89,5854.89,5854.89,9.0
2012-03-26 00:00:00,5855.35,5913.06,5854.47,5902.7,0.0
2012-03-27 00:00:00,5902.72,5941.9,5863.83,5869.55,0.0
2012-03-28 00:00:00,5869.5,5877.94,5808.99,5808.99,0.0
2012-03-29 00:00:00,5808.94,5812.17,5726.5,5742.03,0.0
2012-03-30 00:00:00,5742.17,5782.71,5742.1,5768.45,0.0
2012-03-31 00:00:00,5768.45,5768.45,5768.45,5768.45,0.0
2012-04-01 00:00:00,5768.45,5768.45,5768.45,5768.45,3.0
2012-04-02 00:00:00,5771.54,5874.89,5748.63,5874.89,0.0
2012-04-03 00:00:00,5874.86,5890.16,5838.34,5838.34,0.0
2012-04-04 00:00:00,5838.19,5838.22,5685.65,5703.77,0.0
2012-04-05 00:00:00,5703.76,5731.67,5663.32,5723.67,0.0
2012-04-06 00:00:00,5723.67,5723.67,5723.67,5723.67,4.0
2012-04-07 00:00:00,5723.67,5723.67,5723.67,5723.67,0.0
2012-04-08 00:00:00,5723.67,5723.67,5723.67,5723.67,0.0
2012-04-09 00:00:00,5723.67,5723.67,5723.67,5723.67,1.0
2012-04-10 00:00:00,5723.5,5723.5,5595.55,5595.55,0.0
2012-04-11 00:00:00,5595.48,5655.87,5576.37,5634.74,0.0
2012-04-12 00:00:00,5635.06,5727.87,5602.56,5710.46,0.0
2012-04-13 00:00:00,5710.26,5710.82,5643.51,5651.79,0.0
2012-04-14 00:00:00,5651.79,5651.79,5651.79,5651.79,0.0
2012-04-15 00:00:00,5651.79,5651.79,5651.79,5651.79,2.0
2012-04-16 00:00:00,5651.41,5707.96,5641.07,5666.28,0.0
2012-04-17 00:00:00,5664.67,5773.73,5651.53,5766.95,0.0
2012-04-18 00:00:00,5766.48,5783.88,5730.91,5745.29,0.0
2012-04-19 00:00:00,5745.28,5792.07,5738.11,5744.55,0.0
2012-04-20 00:00:00,5744.57,5775.67,5724.2,5772.15,0.0
2012-04-21 00:00:00,5772.15,5772.15,5772.15,5772.15,0.0
2012-04-22 00:00:00,5772.15,5772.15,5772.15,5772.15,3.0
2012-04-23 00:00:00,5772.08,5772.08,5637.73,5665.57,0.0
2012-04-24 00:00:00,5665.85,5714.17,5658.49,5709.49,0.0
2012-04-25 00:00:00,5709.7,5745.0,5703.21,5718.89,0.0
2012-04-26 00:00:00,5719.17,5761.14,5691.72,5748.72,0.0
2012-04-27 00:00:00,5748.53,5788.99,5707.95,5777.11,0.0
2012-04-28 00:00:00,5777.11,5777.11,5777.11,5777.11,0.0
2012-04-29 00:00:00,5777.11,5777.11,5777.11,5777.11,5.0
2012-04-30 00:00:00,5777.01,5792.97,5728.87,5737.78,0.0
2012-05-01 00:00:00,5737.81,5819.0,5732.16,5812.23,0.0
2012-05-02 00:00:00,5812.65,5819.93,5736.64,5758.11,0.0
2012-05-03 00:00:00,5758.71,5800.81,5745.23,5766.55,0.0
2012-05-04 00:00:00,5766.45,5766.45,5639.79,5655.06,0.0
2012-05-05 00:00:00,5655.06,5655.06,5655.06,5655.06,0.0
2012-05-06 00:00:00,5655.06,5655.06,5655.06,5655.06,3.0
2012-05-07 00:00:00,5655.06,5655.06,5655.06,5655.06,2.0
2012-05-08 00:00:00,5654.53,5668.09,5550.09,5554.55,0.0
2012-05-09 00:00:00,5554.95,5571.71,5464.41,5530.05,0.0
2012-05-10 00:00:00,5530.73,5566.14,5490.54,5543.95,0.0
2012-05-11 00:00:00,5543.96,5585.5,5499.27,5575.52,0.0
2012-05-12 00:00:00,5575.52,5575.52,5575.52,5575.52,0.0
2012-05-13 00:00:00,5575.52,5575.52,5575.52,5575.52,2.0
2012-05-14 00:00:00,5575.65,5575.65,5436.69,5465.52,0.0
2012-05-15 00:00:00,5465.58,5507.65,5411.82,5437.62,0.0
2012-05-16 00:00:00,5437.46,5448.38,5354.0,5405.25,0.0
2012-05-17 00:00:00,5405.69,5413.32,5309.75,5338.38,0.0
2012-05-18 00:00:00,5338.11,5338.11,5256.61,5267.62,0.0
2012-05-19 00:00:00,5267.62,5267.62,5267.62,5267.62,0.0
2012-05-20 00:00:00,5267.62,5267.62,5267.62,5267.62,0.0
2012-05-21 00:00:00,5267.58,5324.36,5253.92,5304.48,0.0
2012-05-22 00:00:00,5304.56,5408.65,5304.56,5403.28,0.0
2012-05-23 00:00:00,5403.14,5403.67,5262.9,5266.41,0.0
2012-05-24 00:00:00,5267.9,5371.75,5266.88,5350.05,0.0
2012-05-25 00:00:00,5350.28,5385.17,5312.2,5351.53,0.0
2012-05-26 00:00:00,5351.53,5351.53,5351.53,5351.53,0.0
2012-05-27 00:00:00,5351.53,5351.53,5351.53,5351.53,2.0
2012-05-28 00:00:00,5351.73,5413.83,5341.34,5356.34,0.0
2012-05-29 00:00:00,5356.61,5404.66,5342.46,5391.14,0.0
2012-05-30 00:00:00,5391.13,5391.13,5284.42,5297.28,0.0
2012-05-31 00:00:00,5297.39,5352.05,5272.66,5320.86,0.0
2012-06-01 00:00:00,5321.01,5354.45,5229.76,5260.19,0.0
2012-06-02 00:00:00,5260.19,5260.19,5260.19,5260.19,0.0
2012-06-03 00:00:00,5260.19,5260.19,5260.19,5260.19,2.0
2012-06-04 00:00:00,5260.19,5260.19,5260.19,5260.19,1.0
2012-06-05 00:00:00,5260.19,5260.19,5260.19,5260.19,3.0
2012-06-06 00:00:00,5261.31,5388.03,5260.81,5384.11,0.0
2012-06-07 00:00:00,5384.23,5494.54,5384.23,5447.79,0.0
2012-06-08 00:00:00,5447.65,5447.65,5381.83,5435.08,0.0
2012-06-09 00:00:00,5435.08,5435.08,5435.08,5435.08,0.0
2012-06-10 00:00:00,5435.08,5435.08,5435.08,5435.08,3.0
2012-06-11 00:00:00,5435.4,5536.27,5419.56,5432.37,0.0
2012-06-12 00:00:00,5432.44,5478.63,5414.64,5473.74,0.0
2012-06-13 00:00:00,5473.8,5507.65,5436.67,5483.81,0.0
2012-06-14 00:00:00,5483.66,5483.7,5424.4,5467.05,0.0
2012-06-15 00:00:00,5467.26,5522.87,5465.09,5478.81,0.0
2012-06-16 00:00:00,5478.81,5478.81,5478.81,5478.81,0.0
2012-06-17 00:00:00,5478.81,5478.81,5478.81,5478.81,3.0
2012-06-18 00:00:00,5478.97,5555.32,5461.08,5491.09,0.0
2012-06-19 00:00:00,5491.03,5603.14,5491.03,5586.31,0.0
2012-06-20 00:00:00,5586.36,5623.85,5566.0,5622.29,0.0
2012-06-21 00:00:00,5622.15,5622.15,5564.79,5566.36,0.0
2012-06-22 00:00:00,5566.27,5566.27,5499.97,5513.69,0.0
2012-06-23 00:00:00,5513.69,5513.69,5513.69,5513.69,0.0
2012-06-24 00:00:00,5513.69,5513.69,5513.69,5513.69,1.0
2012-06-25 00:00:00,5512.92,5513.0,5435.46,5450.65,0.0
2012-06-26 00:00:00,5451.09,5476.5,5436.27,5446.96,0.0
2012-06-27 00:00:00,5447.49,5525.14,5447.28,5523.92,0.0
2012-06-28 00:00:00,5523.98,5533.75,5436.5,5493.06,0.0
2012-06-29 00:00:00,5495.2,5619.65,5495.2,5571.15,0.0
2012-06-30 00:00:00,5571.15,5571.15,5571.15,5571.15,0.0
2012-07-01 00:00:00,5571.15,5571.15,5571.15,5571.15,2.0
2012-07-02 00:00:00,5571.22,5640.64,5571.2,5640.64,0.0
2012-07-03 00:00:00,5641.55,5689.0,5636.05,5687.73,0.0
2012-07-04 00:00:00,5687.61,5699.85,5669.73,5684.47,0.0
2012-07-05 00:00:00,5684.49,5727.45,5662.48,5692.63,0.0
2012-07-06 00:00:00,5692.62,5695.06,5647.47,5662.63,0.0
2012-07-07 00:00:00,5662.63,5662.63,5662.63,5662.63,0.0
2012-07-08 00:00:00,5662.63,5662.63,5662.63,5662.63,1.0
2012-07-09 00:00:00,5662.6,5669.75,5610.71,5627.33,0.0
2012-07-10 00:00:00,5627.44,5688.66,5622.29,5664.07,0.0
2012-07-11 00:00:00,5664.01,5674.65,5625.6,5664.48,0.0
2012-07-12 00:00:00,5664.43,5664.43,5588.84,5608.25,0.0
2012-07-13 00:00:00,5608.37,5675.62,5608.3,5666.13,0.0
2012-07-14 00:00:00,5666.13,5666.13,5666.13,5666.13,0.0
2012-07-15 00:00:00,5666.13,5666.13,5666.13,5666.13,1.0
2012-07-16 00:00:00,5666.11,5670.6,5640.88,5662.43,0.0
2012-07-17 00:00:00,5662.53,5676.47,5621.19,5629.09,0.0
2012-07-18 00:00:00,5629.23,5688.29,5624.54,5685.77,0.0
2012-07-19 00:00:00,5686.6,5718.61,5686.13,5714.19,0.0
2012-07-20 00:00:00,5714.14,5714.14,5644.93,5651.77,0.0
2012-07-21 00:00:00,5651.77,5651.77,5651.77,5651.77,0.0
2012-07-22 00:00:00,5651.77,5651.77,5651.77,5651.77,0.0
2012-07-23 00:00:00,5651.67,5651.67,5510.92,5533.87,0.0
2012-07-24 00:00:00,5533.89,5556.63,5486.99,5499.23,0.0
2012-07-25 00:00:00,5498.76,5526.09,5478.02,5498.32,0.0
2012-07-26 00:00:00,5498.51,5594.51,5478.04,5573.16,0.0
2012-07-27 00:00:00,5573.48,5631.0,5550.9,5627.21,0.0
2012-07-28 00:00:00,5627.21,5627.21,5627.21,5627.21,0.0
2012-07-29 00:00:00,5627.21,5627.21,5627.21,5627.21,1.0
2012-07-30 00:00:00,5627.48,5706.47,5625.67,5693.63,0.0
2012-07-31 00:00:00,5693.74,5695.54,5635.28,5635.28,0.0
2012-08-01 00:00:00,5635.25,5712.82,5632.97,5712.82,0.0
2012-08-02 00:00:00,5712.83,5765.81,5657.25,5662.3,0.0
2012-08-03 00:00:00,5662.33,5794.01,5662.33,5787.28,0.0
2012-08-04 00:00:00,5787.28,5787.28,5787.28,5787.28,0.0
2012-08-05 00:00:00,5787.28,5787.28,5787.28,5787.28,1.0
2012-08-06 00:00:00,5787.29,5837.61,5767.1,5808.77,0.0
2012-08-07 00:00:00,5808.84,5841.24,5785.01,5841.24,0.0
2012-08-08 00:00:00,5841.18,5845.92,5801.08,5845.92,0.0
2012-08-09 00:00:00,5845.94,5860.16,5828.44,5851.51,0.0
2012-08-10 00:00:00,5851.4,5858.56,5827.71,5847.11,0.0
2012-08-11 00:00:00,5847.11,5847.11,5847.11,5847.11,0.0
2012-08-12 00:00:00,5847.11,5847.11,5847.11,5847.11,2.0
2012-08-13 00:00:00,5847.12,5852.79,5813.63,5831.88,0.0
2012-08-14 00:00:00,5832.25,5876.22,5832.25,5864.78,0.0
2012-08-15 00:00:00,5864.34,5864.34,5822.25,5833.04,0.0
2012-08-16 00:00:00,5832.97,5846.7,5811.31,5834.51,0.0
2012-08-17 00:00:00,5834.59,5854.72,5834.39,5852.42,0.0
2012-08-18 00:00:00,5852.42,5852.42,5852.42,5852.42,0.0
2012-08-19 00:00:00,5852.42,5852.42,5852.42,5852.42,1.0
2012-08-20 00:00:00,5852.44,5857.5,5802.91,5824.37,0.0
2012-08-21 00:00:00,5824.52,5872.59,5824.52,5857.52,0.0
2012-08-22 00:00:00,5857.43,5857.43,5771.22,5774.2,0.0
2012-08-23 00:00:00,5774.47,5809.26,5764.02,5776.6,0.0
2012-08-24 00:00:00,5776.7,5791.39,5739.41,5776.6,0.0
2012-08-25 00:00:00,5776.6,5776.6,5776.6,5776.6,0.0
2012-08-26 00:00:00,5776.6,5776.6,5776.6,5776.6,1.0
2012-08-27 00:00:00,5776.6,5776.6,5776.6,5776.6,4.0
2012-08-28 00:00:00,5776.69,5779.49,5749.75,5775.71,0.0
2012-08-29 00:00:00,5775.76,5775.76,5739.23,5743.53,0.0
2012-08-30 00:00:00,5743.4,5743.4,5705.65,5719.45,0.0
2012-08-31 00:00:00,5719.5,5763.77,5707.99,5711.48,0.0
2012-09-01 00:00:00,5711.48,5711.48,5711.48,5711.48,0.0
2012-09-02 00:00:00,5711.48,5711.48,5711.48,5711.48,2.0
2012-09-03 00:00:00,5711.41,5758.41,5701.06,5758.41,0.0
2012-09-04 00:00:00,5753.83,5757.14,5658.34,5672.01,0.0
2012-09-05 00:00:00,5671.66,5675.91,5634.88,5657.86,0.0
2012-09-06 00:00:00,5658.72,5785.98,5658.68,5777.34,0.0
2012-09-07 00:00:00,5777.67,5807.57,5772.87,5794.8,0.0
2012-09-08 00:00:00,5794.8,5794.8,5794.8,5794.8,0.0
2012-09-09 00:00:00,5794.8,5794.8,5794.8,5794.8,2.0
2012-09-10 00:00:00,5794.55,5806.79,5777.07,5793.2,0.0
2012-09-11 00:00:00,5793.16,5796.56,5764.22,5792.19,0.0
2012-09-12 00:00:00,5792.02,5821.24,5757.58,5782.08,0.0
2012-09-13 00:00:00,5782.05,5826.57,5770.26,5819.92,0.0
2012-09-14 00:00:00,5824.5,5932.62,5824.5,5915.55,0.0
2012-09-15 00:00:00,5915.55,5915.55,5915.55,5915.55,0.0
2012-09-16 00:00:00,5915.55,5915.55,5915.55,5915.55,4.0
2012-09-17 00:00:00,5915.66,5915.68,5883.22,5893.52,0.0
2012-09-18 00:00:00,5893.42,5893.42,5837.52,5868.16,0.0
2012-09-19 00:00:00,5868.21,5894.39,5861.01,5888.48,0.0
2012-09-20 00:00:00,5884.96,5884.96,5824.36,5854.64,0.0
2012-09-21 00:00:00,5854.67,5887.57,5838.86,5852.62,0.0
2012-09-22 00:00:00,5852.62,5852.62,5852.62,5852.62,0.0
2012-09-23 00:00:00,5852.62,5852.62,5852.62,5852.62,1.0
2012-09-24 00:00:00,5852.54,5852.54,5806.09,5838.84,0.0
2012-09-25 00:00:00,5838.86,5869.17,5828.34,5859.71,0.0
2012-09-26 00:00:00,5854.51,5854.51,5751.35,5768.09,0.0
2012-09-27 00:00:00,5768.41,5804.09,5762.98,5779.42,0.0
2012-09-28 00:00:00,5780.02,5807.82,5740.52,5742.07,0.0
2012-09-29 00:00:00,5742.07,5742.07,5742.07,5742.07,0.0
2012-09-30 00:00:00,5742.07,5742.07,5742.07,5742.07,2.0
2012-10-01 00:00:00,5742.11,5843.54,5738.59,5820.45,0.0
2012-10-02 00:00:00,5820.49,5840.36,5781.42,5809.45,0.0
2012-10-03 00:00:00,5806.68,5832.48,5785.0,5825.81,0.0
2012-10-04 00:00:00,5826.52,5854.16,5803.22,5827.78,0.0
2012-10-05 00:00:00,5827.86,5885.57,5827.61,5871.02,0.0
2012-10-06 00:00:00,5871.02,5871.02,5871.02,5871.02,0.0
2012-10-07 00:00:00,5871.02,5871.02,5871.02,5871.02,2.0
2012-10-08 00:00:00,5870.52,5870.52,5818.76,5841.74,0.0
2012-10-09 00:00:00,5841.7,5856.42,5795.18,5810.25,0.0
2012-10-10 00:00:00,5810.46,5810.52,5776.71,5776.71,0.0
2012-10-11 00:00:00,5776.66,5846.3,5766.69,5829.75,0.0
2012-10-12 00:00:00,5829.73,5829.73,5793.32,5793.32,0.0
2012-10-13 00:00:00,5793.32,5793.32,5793.32,5793.32,0.0
2012-10-14 00:00:00,5793.32,5793.32,5793.32,5793.32,1.0
2012-10-15 00:00:00,5793.33,5827.87,5786.03,5805.61,0.0
2012-10-16 00:00:00,5805.66,5878.09,5805.66,5870.54,0.0
2012-10-17 00:00:00,5870.6,5915.59,5868.68,5910.91,0.0
2012-10-18 00:00:00,5911.16,5928.27,5896.49,5917.05,0.0
2012-10-19 00:00:00,5917.04,5919.73,5892.23,5896.15,0.0
2012-10-20 00:00:00,5896.15,5896.15,5896.15,5896.15,0.0
2012-10-21 00:00:00,5896.15,5896.15,5896.15,5896.15,3.0
2012-10-22 00:00:00,5896.14,5911.03,5869.88,5882.91,0.0
2012-10-23 00:00:00,5882.87,5893.43,5788.96,5797.91,0.0
2012-10-24 00:00:00,5798.16,5823.24,5776.64,5804.78,0.0
2012-10-25 00:00:00,5804.74,5840.57,5802.22,5805.05,0.0
2012-10-26 00:00:00,5804.94,5817.94,5753.31,5806.71,0.0
2012-10-27 00:00:00,5806.71,5806.71,5806.71,5806.71,0.0
2012-10-28 00:00:00,5806.71,5806.71,5806.71,5806.71,2.0
2012-10-29 00:00:00,5806.52,5812.67,5763.51,5795.1,0.0
2012-10-30 00:00:00,5794.98,5852.17,5794.92,5849.9,0.0
2012-10-31 00:00:00,5849.8,5866.67,5782.7,5782.7,0.0
2012-11-01 00:00:00,5782.65,5866.76,5777.96,5861.92,0.0
2012-11-02 00:00:00,5861.88,5890.11,5844.3,5868.55,0.0
2012-11-03 00:00:00,5868.55,5868.55,5868.55,5868.55,0.0
2012-11-04 00:00:00,5868.55,5868.55,5868.55,5868.55,2.0
2012-11-05 00:00:00,5868.5,5868.52,5825.55,5839.06,0.0
2012-11-06 00:00:00,5839.15,5885.16,5839.15,5884.9,0.0
2012-11-07 00:00:00,5885.29,5921.78,5789.43,5791.63,0.0
2012-11-08 00:00:00,5791.75,5824.36,5770.7,5776.05,0.0
2012-11-09 00:00:00,5776.11,5786.43,5715.23,5769.68,0.0
2012-11-10 00:00:00,5769.68,5769.68,5769.68,5769.68,0.0
2012-11-11 00:00:00,5769.68,5769.68,5769.68,5769.68,2.0
2012-11-12 00:00:00,5769.66,5795.25,5762.01,5767.27,0.0
2012-11-13 00:00:00,5767.25,5786.25,5710.99,5786.25,0.0
2012-11-14 00:00:00,5785.68,5786.08,5719.61,5722.01,0.0
2012-11-15 00:00:00,5721.92,5721.92,5674.26,5677.75,0.0
2012-11-16 00:00:00,5678.11,5682.68,5605.59,5605.59,0.0
2012-11-17 00:00:00,5605.59,5605.59,5605.59,5605.59,0.0
2012-11-18 00:00:00,5605.59,5605.59,5605.59,5605.59,2.0
2012-11-19 00:00:00,5605.65,5739.74,5605.65,5737.66,0.0
2012-11-20 00:00:00,5737.69,5751.82,5706.7,5748.1,0.0
2012-11-21 00:00:00,5748.02,5760.12,5727.86,5752.03,0.0
2012-11-22 00:00:00,5752.15,5796.47,5752.15,5791.03,0.0
2012-11-23 00:00:00,5791.27,5830.53,5781.43,5819.14,0.0
2012-11-24 00:00:00,5819.14,5819.14,5819.14,5819.14,0.0
2012-11-25 00:00:00,5819.14,5819.14,5819.14,5819.14,2.0
2012-11-26 00:00:00,5819.09,5819.14,5773.86,5786.72,0.0
2012-11-27 00:00:00,5786.87,5823.18,5786.87,5799.71,0.0
2012-11-28 00:00:00,5799.54,5808.34,5755.23,5803.28,0.0
2012-11-29 00:00:00,5803.56,5883.98,5803.56,5870.3,0.0
2012-11-30 00:00:00,5871.18,5904.39,5860.27,5866.82,0.0
2012-12-01 00:00:00,5866.82,5866.82,5866.82,5866.82,0.0
2012-12-02 00:00:00,5866.82,5866.82,5866.82,5866.82,1.0
2012-12-03 00:00:00,5867.06,5902.0,5859.56,5871.24,0.0
2012-12-04 00:00:00,5871.29,5885.36,5852.88,5869.04,0.0
2012-12-05 00:00:00,5869.12,5902.66,5869.12,5892.08,0.0
2012-12-06 00:00:00,5892.05,5923.91,5889.65,5901.42,0.0
2012-12-07 00:00:00,5901.61,5923.11,5889.92,5914.4,0.0
2012-12-08 00:00:00,5914.4,5914.4,5914.4,5914.4,0.0
2012-12-09 00:00:00,5914.4,5914.4,5914.4,5914.4,2.0
2012-12-10 00:00:00,5914.41,5923.97,5891.33,5921.63,0.0
2012-12-11 00:00:00,5921.64,5937.93,5908.32,5924.97,0.0
2012-12-12 00:00:00,5924.29,5948.5,5915.91,5945.85,0.0
2012-12-13 00:00:00,5945.83,5947.85,5918.57,5929.61,0.0
2012-12-14 00:00:00,5930.0,5944.5,5915.34,5921.76,0.0
2012-12-15 00:00:00,5921.76,5921.76,5921.76,5921.76,0.0
2012-12-16 00:00:00,5921.76,5921.76,5921.76,5921.76,2.0
2012-12-17 00:00:00,5921.8,5923.92,5881.01,5912.15,0.0
2012-12-18 00:00:00,5912.23,5946.41,5911.1,5935.9,0.0
2012-12-19 00:00:00,5936.2,5977.82,5936.2,5961.59,0.0
2012-12-20 00:00:00,5961.56,5970.87,5950.07,5958.34,0.0
2012-12-21 00:00:00,5958.34,5958.34,5894.1,5939.99,0.0
2012-12-22 00:00:00,5939.99,5939.99,5939.99,5939.99,0.0
2012-12-23 00:00:00,5939.99,5939.99,5939.99,5939.99,2.0
2012-12-24 00:00:00,5939.92,5957.69,5937.1,5954.18,0.0
2012-12-25 00:00:00,5954.18,5954.18,5954.18,5954.18,4.0
2012-12-26 00:00:00,5954.18,5954.18,5954.18,5954.18,4.0
2012-12-27 00:00:00,5954.22,5997.04,5942.44,5954.3,0.0
2012-12-28 00:00:00,5954.32,5975.97,5915.32,5925.37,0.0
2012-12-29 00:00:00,5925.37,5925.37,5925.37,5925.37,0.0
2012-12-30 00:00:00,5925.37,5925.37,5925.37,5925.37,3.0
2012-12-31 00:00:00,5925.38,5925.43,5873.43,5897.81,0.0
2013-01-01 00:00:00,5897.81,5897.81,5897.81,5897.81,3.0
2013-01-02 00:00:00,5897.93,6044.57,5897.93,6027.37,0.0
2013-01-03 00:00:00,6030.15,6051.3,6016.8,6047.34,0.0
2013-01-04 00:00:00,6046.44,6089.84,6038.02,6089.84,0.0
2013-01-05 00:00:00,6089.84,6089.84,6089.84,6089.84,0.0
2013-01-06 00:00:00,6089.84,6089.84,6089.84,6089.84,2.0
2013-01-07 00:00:00,6089.82,6091.5,6060.75,6064.58,0.0
2013-01-08 00:00:00,6064.49,6088.18,6053.63,6053.63,0.0
2013-01-09 00:00:00,6053.68,6112.27,6053.66,6098.65,0.0
2013-01-10 00:00:00,6098.65,6118.3,6090.61,6101.51,0.0
2013-01-11 00:00:00,6101.53,6121.58,6095.07,6121.58,0.0
2013-01-12 00:00:00,6121.58,6121.58,6121.58,6121.58,0.0
2013-01-13 00:00:00,6121.58,6121.58,6121.58,6121.58,2.0
2013-01-14 00:00:00,6121.53,6134.17,6104.9,6107.86,0.0
2013-01-15 00:00:00,6107.88,6117.31,6086.21,6117.31,0.0
2013-01-16 00:00:00,6117.33,6117.33,6076.12,6103.98,0.0
2013-01-17 00:00:00,6103.93,6135.89,6087.49,6132.36,0.0
2013-01-18 00:00:00,6131.93,6172.49,6131.93,6154.41,0.0
2013-01-19 00:00:00,6154.41,6154.41,6154.41,6154.41,0.0
2013-01-20 00:00:00,6154.41,6154.41,6154.41,6154.41,2.0
2013-01-21 00:00:00,6154.52,6182.23,6154.52,6180.98,0.0
2013-01-22 00:00:00,6180.86,6188.58,6149.18,6179.17,0.0
2013-01-23 00:00:00,6179.15,6200.49,6178.47,6197.64,0.0
2013-01-24 00:00:00,6197.51,6271.4,6186.48,6264.91,0.0
2013-01-25 00:00:00,6264.89,6284.45,6247.33,6284.45,0.0
2013-01-26 00:00:00,6284.45,6284.45,6284.45,6284.45,0.0
2013-01-27 00:00:00,6284.45,6284.45,6284.45,6284.45,0.0
2013-01-28 00:00:00,6284.63,6311.26,6277.04,6294.41,0.0
2013-01-29 00:00:00,6294.38,6346.37,6285.77,6339.19,0.0
2013-01-30 00:00:00,6339.15,6354.46,6316.29,6323.11,0.0
2013-01-31 00:00:00,6322.4,6322.57,6276.88,6276.88,0.0
2013-02-01 00:00:00,6276.91,6353.95,6275.5,6347.24,0.0
2013-02-02 00:00:00,6347.24,6347.24,6347.24,6347.24,0.0
2013-02-03 00:00:00,6347.24,6347.24,6347.24,6347.24,2.0
2013-02-04 00:00:00,6347.26,6347.26,6236.66,6246.84,0.0
2013-02-05 00:00:00,6246.92,6296.47,6244.07,6282.76,0.0
2013-02-06 00:00:00,6282.78,6321.45,6265.55,6295.34,0.0
2013-02-07 00:00:00,6295.27,6313.0,6216.72,6228.42,0.0
2013-02-08 00:00:00,6228.5,6278.07,6228.5,6263.93,0.0
2013-02-09 00:00:00,6263.93,6263.93,6263.93,6263.93,0.0
2013-02-10 00:00:00,6263.93,6263.93,6263.93,6263.93,2.0
2013-02-11 00:00:00,6263.95,6294.81,6252.31,6277.06,0.0
2013-02-12 00:00:00,6277.1,6338.38,6259.82,6338.38,0.0
2013-02-13 00:00:00,6338.29,6384.7,6311.59,6359.11,0.0
2013-02-14 00:00:00,6359.35,6364.72,6302.0,6327.36,0.0
2013-02-15 00:00:00,6326.93,6352.2,6309.78,6328.26,0.0
2013-02-16 00:00:00,6328.26,6328.26,6328.26,6328.26,0.0
2013-02-17 00:00:00,6328.26,6328.26,6328.26,6328.26,2.0
2013-02-18 00:00:00,6327.97,6330.17,6306.83,6318.19,0.0
2013-02-19 00:00:00,6318.43,6385.14,6304.4,6379.07,0.0
2013-02-20 00:00:00,6379.06,6412.44,6368.2,6395.37,0.0
2013-02-21 00:00:00,6395.31,6395.31,6277.96,6291.54,0.0
2013-02-22 00:00:00,6291.49,6347.25,6291.49,6335.7,0.0
2013-02-23 00:00:00,6335.7,6335.7,6335.7,6335.7,0.0
2013-02-24 00:00:00,6335.7,6335.7,6335.7,6335.7,0.0
2013-02-25 00:00:00,6335.57,6390.09,6323.98,6355.37,0.0
2013-02-26 00:00:00,6355.17,6355.17,6258.62,6270.44,0.0
2013-02-27 00:00:00,6270.46,6335.9,6269.26,6325.88,0.0
2013-02-28 00:00:00,6325.94,6372.0,6325.94,6360.81,0.0
2013-03-01 00:00:00,6360.61,6391.67,6308.56,6378.6,0.0
2013-03-02 00:00:00,6378.6,6378.6,6378.6,6378.6,0.0
2013-03-03 00:00:00,6378.6,6378.6,6378.6,6378.6,0.0
2013-03-04 00:00:00,6379.27,6379.29,6333.17,6345.63,0.0
2013-03-05 00:00:00,6345.72,6437.34,6344.78,6431.95,0.0
2013-03-06 00:00:00,6432.32,6460.96,6418.72,6427.64,0.0
2013-03-07 00:00:00,6427.56,6459.68,6427.31,6439.16,0.0
2013-03-08 00:00:00,6439.2,6489.54,6439.2,6483.58,0.0
2013-03-09 00:00:00,6483.58,6483.58,6483.58,6483.58,0.0
2013-03-10 00:00:00,6483.58,6483.58,6483.58,6483.58,0.0
2013-03-11 00:00:00,6483.69,6505.3,6473.56,6503.63,0.0
2013-03-12 00:00:00,6503.48,6533.99,6491.75,6510.62,0.0
2013-03-13 00:00:00,6510.6,6510.6,6461.9,6462.93,0.0
2013-03-14 00:00:00,6481.5,6532.57,6478.54,6529.41,0.0
2013-03-15 00:00:00,6529.49,6533.78,6470.1,6489.65,0.0
2013-03-16 00:00:00,6489.65,6489.65,6489.65,6489.65,0.0
2013-03-17 00:00:00,6489.65,6489.65,6489.65,6489.65,0.0
2013-03-18 00:00:00,6488.71,6488.73,6386.17,6457.92,0.0
2013-03-19 00:00:00,6457.94,6474.57,6414.45,6441.32,0.0
2013-03-20 00:00:00,6441.28,6475.61,6440.35,6459.71,0.0
2013-03-21 00:00:00,6433.11,6435.59,6364.0,6388.55,0.0
2013-03-22 00:00:00,6388.48,6426.45,6374.51,6392.76,0.0
2013-03-23 00:00:00,6392.76,6392.76,6392.76,6392.76,0.0
2013-03-24 00:00:00,6392.76,6392.76,6392.76,6392.76,0.0
2013-03-25 00:00:00,6395.0,6458.53,6366.62,6378.38,0.0
2013-03-26 00:00:00,6378.71,6403.65,6369.58,6402.18,0.0
2013-03-27 00:00:00,6395.98,6398.85,6344.19,6385.36,0.0
2013-03-28 00:00:00,6385.36,6447.85,6381.99,6405.23,0.0
2013-03-29 00:00:00,6405.23,6405.23,6405.23,6405.23,0.0
2013-03-30 00:00:00,6405.23,6405.23,6405.23,6405.23,0.0
2013-03-31 00:00:00,6405.23,6405.23,6405.23,6405.23,0.0
2013-04-01 00:00:00,6405.23,6405.23,6405.23,6405.23,0.0
2013-04-02 00:00:00,6411.74,6501.75,6408.84,6490.66,0.0
2013-04-03 00:00:00,6490.66,6491.79,6416.67,6420.28,0.0
2013-04-04 00:00:00,6420.28,6426.34,6341.43,6344.12,0.0
2013-04-05 00:00:00,6344.12,6346.8,6214.36,6254.7,0.0
2013-04-06 00:00:00,6254.7,6254.7,6254.7,6254.7,0.0
2013-04-07 00:00:00,6254.7,6254.7,6254.7,6254.7,0.0
2013-04-08 00:00:00,6249.78,6289.58,6249.78,6269.23,0.0
2013-04-09 00:00:00,6269.23,6326.49,6269.23,6307.71,0.0
2013-04-10 00:00:00,6307.71,6405.15,6307.71,6387.37,0.0
2013-04-11 00:00:00,6387.37,6423.55,6377.54,6415.06,0.0
2013-04-12 00:00:00,6415.06,6415.06,6415.06,6415.06,0.0
2013-04-13 00:00:00,6415.06,6415.06,6415.06,6415.06,0.0
2013-04-14 00:00:00,6415.06,6415.06,6415.06,6415.06,0.0
2013-04-15 00:00:00,6303.335,6346.93,6300.12,6343.37,0.0
2013-04-16 00:00:00,6343.37,6343.43,6297.54,6304.58,0.0
2013-04-17 00:00:00,6304.58,6304.58,6304.58,6304.58,0.0
2013-04-18 00:00:00,6304.58,6304.58,6304.58,6304.58,0.0
2013-04-19 00:00:00,6304.58,6304.58,6304.58,6304.58,0.0
2013-04-20 00:00:00,6304.58,6304.58,6304.58,6304.58,0.0
2013-04-21 00:00:00,6304.58,6304.58,6304.58,6304.58,0.0
2013-04-22 00:00:00,6286.54,6341.97,6258.98,6275.56,0.0
2013-04-23 00:00:00,6275.56,6406.13,6275.56,6403.25,0.0
2013-04-24 00:00:00,6403.25,6438.92,6396.27,6431.76,0.0
2013-04-25 00:00:00,6431.76,6467.07,6411.94,6434.54,0.0
2013-04-26 00:00:00,6434.54,6442.43,6399.37,6417.42,0.0
2013-04-27 00:00:00,6417.42,6417.42,6417.42,6417.42,0.0
2013-04-28 00:00:00,6417.42,6417.42,6417.42,6417.42,0.0
2013-04-29 00:00:00,6417.42,6456.72,6417.42,6456.72,0.0
2013-04-30 00:00:00,6456.72,6483.07,6412.69,6427.52,0.0
2013-05-01 00:00:00,6427.52,6475.79,6427.52,6441.0,0.0
2013-05-02 00:00:00,6441.0,6470.33,6409.81,6460.71,0.0
2013-05-03 00:00:00,6460.71,6541.68,6451.5,6514.94,0.0
2013-05-04 00:00:00,6514.94,6514.94,6514.94,6514.94,0.0
2013-05-05 00:00:00,6514.94,6514.94,6514.94,6514.94,0.0
2013-05-06 00:00:00,6514.94,6514.94,6514.94,6514.94,0.0
2013-05-07 00:00:00,6514.94,6563.89,6514.94,6549.91,0.0
2013-05-08 00:00:00,6549.91,6587.36,6547.15,6583.48,0.0
2013-05-09 00:00:00,6583.48,6597.24,6571.765,6592.74,0.0
2013-05-10 00:00:00,6592.74,6637.81,6591.58,6619.39,0.0
2013-05-11 00:00:00,6619.39,6619.39,6619.39,6619.39,0.0
2013-05-12 00:00:00,6619.39,6619.39,6619.39,6619.39,0.0
2013-05-13 00:00:00,6619.39,6633.23,6602.82,6626.22,0.0
2013-05-14 00:00:00,6626.22,6681.46,6618.36,6675.98,0.0
2013-05-15 00:00:00,6675.98,6701.66,6669.04,6693.06,0.0
2013-05-16 00:00:00,6693.06,6693.06,6693.06,6693.06,0.0
2013-05-17 00:00:00,6693.06,6693.06,6693.06,6693.06,0.0
2013-05-18 00:00:00,6693.06,6693.06,6693.06,6693.06,0.0
2013-05-19 00:00:00,6693.06,6693.06,6693.06,6693.06,0.0
2013-05-20 00:00:00,6693.06,6693.06,6693.06,6693.06,0.0
2013-05-21 00:00:00,6693.06,6693.06,6693.06,6693.06,0.0
2013-05-22 00:00:00,6693.06,6693.06,6693.06,6693.06,0.0
2013-05-23 00:00:00,6720.0,6726.0,6655.0,6715.0,27.01799964904785
2013-05-24 00:00:00,6715.0,6715.0,6715.0,6715.0,0.0
2013-05-25 00:00:00,6715.0,6715.0,6715.0,6715.0,0.0
2013-05-26 00:00:00,6685.0,6698.0,6685.0,6685.0,0.7820000052452087
2013-05-27 00:00:00,6685.0,6694.0,6666.0,6690.0,11.619999885559082
2013-05-28 00:00:00,6690.0,6791.0,6690.0,6737.0,23.775999069213867
2013-05-29 00:00:00,6735.0,6741.0,6621.0,6641.0,28.590999603271484
2013-05-30 00:00:00,6641.0,6671.0,6602.0,6650.0,27.450000762939453
2013-05-31 00:00:00,6650.0,6650.0,6650.0,6650.0,0.0
2013-06-01 00:00:00,6650.0,6650.0,6650.0,6650.0,0.0
2013-06-02 00:00:00,6543.0,6555.0,6542.0,6549.0,1.284000039100647
2013-06-03 00:00:00,6535.0,6561.0,6522.0,6541.0,8.38700008392334
2013-06-04 00:00:00,6540.0,6577.0,6510.0,6526.0,31.610000610351562
2013-06-05 00:00:00,6526.0,6530.0,6392.0,6405.0,34.7130012512207
2013-06-06 00:00:00,6403.0,6436.0,6284.0,6347.0,35.06100082397461
2013-06-07 00:00:00,6347.0,6347.0,6347.0,6347.0,0.0
2013-06-08 00:00:00,6347.0,6347.0,6347.0,6347.0,0.0
2013-06-09 00:00:00,6395.0,6395.0,6386.0,6392.0,0.9559999704360962
2013-06-10 00:00:00,6392.0,6422.0,6378.0,6385.0,28.367000579833984
2013-06-11 00:00:00,6385.0,6389.0,6279.0,6296.0,35.112998962402344
2013-06-12 00:00:00,6296.0,6364.0,6252.0,6262.0,22.768999099731445
2013-06-13 00:00:00,6262.0,6347.0,6198.0,6345.0,38.78300094604492
2013-06-14 00:00:00,6345.0,6345.0,6345.0,6345.0,0.0
2013-06-15 00:00:00,6345.0,6345.0,6345.0,6345.0,0.0
2013-06-16 00:00:00,6281.0,6292.0,6279.0,6292.0,0.6539999842643738
2013-06-17 00:00:00,6292.0,6366.0,6288.0,6322.0,18.007999420166016
2013-06-18 00:00:00,6322.0,6398.0,6309.0,6369.0,26.336999893188477
2013-06-19 00:00:00,6369.0,6387.0,6284.0,6305.0,33.00199890136719
2013-06-20 00:00:00,6305.0,6306.0,6115.0,6124.0,42.959999084472656
2013-06-21 00:00:00,6124.0,6124.0,6124.0,6124.0,0.0
2013-06-22 00:00:00,6124.0,6124.0,6124.0,6124.0,0.0
2013-06-23 00:00:00,6128.0,6135.0,6115.0,6132.0,1.3289999961853027
2013-06-24 00:00:00,6131.0,6135.0,6021.0,6058.0,38.499000549316406
2013-06-25 00:00:00,6058.0,6133.0,6002.0,6105.0,33.67300033569336
2013-06-26 00:00:00,6106.0,6190.0,6085.0,6175.0,30.28499984741211
2013-06-27 00:00:00,6175.0,6273.0,6169.0,6223.0,26.347000122070312
2013-06-28 00:00:00,6223.0,6223.0,6223.0,6223.0,0.0
2013-06-29 00:00:00,6223.0,6223.0,6223.0,6223.0,0.0
2013-06-30 00:00:00,6210.0,6221.0,6206.0,6211.0,0.8809999823570251
2013-07-01 00:00:00,6211.0,6318.0,6201.0,6284.0,30.023000717163086
2013-07-02 00:00:00,6284.0,6314.0,6257.0,6279.0,27.4060001373291
2013-07-03 00:00:00,6279.0,6282.0,6180.0,6238.0,27.277000427246094
2013-07-04 00:00:00,6238.0,6433.0,6234.0,6414.0,20.722999572753906
2013-07-05 00:00:00,6414.0,6414.0,6414.0,6414.0,0.0
2013-07-06 00:00:00,6414.0,6414.0,6414.0,6414.0,0.0
2013-07-07 00:00:00,6433.0,6440.0,6433.0,6439.0,0.8610000014305115
2013-07-08 00:00:00,6439.0,6476.0,6410.0,6464.0,26.4060001373291
2013-07-09 00:00:00,6464.0,6532.0,6454.0,6526.0,27.27400016784668
2013-07-10 00:00:00,6526.0,6566.0,6471.0,6565.0,26.72100067138672
2013-07-11 00:00:00,6565.0,6649.0,6524.0,6554.0,25.92099952697754
2013-07-12 00:00:00,6554.0,6554.0,6554.0,6554.0,0.0
2013-07-13 00:00:00,6554.0,6554.0,6554.0,6554.0,0.0
2013-07-14 00:00:00,6547.0,6551.0,6544.0,6551.0,0.6050000190734863
2013-07-15 00:00:00,6552.0,6607.0,6545.0,6588.0,18.799999237060547
2013-07-16 00:00:00,6588.0,6608.0,6548.0,6560.0,22.066999435424805
2013-07-17 00:00:00,6560.0,6597.0,6515.0,6565.0,27.952999114990234
2013-07-18 00:00:00,6565.0,6659.0,6555.0,6625.0,25.8799991607666
2013-07-19 00:00:00,6625.0,6625.0,6625.0,6625.0,0.0
2013-07-20 00:00:00,6625.0,6625.0,6625.0,6625.0,0.0
2013-07-21 00:00:00,6626.0,6634.0,6624.0,6634.0,0.8730000257492065
2013-07-22 00:00:00,6634.0,6653.0,6606.0,6623.0,20.951000213623047
2013-07-23 00:00:00,6623.0,6658.0,6592.0,6612.0,21.493000030517578
2013-07-24 00:00:00,6612.0,6663.0,6579.0,6621.0,24.040000915527344
2013-07-25 00:00:00,6619.0,6625.0,6538.0,6605.0,27.58099937438965
2013-07-26 00:00:00,6605.0,6605.0,6605.0,6605.0,0.0
2013-07-27 00:00:00,6605.0,6605.0,6605.0,6605.0,0.0
2013-07-28 00:00:00,6585.0,6587.0,6583.0,6584.0,0.6470000147819519
2013-07-29 00:00:00,6584.0,6608.0,6542.0,6574.0,21.961999893188477
2013-07-30 00:00:00,6574.0,6602.0,6551.0,6574.0,21.833999633789062
2013-07-31 00:00:00,6574.0,6659.0,6553.0,6618.0,28.238000869750977
2013-08-01 00:00:00,6618.0,6714.0,6611.0,6704.0,25.209999084472656
2013-08-02 00:00:00,6704.0,6704.0,6704.0,6704.0,0.0
2013-08-03 00:00:00,6704.0,6704.0,6704.0,6704.0,0.0
2013-08-04 00:00:00,6657.0,6657.0,6647.0,6650.0,0.5730000138282776
2013-08-05 00:00:00,6650.0,6687.0,6588.0,6609.0,18.59000015258789
2013-08-06 00:00:00,6609.0,6629.0,6561.0,6584.0,21.11199951171875
2013-08-07 00:00:00,6584.0,6627.0,6484.0,6507.0,24.148000717163086
2013-08-08 00:00:00,6508.0,6559.0,6504.0,6544.0,22.260000228881836
2013-08-09 00:00:00,6544.0,6544.0,6544.0,6544.0,0.0
2013-08-10 00:00:00,6544.0,6544.0,6544.0,6544.0,0.0
2013-08-11 00:00:00,6544.0,6544.0,6544.0,6544.0,0.0
2013-08-12 00:00:00,6570.0,6583.0,6545.0,6576.0,0.1505890041589737
2013-08-13 00:00:00,6576.0,6641.0,6567.0,6611.0,0.2554120123386383
2013-08-14 00:00:00,6611.0,6629.0,6578.0,6583.0,0.28404301404953003
2013-08-15 00:00:00,6583.0,6586.0,6450.0,6464.0,0.3515070080757141
2013-08-16 00:00:00,6464.0,6464.0,6464.0,6464.0,0.0
2013-08-17 00:00:00,6464.0,6464.0,6464.0,6464.0,0.0
2013-08-18 00:00:00,6490.0,6496.0,6488.0,6494.0,0.014139999635517597
2013-08-19 00:00:00,6495.0,6510.0,6435.0,6440.0,0.259117990732193
2013-08-20 00:00:00,6440.0,6467.0,6396.0,6444.0,0.2905980050563812
2013-08-21 00:00:00,6444.0,6448.0,6360.0,6364.0,0.28817200660705566
2013-08-22 00:00:00,6364.0,6469.0,6348.0,6460.0,0.31503498554229736
2013-08-23 00:00:00,6460.0,6460.0,6460.0,6460.0,0.0
2013-08-24 00:00:00,6460.0,6460.0,6460.0,6460.0,0.0
2013-08-25 00:00:00,6460.0,6460.0,6460.0,6460.0,0.0
2013-08-26 00:00:00,6460.0,6460.0,6460.0,6460.0,0.0
2013-08-27 00:00:00,6455.0,6459.0,6389.0,6389.0,0.17322400212287903
2013-08-28 00:00:00,6388.0,6444.0,6387.0,6417.0,0.21050600707530975
2013-08-29 00:00:00,6417.0,6502.0,6410.0,6467.0,0.29027101397514343
2013-08-30 00:00:00,6467.0,6467.0,6467.0,6467.0,0.0
2013-08-31 00:00:00,6467.0,6467.0,6467.0,6467.0,0.0
2013-09-01 00:00:00,6467.0,6467.0,6467.0,6467.0,0.0
2013-09-02 00:00:00,6441.0,6533.0,6440.0,6497.0,0.15849199891090393
2013-09-03 00:00:00,6497.0,6527.0,6439.0,6461.0,0.33284899592399597
2013-09-04 00:00:00,6461.0,6491.0,6422.0,6485.0,0.33560100197792053
2013-09-05 00:00:00,6485.0,6545.0,6459.0,6531.0,0.2737860083580017
2013-09-06 00:00:00,6531.0,6531.0,6531.0,6531.0,0.0
2013-09-07 00:00:00,6531.0,6531.0,6531.0,6531.0,0.0
2013-09-08 00:00:00,6527.0,6544.0,6527.0,6541.0,0.064969003200531
2013-09-09 00:00:00,6541.0,6560.0,6506.0,6549.7,0.3853189945220947
2013-09-10 00:00:00,6549.8,6605.7,6545.7,6592.7,0.3770489990711212
2013-09-11 00:00:00,6592.8,6600.8,6557.7,6588.7,0.32088398933410645
2013-09-12 00:00:00,6588.8,6606.8,6556.7,6586.0,0.3110089898109436
2013-09-13 00:00:00,6586.0,6586.0,6586.0,6586.0,0.0
2013-09-14 00:00:00,6586.0,6586.0,6586.0,6586.0,0.0
2013-09-15 00:00:00,6631.0,6668.0,6629.0,6657.0,0.20835399627685547
2013-09-16 00:00:00,6650.0,6662.0,6609.0,6611.0,0.39974701404571533
2013-09-17 00:00:00,6611.0,6616.0,6567.0,6583.0,0.44449499249458313
2013-09-18 00:00:00,6583.0,6638.7,6529.7,6625.8,0.34286901354789734
2013-09-19 00:00:00,6625.7,6657.8,6607.7,6614.7,0.4198490083217621
2013-09-20 00:00:00,6614.8,6632.8,6573.7,6576.8,0.19217699766159058
2013-09-21 00:00:00,6576.8,6576.8,6576.8,6576.8,0.0
2013-09-22 00:00:00,6578.8,6579.8,6573.7,6574.7,0.0013640000252053142
2013-09-23 00:00:00,6574.8,6599.8,6540.7,6554.8,0.33083799481391907
2013-09-24 00:00:00,6553.7,6585.8,6540.7,6557.7,0.3932639956474304
2013-09-25 00:00:00,6556.8,6590.8,6524.8,6539.8,0.2773990035057068
2013-09-26 00:00:00,6539.7,6582.8,6531.7,6567.7,0.3450239896774292
2013-09-27 00:00:00,6572.8,6572.8,6484.7,6504.8,0.177265003323555
2013-09-28 00:00:00,6504.8,6504.8,6504.8,6504.8,0.0
2013-09-29 00:00:00,6504.8,6504.8,6504.8,6504.8,0.0
2013-09-30 00:00:00,6457.4,6470.5,6451.6,6458.4,1.6619999408721924
2013-10-01 00:00:00,6462.0,6463.3,6425.3,6457.3,2.562000036239624
2013-10-02 00:00:00,6458.7,6458.7,6394.8,6434.6,2.5439999103546143
2013-10-03 00:00:00,6446.818,6472.017,6444.237,6448.988,2.359999895095825
2013-10-04 00:00:00,6435.287,6473.117,6430.397,6453.828,3.369999885559082
2013-10-05 00:00:00,6453.828,6453.828,6453.828,6453.828,0.0
2013-10-06 00:00:00,6453.828,6453.828,6453.828,6453.828,0.0
2013-10-07 00:00:00,6407.287,6438.087,6392.018,6434.008,4.072000026702881
2013-10-08 00:00:00,6437.227,6437.228,6368.287,6371.118,2.9079999923706055
2013-10-09 00:00:00,6365.777,6372.247,6329.457,6329.457,2.946000099182129
2013-10-10 00:00:00,6337.908,6441.222,6337.908,6430.482,2.450000047683716
2013-10-11 00:00:00,6449.663,6488.762,6436.652,6483.272,3.385999917984009
2013-10-12 00:00:00,6483.272,6483.272,6483.272,6483.272,0.0
2013-10-13 00:00:00,6483.272,6483.272,6483.272,6483.272,0.0
2013-10-14 00:00:00,6467.722,6497.682,6465.182,6490.292,3.2079999446868896
2013-10-15 00:00:00,6548.493,6566.333,6542.772,6566.333,1.2380000352859497
2013-10-16 00:00:00,6549.262,6549.262,6521.703,6521.803,0.1979999989271164
2013-10-17 00:00:00,6545.992,6572.283,6529.453,6572.262,43.13800048828125
2013-10-18 00:00:00,6576.273,6622.692,6576.273,6612.672,66.89199829101562
2013-10-19 00:00:00,6612.672,6612.672,6612.672,6612.672,0.0
2013-10-20 00:00:00,6612.672,6612.672,6612.672,6612.672,0.0
2013-10-21 00:00:00,6624.912,6653.282,6622.513,6651.852,23.47800064086914
2013-10-22 00:00:00,6654.193,6719.263,6654.133,6694.083,59.39200973510742
2013-10-23 00:00:00,6695.652,6695.912,6655.192,6663.353,71.39199829101562
2013-10-24 00:00:00,6674.473,6700.692,6674.142,6694.59,27.36199951171875
2013-10-25 00:00:00,6694.628,6723.7,6694.155,6723.7,30.99799919128418
2013-10-26 00:00:00,6723.7,6723.7,6723.7,6723.7,0.0
2013-10-27 00:00:00,6723.7,6723.7,6723.7,6723.7,0.0
2013-10-28 00:00:00,6711.997,6736.998,6702.297,6725.498,3.903251886367798
2013-10-29 00:00:00,6725.898,6787.298,6712.548,6771.998,25.965639114379883
2013-10-30 00:00:00,6772.397,6819.298,6742.497,6747.698,11.562295913696289
2013-10-31 00:00:00,6748.098,6767.497,6718.797,6742.097,14.943785667419434
2013-11-01 00:00:00,6742.098,6758.998,6713.798,6734.723,15.893941879272461
2013-11-02 00:00:00,6734.723,6734.723,6734.723,6734.723,0.0
2013-11-03 00:00:00,6734.723,6734.723,6734.723,6734.723,0.0
2013-11-04 00:00:00,6751.897,6788.498,6734.713,6784.197,9.453536033630371
2013-11-05 00:00:00,6784.198,6789.797,6707.297,6732.498,15.45767879486084
2013-11-06 00:00:00,6732.897,6768.298,6730.098,6732.497,0.9020310044288635
2013-11-07 00:00:00,6732.097,6780.498,6641.798,6648.598,16.5589656829834
2013-11-08 00:00:00,6648.998,6738.297,6640.498,6728.398,14.298913955688477
2013-11-09 00:00:00,6728.398,6728.398,6728.398,6728.398,0.0
2013-11-10 00:00:00,6728.398,6728.398,6728.398,6728.398,0.0
2013-11-11 00:00:00,6730.997,6745.798,6700.298,6727.898,15.87854290008545
2013-11-12 00:00:00,6727.897,6735.498,6690.998,6702.998,15.125391006469727
2013-11-13 00:00:00,6702.598,6708.7,6611.797,6670.497,16.127971649169922
2013-11-14 00:00:00,6670.498,6697.298,6641.997,6666.297,17.422853469848633
2013-11-15 00:00:00,6665.898,6703.093,6663.798,6693.417,15.064056396484375
2013-11-16 00:00:00,6693.417,6693.417,6693.417,6693.417,0.0
2013-11-17 00:00:00,6693.417,6693.417,6693.417,6693.417,0.0
2013-11-18 00:00:00,6686.897,6733.298,6670.297,6695.798,13.338010787963867
2013-11-19 00:00:00,6695.797,6712.179,6671.697,6679.697,13.706894874572754
2013-11-20 00:00:00,6679.698,6712.797,6648.797,6658.598,14.262466430664062
2013-11-21 00:00:00,6658.597,6703.698,6641.297,6702.898,0.8586540222167969
2013-11-22 00:00:00,6702.897,6711.998,6659.797,6680.897,16.462549209594727
2013-11-23 00:00:00,6680.897,6680.897,6680.897,6680.897,0.0
2013-11-24 00:00:00,6680.897,6680.897,6680.897,6680.897,0.0
2013-11-25 00:00:00,6693.297,6710.298,6674.275,6679.598,17.048484802246094
2013-11-26 00:00:00,6679.597,6696.858,6627.097,6631.698,18.360088348388672
2013-11-27 00:00:00,6631.697,6664.297,6625.297,6646.098,18.978771209716797
2013-11-28 00:00:00,6645.697,6679.498,6633.797,6644.897,16.247907638549805
2013-11-29 00:00:00,6644.898,6681.513,6635.797,6638.497,17.47191047668457
2013-11-30 00:00:00,6638.497,6638.497,6638.497,6638.497,0.0
2013-12-01 00:00:00,6638.497,6638.497,6638.497,6638.497,0.0
2013-12-02 00:00:00,6648.397,6662.297,6572.497,6575.897,17.08346939086914
2013-12-03 00:00:00,6575.497,6588.0,6512.497,6525.498,16.443401336669922
2013-12-04 00:00:00,6525.897,6550.297,6461.498,6505.297,1.0099070072174072
2013-12-05 00:00:00,6505.298,6517.298,6477.497,6485.397,2.7090818881988525
2013-12-06 00:00:00,6485.798,6575.798,6485.398,6570.897,13.170432090759277
2013-12-07 00:00:00,6570.897,6570.897,6570.897,6570.897,0.0
2013-12-08 00:00:00,6570.897,6570.897,6570.897,6570.897,0.0
2013-12-09 00:00:00,6577.098,6579.298,6533.798,6545.697,16.36751365661621
2013-12-10 00:00:00,6545.698,6571.883,6515.797,6531.297,17.63316535949707
2013-12-11 00:00:00,6531.697,6555.798,6477.497,6482.697,17.139312744140625
2013-12-12 00:00:00,6482.698,6489.6,6424.497,6431.898,15.795576095581055
2013-12-13 00:00:00,6431.897,6462.798,6428.497,6442.698,4.553840160369873
2013-12-14 00:00:00,6442.698,6442.698,6442.698,6442.698,0.0
2013-12-15 00:00:00,6442.698,6442.698,6442.698,6442.698,0.0
2013-12-16 00:00:00,6448.297,6531.997,6395.497,6512.697,15.364945411682129
2013-12-17 00:00:00,6512.698,6518.806,6481.798,6494.498,17.280683517456055
2013-12-18 00:00:00,6494.497,6576.498,6447.497,6564.397,17.405841827392578
2013-12-19 00:00:00,6563.998,6593.298,6539.997,6585.498,15.47766399383545
2013-12-20 00:00:00,6585.898,6650.798,6575.297,6601.497,11.017212867736816
2013-12-21 00:00:00,6601.497,6601.497,6601.497,6601.497,0.0
2013-12-22 00:00:00,6601.497,6601.497,6601.497,6601.497,0.0
2013-12-23 00:00:00,6606.563,6685.297,6606.297,6671.398,15.027670860290527
2013-12-24 00:00:00,6670.598,6712.052,6664.997,6694.155,6.3598551750183105
2013-12-25 00:00:00,6694.146,6694.158,6694.143,6694.155,0.1940000057220459
2013-12-26 00:00:00,6694.146,6694.158,6694.143,6694.144,0.19599999487400055
2013-12-27 00:00:00,6694.147,6775.297,6694.143,6750.846,16.642696380615234
2013-12-28 00:00:00,6750.846,6750.846,6750.846,6750.846,0.0
2013-12-29 00:00:00,6750.846,6750.846,6750.846,6750.846,0.0
2013-12-30 00:00:00,6749.597,6769.498,6717.297,6741.998,11.892024993896484
2013-12-31 00:00:00,6741.997,6756.965,6731.244,6749.073,8.0241060256958
2014-01-01 00:00:00,6749.074,6749.078,6749.063,6749.073,0.1979999989271164
2014-01-02 00:00:00,6749.073,6757.954,6703.797,6728.297,14.794151306152344
2014-01-03 00:00:00,6728.298,6750.797,6695.797,6730.657,15.98110580444336
2014-01-04 00:00:00,6730.657,6730.657,6730.657,6730.657,0.0
2014-01-05 00:00:00,6730.657,6730.657,6730.657,6730.657,0.0
2014-01-06 00:00:00,6740.697,6752.798,6713.497,6725.597,15.139362335205078
2014-01-07 00:00:00,6725.998,6768.846,6717.798,6751.497,18.191383361816406
2014-01-08 00:00:00,6751.498,6761.998,6711.798,6719.698,15.044743537902832
2014-01-09 00:00:00,6719.697,6746.298,6676.797,6705.198,17.166147232055664
2014-01-10 00:00:00,6704.797,6769.797,6691.314,6759.397,15.62472915649414
2014-01-11 00:00:00,6759.397,6759.397,6759.397,6759.397,0.0
2014-01-12 00:00:00,6759.397,6759.397,6759.397,6759.397,0.0
2014-01-13 00:00:00,6759.398,6765.347,6701.297,6715.797,13.851465225219727
2014-01-14 00:00:00,6715.798,6787.697,6691.797,6779.598,14.790990829467773
2014-01-15 00:00:00,6779.597,6829.798,6766.833,6821.897,17.859214782714844
2014-01-16 00:00:00,6821.898,6836.797,6808.297,6821.197,6.198338985443115
2014-01-17 00:00:00,6821.198,6843.297,6804.998,6829.281,17.398468017578125
2014-01-18 00:00:00,6829.281,6829.281,6829.281,6829.281,0.0
2014-01-19 00:00:00,6829.281,6829.281,6829.281,6829.281,0.0
2014-01-20 00:00:00,6823.397,6841.298,6810.297,6836.698,18.16692352294922
2014-01-21 00:00:00,6836.698,6867.798,6819.798,6838.797,17.369211196899414
2014-01-22 00:00:00,6838.798,6864.805,6820.997,6847.797,18.17485809326172
2014-01-23 00:00:00,6847.798,6848.998,6759.298,6777.998,18.049863815307617
2014-01-24 00:00:00,6777.597,6794.498,6599.698,6600.898,13.206026077270508
2014-01-25 00:00:00,6600.898,6600.898,6600.898,6600.898,0.0
2014-01-26 00:00:00,6600.898,6600.898,6600.898,6600.898,0.0
2014-01-27 00:00:00,6663.726,6665.26,6539.381,6557.297,28.73200035095215
2014-01-28 00:00:00,6555.798,6614.298,6550.637,6594.098,146.18148803710938
2014-01-29 00:00:00,6594.097,6643.93,6480.797,6528.498,102.24828338623047
2014-01-30 00:00:00,6528.497,6568.798,6503.297,6545.197,147.2062225341797
2014-01-31 00:00:00,6544.797,6548.798,6418.997,6493.297,146.33558654785156
2014-02-01 00:00:00,6493.297,6493.297,6493.297,6493.297,0.0
2014-02-02 00:00:00,6493.297,6493.297,6493.297,6493.297,0.0
2014-02-03 00:00:00,6510.419,6538.066,6460.286,6465.64,269.8399963378906
2014-02-04 00:00:00,6465.647,6478.046,6416.7,6449.251,277.5199890136719
2014-02-05 00:00:00,6449.252,6483.607,6423.816,6457.868,275.8399963378906
2014-02-06 00:00:00,6457.866,6492.606,6457.863,6489.237,55.65999984741211
2014-02-07 00:00:00,6568.797,6604.498,6538.497,6603.698,0.21384599804878235
2014-02-08 00:00:00,6603.698,6603.698,6603.698,6603.698,0.0
2014-02-09 00:00:00,6603.698,6603.698,6603.698,6603.698,0.0
2014-02-10 00:00:00,6594.298,6600.998,6563.797,6597.598,0.6666190028190613
2014-02-11 00:00:00,6597.797,6703.798,6593.797,6676.497,0.5099700093269348
2014-02-12 00:00:00,6676.498,6709.298,6664.297,6681.498,0.40158700942993164
2014-02-13 00:00:00,6681.497,6684.298,6606.297,6668.498,0.5626710057258606
2014-02-14 00:00:00,6668.497,6678.797,6640.297,6675.098,0.4486669898033142
2014-02-15 00:00:00,6675.098,6675.098,6675.098,6675.098,0.0
2014-02-16 00:00:00,6675.098,6675.098,6675.098,6675.098,0.0
2014-02-17 00:00:00,6672.298,6745.798,6655.998,6732.498,0.6399829983711243
2014-02-18 00:00:00,6732.897,6808.998,6714.497,6774.297,0.48962101340293884
2014-02-19 00:00:00,6774.698,6810.497,6750.797,6764.198,0.5428720116615295
2014-02-20 00:00:00,6764.597,6829.997,6729.997,6817.298,0.49907898902893066
2014-02-21 00:00:00,6817.497,6861.797,6802.797,6805.697,0.39478299021720886
2014-02-22 00:00:00,6805.697,6805.697,6805.697,6805.697,0.0
2014-02-23 00:00:00,6805.697,6805.697,6805.697,6805.697,0.0
2014-02-24 00:00:00,6808.497,6885.298,6794.797,6857.197,0.5578420162200928
2014-02-25 00:00:00,6857.198,6860.798,6790.297,6813.798,0.7058550119400024
2014-02-26 00:00:00,6813.998,6835.197,6770.498,6784.298,127.91986846923828
2014-02-27 00:00:00,6784.297,6828.998,6731.997,6818.897,465.8157043457031
2014-02-28 00:00:00,6818.898,6834.298,6769.998,6804.497,518.3713989257812
2014-03-01 00:00:00,6804.497,6804.497,6804.497,6804.497,0.0
2014-03-02 00:00:00,6804.497,6804.497,6804.497,6804.497,0.0
2014-03-03 00:00:00,6758.897,6762.897,6669.797,6713.598,491.4287414550781
2014-03-04 00:00:00,6713.597,6830.698,6708.326,6810.597,401.0396728515625
2014-03-05 00:00:00,6810.598,6823.826,6763.998,6775.497,158.01512145996094
2014-03-06 00:00:00,6775.298,6808.298,6769.297,6780.798,54.918575286865234
2014-03-07 00:00:00,6780.797,6800.798,6703.798,6740.397,375.1964111328125
2014-03-08 00:00:00,6740.397,6740.397,6740.397,6740.397,0.0
2014-03-09 00:00:00,6740.397,6740.397,6740.397,6740.397,0.0
2014-03-10 00:00:00,6718.397,6757.498,6668.997,6691.197,309.9202880859375
2014-03-11 00:00:00,6691.598,6718.297,6633.197,6637.998,421.35675048828125
2014-03-12 00:00:00,6637.997,6652.797,6597.498,6630.997,482.0614318847656
2014-03-13 00:00:00,6630.998,6639.298,6506.497,6534.797,409.6879577636719
2014-03-14 00:00:00,6534.798,6553.767,6498.798,6523.297,426.98834228515625
2014-03-15 00:00:00,6523.297,6523.297,6523.297,6523.297,0.0
2014-03-16 00:00:00,6523.297,6523.297,6523.297,6523.297,0.0
2014-03-17 00:00:00,6514.698,6592.798,6511.897,6565.097,271.8291931152344
2014-03-18 00:00:00,6564.698,6680.798,6533.497,6611.597,311.7024841308594
2014-03-19 00:00:00,6611.398,6612.197,6521.297,6558.597,248.85964965820312
2014-03-20 00:00:00,6558.598,6558.598,6491.298,6531.098,406.5620422363281
2014-03-21 00:00:00,6530.898,6572.497,6510.798,6523.797,466.43658447265625
2014-03-22 00:00:00,6523.797,6523.797,6523.797,6523.797,0.0
2014-03-23 00:00:00,6523.797,6523.797,6523.797,6523.797,0.0
2014-03-24 00:00:00,6516.197,6568.94,6504.797,6530.198,312.67510986328125
2014-03-25 00:00:00,6530.197,6627.797,6524.297,6613.598,318.9566650390625
2014-03-26 00:00:00,6613.397,6643.555,6554.997,6563.898,506.475830078125
2014-03-27 00:00:00,6564.097,6594.797,6557.797,6587.698,49.41511535644531
2014-03-28 00:00:00,6587.697,6632.798,6584.697,6602.297,266.9015197753906
2014-03-29 00:00:00,6602.297,6602.297,6602.297,6602.297,0.0
2014-03-30 00:00:00,6602.297,6602.297,6602.297,6602.297,0.0
2014-03-31 00:00:00,6619.298,6658.798,6580.797,6614.198,0.5269230008125305
2014-04-01 00:00:00,6614.197,6660.25,6599.439,6647.197,379.3672180175781
2014-04-02 00:00:00,6647.198,6675.298,6639.297,6667.997,124.74457550048828
2014-04-03 00:00:00,6667.998,6681.498,6635.997,6660.198,0.5629079937934875
2014-04-04 00:00:00,6660.197,6706.498,6645.497,6657.598,82.08246612548828
2014-04-05 00:00:00,6657.598,6657.598,6657.598,6657.598,0.0
2014-04-06 00:00:00,6657.598,6657.598,6657.598,6657.598,0.0
2014-04-07 00:00:00,6654.998,6674.078,6585.297,6598.297,171.9373321533203
2014-04-08 00:00:00,6595.798,6622.974,6547.997,6586.497,502.3193664550781
2014-04-09 00:00:00,6585.298,6665.897,6583.497,6664.498,343.0316162109375
2014-04-10 00:00:00,6664.497,6688.263,6565.497,6579.298,376.0038146972656
2014-04-11 00:00:00,6579.297,6600.005,6525.497,6535.898,129.5836181640625
2014-04-12 00:00:00,6535.898,6535.898,6535.898,6535.898,0.0
2014-04-13 00:00:00,6535.898,6535.898,6535.898,6535.898,0.0
2014-04-14 00:00:00,6517.798,6584.798,6506.497,6572.897,364.0445251464844
2014-04-15 00:00:00,6572.698,6594.798,6505.498,6561.597,0.8503810167312622
2014-04-16 00:00:00,6561.297,6605.697,6550.498,6584.697,0.5643680095672607
2014-04-17 00:00:00,6586.297,6656.298,6557.297,6652.998,0.39211300015449524
2014-04-18 00:00:00,6652.998,6652.998,6652.998,6652.998,0.0
2014-04-19 00:00:00,6652.998,6652.998,6652.998,6652.998,0.0
2014-04-20 00:00:00,6652.998,6652.998,6652.998,6652.998,0.0
2014-04-21 00:00:00,6661.997,6670.298,6642.597,6662.598,0.5555369853973389
2014-04-22 00:00:00,6662.597,6706.998,6625.223,6676.498,139.8209228515625
2014-04-23 00:00:00,6677.498,6697.197,6660.797,6685.497,463.236572265625
2014-04-24 00:00:00,6685.098,6723.798,6664.998,6685.498,0.8565570116043091
2014-04-25 00:00:00,6685.497,6695.597,6654.797,6694.197,0.6389039754867554
2014-04-26 00:00:00,6694.197,6694.197,6694.197,6694.197,0.0
2014-04-27 00:00:00,6694.197,6694.197,6694.197,6694.197,0.0
2014-04-28 00:00:00,6684.497,6720.998,6665.797,6707.797,0.7555230259895325
2014-04-29 00:00:00,6709.497,6775.298,6703.798,6751.797,0.7202110290527344
2014-04-30 00:00:00,6747.998,6804.298,6743.997,6796.797,0.525970995426178
2014-05-01 00:00:00,6796.598,6816.997,6781.297,6809.897,0.34762299060821533
2014-05-02 00:00:00,6810.098,6839.298,6798.797,6817.997,0.41498199105262756
2014-05-03 00:00:00,6817.997,6817.997,6817.997,6817.997,0.0
2014-05-04 00:00:00,6817.997,6817.997,6817.997,6817.997,0.0
2014-05-05 00:00:00,6817.398,6829.597,6774.197,6820.098,1.3326040506362915
2014-05-06 00:00:00,6820.097,6832.998,6783.797,6791.297,331.3696594238281
2014-05-07 00:00:00,6791.298,6806.998,6764.798,6796.597,333.9400939941406
2014-05-08 00:00:00,6796.398,6841.836,6793.497,6813.598,474.2626037597656
2014-05-09 00:00:00,6813.798,6835.298,6804.997,6819.697,452.42169189453125
2014-05-10 00:00:00,6819.697,6819.697,6819.697,6819.697,0.0
2014-05-11 00:00:00,6819.697,6819.697,6819.697,6819.697,0.0
2014-05-12 00:00:00,6828.698,6871.598,6817.327,6870.797,60.26337814331055
2014-05-13 00:00:00,6865.797,6883.798,6846.297,6860.098,0.5346050262451172
2014-05-14 00:00:00,6860.097,6886.998,6853.297,6867.398,379.8290100097656
2014-05-15 00:00:00,6867.598,6896.298,6819.297,6854.398,419.6329345703125
2014-05-16 00:00:00,6842.798,6867.797,6811.797,6865.897,296.06158447265625
2014-05-17 00:00:00,6865.897,6865.897,6865.897,6865.897,0.0
2014-05-18 00:00:00,6870.297,6870.897,6862.097,6862.097,0.1648460030555725
2014-05-19 00:00:00,6862.098,6866.798,6801.797,6843.598,369.3210754394531
2014-05-20 00:00:00,6843.397,6850.798,6777.497,6782.198,421.2916564941406
2014-05-21 00:00:00,6780.797,6826.998,6778.797,6819.498,371.3852844238281
2014-05-22 00:00:00,6819.497,6846.298,6808.797,6818.897,17.533554077148438
2014-05-23 00:00:00,6815.797,6823.498,6793.298,6808.198,0.3476479947566986
2014-05-24 00:00:00,6808.198,6808.198,6808.198,6808.198,0.0
2014-05-25 00:00:00,6811.598,6818.398,6811.597,6812.598,0.025797000154852867
2014-05-26 00:00:00,6812.597,6839.397,6808.397,6824.498,0.6652250289916992
2014-05-27 00:00:00,6825.098,6857.798,6824.697,6837.098,0.43413299322128296
2014-05-28 00:00:00,6838.797,6855.498,6831.697,6839.697,0.3752630054950714
2014-05-29 00:00:00,6839.698,6882.298,6839.097,6872.197,213.2719268798828
2014-05-30 00:00:00,6871.997,6875.998,6828.998,6848.198,157.3436279296875
2014-05-31 00:00:00,6848.198,6848.198,6848.198,6848.198,0.0
2014-06-01 00:00:00,6848.197,6855.198,6847.797,6849.797,0.10430099815130234
2014-06-02 00:00:00,6849.597,6874.297,6847.498,6855.697,0.25571900606155396
2014-06-03 00:00:00,6855.298,6857.498,6815.797,6832.898,56.60969161987305
2014-06-04 00:00:00,6836.297,6840.797,6797.797,6815.297,0.27859601378440857
2014-06-05 00:00:00,6812.798,6847.798,6793.297,6820.497,22.05879783630371
2014-06-06 00:00:00,6820.098,6878.497,6816.297,6876.297,251.88136291503906
2014-06-07 00:00:00,6876.297,6876.297,6876.297,6876.297,0.0
2014-06-08 00:00:00,6876.297,6878.497,6870.497,6871.098,0.06410499662160873
2014-06-09 00:00:00,6870.898,6878.497,6858.846,6861.197,15.357807159423828
2014-06-10 00:00:00,6861.198,6879.797,6833.297,6859.697,14.25589656829834
2014-06-11 00:00:00,6859.698,6868.098,6822.997,6836.597,0.44436201453208923
2014-06-12 00:00:00,6836.397,6852.798,6812.097,6816.097,0.4916189908981323
2014-06-13 00:00:00,6816.497,6826.798,6756.497,6778.097,0.3540079891681671
2014-06-14 00:00:00,6778.097,6778.097,6778.097,6778.097,0.0
2014-06-15 00:00:00,6777.097,6777.497,6756.098,6768.897,0.10377799719572067
2014-06-16 00:00:00,6767.998,6779.298,6746.297,6762.897,0.44999900460243225
2014-06-17 00:00:00,6762.798,6785.298,6734.297,6775.997,22.740827560424805
2014-06-18 00:00:00,6775.998,6808.997,6771.697,6805.198,130.8470916748047
2014-06-19 00:00:00,6809.698,6838.097,6801.097,6803.297,278.8793640136719
2014-06-20 00:00:00,6807.798,6841.298,6794.897,6820.897,88.70397186279297
2014-06-21 00:00:00,6820.897,6820.897,6820.897,6820.897,0.0
2014-06-22 00:00:00,6818.497,6825.298,6818.497,6824.497,0.023670999333262444
2014-06-23 00:00:00,6824.498,6836.798,6783.997,6808.197,65.18818664550781
2014-06-24 00:00:00,6805.498,6823.498,6756.197,6760.398,0.35072898864746094
2014-06-25 00:00:00,6760.397,6764.498,6713.997,6741.097,0.6606240272521973
2014-06-26 00:00:00,6741.098,6756.797,6699.798,6743.598,72.90956115722656
2014-06-27 00:00:00,6738.797,6773.798,6731.498,6764.798,423.6104431152344
2014-06-28 00:00:00,6764.798,6764.798,6764.798,6764.798,0.0
2014-06-29 00:00:00,6761.998,6771.997,6761.797,6767.997,0.04366600140929222
2014-06-30 00:00:00,6768.398,6777.498,6728.297,6747.297,8.797017097473145
2014-07-01 00:00:00,6747.298,6810.298,6746.097,6794.197,0.8082450032234192
2014-07-02 00:00:00,6794.198,6828.197,6789.697,6815.898,25.009763717651367
2014-07-03 00:00:00,6815.897,6868.798,6814.498,6858.697,344.34033203125
2014-07-04 00:00:00,6858.698,6875.297,6855.797,6869.797,356.7395935058594
2014-07-05 00:00:00,6869.797,6869.797,6869.797,6869.797,0.0
2014-07-06 00:00:00,6868.398,6871.998,6868.398,6870.398,0.022394999861717224
2014-07-07 00:00:00,6870.197,6870.198,6816.297,6826.998,10.012505531311035
2014-07-08 00:00:00,6826.997,6832.298,6711.798,6732.797,56.24875259399414
2014-07-09 00:00:00,6732.998,6739.798,6690.998,6726.397,284.1437072753906
2014-07-10 00:00:00,6726.197,6726.397,6643.297,6683.497,115.89266967773438
2014-07-11 00:00:00,6683.298,6695.995,6662.297,6692.398,439.44342041015625
2014-07-12 00:00:00,6692.398,6692.398,6692.398,6692.398,0.0
2014-07-13 00:00:00,6691.798,6700.297,6691.097,6692.297,0.1251789927482605
2014-07-14 00:00:00,6692.097,6760.798,6692.097,6738.598,80.07611083984375
2014-07-15 00:00:00,6739.797,6762.797,6695.797,6717.097,15.683910369873047
2014-07-16 00:00:00,6721.597,6792.898,6710.54,6771.997,8.847687721252441
2014-07-17 00:00:00,6771.998,6775.929,6683.198,6699.997,209.36370849609375
2014-07-18 00:00:00,6696.898,6768.298,6688.998,6757.697,83.81043243408203
2014-07-19 00:00:00,6757.697,6757.697,6757.697,6757.697,0.0
2014-07-20 00:00:00,6751.897,6753.098,6749.097,6753.097,0.004745000042021275
2014-07-21 00:00:00,6752.897,6756.998,6714.797,6741.097,10.712944030761719
2014-07-22 00:00:00,6738.297,6801.798,6736.998,6774.597,49.31526565551758
2014-07-23 00:00:00,6774.598,6822.798,6767.998,6793.497,8.785154342651367
2014-07-24 00:00:00,6789.498,6824.997,6764.998,6803.698,33.82284164428711
2014-07-25 00:00:00,6801.798,6831.298,6779.798,6798.598,15.836220741271973
2014-07-26 00:00:00,6798.598,6798.598,6798.598,6798.598,0.0
2014-07-27 00:00:00,6799.798,6800.198,6782.197,6786.597,0.025536999106407166
2014-07-28 00:00:00,6786.598,6814.298,6759.297,6792.997,42.49742126464844
2014-07-29 00:00:00,6792.998,6835.298,6782.797,6799.098,0.5480960011482239
2014-07-30 00:00:00,6795.998,6816.798,6756.797,6784.097,257.73016357421875
2014-07-31 00:00:00,6781.998,6796.998,6741.997,6749.797,43.8294792175293
2014-08-01 00:00:00,6665.997,6703.797,6652.797,6666.698,0.20923900604248047
2014-08-02 00:00:00,6666.698,6666.698,6666.698,6666.698,0.0
2014-08-03 00:00:00,6671.297,6680.698,6671.297,6672.497,0.008724000304937363
2014-08-04 00:00:00,6672.797,6716.298,6666.797,6691.198,0.3847610056400299
2014-08-05 00:00:00,6691.197,6713.498,6631.497,6640.798,0.41581299901008606
2014-08-06 00:00:00,6642.798,6651.498,6586.297,6629.097,0.396820992231369
2014-08-07 00:00:00,6629.098,6648.798,6569.297,6582.997,0.43104299902915955
2014-08-08 00:00:00,6582.998,6609.297,6526.797,6597.797,0.445358008146286
2014-08-09 00:00:00,6597.797,6597.797,6597.797,6597.797,0.0
2014-08-10 00:00:00,6597.797,6597.797,6597.797,6597.797,0.0
2014-08-11 00:00:00,6606.997,6646.998,6592.798,6621.798,0.3191010057926178
2014-08-12 00:00:00,6623.797,6644.297,6610.797,6617.098,0.3718410134315491
2014-08-13 00:00:00,6617.098,6664.597,6616.297,6656.598,0.31406399607658386
2014-08-14 00:00:00,6656.398,6700.898,6639.597,6696.097,0.3441309928894043
2014-08-15 00:00:00,6693.097,6743.798,6663.997,6701.098,0.28567200899124146
2014-08-16 00:00:00,6701.098,6701.098,6701.098,6701.098,0.0
2014-08-17 00:00:00,6701.098,6701.098,6701.098,6701.098,0.0
2014-08-18 00:00:00,6719.797,6760.0,6718.3,6755.8,0.22539600729942322
2014-08-19 00:00:00,6756.0,6790.3,6753.5,6774.8,0.23270100355148315
2014-08-20 00:00:00,6776.3,6776.3,6738.5,6766.5,0.25133100152015686
2014-08-21 00:00:00,6766.1,6780.0,6751.3,6774.1,0.23481599986553192
2014-08-22 00:00:00,6774.3,6785.3,6744.3,6767.8,1.2117029428482056
2014-08-23 00:00:00,6767.8,6767.8,6767.8,6767.8,0.0
2014-08-24 00:00:00,6767.8,6767.8,6767.8,6767.8,0.0
2014-08-25 00:00:00,6790.1,6856.13,6786.7,6842.5,0.3867209851741791
2014-08-26 00:00:00,6805.7,6827.06,6778.43,6809.8,1.3054360151290894
2014-08-27 00:00:00,6812.3,6829.8,6809.8,6820.0,1.1414979696273804
2014-08-28 00:00:00,6820.4,6826.8,6794.95,6807.8,3.0334060192108154
2014-08-29 00:00:00,6807.6,6827.8,6779.07,6809.1,11.963299751281738
2014-08-30 00:00:00,6809.1,6809.1,6809.1,6809.1,0.0
2014-08-31 00:00:00,6809.1,6809.1,6809.1,6809.1,0.0
2014-09-01 00:00:00,6818.8,6826.3,6796.5,6818.9,8.14883041381836
2014-09-02 00:00:00,6820.5,6850.0,6809.2,6824.9,12.485260009765625
2014-09-03 00:00:00,6823.9,6898.8,6821.7,6867.3,16.86248016357422
2014-09-04 00:00:00,6866.8,6905.028,6855.987,6882.25,20.153339385986328
2014-09-05 00:00:00,6876.342,6881.81,6826.792,6870.619,19.68383026123047
2014-09-06 00:00:00,6870.619,6870.619,6870.619,6870.619,0.0
2014-09-07 00:00:00,6870.619,6870.619,6870.619,6870.619,0.0
2014-09-08 00:00:00,6848.973,6852.997,6770.969,6824.493,27.701200485229492
2014-09-09 00:00:00,6824.42,6846.648,6810.934,6818.6,19.491579055786133
2014-09-10 00:00:00,6817.3,6858.8,6799.1,6849.0,9.842249870300293
2014-09-11 00:00:00,6852.0,6857.3,6762.8,6806.7,10.347749710083008
2014-09-12 00:00:00,6806.3,6819.3,6786.8,6801.9,9.63599967956543
2014-09-13 00:00:00,6801.9,6801.9,6801.9,6801.9,0.0
2014-09-14 00:00:00,6801.9,6801.9,6801.9,6801.9,0.0
2014-09-15 00:00:00,6786.8,6817.5,6773.8,6808.0,8.688750267028809
2014-09-16 00:00:00,6811.5,6823.194,6744.753,6812.859,9.262499809265137
2014-09-17 00:00:00,6812.773,6817.283,6770.283,6788.395,12.324210166931152
2014-09-18 00:00:00,6788.579,6842.878,6767.963,6836.485,11.59119987487793
2014-09-19 00:00:00,6836.898,6896.962,6829.491,6839.181,22.2609806060791
2014-09-20 00:00:00,6839.181,6839.181,6839.181,6839.181,0.0
2014-09-21 00:00:00,6839.359,6843.188,6834.765,6839.191,0.3697499930858612
2014-09-22 00:00:00,6838.778,6841.457,6757.375,6762.976,17.068370819091797
2014-09-23 00:00:00,6765.766,6781.976,6632.672,6651.1,32.66984939575195
2014-09-24 00:00:00,6653.275,6719.98,6649.47,6719.98,10.98246955871582
2014-09-25 00:00:00,6698.962,6726.966,6617.982,6637.099,27.993349075317383
2014-09-26 00:00:00,6637.766,6685.978,6614.99,6669.389,26.256790161132812
2014-09-27 00:00:00,6669.389,6669.389,6669.389,6669.389,0.0
2014-09-28 00:00:00,6669.8,6669.8,6658.6,6658.6,0.27524998784065247
2014-09-29 00:00:00,6653.8,6668.0,6607.5,6639.7,30.62919044494629
2014-09-30 00:00:00,6639.3,6661.5,6589.0,6594.3,33.79246139526367
2014-10-01 00:00:00,6593.0,6616.0,6528.3,6542.6,25.25189971923828
2014-10-02 00:00:00,6542.4,6558.0,6423.8,6469.8,27.77743911743164
2014-10-03 00:00:00,6467.8,6543.8,6467.5,6528.3,13.093384742736816
2014-10-04 00:00:00,6528.3,6528.3,6528.3,6528.3,0.0
2014-10-05 00:00:00,6526.5,6541.0,6526.4,6536.3,0.014948000200092793
2014-10-06 00:00:00,6537.3,6588.3,6531.5,6558.4,2.380182981491089
2014-10-07 00:00:00,6558.6,6565.8,6445.5,6448.9,0.9073950052261353
2014-10-08 00:00:00,6450.5,6553.0,6450.5,6537.4,0.855318009853363
2014-10-09 00:00:00,6538.7,6555.2,6355.0,6365.4,0.9158139824867249
2014-10-10 00:00:00,6365.5,6409.8,6301.8,6301.8,0.9177500009536743
2014-10-11 00:00:00,6301.8,6301.8,6301.8,6301.8,0.0
2014-10-12 00:00:00,6282.4,6285.2,6241.5,6276.6,0.04382399842143059
2014-10-13 00:00:00,6274.3,6388.6,6265.8,6319.8,0.9205790162086487
2014-10-14 00:00:00,6317.4,6411.65,6302.3,6388.7,0.9961429834365845
2014-10-15 00:00:00,6389.8,6400.3,6152.28,6225.8,1.7129780054092407
2014-10-16 00:00:00,6217.0,6282.5,6070.1,6182.9,1.6482319831848145
2014-10-17 00:00:00,6185.9,6318.4,6170.4,6304.3,2.2457430362701416
2014-10-18 00:00:00,6304.3,6304.3,6304.3,6304.3,0.0
2014-10-19 00:00:00,6316.6,6353.3,6316.6,6325.4,0.023121999576687813
2014-10-20 00:00:00,6322.4,6340.6,6236.38,6280.6,5.887217044830322
2014-10-21 00:00:00,6280.7,6408.9,6228.0,6400.2,4.81648588180542
2014-10-22 00:00:00,6401.5,6410.8,6340.0,6352.6,3.4425759315490723
2014-10-23 00:00:00,6355.5,6431.0,6314.0,6400.8,10.443241119384766
2014-10-24 00:00:00,6405.8,6414.6,6364.3,6414.1,4.040939807891846
2014-10-25 00:00:00,6414.1,6414.1,6414.1,6414.1,0.0
2014-10-26 00:00:00,6415.6,6424.6,6415.0,6422.8,0.010208000428974628
2014-10-27 00:00:00,6423.0,6451.0,6335.22,6380.9,0.8273220062255859
2014-10-28 00:00:00,6380.8,6436.8,6376.8,6419.6,0.5072640180587769
2014-10-29 00:00:00,6419.4,6475.8,6417.5,6443.4,0.6334530115127563
2014-10-30 00:00:00,6443.1,6492.8,6377.0,6482.0,0.7890669703483582
2014-10-31 00:00:00,6482.2,6560.3,6473.8,6543.0,0.649832010269165
2014-11-01 00:00:00,6543.0,6543.0,6543.0,6543.0,0.0
2014-11-02 00:00:00,6543.0,6548.1,6541.2,6545.3,0.007040000054985285
2014-11-03 00:00:00,6545.4,6557.5,6473.8,6474.8,4.927587032318115
2014-11-04 00:00:00,6474.6,6509.8,6442.5,6472.4,3.2528929710388184
2014-11-05 00:00:00,6472.9,6544.8,6471.7,6520.1,5.198966979980469
2014-11-06 00:00:00,6520.6,6579.5,6502.3,6560.8,1.0434850454330444
2014-11-07 00:00:00,6561.1,6607.8,6551.08,6568.6,0.8182420134544373
2014-11-08 00:00:00,6568.6,6568.6,6568.6,6568.6,0.0
2014-11-09 00:00:00,6566.8,6569.4,6562.1,6566.7,0.004157999996095896
2014-11-10 00:00:00,6566.6,6618.7,6559.6,6610.2,1.5892139673233032
2014-11-11 00:00:00,6610.0,6632.8,6604.0,6626.9,1.1116609573364258
2014-11-12 00:00:00,6627.0,6630.0,6588.0,6605.6,6.5298027992248535
2014-11-13 00:00:00,6605.7,6646.7,6595.0,6639.9,5.558650970458984
2014-11-14 00:00:00,6639.8,6656.2,6608.41,6647.4,1.758844017982483
2014-11-15 00:00:00,6647.4,6647.4,6647.4,6647.4,0.0
2014-11-16 00:00:00,6647.9,6648.3,6636.6,6637.2,0.006512000225484371
2014-11-17 00:00:00,6637.1,6687.8,6610.5,6679.8,4.118459224700928
2014-11-18 00:00:00,6679.6,6728.65,6673.3,6714.1,4.562232971191406
2014-11-19 00:00:00,6714.4,6717.4,6677.3,6699.5,5.418622016906738
2014-11-20 00:00:00,6699.6,6701.1,6639.57,6676.9,1.306555986404419
2014-11-21 00:00:00,6676.7,6773.15,6674.9,6742.9,0.9745529890060425
2014-11-22 00:00:00,6742.9,6742.9,6742.9,6742.9,0.0
2014-11-23 00:00:00,6742.9,6751.5,6742.8,6747.8,0.0060720001347362995
2014-11-24 00:00:00,6747.9,6762.8,6716.0,6741.2,1.0519980192184448
2014-11-25 00:00:00,6741.1,6751.0,6704.8,6736.5,4.631375789642334
2014-11-26 00:00:00,6736.6,6765.5,6716.8,6736.6,5.726319789886475
2014-11-27 00:00:00,6736.8,6749.5,6706.1,6707.9,1.0231659412384033
2014-11-28 00:00:00,6708.1,6738.0,6665.8,6704.3,5.507884979248047
2014-11-29 00:00:00,6704.3,6704.3,6704.3,6704.3,0.0
2014-11-30 00:00:00,6693.5,6701.1,6679.6,6694.4,0.023781999945640564
2014-12-01 00:00:00,6694.6,6706.7,6636.3,6652.9,4.934134006500244
2014-12-02 00:00:00,6653.2,6755.0,6652.4,6747.7,8.395742416381836
2014-12-03 00:00:00,6747.6,6757.2,6712.0,6722.7,6.516982078552246
2014-12-04 00:00:00,6722.8,6733.7,6668.8,6691.8,4.217371940612793
2014-12-05 00:00:00,6691.6,6753.2,6689.7,6747.4,4.515560150146484
2014-12-06 00:00:00,6747.4,6747.4,6747.4,6747.4,0.0
2014-12-07 00:00:00,6750.8,6755.0,6748.7,6749.1,0.0046640001237392426
2014-12-08 00:00:00,6749.0,6752.3,6635.3,6663.8,2.5403499603271484
2014-12-09 00:00:00,6664.0,6665.9,6515.0,6552.5,0.9464769959449768
2014-12-10 00:00:00,6552.6,6563.8,6461.8,6465.5,0.9875149726867676
2014-12-11 00:00:00,6466.3,6520.0,6378.8,6400.8,1.0146089792251587
2014-12-12 00:00:00,6400.3,6436.3,6210.9,6214.0,2.435976028442383
2014-12-13 00:00:00,6214.0,6214.0,6214.0,6214.0,0.0
2014-12-14 00:00:00,6218.7,6227.8,6211.3,6220.6,0.01434400025755167
2014-12-15 00:00:00,6220.7,6355.8,6122.0,6188.2,1.357226014137268
2014-12-16 00:00:00,6188.3,6351.3,6142.3,6261.5,4.07270622253418
2014-12-17 00:00:00,6261.9,6398.0,6235.0,6390.2,3.539501905441284
2014-12-18 00:00:00,6390.3,6518.1,6357.0,6509.2,6.7025980949401855
2014-12-19 00:00:00,6508.9,6592.0,6475.0,6572.2,1.6047799587249756
2014-12-20 00:00:00,6572.2,6572.2,6572.2,6572.2,0.0
2014-12-21 00:00:00,6570.3,6578.3,6567.5,6575.5,0.007898000068962574
2014-12-22 00:00:00,6575.3,6627.0,6564.3,6610.2,2.668463945388794
2014-12-23 00:00:00,6610.0,6624.0,6583.0,6593.2,0.8739150166511536
2014-12-24 00:00:00,6593.1,6632.0,6592.0,6616.0,0.4411270022392273
2014-12-25 00:00:00,6616.0,6616.0,6616.0,6616.0,0.0
2014-12-26 00:00:00,6616.0,6616.0,6616.0,6616.0,0.0
2014-12-27 00:00:00,6616.0,6616.0,6616.0,6616.0,0.0
2014-12-28 00:00:00,6616.0,6616.0,6616.0,6616.0,0.0
2014-12-29 00:00:00,6616.0,6616.0,6616.0,6616.0,0.0
2014-12-30 00:00:00,6616.0,6616.0,6616.0,6616.0,0.0
2014-12-31 00:00:00,6558.4,6582.3,6549.0,6550.8,0.47130098938941956
2015-01-01 00:00:00,6576.0,6576.5,6509.1,6521.2,0.006643999833613634
2015-01-02 00:00:00,6521.5,6610.3,6507.0,6529.2,3.2544069290161133
2015-01-03 00:00:00,6529.2,6529.2,6529.2,6529.2,0.0
2015-01-04 00:00:00,6529.2,6529.2,6506.8,6509.1,0.014058000408113003
2015-01-05 00:00:00,6509.2,6574.5,6382.0,6420.8,3.588315963745117
2015-01-06 00:00:00,6420.7,6451.5,6324.0,6368.7,7.325785160064697
2015-01-07 00:00:00,6368.8,6460.0,6365.0,6456.6,11.473482131958008
2015-01-08 00:00:00,6456.9,6581.0,6454.6,6566.7,9.051088333129883
2015-01-09 00:00:00,6567.0,6570.0,6470.0,6491.0,9.335331916809082
2015-01-10 00:00:00,6491.0,6491.0,6491.0,6491.0,0.0
2015-01-11 00:00:00,6493.7,6499.4,6484.3,6486.7,0.009921999648213387
2015-01-12 00:00:00,6487.0,6544.0,6446.0,6478.8,6.9494757652282715
2015-01-13 00:00:00,6478.7,6560.0,6453.0,6495.6,11.974857330322266
2015-01-14 00:00:00,6496.3,6503.3,6351.0,6423.7,8.729516983032227
2015-01-15 00:00:00,6424.2,6506.8,6294.0,6449.0,3.894742012023926
2015-01-16 00:00:00,6448.7,6589.0,6426.0,6579.5,1.7190779447555542
2015-01-17 00:00:00,6579.5,6579.5,6579.5,6579.5,0.0
2015-01-18 00:00:00,6577.9,6579.1,6565.9,6571.6,0.01344200037419796
2015-01-19 00:00:00,6571.1,6607.5,6545.8,6596.8,0.49567198753356934
2015-01-20 00:00:00,6596.7,6649.3,6594.0,6637.0,0.9202690124511719
2015-01-21 00:00:00,6636.9,6732.3,6626.3,6720.6,0.6655179858207703
2015-01-22 00:00:00,6721.1,6843.1,6718.1,6824.3,1.8408839702606201
2015-01-23 00:00:00,6824.4,6846.0,6795.0,6800.9,1.9764100313186646
2015-01-24 00:00:00,6800.9,6800.9,6800.9,6800.9,0.0
2015-01-25 00:00:00,6780.2,6780.2,6738.2,6740.2,0.02353999949991703
2015-01-26 00:00:00,6740.4,6889.0,6738.9,6868.2,1.4970109462738037
2015-01-27 00:00:00,6868.1,6874.86,6773.22,6848.5,0.8240820169448853
2015-01-28 00:00:00,6848.8,6879.3,6741.0,6762.6,2.6747219562530518
2015-01-29 00:00:00,6762.7,6859.8,6738.2,6837.2,2.689305067062378
2015-01-30 00:00:00,6837.8,6843.5,6720.9,6739.8,1.0608769655227661
2015-01-31 00:00:00,6739.8,6739.8,6739.8,6739.8,0.0
2015-02-01 00:00:00,6739.8,6743.8,6716.6,6722.2,0.01947000063955784
2015-02-02 00:00:00,6722.4,6837.7,6722.4,6794.6,2.3953239917755127
2015-02-03 00:00:00,6794.8,6905.0,6771.0,6885.5,3.122169017791748
2015-02-04 00:00:00,6885.3,6896.9,6792.2,6801.9,0.872635006904602
2015-02-05 00:00:00,6801.3,6870.0,6796.7,6848.1,6.719505786895752
2015-02-06 00:00:00,6847.9,6888.0,6816.3,6838.0,5.698434829711914
2015-02-07 00:00:00,6838.0,6838.0,6838.0,6838.0,0.0
2015-02-08 00:00:00,6819.4,6825.5,6801.5,6817.1,0.01460800040513277
2015-02-09 00:00:00,6816.9,6847.8,6775.08,6830.1,3.3846731185913086
2015-02-10 00:00:00,6830.5,6849.3,6787.39,6835.1,7.024610996246338
2015-02-11 00:00:00,6834.3,6862.7,6785.0,6819.4,0.7338740229606628
2015-02-12 00:00:00,6820.44,6855.26,6811.26,6854.74,2.46738600730896
2015-02-13 00:00:00,6855.57,6889.77,6850.58,6889.77,2.81071400642395
2015-02-14 00:00:00,6889.77,6889.77,6889.77,6889.77,0.0
2015-02-15 00:00:00,6889.77,6889.77,6889.77,6889.77,0.0
2015-02-16 00:00:00,6880.7,6880.73,6822.0,6837.97,1.2251060009002686
2015-02-17 00:00:00,6839.2,6914.0,6816.0,6900.41,1.8243520259857178
2015-02-18 00:00:00,6906.81,6921.31,6876.0,6897.0,2.5163450241088867
2015-02-19 00:00:00,6888.18,6912.0,6863.0,6894.0,0.24185000360012054
2015-02-20 00:00:00,6880.99,6960.0,6878.24,6946.64,1.721580982208252
2015-02-21 00:00:00,6946.64,6946.64,6946.64,6946.64,0.0
2015-02-22 00:00:00,6946.64,6946.64,6946.64,6946.64,0.0
2015-02-23 00:00:00,6941.02,6957.0,6885.26,6907.65,2.2620699405670166
2015-02-24 00:00:00,6915.45,6960.0,6898.39,6944.0,2.4697089195251465
2015-02-25 00:00:00,6944.46,6955.65,6904.43,6925.89,3.8666510581970215
2015-02-26 00:00:00,6930.22,6958.66,6918.96,6946.14,4.824309825897217
2015-02-27 00:00:00,6947.14,6970.0,6923.14,6924.89,5.819230079650879
2015-02-28 00:00:00,6924.89,6924.89,6924.89,6924.89,0.0
2015-03-01 00:00:00,6924.89,6924.89,6924.89,6924.89,0.0
2015-03-02 00:00:00,6946.0,6976.0,6923.76,6953.2,4.535940170288086
2015-03-03 00:00:00,6940.75,6965.0,6874.75,6905.25,3.3457698822021484
2015-03-04 00:00:00,6900.45,6934.11,6860.0,6919.06,5.8689680099487305
2015-03-05 00:00:00,6906.0,6969.56,6901.0,6957.23,6.250210762023926
2015-03-06 00:00:00,6960.12,6962.37,6877.0,6884.85,3.0951099395751953
2015-03-07 00:00:00,6884.85,6884.85,6884.85,6884.85,0.0
2015-03-08 00:00:00,6884.85,6884.85,6884.85,6884.85,0.0
2015-03-09 00:00:00,6880.51,6896.01,6858.01,6870.0,3.553489923477173
2015-03-10 00:00:00,6858.88,6868.0,6689.86,6710.86,5.070499897003174
2015-03-11 00:00:00,6718.0,6737.28,6692.0,6729.33,3.4783599376678467
2015-03-12 00:00:00,6744.48,6802.0,6744.48,6764.0,4.180349826812744
2015-03-13 00:00:00,6771.67,6778.17,6711.22,6762.75,2.8931329250335693
2015-03-14 00:00:00,6762.75,6762.75,6762.75,6762.75,0.0
2015-03-15 00:00:00,6762.75,6762.75,6762.75,6762.75,0.0
2015-03-16 00:00:00,6771.12,6819.05,6758.1,6797.55,2.016845941543579
2015-03-17 00:00:00,6797.93,6861.58,6796.88,6843.57,5.745560169219971
2015-03-18 00:00:00,6845.8,6995.3,6830.55,6958.7,4.533016204833984
2015-03-19 00:00:00,6959.1,6983.8,6928.8,6963.2,3.9498960971832275
2015-03-20 00:00:00,6963.0,7032.19,6956.3,7019.3,5.564513206481934
2015-03-21 00:00:00,7019.3,7019.3,7019.3,7019.3,0.0
2015-03-22 00:00:00,7014.5,7054.1,7014.3,7032.2,0.012451999820768833
2015-03-23 00:00:00,7032.4,7045.0,6989.79,7022.5,6.021214962005615
2015-03-24 00:00:00,7022.9,7065.55,7003.68,7008.9,4.603697776794434
2015-03-25 00:00:00,7009.1,7036.38,6959.6,6973.2,6.778687953948975
2015-03-26 00:00:00,6973.4,6977.3,6874.85,6900.8,5.670578956604004
2015-03-27 00:00:00,6900.4,6930.6,6836.36,6867.93,6.533728122711182
2015-03-28 00:00:00,6867.93,6867.93,6867.93,6867.93,0.0
2015-03-29 00:00:00,6864.8,6873.0,6855.8,6858.8,0.009019999764859676
2015-03-30 00:00:00,6858.4,6914.88,6850.0,6897.9,4.916244029998779
2015-03-31 00:00:00,6898.1,6907.35,6752.9,6763.1,5.469336986541748
2015-04-01 00:00:00,6763.5,6855.8,6670.7,6811.5,3.472153902053833
2015-04-02 00:00:00,6805.07,6849.98,6789.85,6842.73,3.6774799823760986
2015-04-03 00:00:00,6842.73,6842.73,6842.73,6842.73,0.0
2015-04-04 00:00:00,6842.73,6842.73,6842.73,6842.73,0.0
2015-04-05 00:00:00,6842.73,6842.73,6842.73,6842.73,0.0
2015-04-06 00:00:00,6842.73,6842.73,6842.73,6842.73,0.0
2015-04-07 00:00:00,6851.0,6968.0,6850.0,6926.32,3.133510112762451
2015-04-08 00:00:00,6931.73,7012.17,6929.3,6963.68,3.5588700771331787
2015-04-09 00:00:00,6956.66,7049.0,6953.94,7035.87,2.0671799182891846
2015-04-10 00:00:00,7034.77,7097.36,7026.9,7086.64,2.0127499103546143
2015-04-11 00:00:00,7086.64,7086.64,7086.64,7086.64,0.0
2015-04-12 00:00:00,7086.64,7086.64,7086.64,7086.64,0.0
2015-04-13 00:00:00,7081.6,7089.0,7040.5,7047.25,1.5734200477600098
2015-04-14 00:00:00,7055.3,7086.12,7047.76,7077.72,1.8121700286865234
2015-04-15 00:00:00,7074.13,7113.0,7056.37,7101.0,3.8349270820617676
2015-04-16 00:00:00,7104.48,7127.52,7048.94,7078.0,4.688779830932617
2015-04-17 00:00:00,7075.43,7102.22,6974.0,6999.48,7.967543125152588
2015-04-18 00:00:00,6999.48,6999.48,6999.48,6999.48,0.0
2015-04-19 00:00:00,6999.48,6999.48,6999.48,6999.48,0.0
2015-04-20 00:00:00,7016.7,7068.65,7009.71,7037.58,5.479626178741455
2015-04-21 00:00:00,7049.91,7104.74,7028.31,7062.94,6.245011806488037
2015-04-22 00:00:00,7064.91,7090.27,6994.55,7045.08,6.214838027954102
2015-04-23 00:00:00,7031.02,7084.81,6994.0,7071.85,1.6183350086212158
2015-04-24 00:00:00,7062.1,7102.67,7049.51,7059.04,2.896507978439331
2015-04-25 00:00:00,7059.04,7059.04,7059.04,7059.04,0.0
2015-04-26 00:00:00,7059.04,7059.04,7059.04,7059.04,0.0
2015-04-27 00:00:00,7073.0,7123.42,7021.0,7072.8,7.413876056671143
2015-04-28 00:00:00,7075.5,7088.005,6981.99,7049.71,3.818587064743042
2015-04-29 00:00:00,7038.5,7060.88,6928.06,6981.83,5.215113162994385
2015-04-30 00:00:00,6963.1,6987.94,6903.5,6927.68,7.33183479309082
2015-05-01 00:00:00,6946.68,7036.3,6914.0,7033.8,2.7897589206695557
2015-05-02 00:00:00,7033.8,7033.8,7033.8,7033.8,0.0
2015-05-03 00:00:00,7033.8,7033.8,7033.8,7033.8,0.0
2015-05-04 00:00:00,7024.6,7068.33,6983.51,7043.93,3.2847158908843994
2015-05-05 00:00:00,7042.1,7053.0,6920.82,6937.99,9.535523414611816
2015-05-06 00:00:00,6949.26,6975.12,6897.0,6923.9,3.324273109436035
2015-05-07 00:00:00,6916.8,6922.8,6807.0,6891.73,13.351573944091797
2015-05-08 00:00:00,6903.13,7061.167,6901.77,7044.0,5.932826995849609
2015-05-09 00:00:00,7044.0,7044.0,7044.0,7044.0,0.0
2015-05-10 00:00:00,7044.0,7044.0,7044.0,7044.0,0.0
2015-05-11 00:00:00,7047.3,7086.0,7005.0,7017.8,4.741349220275879
2015-05-12 00:00:00,7023.07,7038.0,6884.0,6931.0,5.55443000793457
2015-05-13 00:00:00,6942.3,6992.3,6920.0,6937.0,2.792464017868042
2015-05-14 00:00:00,6928.0,6985.44,6882.57,6977.72,3.946377992630005
2015-05-15 00:00:00,6975.8,7011.16,6935.5,6976.59,6.934244155883789
2015-05-16 00:00:00,6976.59,6976.59,6976.59,6976.59,0.0
2015-05-17 00:00:00,6976.59,6976.59,6976.59,6976.59,0.0
2015-05-18 00:00:00,6961.5,7020.46,6929.0,6978.77,3.8457939624786377
2015-05-19 00:00:00,6985.47,7014.48,6971.0,6990.455,6.8833088874816895
2015-05-20 00:00:00,6997.8,7023.0,6958.0,7013.5,2.801758050918579
2015-05-21 00:00:00,6993.1,7028.5,6990.0,7017.6,0.9207280278205872
2015-05-22 00:00:00,7011.5,7064.0,7009.5,7032.3,0.7727230191230774
2015-05-23 00:00:00,7032.3,7032.3,7032.3,7032.3,0.0
2015-05-24 00:00:00,7032.3,7032.3,7032.3,7032.3,0.0
2015-05-25 00:00:00,7036.07,7049.9,7016.67,7036.7,0.7190250158309937
2015-05-26 00:00:00,7035.7,7052.5,6929.0,6958.3,6.2268500328063965
2015-05-27 00:00:00,6961.8,7056.0,6947.0,7035.5,7.8314971923828125
2015-05-28 00:00:00,7026.55,7050.0,7005.0,7044.12,6.8567891120910645
2015-05-29 00:00:00,7047.25,7071.0,6960.0,6991.79,9.710408210754395
2015-05-30 00:00:00,6991.79,6991.79,6991.79,6991.79,0.0
2015-05-31 00:00:00,6991.79,6991.79,6991.79,6991.79,0.0
2015-06-01 00:00:00,7016.1,7039.995,6937.0,6969.0,8.725217819213867
2015-06-02 00:00:00,6963.41,6973.0,6868.0,6924.5,5.173974990844727
2015-06-03 00:00:00,6929.33,6988.0,6900.0,6937.5,8.960466384887695
2015-06-04 00:00:00,6921.3,6931.0,6808.0,6841.5,9.85654067993164
2015-06-05 00:00:00,6841.11,6849.0,6784.0,6818.5,11.467915534973145
2015-06-06 00:00:00,6818.5,6818.5,6818.5,6818.5,0.0
2015-06-07 00:00:00,6818.5,6818.5,6818.5,6818.5,0.0
2015-06-08 00:00:00,6815.3,6826.0,6762.0,6779.0,11.362639427185059
2015-06-09 00:00:00,6783.34,6804.0,6726.0,6735.0,11.611761093139648
2015-06-10 00:00:00,6738.0,6844.0,6731.0,6827.9,10.200536727905273
2015-06-11 00:00:00,6816.6,6870.42,6805.0,6837.0,2.579071044921875
2015-06-12 00:00:00,6829.0,6834.0,6758.0,6783.5,0.9757289886474609
2015-06-13 00:00:00,6783.5,6783.5,6783.5,6783.5,0.0
2015-06-14 00:00:00,6783.5,6783.5,6783.5,6783.5,0.0
2015-06-15 00:00:00,6753.4,6773.8,6702.3,6723.9,0.6039180159568787
2015-06-16 00:00:00,6715.8,6724.3,6655.0,6722.7,0.5868859887123108
2015-06-17 00:00:00,6713.5,6730.0,6654.0,6670.8,0.609840989112854
2015-06-18 00:00:00,6658.1,6742.8,6623.5,6708.5,0.6937339901924133
2015-06-19 00:00:00,6682.7,6760.3,6682.3,6693.3,0.5294259786605835
2015-06-20 00:00:00,6693.3,6693.3,6693.3,6693.3,0.0
2015-06-21 00:00:00,6693.3,6693.3,6693.3,6693.3,0.0
2015-06-22 00:00:00,6726.9,6826.3,6724.9,6797.0,0.5919039845466614
2015-06-23 00:00:00,6820.5,6856.5,6819.5,6835.4,0.39997801184654236
2015-06-24 00:00:00,6850.9,6874.5,6823.8,6823.8,0.5786510109901428
2015-06-25 00:00:00,6831.8,6869.0,6788.0,6795.5,0.5317800045013428
2015-06-26 00:00:00,6785.3,6793.3,6728.0,6746.8,0.47382399439811707
2015-06-27 00:00:00,6746.8,6746.8,6746.8,6746.8,0.0
2015-06-28 00:00:00,6746.8,6746.8,6746.8,6746.8,0.0
2015-06-29 00:00:00,6586.5,6693.0,6515.8,6566.0,4.868682861328125
2015-06-30 00:00:00,6579.4,6604.89,6495.8,6539.0,7.103456020355225
2015-07-01 00:00:00,6544.1,6639.9,6544.1,6581.25,0.9512789845466614
2015-07-02 00:00:00,6581.5,6647.91,6581.5,6624.96,1.3653459548950195
2015-07-03 00:00:00,6631.5,6633.5,6571.0,6586.0,0.5367739796638489
2015-07-04 00:00:00,6586.0,6586.0,6586.0,6586.0,0.0
2015-07-05 00:00:00,6586.0,6586.0,6586.0,6586.0,0.0
2015-07-06 00:00:00,6511.3,6572.0,6501.0,6519.03,1.0248730182647705
2015-07-07 00:00:00,6544.8,6551.98,6428.17,6526.0,1.1536870002746582
2015-07-08 00:00:00,6460.8,6516.28,6434.62,6461.75,0.49907198548316956
2015-07-09 00:00:00,6500.4,6597.0,6498.3,6550.23,0.9453409910202026
2015-07-10 00:00:00,6614.88,6695.0,6614.88,6684.31,0.6052830219268799
2015-07-11 00:00:00,6684.31,6684.31,6684.31,6684.31,0.0
2015-07-12 00:00:00,6684.31,6684.31,6684.31,6684.31,0.0
2015-07-13 00:00:00,6661.67,6774.08,6630.0,6730.5,1.674422025680542
2015-07-14 00:00:00,6734.72,6758.12,6708.97,6750.47,1.6521849632263184
2015-07-15 00:00:00,6746.5,6775.0,6718.84,6733.49,0.9298239946365356
2015-07-16 00:00:00,6770.19,6804.45,6751.13,6788.2,0.6097769737243652
2015-07-17 00:00:00,6784.92,6803.0,6763.5,6776.495,0.4735189974308014
2015-07-18 00:00:00,6776.495,6776.495,6776.495,6776.495,0.0
2015-07-19 00:00:00,6776.495,6776.495,6776.495,6776.495,0.0
2015-07-20 00:00:00,6778.9,6813.0,6768.12,6796.0,0.5948070287704468
2015-07-21 00:00:00,6802.37,6802.37,6749.0,6762.74,0.6383360028266907
2015-07-22 00:00:00,6736.0,6742.94,6651.0,6689.06,0.805525004863739
2015-07-23 00:00:00,6701.96,6714.393,6623.0,6631.0,1.0552380084991455
2015-07-24 00:00:00,6639.31,6686.0,6539.35,6543.0,0.6419939994812012
2015-07-25 00:00:00,6543.0,6543.0,6543.0,6543.0,0.0
2015-07-26 00:00:00,6543.0,6543.0,6543.0,6543.0,0.0
2015-07-27 00:00:00,6557.88,6588.9,6488.56,6495.52,0.5373690128326416
2015-07-28 00:00:00,6518.4,6591.0,6518.2,6582.75,0.7028170228004456
2015-07-29 00:00:00,6577.165,6646.41,6574.0,6639.94,0.7084100246429443
2015-07-30 00:00:00,6637.98,6699.0,6630.62,6673.73,0.5514910221099854
2015-07-31 00:00:00,6674.15,6710.0,6646.0,6689.0,0.5950260162353516
2015-08-01 00:00:00,6689.0,6689.0,6689.0,6689.0,0.0
2015-08-02 00:00:00,6689.0,6689.0,6689.0,6689.0,0.0
2015-08-03 00:00:00,6676.975,6712.0,6635.15,6670.3,0.7192500233650208
2015-08-04 00:00:00,6669.2,6717.89,6642.9,6692.14,0.5284309983253479
2015-08-05 00:00:00,6687.8,6766.637,6687.8,6732.27,3.612941026687622
2015-08-06 00:00:00,6709.1,6763.0,6703.8,6742.0,27.955951690673828
2015-08-07 00:00:00,6745.99,6755.3,6715.3,6734.32,24.384361267089844
2015-08-08 00:00:00,6734.32,6734.32,6734.32,6734.32,0.0
2015-08-09 00:00:00,6734.32,6734.32,6734.32,6734.32,0.0
2015-08-10 00:00:00,6741.2,6763.71,6650.22,6743.3,11.565543174743652
2015-08-11 00:00:00,6722.9,6722.9,6651.05,6672.97,12.282835960388184
2015-08-12 00:00:00,6626.28,6632.4,6534.46,6622.52,11.850760459899902
2015-08-13 00:00:00,6605.38,6636.72,6551.0,6565.61,7.96286678314209
2015-08-14 00:00:00,6564.76,6588.29,6540.4,6583.44,3.8797719478607178
2015-08-15 00:00:00,6583.44,6583.44,6583.44,6583.44,0.0
2015-08-16 00:00:00,6583.44,6583.44,6583.44,6583.44,0.0
2015-08-17 00:00:00,6588.38,6594.39,6506.94,6567.0,4.872231960296631
2015-08-18 00:00:00,6565.04,6568.02,6503.0,6522.0,12.727264404296875
2015-08-19 00:00:00,6505.7,6511.0,6388.0,6408.62,12.621710777282715
2015-08-20 00:00:00,6394.6,6409.0,6310.0,6310.0,22.7562198638916
2015-08-21 00:00:00,6276.2,6344.0,6123.0,6132.98,21.277158737182617
2015-08-22 00:00:00,6132.98,6132.98,6132.98,6132.98,0.0
2015-08-23 00:00:00,6132.98,6132.98,6132.98,6132.98,0.0
2015-08-24 00:00:00,6016.0,6068.0,5768.0,5859.3,25.624143600463867
2015-08-25 00:00:00,5930.86,6117.0,5928.0,5928.0,21.841876983642578
2015-08-26 00:00:00,6039.0,6096.0,5941.0,6080.2,30.87139320373535
2015-08-27 00:00:00,6087.0,6232.0,6069.0,6207.0,24.167097091674805
2015-08-28 00:00:00,6190.5,6259.0,6150.0,6238.39,26.970142364501953
2015-08-29 00:00:00,6238.39,6238.39,6238.39,6238.39,0.0
2015-08-30 00:00:00,6238.39,6238.39,6238.39,6238.39,0.0
2015-08-31 00:00:00,6191.3,6241.7,6162.3,6211.9,0.8193899989128113
2015-09-01 00:00:00,6139.5,6244.0,5984.0,6004.66,30.778600692749023
2015-09-02 00:00:00,6062.0,6163.0,6018.0,6126.0,42.32320022583008
2015-09-03 00:00:00,6125.12,6216.0,6116.26,6152.6,23.079744338989258
2015-09-04 00:00:00,6111.3,6141.0,6011.0,6033.11,21.391761779785156
2015-09-05 00:00:00,6033.11,6033.11,6033.11,6033.11,0.0
2015-09-06 00:00:00,6033.11,6033.11,6033.11,6033.11,0.0
2015-09-07 00:00:00,6084.46,6126.0,6057.0,6074.93,11.883790016174316
2015-09-08 00:00:00,6084.0,6198.0,6070.0,6173.26,17.133012771606445
2015-09-09 00:00:00,6230.5,6284.0,6147.95,6154.0,21.028602600097656
2015-09-10 00:00:00,6167.3,6217.7,6125.05,6172.37,40.05915832519531
2015-09-11 00:00:00,6173.08,6178.0,6111.86,6158.43,34.88322067260742
2015-09-12 00:00:00,6158.43,6158.43,6158.43,6158.43,0.0
2015-09-13 00:00:00,6158.43,6158.43,6158.43,6158.43,0.0
2015-09-14 00:00:00,6166.38,6193.13,6063.64,6093.25,23.5563907623291
2015-09-15 00:00:00,6095.21,6177.25,6017.57,6172.76,18.354671478271484
2015-09-16 00:00:00,6162.75,6255.73,6162.36,6255.14,20.287805557250977
2015-09-17 00:00:00,6257.98,6261.98,6145.49,6170.95,19.8367977142334
2015-09-18 00:00:00,6179.5,6186.8,6063.637,6091.47,15.664624214172363
2015-09-19 00:00:00,6091.47,6091.47,6091.47,6091.47,0.0
2015-09-20 00:00:00,6091.47,6091.47,6091.47,6091.47,0.0
2015-09-21 00:00:00,6086.165,6170.08,6070.003,6109.34,12.460091590881348
2015-09-22 00:00:00,6114.67,6125.81,5927.66,5959.8,10.804863929748535
2015-09-23 00:00:00,5916.54,6068.99,5901.27,6023.3,8.3898344039917
2015-09-24 00:00:00,6014.08,6056.05,5946.777,6017.01,11.223823547363281
2015-09-25 00:00:00,6041.42,6132.01,6035.52,6079.03,33.82474899291992
2015-09-26 00:00:00,6079.03,6079.03,6079.03,6079.03,0.0
2015-09-27 00:00:00,6079.03,6079.03,6079.03,6079.03,0.0
2015-09-28 00:00:00,6069.0,6100.31,5910.5,5927.38,24.441652297973633
2015-09-29 00:00:00,5905.21,5954.36,5874.51,5929.14,20.84229278564453
2015-09-30 00:00:00,5976.845,6080.9,5973.06,6075.25,15.932326316833496
2015-10-01 00:00:00,6138.5,6173.47,6033.6,6090.05,29.714313507080078
2015-10-02 00:00:00,6098.29,6235.44,6050.367,6234.65,13.041123390197754
2015-10-03 00:00:00,6234.65,6234.65,6234.65,6234.65,0.0
2015-10-04 00:00:00,6234.65,6234.65,6234.65,6234.65,0.0
2015-10-05 00:00:00,6249.0,6343.96,6211.54,6343.96,13.846187591552734
2015-10-06 00:00:00,6310.5,6343.68,6253.51,6306.86,20.16299057006836
2015-10-07 00:00:00,6327.5,6397.04,6318.22,6375.6,16.118274688720703
2015-10-08 00:00:00,6326.275,6431.49,6302.07,6429.53,11.139188766479492
2015-10-09 00:00:00,6434.11,6453.34,6385.95,6409.08,8.592074394226074
2015-10-10 00:00:00,6409.08,6409.08,6409.08,6409.08,0.0
2015-10-11 00:00:00,6409.08,6409.08,6409.08,6409.08,0.0
2015-10-12 00:00:00,6407.0,6413.34,6350.77,6374.94,14.9794282913208
2015-10-13 00:00:00,6366.82,6381.62,6291.17,6298.9,22.605920791625977
2015-10-14 00:00:00,6289.32,6316.44,6256.59,6265.77,8.146347999572754
2015-10-15 00:00:00,6297.0,6395.62,6297.0,6385.47,18.846525192260742
2015-10-16 00:00:00,6381.0,6398.39,6355.4,6390.43,13.226236343383789
2015-10-17 00:00:00,6390.43,6390.43,6390.43,6390.43,0.0
2015-10-18 00:00:00,6390.43,6390.43,6390.43,6390.43,0.0
2015-10-19 00:00:00,6378.12,6407.7,6330.63,6356.94,8.306194305419922
2015-10-20 00:00:00,6347.21,6367.58,6318.11,6351.7,22.734676361083984
2015-10-21 00:00:00,6373.0,6387.97,6314.79,6321.27,14.459757804870605
2015-10-22 00:00:00,6334.0,6406.82,6317.48,6389.54,8.930339813232422
2015-10-23 00:00:00,6409.9,6487.09,6399.65,6450.883,9.848018646240234
2015-10-24 00:00:00,6450.883,6450.883,6450.883,6450.883,0.0
2015-10-25 00:00:00,6450.883,6450.883,6450.883,6450.883,0.0
2015-10-26 00:00:00,6422.0,6452.22,6402.14,6411.04,29.751117706298828
2015-10-27 00:00:00,6402.0,6414.0,6357.59,6366.82,9.917121887207031
2015-10-28 00:00:00,6363.0,6456.88,6356.053,6456.74,8.031657218933105
2015-10-29 00:00:00,6433.0,6436.65,6356.14,6391.08,7.858954906463623
2015-10-30 00:00:00,6408.0,6414.49,6336.0,6342.83,9.020517349243164
2015-10-31 00:00:00,6342.83,6342.83,6342.83,6342.83,0.0
2015-11-01 00:00:00,6342.83,6342.83,6342.83,6342.83,0.0
2015-11-02 00:00:00,6323.0,6395.03,6311.8,6394.54,5.042387008666992
2015-11-03 00:00:00,6390.0,6412.42,6343.05,6406.26,23.699739456176758
2015-11-04 00:00:00,6397.0,6460.0,6390.02,6409.72,21.406009674072266
2015-11-05 00:00:00,6408.0,6422.91,6356.38,6369.75,10.529606819152832
2015-11-06 00:00:00,6379.15,6396.66,6331.09,6377.62,11.363499641418457
2015-11-07 00:00:00,6377.62,6377.62,6377.62,6377.62,0.0
2015-11-08 00:00:00,6377.62,6377.62,6377.62,6377.62,0.0
2015-11-09 00:00:00,6362.0,6382.29,6277.34,6306.0,13.221549987792969
2015-11-10 00:00:00,6321.33,6329.78,6248.31,6286.0,10.696980476379395
2015-11-11 00:00:00,6297.367,6327.903,6270.36,6281.0,6.316676139831543
2015-11-12 00:00:00,6293.0,6301.0,6139.0,6139.0,19.33030891418457
2015-11-13 00:00:00,6144.0,6164.0,6087.49,6100.0,14.605907440185547
2015-11-14 00:00:00,6100.0,6100.0,6100.0,6100.0,0.0
2015-11-15 00:00:00,6100.0,6100.0,6100.0,6100.0,0.0
2015-11-16 00:00:00,6055.0,6232.0,6050.0,6228.0,17.40310287475586
2015-11-17 00:00:00,6237.6,6279.0,6208.0,6243.0,18.71980857849121
2015-11-18 00:00:00,6247.0,6316.0,6226.0,6304.0,22.80658721923828
2015-11-19 00:00:00,6312.0,6368.0,6307.0,6331.0,16.3869686126709
2015-11-20 00:00:00,6337.0,6362.0,6305.5,6308.0,18.86240005493164
2015-11-21 00:00:00,6308.0,6308.0,6308.0,6308.0,0.0
2015-11-22 00:00:00,6308.0,6308.0,6308.0,6308.0,0.0
2015-11-23 00:00:00,6304.0,6327.0,6264.5,6288.0,16.298309326171875
2015-11-24 00:00:00,6291.0,6313.0,6220.0,6304.0,13.686285972595215
2015-11-25 00:00:00,6302.0,6348.0,6286.87,6333.0,9.603850364685059
2015-11-26 00:00:00,6343.5,6400.0,6331.0,6383.09,8.904690742492676
2015-11-27 00:00:00,6354.0,6392.13,6344.0,6372.0,11.899781227111816
2015-11-28 00:00:00,6372.0,6372.0,6372.0,6372.0,0.0
2015-11-29 00:00:00,6372.0,6372.0,6372.0,6372.0,0.0
2015-11-30 00:00:00,6369.0,6388.0,6328.0,6352.0,9.4539155960083
2015-12-01 00:00:00,6384.0,6424.0,6365.0,6418.0,9.388581275939941
2015-12-02 00:00:00,6424.0,6448.28,6371.0,6381.0,15.155559539794922
2015-12-03 00:00:00,6396.0,6445.18,6196.0,6209.0,17.83609962463379
2015-12-04 00:00:00,6238.49,6294.21,6216.21,6287.0,14.705750465393066
2015-12-05 00:00:00,6287.0,6287.0,6287.0,6287.0,0.0
2015-12-06 00:00:00,6287.0,6287.0,6287.0,6287.0,0.0
2015-12-07 00:00:00,6282.0,6288.0,6207.0,6235.0,7.683199882507324
2015-12-08 00:00:00,6220.0,6229.0,6118.91,6133.0,13.377750396728516
2015-12-09 00:00:00,6151.0,6175.0,6048.0,6082.0,16.112199783325195
2015-12-10 00:00:00,6089.0,6126.0,6066.22,6072.0,13.03689956665039
2015-12-11 00:00:00,6077.0,6081.0,5917.0,5923.0,17.093900680541992
2015-12-12 00:00:00,5923.0,5923.0,5923.0,5923.0,0.0
2015-12-13 00:00:00,5923.0,5923.0,5923.0,5923.0,0.0
2015-12-14 00:00:00,5953.0,6010.0,5862.72,5944.0,17.940900802612305
2015-12-15 00:00:00,5933.0,6038.0,5914.26,6014.0,13.859199523925781
2015-12-16 00:00:00,6041.0,6151.0,6024.0,6133.0,16.543750762939453
2015-12-17 00:00:00,6124.0,6168.0,6091.0,6096.0,15.754449844360352
2015-12-18 00:00:00,6085.0,6106.0,6000.0,6000.0,19.265300750732422
2015-12-19 00:00:00,6000.0,6000.0,6000.0,6000.0,0.0
2015-12-20 00:00:00,6000.0,6000.0,6000.0,6000.0,0.0
2015-12-21 00:00:00,6014.93,6115.43,6014.93,6052.0,8.653719902038574
2015-12-22 00:00:00,6076.0,6132.0,6029.0,6123.63,12.76609992980957
2015-12-23 00:00:00,6127.0,6269.0,6127.0,6263.0,13.639249801635742
2015-12-24 00:00:00,6236.46,6264.0,6235.0,6244.0,3.0030500888824463
2015-12-25 00:00:00,6244.0,6244.0,6244.0,6244.0,0.0
2015-12-26 00:00:00,6244.0,6244.0,6244.0,6244.0,0.0
2015-12-27 00:00:00,6244.0,6244.0,6244.0,6244.0,0.0
2015-12-28 00:00:00,6244.0,6244.0,6244.0,6244.0,0.0
2015-12-29 00:00:00,6250.0,6323.52,6248.5,6304.0,9.3439302444458
2015-12-30 00:00:00,6303.5,6308.38,6251.0,6257.0,12.442000389099121
2015-12-31 00:00:00,6258.5,6267.0,6236.0,6246.0,1.812150001525879
2016-01-01 00:00:00,6246.0,6246.0,6246.0,6246.0,0.0
2016-01-02 00:00:00,6246.0,6246.0,6246.0,6246.0,0.0
2016-01-03 00:00:00,6246.0,6246.0,6246.0,6246.0,0.0
2016-01-04 00:00:00,6171.0,6185.0,6065.0,6135.0,16.685850143432617
2016-01-05 00:00:00,6148.0,6168.42,6076.0,6151.0,17.71030044555664
2016-01-06 00:00:00,6103.0,6123.4,6012.0,6048.0,20.243749618530273
2016-01-07 00:00:00,5966.0,5976.0,5876.0,5883.0,22.969350814819336
2016-01-08 00:00:00,5957.0,6013.34,5879.0,5887.0,18.015649795532227
2016-01-09 00:00:00,5887.0,5887.0,5887.0,5887.0,0.0
2016-01-10 00:00:00,5887.0,5887.0,5887.0,5887.0,0.0
2016-01-11 00:00:00,5878.0,5944.0,5843.0,5903.0,9.660599708557129
2016-01-12 00:00:00,5870.0,5989.0,5860.0,5947.0,8.835450172424316
2016-01-13 00:00:00,5972.0,6012.0,5836.0,5847.0,14.67549991607666
2016-01-14 00:00:00,5888.0,6003.0,5826.98,5973.0,10.382399559020996
2016-01-15 00:00:00,5913.0,5937.0,5737.0,5789.0,18.025650024414062
2016-01-16 00:00:00,5789.0,5789.0,5789.0,5789.0,0.0
2016-01-17 00:00:00,5789.0,5789.0,5789.0,5789.0,0.0
2016-01-18 00:00:00,5816.0,5853.0,5765.0,5774.0,19.678049087524414
2016-01-19 00:00:00,5842.0,5916.0,5799.0,5845.0,45.490150451660156
2016-01-20 00:00:00,5751.0,5774.0,5600.0,5718.0,34.97200012207031
2016-01-21 00:00:00,5690.0,5823.0,5658.0,5773.0,27.746450424194336
2016-01-22 00:00:00,5836.0,5943.42,5829.0,5932.0,23.61964988708496
2016-01-23 00:00:00,5932.0,5932.0,5932.0,5932.0,0.0
2016-01-24 00:00:00,5932.0,5932.0,5932.0,5932.0,0.0
2016-01-25 00:00:00,5943.0,5943.0,5833.0,5835.0,40.001468658447266
2016-01-26 00:00:00,5800.0,5942.0,5770.0,5934.0,39.90534973144531
2016-01-27 00:00:00,5922.0,6026.0,5870.0,5930.0,37.81460189819336
2016-01-28 00:00:00,5939.0,6021.0,5887.0,5945.0,45.38589859008789
2016-01-29 00:00:00,6005.0,6129.0,5975.75,6121.0,41.21110153198242
2016-01-30 00:00:00,6121.0,6121.0,6121.0,6121.0,0.0
2016-01-31 00:00:00,6121.0,6121.0,6121.0,6121.0,0.0
2016-02-01 00:00:00,6118.0,6121.0,5991.0,6059.0,41.441898345947266
2016-02-02 00:00:00,6040.0,6042.0,5867.0,5880.0,42.684600830078125
2016-02-03 00:00:00,5874.0,5922.0,5789.0,5897.9,38.1171989440918
2016-02-04 00:00:00,5933.0,5946.0,5830.0,5909.0,51.22264862060547
2016-02-05 00:00:00,5898.0,5945.0,5821.0,5844.0,39.19160079956055
2016-02-06 00:00:00,5844.0,5844.0,5844.0,5844.0,0.0
2016-02-07 00:00:00,5844.0,5844.0,5844.0,5844.0,0.0
2016-02-08 00:00:00,5879.0,5886.0,5657.22,5714.0,30.28474998474121
2016-02-09 00:00:00,5677.0,5740.0,5593.86,5652.0,25.327350616455078
2016-02-10 00:00:00,5643.01,5713.0,5614.0,5627.0,24.017900466918945
2016-02-11 00:00:00,5621.0,5627.0,5494.0,5565.0,23.49340057373047
2016-02-12 00:00:00,5569.0,5732.0,5560.57,5731.0,26.12244987487793
2016-02-13 00:00:00,5731.0,5731.0,5731.0,5731.0,0.0
2016-02-14 00:00:00,5731.0,5731.0,5731.0,5731.0,0.0
2016-02-15 00:00:00,5789.48,5845.58,5789.0,5809.95,8.443750381469727
2016-02-16 00:00:00,5848.95,5901.0,5810.0,5896.0,24.632450103759766
2016-02-17 00:00:00,5877.88,6054.84,5864.27,6034.0,18.701549530029297
2016-02-18 00:00:00,6034.0,6035.0,5948.02,5963.0,16.4643497467041
2016-02-19 00:00:00,5971.0,6002.0,5915.0,5948.94,20.138500213623047
2016-02-20 00:00:00,5948.94,5948.94,5948.94,5948.94,0.0
2016-02-21 00:00:00,5948.94,5948.94,5948.94,5948.94,0.0
2016-02-22 00:00:00,5973.71,6066.0,5973.0,6035.0,17.566850662231445
2016-02-23 00:00:00,5998.595,6024.95,5950.0,5950.0,13.935250282287598
2016-02-24 00:00:00,5943.37,5963.0,5843.0,5948.0,18.696149826049805
2016-02-25 00:00:00,5930.0,6051.46,5913.0,6049.59,19.39794921875
2016-02-26 00:00:00,6053.04,6116.95,6052.0,6078.0,21.74880027770996
2016-02-27 00:00:00,6078.0,6078.0,6078.0,6078.0,0.0
2016-02-28 00:00:00,6078.0,6078.0,6078.0,6078.0,0.0
2016-02-29 00:00:00,6049.0,6106.0,6031.8,6045.0,54.46274948120117
2016-03-01 00:00:00,6054.0,6183.3,6053.77,6178.0,68.0582504272461
2016-03-02 00:00:00,6204.36,6205.95,6094.62,6152.52,93.17655181884766
2016-03-03 00:00:00,6147.28,6172.5,6105.1,6153.77,66.61904907226562
2016-03-04 00:00:00,6155.45,6219.76,6149.75,6183.55,21.044450759887695
2016-03-05 00:00:00,6183.55,6183.55,6183.55,6183.55,0.0
2016-03-06 00:00:00,6183.55,6183.55,6183.55,6183.55,0.0
2016-03-07 00:00:00,6175.56,6214.66,6124.43,6177.94,15.929699897766113
2016-03-08 00:00:00,6140.83,6175.8,6099.86,6117.47,69.45156860351562
2016-03-09 00:00:00,6133.5,6176.09,6116.89,6147.2,28.347064971923828
2016-03-10 00:00:00,6146.8,6204.31,6006.54,6064.7,31.924850463867188
2016-03-11 00:00:00,6114.97,6165.17,6112.31,6163.37,23.470199584960938
2016-03-12 00:00:00,6163.37,6163.37,6163.37,6163.37,0.0
2016-03-13 00:00:00,6163.37,6163.37,6163.37,6163.37,0.0
2016-03-14 00:00:00,6145.0,6198.57,6140.8,6169.81,18.396400451660156
2016-03-15 00:00:00,6148.0,6159.4,6113.5,6157.7,26.708499908447266
2016-03-16 00:00:00,6159.0,6192.8,6133.86,6184.0,23.490299224853516
2016-03-17 00:00:00,6193.75,6228.1,6121.8,6199.8,13.415800094604492
2016-03-18 00:00:00,6193.27,6237.0,6169.93,6180.42,21.177099227905273
2016-03-19 00:00:00,6180.42,6180.42,6180.42,6180.42,0.0
2016-03-20 00:00:00,6180.42,6180.42,6180.42,6180.42,0.0
2016-03-21 00:00:00,6167.35,6215.23,6149.8,6190.5,12.997349739074707
2016-03-22 00:00:00,6184.0,6200.11,6106.8,6184.7,18.657100677490234
2016-03-23 00:00:00,6176.8,6217.41,6162.8,6170.2,19.719499588012695
2016-03-24 00:00:00,6155.4,6158.5,6088.3,6145.2,61.38082504272461
2016-03-25 00:00:00,6145.2,6145.2,6145.2,6145.2,0.0
2016-03-26 00:00:00,6145.2,6145.2,6145.2,6145.2,0.0
2016-03-27 00:00:00,6145.2,6145.2,6145.2,6145.2,0.0
2016-03-28 00:00:00,6145.2,6145.2,6145.2,6145.2,0.0
2016-03-29 00:00:00,6142.42,6159.28,6066.75,6144.04,13.08145523071289
2016-03-30 00:00:00,6144.8,6221.36,6143.3,6198.0,11.787400245666504
2016-03-31 00:00:00,6186.0,6194.5,6147.3,6152.0,14.069894790649414
2016-04-01 00:00:00,6131.57,6163.3,6074.3,6152.0,22.454570770263672
2016-04-02 00:00:00,6152.0,6152.0,6152.0,6152.0,0.0
2016-04-03 00:00:00,6152.0,6152.0,6152.0,6152.0,0.0
2016-04-04 00:00:00,6152.19,6203.96,6127.3,6162.0,19.251319885253906
2016-04-05 00:00:00,6136.05,6136.3,6060.3,6075.0,22.440555572509766
2016-04-06 00:00:00,6108.2,6188.0,6093.8,6185.2,21.860294342041016
2016-04-07 00:00:00,6174.45,6203.3,6106.0,6120.5,19.78445053100586
2016-04-08 00:00:00,6151.985,6216.5,6149.5,6197.2,17.230220794677734
2016-04-09 00:00:00,6197.2,6197.2,6197.2,6197.2,0.0
2016-04-10 00:00:00,6197.2,6197.2,6197.2,6197.2,0.0
2016-04-11 00:00:00,6196.65,6230.3,6162.8,6174.5,13.269365310668945
2016-04-12 00:00:00,6193.96,6262.8,6175.0,6254.0,51.92530822753906
2016-04-13 00:00:00,6278.57,6374.793,6278.3,6365.2,30.36113929748535
2016-04-14 00:00:00,6366.035,6377.66,6336.04,6359.7,14.340805053710938
2016-04-15 00:00:00,6363.06,6373.3,6326.37,6331.2,27.642610549926758
2016-04-16 00:00:00,6331.2,6331.2,6331.2,6331.2,0.0
2016-04-17 00:00:00,6331.2,6331.2,6331.2,6331.2,0.0
2016-04-18 00:00:00,6278.91,6357.05,6259.16,6350.7,22.39719009399414
2016-04-19 00:00:00,6352.08,6417.02,6352.08,6408.2,58.232505798339844
2016-04-20 00:00:00,6378.18,6432.0,6365.5,6412.3,16.65983009338379
2016-04-21 00:00:00,6428.8,6433.06,6346.94,6357.5,18.211559295654297
2016-04-22 00:00:00,6360.395,6369.977,6287.38,6322.96,18.10310935974121
2016-04-23 00:00:00,6322.96,6322.96,6322.96,6322.96,0.0
2016-04-24 00:00:00,6322.96,6322.96,6322.96,6322.96,0.0
2016-04-25 00:00:00,6306.4,6324.28,6248.0,6275.42,22.11461067199707
2016-04-26 00:00:00,6273.54,6298.0,6265.8,6289.7,22.99605941772461
2016-04-27 00:00:00,6274.96,6344.3,6253.5,6324.8,17.78204917907715
2016-04-28 00:00:00,6288.55,6323.8,6221.86,6265.7,24.080224990844727
2016-04-29 00:00:00,6267.84,6293.8,6231.41,6255.0,21.743934631347656
2016-04-30 00:00:00,6255.0,6255.0,6255.0,6255.0,0.0
2016-05-01 00:00:00,6255.0,6255.0,6255.0,6255.0,0.0
2016-05-02 00:00:00,6257.94,6293.29,6236.5,6281.3,5.291985034942627
2016-05-03 00:00:00,6270.58,6283.803,6158.0,6189.0,24.872915267944336
2016-05-04 00:00:00,6188.25,6196.69,6098.13,6117.0,19.767770767211914
2016-05-05 00:00:00,6137.3,6154.0,6099.67,6115.0,21.217449188232422
2016-05-06 00:00:00,6106.8,6158.95,6052.3,6156.5,22.402210235595703
2016-05-07 00:00:00,6156.5,6156.5,6156.5,6156.5,0.0
2016-05-08 00:00:00,6156.5,6156.5,6156.5,6156.5,0.0
2016-05-09 00:00:00,6163.8,6179.3,6106.24,6121.0,22.989099502563477
2016-05-10 00:00:00,6140.48,6182.3,6113.6,6167.0,24.140304565429688
2016-05-11 00:00:00,6149.88,6173.88,6130.5,6140.0,16.274274826049805
2016-05-12 00:00:00,6144.51,6195.87,6088.2,6119.8,34.41227340698242
2016-05-13 00:00:00,6092.065,6143.975,6059.0,6099.0,49.72486114501953
2016-05-14 00:00:00,6099.0,6099.0,6099.0,6099.0,0.0
2016-05-15 00:00:00,6099.0,6099.0,6099.0,6099.0,0.0
2016-05-16 00:00:00,6121.0,6178.675,6089.4,6173.7,16.882469177246094
2016-05-17 00:00:00,6173.8,6217.05,6129.3,6136.5,27.221925735473633
2016-05-18 00:00:00,6145.5,6172.8,6111.8,6140.5,25.463834762573242
2016-05-19 00:00:00,6109.8,6121.8,6048.5,6084.3,33.82014465332031
2016-05-20 00:00:00,6115.3,6159.175,6106.2,6149.2,48.18167495727539
2016-05-21 00:00:00,6149.2,6149.2,6149.2,6149.2,0.0
2016-05-22 00:00:00,6149.2,6149.2,6149.2,6149.2,0.0
2016-05-23 00:00:00,6157.0,6173.9,6120.02,6134.5,22.743804931640625
2016-05-24 00:00:00,6124.35,6242.54,6107.8,6237.3,19.576364517211914
2016-05-25 00:00:00,6265.5,6278.0,6243.68,6269.5,53.94047927856445
2016-05-26 00:00:00,6258.98,6282.05,6243.5,6255.8,27.981775283813477
2016-05-27 00:00:00,6274.3,6277.3,6249.27,6263.21,25.90523910522461
2016-05-28 00:00:00,6263.21,6263.21,6263.21,6263.21,0.0
2016-05-29 00:00:00,6263.21,6263.21,6263.21,6263.21,0.0
2016-05-30 00:00:00,6263.21,6263.21,6263.21,6263.21,0.0
2016-05-31 00:00:00,6274.877,6291.3,6206.7,6223.25,41.698265075683594
2016-06-01 00:00:00,6221.277,6228.0,6149.59,6205.3,12.810964584350586
2016-06-02 00:00:00,6182.0,6221.43,6172.0,6219.8,18.786754608154297
2016-06-03 00:00:00,6219.65,6252.8,6167.3,6234.3,18.234495162963867
2016-06-04 00:00:00,6234.3,6234.3,6234.3,6234.3,0.0
2016-06-05 00:00:00,6234.3,6234.3,6234.3,6234.3,0.0
2016-06-06 00:00:00,6236.723,6303.1,6227.8,6271.7,15.183955192565918
2016-06-07 00:00:00,6279.437,6323.3,6262.8,6267.5,15.847644805908203
2016-06-08 00:00:00,6266.61,6307.833,6260.4,6298.7,32.329986572265625
2016-06-09 00:00:00,6281.8,6284.8,6217.02,6228.0,33.898780822753906
2016-06-10 00:00:00,6221.0,6226.0,6076.88,6090.51,40.707149505615234
2016-06-11 00:00:00,6090.51,6090.51,6090.51,6090.51,0.0
2016-06-12 00:00:00,6090.51,6090.51,6090.51,6090.51,0.0
2016-06-13 00:00:00,6066.3,6103.0,6015.5,6035.5,27.3573055267334
2016-06-14 00:00:00,6041.5,6042.8,5905.8,5935.5,24.101484298706055
2016-06-15 00:00:00,5938.8,6008.31,5932.95,5951.0,15.468700408935547
2016-06-16 00:00:00,5916.43,5995.0,5893.59,5987.3,25.169809341430664
2016-06-17 00:00:00,6004.5,6057.2,5969.4,6052.3,19.31270980834961
2016-06-18 00:00:00,6052.3,6052.3,6052.3,6052.3,0.0
2016-06-19 00:00:00,6052.3,6052.3,6052.3,6052.3,0.0
2016-06-20 00:00:00,6177.4,6238.72,6127.59,6155.8,53.89793395996094
2016-06-21 00:00:00,6188.95,6282.3,6152.55,6244.98,53.64714050292969
2016-06-22 00:00:00,6260.65,6318.3,6219.34,6254.8,40.405391693115234
2016-06-23 00:00:00,6317.3,6383.01,6271.01,6362.05,26.677860260009766
2016-06-24 00:00:00,5791.93,6231.0,5725.68,6055.085,17.230695724487305
2016-06-25 00:00:00,6055.085,6055.085,6055.085,6055.085,0.0
2016-06-26 00:00:00,6055.085,6055.085,6055.085,6055.085,0.0
2016-06-27 00:00:00,6007.96,6127.8,5956.8,6008.24,15.930085182189941
2016-06-28 00:00:00,6040.51,6203.82,6039.8,6202.1,12.192480087280273
2016-06-29 00:00:00,6205.8,6377.99,6201.33,6345.61,13.879980087280273
2016-06-30 00:00:00,6355.6,6583.5,6308.02,6560.5,26.15308952331543
2016-07-01 00:00:00,6542.8,6615.3,6498.68,6584.75,39.41331100463867
2016-07-02 00:00:00,6584.75,6584.75,6584.75,6584.75,0.0
2016-07-03 00:00:00,6584.75,6584.75,6584.75,6584.75,0.0
2016-07-04 00:00:00,6603.67,6627.53,6512.88,6549.0,15.688509941101074
2016-07-05 00:00:00,6521.38,6563.3,6471.3,6548.72,42.109130859375
2016-07-06 00:00:00,6545.83,6579.8,6429.45,6543.0,57.17793655395508
2016-07-07 00:00:00,6532.02,6579.3,6503.05,6532.3,27.487009048461914
2016-07-08 00:00:00,6523.05,6606.23,6512.46,6594.5,15.38764476776123
2016-07-09 00:00:00,6594.5,6594.5,6594.5,6594.5,0.0
2016-07-10 00:00:00,6594.5,6594.5,6594.5,6594.5,0.0
2016-07-11 00:00:00,6626.16,6695.5,6600.0,6666.8,19.036649703979492
2016-07-12 00:00:00,6668.76,6703.31,6663.8,6666.5,21.21437644958496
2016-07-13 00:00:00,6651.36,6717.5,6649.5,6681.5,40.206031799316406
2016-07-14 00:00:00,6691.0,6743.3,6645.5,6661.05,39.1470947265625
2016-07-15 00:00:00,6636.0,6677.73,6609.0,6666.0,17.963354110717773
2016-07-16 00:00:00,6666.0,6666.0,6666.0,6666.0,0.0
2016-07-17 00:00:00,6666.0,6666.0,6666.0,6666.0,0.0
2016-07-18 00:00:00,6687.63,6715.06,6676.8,6694.5,16.02543830871582
2016-07-19 00:00:00,6681.3,6710.3,6658.3,6703.3,26.41427993774414
2016-07-20 00:00:00,6714.0,6736.8,6691.0,6699.3,23.16261863708496
2016-07-21 00:00:00,6707.3,6732.0,6675.81,6683.5,24.639875411987305
2016-07-22 00:00:00,6679.95,6738.0,6662.297,6732.03,12.592683792114258
2016-07-23 00:00:00,6732.03,6732.03,6732.03,6732.03,0.0
2016-07-24 00:00:00,6732.03,6732.03,6732.03,6732.03,0.0
2016-07-25 00:00:00,6730.74,6756.3,6690.5,6709.5,14.947894096374512
2016-07-26 00:00:00,6727.49,6745.5,6706.8,6733.3,5.9037089347839355
2016-07-27 00:00:00,6740.8,6779.3,6728.97,6734.8,3.876523971557617
2016-07-28 00:00:00,6747.32,6762.3,6709.59,6733.3,25.561573028564453
2016-07-29 00:00:00,6736.825,6742.0,6689.3,6728.75,40.705970764160156
2016-07-30 00:00:00,6728.75,6728.75,6728.75,6728.75,0.0
2016-07-31 00:00:00,6728.75,6728.75,6728.75,6728.75,0.0
2016-08-01 00:00:00,6755.13,6769.5,6663.8,6671.9,22.922401428222656
2016-08-02 00:00:00,6673.8,6688.5,6629.0,6657.25,32.586029052734375
2016-08-03 00:00:00,6646.0,6675.5,6617.3,6643.8,31.795557022094727
2016-08-04 00:00:00,6644.8,6760.775,6613.3,6758.5,43.07072830200195
2016-08-05 00:00:00,6764.38,6803.3,6735.8,6792.8,18.096275329589844
2016-08-06 00:00:00,6792.8,6792.8,6792.8,6792.8,0.0
2016-08-07 00:00:00,6792.8,6792.8,6792.8,6792.8,0.0
2016-08-08 00:00:00,6796.71,6830.21,6779.5,6813.5,73.7640609741211
2016-08-09 00:00:00,6814.3,6863.75,6807.75,6836.5,71.38690948486328
2016-08-10 00:00:00,6836.0,6865.69,6816.0,6846.3,60.21210479736328
2016-08-11 00:00:00,6824.0,6917.8,6813.3,6903.3,65.32918548583984
2016-08-12 00:00:00,6910.71,6931.68,6895.8,6908.8,5.853815078735352
2016-08-13 00:00:00,6908.8,6908.8,6908.8,6908.8,0.0
2016-08-14 00:00:00,6908.8,6908.8,6908.8,6908.8,0.0
2016-08-15 00:00:00,6924.29,6956.0,6909.75,6938.0,8.751463890075684
2016-08-16 00:00:00,6921.0,6940.8,6888.3,6893.5,8.667815208435059
2016-08-17 00:00:00,6900.8,6919.8,6848.0,6895.5,3.3923110961914062
2016-08-18 00:00:00,6889.8,6895.0,6848.8,6875.5,2.850290060043335
2016-08-19 00:00:00,6862.0,6873.3,6839.8,6860.0,4.820156097412109
2016-08-20 00:00:00,6860.0,6860.0,6860.0,6860.0,0.0
2016-08-21 00:00:00,6860.0,6860.0,6860.0,6860.0,0.0
2016-08-22 00:00:00,6841.3,6885.3,6810.8,6841.5,5.866674900054932
2016-08-23 00:00:00,6841.5,6884.3,6841.3,6855.8,2.650085926055908
2016-08-24 00:00:00,6845.0,6865.8,6810.83,6820.0,314.7906799316406
2016-08-25 00:00:00,6821.3,6826.8,6777.5,6807.47,3.1064980030059814
2016-08-26 00:00:00,6808.77,6857.46,6768.769,6797.47,9.609908103942871
2016-08-27 00:00:00,6797.47,6797.47,6797.47,6797.47,0.0
2016-08-28 00:00:00,6797.47,6797.47,6797.47,6797.47,0.0
2016-08-29 00:00:00,6794.86,6829.67,6782.759,6815.66,30.459999084472656
2016-08-30 00:00:00,6823.459,6851.47,6806.27,6825.469,24.791828155517578
2016-08-31 00:00:00,6812.969,6831.27,6761.27,6784.469,253.75979614257812
2016-09-01 00:00:00,6801.27,6826.77,6720.759,6768.469,328.554931640625
2016-09-02 00:00:00,6758.459,6929.47,6752.769,6900.77,401.835693359375
2016-09-03 00:00:00,6900.77,6900.77,6900.77,6900.77,0.0
2016-09-04 00:00:00,6900.77,6900.77,6900.77,6900.77,0.0
2016-09-05 00:00:00,6918.769,6922.858,6865.959,6883.77,169.78512573242188
2016-09-06 00:00:00,6892.479,6896.469,6816.769,6835.77,36.40983581542969
2016-09-07 00:00:00,6845.69,6855.27,6812.699,6838.269,11.658889770507812
2016-09-08 00:00:00,6840.269,6888.47,6818.269,6860.77,5.646100044250488
2016-09-09 00:00:00,6848.26,6859.769,6731.269,6731.469,22.463510513305664
2016-09-10 00:00:00,6731.469,6731.469,6731.469,6731.469,0.0
2016-09-11 00:00:00,6731.469,6731.469,6731.469,6731.469,0.0
2016-09-12 00:00:00,6682.469,6765.47,6654.469,6764.15,73.9940414428711
2016-09-13 00:00:00,6734.27,6738.969,6646.47,6665.269,72.02947998046875
2016-09-14 00:00:00,6682.469,6720.47,6653.769,6664.969,70.46852111816406
2016-09-15 00:00:00,6655.769,6750.77,6651.66,6740.47,79.5074691772461
2016-09-16 00:00:00,6725.459,6748.27,6691.27,6740.969,371.93756103515625
2016-09-17 00:00:00,6740.969,6740.969,6740.969,6740.969,0.0
2016-09-18 00:00:00,6740.969,6740.969,6740.969,6740.969,0.0
2016-09-19 00:00:00,6758.269,6817.77,6757.96,6788.97,755.3839111328125
2016-09-20 00:00:00,6798.46,6869.769,6794.69,6822.27,99.45906829833984
2016-09-21 00:00:00,6848.27,6880.269,6817.47,6865.77,57.7866325378418
2016-09-22 00:00:00,6870.76,6938.969,6861.47,6908.769,188.17579650878906
2016-09-23 00:00:00,6902.46,6921.769,6882.26,6892.269,267.6368713378906
2016-09-24 00:00:00,6892.269,6892.269,6892.269,6892.269,0.0
2016-09-25 00:00:00,6892.269,6892.269,6892.269,6892.269,0.0
2016-09-26 00:00:00,6880.247,6882.97,6803.27,6818.97,58.52739334106445
2016-09-27 00:00:00,6862.469,6868.77,6766.469,6822.269,36.31389617919922
2016-09-28 00:00:00,6813.969,6903.769,6805.47,6898.469,44.918426513671875
2016-09-29 00:00:00,6910.469,6941.27,6850.47,6865.569,48.25273895263672
2016-09-30 00:00:00,6852.769,6921.769,6808.469,6900.259,74.9669189453125
2016-10-01 00:00:00,6900.259,6900.259,6900.259,6900.259,0.0
2016-10-02 00:00:00,6900.259,6900.259,6900.259,6900.259,0.0
2016-10-03 00:00:00,6906.27,6996.27,6895.76,6965.26,250.422119140625
2016-10-04 00:00:00,6977.269,7128.9,6973.969,7048.969,33.677799224853516
2016-10-05 00:00:00,7061.969,7081.47,7023.27,7038.469,17.703941345214844
2016-10-06 00:00:00,7040.97,7058.269,6997.919,7029.759,112.38763427734375
2016-10-07 00:00:00,7050.769,7078.969,7011.45,7054.97,132.62384033203125
2016-10-08 00:00:00,7054.97,7054.97,7054.97,7054.97,0.0
2016-10-09 00:00:00,7054.97,7054.97,7054.97,7054.97,0.0
2016-10-10 00:00:00,7065.149,7104.269,7022.399,7093.769,59.361541748046875
2016-10-11 00:00:00,7078.019,7129.469,7052.959,7077.47,58.799888610839844
2016-10-12 00:00:00,7065.47,7078.77,7013.39,7042.469,192.21534729003906
2016-10-13 00:00:00,6995.9,7011.65,6928.449,6996.97,23.680612564086914
2016-10-14 00:00:00,7007.27,7055.27,6989.93,7012.969,8.551898956298828
2016-10-15 00:00:00,7012.969,7012.969,7012.969,7012.969,0.0
2016-10-16 00:00:00,7012.969,7012.969,7012.969,7012.969,0.0
2016-10-17 00:00:00,6993.98,7001.47,6933.48,6946.93,47.59236526489258
2016-10-18 00:00:00,6970.47,7033.869,6969.26,7004.619,2.2361910343170166
2016-10-19 00:00:00,7008.149,7034.099,6975.207,7022.33,0.8516349792480469
2016-10-20 00:00:00,7025.97,7048.55,6997.28,7028.599,0.7142090201377869
2016-10-21 00:00:00,7015.27,7058.609,7009.469,7037.469,9.7567138671875
2016-10-22 00:00:00,7037.469,7037.469,7037.469,7037.469,0.0
2016-10-23 00:00:00,7037.469,7037.469,7037.469,7037.469,0.0
2016-10-24 00:00:00,7037.969,7068.27,6980.269,6995.469,5.850381851196289
2016-10-25 00:00:00,7007.469,7067.269,6999.97,7009.27,13.344313621520996
2016-10-26 00:00:00,7000.769,7003.269,6914.27,6940.329,33.28243637084961
2016-10-27 00:00:00,6922.289,7010.47,6918.799,6976.669,45.746620178222656
2016-10-28 00:00:00,6970.52,7007.11,6922.61,6956.97,5.371263027191162
2016-10-29 00:00:00,6956.97,6956.97,6956.97,6956.97,0.0
2016-10-30 00:00:00,6956.97,6956.97,6956.97,6956.97,0.0
2016-10-31 00:00:00,6979.41,6980.27,6929.46,6941.16,2.888056993484497
2016-11-01 00:00:00,6963.99,6992.269,6879.469,6899.06,6.509871959686279
2016-11-02 00:00:00,6873.599,6901.701,6825.85,6842.27,78.47135162353516
2016-11-03 00:00:00,6835.12,6872.469,6748.22,6759.399,225.14854431152344
2016-11-04 00:00:00,6769.41,6773.47,6653.57,6660.7,544.5857543945312
2016-11-05 00:00:00,6660.7,6660.7,6660.7,6660.7,0.0
2016-11-06 00:00:00,6660.7,6660.7,6660.7,6660.7,0.0
2016-11-07 00:00:00,6771.269,6814.47,6758.859,6813.969,0.9684990048408508
2016-11-08 00:00:00,6806.469,6876.21,6788.77,6863.77,13.494412422180176
2016-11-09 00:00:00,6613.86,6953.3,6610.77,6927.969,47.500282287597656
2016-11-10 00:00:00,6938.47,6998.47,6798.17,6830.969,3.6596031188964844
2016-11-11 00:00:00,6828.729,6852.431,6707.469,6738.969,4.382662773132324
2016-11-12 00:00:00,6738.969,6738.969,6738.969,6738.969,0.0
2016-11-13 00:00:00,6738.969,6738.969,6738.969,6738.969,0.0
2016-11-14 00:00:00,6781.969,6815.499,6731.86,6769.269,6.378818988800049
2016-11-15 00:00:00,6774.649,6822.609,6764.64,6820.85,3.704551935195923
2016-11-16 00:00:00,6820.217,6823.552,6733.733,6754.469,3.737968921661377
2016-11-17 00:00:00,6766.585,6808.38,6744.153,6805.769,2.8124289512634277
2016-11-18 00:00:00,6804.51,6812.299,6739.559,6771.47,2.238368034362793
2016-11-19 00:00:00,6771.47,6771.47,6771.47,6771.47,0.0
2016-11-20 00:00:00,6771.47,6771.47,6771.47,6771.47,0.0
2016-11-21 00:00:00,6790.109,6822.27,6752.7,6793.469,1.4860999584197998
2016-11-22 00:00:00,6821.95,6852.77,6809.969,6847.269,2.820233106613159
2016-11-23 00:00:00,6849.49,6881.27,6776.969,6828.769,59.89137268066406
2016-11-24 00:00:00,6817.959,6836.26,6787.789,6820.47,226.5861358642578
2016-11-25 00:00:00,6827.56,6851.77,6815.879,6837.869,36.45043182373047
2016-11-26 00:00:00,6837.869,6837.869,6837.869,6837.869,0.0
2016-11-27 00:00:00,6837.869,6837.869,6837.869,6837.869,0.0
2016-11-28 00:00:00,6834.689,6834.77,6766.72,6779.93,39.763118743896484
2016-11-29 00:00:00,6788.609,6799.85,6728.389,6769.27,11.348092079162598
2016-11-30 00:00:00,6770.509,6846.77,6764.939,6764.969,39.3325080871582
2016-12-01 00:00:00,6768.78,6785.259,6686.26,6722.759,51.225433349609375
2016-12-02 00:00:00,6709.939,6744.969,6676.92,6707.959,37.995269775390625
2016-12-03 00:00:00,6707.959,6707.959,6707.959,6707.959,0.0
2016-12-04 00:00:00,6707.959,6707.959,6707.959,6707.959,0.0
2016-12-05 00:00:00,6685.809,6799.769,6681.619,6753.769,243.95263671875
2016-12-06 00:00:00,6750.56,6814.269,6719.949,6803.259,515.1463012695312
2016-12-07 00:00:00,6817.259,6939.759,6809.95,6928.259,645.3955078125
2016-12-08 00:00:00,6913.96,6949.469,6889.829,6929.46,324.1072082519531
2016-12-09 00:00:00,6930.679,6976.969,6926.919,6971.959,310.6683349609375
2016-12-10 00:00:00,6971.959,6971.959,6971.959,6971.959,0.0
2016-12-11 00:00:00,6971.959,6971.959,6971.959,6971.959,0.0
2016-12-12 00:00:00,6975.289,6975.289,6868.319,6882.96,48.44304275512695
2016-12-13 00:00:00,6881.959,6979.769,6875.109,6967.769,79.10689544677734
2016-12-14 00:00:00,6963.17,6985.97,6926.83,6935.769,336.26190185546875
2016-12-15 00:00:00,6944.259,7011.269,6926.27,6995.769,111.52562713623047
2016-12-16 00:00:00,7000.96,7037.77,6980.55,7001.77,27.128747940063477
2016-12-17 00:00:00,7001.77,7001.77,7001.77,7001.77,0.0
2016-12-18 00:00:00,7001.77,7001.77,7001.77,7001.77,0.0
2016-12-19 00:00:00,7023.77,7026.27,6985.819,6999.47,7.1726298332214355
2016-12-20 00:00:00,7008.579,7046.269,6992.76,7031.259,4.404883861541748
2016-12-21 00:00:00,7029.76,7055.77,7023.729,7030.26,22.240631103515625
2016-12-22 00:00:00,7023.269,7063.769,7018.25,7042.259,82.12060546875
2016-12-23 00:00:00,7053.43,7072.469,7052.849,7064.27,25.709714889526367
2016-12-24 00:00:00,7064.27,7064.27,7064.27,7064.27,0.0
2016-12-25 00:00:00,7064.27,7064.27,7064.27,7064.27,0.0
2016-12-26 00:00:00,7064.27,7064.27,7064.27,7064.27,0.0
2016-12-27 00:00:00,7064.27,7064.27,7064.27,7064.27,0.0
2016-12-28 00:00:00,7071.759,7110.77,7069.269,7074.83,72.97219848632812
2016-12-29 00:00:00,7076.96,7122.74,7073.119,7090.46,12.02859115600586
2016-12-30 00:00:00,7108.459,7137.889,7078.969,7102.959,41.13161087036133
2016-12-31 00:00:00,7102.959,7102.959,7102.959,7102.959,0.0
2017-01-01 00:00:00,7102.959,7102.959,7102.959,7102.959,0.0
2017-01-02 00:00:00,7102.959,7102.959,7102.959,7102.959,0.0
2017-01-03 00:00:00,7164.187,7205.379,7158.995,7183.889,45.77140426635742
2017-01-04 00:00:00,7190.85,7199.759,7165.14,7194.969,402.4766845703125
2017-01-05 00:00:00,7178.47,7210.47,7170.759,7193.47,122.52311706542969
2017-01-06 00:00:00,7190.97,7227.27,7178.96,7215.77,168.1993408203125
2017-01-07 00:00:00,7215.77,7215.77,7215.77,7215.77,0.0
2017-01-08 00:00:00,7215.77,7215.77,7215.77,7215.77,0.0
2017-01-09 00:00:00,7236.1,7243.76,7205.12,7239.349,227.15980529785156
2017-01-10 00:00:00,7239.829,7285.415,7239.139,7264.469,147.9130401611328
2017-01-11 00:00:00,7269.219,7328.253,7255.97,7302.469,150.14901733398438
2017-01-12 00:00:00,7278.56,7330.269,7262.859,7325.38,186.2039337158203
2017-01-13 00:00:00,7325.14,7339.77,7306.731,7332.239,24.31269645690918
2017-01-14 00:00:00,7332.239,7332.239,7332.239,7332.239,0.0
2017-01-15 00:00:00,7332.239,7332.239,7332.239,7332.239,0.0
2017-01-16 00:00:00,7340.639,7357.27,7317.929,7325.469,5.436522006988525
2017-01-17 00:00:00,7304.759,7318.77,7216.24,7222.969,131.51197814941406
2017-01-18 00:00:00,7240.419,7257.129,7215.919,7252.269,71.2915267944336
2017-01-19 00:00:00,7253.969,7257.27,7189.47,7199.759,55.00481414794922
2017-01-20 00:00:00,7213.099,7222.77,7176.53,7192.469,60.406192779541016
2017-01-21 00:00:00,7192.469,7192.469,7192.469,7192.469,0.0
2017-01-22 00:00:00,7192.469,7192.469,7192.469,7192.469,0.0
2017-01-23 00:00:00,7161.069,7176.27,7128.65,7171.26,37.18948745727539
2017-01-24 00:00:00,7172.97,7184.459,7142.029,7170.759,10.629684448242188
2017-01-25 00:00:00,7169.76,7205.259,7150.88,7169.46,41.904052734375
2017-01-26 00:00:00,7182.769,7189.299,7149.179,7159.26,8.251063346862793
2017-01-27 00:00:00,7162.46,7185.459,7148.529,7170.289,6.293407917022705
2017-01-28 00:00:00,7170.289,7170.289,7170.289,7170.289,0.0
2017-01-29 00:00:00,7170.289,7170.289,7170.289,7170.289,0.0
2017-01-30 00:00:00,7149.77,7153.09,7103.45,7135.469,8.665298461914062
2017-01-31 00:00:00,7118.16,7162.47,7094.549,7123.97,227.1824951171875
2017-02-01 00:00:00,7146.069,7169.27,7097.0,7118.47,245.97384643554688
2017-02-02 00:00:00,7095.18,7163.97,7089.349,7156.27,145.59674072265625
2017-02-03 00:00:00,7140.26,7202.449,7131.759,7190.27,14.935091972351074
2017-02-04 00:00:00,7190.27,7190.27,7190.27,7190.27,0.0
2017-02-05 00:00:00,7190.27,7190.27,7190.27,7190.27,0.0
2017-02-06 00:00:00,7185.14,7208.76,7161.969,7179.419,288.6365966796875
2017-02-07 00:00:00,7171.97,7228.029,7157.16,7177.269,219.412353515625
2017-02-08 00:00:00,7182.84,7196.519,7145.259,7189.22,48.14296340942383
2017-02-09 00:00:00,7195.599,7242.96,7181.769,7236.37,65.17693328857422
2017-02-10 00:00:00,7254.629,7274.769,7242.02,7265.259,57.9039421081543
2017-02-11 00:00:00,7265.259,7265.259,7265.259,7265.259,0.0
2017-02-12 00:00:00,7265.259,7265.259,7265.259,7265.259,0.0
2017-02-13 00:00:00,7263.89,7298.969,7256.369,7280.879,74.1835708618164
2017-02-14 00:00:00,7273.499,7293.641,7249.719,7289.349,212.25802612304688
2017-02-15 00:00:00,7294.789,7322.77,7284.189,7317.899,137.10272216796875
2017-02-16 00:00:00,7287.75,7298.759,7258.27,7282.609,22.94198226928711
2017-02-17 00:00:00,7274.23,7315.099,7252.3,7310.94,34.25917053222656
2017-02-18 00:00:00,7310.94,7310.94,7310.94,7310.94,0.0
2017-02-19 00:00:00,7310.94,7310.94,7310.94,7310.94,0.0
2017-02-20 00:00:00,7316.959,7320.339,7281.26,7295.12,53.60574722290039
2017-02-21 00:00:00,7290.15,7298.47,7265.77,7287.96,253.0802764892578
2017-02-22 00:00:00,7284.23,7315.759,7272.399,7305.259,202.26361083984375
2017-02-23 00:00:00,7284.847,7309.967,7261.119,7272.27,201.44155883789062
2017-02-24 00:00:00,7264.459,7272.03,7191.959,7262.27,29.706859588623047
2017-02-25 00:00:00,7262.27,7262.27,7262.27,7262.27,0.0
2017-02-26 00:00:00,7262.27,7262.27,7262.27,7262.27,0.0
2017-02-27 00:00:00,7278.51,7283.769,7238.719,7274.27,12.311025619506836
2017-02-28 00:00:00,7268.975,7285.309,7245.6,7268.47,55.662010192871094
2017-03-01 00:00:00,7285.73,7398.279,7280.72,7385.069,23.12398910522461
2017-03-02 00:00:00,7383.769,7393.269,7370.41,7380.969,474.0072021484375
2017-03-03 00:00:00,7364.17,7385.09,7351.27,7366.169,244.82174682617188
2017-03-04 00:00:00,7366.169,7366.169,7366.169,7366.169,0.0
2017-03-05 00:00:00,7366.169,7366.169,7366.169,7366.169,0.0
2017-03-06 00:00:00,7361.77,7367.089,7338.239,7364.17,117.64765167236328
2017-03-07 00:00:00,7369.17,7369.17,7330.669,7332.789,93.56835174560547
2017-03-08 00:00:00,7328.569,7354.74,7314.23,7321.269,177.1978759765625
2017-03-09 00:00:00,7314.099,7322.809,7261.55,7320.62,237.6903533935547
2017-03-10 00:00:00,7336.489,7371.26,7330.46,7349.519,540.9829711914062
2017-03-11 00:00:00,7349.519,7349.519,7349.519,7349.519,0.0
2017-03-12 00:00:00,7349.519,7349.519,7349.519,7349.519,0.0
2017-03-13 00:00:00,7356.609,7377.27,7339.469,7373.97,323.7001953125
2017-03-14 00:00:00,7379.63,7390.72,7339.269,7361.07,217.30328369140625
2017-03-15 00:00:00,7365.4,7398.57,7358.269,7393.759,7.6438398361206055
2017-03-16 00:00:00,7405.97,7444.77,7399.569,7421.77,24.147369384765625
2017-03-17 00:00:00,7406.769,7448.27,7402.959,7425.679,45.42626190185547
2017-03-18 00:00:00,7425.679,7425.679,7425.679,7425.679,0.0
2017-03-19 00:00:00,7425.679,7425.679,7425.679,7425.679,0.0
2017-03-20 00:00:00,7425.4,7434.969,7400.759,7417.919,87.0711669921875
2017-03-21 00:00:00,7428.97,7440.769,7342.26,7347.27,459.08056640625
2017-03-22 00:00:00,7334.269,7344.27,7301.259,7324.67,103.78369903564453
2017-03-23 00:00:00,7329.269,7345.82,7305.679,7328.469,9.99307632446289
2017-03-24 00:00:00,7343.97,7349.77,7307.969,7334.159,45.58009338378906
2017-03-25 00:00:00,7334.159,7334.159,7334.159,7334.159,0.0
2017-03-26 00:00:00,7334.159,7334.159,7334.159,7334.159,0.0
2017-03-27 00:00:00,7287.97,7309.97,7251.77,7303.77,333.0609436035156
2017-03-28 00:00:00,7314.97,7363.469,7282.47,7354.669,344.7607116699219
2017-03-29 00:00:00,7364.969,7380.77,7309.97,7376.67,362.3731994628906
2017-03-30 00:00:00,7366.969,7382.27,7336.769,7359.27,224.93409729003906
2017-03-31 00:00:00,7336.77,7350.969,7320.259,7328.759,292.18609619140625
2017-04-01 00:00:00,7328.759,7328.759,7328.759,7328.759,0.0
2017-04-02 00:00:00,7328.759,7328.759,7328.759,7328.759,0.0
2017-04-03 00:00:00,7330.259,7352.269,7259.769,7309.959,308.81671142578125
2017-04-04 00:00:00,7299.969,7342.26,7292.959,7340.269,251.7001953125
2017-04-05 00:00:00,7334.26,7363.259,7292.26,7294.76,432.8829040527344
2017-04-06 00:00:00,7269.269,7321.769,7252.759,7301.259,368.7626037597656
2017-04-07 00:00:00,7282.959,7357.769,7281.759,7352.96,475.6044921875
2017-04-08 00:00:00,7352.96,7352.96,7352.96,7352.96,0.0
2017-04-09 00:00:00,7352.96,7352.96,7352.96,7352.96,0.0
2017-04-10 00:00:00,7353.769,7358.76,7335.26,7345.269,249.97300720214844
2017-04-11 00:00:00,7341.76,7407.77,7330.26,7382.759,395.8655090332031
2017-04-12 00:00:00,7373.47,7402.27,7335.759,7336.47,358.10040283203125
2017-04-13 00:00:00,7342.77,7343.77,7296.269,7303.269,323.3135070800781
2017-04-14 00:00:00,7303.269,7303.269,7303.269,7303.269,0.0
2017-04-15 00:00:00,7303.269,7303.269,7303.269,7303.269,0.0
2017-04-16 00:00:00,7303.269,7303.269,7303.269,7303.269,0.0
2017-04-17 00:00:00,7303.269,7303.269,7303.269,7303.269,0.0
2017-04-18 00:00:00,7313.459,7322.76,7111.96,7130.47,372.8790588378906
2017-04-19 00:00:00,7125.26,7151.27,7091.969,7102.27,356.7196960449219
2017-04-20 00:00:00,7101.26,7127.76,7096.259,7112.959,316.7143859863281
2017-04-21 00:00:00,7126.26,7134.76,7103.26,7119.26,314.1758117675781
2017-04-22 00:00:00,7119.26,7119.26,7119.26,7119.26,0.0
2017-04-23 00:00:00,7119.26,7119.26,7119.26,7119.26,0.0
2017-04-24 00:00:00,7188.27,7280.27,7187.959,7263.97,442.9830017089844
2017-04-25 00:00:00,7275.759,7289.77,7261.77,7269.97,210.10659790039062
2017-04-26 00:00:00,7278.47,7303.259,7260.26,7260.77,311.0231018066406
2017-04-27 00:00:00,7259.959,7268.769,7224.412,7245.27,197.95143127441406
2017-04-28 00:00:00,7236.759,7247.77,7194.26,7195.27,257.5057067871094
2017-04-29 00:00:00,7195.27,7195.27,7195.27,7195.27,0.0
2017-04-30 00:00:00,7195.27,7195.27,7195.27,7195.27,0.0
2017-05-01 00:00:00,7202.17,7224.97,7192.76,7208.669,28.25
2017-05-02 00:00:00,7217.46,7263.76,7211.67,7254.459,211.05259704589844
2017-05-03 00:00:00,7239.969,7252.769,7218.759,7246.27,205.95680236816406
2017-05-04 00:00:00,7249.769,7280.77,7224.46,7256.459,257.1878967285156
2017-05-05 00:00:00,7233.76,7311.97,7224.76,7307.97,256.514404296875
2017-05-06 00:00:00,7307.97,7307.97,7307.97,7307.97,0.0
2017-05-07 00:00:00,7307.97,7307.97,7307.97,7307.97,0.0
2017-05-08 00:00:00,7327.269,7327.76,7281.759,7305.76,288.5047912597656
2017-05-09 00:00:00,7300.459,7361.26,7299.959,7346.259,226.87069702148438
2017-05-10 00:00:00,7337.959,7397.77,7331.069,7387.969,247.27870178222656
2017-05-11 00:00:00,7373.96,7398.76,7367.759,7394.469,217.7541046142578
2017-05-12 00:00:00,7383.469,7438.77,7381.46,7435.96,214.61819458007812
2017-05-13 00:00:00,7435.96,7435.96,7435.96,7435.96,0.0
2017-05-14 00:00:00,7435.96,7435.96,7435.96,7435.96,0.0
2017-05-15 00:00:00,7442.759,7465.27,7435.259,7464.169,166.94729614257812
2017-05-16 00:00:00,7454.17,7533.27,7448.97,7522.97,234.30230712890625
2017-05-17 00:00:00,7494.969,7533.47,7447.97,7451.469,238.63819885253906
2017-05-18 00:00:00,7449.959,7483.769,7387.26,7464.959,571.1779174804688
2017-05-19 00:00:00,7464.26,7489.27,7453.759,7487.47,191.25340270996094
2017-05-20 00:00:00,7487.47,7487.47,7487.47,7487.47,0.0
2017-05-21 00:00:00,7487.47,7487.47,7487.47,7487.47,0.0
2017-05-22 00:00:00,7493.02,7518.77,7486.969,7508.969,209.2895965576172
2017-05-23 00:00:00,7497.469,7521.269,7478.77,7503.769,215.20449829101562
2017-05-24 00:00:00,7490.259,7522.259,7473.76,7516.26,241.3022003173828
2017-05-25 00:00:00,7531.269,7539.47,7494.769,7522.77,298.85430908203125
2017-05-26 00:00:00,7518.769,7554.77,7512.77,7543.969,291.4128112792969
2017-05-27 00:00:00,7543.969,7543.969,7543.969,7543.969,0.0
2017-05-28 00:00:00,7543.969,7543.969,7543.969,7543.969,0.0
2017-05-29 00:00:00,7543.969,7543.969,7543.969,7543.969,0.0
2017-05-30 00:00:00,7532.72,7535.27,7495.22,7526.97,325.1814880371094
2017-05-31 00:00:00,7533.769,7586.26,7513.759,7526.97,401.1943054199219
2017-06-01 00:00:00,7539.47,7573.27,7531.77,7571.77,396.54339599609375
2017-06-02 00:00:00,7589.22,7597.26,7536.97,7568.219,553.8745727539062
2017-06-03 00:00:00,7568.219,7568.219,7568.219,7568.219,0.0
2017-06-04 00:00:00,7568.219,7568.219,7568.219,7568.219,0.0
2017-06-05 00:00:00,7555.769,7561.27,7517.769,7544.269,84.71388244628906
2017-06-06 00:00:00,7524.969,7532.769,7500.469,7523.769,27.154890060424805
2017-06-07 00:00:00,7524.77,7554.76,7471.269,7489.97,33.65325164794922
2017-06-08 00:00:00,7474.069,7488.759,7442.769,7463.67,48.058021545410156
2017-06-09 00:00:00,7468.67,7542.47,7468.67,7515.969,58.59925842285156
2017-06-10 00:00:00,7515.969,7515.969,7515.969,7515.969,0.0
2017-06-11 00:00:00,7515.969,7515.969,7515.969,7515.969,0.0
2017-06-12 00:00:00,7487.719,7540.77,7476.769,7527.769,30.995710372924805
2017-06-13 00:00:00,7540.552,7547.769,7489.96,7508.4,5.209740161895752
2017-06-14 00:00:00,7500.27,7545.77,7461.269,7487.47,22.239280700683594
2017-06-15 00:00:00,7471.959,7474.77,7376.769,7427.47,36.174346923828125
2017-06-16 00:00:00,7434.72,7497.969,7432.27,7492.82,39.02660369873047
2017-06-17 00:00:00,7492.82,7492.82,7492.82,7492.82,0.0
2017-06-18 00:00:00,7492.82,7492.82,7492.82,7492.82,0.0
2017-06-19 00:00:00,7505.82,7539.27,7491.419,7528.42,14.285449981689453
2017-06-20 00:00:00,7531.42,7560.27,7445.969,7471.319,12.339489936828613
2017-06-21 00:00:00,7457.47,7471.269,7413.469,7447.77,8.40742015838623
2017-06-22 00:00:00,7450.369,7459.27,7396.269,7426.77,16.12755012512207
2017-06-23 00:00:00,7426.662,7441.969,7394.769,7428.169,35.30841827392578
2017-06-24 00:00:00,7428.169,7428.169,7428.169,7428.169,0.0
2017-06-25 00:00:00,7428.169,7428.169,7428.169,7428.169,0.0
2017-06-26 00:00:00,7437.169,7481.27,7437.169,7454.67,16.580900192260742
2017-06-27 00:00:00,7447.72,7450.77,7403.32,7405.269,38.32378387451172
2017-06-28 00:00:00,7414.319,7446.231,7378.27,7407.27,36.517948150634766
2017-06-29 00:00:00,7424.72,7453.27,7304.969,7334.22,37.4587516784668
2017-06-30 00:00:00,7340.719,7377.77,7292.27,7319.469,36.73109817504883
2017-07-01 00:00:00,7319.469,7319.469,7319.469,7319.469,0.0
2017-07-02 00:00:00,7319.469,7319.469,7319.469,7319.469,0.0
2017-07-03 00:00:00,7331.22,7385.77,7313.769,7355.769,14.785900115966797
2017-07-04 00:00:00,7346.769,7381.77,7332.769,7349.469,5.437550067901611
2017-07-05 00:00:00,7357.319,7385.27,7344.77,7379.72,18.384849548339844
2017-07-06 00:00:00,7371.37,7371.37,7299.969,7319.47,11.926750183105469
2017-07-07 00:00:00,7320.219,7368.27,7311.269,7364.97,7.345200061798096
2017-07-08 00:00:00,7364.97,7364.97,7364.97,7364.97,0.0
2017-07-09 00:00:00,7364.97,7364.97,7364.97,7364.97,0.0
2017-07-10 00:00:00,7376.719,7387.769,7340.82,7366.219,5.120850086212158
2017-07-11 00:00:00,7375.77,7385.47,7301.319,7355.22,3.109950065612793
2017-07-12 00:00:00,7351.72,7439.27,7346.969,7416.469,3.0542120933532715
2017-07-13 00:00:00,7421.47,7428.969,7402.269,7419.819,2.1870999336242676
2017-07-14 00:00:00,7420.32,7422.77,7360.769,7388.27,2.2339999675750732
2017-07-15 00:00:00,7388.27,7388.27,7388.27,7388.27,0.0
2017-07-16 00:00:00,7388.27,7388.27,7388.27,7388.27,0.0
2017-07-17 00:00:00,7390.269,7426.969,7383.77,7394.27,2.088599920272827
2017-07-18 00:00:00,7386.97,7416.27,7352.769,7399.969,2.339200019836426
2017-07-19 00:00:00,7409.77,7440.97,7373.769,7433.47,2.118000030517578
2017-07-20 00:00:00,7438.769,7500.77,7430.769,7492.47,3.1136999130249023
2017-07-21 00:00:00,7488.469,7511.969,7428.269,7453.47,2.731300115585327
2017-07-22 00:00:00,7453.47,7453.47,7453.47,7453.47,0.0
2017-07-23 00:00:00,7453.47,7453.47,7453.47,7453.47,0.0
2017-07-24 00:00:00,7444.77,7446.269,7351.269,7394.469,2.7704999446868896
2017-07-25 00:00:00,7389.77,7450.27,7383.969,7436.769,2.6417999267578125
2017-07-26 00:00:00,7431.969,7482.97,7429.769,7440.97,3.035900115966797
2017-07-27 00:00:00,7441.169,7456.27,7396.77,7425.97,3.391200065612793
2017-07-28 00:00:00,7400.969,7414.47,7331.97,7367.97,2.9804000854492188
2017-07-29 00:00:00,7367.97,7367.97,7367.97,7367.97,0.0
2017-07-30 00:00:00,7367.97,7367.97,7367.97,7367.97,0.0
2017-07-31 00:00:00,7366.769,7419.77,7362.269,7377.169,2.3750998973846436
2017-08-01 00:00:00,7402.77,7435.969,7391.469,7422.969,2.1112000942230225
2017-08-02 00:00:00,7428.319,7436.47,7384.269,7419.969,2.3310000896453857
2017-08-03 00:00:00,7400.32,7481.97,7378.97,7462.47,2.555500030517578
2017-08-04 00:00:00,7468.269,7517.82,7456.47,7517.419,2.0940001010894775
2017-08-05 00:00:00,7517.419,7517.419,7517.419,7517.419,0.0
2017-08-06 00:00:00,7517.419,7517.419,7517.419,7517.419,0.0
2017-08-07 00:00:00,7523.969,7534.77,7512.469,7532.47,1.5714290142059326
2017-08-08 00:00:00,7516.769,7550.27,7502.969,7510.469,2.222599983215332
2017-08-09 00:00:00,7505.469,7513.47,7470.97,7512.47,3.0539000034332275
2017-08-10 00:00:00,7457.469,7458.469,7346.769,7347.969,3.614500045776367
2017-08-11 00:00:00,7347.469,7349.769,7287.419,7289.77,3.454200029373169
2017-08-12 00:00:00,7289.77,7289.77,7289.77,7289.77,0.0
2017-08-13 00:00:00,7289.77,7289.77,7289.77,7289.77,0.0
2017-08-14 00:00:00,7324.769,7373.27,7305.97,7352.469,2.523699998855591
2017-08-15 00:00:00,7362.97,7414.77,7349.77,7388.27,2.863300085067749
2017-08-16 00:00:00,7396.27,7445.27,7395.769,7424.27,4.628499984741211
2017-08-17 00:00:00,7416.769,7430.47,7335.92,7335.92,3.647599935531616
2017-08-18 00:00:00,7351.469,7355.77,7296.77,7309.77,3.651700019836426
2017-08-19 00:00:00,7309.77,7309.77,7309.77,7309.77,0.0
2017-08-20 00:00:00,7309.77,7309.77,7309.77,7309.77,0.0
2017-08-21 00:00:00,7295.269,7332.27,7291.269,7319.77,14.722200393676758
2017-08-22 00:00:00,7336.47,7389.27,7336.469,7385.77,6.028540134429932
2017-08-23 00:00:00,7370.469,7394.77,7352.27,7391.02,2.758549928665161
2017-08-24 00:00:00,7385.769,7435.469,7384.47,7396.97,2.52239990234375
2017-08-25 00:00:00,7415.469,7437.47,7392.47,7392.47,2.7042999267578125
2017-08-26 00:00:00,7392.47,7392.47,7392.47,7392.47,0.0
2017-08-27 00:00:00,7392.47,7392.47,7392.47,7392.47,0.0
2017-08-28 00:00:00,7392.47,7392.47,7392.47,7392.47,0.0
2017-08-29 00:00:00,7350.469,7361.269,7283.769,7358.469,3.107300043106079
2017-08-30 00:00:00,7363.52,7378.27,7345.269,7372.77,1.8306000232696533
2017-08-31 00:00:00,7381.47,7442.27,7376.019,7425.47,2.338099956512451
2017-09-01 00:00:00,7435.269,7459.27,7432.12,7446.469,1.9875999689102173
2017-09-02 00:00:00,7446.469,7446.469,7446.469,7446.469,0.0
2017-09-03 00:00:00,7446.469,7446.469,7446.469,7446.469,0.0
2017-09-04 00:00:00,7414.769,7433.47,7397.269,7423.269,1.580299973487854
2017-09-05 00:00:00,7415.969,7435.269,7330.27,7343.269,3.053100109100342
2017-09-06 00:00:00,7349.969,7376.77,7315.469,7363.22,3.2667999267578125
2017-09-07 00:00:00,7352.77,7409.969,7343.769,7392.57,3.4226999282836914
2017-09-08 00:00:00,7378.27,7385.769,7353.269,7355.669,2.462100028991699
2017-09-09 00:00:00,7355.669,7355.669,7355.669,7355.669,0.0
2017-09-10 00:00:00,7355.669,7355.669,7355.669,7355.669,0.0
2017-09-11 00:00:00,7408.27,7431.97,7382.77,7424.97,2.0975000858306885
2017-09-12 00:00:00,7424.269,7432.97,7382.769,7396.969,2.21560001373291
2017-09-13 00:00:00,7386.969,7399.77,7331.769,7386.77,2.6614999771118164
2017-09-14 00:00:00,7379.969,7395.269,7282.769,7304.269,2.7934470176696777
2017-09-15 00:00:00,7283.769,7286.269,7192.769,7212.97,2.677299976348877
2017-09-16 00:00:00,7212.97,7212.97,7212.97,7212.97,0.0
2017-09-17 00:00:00,7212.97,7212.97,7212.97,7212.97,0.0
2017-09-18 00:00:00,7243.269,7260.769,7225.969,7257.969,1.970900058746338
2017-09-19 00:00:00,7248.27,7283.769,7239.269,7274.47,2.456899881362915
2017-09-20 00:00:00,7275.269,7294.07,7245.77,7288.269,2.510999917984009
2017-09-21 00:00:00,7272.469,7287.269,7250.019,7251.47,2.009700059890747
2017-09-22 00:00:00,7233.769,7319.27,7233.769,7307.97,2.702699899673462
2017-09-23 00:00:00,7307.97,7307.97,7307.97,7307.97,0.0
2017-09-24 00:00:00,7307.97,7307.97,7307.97,7307.97,0.0
2017-09-25 00:00:00,7294.27,7308.77,7267.77,7295.97,2.4535000324249268
2017-09-26 00:00:00,7295.27,7309.469,7269.269,7280.969,2.386699914932251
2017-09-27 00:00:00,7291.769,7326.77,7283.469,7320.269,2.3887999057769775
2017-09-28 00:00:00,7320.769,7327.27,7286.269,7322.97,2.013400077819824
2017-09-29 00:00:00,7328.27,7381.269,7326.469,7374.969,2.044100046157837
2017-09-30 00:00:00,7374.969,7374.969,7374.969,7374.969,0.0
2017-10-01 00:00:00,7374.969,7374.969,7374.969,7374.969,0.0
2017-10-02 00:00:00,7383.969,7439.469,7373.969,7425.77,1.949902057647705
2017-10-03 00:00:00,7439.77,7468.769,7423.769,7464.269,1.570099949836731
2017-10-04 00:00:00,7453.77,7475.77,7452.769,7465.97,2.0583999156951904
2017-10-05 00:00:00,7466.77,7509.97,7462.469,7508.769,2.004699945449829
2017-10-06 00:00:00,7511.97,7525.969,7508.769,7524.47,2.2011001110076904
2017-10-07 00:00:00,7524.47,7524.47,7524.47,7524.47,0.0
2017-10-08 00:00:00,7524.47,7524.47,7524.47,7524.47,0.0
2017-10-09 00:00:00,7511.269,7521.27,7482.769,7488.269,1.697100043296814
2017-10-10 00:00:00,7501.769,7549.269,7497.769,7549.269,2.3959999084472656
2017-10-11 00:00:00,7548.969,7549.27,7517.469,7536.969,1.962499976158142
2017-10-12 00:00:00,7528.269,7563.269,7523.769,7531.769,2.2042999267578125
2017-10-13 00:00:00,7542.269,7553.77,7519.019,7541.27,2.3708999156951904
2017-10-14 00:00:00,7541.27,7541.27,7541.27,7541.27,0.0
2017-10-15 00:00:00,7541.27,7541.27,7541.27,7541.27,0.0
2017-10-16 00:00:00,7552.769,7555.92,7518.27,7539.97,1.8889000415802002
2017-10-17 00:00:00,7533.769,7550.77,7504.32,7535.769,1.919800043106079
2017-10-18 00:00:00,7536.469,7555.27,7523.269,7537.969,41.19729995727539
2017-10-19 00:00:00,7533.27,7534.27,7483.969,7527.469,73.875
2017-10-20 00:00:00,7542.27,7558.77,7515.27,7522.969,64.36000061035156
2017-10-21 00:00:00,7522.969,7522.969,7522.969,7522.969,0.0
2017-10-22 00:00:00,7522.969,7522.969,7522.969,7522.969,0.0
2017-10-23 00:00:00,7518.77,7541.77,7498.269,7504.47,54.650001525878906
2017-10-24 00:00:00,7513.47,7536.27,7507.769,7519.469,55.4900016784668
2017-10-25 00:00:00,7510.269,7527.27,7428.269,7458.77,80.55101013183594
2017-10-26 00:00:00,7458.769,7495.269,7443.77,7480.469,80.33899688720703
2017-10-27 00:00:00,7489.47,7519.97,7482.769,7497.469,106.6539077758789
2017-10-28 00:00:00,7497.469,7497.469,7497.469,7497.469,0.0
2017-10-29 00:00:00,7497.469,7497.469,7497.469,7497.469,0.0
2017-10-30 00:00:00,7489.27,7501.77,7473.469,7474.47,109.77999877929688
2017-10-31 00:00:00,7488.27,7516.27,7483.27,7493.77,95.5
2017-11-01 00:00:00,7520.27,7532.77,7465.77,7468.269,136.91000366210938
2017-11-02 00:00:00,7463.27,7569.47,7462.77,7561.769,159.77000427246094
2017-11-03 00:00:00,7571.269,7579.77,7541.269,7552.969,110.20999908447266
2017-11-04 00:00:00,7552.969,7552.969,7552.969,7552.969,0.0
2017-11-05 00:00:00,7552.969,7552.969,7552.969,7552.969,0.0
2017-11-06 00:00:00,7548.97,7572.77,7542.77,7561.27,90.87000274658203
2017-11-07 00:00:00,7585.47,7585.77,7494.27,7506.969,117.18000030517578
2017-11-08 00:00:00,7512.769,7537.27,7503.47,7525.47,106.94999694824219
2017-11-09 00:00:00,7511.97,7532.769,7457.269,7488.97,185.58749389648438
2017-11-10 00:00:00,7482.969,7501.27,7420.269,7440.27,151.6999969482422
2017-11-11 00:00:00,7440.27,7440.27,7440.27,7440.27,0.0
2017-11-12 00:00:00,7440.27,7440.27,7440.27,7440.27,0.0
2017-11-13 00:00:00,7461.47,7473.77,7401.269,7424.47,139.39999389648438
2017-11-14 00:00:00,7416.469,7437.269,7394.269,7410.469,152.6199951171875
2017-11-15 00:00:00,7392.47,7398.77,7355.769,7374.969,170.1300048828125
2017-11-16 00:00:00,7382.47,7398.969,7366.27,7386.969,147.61000061035156
2017-11-17 00:00:00,7368.77,7406.27,7354.269,7382.97,150.05999755859375
2017-11-18 00:00:00,7382.97,7382.97,7382.97,7382.97,0.0
2017-11-19 00:00:00,7382.97,7382.97,7382.97,7382.97,0.0
2017-11-20 00:00:00,7361.27,7399.27,7349.969,7388.469,137.97999572753906
2017-11-21 00:00:00,7393.47,7422.27,7365.27,7407.469,143.0
2017-11-22 00:00:00,7410.77,7461.27,7405.469,7415.469,152.38999938964844
2017-11-23 00:00:00,7401.769,7424.269,7371.769,7405.769,118.05999755859375
2017-11-24 00:00:00,7419.269,7424.269,7387.27,7412.469,137.99000549316406
2017-11-25 00:00:00,7412.469,7412.469,7412.469,7412.469,0.0
2017-11-26 00:00:00,7412.469,7412.469,7412.469,7412.469,0.0
2017-11-27 00:00:00,7404.27,7437.77,7380.97,7381.969,147.05999755859375
2017-11-28 00:00:00,7386.47,7472.269,7384.77,7436.97,175.36000061035156
2017-11-29 00:00:00,7437.77,7441.77,7352.269,7384.27,199.6999969482422
2017-11-30 00:00:00,7375.47,7418.269,7309.469,7319.269,206.32000732421875
2017-12-01 00:00:00,7321.47,7354.77,7277.969,7331.469,245.66000366210938
2017-12-02 00:00:00,7331.469,7331.469,7331.469,7331.469,0.0
2017-12-03 00:00:00,7331.469,7331.469,7331.469,7331.469,0.0
2017-12-04 00:00:00,7358.97,7368.77,7311.769,7311.769,211.75999450683594
2017-12-05 00:00:00,7343.47,7373.769,7306.469,7307.469,193.8900146484375
2017-12-06 00:00:00,7297.47,7370.27,7288.27,7335.769,150.52999877929688
2017-12-07 00:00:00,7353.269,7371.77,7302.269,7307.769,171.9175262451172
2017-12-08 00:00:00,7328.769,7413.77,7312.77,7404.769,155.4199981689453
2017-12-09 00:00:00,7404.769,7404.769,7404.769,7404.769,0.0
2017-12-10 00:00:00,7404.769,7404.769,7404.769,7404.769,0.0
2017-12-11 00:00:00,7418.969,7462.27,7411.47,7456.77,127.06999969482422
2017-12-12 00:00:00,7464.769,7503.469,7447.269,7485.969,150.0399932861328
2017-12-13 00:00:00,7498.769,7510.77,7476.269,7479.269,144.74000549316406
2017-12-14 00:00:00,7483.97,7494.27,7447.969,7450.77,151.97999572753906
2017-12-15 00:00:00,7450.769,7502.27,7433.769,7493.269,160.1300048828125
2017-12-16 00:00:00,7493.269,7493.269,7493.269,7493.269,0.0
2017-12-17 00:00:00,7493.269,7493.269,7493.269,7493.269,0.0
2017-12-18 00:00:00,7506.269,7546.269,7503.269,7537.769,144.0800018310547
2017-12-19 00:00:00,7541.469,7563.77,7525.269,7526.27,139.72999572753906
2017-12-20 00:00:00,7535.269,7550.27,7510.469,7528.27,137.08999633789062
2017-12-21 00:00:00,7525.269,7610.27,7516.77,7581.27,109.83999633789062
2017-12-22 00:00:00,7581.77,7615.77,7577.269,7593.97,68.55999755859375
2017-12-23 00:00:00,7593.97,7593.97,7593.97,7593.97,0.0
2017-12-24 00:00:00,7593.97,7593.97,7593.97,7593.97,0.0
2017-12-25 00:00:00,7593.97,7593.97,7593.97,7593.97,0.0
2017-12-26 00:00:00,7588.87,7600.57,7580.97,7598.969,13.899999618530273
2017-12-27 00:00:00,7600.27,7633.27,7592.469,7621.469,125.23999786376953
2017-12-28 00:00:00,7623.769,7635.97,7610.269,7623.769,96.48999786376953
2017-12-29 00:00:00,7626.27,7703.769,7617.269,7655.969,64.73999786376953
2017-12-30 00:00:00,7655.969,7655.969,7655.969,7655.969,0.0
2017-12-31 00:00:00,7655.969,7655.969,7655.969,7655.969,0.0
2018-01-01 00:00:00,7655.969,7655.969,7655.969,7655.969,0.0
2018-01-02 00:00:00,7684.269,7690.969,7621.269,7649.269,143.74000549316406
2018-01-03 00:00:00,7648.77,7691.47,7639.269,7689.97,135.5800018310547
2018-01-04 00:00:00,7691.969,7700.77,7668.27,7692.269,123.83000183105469
2018-01-05 00:00:00,7692.269,7727.27,7687.47,7713.469,121.25
2018-01-06 00:00:00,7713.469,7713.469,7713.469,7713.469,0.0
2018-01-07 00:00:00,7713.469,7713.469,7713.469,7713.469,0.0
2018-01-08 00:00:00,7725.77,7729.269,7688.769,7711.27,105.84750366210938
2018-01-09 00:00:00,7710.77,7733.77,7710.269,7730.47,127.7300033569336
2018-01-10 00:00:00,7723.77,7756.27,7715.269,7733.47,135.72999572753906
2018-01-11 00:00:00,7752.969,7772.269,7733.469,7770.269,152.5500030517578
2018-01-12 00:00:00,7769.469,7792.77,7750.769,7775.269,132.1153106689453
2018-01-13 00:00:00,7775.269,7775.269,7775.269,7775.269,0.0
2018-01-14 00:00:00,7775.269,7775.269,7775.269,7775.269,0.0
2018-01-15 00:00:00,7780.97,7782.97,7762.269,7769.47,101.63999938964844
2018-01-16 00:00:00,7779.97,7792.269,7713.769,7722.269,166.75999450683594
2018-01-17 00:00:00,7732.969,7749.27,7710.769,7726.769,138.25
2018-01-18 00:00:00,7726.27,7740.27,7683.27,7708.769,251.62652587890625
2018-01-19 00:00:00,7699.77,7738.25,7693.769,7738.0,155.20179748535156
2018-01-20 00:00:00,7738.0,7738.0,7738.0,7738.0,0.0
2018-01-21 00:00:00,7738.0,7738.0,7738.0,7738.0,0.0
2018-01-22 00:00:00,7721.57,7738.4,7701.83,7733.659,22.385801315307617
2018-01-23 00:00:00,7737.831,7746.945,7709.769,7737.84,17.292539596557617
2018-01-24 00:00:00,7725.739,7731.99,7620.739,7650.729,6.696879863739014
2018-01-25 00:00:00,7635.869,7661.829,7607.749,7636.509,7.276080131530762
2018-01-26 00:00:00,7626.56,7695.469,7622.069,7695.469,5.644430160522461
2018-01-27 00:00:00,7695.469,7695.469,7695.469,7695.469,0.0
2018-01-28 00:00:00,7695.469,7695.469,7695.469,7695.469,0.0
2018-01-29 00:00:00,7675.53,7689.259,7650.039,7657.029,5.6297101974487305
2018-01-30 00:00:00,7625.85,7661.319,7575.03,7579.049,7.291319847106934
2018-01-31 00:00:00,7585.339,7603.08,7519.879,7529.75,6.363850116729736
2018-02-01 00:00:00,7560.519,7560.519,7474.539,7495.04,7.418970108032227
2018-02-02 00:00:00,7492.559,7493.06,7393.99,7395.989,8.707610130310059
2018-02-03 00:00:00,7395.989,7395.989,7395.989,7395.989,0.0
2018-02-04 00:00:00,7395.989,7395.989,7395.989,7395.989,0.0
2018-02-05 00:00:00,7386.009,7391.51,7112.08,7124.819,10.633469581604004
2018-02-06 00:00:00,7116.1,7306.94,7071.119,7276.94,15.018269538879395
2018-02-07 00:00:00,7195.72,7311.4,7164.05,7241.04,11.578080177307129
2018-02-08 00:00:00,7229.879,7260.51,7092.899,7094.89,12.951370239257812
2018-02-09 00:00:00,7129.919,7168.309,6979.09,7128.13,15.877909660339355
2018-02-10 00:00:00,7128.13,7128.13,7128.13,7128.13,0.0
2018-02-11 00:00:00,7128.13,7128.13,7128.13,7128.13,0.0
2018-02-12 00:00:00,7160.5,7214.83,7137.009,7210.83,11.624771118164062
2018-02-13 00:00:00,7178.35,7206.46,7161.949,7199.71,9.450980186462402
2018-02-14 00:00:00,7210.01,7257.64,7144.649,7256.89,10.710659980773926
2018-02-15 00:00:00,7246.569,7268.059,7206.439,7251.849,8.425749778747559
2018-02-16 00:00:00,7258.35,7307.44,7258.099,7291.589,8.438520431518555
2018-02-17 00:00:00,7291.589,7291.589,7291.589,7291.589,0.0
2018-02-18 00:00:00,7291.589,7291.589,7291.589,7291.589,0.0
2018-02-19 00:00:00,7303.54,7310.54,7239.149,7251.4,4.808430194854736
2018-02-20 00:00:00,7254.9,7258.649,7201.559,7223.609,7.6723198890686035
2018-02-21 00:00:00,7235.88,7297.56,7219.66,7236.06,14.50846004486084
2018-02-22 00:00:00,7212.01,7264.05,7186.669,7224.549,9.312210083007812
2018-02-23 00:00:00,7255.789,7277.349,7220.109,7273.1,6.7074198722839355
2018-02-24 00:00:00,7273.1,7273.1,7273.1,7273.1,0.0
2018-02-25 00:00:00,7273.1,7273.1,7273.1,7273.1,0.0
2018-02-26 00:00:00,7282.349,7323.69,7259.11,7322.439,5.0389299392700195
2018-02-27 00:00:00,7315.679,7335.679,7240.049,7240.049,7.44271183013916
2018-02-28 00:00:00,7244.789,7293.519,7205.859,7208.359,9.08195972442627
2018-03-01 00:00:00,7200.399,7227.639,7096.89,7127.61,12.633480072021484
2018-03-02 00:00:00,7134.61,7163.259,7062.739,7131.9,11.730030059814453
2018-03-03 00:00:00,7131.9,7131.9,7131.9,7131.9,0.0
2018-03-04 00:00:00,7131.9,7131.9,7131.9,7131.9,0.0
2018-03-05 00:00:00,7086.05,7153.26,7061.249,7152.009,9.724140167236328
2018-03-06 00:00:00,7163.47,7198.38,7142.159,7165.15,8.642589569091797
2018-03-07 00:00:00,7104.07,7180.85,7101.839,7159.039,9.80093002319336
2018-03-08 00:00:00,7158.66,7214.019,7145.41,7208.02,7.5906901359558105
2018-03-09 00:00:00,7204.999,7240.67,7188.379,7237.919,6.803170204162598
2018-03-10 00:00:00,7237.919,7237.919,7237.919,7237.919,0.0
2018-03-11 00:00:00,7237.919,7237.919,7237.919,7237.919,0.0
2018-03-12 00:00:00,7250.149,7253.64,7186.92,7198.16,6.609379768371582
2018-03-13 00:00:00,7207.61,7224.179,7104.459,7119.95,8.607560157775879
2018-03-14 00:00:00,7124.329,7176.77,7115.259,7128.5,9.67726993560791
2018-03-15 00:00:00,7136.71,7162.819,7123.03,7140.999,6.774660110473633
2018-03-16 00:00:00,7135.419,7187.21,7129.18,7154.389,6.83814001083374
2018-03-17 00:00:00,7154.389,7154.389,7154.389,7154.389,0.0
2018-03-18 00:00:00,7154.389,7154.389,7154.389,7154.389,0.0
2018-03-19 00:00:00,7146.68,7150.679,7025.229,7067.96,8.389989852905273
2018-03-20 00:00:00,7078.639,7082.0,7042.969,7069.559,7.243720054626465
2018-03-21 00:00:00,7068.709,7070.71,6997.899,7024.14,7.111999988555908
2018-03-22 00:00:00,7012.27,7031.069,6887.78,6902.52,10.599720001220703
2018-03-23 00:00:00,6894.039,6952.65,6851.609,6872.6,11.44163990020752
2018-03-24 00:00:00,6872.6,6872.6,6872.6,6872.6,0.0
2018-03-25 00:00:00,6872.6,6872.6,6872.6,6872.6,0.0
2018-03-26 00:00:00,6921.4,6958.7,6866.079,6948.869,9.16172981262207
2018-03-27 00:00:00,6969.379,7043.03,6912.52,6935.759,10.17786979675293
2018-03-28 00:00:00,6943.27,7062.419,6922.97,7023.359,14.43677043914795
2018-03-29 00:00:00,7021.769,7109.62,7021.769,7074.239,8.5756196975708
2018-03-30 00:00:00,7074.239,7074.239,7074.239,7074.239,0.0
2018-03-31 00:00:00,7074.239,7074.239,7074.239,7074.239,0.0
2018-04-01 00:00:00,7074.239,7074.239,7074.239,7074.239,0.0
2018-04-02 00:00:00,7074.239,7074.239,7074.239,7074.239,0.0
2018-04-03 00:00:00,7004.77,7065.539,6990.269,7046.639,9.445929527282715
2018-04-04 00:00:00,7024.789,7106.909,6971.52,7106.159,10.949390411376953
2018-04-05 00:00:00,7111.599,7220.78,7109.549,7205.039,8.054789543151855
2018-04-06 00:00:00,7171.319,7214.27,7118.419,7141.419,10.157939910888672
2018-04-07 00:00:00,7141.419,7141.419,7141.419,7141.419,0.0
2018-04-08 00:00:00,7141.419,7141.419,7141.419,7141.419,0.0
2018-04-09 00:00:00,7197.49,7218.48,7144.53,7172.05,7.326809883117676
2018-04-10 00:00:00,7228.73,7271.149,7211.39,7253.17,9.03501033782959
2018-04-11 00:00:00,7241.37,7274.17,7232.709,7236.209,8.027310371398926
2018-04-12 00:00:00,7241.159,7271.08,7236.159,7258.069,7.271940231323242
2018-04-13 00:00:00,7252.4,7275.05,7240.0,7260.239,8.282719612121582
2018-04-14 00:00:00,7260.239,7260.239,7260.239,7260.239,0.0
2018-04-15 00:00:00,7312.85,7315.17,7282.88,7284.239,0.1258399933576584
2018-04-16 00:00:00,7283.64,7294.339,7188.209,7199.199,7.5872697830200195
2018-04-17 00:00:00,7199.529,7247.39,7188.88,7240.33,6.614329814910889
2018-04-18 00:00:00,7240.18,7330.49,7232.519,7327.12,6.393730163574219
2018-04-19 00:00:00,7322.269,7354.85,7294.45,7342.38,8.13479995727539
2018-04-20 00:00:00,7342.539,7373.85,7339.58,7364.139,32.4210205078125
2018-04-21 00:00:00,7364.139,7364.139,7364.139,7364.139,0.0
2018-04-22 00:00:00,7397.749,7397.749,7371.979,7380.77,0.08878999948501587
2018-04-23 00:00:00,7380.43,7421.869,7358.369,7416.4,6.681149959564209
2018-04-24 00:00:00,7414.889,7436.459,7349.98,7382.569,8.25039005279541
2018-04-25 00:00:00,7381.87,7407.06,7333.769,7389.989,9.041799545288086
2018-04-26 00:00:00,7389.28,7464.78,7355.809,7448.259,7.2191901206970215
2018-04-27 00:00:00,7449.43,7517.32,7421.75,7510.069,6.90900993347168
2018-04-28 00:00:00,7510.069,7510.069,7510.069,7510.069,0.0
2018-04-29 00:00:00,7524.2,7533.64,7509.469,7518.469,2.7927660942077637
2018-04-30 00:00:00,7519.769,7545.819,7480.789,7500.499,239.69728088378906
2018-05-01 00:00:00,7499.79,7551.069,7493.919,7543.569,195.59039306640625
2018-05-02 00:00:00,7540.88,7572.079,7503.349,7514.589,71.25421905517578
2018-05-03 00:00:00,7515.729,7559.359,7490.83,7539.469,164.96168518066406
2018-05-04 00:00:00,7546.929,7589.469,7517.77,7588.769,284.0267639160156
2018-05-05 00:00:00,7588.769,7588.769,7588.769,7588.769,0.0
2018-05-06 00:00:00,7591.469,7606.469,7586.47,7598.969,4.820000171661377
2018-05-07 00:00:00,7598.97,7630.27,7572.969,7593.269,100.62999725341797
2018-05-08 00:00:00,7598.01,7598.01,7542.269,7573.549,222.3421173095703
2018-05-09 00:00:00,7572.85,7707.309,7562.91,7680.469,166.6800537109375
2018-05-10 00:00:00,7680.469,7713.27,7629.33,7707.469,146.8401641845703
2018-05-11 00:00:00,7706.97,7729.27,7690.769,7712.269,233.58779907226562
2018-05-12 00:00:00,7712.269,7712.269,7712.269,7712.269,0.0
2018-05-13 00:00:00,7728.39,7728.39,7713.969,7720.629,3.3924200534820557
2018-05-14 00:00:00,7719.769,7728.769,7687.331,7707.27,139.49034118652344
2018-05-15 00:00:00,7707.97,7751.89,7684.369,7708.369,122.44624328613281
2018-05-16 00:00:00,7710.17,7759.639,7710.17,7752.769,75.15882873535156
2018-05-17 00:00:00,7752.769,7798.27,7713.19,7777.939,171.0410614013672
2018-05-18 00:00:00,7780.97,7790.999,7750.83,7773.47,56.08122634887695
2018-05-19 00:00:00,7773.47,7773.47,7773.47,7773.47,0.0
2018-05-20 00:00:00,7830.929,7845.22,7796.8,7800.769,1.2625739574432373
2018-05-21 00:00:00,7797.769,7872.739,7797.47,7859.269,38.33939743041992
2018-05-22 00:00:00,7856.97,7902.831,7843.27,7858.47,85.89713287353516
2018-05-23 00:00:00,7862.25,7872.62,7763.269,7788.27,125.79790496826172
2018-05-24 00:00:00,7792.95,7811.269,7709.36,7750.199,62.05532455444336
2018-05-25 00:00:00,7750.91,7768.109,7701.769,7705.769,102.6821060180664
2018-05-26 00:00:00,7705.769,7705.769,7705.769,7705.769,0.0
2018-05-27 00:00:00,7730.77,7735.969,7723.47,7733.47,3.369999885559082
2018-05-28 00:00:00,7733.469,7758.27,7683.27,7695.77,63.540000915527344
2018-05-29 00:00:00,7706.529,7709.18,7590.97,7620.831,172.28123474121094
2018-05-30 00:00:00,7620.935,7721.109,7609.47,7702.769,168.63856506347656
2018-05-31 00:00:00,7701.629,7728.269,7648.331,7694.88,124.41541290283203
2018-06-01 00:00:00,7694.88,7746.77,7682.25,7704.97,303.8747253417969
2018-06-02 00:00:00,7704.97,7704.97,7704.97,7704.97,0.0
2018-06-03 00:00:00,7704.929,7707.04,7690.769,7705.37,3.771372079849243
2018-06-04 00:00:00,7705.77,7772.27,7701.459,7721.769,268.7265930175781
2018-06-05 00:00:00,7730.47,7743.27,7667.36,7676.269,280.2666931152344
2018-06-06 00:00:00,7677.97,7742.769,7670.231,7722.47,277.1124572753906
2018-06-07 00:00:00,7722.47,7770.95,7664.469,7681.459,300.0360412597656
2018-06-08 00:00:00,7681.769,7716.27,7637.379,7694.469,176.57179260253906
2018-06-09 00:00:00,7694.469,7694.469,7694.469,7694.469,0.0
2018-06-10 00:00:00,7682.689,7689.47,7671.889,7689.469,4.247268199920654
2018-06-11 00:00:00,7689.469,7772.759,7681.77,7758.97,192.05613708496094
2018-06-12 00:00:00,7758.92,7768.83,7687.769,7695.269,40.23960494995117
2018-06-13 00:00:00,7696.769,7745.831,7676.83,7687.74,89.56913757324219
2018-06-14 00:00:00,7687.77,7793.89,7650.031,7769.31,227.97198486328125
2018-06-15 00:00:00,7769.659,7780.909,7628.089,7667.069,137.4090118408203
2018-06-16 00:00:00,7667.069,7667.069,7667.069,7667.069,0.0
2018-06-17 00:00:00,7660.959,7674.97,7657.76,7667.449,1.4871400594711304
2018-06-18 00:00:00,7667.449,7667.449,7600.33,7613.97,47.39918899536133
2018-06-19 00:00:00,7631.309,7638.44,7542.079,7638.44,34.90254211425781
2018-06-20 00:00:00,7637.479,7705.38,7616.559,7648.47,89.89010620117188
2018-06-21 00:00:00,7648.47,7682.27,7540.669,7550.27,164.85861206054688
2018-06-22 00:00:00,7550.949,7695.769,7548.999,7671.669,195.7294921875
2018-06-23 00:00:00,7671.669,7671.669,7671.669,7671.669,0.0
2018-06-24 00:00:00,7664.119,7670.169,7657.089,7664.67,0.4261159896850586
2018-06-25 00:00:00,7662.509,7671.79,7480.169,7498.769,342.5182800292969
2018-06-26 00:00:00,7498.769,7581.47,7494.47,7576.07,394.0843811035156
2018-06-27 00:00:00,7576.07,7638.94,7512.769,7588.17,325.66888427734375
2018-06-28 00:00:00,7585.68,7656.769,7572.859,7652.77,246.8054656982422
2018-06-29 00:00:00,7653.57,7706.97,7614.169,7625.57,352.9124755859375
2018-06-30 00:00:00,7625.57,7625.57,7625.57,7625.57,0.0
2018-07-01 00:00:00,7632.65,7633.379,7595.71,7626.37,0.9384880065917969
2018-07-02 00:00:00,7627.17,7632.119,7536.289,7571.77,147.1604766845703
2018-07-03 00:00:00,7572.569,7632.331,7544.33,7574.069,154.5487518310547
2018-07-04 00:00:00,7576.67,7587.76,7558.531,7571.57,80.69990539550781
2018-07-05 00:00:00,7571.769,7624.831,7560.64,7602.969,186.34231567382812
2018-07-06 00:00:00,7613.379,7648.97,7568.53,7622.07,175.4858856201172
2018-07-07 00:00:00,7622.07,7622.07,7622.07,7622.07,0.0
2018-07-08 00:00:00,7627.23,7635.96,7615.17,7620.17,3.164194107055664
2018-07-09 00:00:00,7625.76,7712.47,7621.689,7707.969,152.5718994140625
2018-07-10 00:00:00,7706.469,7715.27,7646.369,7663.669,166.4595184326172
2018-07-11 00:00:00,7666.27,7666.27,7566.71,7594.87,57.70269775390625
2018-07-12 00:00:00,7596.37,7683.31,7583.969,7677.77,437.22833251953125
2018-07-13 00:00:00,7678.87,7717.269,7656.78,7668.769,138.1383514404297
2018-07-14 00:00:00,7668.769,7668.769,7668.769,7668.769,0.0
2018-07-15 00:00:00,7680.06,7684.129,7674.39,7677.17,2.5679779052734375
2018-07-16 00:00:00,7683.72,7684.53,7563.269,7614.469,293.4071960449219
2018-07-17 00:00:00,7614.469,7681.359,7578.769,7662.57,421.2125549316406
2018-07-18 00:00:00,7662.869,7686.15,7648.02,7670.47,93.3653335571289
2018-07-19 00:00:00,7671.27,7702.87,7658.269,7679.87,111.48330688476562
2018-07-20 00:00:00,7684.59,7705.27,7630.53,7658.07,223.43653869628906
2018-07-21 00:00:00,7658.07,7658.07,7658.07,7658.07,0.0
2018-07-22 00:00:00,7670.789,7673.969,7661.169,7661.169,0.023187000304460526
2018-07-23 00:00:00,7658.47,7681.269,7619.269,7677.569,4.718594074249268
2018-07-24 00:00:00,7678.63,7740.269,7646.839,7699.769,15.976248741149902
2018-07-25 00:00:00,7702.27,7712.47,7640.269,7659.369,26.96196937561035
2018-07-26 00:00:00,7659.369,7685.47,7639.969,7676.27,33.32255935668945
2018-07-27 00:00:00,7679.15,7717.969,7664.969,7665.67,22.825239181518555
2018-07-28 00:00:00,7665.67,7665.67,7665.67,7665.67,0.0
2018-07-29 00:00:00,7663.75,7675.46,7659.71,7672.269,0.11970800161361694
2018-07-30 00:00:00,7672.269,7719.27,7650.729,7692.88,11.82835578918457
2018-07-31 00:00:00,7692.88,7783.27,7680.52,7748.78,18.29281234741211
2018-08-01 00:00:00,7749.459,7757.27,7632.03,7648.069,14.370918273925781
2018-08-02 00:00:00,7639.36,7652.44,7535.779,7627.97,18.470380783081055
2018-08-03 00:00:00,7629.969,7679.829,7589.769,7671.669,22.49254608154297
2018-08-04 00:00:00,7671.669,7671.669,7671.669,7671.669,0.0
2018-08-05 00:00:00,7681.07,7681.4,7670.97,7671.67,0.04424799978733063
2018-08-06 00:00:00,7672.479,7693.039,7635.23,7655.47,11.063057899475098
2018-08-07 00:00:00,7663.03,7752.469,7658.769,7715.27,14.470833778381348
2018-08-08 00:00:00,7715.27,7791.269,7706.53,7721.969,16.69264030456543
2018-08-09 00:00:00,7731.97,7772.469,7712.269,7743.43,11.442824363708496
2018-08-10 00:00:00,7745.439,7753.919,7654.27,7671.369,22.24523162841797
2018-08-11 00:00:00,7671.369,7671.369,7671.369,7671.369,0.0
2018-08-12 00:00:00,7662.73,7662.73,7641.469,7653.47,0.3833099901676178
2018-08-13 00:00:00,7653.47,7663.129,7612.77,7653.869,28.503629684448242
2018-08-14 00:00:00,7653.069,7673.27,7598.269,7641.469,17.709575653076172
2018-08-15 00:00:00,7641.469,7646.479,7474.77,7495.439,16.847320556640625
2018-08-16 00:00:00,7493.67,7572.77,7489.369,7543.72,15.30180835723877
2018-08-17 00:00:00,7543.699,7580.769,7512.769,7563.07,14.162989616394043
2018-08-18 00:00:00,7563.07,7563.07,7563.07,7563.07,0.0
2018-08-19 00:00:00,7564.5,7579.585,7561.57,7564.569,0.08627799898386002
2018-08-20 00:00:00,7566.169,7616.769,7546.469,7588.069,11.20005989074707
2018-08-21 00:00:00,7588.069,7602.399,7516.069,7524.87,14.429766654968262
2018-08-22 00:00:00,7524.44,7608.77,7516.269,7563.95,27.94400978088379
2018-08-23 00:00:00,7566.269,7602.06,7539.559,7541.74,19.08040428161621
2018-08-24 00:00:00,7541.41,7587.34,7534.499,7573.87,13.110719680786133
2018-08-25 00:00:00,7573.87,7573.87,7573.87,7573.87,0.0
2018-08-26 00:00:00,7573.87,7573.87,7573.87,7573.87,0.0
2018-08-27 00:00:00,7627.87,7638.469,7627.269,7627.27,0.05536999925971031
2018-08-28 00:00:00,7621.269,7637.83,7593.331,7618.669,9.82757568359375
2018-08-29 00:00:00,7619.47,7641.77,7543.32,7564.87,22.811092376708984
2018-08-30 00:00:00,7565.97,7566.97,7481.699,7485.59,13.54456615447998
2018-08-31 00:00:00,7481.87,7509.27,7417.77,7458.17,27.430301666259766
2018-09-01 00:00:00,7458.17,7458.17,7458.17,7458.17,0.0
2018-09-02 00:00:00,7458.389,7462.07,7453.27,7461.269,0.1643500030040741
2018-09-03 00:00:00,7460.57,7516.27,7425.969,7489.52,14.702699661254883
2018-09-04 00:00:00,7489.909,7533.89,7435.97,7451.639,15.310611724853516
2018-09-05 00:00:00,7451.0,7457.099,7355.769,7384.17,24.282867431640625
2018-09-06 00:00:00,7384.17,7397.77,7306.969,7328.569,32.83600997924805
2018-09-07 00:00:00,7327.77,7335.47,7226.47,7287.369,25.919349670410156
2018-09-08 00:00:00,7287.369,7287.369,7287.369,7287.369,0.0
2018-09-09 00:00:00,7286.999,7293.769,7284.459,7289.549,0.06739199906587601
2018-09-10 00:00:00,7288.919,7308.269,7254.77,7278.97,26.70736312866211
2018-09-11 00:00:00,7278.97,7291.809,7219.77,7280.169,28.4388427734375
2018-09-12 00:00:00,7280.169,7324.27,7249.269,7286.569,41.56806182861328
2018-09-13 00:00:00,7285.77,7318.27,7273.269,7287.969,38.40129852294922
2018-09-14 00:00:00,7287.969,7323.769,7280.77,7309.269,23.298999786376953
2018-09-15 00:00:00,7309.269,7309.269,7309.269,7309.269,0.0
2018-09-16 00:00:00,7300.79,7300.79,7289.069,7293.869,0.21132999658584595
2018-09-17 00:00:00,7303.571,7319.27,7226.569,7238.97,21.45149040222168
2018-09-18 00:00:00,7238.759,7320.77,7231.769,7308.94,18.97239112854004
2018-09-19 00:00:00,7307.689,7348.92,7278.549,7347.67,24.45382308959961
2018-09-20 00:00:00,7346.96,7387.339,7323.1,7383.099,17.865381240844727
2018-09-21 00:00:00,7381.88,7502.269,7375.009,7475.869,24.673980712890625
2018-09-22 00:00:00,7475.869,7475.869,7475.869,7475.869,0.0
2018-09-23 00:00:00,7454.77,7461.47,7451.77,7460.87,0.16463999450206757
2018-09-24 00:00:00,7460.269,7486.83,7447.969,7449.87,10.916888236999512
2018-09-25 00:00:00,7449.87,7516.77,7443.789,7484.57,11.962626457214355
2018-09-26 00:00:00,7484.289,7522.769,7475.269,7489.57,10.611074447631836
2018-09-27 00:00:00,7489.57,7558.27,7486.2,7544.24,14.711153984069824
2018-09-28 00:00:00,7543.92,7554.8,7473.469,7499.87,16.291812896728516
2018-09-29 00:00:00,7499.87,7499.87,7499.87,7499.87,0.0
2018-09-30 00:00:00,7515.169,7528.41,7507.27,7520.47,0.11234000325202942
2018-10-01 00:00:00,7519.87,7526.27,7460.77,7494.419,12.656514167785645
2018-10-02 00:00:00,7494.769,7496.3,7443.969,7481.149,18.030420303344727
2018-10-03 00:00:00,7481.18,7533.77,7475.32,7500.4,10.942358016967773
2018-10-04 00:00:00,7501.04,7511.299,7392.769,7425.87,40.12453842163086
2018-10-05 00:00:00,7425.87,7441.769,7295.269,7326.27,10.789470672607422
2018-10-06 00:00:00,7326.27,7326.27,7326.27,7326.27,0.0
2018-10-07 00:00:00,7337.709,7339.039,7314.199,7319.369,0.02339800074696541
2018-10-08 00:00:00,7316.39,7321.65,7221.699,7254.27,22.776830673217773
2018-10-09 00:00:00,7257.56,7257.56,7183.03,7236.519,45.439083099365234
2018-10-10 00:00:00,7236.209,7242.769,7031.639,7052.639,44.681976318359375
2018-10-11 00:00:00,7052.01,7085.269,6918.969,7012.969,91.96263885498047
2018-10-12 00:00:00,6982.469,7073.77,6952.769,7010.27,76.7738265991211
2018-10-13 00:00:00,7010.27,7010.27,7010.27,7010.27,0.0
2018-10-14 00:00:00,7011.01,7020.07,6986.869,7007.069,1.6076300144195557
2018-10-15 00:00:00,7007.769,7042.769,6959.769,7024.27,71.73529815673828
2018-10-16 00:00:00,7024.87,7095.57,6996.77,7084.369,45.46070098876953
2018-10-17 00:00:00,7084.369,7093.769,7018.2,7045.87,39.6505012512207
2018-10-18 00:00:00,7047.369,7078.77,6980.469,7011.77,44.91558837890625
2018-10-19 00:00:00,7011.77,7070.27,7006.859,7026.569,65.754638671875
2018-10-20 00:00:00,7026.569,7026.569,7026.569,7026.569,0.0
2018-10-21 00:00:00,7004.96,7019.469,6998.869,7010.069,1.3461699485778809
2018-10-22 00:00:00,7002.769,7114.27,7002.769,7027.87,50.825340270996094
2018-10-23 00:00:00,7027.87,7035.169,6927.969,7010.97,63.311309814453125
2018-10-24 00:00:00,7008.97,7049.77,6890.97,6913.77,81.79031372070312
2018-10-25 00:00:00,6904.499,7028.619,6886.2,6947.769,47.7898063659668
2018-10-26 00:00:00,6945.77,6980.069,6849.83,6970.069,30.67161750793457
2018-10-27 00:00:00,6970.069,6970.069,6970.069,6970.069,0.0
2018-10-28 00:00:00,6968.199,6998.3,6959.269,6975.07,0.03138900175690651
2018-10-29 00:00:00,6974.469,7085.77,6915.469,6976.939,28.06220054626465
2018-10-30 00:00:00,6976.939,7088.269,6966.929,7075.799,43.761474609375
2018-10-31 00:00:00,7075.799,7161.339,7062.05,7126.4,31.743423461914062
2018-11-01 00:00:00,7125.74,7165.27,7073.979,7121.24,25.001571655273438
2018-11-02 00:00:00,7121.569,7196.03,7071.31,7112.03,41.473270416259766
2018-11-03 00:00:00,7112.03,7112.03,7112.03,7112.03,0.0
2018-11-04 00:00:00,7107.33,7108.959,7083.82,7087.27,0.43272000551223755
2018-11-05 00:00:00,7087.27,7141.049,7077.291,7106.259,35.80459213256836
2018-11-06 00:00:00,7105.61,7123.349,7026.22,7050.99,40.11655044555664
2018-11-07 00:00:00,7050.349,7162.499,7031.07,7144.28,27.538976669311523
2018-11-08 00:00:00,7144.28,7171.849,7113.469,7127.239,17.202743530273438
2018-11-09 00:00:00,7127.239,7137.729,7069.47,7110.569,27.570480346679688
2018-11-10 00:00:00,7110.569,7110.569,7110.569,7110.569,0.0
2018-11-11 00:00:00,7109.51,7122.3,7103.639,7119.12,0.32427799701690674
2018-11-12 00:00:00,7118.8,7174.64,7042.499,7050.71,15.114911079406738
2018-11-13 00:00:00,7050.709,7102.67,7014.53,7060.629,16.657428741455078
2018-11-14 00:00:00,7060.629,7113.47,6977.531,6999.27,29.58183479309082
2018-11-15 00:00:00,6999.27,7102.67,6978.031,7074.069,10.845523834228516
2018-11-16 00:00:00,7073.47,7093.27,6967.531,7042.57,22.87806510925293
2018-11-17 00:00:00,7042.57,7042.57,7042.57,7042.57,0.0
2018-11-18 00:00:00,7012.48,7031.47,7004.79,7028.969,0.3072099983692169
2018-11-19 00:00:00,7028.969,7071.47,6969.969,6990.47,57.70051956176758
2018-11-20 00:00:00,6989.869,7009.97,6899.97,6912.06,35.838661193847656
2018-11-21 00:00:00,6912.709,7065.77,6911.4,7040.46,2.4192819595336914
2018-11-22 00:00:00,7040.46,7052.67,6941.269,6978.57,8.538114547729492
2018-11-23 00:00:00,6979.17,6987.77,6911.269,6943.47,12.173069953918457
2018-11-24 00:00:00,6943.47,6943.47,6943.47,6943.47,0.0
2018-11-25 00:00:00,6955.37,6967.57,6953.969,6961.769,0.21167999505996704
2018-11-26 00:00:00,6962.07,7052.109,6950.769,7025.439,10.890483856201172
2018-11-27 00:00:00,7029.07,7083.349,6982.589,7041.439,7.556884765625
2018-11-28 00:00:00,7041.109,7074.749,6986.33,7059.27,1.3255499601364136
2018-11-29 00:00:00,7059.6,7078.48,7015.331,7050.069,2.958404064178467
2018-11-30 00:00:00,7050.069,7053.27,6959.269,7024.47,18.72353172302246
2018-12-01 00:00:00,7024.47,7024.47,7024.47,7024.47,0.0
2018-12-02 00:00:00,7081.769,7099.87,7061.469,7067.97,0.44589999318122864
2018-12-03 00:00:00,7068.569,7145.77,7042.969,7074.37,13.375245094299316
2018-12-04 00:00:00,7074.969,7097.27,6922.97,6956.37,31.718996047973633
2018-12-05 00:00:00,6956.37,6976.47,6774.099,6850.17,28.697336196899414
2018-12-06 00:00:00,6850.17,6887.97,6669.469,6780.97,84.09732055664062
2018-12-07 00:00:00,6780.97,6867.97,6731.47,6757.369,56.47472381591797
2018-12-08 00:00:00,6757.369,6757.369,6757.369,6757.369,0.0
2018-12-09 00:00:00,6738.87,6739.969,6708.87,6719.469,1.1116269826889038
2018-12-10 00:00:00,6719.469,6817.27,6710.27,6762.77,23.479116439819336
2018-12-11 00:00:00,6763.219,6857.97,6740.831,6825.27,1.9832979440689087
2018-12-12 00:00:00,6825.27,6902.4,6813.969,6872.03,2.0722620487213135
2018-12-13 00:00:00,6871.38,6910.03,6835.699,6846.87,1.6352020502090454
2018-12-14 00:00:00,6846.87,6866.97,6787.77,6799.97,1.5655560493469238
2018-12-15 00:00:00,6799.97,6799.97,6799.97,6799.97,0.0
2018-12-16 00:00:00,6787.5,6814.68,6785.859,6812.72,0.0067349998280406
2018-12-17 00:00:00,6812.39,6853.66,6691.579,6751.569,2.1167709827423096
2018-12-18 00:00:00,6751.869,6763.47,6658.72,6687.269,1.0903559923171997
2018-12-19 00:00:00,6687.87,6791.52,6660.349,6692.73,1.9132499694824219
2018-12-20 00:00:00,6693.389,6764.47,6628.999,6698.51,12.03765869140625
2018-12-21 00:00:00,6698.17,6747.969,6608.369,6617.17,29.647811889648438
2018-12-22 00:00:00,6617.17,6617.17,6617.17,6617.17,0.0
2018-12-23 00:00:00,6603.2,6650.57,6599.07,6635.07,1.4107650518417358
2018-12-24 00:00:00,6634.669,6696.969,6619.27,6676.969,11.627081871032715
2018-12-25 00:00:00,6676.969,6676.969,6676.969,6676.969,0.0
2018-12-26 00:00:00,6754.269,6755.67,6728.37,6732.569,0.5429199934005737
2018-12-27 00:00:00,6733.869,6752.88,6535.47,6642.07,43.945709228515625
2018-12-28 00:00:00,6642.07,6752.27,6625.589,6725.969,37.429935455322266
2018-12-29 00:00:00,6725.969,6725.969,6725.969,6725.969,0.0
2018-12-30 00:00:00,6767.919,6770.77,6739.669,6745.169,0.7080709934234619
2018-12-31 00:00:00,6745.869,6759.17,6715.269,6720.03,12.14291000366211
2019-01-01 00:00:00,6734.37,6753.169,6734.069,6742.87,0.2807700037956238
2019-01-02 00:00:00,6743.57,6760.77,6598.199,6682.369,52.474998474121094
2019-01-03 00:00:00,6682.369,6754.27,6674.77,6691.87,58.71955871582031
2019-01-04 00:00:00,6691.87,6862.269,6667.969,6829.869,43.95827865600586
2019-01-05 00:00:00,6829.869,6829.869,6829.869,6829.869,0.0
2019-01-06 00:00:00,6843.27,6847.87,6830.369,6846.47,0.7912300229072571
2019-01-07 00:00:00,6846.47,6878.57,6776.161,6810.669,37.2529411315918
2019-01-08 00:00:00,6810.669,6902.27,6801.97,6895.669,31.780153274536133
2019-01-09 00:00:00,6894.969,6952.14,6882.57,6883.969,32.57267761230469
2019-01-10 00:00:00,6883.97,6970.269,6860.49,6948.069,25.87240982055664
2019-01-11 00:00:00,6948.069,7002.77,6899.769,6909.269,32.047122955322266
2019-01-12 00:00:00,6909.269,6909.269,6909.269,6909.269,0.0
2019-01-13 00:00:00,6896.379,6898.029,6880.869,6881.569,0.37786298990249634
2019-01-14 00:00:00,6881.569,6908.269,6841.151,6864.17,31.102821350097656
2019-01-15 00:00:00,6864.17,6941.769,6848.769,6887.269,39.40623474121094
2019-01-16 00:00:00,6887.269,6913.77,6842.27,6842.27,28.24090003967285
2019-01-17 00:00:00,6842.27,6860.269,6797.77,6845.969,27.170597076416016
2019-01-18 00:00:00,6845.269,7000.77,6843.269,6992.87,26.729978561401367
2019-01-19 00:00:00,6992.87,6992.87,6992.87,6992.87,0.0
2019-01-20 00:00:00,6994.839,6998.08,6981.57,6983.57,0.32559600472450256
2019-01-21 00:00:00,6984.269,6995.77,6954.269,6974.87,16.318740844726562
2019-01-22 00:00:00,6975.57,6983.17,6846.269,6857.27,34.325626373291016
2019-01-23 00:00:00,6856.569,6896.77,6809.91,6827.369,38.73342514038086
2019-01-24 00:00:00,6827.369,6855.27,6800.069,6817.469,33.25153732299805
2019-01-25 00:00:00,6817.469,6858.629,6786.869,6791.769,23.398277282714844
2019-01-26 00:00:00,6791.769,6791.769,6791.769,6791.769,0.0
2019-01-27 00:00:00,6792.86,6792.86,6779.27,6782.069,0.2897909879684448
2019-01-28 00:00:00,6782.069,6812.77,6731.579,6749.47,1.8173049688339233
2019-01-29 00:00:00,6749.47,6883.719,6734.369,6867.049,13.3030366897583
2019-01-30 00:00:00,6866.409,6967.34,6851.469,6958.369,12.583731651306152
2019-01-31 00:00:00,6958.369,6994.089,6935.59,6973.329,3.667457103729248
2019-02-01 00:00:00,6973.96,7032.1,6962.68,7019.37,76.95085144042969
2019-02-02 00:00:00,7019.37,7019.37,7019.37,7019.37,0.0
2019-02-03 00:00:00,7010.509,7017.91,7007.07,7014.699,0.02007099986076355
2019-02-04 00:00:00,7015.34,7065.709,7000.83,7057.409,11.663410186767578
2019-02-05 00:00:00,7056.77,7185.5,7048.369,7166.87,4.611917018890381
2019-02-06 00:00:00,7166.87,7183.849,7143.97,7156.769,7.590569019317627
2019-02-07 00:00:00,7157.369,7187.859,7089.269,7096.569,7.1607441902160645
2019-02-08 00:00:00,7096.569,7115.76,7063.269,7107.37,25.27376937866211
2019-02-09 00:00:00,7107.37,7107.37,7107.37,7107.37,0.0
2019-02-10 00:00:00,7110.87,7115.37,7105.069,7105.069,0.06712999939918518
2019-02-11 00:00:00,7105.77,7148.77,7084.97,7111.269,27.491823196411133
2019-02-12 00:00:00,7112.57,7168.9,7111.269,7154.849,15.571690559387207
2019-02-13 00:00:00,7154.52,7204.831,7143.769,7165.87,8.767044067382812
2019-02-14 00:00:00,7165.87,7232.8,7151.599,7200.81,15.680535316467285
2019-02-15 00:00:00,7201.46,7261.97,7178.27,7244.37,13.518256187438965
2019-02-16 00:00:00,7244.37,7244.37,7244.37,7244.37,0.0
2019-02-17 00:00:00,7253.409,7257.29,7241.77,7249.179,0.021598000079393387
2019-02-18 00:00:00,7248.529,7248.529,7207.269,7212.009,3.2367429733276367
2019-02-19 00:00:00,7212.33,7232.99,7160.83,7179.869,7.721016883850098
2019-02-20 00:00:00,7179.17,7243.839,7165.269,7211.57,6.232664108276367
2019-02-21 00:00:00,7211.57,7237.96,7140.811,7164.85,11.924260139465332
2019-02-22 00:00:00,7164.369,7220.77,7158.419,7177.069,11.85140323638916
2019-02-23 00:00:00,7177.069,7177.069,7177.069,7177.069,0.0
2019-02-24 00:00:00,7201.97,7202.67,7193.069,7197.87,0.04841399937868118
2019-02-25 00:00:00,7199.949,7212.829,7148.769,7154.729,9.191022872924805
2019-02-26 00:00:00,7154.27,7169.769,7089.769,7131.069,11.910788536071777
2019-02-27 00:00:00,7131.77,7152.47,7080.769,7094.87,8.31606388092041
2019-02-28 00:00:00,7094.87,7098.269,7039.269,7078.37,4.924990177154541
2019-03-01 00:00:00,7078.37,7130.57,7077.67,7129.169,7.494349956512451
2019-03-02 00:00:00,7129.169,7129.169,7129.169,7129.169,0.0
2019-03-03 00:00:00,7157.359,7159.139,7143.819,7147.74,0.09504999965429306
2019-03-04 00:00:00,7147.429,7166.459,7095.03,7114.65,8.724126815795898
2019-03-05 00:00:00,7115.92,7191.35,7107.649,7156.999,14.436694145202637
2019-03-06 00:00:00,7156.999,7212.269,7140.569,7144.85,11.729381561279297
2019-03-07 00:00:00,7144.769,7192.77,7125.769,7142.869,16.665180206298828
2019-03-08 00:00:00,7142.671,7145.369,7076.769,7142.37,18.418466567993164
2019-03-09 00:00:00,7142.37,7142.37,7142.37,7142.37,0.0
2019-03-10 00:00:00,7142.75,7152.51,7137.369,7138.139,0.018411999568343163
2019-03-11 00:00:00,7137.489,7182.27,7109.47,7149.57,10.132210731506348
2019-03-12 00:00:00,7149.57,7166.97,7079.969,7154.67,26.977373123168945
2019-03-13 00:00:00,7154.67,7183.97,7122.969,7145.869,12.721711158752441
2019-03-14 00:00:00,7145.869,7215.469,7130.969,7183.769,27.47003746032715
2019-03-15 00:00:00,7183.769,7243.949,7183.769,7231.469,13.225624084472656
2019-03-16 00:00:00,7231.469,7231.469,7231.469,7231.469,0.0
2019-03-17 00:00:00,7224.159,7227.949,7221.269,7226.059,0.015870999544858932
2019-03-18 00:00:00,7225.43,7304.17,7222.279,7295.869,4.7287468910217285
2019-03-19 00:00:00,7295.869,7350.27,7283.5,7291.77,14.476798057556152
2019-03-20 00:00:00,7291.77,7341.36,7273.27,7311.499,3.608819007873535
2019-03-21 00:00:00,7312.139,7370.12,7292.32,7354.63,1.5460669994354248
2019-03-22 00:00:00,7355.269,7361.61,7185.3,7188.539,4.851686000823975
2019-03-23 00:00:00,7188.539,7188.539,7188.539,7188.539,0.0
2019-03-24 00:00:00,7200.39,7204.18,7195.97,7199.13,0.004484999924898148
2019-03-25 00:00:00,7199.77,7207.559,7145.349,7180.479,2.898297071456909
2019-03-26 00:00:00,7179.849,7221.329,7169.189,7207.76,2.3552849292755127
2019-03-27 00:00:00,7208.389,7226.31,7159.199,7202.399,3.0359768867492676
2019-03-28 00:00:00,7201.77,7279.429,7178.699,7274.99,2.334172010421753
2019-03-29 00:00:00,7275.62,7292.15,7234.37,7290.169,2.496412992477417
2019-03-30 00:00:00,7290.169,7290.169,7290.169,7290.169,0.0
2019-03-31 00:00:00,7314.38,7319.47,7306.349,7309.59,0.011429999954998493
2019-04-01 00:00:00,7308.639,7351.639,7294.269,7333.23,1.7547669410705566
2019-04-02 00:00:00,7331.379,7403.78,7327.04,7373.269,1.4082139730453491
2019-04-03 00:00:00,7372.19,7426.54,7365.99,7398.259,1.50832998752594
2019-04-04 00:00:00,7398.579,7417.339,7366.47,7407.829,1.2764309644699097
2019-04-05 00:00:00,7407.19,7460.88,7397.8,7456.6,1.3428419828414917
2019-04-06 00:00:00,7456.6,7456.6,7456.6,7456.6,0.0
2019-04-07 00:00:00,7459.98,7459.98,7449.299,7455.999,0.006087000016123056
2019-04-08 00:00:00,7463.68,7463.68,7419.19,7452.07,1.0601069927215576
2019-04-09 00:00:00,7454.369,7477.29,7410.509,7418.1,1.2712839841842651
2019-04-10 00:00:00,7416.61,7441.34,7405.749,7420.739,1.124838948249817
2019-04-11 00:00:00,7418.63,7441.76,7382.279,7425.14,1.1954660415649414
2019-04-12 00:00:00,7428.399,7454.58,7414.0,7449.2,1.2482329607009888
2019-04-13 00:00:00,7449.2,7449.2,7449.2,7449.2,0.0
2019-04-14 00:00:00,7452.54,7452.54,7442.309,7446.859,0.004621999803930521
2019-04-15 00:00:00,7447.299,7449.34,7420.039,7439.199,0.8678420186042786
2019-04-16 00:00:00,7440.14,7486.0,7437.159,7456.92,0.9752330183982849
2019-04-17 00:00:00,7453.999,7478.92,7445.539,7470.359,1.241392970085144
2019-04-18 00:00:00,7467.76,7490.509,7436.209,7486.85,1.5041849613189697
2019-04-19 00:00:00,7486.85,7486.85,7486.85,7486.85,0.0
2019-04-20 00:00:00,7486.85,7486.85,7486.85,7486.85,0.0
2019-04-21 00:00:00,7490.869,7491.47,7487.069,7488.37,0.10486000031232834
2019-04-22 00:00:00,7489.87,7496.07,7463.569,7487.469,2.609255075454712
2019-04-23 00:00:00,7487.77,7528.27,7465.77,7518.97,16.490325927734375
2019-04-24 00:00:00,7518.97,7521.47,7456.769,7470.57,15.35024642944336
2019-04-25 00:00:00,7468.47,7480.97,7405.769,7440.57,15.25939655303955
2019-04-26 00:00:00,7440.969,7446.97,7398.469,7437.97,23.217239379882812
2019-04-27 00:00:00,7437.97,7437.97,7437.97,7437.97,0.0
2019-04-28 00:00:00,7438.569,7439.2,7433.569,7434.269,0.2058199942111969
2019-04-29 00:00:00,7438.469,7459.77,7403.769,7442.27,15.088391304016113
2019-04-30 00:00:00,7450.47,7456.269,7393.579,7442.799,2.4837450981140137
2019-05-01 00:00:00,7443.419,7458.86,7321.029,7336.12,0.7600359916687012
2019-05-02 00:00:00,7335.66,7394.039,7330.0,7340.59,1.573976993560791
2019-05-03 00:00:00,7343.22,7417.299,7337.91,7384.069,1.1808480024337769
2019-05-04 00:00:00,7384.069,7384.069,7384.069,7384.069,0.0
2019-05-05 00:00:00,7384.069,7384.069,7384.069,7384.069,0.0
2019-05-06 00:00:00,7297.069,7349.57,7268.769,7313.27,5.643199920654297
2019-05-07 00:00:00,7313.87,7373.439,7215.189,7233.269,6.465453147888184
2019-05-08 00:00:00,7233.47,7287.33,7220.831,7256.67,3.548275947570801
2019-05-09 00:00:00,7258.409,7266.63,7190.831,7246.469,2.386507987976074
2019-05-10 00:00:00,7247.069,7281.37,7188.03,7280.169,1.1796740293502808
2019-05-11 00:00:00,7280.169,7280.169,7280.169,7280.169,0.0
2019-05-12 00:00:00,7220.82,7248.97,7219.88,7227.38,0.05160599946975708
2019-05-13 00:00:00,7229.339,7229.339,7128.37,7136.87,1.3219200372695923
2019-05-14 00:00:00,7136.17,7259.77,7133.269,7255.77,0.5508829951286316
2019-05-15 00:00:00,7255.069,7311.75,7221.599,7271.169,14.599644660949707
2019-05-16 00:00:00,7273.469,7360.7,7245.089,7349.669,5.780367851257324
2019-05-17 00:00:00,7340.269,7354.331,7306.33,7338.67,6.775476932525635
2019-05-18 00:00:00,7338.67,7338.67,7338.67,7338.67,0.0
2019-05-19 00:00:00,7341.469,7360.269,7341.469,7347.87,0.09331600368022919
2019-05-20 00:00:00,7361.27,7370.52,7267.33,7317.27,14.280219078063965
2019-05-21 00:00:00,7317.869,7369.889,7306.969,7355.969,6.8164591789245605
2019-05-22 00:00:00,7355.519,7373.769,7306.469,7311.669,16.857873916625977
2019-05-23 00:00:00,7319.769,7319.969,7208.769,7233.169,21.877531051635742
2019-05-24 00:00:00,7233.87,7303.27,7224.59,7283.969,14.873976707458496
2019-05-25 00:00:00,7283.969,7283.969,7283.969,7283.969,0.0
2019-05-26 00:00:00,7283.969,7283.969,7283.969,7283.969,0.0
2019-05-27 00:00:00,7292.37,7304.77,7290.669,7304.469,0.20202000439167023
2019-05-28 00:00:00,7304.769,7314.77,7234.869,7241.269,31.11289405822754
2019-05-29 00:00:00,7243.469,7247.469,7149.269,7188.27,30.59320640563965
2019-05-30 00:00:00,7187.97,7236.47,7173.639,7182.77,24.173322677612305
2019-05-31 00:00:00,7187.769,7197.27,7130.0,7147.47,36.37601852416992
2019-06-01 00:00:00,7147.47,7147.47,7147.47,7147.47,0.0
2019-06-02 00:00:00,7122.77,7128.07,7107.47,7115.869,1.221688985824585
2019-06-03 00:00:00,7120.97,7192.689,7077.47,7173.269,29.892099380493164
2019-06-04 00:00:00,7168.97,7244.14,7136.769,7238.97,17.650266647338867
2019-06-05 00:00:00,7238.37,7259.769,7190.0,7209.869,20.563743591308594
2019-06-06 00:00:00,7209.569,7285.46,7209.569,7266.87,10.58094310760498
2019-06-07 00:00:00,7267.469,7347.56,7262.999,7341.07,4.862285137176514
2019-06-08 00:00:00,7341.07,7341.07,7341.07,7341.07,0.0
2019-06-09 00:00:00,7393.329,7393.329,7358.709,7360.769,0.3219980001449585
2019-06-10 00:00:00,7360.07,7383.27,7346.92,7363.97,10.524211883544922
2019-06-11 00:00:00,7364.47,7421.269,7358.469,7383.77,10.064270973205566
2019-06-12 00:00:00,7381.899,7392.28,7328.269,7363.469,21.858139038085938
2019-06-13 00:00:00,7360.469,7398.61,7336.77,7364.569,5.739253044128418
2019-06-14 00:00:00,7365.269,7382.77,7315.199,7366.569,16.00649070739746
2019-06-15 00:00:00,7366.569,7366.569,7366.569,7366.569,0.0
2019-06-16 00:00:00,7372.37,7373.01,7358.569,7366.969,0.2623269855976105
2019-06-17 00:00:00,7366.369,7373.07,7323.769,7361.769,25.55318260192871
2019-06-18 00:00:00,7362.469,7469.28,7343.769,7457.87,16.522796630859375
2019-06-19 00:00:00,7458.869,7458.869,7390.619,7424.47,9.831563949584961
2019-06-20 00:00:00,7426.97,7460.77,7412.269,7423.87,12.176794052124023
2019-06-21 00:00:00,7423.27,7457.769,7366.07,7367.97,16.8350830078125
2019-06-22 00:00:00,7367.97,7367.97,7367.97,7367.97,0.0
2019-06-23 00:00:00,7362.659,7386.249,7362.659,7379.069,0.19028900563716888
2019-06-24 00:00:00,7377.97,7437.27,7375.27,7405.57,18.049680709838867
2019-06-25 00:00:00,7407.97,7430.27,7370.799,7392.869,20.65847396850586
2019-06-26 00:00:00,7392.169,7436.77,7392.169,7406.089,15.603979110717773
2019-06-27 00:00:00,7404.77,7440.269,7373.531,7413.669,6.688043117523193
2019-06-28 00:00:00,7414.27,7457.27,7392.839,7456.269,10.801793098449707
2019-06-29 00:00:00,7456.269,7456.269,7456.269,7456.269,0.0
2019-06-30 00:00:00,7504.11,7504.11,7474.889,7481.97,0.23884299397468567
2019-07-01 00:00:00,7474.85,7530.77,7463.649,7495.17,9.757835388183594
2019-07-02 00:00:00,7499.349,7570.109,7498.39,7564.869,4.089292049407959
2019-07-03 00:00:00,7563.86,7622.04,7558.109,7611.469,3.184561014175415
2019-07-04 00:00:00,7610.77,7621.831,7597.27,7600.069,2.189716100692749
2019-07-05 00:00:00,7600.769,7606.769,7540.531,7556.369,3.6778199672698975
2019-07-06 00:00:00,7556.369,7556.369,7556.369,7556.369,0.0
2019-07-07 00:00:00,7563.299,7567.049,7552.269,7552.969,0.10889899730682373
2019-07-08 00:00:00,7557.47,7572.09,7531.37,7538.069,3.982978105545044
2019-07-09 00:00:00,7548.969,7553.27,7516.229,7538.17,6.063676834106445
2019-07-10 00:00:00,7538.87,7559.269,7514.27,7537.87,4.810031890869141
2019-07-11 00:00:00,7545.269,7559.49,7500.83,7531.97,7.425079822540283
2019-07-12 00:00:00,7532.569,7542.47,7490.269,7490.97,5.350144863128662
2019-07-13 00:00:00,7490.97,7490.97,7490.97,7490.97,0.0
2019-07-14 00:00:00,7496.41,7497.95,7482.57,7486.269,0.10387799888849258
2019-07-15 00:00:00,7488.77,7548.15,7483.149,7535.569,3.0072860717773438
2019-07-16 00:00:00,7535.57,7590.219,7525.77,7557.569,3.1711161136627197
2019-07-17 00:00:00,7553.27,7576.97,7510.799,7516.57,3.463210105895996
2019-07-18 00:00:00,7518.269,7521.54,7481.269,7495.369,4.907516002655029
2019-07-19 00:00:00,7493.3,7546.56,7473.469,7498.97,4.907003879547119
2019-07-20 00:00:00,7498.97,7498.97,7498.97,7498.97,0.0
2019-07-21 00:00:00,7496.569,7510.679,7495.27,7505.369,0.2759779989719391
2019-07-22 00:00:00,7510.35,7549.77,7488.77,7520.269,5.8096089363098145
2019-07-23 00:00:00,7520.869,7599.27,7515.769,7560.569,8.155609130859375
2019-07-24 00:00:00,7566.269,7567.97,7476.769,7513.87,10.797530174255371
2019-07-25 00:00:00,7513.27,7542.47,7460.769,7479.27,31.226350784301758
2019-07-26 00:00:00,7479.27,7563.619,7475.62,7546.37,9.463656425476074
2019-07-27 00:00:00,7546.37,7546.37,7546.37,7546.37,0.0
2019-07-28 00:00:00,7550.429,7555.64,7548.359,7549.069,0.030988000333309174
2019-07-29 00:00:00,7557.019,7711.679,7547.179,7693.469,5.3152570724487305
2019-07-30 00:00:00,7690.769,7729.45,7629.67,7649.269,6.265765190124512
2019-07-31 00:00:00,7646.77,7662.179,7524.47,7564.269,12.492902755737305
2019-08-01 00:00:00,7564.869,7610.33,7476.869,7494.87,20.123449325561523
2019-08-02 00:00:00,7495.27,7508.47,7381.119,7394.77,13.113595962524414
2019-08-03 00:00:00,7394.77,7394.77,7394.77,7394.77,0.0
2019-08-04 00:00:00,7381.629,7390.17,7374.469,7380.87,0.11068599671125412
2019-08-05 00:00:00,7365.77,7379.809,7049.74,7072.469,48.95635223388672
2019-08-06 00:00:00,7073.069,7242.97,7072.47,7187.27,31.163742065429688
2019-08-07 00:00:00,7187.87,7255.27,7153.389,7193.97,28.477941513061523
2019-08-08 00:00:00,7194.569,7295.969,7179.279,7284.77,22.799667358398438
2019-08-09 00:00:00,7285.369,7304.27,7235.77,7285.369,41.0750732421875
2019-08-10 00:00:00,7285.369,7285.369,7285.369,7285.369,0.0
2019-08-11 00:00:00,7293.589,7299.47,7265.969,7267.27,0.7260900139808655
2019-08-12 00:00:00,7269.069,7304.47,7200.47,7220.869,41.08306121826172
2019-08-13 00:00:00,7220.869,7290.369,7165.22,7285.969,44.70806884765625
2019-08-14 00:00:00,7286.569,7286.569,7064.769,7093.97,57.62413787841797
2019-08-15 00:00:00,7094.57,7144.81,7017.769,7087.369,65.8175277709961
2019-08-16 00:00:00,7086.77,7130.27,7072.769,7130.269,43.705684661865234
2019-08-17 00:00:00,7130.269,7130.269,7130.269,7130.269,0.0
2019-08-18 00:00:00,7155.269,7160.81,7147.67,7154.269,0.9174200296401978
2019-08-19 00:00:00,7153.569,7215.27,7130.969,7172.869,25.366479873657227
2019-08-20 00:00:00,7173.269,7231.27,7087.169,7103.27,31.78745460510254
2019-08-21 00:00:00,7103.87,7215.77,7093.77,7199.769,21.66914939880371
2019-08-22 00:00:00,7200.37,7203.27,7103.269,7133.769,33.59202575683594
2019-08-23 00:00:00,7132.469,7188.97,7024.87,7042.469,47.591529846191406
2019-08-24 00:00:00,7042.469,7042.469,7042.469,7042.469,0.0
2019-08-25 00:00:00,6991.569,7012.87,6983.27,7009.07,1.1416569948196411
2019-08-26 00:00:00,7009.769,7119.57,6999.069,7093.469,13.54570484161377
2019-08-27 00:00:00,7093.469,7111.27,7043.269,7078.57,36.53882598876953
2019-08-28 00:00:00,7078.57,7132.27,7047.77,7107.77,30.45600128173828
2019-08-29 00:00:00,7107.27,7199.77,7084.469,7182.269,29.11777114868164
2019-08-30 00:00:00,7182.869,7239.77,7178.969,7224.069,33.86017990112305
2019-08-31 00:00:00,7224.069,7224.069,7224.069,7224.069,0.0
2019-09-01 00:00:00,7172.109,7203.97,7169.64,7199.07,1.084375023841858
2019-09-02 00:00:00,7199.769,7315.77,7199.769,7281.169,25.962343215942383
2019-09-03 00:00:00,7281.769,7315.77,7237.269,7265.37,45.7642707824707
2019-09-04 00:00:00,7268.77,7333.77,7261.269,7289.27,26.318531036376953
2019-09-05 00:00:00,7296.269,7349.969,7241.73,7257.37,36.043113708496094
2019-09-06 00:00:00,7258.969,7295.77,7242.269,7292.369,23.20577049255371
2019-09-07 00:00:00,7292.369,7292.369,7292.369,7292.369,0.0
2019-09-08 00:00:00,7300.87,7301.37,7291.869,7293.27,0.4261699914932251
2019-09-09 00:00:00,7293.77,7325.77,7205.18,7243.769,22.62421989440918
2019-09-10 00:00:00,7243.769,7283.77,7198.87,7275.569,27.568439483642578
2019-09-11 00:00:00,7275.569,7389.47,7272.769,7381.169,24.47810173034668
2019-09-12 00:00:00,7377.769,7379.969,7301.64,7361.67,38.7067985534668
2019-09-13 00:00:00,7361.67,7379.769,7315.769,7331.27,25.97465705871582
2019-09-14 00:00:00,7331.27,7331.27,7331.27,7331.27,0.0
2019-09-15 00:00:00,7289.45,7324.47,7287.62,7309.169,0.9929450154304504
2019-09-16 00:00:00,7309.169,7366.769,7306.969,7327.57,35.376136779785156
2019-09-17 00:00:00,7332.769,7349.769,7291.16,7308.77,28.089828491210938
2019-09-18 00:00:00,7309.37,7350.969,7297.27,7305.069,20.627826690673828
2019-09-19 00:00:00,7308.769,7372.269,7286.269,7326.47,25.442760467529297
2019-09-20 00:00:00,7325.87,7376.769,7309.269,7316.969,30.501800537109375
2019-09-21 00:00:00,7316.969,7316.969,7316.969,7316.969,0.0
2019-09-22 00:00:00,7348.36,7353.87,7332.069,7339.87,0.6321499943733215
2019-09-23 00:00:00,7342.77,7376.18,7281.769,7357.86,9.854873657226562
2019-09-24 00:00:00,7358.149,7361.71,7245.039,7264.939,2.6839349269866943
2019-09-25 00:00:00,7265.419,7313.04,7212.009,7298.35,2.457736015319824
2019-09-26 00:00:00,7304.83,7387.22,7273.849,7370.43,2.2537410259246826
2019-09-27 00:00:00,7368.3,7441.04,7355.149,7400.049,2.5442099571228027
2019-09-28 00:00:00,7400.049,7400.049,7400.049,7400.049,0.0
2019-09-29 00:00:00,7432.54,7433.78,7399.509,7410.54,0.011265000328421593
2019-09-30 00:00:00,7411.059,7440.21,7401.38,7418.36,1.8880929946899414
2019-10-01 00:00:00,7413.86,7433.4,7306.079,7326.49,2.607131004333496
2019-10-02 00:00:00,7328.389,7333.41,7090.42,7109.429,3.0606329441070557
2019-10-03 00:00:00,7104.099,7122.57,7003.45,7108.24,3.5104329586029053
2019-10-04 00:00:00,7114.469,7171.699,7077.689,7169.7,3.0909171104431152
2019-10-05 00:00:00,7169.7,7169.7,7169.7,7169.7,0.0
2019-10-06 00:00:00,7134.15,7158.96,7132.029,7150.22,0.029493000358343124
2019-10-07 00:00:00,7161.109,7215.94,7132.019,7185.379,2.5181849002838135
2019-10-08 00:00:00,7187.46,7226.79,7131.509,7140.719,3.3928310871124268
2019-10-09 00:00:00,7139.85,7196.789,7108.419,7134.21,2.889493942260742
2019-10-10 00:00:00,7150.67,7213.339,7110.749,7159.039,3.6611969470977783
2019-10-11 00:00:00,7158.499,7251.22,7143.2,7224.789,3.8675830364227295
2019-10-12 00:00:00,7224.789,7224.789,7224.789,7224.789,0.0
2019-10-13 00:00:00,7231.789,7249.39,7224.769,7246.889,0.01565999910235405
2019-10-14 00:00:00,7242.49,7257.519,7193.099,7229.639,2.687082052230835
2019-10-15 00:00:00,7230.349,7244.56,7176.099,7197.92,3.2658140659332275
2019-10-16 00:00:00,7203.96,7217.63,7148.819,7158.06,3.355130910873413
2019-10-17 00:00:00,7161.409,7238.7,7156.789,7177.819,3.276323080062866
2019-10-18 00:00:00,7182.76,7197.659,7131.51,7138.78,2.780869960784912
2019-10-19 00:00:00,7138.78,7138.78,7138.78,7138.78,0.0
2019-10-20 00:00:00,7137.01,7157.399,7135.82,7154.959,0.014258000068366528
2019-10-21 00:00:00,7154.959,7197.66,7142.86,7162.259,2.179827928543091
2019-10-22 00:00:00,7166.79,7230.03,7145.489,7195.72,2.288667917251587
2019-10-23 00:00:00,7199.78,7266.399,7184.519,7259.61,2.14559006690979
2019-10-24 00:00:00,7256.849,7339.169,7248.309,7314.849,2.301753044128418
2019-10-25 00:00:00,7313.639,7335.87,7278.619,7325.169,1.8634799718856812
2019-10-26 00:00:00,7325.169,7325.169,7325.169,7325.169,0.0
2019-10-27 00:00:00,7330.38,7333.1,7329.479,7331.09,0.002219999907538295
2019-10-28 00:00:00,7333.089,7346.989,7290.42,7338.599,1.904160976409912
2019-10-29 00:00:00,7337.399,7342.219,7263.53,7308.52,1.9957419633865356
2019-10-30 00:00:00,7309.12,7341.93,7282.509,7331.149,2.0297141075134277
2019-10-31 00:00:00,7330.55,7337.5,7239.499,7258.63,2.610044002532959
2019-11-01 00:00:00,7259.22,7313.37,7258.629,7309.62,1.9376349449157715
2019-11-02 00:00:00,7309.62,7309.62,7309.62,7309.62,0.0
2019-11-03 00:00:00,7315.41,7320.849,7315.409,7317.27,0.006585000082850456
2019-11-04 00:00:00,7317.86,7393.87,7312.59,7383.0,1.7216589450836182
2019-11-05 00:00:00,7382.409,7405.859,7360.239,7373.459,1.9800360202789307
2019-11-06 00:00:00,7372.86,7399.47,7361.829,7382.15,1.7690839767456055
2019-11-07 00:00:00,7382.75,7432.559,7380.959,7403.67,2.14701509475708
2019-11-08 00:00:00,7404.269,7412.039,7347.9,7381.289,1.852905035018921
2019-11-09 00:00:00,7381.289,7381.289,7381.289,7381.289,0.0
2019-11-10 00:00:00,7377.959,7377.959,7372.399,7372.4,0.0029849999118596315
2019-11-11 00:00:00,7371.81,7373.589,7257.489,7332.81,1.6229230165481567
2019-11-12 00:00:00,7333.4,7390.21,7321.04,7349.329,2.0246260166168213
2019-11-13 00:00:00,7349.919,7363.83,7301.089,7336.109,1.8315249681472778
2019-11-14 00:00:00,7335.519,7352.669,7282.219,7303.979,1.9767400026321411
2019-11-15 00:00:00,7304.569,7336.74,7241.539,7312.21,1.7717700004577637
2019-11-16 00:00:00,7312.21,7312.21,7312.21,7312.21,0.0
2019-11-17 00:00:00,7303.229,7306.57,7300.56,7302.31,0.003060000017285347
2019-11-18 00:00:00,7302.019,7335.199,7292.46,7302.769,1.8268530368804932
2019-11-19 00:00:00,7303.359,7404.34,7294.869,7306.869,1.770779013633728
2019-11-20 00:00:00,7307.449,7321.589,7213.0,7237.559,1.7426509857177734
2019-11-21 00:00:00,7235.219,7252.95,7196.649,7242.489,1.9521520137786865
2019-11-22 00:00:00,7243.069,7343.03,7240.739,7338.82,1.4335520267486572
2019-11-23 00:00:00,7338.82,7338.82,7338.82,7338.82,0.0
2019-11-24 00:00:00,7349.12,7355.26,7347.06,7354.67,0.0059910002164542675
2019-11-25 00:00:00,7354.369,7401.49,7342.439,7397.65,1.1749520301818848
2019-11-26 00:00:00,7397.06,7427.41,7383.069,7403.319,1.3547999858856201
2019-11-27 00:00:00,7403.019,7446.319,7398.309,7403.94,1.1146700382232666
2019-11-28 00:00:00,7403.349,7418.449,7383.8,7413.49,0.8694080114364624
2019-11-29 00:00:00,7412.899,7421.92,7335.779,7341.529,1.6370749473571777
2019-11-30 00:00:00,7341.529,7341.529,7341.529,7341.529,0.0
2019-12-01 00:00:00,7350.82,7350.82,7339.949,7349.039,0.0064500002190470695
2019-12-02 00:00:00,7348.46,7400.789,7273.779,7287.88,2.591170072555542
2019-12-03 00:00:00,7287.289,7305.42,7133.519,7188.11,3.109898090362549
2019-12-04 00:00:00,7188.69,7201.009,7132.53,7185.819,2.7168760299682617
2019-12-05 00:00:00,7186.39,7201.029,7128.759,7135.179,2.4362030029296875
2019-12-06 00:00:00,7135.749,7244.65,7135.179,7228.149,2.0515530109405518
2019-12-07 00:00:00,7228.149,7228.149,7228.149,7228.149,0.0
2019-12-08 00:00:00,7231.529,7233.54,7229.52,7229.52,0.004813999868929386
2019-12-09 00:00:00,7228.95,7255.77,7207.97,7228.069,1.6737849712371826
2019-12-10 00:00:00,7227.49,7242.289,7136.77,7203.809,2.572129964828491
2019-12-11 00:00:00,7203.24,7252.099,7193.88,7223.629,2.2842938899993896
2019-12-12 00:00:00,7223.909,7354.209,7216.1,7349.109,3.372735023498535
2019-12-13 00:00:00,7348.54,7429.5,7247.439,7375.509,3.762434959411621
2019-12-14 00:00:00,7375.509,7375.509,7375.509,7375.509,0.0
2019-12-15 00:00:00,7387.55,7394.919,7385.52,7391.51,0.006285000126808882
2019-12-16 00:00:00,7390.929,7552.51,7372.929,7516.509,2.191854953765869
2019-12-17 00:00:00,7516.81,7542.13,7496.189,7515.67,2.299060106277466
2019-12-18 00:00:00,7516.259,7557.45,7496.169,7550.85,1.6130620241165161
2019-12-19 00:00:00,7550.26,7582.46,7524.67,7574.05,1.5302929878234863
2019-12-20 00:00:00,7573.47,7605.419,7556.069,7569.519,2.1423399448394775
2019-12-21 00:00:00,7569.519,7569.519,7569.519,7569.519,0.0
2019-12-22 00:00:00,7573.019,7578.23,7570.989,7577.07,0.003495000069960952
2019-12-23 00:00:00,7577.65,7631.5,7557.409,7620.349,1.5733200311660767
2019-12-24 00:00:00,7619.759,7635.57,7607.419,7634.319,0.5130100250244141
2019-12-25 00:00:00,7634.319,7634.319,7634.319,7634.319,0.0
2019-12-26 00:00:00,7651.469,7665.269,7646.67,7656.069,0.5517399907112122
2019-12-27 00:00:00,7655.469,7677.77,7622.101,7632.771,1.3850209712982178
2019-12-28 00:00:00,7632.771,7632.771,7632.771,7632.771,0.0
2019-12-29 00:00:00,7626.581,7634.84,7626.581,7633.193,0.002520000096410513
2019-12-30 00:00:00,7633.781,7641.413,7567.855,7574.686,1.8074840307235718
2019-12-31 00:00:00,7575.254,7577.1,7522.481,7538.411,4.086228847503662
2020-01-01 00:00:00,7555.487,7567.414,7554.478,7555.484,0.1783600002527237
2020-01-02 00:00:00,7555.987,7628.377,7546.681,7622.872,2.212459087371826
2020-01-03 00:00:00,7622.588,7632.97,7549.574,7596.446,2.7791199684143066
2020-01-04 00:00:00,7596.446,7596.446,7596.446,7596.446,0.0
2020-01-05 00:00:00,7561.307,7590.881,7561.307,7588.844,0.016544999554753304
2020-01-06 00:00:00,7589.415,7599.348,7526.048,7581.905,2.313107967376709
2020-01-07 00:00:00,7581.361,7620.052,7496.527,7514.337,2.365088939666748
2020-01-08 00:00:00,7514.904,7608.335,7466.717,7593.808,3.137589931488037
2020-01-09 00:00:00,7594.384,7628.113,7579.421,7622.535,2.018558979034424
2020-01-10 00:00:00,7623.117,7633.267,7562.941,7571.946,1.9084670543670654
2020-01-11 00:00:00,7571.946,7571.946,7571.946,7571.946,0.0
2020-01-12 00:00:00,7578.384,7581.849,7573.237,7573.237,0.003585000056773424
2020-01-13 00:00:00,7572.651,7636.107,7572.096,7630.362,1.818969964981079
2020-01-14 00:00:00,7630.057,7651.287,7587.748,7610.761,2.1239540576934814
2020-01-15 00:00:00,7611.359,7644.037,7608.373,7631.798,1.9276399612426758
2020-01-16 00:00:00,7632.374,7653.919,7594.558,7624.18,1.8384569883346558
2020-01-17 00:00:00,7623.598,7689.421,7618.443,7684.891,1.454450011253357
2020-01-18 00:00:00,7684.891,7684.891,7684.891,7684.891,0.0
2020-01-19 00:00:00,7673.377,7684.125,7673.377,7684.095,0.0034050000831484795
2020-01-20 00:00:00,7684.683,7689.295,7638.728,7646.131,1.0951590538024902
2020-01-21 00:00:00,7646.387,7654.32,7549.467,7589.774,2.2480061054229736
2020-01-22 00:00:00,7590.361,7637.896,7548.759,7550.878,2.3824849128723145
2020-01-23 00:00:00,7551.477,7572.748,7501.848,7556.93,2.6835949420928955
2020-01-24 00:00:00,7557.61,7642.07,7536.855,7553.369,2.7077150344848633
2020-01-25 00:00:00,7553.369,7553.369,7553.369,7553.369,0.0
2020-01-26 00:00:00,7486.095,7513.391,7476.977,7511.367,0.07386299967765808
2020-01-27 00:00:00,7511.921,7529.61,7391.088,7415.387,3.8604040145874023
2020-01-28 00:00:00,7414.827,7491.59,7402.097,7475.17,3.1725149154663086
2020-01-29 00:00:00,7474.5,7514.495,7461.024,7473.474,2.5926899909973145
2020-01-30 00:00:00,7474.011,7475.82,7356.261,7427.046,4.154719829559326
2020-01-31 00:00:00,7426.766,7440.72,7231.899,7259.609,4.279994964599609
2020-02-01 00:00:00,7259.609,7259.609,7259.609,7259.609,0.0
2020-02-02 00:00:00,7273.194,7279.68,7260.321,7270.669,0.025110000744462013
2020-02-03 00:00:00,7270.088,7360.747,7265.625,7318.08,3.6994099617004395
2020-02-04 00:00:00,7317.425,7441.827,7316.315,7415.678,2.9086039066314697
2020-02-05 00:00:00,7415.24,7512.31,7396.795,7493.735,3.6725499629974365
2020-02-06 00:00:00,7493.202,7536.49,7484.355,7519.594,2.655224084854126
2020-02-07 00:00:00,7520.169,7521.297,7439.928,7452.472,3.1004838943481445
2020-02-08 00:00:00,7452.472,7452.472,7452.472,7452.472,0.0
2020-02-09 00:00:00,7453.507,7455.182,7398.184,7415.868,0.025155000388622284
2020-02-10 00:00:00,7416.418,7467.173,7415.871,7463.879,2.474916934967041
2020-02-11 00:00:00,7464.441,7530.107,7459.448,7504.076,2.2936999797821045
2020-02-12 00:00:00,7503.513,7556.152,7490.58,7516.834,2.163520097732544
2020-02-13 00:00:00,7517.372,7527.661,7404.84,7442.214,2.997459888458252
2020-02-14 00:00:00,7442.779,7473.381,7388.305,7410.29,2.4121649265289307
2020-02-15 00:00:00,7410.29,7410.29,7410.29,7410.29,0.0
2020-02-16 00:00:00,7424.743,7424.743,7415.029,7420.307,0.007230000104755163
2020-02-17 00:00:00,7419.767,7450.999,7398.35,7408.528,1.2743370532989502
2020-02-18 00:00:00,7409.12,7422.855,7351.156,7415.216,2.837899923324585
2020-02-19 00:00:00,7415.756,7472.061,7401.037,7459.301,2.2473270893096924
2020-02-20 00:00:00,7459.853,7481.07,7417.715,7427.187,3.356192111968994
2020-02-21 00:00:00,7427.445,7450.35,7368.321,7405.071,3.7877650260925293
2020-02-22 00:00:00,7405.071,7405.071,7405.071,7405.071,0.0
2020-02-23 00:00:00,7339.49,7345.655,7300.168,7321.478,0.037620000541210175
2020-02-24 00:00:00,7322.271,7337.34,7104.989,7145.414,5.636622905731201
2020-02-25 00:00:00,7145.925,7202.154,6910.207,6977.661,6.6255998611450195
2020-02-26 00:00:00,6977.421,7048.332,6870.031,6906.628,8.206684112548828
2020-02-27 00:00:00,6906.37,6948.751,6610.327,6674.109,8.749464988708496
2020-02-28 00:00:00,6674.657,6686.437,6455.852,6641.404,11.003181457519531
2020-02-29 00:00:00,6641.404,6641.404,6641.404,6641.404,0.0
2020-03-01 00:00:00,6473.723,6522.781,6464.496,6499.835,0.07660499960184097
2020-03-02 00:00:00,6505.431,6774.432,6493.955,6738.358,9.552515029907227
2020-03-03 00:00:00,6739.715,6847.804,6595.498,6630.368,8.011921882629395
2020-03-04 00:00:00,6630.097,6890.407,6627.058,6821.479,6.4946088790893555
2020-03-05 00:00:00,6821.755,6843.666,6599.671,6630.865,6.779633045196533
2020-03-06 00:00:00,6631.423,6655.905,6403.113,6468.605,8.588504791259766
2020-03-07 00:00:00,6468.605,6468.605,6468.605,6468.605,0.0
2020-03-08 00:00:00,6113.575,6144.008,6075.981,6084.881,2.1373798847198486
2020-03-09 00:00:00,6084.314,6238.681,5815.881,5951.114,37.80775833129883
2020-03-10 00:00:00,5950.778,6230.393,5877.0,6023.496,44.73337173461914
2020-03-11 00:00:00,6024.011,6107.402,5772.878,5798.914,22.14288330078125
2020-03-12 00:00:00,5799.45,5824.624,5200.725,5261.033,14.325342178344727
2020-03-13 00:00:00,5260.763,5696.987,5207.375,5682.005,14.380840301513672
2020-03-14 00:00:00,5682.005,5682.005,5682.005,5682.005,0.0
2020-03-15 00:00:00,5682.005,5682.005,5682.005,5682.005,0.0
2020-03-16 00:00:00,5247.475,5253.755,4843.24,5119.617,6.689304828643799
2020-03-17 00:00:00,5119.363,5375.511,4982.999,5137.882,10.297494888305664
2020-03-18 00:00:00,5138.149,5233.412,4940.502,5167.68,8.951720237731934
2020-03-19 00:00:00,5167.842,5285.481,4832.035,5192.382,7.216760158538818
2020-03-20 00:00:00,5186.38,5420.499,5030.514,5038.85,10.4454345703125
2020-03-21 00:00:00,5038.85,5038.85,5038.85,5038.85,0.0
2020-03-22 00:00:00,4851.331,4908.552,4838.196,4871.442,0.059824999421834946
2020-03-23 00:00:00,4871.716,5199.099,4780.252,5073.868,12.134309768676758
2020-03-24 00:00:00,5072.745,5483.104,5045.278,5410.403,10.217405319213867
2020-03-25 00:00:00,5409.846,5750.884,5361.895,5610.478,44.541446685791016
2020-03-26 00:00:00,5609.411,5825.3,5465.411,5818.684,47.18650817871094
2020-03-27 00:00:00,5818.375,5825.29,5404.89,5461.675,39.94773864746094
2020-03-28 00:00:00,5461.675,5461.675,5461.675,5461.675,0.0
2020-03-29 00:00:00,5360.602,5404.502,5332.578,5384.287,5.183219909667969
2020-03-30 00:00:00,5407.0,5597.387,5357.411,5589.29,42.41244125366211
2020-03-31 00:00:00,5590.381,5706.887,5514.914,5533.896,45.46464920043945
2020-04-01 00:00:00,5541.39,5571.684,5354.696,5387.481,38.12788009643555
2020-04-02 00:00:00,5386.408,5561.19,5374.717,5466.017,43.41791915893555
2020-04-03 00:00:00,5468.193,5485.181,5350.899,5381.878,35.207969665527344
2020-04-04 00:00:00,5381.878,5381.878,5381.878,5381.878,0.0
2020-04-05 00:00:00,5437.796,5451.808,5416.078,5432.914,2.6847100257873535
2020-04-06 00:00:00,5437.396,5660.896,5434.89,5659.793,30.227619171142578
2020-04-07 00:00:00,5658.39,5782.408,5571.414,5630.1,48.29296875
2020-04-08 00:00:00,5629.187,5729.693,5570.884,5722.614,38.12004089355469
2020-04-09 00:00:00,5723.075,5890.899,5682.875,5864.887,41.901859283447266
2020-04-10 00:00:00,5864.887,5864.887,5864.887,5864.887,0.0
2020-04-11 00:00:00,5864.887,5864.887,5864.887,5864.887,0.0
2020-04-12 00:00:00,5912.481,5913.905,5778.2,5825.4,4.337480068206787
2020-04-13 00:00:00,5827.614,5900.711,5792.278,5845.817,31.0757999420166
2020-04-14 00:00:00,5846.411,5945.0,5775.405,5780.69,28.73484992980957
2020-04-15 00:00:00,5781.211,5790.3,5525.493,5531.617,36.69070816040039
2020-04-16 00:00:00,5550.178,5789.2,5535.911,5756.781,39.579261779785156
2020-04-17 00:00:00,5755.3,5836.211,5733.208,5819.878,35.42210006713867
2020-04-18 00:00:00,5819.878,5819.878,5819.878,5819.878,0.0
2020-04-19 00:00:00,5805.611,5809.399,5774.575,5789.981,2.1927499771118164
2020-04-20 00:00:00,5794.981,5847.496,5704.511,5739.114,32.841270446777344
2020-04-21 00:00:00,5739.381,5767.717,5625.605,5660.387,40.27848815917969
2020-04-22 00:00:00,5660.178,5787.084,5628.49,5756.311,29.262310028076172
2020-04-23 00:00:00,5756.487,5843.011,5721.808,5730.8,31.709369659423828
2020-04-24 00:00:00,5730.908,5811.017,5715.214,5795.511,24.573009490966797
2020-04-25 00:00:00,5795.511,5795.511,5795.511,5795.511,0.0
2020-04-26 00:00:00,5815.59,5817.099,5768.402,5780.705,1.57437002658844
2020-04-27 00:00:00,5779.675,5876.114,5774.711,5855.717,21.6825008392334
2020-04-28 00:00:00,5856.002,5977.1,5827.978,5945.79,27.06955909729004
2020-04-29 00:00:00,5945.493,6155.414,5928.714,6133.681,27.513444900512695
2020-04-30 00:00:00,6133.414,6207.5,5798.881,5849.108,35.32666015625
2020-05-01 00:00:00,5839.208,5854.0,5738.184,5748.417,8.898130416870117
2020-05-02 00:00:00,5748.417,5748.417,5748.417,5748.417,0.0
2020-05-03 00:00:00,5689.193,5712.599,5664.793,5682.414,1.9851700067520142
2020-05-04 00:00:00,5683.193,5815.699,5663.178,5803.402,20.55571937561035
2020-05-05 00:00:00,5801.908,5870.714,5789.89,5830.878,20.0132999420166
2020-05-06 00:00:00,5831.393,5898.878,5786.899,5801.599,19.114940643310547
2020-05-07 00:00:00,5802.105,5951.393,5802.105,5933.184,17.41404914855957
2020-05-08 00:00:00,5933.775,5983.593,5929.896,5974.084,11.194350242614746
2020-05-09 00:00:00,5974.084,5974.084,5974.084,5974.084,0.0
2020-05-10 00:00:00,5965.914,6006.402,5963.378,6005.405,0.9162399768829346
2020-05-11 00:00:00,6007.411,6007.411,5896.187,5945.896,16.984479904174805
2020-05-12 00:00:00,5946.493,6012.914,5872.411,5875.2,19.294389724731445
2020-05-13 00:00:00,5873.408,5953.69,5831.696,5862.99,24.271629333496094
2020-05-14 00:00:00,5863.184,5863.184,5658.69,5796.081,26.615209579467773
2020-05-15 00:00:00,5796.881,5849.175,5756.396,5827.696,24.516569137573242
2020-05-16 00:00:00,5827.696,5827.696,5827.696,5827.696,0.0
2020-05-17 00:00:00,5830.805,5861.19,5816.796,5850.996,1.347540020942688
2020-05-18 00:00:00,5851.478,6081.717,5851.478,6068.417,18.000499725341797
2020-05-19 00:00:00,6068.087,6118.378,5918.787,5946.284,24.033349990844727
2020-05-20 00:00:00,5946.596,6076.899,5942.911,6051.699,18.489269256591797
2020-05-21 00:00:00,6053.414,6095.417,6000.481,6031.611,18.932899475097656
2020-05-22 00:00:00,6032.184,6044.19,5889.687,6009.175,21.938180923461914
2020-05-23 00:00:00,6009.175,6009.175,6009.175,6009.175,0.0
2020-05-24 00:00:00,6011.805,6042.817,6005.684,6038.296,1.1358200311660767
2020-05-25 00:00:00,6038.781,6092.09,6011.799,6076.081,10.521280288696289
2020-05-26 00:00:00,6076.311,6162.717,6040.887,6056.714,21.81675910949707
2020-05-27 00:00:00,6057.184,6185.002,6045.678,6184.284,27.895700454711914
2020-05-28 00:00:00,6184.011,6239.896,6151.914,6164.005,28.80562973022461
2020-05-29 00:00:00,6164.508,6190.414,6044.393,6101.684,29.433319091796875
2020-05-30 00:00:00,6101.684,6101.684,6101.684,6101.684,0.0
2020-05-31 00:00:00,6048.814,6075.278,6037.984,6073.517,2.275559902191162
2020-06-01 00:00:00,6074.014,6201.202,6071.393,6168.511,23.659160614013672
2020-06-02 00:00:00,6169.002,6269.605,6156.705,6254.099,22.889860153198242
2020-06-03 00:00:00,6254.596,6408.817,6249.908,6394.087,23.493539810180664
2020-06-04 00:00:00,6394.593,6403.402,6311.0,6333.081,28.150989532470703
2020-06-05 00:00:00,6334.708,6500.3,6327.417,6456.199,25.988727569580078
2020-06-06 00:00:00,6456.199,6456.199,6456.199,6456.199,0.0
2020-06-07 00:00:00,6474.602,6499.911,6473.29,6494.878,1.0608500242233276
2020-06-08 00:00:00,6494.414,6514.202,6422.411,6495.105,24.02235984802246
2020-06-09 00:00:00,6494.814,6513.896,6313.184,6351.584,28.15049934387207
2020-06-10 00:00:00,6350.196,6388.678,6240.978,6254.5,32.29001998901367
2020-06-11 00:00:00,6254.917,6290.887,5963.884,6022.384,45.98944091796875
2020-06-12 00:00:00,6023.396,6185.705,5978.175,6130.681,47.59811019897461
2020-06-13 00:00:00,6130.681,6130.681,6130.681,6130.681,0.0
2020-06-14 00:00:00,6052.484,6071.114,6017.496,6041.905,3.4696900844573975
2020-06-15 00:00:00,6042.217,6185.414,5929.902,6182.087,43.95642852783203
2020-06-16 00:00:00,6181.914,6300.705,6161.5,6261.108,43.171451568603516
2020-06-17 00:00:00,6260.887,6308.914,6199.281,6200.996,30.204580307006836
2020-06-18 00:00:00,6201.796,6286.0,6144.09,6237.408,27.71734046936035
2020-06-19 00:00:00,6237.105,6320.89,6206.378,6230.8,27.936859130859375
2020-06-20 00:00:00,6230.8,6230.8,6230.8,6230.8,0.0
2020-06-21 00:00:00,6177.108,6203.414,6146.675,6188.0,2.7435100078582764
2020-06-22 00:00:00,6199.217,6311.205,6193.381,6296.8,25.49764060974121
2020-06-23 00:00:00,6296.214,6341.902,6188.699,6265.896,25.229610443115234
2020-06-24 00:00:00,6266.411,6305.8,6095.696,6103.19,31.58000946044922
2020-06-25 00:00:00,6108.687,6222.705,6025.708,6209.202,35.93611145019531
2020-06-26 00:00:00,6202.905,6262.714,6133.0,6138.381,28.236249923706055
2020-06-27 00:00:00,6138.381,6138.381,6138.381,6138.381,0.0
2020-06-28 00:00:00,6116.178,6147.017,6110.89,6138.693,2.1907899379730225
2020-06-29 00:00:00,6138.893,6261.3,6106.708,6251.287,27.640409469604492
2020-06-30 00:00:00,6250.99,6261.184,6145.208,6170.384,23.14661979675293
2020-07-01 00:00:00,6169.917,6203.208,6079.881,6169.381,23.187780380249023
2020-07-02 00:00:00,6168.917,6258.717,6151.408,6239.108,22.979040145874023
2020-07-03 00:00:00,6239.599,6262.914,6133.175,6172.3,13.601880073547363
2020-07-04 00:00:00,6172.3,6172.3,6172.3,6172.3,0.0
2020-07-05 00:00:00,6185.187,6202.102,6183.475,6199.208,0.8893499970436096
2020-07-06 00:00:00,6184.881,6305.5,6184.881,6295.99,22.18769073486328
2020-07-07 00:00:00,6295.481,6318.693,6148.875,6160.493,19.323640823364258
2020-07-08 00:00:00,6159.978,6209.714,6121.681,6191.511,20.684370040893555
2020-07-09 00:00:00,6191.178,6207.217,6027.705,6075.517,24.418659210205078
2020-07-10 00:00:00,6075.711,6133.705,5992.893,6129.699,22.60173988342285
2020-07-11 00:00:00,6129.699,6129.699,6129.699,6129.699,0.0
2020-07-12 00:00:00,6156.904,6158.669,6137.419,6137.788,0.04399999976158142
2020-07-13 00:00:00,6140.11,6193.269,6084.253,6112.843,7.329195022583008
2020-07-14 00:00:00,6115.114,6244.181,6087.417,6233.976,10.63659954071045
2020-07-15 00:00:00,6232.046,6323.759,6206.657,6293.322,8.524225234985352
2020-07-16 00:00:00,6300.433,6300.649,6225.432,6264.19,7.127319812774658
2020-07-17 00:00:00,6266.002,6300.504,6228.359,6296.526,5.498219966888428
2020-07-18 00:00:00,6296.526,6296.526,6296.526,6296.526,0.0
2020-07-19 00:00:00,6292.63,6307.725,6288.755,6303.74,0.033275000751018524
2020-07-20 00:00:00,6303.034,6306.989,6219.91,6262.253,7.268270015716553
2020-07-21 00:00:00,6261.9,6316.041,6236.063,6255.946,6.926515102386475
2020-07-22 00:00:00,6255.015,6274.53,6195.031,6200.377,6.937075138092041
2020-07-23 00:00:00,6197.817,6274.127,6150.037,6174.149,7.4537739753723145
2020-07-24 00:00:00,6172.809,6182.259,6097.008,6112.186,6.5710368156433105
2020-07-25 00:00:00,6112.186,6112.186,6112.186,6112.186,0.0
2020-07-26 00:00:00,6109.577,6112.509,6082.176,6107.71,0.09332499653100967
2020-07-27 00:00:00,6109.992,6142.736,6084.514,6133.605,4.068836212158203
2020-07-28 00:00:00,6139.871,6162.879,6080.678,6115.146,4.358214855194092
2020-07-29 00:00:00,6109.303,6160.863,6101.337,6146.503,3.56599497795105
2020-07-30 00:00:00,6148.154,6158.436,5923.44,6048.794,8.130163192749023
2020-07-31 00:00:00,6044.25,6053.199,5851.057,5903.747,8.77006721496582
2020-08-01 00:00:00,5903.747,5903.747,5903.747,5903.747,0.0
2020-08-02 00:00:00,5909.097,5910.309,5889.986,5909.169,0.0596500001847744
2020-08-03 00:00:00,5895.456,6038.929,5854.881,6017.972,6.338689804077148
2020-08-04 00:00:00,6016.36,6062.676,5984.666,6040.46,6.7311201095581055
2020-08-05 00:00:00,6042.153,6111.557,6023.18,6071.466,5.549015045166016
2020-08-06 00:00:00,6070.514,6096.769,5978.663,6041.697,6.822490215301514
2020-08-07 00:00:00,6044.796,6055.876,5993.803,6053.382,6.294674873352051
2020-08-08 00:00:00,6053.382,6053.382,6053.382,6053.382,0.0
2020-08-09 00:00:00,6047.306,6054.02,6032.142,6048.189,0.08008000254631042
2020-08-10 00:00:00,6047.04,6101.037,6025.69,6072.022,6.441510200500488
2020-08-11 00:00:00,6078.058,6205.776,6070.853,6140.412,7.316568851470947
2020-08-12 00:00:00,6147.537,6297.127,6127.234,6245.903,4.493724822998047
2020-08-13 00:00:00,6246.45,6248.758,6159.53,6192.514,4.273183822631836
2020-08-14 00:00:00,6179.117,6201.6,6034.216,6072.2,5.679530143737793
2020-08-15 00:00:00,6072.2,6072.2,6072.2,6072.2,0.0
2020-08-16 00:00:00,6082.354,6090.021,6081.004,6089.1,0.01575000025331974
2020-08-17 00:00:00,6084.638,6139.913,6058.33,6127.054,4.900235176086426
2020-08-18 00:00:00,6117.35,6162.979,6058.514,6071.4,5.244480133056641
2020-08-19 00:00:00,6070.917,6118.883,6043.742,6059.733,4.901549816131592
2020-08-20 00:00:00,6058.526,6077.306,6006.317,6025.794,5.42062520980835
2020-08-21 00:00:00,6023.4,6045.533,5947.576,6015.372,6.962510108947754
2020-08-22 00:00:00,6015.372,6015.372,6015.372,6015.372,0.0
2020-08-23 00:00:00,6023.043,6024.373,6014.125,6016.127,0.020275000482797623
2020-08-24 00:00:00,6016.816,6126.173,6003.577,6120.75,4.936639785766602
2020-08-25 00:00:00,6131.479,6174.626,6014.1,6055.494,5.244184970855713
2020-08-26 00:00:00,6043.06,6061.429,5990.357,6052.237,4.919634819030762
2020-08-27 00:00:00,6053.71,6063.211,5986.606,6017.714,6.085050106048584
2020-08-28 00:00:00,6006.538,6043.104,5952.654,5979.9,6.31565523147583
2020-08-29 00:00:00,5979.9,5979.9,5979.9,5979.9,0.0
2020-08-30 00:00:00,5979.9,5979.9,5979.9,5979.9,0.0
2020-08-31 00:00:00,5979.9,5979.9,5979.9,5979.9,0.0
2020-09-01 00:00:00,5916.271,5972.604,5822.83,5883.611,7.937719821929932
2020-09-02 00:00:00,5890.117,5975.979,5880.09,5967.138,7.573735237121582
2020-09-03 00:00:00,5964.866,5998.163,5765.88,5774.82,11.192680358886719
2020-09-04 00:00:00,5796.204,5904.262,5776.635,5835.013,13.885037422180176
2020-09-05 00:00:00,5835.013,5835.013,5835.013,5835.013,0.0
2020-09-06 00:00:00,5809.351,5836.033,5779.689,5823.089,0.37806999683380127
2020-09-07 00:00:00,5812.199,5954.439,5807.442,5947.827,7.314189910888672
2020-09-08 00:00:00,5941.083,5986.376,5846.455,5889.102,12.981659889221191
2020-09-09 00:00:00,5873.98,6035.906,5870.444,6025.044,10.241934776306152
2020-09-10 00:00:00,6020.043,6028.91,5947.881,5974.599,10.756195068359375
2020-09-11 00:00:00,5962.07,6058.009,5962.054,6014.214,11.150625228881836
2020-09-12 00:00:00,6014.214,6014.214,6014.214,6014.214,0.0
2020-09-13 00:00:00,6038.561,6055.189,6036.323,6054.861,0.049949999898672104
2020-09-14 00:00:00,6056.023,6080.959,6010.369,6023.524,6.314014911651611
2020-09-15 00:00:00,6030.393,6125.804,6010.538,6080.594,5.717199802398682
2020-09-16 00:00:00,6082.749,6119.609,6056.416,6075.623,3.2461190223693848
2020-09-17 00:00:00,6077.192,6081.336,5996.863,6044.119,4.8075737953186035
2020-09-18 00:00:00,6042.068,6068.872,5976.756,6009.884,5.3834309577941895
2020-09-19 00:00:00,6009.884,6009.884,6009.884,6009.884,0.0
2020-09-20 00:00:00,5978.28,6000.307,5958.447,5993.104,0.05901399999856949
2020-09-21 00:00:00,5995.369,6007.774,5778.265,5846.296,6.858091831207275
2020-09-22 00:00:00,5837.229,5891.163,5793.264,5881.814,5.83195686340332
2020-09-23 00:00:00,5880.203,5974.821,5823.179,5840.295,5.7782158851623535
2020-09-24 00:00:00,5838.24,5894.714,5803.89,5854.973,7.350887775421143
2020-09-25 00:00:00,5861.77,5879.512,5769.84,5873.917,6.0811967849731445
2020-09-26 00:00:00,5873.917,5873.917,5873.917,5873.917,0.0
2020-09-27 00:00:00,5882.717,5890.681,5878.804,5885.366,0.04138299822807312
2020-09-28 00:00:00,5883.252,5959.579,5872.09,5957.941,4.9601640701293945
2020-09-29 00:00:00,5956.079,5960.156,5861.383,5911.397,4.63690710067749
2020-09-30 00:00:00,5897.537,5932.795,5837.56,5869.726,6.708876132965088
2020-10-01 00:00:00,5872.051,5926.165,5848.379,5868.163,6.0290069580078125
2020-10-02 00:00:00,5873.406,5915.446,5792.862,5896.275,6.894021987915039
2020-10-03 00:00:00,5896.275,5896.275,5896.275,5896.275,0.0
2020-10-04 00:00:00,5916.95,5938.468,5911.368,5934.26,0.05010300129652023
2020-10-05 00:00:00,5932.16,5975.754,5916.045,5949.18,3.8027150630950928
2020-10-06 00:00:00,5940.101,5971.66,5886.776,5909.053,5.026025772094727
2020-10-07 00:00:00,5907.112,5976.373,5906.766,5960.372,3.924712896347046
2020-10-08 00:00:00,5952.715,6022.799,5928.299,6016.146,4.093234062194824
2020-10-09 00:00:00,6007.2,6041.121,5989.57,6001.341,3.2370901107788086
2020-10-10 00:00:00,6001.341,6001.341,6001.341,6001.341,0.0
2020-10-11 00:00:00,6005.97,6012.963,5998.13,6003.508,0.034807998687028885
2020-10-12 00:00:00,6004.454,6037.485,5990.397,6023.1,3.0765841007232666
2020-10-13 00:00:00,6021.974,6027.994,5949.704,5981.733,3.9674360752105713
2020-10-14 00:00:00,5981.146,6009.91,5895.054,5908.957,3.7961130142211914
2020-10-15 00:00:00,5927.74,5931.652,5784.442,5874.694,4.8741888999938965
2020-10-16 00:00:00,5864.303,5933.859,5856.638,5894.381,4.751059055328369
2020-10-17 00:00:00,5894.381,5894.381,5894.381,5894.381,0.0
2020-10-18 00:00:00,5910.923,5921.214,5909.668,5917.524,0.07124499976634979
2020-10-19 00:00:00,5927.133,5961.392,5845.328,5875.623,4.051219940185547
2020-10-20 00:00:00,5875.504,5916.626,5853.811,5895.969,4.492210865020752
2020-10-21 00:00:00,5893.325,5916.433,5722.529,5747.207,5.330550193786621
2020-10-22 00:00:00,5744.977,5815.376,5714.893,5801.856,7.529449939727783
2020-10-23 00:00:00,5799.159,5884.998,5781.133,5860.604,6.082320213317871
2020-10-24 00:00:00,5860.604,5860.604,5860.604,5860.604,0.0
2020-10-25 00:00:00,5846.484,5855.12,5823.912,5852.679,0.05977499857544899
2020-10-26 00:00:00,5852.166,5868.333,5755.494,5787.533,7.2072601318359375
2020-10-27 00:00:00,5787.728,5815.303,5694.183,5702.724,7.578628063201904
2020-10-28 00:00:00,5703.166,5715.72,5524.507,5559.305,10.46811580657959
2020-10-29 00:00:00,5558.677,5631.598,5532.687,5591.688,10.90538215637207
2020-10-30 00:00:00,5591.902,5608.583,5486.43,5592.563,10.532520294189453
2020-10-31 00:00:00,5592.563,5592.563,5592.563,5592.563,0.0
2020-11-01 00:00:00,5537.67,5538.328,5504.616,5521.793,0.07225999981164932
2020-11-02 00:00:00,5521.354,5678.896,5508.768,5673.093,7.630099773406982
2020-11-03 00:00:00,5673.304,5839.721,5664.581,5818.865,7.197659969329834
2020-11-04 00:00:00,5818.453,5902.184,5655.487,5845.277,12.239179611206055
2020-11-05 00:00:00,5845.674,5932.506,5839.956,5884.292,8.640159606933594
2020-11-06 00:00:00,5884.079,5950.837,5856.957,5907.736,7.882205009460449
2020-11-07 00:00:00,5907.736,5907.736,5907.736,5907.736,0.0
2020-11-08 00:00:00,5927.903,5972.955,5927.093,5956.856,0.06702499836683273
2020-11-09 00:00:00,5956.403,6258.122,5950.949,6161.364,11.399205207824707
2020-11-10 00:00:00,6161.196,6315.265,6102.196,6268.44,12.009510040283203
2020-11-11 00:00:00,6267.982,6398.304,6259.501,6352.119,8.872509956359863
2020-11-12 00:00:00,6351.911,6370.43,6265.744,6278.994,7.856744766235352
2020-11-13 00:00:00,6278.786,6351.068,6256.695,6347.464,6.947205066680908
2020-11-14 00:00:00,6347.464,6347.464,6347.464,6347.464,0.0
2020-11-15 00:00:00,6375.297,6381.388,6365.29,6370.638,0.050074998289346695
2020-11-16 00:00:00,6370.173,6463.449,6331.159,6414.272,7.471004962921143
2020-11-17 00:00:00,6413.84,6424.379,6308.649,6361.373,6.2725749015808105
2020-11-18 00:00:00,6360.972,6395.938,6315.539,6322.095,5.859409809112549
2020-11-19 00:00:00,6322.565,6370.448,6309.446,6324.791,5.903144836425781
2020-11-20 00:00:00,6325.247,6392.883,6325.247,6354.577,5.203239917755127
2020-11-21 00:00:00,6354.577,6354.577,6354.577,6354.577,0.0
2020-11-22 00:00:00,6355.436,6367.914,6354.09,6367.443,0.060169998556375504
2020-11-23 00:00:00,6367.026,6392.241,6321.393,6366.935,6.2752299308776855
2020-11-24 00:00:00,6366.702,6462.088,6361.838,6459.884,5.559500217437744
2020-11-25 00:00:00,6459.449,6480.455,6373.903,6393.746,6.488430023193359
2020-11-26 00:00:00,6393.532,6413.523,6337.162,6342.503,3.975445032119751
2020-11-27 00:00:00,6343.386,6416.47,6300.385,6414.446,4.871119976043701
2020-11-28 00:00:00,6414.446,6414.446,6414.446,6414.446,0.0
2020-11-29 00:00:00,6421.126,6422.138,6405.367,6408.441,0.01732500083744526
2020-11-30 00:00:00,6407.561,6408.875,6246.814,6268.822,6.983644962310791
2020-12-01 00:00:00,6269.368,6398.074,6266.674,6381.996,6.122045040130615
2020-12-02 00:00:00,6382.201,6468.641,6350.152,6437.158,5.79795503616333
2020-12-03 00:00:00,6436.635,6510.442,6429.339,6479.774,5.34858512878418
2020-12-04 00:00:00,6479.428,6568.455,6478.513,6562.455,5.059010028839111
2020-12-05 00:00:00,6562.455,6562.455,6562.455,6562.455,0.0
2020-12-06 00:00:00,6569.992,6574.958,6561.837,6565.002,0.02877499908208847
2020-12-07 00:00:00,6564.743,6601.201,6518.173,6521.05,4.614139080047607
2020-12-08 00:00:00,6520.613,6588.479,6512.639,6564.492,4.354312896728516
2020-12-09 00:00:00,6564.957,6623.162,6537.833,6570.509,6.009428977966309
2020-12-10 00:00:00,6571.048,6639.855,6558.863,6605.815,6.951415061950684
2020-12-11 00:00:00,6605.366,6612.013,6519.152,6568.253,7.2706499099731445
2020-12-12 00:00:00,6568.253,6568.253,6568.253,6568.253,0.0
2020-12-13 00:00:00,6579.363,6583.186,6565.946,6571.126,0.030175000429153442
2020-12-14 00:00:00,6571.546,6590.898,6502.105,6515.835,6.356725215911865
2020-12-15 00:00:00,6516.368,6559.043,6483.113,6540.227,6.292365074157715
2020-12-16 00:00:00,6539.792,6599.463,6519.795,6571.685,5.195300102233887
2020-12-17 00:00:00,6571.269,6603.934,6543.878,6550.558,3.727144956588745
2020-12-18 00:00:00,6551.007,6605.102,6506.659,6521.154,5.582934856414795
2020-12-19 00:00:00,6521.154,6521.154,6521.154,6521.154,0.0
2020-12-20 00:00:00,6469.218,6475.985,6440.531,6453.247,0.0364999994635582
2020-12-21 00:00:00,6452.709,6476.561,6312.505,6419.054,10.108381271362305
2020-12-22 00:00:00,6419.283,6464.177,6368.107,6462.718,5.270605087280273
2020-12-23 00:00:00,6468.632,6524.351,6412.0,6516.756,4.245621204376221
2020-12-24 00:00:00,6516.298,6535.308,6477.351,6510.999,1.3280450105667114
2020-12-25 00:00:00,6510.999,6510.999,6510.999,6510.999,0.0
2020-12-26 00:00:00,6510.999,6510.999,6510.999,6510.999,0.0
2020-12-27 00:00:00,6510.999,6510.999,6510.999,6510.999,0.0
2020-12-28 00:00:00,6510.999,6510.999,6510.999,6510.999,0.0
2020-12-29 00:00:00,6570.892,6677.736,6557.07,6580.679,3.9094719886779785
2020-12-30 00:00:00,6580.242,6623.139,6507.37,6526.429,3.2217659950256348
2020-12-31 00:00:00,6526.859,6529.892,6431.74,6460.749,1.6077749729156494
2021-01-01 00:00:00,6460.749,6460.749,6460.749,6460.749,0.0
2021-01-02 00:00:00,6460.749,6460.749,6460.749,6460.749,0.0
2021-01-03 00:00:00,6460.749,6460.749,6460.749,6460.749,0.0
2021-01-04 00:00:00,6483.349,6665.237,6469.378,6550.312,7.390443801879883
2021-01-05 00:00:00,6550.065,6648.862,6515.052,6622.658,7.297142028808594
2021-01-06 00:00:00,6622.875,6864.087,6600.792,6841.935,11.326544761657715
2021-01-07 00:00:00,6842.189,6949.424,6792.782,6861.784,7.036184787750244
2021-01-08 00:00:00,6862.678,6909.615,6835.205,6902.839,6.47405481338501
2021-01-09 00:00:00,6902.839,6902.839,6902.839,6902.839,0.0
2021-01-10 00:00:00,6893.474,6895.908,6873.878,6881.845,0.0385500006377697
2021-01-11 00:00:00,6881.664,6888.834,6767.718,6800.181,6.082931995391846
2021-01-12 00:00:00,6799.723,6823.606,6719.1,6768.779,5.66185188293457
2021-01-13 00:00:00,6769.216,6773.435,6733.931,6744.329,5.114335060119629
2021-01-14 00:00:00,6744.112,6810.271,6735.598,6800.489,5.583179950714111
2021-01-15 00:00:00,6800.259,6804.501,6685.805,6724.251,6.428299903869629
2021-01-16 00:00:00,6724.251,6724.251,6724.251,6724.251,0.0
2021-01-17 00:00:00,6714.565,6725.158,6707.802,6711.451,0.0698229968547821
2021-01-18 00:00:00,6711.246,6743.23,6699.494,6736.277,3.3569729328155518
2021-01-19 00:00:00,6736.717,6769.992,6696.248,6748.105,3.642137050628662
2021-01-20 00:00:00,6747.264,6761.171,6695.188,6758.549,4.04723596572876
2021-01-21 00:00:00,6758.985,6780.308,6703.433,6724.581,3.728421926498413
2021-01-22 00:00:00,6724.267,6732.425,6650.475,6691.521,5.408743858337402
2021-01-23 00:00:00,6691.521,6691.521,6691.521,6691.521,0.0
2021-01-24 00:00:00,6701.196,6715.232,6700.763,6710.442,0.04031499847769737
2021-01-25 00:00:00,6710.048,6720.405,6608.462,6669.618,8.381415367126465
2021-01-26 00:00:00,6672.191,6701.372,6621.411,6657.543,6.93563985824585
2021-01-27 00:00:00,6657.967,6660.637,6461.12,6465.71,10.301870346069336
2021-01-28 00:00:00,6465.607,6554.845,6437.41,6508.784,11.244688034057617
2021-01-29 00:00:00,6509.202,6518.859,6348.261,6375.522,11.038862228393555
2021-01-30 00:00:00,6375.522,6375.522,6375.522,6375.522,0.0
2021-01-31 00:00:00,6331.402,6338.478,6306.247,6326.692,0.09111099690198898
2021-02-01 00:00:00,6326.037,6498.513,6325.421,6492.978,5.448044776916504
2021-02-02 00:00:00,6492.637,6546.181,6474.735,6537.708,4.796379089355469
2021-02-03 00:00:00,6538.155,6573.423,6487.755,6540.818,4.400207042694092
2021-02-04 00:00:00,6541.271,6554.197,6475.352,6503.611,4.786550045013428
2021-02-05 00:00:00,6503.161,6518.971,6457.314,6504.715,4.293785095214844
2021-02-06 00:00:00,6504.715,6504.715,6504.715,6504.715,0.0
2021-02-07 00:00:00,6505.128,6510.904,6500.642,6507.292,0.026775000616908073
2021-02-08 00:00:00,6506.921,6569.202,6500.661,6529.136,3.8749399185180664
2021-02-09 00:00:00,6528.702,6554.095,6496.532,6544.104,3.7791600227355957
2021-02-10 00:00:00,6544.287,6581.122,6479.098,6513.773,5.433897972106934
2021-02-11 00:00:00,6513.563,6554.649,6495.305,6529.704,4.560919761657715
2021-02-12 00:00:00,6530.491,6607.323,6482.38,6607.323,4.0069098472595215
2021-02-13 00:00:00,6607.323,6607.323,6607.323,6607.323,0.0
2021-02-14 00:00:00,6631.004,6636.867,6626.094,6631.927,0.008817999623715878
2021-02-15 00:00:00,6632.128,6775.562,6620.464,6758.825,2.4629011154174805
2021-02-16 00:00:00,6759.014,6799.914,6733.24,6737.715,4.8488898277282715
2021-02-17 00:00:00,6738.142,6767.562,6699.344,6721.621,6.088584899902344
2021-02-18 00:00:00,6722.157,6731.964,6590.085,6613.482,6.017282962799072
2021-02-19 00:00:00,6613.047,6646.501,6576.218,6598.487,5.63047981262207
2021-02-20 00:00:00,6598.487,6598.487,6598.487,6598.487,0.0
2021-02-21 00:00:00,6619.125,6622.19,6593.477,6611.854,0.03577499836683273
2021-02-22 00:00:00,6612.289,6625.864,6545.2,6588.757,6.3663201332092285
2021-02-23 00:00:00,6588.422,6673.431,6553.238,6622.654,9.127140045166016
2021-02-24 00:00:00,6622.194,6685.238,6563.745,6680.208,7.668415069580078
2021-02-25 00:00:00,6679.818,6703.756,6568.656,6585.624,9.864859580993652
2021-02-26 00:00:00,6584.798,6646.729,6462.022,6493.289,13.145975112915039
2021-02-27 00:00:00,6493.289,6493.289,6493.289,6493.289,0.0
2021-02-28 00:00:00,6515.151,6538.237,6503.881,6535.542,0.059425000101327896
2021-03-01 00:00:00,6535.764,6614.208,6517.992,6610.468,5.092574119567871
2021-03-02 00:00:00,6610.078,6661.164,6551.632,6643.18,5.097868919372559
2021-03-03 00:00:00,6642.751,6704.971,6599.777,6601.204,7.131442070007324
2021-03-04 00:00:00,6602.187,6669.659,6563.899,6591.217,10.67960262298584
2021-03-05 00:00:00,6590.795,6711.234,6551.724,6700.275,11.873189926147461
2021-03-06 00:00:00,6700.275,6700.275,6700.275,6700.275,0.0
2021-03-07 00:00:00,6727.634,6732.544,6701.791,6710.049,0.06107499822974205
2021-03-08 00:00:00,6710.253,6732.367,6611.782,6723.431,8.22318172454834
2021-03-09 00:00:00,6723.199,6786.931,6682.492,6736.131,6.301044940948486
2021-03-10 00:00:00,6735.694,6741.594,6677.66,6720.271,7.1248650550842285
2021-03-11 00:00:00,6720.797,6760.575,6698.281,6730.795,5.117010116577148
2021-03-12 00:00:00,6730.375,6798.389,6696.902,6795.124,4.824254989624023
2021-03-13 00:00:00,6795.124,6795.124,6795.124,6795.124,0.0
2021-03-14 00:00:00,6802.474,6812.738,6802.261,6807.834,0.028750000521540642
2021-03-15 00:00:00,6807.422,6811.751,6722.535,6761.723,4.210197925567627
2021-03-16 00:00:00,6761.296,6813.323,6758.872,6788.298,3.595479965209961
2021-03-17 00:00:00,6788.847,6805.545,6753.241,6791.305,4.754848957061768
2021-03-18 00:00:00,6791.719,6805.017,6714.502,6728.919,6.769219875335693
2021-03-19 00:00:00,6728.675,6755.87,6663.345,6715.309,7.033880233764648
2021-03-20 00:00:00,6715.309,6715.309,6715.309,6715.309,0.0
2021-03-21 00:00:00,6712.602,6719.567,6711.255,6715.692,0.021925000473856926
2021-03-22 00:00:00,6715.894,6733.231,6645.425,6721.556,4.928985118865967
2021-03-23 00:00:00,6722.828,6725.037,6656.315,6663.391,4.976974964141846
2021-03-24 00:00:00,6663.778,6721.909,6647.68,6688.997,5.188889980316162
2021-03-25 00:00:00,6689.313,6729.885,6616.162,6704.334,6.695934772491455
2021-03-26 00:00:00,6704.788,6782.134,6695.466,6768.379,4.295370101928711
2021-03-27 00:00:00,6768.379,6768.379,6768.379,6768.379,0.0
2021-03-28 00:00:00,6757.522,6765.847,6752.346,6752.364,0.03085000067949295
2021-03-29 00:00:00,6754.02,6777.691,6704.362,6774.118,4.945499897003174
2021-03-30 00:00:00,6770.742,6792.245,6727.812,6775.237,3.984307050704956
2021-03-31 00:00:00,6773.133,6786.877,6711.905,6730.661,3.3346619606018066
2021-04-01 00:00:00,6725.581,6784.649,6715.787,6777.89,3.30900502204895
2021-04-02 00:00:00,6777.89,6777.89,6777.89,6777.89,0.0
2021-04-03 00:00:00,6777.89,6777.89,6777.89,6777.89,0.0
2021-04-04 00:00:00,6777.89,6777.89,6777.89,6777.89,0.0
2021-04-05 00:00:00,6777.89,6777.89,6777.89,6777.89,0.0
2021-04-06 00:00:00,6808.585,6843.531,6755.472,6830.792,3.7629499435424805
2021-04-07 00:00:00,6832.042,6915.119,6826.772,6910.056,3.2027699947357178
2021-04-08 00:00:00,6902.075,6960.547,6887.573,6960.446,3.213479995727539
2021-04-09 00:00:00,6959.038,6959.038,6905.998,6934.685,2.98865008354187
2021-04-10 00:00:00,6934.685,6934.685,6934.685,6934.685,0.0
2021-04-11 00:00:00,6926.738,6936.32,6926.592,6929.302,0.03272499889135361
2021-04-12 00:00:00,6918.099,6919.677,6852.836,6896.297,3.441879987716675
2021-04-13 00:00:00,6890.624,6899.128,6857.575,6889.74,3.2430150508880615
2021-04-14 00:00:00,6888.31,6944.171,6880.554,6921.262,3.327244997024536
2021-04-15 00:00:00,6928.946,7000.007,6927.594,6993.728,3.2759850025177
2021-04-16 00:00:00,6992.381,7037.267,6982.222,7026.653,3.353830099105835
2021-04-17 00:00:00,7026.653,7026.653,7026.653,7026.653,0.0
2021-04-18 00:00:00,7010.196,7017.144,7010.004,7012.427,0.012849999591708183
2021-04-19 00:00:00,7006.807,7040.276,6979.421,7000.178,4.0642499923706055
2021-04-20 00:00:00,6996.005,7006.967,6852.368,6866.566,4.92373514175415
2021-04-21 00:00:00,6867.472,6931.752,6840.924,6910.474,4.015850067138672
2021-04-22 00:00:00,6915.494,6940.948,6886.502,6902.115,4.503334999084473
2021-04-23 00:00:00,6902.467,6943.654,6889.97,6923.878,3.4960949420928955
2021-04-24 00:00:00,6923.878,6923.878,6923.878,6923.878,0.0
2021-04-25 00:00:00,6926.442,6930.017,6921.402,6922.672,0.01217500027269125
2021-04-26 00:00:00,6917.488,6971.214,6912.458,6960.094,3.4528698921203613
2021-04-27 00:00:00,6960.027,6976.548,6926.865,6951.179,3.4586150646209717
2021-04-28 00:00:00,6940.511,6986.424,6937.195,6968.078,3.5955450534820557
2021-04-29 00:00:00,6965.842,7019.547,6938.509,6961.003,4.323534965515137
2021-04-30 00:00:00,6958.211,7009.169,6930.997,6969.307,4.382804870605469
2021-05-01 00:00:00,6969.307,6969.307,6969.307,6969.307,0.0
2021-05-02 00:00:00,6969.307,6969.307,6969.307,6969.307,0.0
2021-05-03 00:00:00,6969.307,6969.307,6969.307,6969.307,0.0
2021-05-04 00:00:00,7001.916,7040.133,6910.92,6941.825,6.3063201904296875
2021-05-05 00:00:00,6948.074,7054.868,6944.64,7042.615,4.0346198081970215
2021-05-06 00:00:00,7039.807,7100.648,7025.399,7090.544,5.22037410736084
2021-05-07 00:00:00,7091.719,7149.627,7077.473,7140.764,3.1533589363098145
2021-05-08 00:00:00,7140.764,7140.764,7140.764,7140.764,0.0
2021-05-09 00:00:00,7140.635,7149.285,7140.635,7144.544,0.010754000395536423
2021-05-10 00:00:00,7138.945,7167.408,7064.108,7082.593,4.213687896728516
2021-05-11 00:00:00,7073.357,7077.787,6911.775,6968.674,7.853215217590332
2021-05-12 00:00:00,6965.358,7028.289,6893.416,6977.375,8.27154541015625
2021-05-13 00:00:00,6965.025,6989.311,6822.242,6984.708,8.761190414428711
2021-05-14 00:00:00,6982.652,7072.824,6978.991,7069.825,4.812845230102539
2021-05-15 00:00:00,7069.825,7069.825,7069.825,7069.825,0.0
2021-05-16 00:00:00,7056.741,7064.818,7047.692,7052.998,0.050974998623132706
2021-05-17 00:00:00,7069.115,7070.497,6987.985,7060.542,5.70118522644043
2021-05-18 00:00:00,7062.691,7106.761,6993.507,6996.237,5.021635055541992
2021-05-19 00:00:00,6989.455,7010.125,6895.68,6953.801,22.706321716308594
2021-05-20 00:00:00,6952.807,7034.798,6926.499,7034.001,17.24751091003418
2021-05-21 00:00:00,7034.41,7034.907,6970.695,7021.487,10.06956958770752
2021-05-22 00:00:00,7021.487,7021.487,7021.487,7021.487,0.0
2021-05-23 00:00:00,7008.317,7024.514,6998.798,7016.684,0.034012001007795334
2021-05-24 00:00:00,7016.167,7063.137,7012.845,7053.303,2.636842966079712
2021-05-25 00:00:00,7049.843,7077.927,6999.692,7019.58,10.688249588012695
2021-05-26 00:00:00,7019.192,7050.902,6997.953,7025.795,5.473954200744629
2021-05-27 00:00:00,7023.298,7047.1,6997.157,7039.221,4.339314937591553
2021-05-28 00:00:00,7039.446,7054.582,7011.185,7011.185,3.674880027770996
2021-05-29 00:00:00,7011.185,7011.185,7011.185,7011.185,0.0
2021-05-30 00:00:00,7011.185,7011.185,7011.185,7011.185,0.0
2021-05-31 00:00:00,7011.185,7011.185,7011.185,7011.185,0.0
2021-06-01 00:00:00,7008.686,7117.71,6988.09,7069.004,11.805520057678223
2021-06-02 00:00:00,7071.195,7121.877,7064.683,7103.007,13.128080368041992
2021-06-03 00:00:00,7104.392,7121.207,7012.377,7057.507,14.53242015838623
2021-06-04 00:00:00,7053.707,7084.183,7037.392,7071.077,11.39739990234375
2021-06-05 00:00:00,7071.077,7071.077,7071.077,7071.077,0.0
2021-06-06 00:00:00,7076.28,7078.701,7070.398,7077.586,0.4165000021457672
2021-06-07 00:00:00,7078.907,7098.201,7038.213,7076.198,11.114179611206055
2021-06-08 00:00:00,7082.695,7121.216,7070.198,7100.795,11.031370162963867
2021-06-09 00:00:00,7099.192,7107.889,7044.204,7077.88,11.531660079956055
2021-06-10 00:00:00,7080.416,7117.886,7075.186,7079.607,13.856710433959961
2021-06-11 00:00:00,7084.377,7154.698,7073.701,7150.892,9.788729667663574
2021-06-12 00:00:00,7150.892,7150.892,7150.892,7150.892,0.0
2021-06-13 00:00:00,7155.216,7155.604,7145.88,7149.883,0.20726999640464783
2021-06-14 00:00:00,7155.413,7191.204,7135.386,7154.216,9.83821964263916
2021-06-15 00:00:00,7161.377,7190.299,7152.892,7177.716,11.947669982910156
2021-06-16 00:00:00,7178.913,7218.299,7148.698,7152.604,14.015959739685059
2021-06-17 00:00:00,7152.395,7171.689,7125.692,7155.877,16.58111000061035
2021-06-18 00:00:00,7158.692,7160.216,7000.398,7028.783,20.560890197753906
2021-06-19 00:00:00,7028.783,7028.783,7028.783,7028.783,0.0
2021-06-20 00:00:00,7016.68,7025.31,7004.589,7004.589,0.7800800204277039
2021-06-21 00:00:00,7001.883,7092.295,6946.38,7084.786,19.185270309448242
2021-06-22 00:00:00,7087.398,7099.416,7059.299,7081.689,13.847399711608887
2021-06-23 00:00:00,7082.892,7129.674,7066.377,7071.304,12.857600212097168
2021-06-24 00:00:00,7072.216,7123.716,7068.192,7119.795,11.024020195007324
2021-06-25 00:00:00,7124.416,7150.195,7109.68,7146.699,8.121749877929688
2021-06-26 00:00:00,7146.699,7146.699,7146.699,7146.699,0.0
2021-06-27 00:00:00,7147.177,7151.216,7144.774,7147.674,0.337119996547699
2021-06-28 00:00:00,7152.799,7153.999,7067.799,7075.907,9.50158977508545
2021-06-29 00:00:00,7076.192,7120.192,7062.201,7087.01,10.466400146484375
2021-06-30 00:00:00,7086.71,7102.174,7007.707,7057.183,14.13306999206543
2021-07-01 00:00:00,7064.383,7146.195,7050.377,7140.595,12.782950401306152
2021-07-02 00:00:00,7139.299,7162.686,7107.186,7126.386,8.3860502243042
2021-07-03 00:00:00,7126.386,7126.386,7126.386,7126.386,0.0
2021-07-04 00:00:00,7130.007,7135.599,7127.386,7127.777,0.1820400059223175
2021-07-05 00:00:00,7125.213,7168.713,7107.701,7162.889,8.022029876708984
2021-07-06 00:00:00,7160.386,7171.695,7073.192,7092.986,15.015560150146484
2021-07-07 00:00:00,7094.374,7160.192,7086.889,7144.913,15.921079635620117
2021-07-08 00:00:00,7143.695,7146.18,6979.689,7027.298,30.067869186401367
2021-07-09 00:00:00,7027.886,7123.389,7004.707,7110.704,19.068349838256836
2021-07-10 00:00:00,7110.704,7110.704,7110.704,7110.704,0.0
2021-07-11 00:00:00,7117.207,7118.016,7102.11,7111.986,0.31703001260757446
2021-07-12 00:00:00,7116.916,7134.398,7063.201,7124.095,14.841609954833984
2021-07-13 00:00:00,7126.883,7150.216,7113.292,7114.304,13.044289588928223
2021-07-14 00:00:00,7118.883,7131.499,7070.71,7084.304,14.578479766845703
2021-07-15 00:00:00,7084.177,7113.174,7000.895,7008.489,19.68773078918457
2021-07-16 00:00:00,7011.189,7061.916,6974.299,6977.307,18.600690841674805
2021-07-17 00:00:00,6977.307,6977.307,6977.307,6977.307,0.0
2021-07-18 00:00:00,7004.599,7004.599,6971.077,6971.092,0.7222599983215332
2021-07-19 00:00:00,6957.707,6962.407,6808.677,6859.086,32.20623016357422
2021-07-20 00:00:00,6854.877,6932.383,6826.374,6914.201,24.332420349121094
2021-07-21 00:00:00,6916.413,7014.716,6877.18,7008.474,20.44378089904785
2021-07-22 00:00:00,7005.683,7018.407,6954.183,6978.595,16.253299713134766
2021-07-23 00:00:00,6979.913,7040.204,6970.674,7024.292,12.202110290527344
2021-07-24 00:00:00,7024.292,7024.292,7024.292,7024.292,0.0
2021-07-25 00:00:00,7024.799,7030.613,7022.292,7026.398,0.32078999280929565
2021-07-26 00:00:00,7028.499,7037.91,6978.877,7022.207,12.646209716796875
2021-07-27 00:00:00,7023.499,7032.689,6926.177,7001.107,22.352819442749023
2021-07-28 00:00:00,7010.213,7025.799,6973.686,7013.207,19.01102066040039
2021-07-29 00:00:00,7011.913,7093.692,6996.692,7044.289,15.753990173339844
2021-07-30 00:00:00,7045.689,7055.895,6994.713,7035.286,19.1756591796875
2021-07-31 00:00:00,7035.286,7035.286,7035.286,7035.286,0.0
2021-08-01 00:00:00,7035.286,7035.286,7035.286,7035.286,0.0
2021-08-02 00:00:00,7055.999,7111.677,7050.377,7067.31,15.978899955749512
2021-08-03 00:00:00,7065.695,7124.189,7060.377,7111.099,17.33473014831543
2021-08-04 00:00:00,7105.683,7142.713,7100.877,7105.286,13.792519569396973
2021-08-05 00:00:00,7107.386,7130.216,7094.189,7117.886,10.57664966583252
2021-08-06 00:00:00,7119.683,7134.916,7102.683,7123.51,10.863789558410645
2021-08-07 00:00:00,7123.51,7123.51,7123.51,7123.51,0.0
2021-08-08 00:00:00,7120.292,7120.677,7101.977,7106.995,0.6291599869728088
2021-08-09 00:00:00,7100.674,7140.095,7087.213,7132.913,9.076780319213867
2021-08-10 00:00:00,7131.174,7176.707,7114.713,7172.792,9.70199966430664
2021-08-11 00:00:00,7173.686,7234.207,7168.38,7202.795,10.536959648132324
2021-08-12 00:00:00,7204.692,7216.38,7182.71,7200.813,8.452500343322754
2021-08-13 00:00:00,7206.689,7224.413,7194.392,7206.699,7.829219818115234
2021-08-14 00:00:00,7206.699,7206.699,7206.699,7206.699,0.0
2021-08-15 00:00:00,7200.307,7205.398,7198.374,7201.61,0.24303999543190002
2021-08-16 00:00:00,7204.916,7205.38,7116.201,7165.592,12.780670166015625
2021-08-17 00:00:00,7166.877,7188.716,7110.177,7160.083,16.732519149780273
2021-08-18 00:00:00,7166.999,7206.704,7101.11,7107.895,14.392279624938965
2021-08-19 00:00:00,7109.195,7117.999,6991.68,7067.504,22.91931915283203
2021-08-20 00:00:00,7069.499,7113.716,7030.174,7099.707,13.712570190429688
2021-08-21 00:00:00,7099.707,7099.707,7099.707,7099.707,0.0
2021-08-22 00:00:00,7104.099,7109.816,7101.998,7105.383,0.30303001403808594
2021-08-23 00:00:00,7106.177,7150.707,7098.68,7120.116,9.78612995147705
2021-08-24 00:00:00,7118.913,7131.71,7074.207,7109.801,7.58351993560791
2021-08-25 00:00:00,7112.401,7152.68,7103.401,7130.304,7.509890079498291
2021-08-26 00:00:00,7130.192,7145.299,7091.892,7120.883,11.460749626159668
2021-08-27 00:00:00,7116.395,7158.713,7106.999,7142.499,8.12816047668457
2021-08-28 00:00:00,7142.499,7142.499,7142.499,7142.499,0.0
2021-08-29 00:00:00,7148.11,7164.601,7147.31,7157.799,0.195360004901886
2021-08-30 00:00:00,7157.799,7172.004,7140.174,7158.21,3.572350025177002
2021-08-31 00:00:00,7143.686,7177.683,7090.177,7128.816,11.467780113220215
2021-09-01 00:00:00,7126.174,7188.695,7123.374,7148.795,9.851619720458984
2021-09-02 00:00:00,7144.901,7171.192,7122.901,7145.589,7.532090187072754
2021-09-03 00:00:00,7148.401,7181.695,7121.213,7139.101,9.533539772033691
2021-09-04 00:00:00,7139.101,7139.101,7139.101,7139.101,0.0
2021-09-05 00:00:00,7139.292,7143.907,7130.374,7132.983,0.19979999959468842
2021-09-06 00:00:00,7133.898,7196.707,7120.174,7167.504,5.745480060577393
2021-09-07 00:00:00,7174.38,7179.41,7110.774,7112.777,9.574119567871094
2021-09-08 00:00:00,7104.692,7130.686,7059.692,7075.98,14.664240837097168
2021-09-09 00:00:00,7076.716,7081.692,6990.674,7003.895,13.687780380249023
2021-09-10 00:00:00,7003.395,7057.799,7000.395,7008.389,10.961990356445312
2021-09-11 00:00:00,7008.389,7008.389,7008.389,7008.389,0.0
2021-09-12 00:00:00,7024.507,7033.413,7014.174,7028.877,0.32818999886512756
2021-09-13 00:00:00,7027.177,7092.21,7013.689,7071.892,13.110950469970703
2021-09-14 00:00:00,7069.686,7076.901,7017.195,7028.898,13.25154972076416
2021-09-15 00:00:00,7021.204,7050.501,7009.183,7048.783,11.372782707214355
2021-09-16 00:00:00,7051.701,7073.695,7022.898,7055.098,11.29535961151123
2021-09-17 00:00:00,7056.799,7092.41,6930.999,6977.013,17.96049690246582
2021-09-18 00:00:00,6977.013,6977.013,6977.013,6977.013,0.0
2021-09-19 00:00:00,6966.098,6977.699,6959.507,6976.607,0.7281399965286255
2021-09-20 00:00:00,6968.213,6980.174,6825.174,6915.401,32.16017150878906
2021-09-21 00:00:00,6912.707,7006.692,6911.874,6944.399,22.226890563964844
2021-09-22 00:00:00,6946.686,7104.695,6930.713,7080.001,19.620580673217773
2021-09-23 00:00:00,7081.18,7132.407,7068.901,7088.913,15.87975025177002
2021-09-24 00:00:00,7089.674,7099.692,7039.186,7056.395,15.299269676208496
2021-09-25 00:00:00,7056.395,7056.395,7056.395,7056.395,0.0
2021-09-26 00:00:00,7064.289,7069.486,7059.38,7069.098,0.5130299925804138
2021-09-27 00:00:00,7074.907,7129.499,7042.999,7066.283,15.015069961547852
2021-09-28 00:00:00,7065.898,7081.999,7008.91,7030.483,25.504499435424805
2021-09-29 00:00:00,7032.716,7117.999,7008.38,7103.81,20.928390502929688
2021-09-30 00:00:00,7094.707,7158.21,7060.18,7077.283,25.65443992614746
2021-10-01 00:00:00,7070.686,7081.374,6985.895,7058.677,26.506549835205078
2021-10-02 00:00:00,7058.677,7058.677,7058.677,7058.677,0.0
2021-10-03 00:00:00,7067.313,7081.486,7058.674,7077.007,0.9432500004768372
2021-10-04 00:00:00,7077.683,7079.21,6998.886,7032.577,27.748699188232422
2021-10-05 00:00:00,7045.707,7085.213,7002.398,7062.707,20.50404930114746
2021-10-06 00:00:00,7058.398,7073.913,6945.704,7049.013,29.73613929748535
2021-10-07 00:00:00,7056.999,7095.398,7040.904,7088.392,16.318470001220703
2021-10-08 00:00:00,7090.192,7110.189,7060.692,7088.283,15.992130279541016
2021-10-09 00:00:00,7088.283,7088.283,7088.283,7088.283,0.0
2021-10-10 00:00:00,7098.274,7098.71,7053.677,7070.413,1.6160199642181396
2021-10-11 00:00:00,7052.401,7149.21,7052.389,7109.374,18.77729034423828
2021-10-12 00:00:00,7108.213,7146.713,7058.499,7114.383,20.948970794677734
2021-10-13 00:00:00,7114.692,7173.689,7085.41,7170.092,17.45673942565918
2021-10-14 00:00:00,7178.407,7223.316,7168.707,7218.795,12.656209945678711
2021-10-15 00:00:00,7228.874,7246.177,7208.174,7238.174,12.79242992401123
2021-10-16 00:00:00,7238.174,7238.174,7238.174,7238.174,0.0
2021-10-17 00:00:00,7243.289,7247.399,7219.98,7222.577,0.9937199950218201
2021-10-18 00:00:00,7219.799,7237.999,7181.183,7198.674,13.663649559020996
2021-10-19 00:00:00,7203.401,7228.299,7189.677,7226.616,12.422479629516602
2021-10-20 00:00:00,7232.395,7234.71,7197.883,7207.004,12.03734016418457
2021-10-21 00:00:00,7209.377,7220.704,7178.174,7194.013,13.267239570617676
2021-10-22 00:00:00,7197.901,7235.216,7187.916,7217.883,13.878270149230957
2021-10-23 00:00:00,7217.883,7217.883,7217.883,7217.883,0.0
2021-10-24 00:00:00,7211.816,7219.304,7201.795,7206.98,0.8584799766540527
2021-10-25 00:00:00,7208.213,7247.195,7205.901,7231.583,12.21815013885498
2021-10-26 00:00:00,7236.192,7281.698,7226.886,7274.698,13.092309951782227
2021-10-27 00:00:00,7277.21,7280.916,7245.174,7259.989,13.906208992004395
2021-10-28 00:00:00,7266.374,7266.398,7216.677,7240.61,15.441370010375977
2021-10-29 00:00:00,7252.21,7256.901,7188.38,7251.598,17.220069885253906
2021-10-30 00:00:00,7251.598,7251.598,7251.598,7251.598,0.0
2021-10-31 00:00:00,7257.41,7265.516,7251.295,7263.107,0.2993899881839752
2021-11-01 00:00:00,7263.501,7306.683,7250.883,7292.798,10.902990341186523
2021-11-02 00:00:00,7293.099,7303.677,7238.898,7263.301,11.738439559936523
2021-11-03 00:00:00,7262.907,7281.404,7234.704,7273.201,10.99804973602295
2021-11-04 00:00:00,7272.81,7293.299,7246.695,7280.474,11.889360427856445
2021-11-05 00:00:00,7280.107,7331.913,7257.186,7306.213,13.192270278930664
2021-11-06 00:00:00,7306.213,7306.213,7306.213,7306.213,0.0
2021-11-07 00:00:00,7306.186,7310.004,7283.174,7302.186,0.3194800019264221
2021-11-08 00:00:00,7301.995,7316.207,7285.974,7291.774,10.032259941101074
2021-11-09 00:00:00,7292.013,7312.716,7267.201,7269.883,12.071149826049805
2021-11-10 00:00:00,7270.313,7336.704,7254.374,7308.899,14.464309692382812
2021-11-11 00:00:00,7309.192,7395.213,7306.874,7390.783,10.707969665527344
2021-11-12 00:00:00,7391.195,7402.416,7334.21,7346.916,10.441410064697266
2021-11-13 00:00:00,7346.916,7346.916,7346.916,7346.916,0.0
2021-11-14 00:00:00,7346.574,7354.289,7344.074,7347.998,0.26754000782966614
2021-11-15 00:00:00,7348.383,7362.201,7327.886,7340.004,9.752470016479492
2021-11-16 00:00:00,7340.395,7369.207,7316.98,7325.804,9.841650009155273
2021-11-17 00:00:00,7325.389,7327.099,7274.974,7281.313,9.53246021270752
2021-11-18 00:00:00,7280.877,7287.901,7239.701,7262.074,9.806859970092773
2021-11-19 00:00:00,7261.777,7295.395,7196.886,7215.295,17.071109771728516
2021-11-20 00:00:00,7215.295,7215.295,7215.295,7215.295,0.0
2021-11-21 00:00:00,7218.192,7221.095,7212.08,7213.413,0.26754000782966614
2021-11-22 00:00:00,7213.774,7271.895,7206.71,7244.295,14.103179931640625
2021-11-23 00:00:00,7244.504,7293.713,7200.883,7277.189,22.908479690551758
2021-11-24 00:00:00,7277.374,7308.204,7243.895,7289.295,18.99925994873047
2021-11-25 00:00:00,7288.904,7313.204,7278.074,7281.595,8.346170425415039
2021-11-26 00:00:00,7281.186,7286.198,6993.683,7021.374,33.56940841674805
2021-11-27 00:00:00,7021.374,7021.374,7021.374,7021.374,0.0
2021-11-28 00:00:00,7056.777,7098.916,7044.792,7092.686,2.2329299449920654
2021-11-29 00:00:00,7092.283,7160.189,7076.489,7154.58,26.69029998779297
2021-11-30 00:00:00,7155.007,7173.21,6970.299,7080.599,41.33002853393555
2021-12-01 00:00:00,7080.904,7184.21,7023.092,7083.38,30.21487045288086
2021-12-02 00:00:00,7083.574,7163.201,7053.374,7127.686,31.80246925354004
2021-12-03 00:00:00,7127.501,7197.692,7089.683,7117.899,28.03388023376465
2021-12-04 00:00:00,7117.899,7117.899,7117.899,7117.899,0.0
2021-12-05 00:00:00,7131.88,7147.899,7121.877,7142.277,1.1583600044250488
2021-12-06 00:00:00,7142.604,7247.707,7121.877,7234.513,26.204710006713867
2021-12-07 00:00:00,7235.277,7347.677,7216.799,7329.899,15.399230003356934
2021-12-08 00:00:00,7329.377,7379.683,7318.992,7339.407,18.305910110473633
2021-12-09 00:00:00,7339.174,7372.913,7298.195,7310.677,14.838179588317871
2021-12-10 00:00:00,7310.877,7332.174,7279.21,7290.807,14.500080108642578
2021-12-11 00:00:00,7290.807,7290.807,7290.807,7290.807,0.0
2021-12-12 00:00:00,7296.591,7300.556,7293.474,7298.531,0.019084999337792397
2021-12-13 00:00:00,7298.343,7327.383,7224.41,7246.307,1.504120945930481
2021-12-14 00:00:00,7246.199,7285.877,7205.377,7224.799,1.876220941543579
2021-12-15 00:00:00,7225.08,7239.116,7164.186,7229.583,1.785838007926941
2021-12-16 00:00:00,7229.192,7273.41,7208.18,7242.299,2.398624897003174
2021-12-17 00:00:00,7243.016,7287.799,7225.499,7243.898,2.4594271183013916
2021-12-18 00:00:00,7243.898,7243.898,7243.898,7243.898,0.0
2021-12-19 00:00:00,7225.416,7225.613,7185.274,7187.71,0.06273999810218811
2021-12-20 00:00:00,7187.492,7264.189,7097.392,7260.607,2.6235339641571045
2021-12-21 00:00:00,7261.007,7317.213,7236.904,7303.274,1.5554699897766113
2021-12-22 00:00:00,7304.074,7361.799,7271.186,7351.81,1.13618004322052
2021-12-23 00:00:00,7351.001,7386.299,7328.692,7370.616,0.8657850027084351
2021-12-24 00:00:00,7389.686,7392.183,7361.695,7377.174,0.009015999734401703
2021-12-25 00:00:00,7377.174,7377.174,7377.174,7377.174,0.0
2021-12-26 00:00:00,7374.398,7384.316,7374.183,7380.983,0.021959999576210976
2021-12-27 00:00:00,7380.807,7447.307,7358.589,7434.289,0.9498100280761719
2021-12-28 00:00:00,7434.686,7457.192,7417.277,7444.392,1.31289803981781
2021-12-29 00:00:00,7443.998,7457.799,7402.18,7406.098,1.0771750211715698
2021-12-30 00:00:00,7406.274,7433.716,7380.674,7390.977,0.8841310143470764
2021-12-31 00:00:00,7391.195,7405.101,7354.677,7381.192,0.9677420258522034
2022-01-01 00:00:00,7381.192,7381.192,7381.192,7381.192,0.0
2022-01-02 00:00:00,7396.11,7399.598,7390.789,7394.674,0.018360000103712082
2022-01-03 00:00:00,7395.083,7432.589,7369.774,7409.016,1.5547490119934082
2022-01-04 00:00:00,7409.398,7522.207,7406.274,7482.183,1.3716460466384888
2022-01-05 00:00:00,7482.389,7530.186,7440.198,7462.383,1.4941829442977905
2022-01-06 00:00:00,7462.01,7497.407,7400.716,7454.599,2.220344066619873
2022-01-07 00:00:00,7454.716,7498.507,7430.174,7488.486,1.7600239515304565
2022-01-08 00:00:00,7488.486,7488.486,7488.486,7488.486,0.0
2022-01-09 00:00:00,7488.692,7490.513,7461.974,7476.792,0.046939998865127563
2022-01-10 00:00:00,7477.189,7508.883,7421.689,7474.007,2.370368003845215
2022-01-11 00:00:00,7474.383,7523.716,7457.383,7513.31,1.7800929546356201
2022-01-12 00:00:00,7512.898,7565.383,7512.077,7545.495,1.7270450592041016
2022-01-13 00:00:00,7545.886,7570.216,7522.707,7534.583,1.7563320398330688
2022-01-14 00:00:00,7534.41,7570.999,7505.395,7568.877,2.3150150775909424
2022-01-15 00:00:00,7568.877,7568.877,7568.877,7568.877,0.0
2022-01-16 00:00:00,7568.416,7570.499,7552.51,7556.095,0.04761999845504761
2022-01-17 00:00:00,7556.501,7615.999,7546.398,7610.492,0.9292510151863098
2022-01-18 00:00:00,7610.71,7625.883,7530.677,7544.78,2.4055159091949463
2022-01-19 00:00:00,7544.383,7616.299,7517.674,7567.083,2.393112897872925
2022-01-20 00:00:00,7567.599,7634.704,7497.513,7526.495,2.1957950592041016
2022-01-21 00:00:00,7526.28,7532.701,7414.701,7419.895,3.549839973449707
2022-01-22 00:00:00,7419.895,7419.895,7419.895,7419.895,0.0
2022-01-23 00:00:00,7442.899,7469.216,7433.374,7468.789,0.09062399715185165
2022-01-24 00:00:00,7468.383,7492.413,7226.201,7372.677,5.508944988250732
2022-01-25 00:00:00,7372.904,7451.183,7305.177,7423.992,5.548168182373047
2022-01-26 00:00:00,7424.513,7524.716,7391.486,7463.113,4.327763080596924
2022-01-27 00:00:00,7463.499,7595.698,7318.377,7545.286,5.363719940185547
2022-01-28 00:00:00,7544.204,7582.177,7417.413,7488.016,4.772541046142578
2022-01-29 00:00:00,7488.016,7488.016,7488.016,7488.016,0.0
2022-01-30 00:00:00,7491.977,7496.901,7470.792,7488.774,0.08301600068807602
2022-01-31 00:00:00,7489.001,7532.704,7447.18,7501.716,3.048743963241577
2022-02-01 00:00:00,7502.083,7581.61,7479.674,7579.986,2.6753718852996826
2022-02-02 00:00:00,7579.707,7612.916,7554.489,7555.874,2.2658441066741943
2022-02-03 00:00:00,7555.674,7604.407,7511.986,7566.316,2.9721240997314453
2022-02-04 00:00:00,7566.504,7599.416,7495.192,7524.407,3.5244429111480713
2022-02-05 00:00:00,7524.407,7524.407,7524.407,7524.407,0.0
2022-02-06 00:00:00,7535.901,7547.213,7524.474,7543.483,0.05296799913048744
2022-02-07 00:00:00,7543.816,7597.207,7502.889,7584.683,2.8529350757598877
2022-02-08 00:00:00,7584.477,7631.21,7548.713,7600.777,2.5042030811309814
2022-02-09 00:00:00,7600.986,7662.916,7592.674,7651.613,1.9116439819335938
2022-02-10 00:00:00,7651.774,7687.299,7607.91,7610.807,2.7978529930114746
2022-02-11 00:00:00,7610.31,7670.201,7574.98,7592.304,4.054697036743164
2022-02-12 00:00:00,7592.304,7592.304,7592.304,7592.304,0.0
2022-02-13 00:00:00,7585.204,7604.507,7569.607,7598.907,0.07238399982452393
2022-02-14 00:00:00,7599.283,7630.713,7480.204,7536.704,5.550275802612305
2022-02-15 00:00:00,7537.48,7613.713,7492.716,7591.099,3.2762138843536377
2022-02-16 00:00:00,7590.574,7632.186,7561.883,7586.486,2.886107921600342
2022-02-17 00:00:00,7586.295,7602.398,7490.389,7505.386,3.077579975128174
2022-02-18 00:00:00,7505.01,7570.174,7490.677,7507.213,3.547991991043091
2022-02-19 00:00:00,7507.213,7507.213,7507.213,7507.213,0.0
2022-02-20 00:00:00,7473.901,7494.455,7473.289,7483.95,0.3372719883918762
2022-02-21 00:00:00,7483.764,7572.361,7379.711,7416.346,32.621429443359375
2022-02-22 00:00:00,7416.471,7529.864,7358.724,7502.669,34.4280891418457
2022-02-23 00:00:00,7503.096,7550.074,7442.768,7457.807,34.1739616394043
2022-02-24 00:00:00,7457.611,7466.207,7176.158,7264.615,50.01898956298828
2022-02-25 00:00:00,7265.146,7565.504,7252.875,7549.601,8.84961986541748
2022-02-26 00:00:00,7549.601,7549.601,7549.601,7549.601,0.0
2022-02-27 00:00:00,7390.074,7460.483,7385.301,7435.201,0.11662200093269348
2022-02-28 00:00:00,7435.404,7476.41,7358.177,7401.983,4.020912170410156
2022-03-01 00:00:00,7402.389,7497.413,7271.874,7336.401,3.6754579544067383
2022-03-02 00:00:00,7336.992,7463.204,7296.677,7422.786,3.876444101333618
2022-03-03 00:00:00,7423.889,7468.189,7218.874,7266.783,3.305772066116333
2022-03-04 00:00:00,7266.574,7270.71,6912.895,6974.898,2.965801954269409
2022-03-05 00:00:00,6974.898,6974.898,6974.898,6974.898,0.0
2022-03-06 00:00:00,6921.786,6935.995,6886.089,6910.301,0.10980000346899033
2022-03-07 00:00:00,6909.913,7031.901,6760.892,6891.674,5.102336883544922
2022-03-08 00:00:00,6892.189,7111.183,6843.895,7021.904,4.933566093444824
2022-03-09 00:00:00,7021.704,7251.389,7012.177,7168.78,2.6611831188201904
2022-03-10 00:00:00,7169.207,7182.386,7062.892,7121.907,3.32320499420166
2022-03-11 00:00:00,7122.292,7262.413,7050.689,7111.477,3.197654962539673
2022-03-12 00:00:00,7111.477,7111.477,7111.477,7111.477,0.0
2022-03-13 00:00:00,7143.799,7160.799,7135.289,7155.707,0.052955999970436096
2022-03-14 00:00:00,7155.283,7224.407,7141.377,7176.78,3.096198081970215
2022-03-15 00:00:00,7176.589,7210.499,7075.677,7183.216,3.05908203125
2022-03-16 00:00:00,7182.616,7342.704,7167.574,7314.892,3.328352928161621
2022-03-17 00:00:00,7314.316,7415.904,7257.198,7377.807,2.067884922027588
2022-03-18 00:00:00,7378.207,7454.204,7314.707,7447.177,2.180727005004883
2022-03-19 00:00:00,7447.177,7447.177,7447.177,7447.177,0.0
2022-03-20 00:00:00,7432.713,7433.11,7423.998,7425.299,0.01564200036227703
2022-03-21 00:00:00,7425.613,7466.18,7384.895,7424.101,1.5900269746780396
2022-03-22 00:00:00,7423.61,7494.299,7419.877,7490.574,1.4098050594329834
2022-03-23 00:00:00,7489.777,7521.799,7425.389,7439.207,1.6179709434509277
2022-03-24 00:00:00,7439.58,7494.503,7430.877,7472.201,12.835372924804688
2022-03-25 00:00:00,7472.614,7518.418,7440.051,7510.71,14.188770294189453
2022-03-26 00:00:00,7510.71,7510.71,7510.71,7510.71,0.0
2022-03-27 00:00:00,7506.128,7506.904,7487.697,7494.039,0.2052599936723709
2022-03-28 00:00:00,7493.644,7540.507,7458.814,7495.881,12.563936233520508
2022-03-29 00:00:00,7501.481,7584.498,7496.614,7558.821,21.932720184326172
2022-03-30 00:00:00,7557.006,7581.487,7520.4,7560.62,16.472291946411133
2022-03-31 00:00:00,7565.998,7593.946,7486.961,7502.68,17.109020233154297
2022-04-01 00:00:00,7506.737,7568.583,7498.854,7567.499,18.842844009399414
2022-04-02 00:00:00,7567.499,7567.499,7567.499,7567.499,0.0
2022-04-03 00:00:00,7553.731,7554.965,7544.131,7547.24,0.05056000128388405
2022-04-04 00:00:00,7548.936,7581.676,7531.766,7554.865,13.010939598083496
2022-04-05 00:00:00,7556.763,7616.436,7535.875,7591.755,22.922040939331055
2022-04-06 00:00:00,7592.719,7617.946,7534.296,7560.929,23.276199340820312
2022-04-07 00:00:00,7560.32,7619.749,7531.41,7611.374,21.922439575195312
2022-04-08 00:00:00,7613.271,7670.406,7582.454,7655.876,22.148000717163086
2022-04-09 00:00:00,7655.876,7655.876,7655.876,7655.876,0.0
2022-04-10 00:00:00,7665.916,7666.979,7639.806,7640.683,0.2324800044298172
2022-04-11 00:00:00,7637.758,7662.076,7572.57,7581.972,25.096599578857422
2022-04-12 00:00:00,7585.474,7593.133,7531.303,7562.998,26.9854793548584
2022-04-13 00:00:00,7559.29,7597.38,7543.715,7570.547,21.907419204711914
2022-04-14 00:00:00,7570.946,7622.147,7550.603,7602.738,22.731359481811523
2022-04-15 00:00:00,7602.738,7602.738,7602.738,7602.738,0.0
2022-04-16 00:00:00,7602.738,7602.738,7602.738,7602.738,0.0
2022-04-17 00:00:00,7602.738,7602.738,7602.738,7602.738,0.0
2022-04-18 00:00:00,7602.738,7602.738,7602.738,7602.738,0.0
2022-04-19 00:00:00,7621.464,7632.371,7565.061,7611.46,23.905460357666016
2022-04-20 00:00:00,7624.744,7653.707,7590.29,7627.63,17.188819885253906
2022-04-21 00:00:00,7630.497,7656.59,7536.285,7542.774,18.35453987121582
2022-04-22 00:00:00,7528.833,7609.683,7481.015,7486.92,28.085580825805664
2022-04-23 00:00:00,7486.92,7486.92,7486.92,7486.92,0.0
2022-04-24 00:00:00,7477.84,7502.23,7468.187,7484.943,0.6380800008773804
2022-04-25 00:00:00,7473.981,7479.053,7336.984,7443.931,31.993879318237305
2022-04-26 00:00:00,7445.453,7482.73,7306.243,7352.935,23.82086944580078
2022-04-27 00:00:00,7359.402,7469.351,7341.546,7459.216,25.945159912109375
2022-04-28 00:00:00,7442.572,7569.687,7431.753,7528.95,22.24251937866211
2022-04-29 00:00:00,7545.426,7580.32,7437.053,7442.323,23.946420669555664
2022-04-30 00:00:00,7442.323,7442.323,7442.323,7442.323,0.0
2022-05-01 00:00:00,7435.407,7471.395,7426.216,7442.692,0.10660800337791443
2022-05-02 00:00:00,7442.892,7508.816,7387.899,7462.78,5.618893146514893
2022-05-03 00:00:00,7460.064,7576.404,7460.064,7559.469,24.737808227539062
2022-05-04 00:00:00,7557.725,7584.392,7487.383,7556.113,13.150318145751953
2022-05-05 00:00:00,7565.392,7621.41,7459.761,7497.806,5.61582612991333
2022-05-06 00:00:00,7497.538,7503.559,7352.899,7374.116,3.2505500316619873
2022-05-07 00:00:00,7374.116,7374.116,7374.116,7374.116,0.0
2022-05-08 00:00:00,7358.013,7371.295,7332.906,7344.702,0.02172200009226799
2022-05-09 00:00:00,7352.467,7392.087,7181.877,7224.054,49.74437713623047
2022-05-10 00:00:00,7220.707,7311.195,7155.174,7254.046,64.98204040527344
2022-05-11 00:00:00,7249.898,7355.404,7233.71,7260.614,49.783729553222656
2022-05-12 00:00:00,7259.725,7273.799,7155.713,7253.357,16.361148834228516
2022-05-13 00:00:00,7245.361,7440.076,7244.654,7423.213,32.47124099731445
2022-05-14 00:00:00,7423.213,7423.213,7423.213,7423.213,0.0
2022-05-15 00:00:00,7439.707,7474.697,7439.189,7458.567,0.9442840218544006
2022-05-16 00:00:00,7457.823,7506.81,7359.003,7468.186,37.01952362060547
2022-05-17 00:00:00,7463.95,7543.3,7457.511,7525.792,35.7239990234375
2022-05-18 00:00:00,7526.9,7542.916,7342.408,7353.36,27.364452362060547
2022-05-19 00:00:00,7354.714,7397.701,7226.177,7338.579,50.60188674926758
2022-05-20 00:00:00,7332.833,7454.544,7320.677,7389.807,30.822582244873047
2022-05-21 00:00:00,7389.807,7389.807,7389.807,7389.807,0.0
2022-05-22 00:00:00,7427.689,7443.646,7411.077,7430.72,0.5512099862098694
2022-05-23 00:00:00,7444.138,7518.204,7413.467,7478.705,21.344345092773438
2022-05-24 00:00:00,7470.403,7536.913,7426.398,7523.432,17.0333194732666
2022-05-25 00:00:00,7530.683,7561.41,7492.559,7520.451,30.223445892333984
2022-05-26 00:00:00,7523.076,7580.676,7500.449,7559.483,31.702539443969727
2022-05-27 00:00:00,7557.128,7599.198,7537.945,7589.598,26.491512298583984
2022-05-28 00:00:00,7589.598,7589.598,7589.598,7589.598,0.0
2022-05-29 00:00:00,7577.086,7598.801,7573.692,7583.137,0.7027320265769958
2022-05-30 00:00:00,7593.068,7625.582,7574.216,7608.277,19.34218978881836
2022-05-31 00:00:00,7613.61,7647.91,7575.782,7601.513,24.08212661743164
2022-06-01 00:00:00,7618.692,7637.83,7515.674,7532.499,23.245271682739258
2022-06-02 00:00:00,7532.798,7598.504,7524.48,7589.501,0.5310959815979004
2022-06-03 00:00:00,7589.098,7597.51,7541.086,7572.486,0.4742160141468048
2022-06-04 00:00:00,7572.486,7572.486,7572.486,7572.486,0.0
2022-06-05 00:00:00,7575.392,7583.689,7558.201,7582.995,0.05448000133037567
2022-06-06 00:00:00,7565.71,7645.575,7564.698,7602.516,14.929129600524902
2022-06-07 00:00:00,7603.853,7630.916,7568.413,7612.553,12.814664840698242
2022-06-08 00:00:00,7614.557,7635.413,7548.624,7566.551,16.88956069946289
2022-06-09 00:00:00,7564.874,7573.674,7418.389,7431.052,22.091638565063477
2022-06-10 00:00:00,7423.611,7450.666,7292.552,7353.474,29.638158798217773
2022-06-11 00:00:00,7353.474,7353.474,7353.474,7353.474,0.0
2022-06-12 00:00:00,7301.907,7314.593,7291.677,7299.317,0.8103020191192627
2022-06-13 00:00:00,7291.703,7301.917,7172.434,7222.791,20.814016342163086
2022-06-14 00:00:00,7229.383,7271.886,7133.867,7207.656,7.73762321472168
2022-06-15 00:00:00,7210.014,7315.796,7182.383,7307.743,13.768906593322754
2022-06-16 00:00:00,7321.389,7330.874,6993.119,7014.601,4.630456924438477
2022-06-17 00:00:00,7025.883,7130.874,6990.463,6997.993,20.15018081665039
2022-06-18 00:00:00,6997.993,6997.993,6997.993,6997.993,0.0
2022-06-19 00:00:00,7013.39,7029.846,6997.917,7022.894,0.5454000234603882
2022-06-20 00:00:00,7033.069,7129.881,6964.453,7111.549,20.40117073059082
2022-06-21 00:00:00,7115.831,7192.964,7104.796,7138.339,20.070720672607422
2022-06-22 00:00:00,7132.726,7132.726,7027.73,7049.851,27.203779220581055
2022-06-23 00:00:00,7043.013,7115.984,6990.001,7010.293,21.56644058227539
2022-06-24 00:00:00,7012.052,7243.597,7011.824,7240.526,22.61178970336914
2022-06-25 00:00:00,7240.526,7240.526,7240.526,7240.526,0.0
2022-06-26 00:00:00,7232.341,7240.564,7210.701,7212.72,0.5203199982643127
2022-06-27 00:00:00,7212.56,7284.766,7207.984,7253.231,22.042678833007812
2022-06-28 00:00:00,7252.734,7360.934,7235.5,7275.833,27.619029998779297
2022-06-29 00:00:00,7279.593,7345.735,7246.76,7293.698,29.155420303344727
2022-06-30 00:00:00,7291.801,7299.146,7109.208,7203.458,29.80489158630371
2022-07-01 00:00:00,7199.721,7236.977,7098.425,7228.099,27.639251708984375
2022-07-02 00:00:00,7228.099,7228.099,7228.099,7228.099,0.0
2022-07-03 00:00:00,7212.686,7226.406,7198.371,7204.494,0.3016499876976013
2022-07-04 00:00:00,7201.664,7291.316,7175.077,7258.954,15.528349876403809
2022-07-05 00:00:00,7256.063,7278.833,7010.905,7083.132,31.98866081237793
2022-07-06 00:00:00,7093.587,7199.694,7068.984,7151.807,30.345050811767578
2022-07-07 00:00:00,7153.3,7213.117,7127.863,7190.564,23.283220291137695
2022-07-08 00:00:00,7189.888,7211.263,7125.63,7186.983,29.66463279724121
2022-07-09 00:00:00,7186.983,7186.983,7186.983,7186.983,0.0
2022-07-10 00:00:00,7171.447,7180.68,7160.48,7176.267,0.32190001010894775
2022-07-11 00:00:00,7182.303,7214.671,7094.442,7184.621,27.02644920349121
2022-07-12 00:00:00,7194.75,7224.756,7139.039,7181.9,22.174610137939453
2022-07-13 00:00:00,7182.458,7210.306,7102.181,7146.332,21.10264015197754
2022-07-14 00:00:00,7126.304,7186.413,7006.567,7091.346,33.909019470214844
2022-07-15 00:00:00,7088.602,7173.967,7036.519,7173.194,23.91497039794922
2022-07-16 00:00:00,7173.194,7173.194,7173.194,7173.194,0.0
2022-07-17 00:00:00,7181.777,7182.176,7168.422,7178.46,0.18347999453544617
2022-07-18 00:00:00,7175.135,7269.58,7156.177,7195.685,18.79460906982422
2022-07-19 00:00:00,7192.96,7330.456,7173.541,7315.157,20.454654693603516
2022-07-20 00:00:00,7313.56,7348.58,7230.924,7247.953,26.162084579467773
2022-07-21 00:00:00,7245.1,7294.236,7198.498,7260.388,27.279884338378906
2022-07-22 00:00:00,7268.503,7315.233,7229.819,7252.548,22.330039978027344
2022-07-23 00:00:00,7252.548,7252.548,7252.548,7252.548,0.0
2022-07-24 00:00:00,7232.57,7247.794,7229.242,7240.486,0.1393599957227707
2022-07-25 00:00:00,7242.651,7325.777,7236.977,7300.75,20.35371971130371
2022-07-26 00:00:00,7295.744,7365.448,7279.783,7320.31,18.929664611816406
2022-07-27 00:00:00,7317.546,7385.501,7314.047,7372.57,16.742294311523438
2022-07-28 00:00:00,7369.656,7399.843,7307.302,7376.131,21.063684463500977
2022-07-29 00:00:00,7360.718,7451.466,7350.571,7448.591,20.297000885009766
2022-07-30 00:00:00,7448.591,7448.591,7448.591,7448.591,0.0
2022-07-31 00:00:00,7436.304,7439.674,7419.174,7434.009,0.16088299453258514
2022-08-01 00:00:00,7411.71,7471.905,7393.044,7398.376,2.415081024169922
2022-08-02 00:00:00,7393.889,7433.395,7372.904,7392.167,5.616573810577393
2022-08-03 00:00:00,7392.07,7466.31,7368.681,7432.161,2.501317024230957
2022-08-04 00:00:00,7430.706,7491.833,7416.723,7432.684,22.569507598876953
2022-08-05 00:00:00,7435.954,7470.89,7416.877,7447.41,25.5916805267334
2022-08-06 00:00:00,7447.41,7447.41,7447.41,7447.41,0.0
2022-08-07 00:00:00,7449.701,7452.099,7430.964,7442.164,0.3025659918785095
2022-08-08 00:00:00,7446.903,7514.12,7445.797,7488.917,22.292512893676758
2022-08-09 00:00:00,7483.452,7504.734,7468.635,7484.301,21.369064331054688
2022-08-10 00:00:00,7484.847,7528.77,7464.872,7489.634,21.01669692993164
2022-08-11 00:00:00,7495.738,7520.276,7455.105,7470.004,19.848299026489258
2022-08-12 00:00:00,7465.088,7545.311,7460.19,7538.916,18.050615310668945
2022-08-13 00:00:00,7538.916,7538.916,7538.916,7538.916,0.0
2022-08-14 00:00:00,7529.48,7533.917,7521.711,7522.924,0.21138200163841248
2022-08-15 00:00:00,7529.395,7542.23,7462.103,7527.362,16.353853225708008
2022-08-16 00:00:00,7528.898,7564.299,7518.157,7556.319,9.412491798400879
2022-08-17 00:00:00,7555.874,7568.907,7498.274,7502.343,16.91156005859375
2022-08-18 00:00:00,7502.866,7564.404,7491.057,7554.934,14.393508911132812
2022-08-19 00:00:00,7561.729,7578.173,7511.404,7546.383,19.139551162719727
2022-08-20 00:00:00,7546.383,7546.383,7546.383,7546.383,0.0
2022-08-21 00:00:00,7529.607,7543.413,7523.989,7529.908,0.16458599269390106
2022-08-22 00:00:00,7523.574,7549.58,7488.637,7523.455,10.599266052246094
2022-08-23 00:00:00,7536.901,7536.901,7465.884,7484.432,20.468421936035156
2022-08-24 00:00:00,7483.174,7493.973,7407.911,7466.833,16.1829891204834
2022-08-25 00:00:00,7468.38,7535.763,7461.898,7498.567,16.936017990112305
2022-08-26 00:00:00,7498.15,7530.246,7386.295,7394.516,23.554716110229492
2022-08-27 00:00:00,7394.516,7394.516,7394.516,7394.516,0.0
2022-08-28 00:00:00,7353.88,7374.604,7342.874,7357.377,0.08613599836826324
2022-08-29 00:00:00,7355.986,7414.595,7341.989,7406.126,0.5625979900360107
2022-08-30 00:00:00,7403.662,7486.888,7327.605,7335.871,27.06525421142578
2022-08-31 00:00:00,7335.956,7392.106,7226.035,7242.53,31.890987396240234
2022-09-01 00:00:00,7240.904,7250.676,7129.392,7183.248,25.5189208984375
2022-09-02 00:00:00,7186.841,7289.704,7150.413,7210.013,13.161409378051758
2022-09-03 00:00:00,7210.013,7210.013,7210.013,7210.013,0.0
2022-09-04 00:00:00,7195.407,7219.308,7181.295,7218.824,0.149167999625206
2022-09-05 00:00:00,7219.652,7294.88,7183.187,7280.764,11.739289283752441
2022-09-06 00:00:00,7278.401,7324.999,7247.059,7250.103,13.225977897644043
2022-09-07 00:00:00,7252.433,7272.804,7184.677,7240.236,19.109899520874023
2022-09-08 00:00:00,7238.937,7275.501,7173.89,7252.797,23.931543350219727
2022-09-09 00:00:00,7259.401,7387.483,7258.407,7378.974,21.229516983032227
2022-09-10 00:00:00,7378.974,7378.974,7378.974,7378.974,0.0
2022-09-11 00:00:00,7387.98,7400.051,7384.374,7394.25,0.08894599974155426
2022-09-12 00:00:00,7396.079,7483.201,7370.084,7460.011,13.917828559875488
2022-09-13 00:00:00,7455.863,7515.795,7319.177,7342.094,22.197446823120117
2022-09-14 00:00:00,7337.499,7349.35,7257.836,7313.436,17.61788558959961
2022-09-15 00:00:00,7312.383,7329.458,7220.576,7241.44,6.260931015014648
2022-09-16 00:00:00,7246.88,7297.27,7219.584,7250.499,28.423038482666016
2022-09-17 00:00:00,7250.499,7250.499,7250.499,7250.499,0.0
2022-09-18 00:00:00,7248.786,7257.416,7231.677,7248.974,0.06247200071811676
2022-09-19 00:00:00,7250.504,7284.289,7197.904,7274.621,0.7602999806404114
2022-09-20 00:00:00,7251.883,7327.846,7158.739,7185.303,26.58554458618164
2022-09-21 00:00:00,7184.087,7281.186,7162.492,7164.681,13.259859085083008
2022-09-22 00:00:00,7147.901,7245.683,7139.177,7179.38,12.550762176513672
2022-09-23 00:00:00,7182.234,7195.516,6981.713,7022.804,12.728719711303711
2022-09-24 00:00:00,7022.804,7022.804,7022.804,7022.804,0.0
2022-09-25 00:00:00,6998.016,7033.731,6988.48,7012.804,0.360493004322052
2022-09-26 00:00:00,7032.377,7079.999,6941.714,7011.873,23.413063049316406
2022-09-27 00:00:00,7014.581,7070.98,6931.083,6964.9,23.8857421875
2022-09-28 00:00:00,6964.499,7048.201,6833.917,7022.501,31.386058807373047
2022-09-29 00:00:00,7017.698,7034.499,6826.423,6893.412,31.613998413085938
2022-09-30 00:00:00,6883.561,6953.827,6815.701,6848.892,40.06018829345703
2022-10-01 00:00:00,6848.892,6848.892,6848.892,6848.892,0.0
2022-10-02 00:00:00,6814.995,6847.899,6787.719,6799.523,0.3619700074195862
2022-10-03 00:00:00,6803.696,6933.492,6782.401,6921.581,30.490690231323242
2022-10-04 00:00:00,6924.009,7089.499,6909.299,7052.849,17.501766204833984
2022-10-05 00:00:00,7055.183,7084.195,6976.411,7077.66,15.39937686920166
2022-10-06 00:00:00,7064.207,7103.904,6958.895,6977.107,31.929466247558594
2022-10-07 00:00:00,6975.677,7021.991,6958.18,6974.298,35.18441390991211
2022-10-08 00:00:00,6974.298,6974.298,6974.298,6974.298,0.0
2022-10-09 00:00:00,6948.813,6965.477,6929.498,6960.001,0.33672499656677246
2022-10-10 00:00:00,6959.848,6999.799,6920.98,6968.616,20.39725685119629
2022-10-11 00:00:00,6965.729,6966.195,6848.782,6867.55,37.94818878173828
2022-10-12 00:00:00,6870.689,6925.361,6792.543,6817.525,30.027999877929688
2022-10-13 00:00:00,6805.504,6904.898,6705.129,6887.211,29.190263748168945
2022-10-14 00:00:00,6892.183,6976.846,6823.383,6830.495,21.299619674682617
2022-10-15 00:00:00,6830.495,6830.495,6830.495,6830.495,0.0
2022-10-16 00:00:00,6826.58,6852.416,6823.113,6845.994,0.29361799359321594
2022-10-17 00:00:00,6847.423,6961.739,6830.916,6942.253,23.034318923950195
2022-10-18 00:00:00,7003.067,7018.499,6940.176,6943.404,4.339615821838379
2022-10-19 00:00:00,6978.777,6999.701,6890.154,6911.096,31.186748504638672
2022-10-20 00:00:00,6917.207,6955.195,6888.683,6905.793,18.047452926635742
2022-10-21 00:00:00,6904.577,7009.599,6861.404,7003.907,30.479881286621094
2022-10-22 00:00:00,7003.907,7003.907,7003.907,7003.907,0.0
2022-10-23 00:00:00,7037.186,7068.598,7015.56,7018.063,0.35782501101493835
2022-10-24 00:00:00,7015.967,7048.73,6911.498,7023.393,44.30036163330078
2022-10-25 00:00:00,7024.195,7031.751,6947.227,6993.354,23.038101196289062
2022-10-26 00:00:00,6992.674,7059.333,6957.686,7046.028,24.76076889038086
2022-10-27 00:00:00,7045.666,7091.198,6991.975,7028.106,17.3812198638916
2022-10-28 00:00:00,7022.413,7080.583,6990.985,7079.286,29.608722686767578
2022-10-29 00:00:00,7079.286,7079.286,7079.286,7079.286,0.0
2022-10-30 00:00:00,7060.334,7070.029,7057.183,7062.696,0.25635001063346863
2022-10-31 00:00:00,7063.045,7133.876,7027.374,7107.45,29.668087005615234
2022-11-01 00:00:00,7107.447,7221.22,7105.161,7179.739,30.550113677978516
2022-11-02 00:00:00,7180.217,7208.559,7086.177,7094.651,26.761856079101562
2022-11-03 00:00:00,7094.223,7204.06,7071.903,7180.66,23.472097396850586
2022-11-04 00:00:00,7180.998,7377.126,7174.594,7343.383,40.0067253112793
2022-11-05 00:00:00,7343.383,7343.383,7343.383,7343.383,0.0
2022-11-06 00:00:00,7317.913,7335.09,7317.913,7323.58,0.1712300032377243
2022-11-07 00:00:00,7324.186,7346.697,7253.986,7266.305,23.197275161743164
2022-11-08 00:00:00,7266.101,7317.799,7241.183,7304.704,13.622432708740234
2022-11-09 00:00:00,7304.218,7310.198,7251.88,7263.81,10.974520683288574
2022-11-10 00:00:00,7263.295,7405.087,7250.977,7395.196,35.09977340698242
2022-11-11 00:00:00,7395.574,7428.111,7315.104,7336.401,27.86290168762207
2022-11-12 00:00:00,7336.401,7336.401,7336.401,7336.401,0.0
2022-11-13 00:00:00,7311.113,7330.204,7311.113,7326.52,0.1331550031900406
2022-11-14 00:00:00,7325.907,7414.401,7316.386,7360.746,21.426801681518555
2022-11-15 00:00:00,7361.003,7412.907,7311.389,7329.577,15.081442832946777
2022-11-16 00:00:00,7329.374,7394.207,7301.704,7331.986,22.073930740356445
2022-11-17 00:00:00,7331.861,7379.701,7292.42,7355.374,18.611141204833984
2022-11-18 00:00:00,7355.591,7424.174,7348.923,7384.299,21.358646392822266
2022-11-19 00:00:00,7384.299,7384.299,7384.299,7384.299,0.0
2022-11-20 00:00:00,7396.974,7397.799,7382.474,7386.786,0.05996000021696091
2022-11-21 00:00:00,7387.137,7416.066,7341.001,7402.298,19.587217330932617
2022-11-22 00:00:00,7402.295,7473.716,7393.99,7466.286,23.265024185180664
2022-11-23 00:00:00,7466.31,7498.524,7450.77,7462.904,19.47718048095703
2022-11-24 00:00:00,7463.054,7487.799,7440.414,7467.389,8.41633129119873
2022-11-25 00:00:00,7467.392,7497.707,7457.304,7485.03,8.05729866027832
2022-11-26 00:00:00,7485.03,7485.03,7485.03,7485.03,0.0
2022-11-27 00:00:00,7468.992,7480.313,7466.299,7466.551,0.03831399977207184
2022-11-28 00:00:00,7466.698,7497.689,7420.412,7472.11,8.535599708557129
2022-11-29 00:00:00,7472.083,7543.201,7468.377,7528.999,11.617141723632812
2022-11-30 00:00:00,7529.15,7619.098,7523.94,7612.586,19.255203247070312
2022-12-01 00:00:00,7612.604,7616.813,7542.001,7549.507,16.328943252563477
2022-12-02 00:00:00,7549.474,7570.781,7504.392,7539.58,17.610681533813477
2022-12-03 00:00:00,7539.58,7539.58,7539.58,7539.58,0.0
2022-12-04 00:00:00,7551.18,7551.792,7539.28,7549.08,0.044975001364946365
2022-12-05 00:00:00,7549.095,7598.201,7542.812,7555.021,15.496689796447754
2022-12-06 00:00:00,7555.964,7577.01,7501.686,7552.695,21.744884490966797
2022-12-07 00:00:00,7552.799,7567.861,7485.59,7497.064,15.360461235046387
2022-12-08 00:00:00,7496.582,7510.941,7461.394,7470.683,20.6771183013916
2022-12-09 00:00:00,7470.216,7498.956,7428.674,7455.904,12.890567779541016
2022-12-10 00:00:00,7455.904,7455.904,7455.904,7455.904,0.0
2022-12-11 00:00:00,7456.895,7456.895,7441.006,7446.974,0.0516510009765625
2022-12-12 00:00:00,7446.792,7475.204,7437.497,7464.116,15.3358736038208
2022-12-13 00:00:00,7464.089,7551.607,7425.52,7484.613,39.91336441040039
2022-12-14 00:00:00,7484.607,7506.499,7453.274,7466.016,19.524932861328125
2022-12-15 00:00:00,7466.001,7493.799,7408.195,7440.395,15.622276306152344
2022-12-16 00:00:00,7440.398,7461.999,7303.674,7329.886,29.99351692199707
2022-12-17 00:00:00,7329.886,7329.886,7329.886,7329.886,0.0
2022-12-18 00:00:00,7340.18,7355.57,7337.795,7343.26,0.1298220008611679
2022-12-19 00:00:00,7343.281,7385.967,7337.976,7361.869,25.105119705200195
2022-12-20 00:00:00,7361.92,7390.216,7294.22,7385.835,28.126049041748047
2022-12-21 00:00:00,7386.323,7520.284,7375.434,7507.413,18.54736328125
2022-12-22 00:00:00,7507.416,7540.389,7425.09,7472.134,16.34149932861328
2022-12-23 00:00:00,7471.684,7495.716,7416.889,7473.913,4.156339168548584
2022-12-24 00:00:00,7473.913,7473.913,7473.913,7473.913,0.0
2022-12-25 00:00:00,7473.913,7473.913,7473.913,7473.913,0.0
2022-12-26 00:00:00,7490.599,7503.301,7484.074,7498.107,0.033263999968767166
2022-12-27 00:00:00,7497.916,7504.41,7445.089,7467.274,2.2135980129241943
2022-12-28 00:00:00,7470.21,7547.299,7453.97,7482.652,3.864008903503418
2022-12-29 00:00:00,7483.16,7523.704,7429.201,7499.51,3.656722068786621
2022-12-30 00:00:00,7499.507,7518.834,7428.316,7459.51,1.8525609970092773
2022-12-31 00:00:00,7459.51,7459.51,7459.51,7459.51,0.0
2023-01-01 00:00:00,7459.51,7459.51,7459.51,7459.51,0.0
2023-01-02 00:00:00,7470.289,7612.104,7437.504,7484.316,0.135220006108284
2023-01-03 00:00:00,7483.899,7625.207,7411.18,7559.88,9.02703857421875
2023-01-04 00:00:00,7559.883,7609.874,7553.471,7573.814,18.4914493560791
2023-01-05 00:00:00,7574.085,7660.173,7555.667,7640.33,14.550772666931152
2023-01-06 00:00:00,7640.827,7719.916,7636.604,7710.177,16.514619827270508
2023-01-07 00:00:00,7710.177,7710.177,7710.177,7710.177,0.0
2023-01-08 00:00:00,7725.904,7730.161,7718.916,7728.374,0.08379700034856796
2023-01-09 00:00:00,7728.416,7730.574,7670.499,7673.783,18.52625274658203
2023-01-10 00:00:00,7674.786,7717.899,7660.577,7715.777,27.204072952270508
2023-01-11 00:00:00,7715.795,7773.201,7697.674,7744.686,13.348807334899902
2023-01-12 00:00:00,7744.686,7814.213,7737.389,7809.604,33.578819274902344
2023-01-13 00:00:00,7809.607,7864.716,7800.38,7850.277,17.4158992767334
2023-01-14 00:00:00,7850.277,7850.277,7850.277,7850.277,0.0
2023-01-15 00:00:00,7859.099,7859.504,7848.377,7851.886,0.04110100120306015
2023-01-16 00:00:00,7851.913,7867.093,7837.189,7858.283,8.674483299255371
2023-01-17 00:00:00,7858.78,7875.895,7825.995,7832.81,7.560593128204346
2023-01-18 00:00:00,7832.777,7867.397,7780.974,7791.18,20.258623123168945
2023-01-19 00:00:00,7791.195,7803.836,7724.174,7769.095,24.70628547668457
2023-01-20 00:00:00,7769.592,7796.299,7746.695,7790.216,22.911325454711914
2023-01-21 00:00:00,7790.216,7790.216,7790.216,7790.216,0.0
2023-01-22 00:00:00,7787.677,7790.213,7777.48,7781.874,0.0887560024857521
2023-01-23 00:00:00,7781.877,7811.177,7765.299,7793.183,16.44032859802246
2023-01-24 00:00:00,7793.08,7805.913,7735.186,7744.483,24.470827102661133
2023-01-25 00:00:00,7744.501,7773.383,7710.281,7759.799,10.990859031677246
2023-01-26 00:00:00,7759.701,7786.192,7747.68,7761.113,11.613389015197754
2023-01-27 00:00:00,7761.11,7780.999,7740.689,7759.213,19.618114471435547
2023-01-28 00:00:00,7759.213,7759.213,7759.213,7759.213,0.0
2023-01-29 00:00:00,7752.899,7764.016,7747.098,7752.295,0.1032710000872612
2023-01-30 00:00:00,7752.289,7792.674,7711.177,7780.995,27.58106231689453
2023-01-31 00:00:00,7780.577,7794.198,7705.683,7774.613,23.98827362060547
2023-02-01 00:00:00,7774.592,7810.533,7739.271,7800.999,20.034290313720703
2023-02-02 00:00:00,7800.907,7848.493,7771.68,7802.739,14.705559730529785
2023-02-03 00:00:00,7803.223,7912.639,7801.791,7893.701,20.8948917388916
2023-02-04 00:00:00,7893.701,7893.701,7893.701,7893.701,0.0
2023-02-05 00:00:00,7884.395,7896.41,7871.58,7890.647,0.12913300096988678
2023-02-06 00:00:00,7890.174,7893.996,7806.42,7852.657,16.682390213012695
2023-02-07 00:00:00,7852.608,7907.361,7840.531,7893.892,23.05433464050293
2023-02-08 00:00:00,7894.061,7934.494,7868.698,7890.313,23.433759689331055
2023-02-09 00:00:00,7890.789,7948.58,7887.186,7894.552,21.18030548095703
2023-02-10 00:00:00,7895.524,7913.46,7849.087,7890.913,25.325586318969727
2023-02-11 00:00:00,7890.913,7890.913,7890.913,7890.913,0.0
2023-02-12 00:00:00,7884.007,7885.198,7872.413,7875.634,0.21714499592781067
2023-02-13 00:00:00,7875.43,7964.213,7866.677,7956.787,16.782672882080078
2023-02-14 00:00:00,7956.991,7999.396,7944.088,7989.287,22.698999404907227
2023-02-15 00:00:00,7989.308,8030.308,7920.831,8014.387,27.139848709106445
2023-02-16 00:00:00,8014.476,8045.511,7977.396,7996.754,15.540573120117188
2023-02-17 00:00:00,7997.231,8021.793,7954.928,8011.873,11.574830055236816
2023-02-18 00:00:00,8011.873,8011.873,8011.873,8011.873,0.0
2023-02-19 00:00:00,8003.013,8006.283,7993.91,8006.283,0.025032000616192818
2023-02-20 00:00:00,8006.786,8029.206,7994.177,8007.577,6.54266881942749
2023-02-21 00:00:00,8007.806,8012.799,7951.414,7971.128,11.974099159240723
2023-02-22 00:00:00,7971.143,7975.586,7877.677,7909.892,18.572044372558594
2023-02-23 00:00:00,7909.91,7945.216,7888.189,7927.792,23.57387924194336
2023-02-24 00:00:00,7927.807,7947.299,7869.195,7912.71,24.910446166992188
2023-02-25 00:00:00,7912.71,7912.71,7912.71,7912.71,0.0
2023-02-26 00:00:00,7912.383,7916.095,7905.174,7913.604,0.05673599988222122
2023-02-27 00:00:00,7913.58,7949.698,7904.207,7940.407,22.409147262573242
2023-02-28 00:00:00,7940.374,7948.81,7853.413,7856.774,14.935256958007812
2023-03-01 00:00:00,7857.792,7951.41,7848.874,7914.898,16.797889709472656
2023-03-02 00:00:00,7914.76,7969.651,7874.322,7952.683,20.299346923828125
2023-03-03 00:00:00,7952.689,7975.5,7917.883,7953.704,13.956555366516113
2023-03-04 00:00:00,7953.704,7953.704,7953.704,7953.704,0.0
2023-03-05 00:00:00,7943.316,7946.807,7938.874,7944.795,0.027236999943852425
2023-03-06 00:00:00,7944.804,7957.387,7896.062,7934.905,11.413931846618652
2023-03-07 00:00:00,7934.807,7959.947,7886.985,7899.574,16.634475708007812
2023-03-08 00:00:00,7899.565,7949.689,7888.188,7915.416,10.174677848815918
2023-03-09 00:00:00,7915.38,7918.713,7792.792,7800.065,16.923810958862305
2023-03-10 00:00:00,7800.032,7805.31,7678.686,7685.189,18.346202850341797
2023-03-11 00:00:00,7685.189,7685.189,7685.189,7685.189,0.0
2023-03-12 00:00:00,7719.277,7765.013,7715.786,7740.561,0.016130000352859497
2023-03-13 00:00:00,7739.815,7757.682,7528.787,7539.454,64.95709228515625
2023-03-14 00:00:00,7540.892,7643.21,7499.626,7622.989,20.91536521911621
2023-03-15 00:00:00,7623.013,7639.916,7317.177,7370.398,35.91303634643555
2023-03-16 00:00:00,7370.395,7465.526,7327.606,7453.984,16.643320083618164
2023-03-17 00:00:00,7453.978,7510.915,7308.718,7311.198,35.80769348144531
2023-03-18 00:00:00,7311.198,7311.198,7311.198,7311.198,0.0
2023-03-19 00:00:00,7351.116,7359.507,7330.922,7353.095,0.011811000294983387
2023-03-20 00:00:00,7353.199,7431.198,7204.731,7416.916,27.198890686035156
2023-03-21 00:00:00,7416.892,7567.428,7410.358,7556.283,12.48002815246582
2023-03-22 00:00:00,7556.31,7589.597,7500.725,7511.177,10.135965347290039
2023-03-23 00:00:00,7511.055,7552.467,7415.195,7443.491,27.759395599365234
2023-03-24 00:00:00,7443.958,7474.902,7333.483,7427.216,28.740718841552734
2023-03-25 00:00:00,7427.216,7427.216,7427.216,7427.216,0.0
2023-03-26 00:00:00,7424.51,7445.883,7415.665,7443.452,0.24670200049877167
2023-03-27 00:00:00,7453.052,7508.107,7426.001,7507.074,20.25884437561035
2023-03-28 00:00:00,7501.308,7523.935,7450.684,7474.501,18.98285484313965
2023-03-29 00:00:00,7485.872,7577.932,7469.287,7557.21,17.878875732421875
2023-03-30 00:00:00,7554.411,7639.052,7554.111,7626.226,21.742685317993164
2023-03-31 00:00:00,7620.255,7658.521,7616.542,7643.207,15.65896224975586
2023-04-01 00:00:00,7643.207,7643.207,7643.207,7643.207,0.0
2023-04-02 00:00:00,7642.086,7655.408,7634.23,7649.644,0.32414600253105164
2023-04-03 00:00:00,7651.13,7698.795,7642.332,7683.555,16.84741973876953
2023-04-04 00:00:00,7689.227,7726.908,7625.702,7644.407,19.358278274536133
2023-04-05 00:00:00,7645.138,7678.882,7632.99,7662.231,16.19597625732422
2023-04-06 00:00:00,7662.781,7761.513,7653.49,7746.611,16.759571075439453
2023-04-07 00:00:00,7746.611,7746.611,7746.611,7746.611,0.0
2023-04-08 00:00:00,7746.611,7746.611,7746.611,7746.611,0.0
2023-04-09 00:00:00,7746.611,7746.611,7746.611,7746.611,0.0
2023-04-10 00:00:00,7746.611,7746.611,7746.611,7746.611,0.0
2023-04-11 00:00:00,7776.683,7808.962,7754.587,7785.807,2.0702250003814697
2023-04-12 00:00:00,7785.252,7861.062,7774.595,7794.611,17.736867904663086
2023-04-13 00:00:00,7794.787,7866.799,7793.805,7855.574,16.092798233032227
2023-04-14 00:00:00,7855.928,7902.847,7847.683,7884.404,21.728830337524414
2023-04-15 00:00:00,7884.404,7884.404,7884.404,7884.404,0.0
2023-04-16 00:00:00,7887.392,7896.813,7885.492,7889.999,0.07796899974346161
2023-04-17 00:00:00,7897.682,7915.907,7873.031,7896.737,7.7042951583862305
2023-04-18 00:00:00,7896.024,7917.38,7879.674,7904.912,14.936838150024414
2023-04-19 00:00:00,7904.108,7913.413,7869.174,7875.007,11.867963790893555
2023-04-20 00:00:00,7889.299,7915.107,7872.533,7895.281,12.722790718078613
2023-04-21 00:00:00,7900.335,7937.216,7883.883,7912.383,9.53261661529541
2023-04-22 00:00:00,7912.383,7912.383,7912.383,7912.383,0.0
2023-04-23 00:00:00,7881.989,7904.899,7881.989,7900.196,0.02161099947988987
2023-04-24 00:00:00,7907.358,7927.213,7876.195,7904.395,6.640880107879639
2023-04-25 00:00:00,7902.402,7909.383,7849.961,7873.015,16.55293083190918
2023-04-26 00:00:00,7863.654,7893.513,7815.68,7827.527,13.5538969039917
2023-04-27 00:00:00,7826.025,7887.255,7815.372,7859.002,16.013402938842773
2023-04-28 00:00:00,7860.761,7879.908,7789.112,7865.699,19.682619094848633
2023-04-29 00:00:00,7865.699,7865.699,7865.699,7865.699,0.0
2023-04-30 00:00:00,7860.292,7869.183,7853.877,7858.01,0.02354400046169758
2023-05-01 00:00:00,7857.813,7890.395,7851.992,7857.78,0.5485560297966003
2023-05-02 00:00:00,7851.691,7896.955,7762.89,7797.814,19.655202865600586
2023-05-03 00:00:00,7797.732,7818.622,7712.849,7742.121,19.502948760986328
2023-05-04 00:00:00,7731.215,7780.895,7688.18,7724.898,37.42784118652344
2023-05-05 00:00:00,7722.955,7808.216,7715.201,7796.404,12.382444381713867
2023-05-06 00:00:00,7796.404,7796.404,7796.404,7796.404,0.0
2023-05-07 00:00:00,7796.404,7796.404,7796.404,7796.404,0.0
2023-05-08 00:00:00,7801.177,7801.599,7797.774,7799.499,0.011087999679148197
2023-05-09 00:00:00,7788.101,7808.799,7732.387,7762.67,5.034652233123779
2023-05-10 00:00:00,7759.938,7780.216,7706.68,7739.201,4.170594215393066
2023-05-11 00:00:00,7736.275,7784.683,7680.099,7745.154,2.668246030807495
2023-05-12 00:00:00,7744.777,7773.216,7734.713,7755.713,2.7106099128723145
2023-05-13 00:00:00,7755.713,7755.713,7755.713,7755.713,0.0
2023-05-14 00:00:00,7744.189,7749.555,7741.98,7748.411,0.003444999922066927
2023-05-15 00:00:00,7748.264,7794.838,7744.374,7776.988,10.06772232055664
2023-05-16 00:00:00,7778.742,7805.399,7722.177,7737.278,17.614234924316406
2023-05-17 00:00:00,7735.071,7759.21,7711.177,7740.866,16.738170623779297
2023-05-18 00:00:00,7741.186,7775.907,7723.189,7756.559,13.219613075256348
2023-05-19 00:00:00,7759.287,7790.213,7745.192,7776.41,20.570287704467773
2023-05-20 00:00:00,7776.41,7776.41,7776.41,7776.41,0.0
2023-05-21 00:00:00,7759.216,7773.116,7759.174,7771.7,0.12460599839687347
2023-05-22 00:00:00,7771.259,7790.107,7749.644,7782.527,10.235994338989258
2023-05-23 00:00:00,7780.388,7800.716,7722.38,7739.347,19.57364845275879
2023-05-24 00:00:00,7737.301,7737.301,7589.189,7630.361,19.194377899169922
2023-05-25 00:00:00,7623.29,7632.177,7560.646,7572.697,12.316888809204102
2023-05-26 00:00:00,7573.188,7643.907,7555.189,7634.21,12.890425682067871
2023-05-27 00:00:00,7634.21,7634.21,7634.21,7634.21,0.0
2023-05-28 00:00:00,7634.21,7634.21,7634.21,7634.21,0.0
2023-05-29 00:00:00,7634.21,7634.21,7634.21,7634.21,0.0
2023-05-30 00:00:00,7633.21,7635.916,7514.892,7533.783,18.691383361816406
2023-05-31 00:00:00,7536.364,7537.947,7438.683,7461.367,30.28160858154297
2023-06-01 00:00:00,7455.201,7507.799,7443.47,7499.383,11.312140464782715
2023-06-02 00:00:00,7499.631,7628.299,7497.383,7616.799,20.66618537902832
2023-06-03 00:00:00,7616.799,7616.799,7616.799,7616.799,0.0
2023-06-04 00:00:00,7609.795,7626.416,7609.795,7613.414,0.23819899559020996
2023-06-05 00:00:00,7621.321,7654.701,7575.274,7579.51,17.592334747314453
2023-06-06 00:00:00,7579.207,7647.099,7554.374,7646.098,10.171968460083008
2023-06-07 00:00:00,7646.186,7646.186,7600.886,7627.58,20.874162673950195
2023-06-08 00:00:00,7629.907,7637.948,7585.713,7606.201,18.364843368530273
2023-06-09 00:00:00,7612.416,7617.725,7544.895,7569.698,15.109575271606445
2023-06-10 00:00:00,7569.698,7569.698,7569.698,7569.698,0.0
2023-06-11 00:00:00,7571.299,7581.107,7566.274,7574.254,0.13180600106716156
2023-06-12 00:00:00,7577.255,7604.713,7554.177,7579.377,16.243289947509766
2023-06-13 00:00:00,7578.661,7610.799,7552.836,7592.292,20.8104305267334
2023-06-14 00:00:00,7587.213,7640.213,7573.686,7588.192,10.350411415100098
2023-06-15 00:00:00,7587.195,7639.698,7577.201,7622.016,15.489585876464844
2023-06-16 00:00:00,7620.407,7688.195,7611.262,7617.21,11.048718452453613
2023-06-17 00:00:00,7617.21,7617.21,7617.21,7617.21,0.0
2023-06-18 00:00:00,7618.977,7621.989,7615.874,7617.316,0.12578900158405304
2023-06-19 00:00:00,7617.456,7625.716,7580.174,7585.48,7.3412251472473145
2023-06-20 00:00:00,7591.862,7607.716,7550.074,7566.148,19.91108512878418
2023-06-21 00:00:00,7564.788,7577.299,7516.374,7542.432,10.984440803527832
2023-06-22 00:00:00,7539.027,7541.999,7449.889,7510.009,11.653641700744629
2023-06-23 00:00:00,7509.061,7514.204,7438.722,7451.192,3.5508430004119873
2023-06-24 00:00:00,7451.192,7451.192,7451.192,7451.192,0.0
2023-06-25 00:00:00,7455.41,7469.518,7454.977,7466.36,0.009372999891638756
2023-06-26 00:00:00,7467.11,7476.416,7399.125,7471.409,4.9008469581604
2023-06-27 00:00:00,7469.042,7498.407,7427.27,7470.555,4.894404888153076
2023-06-28 00:00:00,7470.788,7518.71,7470.674,7504.957,3.8514668941497803
2023-06-29 00:00:00,7511.404,7514.537,7458.201,7485.708,1.7548919916152954
2023-06-30 00:00:00,7490.198,7552.407,7475.502,7548.892,2.927778959274292
2023-07-01 00:00:00,7548.892,7548.892,7548.892,7548.892,0.0
2023-07-02 00:00:00,7546.704,7554.307,7544.074,7549.007,0.002641000086441636
2023-07-03 00:00:00,7550.16,7563.859,7514.188,7531.183,2.218276023864746
2023-07-04 00:00:00,7521.768,7547.374,7515.499,7518.874,0.9621180295944214
2023-07-05 00:00:00,7514.665,7521.597,7433.073,7438.994,5.4103779792785645
2023-07-06 00:00:00,7431.771,7435.037,7266.674,7280.571,15.563623428344727
2023-07-07 00:00:00,7280.981,7288.307,7226.704,7263.389,16.787738800048828
2023-07-08 00:00:00,7263.389,7263.389,7263.389,7263.389,0.0
2023-07-09 00:00:00,7263.299,7270.982,7256.337,7267.348,0.11255999654531479
2023-07-10 00:00:00,7273.742,7306.031,7225.407,7262.61,9.821331977844238
2023-07-11 00:00:00,7259.699,7297.887,7237.398,7291.366,11.937397003173828
2023-07-12 00:00:00,7292.386,7425.677,7289.325,7408.555,15.164926528930664
2023-07-13 00:00:00,7405.182,7457.491,7403.048,7434.944,10.529928207397461
2023-07-14 00:00:00,7430.026,7481.047,7414.524,7417.895,10.631875038146973
2023-07-15 00:00:00,7417.895,7417.895,7417.895,7417.895,0.0
2023-07-16 00:00:00,7412.81,7413.174,7403.651,7406.37,0.08680400252342224
2023-07-17 00:00:00,7409.324,7437.735,7392.877,7408.499,11.410024642944336
2023-07-18 00:00:00,7405.78,7462.716,7396.201,7456.813,11.166258811950684
2023-07-19 00:00:00,7456.21,7625.892,7451.174,7572.494,20.41759490966797
2023-07-20 00:00:00,7575.063,7661.692,7574.971,7643.218,16.433391571044922
2023-07-21 00:00:00,7646.799,7674.383,7634.886,7670.189,8.537843704223633
2023-07-22 00:00:00,7670.189,7670.189,7670.189,7670.189,0.0
2023-07-23 00:00:00,7671.386,7673.104,7659.574,7661.567,0.055160000920295715
2023-07-24 00:00:00,7661.538,7687.21,7618.192,7678.941,16.325288772583008
2023-07-25 00:00:00,7678.335,7700.799,7663.174,7671.965,6.7524261474609375
2023-07-26 00:00:00,7674.061,7702.698,7628.677,7674.886,11.778498649597168
2023-07-27 00:00:00,7677.198,7709.686,7654.674,7663.766,9.08917236328125
2023-07-28 00:00:00,7660.776,7716.299,7644.653,7671.889,0.3039819896221161
2023-07-29 00:00:00,7671.889,7671.889,7671.889,7671.889,0.0
2023-07-30 00:00:00,7674.313,7690.699,7674.286,7679.492,0.004794000182300806
2023-07-31 00:00:00,7677.887,7723.401,7655.711,7692.782,2.6639089584350586
2023-08-01 00:00:00,7705.213,7713.698,7611.51,7646.536,3.332897901535034
2023-08-02 00:00:00,7649.127,7659.227,7519.754,7548.095,8.2897310256958
2023-08-03 00:00:00,7545.765,7563.416,7436.177,7541.788,20.582176208496094
2023-08-04 00:00:00,7537.028,7570.299,7484.177,7510.701,20.696474075317383
2023-08-05 00:00:00,7510.701,7510.701,7510.701,7510.701,0.0
2023-08-06 00:00:00,7527.604,7530.095,7522.474,7528.623,0.11879099905490875
2023-08-07 00:00:00,7524.581,7568.199,7503.677,7563.694,14.317127227783203
2023-08-08 00:00:00,7563.838,7566.216,7485.374,7542.849,28.415016174316406
2023-08-09 00:00:00,7543.091,7604.401,7541.836,7568.379,18.639156341552734
2023-08-10 00:00:00,7563.198,7622.939,7559.189,7594.877,21.042583465576172
2023-08-11 00:00:00,7594.284,7596.299,7506.264,7532.392,13.116918563842773
2023-08-12 00:00:00,7532.392,7532.392,7532.392,7532.392,0.0
2023-08-13 00:00:00,7539.604,7544.199,7535.574,7540.626,0.07439199835062027
2023-08-14 00:00:00,7540.285,7547.416,7475.166,7517.991,18.99793243408203
2023-08-15 00:00:00,7515.942,7523.935,7368.701,7387.304,15.884610176086426
2023-08-16 00:00:00,7387.735,7397.299,7320.877,7326.067,15.926375389099121
2023-08-17 00:00:00,7319.999,7352.701,7266.877,7275.895,23.558534622192383
2023-08-18 00:00:00,7273.626,7296.999,7214.674,7264.898,16.233814239501953
2023-08-19 00:00:00,7264.898,7264.898,7264.898,7264.898,0.0
2023-08-20 00:00:00,7266.51,7271.516,7261.874,7269.659,0.11068999767303467
2023-08-21 00:00:00,7268.881,7316.799,7249.18,7257.798,15.256942749023438
2023-08-22 00:00:00,7259.92,7310.701,7254.386,7260.657,19.465011596679688
2023-08-23 00:00:00,7260.451,7349.895,7257.674,7328.116,20.64503288269043
2023-08-24 00:00:00,7326.777,7384.294,7300.877,7319.156,17.04806137084961
2023-08-25 00:00:00,7318.796,7389.716,7310.146,7359.674,24.41190528869629
2023-08-26 00:00:00,7359.674,7359.674,7359.674,7359.674,0.0
2023-08-27 00:00:00,7366.289,7373.704,7365.28,7368.31,0.019727999344468117
2023-08-28 00:00:00,7368.695,7403.316,7350.674,7392.901,0.12537600100040436
2023-08-29 00:00:00,7387.099,7488.016,7367.174,7478.893,22.454822540283203
2023-08-30 00:00:00,7483.994,7509.299,7462.686,7468.998,12.700286865234375
2023-08-31 00:00:00,7471.189,7501.704,7418.048,7434.798,6.450883865356445
2023-09-01 00:00:00,7431.48,7493.21,7430.707,7485.183,1.701436996459961
2023-09-02 00:00:00,7485.183,7485.183,7485.183,7485.183,0.0
2023-09-03 00:00:00,7484.783,7485.616,7479.383,7483.178,0.004102000035345554
2023-09-04 00:00:00,7486.815,7523.698,7443.892,7447.977,0.9731550216674805
2023-09-05 00:00:00,7449.289,7478.799,7387.674,7423.414,1.0033169984817505
2023-09-06 00:00:00,7423.271,7449.204,7367.839,7420.062,3.058896064758301
2023-09-07 00:00:00,7420.692,7462.281,7381.58,7443.292,2.1445260047912598
2023-09-08 00:00:00,7443.54,7488.183,7401.707,7483.204,0.5227069854736328
2023-09-09 00:00:00,7483.204,7483.204,7483.204,7483.204,0.0
2023-09-10 00:00:00,7486.477,7493.821,7483.277,7491.274,0.004271999932825565
2023-09-11 00:00:00,7485.38,7550.213,7465.883,7504.182,2.450309991836548
2023-09-12 00:00:00,7504.578,7550.728,7495.462,7515.943,3.25862193107605
2023-09-13 00:00:00,7516.511,7545.999,7488.621,7525.757,5.411658763885498
2023-09-14 00:00:00,7521.114,7707.999,7520.502,7697.794,3.8149900436401367
2023-09-15 00:00:00,7695.654,7746.174,7692.022,7695.674,3.2090790271759033
2023-09-16 00:00:00,7695.674,7695.674,7695.674,7695.674,0.0
2023-09-17 00:00:00,7705.704,7710.916,7700.374,7709.98,0.012815999798476696
2023-09-18 00:00:00,7688.497,7690.557,7640.18,7664.371,0.3296020030975342
2023-09-19 00:00:00,7662.822,7682.069,7640.834,7655.948,0.954364001750946
2023-09-20 00:00:00,7655.917,7742.698,7634.902,7694.754,3.426392078399658
2023-09-21 00:00:00,7686.087,7704.713,7659.18,7683.774,2.4300119876861572
2023-09-22 00:00:00,7711.907,7735.913,7661.207,7663.01,1.8218899965286255
2023-09-23 00:00:00,7663.01,7663.01,7663.01,7663.01,0.0
2023-09-24 00:00:00,7669.998,7676.216,7668.983,7671.477,0.003717999905347824
2023-09-25 00:00:00,7670.397,7685.189,7580.198,7630.611,1.7093169689178467
2023-09-26 00:00:00,7631.012,7657.713,7589.746,7604.898,4.269812107086182
2023-09-27 00:00:00,7604.874,7645.704,7560.225,7594.077,4.027002811431885
2023-09-28 00:00:00,7594.086,7622.304,7521.483,7605.257,6.706820011138916
2023-09-29 00:00:00,7605.574,7674.385,7574.177,7582.916,8.55257797241211
2023-09-30 00:00:00,7582.916,7582.916,7582.916,7582.916,0.0
2023-10-01 00:00:00,7605.274,7619.699,7597.028,7610.904,0.012675999663770199
2023-10-02 00:00:00,7613.479,7631.007,7487.298,7506.808,3.049351930618286
2023-10-03 00:00:00,7506.721,7546.299,7459.288,7469.943,3.5165250301361084
2023-10-04 00:00:00,7469.485,7489.761,7383.248,7420.144,6.833714962005615
2023-10-05 00:00:00,7418.077,7489.331,7405.96,7457.681,10.352302551269531
2023-10-06 00:00:00,7457.688,7531.207,7420.677,7517.692,4.398482799530029
2023-10-07 00:00:00,7517.692,7517.692,7517.692,7517.692,0.0
2023-10-08 00:00:00,7486.774,7501.886,7466.607,7498.295,0.042072001844644547
2023-10-09 00:00:00,7488.387,7541.416,7477.377,7523.066,3.1472020149230957
2023-10-10 00:00:00,7525.794,7643.216,7525.794,7617.829,8.302631378173828
2023-10-11 00:00:00,7617.414,7652.177,7605.815,7639.266,5.752622127532959
2023-10-12 00:00:00,7640.008,7688.201,7602.782,7639.104,4.2169108390808105
2023-10-13 00:00:00,7639.511,7660.837,7589.399,7611.272,5.544491767883301
2023-10-14 00:00:00,7611.272,7611.272,7611.272,7611.272,0.0
2023-10-15 00:00:00,7617.677,7626.434,7613.758,7624.696,0.024921000003814697
2023-10-16 00:00:00,7624.392,7650.955,7583.087,7642.099,4.087489128112793
2023-10-17 00:00:00,7638.18,7701.216,7617.898,7660.892,5.18171501159668
2023-10-18 00:00:00,7667.683,7699.799,7563.38,7575.124,11.436734199523926
2023-10-19 00:00:00,7574.386,7588.713,7465.765,7476.174,11.322858810424805
2023-10-20 00:00:00,7470.407,7489.895,7384.601,7385.089,2.966710090637207
2023-10-21 00:00:00,7385.089,7385.089,7385.089,7385.089,0.0
2023-10-22 00:00:00,7379.286,7399.527,7379.098,7398.975,0.021794000640511513
2023-10-23 00:00:00,7398.889,7410.049,7337.525,7365.318,8.94758129119873
2023-10-24 00:00:00,7358.907,7426.689,7322.674,7398.565,5.9272379875183105
2023-10-25 00:00:00,7399.216,7428.167,7367.301,7385.049,8.461873054504395
2023-10-26 00:00:00,7387.174,7398.91,7322.845,7361.308,7.046781063079834
2023-10-27 00:00:00,7357.68,7380.496,7256.984,7267.398,3.6746580600738525
2023-10-28 00:00:00,7267.398,7267.398,7267.398,7267.398,0.0
2023-10-29 00:00:00,7283.477,7284.416,7273.065,7280.798,0.004786000121384859
2023-10-30 00:00:00,7280.801,7362.201,7278.974,7331.395,3.5765368938446045
2023-10-31 00:00:00,7331.777,7373.907,7307.386,7322.26,6.58650016784668
2023-11-01 00:00:00,7322.107,7386.395,7304.383,7374.787,4.817073822021484
2023-11-02 00:00:00,7374.399,7471.299,7368.383,7467.084,7.204525947570801
2023-11-03 00:00:00,7467.493,7482.772,7395.194,7402.883,19.84395980834961
2023-11-04 00:00:00,7402.883,7402.883,7402.883,7402.883,0.0
2023-11-05 00:00:00,7405.38,7408.138,7397.617,7402.592,0.056981999427080154
2023-11-06 00:00:00,7402.178,7448.107,7397.125,7416.377,15.43600082397461
2023-11-07 00:00:00,7416.828,7431.247,7394.465,7400.327,15.748991966247559
2023-11-08 00:00:00,7399.901,7441.445,7367.441,7373.155,17.50916290283203
2023-11-09 00:00:00,7372.784,7466.497,7363.722,7419.821,18.30516242980957
2023-11-10 00:00:00,7419.818,7420.71,7318.941,7403.496,11.981583595275879
2023-11-11 00:00:00,7403.496,7403.496,7403.496,7403.496,0.0
2023-11-12 00:00:00,7384.677,7393.304,7382.371,7384.461,0.06532599776983261
2023-11-13 00:00:00,7384.491,7434.274,7358.068,7428.457,14.76899528503418
2023-11-14 00:00:00,7427.954,7456.367,7384.971,7435.875,19.57567024230957
2023-11-15 00:00:00,7436.052,7535.0,7425.667,7465.086,19.507600784301758
2023-11-16 00:00:00,7465.08,7493.879,7400.704,7428.309,12.611312866210938
2023-11-17 00:00:00,7428.291,7515.716,7421.862,7507.613,13.888958930969238
2023-11-18 00:00:00,7507.613,7507.613,7507.613,7507.613,0.0
2023-11-19 00:00:00,7505.216,7508.767,7498.802,7505.554,0.07202199846506119
2023-11-20 00:00:00,7505.962,7507.976,7469.689,7495.996,13.66103744506836
2023-11-21 00:00:00,7495.589,7497.847,7445.099,7475.555,13.055356979370117
2023-11-22 00:00:00,7475.169,7506.137,7450.683,7463.075,14.213400840759277
2023-11-23 00:00:00,7463.075,7494.534,7447.916,7483.348,8.97062873840332
2023-11-24 00:00:00,7482.959,7500.47,7448.614,7489.377,9.677900314331055
2023-11-25 00:00:00,7489.377,7489.377,7489.377,7489.377,0.0
2023-11-26 00:00:00,7487.499,7491.674,7485.054,7490.87,0.028403999283909798
2023-11-27 00:00:00,7490.861,7494.702,7450.507,7460.093,8.392536163330078
2023-11-28 00:00:00,7460.096,7463.377,7401.001,7437.171,11.864577293395996
2023-11-29 00:00:00,7437.168,7457.833,7406.392,7422.199,12.161492347717285
2023-11-30 00:00:00,7422.181,7496.789,7384.387,7464.112,14.146102905273438
2023-12-01 00:00:00,7463.705,7542.587,7462.114,7522.198,13.609512329101562
2023-12-02 00:00:00,7522.198,7522.198,7522.198,7522.198,0.0
2023-12-03 00:00:00,7526.392,7526.899,7520.252,7523.214,0.06794799864292145
2023-12-04 00:00:00,7523.651,7538.344,7475.096,7502.538,12.687780380249023
2023-12-05 00:00:00,7502.738,7504.601,7458.393,7483.976,15.273365020751953
2023-12-06 00:00:00,7483.952,7542.575,7483.952,7496.391,12.478997230529785
2023-12-07 00:00:00,7496.145,7524.238,7474.754,7508.618,12.309555053710938
2023-12-08 00:00:00,7509.061,7581.141,7508.212,7561.315,12.767273902893066
2023-12-09 00:00:00,7561.315,7561.315,7561.315,7561.315,0.0
2023-12-10 00:00:00,7562.516,7571.507,7560.8,7564.465,0.06466300040483475
2023-12-11 00:00:00,7564.025,7570.592,7492.452,7549.814,4.979396820068359
2023-12-12 00:00:00,7550.337,7608.316,7540.474,7559.5,5.593632221221924
2023-12-13 00:00:00,7559.482,7608.228,7541.316,7605.466,3.678323984146118
2023-12-14 00:00:00,7605.451,7726.635,7605.045,7642.849,1.7066539525985718
2023-12-15 00:00:00,7642.828,7671.192,7545.713,7549.795,6.836794853210449
2023-12-16 00:00:00,7549.795,7549.795,7549.795,7549.795,0.0
2023-12-17 00:00:00,7555.88,7565.304,7554.38,7565.277,0.0045980000868439674
2023-12-18 00:00:00,7564.898,7630.832,7550.232,7616.692,1.916221022605896
2023-12-19 00:00:00,7616.692,7656.707,7603.087,7647.092,1.8196109533309937
2023-12-20 00:00:00,7647.489,7767.375,7646.344,7675.958,4.222521781921387
2023-12-21 00:00:00,7675.552,7710.228,7654.177,7694.685,3.53423810005188
2023-12-22 00:00:00,7694.718,7715.575,7660.801,7693.18,0.6752870082855225
2023-12-23 00:00:00,7693.18,7693.18,7693.18,7693.18,0.0
2023-12-24 00:00:00,7693.18,7693.18,7693.18,7693.18,0.0
2023-12-25 00:00:00,7690.613,7702.786,7689.974,7700.689,0.012744000181555748
2023-12-26 00:00:00,7700.283,7726.81,7694.113,7715.692,0.23983199894428253
2023-12-27 00:00:00,7715.316,7760.948,7707.614,7724.592,2.9389450550079346
2023-12-28 00:00:00,7724.574,7757.71,7706.492,7723.213,2.735521078109741
2023-12-29 00:00:00,7723.201,7747.81,7697.589,7727.599,1.157578945159912
2023-12-30 00:00:00,7727.599,7727.599,7727.599,7727.599,0.0
2023-12-31 00:00:00,7727.599,7727.599,7727.599,7727.599,0.0
2024-01-01 00:00:00,7729.474,7736.157,7729.474,7732.549,0.0019829999655485153
2024-01-02 00:00:00,7732.137,7767.495,7688.372,7709.289,2.607269048690796
2024-01-03 00:00:00,7709.477,7745.477,7648.412,7694.261,3.8387811183929443
2024-01-04 00:00:00,7694.255,7729.199,7672.184,7705.592,4.302908897399902
2024-01-05 00:00:00,7705.595,7708.313,7640.799,7670.977,3.8147339820861816
2024-01-06 00:00:00,7670.977,7670.977,7670.977,7670.977,0.0
2024-01-07 00:00:00,7666.404,7673.91,7666.404,7671.958,0.008024999871850014
2024-01-08 00:00:00,7671.946,7725.116,7633.865,7712.977,5.702476978302002
2024-01-09 00:00:00,7712.592,7720.899,7664.28,7672.483,3.6288719177246094
2024-01-10 00:00:00,7672.483,7681.113,7643.402,7655.401,3.3833749294281006
2024-01-11 00:00:00,7655.38,7695.007,7571.671,7591.499,2.4680709838867188
2024-01-12 00:00:00,7591.386,7655.967,7579.288,7626.889,3.385282039642334
2024-01-13 00:00:00,7626.889,7626.889,7626.889,7626.889,0.0
2024-01-14 00:00:00,7619.992,7623.977,7614.868,7621.742,0.009908000007271767
2024-01-15 00:00:00,7621.911,7641.177,7575.896,7584.799,0.9447339773178101
2024-01-16 00:00:00,7584.716,7584.881,7529.018,7539.507,1.0448139905929565
2024-01-17 00:00:00,7539.426,7539.913,7403.048,7432.986,2.602267026901245
2024-01-18 00:00:00,7432.598,7483.813,7425.774,7483.38,4.22433614730835
2024-01-19 00:00:00,7483.001,7523.41,7449.399,7484.213,12.593792915344238
2024-01-20 00:00:00,7484.213,7484.213,7484.213,7484.213,0.0
2024-01-21 00:00:00,7491.383,7493.699,7482.915,7484.097,0.08675500005483627
2024-01-22 00:00:00,7484.097,7506.304,7454.001,7488.004,12.398609161376953
2024-01-23 00:00:00,7488.381,7525.848,7464.39,7508.512,13.375534057617188
2024-01-24 00:00:00,7508.536,7539.034,7494.608,7514.256,13.590540885925293
2024-01-25 00:00:00,7514.247,7560.078,7490.0,7542.718,14.256032943725586
2024-01-26 00:00:00,7542.721,7651.948,7539.277,7645.986,15.434713363647461
2024-01-27 00:00:00,7645.986,7645.986,7645.986,7645.986,0.0
2024-01-28 00:00:00,7634.392,7640.709,7623.572,7634.504,0.08594900369644165
2024-01-29 00:00:00,7634.48,7665.051,7629.698,7653.987,11.447704315185547
2024-01-30 00:00:00,7653.509,7684.382,7640.504,7653.722,10.91472339630127
2024-01-31 00:00:00,7653.749,7689.122,7601.716,7622.394,16.257976531982422
2024-02-01 00:00:00,7622.226,7673.382,7600.0,7660.978,16.005788803100586
2024-02-02 00:00:00,7660.975,7684.999,7608.387,7634.413,3.2924299240112305
2024-02-03 00:00:00,7634.413,7634.413,7634.413,7634.413,0.0
2024-02-04 00:00:00,7627.205,7631.901,7623.074,7627.71,0.0031210000161081553
2024-02-05 00:00:00,7627.704,7669.195,7596.587,7623.191,2.631977081298828
2024-02-06 00:00:00,7623.167,7699.698,7618.992,7692.704,3.1474969387054443
2024-02-07 00:00:00,7692.977,7708.88,7625.201,7638.474,1.1755670309066772
2024-02-08 00:00:00,7638.198,7652.49,7589.343,7609.977,2.7486178874969482
2024-02-09 00:00:00,7609.583,7612.707,7556.578,7592.798,1.246711015701294
2024-02-10 00:00:00,7592.798,7592.798,7592.798,7592.798,0.0
2024-02-11 00:00:00,7587.786,7592.499,7585.989,7589.008,0.005582000128924847
2024-02-12 00:00:00,7589.352,7593.21,7554.387,7582.701,2.886936902999878
2024-02-13 00:00:00,7583.001,7585.907,7463.426,7485.602,2.0461230278015137
2024-02-14 00:00:00,7485.617,7591.238,7480.405,7566.934,1.1232340335845947
2024-02-15 00:00:00,7566.751,7628.199,7561.192,7621.437,1.7474650144577026
2024-02-16 00:00:00,7621.437,7722.167,7613.506,7698.201,4.636259078979492
2024-02-17 00:00:00,7698.201,7698.201,7698.201,7698.201,0.0
2024-02-18 00:00:00,7699.301,7706.399,7699.086,7704.777,0.008414000272750854
2024-02-19 00:00:00,7704.792,7742.387,7688.695,7723.883,1.5245599746704102
2024-02-20 00:00:00,7724.207,7749.601,7701.803,7712.416,2.5123510360717773
2024-02-21 00:00:00,7712.783,7724.607,7638.147,7661.244,4.0362420082092285
2024-02-22 00:00:00,7661.615,7702.398,7650.189,7694.644,1.4265480041503906
2024-02-23 00:00:00,7694.231,7716.724,7673.801,7711.904,1.0654339790344238
2024-02-24 00:00:00,7711.904,7711.904,7711.904,7711.904,0.0
2024-02-25 00:00:00,7707.21,7716.345,7707.18,7713.379,0.009573999792337418
2024-02-26 00:00:00,7713.75,7714.135,7673.944,7682.004,1.9137059450149536
2024-02-27 00:00:00,7682.392,7699.001,7667.198,7681.999,1.0245779752731323
2024-02-28 00:00:00,7682.274,7693.358,7600.489,7606.022,0.9608550071716309
2024-02-29 00:00:00,7606.007,7677.677,7605.633,7659.06,2.9569389820098877
2024-03-01 00:00:00,7659.268,7695.716,7643.174,7686.508,1.7922979593276978
2024-03-02 00:00:00,7686.508,7686.508,7686.508,7686.508,0.0
2024-03-03 00:00:00,7684.301,7688.892,7680.674,7682.483,0.01400499977171421
2024-03-04 00:00:00,7682.874,7687.899,7622.235,7636.007,1.3787440061569214
2024-03-05 00:00:00,7636.001,7655.901,7597.674,7638.589,2.317694902420044
2024-03-06 00:00:00,7638.38,7702.107,7632.355,7642.198,2.66028094291687
2024-03-07 00:00:00,7642.21,7711.769,7632.33,7690.589,1.0314940214157104
2024-03-08 00:00:00,7690.61,7713.698,7644.692,7651.674,0.5767679810523987
2024-03-09 00:00:00,7651.674,7651.674,7651.674,7651.674,0.0
2024-03-10 00:00:00,7637.024,7654.81,7636.272,7654.81,0.021774999797344208
2024-03-11 00:00:00,7654.801,7702.416,7610.095,7701.695,1.2284120321273804
2024-03-12 00:00:00,7701.313,7765.079,7694.676,7762.756,3.8880810737609863
2024-03-13 00:00:00,7762.555,7784.695,7735.692,7775.095,1.0521639585494995
2024-03-14 00:00:00,7774.71,7778.764,7710.886,7724.28,0.47776201367378235
2024-03-15 00:00:00,7723.98,7761.701,7715.674,7737.701,3.7819130420684814
2024-03-16 00:00:00,7737.701,7737.701,7737.701,7737.701,0.0
2024-03-17 00:00:00,7738.824,7741.251,7734.662,7739.173,0.0020699999295175076
2024-03-18 00:00:00,7738.981,7751.08,7705.38,7711.201,1.7607669830322266
2024-03-19 00:00:00,7711.499,7743.545,7692.091,7733.483,8.199625968933105
2024-03-20 00:00:00,7733.217,7777.923,7709.596,7774.681,8.73384952545166
2024-03-21 00:00:00,7774.308,7902.584,7765.731,7885.34,11.524744987487793
2024-03-22 00:00:00,7885.712,7961.712,7873.495,7926.728,9.724800109863281
2024-03-23 00:00:00,7926.728,7926.728,7926.728,7926.728,0.0
2024-03-24 00:00:00,7922.936,7929.904,7920.465,7929.504,0.03068000078201294
2024-03-25 00:00:00,7929.889,7939.231,7890.338,7905.856,7.520870208740234
2024-03-26 00:00:00,7905.914,7934.375,7888.434,7922.447,7.683410167694092
2024-03-27 00:00:00,7921.975,7949.758,7892.351,7938.283,7.124074935913086
2024-03-28 00:00:00,7937.919,7976.087,7937.919,7964.59,7.149280071258545
2024-03-29 00:00:00,7964.59,7964.59,7964.59,7964.59,0.0
2024-03-30 00:00:00,7964.59,7964.59,7964.59,7964.59,0.0
2024-03-31 00:00:00,7988.483,8004.699,7984.095,8001.686,0.02483999915421009
2024-04-01 00:00:00,8001.513,8001.804,7947.289,7954.974,0.39633598923683167
2024-04-02 00:00:00,7958.216,8016.386,7922.174,7938.774,9.846091270446777
2024-04-03 00:00:00,7941.88,7948.613,7881.183,7932.742,12.665419578552246
2024-04-04 00:00:00,7930.495,7991.51,7877.983,7892.315,17.199623107910156
2024-04-05 00:00:00,7891.989,7928.004,7854.208,7918.483,16.7750186920166
2024-04-06 00:00:00,7918.483,7918.483,7918.483,7918.483,0.0
2024-04-07 00:00:00,7922.977,7923.201,7914.574,7920.446,0.14586299657821655
2024-04-08 00:00:00,7924.189,7953.999,7886.483,7943.332,10.427568435668945
2024-04-09 00:00:00,7938.674,7962.713,7917.183,7944.356,4.175591945648193
2024-04-10 00:00:00,7950.299,8000.21,7914.713,7942.694,3.2018980979919434
2024-04-11 00:00:00,7943.044,7979.413,7885.707,7946.263,2.2026519775390625
2024-04-12 00:00:00,7946.499,8045.348,7927.192,7931.21,4.5634379386901855
2024-04-13 00:00:00,7931.21,7931.21,7931.21,7931.21,0.0
2024-04-14 00:00:00,7936.798,7953.983,7929.474,7946.207,0.03810900077223778
2024-04-15 00:00:00,7950.407,8010.694,7900.677,7913.814,3.799333095550537
2024-04-16 00:00:00,7913.398,7914.383,7792.542,7843.577,16.12872886657715
2024-04-17 00:00:00,7837.213,7893.528,7792.425,7869.993,25.3183650970459
2024-04-18 00:00:00,7876.683,7899.261,7841.181,7852.663,19.955951690673828
2024-04-19 00:00:00,7854.686,7933.141,7747.558,7930.228,26.698476791381836
2024-04-20 00:00:00,7930.228,7930.228,7930.228,7930.228,0.0
2024-04-21 00:00:00,7941.598,7950.422,7934.746,7949.23,0.17554700374603271
2024-04-22 00:00:00,7960.216,8065.152,7947.576,8041.806,16.233013153076172
2024-04-23 00:00:00,8044.201,8079.598,8019.801,8073.633,16.204248428344727
2024-04-24 00:00:00,8071.198,8115.318,7987.204,8014.826,13.996749877929688
2024-04-25 00:00:00,8026.307,8161.204,8026.01,8112.903,3.1736319065093994
2024-04-26 00:00:00,8085.401,8163.713,8079.916,8152.134,11.052315711975098
2024-04-27 00:00:00,8152.134,8152.134,8152.134,8152.134,0.0
2024-04-28 00:00:00,8159.703,8170.357,8156.877,8170.268,0.09243399649858475
2024-04-29 00:00:00,8163.683,8193.398,8130.0,8142.101,5.043879985809326
2024-04-30 00:00:00,8146.383,8200.68,8113.71,8127.985,10.115687370300293
2024-05-01 00:00:00,8134.704,8177.045,8097.114,8124.961,9.758255958557129
2024-05-02 00:00:00,8133.213,8205.574,8118.764,8187.409,13.532668113708496
2024-05-03 00:00:00,8194.898,8249.443,8186.413,8234.093,10.40460205078125
2024-05-04 00:00:00,8234.093,8234.093,8234.093,8234.093,0.0
2024-05-05 00:00:00,8240.38,8243.813,8233.38,8235.78,0.012761999852955341
2024-05-06 00:00:00,8236.207,8281.304,8222.398,8270.674,0.032625000923871994
2024-05-07 00:00:00,8273.904,8336.81,8273.707,8329.285,6.727206230163574
2024-05-08 00:00:00,8332.807,8365.467,8326.443,8349.583,6.95522403717041
2024-05-09 00:00:00,8359.474,8420.301,8348.51,8413.197,4.293299198150635
2024-05-10 00:00:00,8415.383,8455.8,8397.386,8421.395,7.9776930809021
2024-05-11 00:00:00,8421.395,8421.395,8421.395,8421.395,0.0
2024-05-12 00:00:00,8419.198,8425.586,8413.925,8419.294,0.04858100041747093
2024-05-13 00:00:00,8420.695,8446.71,8396.18,8408.431,4.994555950164795
2024-05-14 00:00:00,8408.686,8449.604,8390.0,8448.284,4.980167865753174
2024-05-15 00:00:00,8444.213,8478.599,8420.0,8432.089,9.606619834899902
2024-05-16 00:00:00,8431.704,8455.999,8405.174,8428.157,6.674656867980957
2024-05-17 00:00:00,8434.216,8439.901,8400.598,8430.499,5.783728122711182
2024-05-18 00:00:00,8430.499,8430.499,8430.499,8430.499,0.0
2024-05-19 00:00:00,8430.777,8443.292,8430.777,8440.778,0.04368099942803383
2024-05-20 00:00:00,8441.807,8451.634,8393.776,8398.118,4.839419841766357
2024-05-21 00:00:00,8397.296,8425.592,8360.0,8423.71,3.070862054824829
2024-05-22 00:00:00,8423.604,8438.899,8332.613,8368.307,1.2920429706573486
2024-05-23 00:00:00,8373.692,8382.901,8275.874,8290.489,1.425678014755249
2024-05-24 00:00:00,8286.398,8330.916,8246.713,8315.892,0.8360379934310913
2024-05-25 00:00:00,8315.892,8315.892,8315.892,8315.892,0.0
2024-05-26 00:00:00,8315.407,8316.998,8304.883,8306.092,0.005229000002145767
2024-05-27 00:00:00,8306.492,8346.899,8301.989,8327.789,0.023715000599622726
2024-05-28 00:00:00,8340.713,8345.874,8237.883,8249.598,1.0703539848327637
2024-05-29 00:00:00,8251.186,8263.883,8148.698,8157.474,1.2512680292129517
2024-05-30 00:00:00,8164.701,8243.299,8138.883,8222.077,1.119420051574707
2024-05-31 00:00:00,8230.88,8311.216,8222.416,8309.386,1.229580044746399
2024-06-01 00:00:00,8309.386,8309.386,8309.386,8309.386,0.0
2024-06-02 00:00:00,8297.877,8313.499,8293.198,8311.901,0.035360001027584076
2024-06-03 00:00:00,8314.88,8364.413,8232.883,8250.201,1.6078180074691772
2024-06-04 00:00:00,8254.389,8265.689,8197.88,8258.592,1.3810319900512695
2024-06-05 00:00:00,8261.395,8290.716,8233.198,8254.599,0.939113974571228
2024-06-06 00:00:00,8259.392,8294.204,8243.713,8289.398,0.9786900281906128
2024-06-07 00:00:00,8289.186,8304.689,8208.877,8221.701,1.352992057800293
2024-06-08 00:00:00,8221.701,8221.701,8221.701,8221.701,0.0
2024-06-09 00:00:00,8217.886,8221.392,8210.599,8216.499,0.024059999734163284
2024-06-10 00:00:00,8216.189,8251.183,8170.904,8235.207,1.2458070516586304
2024-06-11 00:00:00,8239.177,8265.38,8112.674,8147.801,1.4175549745559692
2024-06-12 00:00:00,8145.392,8243.404,8145.392,8217.483,1.7605739831924438
2024-06-13 00:00:00,8218.683,8219.713,8145.195,8163.999,1.4423799514770508
2024-06-14 00:00:00,8166.38,8209.216,8111.183,8173.713,1.7489689588546753
2024-06-15 00:00:00,8173.713,8173.713,8173.713,8173.713,0.0
2024-06-16 00:00:00,8168.286,8173.016,8167.277,8169.295,0.023819999769330025
2024-06-17 00:00:00,8171.68,8201.686,8118.18,8172.699,1.3503129482269287
2024-06-18 00:00:00,8172.213,8202.704,8155.874,8195.201,1.2289199829101562
2024-06-19 00:00:00,8200.889,8212.91,8162.404,8198.001,0.8349300026893616
2024-06-20 00:00:00,8206.674,8286.216,8200.886,8283.18,1.2790000438690186
2024-06-21 00:00:00,8283.392,8286.674,8185.674,8229.913,1.3857460021972656
2024-06-22 00:00:00,8229.913,8229.913,8229.913,8229.913,0.0
2024-06-23 00:00:00,8234.08,8237.098,8231.574,8233.41,0.014000000432133675
2024-06-24 00:00:00,8238.683,8308.898,8205.183,8290.886,1.1677199602127075
2024-06-25 00:00:00,8291.874,8311.91,8218.207,8235.816,1.0358099937438965
2024-06-26 00:00:00,8239.216,8302.898,8203.21,8207.698,1.148319959640503
2024-06-27 00:00:00,8208.704,8239.204,8166.21,8194.083,1.045680046081543
2024-06-28 00:00:00,8204.204,8238.713,8147.177,8177.677,1.3882399797439575
2024-06-29 00:00:00,8177.677,8177.677,8177.677,8177.677,0.0
2024-06-30 00:00:00,8191.299,8191.299,8178.001,8178.395,0.02319999970495701
2024-07-01 00:00:00,8163.386,8227.499,8149.677,8155.707,1.2406599521636963
2024-07-02 00:00:00,8154.701,8169.386,8105.407,8132.499,1.240615963935852
2024-07-03 00:00:00,8141.21,8195.201,8140.886,8188.407,0.9760940074920654
2024-07-04 00:00:00,8191.677,8281.877,8172.474,8273.58,0.6388700008392334
2024-07-05 00:00:00,8265.186,8280.68,8179.516,8209.174,1.200950026512146
2024-07-06 00:00:00,8209.174,8209.174,8209.174,8209.174,0.0
2024-07-07 00:00:00,8188.998,8200.113,8188.813,8196.416,0.012040000408887863
2024-07-08 00:00:00,8197.395,8233.799,8175.38,8214.789,0.8747400045394897
2024-07-09 00:00:00,8214.404,8217.586,8128.277,8156.013,1.036926031112671
2024-07-10 00:00:00,8159.089,8211.813,8139.277,8202.292,0.8771200180053711
2024-07-11 00:00:00,8209.598,8233.416,8187.61,8216.698,1.3771799802780151
2024-07-12 00:00:00,8222.883,8278.095,8222.58,8236.595,1.0812900066375732
2024-07-13 00:00:00,8236.595,8236.595,8236.595,8236.595,0.0
2024-07-14 00:00:00,8235.598,8241.216,8230.977,8239.601,0.03303999826312065
2024-07-15 00:00:00,8243.913,8250.707,8158.877,8172.299,1.2937419414520264
2024-07-16 00:00:00,8175.574,8200.583,8123.377,8191.713,1.153702974319458
2024-07-17 00:00:00,8193.91,8214.499,8129.413,8214.499,1.4655630588531494
2024-07-18 00:00:00,8226.386,8270.407,8157.413,8176.495,1.618630051612854
2024-07-19 00:00:00,8192.999,8192.999,8128.222,8165.99,9.902230262756348
2024-07-20 00:00:00,8165.99,8165.99,8165.99,8165.99,0.0
2024-07-21 00:00:00,8173.383,8190.104,8169.128,8186.888,0.21236500144004822
2024-07-22 00:00:00,8183.616,8241.116,8160.077,8205.252,6.2253851890563965
2024-07-23 00:00:00,8204.928,8229.216,8144.095,8148.161,9.112335205078125
2024-07-24 00:00:00,8149.207,8172.213,8108.886,8140.15,8.620744705200195
2024-07-25 00:00:00,8145.41,8227.186,8054.701,8207.192,10.601699829101562
2024-07-26 00:00:00,8210.907,8328.311,8196.118,8309.799,17.445199966430664
2024-07-27 00:00:00,8309.799,8309.799,8309.799,8309.799,0.0
2024-07-28 00:00:00,8318.41,8331.998,8313.277,8327.403,0.09141000360250473
2024-07-29 00:00:00,8323.883,8368.847,8253.8,8265.916,18.497323989868164
2024-07-30 00:00:00,8255.028,8300.261,8227.899,8299.882,18.40752410888672
2024-07-31 00:00:00,8299.129,8408.421,8286.254,8383.185,21.995195388793945
2024-08-01 00:00:00,8385.41,8404.097,8255.692,8283.082,26.226743698120117
2024-08-02 00:00:00,8292.695,8300.716,8156.18,8218.487,27.00650978088379
2024-08-03 00:00:00,8218.487,8218.487,8218.487,8218.487,0.0
2024-08-04 00:00:00,8158.795,8192.316,8143.604,8158.178,0.5549079775810242
2024-08-05 00:00:00,8171.383,8194.916,7913.386,8052.355,15.863801002502441
2024-08-06 00:00:00,8055.201,8119.907,7947.874,8037.92,20.22110939025879
2024-08-07 00:00:00,8042.374,8176.999,8035.577,8074.007,21.527809143066406
2024-08-08 00:00:00,8073.489,8176.28,8059.198,8169.764,24.496557235717773
2024-08-09 00:00:00,8170.144,8204.613,8134.283,8190.086,19.23018455505371
2024-08-10 00:00:00,8190.086,8190.086,8190.086,8190.086,0.0
2024-08-11 00:00:00,8187.407,8199.313,8158.986,8190.831,0.37692201137542725
2024-08-12 00:00:00,8196.301,8231.507,8183.471,8217.939,8.059890747070312
2024-08-13 00:00:00,8218.904,8258.71,8186.174,8250.895,12.216714859008789
2024-08-14 00:00:00,8250.702,8312.716,8241.41,8274.426,9.853139877319336
2024-08-15 00:00:00,8277.289,8367.222,8268.583,8353.482,6.5138840675354
2024-08-16 00:00:00,8355.616,8358.11,8289.983,8297.383,5.939545154571533
2024-08-17 00:00:00,8297.383,8297.383,8297.383,8297.383,0.0
2024-08-18 00:00:00,8304.474,8310.442,8296.202,8309.564,0.1867550015449524
2024-08-19 00:00:00,8310.476,8374.216,8276.299,8341.098,3.966754913330078
2024-08-20 00:00:00,8332.374,8347.416,8237.613,8241.447,5.290665149688721
2024-08-21 00:00:00,8237.077,8296.916,8237.077,8282.359,5.599215030670166
2024-08-22 00:00:00,8288.398,8319.916,8263.41,8286.595,5.736674785614014
2024-08-23 00:00:00,8294.889,8339.216,8286.674,8334.404,3.2588250637054443
2024-08-24 00:00:00,8334.404,8334.404,8334.404,8334.404,0.0
2024-08-25 00:00:00,8325.198,8330.716,8308.007,8320.886,0.023900000378489494
2024-08-26 00:00:00,8321.301,8339.774,8300.289,8321.835,0.20324499905109406
2024-08-27 00:00:00,8324.701,8402.499,8323.916,8345.475,2.985835075378418
2024-08-28 00:00:00,8342.299,8377.686,8304.129,8320.523,5.208014965057373
2024-08-29 00:00:00,8335.21,8418.299,8334.674,8400.452,6.532491207122803
2024-08-30 00:00:00,8406.407,8418.299,8362.174,8403.381,6.5956501960754395
2024-08-31 00:00:00,8403.381,8403.381,8403.381,8403.381,0.0
2024-09-01 00:00:00,8395.98,8396.899,8387.577,8392.814,0.0640299990773201
2024-09-02 00:00:00,8393.599,8399.21,8348.886,8360.852,2.656919002532959
2024-09-03 00:00:00,8359.898,8389.309,8242.374,8252.856,8.586104393005371
2024-09-04 00:00:00,8250.695,8281.21,8202.895,8247.26,11.054837226867676
2024-09-05 00:00:00,8244.316,8285.584,8212.98,8230.245,7.952029228210449
2024-09-06 00:00:00,8230.474,8261.785,8161.692,8170.243,11.273124694824219
2024-09-07 00:00:00,8170.243,8170.243,8170.243,8170.243,0.0
2024-09-08 00:00:00,8160.713,8175.505,8151.356,8162.725,0.37964099645614624
2024-09-09 00:00:00,8162.339,8294.183,8162.339,8270.851,6.157079219818115
2024-09-10 00:00:00,8270.195,8271.368,8172.677,8212.065,4.909893989562988
2024-09-11 00:00:00,8212.21,8266.437,8167.489,8253.881,10.59528923034668
2024-09-12 00:00:00,8257.78,8306.664,8217.277,8266.065,9.472702026367188
2024-09-13 00:00:00,8267.099,8288.483,8228.205,8282.597,4.571834087371826
2024-09-14 00:00:00,8282.597,8282.597,8282.597,8282.597,0.0
2024-09-15 00:00:00,8276.204,8288.512,8269.057,8285.036,0.0757249966263771
2024-09-16 00:00:00,8284.949,8314.399,8246.487,8304.851,5.339159965515137
2024-09-17 00:00:00,8311.98,8351.507,8271.495,8298.997,7.29003381729126
2024-09-18 00:00:00,8298.307,8304.62,8237.804,8302.026,8.515947341918945
2024-09-19 00:00:00,8288.792,8372.179,8281.598,8314.284,5.25425910949707
2024-09-20 00:00:00,8316.874,8318.299,8197.183,8204.752,6.638704776763916
2024-09-21 00:00:00,8204.752,8204.752,8204.752,8204.752,0.0
2024-09-22 00:00:00,8196.786,8213.31,8193.374,8208.122,0.05313200131058693
2024-09-23 00:00:00,8212.499,8268.299,8204.874,8258.027,4.77192497253418
2024-09-24 00:00:00,8257.308,8314.892,8248.177,8258.97,5.6145548820495605
2024-09-25 00:00:00,8262.299,8319.183,8228.177,8275.121,5.393303871154785
2024-09-26 00:00:00,8274.716,8330.383,8260.786,8284.401,4.802905082702637
2024-09-27 00:00:00,8283.889,8335.186,8269.174,8298.478,4.608475208282471
2024-09-28 00:00:00,8298.478,8298.478,8298.478,8298.478,0.0
2024-09-29 00:00:00,8288.777,8315.826,8288.777,8309.632,0.08600500226020813
2024-09-30 00:00:00,8310.37,8329.299,8223.889,8245.385,5.828619956970215
2024-10-01 00:00:00,8245.041,8302.771,8223.377,8265.023,8.748233795166016
2024-10-02 00:00:00,8265.194,8322.799,8256.212,8281.258,7.369909763336182
2024-10-03 00:00:00,8280.892,8334.013,8246.052,8275.757,8.252924919128418
2024-10-04 00:00:00,8275.415,8316.764,8232.883,8312.999,6.3639349937438965
2024-10-05 00:00:00,8312.999,8312.999,8312.999,8312.999,0.0
2024-10-06 00:00:00,8317.713,8321.657,8309.774,8311.712,0.16875000298023224
2024-10-07 00:00:00,8315.174,8330.299,8255.877,8285.963,6.432199954986572
2024-10-08 00:00:00,8286.18,8306.716,8182.404,8202.789,6.084245204925537
2024-10-09 00:00:00,8207.892,8277.213,8188.084,8267.344,4.207670211791992
2024-10-10 00:00:00,8275.574,8276.199,8216.299,8256.077,4.965795040130615
2024-10-11 00:00:00,8258.88,8265.356,8210.198,8258.716,4.8694748878479
2024-10-12 00:00:00,8258.716,8258.716,8258.716,8258.716,0.0
2024-10-13 00:00:00,8259.583,8263.602,8252.208,8252.208,0.08656000345945358
2024-10-14 00:00:00,8254.192,8321.21,8231.987,8315.522,3.0238049030303955
2024-10-15 00:00:00,8315.878,8329.899,8222.583,8235.427,5.429775238037109
2024-10-16 00:00:00,8239.316,8359.604,8234.574,8345.802,4.504605770111084
2024-10-17 00:00:00,8360.198,8396.693,8319.097,8380.243,5.641275882720947
2024-10-18 00:00:00,8371.677,8378.517,8313.677,8366.874,6.712430953979492
2024-10-19 00:00:00,8366.874,8366.874,8366.874,8366.874,0.0
2024-10-20 00:00:00,8372.416,8376.055,8369.398,8373.392,0.10661900043487549
2024-10-21 00:00:00,8373.571,8392.691,8314.075,8324.737,6.800099849700928
2024-10-22 00:00:00,8323.892,8328.374,8250.502,8317.651,8.487919807434082
2024-10-23 00:00:00,8313.88,8323.288,8240.708,8266.279,8.056381225585938
2024-10-24 00:00:00,8262.828,8339.125,8256.532,8278.387,7.650893211364746
2024-10-25 00:00:00,8281.401,8288.407,8219.132,8235.207,7.529571056365967
2024-10-26 00:00:00,8235.207,8235.207,8235.207,8235.207,0.0
2024-10-27 00:00:00,8247.458,8249.077,8243.284,8246.128,0.06094500049948692
2024-10-28 00:00:00,8246.137,8308.084,8207.02,8289.817,7.899886131286621
2024-10-29 00:00:00,8290.428,8325.913,8198.692,8207.018,7.736771106719971
2024-10-30 00:00:00,8207.012,8215.799,8151.761,8154.959,10.231097221374512
2024-10-31 00:00:00,8154.621,8163.858,8070.602,8124.946,9.64496898651123
2024-11-01 00:00:00,8124.937,8203.499,8106.168,8165.586,6.685780048370361
2024-11-02 00:00:00,8165.586,8165.586,8165.586,8165.586,0.0
2024-11-03 00:00:00,8158.799,8172.891,8157.698,8164.691,0.12198799848556519
2024-11-04 00:00:00,8165.038,8241.074,8152.513,8175.092,4.24603796005249
2024-11-05 00:00:00,8174.724,8216.406,8149.104,8174.867,4.87466287612915
2024-11-06 00:00:00,8174.526,8303.613,8141.904,8172.237,8.893728256225586
2024-11-07 00:00:00,8171.981,8193.722,8130.112,8171.858,6.822113990783691
2024-11-08 00:00:00,8171.998,8183.216,8060.097,8086.686,8.015463829040527
2024-11-09 00:00:00,8086.686,8086.686,8086.686,8086.686,0.0
2024-11-10 00:00:00,8082.499,8093.378,8082.204,8086.477,0.07701200246810913
2024-11-11 00:00:00,8086.861,8149.198,8076.794,8108.501,6.877648830413818
2024-11-12 00:00:00,8107.831,8111.877,8011.388,8036.304,7.6502580642700195
2024-11-13 00:00:00,8036.265,8056.892,7993.389,8042.797,7.134315013885498
2024-11-14 00:00:00,8042.711,8083.207,8000.395,8048.883,4.426575183868408
2024-11-15 00:00:00,8048.501,8093.41,8027.383,8079.213,5.333209991455078
2024-11-16 00:00:00,8079.213,8079.213,8079.213,8079.213,0.0
2024-11-17 00:00:00,8070.677,8075.899,8067.901,8075.801,0.03542499989271164
2024-11-18 00:00:00,8076.086,8126.213,8051.898,8109.696,4.213395118713379
2024-11-19 00:00:00,8109.675,8148.416,8050.064,8094.502,8.006210327148438
2024-11-20 00:00:00,8100.398,8129.292,8073.111,8107.952,7.344399929046631
2024-11-21 00:00:00,8108.295,8185.899,8064.205,8168.895,6.0575947761535645
2024-11-22 00:00:00,8168.581,8276.927,8166.077,8272.011,6.235984802246094
2024-11-23 00:00:00,8272.011,8272.011,8272.011,8272.011,0.0
2024-11-24 00:00:00,8295.38,8309.334,8295.077,8301.42,0.052365001291036606
2024-11-25 00:00:00,8301.603,8318.774,8264.774,8274.074,4.341442108154297
2024-11-26 00:00:00,8273.804,8285.795,8233.483,8265.795,3.369296073913574
2024-11-27 00:00:00,8265.78,8280.695,8236.301,8274.487,4.462045192718506
2024-11-28 00:00:00,8274.664,8303.774,8269.487,8286.013,1.7082769870758057
2024-11-29 00:00:00,8286.001,8297.81,8251.601,8279.498,3.538546085357666
2024-11-30 00:00:00,8279.498,8279.498,8279.498,8279.498,0.0
2024-12-01 00:00:00,8282.998,8283.404,8274.58,8278.392,0.03060399927198887
2024-12-02 00:00:00,8278.86,8332.435,8266.774,8324.286,3.2078139781951904
2024-12-03 00:00:00,8324.28,8388.182,8310.28,8355.385,4.400753021240234
2024-12-04 00:00:00,8355.507,8361.162,8311.927,8314.659,4.309322834014893
2024-12-05 00:00:00,8314.65,8361.786,8310.387,8347.198,3.4274439811706543
2024-12-06 00:00:00,8347.407,8355.899,8289.001,8301.169,4.915497779846191
2024-12-07 00:00:00,8301.169,8301.169,8301.169,8301.169,0.0
2024-12-08 00:00:00,8301.689,8313.383,8300.504,8310.301,0.05536000058054924
2024-12-09 00:00:00,8309.998,8372.099,8293.277,8334.001,4.9348039627075195
2024-12-10 00:00:00,8334.087,8335.907,8246.28,8254.789,3.228710889816284
2024-12-11 00:00:00,8254.798,8322.213,8236.501,8308.616,3.9964749813079834
2024-12-12 00:00:00,8306.892,8307.192,8303.086,8304.786,0.015560000203549862
2024-12-13 00:00:00,8294.886,8333.186,8277.689,8299.177,4.336643218994141
2024-12-14 00:00:00,8299.177,8299.177,8299.177,8299.177,0.0
2024-12-15 00:00:00,8301.101,8309.238,8300.701,8307.191,0.0652879998087883
2024-12-16 00:00:00,8307.173,8314.607,8227.98,8235.104,5.264397144317627
2024-12-17 00:00:00,8235.18,8252.499,8178.074,8191.504,5.098062038421631
2024-12-18 00:00:00,8191.516,8232.32,8062.38,8114.374,9.05527400970459
2024-12-19 00:00:00,8114.586,8132.372,8076.921,8109.499,6.6385979652404785
2024-12-20 00:00:00,8110.116,8113.999,7998.189,8070.741,8.037639617919922
2024-12-21 00:00:00,8070.741,8070.741,8070.741,8070.741,0.0
2024-12-22 00:00:00,8080.386,8087.98,8075.901,8083.104,0.06859000027179718
2024-12-23 00:00:00,8083.107,8146.721,8040.904,8126.374,4.5367350578308105
2024-12-24 00:00:00,8126.398,8151.616,8117.397,8142.304,0.8980649709701538
2024-12-25 00:00:00,8136.192,8139.299,8131.977,8137.01,0.006819999776780605
2024-12-26 00:00:00,8136.592,8155.113,8107.707,8150.699,0.3415299952030182
2024-12-27 00:00:00,8150.28,8156.089,8108.984,8132.08,5.362180233001709
2024-12-28 00:00:00,8132.08,8132.08,8132.08,8132.08,0.0
2024-12-29 00:00:00,8127.874,8130.448,8114.474,8123.298,0.06760500371456146
2024-12-30 00:00:00,8123.604,8148.849,8093.286,8119.486,3.791949987411499
2024-12-31 00:00:00,8119.799,8180.607,8089.24,8145.689,2.808540105819702
2025-01-01 00:00:00,8145.689,8145.689,8145.689,8145.689,0.0
2025-01-02 00:00:00,8229.845,8230.346,8214.701,8223.145,0.0800200030207634
2025-01-03 00:00:00,8222.959,8270.249,8216.18,8221.74,4.4718098640441895
2025-01-04 00:00:00,8221.74,8221.74,8221.74,8221.74,0.0
2025-01-05 00:00:00,8215.507,8222.267,8213.291,8220.201,0.061489999294281006
2025-01-06 00:00:00,8220.541,8255.198,8195.774,8204.169,5.380980014801025
2025-01-07 00:00:00,8204.178,8259.999,8188.183,8235.218,4.264890193939209
2025-01-08 00:00:00,8235.251,8268.713,8188.692,8246.695,6.413135051727295
2025-01-09 00:00:00,8246.707,8327.141,8237.161,8306.815,3.4173150062561035
2025-01-10 00:00:00,8306.782,8327.055,8239.683,8255.98,5.834794998168945
2025-01-11 00:00:00,8255.98,8255.98,8255.98,8255.98,0.0
2025-01-12 00:00:00,8246.916,8260.507,8234.374,8250.977,0.13670000433921814
2025-01-13 00:00:00,8251.004,8261.4,8190.174,8227.24,5.502880096435547
2025-01-14 00:00:00,8227.356,8244.204,8181.648,8217.162,5.544885158538818
2025-01-15 00:00:00,8217.156,8333.216,8214.384,8322.147,5.761254787445068
2025-01-16 00:00:00,8322.135,8425.299,8304.874,8417.761,3.4142301082611084
2025-01-17 00:00:00,8417.8,8534.186,8412.41,8502.242,3.9779651165008545
2025-01-18 00:00:00,8502.242,8502.242,8502.242,8502.242,0.0
2025-01-19 00:00:00,8499.507,8500.489,8487.852,8495.164,0.06005899980664253
2025-01-20 00:00:00,8495.164,8549.416,8482.174,8524.492,3.1705009937286377
2025-01-21 00:00:00,8524.848,8573.221,8468.457,8564.788,3.724555015563965
2025-01-22 00:00:00,8564.776,8584.868,8507.434,8515.28,3.9710850715637207
2025-01-23 00:00:00,8514.998,8572.48,8509.552,8559.099,4.2418341636657715
2025-01-24 00:00:00,8559.31,8588.677,8477.486,8483.513,3.950377941131592
2025-01-25 00:00:00,8483.513,8483.513,8483.513,8483.513,0.0
2025-01-26 00:00:00,8458.699,8468.516,8457.886,8467.404,0.051617998629808426
2025-01-27 00:00:00,8467.104,8538.5,8427.477,8527.563,6.346957206726074
2025-01-28 00:00:00,8526.836,8574.013,8497.65,8529.703,3.95632004737854
2025-01-29 00:00:00,8529.73,8584.42,8506.227,8539.807,4.817357063293457
2025-01-30 00:00:00,8539.969,8684.716,8537.314,8674.91,3.460926055908203
2025-01-31 00:00:00,8674.889,8692.68,8629.343,8636.498,5.734847068786621
2025-02-01 00:00:00,8636.498,8636.498,8636.498,8636.498,0.0
2025-02-02 00:00:00,8547.086,8623.496,8542.804,8614.597,0.43078500032424927
2025-02-03 00:00:00,8614.636,8624.059,8509.585,8581.388,11.193205833435059
2025-02-04 00:00:00,8581.364,8585.003,8523.309,8532.516,6.041346073150635
2025-02-05 00:00:00,8532.48,8662.195,8525.647,8658.889,5.740053176879883
2025-02-06 00:00:00,8658.177,8767.184,8656.769,8703.275,6.167313098907471
2025-02-07 00:00:00,8703.284,8730.594,8681.417,8685.657,6.6103692054748535
2025-02-08 00:00:00,8685.657,8685.657,8685.657,8685.657,0.0
2025-02-09 00:00:00,8685.807,8710.651,8680.044,8705.843,0.221901997923851
2025-02-10 00:00:00,8705.876,8786.138,8695.434,8774.69,5.140660762786865
2025-02-11 00:00:00,8774.157,8791.175,8750.627,8781.982,3.859800100326538
2025-02-12 00:00:00,8781.269,8830.959,8757.474,8827.326,5.885950088500977
2025-02-13 00:00:00,8827.293,8836.499,8728.299,8758.757,6.722864151000977
2025-02-14 00:00:00,8758.742,8766.886,8701.486,8707.236,4.578149795532227
2025-02-15 00:00:00,8707.236,8707.236,8707.236,8707.236,0.0
2025-02-16 00:00:00,8710.416,8712.693,8704.517,8709.504,0.061925001442432404
2025-02-17 00:00:00,8708.776,8782.536,8702.704,8767.692,1.5952650308609009
2025-02-18 00:00:00,8767.61,8788.392,8756.677,8767.409,2.5419199466705322
2025-02-19 00:00:00,8767.519,8775.433,8690.824,8694.865,4.721364974975586
2025-02-20 00:00:00,8694.494,8708.499,8646.919,8658.914,4.901754856109619
2025-02-21 00:00:00,8658.674,8684.486,8610.877,8628.877,3.6198348999023438
2025-02-22 00:00:00,8628.877,8628.877,8628.877,8628.877,0.0
2025-02-23 00:00:00,8636.998,8657.627,8636.695,8649.974,0.10569500178098679
2025-02-24 00:00:00,8649.974,8688.738,8613.306,8631.304,5.25370979309082
2025-02-25 00:00:00,8631.277,8714.712,8627.58,8708.419,6.736114978790283
2025-02-26 00:00:00,8708.437,8739.11,8679.574,8705.414,3.684119939804077
2025-02-27 00:00:00,8705.09,8782.901,8693.466,8741.503,4.307809829711914
2025-02-28 00:00:00,8741.619,8838.83,8678.104,8831.839,6.690690040588379
2025-03-01 00:00:00,8831.839,8831.839,8831.839,8831.839,0.0
2025-03-02 00:00:00,8843.716,8866.517,8843.367,8852.441,0.10978599637746811
2025-03-03 00:00:00,8852.438,8909.695,8791.531,8835.253,6.621702194213867
2025-03-04 00:00:00,8835.289,8870.713,8744.683,8840.782,9.157825469970703
2025-03-05 00:00:00,8840.99,8845.139,8743.314,8777.113,7.912455081939697
2025-03-06 00:00:00,8777.08,8796.757,8627.39,8654.957,11.192544937133789
2025-03-07 00:00:00,8654.23,8749.141,8625.82,8743.11,13.063437461853027
2025-03-08 00:00:00,8743.11,8743.11,8743.11,8743.11,0.0
2025-03-09 00:00:00,8687.56,8708.713,8661.066,8697.953,0.3120110034942627
2025-03-10 00:00:00,8697.163,8727.416,8529.69,8574.008,13.385836601257324
2025-03-11 00:00:00,8574.014,8629.493,8461.683,8522.116,11.891366958618164
2025-03-12 00:00:00,8521.877,8568.404,8497.413,8563.805,12.014782905578613
2025-03-13 00:00:00,8563.811,8581.246,8507.38,8556.792,10.415213584899902
2025-03-14 00:00:00,8556.989,8674.499,8536.895,8665.88,5.947482109069824
2025-03-15 00:00:00,8665.88,8665.88,8665.88,8665.88,0.0
2025-03-16 00:00:00,8644.474,8662.304,8638.38,8653.899,0.13320699334144592
2025-03-17 00:00:00,8653.786,8716.299,8622.58,8696.083,6.498509883880615
2025-03-18 00:00:00,8695.81,8727.704,8678.186,8703.895,8.609842300415039
2025-03-19 00:00:00,8704.286,8726.989,8661.98,8725.901,6.005560874938965
2025-03-20 00:00:00,8725.907,8742.41,8662.013,8695.799,7.410193920135498
2025-03-21 00:00:00,8695.48,8709.299,8612.68,8645.695,6.460093021392822
2025-03-22 00:00:00,8645.695,8645.695,8645.695,8645.695,0.0
2025-03-23 00:00:00,8658.313,8671.414,8657.074,8668.93,0.08771199733018875
2025-03-24 00:00:00,8669.105,8697.299,8614.916,8638.407,6.110083103179932
2025-03-25 00:00:00,8638.401,8717.213,8608.383,8674.01,6.1157379150390625
2025-03-26 00:00:00,8673.774,8714.189,8642.089,8658.599,7.551840782165527
2025-03-27 00:00:00,8658.51,8669.799,8609.593,8657.304,6.218725204467773
2025-03-28 00:00:00,8657.795,8693.821,8633.756,8642.499,6.509047985076904
2025-03-29 00:00:00,8642.499,8642.499,8642.499,8642.499,0.0
2025-03-30 00:00:00,8621.786,8641.596,8620.395,8635.745,0.3569610118865967
2025-03-31 00:00:00,8634.892,8641.883,8528.707,8606.105,11.8458833694458
2025-04-01 00:00:00,8609.392,8671.534,8573.124,8611.839,9.289755821228027
2025-04-02 00:00:00,8633.692,8636.207,8434.529,8447.601,9.668353080749512
2025-04-03 00:00:00,8444.507,8536.813,8427.354,8463.532,14.830645561218262
2025-04-04 00:00:00,8461.089,8478.267,7981.794,8000.01,20.456546783447266
2025-04-05 00:00:00,8000.01,8000.01,8000.01,8000.01,0.0
2025-04-06 00:00:00,7733.392,7779.744,7647.231,7739.539,1.2382169961929321
2025-04-07 00:00:00,7793.595,8021.604,7535.349,7811.184,22.481887817382812
2025-04-08 00:00:00,7843.107,7986.113,7640.674,7666.476,20.208454132080078
2025-04-09 00:00:00,7659.401,8187.905,7597.774,8137.452,17.583860397338867
2025-04-10 00:00:00,8140.277,8166.12,7797.493,7916.009,16.460281372070312
2025-04-11 00:00:00,7911.292,8117.292,7858.08,8094.786,11.50822925567627
2025-04-12 00:00:00,8094.786,8094.786,8094.786,8094.786,0.0
2025-04-13 00:00:00,8139.977,8147.351,8103.813,8125.783,0.500603973865509
2025-04-14 00:00:00,8128.601,8170.313,8063.677,8126.12,8.573222160339355
2025-04-15 00:00:00,8129.595,8265.28,8123.574,8201.461,5.71913480758667
2025-04-16 00:00:00,8202.601,8282.41,8165.154,8194.21,6.060443878173828
2025-04-17 00:00:00,8197.495,8328.007,8190.979,8276.598,5.791666030883789
2025-04-18 00:00:00,8276.598,8276.598,8276.598,8276.598,0.0
2025-04-19 00:00:00,8276.598,8276.598,8276.598,8276.598,0.0
2025-04-20 00:00:00,8254.801,8262.304,8241.098,8261.901,0.10363200306892395
2025-04-21 00:00:00,8261.586,8271.207,8158.677,8204.998,0.878171980381012
2025-04-22 00:00:00,8198.298,8440.171,8198.298,8413.971,7.043825149536133
2025-04-23 00:00:00,8456.716,8467.84,8376.416,8403.473,6.53338098526001
2025-04-24 00:00:00,8403.677,8449.436,8358.801,8438.498,6.75278377532959
2025-04-25 00:00:00,8441.007,8448.599,8394.677,8447.498,9.342693328857422
2025-04-26 00:00:00,8447.498,8447.498,8447.498,8447.498,0.0
2025-04-27 00:00:00,8432.298,8441.79,8424.68,8428.713,0.24005399644374847
2025-04-28 00:00:00,8437.186,8453.207,8393.189,8429.194,7.486131191253662
2025-04-29 00:00:00,8435.099,8501.207,8402.18,8478.003,6.873915195465088
2025-04-30 00:00:00,8477.201,8535.691,8428.692,8517.003,6.901741027832031
2025-05-01 00:00:00,8496.08,8523.499,8447.08,8472.463,6.466288089752197
2025-05-02 00:00:00,8469.199,8638.999,8468.074,8631.38,5.242288112640381
2025-05-03 00:00:00,8631.38,8631.38,8631.38,8631.38,0.0
2025-05-04 00:00:00,8604.795,8610.704,8585.498,8590.901,0.08848799765110016
2025-05-05 00:00:00,8591.001,8640.386,8587.301,8620.507,0.6677640080451965
2025-05-06 00:00:00,8630.377,8685.87,8559.574,8596.87,6.564385890960693
2025-05-07 00:00:00,8599.386,8610.601,8531.592,8570.643,8.915885925292969
2025-05-08 00:00:00,8573.101,8617.107,8510.899,8544.544,5.676098823547363
2025-05-09 00:00:00,8540.104,8581.504,8519.28,8540.098,7.400284767150879
2025-05-10 00:00:00,8540.098,8540.098,8540.098,8540.098,0.0
2025-05-11 00:00:00,8571.907,8583.023,8562.804,8578.916,0.6849150061607361
2025-05-12 00:00:00,8597.798,8640.795,8544.243,8616.155,7.632232189178467
2025-05-13 00:00:00,8617.595,8624.549,8551.427,8587.263,4.630988121032715
2025-05-14 00:00:00,8589.104,8616.57,8547.793,8551.594,3.395548105239868
2025-05-15 00:00:00,8550.998,8649.56,8533.427,8643.713,4.929571151733398
2025-05-16 00:00:00,8640.701,8698.336,8631.977,8695.749,4.331765174865723
2025-05-17 00:00:00,8695.749,8695.749,8695.749,8695.749,0.0
2025-05-18 00:00:00,8660.683,8693.736,8660.683,8678.328,0.2599070072174072
2025-05-19 00:00:00,8672.483,8744.243,8611.893,8739.691,4.816273212432861
2025-05-20 00:00:00,8742.995,8799.359,8714.024,8786.617,4.429904937744141
2025-05-21 00:00:00,8788.692,8799.016,8719.134,8727.0,5.111064910888672
2025-05-22 00:00:00,8729.686,8770.189,8688.41,8748.326,4.418595790863037
2025-05-23 00:00:00,8749.695,8779.41,8602.748,8736.004,6.190762996673584
2025-05-24 00:00:00,8736.004,8736.004,8736.004,8736.004,0.0
2025-05-25 00:00:00,8734.989,8781.892,8733.71,8768.013,0.11298000067472458
2025-05-26 00:00:00,8768.116,8783.913,8761.401,8770.713,0.32757601141929626
2025-05-27 00:00:00,8782.192,8824.568,8767.596,8801.376,4.255846977233887
2025-05-28 00:00:00,8803.198,8808.192,8722.88,8794.984,3.115541934967041
2025-05-29 00:00:00,8808.201,8814.683,8695.374,8727.854,3.4742939472198486
2025-05-30 00:00:00,8732.389,8806.661,8725.874,8787.954,4.687233924865723
2025-05-31 00:00:00,8787.954,8787.954,8787.954,8787.954,0.0
2025-06-01 00:00:00,8775.68,8783.316,8770.63,8775.07,0.08215799927711487
2025-06-02 00:00:00,8781.877,8815.913,8728.549,8793.199,4.816593170166016
2025-06-03 00:00:00,8805.386,8807.874,8738.337,8789.599,3.5703580379486084
2025-06-04 00:00:00,8800.716,8821.904,8778.146,8798.314,4.458837985992432
2025-06-05 00:00:00,8794.78,8838.792,8775.78,8793.259,5.509003162384033
2025-06-06 00:00:00,8791.795,8851.399,8790.283,8838.76,3.380434036254883
2025-06-07 00:00:00,8838.76,8838.76,8838.76,8838.76,0.0
2025-06-08 00:00:00,8839.177,8843.319,8828.08,8832.759,0.0881590023636818
2025-06-09 00:00:00,8835.516,8852.489,8811.523,8825.506,3.1093239784240723
2025-06-10 00:00:00,8820.399,8886.307,8813.974,8853.839,4.520578861236572
2025-06-11 00:00:00,8860.492,8885.05,8836.051,8844.905,4.535146236419678
2025-06-12 00:00:00,8848.307,8901.311,8826.513,8856.3,4.485854148864746
2025-06-13 00:00:00,8860.777,8884.81,8817.574,8835.814,3.1305389404296875
2025-06-14 00:00:00,8835.814,8835.814,8835.814,8835.814,0.0
2025-06-15 00:00:00,8829.392,8850.62,8821.277,8841.284,0.3087350130081177
2025-06-16 00:00:00,8841.792,8903.095,8812.63,8813.13,2.547308921813965
2025-06-17 00:00:00,8819.592,8863.61,8806.264,8823.639,2.990088939666748
2025-06-18 00:00:00,8841.05,8864.795,8818.459,8845.551,2.85903000831604
2025-06-19 00:00:00,8845.316,8870.199,8783.896,8814.077,2.738332986831665
2025-06-20 00:00:00,8815.913,8846.786,8743.271,8748.002,3.662060022354126
2025-06-21 00:00:00,8748.002,8748.002,8748.002,8748.002,0.0
2025-06-22 00:00:00,8716.269,8744.538,8714.357,8738.867,0.20269900560379028
2025-06-23 00:00:00,8738.713,8797.096,8726.301,8788.11,3.6085848808288574
2025-06-24 00:00:00,8787.216,8822.943,8750.381,8761.37,2.6364059448242188
2025-06-25 00:00:00,8758.074,8792.58,8700.639,8703.393,2.600780963897705
2025-06-26 00:00:00,8707.083,8763.091,8692.101,8756.596,2.453885078430176
2025-06-27 00:00:00,8757.604,8802.78,8742.808,8786.189,3.278857946395874
2025-06-28 00:00:00,8786.189,8786.189,8786.189,8786.189,0.0
2025-06-29 00:00:00,8789.099,8803.167,8786.086,8796.213,0.06517700105905533
2025-06-30 00:00:00,8795.601,8818.298,8754.308,8764.906,2.887593984603882
2025-07-01 00:00:00,8768.783,8807.083,8726.456,8791.519,2.2731940746307373
2025-07-02 00:00:00,8794.595,8827.343,8738.134,8793.914,2.3983540534973145
2025-07-03 00:00:00,8796.01,8839.298,8786.777,8813.413,1.760233998298645
2025-07-04 00:00:00,8814.48,8832.099,8779.774,8798.007,1.4620779752731323
2025-07-05 00:00:00,8798.007,8798.007,8798.007,8798.007,0.0
2025-07-06 00:00:00,8818.692,8819.183,8808.51,8811.647,0.08886899799108505
2025-07-07 00:00:00,8804.31,8837.439,8762.11,8774.654,3.1884939670562744
2025-07-08 00:00:00,8770.504,8876.807,8764.235,8857.838,2.3519670963287354
2025-07-09 00:00:00,8860.274,8907.876,8849.252,8895.736,1.8675240278244019
2025-07-10 00:00:00,8900.186,8991.889,8892.477,8982.026,2.081387996673584
2025-07-11 00:00:00,8985.177,8985.177,8916.801,8945.151,2.9625821113586426
2025-07-12 00:00:00,8945.151,8945.151,8945.151,8945.151,0.0
2025-07-13 00:00:00,8922.007,8935.899,8920.777,8934.549,0.11630800366401672
2025-07-14 00:00:00,8928.716,9024.483,8917.095,9011.195,2.159558057785034
2025-07-15 00:00:00,9022.716,9041.51,8931.189,8937.716,2.9394679069519043
2025-07-16 00:00:00,8937.192,8985.716,8914.689,8970.163,2.641446113586426
2025-07-17 00:00:00,8974.475,8996.299,8940.683,8988.349,2.096859931945801
2025-07-18 00:00:00,8991.492,9013.92,8968.286,8983.536,2.393030881881714
2025-07-19 00:00:00,8983.536,8983.536,8983.536,8983.536,0.0
2025-07-20 00:00:00,8980.41,8987.838,8978.877,8987.564,0.036736998707056046
2025-07-21 00:00:00,8993.189,9012.802,8973.897,8986.196,1.8371340036392212
2025-07-22 00:00:00,8986.48,9053.974,8977.474,9052.723,2.222898006439209
2025-07-23 00:00:00,9063.504,9114.752,9047.091,9109.909,2.662837028503418
2025-07-24 00:00:00,9109.492,9158.41,9096.686,9138.49,2.355149030685425
2025-07-25 00:00:00,9137.904,9149.499,9093.85,9143.427,1.7146790027618408
2025-07-26 00:00:00,9143.427,9143.427,9143.427,9143.427,0.0
2025-07-27 00:00:00,9151.88,9154.818,9147.074,9149.216,0.06294699758291245
2025-07-28 00:00:00,9163.207,9174.198,9057.707,9083.816,2.6024110317230225
2025-07-29 00:00:00,9084.21,9163.189,9078.704,9141.404,2.478355884552002
2025-07-30 00:00:00,9142.916,9164.513,9090.198,9149.816,2.95770001411438
2025-07-31 00:00:00,9153.683,9190.404,9100.495,9108.329,3.177056074142456
2025-08-01 00:00:00,9117.392,9127.239,9026.877,9100.898,5.933495998382568
2025-08-02 00:00:00,9100.898,9100.898,9100.898,9100.898,0.0
2025-08-03 00:00:00,9095.889,9105.356,9088.992,9103.286,0.2777569890022278
2025-08-04 00:00:00,9107.799,9161.774,9063.583,9150.461,4.4024882316589355
2025-08-05 00:00:00,9151.186,9181.892,9124.68,9142.916,4.461674213409424
2025-08-06 00:00:00,9146.901,9183.498,9120.176,9128.451,3.012415885925293
2025-08-07 00:00:00,9128.204,9148.413,9075.314,9091.863,3.036228895187378
2025-08-08 00:00:00,9091.177,9126.713,9079.213,9094.301,2.0186469554901123
2025-08-09 00:00:00,9094.301,9094.301,9094.301,9094.301,0.0
2025-08-10 00:00:00,9093.68,9099.883,9088.712,9088.983,0.05262500047683716
2025-08-11 00:00:00,9092.695,9138.356,9089.204,9127.723,2.3629770278930664
2025-08-12 00:00:00,9127.207,9172.203,9118.68,9169.956,2.487373113632202
2025-08-13 00:00:00,9168.195,9186.398,9142.258,9152.424,1.8683799505233765
2025-08-14 00:00:00,9156.486,9213.016,9133.755,9204.421,2.0400450229644775
2025-08-15 00:00:00,9222.198,9227.995,9125.679,9146.114,2.442789077758789
2025-08-16 00:00:00,9146.114,9146.114,9146.114,9146.114,0.0
2025-08-17 00:00:00,9145.716,9151.656,9144.592,9149.667,0.04252300038933754
2025-08-18 00:00:00,9158.974,9182.727,9125.177,9176.527,1.8808189630508423
2025-08-19 00:00:00,9177.901,9197.299,9153.707,9178.719,2.0954930782318115
2025-08-20 00:00:00,9178.889,9316.319,9164.701,9301.667,2.6386570930480957
2025-08-21 00:00:00,9305.71,9324.556,9256.299,9321.777,1.8364030122756958
2025-08-22 00:00:00,9318.599,9356.51,9283.33,9337.725,1.9781420230865479
2025-08-23 00:00:00,9337.725,9337.725,9337.725,9337.725,0.0
2025-08-24 00:00:00,9336.604,9337.913,9332.174,9335.098,0.027659999206662178
2025-08-25 00:00:00,9335.295,9337.999,9303.686,9318.907,0.07009200006723404
2025-08-26 00:00:00,9328.189,9329.486,9247.829,9295.44,2.454685926437378
2025-08-27 00:00:00,9297.998,9306.099,9229.205,9242.201,1.9479860067367554
2025-08-28 00:00:00,9255.913,9272.116,9206.104,9219.398,1.744223952293396
2025-08-29 00:00:00,9222.613,9235.592,9178.509,9192.734,2.1099910736083984
2025-08-30 00:00:00,9192.734,9192.734,9192.734,9192.734,0.0
2025-08-31 00:00:00,9193.607,9204.626,9193.18,9201.423,0.05011099949479103
2025-09-01 00:00:00,9205.589,9226.201,9178.614,9188.689,1.5376180410385132
2025-09-02 00:00:00,9190.177,9209.427,9101.69,9153.075,3.1023900508880615
2025-09-03 00:00:00,9155.207,9184.676,9106.117,9177.64,3.157654047012329
2025-09-04 00:00:00,9178.207,9236.104,9154.177,9233.042,2.79236102104187
2025-09-05 00:00:00,9230.599,9253.731,9195.637,9223.934,3.6735129356384277
2025-09-06 00:00:00,9223.934,9223.934,9223.934,9223.934,0.0
2025-09-07 00:00:00,9217.077,9235.056,9214.913,9234.171,0.09405799955129623
2025-09-08 00:00:00,9238.007,9240.989,9189.722,9225.673,1.919558048248291
2025-09-09 00:00:00,9231.707,9266.087,9209.674,9245.046,2.1904869079589844
2025-09-10 00:00:00,9254.195,9291.105,9217.953,9242.071,2.426038980484009
2025-09-11 00:00:00,9251.099,9319.219,9237.713,9315.46,2.723845958709717
2025-09-12 00:00:00,9315.683,9341.216,9260.873,9264.18,2.5509281158447266
2025-09-13 00:00:00,9264.18,9264.18,9264.18,9264.18,0.0
2025-09-14 00:00:00,9266.374,9270.507,9265.592,9266.133,0.027201000601053238
2025-09-15 00:00:00,9265.395,9298.398,9259.877,9274.663,1.9815850257873535
2025-09-16 00:00:00,9281.674,9285.473,9189.207,9198.216,2.4924559593200684
2025-09-17 00:00:00,9201.698,9245.913,9177.544,9217.901,3.6046929359436035
2025-09-18 00:00:00,9213.816,9245.404,9195.935,9241.29,3.8156518936157227
2025-09-19 00:00:00,9244.41,9248.603,9198.466,9223.036,3.6830289363861084
2025-09-20 00:00:00,9223.036,9223.036,9223.036,9223.036,0.0
2025-09-21 00:00:00,9219.977,9220.095,9212.684,9212.799,0.04041299968957901
2025-09-22 00:00:00,9216.674,9251.504,9188.927,9237.014,2.9656078815460205
2025-09-23 00:00:00,9241.398,9267.701,9195.676,9201.25,3.207412004470825
2025-09-24 00:00:00,9200.689,9268.916,9173.887,9240.337,4.350882053375244
2025-09-25 00:00:00,9238.083,9246.104,9200.586,9232.557,2.7032999992370605
2025-09-26 00:00:00,9236.416,9307.3,9210.412,9300.228,3.3840749263763428
2025-09-27 00:00:00,9300.228,9300.228,9300.228,9300.228,0.0
2025-09-28 00:00:00,9302.199,9307.307,9300.113,9305.186,0.03367200121283531
2025-09-29 00:00:00,9309.916,9354.193,9280.886,9292.104,1.5799319744110107
2025-09-30 00:00:00,9297.799,9377.707,9265.689,9364.28,1.4669760465621948
2025-10-01 00:00:00,9374.886,9464.407,9346.686,9450.992,1.493064045906067
2025-10-02 00:00:00,9454.604,9487.798,9416.101,9427.91,1.5515880584716797
2025-10-03 00:00:00,9428.286,9499.616,9425.089,9483.083,1.1926560401916504
2025-10-04 00:00:00,9483.083,9483.083,9483.083,9483.083,0.0
2025-10-05 00:00:00,9485.413,9503.299,9484.674,9499.374,0.05594399943947792
2025-10-06 00:00:00,9497.61,9517.616,9461.401,9464.216,1.3512840270996094
2025-10-07 00:00:00,9465.28,9507.199,9459.283,9483.101,1.3165680170059204
2025-10-08 00:00:00,9484.316,9578.399,9482.083,9554.08,1.2660119533538818
2025-10-09 00:00:00,9554.798,9557.116,9483.074,9500.574,1.5396480560302734
2025-10-10 00:00:00,9504.592,9518.601,9363.092,9379.38,2.516040086746216
2025-10-11 00:00:00,9379.38,9379.38,9379.38,9379.38,0.0
2025-10-12 00:00:00,9410.701,9420.386,9397.498,9419.386,0.2200320065021515
2025-10-13 00:00:00,9427.607,9458.107,9409.195,9444.174,1.9362119436264038
2025-10-14 00:00:00,9447.174,9491.198,9381.713,9472.08,2.3860559463500977
2025-10-15 00:00:00,9480.192,9487.499,9373.874,9408.71,1.9782480001449585
2025-10-16 00:00:00,9413.004,9443.004,9354.88,9365.289,2.647775888442993
2025-10-17 00:00:00,9357.28,9391.304,9273.498,9382.98,2.7213120460510254
2025-10-18 00:00:00,9382.98,9382.98,9382.98,9382.98,0.0
2025-10-19 00:00:00,9382.91,9388.0,9373.992,9380.21,0.07888899743556976
2025-10-20 00:00:00,9378.983,9439.013,9366.986,9433.401,1.2546839714050293
2025-10-21 00:00:00,9434.274,9448.31,9404.48,9415.889,1.2160439491271973
2025-10-22 00:00:00,9415.004,9545.786,9408.489,9504.304,1.8022199869155884
2025-10-23 00:00:00,9508.592,9594.774,9504.104,9586.204,1.4137680530548096
2025-10-24 00:00:00,9597.277,9656.598,9558.58,9632.092,1.1207159757614136
2025-10-25 00:00:00,9632.092,9632.092,9632.092,9632.092,0.0
2025-10-26 00:00:00,9665.295,9668.299,9658.989,9659.91,0.028392000123858452
2025-10-27 00:00:00,9659.71,9673.613,9632.289,9666.513,1.0059599876403809
2025-10-28 00:00:00,9666.292,9727.316,9643.777,9696.198,1.2154079675674438
2025-10-29 00:00:00,9696.41,9789.286,9686.083,9747.183,2.051448106765747
2025-10-30 00:00:00,9747.401,9770.099,9688.513,9760.598,2.0958120822906494
2025-10-31 00:00:00,9760.899,9764.816,9695.274,9734.992,1.5581519603729248
2025-11-01 00:00:00,9734.992,9734.992,9734.992,9734.992,0.0
2025-11-02 00:00:00,9739.974,9744.989,9738.095,9741.91,0.03717600181698799
2025-11-03 00:00:00,9742.013,9753.783,9691.201,9694.974,1.2178319692611694
2025-11-04 00:00:00,9694.907,9725.701,9571.401,9701.407,1.851863980293274
2025-11-05 00:00:00,9700.983,9801.716,9635.904,9781.698,1.6944600343704224
2025-11-06 00:00:00,9781.889,9784.983,9700.874,9721.298,1.974876046180725
2025-11-07 00:00:00,9721.186,9734.21,9637.18,9730.874,2.5166521072387695
2025-11-08 00:00:00,9730.874,9730.874,9730.874,9730.874,0.0
2025-11-09 00:00:00,9741.986,9744.907,9736.177,9741.177,0.05265599861741066
2025-11-10 00:00:00,9740.589,9845.713,9724.401,9840.495,1.7173919677734375
2025-11-11 00:00:00,9840.595,9912.716,9836.301,9901.677,1.6721760034561157
2025-11-12 00:00:00,9901.595,9931.895,9867.292,9872.377,1.713587999343872
2025-11-13 00:00:00,9872.274,9916.674,9734.683,9755.095,2.635512113571167
2025-11-14 00:00:00,9755.192,9779.71,9607.892,9690.395,3.1992480754852295
2025-11-15 00:00:00,9690.395,9690.395,9690.395,9690.395,0.0
2025-11-16 00:00:00,9678.777,9698.901,9677.01,9696.198,0.07869599759578705
2025-11-17 00:00:00,9696.11,9708.216,9603.883,9631.71,2.7902519702911377
2025-11-18 00:00:00,9631.889,9634.099,9509.374,9568.304,4.205388069152832
2025-11-19 00:00:00,9568.101,9583.807,9498.913,9581.813,3.0208740234375
2025-11-20 00:00:00,9581.58,9595.499,9428.992,9448.08,3.64180588722229
2025-11-21 00:00:00,9447.986,9597.201,9423.389,9574.299,4.024032115936279
2025-11-22 00:00:00,9574.299,9574.299,9574.299,9574.299,0.0
2025-11-23 00:00:00,9595.889,9596.698,9587.689,9589.874,0.06568799912929535
2025-11-24 00:00:00,9589.513,9597.904,9511.692,9540.695,2.565443992614746
2025-11-25 00:00:00,9540.504,9646.177,9519.186,9634.986,2.616719961166382
2025-11-26 00:00:00,9635.199,9711.799,9591.68,9685.316,2.0487570762634277
2025-11-27 00:00:00,9685.189,9706.21,9656.295,9705.874,0.9512040019035339
2025-11-28 00:00:00,9706.098,9741.999,9693.01,9711.183,1.0426679849624634
2025-11-29 00:00:00,9711.183,9711.183,9711.183,9711.183,0.0
2025-11-30 00:00:00,9713.195,9717.374,9707.995,9711.116,0.054816000163555145
2025-12-01 00:00:00,9711.298,9735.716,9683.38,9688.283,1.9626120328903198
2025-12-02 00:00:00,9688.392,9745.186,9682.195,9707.71,1.8546839952468872
2025-12-03 00:00:00,9707.801,9714.299,9674.386,9703.607,1.6003320217132568
2025-12-04 00:00:00,9703.498,9727.407,9673.386,9702.998,1.531224012374878
2025-12-05 00:00:00,9702.604,9736.499,9655.88,9658.613,1.3511040210723877
2025-12-06 00:00:00,9658.613,9658.613,9658.613,9658.613,0.0
2025-12-07 00:00:00,9660.595,9662.899,9657.574,9661.213,0.028464000672101974
2025-12-08 00:00:00,9661.28,9677.913,9619.574,9646.416,1.4346120357513428
2025-12-09 00:00:00,9646.307,9671.901,9605.392,9610.404,1.3707720041275024
2025-12-10 00:00:00,9610.28,9689.892,9604.901,9672.204,1.8542280197143555
2025-12-11 00:00:00,9672.304,9733.895,9632.398,9717.474,1.8676079511642456
2025-12-12 00:00:00,9717.298,9762.11,9631.999,9664.392,2.187527894973755
2025-12-13 00:00:00,9664.392,9664.392,9664.392,9664.392,0.0
2025-12-14 00:00:00,9663.183,9666.598,9655.586,9665.698,0.047543998807668686
2025-12-15 00:00:00,9665.51,9769.916,9664.386,9746.298,1.8477239608764648
2025-12-16 00:00:00,9746.101,9760.11,9653.999,9672.81,2.4924240112304688
2025-12-17 00:00:00,9672.583,9852.898,9665.586,9756.713,2.526803970336914
2025-12-18 00:00:00,9756.889,9852.21,9744.677,9806.401,2.2965118885040283
2025-12-19 00:00:00,9806.198,9914.213,9795.674,9871.71,1.5821280479431152
2025-12-20 00:00:00,9871.71,9871.71,9871.71,9871.71,0.0
2025-12-21 00:00:00,9882.407,9888.492,9880.701,9887.601,0.027504000812768936
2025-12-22 00:00:00,9887.792,9897.713,9827.799,9863.989,1.1973119974136353
2025-12-23 00:00:00,9864.186,9902.216,9841.686,9870.699,1.1639039516448975
2025-12-24 00:00:00,9870.886,9893.913,9857.377,9861.386,0.21429599821567535
2025-12-25 00:00:00,9873.41,9877.899,9871.995,9874.301,0.012563999742269516
2025-12-26 00:00:00,9874.186,9882.886,9866.601,9877.616,0.21025200188159943
2025-12-27 00:00:00,9877.616,9877.616,9877.616,9877.616,0.0
2025-12-28 00:00:00,9879.074,9879.801,9875.792,9877.792,0.018456000834703445
2025-12-29 00:00:00,9877.589,9896.11,9853.174,9867.698,1.3748040199279785
2025-12-30 00:00:00,9867.886,9955.799,9853.999,9940.813,1.0254839658737183
2025-12-31 00:00:00,9940.604,9960.395,9912.686,9945.004,0.43628400564193726
