timestamp,open,high,low,close,volume
2015-06-01 00:00:00,0.94151,0.94837,0.94038,0.94599,99219.8515625
2015-06-02 00:00:00,0.94599,0.946,0.93086,0.93343,100503.8203125
2015-06-03 00:00:00,0.93344,0.94232,0.9302,0.9345,95607.671875
2015-06-04 00:00:00,0.93451,0.93707,0.92771,0.93492,94379.03125
2015-06-05 00:00:00,0.93492,0.95018,0.92984,0.93899,94229.8203125
2015-06-06 00:00:00,0.93899,0.93899,0.93899,0.93899,0.0
2015-06-07 00:00:00,0.93886,0.94116,0.93761,0.94065,3274.080078125
2015-06-08 00:00:00,0.94064,0.9429,0.92557,0.92741,90352.7578125
2015-06-09 00:00:00,0.92741,0.93323,0.92462,0.93041,87169.2890625
2015-06-10 00:00:00,0.93039,0.93249,0.92331,0.93213,101495.8984375
2015-06-11 00:00:00,0.93213,0.94068,0.92968,0.93383,84780.6796875
2015-06-12 00:00:00,0.93388,0.93905,0.9241,0.92816,79579.828125
2015-06-13 00:00:00,0.92816,0.92816,0.92816,0.92816,0.0
2015-06-14 00:00:00,0.92981,0.93013,0.92884,0.92954,3763.010009765625
2015-06-15 00:00:00,0.92954,0.93841,0.92742,0.92986,67215.3515625
2015-06-16 00:00:00,0.92986,0.93345,0.92716,0.93176,50142.69140625
2015-06-17 00:00:00,0.93174,0.93226,0.91966,0.92112,74913.1171875
2015-06-18 00:00:00,0.92112,0.92454,0.91506,0.92138,76506.671875
2015-06-19 00:00:00,0.92138,0.92489,0.91626,0.91774,56799.75
2015-06-20 00:00:00,0.91774,0.91774,0.91774,0.91774,0.0
2015-06-21 00:00:00,0.9165,0.9185,0.91628,0.91847,3052.260009765625
2015-06-22 00:00:00,0.91846,0.92251,0.91567,0.92171,71591.8671875
2015-06-23 00:00:00,0.92171,0.93877,0.92131,0.93349,77930.859375
2015-06-24 00:00:00,0.9335,0.93688,0.9281,0.93356,73394.390625
2015-06-25 00:00:00,0.93355,0.94154,0.93245,0.93656,65304.23046875
2015-06-26 00:00:00,0.93656,0.93733,0.92996,0.93251,60658.19140625
2015-06-27 00:00:00,0.93251,0.93251,0.93251,0.93251,0.0
2015-06-28 00:00:00,0.93745,0.94171,0.93658,0.94035,11510.76953125
2015-06-29 00:00:00,0.94035,0.94277,0.92427,0.92591,90353.2265625
2015-06-30 00:00:00,0.92591,0.93811,0.92566,0.93474,87385.2890625
2015-07-01 00:00:00,0.93473,0.94895,0.93417,0.9487,74483.7421875
2015-07-02 00:00:00,0.9487,0.95032,0.94179,0.9436,94185.6328125
2015-07-03 00:00:00,0.94357,0.94411,0.93893,0.93913,74592.046875
2015-07-04 00:00:00,0.93913,0.93913,0.93913,0.93913,0.0
2015-07-05 00:00:00,0.94095,0.94484,0.94085,0.94429,6686.10009765625
2015-07-06 00:00:00,0.94428,0.94712,0.94072,0.94301,96253.65625
2015-07-07 00:00:00,0.94302,0.9515,0.94267,0.94662,108879.921875
2015-07-08 00:00:00,0.9467,0.95099,0.94085,0.94566,112081.359375
2015-07-09 00:00:00,0.94566,0.95148,0.94245,0.94767,108304.3828125
2015-07-10 00:00:00,0.94766,0.9479,0.93295,0.93769,103317.578125
2015-07-11 00:00:00,0.93769,0.93769,0.93769,0.93769,0.0
2015-07-12 00:00:00,0.94133,0.94152,0.93796,0.94009,3180.570068359375
2015-07-13 00:00:00,0.94009,0.95094,0.93675,0.95073,104953.953125
2015-07-14 00:00:00,0.9508,0.95317,0.94016,0.94491,107965.9765625
2015-07-15 00:00:00,0.94492,0.95474,0.94467,0.95276,101904.0078125
2015-07-16 00:00:00,0.95275,0.95837,0.95223,0.95724,93082.296875
2015-07-17 00:00:00,0.95724,0.96189,0.95568,0.96084,85388.5390625
2015-07-18 00:00:00,0.96084,0.96084,0.96084,0.96084,0.0
2015-07-19 00:00:00,0.96072,0.96266,0.9606,0.96238,2231.22998046875
2015-07-20 00:00:00,0.96239,0.96489,0.96,0.96347,87124.0234375
2015-07-21 00:00:00,0.96355,0.9648,0.95596,0.95802,104682.2890625
2015-07-22 00:00:00,0.95803,0.96318,0.95606,0.9598,77957.7421875
2015-07-23 00:00:00,0.9598,0.96023,0.95251,0.95938,82063.1484375
2015-07-24 00:00:00,0.95941,0.96349,0.95734,0.9623,67154.2421875
2015-07-25 00:00:00,0.9623,0.9623,0.9623,0.9623,0.0
2015-07-26 00:00:00,0.96141,0.96311,0.96141,0.96256,1435.68994140625
2015-07-27 00:00:00,0.96257,0.96324,0.95298,0.96216,86398.0234375
2015-07-28 00:00:00,0.96213,0.96739,0.96042,0.96155,74259.8203125
2015-07-29 00:00:00,0.96155,0.9689,0.95987,0.96744,75007.7109375
2015-07-30 00:00:00,0.96744,0.97188,0.96742,0.96828,80935.859375
2015-07-31 00:00:00,0.96828,0.96843,0.95481,0.9646,89635.859375
2015-08-01 00:00:00,0.9646,0.9646,0.9646,0.9646,0.0
2015-08-02 00:00:00,0.96492,0.96738,0.96488,0.96717,2540.389892578125
2015-08-03 00:00:00,0.96718,0.97013,0.96429,0.96915,65460.3984375
2015-08-04 00:00:00,0.96916,0.97893,0.96677,0.97806,80763.328125
2015-08-05 00:00:00,0.97806,0.98214,0.97596,0.97909,90248.0390625
2015-08-06 00:00:00,0.97911,0.98472,0.9767,0.98106,75870.7109375
2015-08-07 00:00:00,0.98105,0.98835,0.97917,0.98138,78007.6484375
2015-08-08 00:00:00,0.98138,0.98138,0.98138,0.98138,0.0
2015-08-09 00:00:00,0.98121,0.98378,0.98121,0.98373,2300.7099609375
2015-08-10 00:00:00,0.98374,0.98908,0.98032,0.98365,67412.640625
2015-08-11 00:00:00,0.98366,0.99025,0.98015,0.98801,81999.0
2015-08-12 00:00:00,0.98801,0.9889,0.9677,0.97541,90000.4375
2015-08-13 00:00:00,0.97542,0.97937,0.97295,0.97546,76015.828125
2015-08-14 00:00:00,0.97547,0.97865,0.97276,0.97505,61526.4296875
2015-08-15 00:00:00,0.97505,0.97505,0.97505,0.97505,0.0
2015-08-16 00:00:00,0.97584,0.97722,0.9757,0.97709,1848.8800048828125
2015-08-17 00:00:00,0.97707,0.97978,0.97418,0.97832,55268.640625
2015-08-18 00:00:00,0.97832,0.97955,0.97511,0.97746,53015.1796875
2015-08-19 00:00:00,0.97745,0.97755,0.96414,0.96577,69578.3515625
2015-08-20 00:00:00,0.96577,0.96712,0.95836,0.95917,74365.2890625
2015-08-21 00:00:00,0.95917,0.95941,0.94569,0.9457,87169.65625
2015-08-22 00:00:00,0.9457,0.9457,0.9457,0.9457,0.0
2015-08-23 00:00:00,0.94532,0.9481,0.94518,0.94729,3940.699951171875
2015-08-24 00:00:00,0.94729,0.94781,0.92577,0.93305,127782.0234375
2015-08-25 00:00:00,0.93305,0.9505,0.93143,0.93887,118326.65625
2015-08-26 00:00:00,0.93884,0.95515,0.93846,0.95199,127265.1484375
2015-08-27 00:00:00,0.95198,0.96718,0.9512,0.96544,102331.2890625
2015-08-28 00:00:00,0.9654,0.96661,0.9578,0.96182,94215.578125
2015-08-29 00:00:00,0.96182,0.96182,0.96182,0.96182,0.0
2015-08-30 00:00:00,0.96121,0.9633,0.96092,0.96121,4057.800048828125
2015-08-31 00:00:00,0.9612,0.96897,0.95866,0.96522,71260.3671875
2015-09-01 00:00:00,0.96518,0.96523,0.95688,0.96014,101545.8828125
2015-09-02 00:00:00,0.96014,0.97027,0.95981,0.97011,77414.7890625
2015-09-03 00:00:00,0.97011,0.97702,0.9682,0.97392,81157.0234375
2015-09-04 00:00:00,0.97393,0.97696,0.96833,0.97113,75321.703125
2015-09-05 00:00:00,0.97113,0.97113,0.97113,0.97113,0.0
2015-09-06 00:00:00,0.97129,0.97232,0.97119,0.97181,1523.47998046875
2015-09-07 00:00:00,0.97181,0.97635,0.97069,0.97583,68243.1328125
2015-09-08 00:00:00,0.97583,0.9821,0.96991,0.97799,72662.46875
2015-09-09 00:00:00,0.97799,0.98236,0.9716,0.97527,82144.2890625
2015-09-10 00:00:00,0.97527,0.97927,0.97011,0.97323,83339.9375
2015-09-11 00:00:00,0.97322,0.97961,0.96781,0.96781,67958.9375
2015-09-12 00:00:00,0.96781,0.96781,0.96781,0.96781,0.0
2015-09-13 00:00:00,0.96893,0.96924,0.96802,0.96901,2549.47998046875
2015-09-14 00:00:00,0.969,0.9719,0.96671,0.96832,55162.55078125
2015-09-15 00:00:00,0.96834,0.97632,0.96699,0.97423,55757.05859375
2015-09-16 00:00:00,0.97423,0.97622,0.96693,0.97029,70405.4765625
2015-09-17 00:00:00,0.97029,0.97242,0.9591,0.96198,85228.1484375
2015-09-18 00:00:00,0.96198,0.97049,0.95274,0.96795,83595.4609375
2015-09-19 00:00:00,0.96795,0.96795,0.96795,0.96795,0.0
2015-09-20 00:00:00,0.96715,0.97021,0.96711,0.96936,4076.9599609375
2015-09-21 00:00:00,0.96935,0.97398,0.96425,0.97197,67513.796875
2015-09-22 00:00:00,0.97197,0.97566,0.97072,0.97534,65090.3515625
2015-09-23 00:00:00,0.97539,0.98008,0.97352,0.97914,71562.2109375
2015-09-24 00:00:00,0.97915,0.98035,0.96674,0.97813,75622.4375
2015-09-25 00:00:00,0.97816,0.98432,0.97431,0.97839,70274.7890625
2015-09-26 00:00:00,0.97839,0.97839,0.97839,0.97839,0.0
2015-09-27 00:00:00,0.97657,0.97973,0.97645,0.9794,1948.3900146484375
2015-09-28 00:00:00,0.97939,0.98157,0.97216,0.97473,67019.546875
2015-09-29 00:00:00,0.97474,0.97474,0.96869,0.9711,86690.4375
2015-09-30 00:00:00,0.97111,0.97756,0.97087,0.97412,79362.359375
2015-10-01 00:00:00,0.97413,0.97884,0.97217,0.97631,70295.046875
2015-10-02 00:00:00,0.97632,0.97944,0.96443,0.97114,72617.15625
2015-10-03 00:00:00,0.97114,0.97114,0.97114,0.97114,0.0
2015-10-04 00:00:00,0.97085,0.97223,0.97055,0.97124,5535.14990234375
2015-10-05 00:00:00,0.97138,0.97672,0.96856,0.97549,65741.6875
2015-10-06 00:00:00,0.97549,0.97669,0.96642,0.96745,58121.71875
2015-10-07 00:00:00,0.9674,0.97393,0.96476,0.97334,77066.1015625
2015-10-08 00:00:00,0.9733,0.97331,0.96226,0.96634,76363.6484375
2015-10-09 00:00:00,0.96633,0.96754,0.95862,0.96136,67348.1796875
2015-10-10 00:00:00,0.96136,0.96136,0.96136,0.96136,0.0
2015-10-11 00:00:00,0.96074,0.9616,0.96011,0.96131,2904.43994140625
2015-10-12 00:00:00,0.96129,0.96302,0.95948,0.96291,52569.828125
2015-10-13 00:00:00,0.96292,0.96456,0.95544,0.95835,60158.01171875
2015-10-14 00:00:00,0.95833,0.9584,0.94834,0.94958,62152.1015625
2015-10-15 00:00:00,0.94958,0.95524,0.94756,0.9515,67824.5078125
2015-10-16 00:00:00,0.95153,0.95533,0.94969,0.95304,53401.19921875
2015-10-17 00:00:00,0.95304,0.95304,0.95304,0.95304,0.0
2015-10-18 00:00:00,0.9524,0.95425,0.95067,0.95305,2235.469970703125
2015-10-19 00:00:00,0.95307,0.95779,0.95215,0.95629,49384.640625
2015-10-20 00:00:00,0.95627,0.95705,0.94937,0.95597,51837.328125
2015-10-21 00:00:00,0.95595,0.96104,0.95275,0.95926,56184.3984375
2015-10-22 00:00:00,0.95926,0.97384,0.95797,0.97365,83218.9921875
2015-10-23 00:00:00,0.9737,0.98002,0.97114,0.97813,73890.2421875
2015-10-24 00:00:00,0.97813,0.97813,0.97813,0.97813,0.0
2015-10-25 00:00:00,0.97889,0.97934,0.97838,0.97881,2562.1298828125
2015-10-26 00:00:00,0.9788,0.98387,0.97566,0.98256,63731.05859375
2015-10-27 00:00:00,0.98256,0.98736,0.98052,0.98712,60976.62109375
2015-10-28 00:00:00,0.98711,0.99566,0.98194,0.99386,71189.84375
2015-10-29 00:00:00,0.99387,0.99554,0.98812,0.98918,75156.6328125
2015-10-30 00:00:00,0.98918,0.99101,0.98452,0.9874,81187.453125
2015-10-31 00:00:00,0.9874,0.9874,0.9874,0.9874,0.0
2015-11-01 00:00:00,0.98527,0.98712,0.9848,0.98626,3697.550048828125
2015-11-02 00:00:00,0.98627,0.98915,0.98292,0.98715,54340.51953125
2015-11-03 00:00:00,0.98715,0.99249,0.98441,0.99108,56157.890625
2015-11-04 00:00:00,0.99106,0.99511,0.98848,0.99316,66790.28125
2015-11-05 00:00:00,0.99321,0.99786,0.99213,0.99519,67901.5625
2015-11-06 00:00:00,0.99519,1.0076,0.99438,1.00348,79449.890625
2015-11-07 00:00:00,1.00348,1.00348,1.00348,1.00348,0.0
2015-11-08 00:00:00,1.00434,1.00611,1.00371,1.0057,2073.219970703125
2015-11-09 00:00:00,1.00569,1.00613,0.99972,1.00308,71217.171875
2015-11-10 00:00:00,1.0031,1.00861,1.00194,1.00523,76033.4609375
2015-11-11 00:00:00,1.00521,1.00717,1.00286,1.00342,66828.546875
2015-11-12 00:00:00,1.00342,1.00851,0.99889,1.00079,83824.90625
2015-11-13 00:00:00,1.00078,1.00945,0.99986,1.00575,78127.859375
2015-11-14 00:00:00,1.00575,1.00575,1.00575,1.00575,0.0
2015-11-15 00:00:00,1.00628,1.00903,1.00546,1.00784,5668.2900390625
2015-11-16 00:00:00,1.00783,1.01026,1.00436,1.0095,73006.5625
2015-11-17 00:00:00,1.0095,1.01705,1.00919,1.01429,80793.28125
2015-11-18 00:00:00,1.01432,1.0219,1.01275,1.01887,75002.2734375
2015-11-19 00:00:00,1.01885,1.02013,1.01215,1.01355,87366.15625
2015-11-20 00:00:00,1.01351,1.01976,1.01218,1.01833,76802.1015625
2015-11-21 00:00:00,1.01833,1.01833,1.01833,1.01833,0.0
2015-11-22 00:00:00,1.01946,1.01975,1.0188,1.01968,2374.4599609375
2015-11-23 00:00:00,1.0197,1.02257,1.01752,1.01842,75018.7265625
2015-11-24 00:00:00,1.01842,1.01936,1.01438,1.01703,76021.9296875
2015-11-25 00:00:00,1.01705,1.02595,1.01434,1.0218,86901.1328125
2015-11-26 00:00:00,1.0218,1.02528,1.02138,1.02358,56527.96875
2015-11-27 00:00:00,1.02351,1.03277,1.02255,1.02896,77508.0
2015-11-28 00:00:00,1.02896,1.02896,1.02896,1.02896,0.0
2015-11-29 00:00:00,1.02987,1.03039,1.02945,1.03019,1650.530029296875
2015-11-30 00:00:00,1.03019,1.03197,1.02579,1.02902,71085.390625
2015-12-01 00:00:00,1.0291,1.03015,1.02523,1.02628,79496.78125
2015-12-02 00:00:00,1.02627,1.03071,1.01791,1.01863,93717.3984375
2015-12-03 00:00:00,1.01863,1.02675,0.98748,0.99378,129550.21875
2015-12-04 00:00:00,0.99378,1.00341,0.9911,0.99572,129208.1484375
2015-12-05 00:00:00,0.99572,0.99572,0.99572,0.99572,0.0
2015-12-06 00:00:00,0.99701,0.99755,0.99606,0.99682,2539.409912109375
2015-12-07 00:00:00,0.99676,1.00313,0.99641,1.00056,89227.8828125
2015-12-08 00:00:00,1.00056,1.00098,0.99169,0.9928,92264.2890625
2015-12-09 00:00:00,0.99283,0.99441,0.98198,0.98345,91835.5
2015-12-10 00:00:00,0.98345,0.99076,0.98315,0.98823,80116.53125
2015-12-11 00:00:00,0.98825,0.98982,0.98029,0.98248,90617.796875
2015-12-12 00:00:00,0.98248,0.98248,0.98248,0.98248,0.0
2015-12-13 00:00:00,0.98348,0.98436,0.98303,0.98407,2389.570068359375
2015-12-14 00:00:00,0.98409,0.98721,0.9786,0.98569,103366.140625
2015-12-15 00:00:00,0.98569,0.99243,0.97982,0.99079,96529.109375
2015-12-16 00:00:00,0.99079,0.99375,0.98095,0.99253,111996.84375
2015-12-17 00:00:00,0.99253,0.99908,0.99133,0.99459,87593.046875
2015-12-18 00:00:00,0.99459,0.99754,0.9914,0.99165,82490.7421875
2015-12-19 00:00:00,0.99165,0.99165,0.99165,0.99165,0.0
2015-12-20 00:00:00,0.99186,0.99314,0.99117,0.99185,1774.8399658203125
2015-12-21 00:00:00,0.99185,0.9968,0.9897,0.99273,74804.328125
2015-12-22 00:00:00,0.99273,0.99369,0.98552,0.98791,60514.01953125
2015-12-23 00:00:00,0.98791,0.99446,0.98751,0.99059,56775.109375
2015-12-24 00:00:00,0.99059,0.99059,0.98517,0.98524,29528.33984375
2015-12-25 00:00:00,0.98597,0.98818,0.98529,0.98655,1994.52001953125
2015-12-26 00:00:00,0.98655,0.98655,0.98655,0.98655,0.0
2015-12-27 00:00:00,0.98575,0.98709,0.98534,0.98697,1632.510009765625
2015-12-28 00:00:00,0.98696,0.99018,0.98567,0.98803,45249.4609375
2015-12-29 00:00:00,0.98805,0.99427,0.98613,0.99231,47881.5703125
2015-12-30 00:00:00,0.9923,0.99266,0.98567,0.98807,48122.16015625
2015-12-31 00:00:00,0.98808,1.00286,0.98719,1.0016,46375.76171875
2016-01-01 00:00:00,1.0016,1.0016,1.0016,1.0016,0.0
2016-01-02 00:00:00,1.0016,1.0016,1.0016,1.0016,0.0
2016-01-03 00:00:00,1.00052,1.00081,0.99916,0.99957,2551.72998046875
2016-01-04 00:00:00,0.99961,1.00625,0.99236,1.00253,82185.703125
2016-01-05 00:00:00,1.00255,1.01242,1.00066,1.00859,77487.390625
2016-01-06 00:00:00,1.00859,1.01196,1.00568,1.00746,82598.3671875
2016-01-07 00:00:00,1.00747,1.00762,0.9922,0.99386,100288.2109375
2016-01-08 00:00:00,0.99386,1.00516,0.99358,0.9943,107931.5390625
2016-01-09 00:00:00,0.9943,0.9943,0.9943,0.9943,0.0
2016-01-10 00:00:00,0.99435,0.99511,0.988,0.99233,4841.68994140625
2016-01-11 00:00:00,0.99238,1.00227,0.99233,1.00158,91808.359375
2016-01-12 00:00:00,1.00158,1.00461,0.99659,1.00312,95253.5
2016-01-13 00:00:00,1.00307,1.01059,1.00246,1.00604,103618.203125
2016-01-14 00:00:00,1.00605,1.00917,1.00091,1.00535,112920.5078125
2016-01-15 00:00:00,1.00534,1.00601,0.99582,1.00085,119134.1328125
2016-01-16 00:00:00,1.00085,1.00085,1.00085,1.00085,0.0
2016-01-17 00:00:00,1.0004,1.00207,0.99973,1.00178,2869.989990234375
2016-01-18 00:00:00,1.00179,1.00723,1.00126,1.00499,57241.48828125
2016-01-19 00:00:00,1.005,1.00815,1.00013,1.00332,100277.9296875
2016-01-20 00:00:00,1.00332,1.00602,0.99902,1.00586,133490.8125
2016-01-21 00:00:00,1.00586,1.01463,1.00122,1.00795,147711.375
2016-01-22 00:00:00,1.0079,1.01655,1.00688,1.01533,108590.171875
2016-01-23 00:00:00,1.01533,1.01533,1.01533,1.01533,0.0
2016-01-24 00:00:00,1.01504,1.01673,1.01496,1.01625,1987.9100341796875
2016-01-25 00:00:00,1.01625,1.01628,1.01228,1.01244,97020.96875
2016-01-26 00:00:00,1.01244,1.01982,1.01171,1.01706,97544.03125
2016-01-27 00:00:00,1.01706,1.01885,1.01298,1.01445,113677.9375
2016-01-28 00:00:00,1.01445,1.01771,1.01103,1.01397,109989.921875
2016-01-29 00:00:00,1.01397,1.02559,1.01326,1.02244,126965.1015625
2016-01-30 00:00:00,1.02244,1.02244,1.02244,1.02244,0.0
2016-01-31 00:00:00,1.02141,1.0249,1.02141,1.0244,4103.75
2016-02-01 00:00:00,1.0244,1.02454,1.01551,1.01954,99376.0390625
2016-02-02 00:00:00,1.01954,1.0224,1.017,1.01869,102501.6875
2016-02-03 00:00:00,1.01871,1.01937,0.9987,1.00529,139929.71875
2016-02-04 00:00:00,1.00531,1.00735,0.99213,0.99332,158593.5
2016-02-05 00:00:00,0.99331,0.99848,0.9881,0.99059,137960.71875
2016-02-06 00:00:00,0.99059,0.99059,0.99059,0.99059,0.0
2016-02-07 00:00:00,0.99186,0.99295,0.9917,0.99279,2372.780029296875
2016-02-08 00:00:00,0.99279,0.99726,0.98405,0.98721,164644.890625
2016-02-09 00:00:00,0.98721,0.98732,0.96946,0.97298,191913.6875
2016-02-10 00:00:00,0.97296,0.9819,0.97093,0.97311,194400.734375
2016-02-11 00:00:00,0.97317,0.97618,0.96606,0.97233,194240.3125
2016-02-12 00:00:00,0.97226,0.97904,0.97132,0.97644,135641.75
2016-02-13 00:00:00,0.97644,0.97644,0.97644,0.97644,0.0
2016-02-14 00:00:00,0.97673,0.97881,0.97636,0.97815,4369.97021484375
2016-02-15 00:00:00,0.97816,0.98888,0.97715,0.98602,102519.890625
2016-02-16 00:00:00,0.98603,0.98958,0.98467,0.98833,127635.71875
2016-02-17 00:00:00,0.98833,0.99414,0.98531,0.99265,130599.0078125
2016-02-18 00:00:00,0.99264,0.99683,0.99039,0.99309,122550.0078125
2016-02-19 00:00:00,0.9931,0.99671,0.9888,0.98925,119767.0
2016-02-20 00:00:00,0.98925,0.98925,0.98925,0.98925,0.0
2016-02-21 00:00:00,0.98964,0.99095,0.98846,0.99054,6766.75
2016-02-22 00:00:00,0.99056,1.0003,0.99037,1.00001,110747.09375
2016-02-23 00:00:00,1.00001,1.00002,0.9896,0.99133,106274.21875
2016-02-24 00:00:00,0.99132,0.99521,0.98524,0.98921,118594.0
2016-02-25 00:00:00,0.98922,0.99521,0.98769,0.9902,108271.78125
2016-02-26 00:00:00,0.99019,0.99885,0.98708,0.99629,99080.2734375
2016-02-27 00:00:00,0.99629,0.99629,0.99629,0.99629,0.0
2016-02-28 00:00:00,0.99646,0.99824,0.99644,0.99673,4166.1298828125
2016-02-29 00:00:00,0.99674,1.00379,0.99484,0.99788,100581.109375
2016-03-01 00:00:00,0.99793,1.00091,0.99596,0.99668,107079.453125
2016-03-02 00:00:00,0.99669,1.00084,0.99546,0.99654,119727.3515625
2016-03-03 00:00:00,0.99654,0.99822,0.98917,0.99246,116671.7109375
2016-03-04 00:00:00,0.99246,0.99882,0.98783,0.99262,125661.34375
2016-03-05 00:00:00,0.99262,0.99262,0.99262,0.99262,0.0
2016-03-06 00:00:00,0.99241,0.99479,0.99241,0.99426,4005.080078125
2016-03-07 00:00:00,0.99427,1.00118,0.99275,0.99576,102014.5703125
2016-03-08 00:00:00,0.99576,0.9971,0.9901,0.99641,107258.9609375
2016-03-09 00:00:00,0.99641,1.00389,0.99395,0.99812,105692.171875
2016-03-10 00:00:00,0.99814,1.00921,0.98096,0.98452,152117.640625
2016-03-11 00:00:00,0.98453,0.989,0.98028,0.98201,110784.7109375
2016-03-12 00:00:00,0.98201,0.98201,0.98201,0.98201,0.0
2016-03-13 00:00:00,0.98381,0.98397,0.98156,0.98281,5708.169921875
2016-03-14 00:00:00,0.98282,0.98814,0.98248,0.98705,97611.2734375
2016-03-15 00:00:00,0.98704,0.98956,0.98488,0.98714,97006.9609375
2016-03-16 00:00:00,0.98713,0.9913,0.97494,0.97795,117067.5703125
2016-03-17 00:00:00,0.97794,0.97862,0.96509,0.96717,122897.8203125
2016-03-18 00:00:00,0.96717,0.97168,0.96542,0.96914,110010.3828125
2016-03-19 00:00:00,0.96914,0.96914,0.96914,0.96914,0.0
2016-03-20 00:00:00,0.96873,0.97031,0.96873,0.96977,2655.81005859375
2016-03-21 00:00:00,0.96976,0.97299,0.96749,0.97073,90888.2578125
2016-03-22 00:00:00,0.97074,0.97359,0.96881,0.97285,102728.9765625
2016-03-23 00:00:00,0.97285,0.97657,0.97258,0.97549,93335.546875
2016-03-24 00:00:00,0.9755,0.9773,0.97366,0.97591,82066.5234375
2016-03-25 00:00:00,0.97591,0.97863,0.97576,0.97725,28261.73046875
2016-03-26 00:00:00,0.97725,0.97725,0.97725,0.97725,0.0
2016-03-27 00:00:00,0.97723,0.97852,0.97639,0.97846,3523.8798828125
2016-03-28 00:00:00,0.97846,0.97856,0.97223,0.97355,44079.7109375
2016-03-29 00:00:00,0.97356,0.97624,0.96573,0.96649,110479.90625
2016-03-30 00:00:00,0.96649,0.96696,0.95922,0.96509,104985.0390625
2016-03-31 00:00:00,0.96512,0.96623,0.95713,0.96116,111581.0234375
2016-04-01 00:00:00,0.96114,0.96251,0.95543,0.95757,103186.75
2016-04-02 00:00:00,0.95757,0.95757,0.95757,0.95757,0.0
2016-04-03 00:00:00,0.95719,0.95916,0.95697,0.95861,3323.18994140625
2016-04-04 00:00:00,0.95861,0.96146,0.95726,0.95906,90823.640625
2016-04-05 00:00:00,0.95911,0.96044,0.9546,0.95661,101999.8203125
2016-04-06 00:00:00,0.95664,0.96213,0.953,0.95576,105166.71875
2016-04-07 00:00:00,0.95576,0.95808,0.95213,0.95635,109991.4375
2016-04-08 00:00:00,0.95642,0.95822,0.95246,0.9533,86735.546875
2016-04-09 00:00:00,0.9533,0.9533,0.9533,0.9533,0.0
2016-04-10 00:00:00,0.95204,0.95354,0.95196,0.9533,3397.85009765625
2016-04-11 00:00:00,0.95329,0.957,0.95021,0.95407,90699.3828125
2016-04-12 00:00:00,0.95408,0.9593,0.94987,0.95539,95196.1015625
2016-04-13 00:00:00,0.95539,0.96714,0.95487,0.96655,102798.90625
2016-04-14 00:00:00,0.96656,0.96877,0.96371,0.96645,97134.3984375
2016-04-15 00:00:00,0.96646,0.96876,0.96475,0.96735,77802.4375
2016-04-16 00:00:00,0.96735,0.96735,0.96735,0.96735,0.0
2016-04-17 00:00:00,0.96378,0.96722,0.96378,0.96632,3756.409912109375
2016-04-18 00:00:00,0.96629,0.96788,0.96274,0.9646,80526.7890625
2016-04-19 00:00:00,0.9646,0.96495,0.95846,0.96189,86776.8671875
2016-04-20 00:00:00,0.96188,0.97327,0.96023,0.97123,95010.59375
2016-04-21 00:00:00,0.97123,0.97531,0.96474,0.97492,113533.609375
2016-04-22 00:00:00,0.97495,0.97967,0.97317,0.97811,100168.84375
2016-04-23 00:00:00,0.97811,0.97811,0.97811,0.97811,0.0
2016-04-24 00:00:00,0.97839,0.97889,0.97779,0.97836,4343.43017578125
2016-04-25 00:00:00,0.97835,0.97845,0.97358,0.97498,98512.609375
2016-04-26 00:00:00,0.97501,0.97665,0.97014,0.97373,100636.65625
2016-04-27 00:00:00,0.97371,0.97524,0.96793,0.97093,115323.4375
2016-04-28 00:00:00,0.97092,0.97327,0.96562,0.96625,123346.3125
2016-04-29 00:00:00,0.96625,0.96646,0.95677,0.95922,115131.0078125
2016-04-30 00:00:00,0.95922,0.95922,0.95922,0.95922,0.0
2016-05-01 00:00:00,0.95732,0.95945,0.9572,0.95875,6201.08984375
2016-05-02 00:00:00,0.95878,0.96047,0.95344,0.95526,86104.953125
2016-05-03 00:00:00,0.95527,0.95532,0.94437,0.95379,114752.1875
2016-05-04 00:00:00,0.95378,0.95896,0.95331,0.95703,112997.7265625
2016-05-05 00:00:00,0.95703,0.96961,0.95686,0.96812,97447.03125
2016-05-06 00:00:00,0.9681,0.97285,0.96518,0.97167,95564.421875
2016-05-07 00:00:00,0.97167,0.97167,0.97167,0.97167,0.0
2016-05-08 00:00:00,0.97152,0.97313,0.97152,0.97268,3486.169921875
2016-05-09 00:00:00,0.97268,0.97354,0.96836,0.97119,82880.1796875
2016-05-10 00:00:00,0.97117,0.97623,0.9698,0.97534,82285.2421875
2016-05-11 00:00:00,0.97537,0.97559,0.96982,0.97098,79348.8203125
2016-05-12 00:00:00,0.97098,0.97253,0.96635,0.97098,79604.1328125
2016-05-13 00:00:00,0.97098,0.97738,0.97015,0.9744,92341.2265625
2016-05-14 00:00:00,0.9744,0.9744,0.9744,0.9744,0.0
2016-05-15 00:00:00,0.97387,0.97622,0.97386,0.97552,3614.419921875
2016-05-16 00:00:00,0.97552,0.97837,0.97471,0.97814,60641.48046875
2016-05-17 00:00:00,0.97812,0.98077,0.97508,0.98013,77198.6328125
2016-05-18 00:00:00,0.98013,0.98805,0.97978,0.98795,96356.2890625
2016-05-19 00:00:00,0.98796,0.9922,0.98623,0.99084,93128.3671875
2016-05-20 00:00:00,0.99085,0.99266,0.98956,0.99012,63857.37890625
2016-05-21 00:00:00,0.99012,0.99012,0.99012,0.99012,0.0
2016-05-22 00:00:00,0.99045,0.99116,0.99036,0.99116,2736.419921875
2016-05-23 00:00:00,0.99116,0.9923,0.98828,0.98966,74795.53125
2016-05-24 00:00:00,0.98966,0.99373,0.98933,0.99315,81243.5078125
2016-05-25 00:00:00,0.99315,0.99329,0.98963,0.99116,78371.25
2016-05-26 00:00:00,0.99117,0.99276,0.98717,0.98924,85329.2890625
2016-05-27 00:00:00,0.98924,0.99484,0.98848,0.99454,93678.2109375
2016-05-28 00:00:00,0.99454,0.99454,0.99454,0.99454,0.0
2016-05-29 00:00:00,0.9943,0.99489,0.9942,0.99476,4167.02001953125
2016-05-30 00:00:00,0.99476,0.99558,0.99145,0.99148,63963.3515625
2016-05-31 00:00:00,0.99148,0.99506,0.9886,0.99305,105505.6484375
2016-06-01 00:00:00,0.99305,0.99506,0.98616,0.98841,120388.21875
2016-06-02 00:00:00,0.98841,0.991,0.98581,0.99037,109277.6328125
2016-06-03 00:00:00,0.99038,0.99197,0.97534,0.97568,116654.921875
2016-06-04 00:00:00,0.97568,0.97568,0.97568,0.97568,0.0
2016-06-05 00:00:00,0.9758,0.9774,0.9753,0.97583,6378.56982421875
2016-06-06 00:00:00,0.97586,0.97755,0.96813,0.97019,108134.5703125
2016-06-07 00:00:00,0.97019,0.97133,0.96445,0.96533,83078.09375
2016-06-08 00:00:00,0.96534,0.96587,0.95809,0.95841,77288.7734375
2016-06-09 00:00:00,0.9584,0.96557,0.95776,0.96457,79004.1328125
2016-06-10 00:00:00,0.96456,0.96574,0.9616,0.96324,80849.8671875
2016-06-11 00:00:00,0.96324,0.96324,0.96324,0.96324,0.0
2016-06-12 00:00:00,0.96291,0.96531,0.96291,0.96457,4481.47021484375
2016-06-13 00:00:00,0.96457,0.9678,0.96229,0.96265,89629.21875
2016-06-14 00:00:00,0.96264,0.96682,0.96206,0.96366,85580.2578125
2016-06-15 00:00:00,0.96361,0.96634,0.95907,0.96102,93010.7421875
2016-06-16 00:00:00,0.96102,0.96863,0.95712,0.96494,130059.8203125
2016-06-17 00:00:00,0.96473,0.9656,0.9588,0.95892,84576.2890625
2016-06-18 00:00:00,0.95892,0.95892,0.95892,0.95892,0.0
2016-06-19 00:00:00,0.95989,0.96416,0.95965,0.95982,8530.849609375
2016-06-20 00:00:00,0.95982,0.96324,0.9575,0.96199,89565.421875
2016-06-21 00:00:00,0.96199,0.96274,0.95717,0.96216,83156.8125
2016-06-22 00:00:00,0.96214,0.96274,0.95503,0.9596,86942.4375
2016-06-23 00:00:00,0.9596,0.96553,0.95211,0.96167,119729.5390625
2016-06-24 00:00:00,0.96169,0.98023,0.95888,0.97079,205029.796875
2016-06-25 00:00:00,0.97079,0.97079,0.97079,0.97079,0.0
2016-06-26 00:00:00,0.97323,0.97468,0.97055,0.97288,11235.9599609375
2016-06-27 00:00:00,0.97288,0.98189,0.97192,0.97856,132990.34375
2016-06-28 00:00:00,0.97858,0.98367,0.97627,0.98046,92572.171875
2016-06-29 00:00:00,0.98046,0.98227,0.97793,0.97948,90472.8515625
2016-06-30 00:00:00,0.97949,0.982,0.97273,0.97627,112902.828125
2016-07-01 00:00:00,0.97625,0.97805,0.971,0.97247,84748.53125
2016-07-02 00:00:00,0.97247,0.97247,0.97247,0.97247,0.0
2016-07-03 00:00:00,0.97191,0.97504,0.97186,0.97445,2656.409912109375
2016-07-04 00:00:00,0.97445,0.97583,0.96999,0.97093,47052.8515625
2016-07-05 00:00:00,0.97096,0.97741,0.96849,0.97695,79147.96875
2016-07-06 00:00:00,0.97695,0.98056,0.97399,0.97501,92017.09375
2016-07-07 00:00:00,0.97501,0.97935,0.97404,0.97868,82302.921875
2016-07-08 00:00:00,0.97867,0.98657,0.97603,0.98279,78789.359375
2016-07-09 00:00:00,0.98279,0.98279,0.98279,0.98279,0.0
2016-07-10 00:00:00,0.98135,0.98351,0.98135,0.98321,6039.7998046875
2016-07-11 00:00:00,0.98322,0.98573,0.98152,0.98267,82474.75
2016-07-12 00:00:00,0.98268,0.98938,0.9795,0.98905,93141.6171875
2016-07-13 00:00:00,0.98905,0.98941,0.98211,0.98438,86643.828125
2016-07-14 00:00:00,0.98438,0.98476,0.97641,0.98151,103296.8125
2016-07-15 00:00:00,0.98149,0.98467,0.9782,0.98154,90561.3125
2016-07-16 00:00:00,0.98154,0.98154,0.98154,0.98154,0.0
2016-07-17 00:00:00,0.98149,0.98402,0.98133,0.98362,5164.419921875
2016-07-18 00:00:00,0.9836,0.98464,0.98109,0.98285,76159.2265625
2016-07-19 00:00:00,0.98285,0.98773,0.98149,0.98602,81716.7421875
2016-07-20 00:00:00,0.98602,0.99043,0.98502,0.98648,221235.046875
2016-07-21 00:00:00,0.98651,0.99064,0.98401,0.98494,382396.25
2016-07-22 00:00:00,0.98494,0.98951,0.9843,0.9868,313321.375
2016-07-23 00:00:00,0.9868,0.9868,0.9868,0.9868,0.0
2016-07-24 00:00:00,0.98678,0.98838,0.98671,0.98818,8176.81982421875
2016-07-25 00:00:00,0.98818,0.98945,0.98492,0.98594,291833.53125
2016-07-26 00:00:00,0.98594,0.99274,0.98344,0.99204,328996.0
2016-07-27 00:00:00,0.99205,0.99499,0.98459,0.98484,387034.5625
2016-07-28 00:00:00,0.98484,0.98646,0.97935,0.9797,354091.09375
2016-07-29 00:00:00,0.97971,0.98011,0.96354,0.9689,403955.5
2016-07-30 00:00:00,0.9689,0.9689,0.9689,0.9689,0.0
2016-07-31 00:00:00,0.96897,0.96974,0.96828,0.96944,10009.740234375
2016-08-01 00:00:00,0.96944,0.97027,0.96633,0.96824,302798.9375
2016-08-02 00:00:00,0.96825,0.9684,0.96331,0.9649,330479.75
2016-08-03 00:00:00,0.96489,0.97383,0.96487,0.97276,290645.09375
2016-08-04 00:00:00,0.97279,0.97494,0.97209,0.97381,274799.15625
2016-08-05 00:00:00,0.97381,0.98303,0.97263,0.98059,238375.796875
2016-08-06 00:00:00,0.98059,0.98059,0.98059,0.98059,0.0
2016-08-07 00:00:00,0.97853,0.98175,0.97849,0.98048,6547.06982421875
2016-08-08 00:00:00,0.98048,0.98414,0.97891,0.98285,232118.65625
2016-08-09 00:00:00,0.98285,0.98431,0.98079,0.98158,244103.5
2016-08-10 00:00:00,0.98158,0.98158,0.97338,0.97383,251500.765625
2016-08-11 00:00:00,0.97383,0.97655,0.97109,0.975,233843.59375
2016-08-12 00:00:00,0.97499,0.97654,0.97078,0.97447,222279.09375
2016-08-13 00:00:00,0.97447,0.97447,0.97447,0.97447,0.0
2016-08-14 00:00:00,0.97314,0.97546,0.97299,0.97463,9481.1904296875
2016-08-15 00:00:00,0.97463,0.97586,0.97127,0.97304,218005.234375
2016-08-16 00:00:00,0.97304,0.97334,0.95888,0.96175,265263.03125
2016-08-17 00:00:00,0.96176,0.96574,0.95965,0.96151,285046.4375
2016-08-18 00:00:00,0.96151,0.96182,0.95369,0.95457,297320.625
2016-08-19 00:00:00,0.95457,0.96107,0.95456,0.95981,258184.546875
2016-08-20 00:00:00,0.95981,0.95981,0.95981,0.95981,0.0
2016-08-21 00:00:00,0.96052,0.96191,0.95983,0.96183,12806.1396484375
2016-08-22 00:00:00,0.96183,0.96484,0.96106,0.96312,301049.0625
2016-08-23 00:00:00,0.96312,0.96355,0.95935,0.96338,306960.78125
2016-08-24 00:00:00,0.96338,0.96834,0.96259,0.96727,372840.9375
2016-08-25 00:00:00,0.96728,0.96872,0.96408,0.96721,287848.96875
2016-08-26 00:00:00,0.96722,0.97922,0.96314,0.97771,397299.03125
2016-08-27 00:00:00,0.97771,0.97771,0.97771,0.97771,0.0
2016-08-28 00:00:00,0.97784,0.97867,0.97761,0.97788,8668.0
2016-08-29 00:00:00,0.97787,0.98064,0.97644,0.9779,332035.125
2016-08-30 00:00:00,0.9779,0.98441,0.9779,0.98307,337220.84375
2016-08-31 00:00:00,0.98307,0.98629,0.98174,0.98369,342784.0
2016-09-01 00:00:00,0.98369,0.98845,0.97848,0.97983,384200.9375
2016-09-02 00:00:00,0.97982,0.98189,0.97386,0.98016,360478.03125
2016-09-03 00:00:00,0.98016,0.98016,0.98016,0.98016,0.0
2016-09-04 00:00:00,0.9794,0.98059,0.97876,0.98009,6912.41015625
2016-09-05 00:00:00,0.98009,0.98136,0.97719,0.98007,193485.0625
2016-09-06 00:00:00,0.98007,0.98102,0.96929,0.9702,357313.125
2016-09-07 00:00:00,0.97022,0.97091,0.96695,0.96975,301736.28125
2016-09-08 00:00:00,0.96975,0.97372,0.96491,0.97184,350006.4375
2016-09-09 00:00:00,0.97184,0.97841,0.971,0.97518,312817.59375
2016-09-10 00:00:00,0.97518,0.97518,0.97518,0.97518,0.0
2016-09-11 00:00:00,0.97464,0.97547,0.97415,0.97486,9342.2001953125
2016-09-12 00:00:00,0.97486,0.97628,0.96899,0.97149,364955.65625
2016-09-13 00:00:00,0.97148,0.97842,0.97068,0.97685,370809.0
2016-09-14 00:00:00,0.97685,0.97894,0.97059,0.97332,352998.875
2016-09-15 00:00:00,0.97334,0.97674,0.96936,0.97122,323784.84375
2016-09-16 00:00:00,0.97123,0.98178,0.97112,0.97943,289768.09375
2016-09-17 00:00:00,0.97943,0.97943,0.97943,0.97943,0.0
2016-09-18 00:00:00,0.97935,0.98047,0.97916,0.97976,11304.1103515625
2016-09-19 00:00:00,0.97976,0.98185,0.97829,0.98016,231814.625
2016-09-20 00:00:00,0.98016,0.98103,0.97617,0.97906,281439.59375
2016-09-21 00:00:00,0.97906,0.98138,0.97199,0.97364,382244.3125
2016-09-22 00:00:00,0.97364,0.97408,0.96595,0.96917,302282.375
2016-09-23 00:00:00,0.96916,0.97421,0.96882,0.96987,329927.96875
2016-09-24 00:00:00,0.96987,0.96987,0.96987,0.96987,0.0
2016-09-25 00:00:00,0.96914,0.97044,0.96894,0.96931,9036.3603515625
2016-09-26 00:00:00,0.9693,0.97086,0.9661,0.96911,298285.125
2016-09-27 00:00:00,0.96911,0.97285,0.9661,0.97056,306219.9375
2016-09-28 00:00:00,0.97056,0.97366,0.9691,0.97055,288817.0625
2016-09-29 00:00:00,0.97055,0.97232,0.96397,0.96611,291017.125
2016-09-30 00:00:00,0.9661,0.9755,0.96475,0.97127,332545.125
2016-10-01 00:00:00,0.97127,0.97127,0.97127,0.97127,0.0
2016-10-02 00:00:00,0.97115,0.97233,0.9697,0.97197,8104.080078125
2016-10-03 00:00:00,0.97197,0.97442,0.9704,0.97387,236927.0625
2016-10-04 00:00:00,0.97386,0.98285,0.97379,0.97842,332495.46875
2016-10-05 00:00:00,0.97842,0.97896,0.97329,0.97408,300797.5
2016-10-06 00:00:00,0.97408,0.98191,0.97372,0.9805,306740.375
2016-10-07 00:00:00,0.98052,0.9839,0.97672,0.97687,359736.375
2016-10-08 00:00:00,0.97687,0.97687,0.97687,0.97687,0.0
2016-10-09 00:00:00,0.97696,0.97892,0.97628,0.97761,8342.6396484375
2016-10-10 00:00:00,0.97761,0.98388,0.97719,0.98214,187939.859375
2016-10-11 00:00:00,0.98214,0.98931,0.98214,0.9881,294780.125
2016-10-12 00:00:00,0.98809,0.99093,0.98759,0.9902,294508.46875
2016-10-13 00:00:00,0.99019,0.9909,0.9859,0.98664,310872.6875
2016-10-14 00:00:00,0.98663,0.99045,0.98557,0.99018,271858.75
2016-10-15 00:00:00,0.99018,0.99018,0.99018,0.99018,0.0
2016-10-16 00:00:00,0.99044,0.9907,0.98983,0.99046,4552.080078125
2016-10-17 00:00:00,0.99045,0.99062,0.98713,0.98806,227760.03125
2016-10-18 00:00:00,0.98806,0.99145,0.98664,0.99019,234534.0
2016-10-19 00:00:00,0.99019,0.99049,0.98749,0.98911,248939.296875
2016-10-20 00:00:00,0.98911,0.99328,0.98426,0.99261,231762.3125
2016-10-21 00:00:00,0.99261,0.99616,0.99261,0.99289,246580.8125
2016-10-22 00:00:00,0.99289,0.99289,0.99289,0.99289,0.0
2016-10-23 00:00:00,0.99384,0.99455,0.99366,0.99423,7877.97998046875
2016-10-24 00:00:00,0.99425,0.99562,0.99153,0.99396,128662.9765625
2016-10-25 00:00:00,0.99397,0.99985,0.99323,0.99462,80914.5390625
2016-10-26 00:00:00,0.99464,0.99582,0.99033,0.99341,73180.1796875
2016-10-27 00:00:00,0.99342,0.99507,0.99114,0.99376,76900.3828125
2016-10-28 00:00:00,0.99375,0.99501,0.98576,0.98731,87347.609375
2016-10-29 00:00:00,0.98731,0.98731,0.98731,0.98731,0.0
2016-10-30 00:00:00,0.9867,0.98804,0.9865,0.98756,3974.669921875
2016-10-31 00:00:00,0.98756,0.99073,0.98735,0.98921,76274.109375
2016-11-01 00:00:00,0.98922,0.98984,0.97284,0.97519,97737.09375
2016-11-02 00:00:00,0.97519,0.97539,0.96949,0.97311,110447.25
2016-11-03 00:00:00,0.97311,0.976,0.9695,0.97447,104292.609375
2016-11-04 00:00:00,0.9745,0.97579,0.96745,0.96806,87196.40625
2016-11-05 00:00:00,0.96806,0.96806,0.96806,0.96806,0.0
2016-11-06 00:00:00,0.97764,0.97764,0.9734,0.97446,5959.02978515625
2016-11-07 00:00:00,0.97452,0.97891,0.97295,0.97411,85080.078125
2016-11-08 00:00:00,0.9741,0.98242,0.9735,0.97956,84352.8671875
2016-11-09 00:00:00,0.97956,0.98491,0.95493,0.98453,225078.53125
2016-11-10 00:00:00,0.98454,0.98963,0.98202,0.9872,142425.734375
2016-11-11 00:00:00,0.9872,0.98929,0.98318,0.98745,142625.421875
2016-11-12 00:00:00,0.98745,0.98745,0.98745,0.98745,0.0
2016-11-13 00:00:00,0.98889,0.98992,0.98838,0.98967,8475.3203125
2016-11-14 00:00:00,0.98968,1.00016,0.98939,0.99717,161036.796875
2016-11-15 00:00:00,0.99716,1.00242,0.99288,1.0015,141220.046875
2016-11-16 00:00:00,1.00152,1.00572,0.99834,1.0009,137002.125
2016-11-17 00:00:00,1.00094,1.00747,0.99939,1.00747,130770.75
2016-11-18 00:00:00,1.00746,1.01228,1.00599,1.00993,148444.9375
2016-11-19 00:00:00,1.00993,1.00993,1.00993,1.00993,0.0
2016-11-20 00:00:00,1.01009,1.01141,1.0098,1.01105,8745.66015625
2016-11-21 00:00:00,1.01104,1.01165,1.00742,1.00778,146054.703125
2016-11-22 00:00:00,1.00784,1.01341,1.00673,1.01079,122121.828125
2016-11-23 00:00:00,1.01077,1.01818,1.00916,1.01746,111557.3515625
2016-11-24 00:00:00,1.01745,1.01914,1.0145,1.01684,98127.65625
2016-11-25 00:00:00,1.01682,1.01857,1.01047,1.01261,140518.984375
2016-11-26 00:00:00,1.01261,1.01261,1.01261,1.01261,0.0
2016-11-27 00:00:00,1.01139,1.01408,1.01107,1.0126,5180.5498046875
2016-11-28 00:00:00,1.01263,1.01677,1.00789,1.01226,138041.484375
2016-11-29 00:00:00,1.01227,1.01761,1.01104,1.01166,122246.2109375
2016-11-30 00:00:00,1.01165,1.02046,1.01065,1.01702,155311.25
2016-12-01 00:00:00,1.01701,1.01735,1.00995,1.0106,152396.625
2016-12-02 00:00:00,1.01058,1.01224,1.00729,1.00998,127802.9609375
2016-12-03 00:00:00,1.00998,1.00998,1.00998,1.00998,0.0
2016-12-04 00:00:00,1.01193,1.01812,1.00978,1.01452,17499.099609375
2016-12-05 00:00:00,1.01453,1.01772,1.00497,1.00696,138342.484375
2016-12-06 00:00:00,1.00696,1.01151,1.00493,1.00995,98846.1328125
2016-12-07 00:00:00,1.00996,1.01095,1.00653,1.00684,86660.5078125
2016-12-08 00:00:00,1.00683,1.01777,1.002,1.01589,127452.78125
2016-12-09 00:00:00,1.0159,1.02133,1.0153,1.0161,102573.8515625
2016-12-10 00:00:00,1.0161,1.0161,1.0161,1.0161,0.0
2016-12-11 00:00:00,1.01791,1.01845,1.01641,1.01802,4466.72021484375
2016-12-12 00:00:00,1.01801,1.01986,1.01234,1.01307,125842.0234375
2016-12-13 00:00:00,1.01313,1.01458,1.01001,1.01181,122960.9296875
2016-12-14 00:00:00,1.0118,1.02236,1.00832,1.02234,142792.75
2016-12-15 00:00:00,1.02231,1.03433,1.02147,1.02973,186775.75
2016-12-16 00:00:00,1.0297,1.03112,1.02411,1.02634,148884.484375
2016-12-17 00:00:00,1.02634,1.02634,1.02634,1.02634,0.0
2016-12-18 00:00:00,1.02584,1.02718,1.02583,1.02673,8257.73046875
2016-12-19 00:00:00,1.02676,1.02829,1.02208,1.02721,124127.7265625
2016-12-20 00:00:00,1.02721,1.03202,1.02597,1.02894,145089.265625
2016-12-21 00:00:00,1.02893,1.02952,1.02267,1.02661,110362.5703125
2016-12-22 00:00:00,1.02662,1.02691,1.02181,1.02566,108562.6015625
2016-12-23 00:00:00,1.02567,1.02807,1.02428,1.026,69043.0625
2016-12-24 00:00:00,1.026,1.026,1.026,1.026,0.0
2016-12-25 00:00:00,1.024,1.02636,1.024,1.02607,1483.3800048828125
2016-12-26 00:00:00,1.02607,1.02749,1.02446,1.02675,67428.296875
2016-12-27 00:00:00,1.02676,1.02977,1.02665,1.02768,94079.9609375
2016-12-28 00:00:00,1.02767,1.03209,1.02643,1.02836,93289.53125
2016-12-29 00:00:00,1.02835,1.02839,1.00561,1.01711,118441.3828125
2016-12-30 00:00:00,1.01711,1.02312,1.01436,1.01772,139553.078125
2016-12-31 00:00:00,1.01772,1.01772,1.01772,1.01772,0.0
2017-01-01 00:00:00,1.01799,1.01877,1.01627,1.01877,572.9199829101562
2017-01-02 00:00:00,1.0188,1.0249,1.01733,1.02416,54633.30859375
2017-01-03 00:00:00,1.02416,1.03348,1.02103,1.02614,133239.15625
2017-01-04 00:00:00,1.02614,1.02907,1.01893,1.02024,140192.15625
2017-01-05 00:00:00,1.02026,1.02206,1.00866,1.00982,178425.34375
2017-01-06 00:00:00,1.00987,1.01838,1.0096,1.01682,161463.046875
2017-01-07 00:00:00,1.01682,1.01682,1.01682,1.01682,0.0
2017-01-08 00:00:00,1.01717,1.01786,1.01695,1.01743,3284.489990234375
2017-01-09 00:00:00,1.01742,1.01971,1.01297,1.01426,131081.609375
2017-01-10 00:00:00,1.01427,1.01778,1.01102,1.01683,141824.921875
2017-01-11 00:00:00,1.01683,1.02477,1.0101,1.0133,180010.9375
2017-01-12 00:00:00,1.0133,1.01492,1.00558,1.01042,172299.6875
2017-01-13 00:00:00,1.01045,1.01213,1.00413,1.00816,149536.8125
2017-01-14 00:00:00,1.00816,1.00816,1.00816,1.00816,0.0
2017-01-15 00:00:00,1.00939,1.01084,1.009,1.00992,5256.580078125
2017-01-16 00:00:00,1.00991,1.01363,1.00902,1.01115,95813.1796875
2017-01-17 00:00:00,1.01116,1.01158,0.99959,1.00294,167105.265625
2017-01-18 00:00:00,1.00294,1.00822,1.00088,1.00782,139314.65625
2017-01-19 00:00:00,1.00783,1.0122,1.00413,1.00638,161050.921875
2017-01-20 00:00:00,1.00637,1.00936,1.00117,1.00117,148266.09375
2017-01-21 00:00:00,1.00117,1.00117,1.00117,1.00117,0.0
2017-01-22 00:00:00,1.00133,1.00245,1.00079,1.00118,5658.080078125
2017-01-23 00:00:00,1.00117,1.00185,0.99595,0.99727,136372.4375
2017-01-24 00:00:00,0.99728,1.00189,0.99606,1.00107,120260.1875
2017-01-25 00:00:00,1.00107,1.00258,0.99658,0.99905,134327.328125
2017-01-26 00:00:00,0.99905,1.00259,0.9968,0.99988,132721.625
2017-01-27 00:00:00,0.99989,1.00275,0.99693,0.99896,116667.96875
2017-01-28 00:00:00,0.99896,0.99896,0.99896,0.99896,0.0
2017-01-29 00:00:00,0.99664,0.99821,0.99644,0.99731,3892.239990234375
2017-01-30 00:00:00,0.99732,1.00443,0.99338,0.99443,123316.421875
2017-01-31 00:00:00,0.99444,0.99658,0.9861,0.98908,151624.1875
2017-02-01 00:00:00,0.98909,0.99572,0.98834,0.99309,136377.59375
2017-02-02 00:00:00,0.99312,0.99327,0.98694,0.9924,140235.515625
2017-02-03 00:00:00,0.9924,0.99854,0.99066,0.99208,134392.28125
2017-02-04 00:00:00,0.99208,0.99208,0.99208,0.99208,0.0
2017-02-05 00:00:00,0.99164,0.99269,0.99151,0.9923,3200.72998046875
2017-02-06 00:00:00,0.9923,0.99615,0.99035,0.99131,140355.09375
2017-02-07 00:00:00,0.99133,1.00064,0.99119,0.99771,139892.515625
2017-02-08 00:00:00,0.99771,0.99994,0.99297,0.9953,138290.625
2017-02-09 00:00:00,0.9953,1.00191,0.9936,1.00149,142011.15625
2017-02-10 00:00:00,1.00151,1.00618,1.00093,1.00199,133924.65625
2017-02-11 00:00:00,1.00199,1.00199,1.00199,1.00199,0.0
2017-02-12 00:00:00,1.00287,1.00458,1.00245,1.00451,4519.75
2017-02-13 00:00:00,1.00449,1.00692,1.00185,1.00549,117525.65625
2017-02-14 00:00:00,1.00547,1.00843,1.00307,1.00626,129315.796875
2017-02-15 00:00:00,1.00625,1.01184,1.00467,1.00491,136905.640625
2017-02-16 00:00:00,1.00489,1.00513,0.99665,0.99716,132432.25
2017-02-17 00:00:00,0.99721,1.00334,0.99692,1.00236,127168.0
2017-02-18 00:00:00,1.00236,1.00236,1.00236,1.00236,0.0
2017-02-19 00:00:00,1.00269,1.00282,1.00115,1.00208,6440.330078125
2017-02-20 00:00:00,1.00209,1.00442,1.00166,1.00323,93759.3671875
2017-02-21 00:00:00,1.00322,1.01051,1.00289,1.00919,125795.2109375
2017-02-22 00:00:00,1.00919,1.01407,1.00774,1.01094,135789.484375
2017-02-23 00:00:00,1.01095,1.0116,1.00537,1.00611,113004.3671875
2017-02-24 00:00:00,1.00607,1.00804,1.00252,1.00724,106485.1484375
2017-02-25 00:00:00,1.00724,1.00724,1.00724,1.00724,0.0
2017-02-26 00:00:00,1.0071,1.00892,1.00704,1.00891,6121.93994140625
2017-02-27 00:00:00,1.0089,1.00978,1.00456,1.00948,108558.8828125
2017-02-28 00:00:00,1.00947,1.01013,1.00089,1.0066,118228.7890625
2017-03-01 00:00:00,1.00662,1.01288,1.00525,1.01027,138755.390625
2017-03-02 00:00:00,1.01027,1.01459,1.00915,1.01317,115050.296875
2017-03-03 00:00:00,1.01317,1.0137,1.00721,1.00721,117757.0234375
2017-03-04 00:00:00,1.00721,1.00721,1.00721,1.00721,0.0
2017-03-05 00:00:00,1.00802,1.00958,1.0077,1.00776,12597.259765625
2017-03-06 00:00:00,1.00777,1.01291,1.00725,1.01201,105513.9609375
2017-03-07 00:00:00,1.01201,1.01703,1.01069,1.01308,96920.3515625
2017-03-08 00:00:00,1.01309,1.01543,1.01231,1.01435,104986.15625
2017-03-09 00:00:00,1.01436,1.01607,1.00917,1.0122,130810.3515625
2017-03-10 00:00:00,1.0122,1.01406,1.00784,1.01045,125053.90625
2017-03-11 00:00:00,1.01045,1.01045,1.01045,1.01045,0.0
2017-03-12 00:00:00,1.00976,1.01033,1.00932,1.00972,2749.860107421875
2017-03-13 00:00:00,1.00975,1.01166,1.00602,1.00756,109337.8671875
2017-03-14 00:00:00,1.00757,1.01077,1.00686,1.00941,101621.5625
2017-03-15 00:00:00,1.00939,1.00984,0.99854,1.00003,115939.578125
2017-03-16 00:00:00,1.00003,1.00064,0.99508,0.99609,128978.6171875
2017-03-17 00:00:00,0.99607,0.99863,0.9942,0.9983,90059.078125
2017-03-18 00:00:00,0.9983,0.9983,0.9983,0.9983,0.0
2017-03-19 00:00:00,0.99769,0.99817,0.99726,0.99742,3391.77001953125
2017-03-20 00:00:00,0.99742,1.00022,0.99568,0.99886,91897.828125
2017-03-21 00:00:00,0.99885,0.99895,0.99215,0.99336,116192.3984375
2017-03-22 00:00:00,0.99337,0.99457,0.98816,0.99233,118317.7578125
2017-03-23 00:00:00,0.99235,0.99416,0.99116,0.99323,108454.59375
2017-03-24 00:00:00,0.99323,0.99589,0.98888,0.99124,94884.921875
2017-03-25 00:00:00,0.99124,0.99124,0.99124,0.99124,0.0
2017-03-26 00:00:00,0.98848,0.98953,0.98778,0.98809,6536.31982421875
2017-03-27 00:00:00,0.98809,0.98873,0.98133,0.98574,104055.7734375
2017-03-28 00:00:00,0.98574,0.99347,0.98312,0.99215,94067.171875
2017-03-29 00:00:00,0.99215,0.99757,0.99127,0.99658,98960.8671875
2017-03-30 00:00:00,0.99659,1.00136,0.99483,1.00031,92871.3984375
2017-03-31 00:00:00,1.00033,1.00296,0.99946,1.00266,99983.4765625
2017-04-01 00:00:00,1.00266,1.00266,1.00266,1.00266,0.0
2017-04-02 00:00:00,1.00145,1.0026,1.00145,1.00221,5066.47998046875
2017-04-03 00:00:00,1.00222,1.00373,1.00074,1.00156,87967.796875
2017-04-04 00:00:00,1.00156,1.00371,1.00114,1.00168,83858.890625
2017-04-05 00:00:00,1.0017,1.00788,1.0012,1.00379,91654.0625
2017-04-06 00:00:00,1.00382,1.00673,1.00262,1.0053,92408.2109375
2017-04-07 00:00:00,1.00532,1.0096,1.00282,1.00864,109496.5625
2017-04-08 00:00:00,1.00864,1.00864,1.00864,1.00864,0.0
2017-04-09 00:00:00,1.00886,1.00987,1.00857,1.00944,3683.949951171875
2017-04-10 00:00:00,1.00943,1.01074,1.00745,1.00806,78170.390625
2017-04-11 00:00:00,1.00806,1.00936,1.0056,1.00702,93715.953125
2017-04-12 00:00:00,1.00704,1.00893,1.00199,1.00207,112022.859375
2017-04-13 00:00:00,1.00206,1.00668,1.00082,1.00547,99871.046875
2017-04-14 00:00:00,1.00546,1.00593,1.00281,1.00524,43393.12890625
2017-04-15 00:00:00,1.00524,1.00524,1.00524,1.00524,0.0
2017-04-16 00:00:00,1.00195,1.00569,1.00185,1.00505,4797.60986328125
2017-04-17 00:00:00,1.00507,1.0053,1.00096,1.00425,58833.16015625
2017-04-18 00:00:00,1.00425,1.00474,0.99551,0.99637,111085.9921875
2017-04-19 00:00:00,0.99637,0.9992,0.99562,0.99784,96338.4375
2017-04-20 00:00:00,0.99787,0.99915,0.99406,0.99892,95821.1015625
2017-04-21 00:00:00,0.99892,0.99991,0.99561,0.99581,86628.46875
2017-04-22 00:00:00,0.99581,0.99581,0.99581,0.99581,0.0
2017-04-23 00:00:00,0.98947,0.99364,0.98947,0.99295,11632.2900390625
2017-04-24 00:00:00,0.99295,0.99802,0.99289,0.99582,119574.53125
2017-04-25 00:00:00,0.99582,0.99695,0.99183,0.99359,99198.6484375
2017-04-26 00:00:00,0.99359,0.99688,0.99192,0.99321,111204.5078125
2017-04-27 00:00:00,0.99322,0.99634,0.99198,0.99438,101139.15625
2017-04-28 00:00:00,0.99438,0.99582,0.98934,0.99467,93635.5
2017-04-29 00:00:00,0.99467,0.99467,0.99467,0.99467,0.0
2017-04-30 00:00:00,0.99354,0.99477,0.99327,0.99425,4954.18994140625
2017-05-01 00:00:00,0.99425,0.99652,0.99279,0.99568,48054.640625
2017-05-02 00:00:00,0.99568,0.99619,0.99096,0.99105,81028.3125
2017-05-03 00:00:00,0.99104,0.99481,0.98907,0.99416,89825.296875
2017-05-04 00:00:00,0.99418,0.99567,0.98589,0.98611,101171.1796875
2017-05-05 00:00:00,0.9861,0.99031,0.98584,0.98664,90641.78125
2017-05-06 00:00:00,0.98664,0.98664,0.98664,0.98664,0.0
2017-05-07 00:00:00,0.98702,0.98997,0.98702,0.98986,7703.35986328125
2017-05-08 00:00:00,0.98986,0.99913,0.9884,0.99811,102493.40625
2017-05-09 00:00:00,0.99809,1.00906,0.9979,1.00671,100969.5703125
2017-05-10 00:00:00,1.00674,1.00947,1.00482,1.00907,93533.6484375
2017-05-11 00:00:00,1.00906,1.00995,1.00562,1.00783,81794.9765625
2017-05-12 00:00:00,1.00783,1.00857,0.99873,1.00061,84192.390625
2017-05-13 00:00:00,1.00061,1.00061,1.00061,1.00061,0.0
2017-05-14 00:00:00,0.99994,1.00141,0.99967,1.00096,4276.7998046875
2017-05-15 00:00:00,1.00097,1.00195,0.9956,0.99574,79465.140625
2017-05-16 00:00:00,0.99574,0.99603,0.98405,0.98434,90218.328125
2017-05-17 00:00:00,0.98435,0.98501,0.97741,0.97919,109782.546875
2017-05-18 00:00:00,0.97918,0.98249,0.97588,0.97954,124890.1796875
2017-05-19 00:00:00,0.97955,0.9805,0.97251,0.9726,88156.7421875
2017-05-20 00:00:00,0.9726,0.9726,0.9726,0.9726,0.0
2017-05-21 00:00:00,0.97292,0.97374,0.97231,0.97316,4025.8701171875
2017-05-22 00:00:00,0.97316,0.97653,0.96915,0.97315,83454.6875
2017-05-23 00:00:00,0.97316,0.97632,0.97014,0.97617,96435.8515625
2017-05-24 00:00:00,0.97618,0.97762,0.97226,0.97244,97290.5
2017-05-25 00:00:00,0.97244,0.97357,0.97001,0.97315,74198.3125
2017-05-26 00:00:00,0.97315,0.97609,0.96962,0.9739,84668.5
2017-05-27 00:00:00,0.9739,0.9739,0.9739,0.9739,0.0
2017-05-28 00:00:00,0.97432,0.97515,0.97419,0.97492,2490.830078125
2017-05-29 00:00:00,0.97492,0.97941,0.97312,0.9792,44382.5390625
2017-05-30 00:00:00,0.9792,0.98076,0.97369,0.97573,86515.2421875
2017-05-31 00:00:00,0.97573,0.97608,0.96688,0.96814,91961.421875
2017-06-01 00:00:00,0.96815,0.97193,0.96701,0.97127,77520.1171875
2017-06-02 00:00:00,0.97127,0.97189,0.96213,0.96222,72679.3671875
2017-06-03 00:00:00,0.96222,0.96222,0.96222,0.96222,0.0
2017-06-04 00:00:00,0.96291,0.96377,0.96266,0.9631,5641.4501953125
2017-06-05 00:00:00,0.96308,0.9664,0.963,0.96498,54600.26953125
2017-06-06 00:00:00,0.96498,0.96529,0.96133,0.96248,77427.109375
2017-06-07 00:00:00,0.96248,0.96771,0.96198,0.96469,92364.2109375
2017-06-08 00:00:00,0.96468,0.96958,0.96396,0.96904,103337.1015625
2017-06-09 00:00:00,0.96904,0.97275,0.96748,0.96885,89470.84375
2017-06-10 00:00:00,0.96885,0.96885,0.96885,0.96885,0.0
2017-06-11 00:00:00,0.96788,0.96922,0.96788,0.96902,2724.070068359375
2017-06-12 00:00:00,0.96902,0.96946,0.96696,0.96897,66775.140625
2017-06-13 00:00:00,0.969,0.97005,0.96619,0.96876,64414.12109375
2017-06-14 00:00:00,0.96878,0.97354,0.96404,0.9713,105232.2890625
2017-06-15 00:00:00,0.97132,0.97703,0.97033,0.97509,88834.65625
2017-06-16 00:00:00,0.9751,0.97569,0.97265,0.9736,73965.3515625
2017-06-17 00:00:00,0.9736,0.9736,0.9736,0.9736,0.0
2017-06-18 00:00:00,0.97117,0.97357,0.971,0.97319,2985.219970703125
2017-06-19 00:00:00,0.97317,0.97629,0.96953,0.97601,71918.6171875
2017-06-20 00:00:00,0.97602,0.97659,0.97253,0.97463,75380.8203125
2017-06-21 00:00:00,0.97464,0.97534,0.97202,0.97244,69601.53125
2017-06-22 00:00:00,0.97244,0.97425,0.97043,0.97178,68288.9609375
2017-06-23 00:00:00,0.97179,0.97203,0.96753,0.96914,62507.0390625
2017-06-24 00:00:00,0.96914,0.96914,0.96914,0.96914,0.0
2017-06-25 00:00:00,0.96798,0.96988,0.96798,0.96908,2429.9599609375
2017-06-26 00:00:00,0.9691,0.97379,0.96867,0.97241,77292.15625
2017-06-27 00:00:00,0.97242,0.97326,0.95917,0.96051,104260.0703125
2017-06-28 00:00:00,0.96052,0.9647,0.95789,0.95958,114322.546875
2017-06-29 00:00:00,0.95959,0.95974,0.95523,0.9555,104802.6875
2017-06-30 00:00:00,0.95551,0.95979,0.95535,0.95759,93109.4296875
2017-07-01 00:00:00,0.95759,0.95759,0.95759,0.95759,0.0
2017-07-02 00:00:00,0.95766,0.95907,0.95752,0.95879,3297.610107421875
2017-07-03 00:00:00,0.95877,0.96425,0.95866,0.96314,80196.671875
2017-07-04 00:00:00,0.96315,0.96593,0.96214,0.96418,68014.640625
2017-07-05 00:00:00,0.96421,0.96879,0.96343,0.96436,118646.4609375
2017-07-06 00:00:00,0.96437,0.96597,0.9593,0.9603,98033.640625
2017-07-07 00:00:00,0.96035,0.96539,0.96023,0.96361,89311.5703125
2017-07-08 00:00:00,0.96361,0.96361,0.96361,0.96361,0.0
2017-07-09 00:00:00,0.96336,0.96437,0.96336,0.96351,2697.090087890625
2017-07-10 00:00:00,0.96351,0.96748,0.96297,0.966,68973.453125
2017-07-11 00:00:00,0.966,0.9696,0.96242,0.96316,87851.0078125
2017-07-12 00:00:00,0.96248,0.963,0.96232,0.96259,1091.0
2017-07-13 00:00:00,0.96503,0.96869,0.96152,0.96684,121712.2109375
2017-07-14 00:00:00,0.96686,0.97003,0.96285,0.96326,115878.859375
2017-07-15 00:00:00,0.96326,0.96326,0.96326,0.96326,0.0
2017-07-16 00:00:00,0.96294,0.96419,0.96264,0.96338,8243.1396484375
2017-07-17 00:00:00,0.96338,0.96583,0.95945,0.96325,91026.4921875
2017-07-18 00:00:00,0.96323,0.96342,0.95235,0.9551,127940.28125
2017-07-19 00:00:00,0.95508,0.95605,0.95287,0.9547,104278.359375
2017-07-20 00:00:00,0.95473,0.96209,0.94934,0.95138,175294.875
2017-07-21 00:00:00,0.95138,0.95225,0.94381,0.94536,120147.4296875
2017-07-22 00:00:00,0.94536,0.94536,0.94536,0.94536,0.0
2017-07-23 00:00:00,0.94457,0.94563,0.94457,0.94465,6030.22021484375
2017-07-24 00:00:00,0.94468,0.94762,0.94452,0.94744,112341.1328125
2017-07-25 00:00:00,0.94746,0.95281,0.94552,0.95268,132551.0
2017-07-26 00:00:00,0.95271,0.95949,0.94972,0.95117,157733.953125
2017-07-27 00:00:00,0.95118,0.96618,0.94897,0.96374,165209.4375
2017-07-28 00:00:00,0.96374,0.97264,0.96343,0.96834,160574.84375
2017-07-29 00:00:00,0.96834,0.96834,0.96834,0.96834,0.0
2017-07-30 00:00:00,0.96833,0.96962,0.96778,0.9692,5150.35009765625
2017-07-31 00:00:00,0.96919,0.97124,0.96364,0.96737,125088.9609375
2017-08-01 00:00:00,0.96738,0.9683,0.96309,0.96537,113884.15625
2017-08-02 00:00:00,0.96537,0.9713,0.96482,0.97047,138934.09375
2017-08-03 00:00:00,0.97048,0.97167,0.96716,0.96783,109500.859375
2017-08-04 00:00:00,0.96786,0.97639,0.96712,0.97267,99002.796875
2017-08-05 00:00:00,0.97267,0.97267,0.97267,0.97267,0.0
2017-08-06 00:00:00,0.97256,0.9732,0.97189,0.97276,9530.3603515625
2017-08-07 00:00:00,0.97276,0.97461,0.97109,0.97349,72144.7734375
2017-08-08 00:00:00,0.97349,0.97728,0.97095,0.97309,90511.0625
2017-08-09 00:00:00,0.9731,0.97339,0.96119,0.96343,107364.1875
2017-08-10 00:00:00,0.96344,0.96748,0.96168,0.96171,95774.5390625
2017-08-11 00:00:00,0.96171,0.9638,0.95831,0.96134,101746.3984375
2017-08-12 00:00:00,0.96134,0.96134,0.96134,0.96134,0.0
2017-08-13 00:00:00,0.96177,0.96289,0.96145,0.96286,7985.9599609375
2017-08-14 00:00:00,0.96289,0.97323,0.96229,0.97256,95576.96875
2017-08-15 00:00:00,0.97256,0.97583,0.97018,0.97239,99258.59375
2017-08-16 00:00:00,0.97243,0.97653,0.9648,0.96499,112999.3984375
2017-08-17 00:00:00,0.96502,0.96982,0.9605,0.96224,117490.5234375
2017-08-18 00:00:00,0.96224,0.96695,0.9586,0.9648,99443.8671875
2017-08-19 00:00:00,0.9648,0.9648,0.9648,0.9648,0.0
2017-08-20 00:00:00,0.96406,0.96573,0.96404,0.96567,8697.4404296875
2017-08-21 00:00:00,0.96566,0.96851,0.96002,0.96234,85360.6484375
2017-08-22 00:00:00,0.96239,0.96883,0.96195,0.96859,84133.0078125
2017-08-23 00:00:00,0.9686,0.96984,0.96412,0.96484,95548.21875
2017-08-24 00:00:00,0.96485,0.9668,0.96197,0.96524,89551.5234375
2017-08-25 00:00:00,0.96527,0.96621,0.95504,0.95645,118753.2265625
2017-08-26 00:00:00,0.95645,0.95645,0.95645,0.95645,0.0
2017-08-27 00:00:00,0.95403,0.95561,0.95403,0.95535,13058.6298828125
2017-08-28 00:00:00,0.95535,0.9578,0.94987,0.95237,106688.5234375
2017-08-29 00:00:00,0.95237,0.957,0.94279,0.95569,143727.046875
2017-08-30 00:00:00,0.95571,0.96453,0.95381,0.96371,132476.453125
2017-08-31 00:00:00,0.96371,0.96793,0.95772,0.95955,134059.359375
2017-09-01 00:00:00,0.95956,0.96522,0.95459,0.96436,118391.3828125
2017-09-02 00:00:00,0.96436,0.96436,0.96436,0.96436,0.0
2017-09-03 00:00:00,0.9596,0.96145,0.95869,0.96084,11304.990234375
2017-09-04 00:00:00,0.96085,0.96175,0.95517,0.95879,113940.640625
2017-09-05 00:00:00,0.95878,0.96144,0.9534,0.95368,144987.90625
2017-09-06 00:00:00,0.95371,0.95947,0.95274,0.95571,135028.46875
2017-09-07 00:00:00,0.95571,0.95695,0.94936,0.94958,152782.234375
2017-09-08 00:00:00,0.94956,0.95003,0.94205,0.94394,168910.96875
2017-09-09 00:00:00,0.94394,0.94394,0.94394,0.94394,0.0
2017-09-10 00:00:00,0.94682,0.94774,0.94618,0.94754,5274.080078125
2017-09-11 00:00:00,0.94754,0.95689,0.94754,0.95627,136034.15625
2017-09-12 00:00:00,0.95628,0.96179,0.95461,0.96003,143128.6875
2017-09-13 00:00:00,0.96003,0.96604,0.95835,0.96359,128351.4765625
2017-09-14 00:00:00,0.96358,0.97049,0.96137,0.9614,150065.296875
2017-09-15 00:00:00,0.9614,0.96468,0.95647,0.95927,116190.671875
2017-09-16 00:00:00,0.95927,0.95927,0.95927,0.95927,0.0
2017-09-17 00:00:00,0.96048,0.96089,0.95958,0.96072,2712.199951171875
2017-09-18 00:00:00,0.96072,0.96407,0.958,0.96144,123344.9921875
2017-09-19 00:00:00,0.96144,0.96484,0.95947,0.96246,138279.75
2017-09-20 00:00:00,0.96248,0.97179,0.95874,0.97123,191129.25
2017-09-21 00:00:00,0.97128,0.97473,0.96847,0.97026,230836.59375
2017-09-22 00:00:00,0.9703,0.97073,0.9668,0.96923,181981.703125
2017-09-23 00:00:00,0.96923,0.96923,0.96923,0.96923,0.0
2017-09-24 00:00:00,0.97044,0.97127,0.96994,0.97074,5320.10986328125
2017-09-25 00:00:00,0.97074,0.97461,0.9642,0.96616,136769.46875
2017-09-26 00:00:00,0.9662,0.97265,0.96522,0.96937,141008.28125
2017-09-27 00:00:00,0.96943,0.97693,0.96931,0.97184,146055.1875
2017-09-28 00:00:00,0.97185,0.9759,0.96975,0.97063,128681.2734375
2017-09-29 00:00:00,0.97065,0.97205,0.96699,0.96765,109930.3828125
2017-09-30 00:00:00,0.96765,0.96765,0.96765,0.96765,0.0
2017-10-01 00:00:00,0.96794,0.96939,0.96772,0.96823,3895.419921875
2017-10-02 00:00:00,0.96825,0.97543,0.96821,0.9745,112198.453125
2017-10-03 00:00:00,0.97451,0.97859,0.97284,0.97308,101771.4296875
2017-10-04 00:00:00,0.97314,0.97616,0.97092,0.9753,98146.2421875
2017-10-05 00:00:00,0.97531,0.97953,0.97425,0.97824,95141.546875
2017-10-06 00:00:00,0.97824,0.98362,0.97704,0.97743,105754.9921875
2017-10-07 00:00:00,0.97743,0.97743,0.97743,0.97743,0.0
2017-10-08 00:00:00,0.97785,0.97844,0.97744,0.97784,2911.280029296875
2017-10-09 00:00:00,0.97784,0.98071,0.97744,0.97969,69745.3671875
2017-10-10 00:00:00,0.9797,0.97989,0.97349,0.97457,99769.9375
2017-10-11 00:00:00,0.97457,0.97666,0.97167,0.97313,111847.5703125
2017-10-12 00:00:00,0.97315,0.97634,0.97116,0.97497,105617.6484375
2017-10-13 00:00:00,0.97497,0.9771,0.97048,0.97426,101134.0390625
2017-10-14 00:00:00,0.97426,0.97426,0.97426,0.97426,0.0
2017-10-15 00:00:00,0.97395,0.97534,0.97369,0.97457,3771.330078125
2017-10-16 00:00:00,0.97457,0.97687,0.97295,0.97535,101989.7578125
2017-10-17 00:00:00,0.97535,0.98086,0.97528,0.97792,102856.8984375
2017-10-18 00:00:00,0.97794,0.98361,0.97734,0.9811,110360.890625
2017-10-19 00:00:00,0.98111,0.98114,0.97364,0.97621,124828.7578125
2017-10-20 00:00:00,0.97621,0.98522,0.97564,0.98388,128387.046875
2017-10-21 00:00:00,0.98388,0.98388,0.98388,0.98388,0.0
2017-10-22 00:00:00,0.98504,0.98633,0.98463,0.98591,4971.3701171875
2017-10-23 00:00:00,0.98584,0.98808,0.98308,0.98462,105689.359375
2017-10-24 00:00:00,0.98462,0.9912,0.98379,0.99086,113721.3515625
2017-10-25 00:00:00,0.99089,0.99395,0.98684,0.9889,144271.078125
2017-10-26 00:00:00,0.9889,0.99829,0.98754,0.99795,137438.234375
2017-10-27 00:00:00,0.99797,1.00377,0.99697,0.99716,125032.9609375
2017-10-28 00:00:00,0.99716,0.99716,0.99716,0.99716,0.0
2017-10-29 00:00:00,0.99685,0.99882,0.99659,0.99799,4303.169921875
2017-10-30 00:00:00,0.99799,0.99962,0.99384,0.99482,106708.5234375
2017-10-31 00:00:00,0.99482,0.99944,0.99465,0.99766,104902.6875
2017-11-01 00:00:00,0.99765,1.00371,0.99755,1.00254,117046.28125
2017-11-02 00:00:00,1.00254,1.00254,0.99487,0.99924,127153.8515625
2017-11-03 00:00:00,0.99926,1.00242,0.99458,1.0003,96613.09375
2017-11-04 00:00:00,1.0003,1.0003,1.0003,1.0003,0.0
2017-11-05 00:00:00,0.99935,1.00075,0.99921,1.00031,2560.3701171875
2017-11-06 00:00:00,1.00029,1.00287,0.99699,0.99777,98356.953125
2017-11-07 00:00:00,0.99774,1.00191,0.99728,0.99825,108169.6171875
2017-11-08 00:00:00,0.9983,1.00063,0.99806,0.99983,83768.7578125
2017-11-09 00:00:00,0.99981,1.00176,0.99212,0.99396,114974.8203125
2017-11-10 00:00:00,0.99394,0.99682,0.99249,0.99575,76752.8671875
2017-11-11 00:00:00,0.99575,0.99575,0.99575,0.99575,0.0
2017-11-12 00:00:00,0.99522,0.99668,0.99521,0.99658,3971.10009765625
2017-11-13 00:00:00,0.9966,0.99865,0.99362,0.99641,65226.30078125
2017-11-14 00:00:00,0.99641,0.99702,0.98815,0.98967,84949.5390625
2017-11-15 00:00:00,0.98968,0.99107,0.98459,0.98846,117570.171875
2017-11-16 00:00:00,0.98846,0.9945,0.98826,0.99347,91186.078125
2017-11-17 00:00:00,0.99347,0.99355,0.98757,0.98842,95658.75
2017-11-18 00:00:00,0.98842,0.98842,0.98842,0.98842,0.0
2017-11-19 00:00:00,0.98853,0.99007,0.98819,0.98949,8203.3603515625
2017-11-20 00:00:00,0.98951,0.99371,0.98784,0.99326,96616.2578125
2017-11-21 00:00:00,0.99326,0.99465,0.98988,0.99053,80787.453125
2017-11-22 00:00:00,0.99056,0.99105,0.97985,0.98212,98479.546875
2017-11-23 00:00:00,0.98212,0.98277,0.97947,0.98163,98904.15625
2017-11-24 00:00:00,0.98163,0.98268,0.97831,0.97875,101158.1328125
2017-11-25 00:00:00,0.97875,0.97875,0.97875,0.97875,0.0
2017-11-26 00:00:00,0.97904,0.98053,0.97878,0.98038,2707.4599609375
2017-11-27 00:00:00,0.98036,0.98195,0.97779,0.98129,77110.9765625
2017-11-28 00:00:00,0.98133,0.98522,0.98018,0.98408,103953.609375
2017-11-29 00:00:00,0.98408,0.98695,0.98184,0.98445,95987.078125
2017-11-30 00:00:00,0.98447,0.98819,0.98156,0.98397,103895.6015625
2017-12-01 00:00:00,0.98396,0.98703,0.97347,0.9755,130179.9609375
2017-12-02 00:00:00,0.9755,0.9755,0.9755,0.9755,0.0
2017-12-03 00:00:00,0.98098,0.98241,0.97928,0.98241,4057.10009765625
2017-12-04 00:00:00,0.98241,0.98666,0.98109,0.98462,97782.078125
2017-12-05 00:00:00,0.98463,0.98871,0.98369,0.98749,91282.6328125
2017-12-06 00:00:00,0.98751,0.99093,0.98547,0.98933,87436.4921875
2017-12-07 00:00:00,0.98933,0.99473,0.98911,0.99469,76594.6484375
2017-12-08 00:00:00,0.99476,0.99774,0.99236,0.99247,74745.609375
2017-12-09 00:00:00,0.99247,0.99247,0.99247,0.99247,0.0
2017-12-10 00:00:00,0.99343,0.99403,0.9926,0.99293,1465.5899658203125
2017-12-11 00:00:00,0.99294,0.99302,0.98968,0.99139,72816.296875
2017-12-12 00:00:00,0.99139,0.99354,0.98898,0.9915,71195.0234375
2017-12-13 00:00:00,0.9915,0.99282,0.98422,0.98548,97051.8984375
2017-12-14 00:00:00,0.98548,0.9904,0.98396,0.98897,105603.6171875
2017-12-15 00:00:00,0.98898,0.9934,0.98731,0.99009,94246.609375
2017-12-16 00:00:00,0.99009,0.99009,0.99009,0.99009,0.0
2017-12-17 00:00:00,0.98972,0.99128,0.98972,0.99111,7071.669921875
2017-12-18 00:00:00,0.99114,0.99173,0.98394,0.9856,88987.8125
2017-12-19 00:00:00,0.98562,0.98784,0.98343,0.98555,96909.7265625
2017-12-20 00:00:00,0.98556,0.98851,0.98281,0.98624,90044.828125
2017-12-21 00:00:00,0.98626,0.99093,0.98547,0.98877,80917.859375
2017-12-22 00:00:00,0.98875,0.9911,0.98793,0.98793,82103.28125
2017-12-23 00:00:00,0.98793,0.98793,0.98793,0.98793,0.0
2017-12-24 00:00:00,0.98823,0.98939,0.98819,0.98822,117.36000061035156
2017-12-25 00:00:00,0.98828,0.9892,0.9877,0.98905,3733.22998046875
2017-12-26 00:00:00,0.98906,0.99154,0.98857,0.98977,45924.44140625
2017-12-27 00:00:00,0.98979,0.99032,0.98497,0.98583,77709.84375
2017-12-28 00:00:00,0.98583,0.98601,0.97711,0.97876,100691.8984375
2017-12-29 00:00:00,0.97875,0.97888,0.97337,0.97409,74543.0234375
2017-12-30 00:00:00,0.97409,0.97409,0.97409,0.97409,0.0
2017-12-31 00:00:00,0.97409,0.97409,0.97409,0.97409,0.0
2018-01-01 00:00:00,0.97348,0.97481,0.97287,0.97481,6122.8701171875
2018-01-02 00:00:00,0.97481,0.97481,0.96992,0.97144,91520.7265625
2018-01-03 00:00:00,0.97145,0.97971,0.9714,0.97709,72892.28125
2018-01-04 00:00:00,0.9771,0.97799,0.97328,0.97446,79471.6484375
2018-01-05 00:00:00,0.97447,0.97842,0.9739,0.9743,76220.5078125
2018-01-06 00:00:00,0.9743,0.9743,0.9743,0.9743,0.0
2018-01-07 00:00:00,0.97468,0.97516,0.97392,0.97504,2010.219970703125
2018-01-08 00:00:00,0.97501,0.9784,0.97453,0.97738,69120.0390625
2018-01-09 00:00:00,0.97739,0.98414,0.9765,0.98391,82485.5390625
2018-01-10 00:00:00,0.98391,0.9845,0.97538,0.97764,116011.6484375
2018-01-11 00:00:00,0.97767,0.98157,0.97317,0.97564,113778.7734375
2018-01-12 00:00:00,0.97564,0.97701,0.96654,0.9666,127949.65625
2018-01-13 00:00:00,0.9666,0.9666,0.9666,0.9666,0.0
2018-01-14 00:00:00,0.96797,0.96832,0.9669,0.96813,4176.490234375
2018-01-15 00:00:00,0.96813,0.96846,0.96027,0.9632,102124.828125
2018-01-16 00:00:00,0.9632,0.9665,0.9581,0.95914,123712.8828125
2018-01-17 00:00:00,0.95913,0.9666,0.95722,0.96516,145502.5625
2018-01-18 00:00:00,0.96515,0.96563,0.95745,0.95895,139581.796875
2018-01-19 00:00:00,0.95895,0.96412,0.95353,0.96398,130140.1484375
2018-01-20 00:00:00,0.96398,0.96398,0.96398,0.96398,0.0
2018-01-21 00:00:00,0.96089,0.96275,0.96027,0.96152,3144.179931640625
2018-01-22 00:00:00,0.96155,0.96395,0.95922,0.96205,101545.296875
2018-01-23 00:00:00,0.96214,0.96332,0.95648,0.95673,109988.3984375
2018-01-24 00:00:00,0.95673,0.95759,0.94263,0.94638,142453.765625
2018-01-25 00:00:00,0.9464,0.94659,0.92892,0.94173,213547.875
2018-01-26 00:00:00,0.94174,0.94246,0.93231,0.9333,174509.34375
2018-01-27 00:00:00,0.9333,0.9333,0.9333,0.9333,0.0
2018-01-28 00:00:00,0.93315,0.93487,0.9325,0.93342,5030.31005859375
2018-01-29 00:00:00,0.93347,0.93867,0.93344,0.93739,146339.859375
2018-01-30 00:00:00,0.93739,0.93931,0.93098,0.93462,156094.375
2018-01-31 00:00:00,0.93463,0.93584,0.92889,0.93128,152054.84375
2018-02-01 00:00:00,0.93127,0.93414,0.92556,0.92598,146694.046875
2018-02-02 00:00:00,0.926,0.93362,0.92577,0.9305,164504.34375
2018-02-03 00:00:00,0.9305,0.9305,0.9305,0.9305,0.0
2018-02-04 00:00:00,0.93202,0.93278,0.93081,0.93123,5065.66015625
2018-02-05 00:00:00,0.93123,0.9376,0.92869,0.93132,153822.4375
2018-02-06 00:00:00,0.93131,0.93975,0.93062,0.93613,221305.0625
2018-02-07 00:00:00,0.93615,0.94544,0.93395,0.94248,157105.9375
2018-02-08 00:00:00,0.94248,0.94695,0.93483,0.9351,172653.34375
2018-02-09 00:00:00,0.93512,0.94085,0.93512,0.93919,161070.9375
2018-02-10 00:00:00,0.93919,0.93919,0.93919,0.93919,0.0
2018-02-11 00:00:00,0.93917,0.94054,0.93917,0.93964,3033.669921875
2018-02-12 00:00:00,0.93964,0.94012,0.93633,0.93874,113890.7109375
2018-02-13 00:00:00,0.93875,0.93979,0.9322,0.93528,117661.5703125
2018-02-14 00:00:00,0.93529,0.9374,0.92725,0.9275,145061.9375
2018-02-15 00:00:00,0.92751,0.92907,0.921,0.9222,140693.0625
2018-02-16 00:00:00,0.9222,0.92874,0.91872,0.92719,135157.25
2018-02-17 00:00:00,0.92719,0.92719,0.92719,0.92719,0.0
2018-02-18 00:00:00,0.92722,0.92787,0.92635,0.92722,2683.02001953125
2018-02-19 00:00:00,0.92723,0.93195,0.92624,0.92932,88100.4375
2018-02-20 00:00:00,0.92933,0.9369,0.92892,0.93638,115582.1875
2018-02-21 00:00:00,0.93638,0.93963,0.93423,0.93869,129384.9296875
2018-02-22 00:00:00,0.93869,0.94087,0.93224,0.93316,122219.6328125
2018-02-23 00:00:00,0.93316,0.93737,0.93273,0.9357,107272.5390625
2018-02-24 00:00:00,0.9357,0.9357,0.9357,0.9357,0.0
2018-02-25 00:00:00,0.9361,0.93742,0.93582,0.93713,3870.89990234375
2018-02-26 00:00:00,0.93714,0.93908,0.93251,0.93866,105183.53125
2018-02-27 00:00:00,0.93865,0.94171,0.9358,0.93945,122409.609375
2018-02-28 00:00:00,0.93945,0.94581,0.93872,0.94447,123473.1171875
2018-03-01 00:00:00,0.94447,0.94903,0.94094,0.94146,146089.984375
2018-03-02 00:00:00,0.94146,0.94238,0.93382,0.93672,135879.234375
2018-03-03 00:00:00,0.93672,0.93672,0.93672,0.93672,0.0
2018-03-04 00:00:00,0.93679,0.93802,0.9345,0.9371,9986.2197265625
2018-03-05 00:00:00,0.9371,0.94075,0.93528,0.93978,127463.34375
2018-03-06 00:00:00,0.93979,0.94185,0.93595,0.93822,130404.203125
2018-03-07 00:00:00,0.93823,0.94422,0.9357,0.9434,132299.703125
2018-03-08 00:00:00,0.9434,0.952,0.94216,0.95144,127592.4765625
2018-03-09 00:00:00,0.95143,0.95341,0.94874,0.95119,125812.359375
2018-03-10 00:00:00,0.95119,0.95119,0.95119,0.95119,0.0
2018-03-11 00:00:00,0.94902,0.95137,0.94902,0.95083,3225.679931640625
2018-03-12 00:00:00,0.95083,0.95107,0.94588,0.94723,98344.0234375
2018-03-13 00:00:00,0.94726,0.94939,0.94292,0.94362,106852.75
2018-03-14 00:00:00,0.94362,0.948,0.94239,0.9444,94915.96875
2018-03-15 00:00:00,0.9444,0.95198,0.94332,0.9513,106802.7734375
2018-03-16 00:00:00,0.95133,0.95474,0.9485,0.9519,93649.40625
2018-03-17 00:00:00,0.9519,0.9519,0.9519,0.9519,0.0
2018-03-18 00:00:00,0.95199,0.95288,0.95199,0.9528,1678.260009765625
2018-03-19 00:00:00,0.95284,0.95514,0.94948,0.95117,112848.15625
2018-03-20 00:00:00,0.95119,0.95695,0.95016,0.95593,91855.6796875
2018-03-21 00:00:00,0.95593,0.9561,0.94836,0.9486,104631.1171875
2018-03-22 00:00:00,0.9486,0.95145,0.9458,0.9465,130425.78125
2018-03-23 00:00:00,0.9465,0.9495,0.94445,0.94701,112481.71875
2018-03-24 00:00:00,0.94701,0.94701,0.94701,0.94701,0.0
2018-03-25 00:00:00,0.94674,0.94753,0.94575,0.94714,2340.389892578125
2018-03-26 00:00:00,0.94714,0.94888,0.94328,0.94495,93389.90625
2018-03-27 00:00:00,0.94499,0.95086,0.94341,0.94638,98361.1796875
2018-03-28 00:00:00,0.94638,0.95778,0.94617,0.95651,108500.953125
2018-03-29 00:00:00,0.95653,0.95831,0.95473,0.95612,86200.53125
2018-03-30 00:00:00,0.95614,0.95631,0.95225,0.95343,43092.1796875
2018-03-31 00:00:00,0.95343,0.95343,0.95343,0.95343,0.0
2018-04-01 00:00:00,0.9526,0.95486,0.95194,0.95459,2886.669921875
2018-04-02 00:00:00,0.95458,0.95641,0.95268,0.95509,66555.09375
2018-04-03 00:00:00,0.95513,0.95968,0.95325,0.9584,89904.96875
2018-04-04 00:00:00,0.9584,0.9611,0.95508,0.96008,90105.0390625
2018-04-05 00:00:00,0.96011,0.96398,0.95976,0.96226,86452.796875
2018-04-06 00:00:00,0.96226,0.96491,0.95779,0.95856,114700.390625
2018-04-07 00:00:00,0.95856,0.95856,0.95856,0.95856,0.0
2018-04-08 00:00:00,0.95796,0.95955,0.95795,0.95934,3995.7900390625
2018-04-09 00:00:00,0.95932,0.96093,0.95574,0.95616,90116.453125
2018-04-10 00:00:00,0.95616,0.95809,0.95341,0.95639,100855.03125
2018-04-11 00:00:00,0.95638,0.95961,0.95555,0.95733,93820.9765625
2018-04-12 00:00:00,0.95733,0.96461,0.95698,0.96228,98332.46875
2018-04-13 00:00:00,0.96229,0.96387,0.95993,0.96153,78849.0
2018-04-14 00:00:00,0.96153,0.96153,0.96153,0.96153,0.0
2018-04-15 00:00:00,0.96183,0.96367,0.96007,0.9631,3103.419921875
2018-04-16 00:00:00,0.9631,0.96351,0.95772,0.95946,70679.421875
2018-04-17 00:00:00,0.95947,0.9678,0.95805,0.9666,82061.296875
2018-04-18 00:00:00,0.96659,0.96982,0.96498,0.96853,93530.5390625
2018-04-19 00:00:00,0.96853,0.97236,0.96664,0.97158,97690.3828125
2018-04-20 00:00:00,0.9716,0.97593,0.97072,0.97467,82319.859375
2018-04-21 00:00:00,0.97467,0.97467,0.97467,0.97467,0.0
2018-04-22 00:00:00,0.97426,0.97615,0.97383,0.97592,4072.800048828125
2018-04-23 00:00:00,0.97592,0.9788,0.97466,0.97807,84579.2421875
2018-04-24 00:00:00,0.97807,0.98099,0.97672,0.97876,94970.8125
2018-04-25 00:00:00,0.97876,0.98479,0.97872,0.98267,94872.0703125
2018-04-26 00:00:00,0.98265,0.98957,0.98161,0.98898,105783.578125
2018-04-27 00:00:00,0.98897,0.992,0.98715,0.98763,90376.7421875
2018-04-28 00:00:00,0.98763,0.98763,0.98763,0.98763,0.0
2018-04-29 00:00:00,0.98767,0.98838,0.98712,0.98811,2034.8900146484375
2018-04-30 00:00:00,0.98811,0.99207,0.9872,0.99067,93992.5390625
2018-05-01 00:00:00,0.99067,0.99696,0.99059,0.9966,84191.796875
2018-05-02 00:00:00,0.9966,0.99996,0.99361,0.99927,122394.5078125
2018-05-03 00:00:00,0.99927,0.99991,0.99555,0.99734,121809.28125
2018-05-04 00:00:00,0.99735,1.00225,0.99657,0.99968,83485.3203125
2018-05-05 00:00:00,0.99968,0.99968,0.99968,0.99968,0.0
2018-05-06 00:00:00,0.99987,1.0006,0.99956,1.00059,1887.949951171875
2018-05-07 00:00:00,1.00058,1.00559,0.99835,1.00189,88358.3515625
2018-05-08 00:00:00,1.0019,1.0045,1.00026,1.00117,102736.0703125
2018-05-09 00:00:00,1.00115,1.00558,1.00035,1.00548,105100.6015625
2018-05-10 00:00:00,1.00548,1.00558,0.99938,1.00298,111882.6484375
2018-05-11 00:00:00,1.00298,1.00394,0.99762,1.00003,86362.4296875
2018-05-12 00:00:00,1.00003,1.00003,1.00003,1.00003,0.0
2018-05-13 00:00:00,0.99985,1.00067,0.99923,0.99992,3121.860107421875
2018-05-14 00:00:00,0.99992,1.00113,0.99573,1.00023,73502.453125
2018-05-15 00:00:00,1.00023,1.00412,0.99831,1.00134,94411.328125
2018-05-16 00:00:00,1.00134,1.00186,0.99841,1.00052,102977.609375
2018-05-17 00:00:00,1.00052,1.00331,0.99868,1.00169,90182.5078125
2018-05-18 00:00:00,1.00171,1.00179,0.99502,0.99738,74235.0
2018-05-19 00:00:00,0.99738,0.99738,0.99738,0.99738,0.0
2018-05-20 00:00:00,0.99659,0.9983,0.99659,0.99799,3229.679931640625
2018-05-21 00:00:00,0.99803,1.00011,0.99643,0.99679,82708.828125
2018-05-22 00:00:00,0.99679,0.99902,0.99176,0.99196,87386.359375
2018-05-23 00:00:00,0.99196,0.99776,0.98938,0.99424,122973.609375
2018-05-24 00:00:00,0.99426,0.99468,0.98854,0.99123,106330.8671875
2018-05-25 00:00:00,0.99122,0.99367,0.98898,0.98965,101628.3671875
2018-05-26 00:00:00,0.98965,0.98965,0.98965,0.98965,0.0
2018-05-27 00:00:00,0.99109,0.99299,0.99066,0.99214,5015.08984375
2018-05-28 00:00:00,0.99212,0.99576,0.991,0.99345,75911.578125
2018-05-29 00:00:00,0.99346,0.99829,0.98503,0.99072,132481.984375
2018-05-30 00:00:00,0.99072,0.9935,0.98785,0.98858,118968.3984375
2018-05-31 00:00:00,0.98861,0.98905,0.98257,0.98501,116664.640625
2018-06-01 00:00:00,0.98501,0.99124,0.9842,0.98768,95199.3515625
2018-06-02 00:00:00,0.98768,0.98768,0.98768,0.98768,0.0
2018-06-03 00:00:00,0.98865,0.98878,0.98751,0.98872,2076.330078125
2018-06-04 00:00:00,0.9887,0.98941,0.98299,0.98818,74909.5390625
2018-06-05 00:00:00,0.98818,0.98926,0.983,0.98422,90541.40625
2018-06-06 00:00:00,0.98422,0.98855,0.98351,0.98601,88571.1015625
2018-06-07 00:00:00,0.98602,0.98642,0.97878,0.98083,97283.1015625
2018-06-08 00:00:00,0.98085,0.98875,0.98019,0.98458,95335.359375
2018-06-09 00:00:00,0.98458,0.98458,0.98458,0.98458,0.0
2018-06-10 00:00:00,0.98441,0.98499,0.98433,0.98482,1670.43994140625
2018-06-11 00:00:00,0.98484,0.98736,0.98386,0.9864,72528.4609375
2018-06-12 00:00:00,0.98642,0.98831,0.98298,0.98696,87512.5703125
2018-06-13 00:00:00,0.98696,0.98948,0.98399,0.98462,87195.8203125
2018-06-14 00:00:00,0.98461,0.99728,0.98251,0.99699,111965.0078125
2018-06-15 00:00:00,0.99702,0.9988,0.99451,0.99654,101265.4921875
2018-06-16 00:00:00,0.99654,0.99654,0.99654,0.99654,0.0
2018-06-17 00:00:00,0.99656,0.99791,0.99587,0.99767,2397.330078125
2018-06-18 00:00:00,0.99766,0.99899,0.99355,0.99426,82715.046875
2018-06-19 00:00:00,0.99428,0.99774,0.99174,0.9942,121581.921875
2018-06-20 00:00:00,0.9942,0.99824,0.99363,0.99607,100477.40625
2018-06-21 00:00:00,0.99608,0.99854,0.98966,0.99163,120831.90625
2018-06-22 00:00:00,0.99162,0.99191,0.9873,0.98743,88477.5
2018-06-23 00:00:00,0.98743,0.98743,0.98743,0.98743,0.0
2018-06-24 00:00:00,0.98746,0.98845,0.98746,0.98792,2869.25
2018-06-25 00:00:00,0.98792,0.98901,0.98557,0.98702,99089.71875
2018-06-26 00:00:00,0.98701,0.99227,0.98578,0.99091,108423.453125
2018-06-27 00:00:00,0.9909,0.99758,0.98909,0.99676,139893.296875
2018-06-28 00:00:00,0.99676,0.99919,0.99594,0.99753,111010.8515625
2018-06-29 00:00:00,0.99753,0.99775,0.98935,0.99005,107059.09375
2018-06-30 00:00:00,0.99005,0.99005,0.99005,0.99005,0.0
2018-07-01 00:00:00,0.98984,0.99161,0.98931,0.99026,5622.22021484375
2018-07-02 00:00:00,0.99027,0.99653,0.99021,0.99333,90680.7890625
2018-07-03 00:00:00,0.99333,0.99493,0.99126,0.99197,89827.2109375
2018-07-04 00:00:00,0.99198,0.99392,0.99051,0.9924,81576.5
2018-07-05 00:00:00,0.9924,0.99446,0.99099,0.99314,101353.421875
2018-07-06 00:00:00,0.99315,0.99436,0.98842,0.98974,84688.3828125
2018-07-07 00:00:00,0.98974,0.98974,0.98974,0.98974,0.0
2018-07-08 00:00:00,0.98909,0.99011,0.98877,0.98929,3824.550048828125
2018-07-09 00:00:00,0.9893,0.99298,0.98575,0.99136,97254.2109375
2018-07-10 00:00:00,0.99136,0.99618,0.99092,0.99264,95040.953125
2018-07-11 00:00:00,0.99264,0.99654,0.99048,0.9955,128347.78125
2018-07-12 00:00:00,0.99553,1.0031,0.99472,1.00271,100056.359375
2018-07-13 00:00:00,1.00271,1.00678,1.00134,1.00134,95697.78125
2018-07-14 00:00:00,1.00134,1.00134,1.00134,1.00134,0.0
2018-07-15 00:00:00,1.00114,1.00239,1.00096,1.00221,2602.10009765625
2018-07-16 00:00:00,1.00221,1.00233,0.99625,0.99681,92936.1015625
2018-07-17 00:00:00,0.99682,1.00049,0.99268,1.00038,107901.859375
2018-07-18 00:00:00,1.00036,1.00343,0.99823,0.99875,103551.359375
2018-07-19 00:00:00,0.99875,1.0043,0.99582,0.99874,131437.734375
2018-07-20 00:00:00,0.99873,1.00097,0.99152,0.99224,122586.796875
2018-07-21 00:00:00,0.99224,0.99224,0.99224,0.99224,0.0
2018-07-22 00:00:00,0.99178,0.99263,0.99071,0.99092,3791.68994140625
2018-07-23 00:00:00,0.99092,0.99415,0.99007,0.99318,103860.390625
2018-07-24 00:00:00,0.99319,0.99541,0.99217,0.99353,102427.9765625
2018-07-25 00:00:00,0.99353,0.99488,0.99074,0.99096,120906.0703125
2018-07-26 00:00:00,0.99096,0.99489,0.99027,0.99395,108499.09375
2018-07-27 00:00:00,0.99397,0.99777,0.9931,0.99388,88545.890625
2018-07-28 00:00:00,0.99388,0.99388,0.99388,0.99388,0.0
2018-07-29 00:00:00,0.99283,0.99472,0.99283,0.99406,1570.989990234375
2018-07-30 00:00:00,0.99407,0.99563,0.98776,0.98817,68611.0703125
2018-07-31 00:00:00,0.98817,0.99055,0.98669,0.99036,105053.28125
2018-08-01 00:00:00,0.99035,0.99339,0.99025,0.99173,84701.203125
2018-08-02 00:00:00,0.99175,0.99562,0.99163,0.99543,88214.0234375
2018-08-03 00:00:00,0.99543,0.99647,0.99205,0.99421,79319.640625
2018-08-04 00:00:00,0.99421,0.99421,0.99421,0.99421,0.0
2018-08-05 00:00:00,0.99323,0.99462,0.992,0.99453,2257.780029296875
2018-08-06 00:00:00,0.99453,0.99845,0.99416,0.99632,73386.3984375
2018-08-07 00:00:00,0.99633,0.99675,0.99302,0.99523,70128.0703125
2018-08-08 00:00:00,0.99522,0.99704,0.99189,0.99318,74835.3984375
2018-08-09 00:00:00,0.99318,0.99508,0.98942,0.99393,73464.046875
2018-08-10 00:00:00,0.99404,0.99749,0.99282,0.99516,113358.3515625
2018-08-11 00:00:00,0.99516,0.99516,0.99516,0.99516,0.0
2018-08-12 00:00:00,0.99444,0.99478,0.9924,0.99442,4377.85986328125
2018-08-13 00:00:00,0.9944,0.99535,0.98902,0.99333,105183.6015625
2018-08-14 00:00:00,0.99333,0.99502,0.99007,0.99414,88237.09375
2018-08-15 00:00:00,0.99414,0.99822,0.99257,0.99341,94937.703125
2018-08-16 00:00:00,0.99341,0.99741,0.99154,0.99732,96413.1875
2018-08-17 00:00:00,0.99733,0.99774,0.99326,0.99523,92447.453125
2018-08-18 00:00:00,0.99523,0.99523,0.99523,0.99523,0.0
2018-08-19 00:00:00,0.99495,0.9956,0.99494,0.99523,2235.090087890625
2018-08-20 00:00:00,0.99527,0.9968,0.99032,0.99034,80451.671875
2018-08-21 00:00:00,0.99033,0.99056,0.98421,0.98432,93682.5625
2018-08-22 00:00:00,0.98437,0.98535,0.98077,0.9833,88380.609375
2018-08-23 00:00:00,0.9833,0.98658,0.98216,0.98621,86763.40625
2018-08-24 00:00:00,0.9862,0.98644,0.98106,0.98318,89396.34375
2018-08-25 00:00:00,0.98318,0.98318,0.98318,0.98318,0.0
2018-08-26 00:00:00,0.98375,0.98388,0.98176,0.98227,2783.43994140625
2018-08-27 00:00:00,0.98229,0.98455,0.97872,0.97938,79915.5390625
2018-08-28 00:00:00,0.97938,0.98088,0.97447,0.97636,91351.828125
2018-08-29 00:00:00,0.97638,0.97758,0.97018,0.97045,93596.7421875
2018-08-30 00:00:00,0.97042,0.97153,0.96814,0.96867,94008.6875
2018-08-31 00:00:00,0.96867,0.97029,0.96517,0.96848,104658.828125
2018-09-01 00:00:00,0.96848,0.96848,0.96848,0.96848,0.0
2018-09-02 00:00:00,0.96902,0.97005,0.96889,0.96957,2603.85009765625
2018-09-03 00:00:00,0.96956,0.97073,0.96829,0.96934,54845.71875
2018-09-04 00:00:00,0.96931,0.97668,0.96905,0.97389,97774.203125
2018-09-05 00:00:00,0.97391,0.97535,0.97078,0.97117,98146.6328125
2018-09-06 00:00:00,0.97117,0.97119,0.96491,0.9654,96864.6875
2018-09-07 00:00:00,0.96539,0.96993,0.96412,0.96863,95803.3828125
2018-09-08 00:00:00,0.96863,0.96863,0.96863,0.96863,0.0
2018-09-09 00:00:00,0.96822,0.96948,0.96822,0.9687,1384.3900146484375
2018-09-10 00:00:00,0.9687,0.97544,0.96868,0.97469,78439.40625
2018-09-11 00:00:00,0.97474,0.97583,0.9718,0.97298,82838.6875
2018-09-12 00:00:00,0.97298,0.97493,0.96952,0.97017,82142.53125
2018-09-13 00:00:00,0.97019,0.97041,0.96507,0.96628,77454.0234375
2018-09-14 00:00:00,0.96628,0.96753,0.96342,0.96721,69538.2421875
2018-09-15 00:00:00,0.96721,0.96721,0.96721,0.96721,0.0
2018-09-16 00:00:00,0.96732,0.96794,0.96578,0.96724,2411.830078125
2018-09-17 00:00:00,0.96723,0.96759,0.96114,0.96264,62137.12109375
2018-09-18 00:00:00,0.96263,0.96556,0.95997,0.96375,84605.4296875
2018-09-19 00:00:00,0.96375,0.97001,0.96339,0.9674,84066.7109375
2018-09-20 00:00:00,0.9674,0.96762,0.9585,0.95886,81502.8671875
2018-09-21 00:00:00,0.95891,0.95978,0.95418,0.9578,86196.7109375
2018-09-22 00:00:00,0.9578,0.9578,0.9578,0.9578,0.0
2018-09-23 00:00:00,0.95843,0.95933,0.95757,0.95859,2002.52001953125
2018-09-24 00:00:00,0.95859,0.965,0.95798,0.96456,68693.2890625
2018-09-25 00:00:00,0.96457,0.96707,0.96355,0.96527,77691.4765625
2018-09-26 00:00:00,0.96525,0.97014,0.9623,0.96515,90728.1484375
2018-09-27 00:00:00,0.96515,0.97827,0.96487,0.97694,100309.3984375
2018-09-28 00:00:00,0.97696,0.9819,0.97371,0.98163,93815.359375
2018-09-29 00:00:00,0.98163,0.98163,0.98163,0.98163,0.0
2018-09-30 00:00:00,0.98026,0.9815,0.97973,0.98134,3278.68994140625
2018-10-01 00:00:00,0.98133,0.98556,0.98067,0.98358,91057.09375
2018-10-02 00:00:00,0.98358,0.98625,0.98289,0.9839,93514.9609375
2018-10-03 00:00:00,0.98388,0.9925,0.9833,0.99195,103218.7890625
2018-10-04 00:00:00,0.99196,0.99337,0.98914,0.99138,104456.40625
2018-10-05 00:00:00,0.99143,0.99547,0.99098,0.99187,96074.25
2018-10-06 00:00:00,0.99187,0.99187,0.99187,0.99187,0.0
2018-10-07 00:00:00,0.99155,0.99282,0.99124,0.99138,4401.9599609375
2018-10-08 00:00:00,0.99138,0.99443,0.9907,0.9923,77470.3828125
2018-10-09 00:00:00,0.99229,0.99555,0.99071,0.99169,104740.171875
2018-10-10 00:00:00,0.99172,0.99335,0.98768,0.98824,108558.609375
2018-10-11 00:00:00,0.98824,0.99221,0.98564,0.98997,138616.3125
2018-10-12 00:00:00,0.98996,0.993,0.98815,0.99142,99977.4765625
2018-10-13 00:00:00,0.99142,0.99142,0.99142,0.99142,0.0
2018-10-14 00:00:00,0.98995,0.99199,0.9895,0.99078,4646.58984375
2018-10-15 00:00:00,0.99078,0.99116,0.98477,0.987,89749.7265625
2018-10-16 00:00:00,0.987,0.99087,0.98588,0.99038,77830.9609375
2018-10-17 00:00:00,0.99037,0.99566,0.9902,0.99473,85120.9765625
2018-10-18 00:00:00,0.99473,0.99747,0.99199,0.99582,91517.0
2018-10-19 00:00:00,0.99581,0.99773,0.99495,0.99598,87231.0234375
2018-10-20 00:00:00,0.99598,0.99598,0.99598,0.99598,0.0
2018-10-21 00:00:00,0.99524,0.99703,0.99448,0.99632,3018.02001953125
2018-10-22 00:00:00,0.99631,0.99799,0.99395,0.99605,76067.578125
2018-10-23 00:00:00,0.99605,0.997,0.99375,0.99483,85912.421875
2018-10-24 00:00:00,0.99484,0.99892,0.99415,0.9968,92960.3203125
2018-10-25 00:00:00,0.9968,1.00177,0.99546,0.99974,85903.046875
2018-10-26 00:00:00,0.99973,1.00263,0.99632,0.99691,99809.703125
2018-10-27 00:00:00,0.99691,0.99691,0.99691,0.99691,0.0
2018-10-28 00:00:00,0.99716,0.99845,0.99641,0.99764,8172.0400390625
2018-10-29 00:00:00,0.99762,1.00241,0.99748,1.00172,89424.6875
2018-10-30 00:00:00,1.00174,1.00551,1.00079,1.00517,78062.8515625
2018-10-31 00:00:00,1.00518,1.00945,1.00334,1.00806,85951.9296875
2018-11-01 00:00:00,1.00806,1.00826,1.00003,1.00211,90510.078125
2018-11-02 00:00:00,1.00215,1.00483,0.99679,1.00318,88671.453125
2018-11-03 00:00:00,1.00318,1.00318,1.00318,1.00318,0.0
2018-11-04 00:00:00,1.00293,1.00312,1.00232,1.00239,5288.89013671875
2018-11-05 00:00:00,1.00239,1.00688,1.00239,1.0044,68124.75
2018-11-06 00:00:00,1.00439,1.00552,1.00125,1.00126,69501.890625
2018-11-07 00:00:00,1.00129,1.00504,0.99522,1.00186,102147.6015625
2018-11-08 00:00:00,1.00187,1.00707,1.00072,1.00582,86351.296875
2018-11-09 00:00:00,1.00587,1.00854,1.00446,1.00531,79469.609375
2018-11-10 00:00:00,1.00531,1.00531,1.00531,1.00531,0.0
2018-11-11 00:00:00,1.00468,1.00639,1.0045,1.00593,4338.47998046875
2018-11-12 00:00:00,1.00592,1.01111,1.00552,1.01026,78944.953125
2018-11-13 00:00:00,1.01026,1.01281,1.00579,1.00595,95763.96875
2018-11-14 00:00:00,1.00595,1.0104,1.00414,1.00599,99213.9375
2018-11-15 00:00:00,1.00599,1.0079,1.00355,1.00693,106194.7890625
2018-11-16 00:00:00,1.00694,1.0087,0.99909,0.99962,84998.5703125
2018-11-17 00:00:00,0.99962,0.99962,0.99962,0.99962,0.0
2018-11-18 00:00:00,0.99964,0.99997,0.99869,0.9994,4963.22998046875
2018-11-19 00:00:00,0.9994,1.00066,0.99241,0.99321,82517.703125
2018-11-20 00:00:00,0.99322,0.99576,0.99084,0.99471,95849.84375
2018-11-21 00:00:00,0.99469,0.99585,0.99278,0.99432,75084.5703125
2018-11-22 00:00:00,0.99433,0.99558,0.99215,0.99458,52357.5390625
2018-11-23 00:00:00,0.99458,0.99798,0.99345,0.99661,51416.03125
2018-11-24 00:00:00,0.99661,0.99661,0.99661,0.99661,0.0
2018-11-25 00:00:00,0.99659,0.99753,0.99651,0.99724,4191.490234375
2018-11-26 00:00:00,0.99721,0.99931,0.99541,0.99817,74082.7890625
2018-11-27 00:00:00,0.99823,1.00031,0.99749,0.9985,75177.3984375
2018-11-28 00:00:00,0.9985,1.00057,0.99251,0.99329,74858.6171875
2018-11-29 00:00:00,0.99331,0.99764,0.99172,0.99603,79872.546875
2018-11-30 00:00:00,0.99605,1.0004,0.9951,0.99863,66472.5625
2018-12-01 00:00:00,0.99863,0.99863,0.99863,0.99863,0.0
2018-12-02 00:00:00,0.99809,0.99956,0.99767,0.99856,2633.550048828125
2018-12-03 00:00:00,0.99858,0.99957,0.99642,0.99789,74757.078125
2018-12-04 00:00:00,0.99789,0.99909,0.99302,0.99738,80743.5234375
2018-12-05 00:00:00,0.99738,1.00078,0.99643,0.99697,54829.62890625
2018-12-06 00:00:00,0.99697,0.99896,0.98941,0.99319,95878.40625
2018-12-07 00:00:00,0.9932,0.9943,0.98896,0.99063,77705.859375
2018-12-08 00:00:00,0.99063,0.99063,0.99063,0.99063,0.0
2018-12-09 00:00:00,0.99039,0.99088,0.98927,0.98983,2996.0400390625
2018-12-10 00:00:00,0.9898,0.99063,0.98679,0.98959,91578.21875
2018-12-11 00:00:00,0.9896,0.99382,0.98629,0.99312,86502.0078125
2018-12-12 00:00:00,0.99311,0.99652,0.99129,0.99269,92212.921875
2018-12-13 00:00:00,0.99269,0.99541,0.99116,0.99369,80900.1484375
2018-12-14 00:00:00,0.99369,0.99892,0.99343,0.99787,68184.03125
2018-12-15 00:00:00,0.99787,0.99787,0.99787,0.99787,0.0
2018-12-16 00:00:00,0.99589,0.9985,0.9958,0.99756,16097.5302734375
2018-12-17 00:00:00,0.99759,0.99824,0.9917,0.99271,68231.96875
2018-12-18 00:00:00,0.99269,0.99369,0.98996,0.99244,80066.390625
2018-12-19 00:00:00,0.99244,0.99556,0.99062,0.99388,137287.828125
2018-12-20 00:00:00,0.99391,0.99522,0.98405,0.98701,151417.296875
2018-12-21 00:00:00,0.98699,0.99566,0.98612,0.9951,138879.484375
2018-12-22 00:00:00,0.9951,0.9951,0.9951,0.9951,0.0
2018-12-23 00:00:00,0.99344,0.9949,0.9928,0.99378,4440.77001953125
2018-12-24 00:00:00,0.99379,0.99513,0.98561,0.986,108414.9296875
2018-12-25 00:00:00,0.98595,0.98765,0.98358,0.98636,3921.530029296875
2018-12-26 00:00:00,0.98635,0.99631,0.98565,0.99435,70437.3125
2018-12-27 00:00:00,0.99439,0.99456,0.98398,0.98709,147663.9375
2018-12-28 00:00:00,0.98711,0.9872,0.979,0.98389,124203.6796875
2018-12-29 00:00:00,0.98389,0.98389,0.98389,0.98389,0.0
2018-12-30 00:00:00,0.98331,0.98462,0.98214,0.98365,3769.830078125
2018-12-31 00:00:00,0.98365,0.98744,0.98082,0.98099,101803.34375
2019-01-01 00:00:00,0.9812,0.98226,0.98045,0.98203,3447.6201171875
2019-01-02 00:00:00,0.98203,0.992,0.9796,0.98917,129490.8515625
2019-01-03 00:00:00,0.98915,0.99,0.98459,0.98724,156991.875
2019-01-04 00:00:00,0.98725,0.99078,0.98528,0.98616,140504.734375
2019-01-05 00:00:00,0.98616,0.98616,0.98616,0.98616,0.0
2019-01-06 00:00:00,0.98649,0.98714,0.98492,0.98577,4302.2099609375
2019-01-07 00:00:00,0.98576,0.98582,0.97874,0.97923,108634.15625
2019-01-08 00:00:00,0.97924,0.98341,0.97891,0.98066,111385.7265625
2019-01-09 00:00:00,0.98066,0.98174,0.9732,0.97355,144072.6875
2019-01-10 00:00:00,0.97356,0.98483,0.97158,0.98391,123594.4921875
2019-01-11 00:00:00,0.98389,0.98558,0.98134,0.98381,104807.40625
2019-01-12 00:00:00,0.98381,0.98381,0.98381,0.98381,0.0
2019-01-13 00:00:00,0.98425,0.98474,0.9833,0.98394,2579.830078125
2019-01-14 00:00:00,0.98394,0.98447,0.98001,0.98107,94384.2890625
2019-01-15 00:00:00,0.98112,0.98937,0.98018,0.98724,119496.0234375
2019-01-16 00:00:00,0.98727,0.99098,0.98727,0.99013,94638.703125
2019-01-17 00:00:00,0.99014,0.9954,0.98981,0.99391,98397.140625
2019-01-18 00:00:00,0.99392,0.99588,0.99319,0.99513,85382.4296875
2019-01-19 00:00:00,0.99513,0.99513,0.99513,0.99513,0.0
2019-01-20 00:00:00,0.99375,0.99553,0.99334,0.99545,4646.93017578125
2019-01-21 00:00:00,0.99546,0.99875,0.99466,0.99741,68205.0390625
2019-01-22 00:00:00,0.99741,0.99857,0.99608,0.99707,94432.1484375
2019-01-23 00:00:00,0.99712,0.99897,0.994,0.99453,107427.421875
2019-01-24 00:00:00,0.99453,0.99764,0.99342,0.99556,150538.234375
2019-01-25 00:00:00,0.99557,0.99741,0.99219,0.99306,126485.3515625
2019-01-26 00:00:00,0.99306,0.99306,0.99306,0.99306,0.0
2019-01-27 00:00:00,0.99296,0.99327,0.9924,0.99261,2728.89990234375
2019-01-28 00:00:00,0.99262,0.9933,0.99051,0.99162,95271.7265625
2019-01-29 00:00:00,0.99161,0.99568,0.99073,0.99466,128803.7734375
2019-01-30 00:00:00,0.99466,0.99946,0.99317,0.99372,142002.375
2019-01-31 00:00:00,0.99372,0.99525,0.99075,0.99391,138283.6875
2019-02-01 00:00:00,0.99392,0.99628,0.99216,0.99517,130177.8203125
2019-02-02 00:00:00,0.99517,0.99517,0.99517,0.99517,0.0
2019-02-03 00:00:00,0.99483,0.99575,0.99446,0.9955,4460.3701171875
2019-02-04 00:00:00,0.99549,0.99939,0.99507,0.99792,102124.2578125
2019-02-05 00:00:00,0.99793,1.00202,0.99779,0.99968,101761.3984375
2019-02-06 00:00:00,0.99968,1.00262,0.9985,1.00224,102950.2109375
2019-02-07 00:00:00,1.0023,1.00283,1.0,1.0024,113973.4765625
2019-02-08 00:00:00,1.00238,1.00272,0.99955,0.99992,90338.90625
2019-02-09 00:00:00,0.99992,0.99992,0.99992,0.99992,0.0
2019-02-10 00:00:00,0.99988,1.00988,0.99886,0.99933,5395.75
2019-02-11 00:00:00,0.99933,1.00531,0.9993,1.00406,98696.4609375
2019-02-12 00:00:00,1.00407,1.00923,1.00391,1.00608,99384.109375
2019-02-13 00:00:00,1.00609,1.00959,1.00432,1.0089,99900.3828125
2019-02-14 00:00:00,1.0089,1.00979,1.00445,1.00494,121194.5703125
2019-02-15 00:00:00,1.00494,1.00893,1.00446,1.00481,102754.5703125
2019-02-16 00:00:00,1.00481,1.00481,1.00481,1.00481,0.0
2019-02-17 00:00:00,1.00446,1.00515,1.00402,1.00457,1901.3499755859375
2019-02-18 00:00:00,1.00457,1.00503,1.00238,1.00455,70540.7109375
2019-02-19 00:00:00,1.00456,1.00602,1.00016,1.00132,117925.78125
2019-02-20 00:00:00,1.00132,1.00204,0.99811,1.00024,128228.046875
2019-02-21 00:00:00,1.00025,1.00228,0.99945,1.00087,148615.625
2019-02-22 00:00:00,1.00087,1.00242,0.99875,1.00023,122924.40625
2019-02-23 00:00:00,1.00023,1.00023,1.00023,1.00023,0.0
2019-02-24 00:00:00,0.99949,1.00055,0.99938,0.99987,3433.7900390625
2019-02-25 00:00:00,0.99988,1.00113,0.99829,1.00008,111473.2265625
2019-02-26 00:00:00,1.00008,1.00193,0.99874,0.99977,127670.7109375
2019-02-27 00:00:00,0.99977,1.00153,0.99619,1.00053,127384.453125
2019-02-28 00:00:00,1.00056,1.00097,0.99262,0.99721,151123.4375
2019-03-01 00:00:00,0.9972,1.00086,0.99629,0.99882,134618.1875
2019-03-02 00:00:00,0.99882,0.99882,0.99882,0.99882,0.0
2019-03-03 00:00:00,0.99728,0.99872,0.99719,0.99855,17677.439453125
2019-03-04 00:00:00,0.99856,1.00197,0.99815,0.9991,110173.8671875
2019-03-05 00:00:00,0.99909,1.00542,0.99886,1.00445,114203.328125
2019-03-06 00:00:00,1.00445,1.00559,1.00313,1.00425,108197.84375
2019-03-07 00:00:00,1.00427,1.01239,1.00355,1.01089,132851.109375
2019-03-08 00:00:00,1.01089,1.01177,1.00695,1.00784,136677.09375
2019-03-09 00:00:00,1.00784,1.00784,1.00784,1.00784,0.0
2019-03-10 00:00:00,1.00709,1.00806,1.00704,1.00796,592.8499755859375
2019-03-11 00:00:00,1.008,1.01192,1.00695,1.01026,114246.671875
2019-03-12 00:00:00,1.01026,1.01121,1.00629,1.00753,120619.7734375
2019-03-13 00:00:00,1.00752,1.00846,1.00263,1.00335,122933.65625
2019-03-14 00:00:00,1.00335,1.0051,1.00299,1.00354,131245.9375
2019-03-15 00:00:00,1.00353,1.00522,1.00104,1.00198,110432.796875
2019-03-16 00:00:00,1.00198,1.00198,1.00198,1.00198,0.0
2019-03-17 00:00:00,1.00182,1.00246,1.0017,1.00239,3722.6201171875
2019-03-18 00:00:00,1.00239,1.00243,0.99968,1.00114,113722.5625
2019-03-19 00:00:00,1.00115,1.00132,0.99846,0.99885,114637.1875
2019-03-20 00:00:00,0.99889,1.00099,0.98943,0.99103,145663.8125
2019-03-21 00:00:00,0.99103,0.99456,0.99034,0.99195,175295.1875
2019-03-22 00:00:00,0.99194,0.99699,0.99144,0.99317,196664.765625
2019-03-23 00:00:00,0.99317,0.99317,0.99317,0.99317,0.0
2019-03-24 00:00:00,0.99357,0.99442,0.99322,0.99399,1998.2099609375
2019-03-25 00:00:00,0.99399,0.99489,0.99098,0.99229,146410.90625
2019-03-26 00:00:00,0.9923,0.99522,0.99178,0.9939,143319.484375
2019-03-27 00:00:00,0.9939,0.99663,0.9905,0.99467,185013.8125
2019-03-28 00:00:00,0.99468,0.9973,0.99429,0.99488,157897.3125
2019-03-29 00:00:00,0.99489,0.99743,0.99443,0.99503,144767.484375
2019-03-30 00:00:00,0.99503,0.99503,0.99503,0.99503,0.0
2019-03-31 00:00:00,0.99447,0.99533,0.99445,0.99519,3248.830078125
2019-04-01 00:00:00,0.99521,0.99948,0.99303,0.99931,118495.328125
2019-04-02 00:00:00,0.9993,0.99996,0.99715,0.99813,113540.40625
2019-04-03 00:00:00,0.99812,0.99873,0.99533,0.99728,113959.109375
2019-04-04 00:00:00,0.99729,1.00027,0.99716,0.99992,93275.3203125
2019-04-05 00:00:00,0.99992,1.00121,0.9988,1.00011,83349.0390625
2019-04-06 00:00:00,1.00011,1.00011,1.00011,1.00011,0.0
2019-04-07 00:00:00,0.99928,1.00013,0.99928,1.00006,2427.659912109375
2019-04-08 00:00:00,1.00006,1.00028,0.99776,0.9991,94411.9296875
2019-04-09 00:00:00,0.99912,1.00085,0.99799,0.99966,119609.9609375
2019-04-10 00:00:00,0.99967,1.00332,0.99898,1.00223,109812.2890625
2019-04-11 00:00:00,1.00224,1.0046,1.00095,1.00274,93301.1171875
2019-04-12 00:00:00,1.00278,1.00337,0.99968,1.00245,94691.5703125
2019-04-13 00:00:00,1.00245,1.00245,1.00245,1.00245,0.0
2019-04-14 00:00:00,1.0015,1.0026,1.0014,1.00242,9391.259765625
2019-04-15 00:00:00,1.00243,1.00459,1.00089,1.00371,74818.1171875
2019-04-16 00:00:00,1.00372,1.0082,1.00321,1.00759,98562.3671875
2019-04-17 00:00:00,1.00757,1.01094,1.00671,1.01063,86145.5390625
2019-04-18 00:00:00,1.01061,1.0159,1.00925,1.01492,89045.7109375
2019-04-19 00:00:00,1.01492,1.01528,1.01297,1.01424,55068.51171875
2019-04-20 00:00:00,1.01424,1.01424,1.01424,1.01424,0.0
2019-04-21 00:00:00,1.01313,1.01482,1.01312,1.01436,2258.949951171875
2019-04-22 00:00:00,1.01438,1.01606,1.01436,1.0154,30312.0390625
2019-04-23 00:00:00,1.01539,1.02301,1.01538,1.02016,82653.1484375
2019-04-24 00:00:00,1.02016,1.02194,1.01686,1.02034,96493.7890625
2019-04-25 00:00:00,1.02034,1.02276,1.0193,1.02,87656.46875
2019-04-26 00:00:00,1.02002,1.02363,1.01839,1.01952,81753.3203125
2019-04-27 00:00:00,1.01952,1.01952,1.01952,1.01952,0.0
2019-04-28 00:00:00,1.01908,1.01949,1.01875,1.01934,2161.969970703125
2019-04-29 00:00:00,1.01934,1.02156,1.01848,1.01952,65874.8203125
2019-04-30 00:00:00,1.01951,1.02039,1.01737,1.01911,100278.09375
2019-05-01 00:00:00,1.0191,1.01975,1.01265,1.01739,85358.921875
2019-05-02 00:00:00,1.01741,1.02038,1.01724,1.01936,96110.78125
2019-05-03 00:00:00,1.01936,1.02144,1.01603,1.01637,87648.140625
2019-05-04 00:00:00,1.01637,1.01637,1.01637,1.01637,0.0
2019-05-05 00:00:00,1.01527,1.01693,1.01527,1.01643,7627.1298828125
2019-05-06 00:00:00,1.01644,1.01961,1.01511,1.01734,77432.3671875
2019-05-07 00:00:00,1.01737,1.02259,1.01604,1.01962,90442.5703125
2019-05-08 00:00:00,1.01963,1.02095,1.01687,1.02033,98978.9375
2019-05-09 00:00:00,1.02033,1.02092,1.01236,1.01541,100771.453125
2019-05-10 00:00:00,1.01543,1.01581,1.01008,1.01155,103114.578125
2019-05-11 00:00:00,1.01155,1.01155,1.01155,1.01155,0.0
2019-05-12 00:00:00,1.01114,1.01277,1.00865,1.01048,4816.4501953125
2019-05-13 00:00:00,1.01049,1.01133,1.00497,1.00541,84910.6171875
2019-05-14 00:00:00,1.0054,1.00956,1.0054,1.00877,72087.5078125
2019-05-15 00:00:00,1.00877,1.00967,1.00553,1.00817,70521.3828125
2019-05-16 00:00:00,1.00817,1.0107,1.00734,1.01006,60052.921875
2019-05-17 00:00:00,1.01005,1.01211,1.00847,1.01085,66397.8671875
2019-05-18 00:00:00,1.01085,1.01085,1.01085,1.01085,0.0
2019-05-19 00:00:00,1.00986,1.01097,1.00986,1.01066,3036.5400390625
2019-05-20 00:00:00,1.01067,1.01205,1.00803,1.00856,54288.96875
2019-05-21 00:00:00,1.00857,1.01196,1.00856,1.01098,66754.0078125
2019-05-22 00:00:00,1.01098,1.0119,1.00662,1.00903,62262.48828125
2019-05-23 00:00:00,1.00903,1.00984,1.00233,1.003,91528.4296875
2019-05-24 00:00:00,1.003,1.00419,1.0008,1.00158,65711.6015625
2019-05-25 00:00:00,1.00158,1.00158,1.00158,1.00158,0.0
2019-05-26 00:00:00,1.0009,1.00199,1.00083,1.00196,2309.080078125
2019-05-27 00:00:00,1.00197,1.00626,1.00165,1.00398,32396.380859375
2019-05-28 00:00:00,1.00398,1.00978,1.0034,1.00702,74003.09375
2019-05-29 00:00:00,1.00702,1.00859,1.00495,1.00831,80763.828125
2019-05-30 00:00:00,1.00834,1.00977,1.00684,1.00694,62630.2890625
2019-05-31 00:00:00,1.00697,1.00701,1.00006,1.00053,104819.921875
2019-06-01 00:00:00,1.00053,1.00053,1.00053,1.00053,0.0
2019-06-02 00:00:00,1.00067,1.00153,0.99941,0.99961,6043.41015625
2019-06-03 00:00:00,0.99961,0.99996,0.991,0.99261,113448.8828125
2019-06-04 00:00:00,0.99261,0.99558,0.99025,0.99249,98391.09375
2019-06-05 00:00:00,0.99248,0.99503,0.98537,0.99411,112431.09375
2019-06-06 00:00:00,0.99409,0.99605,0.98792,0.99133,131560.859375
2019-06-07 00:00:00,0.99136,0.99498,0.98588,0.98742,98153.609375
2019-06-08 00:00:00,0.98742,0.98742,0.98742,0.98742,0.0
2019-06-09 00:00:00,0.98942,0.99034,0.98859,0.99001,2794.659912109375
2019-06-10 00:00:00,0.99001,0.99199,0.98844,0.98926,75061.03125
2019-06-11 00:00:00,0.98927,0.99361,0.98921,0.99235,92783.6015625
2019-06-12 00:00:00,0.99237,0.99591,0.99023,0.99487,97187.1875
2019-06-13 00:00:00,0.99487,0.99601,0.99177,0.99364,84356.046875
2019-06-14 00:00:00,0.99365,0.99948,0.99253,0.99843,88285.90625
2019-06-15 00:00:00,0.99843,0.99843,0.99843,0.99843,0.0
2019-06-16 00:00:00,0.99815,0.99905,0.99811,0.99884,2786.77001953125
2019-06-17 00:00:00,0.99882,0.99993,0.99655,0.99865,78930.65625
2019-06-18 00:00:00,0.99865,1.00125,0.99652,1.00073,129714.96875
2019-06-19 00:00:00,1.00074,1.00142,0.99159,0.99282,116002.328125
2019-06-20 00:00:00,0.99282,0.99287,0.97917,0.98106,142158.078125
2019-06-21 00:00:00,0.98107,0.98383,0.9756,0.97623,132737.640625
2019-06-22 00:00:00,0.97623,0.97623,0.97623,0.97623,0.0
2019-06-23 00:00:00,0.97598,0.97669,0.97512,0.97554,3837.8798828125
2019-06-24 00:00:00,0.97554,0.97829,0.97099,0.9721,92639.75
2019-06-25 00:00:00,0.97211,0.97768,0.96934,0.97482,139229.90625
2019-06-26 00:00:00,0.97483,0.97847,0.97431,0.97751,109935.2109375
2019-06-27 00:00:00,0.97751,0.98137,0.9759,0.97667,86135.65625
2019-06-28 00:00:00,0.97666,0.97739,0.9738,0.97596,84726.0078125
2019-06-29 00:00:00,0.97596,0.97596,0.97596,0.97596,0.0
2019-06-30 00:00:00,0.97853,0.97966,0.97802,0.97961,3295.169921875
2019-07-01 00:00:00,0.97962,0.98838,0.97883,0.98731,94733.9765625
2019-07-02 00:00:00,0.98732,0.98887,0.98353,0.98538,77740.9609375
2019-07-03 00:00:00,0.98538,0.98727,0.98341,0.98565,85966.7109375
2019-07-04 00:00:00,0.98568,0.98697,0.984,0.98478,38923.21875
2019-07-05 00:00:00,0.98478,0.99318,0.98475,0.99147,85362.6328125
2019-07-06 00:00:00,0.99147,0.99147,0.99147,0.99147,0.0
2019-07-07 00:00:00,0.99149,0.99173,0.99088,0.9913,1676.3599853515625
2019-07-08 00:00:00,0.99131,0.99467,0.98984,0.99418,78504.703125
2019-07-09 00:00:00,0.99417,0.99513,0.99228,0.99357,63776.3203125
2019-07-10 00:00:00,0.99357,0.99411,0.9878,0.98812,86631.109375
2019-07-11 00:00:00,0.98811,0.99062,0.98453,0.9906,90009.8515625
2019-07-12 00:00:00,0.99059,0.99078,0.98359,0.984,84006.6484375
2019-07-13 00:00:00,0.984,0.984,0.984,0.984,0.0
2019-07-14 00:00:00,0.98377,0.98502,0.98359,0.98431,6567.02978515625
2019-07-15 00:00:00,0.98431,0.98542,0.98171,0.98442,61919.5703125
2019-07-16 00:00:00,0.98442,0.98939,0.98355,0.988,76216.6484375
2019-07-17 00:00:00,0.988,0.99074,0.98641,0.98686,63161.73828125
2019-07-18 00:00:00,0.98686,0.98915,0.98056,0.98266,101086.5078125
2019-07-19 00:00:00,0.98266,0.9847,0.98079,0.98154,90586.90625
2019-07-20 00:00:00,0.98154,0.98154,0.98154,0.98154,0.0
2019-07-21 00:00:00,0.98234,0.98295,0.9812,0.98292,3190.429931640625
2019-07-22 00:00:00,0.98292,0.98404,0.98036,0.98272,72526.0234375
2019-07-23 00:00:00,0.98271,0.9859,0.98221,0.98536,77646.0078125
2019-07-24 00:00:00,0.98536,0.98741,0.98361,0.98466,81569.5703125
2019-07-25 00:00:00,0.98467,0.99174,0.98444,0.99099,99013.546875
2019-07-26 00:00:00,0.991,0.99459,0.98999,0.99322,71356.7890625
2019-07-27 00:00:00,0.99322,0.99322,0.99322,0.99322,0.0
2019-07-28 00:00:00,0.99309,0.99365,0.99237,0.99331,2283.93994140625
2019-07-29 00:00:00,0.99331,0.99336,0.99086,0.9917,62097.578125
2019-07-30 00:00:00,0.9917,0.99219,0.98904,0.98995,87997.609375
2019-07-31 00:00:00,0.98994,0.9949,0.98838,0.9941,134871.296875
2019-08-01 00:00:00,0.9941,0.99752,0.98873,0.98998,166009.234375
2019-08-02 00:00:00,0.98999,0.99026,0.98142,0.98215,185401.203125
2019-08-03 00:00:00,0.98215,0.98215,0.98215,0.98215,0.0
2019-08-04 00:00:00,0.98399,0.98399,0.98211,0.98256,2893.860107421875
2019-08-05 00:00:00,0.98256,0.98277,0.9703,0.97053,166907.71875
2019-08-06 00:00:00,0.97056,0.97921,0.97044,0.97583,142162.90625
2019-08-07 00:00:00,0.97582,0.97969,0.96918,0.97489,179611.140625
2019-08-08 00:00:00,0.97489,0.97865,0.97334,0.974,119262.390625
2019-08-09 00:00:00,0.974,0.97537,0.97088,0.97247,94422.3515625
2019-08-10 00:00:00,0.97247,0.97247,0.97247,0.97247,0.0
2019-08-11 00:00:00,0.97257,0.97298,0.97142,0.97142,4268.1201171875
2019-08-12 00:00:00,0.97144,0.97535,0.96817,0.96919,122767.671875
2019-08-13 00:00:00,0.96918,0.9768,0.96593,0.97612,162910.0
2019-08-14 00:00:00,0.97613,0.977,0.97052,0.97344,160707.953125
2019-08-15 00:00:00,0.97345,0.9776,0.97215,0.97644,218195.1875
2019-08-16 00:00:00,0.97643,0.98089,0.97627,0.97805,114743.15625
2019-08-17 00:00:00,0.97805,0.97805,0.97805,0.97805,0.0
2019-08-18 00:00:00,0.97631,0.9798,0.97603,0.97927,3444.4599609375
2019-08-19 00:00:00,0.97927,0.9821,0.97731,0.9813,71944.4375
2019-08-20 00:00:00,0.9813,0.98157,0.97728,0.97799,84080.0
2019-08-21 00:00:00,0.978,0.98308,0.97799,0.98208,71945.21875
2019-08-22 00:00:00,0.98209,0.98445,0.98134,0.98363,92558.640625
2019-08-23 00:00:00,0.98363,0.98768,0.97352,0.97404,117831.4375
2019-08-24 00:00:00,0.97404,0.97404,0.97404,0.97404,0.0
2019-08-25 00:00:00,0.97245,0.9734,0.97132,0.97282,10477.080078125
2019-08-26 00:00:00,0.97285,0.98161,0.97285,0.97901,169460.953125
2019-08-27 00:00:00,0.97904,0.9837,0.97751,0.98107,114118.8125
2019-08-28 00:00:00,0.98108,0.98283,0.9801,0.98143,114086.0
2019-08-29 00:00:00,0.98143,0.9875,0.98001,0.98596,105784.78125
2019-08-30 00:00:00,0.98597,0.99174,0.98587,0.98928,112399.46875
2019-08-31 00:00:00,0.98928,0.98928,0.98928,0.98928,0.0
2019-09-01 00:00:00,0.98982,0.99051,0.98886,0.9894,3576.5400390625
2019-09-02 00:00:00,0.98939,0.99191,0.98902,0.99057,67186.1796875
2019-09-03 00:00:00,0.99057,0.99287,0.98576,0.98684,117004.828125
2019-09-04 00:00:00,0.98685,0.98843,0.97978,0.98084,99559.046875
2019-09-05 00:00:00,0.98084,0.98731,0.98048,0.98618,118697.0078125
2019-09-06 00:00:00,0.98618,0.99173,0.98563,0.98717,99730.5234375
2019-09-07 00:00:00,0.98717,0.98717,0.98717,0.98717,0.0
2019-09-08 00:00:00,0.98781,0.98843,0.98713,0.9883,7341.2001953125
2019-09-09 00:00:00,0.9883,0.99246,0.98811,0.9924,88241.4609375
2019-09-10 00:00:00,0.99242,0.99313,0.98886,0.99155,87542.2421875
2019-09-11 00:00:00,0.99155,0.99431,0.99121,0.99367,85818.328125
2019-09-12 00:00:00,0.99367,0.99465,0.98801,0.99056,141109.921875
2019-09-13 00:00:00,0.99056,0.99107,0.98539,0.98994,91812.2109375
2019-09-14 00:00:00,0.98994,0.98994,0.98994,0.98994,0.0
2019-09-15 00:00:00,0.98742,0.98791,0.98667,0.98683,3935.239990234375
2019-09-16 00:00:00,0.9868,0.99397,0.98645,0.99294,87450.3203125
2019-09-17 00:00:00,0.99294,0.99683,0.99127,0.9927,95611.15625
2019-09-18 00:00:00,0.9927,0.99833,0.99263,0.99702,89676.046875
2019-09-19 00:00:00,0.99703,0.99832,0.98998,0.99283,110478.7421875
2019-09-20 00:00:00,0.99284,0.99359,0.98892,0.99078,94116.0234375
2019-09-21 00:00:00,0.99078,0.99078,0.99078,0.99078,0.0
2019-09-22 00:00:00,0.99103,0.99217,0.99039,0.99138,3241.89990234375
2019-09-23 00:00:00,0.99139,0.99226,0.989,0.98964,96533.9296875
2019-09-24 00:00:00,0.98966,0.9914,0.98435,0.98615,111854.359375
2019-09-25 00:00:00,0.98616,0.99246,0.98538,0.99113,106401.109375
2019-09-26 00:00:00,0.99114,0.99479,0.99056,0.9933,106673.890625
2019-09-27 00:00:00,0.99331,0.99489,0.98978,0.99058,99995.4609375
2019-09-28 00:00:00,0.99058,0.99058,0.99058,0.99058,0.0
2019-09-29 00:00:00,0.99019,0.99159,0.99019,0.99106,1669.199951171875
2019-09-30 00:00:00,0.99107,0.99876,0.99081,0.99757,90464.1171875
2019-10-01 00:00:00,0.99762,1.00164,0.99228,0.99275,119887.8203125
2019-10-02 00:00:00,0.99275,1.0026,0.99207,0.99672,115013.1328125
2019-10-03 00:00:00,0.99672,1.00273,0.99518,0.99818,121020.9765625
2019-10-04 00:00:00,0.99819,1.00075,0.99267,0.99513,107476.5234375
2019-10-05 00:00:00,0.99513,0.99513,0.99513,0.99513,0.0
2019-10-06 00:00:00,0.99479,0.99551,0.99323,0.99389,5502.4599609375
2019-10-07 00:00:00,0.9939,0.99655,0.99263,0.99482,86598.7421875
2019-10-08 00:00:00,0.99482,0.99581,0.99046,0.99248,117887.5
2019-10-09 00:00:00,0.99248,0.99633,0.99155,0.99309,99078.5390625
2019-10-10 00:00:00,0.99316,0.99725,0.99138,0.99606,116363.7734375
2019-10-11 00:00:00,0.99606,0.99903,0.99573,0.99653,123944.359375
2019-10-12 00:00:00,0.99653,0.99653,0.99653,0.99653,0.0
2019-10-13 00:00:00,0.99679,0.9983,0.99528,0.99807,2963.639892578125
2019-10-14 00:00:00,0.99808,0.99813,0.99441,0.99768,66831.1015625
2019-10-15 00:00:00,0.99769,0.99956,0.9963,0.99856,103156.6171875
2019-10-16 00:00:00,0.99856,0.99903,0.99386,0.99438,91911.546875
2019-10-17 00:00:00,0.99439,0.99461,0.98653,0.9875,99269.8984375
2019-10-18 00:00:00,0.9875,0.98912,0.98381,0.98381,75631.8984375
2019-10-19 00:00:00,0.98381,0.98381,0.98381,0.98381,0.0
2019-10-20 00:00:00,0.98406,0.98511,0.984,0.98488,8497.830078125
2019-10-21 00:00:00,0.98489,0.98759,0.98413,0.98602,65398.7890625
2019-10-22 00:00:00,0.98602,0.98966,0.98601,0.98933,77894.40625
2019-10-23 00:00:00,0.98935,0.99143,0.98856,0.99045,72170.7734375
2019-10-24 00:00:00,0.99044,0.99288,0.98909,0.99235,93120.0
2019-10-25 00:00:00,0.99235,0.99546,0.99069,0.99393,61324.19921875
2019-10-26 00:00:00,0.99393,0.99393,0.99393,0.99393,0.0
2019-10-27 00:00:00,0.99455,0.99509,0.9936,0.99435,1871.8900146484375
2019-10-28 00:00:00,0.99435,0.99698,0.99433,0.99477,54349.66015625
2019-10-29 00:00:00,0.9948,0.99647,0.99318,0.99413,63620.3984375
2019-10-30 00:00:00,0.99412,0.99447,0.98873,0.98905,89716.96875
2019-10-31 00:00:00,0.98905,0.98905,0.98592,0.98643,100808.34375
2019-11-01 00:00:00,0.98642,0.98945,0.98507,0.98546,88329.7734375
2019-11-02 00:00:00,0.98546,0.98546,0.98546,0.98546,0.0
2019-11-03 00:00:00,0.98484,0.98602,0.98484,0.98579,2216.949951171875
2019-11-04 00:00:00,0.98579,0.98887,0.98529,0.98838,73348.546875
2019-11-05 00:00:00,0.98838,0.99354,0.98802,0.99258,89725.0390625
2019-11-06 00:00:00,0.99258,0.99398,0.99142,0.9924,70977.25
2019-11-07 00:00:00,0.9924,0.99749,0.99109,0.99471,98124.5078125
2019-11-08 00:00:00,0.99473,0.99786,0.99429,0.99671,68087.1484375
2019-11-09 00:00:00,0.99671,0.99671,0.99671,0.99671,0.0
2019-11-10 00:00:00,0.99683,0.99754,0.99653,0.99714,3696.070068359375
2019-11-11 00:00:00,0.99714,0.99767,0.99285,0.99313,48042.078125
2019-11-12 00:00:00,0.99314,0.99642,0.99218,0.99275,68879.3828125
2019-11-13 00:00:00,0.99275,0.99289,0.98834,0.9897,74401.453125
2019-11-14 00:00:00,0.98972,0.99075,0.98698,0.98876,71601.8203125
2019-11-15 00:00:00,0.98878,0.99107,0.98835,0.98945,54046.390625
2019-11-16 00:00:00,0.98945,0.98945,0.98945,0.98945,0.0
2019-11-17 00:00:00,0.98872,0.98981,0.98871,0.98907,2657.909912109375
2019-11-18 00:00:00,0.98906,0.9914,0.9868,0.98929,62385.9296875
2019-11-19 00:00:00,0.98931,0.99185,0.98901,0.99039,58077.78125
2019-11-20 00:00:00,0.99039,0.99369,0.98983,0.99041,78788.3671875
2019-11-21 00:00:00,0.99039,0.99347,0.98902,0.99274,74493.2734375
2019-11-22 00:00:00,0.99274,0.99799,0.99273,0.99677,79475.890625
2019-11-23 00:00:00,0.99677,0.99677,0.99677,0.99677,0.0
2019-11-24 00:00:00,0.99769,0.99818,0.99748,0.99769,1162.699951171875
2019-11-25 00:00:00,0.99764,0.99853,0.99596,0.99677,58690.6796875
2019-11-26 00:00:00,0.99679,0.99862,0.99621,0.99759,59132.94921875
2019-11-27 00:00:00,0.99759,1.00001,0.99739,0.99859,65546.1796875
2019-11-28 00:00:00,0.99858,0.99956,0.99801,0.99849,34857.55859375
2019-11-29 00:00:00,0.99848,1.00231,0.99818,0.99955,62882.9609375
2019-11-30 00:00:00,0.99955,0.99955,0.99955,0.99955,0.0
2019-12-01 00:00:00,0.99978,1.00036,0.99977,1.00014,1784.1500244140625
2019-12-02 00:00:00,1.00016,1.00082,0.99102,0.99145,63549.83984375
2019-12-03 00:00:00,0.99147,0.99261,0.98571,0.98733,83373.9765625
2019-12-04 00:00:00,0.98732,0.98994,0.98552,0.98825,82717.8203125
2019-12-05 00:00:00,0.98825,0.9895,0.98667,0.98721,63661.23828125
2019-12-06 00:00:00,0.98721,0.99175,0.98643,0.99007,57592.41015625
2019-12-07 00:00:00,0.99007,0.99007,0.99007,0.99007,0.0
2019-12-08 00:00:00,0.98973,0.99076,0.98967,0.9906,4448.35009765625
2019-12-09 00:00:00,0.9906,0.991,0.98752,0.98785,47188.3515625
2019-12-10 00:00:00,0.98785,0.98821,0.98335,0.98452,64873.7109375
2019-12-11 00:00:00,0.98452,0.98633,0.9814,0.98247,69678.25
2019-12-12 00:00:00,0.98247,0.98759,0.98082,0.98505,102138.8515625
2019-12-13 00:00:00,0.98504,0.98626,0.98053,0.98353,108948.5625
2019-12-14 00:00:00,0.98353,0.98353,0.98353,0.98353,0.0
2019-12-15 00:00:00,0.98326,0.98405,0.9829,0.98391,4796.06005859375
2019-12-16 00:00:00,0.98392,0.98468,0.98183,0.98324,56057.01953125
2019-12-17 00:00:00,0.98323,0.98438,0.97954,0.97987,63345.890625
2019-12-18 00:00:00,0.97989,0.98207,0.9795,0.98009,60832.73046875
2019-12-19 00:00:00,0.98008,0.98121,0.97701,0.97829,63459.7109375
2019-12-20 00:00:00,0.97829,0.98324,0.97813,0.98251,51384.3203125
2019-12-21 00:00:00,0.98251,0.98251,0.98251,0.98251,0.0
2019-12-22 00:00:00,0.98053,0.98264,0.98002,0.9822,1724.8699951171875
2019-12-23 00:00:00,0.98225,0.98275,0.98008,0.98147,47131.0390625
2019-12-24 00:00:00,0.98146,0.98313,0.97927,0.98001,35022.80859375
2019-12-25 00:00:00,0.98001,0.98138,0.97933,0.97968,2899.409912109375
2019-12-26 00:00:00,0.97968,0.98183,0.97968,0.98142,20946.3203125
2019-12-27 00:00:00,0.98142,0.98151,0.97297,0.9741,56638.51953125
2019-12-28 00:00:00,0.9741,0.9741,0.9741,0.9741,0.0
2019-12-29 00:00:00,0.97408,0.9759,0.97324,0.9738,2027.6700439453125
2019-12-30 00:00:00,0.97381,0.97406,0.96736,0.96862,58967.16015625
2019-12-31 00:00:00,0.96862,0.96973,0.96459,0.96695,55459.28125
2020-01-01 00:00:00,0.96645,0.96831,0.96512,0.96772,933.739990234375
2020-01-02 00:00:00,0.96772,0.97329,0.96766,0.97141,101920.6015625
2020-01-03 00:00:00,0.97139,0.97436,0.96877,0.97222,76104.71875
2020-01-04 00:00:00,0.97222,0.97222,0.97222,0.97222,0.0
2020-01-05 00:00:00,0.97003,0.97153,0.97002,0.97152,4713.169921875
2020-01-06 00:00:00,0.97152,0.97161,0.96757,0.96851,69252.0
2020-01-07 00:00:00,0.96851,0.97294,0.96829,0.96872,75662.3984375
2020-01-08 00:00:00,0.96873,0.97394,0.96647,0.97325,121035.78125
2020-01-09 00:00:00,0.97325,0.97479,0.97111,0.97314,71334.3125
2020-01-10 00:00:00,0.97314,0.97621,0.97197,0.97234,55657.98828125
2020-01-11 00:00:00,0.97234,0.97234,0.97234,0.97234,0.0
2020-01-12 00:00:00,0.97263,0.97363,0.97175,0.97316,4802.3701171875
2020-01-13 00:00:00,0.97317,0.9736,0.96929,0.97088,50369.1015625
2020-01-14 00:00:00,0.97088,0.9713,0.96652,0.9671,70224.34375
2020-01-15 00:00:00,0.96711,0.96801,0.96301,0.96369,63223.1484375
2020-01-16 00:00:00,0.96371,0.96533,0.96127,0.96496,56628.69140625
2020-01-17 00:00:00,0.96496,0.96952,0.96449,0.96745,60819.23046875
2020-01-18 00:00:00,0.96745,0.96745,0.96745,0.96745,0.0
2020-01-19 00:00:00,0.96722,0.96821,0.9672,0.96813,4201.64013671875
2020-01-20 00:00:00,0.96813,0.96991,0.96757,0.96836,43208.58984375
2020-01-21 00:00:00,0.96836,0.969,0.96609,0.96881,58788.44921875
2020-01-22 00:00:00,0.96881,0.97291,0.96731,0.96736,62584.30078125
2020-01-23 00:00:00,0.96738,0.97034,0.96684,0.96955,73249.78125
2020-01-24 00:00:00,0.96955,0.97178,0.96917,0.97102,56336.578125
2020-01-25 00:00:00,0.97102,0.97102,0.97102,0.97102,0.0
2020-01-26 00:00:00,0.97033,0.97078,0.96906,0.97005,12439.6396484375
2020-01-27 00:00:00,0.97006,0.97189,0.96815,0.96986,70766.40625
2020-01-28 00:00:00,0.96986,0.97411,0.96782,0.97287,51776.4609375
2020-01-29 00:00:00,0.97288,0.97663,0.97262,0.97318,58177.62109375
2020-01-30 00:00:00,0.97318,0.97329,0.96795,0.96945,78042.4765625
2020-01-31 00:00:00,0.96943,0.97129,0.96271,0.96271,85476.453125
2020-02-01 00:00:00,0.96271,0.96271,0.96271,0.96271,0.0
2020-02-02 00:00:00,0.96335,0.96388,0.96291,0.96337,5047.56005859375
2020-02-03 00:00:00,0.96338,0.96721,0.96294,0.96579,91814.7578125
2020-02-04 00:00:00,0.96579,0.9704,0.96562,0.96925,73829.96875
2020-02-05 00:00:00,0.96925,0.97473,0.96777,0.9734,80597.9296875
2020-02-06 00:00:00,0.9734,0.97563,0.97309,0.97464,66663.921875
2020-02-07 00:00:00,0.97461,0.97809,0.97391,0.97742,85113.1796875
2020-02-08 00:00:00,0.97742,0.97742,0.97742,0.97742,0.0
2020-02-09 00:00:00,0.97614,0.97779,0.97614,0.97659,7897.68017578125
2020-02-10 00:00:00,0.97659,0.97834,0.97634,0.97736,87514.1171875
2020-02-11 00:00:00,0.97735,0.97887,0.97483,0.9757,70328.2890625
2020-02-12 00:00:00,0.97574,0.97866,0.97407,0.97763,198550.046875
2020-02-13 00:00:00,0.97763,0.97953,0.97603,0.979,250897.484375
2020-02-14 00:00:00,0.97903,0.98219,0.97902,0.98205,138384.6875
2020-02-15 00:00:00,0.98205,0.98205,0.98205,0.98205,0.0
2020-02-16 00:00:00,0.98133,0.9821,0.98111,0.98168,2514.719970703125
2020-02-17 00:00:00,0.98168,0.98266,0.98045,0.98071,40610.3984375
2020-02-18 00:00:00,0.98071,0.98389,0.97962,0.98316,68723.7734375
2020-02-19 00:00:00,0.98319,0.98443,0.98257,0.98363,64763.62890625
2020-02-20 00:00:00,0.98363,0.98484,0.9815,0.98377,71565.4296875
2020-02-21 00:00:00,0.98377,0.984,0.97706,0.97814,80535.2109375
2020-02-22 00:00:00,0.97814,0.97814,0.97814,0.97814,0.0
2020-02-23 00:00:00,0.98057,0.98057,0.97829,0.97886,5700.16015625
2020-02-24 00:00:00,0.97882,0.98157,0.97648,0.97988,112259.3203125
2020-02-25 00:00:00,0.97988,0.98044,0.97507,0.97608,121023.2734375
2020-02-26 00:00:00,0.97611,0.97785,0.97282,0.97642,122319.9296875
2020-02-27 00:00:00,0.97642,0.97647,0.96737,0.96877,138246.390625
2020-02-28 00:00:00,0.96877,0.96955,0.961,0.96437,183098.90625
2020-02-29 00:00:00,0.96437,0.96437,0.96437,0.96437,0.0
2020-03-01 00:00:00,0.96307,0.96419,0.96194,0.9639,6596.419921875
2020-03-02 00:00:00,0.96389,0.96546,0.95434,0.95831,160876.390625
2020-03-03 00:00:00,0.95832,0.95966,0.9515,0.95572,178398.59375
2020-03-04 00:00:00,0.95571,0.95968,0.95322,0.95664,106641.046875
2020-03-05 00:00:00,0.95658,0.95714,0.94462,0.94586,113207.359375
2020-03-06 00:00:00,0.94586,0.94663,0.9318,0.93698,212927.1875
2020-03-07 00:00:00,0.93698,0.93698,0.93698,0.93698,0.0
2020-03-08 00:00:00,0.93149,0.93357,0.92658,0.92727,16181.2001953125
2020-03-09 00:00:00,0.92732,0.93189,0.91821,0.92832,219193.703125
2020-03-10 00:00:00,0.92837,0.94107,0.92661,0.93686,237976.1875
2020-03-11 00:00:00,0.93685,0.94016,0.93242,0.93896,181059.015625
2020-03-12 00:00:00,0.93896,0.95513,0.93207,0.94435,262653.21875
2020-03-13 00:00:00,0.94435,0.95691,0.9422,0.95009,296890.4375
2020-03-14 00:00:00,0.95009,0.95009,0.95009,0.95009,0.0
2020-03-15 00:00:00,0.95164,0.95183,0.94405,0.94635,47888.73046875
2020-03-16 00:00:00,0.94635,0.95249,0.93915,0.94734,367440.0625
2020-03-17 00:00:00,0.94733,0.96484,0.94729,0.95968,343829.875
2020-03-18 00:00:00,0.9597,0.97502,0.9566,0.9676,343154.65625
2020-03-19 00:00:00,0.9676,0.98887,0.9649,0.98863,356628.46875
2020-03-20 00:00:00,0.98865,0.99006,0.9743,0.98523,388633.46875
2020-03-21 00:00:00,0.98523,0.98523,0.98523,0.98523,0.0
2020-03-22 00:00:00,0.98471,0.9901,0.9834,0.9852,19771.98046875
2020-03-23 00:00:00,0.9852,0.98877,0.97894,0.98175,379790.75
2020-03-24 00:00:00,0.98175,0.98453,0.9718,0.98041,299742.0625
2020-03-25 00:00:00,0.9804,0.98335,0.97445,0.97617,260150.609375
2020-03-26 00:00:00,0.97618,0.97718,0.96028,0.96164,275873.90625
2020-03-27 00:00:00,0.96158,0.96548,0.94975,0.95005,252229.921875
2020-03-28 00:00:00,0.95005,0.95005,0.95005,0.95005,0.0
2020-03-29 00:00:00,0.95091,0.95375,0.95014,0.95048,6963.3798828125
2020-03-30 00:00:00,0.95048,0.96104,0.95044,0.9599,183574.875
2020-03-31 00:00:00,0.95989,0.96851,0.9592,0.9615,222750.921875
2020-04-01 00:00:00,0.9615,0.96908,0.96023,0.96633,172837.671875
2020-04-02 00:00:00,0.96632,0.975,0.96575,0.97434,168236.40625
2020-04-03 00:00:00,0.97434,0.97952,0.97307,0.9755,136990.046875
2020-04-04 00:00:00,0.9755,0.9755,0.9755,0.9755,0.0
2020-04-05 00:00:00,0.97623,0.97745,0.97452,0.97722,6638.9599609375
2020-04-06 00:00:00,0.97725,0.97971,0.97605,0.97824,151959.359375
2020-04-07 00:00:00,0.97824,0.9787,0.96851,0.96924,146184.375
2020-04-08 00:00:00,0.96926,0.97432,0.96893,0.97186,115442.2421875
2020-04-09 00:00:00,0.97188,0.97339,0.96477,0.96692,154253.765625
2020-04-10 00:00:00,0.96692,0.96751,0.96391,0.96489,80674.2265625
2020-04-11 00:00:00,0.96489,0.96489,0.96489,0.96489,0.0
2020-04-12 00:00:00,0.96422,0.96593,0.96417,0.96589,3114.969970703125
2020-04-13 00:00:00,0.96589,0.96867,0.96293,0.96671,80103.8515625
2020-04-14 00:00:00,0.96671,0.96697,0.9593,0.96003,109552.5078125
2020-04-15 00:00:00,0.96003,0.97002,0.95981,0.96511,117304.828125
2020-04-16 00:00:00,0.96511,0.97152,0.96459,0.96908,142751.984375
2020-04-17 00:00:00,0.96911,0.97235,0.96558,0.96633,119179.1484375
2020-04-18 00:00:00,0.96633,0.96633,0.96633,0.96633,0.0
2020-04-19 00:00:00,0.96729,0.96808,0.96651,0.96804,7207.580078125
2020-04-20 00:00:00,0.96805,0.97001,0.96552,0.96799,102088.859375
2020-04-21 00:00:00,0.96797,0.97275,0.96699,0.96975,121565.2578125
2020-04-22 00:00:00,0.96975,0.97314,0.96681,0.97285,96245.5390625
2020-04-23 00:00:00,0.97284,0.97722,0.97051,0.97627,137488.75
2020-04-24 00:00:00,0.97628,0.98023,0.97247,0.97253,97362.3125
2020-04-25 00:00:00,0.97253,0.97253,0.97253,0.97253,0.0
2020-04-26 00:00:00,0.97247,0.97392,0.97246,0.97354,2481.580078125
2020-04-27 00:00:00,0.97354,0.97665,0.9712,0.97586,95478.5703125
2020-04-28 00:00:00,0.97586,0.97999,0.97202,0.97375,98866.0703125
2020-04-29 00:00:00,0.97374,0.97674,0.97121,0.97389,83146.1796875
2020-04-30 00:00:00,0.9739,0.9759,0.96384,0.96642,125308.7109375
2020-05-01 00:00:00,0.96646,0.96689,0.95882,0.96105,71757.0390625
2020-05-02 00:00:00,0.96105,0.96105,0.96105,0.96105,0.0
2020-05-03 00:00:00,0.9619,0.96334,0.96169,0.96248,4662.22998046875
2020-05-04 00:00:00,0.96248,0.96626,0.96248,0.96564,82726.2109375
2020-05-05 00:00:00,0.96564,0.97345,0.96456,0.97255,85868.9296875
2020-05-06 00:00:00,0.97256,0.97585,0.97207,0.97529,125616.4609375
2020-05-07 00:00:00,0.97529,0.97839,0.97251,0.97295,95807.671875
2020-05-08 00:00:00,0.97297,0.97321,0.96808,0.97034,69687.1171875
2020-05-09 00:00:00,0.97034,0.97034,0.97034,0.97034,0.0
2020-05-10 00:00:00,0.97084,0.97244,0.97084,0.97118,5391.66015625
2020-05-11 00:00:00,0.97116,0.97364,0.97,0.97285,70087.3203125
2020-05-12 00:00:00,0.97285,0.97496,0.96645,0.96988,86961.2734375
2020-05-13 00:00:00,0.96989,0.97257,0.96651,0.97193,101586.109375
2020-05-14 00:00:00,0.97194,0.97549,0.9713,0.97319,97434.171875
2020-05-15 00:00:00,0.97319,0.97442,0.96978,0.97129,85670.640625
2020-05-16 00:00:00,0.97129,0.97129,0.97129,0.97129,0.0
2020-05-17 00:00:00,0.97227,0.97227,0.97118,0.97195,2927.719970703125
2020-05-18 00:00:00,0.97197,0.97606,0.96764,0.97174,91255.46875
2020-05-19 00:00:00,0.97174,0.97284,0.96983,0.97114,85623.3671875
2020-05-20 00:00:00,0.97114,0.97114,0.96379,0.96487,74780.96875
2020-05-21 00:00:00,0.96488,0.97125,0.96488,0.97068,88377.9296875
2020-05-22 00:00:00,0.9707,0.9733,0.96967,0.97095,63656.421875
2020-05-23 00:00:00,0.97095,0.97095,0.97095,0.97095,0.0
2020-05-24 00:00:00,0.97128,0.97192,0.97116,0.97121,3236.7099609375
2020-05-25 00:00:00,0.97121,0.9736,0.97041,0.97137,50267.4609375
2020-05-26 00:00:00,0.97136,0.97177,0.96463,0.96545,79686.671875
2020-05-27 00:00:00,0.96546,0.97282,0.96544,0.968,122782.890625
2020-05-28 00:00:00,0.968,0.97189,0.963,0.96425,99621.796875
2020-05-29 00:00:00,0.96425,0.965,0.96014,0.96048,120049.0
2020-05-30 00:00:00,0.96048,0.96048,0.96048,0.96048,0.0
2020-05-31 00:00:00,0.96054,0.96167,0.96041,0.96066,4201.83984375
2020-06-01 00:00:00,0.96065,0.96247,0.95783,0.96113,106902.828125
2020-06-02 00:00:00,0.96115,0.96373,0.95729,0.96172,116848.6484375
2020-06-03 00:00:00,0.96172,0.96476,0.96062,0.96145,121834.5
2020-06-04 00:00:00,0.96145,0.96236,0.95434,0.9556,120654.9296875
2020-06-05 00:00:00,0.9556,0.96503,0.95414,0.96214,119913.390625
2020-06-06 00:00:00,0.96214,0.96214,0.96214,0.96214,0.0
2020-06-07 00:00:00,0.96068,0.96263,0.95986,0.96142,3174.9599609375
2020-06-08 00:00:00,0.96142,0.96392,0.95552,0.95765,87151.59375
2020-06-09 00:00:00,0.95765,0.95851,0.94821,0.9511,92186.5234375
2020-06-10 00:00:00,0.9511,0.95142,0.94246,0.94367,110003.2421875
2020-06-11 00:00:00,0.94365,0.94602,0.93757,0.94412,121953.8203125
2020-06-12 00:00:00,0.94417,0.9553,0.94373,0.95226,108631.78125
2020-06-13 00:00:00,0.95226,0.95226,0.95226,0.95226,0.0
2020-06-14 00:00:00,0.95359,0.95359,0.95077,0.95139,6711.22998046875
2020-06-15 00:00:00,0.95138,0.95465,0.94797,0.94911,97065.703125
2020-06-16 00:00:00,0.94911,0.95227,0.94633,0.95126,108501.9375
2020-06-17 00:00:00,0.95127,0.95287,0.94809,0.9487,86321.203125
2020-06-18 00:00:00,0.94871,0.95249,0.9482,0.95177,82499.5625
2020-06-19 00:00:00,0.95179,0.95303,0.94875,0.95216,70433.46875
2020-06-20 00:00:00,0.95216,0.95216,0.95216,0.95216,0.0
2020-06-21 00:00:00,0.9513,0.95267,0.95018,0.95239,2657.0
2020-06-22 00:00:00,0.95239,0.95245,0.94648,0.94686,62692.1015625
2020-06-23 00:00:00,0.94685,0.94929,0.942,0.94449,81521.21875
2020-06-24 00:00:00,0.94449,0.94857,0.94328,0.94817,75750.34375
2020-06-25 00:00:00,0.94816,0.95077,0.94756,0.94839,78875.6796875
2020-06-26 00:00:00,0.94838,0.94994,0.94671,0.94785,63025.8515625
2020-06-27 00:00:00,0.94785,0.94785,0.94785,0.94785,0.0
2020-06-28 00:00:00,0.94781,0.94811,0.9469,0.94797,2267.18994140625
2020-06-29 00:00:00,0.94797,0.95247,0.94413,0.95104,61944.12109375
2020-06-30 00:00:00,0.95103,0.95323,0.9461,0.94713,75164.1015625
2020-07-01 00:00:00,0.94718,0.94936,0.94445,0.94574,73533.171875
2020-07-02 00:00:00,0.94575,0.94649,0.94262,0.94556,63411.94140625
2020-07-03 00:00:00,0.94556,0.94702,0.94337,0.94387,58476.640625
2020-07-04 00:00:00,0.94387,0.94387,0.94387,0.94387,0.0
2020-07-05 00:00:00,0.94487,0.94526,0.94457,0.94496,1830.550048828125
2020-07-06 00:00:00,0.94497,0.94497,0.93841,0.94185,65405.359375
2020-07-07 00:00:00,0.94183,0.94527,0.94081,0.94247,69527.609375
2020-07-08 00:00:00,0.94248,0.94322,0.93697,0.93827,70208.1484375
2020-07-09 00:00:00,0.93826,0.941,0.9362,0.94032,92461.65625
2020-07-10 00:00:00,0.94029,0.9431,0.93844,0.94105,61070.7890625
2020-07-11 00:00:00,0.94105,0.94105,0.94105,0.94105,0.0
2020-07-12 00:00:00,0.93991,0.94104,0.9399,0.94052,2640.64990234375
2020-07-13 00:00:00,0.94052,0.94375,0.9392,0.94179,97355.2578125
2020-07-14 00:00:00,0.94178,0.94242,0.93797,0.93943,90982.2421875
2020-07-15 00:00:00,0.93942,0.9457,0.93699,0.94394,75306.03125
2020-07-16 00:00:00,0.94394,0.94675,0.9429,0.94535,81708.0703125
2020-07-17 00:00:00,0.94534,0.94584,0.93798,0.93845,51359.53125
2020-07-18 00:00:00,0.93845,0.93845,0.93845,0.93845,0.0
2020-07-19 00:00:00,0.9393,0.94022,0.93809,0.93835,3474.8701171875
2020-07-20 00:00:00,0.93839,0.94098,0.93737,0.93883,68794.5703125
2020-07-21 00:00:00,0.93882,0.9398,0.93209,0.93245,90851.1875
2020-07-22 00:00:00,0.93245,0.93514,0.92863,0.92986,117310.9765625
2020-07-23 00:00:00,0.92986,0.92986,0.92451,0.92534,87046.7890625
2020-07-24 00:00:00,0.92532,0.92604,0.92031,0.92039,93133.8515625
2020-07-25 00:00:00,0.92039,0.92039,0.92039,0.92039,0.0
2020-07-26 00:00:00,0.92066,0.92186,0.91879,0.92104,4985.009765625
2020-07-27 00:00:00,0.92103,0.92299,0.91658,0.91955,94669.4921875
2020-07-28 00:00:00,0.91957,0.92277,0.91549,0.91793,102005.28125
2020-07-29 00:00:00,0.91793,0.91874,0.91168,0.91254,95993.609375
2020-07-30 00:00:00,0.91251,0.9151,0.90779,0.90859,99912.0234375
2020-07-31 00:00:00,0.90859,0.91486,0.90559,0.91307,116087.0234375
2020-08-01 00:00:00,0.91307,0.91307,0.91307,0.91307,0.0
2020-08-02 00:00:00,0.91376,0.91399,0.91245,0.91349,11360.2802734375
2020-08-03 00:00:00,0.91349,0.92416,0.9132,0.91763,101960.9375
2020-08-04 00:00:00,0.91764,0.91879,0.91248,0.91262,78756.296875
2020-08-05 00:00:00,0.91262,0.91348,0.905,0.90806,73331.3828125
2020-08-06 00:00:00,0.90805,0.91287,0.90651,0.90994,97464.8125
2020-08-07 00:00:00,0.90994,0.91578,0.90965,0.9122,96138.7265625
2020-08-08 00:00:00,0.9122,0.9122,0.9122,0.9122,0.0
2020-08-09 00:00:00,0.91193,0.91325,0.91189,0.91277,3493.699951171875
2020-08-10 00:00:00,0.91274,0.91841,0.91217,0.91559,68613.6796875
2020-08-11 00:00:00,0.91558,0.91775,0.91049,0.91747,121657.6796875
2020-08-12 00:00:00,0.91747,0.91976,0.90965,0.91178,104975.6484375
2020-08-13 00:00:00,0.91178,0.91196,0.90818,0.90967,84467.953125
2020-08-14 00:00:00,0.90968,0.91227,0.90866,0.90892,96608.53125
2020-08-15 00:00:00,0.90892,0.90892,0.90892,0.90892,0.0
2020-08-16 00:00:00,0.90896,0.90937,0.90825,0.90874,1729.699951171875
2020-08-17 00:00:00,0.90874,0.90965,0.9051,0.90653,86060.6796875
2020-08-18 00:00:00,0.90656,0.90666,0.90094,0.90274,85863.59375
2020-08-19 00:00:00,0.90275,0.91541,0.90187,0.91474,91354.046875
2020-08-20 00:00:00,0.91474,0.91614,0.90691,0.90702,104442.96875
2020-08-21 00:00:00,0.90699,0.91395,0.90607,0.91146,75428.90625
2020-08-22 00:00:00,0.91146,0.91146,0.91146,0.91146,0.0
2020-08-23 00:00:00,0.911,0.91203,0.90999,0.91198,2770.860107421875
2020-08-24 00:00:00,0.91195,0.91276,0.90742,0.91193,76364.609375
2020-08-25 00:00:00,0.91193,0.91259,0.907,0.90806,77103.4296875
2020-08-26 00:00:00,0.90807,0.91204,0.9071,0.90747,74447.7421875
2020-08-27 00:00:00,0.90746,0.91234,0.90355,0.90917,138886.703125
2020-08-28 00:00:00,0.9092,0.90993,0.90238,0.90404,116527.578125
2020-08-29 00:00:00,0.90404,0.90404,0.90404,0.90404,0.0
2020-08-30 00:00:00,0.90353,0.90476,0.90283,0.90361,4715.81005859375
2020-08-31 00:00:00,0.90362,0.9053,0.89984,0.90404,231819.640625
2020-09-01 00:00:00,0.90403,0.91005,0.89987,0.90939,131436.9375
2020-09-02 00:00:00,0.90936,0.91366,0.90925,0.91132,101041.5625
2020-09-03 00:00:00,0.91133,0.91421,0.90821,0.91003,95083.921875
2020-09-04 00:00:00,0.91003,0.91631,0.90901,0.91321,88968.8515625
2020-09-05 00:00:00,0.91321,0.91321,0.91321,0.91321,0.0
2020-09-06 00:00:00,0.91253,0.91361,0.91239,0.91349,1436.1099853515625
2020-09-07 00:00:00,0.91349,0.91693,0.91203,0.91642,48679.58984375
2020-09-08 00:00:00,0.91641,0.92005,0.91559,0.91807,104131.078125
2020-09-09 00:00:00,0.91807,0.91904,0.9118,0.91219,73911.4609375
2020-09-10 00:00:00,0.91221,0.91222,0.90487,0.91026,96422.9609375
2020-09-11 00:00:00,0.91025,0.91058,0.90791,0.90866,70119.796875
2020-09-12 00:00:00,0.90866,0.90866,0.90866,0.90866,0.0
2020-09-13 00:00:00,0.90875,0.90915,0.9086,0.90891,1956.1700439453125
2020-09-14 00:00:00,0.90891,0.90983,0.90578,0.90839,59683.16015625
2020-09-15 00:00:00,0.90839,0.90886,0.90509,0.90861,64449.91015625
2020-09-16 00:00:00,0.90861,0.91103,0.90545,0.91051,106254.0625
2020-09-17 00:00:00,0.91051,0.91391,0.90796,0.90827,96455.8203125
2020-09-18 00:00:00,0.90827,0.9115,0.90745,0.91137,66144.296875
2020-09-19 00:00:00,0.91137,0.91137,0.91137,0.91137,0.0
2020-09-20 00:00:00,0.91138,0.91139,0.90937,0.91108,2686.0
2020-09-21 00:00:00,0.91109,0.9171,0.90863,0.91532,103611.5625
2020-09-22 00:00:00,0.91533,0.92073,0.91361,0.92008,93213.3203125
2020-09-23 00:00:00,0.92007,0.9245,0.91894,0.92412,88811.421875
2020-09-24 00:00:00,0.92412,0.92798,0.92156,0.92675,94268.671875
2020-09-25 00:00:00,0.92674,0.92961,0.92502,0.92772,73098.25
2020-09-26 00:00:00,0.92772,0.92772,0.92772,0.92772,0.0
2020-09-27 00:00:00,0.92843,0.92892,0.92788,0.9283,2304.489990234375
2020-09-28 00:00:00,0.92831,0.92953,0.92364,0.92381,70816.796875
2020-09-29 00:00:00,0.92382,0.9247,0.91892,0.91943,65298.859375
2020-09-30 00:00:00,0.91942,0.92443,0.91621,0.92086,92748.4375
2020-10-01 00:00:00,0.92086,0.9214,0.91641,0.91891,82702.328125
2020-10-02 00:00:00,0.91891,0.92185,0.91806,0.91992,84485.0625
2020-10-03 00:00:00,0.91992,0.91992,0.91992,0.91992,0.0
2020-10-04 00:00:00,0.9192,0.91997,0.91621,0.91799,6368.72998046875
2020-10-05 00:00:00,0.91802,0.91867,0.91447,0.9151,55791.98828125
2020-10-06 00:00:00,0.91511,0.9182,0.91329,0.91749,63578.5390625
2020-10-07 00:00:00,0.91752,0.91842,0.91591,0.917,54157.6015625
2020-10-08 00:00:00,0.91701,0.91975,0.91567,0.9169,46176.44921875
2020-10-09 00:00:00,0.9169,0.91721,0.90917,0.90936,43578.66015625
2020-10-10 00:00:00,0.90936,0.90936,0.90936,0.90936,0.0
2020-10-11 00:00:00,0.91074,0.91085,0.90994,0.91047,2245.97998046875
2020-10-12 00:00:00,0.91048,0.91235,0.90865,0.90906,42390.87890625
2020-10-13 00:00:00,0.90906,0.91545,0.90891,0.9151,50814.0390625
2020-10-14 00:00:00,0.91513,0.91623,0.9113,0.91337,46361.94140625
2020-10-15 00:00:00,0.91337,0.91553,0.91261,0.91462,60837.640625
2020-10-16 00:00:00,0.91461,0.9162,0.91228,0.91428,61874.140625
2020-10-17 00:00:00,0.91428,0.91428,0.91428,0.91428,0.0
2020-10-18 00:00:00,0.9142,0.91523,0.91407,0.9151,1821.25
2020-10-19 00:00:00,0.9151,0.91652,0.90899,0.91056,52578.05859375
2020-10-20 00:00:00,0.91057,0.91096,0.90549,0.90676,59064.48046875
2020-10-21 00:00:00,0.9068,0.90684,0.90303,0.90592,67418.2109375
2020-10-22 00:00:00,0.90595,0.90802,0.90536,0.90763,60968.23828125
2020-10-23 00:00:00,0.90764,0.9092,0.90339,0.90418,52052.7109375
2020-10-24 00:00:00,0.90418,0.90418,0.90418,0.90418,0.0
2020-10-25 00:00:00,0.90482,0.90518,0.90385,0.90458,4453.1201171875
2020-10-26 00:00:00,0.90459,0.90818,0.90425,0.90801,59469.0
2020-10-27 00:00:00,0.908,0.9099,0.90612,0.9089,54185.1015625
2020-10-28 00:00:00,0.9089,0.91274,0.90846,0.9107,75036.03125
2020-10-29 00:00:00,0.9107,0.91724,0.90887,0.91531,81884.65625
2020-10-30 00:00:00,0.91531,0.91723,0.9138,0.91683,72493.9609375
2020-10-31 00:00:00,0.91683,0.91683,0.91683,0.91683,0.0
2020-11-01 00:00:00,0.91605,0.91728,0.91475,0.91718,1606.1099853515625
2020-11-02 00:00:00,0.91722,0.92073,0.91657,0.91882,58150.51953125
2020-11-03 00:00:00,0.91882,0.91912,0.91057,0.91062,51274.0
2020-11-04 00:00:00,0.91062,0.91961,0.90896,0.9116,140075.015625
2020-11-05 00:00:00,0.91159,0.91256,0.90289,0.90433,87322.03125
2020-11-06 00:00:00,0.90431,0.90561,0.89821,0.8993,98111.171875
2020-11-07 00:00:00,0.8993,0.8993,0.8993,0.8993,0.0
2020-11-08 00:00:00,0.89883,0.90003,0.89838,0.89927,5148.85986328125
2020-11-09 00:00:00,0.89926,0.91426,0.89835,0.91274,124392.4765625
2020-11-10 00:00:00,0.91273,0.91751,0.91149,0.91501,111176.9296875
2020-11-11 00:00:00,0.915,0.91917,0.9138,0.91665,68677.71875
2020-11-12 00:00:00,0.91665,0.91703,0.91311,0.91481,65050.66015625
2020-11-13 00:00:00,0.91483,0.91588,0.91232,0.91232,45792.421875
2020-11-14 00:00:00,0.91232,0.91232,0.91232,0.91232,0.0
2020-11-15 00:00:00,0.91271,0.91305,0.91195,0.91211,1970.7900390625
2020-11-16 00:00:00,0.9121,0.91512,0.90974,0.91234,72310.578125
2020-11-17 00:00:00,0.91234,0.9128,0.90879,0.9113,56642.51953125
2020-11-18 00:00:00,0.91128,0.91226,0.90914,0.91183,64359.05078125
2020-11-19 00:00:00,0.91184,0.91393,0.90995,0.91107,70429.921875
2020-11-20 00:00:00,0.91107,0.9123,0.90913,0.91054,56546.96875
2020-11-21 00:00:00,0.91054,0.91054,0.91054,0.91054,0.0
2020-11-22 00:00:00,0.91051,0.91131,0.91051,0.91061,3377.75
2020-11-23 00:00:00,0.91062,0.91476,0.90758,0.91243,71640.453125
2020-11-24 00:00:00,0.91239,0.91363,0.90975,0.91091,68955.7890625
2020-11-25 00:00:00,0.9109,0.91388,0.90777,0.90818,81960.78125
2020-11-26 00:00:00,0.90816,0.90932,0.90585,0.90649,55493.23046875
2020-11-27 00:00:00,0.90655,0.90825,0.90389,0.90389,59352.87890625
2020-11-28 00:00:00,0.90389,0.90389,0.90389,0.90389,0.0
2020-11-29 00:00:00,0.90391,0.90461,0.90374,0.90414,1668.0899658203125
2020-11-30 00:00:00,0.90414,0.90925,0.90189,0.9082,70603.2421875
2020-12-01 00:00:00,0.9082,0.90835,0.89924,0.89952,69338.6328125
2020-12-02 00:00:00,0.89951,0.9013,0.89421,0.89462,72611.8515625
2020-12-03 00:00:00,0.89462,0.89535,0.88912,0.89086,60686.30078125
2020-12-04 00:00:00,0.89086,0.89228,0.88852,0.89168,60480.91015625
2020-12-05 00:00:00,0.89168,0.89168,0.89168,0.89168,0.0
2020-12-06 00:00:00,0.89064,0.89186,0.89023,0.89185,3846.489990234375
2020-12-07 00:00:00,0.89188,0.89463,0.88752,0.89082,60289.73828125
2020-12-08 00:00:00,0.89085,0.89139,0.88812,0.8887,57151.671875
2020-12-09 00:00:00,0.8887,0.89141,0.88705,0.88946,54178.37109375
2020-12-10 00:00:00,0.88942,0.89012,0.88518,0.88593,69631.6875
2020-12-11 00:00:00,0.88592,0.89089,0.88511,0.88947,56078.671875
2020-12-12 00:00:00,0.88947,0.88947,0.88947,0.88947,0.0
2020-12-13 00:00:00,0.8886,0.88884,0.88795,0.8885,2022.9000244140625
2020-12-14 00:00:00,0.88851,0.88952,0.88499,0.88668,54694.41015625
2020-12-15 00:00:00,0.88667,0.88802,0.885,0.88551,57226.69921875
2020-12-16 00:00:00,0.88553,0.88919,0.88257,0.88535,72897.6484375
2020-12-17 00:00:00,0.88537,0.88577,0.8822,0.88476,57680.73828125
2020-12-18 00:00:00,0.88476,0.88678,0.88235,0.88235,60165.6796875
2020-12-19 00:00:00,0.88235,0.88235,0.88235,0.88235,0.0
2020-12-20 00:00:00,0.88478,0.88581,0.88397,0.88575,1936.719970703125
2020-12-21 00:00:00,0.88575,0.89189,0.88415,0.88556,97522.6484375
2020-12-22 00:00:00,0.88557,0.89045,0.88448,0.88777,68631.34375
2020-12-23 00:00:00,0.88776,0.89108,0.88671,0.88775,73107.46875
2020-12-24 00:00:00,0.88776,0.8918,0.88682,0.8903,48631.44140625
2020-12-25 00:00:00,0.89058,0.89111,0.88853,0.88877,1817.1500244140625
2020-12-26 00:00:00,0.88877,0.88877,0.88877,0.88877,0.0
2020-12-27 00:00:00,0.88908,0.89081,0.88824,0.88955,2005.489990234375
2020-12-28 00:00:00,0.8895,0.89185,0.88758,0.88831,57387.328125
2020-12-29 00:00:00,0.88832,0.8884,0.88302,0.88411,59653.5
2020-12-30 00:00:00,0.88411,0.88544,0.88109,0.88163,66111.65625
2020-12-31 00:00:00,0.88162,0.8858,0.87938,0.88468,61208.46875
2021-01-01 00:00:00,0.88468,0.88468,0.88468,0.88468,0.0
2021-01-02 00:00:00,0.88468,0.88468,0.88468,0.88468,0.0
2021-01-03 00:00:00,0.88301,0.88422,0.8825,0.88314,2768.8798828125
2021-01-04 00:00:00,0.88312,0.88453,0.87842,0.88123,68775.28125
2021-01-05 00:00:00,0.88123,0.88163,0.87755,0.87818,63568.078125
2021-01-06 00:00:00,0.87816,0.88211,0.87572,0.87809,95660.21875
2021-01-07 00:00:00,0.87809,0.88604,0.87742,0.88516,83707.9921875
2021-01-08 00:00:00,0.88516,0.88842,0.8822,0.88495,96566.828125
2021-01-09 00:00:00,0.88495,0.88495,0.88495,0.88495,0.0
2021-01-10 00:00:00,0.88563,0.88783,0.88408,0.88755,3208.699951171875
2021-01-11 00:00:00,0.88756,0.892,0.88683,0.88963,76049.109375
2021-01-12 00:00:00,0.88963,0.89158,0.88604,0.88609,65862.09375
2021-01-13 00:00:00,0.88608,0.8889,0.8849,0.88709,63884.78125
2021-01-14 00:00:00,0.88708,0.8917,0.88555,0.88834,77892.4765625
2021-01-15 00:00:00,0.88837,0.89145,0.8869,0.89037,60455.73046875
2021-01-16 00:00:00,0.89037,0.89037,0.89037,0.89037,0.0
2021-01-17 00:00:00,0.89013,0.89258,0.89013,0.89248,2477.659912109375
2021-01-18 00:00:00,0.89248,0.89249,0.88978,0.89088,51380.37109375
2021-01-19 00:00:00,0.89089,0.89165,0.88638,0.88804,54202.4609375
2021-01-20 00:00:00,0.88802,0.89202,0.88667,0.88934,59071.7109375
2021-01-21 00:00:00,0.88933,0.88991,0.88461,0.88536,60283.12890625
2021-01-22 00:00:00,0.88534,0.88661,0.88381,0.88506,54960.44140625
2021-01-23 00:00:00,0.88506,0.88506,0.88506,0.88506,0.0
2021-01-24 00:00:00,0.88473,0.88568,0.88473,0.88558,2212.090087890625
2021-01-25 00:00:00,0.88555,0.88926,0.88475,0.88803,57656.98828125
2021-01-26 00:00:00,0.88804,0.88956,0.88605,0.8866,52155.98828125
2021-01-27 00:00:00,0.88659,0.89172,0.88611,0.88921,80104.0078125
2021-01-28 00:00:00,0.8892,0.89183,0.88694,0.88855,77251.5078125
2021-01-29 00:00:00,0.88856,0.89114,0.88742,0.89003,82409.1484375
2021-01-30 00:00:00,0.89003,0.89003,0.89003,0.89003,0.0
2021-01-31 00:00:00,0.89005,0.89191,0.88938,0.89146,3029.860107421875
2021-02-01 00:00:00,0.89146,0.89724,0.89056,0.89652,72962.2109375
2021-02-02 00:00:00,0.89652,0.8995,0.89466,0.89792,69396.9296875
2021-02-03 00:00:00,0.89794,0.90024,0.897,0.89841,54708.78125
2021-02-04 00:00:00,0.89841,0.90446,0.89836,0.90401,60184.7109375
2021-02-05 00:00:00,0.90402,0.90455,0.89841,0.89841,65766.5
2021-02-06 00:00:00,0.89841,0.89841,0.89841,0.89841,0.0
2021-02-07 00:00:00,0.89912,0.89956,0.89858,0.89901,3200.320068359375
2021-02-08 00:00:00,0.899,0.90193,0.89783,0.89863,58686.859375
2021-02-09 00:00:00,0.89863,0.89878,0.89193,0.89255,61618.5390625
2021-02-10 00:00:00,0.89254,0.8931,0.889,0.89024,59678.19140625
2021-02-11 00:00:00,0.89024,0.891,0.88918,0.89007,42796.19140625
2021-02-12 00:00:00,0.89007,0.89396,0.88991,0.89102,44343.62109375
2021-02-13 00:00:00,0.89102,0.89102,0.89102,0.89102,0.0
2021-02-14 00:00:00,0.89089,0.8919,0.89088,0.8919,1886.1500244140625
2021-02-15 00:00:00,0.8919,0.89246,0.88948,0.8899,40253.4296875
2021-02-16 00:00:00,0.88991,0.89397,0.8871,0.89356,61521.16015625
2021-02-17 00:00:00,0.89356,0.89918,0.89269,0.89854,77097.6484375
2021-02-18 00:00:00,0.89854,0.89953,0.89566,0.89602,65794.2421875
2021-02-19 00:00:00,0.89602,0.89722,0.89331,0.89612,54602.5
2021-02-20 00:00:00,0.89612,0.89612,0.89612,0.89612,0.0
2021-02-21 00:00:00,0.89625,0.89741,0.89519,0.89683,6350.93017578125
2021-02-22 00:00:00,0.89683,0.90234,0.89479,0.89579,66601.2734375
2021-02-23 00:00:00,0.89577,0.90569,0.89484,0.90532,71486.578125
2021-02-24 00:00:00,0.90532,0.90943,0.90479,0.9067,94302.3515625
2021-02-25 00:00:00,0.90671,0.90812,0.90278,0.9057,113157.140625
2021-02-26 00:00:00,0.9057,0.91015,0.90264,0.90824,112892.65625
2021-02-27 00:00:00,0.90824,0.90824,0.90824,0.90824,0.0
2021-02-28 00:00:00,0.90868,0.90871,0.9073,0.90731,2654.219970703125
2021-03-01 00:00:00,0.9073,0.91592,0.90704,0.91497,94356.6875
2021-03-02 00:00:00,0.91497,0.91934,0.91359,0.9151,83257.5390625
2021-03-03 00:00:00,0.91509,0.92006,0.914,0.92003,83846.78125
2021-03-04 00:00:00,0.92003,0.92977,0.9189,0.92925,114387.1796875
2021-03-05 00:00:00,0.92926,0.93186,0.92573,0.93029,111922.4921875
2021-03-06 00:00:00,0.93029,0.93029,0.93029,0.93029,0.0
2021-03-07 00:00:00,0.92943,0.93091,0.92857,0.9301,4264.14990234375
2021-03-08 00:00:00,0.9301,0.93693,0.92975,0.93612,84382.7578125
2021-03-09 00:00:00,0.93612,0.9375,0.92742,0.92816,92370.921875
2021-03-10 00:00:00,0.92816,0.9323,0.92801,0.92986,83933.4296875
2021-03-11 00:00:00,0.92988,0.93087,0.92303,0.9248,76320.640625
2021-03-12 00:00:00,0.9248,0.93246,0.92459,0.92919,70582.7109375
2021-03-13 00:00:00,0.92919,0.92919,0.92919,0.92919,0.0
2021-03-14 00:00:00,0.92719,0.92966,0.92703,0.92941,9828.3798828125
2021-03-15 00:00:00,0.92941,0.93122,0.92631,0.92768,82687.859375
2021-03-16 00:00:00,0.92768,0.9287,0.92421,0.92494,76973.7265625
2021-03-17 00:00:00,0.92494,0.92956,0.92132,0.9222,99176.1484375
2021-03-18 00:00:00,0.92219,0.93051,0.92186,0.92733,117223.7421875
2021-03-19 00:00:00,0.92733,0.93197,0.92509,0.92843,94187.15625
2021-03-20 00:00:00,0.92843,0.92843,0.92843,0.92843,0.0
2021-03-21 00:00:00,0.93046,0.93101,0.92915,0.93,3516.030029296875
2021-03-22 00:00:00,0.92999,0.9309,0.92222,0.92336,75830.1484375
2021-03-23 00:00:00,0.92337,0.93467,0.92326,0.93443,77790.1328125
2021-03-24 00:00:00,0.93441,0.93693,0.9337,0.93597,70988.09375
2021-03-25 00:00:00,0.93597,0.94015,0.9349,0.93956,72492.8203125
2021-03-26 00:00:00,0.93955,0.94176,0.93821,0.93885,51123.76171875
2021-03-27 00:00:00,0.93885,0.93885,0.93885,0.93885,0.0
2021-03-28 00:00:00,0.93848,0.93967,0.93847,0.93956,2238.75
2021-03-29 00:00:00,0.93955,0.94043,0.93698,0.93896,61886.51171875
2021-03-30 00:00:00,0.93896,0.94385,0.93883,0.9418,73527.4765625
2021-03-31 00:00:00,0.9418,0.94583,0.94034,0.94387,105833.2265625
2021-04-01 00:00:00,0.94389,0.94723,0.94044,0.9421,112420.40625
2021-04-02 00:00:00,0.94213,0.94339,0.94046,0.94176,51827.76953125
2021-04-03 00:00:00,0.94176,0.94176,0.94176,0.94176,0.0
2021-04-04 00:00:00,0.9424,0.94309,0.94202,0.94202,6098.169921875
2021-04-05 00:00:00,0.94204,0.94383,0.93526,0.93603,70332.15625
2021-04-06 00:00:00,0.93604,0.93959,0.93023,0.9308,65017.4609375
2021-04-07 00:00:00,0.9308,0.93146,0.92677,0.92939,62654.5390625
2021-04-08 00:00:00,0.92938,0.9302,0.92318,0.92415,51816.921875
2021-04-09 00:00:00,0.92417,0.92815,0.92322,0.92322,56900.94921875
2021-04-10 00:00:00,0.92322,0.92322,0.92322,0.92322,0.0
2021-04-11 00:00:00,0.92479,0.92564,0.92377,0.92563,2114.639892578125
2021-04-12 00:00:00,0.92564,0.92682,0.92125,0.92236,61236.3984375
2021-04-13 00:00:00,0.9224,0.92594,0.91973,0.92027,76638.0078125
2021-04-14 00:00:00,0.92026,0.92338,0.91864,0.92273,70256.4296875
2021-04-15 00:00:00,0.92272,0.92453,0.92061,0.92195,85324.453125
2021-04-16 00:00:00,0.92196,0.92348,0.91789,0.91972,60637.44140625
2021-04-17 00:00:00,0.91972,0.91972,0.91972,0.91972,0.0
2021-04-18 00:00:00,0.91917,0.92083,0.91881,0.92055,1770.0699462890625
2021-04-19 00:00:00,0.92056,0.92148,0.91283,0.91489,65299.828125
2021-04-20 00:00:00,0.9149,0.91693,0.91347,0.91604,64708.53125
2021-04-21 00:00:00,0.91603,0.91955,0.9153,0.91671,60462.578125
2021-04-22 00:00:00,0.91671,0.91909,0.91433,0.91713,67870.3671875
2021-04-23 00:00:00,0.91713,0.9173,0.91275,0.91348,52499.69140625
2021-04-24 00:00:00,0.91348,0.91348,0.91348,0.91348,0.0
2021-04-25 00:00:00,0.91303,0.91397,0.91303,0.91395,2168.780029296875
2021-04-26 00:00:00,0.91395,0.91657,0.91213,0.91463,60607.76171875
2021-04-27 00:00:00,0.91464,0.91715,0.91231,0.91403,57628.8515625
2021-04-28 00:00:00,0.91404,0.91814,0.90879,0.90891,79699.09375
2021-04-29 00:00:00,0.90895,0.91191,0.90798,0.90892,70459.1171875
2021-04-30 00:00:00,0.90892,0.91399,0.908,0.9129,73502.5625
2021-05-01 00:00:00,0.9129,0.9129,0.9129,0.9129,0.0
2021-05-02 00:00:00,0.91243,0.913,0.91168,0.91287,1890.81005859375
2021-05-03 00:00:00,0.91288,0.91475,0.90927,0.91152,70870.59375
2021-05-04 00:00:00,0.91152,0.91604,0.91141,0.91361,87952.2578125
2021-05-05 00:00:00,0.91362,0.91641,0.9121,0.9131,73557.3828125
2021-05-06 00:00:00,0.9131,0.91446,0.907,0.9076,77358.3203125
2021-05-07 00:00:00,0.9076,0.90933,0.89974,0.89979,90908.109375
2021-05-08 00:00:00,0.89979,0.89979,0.89979,0.89979,0.0
2021-05-09 00:00:00,0.90113,0.90142,0.89999,0.90046,13115.3603515625
2021-05-10 00:00:00,0.90047,0.90188,0.89853,0.90052,84218.34375
2021-05-11 00:00:00,0.90052,0.90406,0.9001,0.90384,78339.09375
2021-05-12 00:00:00,0.90384,0.90936,0.90296,0.90883,104121.7421875
2021-05-13 00:00:00,0.90885,0.90929,0.90485,0.90595,126051.3203125
2021-05-14 00:00:00,0.90598,0.90633,0.90106,0.90122,63465.390625
2021-05-15 00:00:00,0.90122,0.90122,0.90122,0.90122,0.0
2021-05-16 00:00:00,0.90103,0.90172,0.90103,0.90142,1652.030029296875
2021-05-17 00:00:00,0.90143,0.90338,0.90017,0.90333,63005.01953125
2021-05-18 00:00:00,0.90334,0.90347,0.896,0.89752,54332.859375
2021-05-19 00:00:00,0.89753,0.90471,0.89678,0.90403,84216.296875
2021-05-20 00:00:00,0.90403,0.90468,0.89677,0.89753,70933.84375
2021-05-21 00:00:00,0.89753,0.90003,0.89534,0.89748,65412.73046875
2021-05-22 00:00:00,0.89748,0.89748,0.89748,0.89748,0.0
2021-05-23 00:00:00,0.89795,0.89827,0.89722,0.89746,1846.81005859375
2021-05-24 00:00:00,0.89747,0.90024,0.89565,0.89701,63158.44140625
2021-05-25 00:00:00,0.89702,0.89742,0.893,0.89562,81515.3984375
2021-05-26 00:00:00,0.89563,0.89873,0.89415,0.89773,63208.3203125
2021-05-27 00:00:00,0.89775,0.90083,0.89605,0.89706,70079.5625
2021-05-28 00:00:00,0.89704,0.90293,0.89704,0.89975,67550.6875
2021-05-29 00:00:00,0.89975,0.89975,0.89975,0.89975,0.0
2021-05-30 00:00:00,0.89875,0.90015,0.89874,0.90012,5733.1201171875
2021-05-31 00:00:00,0.90011,0.90125,0.89814,0.89839,42712.8203125
2021-06-01 00:00:00,0.89838,0.89983,0.89465,0.89707,53071.46875
2021-06-02 00:00:00,0.89709,0.90241,0.89666,0.8982,66290.796875
2021-06-03 00:00:00,0.89819,0.90515,0.89787,0.90347,52560.76171875
2021-06-04 00:00:00,0.90348,0.90534,0.89819,0.89829,54109.53125
2021-06-05 00:00:00,0.89829,0.89829,0.89829,0.89829,0.0
2021-06-06 00:00:00,0.89911,0.89936,0.89837,0.89927,3031.340087890625
2021-06-07 00:00:00,0.89928,0.90099,0.89656,0.8977,46285.05078125
2021-06-08 00:00:00,0.89771,0.89891,0.89515,0.8969,54984.98828125
2021-06-09 00:00:00,0.8969,0.89713,0.8926,0.89585,37103.640625
2021-06-10 00:00:00,0.89583,0.89925,0.89402,0.89455,58107.62109375
2021-06-11 00:00:00,0.89456,0.89999,0.89324,0.89714,44160.0
2021-06-12 00:00:00,0.89714,0.89714,0.89714,0.89714,0.0
2021-06-13 00:00:00,0.89806,0.89875,0.89775,0.89783,2445.659912109375
2021-06-14 00:00:00,0.89783,0.90013,0.89783,0.89935,41407.4296875
2021-06-15 00:00:00,0.89933,0.90074,0.89651,0.89854,42465.55859375
2021-06-16 00:00:00,0.89856,0.90907,0.8977,0.90868,67391.1015625
2021-06-17 00:00:00,0.90869,0.91878,0.90754,0.91765,85995.546875
2021-06-18 00:00:00,0.91765,0.92385,0.9168,0.92253,83447.84375
2021-06-19 00:00:00,0.92253,0.92253,0.92253,0.92253,0.0
2021-06-20 00:00:00,0.92184,0.92294,0.92131,0.92249,3101.1201171875
2021-06-21 00:00:00,0.92249,0.92366,0.91735,0.91864,70156.390625
2021-06-22 00:00:00,0.91865,0.92125,0.91722,0.91862,63336.0703125
2021-06-23 00:00:00,0.9186,0.91995,0.91538,0.91822,55073.609375
2021-06-24 00:00:00,0.91822,0.91996,0.91736,0.91813,57206.03125
2021-06-25 00:00:00,0.91813,0.91824,0.91422,0.91669,49932.94140625
2021-06-26 00:00:00,0.91669,0.91669,0.91669,0.91669,0.0
2021-06-27 00:00:00,0.91729,0.91759,0.9162,0.91665,6240.14013671875
2021-06-28 00:00:00,0.91665,0.92143,0.91665,0.9196,52014.6015625
2021-06-29 00:00:00,0.91959,0.92327,0.91894,0.92091,50151.73828125
2021-06-30 00:00:00,0.92091,0.92618,0.92058,0.92507,64523.5
2021-07-01 00:00:00,0.92506,0.92713,0.92356,0.9259,68989.25
2021-07-02 00:00:00,0.92589,0.92742,0.91998,0.92012,68498.7421875
2021-07-03 00:00:00,0.92012,0.92012,0.92012,0.92012,0.0
2021-07-04 00:00:00,0.92104,0.9218,0.9202,0.92175,6892.10009765625
2021-07-05 00:00:00,0.92174,0.92322,0.92036,0.92224,43163.12109375
2021-07-06 00:00:00,0.92227,0.9251,0.91932,0.9247,75546.9296875
2021-07-07 00:00:00,0.9247,0.92673,0.92225,0.92568,69674.1875
2021-07-08 00:00:00,0.92566,0.92608,0.9133,0.91475,79643.78125
2021-07-09 00:00:00,0.91475,0.91747,0.91357,0.91363,52615.58984375
2021-07-10 00:00:00,0.91363,0.91363,0.91363,0.91363,0.0
2021-07-11 00:00:00,0.91403,0.91527,0.91349,0.91406,2713.35009765625
2021-07-12 00:00:00,0.91407,0.91707,0.91317,0.91502,53736.87890625
2021-07-13 00:00:00,0.91501,0.92003,0.91429,0.9189,72592.6796875
2021-07-14 00:00:00,0.9189,0.91984,0.91381,0.91473,62859.01171875
2021-07-15 00:00:00,0.91471,0.91928,0.91174,0.91784,63690.1796875
2021-07-16 00:00:00,0.91785,0.92034,0.91738,0.91868,52536.48828125
2021-07-17 00:00:00,0.91868,0.91868,0.91868,0.91868,0.0
2021-07-18 00:00:00,0.91798,0.92002,0.91798,0.91856,1971.0400390625
2021-07-19 00:00:00,0.91855,0.92215,0.91626,0.91871,67805.6484375
2021-07-20 00:00:00,0.91872,0.92325,0.91725,0.92121,69672.8671875
2021-07-21 00:00:00,0.92121,0.92309,0.91694,0.91768,54509.26953125
2021-07-22 00:00:00,0.91767,0.92016,0.91546,0.91911,69192.671875
2021-07-23 00:00:00,0.91909,0.92218,0.9186,0.91908,46132.69140625
2021-07-24 00:00:00,0.91908,0.91908,0.91908,0.91908,0.0
2021-07-25 00:00:00,0.9186,0.91988,0.9186,0.91954,2054.360107421875
2021-07-26 00:00:00,0.9195,0.9202,0.91482,0.91554,55916.640625
2021-07-27 00:00:00,0.91555,0.91862,0.91281,0.91441,57236.33984375
2021-07-28 00:00:00,0.91438,0.91672,0.90967,0.90973,60535.359375
2021-07-29 00:00:00,0.90971,0.91004,0.90527,0.90574,45983.859375
2021-07-30 00:00:00,0.90573,0.90751,0.90392,0.90489,50009.5703125
2021-07-31 00:00:00,0.90489,0.90489,0.90489,0.90489,0.0
2021-08-01 00:00:00,0.90379,0.9062,0.90375,0.90593,1186.43994140625
2021-08-02 00:00:00,0.90595,0.90671,0.90373,0.90527,45963.46875
2021-08-03 00:00:00,0.90527,0.90572,0.90227,0.90381,50947.4609375
2021-08-04 00:00:00,0.90382,0.90758,0.90181,0.90659,45689.12109375
2021-08-05 00:00:00,0.90659,0.90777,0.90511,0.90664,43050.69140625
2021-08-06 00:00:00,0.90662,0.91562,0.90659,0.91383,48937.94921875
2021-08-07 00:00:00,0.91383,0.91383,0.91383,0.91383,0.0
2021-08-08 00:00:00,0.91322,0.91629,0.91322,0.91569,4427.27001953125
2021-08-09 00:00:00,0.91568,0.92095,0.91453,0.92088,42946.44921875
2021-08-10 00:00:00,0.92088,0.92338,0.91945,0.92297,43075.7890625
2021-08-11 00:00:00,0.92295,0.92419,0.92021,0.92159,41195.37890625
2021-08-12 00:00:00,0.9216,0.92395,0.92113,0.92309,30482.150390625
2021-08-13 00:00:00,0.92308,0.92387,0.91497,0.91497,29885.4609375
2021-08-14 00:00:00,0.91497,0.91497,0.91497,0.91497,0.0
2021-08-15 00:00:00,0.91576,0.91585,0.91474,0.91539,3587.81005859375
2021-08-16 00:00:00,0.91539,0.91634,0.91089,0.91257,41010.9296875
2021-08-17 00:00:00,0.91255,0.91526,0.90994,0.91492,44681.3984375
2021-08-18 00:00:00,0.91493,0.91963,0.91266,0.91756,50745.96875
2021-08-19 00:00:00,0.91754,0.92067,0.9145,0.91892,56484.6796875
2021-08-20 00:00:00,0.91892,0.91892,0.91585,0.91671,34191.21875
2021-08-21 00:00:00,0.91671,0.91671,0.91671,0.91671,0.0
2021-08-22 00:00:00,0.91625,0.91771,0.91597,0.91722,1833.5400390625
2021-08-23 00:00:00,0.9172,0.91778,0.91208,0.91232,41035.19921875
2021-08-24 00:00:00,0.91234,0.91389,0.91101,0.91317,35286.58984375
2021-08-25 00:00:00,0.91316,0.91575,0.91186,0.91366,40611.921875
2021-08-26 00:00:00,0.9137,0.91919,0.91348,0.91796,50645.9296875
2021-08-27 00:00:00,0.91796,0.91994,0.91059,0.9108,49708.609375
2021-08-28 00:00:00,0.9108,0.9108,0.9108,0.9108,0.0
2021-08-29 00:00:00,0.91089,0.91149,0.91052,0.91139,2086.280029296875
2021-08-30 00:00:00,0.9114,0.91848,0.9101,0.91718,30603.5
2021-08-31 00:00:00,0.91718,0.91728,0.9114,0.91533,49145.03125
2021-09-01 00:00:00,0.91538,0.91891,0.91388,0.91558,45558.98046875
2021-09-02 00:00:00,0.91557,0.91676,0.91343,0.9145,40974.1796875
2021-09-03 00:00:00,0.91449,0.9159,0.91151,0.91342,54326.26953125
2021-09-04 00:00:00,0.91342,0.91342,0.91342,0.91342,0.0
2021-09-05 00:00:00,0.91209,0.91413,0.91209,0.91383,1457.93994140625
2021-09-06 00:00:00,0.91382,0.9168,0.91379,0.91487,34634.83984375
2021-09-07 00:00:00,0.91486,0.91987,0.91325,0.91944,51385.87109375
2021-09-08 00:00:00,0.91944,0.92345,0.91832,0.92183,57000.33984375
2021-09-09 00:00:00,0.92184,0.92227,0.91588,0.91654,58245.21875
2021-09-10 00:00:00,0.91655,0.91846,0.91497,0.91704,45596.76171875
2021-09-11 00:00:00,0.91704,0.91704,0.91704,0.91704,0.0
2021-09-12 00:00:00,0.91769,0.91852,0.91754,0.91819,35128.21875
2021-09-13 00:00:00,0.91818,0.92408,0.91814,0.92226,42201.7890625
2021-09-14 00:00:00,0.92224,0.92276,0.91803,0.92008,48586.01953125
2021-09-15 00:00:00,0.92006,0.92051,0.91635,0.91969,46308.21875
2021-09-16 00:00:00,0.9197,0.92777,0.91935,0.92736,51868.46875
2021-09-17 00:00:00,0.92734,0.93245,0.92593,0.93211,54971.8515625
2021-09-18 00:00:00,0.93211,0.93211,0.93211,0.93211,0.0
2021-09-19 00:00:00,0.93152,0.93255,0.93056,0.93203,1520.5699462890625
2021-09-20 00:00:00,0.93203,0.93325,0.92681,0.92768,52211.08984375
2021-09-21 00:00:00,0.92769,0.92831,0.92248,0.9235,56918.28125
2021-09-22 00:00:00,0.92349,0.92728,0.92148,0.9264,78134.9375
2021-09-23 00:00:00,0.92639,0.92733,0.92168,0.92469,66633.5
2021-09-24 00:00:00,0.92468,0.92605,0.92217,0.92393,46460.73828125
2021-09-25 00:00:00,0.92393,0.92393,0.92393,0.92393,0.0
2021-09-26 00:00:00,0.92388,0.92511,0.9233,0.92456,2036.4599609375
2021-09-27 00:00:00,0.92454,0.92906,0.92442,0.92568,65075.5
2021-09-28 00:00:00,0.92567,0.93013,0.92565,0.92915,76531.1328125
2021-09-29 00:00:00,0.92917,0.93548,0.92797,0.93427,80664.640625
2021-09-30 00:00:00,0.93427,0.93679,0.93059,0.93257,81588.6875
2021-10-01 00:00:00,0.93256,0.93375,0.9281,0.93053,77453.609375
2021-10-02 00:00:00,0.93053,0.93053,0.93053,0.93053,0.0
2021-10-03 00:00:00,0.92941,0.93011,0.9289,0.92957,1809.7900390625
2021-10-04 00:00:00,0.92957,0.93108,0.92299,0.92498,53109.390625
2021-10-05 00:00:00,0.92498,0.92877,0.92457,0.92839,54707.0
2021-10-06 00:00:00,0.92839,0.93073,0.92668,0.92777,71868.09375
2021-10-07 00:00:00,0.92779,0.92919,0.92526,0.92853,59852.05078125
2021-10-08 00:00:00,0.92853,0.93054,0.92585,0.92691,64138.33984375
2021-10-09 00:00:00,0.92691,0.92691,0.92691,0.92691,0.0
2021-10-10 00:00:00,0.92686,0.92792,0.92618,0.92785,1665.9200439453125
2021-10-11 00:00:00,0.92785,0.92875,0.92498,0.92758,51719.53125
2021-10-12 00:00:00,0.92758,0.93129,0.92566,0.93059,51599.01171875
2021-10-13 00:00:00,0.9306,0.93073,0.9234,0.92409,65427.75
2021-10-14 00:00:00,0.92409,0.92439,0.91938,0.92436,55031.58984375
2021-10-15 00:00:00,0.92435,0.92636,0.92214,0.92218,56572.7890625
2021-10-16 00:00:00,0.92218,0.92218,0.92218,0.92218,0.0
2021-10-17 00:00:00,0.92284,0.92396,0.9222,0.92355,3948.239990234375
2021-10-18 00:00:00,0.92353,0.92729,0.92229,0.92352,59041.0703125
2021-10-19 00:00:00,0.92352,0.92354,0.91847,0.92308,57625.48046875
2021-10-20 00:00:00,0.92307,0.92521,0.91813,0.91893,62280.30859375
2021-10-21 00:00:00,0.91894,0.9206,0.91699,0.91812,63554.3515625
2021-10-22 00:00:00,0.91813,0.91852,0.91497,0.91497,64376.33984375
2021-10-23 00:00:00,0.91497,0.91497,0.91497,0.91497,0.0
2021-10-24 00:00:00,0.91517,0.91691,0.91516,0.91663,2823.760009765625
2021-10-25 00:00:00,0.91664,0.92021,0.91496,0.91987,64600.37109375
2021-10-26 00:00:00,0.91988,0.92259,0.91865,0.91971,57142.4296875
2021-10-27 00:00:00,0.91971,0.92034,0.91641,0.91812,78141.109375
2021-10-28 00:00:00,0.91811,0.91944,0.91126,0.91169,106448.8125
2021-10-29 00:00:00,0.91169,0.91758,0.9102,0.91524,88322.75
2021-10-30 00:00:00,0.91524,0.91524,0.91524,0.91524,0.0
2021-10-31 00:00:00,0.91465,0.91632,0.91419,0.91613,1648.3299560546875
2021-11-01 00:00:00,0.91612,0.91711,0.90852,0.90935,66530.890625
2021-11-02 00:00:00,0.90934,0.915,0.90898,0.91479,62827.640625
2021-11-03 00:00:00,0.91477,0.91506,0.91043,0.91129,84507.46875
2021-11-04 00:00:00,0.9113,0.91448,0.9111,0.9126,76837.7109375
2021-11-05 00:00:00,0.91261,0.91748,0.91122,0.91176,76501.8515625
2021-11-06 00:00:00,0.91176,0.91176,0.91176,0.91176,0.0
2021-11-07 00:00:00,0.91196,0.91247,0.91173,0.91197,2140.110107421875
2021-11-08 00:00:00,0.91196,0.91575,0.91193,0.91339,62942.8515625
2021-11-09 00:00:00,0.9134,0.91537,0.91015,0.91101,79635.640625
2021-11-10 00:00:00,0.911,0.91859,0.91083,0.91795,105055.9765625
2021-11-11 00:00:00,0.91796,0.92242,0.91785,0.92123,67901.390625
2021-11-12 00:00:00,0.92123,0.92374,0.92018,0.92089,67701.34375
2021-11-13 00:00:00,0.92089,0.92089,0.92089,0.92089,0.0
2021-11-14 00:00:00,0.92019,0.92129,0.92019,0.92113,1131.9000244140625
2021-11-15 00:00:00,0.92112,0.92579,0.91866,0.92529,69096.453125
2021-11-16 00:00:00,0.92529,0.93113,0.92369,0.93034,88947.65625
2021-11-17 00:00:00,0.93034,0.93294,0.92749,0.92854,85518.953125
2021-11-18 00:00:00,0.92854,0.92916,0.92505,0.92578,91429.2578125
2021-11-19 00:00:00,0.92578,0.92899,0.92497,0.92823,108155.0
2021-11-20 00:00:00,0.92823,0.92823,0.92823,0.92823,0.0
2021-11-21 00:00:00,0.92769,0.9295,0.92768,0.92929,16054.8798828125
2021-11-22 00:00:00,0.92929,0.93345,0.92666,0.9326,88517.359375
2021-11-23 00:00:00,0.93261,0.9344,0.9301,0.93342,95301.1484375
2021-11-24 00:00:00,0.93342,0.93734,0.93279,0.93403,97553.3671875
2021-11-25 00:00:00,0.93404,0.93609,0.93239,0.93528,66564.421875
2021-11-26 00:00:00,0.93528,0.93544,0.92102,0.92222,142601.59375
2021-11-27 00:00:00,0.92222,0.92222,0.92222,0.92222,0.0
2021-11-28 00:00:00,0.92192,0.92531,0.92139,0.9244,3971.47998046875
2021-11-29 00:00:00,0.9244,0.92727,0.92234,0.92289,104758.7109375
2021-11-30 00:00:00,0.92288,0.92662,0.9157,0.91951,149654.5
2021-12-01 00:00:00,0.91952,0.92175,0.91689,0.92059,104256.5078125
2021-12-02 00:00:00,0.92056,0.92212,0.91778,0.91979,90573.6328125
2021-12-03 00:00:00,0.91981,0.92174,0.91614,0.91618,98308.5625
2021-12-04 00:00:00,0.91618,0.91618,0.91618,0.91618,0.0
2021-12-05 00:00:00,0.91723,0.91871,0.91635,0.91851,2116.580078125
2021-12-06 00:00:00,0.91852,0.92687,0.91846,0.92553,68315.609375
2021-12-07 00:00:00,0.92552,0.9275,0.92306,0.92449,67669.0
2021-12-08 00:00:00,0.92449,0.92521,0.91916,0.92016,74727.5234375
2021-12-09 00:00:00,0.92015,0.92646,0.91998,0.92372,64811.23046875
2021-12-10 00:00:00,0.92373,0.92527,0.91986,0.92043,63149.62109375
2021-12-11 00:00:00,0.92043,0.92043,0.92043,0.92043,0.0
2021-12-12 00:00:00,0.92,0.92143,0.91993,0.92126,2438.360107421875
2021-12-13 00:00:00,0.92126,0.92562,0.92056,0.92239,57520.62890625
2021-12-14 00:00:00,0.92238,0.92446,0.9188,0.92413,56198.578125
2021-12-15 00:00:00,0.92413,0.92939,0.92238,0.92445,91438.59375
2021-12-16 00:00:00,0.92444,0.9256,0.91876,0.91895,79673.4765625
2021-12-17 00:00:00,0.91897,0.92456,0.91742,0.92313,65037.421875
2021-12-18 00:00:00,0.92313,0.92313,0.92313,0.92313,0.0
2021-12-19 00:00:00,0.92345,0.92443,0.92321,0.92329,1654.75
2021-12-20 00:00:00,0.9233,0.92504,0.9192,0.92174,68103.84375
2021-12-21 00:00:00,0.92173,0.9254,0.91947,0.92303,72569.8671875
2021-12-22 00:00:00,0.92303,0.92521,0.91896,0.91942,52906.3203125
2021-12-23 00:00:00,0.91942,0.92188,0.91729,0.91812,57411.48046875
2021-12-24 00:00:00,0.91828,0.91977,0.91647,0.91697,114798.6171875
2021-12-25 00:00:00,0.91697,0.91697,0.91697,0.91697,0.0
2021-12-26 00:00:00,0.9179,0.91906,0.91751,0.91884,2252.35009765625
2021-12-27 00:00:00,0.91883,0.91997,0.91644,0.91715,37577.9609375
2021-12-28 00:00:00,0.91717,0.919,0.91591,0.91712,38619.76171875
2021-12-29 00:00:00,0.91713,0.92012,0.91263,0.91388,48168.44921875
2021-12-30 00:00:00,0.91387,0.91812,0.91313,0.91387,56436.71875
2021-12-31 00:00:00,0.91389,0.91475,0.91014,0.91168,50278.75
2022-01-01 00:00:00,0.91168,0.91168,0.91168,0.91168,0.0
2022-01-02 00:00:00,0.91113,0.91241,0.91008,0.91202,2104.179931640625
2022-01-03 00:00:00,0.91203,0.91999,0.91153,0.91835,65641.8984375
2022-01-04 00:00:00,0.91835,0.91928,0.91363,0.91619,70004.609375
2022-01-05 00:00:00,0.9162,0.91834,0.91408,0.9174,71282.5625
2022-01-06 00:00:00,0.91739,0.92236,0.91678,0.92141,72200.640625
2022-01-07 00:00:00,0.92141,0.92323,0.91816,0.9184,57404.8203125
2022-01-08 00:00:00,0.9184,0.9184,0.9184,0.9184,0.0
2022-01-09 00:00:00,0.91838,0.91925,0.91817,0.91887,2414.260009765625
2022-01-10 00:00:00,0.91888,0.92751,0.91857,0.92721,81046.75
2022-01-11 00:00:00,0.9272,0.92778,0.92296,0.9235,72412.25
2022-01-12 00:00:00,0.92352,0.92439,0.91296,0.91414,79236.2734375
2022-01-13 00:00:00,0.91412,0.91479,0.90911,0.91108,80351.75
2022-01-14 00:00:00,0.91115,0.91413,0.90942,0.9135,82922.03125
2022-01-15 00:00:00,0.9135,0.9135,0.9135,0.9135,0.0
2022-01-16 00:00:00,0.91247,0.91477,0.91223,0.91446,1385.3299560546875
2022-01-17 00:00:00,0.91446,0.91584,0.91216,0.91395,58499.46875
2022-01-18 00:00:00,0.91393,0.9179,0.91314,0.91709,95120.5625
2022-01-19 00:00:00,0.91709,0.91769,0.91444,0.91561,77847.59375
2022-01-20 00:00:00,0.91557,0.91809,0.91389,0.9169,77013.4296875
2022-01-21 00:00:00,0.9169,0.91719,0.91056,0.91079,77533.0625
2022-01-22 00:00:00,0.91079,0.91079,0.91079,0.91079,0.0
2022-01-23 00:00:00,0.91126,0.9126,0.91087,0.9126,3679.050048828125
2022-01-24 00:00:00,0.91259,0.91585,0.91088,0.91411,107777.1171875
2022-01-25 00:00:00,0.9141,0.92032,0.91404,0.91789,84354.5078125
2022-01-26 00:00:00,0.91789,0.92461,0.91711,0.92397,100995.5078125
2022-01-27 00:00:00,0.92397,0.93375,0.92371,0.93104,105448.3828125
2022-01-28 00:00:00,0.93104,0.93292,0.92897,0.93005,97022.1171875
2022-01-29 00:00:00,0.93005,0.93005,0.93005,0.93005,0.0
2022-01-30 00:00:00,0.93041,0.93178,0.93039,0.93116,1616.4599609375
2022-01-31 00:00:00,0.93116,0.93427,0.92512,0.92706,95786.7265625
2022-02-01 00:00:00,0.92705,0.92769,0.92039,0.92104,92292.328125
2022-02-02 00:00:00,0.92103,0.92219,0.91773,0.91904,88037.71875
2022-02-03 00:00:00,0.91903,0.92356,0.91767,0.92035,142508.546875
2022-02-04 00:00:00,0.92035,0.92585,0.91924,0.92526,131119.953125
2022-02-05 00:00:00,0.92526,0.92526,0.92526,0.92526,0.0
2022-02-06 00:00:00,0.92443,0.9257,0.92443,0.92513,2098.22998046875
2022-02-07 00:00:00,0.92512,0.92616,0.92211,0.92301,108490.078125
2022-02-08 00:00:00,0.92302,0.92626,0.92255,0.92508,94984.40625
2022-02-09 00:00:00,0.92507,0.92543,0.92218,0.92425,75393.75
2022-02-10 00:00:00,0.92426,0.92968,0.92265,0.92583,137248.8125
2022-02-11 00:00:00,0.92583,0.92868,0.92359,0.92522,151997.328125
2022-02-12 00:00:00,0.92522,0.92522,0.92522,0.92522,0.0
2022-02-13 00:00:00,0.92426,0.92534,0.92367,0.92475,1572.4100341796875
2022-02-14 00:00:00,0.92474,0.92719,0.92374,0.9245,137963.75
2022-02-15 00:00:00,0.9245,0.92738,0.92262,0.92547,116486.7109375
2022-02-16 00:00:00,0.92547,0.92604,0.9206,0.92188,98502.5390625
2022-02-17 00:00:00,0.92185,0.92292,0.91882,0.91977,138273.5625
2022-02-18 00:00:00,0.91977,0.92178,0.91913,0.92079,97645.84375
2022-02-19 00:00:00,0.92079,0.92079,0.92079,0.92079,0.0
2022-02-20 00:00:00,0.92049,0.92198,0.92011,0.92088,3370.72998046875
2022-02-21 00:00:00,0.92087,0.9216,0.91497,0.91584,81300.4296875
2022-02-22 00:00:00,0.91582,0.92275,0.9151,0.92154,130904.75
2022-02-23 00:00:00,0.9215,0.92185,0.91678,0.91751,87638.3984375
2022-02-24 00:00:00,0.91749,0.92887,0.9172,0.92576,260671.9375
2022-02-25 00:00:00,0.92575,0.92837,0.92284,0.92517,149975.515625
2022-02-26 00:00:00,0.92517,0.92517,0.92517,0.92517,0.0
2022-02-27 00:00:00,0.92657,0.92757,0.92435,0.92678,12052.9404296875
2022-02-28 00:00:00,0.92678,0.92773,0.91649,0.91753,168484.046875
2022-03-01 00:00:00,0.91755,0.92051,0.91503,0.91856,161217.015625
2022-03-02 00:00:00,0.91861,0.92393,0.9166,0.92051,151320.453125
2022-03-03 00:00:00,0.92052,0.92161,0.91692,0.91783,112232.9375
2022-03-04 00:00:00,0.91784,0.921,0.91585,0.9159,158680.0625
2022-03-05 00:00:00,0.9159,0.9159,0.9159,0.9159,0.0
2022-03-06 00:00:00,0.9166,0.92037,0.9163,0.9202,7179.490234375
2022-03-07 00:00:00,0.9202,0.92718,0.91936,0.92534,188378.09375
2022-03-08 00:00:00,0.92534,0.93064,0.92482,0.92958,193506.234375
2022-03-09 00:00:00,0.92955,0.92988,0.92501,0.92651,138960.9375
2022-03-10 00:00:00,0.92651,0.9309,0.92546,0.92939,152706.09375
2022-03-11 00:00:00,0.92938,0.93494,0.92901,0.93356,124688.3828125
2022-03-12 00:00:00,0.93356,0.93356,0.93356,0.93356,0.0
2022-03-13 00:00:00,0.93348,0.93503,0.93297,0.93474,3371.669921875
2022-03-14 00:00:00,0.93475,0.93865,0.93195,0.93846,113289.8125
2022-03-15 00:00:00,0.93847,0.94314,0.93717,0.94089,118280.8125
2022-03-16 00:00:00,0.94089,0.94598,0.93897,0.94153,133162.484375
2022-03-17 00:00:00,0.94153,0.94173,0.93357,0.93605,97427.5390625
2022-03-18 00:00:00,0.93605,0.93822,0.93136,0.93155,89368.0078125
2022-03-19 00:00:00,0.93155,0.93155,0.93155,0.93155,0.0
2022-03-20 00:00:00,0.93082,0.93307,0.93082,0.93293,2223.570068359375
2022-03-21 00:00:00,0.93296,0.9352,0.92937,0.93394,86050.75
2022-03-22 00:00:00,0.93395,0.93752,0.93134,0.93343,98496.9296875
2022-03-23 00:00:00,0.93343,0.93574,0.92948,0.93072,95006.0625
2022-03-24 00:00:00,0.93074,0.93445,0.92923,0.92949,101813.1875
2022-03-25 00:00:00,0.92948,0.93133,0.92598,0.93041,100939.4375
2022-03-26 00:00:00,0.93041,0.93041,0.93041,0.93041,0.0
2022-03-27 00:00:00,0.92952,0.9314,0.92938,0.93125,3784.7900390625
2022-03-28 00:00:00,0.93123,0.93811,0.93071,0.93351,140646.546875
2022-03-29 00:00:00,0.93352,0.93738,0.92974,0.93112,159903.484375
2022-03-30 00:00:00,0.93112,0.93129,0.92199,0.92314,141100.8125
2022-03-31 00:00:00,0.92313,0.92585,0.91947,0.92316,124545.2578125
2022-04-01 00:00:00,0.92316,0.92796,0.92203,0.92538,96928.53125
2022-04-02 00:00:00,0.92538,0.92538,0.92538,0.92538,0.0
2022-04-03 00:00:00,0.92527,0.92643,0.92434,0.92589,2100.35009765625
2022-04-04 00:00:00,0.9259,0.92806,0.92447,0.92631,86057.1328125
2022-04-05 00:00:00,0.92633,0.92978,0.92371,0.92962,94898.9375
2022-04-06 00:00:00,0.92963,0.93495,0.92949,0.93303,117217.6171875
2022-04-07 00:00:00,0.93304,0.93474,0.93171,0.9345,97074.3671875
2022-04-08 00:00:00,0.93449,0.93735,0.93267,0.93409,79807.15625
2022-04-09 00:00:00,0.93409,0.93409,0.93409,0.93409,0.0
2022-04-10 00:00:00,0.93194,0.9343,0.93121,0.93425,4844.18994140625
2022-04-11 00:00:00,0.93425,0.93715,0.93034,0.93148,102963.3984375
2022-04-12 00:00:00,0.93147,0.93444,0.92862,0.93265,127060.5234375
2022-04-13 00:00:00,0.93264,0.9356,0.93137,0.93391,111241.1171875
2022-04-14 00:00:00,0.93391,0.94331,0.93238,0.94298,123916.9765625
2022-04-15 00:00:00,0.94299,0.94434,0.94118,0.94259,156522.578125
2022-04-16 00:00:00,0.94259,0.94259,0.94259,0.94259,0.0
2022-04-17 00:00:00,0.94103,0.94387,0.94103,0.94244,4228.31982421875
2022-04-18 00:00:00,0.94244,0.94531,0.94207,0.94482,75959.2421875
2022-04-19 00:00:00,0.94484,0.95244,0.94333,0.95214,129840.0
2022-04-20 00:00:00,0.95213,0.95357,0.94541,0.94908,131958.84375
2022-04-21 00:00:00,0.94909,0.9553,0.94568,0.95372,141122.671875
2022-04-22 00:00:00,0.95372,0.95924,0.95283,0.95658,125161.7265625
2022-04-23 00:00:00,0.95658,0.95658,0.95658,0.95658,0.0
2022-04-24 00:00:00,0.95666,0.9575,0.95546,0.95574,5105.31005859375
2022-04-25 00:00:00,0.95574,0.9597,0.95464,0.95848,148703.40625
2022-04-26 00:00:00,0.95847,0.96264,0.95642,0.96234,127936.71875
2022-04-27 00:00:00,0.9624,0.97009,0.96163,0.96881,126491.671875
2022-04-28 00:00:00,0.96879,0.97588,0.96801,0.9717,174391.15625
2022-04-29 00:00:00,0.97169,0.97361,0.96707,0.97318,133575.15625
2022-04-30 00:00:00,0.97318,0.97318,0.97318,0.97318,0.0
2022-05-01 00:00:00,0.97208,0.97423,0.97175,0.97418,4440.330078125
2022-05-02 00:00:00,0.97418,0.97892,0.97141,0.9776,50385.5703125
2022-05-03 00:00:00,0.97754,0.97994,0.972,0.97879,60332.1484375
2022-05-04 00:00:00,0.97878,0.98521,0.97154,0.97327,95021.5390625
2022-05-05 00:00:00,0.97326,0.98896,0.97092,0.98523,117977.8828125
2022-05-06 00:00:00,0.98521,0.98918,0.98268,0.98827,122356.25
2022-05-07 00:00:00,0.98827,0.98827,0.98827,0.98827,0.0
2022-05-08 00:00:00,0.98585,0.98942,0.98585,0.9891,3475.760009765625
2022-05-09 00:00:00,0.9891,0.99653,0.98894,0.99301,123485.2421875
2022-05-10 00:00:00,0.993,0.99745,0.99052,0.99589,127069.578125
2022-05-11 00:00:00,0.99589,0.99636,0.98716,0.99451,145485.453125
2022-05-12 00:00:00,0.99451,1.0049,0.99317,1.00326,126892.5234375
2022-05-13 00:00:00,1.00329,1.00468,0.99917,1.00116,115608.8515625
2022-05-14 00:00:00,1.00116,1.00116,1.00116,1.00116,0.0
2022-05-15 00:00:00,1.00023,1.00305,1.00023,1.00228,3371.06005859375
2022-05-16 00:00:00,1.00225,1.00639,1.00073,1.002,86615.9296875
2022-05-17 00:00:00,1.002,1.00231,0.9918,0.99362,99384.2265625
2022-05-18 00:00:00,0.99363,0.99843,0.98598,0.9872,94097.3984375
2022-05-19 00:00:00,0.98719,0.9875,0.96968,0.97225,122667.3125
2022-05-20 00:00:00,0.97224,0.97637,0.96934,0.9737,104742.046875
2022-05-21 00:00:00,0.9737,0.9737,0.9737,0.9737,0.0
2022-05-22 00:00:00,0.97308,0.97508,0.97308,0.97505,3607.969970703125
2022-05-23 00:00:00,0.97504,0.97505,0.96269,0.96572,102482.453125
2022-05-24 00:00:00,0.96571,0.96696,0.95733,0.96034,116871.1015625
2022-05-25 00:00:00,0.96031,0.96417,0.95972,0.96156,121243.0078125
2022-05-26 00:00:00,0.96153,0.96322,0.95823,0.95858,97281.3671875
2022-05-27 00:00:00,0.95855,0.96021,0.95443,0.95647,90754.9609375
2022-05-28 00:00:00,0.95647,0.95647,0.95647,0.95647,0.0
2022-05-29 00:00:00,0.95453,0.95828,0.95453,0.95791,2267.159912109375
2022-05-30 00:00:00,0.95797,0.96059,0.95534,0.95824,68702.7734375
2022-05-31 00:00:00,0.95822,0.96197,0.95672,0.95957,108912.671875
2022-06-01 00:00:00,0.95964,0.96586,0.95887,0.96303,100467.640625
2022-06-02 00:00:00,0.96303,0.96359,0.95685,0.95756,98301.109375
2022-06-03 00:00:00,0.95756,0.96424,0.95563,0.96114,83909.390625
2022-06-04 00:00:00,0.96114,0.96114,0.96114,0.96114,0.0
2022-06-05 00:00:00,0.96155,0.96309,0.96103,0.96229,3619.419921875
2022-06-06 00:00:00,0.96229,0.97184,0.9605,0.97134,80130.7734375
2022-06-07 00:00:00,0.97134,0.97787,0.97048,0.97354,107623.8828125
2022-06-08 00:00:00,0.97354,0.97897,0.97301,0.97884,102144.6171875
2022-06-09 00:00:00,0.97882,0.98172,0.97235,0.98034,134635.796875
2022-06-10 00:00:00,0.98034,0.98977,0.97655,0.98759,141082.015625
2022-06-11 00:00:00,0.98759,0.98759,0.98759,0.98759,0.0
2022-06-12 00:00:00,0.98717,0.98964,0.98691,0.98924,6153.27001953125
2022-06-13 00:00:00,0.98925,0.9994,0.98812,0.9967,180658.953125
2022-06-14 00:00:00,0.9967,1.00365,0.98732,0.99944,196815.3125
2022-06-15 00:00:00,0.99946,1.00492,0.99306,0.99442,242644.265625
2022-06-16 00:00:00,0.9944,0.99887,0.96294,0.96685,232002.0625
2022-06-17 00:00:00,0.96685,0.97325,0.96191,0.96977,203001.09375
2022-06-18 00:00:00,0.96977,0.96977,0.96977,0.96977,0.0
2022-06-19 00:00:00,0.96995,0.9712,0.96842,0.96977,5814.64990234375
2022-06-20 00:00:00,0.96978,0.97037,0.96215,0.96742,145392.125
2022-06-21 00:00:00,0.96746,0.96836,0.96317,0.96614,143352.125
2022-06-22 00:00:00,0.96611,0.9689,0.95799,0.96164,162409.046875
2022-06-23 00:00:00,0.96165,0.96779,0.95665,0.96127,209746.359375
2022-06-24 00:00:00,0.96131,0.96323,0.95214,0.95802,176676.234375
2022-06-25 00:00:00,0.95802,0.95802,0.95802,0.95802,0.0
2022-06-26 00:00:00,0.95577,0.95823,0.95577,0.95728,8494.4404296875
2022-06-27 00:00:00,0.95729,0.962,0.95426,0.95633,150667.3125
2022-06-28 00:00:00,0.95635,0.95866,0.95331,0.95675,180160.515625
2022-06-29 00:00:00,0.95675,0.95775,0.94948,0.9541,189024.453125
2022-06-30 00:00:00,0.9541,0.96051,0.95291,0.95506,194056.4375
2022-07-01 00:00:00,0.95506,0.96412,0.95467,0.95918,198951.640625
2022-07-02 00:00:00,0.95918,0.95918,0.95918,0.95918,0.0
2022-07-03 00:00:00,0.95907,0.95983,0.9584,0.95858,13905.1396484375
2022-07-04 00:00:00,0.95859,0.96169,0.95593,0.96094,111427.9375
2022-07-05 00:00:00,0.96095,0.97044,0.95926,0.96843,165773.734375
2022-07-06 00:00:00,0.96845,0.97435,0.9671,0.97021,190437.21875
2022-07-07 00:00:00,0.97022,0.97483,0.96812,0.97378,165052.71875
2022-07-08 00:00:00,0.97375,0.97974,0.97226,0.97575,167772.546875
2022-07-09 00:00:00,0.97575,0.97575,0.97575,0.97575,0.0
2022-07-10 00:00:00,0.97519,0.97784,0.97519,0.9777,7006.08984375
2022-07-11 00:00:00,0.97769,0.98429,0.97756,0.98287,141361.234375
2022-07-12 00:00:00,0.98299,0.98582,0.98035,0.98189,187131.890625
2022-07-13 00:00:00,0.98191,0.98293,0.97561,0.98079,203307.375
2022-07-14 00:00:00,0.98078,0.98855,0.98063,0.98289,237521.84375
2022-07-15 00:00:00,0.98289,0.9841,0.97582,0.97586,159528.609375
2022-07-16 00:00:00,0.97586,0.97586,0.97586,0.97586,0.0
2022-07-17 00:00:00,0.97626,0.97685,0.9754,0.97542,6228.16015625
2022-07-18 00:00:00,0.97542,0.97895,0.97306,0.97753,157401.390625
2022-07-19 00:00:00,0.97751,0.97862,0.96536,0.96884,170508.078125
2022-07-20 00:00:00,0.96885,0.97357,0.96756,0.97153,164486.25
2022-07-21 00:00:00,0.97154,0.97389,0.96581,0.96634,226410.5
2022-07-22 00:00:00,0.96632,0.97034,0.95995,0.96069,190063.9375
2022-07-23 00:00:00,0.96069,0.96069,0.96069,0.96069,0.0
2022-07-24 00:00:00,0.96115,0.96337,0.96041,0.96319,8720.0400390625
2022-07-25 00:00:00,0.96321,0.96597,0.96177,0.96428,152122.796875
2022-07-26 00:00:00,0.96427,0.96677,0.96153,0.96227,134221.703125
2022-07-27 00:00:00,0.96227,0.96587,0.9582,0.95832,163021.34375
2022-07-28 00:00:00,0.95831,0.96314,0.95422,0.95436,210140.703125
2022-07-29 00:00:00,0.95437,0.95937,0.95019,0.9512,201047.046875
2022-07-30 00:00:00,0.9512,0.9512,0.9512,0.9512,0.0
2022-07-31 00:00:00,0.95143,0.95339,0.95052,0.95283,9518.2998046875
2022-08-01 00:00:00,0.95283,0.95291,0.94816,0.9501,186360.359375
2022-08-02 00:00:00,0.95006,0.95863,0.94699,0.95834,237058.5
2022-08-03 00:00:00,0.95836,0.9651,0.95417,0.96118,252266.8125
2022-08-04 00:00:00,0.96117,0.96223,0.95377,0.95399,176653.625
2022-08-05 00:00:00,0.95398,0.96494,0.95372,0.96161,202455.390625
2022-08-06 00:00:00,0.96161,0.96161,0.96161,0.96161,0.0
2022-08-07 00:00:00,0.96156,0.96254,0.96081,0.96213,6568.9501953125
2022-08-08 00:00:00,0.96213,0.96346,0.95214,0.95496,152185.609375
2022-08-09 00:00:00,0.95496,0.95554,0.95106,0.95416,129072.2890625
2022-08-10 00:00:00,0.95417,0.95444,0.93932,0.94239,186215.515625
2022-08-11 00:00:00,0.94236,0.94454,0.93702,0.94147,178256.4375
2022-08-12 00:00:00,0.94149,0.94501,0.94073,0.94083,152779.875
2022-08-13 00:00:00,0.94083,0.94083,0.94083,0.94083,0.0
2022-08-14 00:00:00,0.94068,0.94194,0.94009,0.94182,3484.449951171875
2022-08-15 00:00:00,0.94182,0.94709,0.94087,0.94594,153788.625
2022-08-16 00:00:00,0.94595,0.95135,0.94537,0.94964,165732.765625
2022-08-17 00:00:00,0.94963,0.9543,0.94824,0.95128,196964.28125
2022-08-18 00:00:00,0.95128,0.95709,0.94972,0.95666,188753.984375
2022-08-19 00:00:00,0.95666,0.95976,0.95526,0.95864,158286.875
2022-08-20 00:00:00,0.95864,0.95864,0.95864,0.95864,0.0
2022-08-21 00:00:00,0.95717,0.95899,0.95708,0.95873,8923.75
2022-08-22 00:00:00,0.95873,0.96585,0.95734,0.9644,174419.90625
2022-08-23 00:00:00,0.96439,0.96919,0.96027,0.96443,209642.3125
2022-08-24 00:00:00,0.96441,0.96872,0.96071,0.96649,190962.890625
2022-08-25 00:00:00,0.96648,0.96704,0.96124,0.96364,190886.984375
2022-08-26 00:00:00,0.96364,0.96723,0.95772,0.96555,198256.796875
2022-08-27 00:00:00,0.96555,0.96555,0.96555,0.96555,0.0
2022-08-28 00:00:00,0.96432,0.96876,0.96429,0.96867,9498.7197265625
2022-08-29 00:00:00,0.96869,0.97074,0.9659,0.96725,204280.59375
2022-08-30 00:00:00,0.96726,0.9762,0.96652,0.97401,219545.421875
2022-08-31 00:00:00,0.97401,0.98068,0.97261,0.9792,218835.5625
2022-09-01 00:00:00,0.97919,0.98607,0.97435,0.98121,230082.375
2022-09-02 00:00:00,0.98119,0.98589,0.9783,0.9811,188226.984375
2022-09-03 00:00:00,0.9811,0.9811,0.9811,0.9811,0.0
2022-09-04 00:00:00,0.9814,0.98338,0.98068,0.98327,13665.6796875
2022-09-05 00:00:00,0.98328,0.98369,0.97831,0.97856,153306.4375
2022-09-06 00:00:00,0.97855,0.98613,0.97649,0.98461,246802.875
2022-09-07 00:00:00,0.9846,0.98693,0.97606,0.97667,210296.265625
2022-09-08 00:00:00,0.97665,0.97815,0.96861,0.96864,264756.8125
2022-09-09 00:00:00,0.96863,0.96873,0.95467,0.96625,262835.0
2022-09-10 00:00:00,0.96625,0.96625,0.96625,0.96625,0.0
2022-09-11 00:00:00,0.95837,0.96089,0.95823,0.95967,14608.01953125
2022-09-12 00:00:00,0.95967,0.96077,0.95087,0.95295,265800.09375
2022-09-13 00:00:00,0.95293,0.96323,0.94792,0.96061,272431.46875
2022-09-14 00:00:00,0.96061,0.96359,0.95887,0.96208,312614.25
2022-09-15 00:00:00,0.96207,0.96413,0.95556,0.96188,216615.046875
2022-09-16 00:00:00,0.96188,0.96606,0.95997,0.96408,217080.421875
2022-09-17 00:00:00,0.96408,0.96408,0.96408,0.96408,0.0
2022-09-18 00:00:00,0.96214,0.96473,0.96214,0.96312,8763.8603515625
2022-09-19 00:00:00,0.96309,0.96949,0.96257,0.96393,161772.015625
2022-09-20 00:00:00,0.96393,0.9682,0.96227,0.96379,254649.46875
2022-09-21 00:00:00,0.96378,0.96996,0.96196,0.96775,283294.53125
2022-09-22 00:00:00,0.96775,0.98499,0.96202,0.9758,375940.65625
2022-09-23 00:00:00,0.9758,0.98395,0.97555,0.98139,292488.78125
2022-09-24 00:00:00,0.98139,0.98139,0.98139,0.98139,0.0
2022-09-25 00:00:00,0.98123,0.98307,0.97875,0.9824,16799.5
2022-09-26 00:00:00,0.9824,0.99649,0.98032,0.99222,424763.9375
2022-09-27 00:00:00,0.99222,0.99283,0.98486,0.99172,351756.0
2022-09-28 00:00:00,0.99171,0.99654,0.97453,0.97776,446256.1875
2022-09-29 00:00:00,0.97777,0.98557,0.97375,0.97488,360035.96875
2022-09-30 00:00:00,0.97488,0.98768,0.97392,0.98674,380586.875
2022-10-01 00:00:00,0.98674,0.98674,0.98674,0.98674,0.0
2022-10-02 00:00:00,0.98395,0.98677,0.98395,0.9855,14659.8095703125
2022-10-03 00:00:00,0.98551,0.99493,0.98315,0.99276,341193.59375
2022-10-04 00:00:00,0.99276,0.99408,0.97844,0.9787,337812.75
2022-10-05 00:00:00,0.97871,0.98886,0.97845,0.98123,269814.5625
2022-10-06 00:00:00,0.98123,0.99132,0.97801,0.98998,304952.3125
2022-10-07 00:00:00,0.98999,0.99531,0.98779,0.99289,262511.375
2022-10-08 00:00:00,0.99289,0.99289,0.99289,0.99289,0.0
2022-10-09 00:00:00,0.99297,0.99499,0.99268,0.99447,15555.98046875
2022-10-10 00:00:00,0.99453,1.00102,0.99314,0.99944,231918.296875
2022-10-11 00:00:00,0.99945,1.00208,0.99152,0.99765,284734.125
2022-10-12 00:00:00,0.99763,1.00037,0.99304,0.99756,274673.03125
2022-10-13 00:00:00,0.99761,1.00732,0.99584,1.00167,316696.15625
2022-10-14 00:00:00,1.00168,1.00657,0.99643,1.0046,287449.125
2022-10-15 00:00:00,1.0046,1.0046,1.0046,1.0046,0.0
2022-10-16 00:00:00,1.00391,1.00545,1.0033,1.00358,9578.2197265625
2022-10-17 00:00:00,1.00357,1.00449,0.99432,0.99567,224766.046875
2022-10-18 00:00:00,0.99619,0.99705,0.99294,0.99691,53907.16015625
2022-10-19 00:00:00,0.99372,1.00625,0.99332,1.00494,220757.265625
2022-10-20 00:00:00,1.00494,1.00681,0.99939,1.00393,236706.84375
2022-10-21 00:00:00,1.00393,1.01472,0.99613,0.99721,284217.09375
2022-10-22 00:00:00,0.99721,0.99721,0.99721,0.99721,0.0
2022-10-23 00:00:00,0.99543,1.00151,0.99435,0.99753,35543.609375
2022-10-24 00:00:00,0.99753,1.00311,0.99647,0.99958,285513.375
2022-10-25 00:00:00,0.99953,1.00309,0.9939,0.99476,254799.0
2022-10-26 00:00:00,0.99476,0.99617,0.98466,0.98469,285742.53125
2022-10-27 00:00:00,0.98465,0.99277,0.98409,0.99031,273010.5625
2022-10-28 00:00:00,0.99029,0.99794,0.9882,0.99537,216413.484375
2022-10-29 00:00:00,0.99537,0.99537,0.99537,0.99537,0.0
2022-10-30 00:00:00,0.99556,0.99821,0.99484,0.99638,15785.48046875
2022-10-31 00:00:00,0.99637,1.00318,0.99587,1.00153,200283.25
2022-11-01 00:00:00,1.00152,1.00169,0.99143,0.99989,211677.421875
2022-11-02 00:00:00,0.9999,1.00398,0.99099,1.00323,221433.09375
2022-11-03 00:00:00,1.00322,1.01466,1.00062,1.01343,219502.171875
2022-11-04 00:00:00,1.01338,1.01348,0.99308,0.99407,246461.796875
2022-11-05 00:00:00,0.99407,0.99407,0.99407,0.99407,0.0
2022-11-06 00:00:00,0.99797,0.99844,0.99479,0.9967,9296.16015625
2022-11-07 00:00:00,0.99672,0.9977,0.98746,0.98882,197181.078125
2022-11-08 00:00:00,0.98882,0.99263,0.98362,0.98454,187637.5
2022-11-09 00:00:00,0.98454,0.98737,0.97996,0.98352,214831.109375
2022-11-10 00:00:00,0.98352,0.98985,0.96297,0.96501,290244.625
2022-11-11 00:00:00,0.965,0.96812,0.93966,0.94088,274683.53125
2022-11-12 00:00:00,0.94088,0.94088,0.94088,0.94088,0.0
2022-11-13 00:00:00,0.94144,0.94447,0.94048,0.94402,9771.740234375
2022-11-14 00:00:00,0.94399,0.94882,0.94046,0.9433,245352.5625
2022-11-15 00:00:00,0.9433,0.94749,0.93557,0.94291,341711.375
2022-11-16 00:00:00,0.94289,0.94688,0.93854,0.94435,282061.3125
2022-11-17 00:00:00,0.94432,0.95568,0.94326,0.95285,225865.765625
2022-11-18 00:00:00,0.95286,0.95484,0.94976,0.95437,206669.6875
2022-11-19 00:00:00,0.95437,0.95437,0.95437,0.95437,0.0
2022-11-20 00:00:00,0.95336,0.95385,0.95293,0.95335,7327.990234375
2022-11-21 00:00:00,0.95333,0.95979,0.95327,0.95842,176246.25
2022-11-22 00:00:00,0.95842,0.95869,0.95087,0.9511,167172.40625
2022-11-23 00:00:00,0.95113,0.95327,0.94077,0.94095,238661.0625
2022-11-24 00:00:00,0.94093,0.94451,0.93867,0.94347,163489.6875
2022-11-25 00:00:00,0.94345,0.94993,0.94218,0.94593,163458.046875
2022-11-26 00:00:00,0.94593,0.94593,0.94593,0.94593,0.0
2022-11-27 00:00:00,0.94549,0.94788,0.94515,0.94733,13762.6103515625
2022-11-28 00:00:00,0.94732,0.94972,0.94044,0.94892,213916.859375
2022-11-29 00:00:00,0.94892,0.95452,0.94595,0.95446,206474.640625
2022-11-30 00:00:00,0.95444,0.95471,0.94311,0.94377,307250.71875
2022-12-01 00:00:00,0.94378,0.94599,0.93593,0.93637,283736.78125
2022-12-02 00:00:00,0.93636,0.94387,0.93256,0.93649,260255.46875
2022-12-03 00:00:00,0.93649,0.93649,0.93649,0.93649,0.0
2022-12-04 00:00:00,0.93847,0.93864,0.93607,0.93639,14852.009765625
2022-12-05 00:00:00,0.93639,0.94348,0.93299,0.94232,212272.90625
2022-12-06 00:00:00,0.94233,0.94553,0.93802,0.94197,189142.5
2022-12-07 00:00:00,0.942,0.94374,0.93626,0.94031,294285.59375
2022-12-08 00:00:00,0.94034,0.94263,0.9343,0.93602,230107.125
2022-12-09 00:00:00,0.936,0.9381,0.93114,0.93307,212978.96875
2022-12-10 00:00:00,0.93307,0.93307,0.93307,0.93307,0.0
2022-12-11 00:00:00,0.93304,0.93515,0.93226,0.93506,3738.3701171875
2022-12-12 00:00:00,0.93505,0.93796,0.93126,0.93574,154675.015625
2022-12-13 00:00:00,0.93572,0.93747,0.92309,0.92906,160094.96875
2022-12-14 00:00:00,0.92906,0.9297,0.92153,0.92436,175710.234375
2022-12-15 00:00:00,0.92435,0.93165,0.92314,0.92765,173770.0625
2022-12-16 00:00:00,0.92763,0.93428,0.92535,0.93343,131197.046875
2022-12-17 00:00:00,0.93343,0.93343,0.93343,0.93343,0.0
2022-12-18 00:00:00,0.93248,0.93469,0.9324,0.93456,5059.580078125
2022-12-19 00:00:00,0.93459,0.9346,0.92741,0.92864,105380.28125
2022-12-20 00:00:00,0.92864,0.93071,0.92415,0.92632,173515.578125
2022-12-21 00:00:00,0.92632,0.92888,0.92384,0.92657,109353.1875
2022-12-22 00:00:00,0.92657,0.93211,0.92264,0.93108,129645.0
2022-12-23 00:00:00,0.93104,0.93443,0.92847,0.93282,113538.703125
2022-12-24 00:00:00,0.93282,0.93282,0.93282,0.93282,0.0
2022-12-25 00:00:00,0.9329,0.93364,0.93239,0.93276,1110.2099609375
2022-12-26 00:00:00,0.93275,0.93437,0.93056,0.93194,27397.560546875
2022-12-27 00:00:00,0.93193,0.93231,0.92694,0.92937,104982.2578125
2022-12-28 00:00:00,0.92934,0.9307,0.92449,0.92785,89696.5234375
2022-12-29 00:00:00,0.92786,0.92876,0.92103,0.92299,85134.09375
2022-12-30 00:00:00,0.923,0.92678,0.91997,0.92427,151965.5625
2022-12-31 00:00:00,0.92427,0.92427,0.92427,0.92427,0.0
2023-01-01 00:00:00,0.92631,0.92671,0.92207,0.92327,130.9600067138672
2023-01-02 00:00:00,0.92317,0.92687,0.92116,0.92392,100795.7734375
2023-01-03 00:00:00,0.9238,0.93984,0.92276,0.93617,148320.921875
2023-01-04 00:00:00,0.93619,0.9362,0.92529,0.92968,145782.546875
2023-01-05 00:00:00,0.9297,0.93777,0.92604,0.93619,142101.8125
2023-01-06 00:00:00,0.93618,0.94086,0.92674,0.92752,141088.84375
2023-01-07 00:00:00,0.92752,0.92752,0.92752,0.92752,0.0
2023-01-08 00:00:00,0.92735,0.92812,0.92641,0.92643,6755.72998046875
2023-01-09 00:00:00,0.92646,0.92795,0.91665,0.92105,119444.0625
2023-01-10 00:00:00,0.92106,0.92519,0.91945,0.92236,113822.40625
2023-01-11 00:00:00,0.92236,0.93315,0.92043,0.93094,111673.2109375
2023-01-12 00:00:00,0.93094,0.93612,0.92622,0.92727,162164.296875
2023-01-13 00:00:00,0.92725,0.93165,0.92555,0.92666,118897.7109375
2023-01-14 00:00:00,0.92666,0.92666,0.92666,0.92666,0.0
2023-01-15 00:00:00,0.9262,0.92723,0.92537,0.92688,10331.0
2023-01-16 00:00:00,0.92687,0.92882,0.92184,0.92556,87276.1015625
2023-01-17 00:00:00,0.92556,0.92757,0.91874,0.92195,123586.578125
2023-01-18 00:00:00,0.92194,0.92455,0.9085,0.91596,175711.1875
2023-01-19 00:00:00,0.91595,0.91893,0.9147,0.91577,118403.328125
2023-01-20 00:00:00,0.91578,0.92344,0.91408,0.91998,99272.2421875
2023-01-21 00:00:00,0.91998,0.91998,0.91998,0.91998,0.0
2023-01-22 00:00:00,0.91859,0.91997,0.91842,0.91996,5447.60009765625
2023-01-23 00:00:00,0.91996,0.9241,0.91592,0.92167,108884.171875
2023-01-24 00:00:00,0.92167,0.92789,0.91918,0.92222,95331.1484375
2023-01-25 00:00:00,0.9222,0.92449,0.91696,0.91714,95599.1015625
2023-01-26 00:00:00,0.91712,0.92252,0.91583,0.92015,109919.8671875
2023-01-27 00:00:00,0.92016,0.92396,0.91919,0.92061,90440.4296875
2023-01-28 00:00:00,0.92061,0.92061,0.92061,0.92061,0.0
2023-01-29 00:00:00,0.92056,0.92118,0.92004,0.92064,2955.81005859375
2023-01-30 00:00:00,0.92063,0.9256,0.91815,0.92533,94992.9609375
2023-01-31 00:00:00,0.92532,0.92879,0.91502,0.91638,109905.7890625
2023-02-01 00:00:00,0.91638,0.91825,0.90591,0.90723,130184.109375
2023-02-02 00:00:00,0.90723,0.91389,0.90601,0.91325,142683.21875
2023-02-03 00:00:00,0.91324,0.9269,0.91254,0.92567,132249.578125
2023-02-04 00:00:00,0.92567,0.92567,0.92567,0.92567,0.0
2023-02-05 00:00:00,0.92755,0.92773,0.92514,0.92652,9346.830078125
2023-02-06 00:00:00,0.92654,0.92906,0.9227,0.92801,100907.0625
2023-02-07 00:00:00,0.92799,0.92898,0.91912,0.92162,151231.03125
2023-02-08 00:00:00,0.92162,0.92233,0.91778,0.92089,100049.1875
2023-02-09 00:00:00,0.92089,0.92283,0.91603,0.92209,92228.953125
2023-02-10 00:00:00,0.92207,0.92526,0.91975,0.92293,110769.359375
2023-02-11 00:00:00,0.92293,0.92293,0.92293,0.92293,0.0
2023-02-12 00:00:00,0.92305,0.9242,0.92287,0.92377,5138.490234375
2023-02-13 00:00:00,0.92376,0.92595,0.91864,0.91872,89079.1875
2023-02-14 00:00:00,0.91874,0.92338,0.91357,0.9215,160632.359375
2023-02-15 00:00:00,0.9215,0.92623,0.92124,0.92338,118258.65625
2023-02-16 00:00:00,0.92336,0.92718,0.92138,0.92662,112742.5234375
2023-02-17 00:00:00,0.92662,0.93317,0.92393,0.92402,103084.8515625
2023-02-18 00:00:00,0.92402,0.92402,0.92402,0.92402,0.0
2023-02-19 00:00:00,0.92447,0.92544,0.92384,0.92536,3332.090087890625
2023-02-20 00:00:00,0.92533,0.92598,0.92201,0.92325,88325.640625
2023-02-21 00:00:00,0.92322,0.92824,0.92294,0.92752,107212.703125
2023-02-22 00:00:00,0.92753,0.93184,0.92523,0.93121,104813.71875
2023-02-23 00:00:00,0.9312,0.93486,0.92896,0.93365,95907.7421875
2023-02-24 00:00:00,0.93365,0.94121,0.93255,0.93987,110088.6875
2023-02-25 00:00:00,0.93987,0.93987,0.93987,0.93987,0.0
2023-02-26 00:00:00,0.93971,0.94069,0.93906,0.9403,2107.830078125
2023-02-27 00:00:00,0.94031,0.94285,0.93438,0.93572,82360.7109375
2023-02-28 00:00:00,0.93571,0.94229,0.93408,0.94202,93323.7734375
2023-03-01 00:00:00,0.94203,0.94281,0.93501,0.93949,103489.9765625
2023-03-02 00:00:00,0.93947,0.94396,0.9392,0.94195,96395.1171875
2023-03-03 00:00:00,0.94197,0.94205,0.93583,0.93583,97041.7109375
2023-03-04 00:00:00,0.93583,0.93583,0.93583,0.93583,0.0
2023-03-05 00:00:00,0.93611,0.93702,0.93581,0.93696,3650.169921875
2023-03-06 00:00:00,0.93695,0.93726,0.93028,0.93069,86183.8125
2023-03-07 00:00:00,0.9307,0.94245,0.92853,0.94226,120282.671875
2023-03-08 00:00:00,0.94226,0.94383,0.93882,0.94083,100342.46875
2023-03-09 00:00:00,0.94083,0.94159,0.93182,0.93284,95342.03125
2023-03-10 00:00:00,0.93285,0.93287,0.91744,0.92108,179293.8125
2023-03-11 00:00:00,0.92108,0.92108,0.92108,0.92108,0.0
2023-03-12 00:00:00,0.92016,0.92016,0.91509,0.91916,12928.83984375
2023-03-13 00:00:00,0.91916,0.92024,0.90708,0.91252,265794.53125
2023-03-14 00:00:00,0.91255,0.91643,0.90948,0.91452,217399.890625
2023-03-15 00:00:00,0.91452,0.93409,0.91224,0.93148,270550.0625
2023-03-16 00:00:00,0.93149,0.93218,0.9229,0.92921,239803.625
2023-03-17 00:00:00,0.92923,0.92952,0.92392,0.92598,156684.890625
2023-03-18 00:00:00,0.92598,0.92598,0.92598,0.92598,0.0
2023-03-19 00:00:00,0.92501,0.92792,0.92453,0.92694,21754.490234375
2023-03-20 00:00:00,0.92694,0.93118,0.92399,0.92918,161092.8125
2023-03-21 00:00:00,0.92923,0.93165,0.92092,0.92172,125815.671875
2023-03-22 00:00:00,0.92171,0.92454,0.91468,0.91662,145820.046875
2023-03-23 00:00:00,0.91662,0.91803,0.91186,0.91669,149812.875
2023-03-24 00:00:00,0.91674,0.92165,0.91547,0.91919,135838.390625
2023-03-25 00:00:00,0.91919,0.91919,0.91919,0.91919,0.0
2023-03-26 00:00:00,0.91608,0.91945,0.91608,0.91893,12493.2998046875
2023-03-27 00:00:00,0.91895,0.91992,0.91499,0.91511,127359.5234375
2023-03-28 00:00:00,0.91513,0.92224,0.91361,0.92039,81755.9765625
2023-03-29 00:00:00,0.92039,0.92228,0.91646,0.91824,90291.7734375
2023-03-30 00:00:00,0.91824,0.91999,0.91258,0.91341,94533.7890625
2023-03-31 00:00:00,0.91342,0.91773,0.91152,0.9148,98996.0234375
2023-04-01 00:00:00,0.9148,0.9148,0.9148,0.9148,0.0
2023-04-02 00:00:00,0.91467,0.91784,0.91279,0.91773,12731.2099609375
2023-04-03 00:00:00,0.91773,0.91961,0.91149,0.91281,111735.8203125
2023-04-04 00:00:00,0.91279,0.91426,0.90503,0.90571,94554.8203125
2023-04-05 00:00:00,0.9057,0.90758,0.90057,0.90638,85410.4765625
2023-04-06 00:00:00,0.90639,0.90748,0.90302,0.9045,84658.3671875
2023-04-07 00:00:00,0.90451,0.90808,0.90338,0.90494,61010.0390625
2023-04-08 00:00:00,0.90494,0.90494,0.90494,0.90494,0.0
2023-04-09 00:00:00,0.90281,0.90482,0.90281,0.90446,6097.47021484375
2023-04-10 00:00:00,0.90444,0.912,0.90432,0.90878,67716.828125
2023-04-11 00:00:00,0.90878,0.90901,0.90276,0.903,66058.546875
2023-04-12 00:00:00,0.90299,0.90345,0.8942,0.89582,80741.15625
2023-04-13 00:00:00,0.89585,0.89744,0.88595,0.88907,78867.2734375
2023-04-14 00:00:00,0.88906,0.89587,0.88664,0.89328,81279.9921875
2023-04-15 00:00:00,0.89328,0.89328,0.89328,0.89328,0.0
2023-04-16 00:00:00,0.89384,0.89492,0.89383,0.89488,7634.669921875
2023-04-17 00:00:00,0.89491,0.89962,0.89216,0.89855,66869.5078125
2023-04-18 00:00:00,0.89853,0.89867,0.8944,0.89599,69885.6484375
2023-04-19 00:00:00,0.89599,0.90027,0.89579,0.89768,75167.40625
2023-04-20 00:00:00,0.89768,0.89829,0.89184,0.89239,81210.359375
2023-04-21 00:00:00,0.8924,0.89537,0.89075,0.89209,71364.84375
2023-04-22 00:00:00,0.89209,0.89209,0.89209,0.89209,0.0
2023-04-23 00:00:00,0.89245,0.89245,0.89159,0.89192,3325.889892578125
2023-04-24 00:00:00,0.89195,0.89278,0.88703,0.88706,66880.9765625
2023-04-25 00:00:00,0.88705,0.89272,0.88602,0.89185,75007.8203125
2023-04-26 00:00:00,0.89185,0.89255,0.88513,0.89085,84261.7421875
2023-04-27 00:00:00,0.89085,0.8976,0.89026,0.89389,82419.71875
2023-04-28 00:00:00,0.8939,0.89749,0.88958,0.89371,96848.890625
2023-04-29 00:00:00,0.89371,0.89371,0.89371,0.89371,0.0
2023-04-30 00:00:00,0.89114,0.89488,0.89114,0.89472,7210.5400390625
2023-05-01 00:00:00,0.89472,0.89664,0.89148,0.89593,67227.9765625
2023-05-02 00:00:00,0.89591,0.89948,0.89226,0.89234,83997.171875
2023-05-03 00:00:00,0.89234,0.89272,0.88254,0.88342,102933.5
2023-05-04 00:00:00,0.88342,0.8891,0.88197,0.88543,112071.8203125
2023-05-05 00:00:00,0.88541,0.89734,0.8834,0.89023,84838.6328125
2023-05-06 00:00:00,0.89023,0.89023,0.89023,0.89023,0.0
2023-05-07 00:00:00,0.88939,0.8912,0.88937,0.8912,7301.81005859375
2023-05-08 00:00:00,0.89118,0.89121,0.88674,0.88994,54019.25
2023-05-09 00:00:00,0.88995,0.89426,0.88879,0.89015,59544.8515625
2023-05-10 00:00:00,0.89013,0.89268,0.88678,0.88936,79214.1796875
2023-05-11 00:00:00,0.88935,0.89577,0.88864,0.89421,76682.0
2023-05-12 00:00:00,0.89421,0.89872,0.88969,0.89787,66321.34375
2023-05-13 00:00:00,0.89787,0.89787,0.89787,0.89787,0.0
2023-05-14 00:00:00,0.89522,0.89864,0.89506,0.89838,12790.01953125
2023-05-15 00:00:00,0.89837,0.89874,0.89423,0.89548,60226.53125
2023-05-16 00:00:00,0.89548,0.89702,0.89194,0.89633,70531.828125
2023-05-17 00:00:00,0.89633,0.90252,0.89489,0.8986,73821.84375
2023-05-18 00:00:00,0.8986,0.90624,0.89799,0.90487,75850.1015625
2023-05-19 00:00:00,0.90486,0.90584,0.89742,0.89925,66895.0078125
2023-05-20 00:00:00,0.89925,0.89925,0.89925,0.89925,0.0
2023-05-21 00:00:00,0.89826,0.89904,0.8981,0.89823,2407.93994140625
2023-05-22 00:00:00,0.89821,0.89968,0.89406,0.89828,80988.6484375
2023-05-23 00:00:00,0.89823,0.90292,0.89751,0.90144,72654.171875
2023-05-24 00:00:00,0.90142,0.90667,0.90047,0.9043,79925.921875
2023-05-25 00:00:00,0.9043,0.90731,0.90373,0.90508,75991.9921875
2023-05-26 00:00:00,0.90509,0.90742,0.90184,0.9046,75513.1875
2023-05-27 00:00:00,0.9046,0.9046,0.9046,0.9046,0.0
2023-05-28 00:00:00,0.904,0.90586,0.90399,0.90586,7847.27001953125
2023-05-29 00:00:00,0.90586,0.90618,0.9027,0.90452,33708.8515625
2023-05-30 00:00:00,0.90454,0.90839,0.90138,0.90605,81236.0078125
2023-05-31 00:00:00,0.90608,0.91471,0.90551,0.90997,84856.4296875
2023-06-01 00:00:00,0.90997,0.91137,0.90482,0.90559,79388.078125
2023-06-02 00:00:00,0.90558,0.90913,0.90344,0.90866,75678.0234375
2023-06-03 00:00:00,0.90866,0.90866,0.90866,0.90866,0.0
2023-06-04 00:00:00,0.90712,0.90994,0.90712,0.90977,4092.2900390625
2023-06-05 00:00:00,0.90976,0.91192,0.90465,0.90603,66635.5078125
2023-06-06 00:00:00,0.90604,0.90978,0.90331,0.90708,61506.55859375
2023-06-07 00:00:00,0.90706,0.91067,0.90428,0.90955,61335.171875
2023-06-08 00:00:00,0.90954,0.91073,0.89852,0.89894,68077.21875
2023-06-09 00:00:00,0.89893,0.9039,0.89843,0.90272,57699.8984375
2023-06-10 00:00:00,0.90272,0.90272,0.90272,0.90272,0.0
2023-06-11 00:00:00,0.9029,0.90387,0.90146,0.90329,2636.360107421875
2023-06-12 00:00:00,0.90328,0.9109,0.90153,0.90857,61437.05078125
2023-06-13 00:00:00,0.90857,0.90892,0.90315,0.90524,75245.640625
2023-06-14 00:00:00,0.90523,0.906,0.89651,0.9002,80760.8515625
2023-06-15 00:00:00,0.9002,0.90559,0.89067,0.89178,76983.6484375
2023-06-16 00:00:00,0.89181,0.8949,0.89012,0.89327,78844.3515625
2023-06-17 00:00:00,0.89327,0.89327,0.89327,0.89327,0.0
2023-06-18 00:00:00,0.89315,0.89472,0.8929,0.89444,18611.0
2023-06-19 00:00:00,0.89443,0.89748,0.89332,0.89585,58922.609375
2023-06-20 00:00:00,0.89583,0.90008,0.89537,0.89768,83177.0
2023-06-21 00:00:00,0.89768,0.89975,0.89195,0.8925,83850.0390625
2023-06-22 00:00:00,0.89249,0.89724,0.89059,0.89496,102925.75
2023-06-23 00:00:00,0.89494,0.90128,0.89451,0.89628,90875.3203125
2023-06-24 00:00:00,0.89628,0.89628,0.89628,0.89628,0.0
2023-06-25 00:00:00,0.89574,0.89661,0.89555,0.89577,8894.25
2023-06-26 00:00:00,0.89579,0.8968,0.89113,0.89573,66106.609375
2023-06-27 00:00:00,0.89575,0.89701,0.89234,0.89374,77059.03125
2023-06-28 00:00:00,0.89376,0.89868,0.89318,0.89672,76626.0625
2023-06-29 00:00:00,0.89673,0.90014,0.89431,0.89916,80008.6796875
2023-06-30 00:00:00,0.89913,0.90164,0.89349,0.89489,80907.1796875
2023-07-01 00:00:00,0.89489,0.89489,0.89489,0.89489,0.0
2023-07-02 00:00:00,0.8932,0.89525,0.89269,0.89519,2795.070068359375
2023-07-03 00:00:00,0.89521,0.90041,0.89405,0.89591,72699.9375
2023-07-04 00:00:00,0.89592,0.89745,0.89453,0.89679,47501.58984375
2023-07-05 00:00:00,0.89677,0.89944,0.89617,0.89853,63252.05859375
2023-07-06 00:00:00,0.89853,0.89976,0.89468,0.89533,93110.5234375
2023-07-07 00:00:00,0.89534,0.89699,0.88754,0.88838,78016.21875
2023-07-08 00:00:00,0.88838,0.88838,0.88838,0.88838,0.0
2023-07-09 00:00:00,0.88728,0.88961,0.88728,0.889,4364.64990234375
2023-07-10 00:00:00,0.88898,0.89177,0.88493,0.88516,67537.6875
2023-07-11 00:00:00,0.88516,0.88528,0.87858,0.87876,62145.3203125
2023-07-12 00:00:00,0.87877,0.87921,0.86571,0.86669,91394.2109375
2023-07-13 00:00:00,0.86667,0.86709,0.8582,0.85911,105659.96875
2023-07-14 00:00:00,0.8591,0.86312,0.85657,0.86154,116802.2265625
2023-07-15 00:00:00,0.86154,0.86154,0.86154,0.86154,0.0
2023-07-16 00:00:00,0.85837,0.86248,0.85837,0.862,14942.7802734375
2023-07-17 00:00:00,0.86202,0.86303,0.8578,0.86034,104416.453125
2023-07-18 00:00:00,0.86032,0.8607,0.85543,0.85773,179953.09375
2023-07-19 00:00:00,0.85772,0.86131,0.85667,0.85797,172818.34375
2023-07-20 00:00:00,0.85797,0.86839,0.85604,0.86624,160073.453125
2023-07-21 00:00:00,0.86626,0.86723,0.86406,0.86544,131841.3125
2023-07-22 00:00:00,0.86544,0.86544,0.86544,0.86544,0.0
2023-07-23 00:00:00,0.86445,0.86633,0.86398,0.86629,15722.83984375
2023-07-24 00:00:00,0.86625,0.87004,0.86372,0.86993,176419.359375
2023-07-25 00:00:00,0.86993,0.86995,0.86274,0.86454,141011.5
2023-07-26 00:00:00,0.86455,0.8656,0.85969,0.86156,173471.625
2023-07-27 00:00:00,0.86155,0.86983,0.8552,0.86886,282951.8125
2023-07-28 00:00:00,0.86888,0.87364,0.86607,0.87005,162685.859375
2023-07-29 00:00:00,0.87005,0.87005,0.87005,0.87005,0.0
2023-07-30 00:00:00,0.86817,0.86998,0.86817,0.86984,11927.5703125
2023-07-31 00:00:00,0.86984,0.87294,0.86648,0.87172,153633.765625
2023-08-01 00:00:00,0.87174,0.87775,0.8712,0.87259,202728.875
2023-08-02 00:00:00,0.87259,0.88055,0.87259,0.87739,161258.296875
2023-08-03 00:00:00,0.87742,0.87982,0.87326,0.87429,205210.703125
2023-08-04 00:00:00,0.87434,0.87823,0.8699,0.87222,185352.53125
2023-08-05 00:00:00,0.87222,0.87222,0.87222,0.87222,0.0
2023-08-06 00:00:00,0.86999,0.87438,0.86999,0.87417,14786.2001953125
2023-08-07 00:00:00,0.87416,0.87734,0.87216,0.87293,94533.2734375
2023-08-08 00:00:00,0.87292,0.87827,0.87199,0.8756,138907.734375
2023-08-09 00:00:00,0.87559,0.87825,0.87315,0.87698,102317.640625
2023-08-10 00:00:00,0.87698,0.87761,0.86897,0.87684,176967.734375
2023-08-11 00:00:00,0.87685,0.87803,0.87345,0.87604,131099.828125
2023-08-12 00:00:00,0.87604,0.87604,0.87604,0.87604,0.0
2023-08-13 00:00:00,0.87577,0.87711,0.87553,0.87673,18834.109375
2023-08-14 00:00:00,0.87673,0.88275,0.8755,0.87801,117832.4765625
2023-08-15 00:00:00,0.87801,0.87961,0.8744,0.87865,207528.15625
2023-08-16 00:00:00,0.87865,0.8814,0.87739,0.88013,139065.046875
2023-08-17 00:00:00,0.88014,0.88093,0.87596,0.8783,139613.5625
2023-08-18 00:00:00,0.87828,0.88272,0.87735,0.88188,127678.0703125
2023-08-19 00:00:00,0.88188,0.88188,0.88188,0.88188,0.0
2023-08-20 00:00:00,0.88108,0.88255,0.88107,0.88235,10876.2099609375
2023-08-21 00:00:00,0.88236,0.88274,0.87784,0.87852,99746.03125
2023-08-22 00:00:00,0.87854,0.88091,0.87648,0.88014,110091.4609375
2023-08-23 00:00:00,0.88017,0.8817,0.87671,0.87743,161223.5625
2023-08-24 00:00:00,0.87742,0.88546,0.87597,0.88523,134455.265625
2023-08-25 00:00:00,0.88525,0.8876,0.88213,0.88378,131741.703125
2023-08-26 00:00:00,0.88378,0.88378,0.88378,0.88378,0.0
2023-08-27 00:00:00,0.88436,0.88511,0.88334,0.88481,10135.599609375
2023-08-28 00:00:00,0.88482,0.88534,0.88178,0.88344,115818.9609375
2023-08-29 00:00:00,0.88343,0.88586,0.87747,0.87897,128046.328125
2023-08-30 00:00:00,0.87896,0.88031,0.87445,0.87808,139827.734375
2023-08-31 00:00:00,0.87808,0.88455,0.8771,0.88329,131462.796875
2023-09-01 00:00:00,0.88327,0.88634,0.87946,0.88533,156420.5625
2023-09-02 00:00:00,0.88533,0.88533,0.88533,0.88533,0.0
2023-09-03 00:00:00,0.88494,0.88577,0.88489,0.88519,11330.849609375
2023-09-04 00:00:00,0.88519,0.88554,0.88222,0.8848,71176.21875
2023-09-05 00:00:00,0.88479,0.89029,0.88439,0.88939,129478.84375
2023-09-06 00:00:00,0.88937,0.89445,0.88807,0.89135,106141.5
2023-09-07 00:00:00,0.89134,0.89402,0.8908,0.89267,101297.3828125
2023-09-08 00:00:00,0.89265,0.89362,0.88947,0.89254,142842.796875
2023-09-09 00:00:00,0.89254,0.89254,0.89254,0.89254,0.0
2023-09-10 00:00:00,0.89135,0.89261,0.89048,0.89206,61420.421875
2023-09-11 00:00:00,0.89205,0.89223,0.88965,0.89123,117288.8515625
2023-09-12 00:00:00,0.89122,0.89337,0.88979,0.89147,83641.140625
2023-09-13 00:00:00,0.89148,0.89525,0.89073,0.89342,117258.53125
2023-09-14 00:00:00,0.89344,0.89702,0.89144,0.89618,166625.1875
2023-09-15 00:00:00,0.89618,0.89772,0.89455,0.89756,113631.609375
2023-09-16 00:00:00,0.89756,0.89756,0.89756,0.89756,0.0
2023-09-17 00:00:00,0.89506,0.89752,0.89484,0.89692,3954.68994140625
2023-09-18 00:00:00,0.89692,0.89822,0.89536,0.89729,80895.0703125
2023-09-19 00:00:00,0.89728,0.89838,0.89477,0.89731,89087.796875
2023-09-20 00:00:00,0.89733,0.89954,0.89316,0.89941,178375.734375
2023-09-21 00:00:00,0.89938,0.90782,0.89852,0.90472,170085.21875
2023-09-22 00:00:00,0.90472,0.90749,0.90424,0.90633,101255.5390625
2023-09-23 00:00:00,0.90633,0.90633,0.90633,0.90633,0.0
2023-09-24 00:00:00,0.9054,0.9072,0.9054,0.90715,14204.5302734375
2023-09-25 00:00:00,0.90717,0.91353,0.90697,0.91212,117762.5234375
2023-09-26 00:00:00,0.91212,0.91596,0.91183,0.91578,110219.28125
2023-09-27 00:00:00,0.91579,0.92249,0.91537,0.9208,155614.015625
2023-09-28 00:00:00,0.92081,0.92164,0.91405,0.91481,176201.1875
2023-09-29 00:00:00,0.91477,0.91633,0.90907,0.91458,210835.375
2023-09-30 00:00:00,0.91458,0.91458,0.91458,0.91458,0.0
2023-10-01 00:00:00,0.91437,0.91602,0.91414,0.91547,19313.01953125
2023-10-02 00:00:00,0.91546,0.91943,0.91101,0.91795,170817.21875
2023-10-03 00:00:00,0.91796,0.9244,0.91795,0.92106,247403.59375
2023-10-04 00:00:00,0.92106,0.92321,0.91437,0.91673,204878.65625
2023-10-05 00:00:00,0.91675,0.91817,0.91192,0.91271,214249.515625
2023-10-06 00:00:00,0.91269,0.91756,0.90728,0.90937,271728.1875
2023-10-07 00:00:00,0.90937,0.90937,0.90937,0.90937,0.0
2023-10-08 00:00:00,0.90858,0.91011,0.90832,0.90895,21423.9296875
2023-10-09 00:00:00,0.90893,0.91233,0.90465,0.90501,144061.09375
2023-10-10 00:00:00,0.90501,0.90826,0.90339,0.90457,190590.625
2023-10-11 00:00:00,0.90457,0.90544,0.90014,0.90103,176687.71875
2023-10-12 00:00:00,0.90106,0.90877,0.89863,0.90788,157471.1875
2023-10-13 00:00:00,0.90786,0.90847,0.9002,0.90121,159074.28125
2023-10-14 00:00:00,0.90121,0.90121,0.90121,0.90121,0.0
2023-10-15 00:00:00,0.89989,0.90288,0.89989,0.90239,21394.689453125
2023-10-16 00:00:00,0.9024,0.9042,0.89943,0.90045,125588.890625
2023-10-17 00:00:00,0.90043,0.90319,0.89895,0.90012,120481.046875
2023-10-18 00:00:00,0.90012,0.90084,0.89542,0.89881,113171.421875
2023-10-19 00:00:00,0.89878,0.90016,0.89031,0.89175,147041.46875
2023-10-20 00:00:00,0.89175,0.89349,0.89019,0.8914,104649.828125
2023-10-21 00:00:00,0.8914,0.8914,0.8914,0.8914,0.0
2023-10-22 00:00:00,0.89097,0.89337,0.89054,0.89325,54905.171875
2023-10-23 00:00:00,0.89327,0.89568,0.89042,0.89083,89181.0234375
2023-10-24 00:00:00,0.89079,0.89518,0.88878,0.89307,106401.96875
2023-10-25 00:00:00,0.89304,0.89737,0.89202,0.8967,80950.7109375
2023-10-26 00:00:00,0.89668,0.90042,0.89629,0.89885,112153.0390625
2023-10-27 00:00:00,0.89887,0.90343,0.89801,0.90216,101122.5078125
2023-10-28 00:00:00,0.90216,0.90216,0.90216,0.90216,0.0
2023-10-29 00:00:00,0.90079,0.90261,0.90079,0.90242,9048.98046875
2023-10-30 00:00:00,0.90243,0.90484,0.90074,0.90205,78156.71875
2023-10-31 00:00:00,0.90206,0.9106,0.90094,0.91003,106233.6875
2023-11-01 00:00:00,0.91002,0.91121,0.90555,0.90555,122922.0390625
2023-11-02 00:00:00,0.90553,0.90685,0.90174,0.90614,111088.78125
2023-11-03 00:00:00,0.9061,0.90737,0.89648,0.89795,96568.3125
2023-11-04 00:00:00,0.89795,0.89795,0.89795,0.89795,0.0
2023-11-05 00:00:00,0.89851,0.89956,0.89812,0.8992,9048.58984375
2023-11-06 00:00:00,0.89917,0.89958,0.89532,0.89925,69651.796875
2023-11-07 00:00:00,0.89926,0.90182,0.89868,0.89999,83951.921875
2023-11-08 00:00:00,0.89998,0.90237,0.89765,0.89905,91244.1015625
2023-11-09 00:00:00,0.89905,0.90409,0.89871,0.90322,96745.8515625
2023-11-10 00:00:00,0.90321,0.90457,0.90017,0.90163,77105.703125
2023-11-11 00:00:00,0.90163,0.90163,0.90163,0.90163,0.0
2023-11-12 00:00:00,0.90154,0.90241,0.90154,0.90193,9586.01953125
2023-11-13 00:00:00,0.90195,0.9052,0.90067,0.90132,66403.3828125
2023-11-14 00:00:00,0.9013,0.90269,0.88795,0.88904,129739.328125
2023-11-15 00:00:00,0.88904,0.89027,0.8854,0.88711,87547.9296875
2023-11-16 00:00:00,0.88711,0.88998,0.88541,0.8885,92675.796875
2023-11-17 00:00:00,0.88849,0.88935,0.88505,0.88508,87085.3203125
2023-11-18 00:00:00,0.88508,0.88508,0.88508,0.88508,0.0
2023-11-19 00:00:00,0.88497,0.88598,0.88492,0.88594,5134.68017578125
2023-11-20 00:00:00,0.88595,0.88654,0.88258,0.88439,78069.3828125
2023-11-21 00:00:00,0.8844,0.88482,0.88191,0.88332,86709.359375
2023-11-22 00:00:00,0.88333,0.88743,0.88198,0.88404,91908.390625
2023-11-23 00:00:00,0.88405,0.8849,0.88167,0.88454,59055.5703125
2023-11-24 00:00:00,0.88453,0.88484,0.8809,0.8809,211099.578125
2023-11-25 00:00:00,0.8809,0.8809,0.8809,0.8809,0.0
2023-11-26 00:00:00,0.88157,0.88247,0.88149,0.88218,7476.43017578125
2023-11-27 00:00:00,0.88216,0.88277,0.87933,0.87997,77546.65625
2023-11-28 00:00:00,0.87996,0.88187,0.87611,0.87706,91836.796875
2023-11-29 00:00:00,0.87706,0.87837,0.87197,0.87332,108047.546875
2023-11-30 00:00:00,0.87333,0.87706,0.8684,0.87473,144906.59375
2023-12-01 00:00:00,0.87471,0.87683,0.86789,0.86869,138027.234375
2023-12-02 00:00:00,0.86869,0.86869,0.86869,0.86869,0.0
2023-12-03 00:00:00,0.86915,0.86924,0.86663,0.86754,12705.33984375
2023-12-04 00:00:00,0.86753,0.8755,0.86751,0.87256,137702.8125
2023-12-05 00:00:00,0.87255,0.87659,0.8714,0.87503,138154.265625
2023-12-06 00:00:00,0.87504,0.87598,0.87288,0.87463,111525.0
2023-12-07 00:00:00,0.87461,0.87818,0.87275,0.87546,153902.75
2023-12-08 00:00:00,0.87543,0.88205,0.87408,0.87965,160083.53125
2023-12-09 00:00:00,0.87965,0.87965,0.87965,0.87965,0.0
2023-12-10 00:00:00,0.87991,0.88039,0.87951,0.87959,10119.5595703125
2023-12-11 00:00:00,0.87959,0.88161,0.87786,0.8783,98309.3671875
2023-12-12 00:00:00,0.87828,0.8784,0.87218,0.87512,122244.203125
2023-12-13 00:00:00,0.87515,0.87799,0.869,0.87096,162760.203125
2023-12-14 00:00:00,0.87096,0.87315,0.863,0.86708,199930.328125
2023-12-15 00:00:00,0.86721,0.87111,0.86517,0.87017,140485.40625
2023-12-16 00:00:00,0.87017,0.87017,0.87017,0.87017,0.0
2023-12-17 00:00:00,0.86929,0.87083,0.86907,0.87067,14811.6904296875
2023-12-18 00:00:00,0.87061,0.87113,0.86637,0.8671,85545.546875
2023-12-19 00:00:00,0.86709,0.8677,0.85926,0.86066,118134.7265625
2023-12-20 00:00:00,0.86067,0.86505,0.86014,0.86266,85825.2734375
2023-12-21 00:00:00,0.86263,0.86322,0.85591,0.8563,133348.6875
2023-12-22 00:00:00,0.85629,0.85731,0.85135,0.85574,286712.8125
2023-12-23 00:00:00,0.85574,0.85574,0.85574,0.85574,0.0
2023-12-24 00:00:00,0.85532,0.85532,0.85492,0.85531,52.79999923706055
2023-12-25 00:00:00,0.85531,0.8562,0.85403,0.85602,9830.5
2023-12-26 00:00:00,0.85602,0.85792,0.85302,0.85374,115886.2890625
2023-12-27 00:00:00,0.85374,0.85487,0.84083,0.84249,108612.4765625
2023-12-28 00:00:00,0.84247,0.84505,0.83323,0.84347,166741.4375
2023-12-29 00:00:00,0.84347,0.84356,0.8356,0.84109,260582.484375
2023-12-30 00:00:00,0.84109,0.84109,0.84109,0.84109,0.0
2023-12-31 00:00:00,0.84109,0.84109,0.84109,0.84109,0.0
2024-01-01 00:00:00,0.83934,0.84233,0.83862,0.84194,6791.58984375
2024-01-02 00:00:00,0.84192,0.85065,0.84168,0.85007,147124.84375
2024-01-03 00:00:00,0.85009,0.85539,0.84871,0.84917,152836.015625
2024-01-04 00:00:00,0.84917,0.85284,0.84768,0.85022,134379.421875
2024-01-05 00:00:00,0.85026,0.85764,0.84548,0.84945,148440.984375
2024-01-06 00:00:00,0.84945,0.84945,0.84945,0.84945,0.0
2024-01-07 00:00:00,0.84857,0.85131,0.84847,0.85075,7343.7001953125
2024-01-08 00:00:00,0.85077,0.85209,0.84599,0.84803,100255.109375
2024-01-09 00:00:00,0.84802,0.85316,0.8464,0.8524,109751.390625
2024-01-10 00:00:00,0.85241,0.85349,0.85048,0.85052,96097.4765625
2024-01-11 00:00:00,0.85051,0.8566,0.84866,0.85104,199645.546875
2024-01-12 00:00:00,0.85104,0.85505,0.8488,0.85171,120774.84375
2024-01-13 00:00:00,0.85171,0.85171,0.85171,0.85171,0.0
2024-01-14 00:00:00,0.85137,0.85348,0.85137,0.85342,5555.91015625
2024-01-15 00:00:00,0.85341,0.85617,0.85216,0.85601,77431.03125
2024-01-16 00:00:00,0.85602,0.86192,0.85589,0.86149,153312.0
2024-01-17 00:00:00,0.86149,0.86848,0.86073,0.86429,134891.8125
2024-01-18 00:00:00,0.8643,0.86936,0.86328,0.868,180473.125
2024-01-19 00:00:00,0.86799,0.8704,0.86761,0.86764,108642.15625
2024-01-20 00:00:00,0.86764,0.86764,0.86764,0.86764,0.0
2024-01-21 00:00:00,0.8685,0.86909,0.86733,0.8685,6035.85986328125
2024-01-22 00:00:00,0.86851,0.87003,0.86657,0.86916,124074.2109375
2024-01-23 00:00:00,0.86916,0.8728,0.86496,0.86966,115140.546875
2024-01-24 00:00:00,0.86967,0.86992,0.86062,0.86306,157764.0625
2024-01-25 00:00:00,0.86306,0.86844,0.86259,0.86711,173214.15625
2024-01-26 00:00:00,0.86711,0.86846,0.86157,0.86364,143116.984375
2024-01-27 00:00:00,0.86364,0.86364,0.86364,0.86364,0.0
2024-01-28 00:00:00,0.86471,0.86472,0.86344,0.86431,25083.990234375
2024-01-29 00:00:00,0.86432,0.8649,0.86064,0.86136,119949.9296875
2024-01-30 00:00:00,0.86137,0.86427,0.86064,0.86183,105900.578125
2024-01-31 00:00:00,0.8618,0.86435,0.85504,0.86236,219491.84375
2024-02-01 00:00:00,0.86236,0.86494,0.85707,0.85758,157922.6875
2024-02-02 00:00:00,0.85761,0.86804,0.85528,0.8665,147167.6875
2024-02-03 00:00:00,0.8665,0.8665,0.8665,0.8665,0.0
2024-02-04 00:00:00,0.8654,0.86784,0.86532,0.86703,6993.16015625
2024-02-05 00:00:00,0.86702,0.87183,0.86677,0.87072,122937.21875
2024-02-06 00:00:00,0.87072,0.87409,0.86897,0.86953,142668.953125
2024-02-07 00:00:00,0.86954,0.87529,0.8688,0.87413,137896.84375
2024-02-08 00:00:00,0.87414,0.87607,0.87239,0.87341,122067.25
2024-02-09 00:00:00,0.87341,0.87617,0.87309,0.8746,104495.6875
2024-02-10 00:00:00,0.8746,0.8746,0.8746,0.8746,0.0
2024-02-11 00:00:00,0.8744,0.87455,0.874,0.87421,7187.85009765625
2024-02-12 00:00:00,0.87422,0.87724,0.87262,0.87584,87687.2421875
2024-02-13 00:00:00,0.87581,0.88806,0.87552,0.88744,162184.59375
2024-02-14 00:00:00,0.88743,0.88854,0.88473,0.88523,104657.8671875
2024-02-15 00:00:00,0.88523,0.88577,0.87825,0.87987,132796.5625
2024-02-16 00:00:00,0.87988,0.88388,0.87975,0.8799,93996.8828125
2024-02-17 00:00:00,0.8799,0.8799,0.8799,0.8799,0.0
2024-02-18 00:00:00,0.87806,0.88099,0.87806,0.88072,4004.469970703125
2024-02-19 00:00:00,0.88072,0.88292,0.87963,0.88277,57589.8203125
2024-02-20 00:00:00,0.88277,0.88375,0.87854,0.8819,73207.359375
2024-02-21 00:00:00,0.88188,0.88198,0.87881,0.87914,81743.6484375
2024-02-22 00:00:00,0.87917,0.8821,0.87421,0.88008,86690.046875
2024-02-23 00:00:00,0.88006,0.8819,0.87809,0.88054,45093.94921875
2024-02-24 00:00:00,0.88054,0.88054,0.88054,0.88054,0.0
2024-02-25 00:00:00,0.87931,0.88139,0.87931,0.88128,2171.7099609375
2024-02-26 00:00:00,0.88127,0.88219,0.87879,0.88005,46816.62890625
2024-02-27 00:00:00,0.88005,0.88103,0.87841,0.87901,56422.37109375
2024-02-28 00:00:00,0.879,0.88154,0.87838,0.87872,54830.390625
2024-02-29 00:00:00,0.87871,0.88485,0.87791,0.88442,79886.609375
2024-03-01 00:00:00,0.88442,0.88923,0.8825,0.88292,73201.796875
2024-03-02 00:00:00,0.88292,0.88292,0.88292,0.88292,0.0
2024-03-03 00:00:00,0.88307,0.88365,0.88283,0.88341,6612.3701171875
2024-03-04 00:00:00,0.88339,0.8864,0.88052,0.8852,60944.25
2024-03-05 00:00:00,0.88522,0.88661,0.88253,0.88358,53465.23046875
2024-03-06 00:00:00,0.88359,0.88554,0.88041,0.88203,61977.75
2024-03-07 00:00:00,0.88202,0.88231,0.87715,0.87728,80976.2265625
2024-03-08 00:00:00,0.87726,0.87823,0.87294,0.8764,72422.4921875
2024-03-09 00:00:00,0.8764,0.8764,0.8764,0.8764,0.0
2024-03-10 00:00:00,0.87497,0.8781,0.87497,0.87754,9038.5703125
2024-03-11 00:00:00,0.87753,0.87946,0.87547,0.87731,60039.12890625
2024-03-12 00:00:00,0.87731,0.87945,0.87468,0.87739,95466.96875
2024-03-13 00:00:00,0.87739,0.87895,0.87658,0.87834,67940.9765625
2024-03-14 00:00:00,0.87833,0.88436,0.87817,0.88426,82702.796875
2024-03-15 00:00:00,0.88427,0.88524,0.8819,0.88336,68431.71875
2024-03-16 00:00:00,0.88336,0.88336,0.88336,0.88336,0.0
2024-03-17 00:00:00,0.88289,0.88362,0.8821,0.88354,14555.9404296875
2024-03-18 00:00:00,0.88355,0.88842,0.88213,0.88754,70739.6328125
2024-03-19 00:00:00,0.88753,0.88982,0.88668,0.88855,90693.25
2024-03-20 00:00:00,0.88855,0.89185,0.88541,0.88563,142979.59375
2024-03-21 00:00:00,0.88563,0.89937,0.88389,0.89773,160789.5625
2024-03-22 00:00:00,0.89772,0.90201,0.89652,0.89699,100927.921875
2024-03-23 00:00:00,0.89699,0.89699,0.89699,0.89699,0.0
2024-03-24 00:00:00,0.89689,0.89769,0.89669,0.89764,14459.3603515625
2024-03-25 00:00:00,0.89764,0.89983,0.89688,0.89954,75531.328125
2024-03-26 00:00:00,0.89953,0.90431,0.89901,0.90366,79546.953125
2024-03-27 00:00:00,0.90367,0.90712,0.90326,0.90562,78776.3828125
2024-03-28 00:00:00,0.9056,0.90645,0.8996,0.9011,131737.765625
2024-03-29 00:00:00,0.90112,0.90275,0.9004,0.90051,150985.953125
2024-03-30 00:00:00,0.90051,0.90051,0.90051,0.90051,0.0
2024-03-31 00:00:00,0.90097,0.90229,0.90044,0.902,8413.6396484375
2024-04-01 00:00:00,0.90197,0.90565,0.90049,0.90505,62080.578125
2024-04-02 00:00:00,0.90505,0.90905,0.90497,0.90778,76569.6015625
2024-04-03 00:00:00,0.90779,0.90952,0.90264,0.90293,76529.921875
2024-04-04 00:00:00,0.90293,0.90747,0.90036,0.90152,84746.3203125
2024-04-05 00:00:00,0.90152,0.90706,0.89974,0.90124,99281.7421875
2024-04-06 00:00:00,0.90124,0.90124,0.90124,0.90124,0.0
2024-04-07 00:00:00,0.89975,0.90394,0.8997,0.9032,14607.169921875
2024-04-08 00:00:00,0.90319,0.90653,0.90233,0.90502,88969.6484375
2024-04-09 00:00:00,0.90501,0.90559,0.90124,0.90304,76727.8828125
2024-04-10 00:00:00,0.90303,0.91472,0.90244,0.91317,137043.8125
2024-04-11 00:00:00,0.91318,0.91463,0.9074,0.90979,94501.609375
2024-04-12 00:00:00,0.9098,0.91452,0.90932,0.91359,87998.71875
2024-04-13 00:00:00,0.91359,0.91359,0.91359,0.91359,0.0
2024-04-14 00:00:00,0.91107,0.91405,0.91107,0.91374,11883.669921875
2024-04-15 00:00:00,0.91373,0.91517,0.91128,0.91189,100186.5390625
2024-04-16 00:00:00,0.9119,0.91417,0.9111,0.91263,107588.75
2024-04-17 00:00:00,0.91263,0.91322,0.90932,0.91063,81068.4765625
2024-04-18 00:00:00,0.91062,0.91308,0.90808,0.91245,70596.0625
2024-04-19 00:00:00,0.91246,0.91267,0.90102,0.90951,142487.90625
2024-04-20 00:00:00,0.90951,0.90951,0.90951,0.90951,0.0
2024-04-21 00:00:00,0.90858,0.91127,0.90858,0.9112,7452.7900390625
2024-04-22 00:00:00,0.91117,0.91236,0.90981,0.91187,60597.890625
2024-04-23 00:00:00,0.91185,0.91299,0.90866,0.91175,70784.3125
2024-04-24 00:00:00,0.91173,0.9153,0.91132,0.91443,60015.46875
2024-04-25 00:00:00,0.91442,0.91565,0.91165,0.91266,76696.0703125
2024-04-26 00:00:00,0.9127,0.91498,0.90957,0.91387,78226.796875
2024-04-27 00:00:00,0.91387,0.91387,0.91387,0.91387,0.0
2024-04-28 00:00:00,0.91236,0.91422,0.91235,0.9137,2991.2099609375
2024-04-29 00:00:00,0.91369,0.91527,0.9088,0.91079,94226.3203125
2024-04-30 00:00:00,0.91077,0.91968,0.91047,0.9196,92531.96875
2024-05-01 00:00:00,0.91962,0.9224,0.91454,0.91635,95667.4921875
2024-05-02 00:00:00,0.91636,0.91732,0.9097,0.90974,95449.609375
2024-05-03 00:00:00,0.90971,0.91047,0.90054,0.90475,107096.59375
2024-05-04 00:00:00,0.90475,0.90475,0.90475,0.90475,0.0
2024-05-05 00:00:00,0.9039,0.90598,0.9037,0.90586,3590.659912109375
2024-05-06 00:00:00,0.90588,0.90676,0.90355,0.90673,46601.23828125
2024-05-07 00:00:00,0.90672,0.90934,0.90574,0.90844,54829.4609375
2024-05-08 00:00:00,0.90845,0.90955,0.9073,0.90787,46032.328125
2024-05-09 00:00:00,0.90789,0.90984,0.90527,0.90588,46604.5
2024-05-10 00:00:00,0.90586,0.90851,0.90558,0.9064,41463.2109375
2024-05-11 00:00:00,0.9064,0.9064,0.9064,0.9064,0.0
2024-05-12 00:00:00,0.90519,0.90647,0.90482,0.90646,1588.97998046875
2024-05-13 00:00:00,0.90648,0.90871,0.90453,0.90796,43286.328125
2024-05-14 00:00:00,0.90793,0.91021,0.90545,0.90689,60801.859375
2024-05-15 00:00:00,0.90689,0.90704,0.90051,0.90064,81490.40625
2024-05-16 00:00:00,0.90065,0.9063,0.89876,0.90604,63232.140625
2024-05-17 00:00:00,0.90602,0.9098,0.90593,0.90888,44672.87109375
2024-05-18 00:00:00,0.90888,0.90888,0.90888,0.90888,0.0
2024-05-19 00:00:00,0.90901,0.90924,0.9081,0.90895,3417.090087890625
2024-05-20 00:00:00,0.90894,0.91085,0.90786,0.91012,49619.44921875
2024-05-21 00:00:00,0.91014,0.91161,0.90869,0.91127,51948.55078125
2024-05-22 00:00:00,0.91128,0.91579,0.91064,0.9152,60479.359375
2024-05-23 00:00:00,0.91522,0.91541,0.91261,0.91442,116955.65625
2024-05-24 00:00:00,0.91443,0.91578,0.91336,0.91462,48405.98046875
2024-05-25 00:00:00,0.91462,0.91462,0.91462,0.91462,0.0
2024-05-26 00:00:00,0.91382,0.91449,0.91279,0.91446,1977.949951171875
2024-05-27 00:00:00,0.91446,0.91535,0.91311,0.91325,38908.26953125
2024-05-28 00:00:00,0.91326,0.91332,0.90852,0.91232,66677.2265625
2024-05-29 00:00:00,0.91232,0.91432,0.91126,0.9132,59392.33984375
2024-05-30 00:00:00,0.91322,0.91406,0.903,0.90335,80028.25
2024-05-31 00:00:00,0.90334,0.90689,0.90022,0.90193,79316.9765625
2024-06-01 00:00:00,0.90193,0.90193,0.90193,0.90193,0.0
2024-06-02 00:00:00,0.9031,0.90311,0.90128,0.90135,4264.669921875
2024-06-03 00:00:00,0.90135,0.90354,0.89496,0.89506,79576.859375
2024-06-04 00:00:00,0.89504,0.8972,0.88841,0.89,87589.578125
2024-06-05 00:00:00,0.89,0.89486,0.89,0.89263,67918.453125
2024-06-06 00:00:00,0.89262,0.89304,0.88896,0.88968,64258.80859375
2024-06-07 00:00:00,0.88972,0.89726,0.88808,0.89593,72991.8828125
2024-06-08 00:00:00,0.89593,0.89593,0.89593,0.89593,0.0
2024-06-09 00:00:00,0.89647,0.89764,0.89604,0.89604,4887.2900390625
2024-06-10 00:00:00,0.89605,0.89827,0.89452,0.89654,53873.73828125
2024-06-11 00:00:00,0.89655,0.8993,0.8959,0.89778,56834.41015625
2024-06-12 00:00:00,0.89778,0.8983,0.88927,0.89416,105306.21875
2024-06-13 00:00:00,0.89415,0.8967,0.89313,0.89398,79078.7890625
2024-06-14 00:00:00,0.89399,0.89475,0.88944,0.88962,100634.75
2024-06-15 00:00:00,0.88962,0.88962,0.88962,0.88962,0.0
2024-06-16 00:00:00,0.89051,0.89092,0.88941,0.89076,3484.699951171875
2024-06-17 00:00:00,0.89078,0.8932,0.88828,0.88839,66307.2109375
2024-06-18 00:00:00,0.88839,0.88997,0.88265,0.88417,86474.0703125
2024-06-19 00:00:00,0.88417,0.88542,0.88335,0.8843,44099.48046875
2024-06-20 00:00:00,0.88431,0.89258,0.88318,0.89149,84639.6328125
2024-06-21 00:00:00,0.89148,0.89442,0.89048,0.89391,65725.328125
2024-06-22 00:00:00,0.89391,0.89391,0.89391,0.89391,0.0
2024-06-23 00:00:00,0.8924,0.8944,0.8924,0.89437,3504.39990234375
2024-06-24 00:00:00,0.89436,0.8945,0.89214,0.89322,54736.140625
2024-06-25 00:00:00,0.8932,0.89531,0.89127,0.89529,53335.55859375
2024-06-26 00:00:00,0.89531,0.89828,0.89462,0.89705,63856.41015625
2024-06-27 00:00:00,0.89704,0.89884,0.8957,0.89853,54852.828125
2024-06-28 00:00:00,0.89855,0.90095,0.89791,0.89854,73770.09375
2024-06-29 00:00:00,0.89854,0.89854,0.89854,0.89854,0.0
2024-06-30 00:00:00,0.89763,0.90038,0.89704,0.90033,6528.8701171875
2024-07-01 00:00:00,0.90033,0.90442,0.89839,0.90324,76269.921875
2024-07-02 00:00:00,0.90323,0.90494,0.90303,0.90372,57859.328125
2024-07-03 00:00:00,0.90372,0.90501,0.89853,0.9008,70546.59375
2024-07-04 00:00:00,0.90082,0.90392,0.89912,0.90024,41785.51953125
2024-07-05 00:00:00,0.90024,0.90056,0.89535,0.89557,87303.703125
2024-07-06 00:00:00,0.89557,0.89557,0.89557,0.89557,0.0
2024-07-07 00:00:00,0.89525,0.89575,0.89426,0.89524,4328.47998046875
2024-07-08 00:00:00,0.89525,0.89781,0.89445,0.89778,68243.9609375
2024-07-09 00:00:00,0.89778,0.89903,0.89684,0.89758,64796.0703125
2024-07-10 00:00:00,0.89757,0.90005,0.89638,0.89917,58469.1484375
2024-07-11 00:00:00,0.89916,0.89978,0.89147,0.89607,127962.5234375
2024-07-12 00:00:00,0.89609,0.89695,0.89321,0.89422,87771.0078125
2024-07-13 00:00:00,0.89422,0.89422,0.89422,0.89422,0.0
2024-07-14 00:00:00,0.89421,0.89709,0.89364,0.89694,4439.06982421875
2024-07-15 00:00:00,0.89694,0.89719,0.89338,0.89548,64217.578125
2024-07-16 00:00:00,0.89548,0.89787,0.89328,0.89346,59134.87890625
2024-07-17 00:00:00,0.89346,0.89447,0.88196,0.88227,98437.2265625
2024-07-18 00:00:00,0.88227,0.88785,0.88225,0.88745,88454.21875
2024-07-19 00:00:00,0.88746,0.88995,0.88741,0.88885,56903.4609375
2024-07-20 00:00:00,0.88885,0.88885,0.88885,0.88885,0.0
2024-07-21 00:00:00,0.88759,0.88914,0.88742,0.88802,4084.489990234375
2024-07-22 00:00:00,0.88802,0.89019,0.88707,0.88963,57515.80859375
2024-07-23 00:00:00,0.88963,0.89238,0.88881,0.89148,61826.609375
2024-07-24 00:00:00,0.89149,0.8921,0.88283,0.88513,95265.328125
2024-07-25 00:00:00,0.88513,0.88538,0.87765,0.88069,130406.25
2024-07-26 00:00:00,0.88068,0.88443,0.88021,0.88339,77459.21875
2024-07-27 00:00:00,0.88339,0.88339,0.88339,0.88339,0.0
2024-07-28 00:00:00,0.8828,0.88448,0.88223,0.88446,3982.800048828125
2024-07-29 00:00:00,0.88447,0.88711,0.88198,0.88613,57264.9296875
2024-07-30 00:00:00,0.88613,0.88752,0.88175,0.88188,75684.5625
2024-07-31 00:00:00,0.88187,0.88301,0.87701,0.8782,134735.953125
2024-08-01 00:00:00,0.8782,0.87824,0.87239,0.87292,117917.15625
2024-08-02 00:00:00,0.8729,0.87334,0.85735,0.85779,156369.546875
2024-08-03 00:00:00,0.85779,0.85779,0.85779,0.85779,0.0
2024-08-04 00:00:00,0.85903,0.85943,0.85565,0.85637,13164.41015625
2024-08-05 00:00:00,0.85635,0.85724,0.84319,0.8548,293992.125
2024-08-06 00:00:00,0.85481,0.85714,0.84993,0.85269,175627.921875
2024-08-07 00:00:00,0.8527,0.86618,0.85242,0.86,163857.265625
2024-08-08 00:00:00,0.86001,0.86738,0.85595,0.86696,170015.3125
2024-08-09 00:00:00,0.86696,0.86716,0.8632,0.86492,89375.0625
2024-08-10 00:00:00,0.86492,0.86492,0.86492,0.86492,0.0
2024-08-11 00:00:00,0.86344,0.86609,0.8625,0.86499,6382.009765625
2024-08-12 00:00:00,0.86499,0.87116,0.86444,0.8648,93230.0703125
2024-08-13 00:00:00,0.86481,0.86797,0.86366,0.86508,101955.3671875
2024-08-14 00:00:00,0.86505,0.86607,0.86162,0.86501,108209.5390625
2024-08-15 00:00:00,0.86503,0.87482,0.86467,0.87257,95590.21875
2024-08-16 00:00:00,0.87255,0.87263,0.8654,0.8658,74681.4921875
2024-08-17 00:00:00,0.8658,0.8658,0.8658,0.8658,0.0
2024-08-18 00:00:00,0.86518,0.86763,0.86496,0.86757,5522.7900390625
2024-08-19 00:00:00,0.86758,0.86772,0.86154,0.86254,91344.1484375
2024-08-20 00:00:00,0.86255,0.86259,0.85206,0.85361,91492.546875
2024-08-21 00:00:00,0.85362,0.85612,0.84947,0.8511,110582.7109375
2024-08-22 00:00:00,0.85112,0.85336,0.8489,0.85177,94042.4296875
2024-08-23 00:00:00,0.85176,0.85413,0.84703,0.84763,106222.5390625
2024-08-24 00:00:00,0.84763,0.84763,0.84763,0.84763,0.0
2024-08-25 00:00:00,0.84726,0.84814,0.84679,0.84715,7256.43994140625
2024-08-26 00:00:00,0.84716,0.84854,0.84556,0.84709,75131.7734375
2024-08-27 00:00:00,0.84707,0.8484,0.84088,0.84166,87455.828125
2024-08-28 00:00:00,0.84166,0.84517,0.84083,0.84182,91949.796875
2024-08-29 00:00:00,0.84183,0.84933,0.83999,0.84693,108961.2890625
2024-08-30 00:00:00,0.84692,0.85103,0.84666,0.84952,84192.3828125
2024-08-31 00:00:00,0.84952,0.84952,0.84952,0.84952,0.0
2024-09-01 00:00:00,0.84828,0.85096,0.84775,0.85069,3344.489990234375
2024-09-02 00:00:00,0.85067,0.85371,0.84847,0.85139,43923.390625
2024-09-03 00:00:00,0.8514,0.85373,0.84776,0.84987,108963.03125
2024-09-04 00:00:00,0.84988,0.85184,0.84552,0.84605,114248.921875
2024-09-05 00:00:00,0.84605,0.84906,0.84334,0.84379,106582.0625
2024-09-06 00:00:00,0.84381,0.84754,0.83736,0.84248,154420.703125
2024-09-07 00:00:00,0.84248,0.84248,0.84248,0.84248,0.0
2024-09-08 00:00:00,0.84326,0.84415,0.842,0.84404,6282.0400390625
2024-09-09 00:00:00,0.84402,0.84953,0.84356,0.84947,91547.3671875
2024-09-10 00:00:00,0.84945,0.84985,0.84559,0.84663,90590.828125
2024-09-11 00:00:00,0.84664,0.85292,0.84216,0.85268,142645.25
2024-09-12 00:00:00,0.85269,0.85493,0.84972,0.84983,118181.9375
2024-09-13 00:00:00,0.84983,0.85005,0.84434,0.84796,115576.9765625
2024-09-14 00:00:00,0.84796,0.84796,0.84796,0.84796,0.0
2024-09-15 00:00:00,0.84625,0.84857,0.84618,0.84808,4180.8798828125
2024-09-16 00:00:00,0.84807,0.84809,0.84342,0.84462,98639.9296875
2024-09-17 00:00:00,0.8446,0.84768,0.84294,0.84636,114386.546875
2024-09-18 00:00:00,0.84633,0.84796,0.83903,0.8473,158172.90625
2024-09-19 00:00:00,0.84731,0.85144,0.84488,0.84781,164306.703125
2024-09-20 00:00:00,0.8478,0.85166,0.84512,0.84972,137032.75
2024-09-21 00:00:00,0.84972,0.84972,0.84972,0.84972,0.0
2024-09-22 00:00:00,0.84877,0.85103,0.84877,0.85103,2889.889892578125
2024-09-23 00:00:00,0.85106,0.85177,0.84561,0.8473,102989.140625
2024-09-24 00:00:00,0.84728,0.84898,0.84151,0.84152,124164.40625
2024-09-25 00:00:00,0.84154,0.85073,0.84147,0.8507,110254.8671875
2024-09-26 00:00:00,0.8507,0.85157,0.84525,0.84629,155823.171875
2024-09-27 00:00:00,0.84628,0.84929,0.84013,0.84016,178705.515625
2024-09-28 00:00:00,0.84016,0.84016,0.84016,0.84016,0.0
2024-09-29 00:00:00,0.84037,0.84146,0.83998,0.84138,4953.169921875
2024-09-30 00:00:00,0.84139,0.84736,0.84058,0.84534,129621.140625
2024-10-01 00:00:00,0.84534,0.8482,0.8431,0.84619,168990.484375
2024-10-02 00:00:00,0.84618,0.85075,0.84485,0.84991,112828.6796875
2024-10-03 00:00:00,0.84989,0.85425,0.84883,0.85181,148159.515625
2024-10-04 00:00:00,0.85182,0.86075,0.84998,0.85788,119761.75
2024-10-05 00:00:00,0.85788,0.85788,0.85788,0.85788,0.0
2024-10-06 00:00:00,0.85708,0.85975,0.85694,0.85874,4348.419921875
2024-10-07 00:00:00,0.85872,0.85903,0.85305,0.85452,112511.203125
2024-10-08 00:00:00,0.85454,0.85839,0.853,0.85733,101396.5625
2024-10-09 00:00:00,0.85735,0.861,0.85651,0.8604,81422.9609375
2024-10-10 00:00:00,0.86052,0.86137,0.85573,0.8566,116235.109375
2024-10-11 00:00:00,0.85662,0.85843,0.85586,0.857,63809.3515625
2024-10-12 00:00:00,0.857,0.857,0.857,0.857,0.0
2024-10-13 00:00:00,0.85626,0.85832,0.85626,0.85823,2077.81005859375
2024-10-14 00:00:00,0.85822,0.86414,0.85795,0.86234,50707.6484375
2024-10-15 00:00:00,0.86237,0.86366,0.86063,0.86258,75886.8671875
2024-10-16 00:00:00,0.86262,0.86576,0.8614,0.86541,59813.05859375
2024-10-17 00:00:00,0.86538,0.86695,0.86276,0.86607,88922.9296875
2024-10-18 00:00:00,0.86607,0.86692,0.86455,0.86467,55949.53125
2024-10-19 00:00:00,0.86467,0.86467,0.86467,0.86467,0.0
2024-10-20 00:00:00,0.86384,0.86515,0.86384,0.86494,2683.1201171875
2024-10-21 00:00:00,0.86495,0.86635,0.86329,0.86551,61167.94921875
2024-10-22 00:00:00,0.86553,0.86626,0.86415,0.86554,67403.078125
2024-10-23 00:00:00,0.86553,0.86858,0.86553,0.86677,64977.62890625
2024-10-24 00:00:00,0.86677,0.86714,0.86503,0.86591,83301.25
2024-10-25 00:00:00,0.86589,0.86743,0.86501,0.86637,60705.21875
2024-10-26 00:00:00,0.86637,0.86637,0.86637,0.86637,0.0
2024-10-27 00:00:00,0.86767,0.86879,0.86731,0.86847,6952.39013671875
2024-10-28 00:00:00,0.86848,0.86997,0.86462,0.86469,82252.2890625
2024-10-29 00:00:00,0.86469,0.86982,0.8643,0.86721,86369.65625
2024-10-30 00:00:00,0.86721,0.86933,0.86536,0.86645,92005.9609375
2024-10-31 00:00:00,0.86645,0.86648,0.86321,0.86353,119422.4375
2024-11-01 00:00:00,0.86354,0.8711,0.86319,0.86957,112112.4609375
2024-11-02 00:00:00,0.86957,0.86957,0.86957,0.86957,0.0
2024-11-03 00:00:00,0.86693,0.86806,0.86693,0.86765,4034.97998046875
2024-11-04 00:00:00,0.86764,0.86765,0.86146,0.86416,100843.1328125
2024-11-05 00:00:00,0.86414,0.86464,0.86156,0.86241,105759.3984375
2024-11-06 00:00:00,0.86241,0.87733,0.86192,0.87569,364440.8125
2024-11-07 00:00:00,0.8757,0.87739,0.8709,0.87272,171107.703125
2024-11-08 00:00:00,0.87272,0.87686,0.87006,0.87518,151641.984375
2024-11-09 00:00:00,0.87518,0.87518,0.87518,0.87518,0.0
2024-11-10 00:00:00,0.87457,0.87648,0.87457,0.8761,3833.89990234375
2024-11-11 00:00:00,0.87611,0.88095,0.87577,0.8803,95625.4921875
2024-11-12 00:00:00,0.8803,0.8836,0.88025,0.8821,122683.8203125
2024-11-13 00:00:00,0.88208,0.88632,0.87969,0.88566,167793.828125
2024-11-14 00:00:00,0.88567,0.89173,0.88545,0.89044,156922.3125
2024-11-15 00:00:00,0.89044,0.89072,0.88587,0.88695,174773.875
2024-11-16 00:00:00,0.88695,0.88695,0.88695,0.88695,0.0
2024-11-17 00:00:00,0.88718,0.8887,0.8864,0.88846,2525.489990234375
2024-11-18 00:00:00,0.88846,0.88855,0.88261,0.88321,116011.796875
2024-11-19 00:00:00,0.8832,0.88445,0.88008,0.88203,154046.828125
2024-11-20 00:00:00,0.88206,0.88619,0.8817,0.8836,99504.0390625
2024-11-21 00:00:00,0.88361,0.88697,0.88205,0.88681,146952.453125
2024-11-22 00:00:00,0.8868,0.89572,0.88514,0.89363,167143.828125
2024-11-23 00:00:00,0.89363,0.89363,0.89363,0.89363,0.0
2024-11-24 00:00:00,0.89074,0.89189,0.88967,0.89048,9559.1796875
2024-11-25 00:00:00,0.89049,0.89168,0.88481,0.88881,145328.34375
2024-11-26 00:00:00,0.88882,0.88944,0.88421,0.88609,168191.15625
2024-11-27 00:00:00,0.8861,0.88616,0.87973,0.88227,163478.46875
2024-11-28 00:00:00,0.88225,0.88479,0.8822,0.88238,71629.15625
2024-11-29 00:00:00,0.88237,0.88274,0.87951,0.88024,143743.015625
2024-11-30 00:00:00,0.88024,0.88024,0.88024,0.88024,0.0
2024-12-01 00:00:00,0.8805,0.88267,0.8797,0.88211,6398.6298828125
2024-12-02 00:00:00,0.88212,0.88892,0.88197,0.88628,136567.953125
2024-12-03 00:00:00,0.8863,0.88881,0.88292,0.88634,128257.90625
2024-12-04 00:00:00,0.88634,0.88793,0.88262,0.88371,134052.6875
2024-12-05 00:00:00,0.88373,0.88529,0.87763,0.87829,115992.90625
2024-12-06 00:00:00,0.87829,0.8797,0.8734,0.87812,127356.9921875
2024-12-07 00:00:00,0.87812,0.87812,0.87812,0.87812,0.0
2024-12-08 00:00:00,0.87826,0.87903,0.87785,0.87856,3350.8701171875
2024-12-09 00:00:00,0.87856,0.88036,0.87583,0.87856,97558.5703125
2024-12-10 00:00:00,0.87854,0.88322,0.87705,0.88275,106013.9921875
2024-12-11 00:00:00,0.88274,0.88539,0.88106,0.88321,128702.21875
2024-12-12 00:00:00,0.88773,0.88773,0.88517,0.88717,6257.85986328125
2024-12-13 00:00:00,0.89202,0.89453,0.89145,0.89201,102325.2109375
2024-12-14 00:00:00,0.89201,0.89201,0.89201,0.89201,0.0
2024-12-15 00:00:00,0.89194,0.89313,0.8913,0.89172,4110.009765625
2024-12-16 00:00:00,0.89172,0.89483,0.88984,0.89399,103932.359375
2024-12-17 00:00:00,0.89398,0.89746,0.89144,0.89245,101992.03125
2024-12-18 00:00:00,0.89248,0.90214,0.89171,0.90165,125441.828125
2024-12-19 00:00:00,0.90164,0.90165,0.89516,0.89896,155319.90625
2024-12-20 00:00:00,0.89895,0.89897,0.89131,0.893,134205.375
2024-12-21 00:00:00,0.893,0.893,0.893,0.893,0.0
2024-12-22 00:00:00,0.8911,0.89321,0.89103,0.89303,6389.759765625
2024-12-23 00:00:00,0.89303,0.90014,0.89272,0.89851,90617.2890625
2024-12-24 00:00:00,0.89852,0.90118,0.89827,0.89957,56468.51171875
2024-12-25 00:00:00,0.89957,0.90002,0.89787,0.89938,5189.56982421875
2024-12-26 00:00:00,0.89939,0.90097,0.89842,0.89896,59445.921875
2024-12-27 00:00:00,0.89896,0.90271,0.89884,0.90186,80444.640625
2024-12-28 00:00:00,0.90186,0.90186,0.90186,0.90186,0.0
2024-12-29 00:00:00,0.9012,0.90189,0.90009,0.90184,3070.77001953125
2024-12-30 00:00:00,0.90184,0.90737,0.90097,0.90325,99572.46875
2024-12-31 00:00:00,0.90326,0.90799,0.90228,0.9072,80655.53125
2025-01-01 00:00:00,0.90517,0.90779,0.90483,0.90767,3991.590087890625
2025-01-02 00:00:00,0.90768,0.91368,0.90387,0.91202,124220.5390625
2025-01-03 00:00:00,0.91203,0.91244,0.90797,0.90822,72755.640625
2025-01-04 00:00:00,0.90822,0.90822,0.90822,0.90822,0.0
2025-01-05 00:00:00,0.9086,0.90938,0.90822,0.90932,2188.389892578125
2025-01-06 00:00:00,0.90934,0.91046,0.90079,0.90491,131691.5625
2025-01-07 00:00:00,0.9049,0.90971,0.90224,0.90952,129758.3828125
2025-01-08 00:00:00,0.9095,0.9128,0.90869,0.91097,118328.4921875
2025-01-09 00:00:00,0.91096,0.91307,0.90978,0.91204,87997.2890625
2025-01-10 00:00:00,0.91204,0.91883,0.91142,0.91603,115194.609375
2025-01-11 00:00:00,0.91603,0.91603,0.91603,0.91603,0.0
2025-01-12 00:00:00,0.91525,0.91693,0.91519,0.9169,3194.22998046875
2025-01-13 00:00:00,0.9169,0.92011,0.91506,0.91587,108651.53125
2025-01-14 00:00:00,0.91587,0.91734,0.91192,0.91246,124785.15625
2025-01-15 00:00:00,0.91247,0.91459,0.90773,0.9121,124265.9921875
2025-01-16 00:00:00,0.9121,0.91361,0.90989,0.91114,117594.609375
2025-01-17 00:00:00,0.91113,0.91532,0.90958,0.91443,98796.109375
2025-01-18 00:00:00,0.91443,0.91443,0.91443,0.91443,0.0
2025-01-19 00:00:00,0.91217,0.91517,0.91217,0.91447,3682.070068359375
2025-01-20 00:00:00,0.91449,0.91467,0.90551,0.90605,154246.65625
2025-01-21 00:00:00,0.90604,0.91143,0.9048,0.90666,143836.34375
2025-01-22 00:00:00,0.90666,0.90748,0.90322,0.90633,114163.3203125
2025-01-23 00:00:00,0.90637,0.9108,0.90562,0.90745,150808.375
2025-01-24 00:00:00,0.90745,0.9076,0.9027,0.90483,147990.015625
2025-01-25 00:00:00,0.90483,0.90483,0.90483,0.90483,0.0
2025-01-26 00:00:00,0.90503,0.90695,0.90503,0.90683,4300.81005859375
2025-01-27 00:00:00,0.90681,0.90727,0.89649,0.90444,187260.09375
2025-01-28 00:00:00,0.90443,0.90705,0.90361,0.9042,119874.4921875
2025-01-29 00:00:00,0.90419,0.90949,0.90312,0.90631,138053.09375
2025-01-30 00:00:00,0.9063,0.91033,0.90586,0.90958,133651.40625
2025-01-31 00:00:00,0.90958,0.91153,0.9071,0.91008,143880.921875
2025-02-01 00:00:00,0.91008,0.91008,0.91008,0.91008,0.0
2025-02-02 00:00:00,0.91523,0.91595,0.91357,0.91509,12813.009765625
2025-02-03 00:00:00,0.91508,0.91964,0.90917,0.91153,206617.9375
2025-02-04 00:00:00,0.91154,0.9131,0.90451,0.90542,117186.7421875
2025-02-05 00:00:00,0.90541,0.90591,0.90013,0.9014,115925.546875
2025-02-06 00:00:00,0.9014,0.90618,0.90076,0.90512,97762.2578125
2025-02-07 00:00:00,0.90512,0.91058,0.90449,0.90923,125517.6796875
2025-02-08 00:00:00,0.90923,0.90923,0.90923,0.90923,0.0
2025-02-09 00:00:00,0.91017,0.91104,0.91003,0.91092,4069.419921875
2025-02-10 00:00:00,0.91093,0.9122,0.90936,0.91138,89599.609375
2025-02-11 00:00:00,0.91137,0.91403,0.911,0.91307,84012.4765625
2025-02-12 00:00:00,0.91308,0.91555,0.91023,0.91342,120728.828125
2025-02-13 00:00:00,0.91342,0.914,0.90242,0.90321,133813.5625
2025-02-14 00:00:00,0.90323,0.90487,0.89718,0.89949,105093.9609375
2025-02-15 00:00:00,0.89949,0.89949,0.89949,0.89949,0.0
2025-02-16 00:00:00,0.89757,0.90011,0.89744,0.89988,5697.02001953125
2025-02-17 00:00:00,0.89986,0.90177,0.89913,0.90073,74354.9921875
2025-02-18 00:00:00,0.90071,0.90408,0.89951,0.90362,79138.828125
2025-02-19 00:00:00,0.90362,0.90544,0.90232,0.90459,86064.1484375
2025-02-20 00:00:00,0.90458,0.90459,0.89754,0.89816,102660.2734375
2025-02-21 00:00:00,0.89815,0.90046,0.89675,0.89755,100707.6171875
2025-02-22 00:00:00,0.89755,0.89755,0.89755,0.89755,0.0
2025-02-23 00:00:00,0.8969,0.89849,0.89654,0.89846,7691.990234375
2025-02-24 00:00:00,0.89846,0.89978,0.89533,0.89733,103277.328125
2025-02-25 00:00:00,0.8973,0.89775,0.89118,0.89238,96743.0
2025-02-26 00:00:00,0.89236,0.89645,0.89159,0.89446,102598.1171875
2025-02-27 00:00:00,0.89447,0.90051,0.89443,0.90006,111881.78125
2025-02-28 00:00:00,0.90006,0.90357,0.89822,0.90243,111646.6015625
2025-03-01 00:00:00,0.90243,0.90243,0.90243,0.90243,0.0
2025-03-02 00:00:00,0.9021,0.90297,0.9021,0.90262,4248.16015625
2025-03-03 00:00:00,0.90263,0.90308,0.896,0.8968,116821.65625
2025-03-04 00:00:00,0.89681,0.89713,0.88713,0.8899,168295.3125
2025-03-05 00:00:00,0.8899,0.89142,0.88556,0.8907,166956.453125
2025-03-06 00:00:00,0.89071,0.89254,0.88251,0.88333,162802.296875
2025-03-07 00:00:00,0.88335,0.88339,0.87666,0.87923,143371.265625
2025-03-08 00:00:00,0.87923,0.87923,0.87923,0.87923,0.0
2025-03-09 00:00:00,0.87821,0.88034,0.87668,0.8773,8218.9599609375
2025-03-10 00:00:00,0.87728,0.88213,0.87578,0.87997,114980.1796875
2025-03-11 00:00:00,0.87998,0.88352,0.87725,0.88335,149203.890625
2025-03-12 00:00:00,0.88335,0.88519,0.87992,0.88178,91126.8125
2025-03-13 00:00:00,0.88178,0.88544,0.88031,0.88265,89112.9375
2025-03-14 00:00:00,0.88264,0.88637,0.88211,0.88466,86350.0625
2025-03-15 00:00:00,0.88466,0.88466,0.88466,0.88466,0.0
2025-03-16 00:00:00,0.88447,0.88524,0.88333,0.88413,4663.41015625
2025-03-17 00:00:00,0.88412,0.88474,0.87957,0.88131,76218.1875
2025-03-18 00:00:00,0.88132,0.88182,0.87587,0.87678,84783.609375
2025-03-19 00:00:00,0.87677,0.8809,0.87643,0.87646,94951.4609375
2025-03-20 00:00:00,0.87646,0.88425,0.87554,0.88168,112057.7890625
2025-03-21 00:00:00,0.88168,0.88398,0.87962,0.8825,96207.5390625
2025-03-22 00:00:00,0.8825,0.8825,0.8825,0.8825,0.0
2025-03-23 00:00:00,0.88271,0.88345,0.88241,0.88286,4314.47998046875
2025-03-24 00:00:00,0.88286,0.88456,0.87992,0.88273,70427.84375
2025-03-25 00:00:00,0.88274,0.88483,0.87999,0.8826,61071.19921875
2025-03-26 00:00:00,0.88259,0.88502,0.88218,0.88422,70579.671875
2025-03-27 00:00:00,0.88421,0.88472,0.88028,0.88162,83724.5
2025-03-28 00:00:00,0.88162,0.88347,0.87993,0.87993,67854.3125
2025-03-29 00:00:00,0.87993,0.87993,0.87993,0.87993,0.0
2025-03-30 00:00:00,0.87789,0.88126,0.87789,0.88087,4794.2900390625
2025-03-31 00:00:00,0.88087,0.88549,0.87807,0.88387,84370.0234375
2025-04-01 00:00:00,0.88389,0.88434,0.88118,0.8837,74720.28125
2025-04-02 00:00:00,0.88368,0.88482,0.87633,0.87685,99124.0390625
2025-04-03 00:00:00,0.87686,0.87903,0.85466,0.85913,209222.03125
2025-04-04 00:00:00,0.85915,0.86255,0.84764,0.85984,261074.703125
2025-04-05 00:00:00,0.85984,0.85984,0.85984,0.85984,0.0
2025-04-06 00:00:00,0.85521,0.85586,0.84957,0.85163,26356.0390625
2025-04-07 00:00:00,0.85162,0.86735,0.84501,0.85975,330330.5625
2025-04-08 00:00:00,0.85974,0.86012,0.84487,0.84599,219847.0625
2025-04-09 00:00:00,0.846,0.85829,0.83589,0.85554,359939.71875
2025-04-10 00:00:00,0.85552,0.85745,0.8204,0.82085,267015.34375
2025-04-11 00:00:00,0.82087,0.82573,0.80989,0.81431,315772.84375
2025-04-12 00:00:00,0.81431,0.81431,0.81431,0.81431,0.0
2025-04-13 00:00:00,0.81778,0.81934,0.81687,0.81812,17823.66015625
2025-04-14 00:00:00,0.8181,0.82678,0.81191,0.8163,219331.1875
2025-04-15 00:00:00,0.81631,0.8239,0.81318,0.82055,135336.3125
2025-04-16 00:00:00,0.82053,0.82073,0.81206,0.81385,182452.9375
2025-04-17 00:00:00,0.81384,0.8231,0.81365,0.81863,148129.125
2025-04-18 00:00:00,0.81861,0.82046,0.81548,0.81564,587472.75
2025-04-19 00:00:00,0.81564,0.81564,0.81564,0.81564,0.0
2025-04-20 00:00:00,0.81597,0.81787,0.81196,0.81244,12127.0
2025-04-21 00:00:00,0.81245,0.81251,0.80391,0.80908,116989.828125
2025-04-22 00:00:00,0.80908,0.82869,0.80666,0.82611,172879.9375
2025-04-23 00:00:00,0.8261,0.83111,0.8197,0.82964,184792.5625
2025-04-24 00:00:00,0.82963,0.83017,0.8239,0.82852,130061.8203125
2025-04-25 00:00:00,0.82853,0.83342,0.82664,0.82713,126122.4296875
2025-04-26 00:00:00,0.82713,0.82713,0.82713,0.82713,0.0
2025-04-27 00:00:00,0.82794,0.82925,0.82594,0.8285,6047.47021484375
2025-04-28 00:00:00,0.82853,0.83186,0.81953,0.82128,109524.2734375
2025-04-29 00:00:00,0.82127,0.82639,0.8208,0.82323,114486.28125
2025-04-30 00:00:00,0.82321,0.82726,0.82135,0.82606,128821.28125
2025-05-01 00:00:00,0.82605,0.83329,0.82535,0.829,117896.609375
2025-05-02 00:00:00,0.829,0.8318,0.82053,0.82645,137406.625
2025-05-03 00:00:00,0.82645,0.82645,0.82645,0.82645,0.0
2025-05-04 00:00:00,0.82414,0.82644,0.82377,0.8242,4905.8798828125
2025-05-05 00:00:00,0.82419,0.82748,0.82084,0.82214,100223.4609375
2025-05-06 00:00:00,0.82212,0.82657,0.82084,0.82591,129246.6484375
2025-05-07 00:00:00,0.82592,0.82717,0.81852,0.8241,129654.671875
2025-05-08 00:00:00,0.82409,0.8332,0.82233,0.83164,148993.734375
2025-05-09 00:00:00,0.83164,0.83407,0.8269,0.83093,104486.8125
2025-05-10 00:00:00,0.83093,0.83093,0.83093,0.83093,0.0
2025-05-11 00:00:00,0.83442,0.83479,0.83333,0.83394,7801.10986328125
2025-05-12 00:00:00,0.83394,0.8476,0.83304,0.84481,176358.625
2025-05-13 00:00:00,0.84482,0.84494,0.83858,0.83946,130223.34375
2025-05-14 00:00:00,0.83944,0.84355,0.83241,0.8413,161511.65625
2025-05-15 00:00:00,0.84128,0.84178,0.83459,0.83484,135975.09375
2025-05-16 00:00:00,0.83485,0.84006,0.83264,0.8375,104719.609375
2025-05-17 00:00:00,0.8375,0.8375,0.8375,0.8375,0.0
2025-05-18 00:00:00,0.83499,0.83622,0.83418,0.83527,6515.4599609375
2025-05-19 00:00:00,0.83528,0.83654,0.83183,0.83502,143782.65625
2025-05-20 00:00:00,0.83502,0.83624,0.82587,0.8267,144838.671875
2025-05-21 00:00:00,0.8267,0.82684,0.82092,0.82484,173926.859375
2025-05-22 00:00:00,0.82484,0.83062,0.82333,0.82833,137535.3125
2025-05-23 00:00:00,0.8283,0.82886,0.82041,0.82052,148290.859375
2025-05-24 00:00:00,0.82052,0.82052,0.82052,0.82052,0.0
2025-05-25 00:00:00,0.82012,0.82271,0.82005,0.82232,11762.51953125
2025-05-26 00:00:00,0.82232,0.82327,0.8192,0.82036,78624.8671875
2025-05-27 00:00:00,0.82034,0.82795,0.81874,0.82715,119010.78125
2025-05-28 00:00:00,0.82715,0.83473,0.82447,0.83262,137095.6875
2025-05-29 00:00:00,0.83264,0.83471,0.82087,0.82201,158124.484375
2025-05-30 00:00:00,0.82199,0.82489,0.81987,0.82176,139177.734375
2025-05-31 00:00:00,0.82176,0.82176,0.82176,0.82176,0.0
2025-06-01 00:00:00,0.82241,0.82365,0.82131,0.82222,5618.97021484375
2025-06-02 00:00:00,0.82222,0.823,0.81565,0.81592,116463.859375
2025-06-03 00:00:00,0.81593,0.8247,0.8158,0.82294,98592.7421875
2025-06-04 00:00:00,0.82294,0.82497,0.81664,0.81813,110024.359375
2025-06-05 00:00:00,0.81814,0.82146,0.81715,0.81928,131142.96875
2025-06-06 00:00:00,0.81929,0.82478,0.8192,0.82199,111541.109375
2025-06-07 00:00:00,0.82199,0.82199,0.82199,0.82199,0.0
2025-06-08 00:00:00,0.82126,0.8222,0.82082,0.82133,3421.02001953125
2025-06-09 00:00:00,0.82133,0.82256,0.81921,0.82129,72232.5
2025-06-10 00:00:00,0.82131,0.82415,0.82035,0.82203,90599.6171875
2025-06-11 00:00:00,0.82202,0.82344,0.81826,0.81844,93758.7421875
2025-06-12 00:00:00,0.81845,0.81881,0.80763,0.80764,126010.578125
2025-06-13 00:00:00,0.80765,0.81482,0.80555,0.81118,155682.453125
2025-06-14 00:00:00,0.81118,0.81118,0.81118,0.81118,0.0
2025-06-15 00:00:00,0.81103,0.81233,0.81066,0.81185,31819.669921875
2025-06-16 00:00:00,0.81184,0.81467,0.80885,0.81353,100143.75
2025-06-17 00:00:00,0.81353,0.81724,0.812,0.81686,107002.90625
2025-06-18 00:00:00,0.81689,0.81989,0.81533,0.81913,110485.3671875
2025-06-19 00:00:00,0.81913,0.8215,0.81552,0.81639,90011.65625
2025-06-20 00:00:00,0.81637,0.81836,0.81518,0.81767,90200.65625
2025-06-21 00:00:00,0.81767,0.81767,0.81767,0.81767,0.0
2025-06-22 00:00:00,0.8166,0.8186,0.81643,0.81776,9333.25
2025-06-23 00:00:00,0.81774,0.81946,0.81101,0.81267,128466.3828125
2025-06-24 00:00:00,0.81268,0.81309,0.80343,0.80516,114856.328125
2025-06-25 00:00:00,0.80517,0.80799,0.80365,0.80377,75632.71875
2025-06-26 00:00:00,0.80376,0.80434,0.79778,0.80079,114909.7578125
2025-06-27 00:00:00,0.80077,0.80178,0.79573,0.79873,109571.1015625
2025-06-28 00:00:00,0.79873,0.79873,0.79873,0.79873,0.0
2025-06-29 00:00:00,0.79851,0.79915,0.79811,0.79827,8541.26953125
2025-06-30 00:00:00,0.79826,0.79943,0.79271,0.79279,99729.859375
2025-07-01 00:00:00,0.79279,0.79433,0.78718,0.79066,102931.2734375
2025-07-02 00:00:00,0.79066,0.79411,0.79031,0.79168,82068.5078125
2025-07-03 00:00:00,0.7917,0.79864,0.79004,0.79426,86386.796875
2025-07-04 00:00:00,0.79426,0.79522,0.79215,0.7931,129215.6171875
2025-07-05 00:00:00,0.7931,0.7931,0.7931,0.7931,0.0
2025-07-06 00:00:00,0.79362,0.79477,0.79307,0.79413,3794.780029296875
2025-07-07 00:00:00,0.79412,0.79905,0.7935,0.79716,101463.609375
2025-07-08 00:00:00,0.79716,0.79943,0.79529,0.79594,82576.75
2025-07-09 00:00:00,0.79591,0.79787,0.79249,0.79262,77465.296875
2025-07-10 00:00:00,0.79261,0.79872,0.79191,0.79669,69851.078125
2025-07-11 00:00:00,0.7967,0.79814,0.79534,0.79597,68090.890625
2025-07-12 00:00:00,0.79597,0.79597,0.79597,0.79597,0.0
2025-07-13 00:00:00,0.79714,0.7977,0.79609,0.79674,5713.60986328125
2025-07-14 00:00:00,0.79677,0.79845,0.79548,0.79806,64908.94921875
2025-07-15 00:00:00,0.79807,0.80242,0.79532,0.80143,81282.203125
2025-07-16 00:00:00,0.80143,0.80613,0.79464,0.80093,116696.09375
2025-07-17 00:00:00,0.80095,0.80641,0.80084,0.80291,72138.359375
2025-07-18 00:00:00,0.80289,0.80363,0.79846,0.80087,61153.578125
2025-07-19 00:00:00,0.80087,0.80087,0.80087,0.80087,0.0
2025-07-20 00:00:00,0.79972,0.8017,0.79921,0.80122,6041.5
2025-07-21 00:00:00,0.80122,0.80221,0.7965,0.7981,86692.2578125
2025-07-22 00:00:00,0.79809,0.79915,0.79162,0.79373,69110.109375
2025-07-23 00:00:00,0.79373,0.79492,0.79106,0.79218,101047.9921875
2025-07-24 00:00:00,0.79219,0.79603,0.7915,0.79487,94854.09375
2025-07-25 00:00:00,0.79487,0.79793,0.79449,0.79449,79674.5078125
2025-07-26 00:00:00,0.79449,0.79449,0.79449,0.79449,0.0
2025-07-27 00:00:00,0.79626,0.79626,0.79474,0.79542,3598.239990234375
2025-07-28 00:00:00,0.7954,0.80378,0.79441,0.80324,93721.3828125
2025-07-29 00:00:00,0.80322,0.8079,0.80247,0.80544,90517.3984375
2025-07-30 00:00:00,0.80545,0.81506,0.80378,0.81329,118198.6796875
2025-07-31 00:00:00,0.81327,0.81445,0.81115,0.81397,94470.2890625
2025-08-01 00:00:00,0.81396,0.8171,0.80261,0.80382,164193.84375
2025-08-02 00:00:00,0.80382,0.80382,0.80382,0.80382,0.0
2025-08-03 00:00:00,0.80304,0.80458,0.80255,0.80396,4590.08984375
2025-08-04 00:00:00,0.80396,0.80965,0.80382,0.80709,97903.96875
2025-08-05 00:00:00,0.80708,0.81177,0.80625,0.80696,106254.7265625
2025-08-06 00:00:00,0.80694,0.80936,0.80485,0.80602,87337.609375
2025-08-07 00:00:00,0.80601,0.80893,0.80428,0.80562,101317.90625
2025-08-08 00:00:00,0.80562,0.80885,0.80549,0.80772,67729.609375
2025-08-09 00:00:00,0.80772,0.80772,0.80772,0.80772,0.0
2025-08-10 00:00:00,0.80681,0.8081,0.8066,0.80749,2884.989990234375
2025-08-11 00:00:00,0.80749,0.81317,0.80607,0.81205,52163.55859375
2025-08-12 00:00:00,0.81209,0.81226,0.80597,0.80616,115970.078125
2025-08-13 00:00:00,0.80616,0.80712,0.80217,0.80475,84465.2265625
2025-08-14 00:00:00,0.80475,0.80923,0.80441,0.80755,87405.6171875
2025-08-15 00:00:00,0.80756,0.80792,0.80453,0.80635,73527.09375
2025-08-16 00:00:00,0.80635,0.80635,0.80635,0.80635,0.0
2025-08-17 00:00:00,0.80516,0.80686,0.80379,0.8065,2767.7099609375
2025-08-18 00:00:00,0.8065,0.80806,0.80544,0.80739,52120.5390625
2025-08-19 00:00:00,0.80737,0.80851,0.8047,0.80783,79598.90625
2025-08-20 00:00:00,0.80782,0.80925,0.80308,0.80409,69751.0703125
2025-08-21 00:00:00,0.8041,0.80903,0.804,0.80869,71196.390625
2025-08-22 00:00:00,0.80869,0.81038,0.8,0.80092,99490.3203125
2025-08-23 00:00:00,0.80092,0.80092,0.80092,0.80092,0.0
2025-08-24 00:00:00,0.8006,0.80261,0.79988,0.80238,4750.81005859375
2025-08-25 00:00:00,0.80241,0.80709,0.80161,0.8062,57897.51953125
2025-08-26 00:00:00,0.8062,0.8072,0.80254,0.80378,108465.96875
2025-08-27 00:00:00,0.8038,0.80762,0.80146,0.80152,82640.4296875
2025-08-28 00:00:00,0.80151,0.80303,0.79938,0.80174,71121.15625
2025-08-29 00:00:00,0.80175,0.80351,0.79853,0.79957,70068.3828125
2025-08-30 00:00:00,0.79957,0.79957,0.79957,0.79957,0.0
2025-08-31 00:00:00,0.79839,0.80111,0.79789,0.80064,3554.60009765625
2025-09-01 00:00:00,0.80063,0.80169,0.79858,0.8002,52802.6015625
2025-09-02 00:00:00,0.8002,0.80605,0.80012,0.8053,115563.8671875
2025-09-03 00:00:00,0.8053,0.80677,0.80216,0.80379,82712.9921875
2025-09-04 00:00:00,0.80378,0.80717,0.80342,0.80513,87655.7421875
2025-09-05 00:00:00,0.80512,0.80546,0.79557,0.79748,108370.2578125
2025-09-06 00:00:00,0.79748,0.79748,0.79748,0.79748,0.0
2025-09-07 00:00:00,0.79807,0.79952,0.79684,0.79921,6322.6298828125
2025-09-08 00:00:00,0.7992,0.79936,0.79248,0.7928,71399.5
2025-09-09 00:00:00,0.7928,0.7979,0.79151,0.79744,101276.3203125
2025-09-10 00:00:00,0.79744,0.79944,0.7961,0.79869,73246.203125
2025-09-11 00:00:00,0.79871,0.80072,0.79404,0.79596,95142.3671875
2025-09-12 00:00:00,0.79602,0.79863,0.79549,0.79587,48510.0390625
2025-09-13 00:00:00,0.79587,0.79587,0.79587,0.79587,0.0
2025-09-14 00:00:00,0.79586,0.79676,0.79545,0.79671,2552.389892578125
2025-09-15 00:00:00,0.79671,0.79727,0.79361,0.79469,41062.2890625
2025-09-16 00:00:00,0.79469,0.79478,0.7854,0.78594,94549.2109375
2025-09-17 00:00:00,0.78593,0.78934,0.78288,0.78836,108886.2734375
2025-09-18 00:00:00,0.78834,0.79375,0.78713,0.79252,105031.25
2025-09-19 00:00:00,0.79251,0.79659,0.792,0.79517,80985.5625
2025-09-20 00:00:00,0.79517,0.79517,0.79517,0.79517,0.0
2025-09-21 00:00:00,0.79267,0.79626,0.79267,0.79622,4271.72021484375
2025-09-22 00:00:00,0.79622,0.79727,0.79192,0.79239,66673.59375
2025-09-23 00:00:00,0.79239,0.79332,0.79059,0.79139,77446.34375
2025-09-24 00:00:00,0.79138,0.79571,0.79125,0.79481,79084.65625
2025-09-25 00:00:00,0.79483,0.80137,0.79425,0.80007,90920.78125
2025-09-26 00:00:00,0.80008,0.80067,0.79727,0.7975,75860.25
2025-09-27 00:00:00,0.7975,0.7975,0.7975,0.7975,0.0
2025-09-28 00:00:00,0.79641,0.79796,0.79626,0.79747,10586.3798828125
2025-09-29 00:00:00,0.79747,0.79872,0.79516,0.7974,75182.8515625
2025-09-30 00:00:00,0.79739,0.79856,0.79387,0.7964,82941.7734375
2025-10-01 00:00:00,0.79642,0.79898,0.79281,0.79692,120272.953125
2025-10-02 00:00:00,0.79692,0.8,0.79509,0.79703,90629.78125
2025-10-03 00:00:00,0.79702,0.79798,0.79467,0.79527,95111.4765625
2025-10-04 00:00:00,0.79527,0.79527,0.79527,0.79527,0.0
2025-10-05 00:00:00,0.79597,0.79773,0.79579,0.79721,14785.2900390625
2025-10-06 00:00:00,0.79721,0.79935,0.7944,0.79495,110842.3671875
2025-10-07 00:00:00,0.79495,0.79913,0.79488,0.79863,84803.5234375
2025-10-08 00:00:00,0.79862,0.80287,0.79853,0.80153,76203.90625
2025-10-09 00:00:00,0.80154,0.80758,0.80024,0.80625,87942.6015625
2025-10-10 00:00:00,0.80626,0.80667,0.79855,0.7997,92297.0625
2025-10-11 00:00:00,0.7997,0.7997,0.7997,0.7997,0.0
2025-10-12 00:00:00,0.79934,0.80384,0.79866,0.80229,10891.66015625
2025-10-13 00:00:00,0.8023,0.80576,0.79998,0.80429,83521.0703125
2025-10-14 00:00:00,0.80432,0.80498,0.79946,0.80145,105457.2421875
2025-10-15 00:00:00,0.80149,0.80156,0.79563,0.79654,87286.8125
2025-10-16 00:00:00,0.79657,0.79846,0.79169,0.79192,96844.75
2025-10-17 00:00:00,0.79192,0.79368,0.78727,0.79295,121665.0
2025-10-18 00:00:00,0.79295,0.79295,0.79295,0.79295,0.0
2025-10-19 00:00:00,0.79221,0.79413,0.79092,0.79361,3498.35009765625
2025-10-20 00:00:00,0.79361,0.7943,0.79059,0.79243,61706.8203125
2025-10-21 00:00:00,0.79243,0.79688,0.79139,0.79678,89632.21875
2025-10-22 00:00:00,0.79677,0.79735,0.79482,0.79613,73391.4921875
2025-10-23 00:00:00,0.79614,0.79865,0.79483,0.79509,60091.05078125
2025-10-24 00:00:00,0.7951,0.7968,0.79337,0.795,71195.7578125
2025-10-25 00:00:00,0.795,0.795,0.795,0.795,0.0
2025-10-26 00:00:00,0.79593,0.79668,0.79532,0.79606,3903.7900390625
2025-10-27 00:00:00,0.79606,0.79726,0.7944,0.79462,62385.30078125
2025-10-28 00:00:00,0.79462,0.79668,0.79247,0.79283,73644.921875
2025-10-29 00:00:00,0.79284,0.802,0.79252,0.80007,102250.109375
2025-10-30 00:00:00,0.80006,0.80367,0.79753,0.8016,95839.78125
2025-10-31 00:00:00,0.80162,0.80515,0.80087,0.80435,66312.7734375
2025-11-01 00:00:00,0.80435,0.80435,0.80435,0.80435,0.0
2025-11-02 00:00:00,0.80135,0.80509,0.80135,0.80488,6623.669921875
2025-11-03 00:00:00,0.80488,0.80914,0.80381,0.80815,59355.3984375
2025-11-04 00:00:00,0.80816,0.8108,0.80669,0.81032,66538.2421875
2025-11-05 00:00:00,0.81031,0.8124,0.80791,0.80983,62764.2109375
2025-11-06 00:00:00,0.80983,0.81007,0.80591,0.80612,55148.98046875
2025-11-07 00:00:00,0.80611,0.80841,0.80317,0.8045,58921.0390625
2025-11-08 00:00:00,0.8045,0.8045,0.8045,0.8045,0.0
2025-11-09 00:00:00,0.80347,0.8072,0.80347,0.80708,6784.56982421875
2025-11-10 00:00:00,0.80708,0.80709,0.80414,0.80516,56551.12890625
2025-11-11 00:00:00,0.80517,0.80612,0.79858,0.80034,66141.8125
2025-11-12 00:00:00,0.80033,0.80111,0.79671,0.79781,65113.44921875
2025-11-13 00:00:00,0.79781,0.79938,0.79081,0.79324,88917.1328125
2025-11-14 00:00:00,0.79324,0.79478,0.78778,0.79387,93981.453125
2025-11-15 00:00:00,0.79387,0.79387,0.79387,0.79387,0.0
2025-11-16 00:00:00,0.79443,0.79483,0.79276,0.79428,3004.070068359375
2025-11-17 00:00:00,0.79427,0.79655,0.79316,0.79625,56637.23828125
2025-11-18 00:00:00,0.79624,0.80032,0.79374,0.80019,68033.3515625
2025-11-19 00:00:00,0.80017,0.80667,0.79853,0.80539,75772.03125
2025-11-20 00:00:00,0.80539,0.80773,0.80485,0.80553,82875.2578125
2025-11-21 00:00:00,0.80552,0.80984,0.80353,0.80831,87654.4609375
2025-11-22 00:00:00,0.80831,0.80831,0.80831,0.80831,0.0
2025-11-23 00:00:00,0.80682,0.80894,0.80682,0.80866,2939.840087890625
2025-11-24 00:00:00,0.80866,0.81015,0.80603,0.80851,54203.171875
2025-11-25 00:00:00,0.80851,0.81016,0.80574,0.80791,72378.71875
2025-11-26 00:00:00,0.8079,0.80832,0.8034,0.80342,83670.671875
2025-11-27 00:00:00,0.80342,0.80621,0.80261,0.80456,38270.96875
2025-11-28 00:00:00,0.80453,0.8071,0.80261,0.8034,195450.25
2025-11-29 00:00:00,0.8034,0.8034,0.8034,0.8034,0.0
2025-11-30 00:00:00,0.80403,0.80413,0.80315,0.80335,3897.0
2025-12-01 00:00:00,0.80334,0.80485,0.79961,0.80476,79669.671875
2025-12-02 00:00:00,0.80476,0.80528,0.80238,0.80277,56063.7109375
2025-12-03 00:00:00,0.80278,0.80284,0.79905,0.79976,70748.90625
2025-12-04 00:00:00,0.79974,0.80393,0.79952,0.80373,60496.2109375
2025-12-05 00:00:00,0.80373,0.80548,0.80187,0.80456,63579.390625
2025-12-06 00:00:00,0.80456,0.80456,0.80456,0.80456,0.0
2025-12-07 00:00:00,0.80337,0.80501,0.80282,0.80477,9120.650390625
2025-12-08 00:00:00,0.80479,0.80853,0.80279,0.80664,57646.51953125
2025-12-09 00:00:00,0.80664,0.80822,0.80496,0.80601,64592.4609375
2025-12-10 00:00:00,0.806,0.80644,0.79913,0.79929,79830.078125
2025-12-11 00:00:00,0.79929,0.8001,0.79239,0.79462,90878.21875
2025-12-12 00:00:00,0.79461,0.79645,0.79416,0.79534,75325.2734375
2025-12-13 00:00:00,0.79534,0.79534,0.79534,0.79534,0.0
2025-12-14 00:00:00,0.79473,0.79616,0.79473,0.79615,4876.93994140625
2025-12-15 00:00:00,0.79614,0.79735,0.79381,0.7962,57871.0
2025-12-16 00:00:00,0.7962,0.79708,0.79258,0.79524,88145.0390625
2025-12-17 00:00:00,0.79526,0.79873,0.7935,0.7952,85740.3203125
2025-12-18 00:00:00,0.79519,0.79657,0.79275,0.79407,74009.3828125
2025-12-19 00:00:00,0.79409,0.79621,0.79401,0.79486,65893.4765625
2025-12-20 00:00:00,0.79486,0.79486,0.79486,0.79486,0.0
2025-12-21 00:00:00,0.79391,0.79584,0.79331,0.7954,9638.2099609375
2025-12-22 00:00:00,0.79539,0.79549,0.79112,0.7915,60650.328125
2025-12-23 00:00:00,0.7915,0.79153,0.78663,0.7875,72541.6328125
2025-12-24 00:00:00,0.78754,0.78965,0.78612,0.78738,85437.1484375
2025-12-25 00:00:00,0.78738,0.78832,0.7861,0.78811,15628.8603515625
2025-12-26 00:00:00,0.78811,0.7903,0.78759,0.78931,81394.1015625
2025-12-27 00:00:00,0.78931,0.78931,0.78931,0.78931,0.0
2025-12-28 00:00:00,0.78817,0.78951,0.78783,0.78921,5519.85986328125
2025-12-29 00:00:00,0.78917,0.79157,0.78731,0.78881,69682.359375
2025-12-30 00:00:00,0.78881,0.79237,0.78758,0.79187,53358.3203125
2025-12-31 00:00:00,0.79184,0.7942,0.79157,0.79242,63681.51953125
