timestamp,open,high,low,close
2016-01-04 08:00:00,4582.0498046875,4586.10986328125,4490.2998046875,4522.4501953125
2016-01-05 08:00:00,4573.5400390625,4575.4501953125,4481.7001953125,4537.6298828125
2016-01-06 08:00:00,4528.1201171875,4533.240234375,4440.77001953125,4480.47021484375
2016-01-07 08:00:00,4346.10009765625,4424.14013671875,4323.5498046875,4403.580078125
2016-01-08 08:00:00,4404.18017578125,4437.02001953125,4333.740234375,4333.759765625
2016-01-11 08:00:00,4333.2099609375,4383.919921875,4312.740234375,4312.740234375
2016-01-12 08:00:00,4317.490234375,4429.0400390625,4305.77001953125,4378.75
2016-01-13 08:00:00,4426.759765625,4465.56005859375,4374.02001953125,4391.93994140625
2016-01-14 08:00:00,4341.35986328125,4352.14990234375,4234.83984375,4312.89013671875
2016-01-15 08:00:00,4305.43994140625,4319.47021484375,4178.8701171875,4210.16015625
2016-01-18 08:00:00,4211.10986328125,4254.4599609375,4161.3701171875,4189.56982421875
2016-01-19 08:00:00,4267.77001953125,4308.08984375,4251.52978515625,4272.259765625
2016-01-20 08:00:00,4171.43017578125,4178.81982421875,4084.679931640625,4124.9501953125
2016-01-21 08:00:00,4129.7001953125,4234.64990234375,4113.580078125,4206.39990234375
2016-01-22 08:00:00,4293.259765625,4371.64990234375,4280.9501953125,4336.68994140625
2016-01-25 08:00:00,4365.14990234375,4365.14990234375,4291.85986328125,4311.330078125
2016-01-26 08:00:00,4238.85009765625,4366.64990234375,4224.4501953125,4356.81005859375
2016-01-27 08:00:00,4349.7900390625,4380.35986328125,4319.35986328125,4380.35986328125
2016-01-28 08:00:00,4362.5498046875,4403.68017578125,4284.3798828125,4322.16015625
2016-01-29 08:00:00,4386.85009765625,4417.02001953125,4340.18994140625,4417.02001953125
2016-02-01 08:00:00,4418.14013671875,4422.60986328125,4350.08984375,4392.330078125
2016-02-02 08:00:00,4368.919921875,4377.56982421875,4253.509765625,4283.990234375
2016-02-03 08:00:00,4282.41015625,4294.41015625,4177.97021484375,4226.9599609375
2016-02-04 08:00:00,4276.169921875,4279.1201171875,4176.47998046875,4228.52978515625
2016-02-05 08:00:00,4236.06982421875,4269.47021484375,4187.97021484375,4200.669921875
2016-02-08 08:00:00,4217.4501953125,4220.85009765625,4046.639892578125,4066.31005859375
2016-02-09 08:00:00,4072.320068359375,4091.8798828125,3951.2900390625,3997.5400390625
2016-02-10 08:00:00,4027.080078125,4115.169921875,3987.489990234375,4061.199951171875
2016-02-11 08:00:00,3990.330078125,3998.10009765625,3892.4599609375,3896.7099609375
2016-02-12 08:00:00,3949.159912109375,3995.06005859375,3922.7099609375,3995.06005859375
2016-02-15 08:00:00,4086.2900390625,4144.81005859375,4076.81005859375,4115.25
2016-02-16 08:00:00,4157.2998046875,4157.2998046875,4086.830078125,4110.66015625
2016-02-17 08:00:00,4119.35009765625,4238.330078125,4112.0400390625,4233.47021484375
2016-02-18 08:00:00,4255.06982421875,4279.18994140625,4212.58984375,4239.759765625
2016-02-19 08:00:00,4232.22021484375,4255.56982421875,4182.330078125,4223.0400390625
2016-02-22 08:00:00,4260.6201171875,4303.89990234375,4259.259765625,4298.7001953125
2016-02-23 08:00:00,4272.22021484375,4301.919921875,4236.9501953125,4238.419921875
2016-02-24 08:00:00,4232.47998046875,4233.2998046875,4117.490234375,4155.33984375
2016-02-25 08:00:00,4219.7998046875,4268.66015625,4198.08984375,4248.4501953125
2016-02-26 08:00:00,4297.8701171875,4352.39013671875,4292.52001953125,4314.56982421875
2016-02-29 08:00:00,4275.83984375,4354.6201171875,4254.77001953125,4353.5498046875
2016-03-01 08:00:00,4343.93017578125,4406.9501953125,4328.7998046875,4406.83984375
2016-03-02 08:00:00,4428.9501953125,4448.2998046875,4387.2099609375,4424.89013671875
2016-03-03 08:00:00,4430.89990234375,4430.89990234375,4392.580078125,4416.080078125
2016-03-04 08:00:00,4437.81982421875,4480.2099609375,4413.93017578125,4456.6201171875
2016-03-07 08:00:00,4436.3701171875,4458.81982421875,4406.89990234375,4442.2900390625
2016-03-08 08:00:00,4405.16015625,4437.169921875,4363.5498046875,4404.02001953125
2016-03-09 08:00:00,4405.9501953125,4458.77001953125,4397.97998046875,4425.64990234375
2016-03-10 08:00:00,4432.56005859375,4580.97021484375,4350.35009765625,4350.35009765625
2016-03-11 08:00:00,4430.240234375,4492.7900390625,4421.9501953125,4492.7900390625
2016-03-14 08:00:00,4501.81005859375,4535.91015625,4494.60009765625,4506.58984375
2016-03-15 08:00:00,4474.259765625,4488.77978515625,4450.16015625,4472.6298828125
2016-03-16 08:00:00,4486.7001953125,4502.9599609375,4446.990234375,4463.0
2016-03-17 08:00:00,4501.68017578125,4501.68017578125,4367.43994140625,4442.89013671875
2016-03-18 08:00:00,4452.0400390625,4472.72998046875,4418.490234375,4462.509765625
2016-03-21 08:00:00,4425.83984375,4481.10986328125,4415.93017578125,4427.7998046875
2016-03-22 08:00:00,4396.8701171875,4431.97021484375,4358.56982421875,4431.97021484375
2016-03-23 08:00:00,4442.58984375,4467.85986328125,4396.10009765625,4423.97998046875
2016-03-24 08:00:00,4390.10986328125,4392.81005859375,4323.18017578125,4329.68017578125
2016-03-29 07:00:00,4354.02978515625,4382.97998046875,4333.330078125,4366.669921875
2016-03-30 07:00:00,4387.35986328125,4466.5,4387.35986328125,4444.419921875
2016-03-31 07:00:00,4416.83984375,4419.6201171875,4378.77001953125,4385.06005859375
2016-04-01 07:00:00,4331.27978515625,4331.27978515625,4261.25,4322.240234375
2016-04-04 07:00:00,4311.18994140625,4378.0498046875,4280.89990234375,4345.22021484375
2016-04-05 07:00:00,4283.14013671875,4285.72998046875,4241.60986328125,4250.27978515625
2016-04-06 07:00:00,4262.2998046875,4284.64013671875,4243.02001953125,4284.64013671875
2016-04-07 07:00:00,4288.7099609375,4316.77978515625,4229.1201171875,4245.91015625
2016-04-08 07:00:00,4259.10009765625,4315.58984375,4258.509765625,4303.1201171875
2016-04-11 07:00:00,4294.1201171875,4338.81005859375,4263.080078125,4312.6298828125
2016-04-12 07:00:00,4317.5,4348.39990234375,4269.10009765625,4345.91015625
2016-04-13 07:00:00,4407.02978515625,4490.31005859375,4404.580078125,4490.31005859375
2016-04-14 07:00:00,4487.22021484375,4515.0,4473.35009765625,4511.509765625
2016-04-15 07:00:00,4502.16015625,4508.16015625,4482.330078125,4495.169921875
2016-04-18 07:00:00,4425.25,4517.080078125,4424.759765625,4506.83984375
2016-04-19 07:00:00,4521.60009765625,4577.8701171875,4521.60009765625,4566.47998046875
2016-04-20 07:00:00,4546.35009765625,4596.330078125,4538.43017578125,4591.919921875
2016-04-21 07:00:00,4607.68994140625,4607.68994140625,4551.330078125,4582.830078125
2016-04-22 07:00:00,4578.81982421875,4580.52001953125,4553.58984375,4569.66015625
2016-04-25 07:00:00,4561.919921875,4574.4599609375,4522.22998046875,4546.1201171875
2016-04-26 07:00:00,4557.0,4579.1201171875,4515.39990234375,4533.18017578125
2016-04-27 07:00:00,4534.990234375,4564.7001953125,4525.7900390625,4559.39990234375
2016-04-28 07:00:00,4520.25,4557.35986328125,4482.3701171875,4557.35986328125
2016-04-29 07:00:00,4500.43017578125,4508.830078125,4428.58984375,4428.9599609375
2016-05-02 07:00:00,4455.759765625,4458.740234375,4429.47021484375,4442.75
2016-05-03 07:00:00,4435.0,4437.64990234375,4364.009765625,4371.97998046875
2016-05-04 07:00:00,4365.2001953125,4387.75,4317.27978515625,4324.22998046875
2016-05-05 07:00:00,4321.35986328125,4346.2001953125,4303.25,4319.4599609375
2016-05-06 07:00:00,4290.41015625,4311.490234375,4245.169921875,4301.240234375
2016-05-09 07:00:00,4322.68994140625,4363.56005859375,4302.9599609375,4322.81005859375
2016-05-10 07:00:00,4338.0498046875,4374.75,4320.2900390625,4338.2099609375
2016-05-11 07:00:00,4335.14013671875,4340.580078125,4289.3798828125,4316.669921875
2016-05-12 07:00:00,4295.740234375,4361.8798828125,4266.9599609375,4293.27001953125
2016-05-13 07:00:00,4264.77001953125,4335.14990234375,4253.1298828125,4319.990234375
2016-05-16 07:00:00,4290.64990234375,4316.27978515625,4269.6298828125,4312.27978515625
2016-05-17 07:00:00,4325.10986328125,4362.330078125,4273.85986328125,4297.56982421875
2016-05-18 07:00:00,4275.39013671875,4322.22998046875,4267.7099609375,4319.2998046875
2016-05-19 07:00:00,4292.25,4314.22998046875,4274.56982421875,4282.5400390625
2016-05-20 07:00:00,4323.6201171875,4353.89990234375,4312.5,4353.89990234375
2016-05-23 07:00:00,4344.89013671875,4357.080078125,4300.18017578125,4325.10009765625
2016-05-24 07:00:00,4309.2998046875,4440.64990234375,4300.419921875,4431.52001953125
2016-05-25 07:00:00,4457.85009765625,4490.169921875,4445.7900390625,4481.64013671875
2016-05-26 07:00:00,4478.169921875,4513.77001953125,4477.02001953125,4512.64013671875
2016-05-27 07:00:00,4498.43017578125,4518.22021484375,4493.06005859375,4514.740234375
2016-05-30 07:00:00,4507.08984375,4531.18017578125,4503.52001953125,4529.39990234375
2016-05-31 07:00:00,4532.31982421875,4536.6298828125,4496.85986328125,4505.6201171875
2016-06-01 07:00:00,4502.83984375,4507.22021484375,4458.2998046875,4475.39013671875
2016-06-02 07:00:00,4468.83984375,4486.56005859375,4447.6201171875,4466.0
2016-06-03 07:00:00,4477.830078125,4492.2001953125,4396.6298828125,4421.77978515625
2016-06-06 07:00:00,4407.009765625,4435.6298828125,4407.009765625,4423.3798828125
2016-06-07 07:00:00,4443.41015625,4486.47021484375,4441.2099609375,4475.85986328125
2016-06-08 07:00:00,4461.27978515625,4473.2900390625,4435.35009765625,4448.72998046875
2016-06-09 07:00:00,4437.02001953125,4438.3798828125,4394.52001953125,4405.60986328125
2016-06-10 07:00:00,4390.81005859375,4390.81005859375,4301.10009765625,4306.72021484375
2016-06-13 07:00:00,4253.97998046875,4275.97021484375,4227.02001953125,4227.02001953125
2016-06-14 07:00:00,4175.2099609375,4199.5400390625,4127.8701171875,4130.330078125
2016-06-15 07:00:00,4172.72998046875,4204.009765625,4162.02001953125,4171.580078125
2016-06-16 07:00:00,4116.5,4162.3701171875,4109.81982421875,4153.009765625
2016-06-17 07:00:00,4179.43994140625,4218.52978515625,4170.169921875,4193.830078125
2016-06-20 07:00:00,4301.18994140625,4351.2099609375,4292.919921875,4340.759765625
2016-06-21 07:00:00,4335.89013671875,4382.91015625,4321.4599609375,4367.240234375
2016-06-22 07:00:00,4398.39990234375,4416.97998046875,4372.35009765625,4380.02978515625
2016-06-23 07:00:00,4404.68017578125,4490.5498046875,4392.52001953125,4465.89990234375
2016-06-24 07:00:00,4114.580078125,4198.89990234375,4007.969970703125,4106.72998046875
2016-06-27 07:00:00,4073.719970703125,4115.47021484375,4012.199951171875,4030.300048828125
2016-06-28 07:00:00,4074.360107421875,4119.080078125,4059.89990234375,4088.85009765625
2016-06-29 07:00:00,4139.3701171875,4206.35009765625,4128.080078125,4195.31982421875
2016-06-30 07:00:00,4182.10986328125,4249.52978515625,4155.4501953125,4237.47998046875
2016-07-01 07:00:00,4261.08984375,4288.72021484375,4218.10009765625,4273.9599609375
2016-07-04 07:00:00,4288.5,4288.66015625,4233.0,4234.85986328125
2016-07-05 07:00:00,4203.97021484375,4216.06005859375,4148.7900390625,4163.419921875
2016-07-06 07:00:00,4127.2001953125,4153.41015625,4062.070068359375,4085.300048828125
2016-07-07 07:00:00,4115.5,4167.8798828125,4110.240234375,4117.85009765625
2016-07-08 07:00:00,4106.64990234375,4210.33984375,4102.68017578125,4190.68017578125
2016-07-11 07:00:00,4221.22021484375,4271.7099609375,4207.3701171875,4264.52978515625
2016-07-12 07:00:00,4272.4501953125,4342.669921875,4270.990234375,4331.3798828125
2016-07-13 07:00:00,4329.52978515625,4358.669921875,4321.89990234375,4335.259765625
2016-07-14 07:00:00,4375.669921875,4402.22998046875,4345.43994140625,4385.52001953125
2016-07-15 07:00:00,4367.43017578125,4383.68994140625,4342.77001953125,4372.509765625
2016-07-18 07:00:00,4375.08984375,4408.1298828125,4334.35986328125,4357.740234375
2016-07-19 07:00:00,4345.39990234375,4357.33984375,4304.2001953125,4330.1298828125
2016-07-20 07:00:00,4354.56982421875,4391.56982421875,4333.35986328125,4379.759765625
2016-07-21 07:00:00,4382.16015625,4389.89990234375,4340.93994140625,4376.25
2016-07-22 07:00:00,4365.3798828125,4398.27001953125,4345.22998046875,4381.10009765625
2016-07-25 07:00:00,4381.6298828125,4419.77001953125,4368.06005859375,4388.0
2016-07-26 07:00:00,4385.31982421875,4405.66015625,4353.6201171875,4394.77001953125
2016-07-27 07:00:00,4424.60009765625,4469.89990234375,4424.60009765625,4446.9599609375
2016-07-28 07:00:00,4447.2099609375,4474.669921875,4420.580078125,4420.580078125
2016-07-29 07:00:00,4429.490234375,4439.81005859375,4408.3798828125,4439.81005859375
2016-08-01 07:00:00,4469.990234375,4477.43994140625,4395.330078125,4409.169921875
2016-08-02 07:00:00,4395.85986328125,4398.2001953125,4320.89013671875,4327.990234375
2016-08-03 07:00:00,4346.31005859375,4347.93994140625,4293.33984375,4321.080078125
2016-08-04 07:00:00,4344.18017578125,4359.7900390625,4324.81005859375,4345.6298828125
2016-08-05 07:00:00,4362.93994140625,4416.66015625,4361.580078125,4410.5498046875
2016-08-08 07:00:00,4419.02001953125,4441.16015625,4407.31982421875,4415.4599609375
2016-08-09 07:00:00,4412.85986328125,4468.33984375,4410.72021484375,4468.06982421875
2016-08-10 07:00:00,4443.3798828125,4465.89013671875,4440.56005859375,4452.009765625
2016-08-11 07:00:00,4471.2998046875,4503.9501953125,4446.4599609375,4503.9501953125
2016-08-12 07:00:00,4501.06005859375,4510.06005859375,4490.4501953125,4500.18994140625
2016-08-15 07:00:00,4503.64990234375,4528.0,4494.490234375,4497.85986328125
2016-08-16 07:00:00,4476.06982421875,4499.58984375,4457.25,4460.43994140625
2016-08-17 07:00:00,4475.1298828125,4478.580078125,4415.330078125,4417.68017578125
2016-08-18 07:00:00,4441.2001953125,4447.25,4413.06005859375,4437.06005859375
2016-08-19 07:00:00,4436.08984375,4436.8701171875,4373.75,4400.52001953125
2016-08-22 07:00:00,4397.39013671875,4443.06982421875,4377.7001953125,4389.93994140625
2016-08-23 07:00:00,4406.33984375,4436.14990234375,4404.0,4421.4501953125
2016-08-24 07:00:00,4389.169921875,4453.72998046875,4382.7099609375,4435.47021484375
2016-08-25 07:00:00,4414.41015625,4415.31005859375,4377.7900390625,4406.60986328125
2016-08-26 07:00:00,4399.4599609375,4455.60986328125,4387.7099609375,4441.8701171875
2016-08-29 07:00:00,4421.4599609375,4437.81982421875,4390.0400390625,4424.25
2016-08-30 07:00:00,4439.68017578125,4475.02001953125,4438.419921875,4457.490234375
2016-08-31 07:00:00,4451.39990234375,4486.83984375,4438.22021484375,4438.22021484375
2016-09-01 07:00:00,4448.02978515625,4490.91015625,4421.97021484375,4439.669921875
2016-09-02 07:00:00,4461.2900390625,4548.0400390625,4446.5,4542.169921875
2016-09-05 07:00:00,4550.81982421875,4566.5498046875,4541.080078125,4541.080078125
2016-09-06 07:00:00,4556.35009765625,4557.9501953125,4523.43994140625,4529.9599609375
2016-09-07 07:00:00,4536.9501953125,4561.35986328125,4520.2099609375,4557.66015625
2016-09-08 07:00:00,4554.14990234375,4569.6201171875,4485.47021484375,4542.2001953125
2016-09-09 07:00:00,4531.419921875,4541.759765625,4481.08984375,4491.39990234375
2016-09-12 07:00:00,4415.22998046875,4439.7998046875,4386.10986328125,4439.7998046875
2016-09-13 07:00:00,4463.259765625,4470.259765625,4387.18017578125,4387.18017578125
2016-09-14 07:00:00,4407.4501953125,4407.47998046875,4360.9501953125,4370.259765625
2016-09-15 07:00:00,4357.2900390625,4381.5400390625,4341.0400390625,4373.22021484375
2016-09-16 07:00:00,4359.8701171875,4380.1298828125,4310.8798828125,4332.4501953125
2016-09-19 07:00:00,4368.85009765625,4398.97021484375,4368.85009765625,4394.18994140625
2016-09-20 07:00:00,4383.31005859375,4419.89990234375,4375.56982421875,4388.60009765625
2016-09-21 07:00:00,4439.7001953125,4451.31982421875,4408.2998046875,4409.5498046875
2016-09-22 07:00:00,4444.5,4528.89013671875,4443.669921875,4509.81982421875
2016-09-23 07:00:00,4494.5,4498.35009765625,4476.85986328125,4488.68994140625
2016-09-26 07:00:00,4455.58984375,4455.58984375,4402.1298828125,4407.85009765625
2016-09-27 07:00:00,4436.0,4438.58984375,4362.93017578125,4398.68017578125
2016-09-28 07:00:00,4413.1201171875,4460.830078125,4413.1201171875,4432.4501953125
2016-09-29 07:00:00,4490.5498046875,4505.2998046875,4434.08984375,4443.83984375
2016-09-30 07:00:00,4383.7001953125,4463.39013671875,4342.64013671875,4448.259765625
2016-10-03 07:00:00,4447.5400390625,4465.2900390625,4432.77001953125,4453.56005859375
2016-10-04 07:00:00,4458.669921875,4521.35986328125,4453.669921875,4503.08984375
2016-10-05 07:00:00,4462.72021484375,4499.3798828125,4441.25,4489.9501953125
2016-10-06 07:00:00,4500.35986328125,4511.8798828125,4470.1201171875,4480.10009765625
2016-10-07 07:00:00,4480.52978515625,4487.18017578125,4444.31982421875,4449.91015625
2016-10-10 07:00:00,4458.06982421875,4500.4599609375,4428.72998046875,4497.259765625
2016-10-11 07:00:00,4490.830078125,4520.18017578125,4469.2998046875,4471.740234375
2016-10-12 07:00:00,4467.08984375,4474.2001953125,4442.02001953125,4452.240234375
2016-10-13 07:00:00,4421.81005859375,4421.81005859375,4370.64990234375,4405.169921875
2016-10-14 07:00:00,4424.25,4497.64990234375,4424.25,4470.919921875
2016-10-17 07:00:00,4452.72021484375,4474.330078125,4439.91015625,4450.22998046875
2016-10-18 07:00:00,4479.68017578125,4515.60986328125,4474.83984375,4508.91015625
2016-10-19 07:00:00,4513.490234375,4528.97021484375,4495.93994140625,4520.2998046875
2016-10-20 07:00:00,4528.66015625,4552.240234375,4500.64990234375,4540.1201171875
2016-10-21 07:00:00,4546.64990234375,4555.10986328125,4517.7998046875,4536.06982421875
2016-10-24 07:00:00,4551.72998046875,4579.27978515625,4551.72998046875,4552.580078125
2016-10-25 07:00:00,4560.4599609375,4570.6298828125,4528.02978515625,4540.83984375
2016-10-26 07:00:00,4523.9599609375,4539.06982421875,4496.97021484375,4534.58984375
2016-10-27 07:00:00,4526.33984375,4556.740234375,4502.5498046875,4533.56982421875
2016-10-28 07:00:00,4515.25,4554.35009765625,4504.5,4548.580078125
2016-10-31 08:00:00,4525.60009765625,4540.259765625,4500.18994140625,4509.259765625
2016-11-01 08:00:00,4532.33984375,4537.990234375,4460.5400390625,4470.27978515625
2016-11-02 08:00:00,4437.990234375,4449.43994140625,4414.669921875,4414.669921875
2016-11-03 08:00:00,4402.7900390625,4456.2099609375,4399.2900390625,4411.68017578125
2016-11-04 08:00:00,4403.16015625,4403.64013671875,4355.81005859375,4377.4599609375
2016-11-07 08:00:00,4440.10986328125,4464.22998046875,4430.1298828125,4461.2099609375
2016-11-08 08:00:00,4454.580078125,4482.58984375,4446.39013671875,4476.89013671875
2016-11-09 08:00:00,4350.06982421875,4543.47998046875,4344.8798828125,4543.47998046875
2016-11-10 08:00:00,4577.009765625,4606.66015625,4502.740234375,4530.9501953125
2016-11-11 08:00:00,4545.0498046875,4553.7900390625,4473.35009765625,4489.27001953125
2016-11-14 08:00:00,4528.0498046875,4560.8798828125,4492.02978515625,4508.5498046875
2016-11-15 08:00:00,4524.97998046875,4541.4599609375,4504.35009765625,4536.52978515625
2016-11-16 08:00:00,4545.89013671875,4548.830078125,4479.93994140625,4501.14013671875
2016-11-17 08:00:00,4494.52978515625,4527.77001953125,4482.580078125,4527.77001953125
2016-11-18 08:00:00,4547.0498046875,4551.6298828125,4496.740234375,4504.35009765625
2016-11-21 08:00:00,4525.4599609375,4540.89990234375,4479.68994140625,4529.580078125
2016-11-22 08:00:00,4561.7001953125,4571.7900390625,4541.580078125,4548.35009765625
2016-11-23 08:00:00,4557.93017578125,4559.2099609375,4509.02001953125,4529.2099609375
2016-11-24 08:00:00,4537.27001953125,4552.0400390625,4520.490234375,4542.56005859375
2016-11-25 08:00:00,4548.85009765625,4555.47021484375,4524.33984375,4550.27001953125
2016-11-28 08:00:00,4544.08984375,4545.14013671875,4499.2001953125,4510.39013671875
2016-11-29 08:00:00,4506.91015625,4551.4599609375,4494.3701171875,4551.4599609375
2016-11-30 08:00:00,4548.97998046875,4597.5400390625,4547.580078125,4578.33984375
2016-12-01 08:00:00,4571.2001953125,4582.830078125,4541.02001953125,4560.60986328125
2016-12-02 08:00:00,4527.83984375,4545.25,4490.14990234375,4528.81982421875
2016-12-05 08:00:00,4506.66015625,4605.56005859375,4502.2001953125,4574.31982421875
2016-12-06 08:00:00,4576.8701171875,4639.91015625,4558.89990234375,4631.93994140625
2016-12-07 08:00:00,4676.60986328125,4694.72021484375,4658.72998046875,4694.72021484375
2016-12-08 08:00:00,4709.89013671875,4748.509765625,4688.580078125,4735.47998046875
2016-12-09 08:00:00,4741.10009765625,4780.52001953125,4737.3798828125,4764.06982421875
2016-12-12 08:00:00,4769.83984375,4780.9501953125,4754.14990234375,4760.77001953125
2016-12-13 08:00:00,4754.22021484375,4807.8798828125,4746.5498046875,4803.8701171875
2016-12-14 08:00:00,4778.9599609375,4790.6298828125,4765.009765625,4769.240234375
2016-12-15 08:00:00,4776.830078125,4830.2998046875,4776.330078125,4819.22998046875
2016-12-16 08:00:00,4815.35009765625,4856.9599609375,4804.7001953125,4833.27001953125
2016-12-19 08:00:00,4820.490234375,4829.5498046875,4812.080078125,4822.77001953125
2016-12-20 08:00:00,4822.2998046875,4852.580078125,4815.22998046875,4849.89013671875
2016-12-21 08:00:00,4831.56005859375,4851.52001953125,4821.240234375,4833.81982421875
2016-12-22 08:00:00,4825.14990234375,4841.64990234375,4818.81005859375,4834.6298828125
2016-12-23 08:00:00,4837.41015625,4844.7998046875,4825.93017578125,4839.68017578125
2016-12-27 08:00:00,4840.169921875,4852.5498046875,4837.0,4848.27978515625
2016-12-28 08:00:00,4846.14013671875,4851.509765625,4840.14013671875,4848.009765625
2016-12-29 08:00:00,4824.75,4845.669921875,4822.2900390625,4838.47021484375
2016-12-30 08:00:00,4837.68017578125,4864.2900390625,4825.14013671875,4862.31005859375
2017-01-02 08:00:00,4845.9599609375,4896.009765625,4843.93017578125,4882.3798828125
2017-01-03 08:00:00,4904.77001953125,4929.60009765625,4896.10986328125,4899.330078125
2017-01-04 08:00:00,4912.9501953125,4913.93994140625,4879.22998046875,4899.39990234375
2017-01-05 08:00:00,4881.72021484375,4905.83984375,4874.7900390625,4900.64013671875
2017-01-06 08:00:00,4885.18994140625,4911.490234375,4874.419921875,4909.83984375
2017-01-09 08:00:00,4915.35009765625,4915.60009765625,4867.830078125,4887.56982421875
2017-01-10 08:00:00,4894.4501953125,4906.14990234375,4868.5,4888.22998046875
2017-01-11 08:00:00,4890.0400390625,4916.47998046875,4856.5,4888.7099609375
2017-01-12 08:00:00,4873.009765625,4889.2099609375,4857.43994140625,4863.97021484375
2017-01-13 08:00:00,4889.4501953125,4924.580078125,4883.06005859375,4922.490234375
2017-01-16 08:00:00,4883.43017578125,4911.39013671875,4879.7998046875,4882.18017578125
2017-01-17 08:00:00,4865.18994140625,4889.16015625,4841.68017578125,4859.68994140625
2017-01-18 08:00:00,4874.31005859375,4875.740234375,4827.10986328125,4853.39990234375
2017-01-19 08:00:00,4859.759765625,4867.580078125,4829.81982421875,4841.14013671875
2017-01-20 08:00:00,4834.2998046875,4869.3798828125,4818.8798828125,4850.669921875
2017-01-23 08:00:00,4816.97998046875,4842.97021484375,4800.39013671875,4821.41015625
2017-01-24 08:00:00,4831.9501953125,4840.5,4816.72998046875,4830.02978515625
2017-01-25 08:00:00,4865.08984375,4890.16015625,4854.5498046875,4877.669921875
2017-01-26 08:00:00,4891.85986328125,4901.06982421875,4855.759765625,4867.240234375
2017-01-27 08:00:00,4867.31005859375,4867.31005859375,4829.7001953125,4839.97998046875
2017-01-30 08:00:00,4823.5,4830.68994140625,4771.97998046875,4784.64013671875
2017-01-31 08:00:00,4790.27978515625,4812.5498046875,4748.89990234375,4748.89990234375
2017-02-01 08:00:00,4786.85009765625,4823.81005859375,4782.60986328125,4794.580078125
2017-02-02 08:00:00,4785.14013671875,4812.31005859375,4774.18017578125,4794.2900390625
2017-02-03 08:00:00,4808.4599609375,4847.47021484375,4803.91015625,4825.419921875
2017-02-06 08:00:00,4829.68017578125,4841.169921875,4773.35009765625,4778.080078125
2017-02-07 08:00:00,4762.169921875,4787.93994140625,4750.02978515625,4754.47021484375
2017-02-08 08:00:00,4768.0,4790.2900390625,4733.81982421875,4766.60009765625
2017-02-09 08:00:00,4793.009765625,4831.31005859375,4769.85986328125,4826.240234375
2017-02-10 08:00:00,4842.91015625,4845.4501953125,4815.669921875,4828.31982421875
2017-02-13 08:00:00,4844.22021484375,4906.7099609375,4841.60009765625,4888.18994140625
2017-02-14 08:00:00,4887.22998046875,4897.89013671875,4878.7900390625,4895.81982421875
2017-02-15 08:00:00,4910.56982421875,4932.35009765625,4902.16015625,4924.85986328125
2017-02-16 08:00:00,4925.5400390625,4928.25,4890.47998046875,4899.4599609375
2017-02-17 08:00:00,4896.97021484375,4903.16015625,4843.009765625,4867.580078125
2017-02-20 08:00:00,4894.25,4901.41015625,4856.1201171875,4864.990234375
2017-02-21 08:00:00,4865.89013671875,4900.3798828125,4849.91015625,4888.759765625
2017-02-22 08:00:00,4899.64990234375,4922.64013671875,4866.1201171875,4895.8798828125
2017-02-23 08:00:00,4900.7998046875,4916.43994140625,4880.490234375,4891.2900390625
2017-02-24 08:00:00,4886.509765625,4890.10986328125,4806.490234375,4845.240234375
2017-02-27 08:00:00,4864.1298828125,4869.509765625,4833.77001953125,4845.18017578125
2017-02-28 08:00:00,4862.64990234375,4865.9501953125,4836.52978515625,4858.580078125
2017-03-01 08:00:00,4897.47998046875,4970.64013671875,4897.47998046875,4960.830078125
2017-03-02 08:00:00,4965.27001953125,4972.8798828125,4955.41015625,4963.7998046875
2017-03-03 08:00:00,4953.2998046875,5002.31982421875,4948.72021484375,4995.1298828125
2017-03-06 08:00:00,4983.9599609375,4985.240234375,4960.259765625,4972.18994140625
2017-03-07 08:00:00,4974.7900390625,4974.7900390625,4941.259765625,4955.0
2017-03-08 08:00:00,4941.18017578125,4976.0400390625,4933.77001953125,4960.47998046875
2017-03-09 08:00:00,4950.52978515625,4988.6298828125,4939.8701171875,4981.509765625
2017-03-10 08:00:00,4994.0,5022.10009765625,4990.14990234375,4993.31982421875
2017-03-13 08:00:00,4997.8798828125,5013.080078125,4986.06005859375,4999.60009765625
2017-03-14 08:00:00,5006.0498046875,5006.0498046875,4958.8798828125,4974.259765625
2017-03-15 08:00:00,4980.0498046875,4989.2998046875,4966.0498046875,4985.47998046875
2017-03-16 08:00:00,5027.10009765625,5031.56982421875,5004.6201171875,5013.3798828125
2017-03-17 08:00:00,5006.7099609375,5037.85009765625,5001.39013671875,5029.240234375
2017-03-20 08:00:00,5008.080078125,5030.06005859375,5004.080078125,5012.16015625
2017-03-21 08:00:00,5030.2001953125,5054.91015625,4990.64013671875,5002.43017578125
2017-03-22 08:00:00,4969.10986328125,5005.06005859375,4953.56982421875,4994.7001953125
2017-03-23 08:00:00,4996.6201171875,5032.93994140625,4980.56005859375,5032.759765625
2017-03-24 08:00:00,5027.18994140625,5027.18994140625,5003.580078125,5020.89990234375
2017-03-27 07:00:00,4975.08984375,5017.8798828125,4971.06982421875,5017.43017578125
2017-03-28 07:00:00,5027.1298828125,5048.10986328125,5008.669921875,5046.2001953125
2017-03-29 07:00:00,5063.7001953125,5073.22998046875,5044.419921875,5069.0400390625
2017-03-30 07:00:00,5075.60986328125,5090.919921875,5063.06982421875,5089.64013671875
2017-03-31 07:00:00,5077.2998046875,5122.509765625,5067.740234375,5122.509765625
2017-04-03 07:00:00,5130.18017578125,5132.93017578125,5083.14013671875,5085.91015625
2017-04-04 07:00:00,5087.60009765625,5101.1298828125,5076.35009765625,5101.1298828125
2017-04-05 07:00:00,5104.7099609375,5123.77978515625,5087.68017578125,5091.85009765625
2017-04-06 07:00:00,5063.6201171875,5126.740234375,5051.60986328125,5121.43994140625
2017-04-07 07:00:00,5104.72998046875,5135.27978515625,5098.0498046875,5135.27978515625
2017-04-10 07:00:00,5127.35986328125,5127.35986328125,5097.56005859375,5107.4501953125
2017-04-11 07:00:00,5086.60986328125,5119.18017578125,5068.25,5101.85986328125
2017-04-12 07:00:00,5114.5,5142.81005859375,5093.97998046875,5101.10986328125
2017-04-13 07:00:00,5090.47998046875,5090.47998046875,5062.31982421875,5071.10009765625
2017-04-18 07:00:00,5078.25,5080.02978515625,4990.25,4990.25
2017-04-19 07:00:00,4987.2900390625,5011.330078125,4980.41015625,5003.72998046875
2017-04-20 07:00:00,4992.47021484375,5093.60009765625,4989.259765625,5077.91015625
2017-04-21 07:00:00,5063.35986328125,5081.60986328125,5029.06005859375,5059.2001953125
2017-04-24 07:00:00,5267.8798828125,5295.47021484375,5228.5400390625,5268.85009765625
2017-04-25 07:00:00,5274.35986328125,5293.39013671875,5259.6298828125,5277.8798828125
2017-04-26 07:00:00,5272.85986328125,5296.52001953125,5270.31982421875,5287.8798828125
2017-04-27 07:00:00,5276.97021484375,5278.9599609375,5261.72998046875,5271.7001953125
2017-04-28 07:00:00,5267.66015625,5287.85009765625,5265.35986328125,5267.330078125
2017-05-02 07:00:00,5284.8798828125,5305.9501953125,5274.2900390625,5304.14990234375
2017-05-03 07:00:00,5299.740234375,5301.60986328125,5282.4501953125,5301.0
2017-05-04 07:00:00,5309.39013671875,5372.419921875,5304.4599609375,5372.419921875
2017-05-05 07:00:00,5344.919921875,5432.39990234375,5343.02001953125,5432.39990234375
2017-05-08 07:00:00,5442.10009765625,5442.10009765625,5374.2001953125,5382.9501953125
2017-05-09 07:00:00,5404.14013671875,5413.60009765625,5394.1298828125,5398.009765625
2017-05-10 07:00:00,5398.81005859375,5402.33984375,5377.75,5400.4599609375
2017-05-11 07:00:00,5409.89990234375,5409.990234375,5356.41015625,5383.419921875
2017-05-12 07:00:00,5386.7900390625,5405.419921875,5375.47998046875,5405.419921875
2017-05-15 07:00:00,5411.27001953125,5417.39990234375,5384.5400390625,5417.39990234375
2017-05-16 07:00:00,5398.14990234375,5417.169921875,5389.8701171875,5406.10009765625
2017-05-17 07:00:00,5375.83984375,5394.8798828125,5297.43017578125,5317.89013671875
2017-05-18 07:00:00,5309.91015625,5322.7001953125,5238.509765625,5289.72998046875
2017-05-19 07:00:00,5299.39990234375,5334.4501953125,5292.1201171875,5324.39990234375
2017-05-22 07:00:00,5335.1201171875,5339.41015625,5315.22998046875,5322.8798828125
2017-05-23 07:00:00,5317.1201171875,5368.8798828125,5314.47998046875,5348.16015625
2017-05-24 07:00:00,5336.97998046875,5353.009765625,5326.58984375,5341.33984375
2017-05-25 07:00:00,5360.97021484375,5366.7001953125,5323.10986328125,5337.16015625
2017-05-26 07:00:00,5328.85986328125,5336.759765625,5282.419921875,5336.64013671875
2017-05-29 07:00:00,5327.72998046875,5335.77978515625,5316.68994140625,5332.47021484375
2017-05-30 07:00:00,5291.080078125,5309.35986328125,5273.56005859375,5305.93994140625
2017-05-31 07:00:00,5306.2099609375,5334.56982421875,5283.6298828125,5283.6298828125
2017-06-01 07:00:00,5290.83984375,5327.60009765625,5287.990234375,5318.669921875
2017-06-02 07:00:00,5347.85986328125,5372.97021484375,5328.18994140625,5343.41015625
2017-06-05 07:00:00,5337.10986328125,5343.7900390625,5299.759765625,5307.89013671875
2017-06-06 07:00:00,5280.2001953125,5296.419921875,5260.9501953125,5269.22021484375
2017-06-07 07:00:00,5261.419921875,5320.0400390625,5254.02978515625,5265.52978515625
2017-06-08 07:00:00,5264.68994140625,5290.5,5250.68017578125,5264.240234375
2017-06-09 07:00:00,5275.990234375,5320.169921875,5266.830078125,5299.7099609375
2017-06-12 07:00:00,5282.580078125,5286.10009765625,5233.68994140625,5240.58984375
2017-06-13 07:00:00,5254.14013671875,5273.8701171875,5248.2900390625,5261.740234375
2017-06-14 07:00:00,5283.60009765625,5314.9599609375,5243.2900390625,5243.2900390625
2017-06-15 07:00:00,5235.35986328125,5235.8798828125,5176.669921875,5216.8798828125
2017-06-16 07:00:00,5243.52978515625,5273.68017578125,5236.0,5263.31005859375
2017-06-19 07:00:00,5305.22021484375,5331.31982421875,5302.0498046875,5310.72021484375
2017-06-20 07:00:00,5330.580078125,5339.5498046875,5293.64990234375,5293.64990234375
2017-06-21 07:00:00,5273.0,5286.06005859375,5224.0498046875,5274.259765625
2017-06-22 07:00:00,5258.68017578125,5286.4599609375,5237.330078125,5281.93017578125
2017-06-23 07:00:00,5273.240234375,5283.8798828125,5247.52001953125,5266.1201171875
2017-06-26 07:00:00,5295.0400390625,5323.72998046875,5289.56005859375,5295.75
2017-06-27 07:00:00,5282.8701171875,5284.9599609375,5237.669921875,5258.580078125
2017-06-28 07:00:00,5235.830078125,5273.9501953125,5203.89990234375,5252.89990234375
2017-06-29 07:00:00,5268.22998046875,5272.93994140625,5143.81982421875,5154.35009765625
2017-06-30 07:00:00,5157.58984375,5192.39013671875,5117.22998046875,5120.68017578125
2017-07-03 07:00:00,5151.18994140625,5200.72998046875,5151.18994140625,5195.72021484375
2017-07-04 07:00:00,5170.5400390625,5197.81005859375,5165.85986328125,5174.89990234375
2017-07-05 07:00:00,5174.7900390625,5192.509765625,5160.85986328125,5180.10009765625
2017-07-06 07:00:00,5177.2099609375,5177.6201171875,5111.16015625,5152.39990234375
2017-07-07 07:00:00,5149.7900390625,5155.419921875,5125.990234375,5145.16015625
2017-07-10 07:00:00,5160.7001953125,5179.33984375,5147.669921875,5165.64013671875
2017-07-11 07:00:00,5172.02978515625,5186.43994140625,5135.9501953125,5140.60009765625
2017-07-12 07:00:00,5158.22998046875,5239.02001953125,5157.83984375,5222.1298828125
2017-07-13 07:00:00,5228.93017578125,5259.47021484375,5221.580078125,5235.39990234375
2017-07-14 07:00:00,5246.2001953125,5246.77978515625,5215.97998046875,5235.31005859375
2017-07-17 07:00:00,5238.41015625,5246.22998046875,5214.31005859375,5230.169921875
2017-07-18 07:00:00,5219.669921875,5233.14990234375,5164.6298828125,5173.27001953125
2017-07-19 07:00:00,5196.1298828125,5218.990234375,5174.2900390625,5216.06982421875
2017-07-20 07:00:00,5239.4599609375,5251.25,5177.72998046875,5199.22021484375
2017-07-21 07:00:00,5188.919921875,5208.85009765625,5095.1201171875,5117.66015625
2017-07-24 07:00:00,5133.68017578125,5143.47998046875,5094.35986328125,5127.7001953125
2017-07-25 07:00:00,5130.52978515625,5193.18994140625,5130.52978515625,5161.080078125
2017-07-26 07:00:00,5162.240234375,5208.330078125,5158.7900390625,5190.169921875
2017-07-27 07:00:00,5181.14990234375,5218.56005859375,5172.77978515625,5186.9501953125
2017-07-28 07:00:00,5144.02978515625,5144.02978515625,5105.72021484375,5131.39013671875
2017-07-31 07:00:00,5127.6298828125,5148.14990234375,5092.14013671875,5093.77001953125
2017-08-01 07:00:00,5116.89990234375,5148.490234375,5087.3798828125,5127.02978515625
2017-08-02 07:00:00,5122.3798828125,5135.14013671875,5094.64013671875,5107.25
2017-08-03 07:00:00,5097.14013671875,5142.91015625,5084.2001953125,5130.490234375
2017-08-04 07:00:00,5122.39990234375,5216.39990234375,5118.60986328125,5203.43994140625
2017-08-07 07:00:00,5210.72998046875,5220.58984375,5195.259765625,5207.89013671875
2017-08-08 07:00:00,5200.2001953125,5231.64990234375,5191.3798828125,5218.89013671875
2017-08-09 07:00:00,5182.0498046875,5183.3701171875,5122.5,5145.7001953125
2017-08-10 07:00:00,5140.990234375,5148.47021484375,5096.18994140625,5115.22998046875
2017-08-11 07:00:00,5081.919921875,5086.06005859375,5046.75,5060.919921875
2017-08-14 07:00:00,5082.8701171875,5136.18994140625,5080.009765625,5121.669921875
2017-08-15 07:00:00,5141.02001953125,5158.5,5123.97021484375,5140.25
2017-08-16 07:00:00,5159.10009765625,5200.16015625,5159.10009765625,5176.60986328125
2017-08-17 07:00:00,5164.5400390625,5180.259765625,5137.419921875,5146.85009765625
2017-08-18 07:00:00,5103.47021484375,5117.0400390625,5074.4501953125,5114.14990234375
2017-08-21 07:00:00,5091.31005859375,5105.93994140625,5066.18994140625,5087.58984375
2017-08-22 07:00:00,5112.1298828125,5137.5400390625,5101.68017578125,5131.85986328125
2017-08-23 07:00:00,5125.02978515625,5149.080078125,5105.5498046875,5115.39013671875
2017-08-24 07:00:00,5127.7099609375,5136.2998046875,5111.85986328125,5113.1298828125
2017-08-25 07:00:00,5121.47998046875,5141.0498046875,5098.509765625,5104.330078125
2017-08-28 07:00:00,5076.47021484375,5106.25,5066.009765625,5079.75
2017-08-29 07:00:00,5035.3798828125,5041.89013671875,4995.06982421875,5031.919921875
2017-08-30 07:00:00,5063.240234375,5069.1201171875,5046.06982421875,5056.33984375
2017-08-31 07:00:00,5083.1201171875,5104.77978515625,5068.43994140625,5085.58984375
2017-09-01 07:00:00,5117.18994140625,5138.419921875,5115.9501953125,5123.259765625
2017-09-04 07:00:00,5088.27978515625,5114.7001953125,5088.27978515625,5103.97021484375
2017-09-05 07:00:00,5107.18994140625,5125.7998046875,5081.080078125,5086.56005859375
2017-09-06 07:00:00,5054.31982421875,5114.2900390625,5050.08984375,5101.41015625
2017-09-07 07:00:00,5118.83984375,5148.06005859375,5103.14990234375,5114.6201171875
2017-09-08 07:00:00,5099.31005859375,5117.89013671875,5086.509765625,5113.490234375
2017-09-11 07:00:00,5145.77978515625,5180.25,5145.77978515625,5176.7099609375
2017-09-12 07:00:00,5192.75,5219.080078125,5184.47021484375,5209.009765625
2017-09-13 07:00:00,5205.2099609375,5227.0,5200.2099609375,5217.58984375
2017-09-14 07:00:00,5205.18017578125,5233.5400390625,5201.64990234375,5225.2001953125
2017-09-15 07:00:00,5220.89013671875,5237.169921875,5201.97021484375,5213.91015625
2017-09-18 07:00:00,5231.990234375,5239.8798828125,5221.56005859375,5229.31982421875
2017-09-19 07:00:00,5223.2900390625,5238.2900390625,5219.7099609375,5237.43994140625
2017-09-20 07:00:00,5230.509765625,5248.7900390625,5230.02001953125,5241.66015625
2017-09-21 07:00:00,5259.02001953125,5275.419921875,5257.43994140625,5267.2900390625
2017-09-22 07:00:00,5277.39013671875,5295.93017578125,5271.8798828125,5281.2900390625
2017-09-25 07:00:00,5267.990234375,5286.830078125,5260.4599609375,5267.1298828125
2017-09-26 07:00:00,5263.9501953125,5274.580078125,5255.10986328125,5268.759765625
2017-09-27 07:00:00,5281.2998046875,5289.89013671875,5272.31982421875,5281.9599609375
2017-09-28 07:00:00,5286.0498046875,5295.27001953125,5279.10009765625,5293.77001953125
2017-09-29 07:00:00,5297.419921875,5329.81005859375,5284.740234375,5329.81005859375
2017-10-02 07:00:00,5332.919921875,5350.43994140625,5326.66015625,5350.43994140625
2017-10-03 07:00:00,5362.75,5370.89013671875,5355.2998046875,5367.41015625
2017-10-04 07:00:00,5369.240234375,5369.4501953125,5345.2001953125,5363.22998046875
2017-10-05 07:00:00,5355.91015625,5381.740234375,5355.91015625,5379.2099609375
2017-10-06 07:00:00,5378.06982421875,5378.06982421875,5350.259765625,5359.89990234375
2017-10-09 07:00:00,5364.81005859375,5378.509765625,5351.68017578125,5365.830078125
2017-10-10 07:00:00,5364.16015625,5372.27001953125,5351.7900390625,5363.64990234375
2017-10-11 07:00:00,5367.3798828125,5367.3798828125,5338.14013671875,5362.41015625
2017-10-12 07:00:00,5358.419921875,5361.919921875,5342.68994140625,5360.81005859375
2017-10-13 07:00:00,5362.72998046875,5371.64990234375,5344.9599609375,5351.740234375
2017-10-16 07:00:00,5362.52978515625,5371.6201171875,5347.60986328125,5362.8798828125
2017-10-17 07:00:00,5372.64990234375,5376.68994140625,5347.5498046875,5361.3701171875
2017-10-18 07:00:00,5368.08984375,5394.22998046875,5359.68017578125,5383.81005859375
2017-10-19 07:00:00,5371.0,5377.81005859375,5343.0,5368.2900390625
2017-10-20 07:00:00,5389.47998046875,5392.08984375,5368.2099609375,5372.3798828125
2017-10-23 07:00:00,5377.4501953125,5408.740234375,5367.64990234375,5386.81005859375
2017-10-24 07:00:00,5377.85986328125,5413.02978515625,5377.85986328125,5394.7998046875
2017-10-25 07:00:00,5399.60986328125,5416.5400390625,5364.16015625,5374.89013671875
2017-10-26 07:00:00,5383.43994140625,5459.60986328125,5375.259765625,5455.39990234375
2017-10-27 07:00:00,5470.33984375,5513.52978515625,5470.240234375,5494.1298828125
2017-10-30 08:00:00,5488.330078125,5507.56005859375,5487.2900390625,5493.6298828125
2017-10-31 08:00:00,5492.6298828125,5511.25,5489.41015625,5503.2900390625
2017-11-01 08:00:00,5524.3798828125,5536.39990234375,5514.2900390625,5514.2900390625
2017-11-02 08:00:00,5510.9599609375,5520.81005859375,5486.240234375,5510.5
2017-11-03 08:00:00,5513.47021484375,5521.919921875,5498.2900390625,5517.97021484375
2017-11-06 08:00:00,5507.06982421875,5513.31005859375,5492.89990234375,5507.25
2017-11-07 08:00:00,5521.75,5525.5498046875,5475.919921875,5480.64013671875
2017-11-08 08:00:00,5487.52978515625,5496.080078125,5452.2001953125,5471.43017578125
2017-11-09 08:00:00,5470.18017578125,5479.7001953125,5401.43017578125,5407.75
2017-11-10 08:00:00,5405.5498046875,5415.8798828125,5375.1201171875,5380.72021484375
2017-11-13 08:00:00,5382.64990234375,5384.759765625,5301.02001953125,5341.6298828125
2017-11-14 08:00:00,5345.2998046875,5365.64013671875,5301.56982421875,5315.580078125
2017-11-15 08:00:00,5301.14013671875,5312.39013671875,5267.22021484375,5301.25
2017-11-16 08:00:00,5325.41015625,5345.22998046875,5312.8701171875,5336.39013671875
2017-11-17 08:00:00,5335.85009765625,5350.25,5304.35009765625,5319.169921875
2017-11-20 08:00:00,5311.27978515625,5348.14990234375,5302.85009765625,5340.4501953125
2017-11-21 08:00:00,5335.83984375,5385.85986328125,5326.85986328125,5366.14990234375
2017-11-22 08:00:00,5364.60986328125,5391.009765625,5352.759765625,5352.759765625
2017-11-23 08:00:00,5339.759765625,5391.89013671875,5330.31982421875,5379.5400390625
2017-11-24 08:00:00,5374.39990234375,5419.8798828125,5374.39990234375,5390.4599609375
2017-11-27 08:00:00,5378.9599609375,5408.47021484375,5359.39013671875,5360.08984375
2017-11-28 08:00:00,5366.3798828125,5398.18994140625,5357.27978515625,5390.47998046875
2017-11-29 08:00:00,5416.490234375,5441.68994140625,5394.89013671875,5398.0498046875
2017-11-30 08:00:00,5402.66015625,5429.64990234375,5372.58984375,5372.7900390625
2017-12-01 08:00:00,5374.1298828125,5378.31982421875,5299.06005859375,5316.89013671875
2017-12-04 08:00:00,5363.2900390625,5400.10009765625,5350.58984375,5389.2900390625
2017-12-05 08:00:00,5382.22998046875,5392.47998046875,5349.7900390625,5375.52978515625
2017-12-06 08:00:00,5333.31982421875,5385.52978515625,5316.5498046875,5374.35009765625
2017-12-07 08:00:00,5374.56982421875,5396.31005859375,5365.75,5383.85986328125
2017-12-08 08:00:00,5411.91015625,5425.75,5393.56005859375,5399.08984375
2017-12-11 08:00:00,5411.7099609375,5411.7099609375,5382.5,5386.830078125
2017-12-12 08:00:00,5394.93017578125,5427.18994140625,5359.759765625,5427.18994140625
2017-12-13 08:00:00,5415.31982421875,5429.02978515625,5393.97998046875,5399.4501953125
2017-12-14 08:00:00,5392.0,5400.27978515625,5357.14013671875,5357.14013671875
2017-12-15 08:00:00,5340.33984375,5360.8701171875,5330.10009765625,5349.2998046875
2017-12-18 08:00:00,5386.39990234375,5427.8701171875,5386.39990234375,5420.580078125
2017-12-19 08:00:00,5409.64990234375,5420.64013671875,5380.14990234375,5382.91015625
2017-12-20 08:00:00,5377.919921875,5382.3701171875,5338.02978515625,5352.77001953125
2017-12-21 08:00:00,5332.39013671875,5389.7998046875,5323.5400390625,5385.97021484375
2017-12-22 08:00:00,5371.0,5385.9599609375,5355.43994140625,5364.72021484375
2017-12-27 08:00:00,5359.81982421875,5388.14013671875,5352.52978515625,5368.83984375
2017-12-28 08:00:00,5367.7001953125,5370.43017578125,5331.16015625,5339.419921875
2017-12-29 08:00:00,5336.14990234375,5344.0498046875,5312.56005859375,5312.56005859375
2018-01-02 08:00:00,5318.740234375,5318.740234375,5258.66015625,5288.60009765625
2018-01-03 08:00:00,5295.31005859375,5347.6298828125,5291.89013671875,5331.27978515625
2018-01-04 08:00:00,5360.009765625,5430.72021484375,5360.009765625,5413.68994140625
2018-01-05 08:00:00,5424.16015625,5470.75,5422.77978515625,5470.75
2018-01-08 08:00:00,5483.47021484375,5499.14990234375,5478.919921875,5487.419921875
2018-01-09 08:00:00,5491.91015625,5525.669921875,5491.91015625,5523.93994140625
2018-01-10 08:00:00,5518.31982421875,5529.2998046875,5487.56005859375,5504.68017578125
2018-01-11 08:00:00,5514.08984375,5516.58984375,5478.97021484375,5488.5498046875
2018-01-12 08:00:00,5502.6298828125,5520.18017578125,5486.08984375,5517.06005859375
2018-01-15 08:00:00,5515.5498046875,5525.009765625,5501.27978515625,5509.68994140625
2018-01-16 08:00:00,5513.7001953125,5535.9501953125,5500.22021484375,5513.81982421875
2018-01-17 08:00:00,5496.259765625,5518.39013671875,5485.02001953125,5493.990234375
2018-01-18 08:00:00,5511.2998046875,5515.16015625,5474.10986328125,5494.830078125
2018-01-19 08:00:00,5493.990234375,5528.89013671875,5490.31982421875,5526.509765625
2018-01-22 08:00:00,5520.2099609375,5543.06005859375,5512.27001953125,5541.990234375
2018-01-23 08:00:00,5563.56005859375,5567.02978515625,5521.830078125,5535.259765625
2018-01-24 08:00:00,5532.85009765625,5538.580078125,5495.16015625,5495.16015625
2018-01-25 08:00:00,5493.81005859375,5525.759765625,5456.0498046875,5481.2099609375
2018-01-26 08:00:00,5496.830078125,5539.77001953125,5493.66015625,5529.14990234375
2018-01-29 08:00:00,5534.14013671875,5537.52978515625,5517.669921875,5521.58984375
2018-01-30 08:00:00,5493.93017578125,5518.93994140625,5464.85009765625,5473.77978515625
2018-01-31 08:00:00,5483.509765625,5496.77978515625,5471.18017578125,5481.93017578125
2018-02-01 08:00:00,5510.58984375,5529.39990234375,5432.58984375,5454.5498046875
2018-02-02 08:00:00,5433.83984375,5437.259765625,5364.97998046875,5364.97998046875
2018-02-05 08:00:00,5322.93994140625,5332.77001953125,5283.27001953125,5285.830078125
2018-02-06 08:00:00,5104.27978515625,5226.1298828125,5101.14990234375,5161.81005859375
2018-02-07 08:00:00,5208.10986328125,5267.8798828125,5169.39990234375,5255.89990234375
2018-02-08 08:00:00,5229.77978515625,5248.43994140625,5129.52001953125,5151.68017578125
2018-02-09 08:00:00,5133.4599609375,5155.8701171875,5051.2099609375,5079.2099609375
2018-02-12 08:00:00,5130.39990234375,5165.75,5113.81982421875,5140.06005859375
2018-02-13 08:00:00,5136.08984375,5155.22021484375,5109.240234375,5109.240234375
2018-02-14 08:00:00,5137.56982421875,5188.14013671875,5081.6201171875,5165.259765625
2018-02-15 08:00:00,5211.7099609375,5255.080078125,5204.43994140625,5222.52001953125
2018-02-16 08:00:00,5249.419921875,5291.47998046875,5245.7998046875,5281.580078125
2018-02-19 08:00:00,5295.330078125,5297.3701171875,5249.89013671875,5256.18017578125
2018-02-20 08:00:00,5257.43017578125,5291.81005859375,5249.85009765625,5289.85986328125
2018-02-21 08:00:00,5278.47998046875,5303.81005859375,5255.77001953125,5302.169921875
2018-02-22 08:00:00,5272.43017578125,5321.18994140625,5253.2001953125,5309.22998046875
2018-02-23 08:00:00,5312.2998046875,5322.35009765625,5292.7001953125,5317.3701171875
2018-02-26 08:00:00,5343.56982421875,5357.35986328125,5329.509765625,5344.259765625
2018-02-27 08:00:00,5358.56982421875,5363.52001953125,5329.7900390625,5343.93017578125
2018-02-28 08:00:00,5321.5,5357.06005859375,5312.6201171875,5320.490234375
2018-03-01 08:00:00,5304.81005859375,5315.77001953125,5242.8701171875,5262.56005859375
2018-03-02 08:00:00,5223.14013671875,5226.10986328125,5121.240234375,5136.580078125
2018-03-05 08:00:00,5116.39013671875,5176.52001953125,5115.93994140625,5167.22998046875
2018-03-06 08:00:00,5203.10986328125,5216.60009765625,5170.14013671875,5170.22998046875
2018-03-07 08:00:00,5151.68994140625,5203.06005859375,5134.509765625,5187.830078125
2018-03-08 08:00:00,5189.14013671875,5264.35986328125,5186.27978515625,5254.10009765625
2018-03-09 08:00:00,5243.08984375,5293.080078125,5241.509765625,5274.39990234375
2018-03-12 08:00:00,5298.22021484375,5302.419921875,5258.10986328125,5276.7099609375
2018-03-13 08:00:00,5284.83984375,5311.66015625,5225.27001953125,5242.7900390625
2018-03-14 08:00:00,5237.75,5272.72021484375,5224.31005859375,5233.35986328125
2018-03-15 08:00:00,5252.22021484375,5274.93994140625,5235.93994140625,5267.259765625
2018-03-16 08:00:00,5259.35986328125,5299.22998046875,5258.509765625,5282.75
2018-03-19 08:00:00,5263.39013671875,5265.43994140625,5210.06982421875,5222.83984375
2018-03-20 08:00:00,5232.1201171875,5255.10009765625,5208.509765625,5252.43017578125
2018-03-21 08:00:00,5252.77978515625,5257.240234375,5220.259765625,5239.740234375
2018-03-22 08:00:00,5205.169921875,5231.169921875,5119.2900390625,5167.2099609375
2018-03-23 08:00:00,5115.81982421875,5128.7099609375,5059.669921875,5095.22021484375
2018-03-26 07:00:00,5106.33984375,5126.990234375,5043.27001953125,5066.27978515625
2018-03-27 07:00:00,5141.39990234375,5149.0498046875,5100.2099609375,5115.740234375
2018-03-28 07:00:00,5073.419921875,5130.43994140625,5038.1201171875,5130.43994140625
2018-03-29 07:00:00,5152.02978515625,5194.97998046875,5134.75,5167.2998046875
2018-04-03 07:00:00,5144.6298828125,5171.6201171875,5118.68994140625,5152.1201171875
2018-04-04 07:00:00,5155.47021484375,5163.6298828125,5094.68994140625,5141.7998046875
2018-04-05 07:00:00,5216.68017578125,5280.60986328125,5213.6298828125,5276.669921875
2018-04-06 07:00:00,5256.25,5282.72021484375,5243.02001953125,5258.240234375
2018-04-09 07:00:00,5271.0,5289.72021484375,5247.56982421875,5263.39013671875
2018-04-10 07:00:00,5299.580078125,5312.8798828125,5281.580078125,5307.56005859375
2018-04-11 07:00:00,5301.43994140625,5303.31982421875,5264.27001953125,5277.93994140625
2018-04-12 07:00:00,5280.66015625,5309.97021484375,5266.35986328125,5309.22021484375
2018-04-13 07:00:00,5318.1298828125,5339.0498046875,5303.3798828125,5315.02001953125
2018-04-16 07:00:00,5322.41015625,5322.41015625,5298.93994140625,5312.9599609375
2018-04-17 07:00:00,5325.6298828125,5370.22998046875,5317.1201171875,5353.5400390625
2018-04-18 07:00:00,5360.4501953125,5381.740234375,5359.6298828125,5380.169921875
2018-04-19 07:00:00,5389.81982421875,5397.83984375,5377.10986328125,5391.64013671875
2018-04-20 07:00:00,5395.1298828125,5425.7900390625,5381.10986328125,5412.830078125
2018-04-23 07:00:00,5404.72021484375,5440.83984375,5392.580078125,5438.5498046875
2018-04-24 07:00:00,5428.18017578125,5446.7001953125,5414.39990234375,5444.16015625
2018-04-25 07:00:00,5414.14990234375,5442.31982421875,5388.669921875,5413.2998046875
2018-04-26 07:00:00,5416.75,5460.009765625,5407.580078125,5453.580078125
2018-04-27 07:00:00,5454.25,5483.18994140625,5453.97021484375,5483.18994140625
2018-04-30 07:00:00,5477.43994140625,5521.43994140625,5474.47998046875,5520.5
2018-05-02 07:00:00,5511.4599609375,5538.72998046875,5509.080078125,5529.22021484375
2018-05-03 07:00:00,5515.35986328125,5523.77978515625,5489.6298828125,5501.66015625
2018-05-04 07:00:00,5495.7099609375,5516.0498046875,5485.990234375,5516.0498046875
2018-05-07 07:00:00,5511.93994140625,5532.1201171875,5503.7001953125,5531.419921875
2018-05-08 07:00:00,5523.91015625,5529.14990234375,5496.39013671875,5521.93017578125
2018-05-09 07:00:00,5520.64990234375,5535.240234375,5511.580078125,5534.6298828125
2018-05-10 07:00:00,5532.3701171875,5547.2001953125,5522.91015625,5545.9501953125
2018-05-11 07:00:00,5533.41015625,5544.740234375,5521.33984375,5541.93994140625
2018-05-14 07:00:00,5539.0498046875,5542.2099609375,5524.43994140625,5540.68017578125
2018-05-15 07:00:00,5529.39013671875,5563.35986328125,5527.64013671875,5553.16015625
2018-05-16 07:00:00,5546.39013671875,5570.9599609375,5540.669921875,5567.5400390625
2018-05-17 07:00:00,5570.39013671875,5621.919921875,5570.0400390625,5621.919921875
2018-05-18 07:00:00,5610.14013671875,5643.14990234375,5603.35009765625,5614.509765625
2018-05-21 07:00:00,5626.7001953125,5657.43994140625,5626.18017578125,5637.509765625
2018-05-22 07:00:00,5637.93994140625,5653.08984375,5628.93017578125,5640.10009765625
2018-05-23 07:00:00,5626.02001953125,5626.02001953125,5544.41015625,5565.85009765625
2018-05-24 07:00:00,5576.64990234375,5598.64990234375,5523.22021484375,5548.4501953125
2018-05-25 07:00:00,5570.72998046875,5592.16015625,5519.77978515625,5542.5498046875
2018-05-28 07:00:00,5565.66015625,5577.3798828125,5492.2998046875,5508.93017578125
2018-05-29 07:00:00,5466.47998046875,5480.18017578125,5389.60986328125,5438.06005859375
2018-05-30 07:00:00,5420.14990234375,5434.240234375,5386.14990234375,5427.35009765625
2018-05-31 07:00:00,5440.9501953125,5453.009765625,5381.3798828125,5398.39990234375
2018-06-01 07:00:00,5440.419921875,5482.56005859375,5438.31005859375,5465.52978515625
2018-06-04 07:00:00,5497.740234375,5501.47998046875,5468.919921875,5472.91015625
2018-06-05 07:00:00,5464.8798828125,5512.81982421875,5460.9501953125,5460.9501953125
2018-06-06 07:00:00,5470.580078125,5480.31005859375,5419.93994140625,5457.56005859375
2018-06-07 07:00:00,5482.60986328125,5500.31982421875,5440.66015625,5448.35986328125
2018-06-08 07:00:00,5419.7099609375,5458.85009765625,5405.35986328125,5450.22021484375
2018-06-11 07:00:00,5459.81005859375,5480.419921875,5451.1298828125,5473.91015625
2018-06-12 07:00:00,5494.830078125,5496.47021484375,5448.7001953125,5453.3701171875
2018-06-13 07:00:00,5457.31005859375,5474.009765625,5447.89990234375,5452.72998046875
2018-06-14 07:00:00,5420.39013671875,5543.2900390625,5408.2998046875,5528.4599609375
2018-06-15 07:00:00,5542.81982421875,5560.6201171875,5501.8798828125,5501.8798828125
2018-06-18 07:00:00,5487.7001953125,5491.83984375,5418.47998046875,5450.47998046875
2018-06-19 07:00:00,5387.81005859375,5398.0400390625,5366.0498046875,5390.6298828125
2018-06-20 07:00:00,5418.2001953125,5418.2001953125,5372.0400390625,5372.31005859375
2018-06-21 07:00:00,5386.8798828125,5396.47021484375,5302.08984375,5316.009765625
2018-06-22 07:00:00,5330.0498046875,5389.31982421875,5327.02978515625,5387.3798828125
2018-06-25 07:00:00,5350.9599609375,5362.330078125,5283.85986328125,5283.85986328125
2018-06-26 07:00:00,5308.8798828125,5315.56005859375,5281.2900390625,5281.2900390625
2018-06-27 07:00:00,5284.4599609375,5371.580078125,5246.41015625,5327.2001953125
2018-06-28 07:00:00,5308.43994140625,5341.08984375,5250.22021484375,5275.64013671875
2018-06-29 07:00:00,5335.240234375,5357.9501953125,5318.47021484375,5323.52978515625
2018-07-02 07:00:00,5264.39990234375,5293.39990234375,5242.64013671875,5276.759765625
2018-07-03 07:00:00,5302.35986328125,5336.2001953125,5284.1298828125,5316.77001953125
2018-07-04 07:00:00,5313.9599609375,5333.22021484375,5307.2001953125,5320.5
2018-07-05 07:00:00,5326.02001953125,5391.56982421875,5324.52001953125,5366.31982421875
2018-07-06 07:00:00,5387.18017578125,5393.4599609375,5345.4599609375,5375.77001953125
2018-07-09 07:00:00,5403.0400390625,5418.9501953125,5384.60009765625,5398.10986328125
2018-07-10 07:00:00,5410.18994140625,5437.0498046875,5404.89990234375,5434.35986328125
2018-07-11 07:00:00,5393.41015625,5396.7001953125,5353.93017578125,5353.93017578125
2018-07-12 07:00:00,5369.18994140625,5406.47998046875,5349.47998046875,5405.89990234375
2018-07-13 07:00:00,5428.0400390625,5439.56005859375,5418.169921875,5429.2001953125
2018-07-16 07:00:00,5429.43017578125,5439.66015625,5404.52001953125,5409.43017578125
2018-07-17 07:00:00,5405.60986328125,5426.77978515625,5383.0,5422.5400390625
2018-07-18 07:00:00,5441.5400390625,5459.72021484375,5438.31005859375,5447.43994140625
2018-07-19 07:00:00,5437.7099609375,5444.18994140625,5409.77001953125,5417.06982421875
2018-07-20 07:00:00,5409.669921875,5424.3701171875,5342.2998046875,5398.31982421875
2018-07-23 07:00:00,5382.85986328125,5385.830078125,5358.81982421875,5378.25
2018-07-24 07:00:00,5399.18994140625,5453.0498046875,5389.77001953125,5434.18994140625
2018-07-25 07:00:00,5445.240234375,5452.25,5413.66015625,5426.41015625
2018-07-26 07:00:00,5463.2900390625,5480.5498046875,5435.27001953125,5480.5498046875
2018-07-27 07:00:00,5477.52978515625,5514.39990234375,5475.77001953125,5511.759765625
2018-07-30 07:00:00,5490.2001953125,5507.47998046875,5482.240234375,5491.22021484375
2018-07-31 07:00:00,5505.52001953125,5529.02978515625,5496.41015625,5511.2998046875
2018-08-01 07:00:00,5520.330078125,5531.580078125,5495.7900390625,5498.3701171875
2018-08-02 07:00:00,5477.6298828125,5483.740234375,5445.91015625,5460.97998046875
2018-08-03 07:00:00,5475.81982421875,5491.77978515625,5459.27001953125,5478.97998046875
2018-08-06 07:00:00,5487.27978515625,5501.5400390625,5456.509765625,5477.18017578125
2018-08-07 07:00:00,5490.91015625,5539.41015625,5490.080078125,5521.31005859375
2018-08-08 07:00:00,5518.490234375,5530.02001953125,5497.10009765625,5501.89990234375
2018-08-09 07:00:00,5487.919921875,5502.419921875,5468.64013671875,5502.25
2018-08-10 07:00:00,5455.9599609375,5466.669921875,5391.009765625,5414.68017578125
2018-08-13 07:00:00,5402.41015625,5428.91015625,5385.18994140625,5412.31982421875
2018-08-14 07:00:00,5437.43017578125,5447.93017578125,5392.39013671875,5403.41015625
2018-08-15 07:00:00,5414.75,5417.18994140625,5287.18017578125,5305.22021484375
2018-08-16 07:00:00,5326.169921875,5354.9501953125,5307.16015625,5349.02001953125
2018-08-17 07:00:00,5356.490234375,5366.56005859375,5313.990234375,5344.93017578125
2018-08-20 07:00:00,5362.3701171875,5397.77978515625,5356.31982421875,5379.64990234375
2018-08-21 07:00:00,5372.02001953125,5427.259765625,5367.3798828125,5408.60009765625
2018-08-22 07:00:00,5401.43017578125,5431.52001953125,5401.43017578125,5420.60986328125
2018-08-23 07:00:00,5422.39013671875,5436.72021484375,5415.43017578125,5419.330078125
2018-08-24 07:00:00,5422.77978515625,5449.75,5421.2099609375,5432.5
2018-08-27 07:00:00,5455.39990234375,5487.4501953125,5448.490234375,5479.10009765625
2018-08-28 07:00:00,5489.509765625,5506.759765625,5477.35009765625,5484.990234375
2018-08-29 07:00:00,5495.9501953125,5504.31982421875,5476.27001953125,5501.330078125
2018-08-30 07:00:00,5494.02001953125,5498.77001953125,5467.1201171875,5478.06005859375
2018-08-31 07:00:00,5470.7998046875,5471.0498046875,5403.16015625,5406.85009765625
2018-09-03 07:00:00,5400.7001953125,5417.4599609375,5387.2099609375,5413.7998046875
2018-09-04 07:00:00,5423.669921875,5428.22021484375,5322.77001953125,5342.7001953125
2018-09-05 07:00:00,5322.080078125,5324.0,5259.97998046875,5260.22021484375
2018-09-06 07:00:00,5254.7001953125,5292.43017578125,5243.81005859375,5243.83984375
2018-09-07 07:00:00,5252.97998046875,5266.6298828125,5226.31005859375,5252.22021484375
2018-09-10 07:00:00,5250.759765625,5291.2099609375,5241.18017578125,5269.6298828125
2018-09-11 07:00:00,5284.240234375,5285.02001953125,5240.0400390625,5283.7900390625
2018-09-12 07:00:00,5294.580078125,5338.6298828125,5293.6201171875,5332.1298828125
2018-09-13 07:00:00,5327.93994140625,5366.33984375,5325.2998046875,5328.1201171875
2018-09-14 07:00:00,5353.580078125,5362.2001953125,5338.25,5352.56982421875
2018-09-17 07:00:00,5344.5498046875,5358.18017578125,5329.97021484375,5348.8701171875
2018-09-18 07:00:00,5348.490234375,5389.759765625,5339.6201171875,5363.7900390625
2018-09-19 07:00:00,5362.93994140625,5406.06005859375,5361.330078125,5393.740234375
2018-09-20 07:00:00,5398.2001953125,5461.10986328125,5398.2001953125,5451.58984375
2018-09-21 07:00:00,5463.66015625,5499.02978515625,5463.66015625,5494.169921875
2018-09-24 07:00:00,5480.64013671875,5488.18017578125,5463.43994140625,5476.169921875
2018-09-25 07:00:00,5468.91015625,5497.14990234375,5468.77978515625,5479.10009765625
2018-09-26 07:00:00,5482.990234375,5512.75,5471.56982421875,5512.72998046875
2018-09-27 07:00:00,5500.25,5546.7998046875,5485.830078125,5540.41015625
2018-09-28 07:00:00,5514.5498046875,5527.240234375,5458.2099609375,5493.490234375
2018-10-01 07:00:00,5494.93017578125,5519.93994140625,5491.169921875,5506.81982421875
2018-10-02 07:00:00,5473.7900390625,5480.240234375,5440.77978515625,5467.89013671875
2018-10-03 07:00:00,5485.02001953125,5509.080078125,5468.47021484375,5491.39990234375
2018-10-04 07:00:00,5471.8798828125,5477.919921875,5404.83984375,5410.85009765625
2018-10-05 07:00:00,5407.580078125,5412.31005859375,5354.7900390625,5359.35986328125
2018-10-08 07:00:00,5339.490234375,5349.31005859375,5291.740234375,5300.25
2018-10-09 07:00:00,5304.10986328125,5328.3701171875,5260.52978515625,5318.5498046875
2018-10-10 07:00:00,5319.27001953125,5319.8798828125,5200.10986328125,5206.22021484375
2018-10-11 07:00:00,5128.22021484375,5175.35986328125,5101.89990234375,5106.3701171875
2018-10-12 07:00:00,5160.22998046875,5164.02978515625,5095.740234375,5095.97998046875
2018-10-15 07:00:00,5095.1201171875,5105.93017578125,5058.0498046875,5095.06982421875
2018-10-16 07:00:00,5094.43994140625,5176.7998046875,5082.41015625,5173.0498046875
2018-10-17 07:00:00,5187.10986328125,5205.3798828125,5117.22998046875,5144.9501953125
2018-10-18 07:00:00,5150.22998046875,5175.58984375,5115.31005859375,5116.7900390625
2018-10-19 07:00:00,5119.64013671875,5133.58984375,5057.4501953125,5084.66015625
2018-10-22 07:00:00,5130.2900390625,5135.68994140625,5052.240234375,5053.31005859375
2018-10-23 07:00:00,4991.91015625,5009.43017578125,4955.669921875,4967.68994140625
2018-10-24 07:00:00,4995.77001953125,5043.3701171875,4951.16015625,4953.08984375
2018-10-25 07:00:00,4933.9501953125,5033.52001953125,4925.56005859375,5032.2998046875
2018-10-26 07:00:00,4978.39013671875,4978.39013671875,4896.7998046875,4967.3701171875
2018-10-29 08:00:00,4958.509765625,5030.02001953125,4958.509765625,4989.35009765625
2018-10-30 08:00:00,4996.919921875,5010.43994140625,4929.93994140625,4978.52978515625
2018-10-31 08:00:00,5049.740234375,5106.759765625,5047.35009765625,5093.43994140625
2018-11-01 08:00:00,5076.5498046875,5119.68017578125,5060.759765625,5085.77978515625
2018-11-02 08:00:00,5147.02001953125,5162.18017578125,5101.27978515625,5102.1298828125
2018-11-05 08:00:00,5101.8701171875,5124.18994140625,5092.35986328125,5101.39013671875
2018-11-06 08:00:00,5110.7998046875,5110.7998046875,5066.39013671875,5075.18994140625
2018-11-07 08:00:00,5100.080078125,5150.64013671875,5098.89990234375,5137.93994140625
2018-11-08 08:00:00,5147.18994140625,5168.10986328125,5120.14013671875,5131.4501953125
2018-11-09 08:00:00,5103.43017578125,5112.56982421875,5072.2099609375,5106.75
2018-11-12 08:00:00,5130.3798828125,5140.4501953125,5058.490234375,5059.08984375
2018-11-13 08:00:00,5077.56982421875,5106.77001953125,5054.89990234375,5101.85009765625
2018-11-14 08:00:00,5062.43994140625,5131.0400390625,5026.22021484375,5068.85009765625
2018-11-15 08:00:00,5097.08984375,5106.56005859375,4993.47998046875,5033.6201171875
2018-11-16 08:00:00,5068.64013671875,5081.0,4986.18994140625,5025.2001953125
2018-11-19 08:00:00,5040.68017578125,5062.75,4979.97998046875,4985.4501953125
2018-11-20 08:00:00,4962.85009765625,4967.97998046875,4894.2998046875,4924.89013671875
2018-11-21 08:00:00,4949.72021484375,4978.919921875,4930.25,4975.5
2018-11-22 08:00:00,4958.89013671875,4961.35009765625,4923.7998046875,4938.14013671875
2018-11-23 08:00:00,4939.7900390625,4968.5,4913.72021484375,4946.9501953125
2018-11-26 08:00:00,4982.5400390625,5023.77978515625,4973.7099609375,4994.97998046875
2018-11-27 08:00:00,4992.52978515625,5013.68994140625,4958.7099609375,4983.14990234375
2018-11-28 08:00:00,4998.14013671875,5007.47021484375,4977.93017578125,4983.240234375
2018-11-29 08:00:00,5026.66015625,5036.81005859375,4995.9501953125,5006.25
2018-11-30 08:00:00,5016.4501953125,5016.85986328125,4974.990234375,5003.919921875
2018-12-03 08:00:00,5112.580078125,5115.1298828125,5043.2001953125,5053.97998046875
2018-12-04 08:00:00,5036.9501953125,5043.259765625,5012.47998046875,5012.66015625
2018-12-05 08:00:00,4963.18017578125,4976.6298828125,4941.4501953125,4944.3701171875
2018-12-06 08:00:00,4898.35009765625,4898.35009765625,4760.97998046875,4780.4599609375
2018-12-07 08:00:00,4813.6201171875,4877.1298828125,4812.3798828125,4813.1298828125
2018-12-10 08:00:00,4797.919921875,4809.97998046875,4732.02001953125,4742.3798828125
2018-12-11 08:00:00,4781.93994140625,4853.919921875,4770.06982421875,4806.2001953125
2018-12-12 08:00:00,4834.240234375,4924.66015625,4829.1201171875,4909.4501953125
2018-12-13 08:00:00,4926.85986328125,4935.47998046875,4890.43994140625,4896.919921875
2018-12-14 08:00:00,4853.1201171875,4873.16015625,4822.89013671875,4853.7001953125
2018-12-17 08:00:00,4840.1201171875,4847.5,4788.8798828125,4799.8701171875
2018-12-18 08:00:00,4773.18994140625,4804.97998046875,4754.080078125,4754.080078125
2018-12-19 08:00:00,4766.72998046875,4794.009765625,4761.6298828125,4777.4501953125
2018-12-20 08:00:00,4709.75,4719.60986328125,4685.60986328125,4692.4599609375
2018-12-21 08:00:00,4672.77001953125,4696.18017578125,4628.240234375,4694.3798828125
2018-12-24 08:00:00,4650.419921875,4664.2001953125,4622.02978515625,4626.39013671875
2018-12-27 08:00:00,4689.2001953125,4692.43017578125,4555.990234375,4598.60986328125
2018-12-28 08:00:00,4641.0498046875,4700.490234375,4623.97021484375,4678.740234375
2018-12-31 08:00:00,4708.740234375,4731.490234375,4696.1201171875,4730.68994140625
2019-01-02 08:00:00,4642.18017578125,4699.97998046875,4606.2001953125,4689.39013671875
2019-01-03 08:00:00,4641.7998046875,4671.27978515625,4607.68017578125,4611.490234375
2019-01-04 08:00:00,4649.6298828125,4750.509765625,4636.7900390625,4737.1201171875
2019-01-07 08:00:00,4757.009765625,4760.27001953125,4690.22021484375,4719.169921875
2019-01-08 08:00:00,4722.16015625,4810.27001953125,4719.22998046875,4773.27001953125
2019-01-09 08:00:00,4811.18017578125,4843.47998046875,4801.830078125,4813.580078125
2019-01-10 08:00:00,4788.759765625,4805.66015625,4759.759765625,4805.66015625
2019-01-11 08:00:00,4814.66015625,4821.27978515625,4760.83984375,4781.33984375
2019-01-14 08:00:00,4740.31005859375,4773.14990234375,4730.5498046875,4762.75
2019-01-15 08:00:00,4799.580078125,4816.72998046875,4754.68994140625,4786.169921875
2019-01-16 08:00:00,4811.58984375,4816.490234375,4784.7900390625,4810.740234375
2019-01-17 08:00:00,4782.6298828125,4801.669921875,4772.64013671875,4794.3701171875
2019-01-18 08:00:00,4825.97021484375,4881.56982421875,4824.259765625,4875.93017578125
2019-01-21 08:00:00,4865.7900390625,4872.6201171875,4859.759765625,4867.77978515625
2019-01-22 08:00:00,4841.18017578125,4863.2998046875,4824.06005859375,4847.52978515625
2019-01-23 08:00:00,4831.919921875,4875.41015625,4820.14013671875,4840.3798828125
2019-01-24 08:00:00,4839.58984375,4883.89990234375,4832.39990234375,4871.9599609375
2019-01-25 08:00:00,4895.58984375,4931.7998046875,4890.89990234375,4925.81982421875
2019-01-28 08:00:00,4903.9501953125,4912.10009765625,4878.6201171875,4888.580078125
2019-01-29 08:00:00,4889.33984375,4949.4501953125,4879.66015625,4928.18017578125
2019-01-30 08:00:00,4943.68017578125,4974.759765625,4942.64013671875,4974.759765625
2019-01-31 08:00:00,4993.08984375,5016.27978515625,4955.5,4992.72021484375
2019-02-01 08:00:00,5004.64990234375,5023.3701171875,4980.5,5019.259765625
2019-02-04 08:00:00,5014.31005859375,5019.39990234375,4970.7001953125,5000.18994140625
2019-02-05 08:00:00,5009.830078125,5083.33984375,4997.52978515625,5083.33984375
2019-02-06 08:00:00,5060.64990234375,5083.81005859375,5058.0400390625,5079.0498046875
2019-02-07 08:00:00,5075.75,5083.89013671875,4985.56005859375,4985.56005859375
2019-02-08 08:00:00,4980.81005859375,5005.64013671875,4946.14013671875,4961.64013671875
2019-02-11 08:00:00,4988.08984375,5023.2900390625,4986.2998046875,5014.47021484375
2019-02-12 08:00:00,5052.330078125,5073.7900390625,5039.990234375,5056.35009765625
2019-02-13 08:00:00,5071.5400390625,5092.18994140625,5061.60009765625,5074.27001953125
2019-02-14 08:00:00,5117.7900390625,5117.7900390625,5062.52001953125,5062.52001953125
2019-02-15 08:00:00,5061.5400390625,5164.580078125,5059.5,5153.18994140625
2019-02-18 08:00:00,5149.06005859375,5170.9599609375,5147.81005859375,5168.5400390625
2019-02-19 08:00:00,5162.31005859375,5176.41015625,5137.169921875,5160.52001953125
2019-02-20 08:00:00,5168.58984375,5202.89990234375,5159.06005859375,5195.9501953125
2019-02-21 08:00:00,5200.1201171875,5206.3798828125,5180.6201171875,5196.10986328125
2019-02-22 08:00:00,5190.93994140625,5226.7998046875,5190.27978515625,5215.85009765625
2019-02-25 08:00:00,5228.25,5242.22021484375,5219.39013671875,5231.85009765625
2019-02-26 08:00:00,5212.85986328125,5248.5,5197.2900390625,5238.72021484375
2019-02-27 08:00:00,5218.1201171875,5236.830078125,5211.5400390625,5225.35009765625
2019-02-28 08:00:00,5204.77001953125,5247.5498046875,5204.77001953125,5240.52978515625
2019-03-01 08:00:00,5267.14013671875,5286.68994140625,5262.47021484375,5265.18994140625
2019-03-04 08:00:00,5291.1298828125,5310.64013671875,5283.35009765625,5286.56982421875
2019-03-05 08:00:00,5288.5498046875,5297.990234375,5267.56982421875,5297.52001953125
2019-03-06 08:00:00,5288.39990234375,5314.97021484375,5281.9501953125,5288.81005859375
2019-03-07 08:00:00,5282.14013671875,5306.08984375,5249.31982421875,5267.919921875
2019-03-08 08:00:00,5233.97021484375,5252.35009765625,5221.02978515625,5231.22021484375
2019-03-11 08:00:00,5253.490234375,5268.58984375,5230.16015625,5265.9599609375
2019-03-12 08:00:00,5290.93994140625,5294.830078125,5245.759765625,5270.25
2019-03-13 08:00:00,5263.009765625,5309.77001953125,5261.89013671875,5306.3798828125
2019-03-14 08:00:00,5308.75,5358.41015625,5308.75,5349.77978515625
2019-03-15 08:00:00,5352.8798828125,5421.509765625,5351.8798828125,5405.31982421875
2019-03-18 08:00:00,5403.5400390625,5416.490234375,5401.47021484375,5412.830078125
2019-03-19 08:00:00,5406.22998046875,5443.10009765625,5403.580078125,5425.89990234375
2019-03-20 08:00:00,5417.2099609375,5429.43994140625,5382.66015625,5382.66015625
2019-03-21 08:00:00,5378.41015625,5393.330078125,5349.0,5378.85009765625
2019-03-22 08:00:00,5394.4599609375,5398.47021484375,5264.1298828125,5269.919921875
2019-03-25 08:00:00,5211.759765625,5276.740234375,5211.759765625,5260.64013671875
2019-03-26 08:00:00,5271.14013671875,5315.2900390625,5257.7900390625,5307.3798828125
2019-03-27 08:00:00,5312.7001953125,5340.0498046875,5279.64990234375,5301.240234375
2019-03-28 08:00:00,5299.02978515625,5327.72998046875,5291.64013671875,5296.5400390625
2019-03-29 08:00:00,5334.56005859375,5356.06982421875,5315.10986328125,5350.52978515625
2019-04-01 07:00:00,5394.5,5414.52978515625,5376.18017578125,5405.52978515625
2019-04-02 07:00:00,5409.68017578125,5433.509765625,5403.43994140625,5423.47021484375
2019-04-03 07:00:00,5458.02001953125,5473.919921875,5451.43994140625,5468.91015625
2019-04-04 07:00:00,5460.830078125,5474.41015625,5448.39990234375,5463.7998046875
2019-04-05 07:00:00,5469.33984375,5486.0,5464.85009765625,5476.2001953125
2019-04-08 07:00:00,5471.740234375,5486.6298828125,5462.3798828125,5471.77978515625
2019-04-09 07:00:00,5453.0,5491.85009765625,5436.419921875,5436.419921875
2019-04-10 07:00:00,5442.68017578125,5461.33984375,5440.31982421875,5449.8798828125
2019-04-11 07:00:00,5474.330078125,5498.89013671875,5446.2001953125,5485.72021484375
2019-04-12 07:00:00,5478.9501953125,5510.990234375,5474.35986328125,5502.7001953125
2019-04-15 07:00:00,5501.509765625,5518.3701171875,5497.52978515625,5508.72998046875
2019-04-16 07:00:00,5510.72021484375,5532.31005859375,5503.35009765625,5528.669921875
2019-04-17 07:00:00,5528.009765625,5569.27978515625,5522.60986328125,5563.08984375
2019-04-18 07:00:00,5548.66015625,5601.3798828125,5527.93994140625,5580.3798828125
2019-04-23 07:00:00,5577.52001953125,5596.2099609375,5564.93994140625,5591.68994140625
2019-04-24 07:00:00,5581.16015625,5597.60009765625,5557.2099609375,5576.06005859375
2019-04-25 07:00:00,5569.2099609375,5571.85986328125,5538.2998046875,5557.669921875
2019-04-26 07:00:00,5570.06982421875,5575.25,5546.81982421875,5569.35986328125
2019-04-29 07:00:00,5567.08984375,5593.60009765625,5547.1201171875,5580.97998046875
2019-04-30 07:00:00,5570.43017578125,5586.41015625,5553.10009765625,5586.41015625
2019-05-02 07:00:00,5568.2001953125,5573.16015625,5537.990234375,5538.85986328125
2019-05-03 07:00:00,5537.4599609375,5563.1201171875,5535.580078125,5548.83984375
2019-05-06 07:00:00,5450.830078125,5489.5400390625,5422.58984375,5483.52001953125
2019-05-07 07:00:00,5478.5498046875,5490.330078125,5387.990234375,5395.75
2019-05-08 07:00:00,5388.72021484375,5426.31982421875,5378.18017578125,5417.58984375
2019-05-09 07:00:00,5358.10009765625,5363.77001953125,5307.06005859375,5313.16015625
2019-05-10 07:00:00,5353.5,5372.25,5312.009765625,5327.43994140625
2019-05-13 07:00:00,5332.2998046875,5334.06005859375,5247.66015625,5262.56982421875
2019-05-14 07:00:00,5292.080078125,5341.35009765625,5288.919921875,5341.35009765625
2019-05-15 07:00:00,5348.33984375,5374.259765625,5297.2998046875,5374.259765625
2019-05-16 07:00:00,5365.3701171875,5448.10986328125,5346.5400390625,5448.10986328125
2019-05-17 07:00:00,5428.169921875,5450.64990234375,5401.66015625,5438.22998046875
2019-05-20 07:00:00,5425.2998046875,5438.60009765625,5333.31005859375,5358.58984375
2019-05-21 07:00:00,5373.009765625,5394.91015625,5350.1298828125,5385.4599609375
2019-05-22 07:00:00,5381.68994140625,5399.72021484375,5345.27978515625,5378.97998046875
2019-05-23 07:00:00,5335.1201171875,5340.3798828125,5272.77978515625,5281.3701171875
2019-05-24 07:00:00,5307.7998046875,5337.66015625,5302.52001953125,5316.509765625
2019-05-27 07:00:00,5341.39013671875,5364.22021484375,5323.169921875,5336.18994140625
2019-05-28 07:00:00,5343.2998046875,5351.08984375,5300.7998046875,5312.68994140625
2019-05-29 07:00:00,5249.27001953125,5252.52001953125,5203.81005859375,5222.1201171875
2019-05-30 07:00:00,5241.9501953125,5258.0498046875,5229.740234375,5248.91015625
2019-05-31 07:00:00,5198.759765625,5208.06982421875,5160.91015625,5207.6298828125
2019-06-03 07:00:00,5171.60986328125,5241.4599609375,5152.2998046875,5241.4599609375
2019-06-04 07:00:00,5204.22021484375,5278.91015625,5191.60986328125,5268.259765625
2019-06-05 07:00:00,5271.259765625,5306.830078125,5265.60009765625,5292.0
2019-06-06 07:00:00,5293.72021484375,5332.68994140625,5264.6201171875,5278.43017578125
2019-06-07 07:00:00,5299.7099609375,5389.9501953125,5299.7099609375,5364.0498046875
2019-06-10 07:00:00,5382.2900390625,5397.35009765625,5369.81982421875,5382.5
2019-06-11 07:00:00,5382.8798828125,5431.5400390625,5381.31005859375,5408.4501953125
2019-06-12 07:00:00,5379.14990234375,5394.85009765625,5358.81005859375,5374.919921875
2019-06-13 07:00:00,5361.60009765625,5392.509765625,5353.10986328125,5375.6298828125
2019-06-14 07:00:00,5367.10009765625,5369.3798828125,5342.14990234375,5367.6201171875
2019-06-17 07:00:00,5370.759765625,5408.75,5368.06982421875,5390.9501953125
2019-06-18 07:00:00,5386.3798828125,5516.06005859375,5376.1201171875,5509.72998046875
2019-06-19 07:00:00,5513.31982421875,5521.81005859375,5496.5400390625,5518.4501953125
2019-06-20 07:00:00,5551.02978515625,5564.1298828125,5535.56982421875,5535.56982421875
2019-06-21 07:00:00,5534.43017578125,5582.240234375,5518.39013671875,5528.330078125
2019-06-24 07:00:00,5534.35009765625,5547.10986328125,5514.14013671875,5521.7099609375
2019-06-25 07:00:00,5499.81982421875,5523.56982421875,5499.64990234375,5514.56982421875
2019-06-26 07:00:00,5504.669921875,5531.4501953125,5497.22021484375,5500.72021484375
2019-06-27 07:00:00,5508.3798828125,5511.22021484375,5465.6201171875,5493.60986328125
2019-06-28 07:00:00,5491.169921875,5545.06005859375,5486.27978515625,5538.97021484375
2019-07-01 07:00:00,5584.1298828125,5611.27978515625,5567.91015625,5567.91015625
2019-07-02 07:00:00,5578.3798828125,5582.91015625,5556.759765625,5576.81982421875
2019-07-03 07:00:00,5579.240234375,5618.81005859375,5579.0400390625,5618.81005859375
2019-07-04 07:00:00,5622.7998046875,5629.7900390625,5613.02978515625,5620.72998046875
2019-07-05 07:00:00,5613.919921875,5616.6298828125,5573.35009765625,5593.72021484375
2019-07-08 07:00:00,5580.259765625,5598.97021484375,5572.77001953125,5589.18994140625
2019-07-09 07:00:00,5578.33984375,5582.77001953125,5544.6201171875,5572.10009765625
2019-07-10 07:00:00,5562.43994140625,5606.18017578125,5557.66015625,5567.58984375
2019-07-11 07:00:00,5589.68017578125,5592.2998046875,5548.9501953125,5551.9501953125
2019-07-12 07:00:00,5559.16015625,5587.83984375,5552.580078125,5572.85986328125
2019-07-15 07:00:00,5581.10986328125,5606.47998046875,5550.85986328125,5578.2099609375
2019-07-16 07:00:00,5574.18017578125,5626.7900390625,5573.35986328125,5614.3798828125
2019-07-17 07:00:00,5602.25,5621.2099609375,5567.85009765625,5571.7099609375
2019-07-18 07:00:00,5538.02978515625,5585.81005859375,5533.47021484375,5550.5498046875
2019-07-19 07:00:00,5580.990234375,5598.0,5534.25,5552.33984375
2019-07-22 07:00:00,5550.2998046875,5575.740234375,5545.60986328125,5567.02001953125
2019-07-23 07:00:00,5590.60009765625,5638.66015625,5580.52001953125,5618.16015625
2019-07-24 07:00:00,5617.85986328125,5627.080078125,5583.14013671875,5605.8701171875
2019-07-25 07:00:00,5646.72998046875,5672.77001953125,5549.66015625,5578.0498046875
2019-07-26 07:00:00,5572.72021484375,5614.25,5568.830078125,5610.0498046875
2019-07-29 07:00:00,5598.64990234375,5624.33984375,5590.81982421875,5601.10009765625
2019-07-30 07:00:00,5610.72998046875,5611.0,5496.77001953125,5511.06982421875
2019-07-31 07:00:00,5511.509765625,5538.58984375,5503.1298828125,5518.89990234375
2019-08-01 07:00:00,5500.91015625,5563.64990234375,5499.8798828125,5557.41015625
2019-08-02 07:00:00,5427.5498046875,5455.1298828125,5350.759765625,5359.0
2019-08-05 07:00:00,5296.080078125,5315.60009765625,5230.4599609375,5241.5498046875
2019-08-06 07:00:00,5245.52001953125,5297.4501953125,5234.64990234375,5234.64990234375
2019-08-07 07:00:00,5252.72998046875,5312.31005859375,5226.39013671875,5266.509765625
2019-08-08 07:00:00,5333.18017578125,5387.9599609375,5305.85986328125,5387.9599609375
2019-08-09 07:00:00,5368.83984375,5374.89990234375,5317.91015625,5327.919921875
2019-08-12 07:00:00,5362.39013671875,5386.4599609375,5293.759765625,5310.31005859375
2019-08-13 07:00:00,5292.93994140625,5402.990234375,5268.47021484375,5363.06982421875
2019-08-14 07:00:00,5367.5400390625,5367.5400390625,5233.85986328125,5251.2998046875
2019-08-15 07:00:00,5274.89990234375,5278.06982421875,5170.77001953125,5236.93017578125
2019-08-16 07:00:00,5254.6201171875,5306.06982421875,5249.330078125,5300.7900390625
2019-08-19 07:00:00,5333.1298828125,5378.740234375,5325.72021484375,5371.56005859375
2019-08-20 07:00:00,5363.58984375,5391.22998046875,5328.93994140625,5344.64013671875
2019-08-21 07:00:00,5360.02978515625,5441.35009765625,5360.02978515625,5435.47998046875
2019-08-22 07:00:00,5414.81005859375,5439.64013671875,5378.25,5388.25
2019-08-23 07:00:00,5413.41015625,5421.27978515625,5326.8701171875,5326.8701171875
2019-08-26 07:00:00,5310.16015625,5377.02001953125,5300.990234375,5351.02001953125
2019-08-27 07:00:00,5349.85009765625,5399.18017578125,5321.8798828125,5387.08984375
2019-08-28 07:00:00,5372.080078125,5375.0400390625,5322.990234375,5368.7998046875
2019-08-29 07:00:00,5359.0,5452.89990234375,5354.5498046875,5449.97021484375
2019-08-30 07:00:00,5451.60009765625,5504.009765625,5446.580078125,5480.47998046875
2019-09-02 07:00:00,5483.43017578125,5502.580078125,5479.81982421875,5493.0400390625
2019-09-03 07:00:00,5484.35986328125,5484.5400390625,5441.18017578125,5466.06982421875
2019-09-04 07:00:00,5518.919921875,5537.10009765625,5508.5,5532.06982421875
2019-09-05 07:00:00,5569.58984375,5605.8798828125,5559.81982421875,5593.3701171875
2019-09-06 07:00:00,5592.06982421875,5610.7001953125,5581.5400390625,5603.990234375
2019-09-09 07:00:00,5606.35986328125,5611.58984375,5579.93017578125,5588.9501953125
2019-09-10 07:00:00,5586.8798828125,5596.93994140625,5555.509765625,5593.2099609375
2019-09-11 07:00:00,5606.43017578125,5626.0498046875,5606.43017578125,5618.06005859375
2019-09-12 07:00:00,5633.9501953125,5667.4599609375,5596.3701171875,5642.85986328125
2019-09-13 07:00:00,5649.22998046875,5672.06982421875,5638.169921875,5655.4599609375
2019-09-16 07:00:00,5626.60986328125,5632.740234375,5602.22998046875,5602.22998046875
2019-09-17 07:00:00,5602.9599609375,5619.4501953125,5587.740234375,5615.509765625
2019-09-18 07:00:00,5609.919921875,5634.7900390625,5601.64990234375,5620.64990234375
2019-09-19 07:00:00,5617.7001953125,5662.85986328125,5616.91015625,5659.080078125
2019-09-20 07:00:00,5655.3701171875,5696.25,5647.52978515625,5690.77978515625
2019-09-23 07:00:00,5679.31005859375,5683.93017578125,5619.2900390625,5630.759765625
2019-09-24 07:00:00,5644.4599609375,5648.4599609375,5625.240234375,5628.330078125
2019-09-25 07:00:00,5598.5,5600.759765625,5531.6201171875,5583.7998046875
2019-09-26 07:00:00,5573.6298828125,5632.14990234375,5572.41015625,5620.56982421875
2019-09-27 07:00:00,5627.43994140625,5645.35986328125,5621.580078125,5640.580078125
2019-09-30 07:00:00,5636.14990234375,5678.2001953125,5624.93994140625,5677.7900390625
2019-10-01 07:00:00,5696.2001953125,5704.93017578125,5594.93017578125,5597.6298828125
2019-10-02 07:00:00,5587.14013671875,5589.2001953125,5422.77001953125,5422.77001953125
2019-10-03 07:00:00,5432.009765625,5472.6201171875,5393.490234375,5438.77001953125
2019-10-04 07:00:00,5456.830078125,5488.31982421875,5426.0,5488.31982421875
2019-10-07 07:00:00,5476.77001953125,5524.18994140625,5461.58984375,5521.60986328125
2019-10-08 07:00:00,5526.009765625,5531.2900390625,5451.72021484375,5456.6201171875
2019-10-09 07:00:00,5458.16015625,5515.64013671875,5447.009765625,5499.14013671875
2019-10-10 07:00:00,5520.97998046875,5581.06982421875,5487.169921875,5569.0498046875
2019-10-11 07:00:00,5576.9501953125,5667.39990234375,5574.259765625,5665.47998046875
2019-10-14 07:00:00,5646.330078125,5649.669921875,5600.10986328125,5643.080078125
2019-10-15 07:00:00,5676.740234375,5724.31005859375,5659.68994140625,5702.0498046875
2019-10-16 07:00:00,5703.39013671875,5708.91015625,5677.9599609375,5696.89990234375
2019-10-17 07:00:00,5679.919921875,5737.14990234375,5673.06982421875,5673.06982421875
2019-10-18 07:00:00,5653.080078125,5667.58984375,5621.8701171875,5636.25
2019-10-21 07:00:00,5633.0400390625,5664.580078125,5625.10009765625,5648.35009765625
2019-10-22 07:00:00,5644.97998046875,5658.64990234375,5612.85986328125,5657.68994140625
2019-10-23 07:00:00,5617.2998046875,5657.64990234375,5616.02001953125,5653.43994140625
2019-10-24 07:00:00,5678.259765625,5691.5,5659.9501953125,5684.330078125
2019-10-25 07:00:00,5694.89990234375,5722.64013671875,5671.81982421875,5722.14990234375
2019-10-28 08:00:00,5720.72998046875,5747.10009765625,5711.10009765625,5730.56982421875
2019-10-29 08:00:00,5728.10009765625,5742.080078125,5715.259765625,5740.14013671875
2019-10-30 08:00:00,5749.68994140625,5765.8701171875,5720.27001953125,5765.8701171875
2019-10-31 08:00:00,5770.259765625,5778.240234375,5718.6298828125,5729.85986328125
2019-11-01 08:00:00,5749.47998046875,5778.2900390625,5739.7001953125,5761.89013671875
2019-11-04 08:00:00,5788.35986328125,5833.68994140625,5784.85009765625,5824.2998046875
2019-11-05 08:00:00,5825.60009765625,5850.009765625,5818.93994140625,5846.89013671875
2019-11-06 08:00:00,5847.60986328125,5876.27001953125,5838.39990234375,5866.740234375
2019-11-07 08:00:00,5888.83984375,5894.8701171875,5871.18017578125,5890.990234375
2019-11-08 08:00:00,5867.419921875,5889.7001953125,5861.60986328125,5889.7001953125
2019-11-11 08:00:00,5873.740234375,5906.330078125,5871.7099609375,5893.81982421875
2019-11-12 08:00:00,5904.27001953125,5931.18994140625,5897.2998046875,5919.75
2019-11-13 08:00:00,5908.16015625,5917.56982421875,5874.06005859375,5907.08984375
2019-11-14 08:00:00,5902.39990234375,5916.89990234375,5894.06982421875,5901.080078125
2019-11-15 08:00:00,5933.06982421875,5947.6201171875,5907.9501953125,5939.27001953125
2019-11-18 08:00:00,5939.64013671875,5942.47021484375,5900.35009765625,5929.7900390625
2019-11-19 08:00:00,5936.990234375,5966.7900390625,5895.91015625,5909.0498046875
2019-11-20 08:00:00,5880.68994140625,5902.9501953125,5859.580078125,5894.02978515625
2019-11-21 08:00:00,5860.5498046875,5895.56982421875,5834.259765625,5881.2099609375
2019-11-22 08:00:00,5885.60986328125,5930.4599609375,5885.60986328125,5893.1298828125
2019-11-25 08:00:00,5917.83984375,5933.75,5908.2900390625,5924.85986328125
2019-11-26 08:00:00,5927.41015625,5941.509765625,5909.93017578125,5929.6201171875
2019-11-27 08:00:00,5943.4501953125,5947.2998046875,5921.919921875,5926.83984375
2019-11-28 08:00:00,5909.9501953125,5919.1298828125,5900.2099609375,5912.72021484375
2019-11-29 08:00:00,5895.89013671875,5929.7900390625,5885.66015625,5905.169921875
2019-12-02 08:00:00,5910.1201171875,5947.68017578125,5781.02978515625,5786.740234375
2019-12-03 08:00:00,5787.14013671875,5800.93017578125,5697.06005859375,5727.22021484375
2019-12-04 08:00:00,5725.97021484375,5812.7099609375,5725.97021484375,5799.68017578125
2019-12-05 08:00:00,5808.259765625,5849.77978515625,5801.4599609375,5801.5498046875
2019-12-06 08:00:00,5815.75,5871.91015625,5811.2900390625,5871.91015625
2019-12-09 08:00:00,5865.72998046875,5870.7900390625,5836.14013671875,5837.25
2019-12-10 08:00:00,5833.47998046875,5851.10986328125,5776.669921875,5848.02978515625
2019-12-11 08:00:00,5844.02001953125,5865.8798828125,5825.419921875,5860.8798828125
2019-12-12 08:00:00,5871.2001953125,5915.64990234375,5845.0,5884.259765625
2019-12-13 08:00:00,5968.85986328125,5972.169921875,5907.22021484375,5919.02001953125
2019-12-16 08:00:00,5946.64990234375,6003.3798828125,5942.2998046875,5991.66015625
2019-12-17 08:00:00,5989.47998046875,5989.47998046875,5955.35986328125,5968.259765625
2019-12-18 08:00:00,5971.39990234375,5983.02001953125,5959.60009765625,5959.60009765625
2019-12-19 08:00:00,5963.8701171875,5972.27978515625,5942.8798828125,5972.27978515625
2019-12-20 08:00:00,5979.52978515625,6024.169921875,5966.8798828125,6021.52978515625
2019-12-23 08:00:00,6013.56005859375,6035.9501953125,6005.9599609375,6029.3701171875
2019-12-24 08:00:00,6027.18994140625,6033.990234375,6025.6201171875,6029.5498046875
2019-12-27 08:00:00,6039.9501953125,6065.0,6027.72021484375,6037.39013671875
2019-12-30 08:00:00,6028.9599609375,6037.7001953125,5982.22021484375,5982.22021484375
2019-12-31 08:00:00,5970.58984375,5987.22021484375,5958.25,5978.06005859375
2020-01-02 08:00:00,6016.60986328125,6062.919921875,6011.2099609375,6041.5
2020-01-03 08:00:00,6007.9599609375,6044.16015625,5994.58984375,6044.16015625
2020-01-06 08:00:00,6001.2099609375,6017.97021484375,5955.25,6013.58984375
2020-01-07 08:00:00,6033.22021484375,6065.740234375,6000.0,6012.35009765625
2020-01-08 08:00:00,5986.81005859375,6031.0,5972.77001953125,6031.0
2020-01-09 08:00:00,6066.75,6071.66015625,6034.14990234375,6042.5498046875
2020-01-10 08:00:00,6056.740234375,6057.830078125,6028.2900390625,6037.10986328125
2020-01-13 08:00:00,6040.91015625,6058.68994140625,6018.330078125,6036.14013671875
2020-01-14 08:00:00,6037.4501953125,6046.1201171875,5980.0498046875,6040.89013671875
2020-01-15 08:00:00,6042.72021484375,6053.009765625,6011.27978515625,6032.60986328125
2020-01-16 08:00:00,6039.6201171875,6058.97021484375,6021.02978515625,6039.02978515625
2020-01-17 08:00:00,6066.2900390625,6109.81005859375,6066.2900390625,6100.72021484375
2020-01-20 08:00:00,6092.97021484375,6094.08984375,6071.169921875,6078.5400390625
2020-01-21 08:00:00,6034.240234375,6045.990234375,5994.169921875,6045.990234375
2020-01-22 08:00:00,6053.85009765625,6069.259765625,6005.77001953125,6010.97998046875
2020-01-23 08:00:00,5992.47021484375,6024.31982421875,5961.8701171875,5971.7900390625
2020-01-24 08:00:00,6019.60009765625,6064.5498046875,6016.77001953125,6024.259765625
2020-01-27 08:00:00,5924.06005859375,5942.830078125,5851.0,5863.02001953125
2020-01-28 08:00:00,5886.81005859375,5933.72021484375,5857.22998046875,5925.81982421875
2020-01-29 08:00:00,5921.97021484375,5969.72998046875,5916.22998046875,5954.89013671875
2020-01-30 08:00:00,5886.02001953125,5904.080078125,5846.4501953125,5871.77001953125
2020-01-31 08:00:00,5891.7099609375,5894.68994140625,5799.0400390625,5806.33984375
2020-02-03 08:00:00,5822.0400390625,5857.39990234375,5804.14013671875,5832.509765625
2020-02-04 08:00:00,5863.35986328125,5935.0498046875,5862.81982421875,5935.0498046875
2020-02-05 08:00:00,5919.06005859375,6004.330078125,5912.490234375,5985.39990234375
2020-02-06 08:00:00,6045.0400390625,6050.93994140625,6008.5498046875,6038.18017578125
2020-02-07 08:00:00,6027.5400390625,6044.97021484375,5999.9501953125,6029.75
2020-02-10 08:00:00,6008.47998046875,6018.31005859375,5993.91015625,6015.669921875
2020-02-11 08:00:00,6047.9599609375,6060.97021484375,6032.7900390625,6054.759765625
2020-02-12 08:00:00,6064.25,6104.72998046875,6062.97021484375,6104.72998046875
2020-02-13 08:00:00,6076.919921875,6098.259765625,6028.27978515625,6093.14013671875
2020-02-14 08:00:00,6096.06982421875,6096.06982421875,6067.14013671875,6069.35009765625
2020-02-17 08:00:00,6079.52978515625,6088.60009765625,6064.919921875,6085.9501953125
2020-02-18 08:00:00,6042.3798828125,6079.5,6039.93994140625,6056.81982421875
2020-02-19 08:00:00,6086.10986328125,6111.41015625,6072.66015625,6111.240234375
2020-02-20 08:00:00,6105.169921875,6110.9501953125,6062.2998046875,6062.2998046875
2020-02-21 08:00:00,6035.02978515625,6067.2900390625,5995.14013671875,6029.72021484375
2020-02-24 08:00:00,5875.85986328125,5884.85986328125,5765.169921875,5791.8701171875
2020-02-25 08:00:00,5825.3701171875,5828.4599609375,5670.7099609375,5679.68017578125
2020-02-26 08:00:00,5646.14013671875,5707.31005859375,5526.14013671875,5684.5498046875
2020-02-27 08:00:00,5571.72021484375,5613.72021484375,5421.31005859375,5495.60009765625
2020-02-28 08:00:00,5310.81982421875,5376.0498046875,5229.56005859375,5309.89990234375
2020-03-02 08:00:00,5416.02001953125,5430.0498046875,5197.56982421875,5333.52001953125
2020-03-03 08:00:00,5408.14990234375,5509.27978515625,5371.66015625,5393.169921875
2020-03-04 08:00:00,5400.43017578125,5493.25,5357.35009765625,5464.89013671875
2020-03-05 08:00:00,5490.52001953125,5494.16015625,5329.240234375,5361.10009765625
2020-03-06 08:00:00,5253.81982421875,5284.080078125,5117.56982421875,5139.10986328125
2020-03-09 08:00:00,4845.27001953125,4863.33984375,4691.2001953125,4707.91015625
2020-03-10 08:00:00,4770.6201171875,4924.83984375,4615.16015625,4636.60986328125
2020-03-11 08:00:00,4716.22021484375,4766.0,4603.0498046875,4610.25
2020-03-12 08:00:00,4374.669921875,4404.259765625,4025.889892578125,4044.260009765625
2020-03-13 08:00:00,4234.3701171875,4438.509765625,4055.18994140625,4118.35986328125
2020-03-16 08:00:00,3886.820068359375,3962.010009765625,3632.06005859375,3881.4599609375
2020-03-17 08:00:00,4041.330078125,4042.4599609375,3759.0,3991.780029296875
2020-03-18 08:00:00,3905.530029296875,3908.719970703125,3726.449951171875,3754.840087890625
2020-03-19 08:00:00,3833.989990234375,3909.14990234375,3691.080078125,3855.5
2020-03-20 08:00:00,4066.7900390625,4109.10986328125,3984.300048828125,4048.800048828125
2020-03-23 08:00:00,3869.010009765625,4097.81982421875,3851.169921875,3914.31005859375
2020-03-24 08:00:00,4087.610107421875,4242.7001953125,4038.06005859375,4242.7001953125
2020-03-25 08:00:00,4339.7099609375,4453.009765625,4221.31982421875,4432.2998046875
2020-03-26 08:00:00,4332.7900390625,4543.580078125,4296.06005859375,4543.580078125
2020-03-27 08:00:00,4433.9501953125,4471.3701171875,4288.66015625,4351.490234375
2020-03-30 07:00:00,4362.08984375,4379.14990234375,4216.41015625,4378.509765625
2020-03-31 07:00:00,4437.77978515625,4468.52001953125,4309.72021484375,4396.1201171875
2020-04-01 07:00:00,4259.93994140625,4266.68994140625,4186.4501953125,4207.240234375
2020-04-02 07:00:00,4243.83984375,4265.56005859375,4143.16015625,4220.9599609375
2020-04-03 07:00:00,4204.81005859375,4214.58984375,4142.27978515625,4154.580078125
2020-04-06 07:00:00,4298.5,4353.2099609375,4268.52001953125,4346.14013671875
2020-04-07 07:00:00,4489.39990234375,4527.60009765625,4379.27001953125,4438.27001953125
2020-04-08 07:00:00,4397.35986328125,4442.75,4333.08984375,4442.75
2020-04-09 07:00:00,4512.2998046875,4543.68994140625,4409.0400390625,4506.85009765625
2020-04-14 07:00:00,4553.5498046875,4577.83984375,4497.56005859375,4523.91015625
2020-04-15 07:00:00,4511.8701171875,4525.5,4335.58984375,4353.72021484375
2020-04-16 07:00:00,4402.3798828125,4418.64990234375,4318.89990234375,4350.16015625
2020-04-17 07:00:00,4470.919921875,4550.77978515625,4464.08984375,4499.009765625
2020-04-20 07:00:00,4531.33984375,4531.33984375,4426.240234375,4528.2998046875
2020-04-21 07:00:00,4467.490234375,4477.31005859375,4357.4599609375,4357.4599609375
2020-04-22 07:00:00,4382.2001953125,4417.56982421875,4361.43994140625,4411.7998046875
2020-04-23 07:00:00,4450.18994140625,4495.89990234375,4395.75,4451.0
2020-04-24 07:00:00,4387.02978515625,4448.72998046875,4366.08984375,4393.31982421875
2020-04-27 07:00:00,4479.85986328125,4505.259765625,4448.0498046875,4505.259765625
2020-04-28 07:00:00,4507.419921875,4601.93994140625,4493.509765625,4569.7900390625
2020-04-29 07:00:00,4566.2900390625,4678.93017578125,4552.81005859375,4671.10986328125
2020-04-30 07:00:00,4693.27978515625,4719.740234375,4554.91015625,4572.18017578125
2020-05-04 07:00:00,4413.14013671875,4427.740234375,4362.1298828125,4378.22998046875
2020-05-05 07:00:00,4455.740234375,4492.52001953125,4419.9501953125,4483.1298828125
2020-05-06 07:00:00,4484.16015625,4484.16015625,4425.77978515625,4433.3798828125
2020-05-07 07:00:00,4456.43994140625,4503.93994140625,4440.97998046875,4501.43994140625
2020-05-08 07:00:00,4538.08984375,4560.18994140625,4519.58984375,4549.64013671875
2020-05-11 07:00:00,4561.18994140625,4569.759765625,4460.240234375,4490.22021484375
2020-05-12 07:00:00,4473.43017578125,4499.39013671875,4453.64990234375,4472.5
2020-05-13 07:00:00,4420.5,4422.740234375,4336.56005859375,4344.9501953125
2020-05-14 07:00:00,4294.009765625,4313.259765625,4194.580078125,4273.1298828125
2020-05-15 07:00:00,4314.97021484375,4335.77001953125,4255.18994140625,4277.6298828125
2020-05-18 07:00:00,4361.02978515625,4508.9501953125,4354.72998046875,4498.33984375
2020-05-19 07:00:00,4536.06982421875,4536.06982421875,4421.10986328125,4458.16015625
2020-05-20 07:00:00,4434.6201171875,4499.7900390625,4396.2001953125,4496.97998046875
2020-05-21 07:00:00,4443.919921875,4498.080078125,4429.27001953125,4445.4501953125
2020-05-22 07:00:00,4381.81982421875,4475.35009765625,4368.7998046875,4444.56005859375
2020-05-25 07:00:00,4482.5400390625,4539.91015625,4451.56005859375,4539.91015625
2020-05-26 07:00:00,4588.2998046875,4619.83984375,4573.89013671875,4606.240234375
2020-05-27 07:00:00,4621.77001953125,4711.990234375,4614.41015625,4688.740234375
2020-05-28 07:00:00,4718.10986328125,4784.08984375,4701.52001953125,4771.39013671875
2020-05-29 07:00:00,4733.97998046875,4768.85009765625,4695.35986328125,4695.43994140625
2020-06-01 07:00:00,4776.72021484375,4782.02978515625,4721.6298828125,4762.77978515625
2020-06-02 07:00:00,4799.8798828125,4880.14990234375,4795.27978515625,4858.97021484375
2020-06-03 07:00:00,4911.4501953125,5026.4501953125,4909.990234375,5022.3798828125
2020-06-04 07:00:00,4994.18017578125,5052.75,4966.81982421875,5011.97998046875
2020-06-05 07:00:00,5060.919921875,5199.64990234375,5060.919921875,5197.7900390625
2020-06-08 07:00:00,5159.2998046875,5213.669921875,5137.2001953125,5175.52001953125
2020-06-09 07:00:00,5187.08984375,5203.419921875,5053.2099609375,5095.10986328125
2020-06-10 07:00:00,5119.85986328125,5152.4501953125,5043.56982421875,5053.419921875
2020-06-11 07:00:00,4925.9501953125,4956.2998046875,4815.60009765625,4815.60009765625
2020-06-12 07:00:00,4774.10986328125,4940.7900390625,4759.169921875,4839.259765625
2020-06-15 07:00:00,4716.97998046875,4841.52978515625,4691.81005859375,4815.72021484375
2020-06-16 07:00:00,4922.7900390625,5006.7900390625,4887.56005859375,4952.4599609375
2020-06-17 07:00:00,4952.56982421875,5026.83984375,4952.56982421875,4995.97021484375
2020-06-18 07:00:00,4978.2998046875,5017.18017578125,4908.60009765625,4958.75
2020-06-19 07:00:00,4997.52978515625,5040.47021484375,4979.4501953125,4979.4501953125
2020-06-22 07:00:00,4928.009765625,5006.39990234375,4902.06005859375,4948.7001953125
2020-06-23 07:00:00,4972.8798828125,5046.31005859375,4962.60009765625,5017.68017578125
2020-06-24 07:00:00,4985.6298828125,5004.0400390625,4871.35986328125,4871.35986328125
2020-06-25 07:00:00,4860.16015625,4941.9599609375,4795.0498046875,4918.580078125
2020-06-26 07:00:00,4965.72021484375,5014.830078125,4908.14990234375,4909.64013671875
2020-06-29 07:00:00,4887.22998046875,4977.6298828125,4867.330078125,4945.4599609375
2020-06-30 07:00:00,4958.93994140625,4967.35009765625,4901.9599609375,4935.990234375
2020-07-01 07:00:00,4939.7998046875,4963.3701171875,4851.3701171875,4926.93994140625
2020-07-02 07:00:00,4963.1298828125,5072.7099609375,4956.66015625,5049.3798828125
2020-07-03 07:00:00,5056.669921875,5062.509765625,4982.240234375,5007.14013671875
2020-07-06 07:00:00,5112.5,5121.72021484375,5059.06982421875,5081.509765625
2020-07-07 07:00:00,5054.0400390625,5056.52001953125,5009.02978515625,5043.72998046875
2020-07-08 07:00:00,5004.81982421875,5040.52001953125,4969.830078125,4981.1298828125
2020-07-09 07:00:00,5006.52001953125,5014.85009765625,4911.56005859375,4921.009765625
2020-07-10 07:00:00,4891.60986328125,4974.3701171875,4882.5,4970.47998046875
2020-07-13 07:00:00,5026.2001953125,5060.43017578125,4980.1201171875,5056.22998046875
2020-07-14 07:00:00,4990.47998046875,5007.4599609375,4941.72998046875,5007.4599609375
2020-07-15 07:00:00,5045.919921875,5145.330078125,5039.18994140625,5108.97998046875
2020-07-16 07:00:00,5076.52001953125,5105.1201171875,5048.31982421875,5085.27978515625
2020-07-17 07:00:00,5088.0,5091.1298828125,5045.06982421875,5069.419921875
2020-07-20 07:00:00,5058.47998046875,5100.7900390625,5015.10986328125,5093.18017578125
2020-07-21 07:00:00,5129.77978515625,5172.97998046875,5097.419921875,5104.27978515625
2020-07-22 07:00:00,5098.47998046875,5099.2900390625,5028.47998046875,5037.1201171875
2020-07-23 07:00:00,5064.72021484375,5083.97021484375,5019.2099609375,5033.759765625
2020-07-24 07:00:00,4973.72998046875,4982.1201171875,4925.41015625,4956.43017578125
2020-07-27 07:00:00,4944.2998046875,4957.77001953125,4923.18994140625,4939.6201171875
2020-07-28 07:00:00,4930.10009765625,4950.009765625,4893.6298828125,4928.93994140625
2020-07-29 07:00:00,4948.47998046875,4978.5,4945.580078125,4958.740234375
2020-07-30 07:00:00,4952.080078125,4952.3798828125,4801.02001953125,4852.93994140625
2020-07-31 07:00:00,4866.240234375,4902.89990234375,4783.68994140625,4783.68994140625
2020-08-03 07:00:00,4797.06005859375,4899.52001953125,4763.60009765625,4875.93017578125
2020-08-04 07:00:00,4905.66015625,4920.7998046875,4856.64990234375,4889.52001953125
2020-08-05 07:00:00,4916.9599609375,4954.60009765625,4907.41015625,4933.33984375
2020-08-06 07:00:00,4919.41015625,4951.85986328125,4860.97998046875,4885.1298828125
2020-08-07 07:00:00,4873.10009765625,4896.2099609375,4843.89990234375,4889.52001953125
2020-08-10 07:00:00,4905.27001953125,4937.6298828125,4878.580078125,4909.509765625
2020-08-11 07:00:00,4952.41015625,5052.1201171875,4949.0498046875,5027.990234375
2020-08-12 07:00:00,5017.72998046875,5096.52978515625,5010.7998046875,5073.31005859375
2020-08-13 07:00:00,5055.419921875,5079.02001953125,5037.5498046875,5042.3798828125
2020-08-14 07:00:00,5018.9501953125,5018.9501953125,4921.580078125,4962.93017578125
2020-08-17 07:00:00,4972.58984375,4995.5498046875,4937.72021484375,4971.93994140625
2020-08-18 07:00:00,4951.97998046875,5001.2900390625,4924.14990234375,4938.06005859375
2020-08-19 07:00:00,4934.7900390625,4977.22998046875,4917.52978515625,4977.22998046875
2020-08-20 07:00:00,4914.68994140625,4937.9501953125,4888.14990234375,4911.240234375
2020-08-21 07:00:00,4927.60986328125,4939.25,4839.080078125,4896.330078125
2020-08-24 07:00:00,4948.7099609375,5013.7001953125,4948.7099609375,5007.89013671875
2020-08-25 07:00:00,5023.06005859375,5073.60986328125,5008.27001953125,5008.27001953125
2020-08-26 07:00:00,4991.6298828125,5050.10009765625,4977.93994140625,5048.43017578125
2020-08-27 07:00:00,5052.259765625,5052.259765625,5005.4599609375,5015.97021484375
2020-08-28 07:00:00,5031.31005859375,5031.52978515625,4970.64013671875,5002.93994140625
2020-08-31 07:00:00,5041.33984375,5067.5498046875,4942.18017578125,4947.22021484375
2020-09-01 07:00:00,4974.419921875,4993.56005859375,4892.830078125,4938.10009765625
2020-09-02 07:00:00,4969.6201171875,5062.009765625,4959.64013671875,5031.740234375
2020-09-03 07:00:00,5074.64013671875,5131.39013671875,4982.33984375,5009.52001953125
2020-09-04 07:00:00,4974.68994140625,5068.8798828125,4928.7900390625,4965.06982421875
2020-09-07 07:00:00,4979.8701171875,5064.64013671875,4979.8701171875,5053.72021484375
2020-09-08 07:00:00,5052.8798828125,5061.60009765625,4935.3798828125,4973.52001953125
2020-09-09 07:00:00,4980.4599609375,5058.35009765625,4973.35986328125,5042.97998046875
2020-09-10 07:00:00,5039.47998046875,5062.89013671875,5005.83984375,5023.93017578125
2020-09-11 07:00:00,5014.97021484375,5053.6298828125,4997.85986328125,5034.14013671875
2020-09-14 07:00:00,5071.8701171875,5087.52001953125,5034.91015625,5051.8798828125
2020-09-15 07:00:00,5056.89990234375,5087.990234375,5035.10009765625,5067.93017578125
2020-09-16 07:00:00,5065.75,5091.52001953125,5029.56005859375,5074.419921875
2020-09-17 07:00:00,5005.89013671875,5053.31982421875,4995.64990234375,5039.5
2020-09-18 07:00:00,5035.93994140625,5041.330078125,4978.18017578125,4978.18017578125
2020-09-21 07:00:00,4949.759765625,4949.759765625,4779.2099609375,4792.0400390625
2020-09-22 07:00:00,4809.56982421875,4827.0,4772.83984375,4772.83984375
2020-09-23 07:00:00,4824.169921875,4871.4501953125,4802.259765625,4802.259765625
2020-09-24 07:00:00,4746.10009765625,4806.830078125,4744.0400390625,4762.6201171875
2020-09-25 07:00:00,4754.81005859375,4758.0498046875,4666.259765625,4729.66015625
2020-09-28 07:00:00,4806.14013671875,4849.97021484375,4788.18017578125,4843.27001953125
2020-09-29 07:00:00,4832.8701171875,4846.6298828125,4806.4501953125,4832.06982421875
2020-09-30 07:00:00,4793.18994140625,4854.02001953125,4782.68994140625,4803.43994140625
2020-10-01 07:00:00,4850.2001953125,4871.830078125,4804.77001953125,4824.0400390625
2020-10-02 07:00:00,4769.43017578125,4824.8798828125,4757.22021484375,4824.8798828125
2020-10-05 07:00:00,4863.6298828125,4876.85986328125,4842.259765625,4871.8701171875
2020-10-06 07:00:00,4881.7998046875,4925.7099609375,4850.35986328125,4895.4599609375
2020-10-07 07:00:00,4888.490234375,4915.6298828125,4865.259765625,4882.0
2020-10-08 07:00:00,4910.490234375,4936.0400390625,4877.10009765625,4911.93994140625
2020-10-09 07:00:00,4925.41015625,4954.02001953125,4918.06005859375,4946.81005859375
2020-10-12 07:00:00,4952.47021484375,4998.509765625,4944.0,4979.2900390625
2020-10-13 07:00:00,4976.27978515625,4976.580078125,4928.64013671875,4947.60986328125
2020-10-14 07:00:00,4956.68994140625,4965.31982421875,4928.43017578125,4941.66015625
2020-10-15 07:00:00,4873.02978515625,4881.31005859375,4808.580078125,4837.419921875
2020-10-16 07:00:00,4904.10009765625,4957.60009765625,4875.759765625,4935.85986328125
2020-10-19 07:00:00,4955.39013671875,4993.39013671875,4881.4599609375,4942.6201171875
2020-10-20 07:00:00,4932.8701171875,4968.60986328125,4914.490234375,4929.27978515625
2020-10-21 07:00:00,4945.330078125,4945.330078125,4849.009765625,4853.9501953125
2020-10-22 07:00:00,4830.43994140625,4873.89990234375,4783.64990234375,4851.3798828125
2020-10-23 07:00:00,4843.27978515625,4934.7099609375,4843.14013671875,4909.64013671875
2020-10-26 08:00:00,4844.64013671875,4896.47021484375,4814.990234375,4816.1201171875
2020-10-27 08:00:00,4818.97998046875,4818.97998046875,4723.7001953125,4730.66015625
2020-10-28 08:00:00,4635.18994140625,4640.6298828125,4521.60986328125,4571.1201171875
2020-10-29 08:00:00,4571.1298828125,4606.72021484375,4512.56982421875,4569.669921875
2020-10-30 08:00:00,4519.3701171875,4601.740234375,4519.3701171875,4594.240234375
2020-11-02 08:00:00,4614.9501953125,4705.10986328125,4581.85986328125,4691.14013671875
2020-11-03 08:00:00,4743.85986328125,4812.2900390625,4730.22998046875,4805.60986328125
2020-11-04 08:00:00,4736.4599609375,4926.56005859375,4730.31005859375,4922.85009765625
2020-11-05 08:00:00,4956.02001953125,4998.18994140625,4942.18017578125,4983.990234375
2020-11-06 08:00:00,4964.259765625,4997.740234375,4915.240234375,4960.8798828125
2020-11-09 08:00:00,5036.919921875,5387.490234375,5021.330078125,5336.31982421875
2020-11-10 08:00:00,5351.31005859375,5439.080078125,5327.22021484375,5418.97021484375
2020-11-11 08:00:00,5433.66015625,5462.9501953125,5408.669921875,5445.2099609375
2020-11-12 08:00:00,5394.3701171875,5421.39990234375,5348.6298828125,5362.56982421875
2020-11-13 08:00:00,5343.31982421875,5411.1201171875,5343.25,5380.16015625
2020-11-16 08:00:00,5430.56982421875,5518.91015625,5402.31005859375,5471.47998046875
2020-11-17 08:00:00,5468.2900390625,5487.31005859375,5441.259765625,5483.0
2020-11-18 08:00:00,5468.169921875,5521.009765625,5452.1201171875,5511.4501953125
2020-11-19 08:00:00,5458.02001953125,5490.18017578125,5449.4501953125,5474.66015625
2020-11-20 08:00:00,5463.990234375,5524.25,5461.39013671875,5495.89013671875
2020-11-23 08:00:00,5543.830078125,5555.830078125,5492.14990234375,5492.14990234375
2020-11-24 08:00:00,5546.06982421875,5574.68994140625,5536.10986328125,5558.419921875
2020-11-25 08:00:00,5577.97021484375,5589.77978515625,5545.009765625,5571.2900390625
2020-11-26 08:00:00,5589.3798828125,5592.77978515625,5559.72021484375,5566.7900390625
2020-11-27 08:00:00,5563.0400390625,5612.759765625,5556.6201171875,5598.18017578125
2020-11-30 08:00:00,5564.16015625,5599.93994140625,5518.5498046875,5518.5498046875
2020-12-01 08:00:00,5542.4599609375,5589.68017578125,5529.25,5581.64013671875
2020-12-02 08:00:00,5563.0498046875,5585.8701171875,5549.7900390625,5583.009765625
2020-12-03 08:00:00,5581.52978515625,5584.10009765625,5546.2900390625,5574.35986328125
2020-12-04 08:00:00,5574.1201171875,5616.6201171875,5574.1201171875,5609.14990234375
2020-12-07 08:00:00,5594.5,5595.830078125,5535.419921875,5573.3798828125
2020-12-08 08:00:00,5553.7900390625,5574.56982421875,5521.8701171875,5560.669921875
2020-12-09 08:00:00,5590.18994140625,5599.41015625,5545.93994140625,5546.81982421875
2020-12-10 08:00:00,5558.9599609375,5572.7998046875,5511.47998046875,5549.64990234375
2020-12-11 08:00:00,5528.14013671875,5532.81005859375,5466.56005859375,5507.5498046875
2020-12-14 08:00:00,5547.2998046875,5577.18017578125,5527.83984375,5527.83984375
2020-12-15 08:00:00,5521.7900390625,5565.52001953125,5517.06005859375,5530.31005859375
2020-12-16 08:00:00,5551.4501953125,5589.759765625,5515.5,5547.68017578125
2020-12-17 08:00:00,5578.7900390625,5585.509765625,5547.58984375,5549.4599609375
2020-12-18 08:00:00,5533.77978515625,5581.9599609375,5519.169921875,5527.83984375
2020-12-21 08:00:00,5392.5498046875,5422.10009765625,5306.580078125,5393.33984375
2020-12-22 08:00:00,5411.14990234375,5477.8701171875,5411.14990234375,5466.85986328125
2020-12-23 08:00:00,5472.14013671875,5539.16015625,5472.02978515625,5527.58984375
2020-12-24 08:00:00,5542.490234375,5545.7099609375,5517.009765625,5522.009765625
2020-12-28 08:00:00,5562.0400390625,5601.0,5547.89990234375,5588.3798828125
2020-12-29 08:00:00,5610.1298828125,5625.52001953125,5603.740234375,5611.7900390625
2020-12-30 08:00:00,5603.72021484375,5625.60009765625,5594.10986328125,5599.41015625
2020-12-31 08:00:00,5573.2001953125,5598.93017578125,5551.41015625,5551.41015625
2021-01-04 08:00:00,5614.0400390625,5656.419921875,5567.97021484375,5588.9599609375
2021-01-05 08:00:00,5561.60009765625,5603.66015625,5530.47998046875,5564.60009765625
2021-01-06 08:00:00,5601.009765625,5648.419921875,5553.39013671875,5630.60009765625
2021-01-07 08:00:00,5651.0400390625,5689.27978515625,5629.490234375,5669.85009765625
2021-01-08 08:00:00,5711.580078125,5721.89013671875,5676.14990234375,5706.8798828125
2021-01-11 08:00:00,5684.66015625,5704.08984375,5629.4599609375,5662.43017578125
2021-01-12 08:00:00,5672.2001953125,5679.06005859375,5636.75,5650.97021484375
2021-01-13 08:00:00,5648.9599609375,5679.06982421875,5643.75,5662.669921875
2021-01-14 08:00:00,5662.169921875,5690.490234375,5656.75,5681.14013671875
2021-01-15 08:00:00,5648.7001953125,5656.4501953125,5563.740234375,5611.68994140625
2021-01-18 08:00:00,5584.85009765625,5618.419921875,5584.58984375,5617.27001953125
2021-01-19 08:00:00,5647.75,5655.22021484375,5592.2001953125,5598.60986328125
2021-01-20 08:00:00,5615.41015625,5646.06005859375,5602.490234375,5628.43994140625
2021-01-21 08:00:00,5660.27001953125,5665.97998046875,5589.7998046875,5590.7900390625
2021-01-22 08:00:00,5568.8798828125,5573.7099609375,5511.43994140625,5559.56982421875
2021-01-25 08:00:00,5579.72998046875,5584.39990234375,5453.240234375,5472.35986328125
2021-01-26 08:00:00,5473.25,5555.27978515625,5471.08984375,5523.52001953125
2021-01-27 08:00:00,5517.52978515625,5545.4501953125,5401.43017578125,5459.6201171875
2021-01-28 08:00:00,5407.740234375,5525.9501953125,5379.22021484375,5510.52001953125
2021-01-29 08:00:00,5421.52978515625,5474.7998046875,5399.2099609375,5399.2099609375
2021-02-01 08:00:00,5441.43017578125,5481.669921875,5429.77978515625,5461.68017578125
2021-02-02 08:00:00,5510.6201171875,5574.77001953125,5509.240234375,5563.10986328125
2021-02-03 08:00:00,5610.58984375,5626.41015625,5554.08984375,5563.0498046875
2021-02-04 08:00:00,5568.39013671875,5613.9501953125,5566.580078125,5608.5400390625
2021-02-05 08:00:00,5638.740234375,5673.02978515625,5627.83984375,5659.259765625
2021-02-08 08:00:00,5688.68017578125,5714.27978515625,5673.6298828125,5686.02978515625
2021-02-09 08:00:00,5703.52978515625,5703.52978515625,5674.43017578125,5691.5400390625
2021-02-10 08:00:00,5719.31982421875,5719.31982421875,5647.27978515625,5670.7998046875
2021-02-11 08:00:00,5684.93994140625,5692.0,5656.7998046875,5669.81982421875
2021-02-12 08:00:00,5651.669921875,5705.02001953125,5627.990234375,5703.669921875
2021-02-15 08:00:00,5732.2998046875,5801.3798828125,5722.16015625,5786.25
2021-02-16 08:00:00,5796.43017578125,5797.919921875,5768.9599609375,5786.52978515625
2021-02-17 08:00:00,5762.009765625,5790.27001953125,5752.85009765625,5765.83984375
2021-02-18 08:00:00,5757.75,5779.009765625,5720.580078125,5728.330078125
2021-02-19 08:00:00,5737.18994140625,5784.89990234375,5733.83984375,5773.5498046875
2021-02-22 08:00:00,5737.47021484375,5776.64013671875,5703.47998046875,5767.43994140625
2021-02-23 08:00:00,5781.240234375,5804.89990234375,5721.919921875,5779.83984375
2021-02-24 08:00:00,5769.2099609375,5804.14013671875,5758.2998046875,5797.97998046875
2021-02-25 08:00:00,5824.72021484375,5834.35986328125,5783.89013671875,5783.89013671875
2021-02-26 08:00:00,5715.68994140625,5768.02978515625,5688.259765625,5703.22021484375
2021-03-01 08:00:00,5770.89013671875,5804.35009765625,5765.7998046875,5792.7900390625
2021-03-02 08:00:00,5774.6201171875,5835.740234375,5773.52001953125,5809.72998046875
2021-03-03 08:00:00,5841.2001953125,5871.43017578125,5788.66015625,5830.06005859375
2021-03-04 08:00:00,5800.72998046875,5844.68994140625,5797.669921875,5830.64990234375
2021-03-05 08:00:00,5794.47998046875,5837.5498046875,5755.60009765625,5782.64990234375
2021-03-08 08:00:00,5822.919921875,5912.5,5799.0498046875,5902.990234375
2021-03-09 08:00:00,5903.259765625,5937.81005859375,5895.330078125,5924.97021484375
2021-03-10 08:00:00,5915.169921875,5993.6298828125,5912.35009765625,5990.5498046875
2021-03-11 08:00:00,6004.16015625,6033.759765625,5995.41015625,6033.759765625
2021-03-12 08:00:00,6030.6298828125,6046.5498046875,6017.41015625,6046.5498046875
2021-03-15 08:00:00,6069.08984375,6089.2001953125,6018.5498046875,6035.97021484375
2021-03-16 08:00:00,6050.39990234375,6061.18994140625,6034.759765625,6055.43017578125
2021-03-17 08:00:00,6048.31005859375,6062.35986328125,6037.25,6054.81982421875
2021-03-18 08:00:00,6076.2099609375,6082.919921875,6044.31982421875,6062.7900390625
2021-03-19 08:00:00,6021.1298828125,6047.64990234375,5983.60986328125,5997.9599609375
2021-03-22 08:00:00,5960.85009765625,5987.22998046875,5943.7099609375,5968.47998046875
2021-03-23 08:00:00,5943.31005859375,5968.56005859375,5921.830078125,5945.2998046875
2021-03-24 08:00:00,5901.64013671875,5948.669921875,5890.5498046875,5947.2900390625
2021-03-25 08:00:00,5911.0400390625,5952.41015625,5886.0,5952.41015625
2021-03-26 08:00:00,5979.22998046875,6002.9501953125,5962.4599609375,5988.81005859375
2021-03-29 07:00:00,5995.0,6029.58984375,5985.35986328125,6015.509765625
2021-03-30 07:00:00,6044.5400390625,6095.080078125,6041.39013671875,6088.0400390625
2021-03-31 07:00:00,6085.02001953125,6097.740234375,6060.240234375,6067.22998046875
2021-04-01 07:00:00,6079.669921875,6106.1201171875,6063.85986328125,6102.9599609375
2021-04-06 07:00:00,6155.22021484375,6159.10009765625,6125.740234375,6131.33984375
2021-04-07 07:00:00,6137.6298828125,6154.3798828125,6118.91015625,6130.66015625
2021-04-08 07:00:00,6153.35986328125,6171.4501953125,6146.22021484375,6165.72021484375
2021-04-09 07:00:00,6171.60009765625,6188.47998046875,6161.419921875,6169.41015625
2021-04-12 07:00:00,6167.31982421875,6183.02001953125,6151.52001953125,6161.68017578125
2021-04-13 07:00:00,6171.8798828125,6193.240234375,6156.490234375,6184.10009765625
2021-04-14 07:00:00,6214.490234375,6217.740234375,6194.5498046875,6208.580078125
2021-04-15 07:00:00,6219.0400390625,6244.22998046875,6209.58984375,6234.14013671875
2021-04-16 07:00:00,6229.64990234375,6299.56005859375,6229.2998046875,6287.06982421875
2021-04-19 07:00:00,6294.740234375,6319.080078125,6293.169921875,6296.68994140625
2021-04-20 07:00:00,6281.10009765625,6285.2900390625,6154.02978515625,6165.10986328125
2021-04-21 07:00:00,6180.68994140625,6227.0400390625,6178.66015625,6210.5498046875
2021-04-22 07:00:00,6230.2099609375,6274.18994140625,6225.58984375,6267.27978515625
2021-04-23 07:00:00,6259.6298828125,6280.81005859375,6227.18994140625,6257.93994140625
2021-04-26 07:00:00,6256.0400390625,6288.7900390625,6240.990234375,6275.52001953125
2021-04-27 07:00:00,6273.35986328125,6282.52001953125,6255.41015625,6273.759765625
2021-04-28 07:00:00,6293.2099609375,6320.10986328125,6283.6201171875,6306.97998046875
2021-04-29 07:00:00,6341.1201171875,6352.35986328125,6287.43994140625,6302.56982421875
2021-04-30 07:00:00,6316.31982421875,6320.14013671875,6268.85986328125,6269.47998046875
2021-05-03 07:00:00,6285.509765625,6314.919921875,6252.66015625,6307.89990234375
2021-05-04 07:00:00,6319.490234375,6355.8701171875,6238.7900390625,6251.75
2021-05-05 07:00:00,6284.5400390625,6339.47021484375,6275.14013671875,6339.47021484375
2021-05-06 07:00:00,6348.89990234375,6377.580078125,6321.72021484375,6357.08984375
2021-05-07 07:00:00,6388.919921875,6390.0400390625,6342.3701171875,6385.509765625
2021-05-10 07:00:00,6395.3798828125,6395.60009765625,6367.0400390625,6385.990234375
2021-05-11 07:00:00,6314.27001953125,6324.31005859375,6226.10986328125,6267.39013671875
2021-05-12 07:00:00,6259.6298828125,6299.240234375,6233.9599609375,6279.35009765625
2021-05-13 07:00:00,6219.72998046875,6303.7001953125,6150.43017578125,6288.330078125
2021-05-14 07:00:00,6335.81982421875,6385.669921875,6301.18994140625,6385.14013671875
2021-05-17 07:00:00,6397.22021484375,6410.2099609375,6349.330078125,6367.35009765625
2021-05-18 07:00:00,6406.18017578125,6412.91015625,6343.5498046875,6353.669921875
2021-05-19 07:00:00,6292.0498046875,6310.490234375,6192.330078125,6262.5498046875
2021-05-20 07:00:00,6296.25,6343.580078125,6267.5498046875,6343.580078125
2021-05-21 07:00:00,6360.8798828125,6402.10009765625,6351.9501953125,6386.41015625
2021-05-24 07:00:00,6395.9599609375,6408.490234375,6382.7099609375,6408.490234375
2021-05-25 07:00:00,6416.60986328125,6422.830078125,6390.27001953125,6390.27001953125
2021-05-26 07:00:00,6403.9501953125,6413.72021484375,6375.14013671875,6391.60009765625
2021-05-27 07:00:00,6379.830078125,6467.72021484375,6379.830078125,6435.7099609375
2021-05-28 07:00:00,6453.1201171875,6493.72021484375,6448.8701171875,6484.10986328125
2021-05-31 07:00:00,6483.31982421875,6496.31982421875,6441.759765625,6447.169921875
2021-06-01 07:00:00,6470.419921875,6521.56982421875,6464.7099609375,6489.39990234375
2021-06-02 07:00:00,6489.89990234375,6521.81982421875,6482.10009765625,6521.52001953125
2021-06-03 07:00:00,6518.580078125,6522.22998046875,6473.669921875,6507.919921875
2021-06-04 07:00:00,6514.27001953125,6517.93017578125,6497.39013671875,6515.66015625
2021-06-07 07:00:00,6509.97998046875,6560.39013671875,6485.7998046875,6543.56005859375
2021-06-08 07:00:00,6545.68994140625,6574.2099609375,6540.7099609375,6551.009765625
2021-06-09 07:00:00,6561.93017578125,6570.81982421875,6533.3701171875,6563.4501953125
2021-06-10 07:00:00,6574.58984375,6574.58984375,6526.22998046875,6546.490234375
2021-06-11 07:00:00,6550.2998046875,6607.60986328125,6549.830078125,6600.66015625
2021-06-14 07:00:00,6625.5498046875,6650.16015625,6599.27001953125,6616.35009765625
2021-06-15 07:00:00,6643.419921875,6655.66015625,6634.4501953125,6639.52001953125
2021-06-16 07:00:00,6657.52001953125,6659.3798828125,6632.35986328125,6652.64990234375
2021-06-17 07:00:00,6636.7001953125,6674.3701171875,6631.6298828125,6666.259765625
2021-06-18 07:00:00,6657.22998046875,6687.2900390625,6560.1201171875,6569.16015625
2021-06-21 07:00:00,6525.02978515625,6607.990234375,6511.93017578125,6602.5400390625
2021-06-22 07:00:00,6609.97998046875,6622.2001953125,6583.5,6611.5
2021-06-23 07:00:00,6616.72998046875,6619.02001953125,6551.06982421875,6551.06982421875
2021-06-24 07:00:00,6576.06982421875,6639.830078125,6572.81005859375,6631.14990234375
2021-06-25 07:00:00,6637.68017578125,6641.89990234375,6604.85986328125,6622.8701171875
2021-06-28 07:00:00,6611.990234375,6633.72998046875,6556.8798828125,6558.02001953125
2021-06-29 07:00:00,6564.06982421875,6599.8798828125,6561.08984375,6567.43017578125
2021-06-30 07:00:00,6562.169921875,6575.83984375,6474.43017578125,6507.830078125
2021-07-01 07:00:00,6549.81982421875,6588.14013671875,6502.0498046875,6553.81982421875
2021-07-02 07:00:00,6572.0,6582.7900390625,6540.1201171875,6552.85986328125
2021-07-05 07:00:00,6545.97998046875,6582.8701171875,6520.3798828125,6567.5400390625
2021-07-06 07:00:00,6551.0,6561.509765625,6483.2001953125,6507.47998046875
2021-07-07 07:00:00,6529.490234375,6550.9501953125,6497.75,6527.72021484375
2021-07-08 07:00:00,6479.39990234375,6483.31982421875,6348.64013671875,6396.72998046875
2021-07-09 07:00:00,6435.2900390625,6532.56005859375,6429.669921875,6529.419921875
2021-07-12 07:00:00,6525.10986328125,6567.97998046875,6479.5400390625,6559.25
2021-07-13 07:00:00,6561.740234375,6569.3701171875,6536.4501953125,6558.47021484375
2021-07-14 07:00:00,6533.7998046875,6565.2001953125,6530.91015625,6558.3798828125
2021-07-15 07:00:00,6538.41015625,6554.7900390625,6471.06982421875,6493.35986328125
2021-07-16 07:00:00,6524.9501953125,6526.759765625,6418.25,6460.080078125
2021-07-19 07:00:00,6398.83984375,6403.509765625,6253.25,6295.97021484375
2021-07-20 07:00:00,6325.16015625,6386.4599609375,6304.85009765625,6346.85009765625
2021-07-21 07:00:00,6382.35986328125,6471.64990234375,6381.93994140625,6464.47998046875
2021-07-22 07:00:00,6498.31005859375,6525.2099609375,6474.0498046875,6481.58984375
2021-07-23 07:00:00,6518.60009765625,6574.85986328125,6510.27001953125,6568.81982421875
2021-07-26 07:00:00,6532.009765625,6588.08984375,6517.0498046875,6578.60009765625
2021-07-27 07:00:00,6565.18994140625,6578.0400390625,6516.56982421875,6531.919921875
2021-07-28 07:00:00,6547.47021484375,6609.31005859375,6530.740234375,6609.31005859375
2021-07-29 07:00:00,6647.080078125,6671.1201171875,6633.77001953125,6633.77001953125
2021-07-30 07:00:00,6608.16015625,6648.2001953125,6596.990234375,6612.759765625
2021-08-02 07:00:00,6657.9501953125,6690.7998046875,6639.31005859375,6675.89990234375
2021-08-03 07:00:00,6692.60009765625,6749.8798828125,6688.1201171875,6723.81005859375
2021-08-04 07:00:00,6751.14990234375,6766.60986328125,6730.60009765625,6746.22998046875
2021-08-05 07:00:00,6750.85986328125,6788.68994140625,6750.85986328125,6781.18994140625
2021-08-06 07:00:00,6772.490234375,6832.93994140625,6763.009765625,6816.9599609375
2021-08-09 07:00:00,6818.5400390625,6832.77001953125,6806.97998046875,6813.18017578125
2021-08-10 07:00:00,6817.6298828125,6833.1201171875,6811.77001953125,6820.2099609375
2021-08-11 07:00:00,6840.27978515625,6867.10986328125,6821.2099609375,6857.990234375
2021-08-12 07:00:00,6861.43994140625,6891.2900390625,6854.990234375,6882.47021484375
2021-08-13 07:00:00,6888.47998046875,6913.669921875,6885.64013671875,6896.0400390625
2021-08-16 07:00:00,6849.68017578125,6863.740234375,6817.43017578125,6838.77001953125
2021-08-17 07:00:00,6812.419921875,6827.490234375,6789.10986328125,6819.83984375
2021-08-18 07:00:00,6824.64013671875,6828.330078125,6759.740234375,6770.10986328125
2021-08-19 07:00:00,6665.1201171875,6671.169921875,6560.740234375,6605.89013671875
2021-08-20 07:00:00,6602.9501953125,6633.18994140625,6567.93017578125,6626.10986328125
2021-08-23 07:00:00,6699.31982421875,6699.31982421875,6657.14013671875,6683.10009765625
2021-08-24 07:00:00,6717.77001953125,6717.77001953125,6634.68994140625,6664.31005859375
2021-08-25 07:00:00,6683.18017578125,6684.2099609375,6667.25,6676.47998046875
2021-08-26 07:00:00,6646.3701171875,6673.93994140625,6618.68994140625,6666.02978515625
2021-08-27 07:00:00,6658.27001953125,6682.14990234375,6644.68017578125,6681.919921875
2021-08-30 07:00:00,6690.27978515625,6697.52001953125,6675.31982421875,6687.2998046875
2021-08-31 07:00:00,6692.85009765625,6708.14013671875,6650.89990234375,6680.18017578125
2021-09-01 07:00:00,6736.43994140625,6784.66015625,6730.169921875,6758.68994140625
2021-09-02 07:00:00,6753.18017578125,6778.330078125,6747.169921875,6763.080078125
2021-09-03 07:00:00,6758.3798828125,6758.3798828125,6667.39013671875,6689.990234375
2021-09-06 07:00:00,6704.35009765625,6756.39990234375,6700.4501953125,6743.5
2021-09-07 07:00:00,6731.35986328125,6749.14013671875,6721.35009765625,6726.06982421875
2021-09-08 07:00:00,6688.83984375,6712.0498046875,6628.97998046875,6668.89013671875
2021-09-09 07:00:00,6618.81982421875,6708.330078125,6605.08984375,6684.72021484375
2021-09-10 07:00:00,6707.330078125,6722.72998046875,6651.06005859375,6663.77001953125
2021-09-13 07:00:00,6688.77001953125,6722.0,6670.85009765625,6676.93017578125
2021-09-14 07:00:00,6672.18994140625,6677.06982421875,6613.52001953125,6652.97021484375
2021-09-15 07:00:00,6654.830078125,6659.27001953125,6577.02001953125,6583.6201171875
2021-09-16 07:00:00,6613.7099609375,6663.41015625,6612.16015625,6622.58984375
2021-09-17 07:00:00,6679.4501953125,6697.080078125,6551.6201171875,6570.18994140625
2021-09-20 07:00:00,6450.39013671875,6471.08984375,6389.6201171875,6455.81005859375
2021-09-21 07:00:00,6513.75,6570.1298828125,6513.75,6552.72998046875
2021-09-22 07:00:00,6612.10009765625,6642.31005859375,6595.93017578125,6637.0
2021-09-23 07:00:00,6691.080078125,6718.7998046875,6667.35986328125,6701.97998046875
2021-09-24 07:00:00,6675.72998046875,6678.64990234375,6625.43017578125,6638.4599609375
2021-09-27 07:00:00,6683.85009765625,6688.759765625,6647.080078125,6650.91015625
2021-09-28 07:00:00,6634.72021484375,6643.580078125,6491.419921875,6506.5
2021-09-29 07:00:00,6549.41015625,6590.81005859375,6538.10986328125,6560.7998046875
2021-09-30 07:00:00,6615.990234375,6621.75,6509.22998046875,6520.009765625
2021-10-01 07:00:00,6421.10009765625,6535.4599609375,6412.7001953125,6517.68994140625
2021-10-04 07:00:00,6484.89990234375,6540.9599609375,6452.77978515625,6477.66015625
2021-10-05 07:00:00,6481.72021484375,6577.2900390625,6481.72021484375,6576.27978515625
2021-10-06 07:00:00,6509.60009765625,6510.47021484375,6421.64013671875,6493.1201171875
2021-10-07 07:00:00,6563.240234375,6616.52978515625,6545.740234375,6600.18994140625
2021-10-08 07:00:00,6609.509765625,6617.33984375,6559.990234375,6559.990234375
2021-10-11 07:00:00,6546.06982421875,6574.22021484375,6522.5498046875,6570.5400390625
2021-10-12 07:00:00,6495.14990234375,6548.10986328125,6491.580078125,6548.10986328125
2021-10-13 07:00:00,6539.60986328125,6606.35986328125,6510.27001953125,6597.3798828125
2021-10-14 07:00:00,6651.18017578125,6692.93994140625,6618.7900390625,6685.2099609375
2021-10-15 07:00:00,6714.259765625,6746.81005859375,6703.259765625,6727.52001953125
2021-10-18 07:00:00,6697.2900390625,6697.60009765625,6642.16015625,6673.10009765625
2021-10-19 07:00:00,6690.9501953125,6692.14013671875,6650.83984375,6669.85009765625
2021-10-20 07:00:00,6636.60986328125,6715.52001953125,6636.60986328125,6705.60986328125
2021-10-21 07:00:00,6673.14013671875,6699.2099609375,6658.9501953125,6686.169921875
2021-10-22 07:00:00,6720.919921875,6765.4599609375,6716.14990234375,6733.68994140625
2021-10-25 07:00:00,6752.97998046875,6752.97998046875,6707.31982421875,6712.8701171875
2021-10-26 07:00:00,6723.06005859375,6775.81982421875,6711.2099609375,6766.509765625
2021-10-27 07:00:00,6755.6298828125,6771.18994140625,6731.85986328125,6753.52001953125
2021-10-28 07:00:00,6750.77978515625,6804.22021484375,6750.77978515625,6804.22021484375
2021-10-29 07:00:00,6778.7900390625,6830.33984375,6748.52978515625,6830.33984375
2021-11-01 08:00:00,6870.27978515625,6908.64990234375,6859.43994140625,6893.2900390625
2021-11-02 08:00:00,6883.06005859375,6933.35009765625,6879.68994140625,6927.02978515625
2021-11-03 08:00:00,6919.47021484375,6955.10009765625,6917.75,6950.64990234375
2021-11-04 08:00:00,6977.6201171875,6993.009765625,6962.009765625,6987.7900390625
2021-11-05 08:00:00,6983.7998046875,7063.39990234375,6983.7998046875,7040.7900390625
2021-11-08 08:00:00,7041.60009765625,7067.10009765625,7037.669921875,7047.47998046875
2021-11-09 08:00:00,7023.580078125,7079.580078125,7016.72998046875,7043.27001953125
2021-11-10 08:00:00,7046.169921875,7053.27001953125,7014.93994140625,7045.16015625
2021-11-11 08:00:00,7038.83984375,7072.6298828125,7032.35009765625,7059.5498046875
2021-11-12 08:00:00,7062.5400390625,7097.4599609375,7056.93017578125,7091.39990234375
2021-11-15 08:00:00,7090.9599609375,7136.1298828125,7088.7099609375,7128.6298828125
2021-11-16 08:00:00,7146.3701171875,7164.27001953125,7136.2998046875,7152.60009765625
2021-11-17 08:00:00,7149.2998046875,7167.7998046875,7147.009765625,7156.85009765625
2021-11-18 08:00:00,7155.0498046875,7181.5498046875,7136.85986328125,7141.97998046875
2021-11-19 08:00:00,7172.72021484375,7183.080078125,7068.43017578125,7112.2900390625
2021-11-22 08:00:00,7130.240234375,7143.60009765625,7087.669921875,7105.0
2021-11-23 08:00:00,7064.3798828125,7112.490234375,7002.56005859375,7044.6201171875
2021-11-24 08:00:00,7052.18017578125,7089.10986328125,6983.97998046875,7042.22998046875
2021-11-25 08:00:00,7067.60986328125,7079.490234375,7047.85986328125,7075.8701171875
2021-11-26 08:00:00,6814.89990234375,6861.14990234375,6725.080078125,6739.72998046875
2021-11-29 08:00:00,6831.41015625,6841.7900390625,6760.31005859375,6776.25
2021-11-30 08:00:00,6679.02978515625,6780.8798828125,6655.85986328125,6721.16015625
2021-12-01 08:00:00,6774.7998046875,6902.4599609375,6750.64990234375,6881.8701171875
2021-12-02 08:00:00,6794.77001953125,6850.3701171875,6762.740234375,6795.75
2021-12-03 08:00:00,6860.72998046875,6872.7900390625,6730.6298828125,6765.52001953125
2021-12-06 08:00:00,6810.93017578125,6888.06982421875,6776.169921875,6865.77978515625
2021-12-07 08:00:00,6934.68017578125,7066.9501953125,6934.68017578125,7065.39013671875
2021-12-08 08:00:00,7064.1201171875,7104.06005859375,7014.56982421875,7014.56982421875
2021-12-09 08:00:00,7035.93017578125,7044.990234375,6983.330078125,7008.22998046875
2021-12-10 08:00:00,6960.39013671875,7025.8798828125,6960.39013671875,6991.68017578125
2021-12-13 08:00:00,7004.759765625,7029.3798828125,6929.1298828125,6942.91015625
2021-12-14 08:00:00,6978.77001953125,6993.2998046875,6891.33984375,6895.31005859375
2021-12-15 08:00:00,6923.52001953125,6949.919921875,6904.93994140625,6927.6298828125
2021-12-16 08:00:00,7054.919921875,7054.919921875,6987.9501953125,7005.06982421875
2021-12-17 08:00:00,6982.06982421875,7011.60986328125,6884.91015625,6926.6298828125
2021-12-20 08:00:00,6783.830078125,6872.75,6747.68994140625,6870.10009765625
2021-12-21 08:00:00,6935.66015625,6967.93017578125,6888.52001953125,6964.990234375
2021-12-22 08:00:00,6982.52978515625,7051.669921875,6963.7099609375,7051.669921875
2021-12-23 08:00:00,7071.93017578125,7119.8701171875,7049.919921875,7106.14990234375
2021-12-24 08:00:00,7091.60009765625,7116.8798828125,7086.580078125,7086.580078125
2021-12-27 08:00:00,7070.14013671875,7149.14013671875,7062.39990234375,7140.39013671875
2021-12-28 08:00:00,7141.85009765625,7187.759765625,7141.669921875,7181.10986328125
2021-12-29 08:00:00,7179.10986328125,7201.64990234375,7137.35009765625,7161.52001953125
2021-12-30 08:00:00,7167.52978515625,7189.83984375,7156.7900390625,7173.22998046875
2021-12-31 08:00:00,7153.66015625,7163.72998046875,7139.60009765625,7153.02978515625
2022-01-03 08:00:00,7197.39990234375,7245.66015625,7195.81982421875,7217.22021484375
2022-01-04 08:00:00,7273.56982421875,7332.2099609375,7250.240234375,7317.41015625
2022-01-05 08:00:00,7320.47998046875,7384.85986328125,7313.52978515625,7376.3701171875
2022-01-06 08:00:00,7264.0,7316.06005859375,7240.8798828125,7249.66015625
2022-01-07 08:00:00,7250.7900390625,7269.64990234375,7178.18017578125,7219.47998046875
2022-01-10 08:00:00,7245.2099609375,7250.240234375,7105.5498046875,7115.77001953125
2022-01-11 08:00:00,7185.2099609375,7227.7099609375,7160.43994140625,7183.3798828125
2022-01-12 08:00:00,7235.47021484375,7249.8798828125,7183.3798828125,7237.18994140625
2022-01-13 08:00:00,7215.47998046875,7227.35009765625,7166.93994140625,7201.14013671875
2022-01-14 08:00:00,7132.58984375,7171.39990234375,7119.009765625,7143.0
2022-01-17 08:00:00,7167.52978515625,7213.7001953125,7148.97998046875,7201.64013671875
2022-01-18 08:00:00,7172.43017578125,7175.4599609375,7098.18994140625,7133.830078125
2022-01-19 08:00:00,7104.10986328125,7211.240234375,7104.10986328125,7172.97998046875
2022-01-20 08:00:00,7190.02001953125,7199.97021484375,7123.6201171875,7194.16015625
2022-01-21 08:00:00,7088.43994140625,7122.06005859375,7013.490234375,7068.58984375
2022-01-24 08:00:00,7014.83984375,7070.919921875,6754.240234375,6787.7900390625
2022-01-25 08:00:00,6870.27001953125,6890.5400390625,6776.7998046875,6837.9599609375
2022-01-26 08:00:00,6901.740234375,7024.14013671875,6901.740234375,6981.9599609375
2022-01-27 08:00:00,6879.64013671875,7053.4501953125,6873.60009765625,7023.7998046875
2022-01-28 08:00:00,7043.43017578125,7053.0,6846.22021484375,6965.8798828125
2022-01-31 08:00:00,7039.7099609375,7043.22021484375,6937.10009765625,6999.2001953125
2022-02-01 08:00:00,7052.2998046875,7105.22998046875,7035.91015625,7099.490234375
2022-02-02 08:00:00,7117.4501953125,7150.5400390625,7109.2998046875,7115.27001953125
2022-02-03 08:00:00,7115.2998046875,7125.580078125,6995.41015625,7005.6298828125
2022-02-04 08:00:00,7049.7998046875,7066.43994140625,6914.77001953125,6951.3798828125
2022-02-07 08:00:00,6987.169921875,7025.58984375,6929.7099609375,7009.25
2022-02-08 08:00:00,7008.2001953125,7085.64013671875,6994.14990234375,7028.41015625
2022-02-09 08:00:00,7086.33984375,7146.31005859375,7086.33984375,7130.8798828125
2022-02-10 08:00:00,7141.68994140625,7169.6298828125,7051.60009765625,7101.5498046875
2022-02-11 08:00:00,7025.5,7071.009765625,6992.08984375,7011.60009765625
2022-02-14 08:00:00,6868.06982421875,6875.31005859375,6757.330078125,6852.2001953125
2022-02-15 08:00:00,6830.740234375,6983.14013671875,6823.4501953125,6979.97021484375
2022-02-16 08:00:00,7009.68994140625,7031.93017578125,6931.08984375,6964.97998046875
2022-02-17 08:00:00,6999.1298828125,7017.06982421875,6905.68994140625,6946.81982421875
2022-02-18 08:00:00,6951.830078125,6995.6201171875,6895.08984375,6929.6298828125
2022-02-21 08:00:00,6984.31005859375,6986.830078125,6744.1298828125,6788.33984375
2022-02-22 08:00:00,6633.740234375,6834.77001953125,6633.740234375,6787.60009765625
2022-02-23 08:00:00,6801.66015625,6904.81005859375,6768.3798828125,6780.669921875
2022-02-24 08:00:00,6496.25,6617.08984375,6432.89013671875,6521.0498046875
2022-02-25 08:00:00,6571.9501953125,6762.77978515625,6521.56005859375,6752.43017578125
2022-02-28 08:00:00,6620.47998046875,6684.5400390625,6516.16015625,6658.830078125
2022-03-01 08:00:00,6646.16015625,6662.25,6396.490234375,6396.490234375
2022-03-02 08:00:00,6359.97998046875,6544.14990234375,6312.2998046875,6498.02001953125
2022-03-03 08:00:00,6488.25,6543.77001953125,6361.60009765625,6378.3701171875
2022-03-04 08:00:00,6308.33984375,6321.08984375,6061.66015625,6061.66015625
2022-03-07 08:00:00,5887.830078125,6115.22998046875,5756.3798828125,5982.27001953125
2022-03-08 08:00:00,5906.6201171875,6169.60009765625,5903.10009765625,5962.9599609375
2022-03-09 08:00:00,6131.27978515625,6387.830078125,6122.7998046875,6387.830078125
2022-03-10 08:00:00,6376.56982421875,6380.77001953125,6166.10986328125,6207.2001953125
2022-03-11 08:00:00,6233.1201171875,6466.1201171875,6165.41015625,6260.25
2022-03-14 08:00:00,6298.9599609375,6421.080078125,6271.81982421875,6369.93994140625
2022-03-15 08:00:00,6294.72021484375,6383.75,6206.0498046875,6355.0
2022-03-16 08:00:00,6484.330078125,6680.0,6481.7001953125,6588.64013671875
2022-03-17 08:00:00,6617.22998046875,6635.31005859375,6530.7900390625,6612.52001953125
2022-03-18 08:00:00,6613.9501953125,6620.240234375,6499.58984375,6620.240234375
2022-03-21 08:00:00,6608.7900390625,6642.4599609375,6574.06982421875,6582.330078125
2022-03-22 08:00:00,6586.64990234375,6666.83984375,6578.91015625,6659.41015625
2022-03-23 08:00:00,6674.68017578125,6684.7001953125,6559.31005859375,6581.43017578125
2022-03-24 08:00:00,6593.14990234375,6636.580078125,6541.31982421875,6555.77001953125
2022-03-25 08:00:00,6569.4501953125,6615.89990234375,6538.7998046875,6553.68017578125
2022-03-28 07:00:00,6578.72021484375,6683.7001953125,6572.009765625,6589.10986328125
2022-03-29 07:00:00,6675.14990234375,6829.39990234375,6658.77978515625,6792.16015625
2022-03-30 07:00:00,6771.08984375,6771.08984375,6705.68994140625,6741.58984375
2022-03-31 07:00:00,6759.419921875,6776.1298828125,6658.740234375,6659.8701171875
2022-04-01 07:00:00,6672.97998046875,6708.56005859375,6635.27001953125,6684.31005859375
2022-04-04 07:00:00,6709.60009765625,6745.22021484375,6641.60986328125,6731.3701171875
2022-04-05 07:00:00,6731.33984375,6743.6201171875,6603.43994140625,6645.509765625
2022-04-06 07:00:00,6634.830078125,6643.75,6442.43994140625,6498.830078125
2022-04-07 07:00:00,6530.81982421875,6582.33984375,6451.10009765625,6461.68017578125
2022-04-08 07:00:00,6540.2001953125,6581.56005859375,6494.6298828125,6548.22021484375
2022-04-11 07:00:00,6558.52978515625,6614.9599609375,6502.14013671875,6555.81005859375
2022-04-12 07:00:00,6454.25,6570.75,6424.97021484375,6537.41015625
2022-04-13 07:00:00,6519.16015625,6563.9599609375,6478.4501953125,6542.14013671875
2022-04-14 07:00:00,6557.66015625,6607.5498046875,6541.89990234375,6589.35009765625
2022-04-19 07:00:00,6545.97021484375,6566.7998046875,6494.330078125,6534.7900390625
2022-04-20 07:00:00,6557.9599609375,6636.5498046875,6542.2099609375,6624.91015625
2022-04-21 07:00:00,6642.7099609375,6757.75,6636.7900390625,6715.10009765625
2022-04-22 07:00:00,6618.68994140625,6654.64013671875,6572.8701171875,6581.419921875
2022-04-25 07:00:00,6450.89990234375,6512.259765625,6408.7099609375,6449.3798828125
2022-04-26 07:00:00,6520.009765625,6535.919921875,6412.490234375,6414.56982421875
2022-04-27 07:00:00,6427.39990234375,6474.9599609375,6338.60986328125,6445.259765625
2022-04-28 07:00:00,6520.52978515625,6575.9501953125,6435.75,6508.14013671875
2022-04-29 07:00:00,6557.66015625,6601.14990234375,6514.10009765625,6533.77001953125
2022-05-02 07:00:00,6469.31005859375,6474.81005859375,6308.47021484375,6425.60986328125
2022-05-03 07:00:00,6463.72998046875,6507.1298828125,6423.02978515625,6476.18017578125
2022-05-04 07:00:00,6482.259765625,6494.990234375,6395.68017578125,6395.68017578125
2022-05-05 07:00:00,6549.490234375,6558.91015625,6350.66015625,6368.39990234375
2022-05-06 07:00:00,6318.66015625,6322.43017578125,6213.64013671875,6258.35986328125
2022-05-09 07:00:00,6207.14990234375,6260.85009765625,6086.02001953125,6086.02001953125
2022-05-10 07:00:00,6151.52001953125,6206.56005859375,6116.91015625,6116.91015625
2022-05-11 07:00:00,6173.10009765625,6269.72998046875,6137.240234375,6269.72998046875
2022-05-12 07:00:00,6130.68994140625,6238.25,6098.22021484375,6206.259765625
2022-05-13 07:00:00,6250.16015625,6363.240234375,6238.7900390625,6362.68017578125
2022-05-16 07:00:00,6315.68017578125,6369.0498046875,6286.02001953125,6347.77001953125
2022-05-17 07:00:00,6379.33984375,6448.330078125,6373.72998046875,6430.18994140625
2022-05-18 07:00:00,6440.2998046875,6455.7998046875,6342.669921875,6352.93994140625
2022-05-19 07:00:00,6279.68994140625,6288.990234375,6196.18994140625,6272.7099609375
2022-05-20 07:00:00,6305.4599609375,6377.580078125,6264.83984375,6285.240234375
2022-05-23 07:00:00,6350.8798828125,6358.740234375,6263.9599609375,6358.740234375
2022-05-24 07:00:00,6282.31982421875,6322.740234375,6243.83984375,6253.14013671875
2022-05-25 07:00:00,6296.27978515625,6319.2900390625,6229.83984375,6298.64013671875
2022-05-26 07:00:00,6301.490234375,6424.8798828125,6298.4501953125,6410.580078125
2022-05-27 07:00:00,6445.25,6519.72998046875,6424.85009765625,6515.75
2022-05-30 07:00:00,6547.85986328125,6582.0498046875,6536.77001953125,6562.39013671875
2022-05-31 07:00:00,6539.85986328125,6543.419921875,6457.52978515625,6468.7998046875
2022-06-01 07:00:00,6509.18994140625,6510.259765625,6414.22021484375,6418.89013671875
2022-06-02 07:00:00,6447.3701171875,6506.60009765625,6447.2998046875,6500.43994140625
2022-06-03 07:00:00,6545.0,6547.81982421875,6473.740234375,6485.2998046875
2022-06-06 07:00:00,6533.81982421875,6593.14990234375,6533.81982421875,6548.77978515625
2022-06-07 07:00:00,6523.16015625,6523.60009765625,6459.919921875,6500.35009765625
2022-06-08 07:00:00,6517.5498046875,6517.5498046875,6413.8701171875,6448.6298828125
2022-06-09 07:00:00,6412.580078125,6456.91015625,6342.990234375,6358.4599609375
2022-06-10 07:00:00,6316.41015625,6325.89013671875,6177.31005859375,6187.22998046875
2022-06-13 07:00:00,6088.0498046875,6122.259765625,6006.27978515625,6022.31982421875
2022-06-14 07:00:00,6063.7998046875,6075.3701171875,5934.1201171875,5949.83984375
2022-06-15 07:00:00,6022.83984375,6062.6201171875,5972.31005859375,6030.1298828125
2022-06-16 07:00:00,6003.66015625,6018.10009765625,5872.2001953125,5886.240234375
2022-06-17 07:00:00,5906.85986328125,5974.06005859375,5870.64013671875,5882.64990234375
2022-06-20 07:00:00,5901.580078125,5920.08984375,5855.93017578125,5920.08984375
2022-06-21 07:00:00,5943.52001953125,6032.240234375,5943.080078125,5964.66015625
2022-06-22 07:00:00,5879.08984375,5938.4599609375,5834.4599609375,5916.6298828125
2022-06-23 07:00:00,5880.2998046875,5957.1298828125,5830.8701171875,5883.330078125
2022-06-24 07:00:00,5918.259765625,6085.990234375,5914.669921875,6073.35009765625
2022-06-27 07:00:00,6105.2001953125,6156.60009765625,6030.60986328125,6047.31005859375
2022-06-28 07:00:00,6099.14990234375,6141.93994140625,6077.9501953125,6086.02001953125
2022-06-29 07:00:00,6021.68994140625,6071.91015625,5995.75,6031.47998046875
2022-06-30 07:00:00,5926.740234375,5931.5498046875,5852.2998046875,5922.85986328125
2022-07-01 07:00:00,5875.60009765625,5975.830078125,5857.33984375,5931.06005859375
2022-07-04 07:00:00,5983.97998046875,6002.06982421875,5943.91015625,5954.64990234375
2022-07-05 07:00:00,5979.2001953125,5981.509765625,5786.5,5794.9599609375
2022-07-06 07:00:00,5872.27001953125,5927.5,5846.10009765625,5912.3798828125
2022-07-07 07:00:00,5985.08984375,6024.31005859375,5967.97998046875,6006.7001953125
2022-07-08 07:00:00,6007.64013671875,6053.169921875,5952.89013671875,6033.1298828125
2022-07-11 07:00:00,5923.830078125,6004.52001953125,5909.72998046875,5996.2998046875
2022-07-12 07:00:00,5960.08984375,6053.330078125,5930.97998046875,6044.2001953125
2022-07-13 07:00:00,6015.52978515625,6025.72998046875,5922.93994140625,6000.240234375
2022-07-14 07:00:00,5979.990234375,5997.31005859375,5874.68017578125,5915.41015625
2022-07-15 07:00:00,5935.27978515625,6043.7998046875,5901.3798828125,6036.0
2022-07-18 07:00:00,6070.2099609375,6136.02001953125,6059.8701171875,6091.91015625
2022-07-19 07:00:00,6031.60009765625,6213.8798828125,6028.7900390625,6201.22021484375
2022-07-20 07:00:00,6229.7900390625,6245.47021484375,6151.35986328125,6184.66015625
2022-07-21 07:00:00,6160.3701171875,6233.97998046875,6143.06005859375,6201.10986328125
2022-07-22 07:00:00,6174.2900390625,6247.35009765625,6168.77001953125,6216.81982421875
2022-07-25 07:00:00,6198.830078125,6260.1298828125,6177.14013671875,6237.5498046875
2022-07-26 07:00:00,6225.169921875,6243.85986328125,6194.9599609375,6211.4501953125
2022-07-27 07:00:00,6206.25,6267.7998046875,6199.93017578125,6257.93994140625
2022-07-28 07:00:00,6304.1298828125,6339.2099609375,6236.56982421875,6339.2099609375
2022-07-29 07:00:00,6413.10009765625,6472.27001953125,6397.91015625,6448.5
2022-08-01 07:00:00,6447.18017578125,6484.080078125,6434.1201171875,6436.85986328125
2022-08-02 07:00:00,6424.68017578125,6429.0498046875,6381.43017578125,6409.7998046875
2022-08-03 07:00:00,6404.10009765625,6475.5400390625,6398.990234375,6472.06005859375
2022-08-04 07:00:00,6476.72021484375,6555.7099609375,6475.0498046875,6513.39013671875
2022-08-05 07:00:00,6512.6201171875,6523.02978515625,6449.72021484375,6472.35009765625
2022-08-08 07:00:00,6510.4501953125,6564.240234375,6503.27001953125,6524.43994140625
2022-08-09 07:00:00,6514.52001953125,6530.35009765625,6480.06005859375,6490.0
2022-08-10 07:00:00,6467.10009765625,6545.64013671875,6453.7900390625,6523.43994140625
2022-08-11 07:00:00,6560.2099609375,6562.31982421875,6499.6298828125,6544.669921875
2022-08-12 07:00:00,6553.240234375,6587.83984375,6539.75,6553.85986328125
2022-08-15 07:00:00,6582.6298828125,6586.9599609375,6532.47998046875,6569.9501953125
2022-08-16 07:00:00,6580.990234375,6608.830078125,6568.580078125,6592.580078125
2022-08-17 07:00:00,6608.64013671875,6608.64013671875,6517.990234375,6528.31982421875
2022-08-18 07:00:00,6530.580078125,6576.3701171875,6519.56982421875,6557.39990234375
2022-08-19 07:00:00,6520.43994140625,6549.1298828125,6488.0,6495.830078125
2022-08-22 07:00:00,6448.81005859375,6459.35986328125,6352.97021484375,6378.740234375
2022-08-23 07:00:00,6331.169921875,6402.22021484375,6331.169921875,6362.02001953125
2022-08-24 07:00:00,6332.43017578125,6396.6298828125,6319.7001953125,6386.759765625
2022-08-25 07:00:00,6432.16015625,6440.68994140625,6361.52978515625,6381.56005859375
2022-08-26 07:00:00,6420.75,6429.7900390625,6252.58984375,6274.259765625
2022-08-29 07:00:00,6199.10986328125,6232.25,6153.43994140625,6222.27978515625
2022-08-30 07:00:00,6243.080078125,6303.66015625,6182.6298828125,6210.22021484375
2022-08-31 07:00:00,6226.990234375,6230.89990234375,6125.10009765625,6125.10009765625
2022-09-01 07:00:00,6068.33984375,6072.93017578125,6009.08984375,6034.31005859375
2022-09-02 07:00:00,6075.72998046875,6178.2900390625,6051.02001953125,6167.509765625
2022-09-05 07:00:00,6048.22021484375,6105.58984375,6018.02001953125,6093.22021484375
2022-09-06 07:00:00,6083.02001953125,6138.22021484375,6060.43994140625,6104.60986328125
2022-09-07 07:00:00,6059.64013671875,6119.9501953125,6045.27001953125,6105.919921875
2022-09-08 07:00:00,6136.93017578125,6143.2900390625,6034.7900390625,6125.89990234375
2022-09-09 07:00:00,6140.8701171875,6239.10986328125,6138.8798828125,6212.330078125
2022-09-12 07:00:00,6242.4599609375,6352.4501953125,6224.509765625,6333.58984375
2022-09-13 07:00:00,6360.31005859375,6394.18017578125,6245.68994140625,6245.68994140625
2022-09-14 07:00:00,6210.77001953125,6249.2900390625,6183.5498046875,6222.41015625
2022-09-15 07:00:00,6212.2099609375,6249.52001953125,6143.35986328125,6157.83984375
2022-09-16 07:00:00,6100.7900390625,6114.35986328125,6052.419921875,6077.2998046875
2022-09-19 07:00:00,6049.0,6093.39990234375,5974.72021484375,6061.58984375
2022-09-20 07:00:00,6084.41015625,6118.25,5970.22998046875,5979.47021484375
2022-09-21 07:00:00,5928.5,6034.27001953125,5915.56982421875,6031.330078125
2022-09-22 07:00:00,5928.5400390625,6022.39013671875,5918.5,5918.5
2022-09-23 07:00:00,5906.18017578125,5913.7099609375,5765.64990234375,5783.41015625
2022-09-26 07:00:00,5744.490234375,5828.0498046875,5736.0,5769.39013671875
2022-09-27 07:00:00,5809.81982421875,5852.60986328125,5753.81982421875,5753.81982421875
2022-09-28 07:00:00,5692.5400390625,5773.080078125,5651.490234375,5765.009765625
2022-09-29 07:00:00,5746.2900390625,5746.2900390625,5628.419921875,5676.8701171875
2022-09-30 07:00:00,5712.2001953125,5770.77978515625,5688.33984375,5762.33984375
2022-10-03 07:00:00,5697.47021484375,5804.27001953125,5654.43994140625,5794.14990234375
2022-10-04 07:00:00,5859.4501953125,6039.68994140625,5852.919921875,6039.68994140625
2022-10-05 07:00:00,6006.1201171875,6034.93017578125,5953.5498046875,5985.4599609375
2022-10-06 07:00:00,6004.10986328125,6018.47021484375,5917.27001953125,5936.419921875
2022-10-07 07:00:00,5911.9599609375,5956.9501953125,5855.66015625,5866.93994140625
2022-10-10 07:00:00,5806.56982421875,5883.85009765625,5796.31005859375,5840.5498046875
2022-10-11 07:00:00,5796.830078125,5849.580078125,5770.47998046875,5833.2001953125
2022-10-12 07:00:00,5842.10009765625,5872.490234375,5788.66015625,5818.47021484375
2022-10-13 07:00:00,5792.5400390625,5899.81982421875,5704.8701171875,5879.18994140625
2022-10-14 07:00:00,5965.7998046875,6044.75,5921.14990234375,5931.919921875
2022-10-17 07:00:00,5949.64990234375,6068.3701171875,5910.39013671875,6040.66015625
2022-10-18 07:00:00,6098.60009765625,6139.77978515625,6057.3798828125,6067.0
2022-10-19 07:00:00,6092.77001953125,6109.97021484375,6040.72021484375,6040.72021484375
2022-10-20 07:00:00,6046.81005859375,6103.5,6029.52978515625,6086.89990234375
2022-10-21 07:00:00,6021.580078125,6056.0400390625,5952.8798828125,6035.39013671875
2022-10-24 07:00:00,6076.2001953125,6175.6201171875,6041.14013671875,6131.35986328125
2022-10-25 07:00:00,6172.64990234375,6253.1201171875,6135.3798828125,6250.5498046875
2022-10-26 07:00:00,6244.64013671875,6282.75,6219.330078125,6276.31005859375
2022-10-27 07:00:00,6253.85009765625,6272.2001953125,6194.330078125,6244.02978515625
2022-10-28 07:00:00,6192.18017578125,6278.77001953125,6183.41015625,6273.0498046875
2022-10-31 08:00:00,6279.7001953125,6293.14990234375,6244.080078125,6266.77001953125
2022-11-01 08:00:00,6329.759765625,6383.7001953125,6306.0498046875,6328.25
2022-11-02 08:00:00,6351.31005859375,6376.2900390625,6273.5498046875,6276.8798828125
2022-11-03 08:00:00,6209.6298828125,6245.68994140625,6191.72998046875,6243.27978515625
2022-11-04 08:00:00,6291.39013671875,6466.31982421875,6289.06982421875,6416.43994140625
2022-11-07 08:00:00,6379.490234375,6442.41015625,6363.7001953125,6416.60986328125
2022-11-08 08:00:00,6391.75,6451.16015625,6378.31982421875,6441.5
2022-11-09 08:00:00,6426.7998046875,6446.5,6405.83984375,6430.56982421875
2022-11-10 08:00:00,6396.58984375,6573.85009765625,6381.419921875,6556.830078125
2022-11-11 08:00:00,6612.93017578125,6636.81005859375,6573.8701171875,6594.6201171875
2022-11-14 08:00:00,6622.419921875,6662.06982421875,6603.56005859375,6609.169921875
2022-11-15 08:00:00,6626.81982421875,6684.08984375,6621.81982421875,6641.66015625
2022-11-16 08:00:00,6647.39990234375,6656.330078125,6587.2001953125,6607.22021484375
2022-11-17 08:00:00,6624.47021484375,6634.72998046875,6522.27978515625,6576.1201171875
2022-11-18 08:00:00,6620.580078125,6667.2001953125,6601.56005859375,6644.4599609375
2022-11-21 08:00:00,6625.10009765625,6649.759765625,6613.919921875,6634.4501953125
2022-11-22 08:00:00,6643.7001953125,6669.169921875,6615.580078125,6657.52978515625
2022-11-23 08:00:00,6677.97021484375,6681.41015625,6642.02978515625,6679.08984375
2022-11-24 08:00:00,6683.43994140625,6730.16015625,6679.7998046875,6707.31982421875
2022-11-25 08:00:00,6710.35986328125,6725.0,6686.6298828125,6712.47998046875
2022-11-28 08:00:00,6678.10986328125,6693.919921875,6641.2998046875,6665.2001953125
2022-11-29 08:00:00,6686.9599609375,6695.85986328125,6649.8798828125,6668.97021484375
2022-11-30 08:00:00,6706.669921875,6743.60009765625,6678.75,6738.5498046875
2022-12-01 08:00:00,6784.60009765625,6791.31005859375,6730.5498046875,6753.97021484375
2022-12-02 08:00:00,6728.85986328125,6767.72021484375,6689.759765625,6742.25
2022-12-05 08:00:00,6728.7099609375,6738.97021484375,6685.52001953125,6696.9599609375
2022-12-06 08:00:00,6677.490234375,6704.740234375,6656.93017578125,6687.7900390625
2022-12-07 08:00:00,6687.33984375,6696.64990234375,6642.43994140625,6660.58984375
2022-12-08 08:00:00,6677.0,6679.56982421875,6629.35986328125,6647.31005859375
2022-12-09 08:00:00,6671.77978515625,6680.08984375,6618.27001953125,6677.64013671875
2022-12-12 08:00:00,6647.89990234375,6681.2998046875,6634.97021484375,6650.5498046875
2022-12-13 08:00:00,6672.22021484375,6823.10009765625,6642.08984375,6744.97998046875
2022-12-14 08:00:00,6727.75,6733.85009765625,6694.330078125,6730.7900390625
2022-12-15 08:00:00,6674.2900390625,6680.22021484375,6503.0,6522.77001953125
2022-12-16 08:00:00,6505.6298828125,6515.7001953125,6418.9501953125,6452.6298828125
2022-12-19 08:00:00,6470.93017578125,6510.4599609375,6470.93017578125,6473.2900390625
2022-12-20 08:00:00,6418.68994140625,6468.93994140625,6388.22998046875,6450.43017578125
2022-12-21 08:00:00,6469.10986328125,6586.47998046875,6467.56982421875,6580.240234375
2022-12-22 08:00:00,6587.5,6614.35009765625,6503.8798828125,6517.97021484375
2022-12-23 08:00:00,6513.2001953125,6533.580078125,6476.0498046875,6504.89990234375
2022-12-27 08:00:00,6559.6298828125,6579.330078125,6543.259765625,6550.66015625
2022-12-28 08:00:00,6561.5,6572.1201171875,6505.669921875,6510.490234375
2022-12-29 08:00:00,6486.64990234375,6577.080078125,6474.72998046875,6573.47021484375
2022-12-30 08:00:00,6533.1201171875,6540.509765625,6470.64013671875,6473.759765625
2023-01-02 08:00:00,6521.06982421875,6601.10986328125,6518.2099609375,6594.56982421875
2023-01-03 08:00:00,6580.08984375,6696.10009765625,6580.08984375,6623.89013671875
2023-01-04 08:00:00,6660.60009765625,6780.830078125,6659.830078125,6776.43017578125
2023-01-05 08:00:00,6744.5,6792.08984375,6732.0400390625,6761.5
2023-01-06 08:00:00,6772.93994140625,6860.9501953125,6757.4599609375,6860.9501953125
2023-01-09 08:00:00,6861.58984375,6928.43017578125,6851.66015625,6907.35986328125
2023-01-10 08:00:00,6882.009765625,6885.43994140625,6845.81005859375,6869.14013671875
2023-01-11 08:00:00,6879.10009765625,6946.669921875,6874.7099609375,6924.18994140625
2023-01-12 08:00:00,6947.33984375,7015.7001953125,6946.2998046875,6975.68017578125
2023-01-13 08:00:00,6989.58984375,7035.81982421875,6977.85986328125,7023.5
2023-01-16 08:00:00,7036.47998046875,7052.52001953125,7016.31982421875,7043.31005859375
2023-01-17 08:00:00,7036.91015625,7104.89990234375,7020.81982421875,7077.16015625
2023-01-18 08:00:00,7073.6201171875,7115.2001953125,7072.4501953125,7083.39013671875
2023-01-19 08:00:00,7047.64013671875,7056.14013671875,6946.740234375,6951.8701171875
2023-01-20 08:00:00,6996.22021484375,7015.9599609375,6965.4501953125,6995.990234375
2023-01-23 08:00:00,7014.91015625,7044.509765625,6988.509765625,7032.02001953125
2023-01-24 08:00:00,7053.0400390625,7064.68994140625,7011.39990234375,7050.47998046875
2023-01-25 08:00:00,7057.81982421875,7070.83984375,6999.93017578125,7043.8798828125
2023-01-26 08:00:00,7095.10986328125,7117.52978515625,7078.02001953125,7095.990234375
2023-01-27 08:00:00,7085.47021484375,7117.47998046875,7062.68994140625,7097.2099609375
2023-01-30 08:00:00,7054.240234375,7103.66015625,7030.9501953125,7082.009765625
2023-01-31 08:00:00,7075.08984375,7088.97021484375,7025.52978515625,7082.419921875
2023-02-01 08:00:00,7087.2001953125,7110.2099609375,7059.60986328125,7077.10986328125
2023-02-02 08:00:00,7110.02978515625,7184.68994140625,7079.41015625,7166.27001953125
2023-02-03 08:00:00,7136.39990234375,7233.93994140625,7113.419921875,7233.93994140625
2023-02-06 08:00:00,7181.97021484375,7187.27001953125,7104.52001953125,7137.10009765625
2023-02-07 08:00:00,7145.83984375,7154.509765625,7108.4599609375,7132.35009765625
2023-02-08 08:00:00,7181.580078125,7190.85986328125,7119.830078125,7119.830078125
2023-02-09 08:00:00,7179.64013671875,7225.8798828125,7179.64013671875,7188.35986328125
2023-02-10 08:00:00,7165.41015625,7182.919921875,7074.6298828125,7129.72998046875
2023-02-13 08:00:00,7147.47998046875,7213.93994140625,7138.91015625,7208.58984375
2023-02-14 08:00:00,7225.2998046875,7271.47998046875,7204.509765625,7213.81005859375
2023-02-15 08:00:00,7206.830078125,7318.77978515625,7200.72998046875,7300.85986328125
2023-02-16 08:00:00,7346.2998046875,7387.2900390625,7325.75,7366.16015625
2023-02-17 08:00:00,7311.14013671875,7368.0,7267.77001953125,7347.72021484375
2023-02-20 08:00:00,7361.2099609375,7363.41015625,7318.72998046875,7335.60986328125
2023-02-21 08:00:00,7319.93017578125,7342.68017578125,7241.2099609375,7308.64990234375
2023-02-22 08:00:00,7282.490234375,7307.81982421875,7231.6298828125,7299.259765625
2023-02-23 08:00:00,7309.02978515625,7357.68017578125,7301.419921875,7317.43017578125
2023-02-24 08:00:00,7359.759765625,7366.06982421875,7187.27001953125,7187.27001953125
2023-02-27 08:00:00,7243.02978515625,7324.02978515625,7243.02978515625,7295.5498046875
2023-02-28 08:00:00,7253.5400390625,7317.97998046875,7249.47021484375,7267.93017578125
2023-03-01 08:00:00,7279.33984375,7327.2900390625,7219.39990234375,7234.25
2023-03-02 08:00:00,7176.41015625,7286.240234375,7169.66015625,7284.22021484375
2023-03-03 08:00:00,7313.47998046875,7358.0400390625,7308.14990234375,7348.1201171875
2023-03-06 08:00:00,7385.75,7401.14990234375,7349.97998046875,7373.2099609375
2023-03-07 08:00:00,7355.8701171875,7398.02978515625,7336.2001953125,7339.27001953125
2023-03-08 08:00:00,7305.919921875,7346.6201171875,7305.919921875,7324.759765625
2023-03-09 08:00:00,7317.43017578125,7333.22021484375,7274.0498046875,7315.8798828125
2023-03-10 08:00:00,7193.3701171875,7256.47998046875,7166.89013671875,7220.669921875
2023-03-13 08:00:00,7211.43994140625,7211.43994140625,6979.5498046875,7011.5
2023-03-14 08:00:00,7029.22021484375,7162.56982421875,6989.9599609375,7141.56982421875
2023-03-15 08:00:00,7123.2001953125,7123.2001953125,6861.6298828125,6885.7099609375
2023-03-16 08:00:00,6987.6298828125,7063.31005859375,6876.60986328125,7025.72021484375
2023-03-17 08:00:00,7086.10009765625,7104.75,6895.72998046875,6925.39990234375
2023-03-20 08:00:00,6900.89990234375,7049.759765625,6796.2099609375,7013.14013671875
2023-03-21 08:00:00,7089.009765625,7150.330078125,7083.81005859375,7112.91015625
2023-03-22 08:00:00,7105.31982421875,7157.72998046875,7080.18017578125,7131.1201171875
2023-03-23 08:00:00,7118.14013671875,7149.919921875,7073.5,7139.25
2023-03-24 08:00:00,7108.16015625,7108.66015625,6953.580078125,7015.10009765625
2023-03-27 07:00:00,7103.52978515625,7119.58984375,7039.08984375,7078.27001953125
2023-03-28 07:00:00,7145.66015625,7154.56005859375,7066.27001953125,7088.33984375
2023-03-29 07:00:00,7141.0498046875,7201.25,7125.1201171875,7186.990234375
2023-03-30 07:00:00,7222.68994140625,7292.39013671875,7222.68994140625,7263.3701171875
2023-03-31 07:00:00,7271.18994140625,7341.7900390625,7264.81982421875,7322.39013671875
2023-04-03 07:00:00,7341.68994140625,7362.39013671875,7332.64013671875,7345.9599609375
2023-04-04 07:00:00,7375.7900390625,7399.58984375,7344.33984375,7344.9599609375
2023-04-05 07:00:00,7350.02978515625,7359.39990234375,7300.330078125,7316.2998046875
2023-04-06 07:00:00,7328.56982421875,7344.33984375,7312.60986328125,7324.75
2023-04-11 07:00:00,7381.77001953125,7403.669921875,7370.08984375,7390.27978515625
2023-04-12 07:00:00,7396.81005859375,7463.669921875,7379.7900390625,7396.93994140625
2023-04-13 07:00:00,7450.759765625,7485.58984375,7450.759765625,7480.830078125
2023-04-14 07:00:00,7500.77001953125,7533.41015625,7491.43017578125,7519.60986328125
2023-04-17 07:00:00,7535.39013671875,7552.0,7498.06982421875,7498.18017578125
2023-04-18 07:00:00,7509.0,7559.35009765625,7509.0,7533.6298828125
2023-04-19 07:00:00,7530.5400390625,7558.9501953125,7513.77001953125,7549.43994140625
2023-04-20 07:00:00,7541.68017578125,7546.06982421875,7506.919921875,7538.7099609375
2023-04-21 07:00:00,7551.5,7577.0,7518.31982421875,7577.0
2023-04-24 07:00:00,7545.60009765625,7581.259765625,7545.60009765625,7573.85986328125
2023-04-25 07:00:00,7528.14990234375,7541.72021484375,7504.259765625,7531.60986328125
2023-04-26 07:00:00,7496.47998046875,7508.1298828125,7427.52978515625,7466.66015625
2023-04-27 07:00:00,7450.10009765625,7507.259765625,7446.66015625,7483.83984375
2023-04-28 07:00:00,7498.6201171875,7505.0498046875,7403.2001953125,7491.5
2023-05-02 07:00:00,7466.81982421875,7505.919921875,7374.06005859375,7383.2001953125
2023-05-03 07:00:00,7410.56005859375,7445.9501953125,7395.81982421875,7403.830078125
2023-05-04 07:00:00,7381.39990234375,7393.02001953125,7316.14013671875,7340.77001953125
2023-05-05 07:00:00,7388.009765625,7437.60009765625,7354.60009765625,7432.93017578125
2023-05-08 07:00:00,7427.9599609375,7456.4599609375,7416.22021484375,7440.91015625
2023-05-09 07:00:00,7415.009765625,7419.89990234375,7358.4501953125,7397.169921875
2023-05-10 07:00:00,7403.6201171875,7416.31982421875,7337.66015625,7361.2001953125
2023-05-11 07:00:00,7383.580078125,7436.93994140625,7333.919921875,7381.77978515625
2023-05-12 07:00:00,7420.41015625,7463.7001953125,7395.60009765625,7414.85009765625
2023-05-15 07:00:00,7443.3798828125,7455.6298828125,7397.85986328125,7418.2099609375
2023-05-16 07:00:00,7394.85009765625,7427.56982421875,7377.81005859375,7406.009765625
2023-05-17 07:00:00,7378.830078125,7422.580078125,7354.5400390625,7399.43994140625
2023-05-18 07:00:00,7440.75,7481.77978515625,7426.39013671875,7446.89013671875
2023-05-19 07:00:00,7469.77978515625,7523.56005859375,7463.9599609375,7491.9599609375
2023-05-22 07:00:00,7467.93017578125,7493.3798828125,7452.68994140625,7478.16015625
2023-05-23 07:00:00,7457.18017578125,7459.3701171875,7378.7099609375,7378.7099609375
2023-05-24 07:00:00,7306.14013671875,7308.58984375,7223.580078125,7253.4599609375
2023-05-25 07:00:00,7261.0498046875,7261.0498046875,7197.39990234375,7229.27001953125
2023-05-26 07:00:00,7256.5,7334.31005859375,7208.43994140625,7319.18017578125
2023-05-29 07:00:00,7352.93017578125,7356.56982421875,7292.10986328125,7303.81005859375
2023-05-30 07:00:00,7279.8798828125,7296.3798828125,7195.3798828125,7209.75
2023-05-31 07:00:00,7136.169921875,7185.1298828125,7083.60009765625,7098.7001953125
2023-06-01 07:00:00,7139.39013671875,7171.60009765625,7090.4599609375,7137.43017578125
2023-06-02 07:00:00,7181.7998046875,7278.0,7179.31005859375,7270.68994140625
2023-06-05 07:00:00,7294.81005859375,7294.81005859375,7193.3701171875,7200.91015625
2023-06-06 07:00:00,7189.6298828125,7219.3701171875,7175.60009765625,7209.0
2023-06-07 07:00:00,7198.240234375,7227.58984375,7170.93994140625,7202.7900390625
2023-06-08 07:00:00,7196.22021484375,7236.14990234375,7184.18994140625,7222.14990234375
2023-06-09 07:00:00,7230.9501953125,7239.52001953125,7185.259765625,7213.14013671875
2023-06-12 07:00:00,7250.14990234375,7283.330078125,7237.85009765625,7250.35009765625
2023-06-13 07:00:00,7290.31005859375,7308.0,7244.419921875,7290.7998046875
2023-06-14 07:00:00,7290.93994140625,7358.990234375,7288.4599609375,7328.52978515625
2023-06-15 07:00:00,7304.97021484375,7313.47021484375,7246.330078125,7290.91015625
2023-06-16 07:00:00,7312.06982421875,7403.8798828125,7297.72998046875,7388.64990234375
2023-06-19 07:00:00,7353.31005859375,7362.43994140625,7302.6298828125,7314.0498046875
2023-06-20 07:00:00,7303.240234375,7322.56982421875,7281.1201171875,7294.169921875
2023-06-21 07:00:00,7273.89013671875,7297.85009765625,7246.85986328125,7260.97021484375
2023-06-22 07:00:00,7194.259765625,7206.89013671875,7145.06005859375,7203.27978515625
2023-06-23 07:00:00,7165.3798828125,7193.77978515625,7128.64013671875,7163.419921875
2023-06-26 07:00:00,7175.8798828125,7203.4599609375,7105.72021484375,7184.35009765625
2023-06-27 07:00:00,7212.830078125,7236.2099609375,7161.72021484375,7215.580078125
2023-06-28 07:00:00,7250.68017578125,7292.89013671875,7250.68017578125,7286.31982421875
2023-06-29 07:00:00,7295.759765625,7349.18017578125,7288.64990234375,7312.72998046875
2023-06-30 07:00:00,7339.89013671875,7419.35986328125,7337.27978515625,7400.06005859375
2023-07-03 07:00:00,7415.169921875,7426.60009765625,7386.7001953125,7386.7001953125
2023-07-04 07:00:00,7390.91015625,7401.4599609375,7368.97021484375,7369.93017578125
2023-07-05 07:00:00,7327.77978515625,7352.1201171875,7294.60009765625,7310.81005859375
2023-07-06 07:00:00,7239.89990234375,7240.2001953125,7065.259765625,7082.2900390625
2023-07-07 07:00:00,7098.75,7151.06982421875,7052.77001953125,7111.8798828125
2023-07-10 07:00:00,7082.4599609375,7173.64990234375,7082.4599609375,7143.68994140625
2023-07-11 07:00:00,7176.18017578125,7244.9599609375,7172.14013671875,7220.009765625
2023-07-12 07:00:00,7241.06005859375,7348.06005859375,7231.330078125,7333.009765625
2023-07-13 07:00:00,7346.56005859375,7409.009765625,7335.60986328125,7369.7998046875
2023-07-14 07:00:00,7353.919921875,7403.14990234375,7353.919921875,7374.5400390625
2023-07-17 07:00:00,7314.169921875,7332.5,7268.72998046875,7291.66015625
2023-07-18 07:00:00,7280.18994140625,7326.72021484375,7275.52001953125,7319.18017578125
2023-07-19 07:00:00,7369.7998046875,7382.89013671875,7317.5400390625,7326.93994140625
2023-07-20 07:00:00,7302.22021484375,7391.4501953125,7301.1201171875,7384.91015625
2023-07-21 07:00:00,7389.509765625,7433.31005859375,7379.6201171875,7432.77001953125
2023-07-24 07:00:00,7405.66015625,7435.93017578125,7390.81982421875,7427.31005859375
2023-07-25 07:00:00,7449.93994140625,7450.3701171875,7401.830078125,7415.4501953125
2023-07-26 07:00:00,7363.5400390625,7369.06982421875,7251.02001953125,7315.06982421875
2023-07-27 07:00:00,7358.66015625,7477.10986328125,7340.02978515625,7465.240234375
2023-07-28 07:00:00,7449.2001953125,7498.93994140625,7416.2001953125,7476.47021484375
2023-07-31 07:00:00,7473.1201171875,7526.0498046875,7464.64990234375,7497.77978515625
2023-08-01 07:00:00,7478.10009765625,7499.52978515625,7403.16015625,7406.080078125
2023-08-02 07:00:00,7312.91015625,7377.009765625,7287.0400390625,7312.83984375
2023-08-03 07:00:00,7256.06005859375,7271.830078125,7213.8701171875,7260.52978515625
2023-08-04 07:00:00,7286.97998046875,7323.18994140625,7244.18994140625,7315.06982421875
2023-08-07 07:00:00,7290.3701171875,7330.240234375,7269.47998046875,7319.759765625
2023-08-08 07:00:00,7271.0498046875,7325.72998046875,7219.1201171875,7269.47021484375
2023-08-09 07:00:00,7351.02001953125,7381.3798828125,7317.3798828125,7322.0400390625
2023-08-10 07:00:00,7373.5498046875,7464.7900390625,7368.9501953125,7433.6201171875
2023-08-11 07:00:00,7391.25,7406.89013671875,7317.759765625,7340.18994140625
2023-08-14 07:00:00,7326.77978515625,7371.93017578125,7309.93994140625,7348.83984375
2023-08-15 07:00:00,7355.080078125,7357.7099609375,7236.56005859375,7267.7001953125
2023-08-16 07:00:00,7246.72998046875,7301.10986328125,7241.10009765625,7260.25
2023-08-17 07:00:00,7229.06005859375,7261.89990234375,7183.5,7191.740234375
2023-08-18 07:00:00,7163.2099609375,7172.990234375,7092.72021484375,7164.10986328125
2023-08-21 07:00:00,7165.06982421875,7259.31982421875,7165.06982421875,7198.06005859375
2023-08-22 07:00:00,7227.10009765625,7293.6298828125,7223.06982421875,7240.8798828125
2023-08-23 07:00:00,7265.97998046875,7295.35986328125,7224.06982421875,7246.6201171875
2023-08-24 07:00:00,7309.60986328125,7343.77001953125,7210.0,7214.4599609375
2023-08-25 07:00:00,7199.58984375,7287.56005859375,7196.83984375,7229.60009765625
2023-08-28 07:00:00,7294.33984375,7340.35009765625,7261.5,7324.7099609375
2023-08-29 07:00:00,7345.56982421875,7378.0498046875,7322.4501953125,7373.43017578125
2023-08-30 07:00:00,7396.14013671875,7405.4501953125,7321.35009765625,7364.39990234375
2023-08-31 07:00:00,7372.64990234375,7386.9501953125,7316.7001953125,7316.7001953125
2023-09-01 07:00:00,7310.68017578125,7358.52978515625,7294.490234375,7296.77001953125
2023-09-04 07:00:00,7332.2001953125,7358.89013671875,7267.25,7279.509765625
2023-09-05 07:00:00,7241.2001953125,7288.35009765625,7183.7998046875,7254.72021484375
2023-09-06 07:00:00,7217.43994140625,7221.43994140625,7168.83984375,7194.08984375
2023-09-07 07:00:00,7165.97998046875,7240.72021484375,7165.97998046875,7196.10009765625
2023-09-08 07:00:00,7219.91015625,7246.740234375,7136.56005859375,7240.77001953125
2023-09-11 07:00:00,7275.3701171875,7316.5,7253.64990234375,7278.27001953125
2023-09-12 07:00:00,7290.6201171875,7297.8701171875,7241.990234375,7252.8798828125
2023-09-13 07:00:00,7224.6201171875,7249.33984375,7184.56005859375,7222.56982421875
2023-09-14 07:00:00,7216.080078125,7323.68017578125,7184.25,7308.669921875
2023-09-15 07:00:00,7381.31982421875,7435.35986328125,7366.2099609375,7378.81982421875
2023-09-18 07:00:00,7353.5498046875,7353.5498046875,7255.02978515625,7276.14013671875
2023-09-19 07:00:00,7250.0498046875,7306.02001953125,7247.02001953125,7282.1201171875
2023-09-20 07:00:00,7278.919921875,7351.2900390625,7272.68017578125,7330.7900390625
2023-09-21 07:00:00,7252.41015625,7270.06005859375,7199.10986328125,7213.89990234375
2023-09-22 07:00:00,7157.39013671875,7203.97021484375,7133.64990234375,7184.81982421875
2023-09-25 07:00:00,7157.22998046875,7199.9501953125,7087.6298828125,7123.8798828125
2023-09-26 07:00:00,7083.85986328125,7095.4599609375,7033.830078125,7074.02001953125
2023-09-27 07:00:00,7070.39013671875,7106.3701171875,7053.10986328125,7071.7900390625
2023-09-28 07:00:00,7068.02978515625,7117.330078125,7042.740234375,7116.240234375
2023-09-29 07:00:00,7152.2998046875,7204.9599609375,7135.06005859375,7135.06005859375
2023-10-02 07:00:00,7164.0498046875,7197.0,7035.64990234375,7068.16015625
2023-10-03 07:00:00,7031.58984375,7075.490234375,6989.77001953125,6997.0498046875
2023-10-04 07:00:00,6959.52001953125,7050.68994140625,6948.02978515625,6996.72998046875
2023-10-05 07:00:00,7009.81982421875,7025.5,6970.58984375,6998.25
2023-10-06 07:00:00,7022.06982421875,7064.43994140625,6981.490234375,7060.14990234375
2023-10-09 07:00:00,7041.3798828125,7057.81005859375,6980.330078125,7021.39990234375
2023-10-10 07:00:00,7086.72021484375,7170.31982421875,7085.1298828125,7162.43017578125
2023-10-11 07:00:00,7090.18017578125,7166.5,7080.009765625,7131.2099609375
2023-10-12 07:00:00,7175.77001953125,7182.2998046875,7097.52978515625,7104.52978515625
2023-10-13 07:00:00,7097.14990234375,7108.759765625,6997.47998046875,7003.52978515625
2023-10-16 07:00:00,7029.75,7048.33984375,6963.02001953125,7022.18994140625
2023-10-17 07:00:00,7016.25,7051.18017578125,6969.06982421875,7029.7001953125
2023-10-18 07:00:00,7021.1298828125,7045.18017578125,6954.10009765625,6965.990234375
2023-10-19 07:00:00,6918.080078125,6938.31005859375,6875.77001953125,6921.3701171875
2023-10-20 07:00:00,6850.1298828125,6880.64013671875,6816.169921875,6816.22021484375
2023-10-23 07:00:00,6820.25,6855.93017578125,6773.81982421875,6850.47021484375
2023-10-24 07:00:00,6865.10009765625,6909.080078125,6833.91015625,6893.64990234375
2023-10-25 07:00:00,6859.68994140625,6927.27001953125,6846.509765625,6915.06982421875
2023-10-26 07:00:00,6835.52978515625,6915.240234375,6825.58984375,6888.9599609375
2023-10-27 07:00:00,6898.97998046875,6898.97998046875,6784.6201171875,6795.3798828125
2023-10-30 08:00:00,6826.9501953125,6854.60009765625,6809.83984375,6825.06982421875
2023-10-31 08:00:00,6840.72998046875,6903.2001953125,6831.669921875,6885.64990234375
2023-11-01 08:00:00,6914.31982421875,6954.83984375,6873.5498046875,6932.6298828125
2023-11-02 08:00:00,6991.4501953125,7097.39013671875,6982.0400390625,7060.68994140625
2023-11-03 08:00:00,7084.509765625,7086.7099609375,7046.85986328125,7047.5
2023-11-06 08:00:00,7066.18017578125,7069.66015625,7006.52978515625,7013.72998046875
2023-11-07 08:00:00,6970.66015625,7011.7900390625,6963.8798828125,6986.22998046875
2023-11-08 08:00:00,6951.47998046875,7068.0400390625,6950.9501953125,7034.16015625
2023-11-09 08:00:00,7043.8798828125,7122.509765625,7025.60986328125,7113.66015625
2023-11-10 08:00:00,7079.39990234375,7083.1201171875,7006.08984375,7045.0400390625
2023-11-13 08:00:00,7069.8798828125,7103.669921875,7056.08984375,7087.06005859375
2023-11-14 08:00:00,7098.72021484375,7207.77001953125,7083.22998046875,7185.68017578125
2023-11-15 08:00:00,7214.68994140625,7245.3701171875,7198.91015625,7209.60986328125
2023-11-16 08:00:00,7203.9599609375,7210.009765625,7168.39990234375,7168.39990234375
2023-11-17 08:00:00,7196.68994140625,7246.72021484375,7196.68994140625,7233.91015625
2023-11-20 08:00:00,7242.39990234375,7267.0400390625,7236.02001953125,7246.93017578125
2023-11-21 08:00:00,7231.0400390625,7248.06005859375,7214.39013671875,7229.4501953125
2023-11-22 08:00:00,7252.009765625,7274.77001953125,7243.830078125,7260.72998046875
2023-11-23 08:00:00,7274.25,7285.2900390625,7263.669921875,7277.93017578125
2023-11-24 08:00:00,7275.0,7298.91015625,7268.580078125,7292.7998046875
2023-11-27 08:00:00,7292.91015625,7307.669921875,7265.490234375,7265.490234375
2023-11-28 08:00:00,7230.740234375,7253.419921875,7213.740234375,7250.1298828125
2023-11-29 08:00:00,7241.41015625,7296.39990234375,7241.41015625,7267.64013671875
2023-11-30 08:00:00,7276.8701171875,7321.47021484375,7255.0400390625,7310.77001953125
2023-12-01 08:00:00,7336.5498046875,7360.10009765625,7313.18994140625,7346.14990234375
2023-12-04 08:00:00,7331.7998046875,7354.31982421875,7313.7099609375,7332.58984375
2023-12-05 08:00:00,7320.490234375,7392.64013671875,7320.490234375,7386.990234375
2023-12-06 08:00:00,7400.2099609375,7455.0,7384.990234375,7435.990234375
2023-12-07 08:00:00,7424.81982421875,7436.9501953125,7415.66015625,7428.52001953125
2023-12-08 08:00:00,7441.0,7545.68017578125,7437.97021484375,7526.5498046875
2023-12-11 08:00:00,7534.22998046875,7559.9501953125,7527.580078125,7551.52978515625
2023-12-12 08:00:00,7557.31982421875,7582.47021484375,7542.52978515625,7543.5498046875
2023-12-13 08:00:00,7542.10009765625,7579.25,7529.10986328125,7531.22021484375
2023-12-14 08:00:00,7626.5400390625,7653.990234375,7547.0,7575.85009765625
2023-12-15 08:00:00,7607.919921875,7641.91015625,7587.68017578125,7596.91015625
2023-12-18 08:00:00,7563.31005859375,7580.64013671875,7548.18017578125,7568.85986328125
2023-12-19 08:00:00,7560.56982421875,7579.85986328125,7553.080078125,7574.669921875
2023-12-20 08:00:00,7595.25,7604.9599609375,7552.2900390625,7583.43017578125
2023-12-21 08:00:00,7557.16015625,7574.7099609375,7537.81005859375,7571.39990234375
2023-12-22 08:00:00,7560.97021484375,7589.0,7557.580078125,7568.81982421875
2023-12-27 08:00:00,7580.97021484375,7603.27001953125,7560.5400390625,7571.81982421875
2023-12-28 08:00:00,7591.85009765625,7593.9599609375,7531.7099609375,7535.16015625
2023-12-29 08:00:00,7547.52978515625,7569.919921875,7530.93017578125,7543.18017578125
2024-01-02 08:00:00,7577.330078125,7610.10009765625,7482.06005859375,7530.85986328125
2024-01-03 08:00:00,7522.81005859375,7532.60009765625,7380.06005859375,7411.85986328125
2024-01-04 08:00:00,7419.85009765625,7455.3701171875,7410.18017578125,7450.6298828125
2024-01-05 08:00:00,7398.39990234375,7441.10009765625,7350.2998046875,7420.68994140625
2024-01-08 08:00:00,7406.240234375,7451.169921875,7376.2001953125,7450.240234375
2024-01-09 08:00:00,7457.259765625,7460.18017578125,7400.6201171875,7426.6201171875
2024-01-10 08:00:00,7428.259765625,7454.31982421875,7409.52978515625,7426.080078125
2024-01-11 08:00:00,7466.10986328125,7479.419921875,7382.8798828125,7387.6201171875
2024-01-12 08:00:00,7412.68017578125,7478.66015625,7408.4599609375,7465.14013671875
2024-01-15 08:00:00,7467.7998046875,7479.27001953125,7401.06982421875,7411.68017578125
2024-01-16 08:00:00,7364.10986328125,7399.2900390625,7343.52001953125,7398.0
2024-01-17 08:00:00,7313.259765625,7323.25,7281.10009765625,7318.68994140625
2024-01-18 08:00:00,7346.7099609375,7409.64013671875,7326.4501953125,7401.35009765625
2024-01-19 08:00:00,7446.81982421875,7446.81982421875,7350.68017578125,7371.64013671875
2024-01-22 08:00:00,7436.60986328125,7453.2099609375,7390.68017578125,7413.25
2024-01-23 08:00:00,7449.3798828125,7449.3798828125,7373.22021484375,7388.0400390625
2024-01-24 08:00:00,7414.759765625,7466.919921875,7403.8701171875,7455.64013671875
2024-01-25 08:00:00,7448.0498046875,7466.27001953125,7410.89013671875,7464.2001953125
2024-01-26 08:00:00,7555.0498046875,7645.740234375,7553.64990234375,7634.14013671875
2024-01-29 08:00:00,7643.0400390625,7649.18994140625,7620.52978515625,7640.81005859375
2024-01-30 08:00:00,7660.64990234375,7686.02978515625,7644.72998046875,7677.47021484375
2024-01-31 08:00:00,7691.66015625,7702.9501953125,7653.4501953125,7656.75
2024-02-01 08:00:00,7590.14990234375,7620.93017578125,7570.06982421875,7588.75
2024-02-02 08:00:00,7624.4501953125,7644.1298828125,7588.5,7592.259765625
2024-02-05 08:00:00,7591.77001953125,7606.1201171875,7558.22998046875,7589.9599609375
2024-02-06 08:00:00,7634.18994140625,7641.6298828125,7592.08984375,7638.97021484375
2024-02-07 08:00:00,7632.83984375,7652.85009765625,7610.18017578125,7611.259765625
2024-02-08 08:00:00,7628.60009765625,7685.4599609375,7607.4599609375,7665.6298828125
2024-02-09 08:00:00,7652.4501953125,7668.18994140625,7617.740234375,7647.52001953125
2024-02-12 08:00:00,7674.14013671875,7693.080078125,7663.3798828125,7689.7998046875
2024-02-13 08:00:00,7689.0498046875,7691.18994140625,7598.02001953125,7625.31005859375
2024-02-14 08:00:00,7610.06005859375,7681.02978515625,7610.06005859375,7677.35009765625
2024-02-15 08:00:00,7724.490234375,7752.35009765625,7724.490234375,7743.419921875
2024-02-16 08:00:00,7774.39013671875,7800.91015625,7756.580078125,7768.18017578125
2024-02-19 08:00:00,7742.8701171875,7769.1298828125,7727.9599609375,7768.5498046875
2024-02-20 08:00:00,7764.5,7804.5400390625,7757.490234375,7795.22021484375
2024-02-21 08:00:00,7802.0400390625,7821.93017578125,7788.68017578125,7812.08984375
2024-02-22 08:00:00,7875.8798828125,7923.9599609375,7855.009765625,7911.60009765625
2024-02-23 08:00:00,7921.9501953125,7976.39990234375,7907.83984375,7966.68017578125
2024-02-26 08:00:00,7950.14990234375,7953.14990234375,7922.89013671875,7929.81982421875
2024-02-27 08:00:00,7926.68017578125,7955.47998046875,7917.080078125,7948.39990234375
2024-02-28 08:00:00,7947.22998046875,7956.72998046875,7931.669921875,7954.39013671875
2024-02-29 08:00:00,7972.85986328125,7977.68017578125,7927.43017578125,7927.43017578125
2024-03-01 08:00:00,7950.66015625,7964.77978515625,7900.47998046875,7934.169921875
2024-03-04 08:00:00,7934.35009765625,7956.41015625,7916.7099609375,7956.41015625
2024-03-05 08:00:00,7946.89013671875,7963.9599609375,7923.7099609375,7932.81982421875
2024-03-06 08:00:00,7925.7900390625,7969.4501953125,7919.3701171875,7954.740234375
2024-03-07 08:00:00,7925.41015625,8029.3701171875,7905.41015625,8016.22021484375
2024-03-08 08:00:00,8018.10009765625,8048.08984375,8008.0400390625,8028.009765625
2024-03-11 08:00:00,7985.3701171875,8025.41015625,7984.06005859375,8019.72998046875
2024-03-12 08:00:00,8052.16015625,8094.06982421875,8000.22998046875,8087.47998046875
2024-03-13 08:00:00,8104.33984375,8156.64013671875,8090.31005859375,8137.580078125
2024-03-14 08:00:00,8158.27001953125,8218.0703125,8153.68994140625,8161.419921875
2024-03-15 08:00:00,8163.18994140625,8212.6904296875,8155.68994140625,8164.35009765625
2024-03-18 08:00:00,8175.97998046875,8184.33984375,8134.14013671875,8148.14013671875
2024-03-19 08:00:00,8145.5,8202.3603515625,8140.60009765625,8201.0498046875
2024-03-20 08:00:00,8149.7099609375,8168.22998046875,8125.64990234375,8161.41015625
2024-03-21 08:00:00,8228.7099609375,8229.25,8139.52001953125,8179.72021484375
2024-03-22 08:00:00,8149.22998046875,8179.31982421875,8129.169921875,8151.919921875
2024-03-25 08:00:00,8147.7998046875,8165.9501953125,8101.830078125,8151.60009765625
2024-03-26 08:00:00,8160.64013671875,8188.52978515625,8136.64013671875,8184.75
2024-03-27 08:00:00,8186.06982421875,8230.3798828125,8174.259765625,8204.8095703125
2024-03-28 08:00:00,8216.76953125,8253.58984375,8205.8095703125,8205.8095703125
2024-04-02 07:00:00,8195.650390625,8253.0498046875,8121.39013671875,8130.0498046875
2024-04-03 07:00:00,8144.9599609375,8160.0400390625,8120.9501953125,8153.22998046875
2024-04-04 07:00:00,8154.41015625,8189.66015625,8137.97998046875,8151.5498046875
2024-04-05 07:00:00,8050.25,8062.009765625,8019.2900390625,8061.31005859375
2024-04-08 07:00:00,8050.02001953125,8145.22021484375,8049.509765625,8119.2998046875
2024-04-09 07:00:00,8090.47021484375,8103.2001953125,8032.27001953125,8049.169921875
2024-04-10 07:00:00,8101.0400390625,8101.47021484375,7976.009765625,8045.3798828125
2024-04-11 07:00:00,8048.16015625,8092.81982421875,7974.06005859375,8023.740234375
2024-04-12 07:00:00,8092.4501953125,8118.02001953125,7980.39013671875,8010.830078125
2024-04-15 07:00:00,8051.259765625,8126.3798828125,8028.83984375,8045.10986328125
2024-04-16 07:00:00,7899.35986328125,7975.9599609375,7899.35986328125,7932.60986328125
2024-04-17 07:00:00,7958.52001953125,8060.990234375,7958.0,7981.509765625
2024-04-18 07:00:00,8013.91015625,8039.18994140625,7976.39990234375,8023.259765625
2024-04-19 07:00:00,7971.68017578125,8039.47998046875,7946.83984375,8022.41015625
2024-04-22 07:00:00,8068.14013671875,8071.81005859375,8007.4501953125,8040.35986328125
2024-04-23 07:00:00,8064.31982421875,8111.169921875,8052.56982421875,8105.77978515625
2024-04-24 07:00:00,8105.22021484375,8146.9599609375,8078.77001953125,8091.85986328125
2024-04-25 07:00:00,8094.5498046875,8095.43017578125,7955.509765625,8016.64990234375
2024-04-26 07:00:00,8072.22998046875,8114.6298828125,8024.6201171875,8088.240234375
2024-04-29 07:00:00,8116.43017578125,8128.0,8065.14990234375,8065.14990234375
2024-04-30 07:00:00,8073.64013671875,8081.7099609375,7971.7998046875,7984.93017578125
2024-05-02 07:00:00,7954.009765625,7956.52001953125,7908.6298828125,7914.64990234375
2024-05-03 07:00:00,7943.8701171875,8003.9501953125,7921.2099609375,7957.56982421875
2024-05-06 07:00:00,7975.85986328125,8033.22998046875,7961.4501953125,7996.64013671875
2024-05-07 07:00:00,8036.75,8077.64013671875,8006.31005859375,8075.68017578125
2024-05-08 07:00:00,8093.6201171875,8157.47998046875,8089.27978515625,8131.41015625
2024-05-09 07:00:00,8123.919921875,8191.919921875,8114.8798828125,8187.64990234375
2024-05-10 07:00:00,8232.650390625,8259.1904296875,8211.2001953125,8219.1396484375
2024-05-13 07:00:00,8211.0703125,8223.8095703125,8186.77001953125,8209.2802734375
2024-05-14 07:00:00,8213.8095703125,8233.1796875,8187.68994140625,8225.7998046875
2024-05-15 07:00:00,8241.6796875,8253.099609375,8203.400390625,8239.990234375
2024-05-16 07:00:00,8239.76953125,8239.76953125,8183.18994140625,8188.490234375
2024-05-17 07:00:00,8176.7900390625,8192.919921875,8135.7998046875,8167.5
2024-05-20 07:00:00,8178.6298828125,8221.2998046875,8175.4599609375,8195.9697265625
2024-05-21 07:00:00,8163.169921875,8167.5,8097.97998046875,8141.4599609375
2024-05-22 07:00:00,8128.580078125,8128.580078125,8078.5,8092.10986328125
2024-05-23 07:00:00,8104.31005859375,8135.81005859375,8082.47998046875,8102.330078125
2024-05-24 07:00:00,8053.7900390625,8104.06982421875,8042.2998046875,8094.97021484375
2024-05-27 07:00:00,8088.33984375,8132.490234375,8086.759765625,8132.490234375
2024-05-28 07:00:00,8134.72021484375,8148.759765625,8041.02001953125,8057.7998046875
2024-05-29 07:00:00,8033.56005859375,8040.02978515625,7926.419921875,7935.02978515625
2024-05-30 07:00:00,7914.85009765625,7981.080078125,7914.169921875,7978.509765625
2024-05-31 07:00:00,7972.5498046875,7996.89013671875,7960.169921875,7992.8701171875
2024-06-03 07:00:00,8069.6201171875,8072.31005859375,7995.080078125,7998.02001953125
2024-06-04 07:00:00,7974.43994140625,7984.25,7914.27001953125,7937.89990234375
2024-06-05 07:00:00,7983.02978515625,8036.39990234375,7957.919921875,8006.56982421875
2024-06-06 07:00:00,8044.2900390625,8055.52001953125,8015.68994140625,8040.1201171875
2024-06-07 07:00:00,8046.919921875,8048.58984375,7943.2900390625,8001.7998046875
2024-06-10 07:00:00,7812.52001953125,7893.97998046875,7812.52001953125,7893.97998046875
2024-06-11 07:00:00,7921.08984375,7931.72021484375,7759.83984375,7789.2099609375
2024-06-12 07:00:00,7813.77001953125,7875.18017578125,7802.009765625,7864.7001953125
2024-06-13 07:00:00,7855.3701171875,7858.31982421875,7692.72021484375,7708.02001953125
2024-06-14 07:00:00,7685.5,7686.89013671875,7464.83984375,7503.27001953125
2024-06-17 07:00:00,7539.02978515625,7580.93994140625,7482.3798828125,7571.56982421875
2024-06-18 07:00:00,7636.68994140625,7641.1201171875,7564.02001953125,7628.7998046875
2024-06-19 07:00:00,7617.35009765625,7626.1298828125,7566.08984375,7570.2001953125
2024-06-20 07:00:00,7585.97998046875,7682.64013671875,7577.919921875,7671.33984375
2024-06-21 07:00:00,7653.14013671875,7673.72998046875,7601.81982421875,7628.56982421875
2024-06-24 07:00:00,7633.990234375,7725.27978515625,7629.27001953125,7706.89013671875
2024-06-25 07:00:00,7648.14013671875,7671.06005859375,7617.16015625,7662.2998046875
2024-06-26 07:00:00,7703.7998046875,7707.14990234375,7559.6298828125,7609.14990234375
2024-06-27 07:00:00,7619.10009765625,7626.3798828125,7522.16015625,7530.72021484375
2024-06-28 07:00:00,7544.39990234375,7544.39990234375,7456.47021484375,7479.39990234375
2024-07-01 07:00:00,7673.47998046875,7688.2001953125,7561.1298828125,7561.1298828125
2024-07-02 07:00:00,7517.64990234375,7543.14990234375,7477.27001953125,7538.2900390625
2024-07-03 07:00:00,7579.64013671875,7662.06005859375,7566.41015625,7632.080078125
2024-07-04 07:00:00,7677.33984375,7701.35009765625,7667.0498046875,7695.77978515625
2024-07-05 07:00:00,7720.5400390625,7738.18994140625,7643.68994140625,7675.6201171875
2024-07-08 07:00:00,7637.89013671875,7746.06005859375,7627.4501953125,7627.4501953125
2024-07-09 07:00:00,7595.97021484375,7601.85009765625,7484.6201171875,7508.66015625
2024-07-10 07:00:00,7525.18017578125,7580.1201171875,7487.39013671875,7573.5498046875
2024-07-11 07:00:00,7613.08984375,7645.97998046875,7577.0,7627.1298828125
2024-07-12 07:00:00,7664.93994140625,7737.16015625,7659.08984375,7724.31982421875
2024-07-15 07:00:00,7682.33984375,7712.85009765625,7618.72998046875,7632.7099609375
2024-07-16 07:00:00,7583.5,7603.419921875,7556.5498046875,7580.02978515625
2024-07-17 07:00:00,7556.1298828125,7603.4599609375,7524.8798828125,7570.81005859375
2024-07-18 07:00:00,7606.240234375,7653.22021484375,7559.10009765625,7586.5498046875
2024-07-19 07:00:00,7565.8798828125,7570.330078125,7513.66015625,7534.52001953125
2024-07-22 07:00:00,7573.41015625,7650.93017578125,7566.5400390625,7622.02001953125
2024-07-23 07:00:00,7628.02001953125,7661.77001953125,7572.97998046875,7598.6298828125
2024-07-24 07:00:00,7500.669921875,7539.9501953125,7464.10009765625,7513.72998046875
2024-07-25 07:00:00,7416.7001953125,7430.93994140625,7341.25,7427.02001953125
2024-07-26 07:00:00,7444.41015625,7526.27001953125,7427.47021484375,7517.68017578125
2024-07-29 07:00:00,7547.4501953125,7547.64013671875,7429.43017578125,7443.83984375
2024-07-30 07:00:00,7461.60986328125,7501.56005859375,7450.93017578125,7474.93994140625
2024-07-31 07:00:00,7565.10009765625,7584.490234375,7518.47021484375,7531.490234375
2024-08-01 07:00:00,7478.14013671875,7487.1201171875,7358.08984375,7370.4501953125
2024-08-02 07:00:00,7330.60009765625,7350.2900390625,7227.7900390625,7251.7998046875
2024-08-05 07:00:00,7099.58984375,7158.60009765625,7029.91015625,7148.990234375
2024-08-06 07:00:00,7160.06982421875,7184.2900390625,7070.02001953125,7130.0400390625
2024-08-07 07:00:00,7161.93994140625,7287.85009765625,7145.8798828125,7266.009765625
2024-08-08 07:00:00,7223.009765625,7262.080078125,7168.990234375,7247.4501953125
2024-08-09 07:00:00,7259.7001953125,7319.509765625,7233.68994140625,7269.7099609375
2024-08-12 07:00:00,7296.83984375,7307.4501953125,7234.2001953125,7250.669921875
2024-08-13 07:00:00,7277.7001953125,7282.85009765625,7222.080078125,7275.8701171875
2024-08-14 07:00:00,7330.16015625,7333.35986328125,7295.89013671875,7333.35986328125
2024-08-15 07:00:00,7356.06982421875,7437.33984375,7318.14013671875,7423.3701171875
2024-08-16 07:00:00,7442.2998046875,7460.330078125,7421.47998046875,7449.7001953125
2024-08-19 07:00:00,7445.31005859375,7484.419921875,7444.72021484375,7484.169921875
2024-08-20 07:00:00,7518.7001953125,7531.7001953125,7481.669921875,7485.72998046875
2024-08-21 07:00:00,7486.91015625,7530.47998046875,7486.91015625,7524.72021484375
2024-08-22 07:00:00,7527.9599609375,7568.6298828125,7523.52978515625,7524.10986328125
2024-08-23 07:00:00,7544.72998046875,7583.5,7534.2998046875,7577.0400390625
2024-08-26 07:00:00,7578.02001953125,7608.31982421875,7577.6298828125,7590.3701171875
2024-08-27 07:00:00,7601.27001953125,7625.080078125,7565.77978515625,7565.77978515625
2024-08-28 07:00:00,7587.47021484375,7611.919921875,7577.669921875,7577.669921875
2024-08-29 07:00:00,7577.169921875,7644.68017578125,7576.35986328125,7640.9501953125
2024-08-30 07:00:00,7645.52978515625,7693.81982421875,7630.9501953125,7630.9501953125
2024-09-02 07:00:00,7628.85986328125,7649.10009765625,7572.77001953125,7646.419921875
2024-09-03 07:00:00,7659.81005859375,7671.52978515625,7564.990234375,7575.10009765625
2024-09-04 07:00:00,7490.10009765625,7530.830078125,7482.39990234375,7500.97021484375
2024-09-05 07:00:00,7464.27978515625,7498.080078125,7431.9599609375,7431.9599609375
2024-09-06 07:00:00,7424.08984375,7466.14013671875,7341.93017578125,7352.2998046875
2024-09-09 07:00:00,7376.72021484375,7445.0498046875,7369.89990234375,7425.259765625
2024-09-10 07:00:00,7414.39990234375,7476.5400390625,7386.52978515625,7407.5498046875
2024-09-11 07:00:00,7419.0400390625,7452.68017578125,7363.31005859375,7396.830078125
2024-09-12 07:00:00,7478.91015625,7484.16015625,7391.5400390625,7435.06982421875
2024-09-13 07:00:00,7441.56005859375,7490.83984375,7438.64990234375,7465.25
2024-09-16 07:00:00,7432.169921875,7480.60009765625,7430.06005859375,7449.43994140625
2024-09-17 07:00:00,7485.14013671875,7523.8701171875,7473.89990234375,7487.419921875
2024-09-18 07:00:00,7489.85009765625,7495.31005859375,7444.18017578125,7444.89990234375
2024-09-19 07:00:00,7557.0400390625,7615.41015625,7520.080078125,7615.41015625
2024-09-20 07:00:00,7597.52001953125,7603.2001953125,7500.259765625,7500.259765625
2024-09-23 07:00:00,7499.919921875,7518.77001953125,7456.43994140625,7508.080078125
2024-09-24 07:00:00,7608.47021484375,7634.22998046875,7575.35986328125,7604.009765625
2024-09-25 07:00:00,7549.259765625,7595.77001953125,7546.85986328125,7565.6201171875
2024-09-26 07:00:00,7663.02978515625,7742.08984375,7652.60986328125,7742.08984375
2024-09-27 07:00:00,7762.4501953125,7804.64013671875,7743.8798828125,7791.7900390625
2024-09-30 07:00:00,7748.06982421875,7763.89013671875,7634.81982421875,7635.75
2024-10-01 07:00:00,7623.330078125,7654.580078125,7547.1201171875,7574.06982421875
2024-10-02 07:00:00,7594.81005859375,7623.31982421875,7548.97998046875,7577.58984375
2024-10-03 07:00:00,7555.22998046875,7555.240234375,7458.490234375,7477.77978515625
2024-10-04 07:00:00,7464.8701171875,7571.759765625,7460.2900390625,7541.35986328125
2024-10-07 07:00:00,7571.97021484375,7585.330078125,7509.8701171875,7576.02001953125
2024-10-08 07:00:00,7480.35986328125,7542.0498046875,7475.77978515625,7521.31982421875
2024-10-09 07:00:00,7527.02978515625,7567.580078125,7504.6298828125,7560.08984375
2024-10-10 07:00:00,7543.39990234375,7563.35986328125,7515.89990234375,7541.58984375
2024-10-11 07:00:00,7530.8798828125,7587.52001953125,7504.0400390625,7577.89013671875
2024-10-14 07:00:00,7583.47998046875,7613.14990234375,7544.5400390625,7602.06005859375
2024-10-15 07:00:00,7595.06005859375,7601.52978515625,7511.240234375,7521.97021484375
2024-10-16 07:00:00,7420.85009765625,7511.10009765625,7420.85009765625,7492.0
2024-10-17 07:00:00,7510.1298828125,7624.22021484375,7507.9501953125,7583.72998046875
2024-10-18 07:00:00,7566.8701171875,7644.0498046875,7566.8701171875,7613.0498046875
2024-10-21 07:00:00,7579.080078125,7620.4599609375,7529.68017578125,7536.22998046875
2024-10-22 07:00:00,7517.02978515625,7545.35986328125,7472.16015625,7535.10009765625
2024-10-23 07:00:00,7493.25,7544.7001953125,7468.580078125,7497.47998046875
2024-10-24 07:00:00,7527.64013671875,7565.39013671875,7503.02001953125,7503.27978515625
2024-10-25 07:00:00,7489.8701171875,7518.75,7459.41015625,7497.5400390625
2024-10-28 08:00:00,7542.1298828125,7580.68017578125,7494.93017578125,7556.93994140625
2024-10-29 08:00:00,7593.85986328125,7618.31982421875,7506.52001953125,7511.10986328125
2024-10-30 08:00:00,7452.10009765625,7470.68994140625,7377.39013671875,7428.35986328125
2024-10-31 08:00:00,7384.10009765625,7393.25,7315.97021484375,7350.3701171875
2024-11-01 08:00:00,7364.080078125,7434.259765625,7358.2001953125,7409.10986328125
2024-11-04 08:00:00,7386.31982421875,7445.9599609375,7371.7099609375,7371.7099609375
2024-11-05 08:00:00,7377.580078125,7414.81982421875,7350.0,7407.14990234375
2024-11-06 08:00:00,7444.3701171875,7572.14013671875,7338.35009765625,7369.60986328125
2024-11-07 08:00:00,7373.18994140625,7450.0,7354.27978515625,7425.60009765625
2024-11-08 08:00:00,7440.1201171875,7440.9501953125,7330.2099609375,7338.669921875
2024-11-11 08:00:00,7395.08984375,7452.60009765625,7387.52001953125,7426.8798828125
2024-11-12 08:00:00,7346.72021484375,7365.27978515625,7217.77978515625,7226.97998046875
2024-11-13 08:00:00,7217.490234375,7256.47021484375,7158.25,7216.830078125
2024-11-14 08:00:00,7247.919921875,7319.08984375,7220.0498046875,7311.7998046875
2024-11-15 08:00:00,7256.580078125,7319.52978515625,7236.47998046875,7269.6298828125
2024-11-18 08:00:00,7274.39990234375,7289.77978515625,7234.58984375,7278.22998046875
2024-11-19 08:00:00,7287.4599609375,7301.18994140625,7134.830078125,7229.64013671875
2024-11-20 08:00:00,7272.72998046875,7280.39013671875,7188.419921875,7198.4501953125
2024-11-21 08:00:00,7185.2001953125,7223.60009765625,7131.2099609375,7213.31982421875
2024-11-22 08:00:00,7250.64013671875,7271.06005859375,7156.22998046875,7255.009765625
2024-11-25 08:00:00,7329.47998046875,7333.22998046875,7239.3798828125,7257.47021484375
2024-11-26 08:00:00,7201.64990234375,7256.77978515625,7185.490234375,7194.509765625
2024-11-27 08:00:00,7150.02001953125,7156.419921875,7091.14990234375,7143.02978515625
2024-11-28 08:00:00,7170.91015625,7207.06982421875,7161.72021484375,7179.25
2024-11-29 08:00:00,7151.2998046875,7241.06982421875,7147.740234375,7235.10986328125
2024-12-02 08:00:00,7147.3701171875,7275.97021484375,7146.02001953125,7236.89013671875
2024-12-03 08:00:00,7244.740234375,7319.8701171875,7228.919921875,7255.419921875
2024-12-04 08:00:00,7261.72021484375,7322.85986328125,7257.43017578125,7303.27978515625
2024-12-05 08:00:00,7282.72021484375,7351.0,7282.72021484375,7330.5400390625
2024-12-06 08:00:00,7334.27001953125,7444.72021484375,7334.14013671875,7426.8798828125
2024-12-09 08:00:00,7484.5,7511.02001953125,7444.81005859375,7480.14013671875
2024-12-10 08:00:00,7458.2900390625,7460.22998046875,7384.8798828125,7394.77978515625
2024-12-11 08:00:00,7372.240234375,7437.580078125,7367.10986328125,7423.39990234375
2024-12-12 08:00:00,7454.7099609375,7455.2001953125,7410.72998046875,7420.93994140625
2024-12-13 08:00:00,7408.16015625,7460.60986328125,7388.60009765625,7409.56982421875
2024-12-16 08:00:00,7382.240234375,7394.33984375,7339.31005859375,7357.080078125
2024-12-17 08:00:00,7321.93994140625,7381.14013671875,7316.47998046875,7365.7001953125
2024-12-18 08:00:00,7379.330078125,7397.35009765625,7360.06005859375,7384.6201171875
2024-12-19 08:00:00,7289.10986328125,7326.81005859375,7261.27978515625,7294.3701171875
2024-12-20 08:00:00,7244.14990234375,7289.330078125,7194.490234375,7274.47998046875
2024-12-23 08:00:00,7259.3701171875,7291.68994140625,7233.18994140625,7272.31982421875
2024-12-24 08:00:00,7296.68994140625,7316.58984375,7282.68994140625,7282.68994140625
2024-12-27 08:00:00,7289.5400390625,7355.3701171875,7278.419921875,7355.3701171875
2024-12-30 08:00:00,7325.5,7372.64990234375,7299.39013671875,7313.56005859375
2024-12-31 08:00:00,7289.7900390625,7381.259765625,7287.14013671875,7380.740234375
2025-01-02 08:00:00,7374.58984375,7399.25,7285.2998046875,7393.759765625
2025-01-03 08:00:00,7387.97021484375,7387.97021484375,7270.56982421875,7282.22021484375
2025-01-06 08:00:00,7313.35986328125,7454.8701171875,7304.47021484375,7445.68994140625
2025-01-07 08:00:00,7451.33984375,7516.9501953125,7417.419921875,7489.35009765625
2025-01-08 08:00:00,7489.2001953125,7496.509765625,7396.68017578125,7452.419921875
2025-01-09 08:00:00,7421.2001953125,7504.10986328125,7413.14990234375,7490.27978515625
2025-01-10 08:00:00,7495.2099609375,7521.22021484375,7417.58984375,7431.0400390625
2025-01-13 08:00:00,7409.56005859375,7424.509765625,7353.0498046875,7408.64013671875
2025-01-14 08:00:00,7481.9501953125,7499.77001953125,7423.490234375,7423.669921875
2025-01-15 08:00:00,7447.39013671875,7514.91015625,7415.52001953125,7474.58984375
2025-01-16 08:00:00,7591.35009765625,7634.740234375,7567.669921875,7634.740234375
2025-01-17 08:00:00,7685.0400390625,7732.31982421875,7667.85009765625,7709.75
2025-01-20 08:00:00,7722.1201171875,7766.240234375,7707.2900390625,7733.5
2025-01-21 08:00:00,7724.33984375,7774.759765625,7713.259765625,7770.9501953125
2025-01-22 08:00:00,7783.2998046875,7873.97998046875,7773.64013671875,7837.39990234375
2025-01-23 08:00:00,7851.39990234375,7896.97021484375,7829.39990234375,7892.60986328125
2025-01-24 08:00:00,7958.919921875,7988.85009765625,7904.169921875,7927.6201171875
2025-01-27 08:00:00,7873.7001953125,7928.41015625,7844.41015625,7906.580078125
2025-01-28 08:00:00,7899.27978515625,7955.4599609375,7879.330078125,7897.3701171875
2025-01-29 08:00:00,7874.72021484375,7891.58984375,7848.759765625,7872.47998046875
2025-01-30 08:00:00,7904.47021484375,7951.85009765625,7889.22021484375,7941.64013671875
2025-01-31 08:00:00,7954.43017578125,7996.41015625,7928.83984375,7950.169921875
2025-02-03 08:00:00,7786.31982421875,7875.580078125,7785.8701171875,7854.919921875
2025-02-04 08:00:00,7870.2900390625,7915.52978515625,7808.10986328125,7906.39990234375
2025-02-05 08:00:00,7888.60009765625,7900.7099609375,7858.22021484375,7891.68017578125
2025-02-06 08:00:00,7918.35986328125,8024.8798828125,7906.35986328125,8007.6201171875
2025-02-07 08:00:00,7998.3798828125,8027.0498046875,7954.89990234375,7973.02978515625
2025-02-10 08:00:00,7977.759765625,8014.1298828125,7971.14990234375,8006.22021484375
2025-02-11 08:00:00,8013.009765625,8037.240234375,7995.64990234375,8028.89990234375
2025-02-12 08:00:00,8039.60986328125,8067.06982421875,7984.72021484375,8042.18994140625
2025-02-13 08:00:00,8120.81005859375,8176.1201171875,8091.419921875,8164.10986328125
2025-02-14 08:00:00,8164.6201171875,8212.6396484375,8155.4501953125,8178.5400390625
2025-02-17 08:00:00,8181.39990234375,8199.0400390625,8165.89990234375,8189.1298828125
2025-02-18 08:00:00,8205.9404296875,8225.1298828125,8160.60986328125,8206.5595703125
2025-02-19 08:00:00,8205.4404296875,8208.669921875,8097.14013671875,8110.5400390625
2025-02-20 08:00:00,8140.77978515625,8172.759765625,8107.31005859375,8122.580078125
2025-02-21 08:00:00,8138.240234375,8180.72021484375,8126.8701171875,8154.509765625
2025-02-24 08:00:00,8138.85986328125,8150.64013671875,8064.669921875,8090.990234375
2025-02-25 08:00:00,8065.35986328125,8107.10986328125,8043.1298828125,8051.06982421875
2025-02-26 08:00:00,8103.72998046875,8169.35009765625,8084.0498046875,8143.919921875
2025-02-27 08:00:00,8104.22998046875,8136.85986328125,8048.27001953125,8102.52001953125
2025-02-28 08:00:00,8047.0400390625,8111.6298828125,8031.47998046875,8111.6298828125
2025-03-03 08:00:00,8139.1298828125,8257.8798828125,8087.31005859375,8199.7099609375
2025-03-04 08:00:00,8112.1298828125,8136.27001953125,8001.14990234375,8047.919921875
2025-03-05 08:00:00,8174.080078125,8245.240234375,8151.47021484375,8173.75
2025-03-06 08:00:00,8226.1904296875,8229.4404296875,8103.5400390625,8197.669921875
2025-03-07 08:00:00,8163.2998046875,8177.85009765625,8066.14990234375,8120.7998046875
2025-03-10 08:00:00,8161.52978515625,8174.58984375,8039.35986328125,8047.60009765625
2025-03-11 08:00:00,8092.02001953125,8111.22021484375,7921.0498046875,7941.91015625
2025-03-12 08:00:00,8006.0400390625,8072.4501953125,7938.85009765625,7988.9599609375
2025-03-13 08:00:00,7983.56982421875,8032.64990234375,7927.830078125,7938.2099609375
2025-03-14 08:00:00,7924.22021484375,8044.43994140625,7916.580078125,8028.27978515625
2025-03-17 08:00:00,8034.22998046875,8087.60009765625,8010.7099609375,8073.97998046875
2025-03-18 08:00:00,8100.89013671875,8140.08984375,8090.6298828125,8114.56982421875
2025-03-19 08:00:00,8104.66015625,8181.85009765625,8096.5,8171.47021484375
2025-03-20 08:00:00,8164.08984375,8167.47998046875,8062.14013671875,8094.2001953125
2025-03-21 08:00:00,8062.27001953125,8075.43994140625,8010.259765625,8042.9501953125
2025-03-24 08:00:00,8104.7099609375,8114.4501953125,8002.33984375,8022.330078125
2025-03-25 08:00:00,8042.72998046875,8142.509765625,8042.72998046875,8108.58984375
2025-03-26 08:00:00,8121.990234375,8127.91015625,8025.2099609375,8030.68017578125
2025-03-27 08:00:00,7968.7998046875,8015.89013671875,7926.93017578125,7990.10986328125
2025-03-28 08:00:00,7949.22998046875,7975.5498046875,7894.6201171875,7916.080078125
2025-03-31 07:00:00,7849.31982421875,7853.2099609375,7753.740234375,7790.7099609375
2025-04-01 07:00:00,7837.4501953125,7884.35009765625,7814.72998046875,7876.35986328125
2025-04-02 07:00:00,7850.8798828125,7859.41015625,7792.97998046875,7858.830078125
2025-04-03 07:00:00,7689.60986328125,7740.91015625,7585.0,7598.97998046875
2025-04-04 07:00:00,7546.43017578125,7552.52001953125,7215.759765625,7274.9501953125
2025-04-07 07:00:00,6804.83984375,7285.72998046875,6763.759765625,6927.1201171875
2025-04-08 07:00:00,7036.169921875,7179.490234375,6952.1201171875,7100.419921875
2025-04-09 07:00:00,6902.419921875,6999.35009765625,6792.56982421875,6863.02001953125
2025-04-10 07:00:00,7296.5,7384.47021484375,7126.02001953125,7126.02001953125
2025-04-11 07:00:00,7191.47998046875,7204.60009765625,7007.6298828125,7104.7998046875
2025-04-14 07:00:00,7238.009765625,7308.759765625,7222.85986328125,7273.1201171875
2025-04-15 07:00:00,7255.06005859375,7344.2001953125,7239.72998046875,7335.39990234375
2025-04-16 07:00:00,7276.39013671875,7332.14013671875,7243.77001953125,7329.97021484375
2025-04-17 07:00:00,7311.91015625,7331.64013671875,7257.77001953125,7285.85986328125
2025-04-22 07:00:00,7284.7099609375,7326.47021484375,7218.2998046875,7326.47021484375
2025-04-23 07:00:00,7403.93017578125,7555.169921875,7403.93017578125,7482.35986328125
2025-04-24 07:00:00,7448.4599609375,7507.2998046875,7411.02978515625,7502.77978515625
2025-04-25 07:00:00,7565.35009765625,7574.25,7525.1298828125,7536.259765625
2025-04-28 07:00:00,7564.259765625,7618.5498046875,7564.259765625,7573.759765625
2025-04-29 07:00:00,7572.22998046875,7588.43017578125,7533.56982421875,7555.8701171875
2025-04-30 07:00:00,7586.64990234375,7609.31982421875,7512.22998046875,7593.8701171875
2025-05-02 07:00:00,7710.080078125,7779.7001953125,7679.009765625,7770.47998046875
2025-05-05 07:00:00,7735.58984375,7747.490234375,7713.16015625,7727.93017578125
2025-05-06 07:00:00,7743.06982421875,7746.27978515625,7647.77978515625,7696.919921875
2025-05-07 07:00:00,7668.18017578125,7678.9501953125,7613.2001953125,7626.83984375
2025-05-08 07:00:00,7657.02978515625,7719.830078125,7646.009765625,7694.43994140625
2025-05-09 07:00:00,7732.02001953125,7767.06982421875,7723.14013671875,7743.75
2025-05-12 07:00:00,7800.18017578125,7880.2900390625,7783.68994140625,7850.10009765625
2025-05-13 07:00:00,7842.7900390625,7879.39013671875,7840.85986328125,7873.830078125
2025-05-14 07:00:00,7875.39013671875,7877.740234375,7805.7001953125,7836.7900390625
2025-05-15 07:00:00,7806.1201171875,7853.47021484375,7800.3701171875,7853.47021484375
2025-05-16 07:00:00,7874.93017578125,7915.43017578125,7855.72021484375,7886.68994140625
2025-05-19 07:00:00,7854.10986328125,7883.6298828125,7824.419921875,7883.6298828125
2025-05-20 07:00:00,7899.85986328125,7955.52978515625,7878.56982421875,7942.419921875
2025-05-21 07:00:00,7913.740234375,7930.60986328125,7873.169921875,7910.490234375
2025-05-22 07:00:00,7870.56982421875,7887.10009765625,7807.0498046875,7864.43994140625
2025-05-23 07:00:00,7876.8701171875,7888.97021484375,7620.39990234375,7734.39990234375
2025-05-26 07:00:00,7833.1298828125,7840.2998046875,7799.81005859375,7828.1298828125
2025-05-27 07:00:00,7816.509765625,7856.39990234375,7808.1201171875,7826.7900390625
2025-05-28 07:00:00,7825.419921875,7853.66015625,7787.580078125,7788.10009765625
2025-05-29 07:00:00,7866.77001953125,7869.919921875,7779.72021484375,7779.72021484375
2025-05-30 07:00:00,7776.0400390625,7811.490234375,7747.89990234375,7751.89013671875
2025-06-02 07:00:00,7714.91015625,7744.27978515625,7668.89990234375,7737.2001953125
2025-06-03 07:00:00,7752.27978515625,7765.4599609375,7699.240234375,7763.83984375
2025-06-04 07:00:00,7795.06005859375,7843.2099609375,7779.35986328125,7804.669921875
2025-06-05 07:00:00,7811.18017578125,7848.08984375,7761.5400390625,7790.27001953125
2025-06-06 07:00:00,7794.8798828125,7815.0,7769.83984375,7804.8701171875
2025-06-09 07:00:00,7796.259765625,7812.72998046875,7772.08984375,7791.47021484375
2025-06-10 07:00:00,7784.580078125,7815.43994140625,7769.509765625,7804.330078125
2025-06-11 07:00:00,7810.83984375,7840.02001953125,7775.89990234375,7775.89990234375
2025-06-12 07:00:00,7741.0400390625,7783.64013671875,7698.22998046875,7765.10986328125
2025-06-13 07:00:00,7670.0400390625,7713.68017578125,7659.1298828125,7684.68017578125
2025-06-16 07:00:00,7706.83984375,7769.31982421875,7705.27978515625,7742.240234375
2025-06-17 07:00:00,7687.169921875,7702.75,7646.759765625,7683.72998046875
2025-06-18 07:00:00,7687.419921875,7710.14013671875,7641.1298828125,7656.1201171875
2025-06-19 07:00:00,7605.8798828125,7618.759765625,7553.4501953125,7553.4501953125
2025-06-20 07:00:00,7597.18017578125,7636.830078125,7575.990234375,7589.66015625
2025-06-23 07:00:00,7549.919921875,7597.93994140625,7505.27001953125,7537.56982421875
2025-06-24 07:00:00,7656.5400390625,7678.77978515625,7606.31982421875,7615.990234375
2025-06-25 07:00:00,7630.33984375,7658.5,7557.240234375,7558.16015625
2025-06-26 07:00:00,7587.240234375,7594.89990234375,7532.25,7557.31005859375
2025-06-27 07:00:00,7613.35009765625,7691.5498046875,7609.9599609375,7691.5498046875
2025-06-30 07:00:00,7714.56005859375,7714.56005859375,7660.77978515625,7665.91015625
2025-07-01 07:00:00,7674.5400390625,7675.68994140625,7612.39013671875,7662.58984375
2025-07-02 07:00:00,7710.72021484375,7770.4501953125,7674.22998046875,7738.419921875
2025-07-03 07:00:00,7763.25,7766.919921875,7717.06982421875,7754.5498046875
2025-07-04 07:00:00,7713.5400390625,7713.5400390625,7656.68994140625,7696.27001953125
2025-07-07 07:00:00,7704.2099609375,7730.97998046875,7682.1201171875,7723.47021484375
2025-07-08 07:00:00,7743.56982421875,7771.6201171875,7696.3798828125,7766.7099609375
2025-07-09 07:00:00,7799.330078125,7886.7900390625,7790.5498046875,7878.4599609375
2025-07-10 07:00:00,7909.85986328125,7940.6201171875,7885.8701171875,7902.25
2025-07-11 07:00:00,7873.43017578125,7881.18994140625,7815.18994140625,7829.2900390625
2025-07-14 07:00:00,7774.0400390625,7810.5498046875,7764.7998046875,7808.169921875
2025-07-15 07:00:00,7818.08984375,7836.1298828125,7766.2099609375,7766.2099609375
2025-07-16 07:00:00,7740.14990234375,7778.1298828125,7722.08984375,7722.08984375
2025-07-17 07:00:00,7794.419921875,7822.02001953125,7783.64990234375,7822.0
2025-07-18 07:00:00,7857.68994140625,7873.2998046875,7815.22998046875,7822.669921875
2025-07-21 07:00:00,7825.72998046875,7838.60986328125,7757.68017578125,7798.22021484375
2025-07-22 07:00:00,7775.0400390625,7782.66015625,7726.740234375,7744.41015625
2025-07-23 07:00:00,7839.7099609375,7869.9599609375,7816.27001953125,7850.43017578125
2025-07-24 07:00:00,7873.5,7898.02978515625,7797.27978515625,7818.27978515625
2025-07-25 07:00:00,7782.39013671875,7851.4599609375,7759.58984375,7834.580078125
2025-07-28 07:00:00,7924.52978515625,7931.14990234375,7794.66015625,7800.8798828125
2025-07-29 07:00:00,7834.83984375,7924.6201171875,7833.02001953125,7857.35986328125
2025-07-30 07:00:00,7856.009765625,7921.60986328125,7853.5400390625,7861.9599609375
2025-07-31 07:00:00,7876.58984375,7906.3701171875,7771.97021484375,7771.97021484375
2025-08-01 07:00:00,7676.39013671875,7691.1201171875,7523.60986328125,7546.16015625
2025-08-04 07:00:00,7582.77001953125,7632.77001953125,7571.759765625,7632.009765625
2025-08-05 07:00:00,7670.2001953125,7670.2001953125,7610.56982421875,7621.0400390625
2025-08-06 07:00:00,7658.919921875,7672.14990234375,7620.97021484375,7635.02978515625
2025-08-07 07:00:00,7651.39990234375,7737.6298828125,7645.2099609375,7709.31982421875
2025-08-08 07:00:00,7733.7099609375,7770.89013671875,7710.669921875,7743.0
2025-08-11 07:00:00,7764.240234375,7764.240234375,7694.33984375,7698.52001953125
2025-08-12 07:00:00,7730.22021484375,7759.740234375,7702.509765625,7753.419921875
2025-08-13 07:00:00,7775.22998046875,7819.68994140625,7769.06982421875,7804.97021484375
2025-08-14 07:00:00,7822.9501953125,7871.39013671875,7818.56982421875,7870.33984375
2025-08-15 07:00:00,7917.06005859375,7945.27001953125,7896.56005859375,7923.4501953125
2025-08-18 07:00:00,7929.419921875,7929.419921875,7856.89990234375,7884.0498046875
2025-08-19 07:00:00,7894.68994140625,7986.81005859375,7892.72021484375,7979.080078125
2025-08-20 07:00:00,7949.14013671875,8004.33984375,7932.06005859375,7973.02978515625
2025-08-21 07:00:00,7970.75,7970.75,7910.33984375,7938.2900390625
2025-08-22 07:00:00,7923.39013671875,7997.35009765625,7923.39013671875,7969.68994140625
2025-08-25 07:00:00,7943.0,7946.06982421875,7836.9599609375,7843.0400390625
2025-08-26 07:00:00,7726.240234375,7749.240234375,7668.080078125,7709.81005859375
2025-08-27 07:00:00,7718.2900390625,7765.169921875,7703.93017578125,7743.93017578125
2025-08-28 07:00:00,7770.68994140625,7833.0400390625,7734.9599609375,7762.60009765625
2025-08-29 07:00:00,7743.43994140625,7764.2900390625,7702.2099609375,7703.89990234375
2025-09-01 07:00:00,7724.9599609375,7744.64013671875,7697.81982421875,7707.89990234375
2025-09-02 07:00:00,7730.60986328125,7738.18017578125,7648.1298828125,7654.25
2025-09-03 07:00:00,7699.6201171875,7736.759765625,7671.52978515625,7719.7099609375
2025-09-04 07:00:00,7701.4599609375,7727.759765625,7676.83984375,7698.919921875
2025-09-05 07:00:00,7723.97021484375,7732.0400390625,7649.39990234375,7674.77978515625
2025-09-08 07:00:00,7706.7900390625,7745.0498046875,7682.31005859375,7734.83984375
2025-09-09 07:00:00,7750.919921875,7791.64990234375,7729.8798828125,7749.39013671875
2025-09-10 07:00:00,7774.35986328125,7823.33984375,7750.60009765625,7761.31982421875
2025-09-11 07:00:00,7781.7998046875,7848.3798828125,7773.56982421875,7823.52001953125
2025-09-12 07:00:00,7830.7001953125,7842.6201171875,7768.91015625,7825.240234375
2025-09-15 07:00:00,7848.2001953125,7935.31005859375,7843.4599609375,7896.93017578125
2025-09-16 07:00:00,7890.52978515625,7903.0400390625,7811.1201171875,7818.22021484375
2025-09-17 07:00:00,7841.5498046875,7846.08984375,7777.9599609375,7786.97998046875
2025-09-18 07:00:00,7822.56982421875,7887.10986328125,7818.740234375,7854.60986328125
2025-09-19 07:00:00,7873.3701171875,7934.919921875,7853.58984375,7853.58984375
2025-09-22 07:00:00,7847.759765625,7850.22021484375,7801.169921875,7830.10986328125
2025-09-23 07:00:00,7867.68994140625,7919.06982421875,7857.10986328125,7872.02001953125
2025-09-24 07:00:00,7871.22021484375,7872.56982421875,7810.0498046875,7827.4501953125
2025-09-25 07:00:00,7797.97021484375,7819.7001953125,7760.06982421875,7795.419921875
2025-09-26 07:00:00,7822.169921875,7875.0400390625,7821.25,7870.68017578125
2025-09-29 07:00:00,7899.02001953125,7901.22998046875,7870.47021484375,7880.8701171875
2025-09-30 07:00:00,7865.43994140625,7895.93994140625,7831.080078125,7895.93994140625
2025-10-01 07:00:00,7894.2900390625,7984.81982421875,7865.39990234375,7966.9501953125
2025-10-02 07:00:00,8025.5,8088.52978515625,8023.02001953125,8056.6298828125
2025-10-03 07:00:00,8093.009765625,8097.240234375,8040.35986328125,8081.5400390625
2025-10-06 07:00:00,8035.330078125,8035.72021484375,7909.4599609375,7971.77978515625
2025-10-07 07:00:00,7974.91015625,8005.740234375,7934.1298828125,7974.85009765625
2025-10-08 07:00:00,7983.3701171875,8070.64013671875,7983.3701171875,8060.1298828125
2025-10-09 07:00:00,8074.1201171875,8109.77001953125,8041.35986328125,8041.35986328125
2025-10-10 07:00:00,8049.56982421875,8082.52978515625,7905.830078125,7918.0
2025-10-13 07:00:00,7959.27001953125,7995.490234375,7902.1201171875,7934.259765625
2025-10-14 07:00:00,7862.91015625,7932.8798828125,7825.97021484375,7919.6201171875
2025-10-15 07:00:00,8029.97021484375,8130.72021484375,8024.5400390625,8077.0
2025-10-16 07:00:00,8093.4599609375,8188.58984375,8053.06982421875,8188.58984375
2025-10-17 07:00:00,8092.52978515625,8224.5595703125,8080.830078125,8174.2001953125
2025-10-20 07:00:00,8213.2001953125,8239.669921875,8151.35009765625,8206.0703125
2025-10-21 07:00:00,8206.349609375,8271.48046875,8198.26953125,8258.8603515625
2025-10-22 07:00:00,8222.73046875,8248.900390625,8193.349609375,8206.8701171875
2025-10-23 07:00:00,8225.4501953125,8257.4697265625,8215.5302734375,8225.7802734375
2025-10-24 07:00:00,8263.91015625,8263.91015625,8169.22998046875,8225.6298828125
2025-10-27 08:00:00,8237.2001953125,8252.6396484375,8202.7197265625,8239.1796875
2025-10-28 08:00:00,8219.5302734375,8243.6396484375,8204.009765625,8216.580078125
2025-10-29 08:00:00,8198.7099609375,8226.3203125,8186.009765625,8200.8798828125
2025-10-30 08:00:00,8180.35009765625,8206.83984375,8114.740234375,8157.2900390625
2025-10-31 08:00:00,8150.22021484375,8161.81005859375,8106.9501953125,8121.06982421875
2025-11-03 08:00:00,8118.83984375,8151.0,8094.41015625,8109.7900390625
2025-11-04 08:00:00,8014.47021484375,8067.580078125,7963.68994140625,8067.52978515625
2025-11-05 08:00:00,8008.06005859375,8097.83984375,8005.81982421875,8074.22998046875
2025-11-06 08:00:00,8016.669921875,8044.85986328125,7950.7998046875,7964.77001953125
2025-11-07 08:00:00,7986.06982421875,8000.990234375,7908.58984375,7950.18017578125
2025-11-10 08:00:00,8044.08984375,8077.18017578125,8017.47021484375,8055.509765625
2025-11-11 08:00:00,8080.60009765625,8169.7998046875,8078.22021484375,8156.22998046875
2025-11-12 08:00:00,8190.68017578125,8280.9697265625,8185.02978515625,8241.240234375
2025-11-13 08:00:00,8270.849609375,8314.23046875,8227.8798828125,8232.490234375
2025-11-14 08:00:00,8186.14013671875,8202.48046875,8084.22998046875,8170.08984375
2025-11-17 08:00:00,8155.93017578125,8176.10009765625,8109.81982421875,8119.02001953125
2025-11-18 08:00:00,8017.72998046875,8032.509765625,7925.06005859375,7967.93017578125
2025-11-19 08:00:00,7964.77001953125,8005.75,7919.35986328125,7953.77001953125
2025-11-20 08:00:00,8044.85009765625,8057.7001953125,7981.06982421875,7981.06982421875
2025-11-21 08:00:00,7881.10009765625,7996.4599609375,7875.8701171875,7982.64990234375
2025-11-24 08:00:00,8030.4599609375,8033.3798828125,7958.60986328125,7959.669921875
2025-11-25 08:00:00,7981.89013671875,8038.669921875,7942.72021484375,8025.7998046875
2025-11-26 08:00:00,8075.47021484375,8098.669921875,8027.60986328125,8096.43017578125
2025-11-27 08:00:00,8098.68017578125,8115.4599609375,8080.83984375,8099.47021484375
2025-11-28 08:00:00,8105.009765625,8132.169921875,8084.22998046875,8122.7099609375
2025-12-01 08:00:00,8078.39990234375,8114.14013671875,8043.81005859375,8097.0
2025-12-02 08:00:00,8084.77001953125,8135.7998046875,8072.06005859375,8074.60986328125
2025-12-03 08:00:00,8071.77978515625,8103.14013671875,8051.4501953125,8087.419921875
2025-12-04 08:00:00,8115.169921875,8137.64990234375,8098.08984375,8122.02978515625
2025-12-05 08:00:00,8148.06982421875,8160.81005859375,8114.740234375,8114.740234375
2025-12-08 08:00:00,8098.9599609375,8110.759765625,8080.85009765625,8108.43017578125
2025-12-09 08:00:00,8117.43017578125,8135.97998046875,8044.990234375,8052.509765625
2025-12-10 08:00:00,8035.08984375,8045.22021484375,8005.10986328125,8022.68994140625
2025-12-11 08:00:00,8046.169921875,8104.759765625,8009.0400390625,8085.759765625
2025-12-12 08:00:00,8100.52978515625,8155.39013671875,8068.6201171875,8068.6201171875
2025-12-15 08:00:00,8087.06982421875,8161.02978515625,8086.06982421875,8124.8798828125
2025-12-16 08:00:00,8114.39013671875,8150.22021484375,8086.7001953125,8106.16015625
2025-12-17 08:00:00,8116.259765625,8136.06982421875,8074.0400390625,8086.0498046875
2025-12-18 08:00:00,8087.43017578125,8166.72021484375,8086.58984375,8150.64013671875
2025-12-19 08:00:00,8131.240234375,8177.75,8131.06005859375,8151.3798828125
2025-12-22 08:00:00,8135.52001953125,8143.3798828125,8099.4501953125,8121.06982421875
2025-12-23 08:00:00,8120.080078125,8127.06982421875,8088.41015625,8103.85009765625
2025-12-24 08:00:00,8109.2998046875,8135.7099609375,8103.580078125,8103.580078125
2025-12-29 08:00:00,8127.58984375,8132.58984375,8087.47998046875,8112.02001953125
2025-12-30 08:00:00,8097.43994140625,8184.02978515625,8095.02001953125,8168.14990234375
2025-12-31 08:00:00,8147.0498046875,8149.5,8118.47998046875,8149.5
2026-01-02 08:00:00,8127.27001953125,8221.7802734375,8113.33984375,8195.2099609375
2026-01-05 08:00:00,8247.16015625,8253.8701171875,8174.43994140625,8211.5
2026-01-06 08:00:00,8216.580078125,8255.76953125,8158.08984375,8237.4296875
2026-01-07 08:00:00,8251.4404296875,8257.330078125,8211.6201171875,8233.919921875
2026-01-08 08:00:00,8210.900390625,8255.51953125,8203.7099609375,8243.4697265625
2026-01-09 08:00:00,8271.650390625,8362.08984375,8271.650390625,8362.08984375
2026-01-12 08:00:00,8342.3798828125,8378.08984375,8313.3095703125,8358.759765625
2026-01-13 08:00:00,8346.8095703125,8352.7998046875,8308.669921875,8347.2001953125
2026-01-14 08:00:00,8368.990234375,8396.7197265625,8327.2197265625,8330.9697265625
2026-01-15 08:00:00,8366.2998046875,8366.2998046875,8290.6103515625,8313.1201171875
2026-01-16 08:00:00,8304.4599609375,8313.6396484375,8234.26953125,8258.9404296875
2026-01-19 08:00:00,8125.509765625,8165.4599609375,8092.0498046875,8112.02001953125
2026-01-20 08:00:00,8054.240234375,8062.580078125,7996.58984375,8062.580078125
2026-01-21 08:00:00,8050.77001953125,8090.490234375,8014.14013671875,8069.169921875
2026-01-22 08:00:00,8163.56005859375,8190.080078125,8142.43994140625,8148.89013671875
2026-01-23 08:00:00,8116.81005859375,8156.0498046875,8095.0,8143.0498046875
2026-01-26 08:00:00,8130.5498046875,8159.2900390625,8106.06005859375,8131.14990234375
2026-01-27 08:00:00,8142.72998046875,8173.56982421875,8117.580078125,8152.81982421875
2026-01-28 08:00:00,8096.43017578125,8112.5,8020.75,8066.68017578125
2026-01-29 08:00:00,8127.9501953125,8145.43994140625,8068.93017578125,8071.35986328125
2026-01-30 08:00:00,8070.85986328125,8143.31982421875,8070.85986328125,8126.52978515625
2026-02-02 08:00:00,8084.91015625,8201.8798828125,8080.66015625,8181.169921875
2026-02-03 08:00:00,8219.259765625,8234.5,8129.330078125,8179.5
2026-02-04 08:00:00,8219.9599609375,8298.41015625,8203.26953125,8262.16015625
2026-02-05 08:00:00,8288.4697265625,8312.6796875,8193.2001953125,8238.169921875
2026-02-06 08:00:00,8214.849609375,8287.919921875,8175.08984375,8273.83984375
2026-02-09 08:00:00,8294.830078125,8323.2802734375,8258.75,8323.2802734375
2026-02-10 08:00:00,8348.8203125,8369.7099609375,8316.6103515625,8327.8798828125
2026-02-11 08:00:00,8344.25,8358.23046875,8277.9599609375,8313.240234375
2026-02-12 08:00:00,8432.150390625,8437.349609375,8332.73046875,8340.5595703125
2026-02-13 08:00:00,8315.5,8331.9599609375,8275.0400390625,8311.740234375
2026-02-16 08:00:00,8322.849609375,8354.75,8313.9404296875,8316.5
2026-02-17 08:00:00,8310.8896484375,8368.25,8292.1298828125,8361.4599609375
2026-02-18 08:00:00,8370.48046875,8438.51953125,8365.6298828125,8429.0302734375
2026-02-19 08:00:00,8412.25,8415.8798828125,8350.3603515625,8398.7802734375
2026-02-20 08:00:00,8442.1796875,8529.0,8421.1103515625,8515.490234375
2026-02-23 08:00:00,8496.33984375,8532.9501953125,8485.23046875,8497.169921875
2026-02-24 08:00:00,8471.4404296875,8548.2900390625,8461.8798828125,8519.2099609375
2026-02-25 08:00:00,8539.6201171875,8560.91015625,8528.6298828125,8559.0703125
2026-02-26 08:00:00,8568.759765625,8642.23046875,8562.8603515625,8620.9296875
2026-02-27 08:00:00,8609.4599609375,8638.9296875,8553.9404296875,8580.75
2026-03-02 08:00:00,8404.9501953125,8461.75,8378.1796875,8394.3203125
2026-03-03 08:00:00,8292.419921875,8298.3095703125,8086.68017578125,8103.83984375
2026-03-04 08:00:00,8122.60009765625,8210.41015625,8089.81005859375,8167.72998046875
2026-03-05 08:00:00,8135.06982421875,8215.01953125,8028.1298828125,8045.7998046875
2026-03-06 08:00:00,8083.669921875,8104.77001953125,7913.02001953125,7993.490234375
2026-03-09 08:00:00,7809.740234375,7929.52978515625,7768.10986328125,7915.35986328125
2026-03-10 08:00:00,8064.81982421875,8107.18994140625,7995.81005859375,8057.35986328125
2026-03-11 08:00:00,7992.66015625,8057.22021484375,7961.31982421875,8041.81005859375
2026-03-12 08:00:00,8006.72998046875,8037.830078125,7916.5,7984.43994140625
2026-03-13 08:00:00,7907.81982421875,8016.43017578125,7872.72998046875,7911.52978515625
2026-03-16 08:00:00,7921.02001953125,7968.64990234375,7856.60986328125,7935.97021484375
2026-03-17 08:00:00,7919.8701171875,8022.27001953125,7919.8701171875,7974.490234375
2026-03-18 08:00:00,8008.93017578125,8066.6201171875,7944.33984375,7969.8798828125
2026-03-19 08:00:00,7871.759765625,7887.9501953125,7774.43994140625,7807.8701171875
2026-03-20 08:00:00,7869.68017578125,7883.27001953125,7660.47021484375,7665.6201171875
2026-03-23 08:00:00,7542.35986328125,7876.7001953125,7505.27001953125,7726.2001953125
2026-03-24 08:00:00,7743.5498046875,7773.6298828125,7660.240234375,7743.919921875
2026-03-25 08:00:00,7837.0400390625,7884.14013671875,7792.3701171875,7846.5498046875
2026-03-26 08:00:00,7795.77978515625,7843.06982421875,7756.169921875,7769.31005859375
2026-03-27 08:00:00,7774.39990234375,7785.4599609375,7677.31982421875,7701.9501953125
2026-03-30 07:00:00,7689.0498046875,7775.259765625,7680.2099609375,7772.4501953125
2026-03-31 07:00:00,7765.16015625,7850.14013671875,7751.56982421875,7816.93994140625
2026-04-01 07:00:00,8004.81005859375,8006.47021484375,7918.52001953125,7981.27001953125
2026-04-02 07:00:00,7877.5,7993.080078125,7856.89013671875,7962.39013671875
2026-04-07 07:00:00,7997.91015625,8075.18017578125,7881.0400390625,7908.740234375
2026-04-08 07:00:00,8111.169921875,8305.4697265625,8111.169921875,8263.8701171875
2026-04-09 07:00:00,8251.2099609375,8254.5595703125,8183.35986328125,8245.7998046875
2026-04-10 07:00:00,8250.990234375,8320.3896484375,8242.75,8259.599609375
2026-04-13 07:00:00,8178.22021484375,8235.98046875,8163.3701171875,8235.98046875
2026-04-14 07:00:00,8254.3798828125,8336.0498046875,8249.7900390625,8327.8603515625
2026-04-15 07:00:00,8283.419921875,8295.2802734375,8258.2900390625,8274.5703125
2026-04-16 07:00:00,8286.5,8331.080078125,8262.7001953125,8262.7001953125
2026-04-17 07:00:00,8265.26953125,8455.650390625,8263.5703125,8425.1298828125
2026-04-20 07:00:00,8313.7802734375,8356.8095703125,8310.73046875,8331.0498046875
2026-04-21 07:00:00,8320.0703125,8357.9501953125,8230.7900390625,8235.7197265625
2026-04-22 07:00:00,8266.91015625,8266.91015625,8156.43017578125,8156.43017578125
2026-04-23 07:00:00,8186.2001953125,8242.2197265625,8142.490234375,8227.3203125
2026-04-24 07:00:00,8167.06005859375,8224.2197265625,8116.9501953125,8157.81982421875
2026-04-27 07:00:00,8160.18017578125,8214.6298828125,8127.830078125,8141.919921875
2026-04-28 07:00:00,8129.35009765625,8172.89013671875,8090.7001953125,8104.08984375
2026-04-29 07:00:00,8088.97998046875,8110.6201171875,8036.4599609375,8072.1298828125
2026-04-30 07:00:00,7962.83984375,8115.080078125,7957.830078125,8114.83984375
2026-05-04 07:00:00,8122.10009765625,8122.10009765625,7962.759765625,7976.1201171875
2026-05-05 07:00:00,7961.35986328125,8062.31005859375,7956.0400390625,8062.31005859375
2026-05-06 07:00:00,8134.9501953125,8344.8896484375,8131.52978515625,8299.419921875
2026-05-07 07:00:00,8320.330078125,8361.0,8202.080078125,8202.080078125
2026-05-08 07:00:00,8141.93994140625,8158.93017578125,8095.68994140625,8112.56982421875
2026-05-11 07:00:00,8069.6298828125,8080.6298828125,8012.39013671875,8056.3798828125
2026-05-12 07:00:00,7973.990234375,8026.81005859375,7962.75,7979.919921875
2026-05-13 07:00:00,8029.93994140625,8029.93994140625,7931.77978515625,8007.97021484375
2026-05-14 07:00:00,8063.169921875,8083.990234375,8030.6298828125,8082.27001953125
2026-05-15 07:00:00,8003.06005859375,8043.56982421875,7942.4501953125,7952.5498046875
2026-05-18 07:00:00,7861.31982421875,8009.47021484375,7854.27978515625,7987.490234375
2026-05-19 07:00:00,7995.81005859375,8073.580078125,7969.85009765625,7981.759765625
2026-05-20 07:00:00,7954.56982421875,8175.240234375,7954.56982421875,8117.419921875
2026-05-21 07:00:00,8109.77001953125,8153.5498046875,8055.89013671875,8086.0
2026-05-22 07:00:00,8138.97021484375,8158.7900390625,8095.7099609375,8115.75
2026-05-25 07:00:00,8185.43994140625,8280.98046875,8183.7099609375,8258.259765625
2026-05-26 07:00:00,8237.83984375,8240.98046875,8168.1298828125,8173.10986328125
2026-05-27 07:00:00,8190.8798828125,8271.759765625,8190.8798828125,8207.8896484375
2026-05-28 07:00:00,8172.7998046875,8220.3701171875,8150.5498046875,8188.8701171875
2026-05-29 07:00:00,8224.6103515625,8286.4697265625,8183.33984375,8183.33984375
2026-06-01 07:00:00,8171.22998046875,8222.240234375,8101.14990234375,8146.58984375
2026-06-02 07:00:00,8191.47021484375,8244.6103515625,8166.52978515625,8209.08984375
2026-06-03 07:00:00,8178.43017578125,8199.0302734375,8150.419921875,8150.419921875
2026-06-04 07:00:00,8151.5498046875,8256.7900390625,8150.89013671875,8244.2900390625
2026-06-05 07:00:00,8265.1298828125,8296.009765625,8218.240234375,8218.240234375
2026-06-08 07:00:00,8133.4599609375,8230.4697265625,8121.39990234375,8199.2900390625
2026-06-09 07:00:00,8179.22021484375,8290.7001953125,8175.60986328125,8203.4296875
2026-06-10 07:00:00,8223.0498046875,8240.6298828125,8113.0,8161.830078125
2026-06-11 07:00:00,8154.5400390625,8249.7900390625,8150.06005859375,8200.7998046875
2026-06-12 07:00:00,8315.3095703125,8397.6298828125,8302.6904296875,8350.8701171875
2026-06-15 07:00:00,8462.0703125,8506.650390625,8384.009765625,8384.009765625
2026-06-16 07:00:00,8406.740234375,8461.9404296875,8401.58984375,8447.26953125
2026-06-17 07:00:00,8435.1201171875,8476.7900390625,8408.900390625,8430.7900390625
2026-06-18 07:00:00,8433.08984375,8473.240234375,8406.169921875,8467.98046875
2026-06-19 07:00:00,8473.6904296875,8501.3603515625,8419.2001953125,8421.1396484375
2026-06-22 07:00:00,8434.0703125,8435.8095703125,8353.0595703125,8400.1103515625
2026-06-23 07:00:00,8332.2998046875,8379.2900390625,8304.5703125,8340.7099609375
2026-06-24 07:00:00,8353.6796875,8395.8798828125,8334.76953125,8385.490234375
2026-06-25 07:00:00,8388.8203125,8452.3798828125,8374.5,8431.6103515625
2026-06-26 07:00:00,8410.3603515625,8421.099609375,8342.6201171875,8384.8701171875
2026-06-29 07:00:00,8379.3603515625,8391.5595703125,8341.259765625,8367.330078125
2026-06-30 07:00:00,8377.8603515625,8420.580078125,8363.23046875,8403.990234375
2026-07-01 07:00:00,8391.6904296875,8391.6904296875,8316.5302734375,8337.2900390625
2026-07-02 07:00:00,8343.650390625,8503.240234375,8342.259765625,8474.8603515625
2026-07-03 07:00:00,8486.8896484375,8520.849609375,8457.6796875,8508.0703125
2026-07-06 07:00:00,8519.8603515625,8561.3798828125,8465.7900390625,8479.8701171875
2026-07-07 07:00:00,8500.080078125,8545.6796875,8436.240234375,8436.240234375
2026-07-08 07:00:00,8389.2900390625,8389.2900390625,8235.349609375,8252.66015625
2026-07-09 07:00:00,8307.509765625,8329.0,8262.8603515625,8326.6201171875
2026-07-10 07:00:00,8324.0703125,8350.830078125,8284.240234375,8338.9697265625
2026-07-13 07:00:00,8306.6396484375,8375.3701171875,8306.6396484375,8364.650390625
2026-07-14 07:00:00,8288.5,8375.7900390625,8274.8896484375,8366.849609375
2026-07-15 07:00:00,8367.0498046875,8398.4296875,8320.1298828125,8382.4296875
2026-07-16 07:00:00,8380.83984375,8380.83984375,8281.26953125,8377.8603515625
2026-07-17 07:00:00,8326.740234375,8350.1904296875,8282.169921875,8338.8095703125
2026-07-20 07:00:00,8316.3798828125,8391.0400390625,8316.3798828125,8340.1103515625
2026-07-21 07:00:00,8348.75,8375.3095703125,8299.8701171875,8363.1396484375
2026-07-22 07:00:00,8355.1298828125,8468.0,8350.83984375,8437.8896484375
2026-07-23 07:00:00,8370.330078125,8376.5400390625,8279.580078125,8299.08984375
2026-07-24 07:00:00,8284.6796875,8372.41015625,8278.6396484375,8372.2802734375
2026-07-27 07:00:00,8442.75,8463.7099609375,8402.8095703125,8406.0595703125
2026-07-28 07:00:00,8447.08984375,8472.8095703125,8400.330078125,8458.7802734375
2026-07-29 07:00:00,8492.9697265625,8502.48046875,8379.7802734375,8408.26953125
