legs,w,maxcorr,roll,cagr,cum,dd,wm,wd,pos,sh,yrs,calmar
Hold GER40 + Hold JP225 + Hold UK100,0.32 / 0.24 / 0.44,0.75,False,11.4,70.0,-14.8,-9.4,-5.13,37/58,0.88,2022:-5.9 2023:+14.2 2024:+13.0 2025:+23.0 2026:+11.0,0.77
Hold GER40 + Hold JP225 + Hold US500,0.36 / 0.27 / 0.37,0.44,False,12.8,80.8,-21.2,-9.1,-5.14,39/58,0.94,2022:-13.8 2023:+23.7 2024:+20.8 2025:+21.9 2026:+10.1,0.6
Hold GER40 + Hold JP225 + Hold XAUUSD,0.37 / 0.28 / 0.35,0.3,False,15.5,102.9,-16.7,-11.3,-4.51,41/58,1.16,2022:-7.0 2023:+20.0 2024:+22.3 2025:+37.7 2026:+5.5,0.93
Hold GER40 + Hold JP225 + Mon AUDJPY,0.17 / 0.13 / 0.70,0.3,False,8.4,48.3,-5.8,-2.8,-1.88,38/58,1.42,2022:-0.5 2023:+14.0 2024:+6.3 2025:+10.3 2026:+8.0,1.45
Hold GER40 + Hold JP225 + Mon CADJPY,0.16 / 0.12 / 0.72,0.3,False,6.3,35.0,-5.7,-4.0,-1.6,38/58,1.18,2022:+2.3 2023:+10.7 2024:+5.9 2025:+6.7 2026:+3.3,1.11
Hold GER40 + Hold JP225 + Mon CHFJPY,0.14 / 0.11 / 0.75,0.3,False,6.2,34.2,-5.2,-3.9,-1.55,40/58,1.26,2022:+1.6 2023:+11.7 2024:+5.7 2025:+6.5 2026:+3.1,1.19
Hold GER40 + Hold JP225 + Mon EURJPY,0.15 / 0.11 / 0.74,0.3,False,6.7,37.5,-5.6,-3.1,-2.08,42/58,1.34,2022:+3.2 2023:+11.0 2024:+5.1 2025:+7.4 2026:+4.6,1.2
Hold GER40 + Hold JP225 + Mon GBPJPY,0.15 / 0.11 / 0.73,0.3,False,8.4,48.5,-6.4,-2.7,-1.82,44/58,1.59,2022:+3.0 2023:+11.6 2024:+7.6 2025:+9.8 2026:+7.3,1.31
Hold GER40 + Hold JP225 + Mon GBPUSD,0.14 / 0.11 / 0.75,0.3,False,5.4,29.2,-8.2,-2.6,-2.44,35/58,1.09,2022:-3.8 2023:+8.1 2024:+4.5 2025:+11.0 2026:+7.1,0.66
Hold GER40 + Hold JP225 + Mon GER40,0.25 / 0.19 / 0.56,0.3,False,8.9,52.3,-12.2,-4.5,-3.72,38/58,1.07,2022:-4.2 2023:+7.3 2024:+11.5 2025:+17.1 2026:+12.3,0.73
Hold GER40 + Hold JP225 + Mon NAS100,0.27 / 0.21 / 0.52,0.3,False,11.3,69.4,-9.9,-5.9,-3.23,42/58,1.31,2022:+1.3 2023:+17.8 2024:+12.2 2025:+16.5 2026:+6.8,1.14
Hold GER40 + Hold JP225 + Mon NZDJPY,0.17 / 0.13 / 0.71,0.3,False,7.3,41.3,-7.3,-2.8,-1.79,37/58,1.3,2022:-0.5 2023:+12.9 2024:+5.1 2025:+9.5 2026:+7.1,1.0
Hold GER40 + Hold JP225 + Mon US500,0.22 / 0.16 / 0.62,0.3,False,8.4,48.7,-10.5,-4.9,-2.71,39/58,1.2,2022:-2.2 2023:+14.8 2024:+8.5 2025:+13.6 2026:+6.2,0.8
Hold GER40 + Hold JP225 + Mon USDJPY,0.15 / 0.11 / 0.74,0.3,False,5.9,32.7,-5.6,-3.7,-1.6,38/58,1.21,2022:+4.4 2023:+8.2 2024:+7.1 2025:+4.5 2026:+2.8,1.05
Hold GER40 + Hold JP225 + Roll AUDJPY,0.07 / 0.05 / 0.88,0.3,True,3.1,16.4,-2.6,-1.0,-0.79,39/59,1.34,2022:-0.6 2023:+5.3 2024:+3.4 2025:+5.3 2026:+2.0,1.19
Hold GER40 + Hold JP225 + Roll CADJPY,0.05 / 0.04 / 0.90,0.3,True,2.7,14.0,-2.5,-1.1,-0.61,39/58,1.49,2022:-1.0 2023:+5.3 2024:+3.8 2025:+4.0 2026:+1.2,1.08
Hold GER40 + Hold JP225 + Roll EURJPY,0.05 / 0.04 / 0.92,0.3,True,2.6,13.3,-1.7,-0.7,-0.53,39/59,1.63,2022:-0.6 2023:+4.6 2024:+3.6 2025:+3.9 2026:+1.1,1.53
Hold GER40 + Hold JP225 + Roll GBPJPY,0.05 / 0.04 / 0.91,0.3,True,3.3,17.3,-1.9,-0.9,-0.57,41/59,1.91,2022:-0.1 2023:+5.4 2024:+4.4 2025:+4.6 2026:+1.8,1.74
Hold GER40 + Hold JP225 + Roll USDJPY,0.07 / 0.05 / 0.89,0.3,True,3.6,19.1,-3.3,-1.4,-0.73,42/59,1.67,2022:-1.3 2023:+6.5 2024:+4.7 2025:+6.2 2026:+1.7,1.09
Hold GER40 + Hold JP225 + TSMOM XAUUSD,0.36 / 0.27 / 0.36,0.3,False,12.8,80.4,-14.9,-11.3,-4.42,39/58,1.03,2022:-8.7 2023:+11.5 2024:+22.4 2025:+32.4 2026:+10.2,0.86
Hold GER40 + Hold JP225 + v4 AUDUSD,0.17 / 0.13 / 0.71,0.3,False,6.0,33.3,-6.6,-3.5,-2.22,41/58,1.05,2022:-3.0 2023:+13.9 2024:+4.1 2025:+9.2 2026:+4.4,0.91
Hold GER40 + Hold UK100 + Hold US500,0.30 / 0.40 / 0.30,0.75,False,10.2,60.9,-18.8,-8.2,-5.26,39/58,0.82,2022:-9.5 2023:+14.0 2024:+14.2 2025:+20.3 2026:+7.0,0.54
Hold GER40 + Hold UK100 + Hold XAUUSD,0.30 / 0.41 / 0.28,0.75,False,12.3,76.5,-14.3,-9.0,-4.33,38/58,1.03,2022:-3.5 2023:+11.0 2024:+15.2 2025:+32.9 2026:+3.4,0.86
Hold GER40 + Hold UK100 + Mon AUDJPY,0.16 / 0.21 / 0.63,0.75,False,7.4,42.1,-5.4,-3.4,-1.82,39/58,1.25,2022:+0.7 2023:+10.1 2024:+4.4 2025:+10.6 2026:+6.6,1.37
Hold GER40 + Hold UK100 + Mon CADJPY,0.15 / 0.20 / 0.66,0.75,False,5.6,30.8,-4.9,-3.6,-1.72,37/58,1.03,2022:+3.3 2023:+7.4 2024:+4.2 2025:+7.3 2026:+2.5,1.14
Hold GER40 + Hold UK100 + Mon CHFJPY,0.13 / 0.18 / 0.69,0.75,False,5.6,30.5,-5.8,-3.5,-1.54,37/58,1.11,2022:+2.5 2023:+8.6 2024:+4.2 2025:+7.0 2026:+2.4,0.97
Hold GER40 + Hold UK100 + Mon EURJPY,0.13 / 0.18 / 0.68,0.75,False,6.0,33.3,-4.9,-2.7,-1.62,39/58,1.18,2022:+4.0 2023:+7.9 2024:+3.6 2025:+7.8 2026:+3.7,1.22
Hold GER40 + Hold UK100 + Mon GBPJPY,0.14 / 0.19 / 0.67,0.75,False,7.5,42.9,-5.6,-2.7,-1.64,38/58,1.4,2022:+3.9 2023:+8.4 2024:+5.8 2025:+10.1 2026:+6.0,1.34
Hold GER40 + Hold UK100 + Mon GBPUSD,0.13 / 0.18 / 0.69,0.75,False,4.8,26.1,-7.3,-3.1,-2.26,36/58,0.96,2022:-2.5 2023:+5.4 2024:+3.0 2025:+11.2 2026:+6.0,0.66
Hold GER40 + Hold UK100 + Mon GER40,0.22 / 0.30 / 0.49,0.75,False,7.5,42.9,-11.5,-3.7,-3.22,38/58,0.91,2022:-2.0 2023:+3.0 2024:+8.1 2025:+16.6 2026:+9.6,0.65
Hold GER40 + Hold UK100 + Mon NAS100,0.23 / 0.32 / 0.45,0.75,False,9.5,55.9,-10.8,-6.3,-2.74,39/58,1.13,2022:+3.0 2023:+11.3 2024:+8.3 2025:+16.1 2026:+4.9,0.88
Hold GER40 + Hold UK100 + Mon NZDJPY,0.15 / 0.21 / 0.64,0.75,False,6.5,36.2,-6.7,-3.4,-1.76,40/58,1.14,2022:+0.7 2023:+9.3 2024:+3.4 2025:+9.8 2026:+5.8,0.97
Hold GER40 + Hold UK100 + Mon US500,0.19 / 0.26 / 0.55,0.75,False,7.2,41.0,-10.8,-5.4,-2.23,37/58,1.04,2022:-0.4 2023:+9.9 2024:+5.9 2025:+13.6 2026:+4.7,0.67
Hold GER40 + Hold UK100 + Mon USDJPY,0.14 / 0.19 / 0.68,0.75,False,5.3,29.0,-4.9,-3.3,-1.84,38/58,1.06,2022:+5.2 2023:+5.4 2024:+5.4 2025:+5.2 2026:+2.0,1.08
Hold GER40 + Hold UK100 + Roll AUDJPY,0.07 / 0.09 / 0.84,0.75,True,3.0,15.5,-2.4,-1.3,-0.79,36/59,1.19,2022:-0.0 2023:+4.1 2024:+2.7 2025:+5.6 2026:+1.6,1.25
Hold GER40 + Hold UK100 + Roll CADJPY,0.05 / 0.07 / 0.88,0.75,True,2.6,13.3,-2.6,-1.3,-0.62,38/58,1.33,2022:-0.5 2023:+4.3 2024:+3.2 2025:+4.3 2026:+0.9,1.0
Hold GER40 + Hold UK100 + Roll EURJPY,0.05 / 0.06 / 0.89,0.75,True,2.5,12.7,-1.8,-0.9,-0.54,37/59,1.44,2022:-0.2 2023:+3.7 2024:+3.2 2025:+4.1 2026:+0.9,1.39
Hold GER40 + Hold UK100 + Roll GBPJPY,0.05 / 0.07 / 0.88,0.75,True,3.2,16.6,-1.7,-1.2,-0.58,41/59,1.7,2022:+0.3 2023:+4.5 2024:+3.9 2025:+4.9 2026:+1.6,1.88
Hold GER40 + Hold UK100 + Roll USDJPY,0.06 / 0.09 / 0.85,0.75,True,3.4,18.1,-3.4,-1.5,-0.73,41/59,1.48,2022:-0.8 2023:+5.3 2024:+4.0 2025:+6.5 2026:+1.4,1.0
Hold GER40 + Hold UK100 + TSMOM XAUUSD,0.30 / 0.41 / 0.30,0.75,False,10.1,60.7,-11.9,-9.1,-4.3,38/58,0.92,2022:-5.0 2023:+4.7 2024:+15.4 2025:+28.8 2026:+7.2,0.85
Hold GER40 + Hold UK100 + v4 AUDUSD,0.15 / 0.21 / 0.64,0.75,False,5.3,29.2,-7.5,-3.8,-1.78,34/58,0.93,2022:-1.5 2023:+10.1 2024:+2.5 2025:+9.6 2026:+3.4,0.71
Hold GER40 + Hold US500 + Hold XAUUSD,0.34 / 0.34 / 0.32,0.44,False,13.7,87.7,-20.1,-8.7,-4.61,40/58,1.1,2022:-10.9 2023:+19.2 2024:+22.9 2025:+32.9 2026:+1.8,0.68
Hold GER40 + Hold US500 + Mon AUDJPY,0.16 / 0.17 / 0.67,0.44,False,7.8,44.6,-8.1,-3.7,-2.07,38/58,1.3,2022:-2.8 2023:+13.9 2024:+7.1 2025:+9.4 2026:+5.9,0.96
Hold GER40 + Hold US500 + Mon CADJPY,0.15 / 0.15 / 0.69,0.44,False,5.9,32.3,-6.5,-3.1,-1.79,40/58,1.08,2022:+0.1 2023:+10.7 2024:+6.7 2025:+6.0 2026:+1.7,0.91
Hold GER40 + Hold US500 + Mon CHFJPY,0.14 / 0.14 / 0.72,0.44,False,5.8,31.8,-7.4,-3.2,-1.72,40/58,1.18,2022:-0.4 2023:+11.7 2024:+6.4 2025:+5.9 2026:+1.6,0.78
Hold GER40 + Hold US500 + Mon EURJPY,0.14 / 0.14 / 0.72,0.44,False,6.3,34.9,-6.0,-2.7,-1.72,40/58,1.24,2022:+1.1 2023:+11.0 2024:+5.9 2025:+6.7 2026:+3.0,1.05
Hold GER40 + Hold US500 + Mon GBPJPY,0.15 / 0.15 / 0.71,0.44,False,7.9,45.1,-7.0,-2.9,-1.99,43/58,1.47,2022:+0.8 2023:+11.6 2024:+8.3 2025:+9.0 2026:+5.4,1.13
Hold GER40 + Hold US500 + Mon GBPUSD,0.14 / 0.14 / 0.73,0.44,False,5.0,27.1,-9.5,-3.4,-1.67,37/58,1.0,2022:-5.5 2023:+8.2 2024:+5.2 2025:+10.2 2026:+5.4,0.53
Hold GER40 + Hold US500 + Mon GER40,0.23 / 0.24 / 0.53,0.44,False,8.1,46.4,-15.3,-4.6,-3.36,38/58,0.95,2022:-7.1 2023:+7.5 2024:+12.4 2025:+15.2 2026:+8.9,0.53
Hold GER40 + Hold US500 + Mon NAS100,0.26 / 0.26 / 0.49,0.44,False,10.2,61.0,-13.6,-7.0,-3.21,38/58,1.13,2022:-2.4 2023:+17.4 2024:+13.1 2025:+14.6 2026:+3.7,0.75
Hold GER40 + Hold US500 + Mon NZDJPY,0.16 / 0.16 / 0.68,0.44,False,6.8,38.1,-9.4,-3.7,-1.98,40/58,1.19,2022:-2.6 2023:+12.9 2024:+5.9 2025:+8.6 2026:+5.1,0.72
Hold GER40 + Hold US500 + Mon US500,0.20 / 0.21 / 0.59,0.44,False,7.7,43.8,-13.5,-5.9,-2.73,37/58,1.03,2022:-4.9 2023:+14.6 2024:+9.4 2025:+12.2 2026:+3.7,0.57
Hold GER40 + Hold US500 + Mon USDJPY,0.14 / 0.14 / 0.71,0.44,False,5.5,30.3,-5.5,-2.9,-1.57,40/58,1.12,2022:+2.2 2023:+8.3 2024:+7.8 2025:+3.9 2026:+1.3,1.0
Hold GER40 + Hold US500 + Roll AUDJPY,0.07 / 0.07 / 0.86,0.44,True,3.0,15.7,-3.4,-1.4,-0.76,40/59,1.25,2022:-1.5 2023:+5.4 2024:+3.8 2025:+5.0 2026:+1.3,0.88
Hold GER40 + Hold US500 + Roll CADJPY,0.05 / 0.05 / 0.89,0.44,True,2.6,13.5,-3.4,-1.4,-0.59,38/58,1.4,2022:-1.7 2023:+5.4 2024:+4.1 2025:+3.8 2026:+0.6,0.76
Hold GER40 + Hold US500 + Roll EURJPY,0.05 / 0.05 / 0.91,0.44,True,2.5,12.8,-2.5,-0.9,-0.52,38/59,1.52,2022:-1.2 2023:+4.6 2024:+3.9 2025:+3.7 2026:+0.6,1.0
Hold GER40 + Hold US500 + Roll GBPJPY,0.05 / 0.05 / 0.90,0.44,True,3.2,16.8,-2.4,-1.2,-0.56,41/59,1.79,2022:-0.8 2023:+5.5 2024:+4.7 2025:+4.4 2026:+1.3,1.33
Hold GER40 + Hold US500 + Roll USDJPY,0.06 / 0.06 / 0.87,0.44,True,3.5,18.4,-4.4,-1.6,-0.7,43/59,1.55,2022:-2.2 2023:+6.6 2024:+5.1 2025:+5.9 2026:+1.0,0.8
Hold GER40 + Hold US500 + TSMOM XAUUSD,0.33 / 0.34 / 0.33,0.44,False,11.3,69.0,-18.0,-8.8,-4.56,39/58,0.99,2022:-12.1 2023:+11.5 2024:+23.0 2025:+28.3 2026:+6.0,0.63
Hold GER40 + Hold US500 + v4 AUDUSD,0.16 / 0.16 / 0.68,0.44,False,5.6,30.6,-9.4,-4.1,-1.76,37/58,1.0,2022:-5.0 2023:+13.8 2024:+5.0 2025:+8.4 2026:+2.6,0.6
Hold GER40 + Hold XAUUSD + Mon AUDJPY,0.17 / 0.15 / 0.68,0.12,False,8.8,51.6,-5.6,-2.7,-1.81,41/58,1.6,2022:+0.6 2023:+12.2 2024:+7.5 2025:+15.4 2026:+4.1,1.57
Hold GER40 + Hold XAUUSD + Mon CADJPY,0.15 / 0.14 / 0.70,0.12,False,6.8,38.1,-4.7,-4.0,-1.54,39/58,1.38,2022:+3.3 2023:+9.2 2024:+7.0 2025:+11.4 2026:-0.1,1.45
Hold GER40 + Hold XAUUSD + Mon CHFJPY,0.14 / 0.13 / 0.73,0.12,False,6.6,37.0,-6.0,-3.9,-1.5,43/58,1.46,2022:+2.5 2023:+10.2 2024:+6.8 2025:+10.6 2026:+0.1,1.1
Hold GER40 + Hold XAUUSD + Mon EURJPY,0.14 / 0.13 / 0.73,0.12,False,7.1,40.3,-4.1,-3.0,-1.62,44/58,1.54,2022:+4.1 2023:+9.5 2024:+6.2 2025:+11.6 2026:+1.4,1.73
Hold GER40 + Hold XAUUSD + Mon GBPJPY,0.15 / 0.14 / 0.72,0.12,False,8.8,51.4,-4.5,-2.6,-1.76,46/58,1.8,2022:+3.9 2023:+10.1 2024:+8.6 2025:+14.2 2026:+3.8,1.96
Hold GER40 + Hold XAUUSD + Mon GBPUSD,0.14 / 0.13 / 0.73,0.14,False,5.8,31.9,-8.0,-2.5,-1.83,35/58,1.23,2022:-2.8 2023:+6.8 2024:+5.5 2025:+15.2 2026:+3.8,0.72
Hold GER40 + Hold XAUUSD + Mon GER40,0.24 / 0.22 / 0.54,0.14,False,9.6,57.0,-12.2,-3.7,-3.43,40/58,1.21,2022:-2.5 2023:+5.1 2024:+13.1 2025:+24.5 2026:+6.2,0.79
Hold GER40 + Hold XAUUSD + Mon NAS100,0.26 / 0.24 / 0.50,0.12,False,12.0,74.2,-11.3,-5.5,-2.49,40/58,1.46,2022:+3.1 2023:+14.7 2024:+13.9 2025:+24.7 2026:+0.7,1.06
Hold GER40 + Hold XAUUSD + Mon NZDJPY,0.16 / 0.15 / 0.69,0.12,False,7.8,44.5,-7.5,-2.7,-1.73,39/58,1.48,2022:+0.6 2023:+11.3 2024:+6.2 2025:+14.3 2026:+3.3,1.04
Hold GER40 + Hold XAUUSD + Mon US500,0.21 / 0.19 / 0.60,0.12,False,9.0,52.7,-11.1,-4.6,-2.14,40/58,1.36,2022:-0.7 2023:+12.5 2024:+10.0 2025:+20.0 2026:+1.4,0.81
Hold GER40 + Hold XAUUSD + Mon USDJPY,0.15 / 0.13 / 0.72,0.12,False,6.4,35.6,-4.6,-3.7,-1.39,40/58,1.45,2022:+5.3 2023:+6.8 2024:+8.1 2025:+8.8 2026:-0.3,1.39
Hold GER40 + Hold XAUUSD + Roll AUDJPY,0.07 / 0.06 / 0.87,0.12,True,3.4,17.8,-2.3,-1.0,-0.67,39/59,1.53,2022:-0.2 2023:+4.7 2024:+4.0 2025:+7.3 2026:+0.5,1.48
Hold GER40 + Hold XAUUSD + Roll CADJPY,0.05 / 0.05 / 0.90,0.12,True,2.9,15.1,-2.6,-1.1,-0.52,42/58,1.7,2022:-0.7 2023:+4.8 2024:+4.2 2025:+5.6 2026:+0.0,1.12
Hold GER40 + Hold XAUUSD + Roll EURJPY,0.05 / 0.04 / 0.91,0.12,True,2.7,14.2,-1.9,-0.7,-0.45,40/59,1.84,2022:-0.3 2023:+4.1 2024:+4.0 2025:+5.3 2026:+0.1,1.42
Hold GER40 + Hold XAUUSD + Roll GBPJPY,0.05 / 0.05 / 0.90,0.12,True,3.5,18.3,-1.7,-0.9,-0.49,43/59,2.14,2022:+0.2 2023:+5.0 2024:+4.8 2025:+6.1 2026:+0.7,2.06
Hold GER40 + Hold XAUUSD + Roll USDJPY,0.06 / 0.06 / 0.88,0.12,True,3.9,20.4,-3.4,-1.4,-0.62,43/59,1.87,2022:-0.9 2023:+6.0 2024:+5.2 2025:+8.1 2026:+0.3,1.15
Hold GER40 + Hold XAUUSD + TSMOM XAUUSD,0.34 / 0.32 / 0.34,0.68,False,13.4,85.2,-14.4,-10.8,-7.15,38/58,1.04,2022:-6.0 2023:+8.0 2024:+24.1 2025:+43.2 2026:+1.6,0.93
Hold GER40 + Hold XAUUSD + v4 AUDUSD,0.16 / 0.15 / 0.69,0.12,False,6.6,36.6,-7.6,-3.4,-1.63,43/58,1.27,2022:-1.8 2023:+12.1 2024:+5.3 2025:+14.1 2026:+0.8,0.87
Hold GER40 + Mon AUDJPY + Mon CADJPY,0.10 / 0.42 / 0.47,0.8,False,5.3,28.7,-3.0,-1.3,-1.46,39/58,1.32,2022:+3.8 2023:+9.1 2024:+2.6 2025:+4.2 2026:+3.0,1.77
Hold GER40 + Mon AUDJPY + Mon CHFJPY,0.10 / 0.39 / 0.51,0.59,False,5.3,28.6,-3.2,-1.7,-1.44,38/58,1.47,2022:+3.2 2023:+9.8 2024:+2.7 2025:+4.2 2026:+2.9,1.66
Hold GER40 + Mon AUDJPY + Mon EURJPY,0.10 / 0.40 / 0.50,0.67,False,5.6,30.6,-2.9,-1.3,-1.52,39/58,1.5,2022:+4.4 2023:+9.3 2024:+2.2 2025:+4.8 2026:+3.8,1.93
Hold GER40 + Mon AUDJPY + Mon GBPJPY,0.10 / 0.41 / 0.49,0.72,False,6.7,37.3,-3.2,-1.4,-1.62,42/58,1.71,2022:+4.2 2023:+9.7 2024:+3.8 2025:+6.3 2026:+5.6,2.09
Hold GER40 + Mon AUDJPY + Mon GBPUSD,0.10 / 0.39 / 0.51,0.29,False,4.7,25.4,-4.8,-1.8,-1.4,40/58,1.41,2022:-0.5 2023:+7.4 2024:+1.9 2025:+7.3 2026:+5.5,0.98
Hold GER40 + Mon AUDJPY + Mon GER40,0.14 / 0.56 / 0.31,0.19,False,6.4,35.8,-6.0,-1.9,-2.04,36/58,1.38,2022:+0.7 2023:+6.8 2024:+4.5 2025:+8.9 2026:+7.7,1.07
Hold GER40 + Mon AUDJPY + Mon NAS100,0.14 / 0.58 / 0.27,0.28,False,7.5,42.8,-4.2,-3.1,-1.66,42/58,1.58,2022:+4.0 2023:+12.1 2024:+4.5 2025:+8.2 2026:+4.7,1.79
Hold GER40 + Mon AUDJPY + Mon NZDJPY,0.11 / 0.43 / 0.46,0.9,False,5.9,32.4,-3.6,-1.9,-1.58,39/58,1.4,2022:+2.0 2023:+10.5 2024:+1.9 2025:+5.8 2026:+5.4,1.64
Hold GER40 + Mon AUDJPY + Mon US500,0.13 / 0.51 / 0.36,0.35,False,6.3,35.0,-5.0,-2.9,-1.81,41/58,1.46,2022:+1.5 2023:+11.1 2024:+3.4 2025:+7.6 2026:+4.6,1.26
Hold GER40 + Mon AUDJPY + Mon USDJPY,0.10 / 0.41 / 0.50,0.48,False,5.1,27.5,-2.5,-1.0,-1.09,38/58,1.44,2022:+5.2 2023:+7.5 2024:+3.5 2025:+2.8 2026:+2.7,2.04
Hold GER40 + Mon AUDJPY + Roll AUDJPY,0.06 / 0.23 / 0.71,0.04,True,3.2,16.6,-1.5,-0.8,-0.5,35/59,1.81,2022:+0.8 2023:+5.5 2024:+2.1 2025:+4.2 2026:+2.0,2.13
Hold GER40 + Mon AUDJPY + Roll CADJPY,0.05 / 0.19 / 0.77,0.04,True,2.8,14.5,-1.5,-0.9,-0.4,40/58,1.98,2022:+0.1 2023:+5.4 2024:+2.6 2025:+3.3 2026:+1.3,1.87
Hold GER40 + Mon AUDJPY + Roll EURJPY,0.04 / 0.17 / 0.79,0.04,True,2.7,13.8,-1.1,-0.6,-0.36,37/59,2.12,2022:+0.4 2023:+4.8 2024:+2.6 2025:+3.3 2026:+1.3,2.45
Hold GER40 + Mon AUDJPY + Roll GBPJPY,0.04 / 0.18 / 0.78,0.04,True,3.3,17.3,-1.0,-0.8,-0.38,45/59,2.43,2022:+0.9 2023:+5.5 2024:+3.2 2025:+3.9 2026:+1.9,3.3
Hold GER40 + Mon AUDJPY + Roll USDJPY,0.05 / 0.22 / 0.73,0.04,True,3.6,18.8,-1.9,-1.0,-0.47,43/59,2.17,2022:+0.1 2023:+6.5 2024:+3.2 2025:+5.0 2026:+1.8,1.89
Hold GER40 + Mon AUDJPY + TSMOM XAUUSD,0.17 / 0.67 / 0.16,0.04,False,7.7,44.1,-5.9,-2.4,-1.71,37/58,1.5,2022:-0.4 2023:+8.6 2024:+7.7 2025:+13.6 2026:+6.1,1.31
Hold GER40 + Mon AUDJPY + v4 AUDUSD,0.11 / 0.44 / 0.46,0.06,False,5.1,27.7,-3.6,-2.1,-1.38,37/58,1.51,2022:+0.5 2023:+11.1 2024:+1.4 2025:+5.7 2026:+3.7,1.42
Hold GER40 + Mon CADJPY + Mon CHFJPY,0.09 / 0.42 / 0.49,0.66,False,4.2,22.4,-3.1,-2.1,-1.29,36/58,1.22,2022:+4.8 2023:+8.1 2024:+2.6 2025:+2.5 2026:+0.4,1.35
Hold GER40 + Mon CADJPY + Mon EURJPY,0.09 / 0.43 / 0.48,0.71,False,4.5,24.2,-2.9,-1.7,-1.29,36/58,1.27,2022:+5.9 2023:+7.7 2024:+2.2 2025:+2.9 2026:+1.3,1.55
Hold GER40 + Mon CADJPY + Mon GBPJPY,0.10 / 0.44 / 0.47,0.72,False,5.5,30.1,-3.2,-1.5,-1.46,38/58,1.5,2022:+5.8 2023:+8.0 2024:+3.7 2025:+4.3 2026:+2.9,1.72
Hold GER40 + Mon CADJPY + Mon GBPUSD,0.09 / 0.42 / 0.49,0.12,False,3.7,19.6,-3.7,-1.3,-1.26,37/58,1.26,2022:+1.1 2023:+5.9 2024:+1.8 2025:+5.3 2026:+2.9,1.0
Hold GER40 + Mon CADJPY + Mon GER40,0.13 / 0.58 / 0.29,0.14,False,4.9,26.5,-5.0,-2.1,-2.05,34/58,1.15,2022:+3.0 2023:+4.7 2024:+4.3 2025:+6.0 2026:+3.9,0.98
Hold GER40 + Mon CADJPY + Mon NAS100,0.13 / 0.61 / 0.26,0.21,False,5.8,32.2,-4.0,-2.4,-1.49,38/58,1.35,2022:+6.2 2023:+9.5 2024:+4.3 2025:+5.3 2026:+1.0,1.45
Hold GER40 + Mon CADJPY + Mon NZDJPY,0.10 / 0.46 / 0.44,0.76,False,4.7,25.3,-3.0,-1.5,-1.42,36/58,1.22,2022:+3.8 2023:+8.6 2024:+1.9 2025:+3.8 2026:+2.5,1.57
Hold GER40 + Mon CADJPY + Mon US500,0.12 / 0.54 / 0.34,0.26,False,4.9,26.4,-4.2,-2.2,-1.6,39/58,1.24,2022:+3.6 2023:+8.8 2024:+3.3 2025:+5.1 2026:+1.3,1.17
Hold GER40 + Mon CADJPY + Mon USDJPY,0.10 / 0.43 / 0.47,0.74,False,4.0,21.2,-3.4,-1.9,-1.45,39/58,1.13,2022:+6.7 2023:+5.9 2024:+3.4 2025:+1.1 2026:+0.2,1.18
Hold GER40 + Mon CADJPY + Roll AUDJPY,0.06 / 0.25 / 0.69,0.02,True,2.6,13.5,-1.4,-0.5,-0.47,35/59,1.54,2022:+1.7 2023:+4.6 2024:+2.1 2025:+3.1 2026:+0.6,1.86
Hold GER40 + Mon CADJPY + Roll CADJPY,0.05 / 0.20 / 0.75,0.02,True,2.3,12.1,-1.4,-0.7,-0.39,37/58,1.71,2022:+0.9 2023:+4.7 2024:+2.6 2025:+2.5 2026:+0.2,1.64
Hold GER40 + Mon CADJPY + Roll EURJPY,0.04 / 0.18 / 0.78,0.02,True,2.3,11.7,-1.0,-0.5,-0.34,39/59,1.85,2022:+1.1 2023:+4.1 2024:+2.6 2025:+2.5 2026:+0.3,2.3
Hold GER40 + Mon CADJPY + Roll GBPJPY,0.04 / 0.20 / 0.76,0.02,True,2.9,14.9,-1.1,-0.6,-0.36,43/59,2.17,2022:+1.6 2023:+4.9 2024:+3.2 2025:+3.1 2026:+0.8,2.64
Hold GER40 + Mon CADJPY + Roll USDJPY,0.05 / 0.24 / 0.71,0.02,True,3.0,15.8,-2.0,-0.9,-0.46,43/59,1.9,2022:+1.0 2023:+5.6 2024:+3.2 2025:+4.0 2026:+0.5,1.5
Hold GER40 + Mon CADJPY + TSMOM XAUUSD,0.15 / 0.69 / 0.15,0.02,False,5.8,31.8,-4.7,-4.0,-1.59,36/58,1.25,2022:+2.4 2023:+5.9 2024:+7.3 2025:+9.8 2026:+1.8,1.23
Hold GER40 + Mon CADJPY + v4 AUDUSD,0.10 / 0.46 / 0.43,0.06,False,3.9,21.0,-3.2,-1.6,-1.14,37/58,1.26,2022:+2.3 2023:+9.1 2024:+1.4 2025:+3.7 2026:+0.9,1.22
Hold GER40 + Mon CHFJPY + Mon EURJPY,0.09 / 0.46 / 0.45,0.79,False,4.5,24.4,-2.8,-1.6,-1.29,38/58,1.33,2022:+5.2 2023:+8.4 2024:+2.3 2025:+3.0 2026:+1.3,1.61
Hold GER40 + Mon CHFJPY + Mon GBPJPY,0.09 / 0.47 / 0.44,0.66,False,5.5,29.9,-2.9,-1.3,-1.44,41/58,1.6,2022:+5.1 2023:+8.7 2024:+3.7 2025:+4.3 2026:+2.8,1.9
Hold GER40 + Mon CHFJPY + Mon GBPUSD,0.09 / 0.45 / 0.46,0.12,False,3.8,20.0,-3.7,-1.7,-1.25,40/58,1.33,2022:+0.8 2023:+6.7 2024:+2.0 2025:+5.3 2026:+2.8,1.03
Hold GER40 + Mon CHFJPY + Mon GER40,0.12 / 0.62 / 0.26,0.14,False,4.9,26.6,-5.3,-1.7,-1.56,37/58,1.28,2022:+2.3 2023:+5.9 2024:+4.3 2025:+5.9 2026:+3.7,0.92
Hold GER40 + Mon CHFJPY + Mon NAS100,0.12 / 0.64 / 0.23,0.07,False,5.8,31.8,-4.5,-2.7,-1.3,42/58,1.52,2022:+5.2 2023:+10.4 2024:+4.3 2025:+5.3 2026:+1.1,1.29
Hold GER40 + Mon CHFJPY + Mon NZDJPY,0.10 / 0.50 / 0.41,0.62,False,4.7,25.4,-3.5,-1.7,-1.4,37/58,1.35,2022:+3.2 2023:+9.3 2024:+2.1 2025:+3.9 2026:+2.4,1.34
Hold GER40 + Mon CHFJPY + Mon US500,0.11 / 0.57 / 0.32,0.11,False,4.9,26.5,-4.4,-2.6,-1.56,40/58,1.4,2022:+2.9 2023:+9.7 2024:+3.4 2025:+5.0 2026:+1.3,1.11
Hold GER40 + Mon CHFJPY + Mon USDJPY,0.09 / 0.47 / 0.44,0.59,False,4.1,21.6,-2.8,-2.0,-1.22,39/58,1.26,2022:+5.9 2023:+6.7 2024:+3.4 2025:+1.3 2026:+0.3,1.46
Hold GER40 + Mon CHFJPY + Roll AUDJPY,0.05 / 0.28 / 0.66,0.05,True,2.7,14.0,-1.4,-0.8,-0.46,36/59,1.64,2022:+1.5 2023:+5.2 2024:+2.1 2025:+3.2 2026:+0.6,1.93
Hold GER40 + Mon CHFJPY + Roll CADJPY,0.04 / 0.23 / 0.73,0.05,True,2.4,12.5,-1.8,-0.9,-0.38,39/58,1.81,2022:+0.7 2023:+5.2 2024:+2.6 2025:+2.6 2026:+0.2,1.33
Hold GER40 + Mon CHFJPY + Roll EURJPY,0.04 / 0.21 / 0.76,0.05,True,2.3,12.1,-1.2,-0.6,-0.34,40/59,1.95,2022:+0.9 2023:+4.6 2024:+2.7 2025:+2.6 2026:+0.3,1.92
Hold GER40 + Mon CHFJPY + Roll GBPJPY,0.04 / 0.22 / 0.74,0.05,True,2.9,15.2,-1.1,-0.8,-0.36,45/59,2.26,2022:+1.4 2023:+5.3 2024:+3.2 2025:+3.1 2026:+0.8,2.64
Hold GER40 + Mon CHFJPY + Roll USDJPY,0.05 / 0.26 / 0.69,0.05,True,3.1,16.2,-2.3,-1.0,-0.44,45/59,1.99,2022:+0.8 2023:+6.1 2024:+3.2 2025:+4.0 2026:+0.5,1.35
Hold GER40 + Mon CHFJPY + TSMOM XAUUSD,0.14 / 0.72 / 0.14,0.05,False,5.7,31.4,-4.6,-3.9,-1.43,41/58,1.33,2022:+1.6 2023:+7.3 2024:+6.9 2025:+9.2 2026:+1.7,1.24
Hold GER40 + Mon CHFJPY + v4 AUDUSD,0.10 / 0.50 / 0.40,0.06,False,4.0,21.4,-4.4,-1.9,-0.95,40/58,1.34,2022:+1.8 2023:+9.9 2024:+1.6 2025:+3.7 2026:+1.0,0.91
Hold GER40 + Mon EURJPY + Mon GBPJPY,0.09 / 0.47 / 0.44,0.81,False,5.8,31.9,-3.3,-1.6,-1.48,41/58,1.61,2022:+6.2 2023:+8.3 2024:+3.3 2025:+4.8 2026:+3.7,1.76
Hold GER40 + Mon EURJPY + Mon GBPUSD,0.09 / 0.45 / 0.47,0.24,False,4.1,21.6,-3.6,-1.4,-1.25,39/58,1.34,2022:+1.7 2023:+6.3 2024:+1.6 2025:+5.8 2026:+3.7,1.14
Hold GER40 + Mon EURJPY + Mon GER40,0.12 / 0.61 / 0.27,0.17,False,5.3,29.0,-5.3,-2.8,-1.96,36/58,1.3,2022:+3.6 2023:+5.3 2024:+3.8 2025:+6.6 2026:+4.9,1.0
Hold GER40 + Mon EURJPY + Mon NAS100,0.12 / 0.64 / 0.24,0.14,False,6.2,34.5,-4.3,-2.3,-1.24,43/58,1.55,2022:+6.7 2023:+9.8 2024:+3.8 2025:+6.0 2026:+2.2,1.44
Hold GER40 + Mon EURJPY + Mon NZDJPY,0.10 / 0.49 / 0.41,0.67,False,5.0,27.3,-3.2,-1.4,-1.39,39/58,1.39,2022:+4.3 2023:+8.9 2024:+1.6 2025:+4.4 2026:+3.4,1.56
Hold GER40 + Mon EURJPY + Mon US500,0.11 / 0.57 / 0.32,0.21,False,5.3,28.8,-4.3,-2.2,-1.56,40/58,1.43,2022:+4.2 2023:+9.1 2024:+2.9 2025:+5.6 2026:+2.4,1.23
Hold GER40 + Mon EURJPY + Mon USDJPY,0.09 / 0.46 / 0.45,0.62,False,4.4,23.3,-2.8,-1.7,-1.2,36/58,1.32,2022:+7.0 2023:+6.3 2024:+3.0 2025:+1.8 2026:+1.1,1.57
Hold GER40 + Mon EURJPY + Roll AUDJPY,0.05 / 0.28 / 0.67,0.07,True,2.9,14.9,-1.5,-0.7,-0.52,39/59,1.72,2022:+2.0 2023:+4.9 2024:+1.9 2025:+3.4 2026:+1.1,1.93
Hold GER40 + Mon EURJPY + Roll CADJPY,0.04 / 0.22 / 0.73,0.07,True,2.6,13.2,-1.4,-0.7,-0.42,42/58,1.88,2022:+1.2 2023:+4.9 2024:+2.4 2025:+2.8 2026:+0.6,1.86
Hold GER40 + Mon EURJPY + Roll EURJPY,0.04 / 0.20 / 0.76,0.07,True,2.5,12.7,-1.1,-0.5,-0.38,41/59,2.02,2022:+1.3 2023:+4.4 2024:+2.5 2025:+2.8 2026:+0.7,2.27
Hold GER40 + Mon EURJPY + Roll GBPJPY,0.04 / 0.21 / 0.74,0.07,True,3.1,15.9,-1.2,-0.6,-0.4,47/59,2.33,2022:+1.9 2023:+5.1 2024:+3.0 2025:+3.3 2026:+1.2,2.58
Hold GER40 + Mon EURJPY + Roll USDJPY,0.05 / 0.26 / 0.69,0.07,True,3.3,17.1,-2.0,-0.8,-0.48,44/59,2.07,2022:+1.3 2023:+5.8 2024:+3.0 2025:+4.3 2026:+1.0,1.65
Hold GER40 + Mon EURJPY + TSMOM XAUUSD,0.14 / 0.72 / 0.14,0.07,False,6.2,34.4,-4.5,-3.1,-1.62,44/58,1.41,2022:+3.2 2023:+6.5 2024:+6.4 2025:+10.2 2026:+3.1,1.38
Hold GER40 + Mon EURJPY + v4 AUDUSD,0.10 / 0.49 / 0.41,0.07,False,4.3,23.2,-3.4,-1.6,-0.92,39/58,1.42,2022:+2.8 2023:+9.4 2024:+1.1 2025:+4.2 2026:+1.9,1.26
Hold GER40 + Mon GBPJPY + Mon GBPUSD,0.09 / 0.44 / 0.48,0.47,False,5.0,26.9,-4.3,-1.4,-1.4,42/58,1.51,2022:+1.5 2023:+6.5 2024:+2.9 2025:+7.1 2026:+5.2,1.16
Hold GER40 + Mon GBPJPY + Mon GER40,0.12 / 0.60 / 0.28,0.18,False,6.6,37.1,-5.8,-2.5,-1.95,40/58,1.55,2022:+3.5 2023:+5.6 2024:+5.7 2025:+8.6 2026:+7.1,1.14
Hold GER40 + Mon GBPJPY + Mon NAS100,0.13 / 0.63 / 0.25,0.12,False,7.6,43.5,-3.8,-2.5,-1.48,44/58,1.84,2022:+6.6 2023:+10.3 2024:+5.8 2025:+8.0 2026:+4.4,2.0
Hold GER40 + Mon GBPJPY + Mon NZDJPY,0.10 / 0.48 / 0.42,0.71,False,6.1,33.6,-3.3,-1.5,-1.57,39/58,1.61,2022:+4.2 2023:+9.2 2024:+3.1 2025:+5.9 2026:+5.1,1.85
Hold GER40 + Mon GBPJPY + Mon US500,0.11 / 0.56 / 0.33,0.22,False,6.5,36.3,-4.2,-2.3,-1.77,44/58,1.68,2022:+4.0 2023:+9.5 2024:+4.6 2025:+7.4 2026:+4.3,1.55
Hold GER40 + Mon GBPJPY + Mon USDJPY,0.09 / 0.45 / 0.46,0.57,False,5.3,29.0,-3.1,-1.4,-1.2,38/58,1.57,2022:+7.0 2023:+6.5 2024:+4.5 2025:+3.1 2026:+2.6,1.71
Hold GER40 + Mon GBPJPY + Roll AUDJPY,0.05 / 0.27 / 0.68,0.09,True,3.4,17.9,-1.7,-0.6,-0.54,44/59,1.99,2022:+2.0 2023:+5.0 2024:+2.7 2025:+4.2 2026:+2.0,2.0
Hold GER40 + Mon GBPJPY + Roll CADJPY,0.04 / 0.22 / 0.74,0.09,True,3.0,15.6,-1.4,-0.8,-0.44,41/58,2.16,2022:+1.1 2023:+5.0 2024:+3.1 2025:+3.4 2026:+1.3,2.14
Hold GER40 + Mon GBPJPY + Roll EURJPY,0.04 / 0.19 / 0.77,0.09,True,2.8,14.8,-1.2,-0.5,-0.39,42/59,2.3,2022:+1.2 2023:+4.4 2024:+3.1 2025:+3.4 2026:+1.3,2.33
Hold GER40 + Mon GBPJPY + Roll GBPJPY,0.04 / 0.21 / 0.75,0.09,True,3.5,18.3,-1.3,-0.6,-0.42,47/59,2.6,2022:+1.8 2023:+5.2 2024:+3.7 2025:+3.9 2026:+1.9,2.69
Hold GER40 + Mon GBPJPY + Roll USDJPY,0.05 / 0.25 / 0.70,0.09,True,3.8,19.9,-1.7,-0.8,-0.5,45/59,2.34,2022:+1.2 2023:+6.0 2024:+3.8 2025:+5.0 2026:+1.8,2.24
Hold GER40 + Mon GBPJPY + TSMOM XAUUSD,0.15 / 0.71 / 0.15,0.09,False,7.8,44.7,-5.1,-2.7,-1.51,44/58,1.68,2022:+3.0 2023:+7.0 2024:+8.8 2025:+12.7 2026:+5.6,1.53
Hold GER40 + Mon GBPJPY + v4 AUDUSD,0.10 / 0.48 / 0.42,0.09,False,5.4,29.2,-2.6,-1.7,-0.97,42/58,1.7,2022:+2.7 2023:+9.7 2024:+2.6 2025:+5.7 2026:+3.5,2.08
Hold GER40 + Mon GBPUSD + Mon GER40,0.12 / 0.62 / 0.26,0.2,False,4.3,22.7,-7.5,-1.9,-1.66,37/58,1.05,2022:-2.2 2023:+3.1 2024:+3.3 2025:+9.7 2026:+6.9,0.57
Hold GER40 + Mon GBPUSD + Mon NAS100,0.12 / 0.65 / 0.23,0.12,False,5.1,27.6,-5.2,-2.9,-1.66,37/58,1.32,2022:+0.4 2023:+7.3 2024:+3.2 2025:+9.1 2026:+4.4,0.98
Hold GER40 + Mon GBPUSD + Mon NZDJPY,0.09 / 0.50 / 0.40,0.29,False,4.2,22.4,-5.3,-1.8,-1.36,40/58,1.29,2022:-0.5 2023:+7.0 2024:+1.3 2025:+6.8 2026:+5.0,0.79
Hold GER40 + Mon GBPUSD + Mon US500,0.11 / 0.58 / 0.31,0.2,False,4.3,23.0,-5.8,-2.7,-1.57,37/58,1.18,2022:-1.3 2023:+7.0 2024:+2.4 2025:+8.5 2026:+4.3,0.74
Hold GER40 + Mon GBPUSD + Mon USDJPY,0.09 / 0.47 / 0.44,0.12,False,3.6,19.0,-2.8,-1.1,-0.94,43/58,1.52,2022:+2.4 2023:+4.6 2024:+2.7 2025:+4.1 2026:+2.7,1.29
Hold GER40 + Mon GBPUSD + Roll AUDJPY,0.05 / 0.28 / 0.66,0.12,True,2.4,12.5,-2.7,-0.9,-0.61,40/59,1.44,2022:-0.6 2023:+3.9 2024:+1.7 2025:+4.8 2026:+2.1,0.89
Hold GER40 + Mon GBPUSD + Roll CADJPY,0.04 / 0.23 / 0.72,0.12,True,2.2,11.3,-2.5,-1.0,-0.49,35/58,1.61,2022:-0.9 2023:+4.1 2024:+2.3 2025:+3.9 2026:+1.4,0.88
Hold GER40 + Mon GBPUSD + Roll EURJPY,0.04 / 0.21 / 0.75,0.12,True,2.1,11.0,-2.0,-0.6,-0.44,39/59,1.74,2022:-0.6 2023:+3.6 2024:+2.3 2025:+3.8 2026:+1.3,1.05
Hold GER40 + Mon GBPUSD + Roll GBPJPY,0.04 / 0.22 / 0.74,0.12,True,2.7,14.0,-2.1,-0.8,-0.47,41/59,2.05,2022:-0.2 2023:+4.3 2024:+2.9 2025:+4.4 2026:+1.9,1.29
Hold GER40 + Mon GBPUSD + Roll USDJPY,0.05 / 0.27 / 0.68,0.12,True,2.8,14.7,-2.9,-1.0,-0.57,40/59,1.79,2022:-1.2 2023:+4.9 2024:+2.8 2025:+5.6 2026:+1.8,0.97
Hold GER40 + Mon GBPUSD + TSMOM XAUUSD,0.14 / 0.73 / 0.14,0.12,False,4.9,26.7,-7.7,-1.9,-1.83,35/58,1.12,2022:-3.5 2023:+4.0 2024:+5.7 2025:+13.7 2026:+5.5,0.64
Hold GER40 + Mon GBPUSD + v4 AUDUSD,0.09 / 0.50 / 0.40,0.12,False,3.5,18.4,-3.4,-2.1,-1.08,41/58,1.17,2022:-1.9 2023:+7.5 2024:+0.8 2025:+6.7 2026:+3.5,1.03
Hold GER40 + Mon GER40 + Mon NAS100,0.19 / 0.44 / 0.37,0.39,False,7.7,43.9,-8.5,-3.3,-2.77,40/58,1.14,2022:+2.6 2023:+6.4 2024:+7.8 2025:+12.5 2026:+6.7,0.91
Hold GER40 + Mon GER40 + Mon NZDJPY,0.13 / 0.30 / 0.57,0.2,False,5.6,31.0,-6.9,-2.1,-2.04,36/58,1.25,2022:+0.7 2023:+6.2 2024:+3.6 2025:+8.2 2026:+6.9,0.81
Hold GER40 + Mon GER40 + Mon US500,0.16 / 0.37 / 0.47,0.45,False,6.1,33.7,-9.5,-3.0,-2.33,39/58,1.05,2022:-0.3 2023:+6.0 2024:+5.8 2025:+10.9 2026:+6.2,0.64
Hold GER40 + Mon GER40 + Mon USDJPY,0.12 / 0.27 / 0.60,0.14,False,4.7,25.2,-5.1,-2.6,-1.96,36/58,1.22,2022:+4.7 2023:+3.0 2024:+5.4 2025:+4.3 2026:+3.5,0.92
Hold GER40 + Mon GER40 + Roll AUDJPY,0.06 / 0.14 / 0.79,0.14,True,2.8,14.3,-2.7,-1.1,-0.91,39/59,1.37,2022:-0.0 2023:+2.9 2024:+2.9 2025:+5.1 2026:+2.4,1.04
Hold GER40 + Mon GER40 + Roll CADJPY,0.05 / 0.11 / 0.84,0.14,True,2.4,12.5,-2.6,-0.8,-0.72,40/58,1.53,2022:-0.5 2023:+3.4 2024:+3.3 2025:+4.0 2026:+1.5,0.92
Hold GER40 + Mon GER40 + Roll EURJPY,0.04 / 0.10 / 0.86,0.14,True,2.3,12.0,-2.1,-0.7,-0.63,40/59,1.67,2022:-0.2 2023:+2.9 2024:+3.2 2025:+3.8 2026:+1.5,1.1
Hold GER40 + Mon GER40 + Roll GBPJPY,0.05 / 0.11 / 0.84,0.14,True,3.0,15.6,-1.9,-0.8,-0.68,45/59,1.97,2022:+0.3 2023:+3.6 2024:+3.9 2025:+4.5 2026:+2.1,1.58
Hold GER40 + Mon GER40 + Roll USDJPY,0.06 / 0.13 / 0.81,0.14,True,3.2,16.9,-3.4,-1.0,-0.85,43/59,1.71,2022:-0.7 2023:+4.2 2024:+4.1 2025:+6.0 2026:+2.1,0.94
Hold GER40 + Mon GER40 + TSMOM XAUUSD,0.24 / 0.53 / 0.23,0.14,False,8.0,45.9,-11.4,-5.2,-3.37,40/58,1.08,2022:-3.7 2023:+0.5 2024:+13.3 2025:+21.6 2026:+9.1,0.7
Hold GER40 + Mon GER40 + v4 AUDUSD,0.13 / 0.30 / 0.57,0.14,False,4.7,25.0,-4.6,-2.0,-1.91,40/58,1.09,2022:-1.2 2023:+6.8 2024:+2.9 2025:+8.0 2026:+4.8,1.02
Hold GER40 + Mon NAS100 + Mon NZDJPY,0.14 / 0.27 / 0.60,0.26,False,6.7,37.2,-5.3,-3.1,-1.44,40/58,1.46,2022:+3.9 2023:+11.3 2024:+3.5 2025:+7.5 2026:+4.0,1.26
Hold GER40 + Mon NAS100 + Mon US500,0.17 / 0.33 / 0.50,0.93,False,7.3,41.6,-9.2,-4.9,-3.1,39/58,1.12,2022:+3.5 2023:+12.3 2024:+5.9 2025:+10.2 2026:+2.6,0.79
Hold GER40 + Mon NAS100 + Mon USDJPY,0.13 / 0.24 / 0.63,0.05,False,5.6,30.4,-3.5,-2.0,-1.26,42/58,1.45,2022:+7.9 2023:+7.4 2024:+5.4 2025:+3.5 2026:+0.7,1.6
Hold GER40 + Mon NAS100 + Roll AUDJPY,0.07 / 0.12 / 0.81,-0.0,True,3.2,16.5,-1.9,-1.3,-0.63,39/59,1.64,2022:+1.4 2023:+5.1 2024:+2.8 2025:+4.7 2026:+1.0,1.68
Hold GER40 + Mon NAS100 + Roll CADJPY,0.05 / 0.10 / 0.85,-0.01,True,2.7,14.2,-2.4,-1.3,-0.49,38/58,1.82,2022:+0.6 2023:+5.2 2024:+3.3 2025:+3.7 2026:+0.4,1.13
Hold GER40 + Mon NAS100 + Roll EURJPY,0.05 / 0.09 / 0.87,-0.01,True,2.6,13.5,-1.6,-0.9,-0.43,40/59,1.96,2022:+0.8 2023:+4.5 2024:+3.2 2025:+3.6 2026:+0.5,1.62
Hold GER40 + Mon NAS100 + Roll GBPJPY,0.05 / 0.09 / 0.86,0.0,True,3.3,17.3,-1.7,-1.1,-0.47,43/59,2.29,2022:+1.4 2023:+5.3 2024:+3.9 2025:+4.2 2026:+1.1,1.94
Hold GER40 + Mon NAS100 + Roll USDJPY,0.06 / 0.12 / 0.82,-0.01,True,3.6,19.0,-3.3,-1.4,-0.58,41/59,2.01,2022:+0.6 2023:+6.3 2024:+4.1 2025:+5.6 2026:+0.8,1.09
Hold GER40 + Mon NAS100 + TSMOM XAUUSD,0.26 / 0.49 / 0.26,0.02,False,10.1,60.7,-8.0,-4.7,-2.66,38/58,1.35,2022:+1.6 2023:+9.0 2024:+14.1 2025:+21.5 2026:+3.9,1.26
Hold GER40 + Mon NAS100 + v4 AUDUSD,0.14 / 0.27 / 0.59,0.06,False,5.6,30.8,-6.5,-3.5,-1.35,43/58,1.34,2022:+1.8 2023:+12.1 2024:+2.8 2025:+7.3 2026:+1.8,0.86
Hold GER40 + Mon NZDJPY + Mon US500,0.12 / 0.52 / 0.35,0.33,False,5.6,30.6,-6.1,-2.9,-1.75,40/58,1.34,2022:+1.5 2023:+10.4 2024:+2.6 2025:+7.0 2026:+4.0,0.92
Hold GER40 + Mon NZDJPY + Mon USDJPY,0.10 / 0.42 / 0.48,0.47,False,4.5,24.3,-2.6,-1.1,-1.05,36/58,1.33,2022:+5.1 2023:+7.0 2024:+2.8 2025:+2.5 2026:+2.2,1.73
Hold GER40 + Mon NZDJPY + Roll AUDJPY,0.06 / 0.24 / 0.70,0.02,True,2.9,15.1,-1.7,-0.8,-0.48,37/59,1.68,2022:+0.7 2023:+5.2 2024:+1.7 2025:+4.0 2026:+1.8,1.71
Hold GER40 + Mon NZDJPY + Roll CADJPY,0.05 / 0.20 / 0.76,0.02,True,2.6,13.3,-2.1,-1.0,-0.4,37/58,1.85,2022:+0.2 2023:+5.2 2024:+2.3 2025:+3.2 2026:+1.1,1.24
Hold GER40 + Mon NZDJPY + Roll EURJPY,0.04 / 0.17 / 0.79,0.02,True,2.5,12.7,-1.5,-0.6,-0.35,38/59,1.99,2022:+0.4 2023:+4.6 2024:+2.4 2025:+3.1 2026:+1.1,1.67
Hold GER40 + Mon NZDJPY + Roll GBPJPY,0.04 / 0.19 / 0.77,0.02,True,3.1,16.1,-1.2,-0.8,-0.37,43/59,2.3,2022:+0.9 2023:+5.4 2024:+3.0 2025:+3.7 2026:+1.7,2.58
Hold GER40 + Mon NZDJPY + Roll USDJPY,0.05 / 0.23 / 0.72,0.02,True,3.3,17.3,-2.7,-1.0,-0.46,44/59,2.03,2022:+0.1 2023:+6.2 2024:+2.9 2025:+4.8 2026:+1.6,1.22
Hold GER40 + Mon NZDJPY + TSMOM XAUUSD,0.16 / 0.68 / 0.16,0.02,False,6.7,37.6,-6.4,-2.6,-1.65,37/58,1.37,2022:-0.3 2023:+7.8 2024:+6.5 2025:+12.6 2026:+5.3,1.05
Hold GER40 + Mon NZDJPY + v4 AUDUSD,0.11 / 0.45 / 0.44,0.06,False,4.5,24.2,-4.0,-2.2,-1.29,38/58,1.39,2022:+0.5 2023:+10.5 2024:+0.7 2025:+5.3 2026:+3.2,1.12
Hold GER40 + Mon US500 + Mon USDJPY,0.11 / 0.33 / 0.56,0.04,False,4.7,25.3,-3.6,-1.9,-1.17,42/58,1.36,2022:+5.1 2023:+7.0 2024:+4.3 2025:+3.5 2026:+1.0,1.31
Hold GER40 + Mon US500 + Roll AUDJPY,0.06 / 0.18 / 0.76,-0.0,True,2.8,14.7,-2.5,-1.3,-0.64,40/59,1.53,2022:+0.4 2023:+5.1 2024:+2.4 2025:+4.6 2026:+1.1,1.12
Hold GER40 + Mon US500 + Roll CADJPY,0.05 / 0.14 / 0.81,-0.0,True,2.5,12.9,-2.7,-1.3,-0.51,38/58,1.7,2022:-0.2 2023:+5.1 2024:+2.9 2025:+3.6 2026:+0.6,0.93
Hold GER40 + Mon US500 + Roll EURJPY,0.04 / 0.12 / 0.83,-0.01,True,2.4,12.4,-2.0,-0.9,-0.45,40/59,1.84,2022:+0.1 2023:+4.4 2024:+2.9 2025:+3.5 2026:+0.6,1.2
Hold GER40 + Mon US500 + Roll GBPJPY,0.05 / 0.13 / 0.82,0.0,True,3.1,15.9,-1.8,-1.1,-0.48,42/59,2.16,2022:+0.6 2023:+5.2 2024:+3.5 2025:+4.2 2026:+1.2,1.72
Hold GER40 + Mon US500 + Roll USDJPY,0.06 / 0.16 / 0.78,-0.01,True,3.3,17.2,-3.4,-1.4,-0.59,41/59,1.89,2022:-0.3 2023:+6.2 2024:+3.6 2025:+5.5 2026:+0.9,0.97
Hold GER40 + Mon US500 + TSMOM XAUUSD,0.21 / 0.59 / 0.20,0.02,False,7.6,43.4,-8.8,-3.8,-2.13,39/58,1.25,2022:-1.8 2023:+8.0 2024:+10.2 2025:+17.6 2026:+3.9,0.86
Hold GER40 + Mon US500 + v4 AUDUSD,0.12 / 0.36 / 0.52,0.06,False,4.7,25.1,-6.1,-3.2,-1.28,40/58,1.23,2022:-0.3 2023:+11.0 2024:+1.9 2025:+6.8 2026:+2.0,0.77
Hold GER40 + Mon USDJPY + Roll AUDJPY,0.05 / 0.27 / 0.67,-0.0,True,2.6,13.3,-1.4,-0.6,-0.54,37/59,1.57,2022:+2.5 2023:+3.8 2024:+2.6 2025:+2.4 2026:+0.5,1.86
Hold GER40 + Mon USDJPY + Roll CADJPY,0.04 / 0.22 / 0.74,-0.01,True,2.3,11.9,-1.2,-0.7,-0.44,41/58,1.74,2022:+1.6 2023:+4.1 2024:+3.0 2025:+1.9 2026:+0.1,1.92
Hold GER40 + Mon USDJPY + Roll EURJPY,0.04 / 0.20 / 0.76,-0.01,True,2.2,11.5,-1.0,-0.5,-0.39,40/59,1.89,2022:+1.6 2023:+3.6 2024:+3.0 2025:+2.0 2026:+0.2,2.2
Hold GER40 + Mon USDJPY + Roll GBPJPY,0.04 / 0.21 / 0.75,0.0,True,2.8,14.7,-1.1,-0.5,-0.42,44/59,2.21,2022:+2.2 2023:+4.3 2024:+3.6 2025:+2.5 2026:+0.7,2.55
Hold GER40 + Mon USDJPY + Roll USDJPY,0.05 / 0.25 / 0.69,-0.01,True,3.0,15.5,-1.7,-0.8,-0.51,45/59,1.93,2022:+1.7 2023:+4.9 2024:+3.6 2025:+3.3 2026:+0.3,1.76
Hold GER40 + Mon USDJPY + TSMOM XAUUSD,0.14 / 0.71 / 0.14,0.02,False,5.5,29.9,-4.5,-3.7,-1.49,41/58,1.28,2022:+4.4 2023:+3.9 2024:+8.3 2025:+7.4 2026:+1.4,1.22
Hold GER40 + Mon USDJPY + v4 AUDUSD,0.10 / 0.49 / 0.41,0.06,False,3.8,20.1,-3.0,-1.5,-0.97,39/58,1.26,2022:+3.6 2023:+7.5 2024:+2.3 2025:+2.3 2026:+0.7,1.27
Hold GER40 + Roll AUDJPY + Roll CADJPY,0.03 / 0.41 / 0.55,0.77,True,1.9,9.7,-1.1,-0.6,-0.52,34/59,1.54,2022:-0.1 2023:+3.8 2024:+2.3 2025:+2.9 2026:+0.4,1.73
Hold GER40 + Roll AUDJPY + Roll EURJPY,0.03 / 0.38 / 0.59,0.83,True,1.9,9.6,-0.8,-0.4,-0.35,34/59,1.63,2022:+0.1 2023:+3.4 2024:+2.3 2025:+2.9 2026:+0.4,2.37
Hold GER40 + Roll AUDJPY + Roll GBPJPY,0.03 / 0.40 / 0.57,0.81,True,2.3,11.8,-0.7,-0.5,-0.42,43/59,1.89,2022:+0.4 2023:+3.9 2024:+2.8 2025:+3.3 2026:+0.8,3.29
Hold GER40 + Roll AUDJPY + Roll USDJPY,0.04 / 0.46 / 0.50,0.73,True,2.3,12.0,-1.4,-0.6,-0.58,38/59,1.7,2022:-0.2 2023:+4.3 2024:+2.7 2025:+4.0 2026:+0.6,1.64
Hold GER40 + Roll AUDJPY + TSMOM XAUUSD,0.07 / 0.86 / 0.07,0.02,True,3.0,15.5,-2.4,-1.1,-0.72,39/59,1.4,2022:-0.6 2023:+3.3 2024:+4.1 2025:+6.6 2026:+1.3,1.25
Hold GER40 + Roll AUDJPY + v4 AUDUSD,0.06 / 0.70 / 0.24,0.06,True,2.5,12.7,-1.8,-1.0,-0.54,36/59,1.41,2022:-0.1 2023:+5.5 2024:+1.4 2025:+3.9 2026:+0.9,1.39
Hold GER40 + Roll CADJPY + Roll EURJPY,0.03 / 0.45 / 0.52,0.81,True,1.8,9.2,-1.0,-0.5,-0.28,36/59,1.77,2022:-0.2 2023:+3.6 2024:+2.6 2025:+2.6 2026:+0.2,1.8
Hold GER40 + Roll CADJPY + Roll GBPJPY,0.03 / 0.47 / 0.50,0.86,True,2.2,11.1,-0.9,-0.6,-0.4,40/59,2.01,2022:+0.1 2023:+4.1 2024:+3.0 2025:+2.9 2026:+0.5,2.44
Hold GER40 + Roll CADJPY + Roll USDJPY,0.03 / 0.53 / 0.44,0.85,True,2.2,11.2,-1.7,-0.7,-0.54,41/59,1.8,2022:-0.5 2023:+4.4 2024:+3.0 2025:+3.5 2026:+0.3,1.29
Hold GER40 + Roll CADJPY + TSMOM XAUUSD,0.05 / 0.89 / 0.05,0.03,True,2.6,13.3,-2.2,-1.2,-0.56,39/58,1.56,2022:-1.0 2023:+3.8 2024:+4.2 2025:+5.1 2026:+0.7,1.18
Hold GER40 + Roll CADJPY + v4 AUDUSD,0.05 / 0.76 / 0.19,0.06,True,2.2,11.4,-2.3,-1.1,-0.43,35/58,1.57,2022:-0.5 2023:+5.5 2024:+2.1 2025:+3.1 2026:+0.4,0.96
Hold GER40 + Roll EURJPY + Roll GBPJPY,0.03 / 0.51 / 0.47,0.88,True,2.1,10.9,-0.6,-0.4,-0.29,41/59,2.11,2022:+0.2 2023:+3.7 2024:+3.0 2025:+2.9 2026:+0.5,3.5
Hold GER40 + Roll EURJPY + Roll USDJPY,0.03 / 0.57 / 0.40,0.81,True,2.1,10.9,-1.3,-0.5,-0.29,38/59,1.93,2022:-0.3 2023:+4.0 2024:+2.9 2025:+3.4 2026:+0.3,1.62
Hold GER40 + Roll EURJPY + TSMOM XAUUSD,0.05 / 0.91 / 0.05,0.02,True,2.5,12.6,-1.6,-0.8,-0.49,38/59,1.71,2022:-0.6 2023:+3.2 2024:+4.1 2025:+4.8 2026:+0.7,1.56
Hold GER40 + Roll EURJPY + v4 AUDUSD,0.04 / 0.79 / 0.17,0.06,True,2.2,11.1,-1.5,-0.7,-0.39,36/59,1.72,2022:-0.3 2023:+4.8 2024:+2.1 2025:+3.1 2026:+0.5,1.47
Hold GER40 + Roll GBPJPY + Roll USDJPY,0.03 / 0.55 / 0.42,0.85,True,2.6,13.2,-1.1,-0.6,-0.44,43/59,2.16,2022:+0.0 2023:+4.5 2024:+3.4 2025:+3.8 2026:+0.7,2.36
Hold GER40 + Roll GBPJPY + TSMOM XAUUSD,0.05 / 0.90 / 0.05,0.02,True,3.2,16.6,-1.7,-0.8,-0.53,43/59,2.02,2022:-0.1 2023:+4.0 2024:+4.9 2025:+5.6 2026:+1.3,1.88
Hold GER40 + Roll GBPJPY + v4 AUDUSD,0.04 / 0.77 / 0.18,0.06,True,2.8,14.3,-1.6,-0.9,-0.41,44/59,2.02,2022:+0.2 2023:+5.6 2024:+2.7 2025:+3.6 2026:+1.0,1.75
Hold GER40 + Roll USDJPY + TSMOM XAUUSD,0.06 / 0.87 / 0.06,0.04,True,3.5,18.2,-3.0,-1.5,-0.67,43/59,1.74,2022:-1.3 2023:+4.7 2024:+5.3 2025:+7.5 2026:+1.1,1.17
Hold GER40 + Roll USDJPY + v4 AUDUSD,0.05 / 0.72 / 0.22,0.06,True,2.9,15.1,-2.9,-1.1,-0.5,42/59,1.76,2022:-0.7 2023:+6.5 2024:+2.6 2025:+4.7 2026:+0.7,1.0
Hold GER40 + TSMOM XAUUSD + v4 AUDUSD,0.16 / 0.16 / 0.68,0.06,False,5.5,30.2,-4.8,-3.5,-1.74,39/58,1.12,2022:-2.7 2023:+8.6 2024:+5.6 2025:+12.4 2026:+2.7,1.15
Hold JP225 + Hold UK100 + Hold US500,0.24 / 0.44 / 0.32,0.33,False,11.7,72.5,-16.0,-7.7,-4.85,35/58,1.0,2022:-8.2 2023:+15.6 2024:+14.5 2025:+21.3 2026:+12.0,0.73
Hold JP225 + Hold UK100 + Hold XAUUSD,0.25 / 0.45 / 0.30,0.26,False,14.0,90.2,-12.0,-9.6,-4.52,40/58,1.2,2022:-1.9 2023:+12.3 2024:+15.6 2025:+34.9 2026:+8.0,1.17
Hold JP225 + Hold UK100 + Mon AUDJPY,0.12 / 0.22 / 0.66,0.26,False,8.0,46.1,-5.0,-2.1,-1.84,37/58,1.46,2022:+1.7 2023:+10.7 2024:+4.2 2025:+10.6 2026:+9.1,1.6
Hold JP225 + Hold UK100 + Mon CADJPY,0.11 / 0.21 / 0.68,0.26,False,6.1,33.8,-4.9,-3.6,-1.46,41/58,1.22,2022:+4.2 2023:+7.8 2024:+4.0 2025:+7.2 2026:+4.5,1.24
Hold JP225 + Hold UK100 + Mon CHFJPY,0.10 / 0.19 / 0.71,0.26,False,6.0,33.1,-4.1,-3.6,-1.48,39/58,1.3,2022:+3.4 2023:+9.0 2024:+4.0 2025:+6.9 2026:+4.2,1.46
Hold JP225 + Hold UK100 + Mon EURJPY,0.10 / 0.19 / 0.71,0.26,False,6.5,36.2,-4.5,-2.8,-2.11,41/58,1.38,2022:+4.9 2023:+8.3 2024:+3.4 2025:+7.8 2026:+5.6,1.44
Hold JP225 + Hold UK100 + Mon GBPJPY,0.11 / 0.20 / 0.70,0.26,False,8.1,46.5,-4.4,-2.4,-1.68,42/58,1.64,2022:+4.8 2023:+8.8 2024:+5.7 2025:+10.1 2026:+8.2,1.84
Hold JP225 + Hold UK100 + Mon GBPUSD,0.10 / 0.18 / 0.71,0.26,False,5.2,28.5,-5.5,-2.0,-2.57,36/58,1.14,2022:-1.9 2023:+5.7 2024:+2.8 2025:+11.2 2026:+8.0,0.95
Hold JP225 + Hold UK100 + Mon GER40,0.17 / 0.31 / 0.51,0.26,False,8.4,49.0,-8.5,-2.8,-3.1,38/58,1.14,2022:-0.8 2023:+3.4 2024:+8.0 2025:+17.0 2026:+13.4,0.99
Hold JP225 + Hold UK100 + Mon NAS100,0.19 / 0.34 / 0.47,0.26,False,10.6,63.7,-8.5,-4.5,-2.58,42/58,1.37,2022:+4.7 2023:+12.2 2024:+8.3 2025:+16.5 2026:+8.5,1.25
Hold JP225 + Hold UK100 + Mon NZDJPY,0.12 / 0.21 / 0.67,0.26,False,7.0,39.6,-5.0,-2.2,-1.79,39/58,1.33,2022:+1.6 2023:+9.8 2024:+3.1 2025:+9.8 2026:+8.1,1.4
Hold JP225 + Hold UK100 + Mon US500,0.15 / 0.27 / 0.58,0.26,False,8.0,46.0,-7.4,-3.8,-2.22,39/58,1.25,2022:+0.7 2023:+10.5 2024:+5.7 2025:+13.8 2026:+7.6,1.08
Hold JP225 + Hold UK100 + Mon USDJPY,0.11 / 0.19 / 0.70,0.26,False,5.8,31.7,-4.1,-3.4,-1.62,40/58,1.24,2022:+6.1 2023:+5.7 2024:+5.2 2025:+5.0 2026:+3.9,1.41
Hold JP225 + Hold UK100 + Roll AUDJPY,0.05 / 0.09 / 0.85,0.26,True,3.1,16.4,-1.7,-0.9,-0.84,39/59,1.38,2022:+0.3 2023:+4.2 2024:+2.6 2025:+5.5 2026:+2.5,1.82
Hold JP225 + Hold UK100 + Roll CADJPY,0.04 / 0.07 / 0.89,0.26,True,2.7,14.0,-1.7,-1.0,-0.65,40/58,1.53,2022:-0.3 2023:+4.4 2024:+3.1 2025:+4.2 2026:+1.6,1.59
Hold JP225 + Hold UK100 + Roll EURJPY,0.04 / 0.06 / 0.90,0.26,True,2.6,13.3,-1.2,-0.6,-0.57,40/59,1.67,2022:-0.0 2023:+3.8 2024:+3.1 2025:+4.1 2026:+1.5,2.17
Hold JP225 + Hold UK100 + Roll GBPJPY,0.04 / 0.07 / 0.89,0.26,True,3.3,17.3,-1.3,-0.7,-0.61,42/59,1.96,2022:+0.5 2023:+4.6 2024:+3.8 2025:+4.8 2026:+2.2,2.54
Hold JP225 + Hold UK100 + Roll USDJPY,0.05 / 0.09 / 0.87,0.26,True,3.6,19.0,-2.4,-1.4,-0.77,41/59,1.71,2022:-0.5 2023:+5.5 2024:+3.9 2025:+6.4 2026:+2.2,1.5
Hold JP225 + Hold UK100 + TSMOM XAUUSD,0.24 / 0.44 / 0.32,0.26,False,11.6,71.5,-12.1,-9.6,-4.46,40/58,1.05,2022:-3.6 2023:+5.4 2024:+15.9 2025:+30.4 2026:+12.1,0.96
Hold JP225 + Hold UK100 + v4 AUDUSD,0.12 / 0.21 / 0.67,0.26,False,5.8,32.1,-5.8,-3.1,-2.24,40/58,1.08,2022:-0.7 2023:+10.6 2024:+2.3 2025:+9.5 2026:+5.6,1.0
Hold JP225 + Hold US500 + Hold XAUUSD,0.28 / 0.38 / 0.34,0.13,False,15.7,104.8,-16.0,-9.3,-4.95,40/58,1.23,2022:-9.9 2023:+21.5 2024:+24.0 2025:+35.2 2026:+6.6,0.98
Hold JP225 + Hold US500 + Mon AUDJPY,0.13 / 0.17 / 0.70,0.13,False,8.4,48.9,-6.6,-2.3,-2.13,38/58,1.47,2022:-2.0 2023:+14.7 2024:+7.0 2025:+9.4 2026:+8.5,1.27
Hold JP225 + Hold US500 + Mon CADJPY,0.12 / 0.16 / 0.72,0.13,False,6.4,35.4,-5.5,-3.2,-1.83,40/58,1.23,2022:+0.9 2023:+11.3 2024:+6.6 2025:+5.9 2026:+3.7,1.16
Hold JP225 + Hold US500 + Mon CHFJPY,0.11 / 0.14 / 0.75,0.13,False,6.2,34.6,-5.1,-3.2,-1.76,40/58,1.33,2022:+0.4 2023:+12.2 2024:+6.3 2025:+5.7 2026:+3.5,1.22
Hold JP225 + Hold US500 + Mon EURJPY,0.11 / 0.15 / 0.74,0.13,False,6.8,37.9,-5.3,-2.6,-2.25,41/58,1.41,2022:+1.9 2023:+11.5 2024:+5.7 2025:+6.6 2026:+5.0,1.28
Hold JP225 + Hold US500 + Mon GBPJPY,0.11 / 0.15 / 0.73,0.13,False,8.4,48.9,-5.6,-2.1,-2.04,41/58,1.67,2022:+1.7 2023:+12.1 2024:+8.2 2025:+8.9 2026:+7.6,1.5
Hold JP225 + Hold US500 + Mon GBPUSD,0.11 / 0.14 / 0.75,0.13,False,5.4,29.6,-7.7,-2.5,-1.89,37/58,1.15,2022:-4.9 2023:+8.6 2024:+5.0 2025:+10.2 2026:+7.4,0.7
Hold JP225 + Hold US500 + Mon GER40,0.19 / 0.25 / 0.56,0.13,False,9.1,53.3,-12.5,-3.7,-3.43,37/58,1.15,2022:-6.2 2023:+8.2 2024:+12.6 2025:+15.6 2026:+13.0,0.73
Hold JP225 + Hold US500 + Mon NAS100,0.21 / 0.27 / 0.52,0.14,False,11.4,70.1,-11.0,-5.1,-3.49,42/58,1.31,2022:-1.1 2023:+18.8 2024:+13.3 2025:+14.9 2026:+7.5,1.04
Hold JP225 + Hold US500 + Mon NZDJPY,0.12 / 0.17 / 0.71,0.13,False,7.4,41.8,-7.0,-2.6,-2.04,36/58,1.34,2022:-1.9 2023:+13.6 2024:+5.7 2025:+8.5 2026:+7.5,1.06
Hold JP225 + Hold US500 + Mon US500,0.16 / 0.22 / 0.62,0.23,False,8.5,49.2,-10.5,-4.3,-2.92,40/58,1.19,2022:-4.0 2023:+15.6 2024:+9.4 2025:+12.3 2026:+6.7,0.81
Hold JP225 + Hold US500 + Mon USDJPY,0.11 / 0.15 / 0.74,0.13,False,6.0,33.1,-5.8,-2.9,-1.74,38/58,1.27,2022:+3.1 2023:+8.7 2024:+7.7 2025:+3.7 2026:+3.2,1.03
Hold JP225 + Hold US500 + Roll AUDJPY,0.05 / 0.07 / 0.88,0.13,True,3.2,16.6,-2.4,-1.1,-0.87,39/59,1.4,2022:-1.2 2023:+5.6 2024:+3.7 2025:+4.9 2026:+2.2,1.33
Hold JP225 + Hold US500 + Roll CADJPY,0.04 / 0.05 / 0.90,0.13,True,2.7,14.1,-2.4,-1.1,-0.67,39/58,1.56,2022:-1.5 2023:+5.5 2024:+4.0 2025:+3.7 2026:+1.3,1.13
Hold JP225 + Hold US500 + Roll EURJPY,0.04 / 0.05 / 0.92,0.13,True,2.6,13.4,-1.7,-0.7,-0.59,39/59,1.69,2022:-1.0 2023:+4.7 2024:+3.8 2025:+3.6 2026:+1.2,1.53
Hold JP225 + Hold US500 + Roll GBPJPY,0.04 / 0.05 / 0.91,0.13,True,3.3,17.4,-1.7,-0.8,-0.64,41/59,2.0,2022:-0.6 2023:+5.6 2024:+4.6 2025:+4.4 2026:+1.9,1.94
Hold JP225 + Hold US500 + Roll USDJPY,0.05 / 0.07 / 0.89,0.13,True,3.7,19.3,-3.3,-1.6,-0.81,41/59,1.73,2022:-1.9 2023:+6.8 2024:+5.0 2025:+5.9 2026:+1.9,1.12
Hold JP225 + Hold US500 + TSMOM XAUUSD,0.27 / 0.37 / 0.36,0.13,False,13.0,82.1,-16.0,-9.4,-4.84,39/58,1.1,2022:-11.4 2023:+12.9 2024:+24.1 2025:+30.1 2026:+11.3,0.81
Hold JP225 + Hold US500 + v4 AUDUSD,0.13 / 0.17 / 0.71,0.13,False,6.1,33.8,-7.5,-2.8,-2.42,41/58,1.13,2022:-4.3 2023:+14.5 2024:+4.8 2025:+8.3 2026:+4.9,0.81
Hold JP225 + Hold XAUUSD + Mon AUDJPY,0.13 / 0.16 / 0.71,0.11,False,9.5,56.3,-4.6,-2.3,-1.86,41/58,1.67,2022:+1.5 2023:+12.9 2024:+7.4 2025:+15.6 2026:+6.5,2.07
Hold JP225 + Hold XAUUSD + Mon CADJPY,0.12 / 0.15 / 0.73,0.11,False,7.3,41.5,-4.7,-4.1,-1.7,42/58,1.45,2022:+4.3 2023:+9.6 2024:+7.0 2025:+11.4 2026:+1.9,1.55
Hold JP225 + Hold XAUUSD + Mon CHFJPY,0.11 / 0.13 / 0.76,0.11,False,7.1,39.9,-4.3,-3.9,-1.53,41/58,1.51,2022:+3.3 2023:+10.7 2024:+6.7 2025:+10.6 2026:+1.9,1.65
Hold JP225 + Hold XAUUSD + Mon EURJPY,0.11 / 0.14 / 0.75,0.11,False,7.6,43.6,-4.4,-3.1,-1.97,41/58,1.61,2022:+5.0 2023:+10.0 2024:+6.0 2025:+11.6 2026:+3.3,1.73
Hold JP225 + Hold XAUUSD + Mon GBPJPY,0.12 / 0.14 / 0.74,0.11,False,9.4,55.5,-3.7,-2.7,-1.8,43/58,1.89,2022:+4.8 2023:+10.6 2024:+8.6 2025:+14.4 2026:+5.9,2.54
Hold JP225 + Hold XAUUSD + Mon GBPUSD,0.11 / 0.13 / 0.76,0.14,False,6.2,34.6,-6.0,-1.8,-2.14,37/58,1.31,2022:-2.2 2023:+7.1 2024:+5.3 2025:+15.3 2026:+5.8,1.03
Hold JP225 + Hold XAUUSD + Mon GER40,0.19 / 0.24 / 0.57,0.11,False,10.7,64.8,-8.4,-3.5,-3.26,40/58,1.36,2022:-1.3 2023:+5.6 2024:+13.3 2025:+25.5 2026:+10.0,1.27
Hold JP225 + Hold XAUUSD + Mon NAS100,0.21 / 0.26 / 0.53,0.11,False,13.3,84.7,-8.4,-4.8,-2.95,43/58,1.55,2022:+4.7 2023:+16.0 2024:+14.2 2025:+25.7 2026:+4.3,1.58
Hold JP225 + Hold XAUUSD + Mon NZDJPY,0.13 / 0.16 / 0.72,0.11,False,8.4,48.5,-4.9,-2.6,-1.78,41/58,1.54,2022:+1.5 2023:+11.8 2024:+6.1 2025:+14.5 2026:+5.6,1.71
Hold JP225 + Hold XAUUSD + Mon US500,0.17 / 0.20 / 0.63,0.11,False,9.9,58.8,-8.1,-3.8,-2.32,41/58,1.45,2022:+0.3 2023:+13.3 2024:+10.0 2025:+20.5 2026:+4.2,1.22
Hold JP225 + Hold XAUUSD + Mon USDJPY,0.11 / 0.14 / 0.75,0.11,False,6.9,38.7,-4.5,-3.8,-1.59,38/58,1.5,2022:+6.3 2023:+7.2 2024:+8.1 2025:+8.7 2026:+1.5,1.53
Hold JP225 + Hold XAUUSD + Roll AUDJPY,0.05 / 0.07 / 0.88,0.11,True,3.6,18.8,-1.5,-1.0,-0.75,40/59,1.58,2022:+0.2 2023:+4.8 2024:+3.9 2025:+7.3 2026:+1.4,2.4
Hold JP225 + Hold XAUUSD + Roll CADJPY,0.04 / 0.05 / 0.91,0.11,True,3.0,15.7,-1.7,-1.1,-0.58,42/58,1.73,2022:-0.4 2023:+4.9 2024:+4.1 2025:+5.5 2026:+0.7,1.76
Hold JP225 + Hold XAUUSD + Roll EURJPY,0.04 / 0.04 / 0.92,0.11,True,2.8,14.8,-1.0,-0.7,-0.5,40/59,1.88,2022:-0.1 2023:+4.2 2024:+3.9 2025:+5.2 2026:+0.7,2.8
Hold JP225 + Hold XAUUSD + Roll GBPJPY,0.04 / 0.05 / 0.91,0.11,True,3.6,19.0,-1.0,-0.7,-0.55,45/59,2.19,2022:+0.5 2023:+5.1 2024:+4.8 2025:+6.1 2026:+1.4,3.6
Hold JP225 + Hold XAUUSD + Roll USDJPY,0.05 / 0.06 / 0.89,0.11,True,4.0,21.4,-2.3,-1.4,-0.69,41/59,1.91,2022:-0.6 2023:+6.1 2024:+5.1 2025:+8.1 2026:+1.1,1.74
Hold JP225 + Hold XAUUSD + TSMOM XAUUSD,0.28 / 0.35 / 0.37,0.68,False,15.2,100.4,-15.2,-11.6,-8.19,40/58,1.06,2022:-4.8 2023:+8.9 2024:+25.4 2025:+46.4 2026:+6.2,1.0
Hold JP225 + Hold XAUUSD + v4 AUDUSD,0.13 / 0.16 / 0.72,0.11,False,7.1,40.1,-6.3,-3.5,-2.1,42/58,1.31,2022:-1.1 2023:+12.7 2024:+5.2 2025:+14.2 2026:+2.9,1.13
Hold JP225 + Mon AUDJPY + Mon CADJPY,0.08 / 0.43 / 0.48,0.8,False,5.6,30.5,-3.2,-1.4,-1.48,39/58,1.38,2022:+4.5 2023:+9.4 2024:+2.4 2025:+4.0 2026:+4.4,1.75
Hold JP225 + Mon AUDJPY + Mon CHFJPY,0.07 / 0.40 / 0.52,0.59,False,5.5,30.3,-2.9,-1.2,-1.46,40/58,1.52,2022:+3.8 2023:+10.2 2024:+2.5 2025:+4.1 2026:+4.2,1.9
Hold JP225 + Mon AUDJPY + Mon EURJPY,0.08 / 0.41 / 0.51,0.67,False,5.9,32.5,-3.4,-1.0,-1.55,39/58,1.57,2022:+5.0 2023:+9.6 2024:+2.1 2025:+4.6 2026:+5.2,1.74
Hold JP225 + Mon AUDJPY + Mon GBPJPY,0.08 / 0.42 / 0.50,0.72,False,7.0,39.5,-3.0,-0.9,-1.64,43/58,1.79,2022:+4.9 2023:+10.0 2024:+3.6 2025:+6.2 2026:+7.1,2.33
Hold JP225 + Mon AUDJPY + Mon GBPUSD,0.07 / 0.40 / 0.52,0.29,False,5.0,27.0,-3.7,-1.0,-1.42,39/58,1.49,2022:-0.0 2023:+7.7 2024:+1.7 2025:+7.2 2026:+7.0,1.35
Hold JP225 + Mon AUDJPY + Mon GER40,0.11 / 0.58 / 0.32,0.19,False,6.9,38.8,-4.3,-1.5,-1.9,38/58,1.54,2022:+1.5 2023:+7.1 2024:+4.3 2025:+8.8 2026:+9.9,1.6
Hold JP225 + Mon AUDJPY + Mon NAS100,0.11 / 0.60 / 0.28,0.28,False,8.0,46.3,-4.5,-2.0,-1.76,42/58,1.67,2022:+4.9 2023:+12.7 2024:+4.3 2025:+8.1 2026:+6.8,1.78
Hold JP225 + Mon AUDJPY + Mon NZDJPY,0.08 / 0.45 / 0.47,0.9,False,6.2,34.4,-3.7,-1.8,-1.61,38/58,1.45,2022:+2.6 2023:+10.8 2024:+1.8 2025:+5.7 2026:+7.0,1.68
Hold JP225 + Mon AUDJPY + Mon US500,0.10 / 0.53 / 0.37,0.35,False,6.7,37.6,-3.9,-1.8,-1.84,39/58,1.55,2022:+2.2 2023:+11.5 2024:+3.2 2025:+7.5 2026:+6.4,1.72
Hold JP225 + Mon AUDJPY + Mon USDJPY,0.08 / 0.42 / 0.51,0.48,False,5.4,29.3,-3.1,-1.0,-1.1,36/58,1.49,2022:+5.9 2023:+7.7 2024:+3.3 2025:+2.6 2026:+4.0,1.74
Hold JP225 + Mon AUDJPY + Roll AUDJPY,0.04 / 0.24 / 0.72,0.0,True,3.3,17.4,-1.4,-0.4,-0.49,41/59,1.87,2022:+1.0 2023:+5.6 2024:+2.0 2025:+4.1 2026:+2.8,2.36
Hold JP225 + Mon AUDJPY + Roll CADJPY,0.04 / 0.19 / 0.78,0.02,True,2.9,15.1,-1.2,-0.5,-0.4,40/58,2.02,2022:+0.4 2023:+5.5 2024:+2.6 2025:+3.2 2026:+1.9,2.42
Hold JP225 + Mon AUDJPY + Roll EURJPY,0.03 / 0.17 / 0.80,0.0,True,2.8,14.3,-1.0,-0.3,-0.35,43/59,2.18,2022:+0.6 2023:+4.8 2024:+2.6 2025:+3.2 2026:+1.8,2.8
Hold JP225 + Mon AUDJPY + Roll GBPJPY,0.03 / 0.18 / 0.79,0.01,True,3.4,17.9,-1.0,-0.4,-0.38,49/59,2.51,2022:+1.1 2023:+5.6 2024:+3.2 2025:+3.8 2026:+2.5,3.4
Hold JP225 + Mon AUDJPY + Roll USDJPY,0.04 / 0.22 / 0.74,0.01,True,3.7,19.6,-1.3,-0.6,-0.46,41/59,2.23,2022:+0.3 2023:+6.6 2024:+3.1 2025:+4.9 2026:+2.5,2.85
Hold JP225 + Mon AUDJPY + TSMOM XAUUSD,0.13 / 0.70 / 0.17,0.09,False,8.3,48.1,-5.0,-2.4,-1.96,39/58,1.53,2022:+0.5 2023:+9.1 2024:+7.6 2025:+13.7 2026:+8.6,1.66
Hold JP225 + Mon AUDJPY + v4 AUDUSD,0.08 / 0.45 / 0.47,0.08,False,5.4,29.6,-3.5,-1.2,-1.39,38/58,1.56,2022:+1.0 2023:+11.4 2024:+1.2 2025:+5.6 2026:+5.2,1.54
Hold JP225 + Mon CADJPY + Mon CHFJPY,0.07 / 0.43 / 0.50,0.66,False,4.4,23.9,-2.7,-2.1,-1.31,43/58,1.27,2022:+5.4 2023:+8.4 2024:+2.5 2025:+2.3 2026:+1.6,1.63
Hold JP225 + Mon CADJPY + Mon EURJPY,0.07 / 0.44 / 0.49,0.71,False,4.8,25.7,-3.1,-1.5,-1.3,40/58,1.34,2022:+6.5 2023:+7.9 2024:+2.1 2025:+2.8 2026:+2.6,1.55
Hold JP225 + Mon CADJPY + Mon GBPJPY,0.07 / 0.45 / 0.48,0.72,False,5.8,31.9,-2.7,-1.2,-1.48,40/58,1.57,2022:+6.5 2023:+8.2 2024:+3.5 2025:+4.2 2026:+4.2,2.15
Hold JP225 + Mon CADJPY + Mon GBPUSD,0.07 / 0.43 / 0.50,0.04,False,3.9,21.0,-3.0,-1.1,-1.27,39/58,1.35,2022:+1.6 2023:+6.1 2024:+1.7 2025:+5.2 2026:+4.2,1.3
Hold JP225 + Mon CADJPY + Mon GER40,0.10 / 0.60 / 0.30,0.13,False,5.3,28.8,-3.8,-1.7,-1.92,39/58,1.3,2022:+3.8 2023:+4.9 2024:+4.2 2025:+5.9 2026:+5.8,1.39
Hold JP225 + Mon CADJPY + Mon NAS100,0.10 / 0.63 / 0.27,0.21,False,6.3,34.8,-4.5,-2.1,-1.73,44/58,1.45,2022:+7.2 2023:+9.9 2024:+4.2 2025:+5.1 2026:+2.8,1.4
Hold JP225 + Mon CADJPY + Mon NZDJPY,0.08 / 0.47 / 0.45,0.76,False,5.0,27.0,-3.4,-1.7,-1.44,36/58,1.27,2022:+4.4 2023:+8.9 2024:+1.8 2025:+3.6 2026:+3.9,1.47
Hold JP225 + Mon CADJPY + Mon US500,0.09 / 0.55 / 0.35,0.26,False,5.2,28.5,-3.9,-1.5,-1.63,44/58,1.33,2022:+4.3 2023:+9.2 2024:+3.1 2025:+4.9 2026:+2.9,1.33
Hold JP225 + Mon CADJPY + Mon USDJPY,0.07 / 0.44 / 0.48,0.74,False,4.2,22.7,-2.7,-1.9,-1.34,39/58,1.18,2022:+7.4 2023:+6.1 2024:+3.3 2025:+0.9 2026:+1.4,1.56
Hold JP225 + Mon CADJPY + Roll AUDJPY,0.04 / 0.26 / 0.70,-0.0,True,2.7,14.2,-1.3,-0.5,-0.43,36/59,1.6,2022:+2.0 2023:+4.7 2024:+2.0 2025:+3.0 2026:+1.3,2.08
Hold JP225 + Mon CADJPY + Roll CADJPY,0.03 / 0.21 / 0.76,0.02,True,2.4,12.6,-1.0,-0.7,-0.36,40/58,1.76,2022:+1.2 2023:+4.8 2024:+2.5 2025:+2.4 2026:+0.8,2.4
Hold JP225 + Mon CADJPY + Roll EURJPY,0.03 / 0.18 / 0.78,-0.0,True,2.4,12.1,-0.8,-0.4,-0.31,41/59,1.91,2022:+1.3 2023:+4.2 2024:+2.6 2025:+2.5 2026:+0.8,3.0
Hold JP225 + Mon CADJPY + Roll GBPJPY,0.03 / 0.20 / 0.77,0.01,True,3.0,15.4,-0.9,-0.4,-0.33,43/59,2.24,2022:+1.8 2023:+4.9 2024:+3.1 2025:+3.0 2026:+1.3,3.33
Hold JP225 + Mon CADJPY + Roll USDJPY,0.04 / 0.24 / 0.72,0.01,True,3.2,16.5,-1.3,-0.9,-0.42,42/59,1.96,2022:+1.2 2023:+5.7 2024:+3.1 2025:+3.9 2026:+1.1,2.46
Hold JP225 + Mon CADJPY + TSMOM XAUUSD,0.12 / 0.72 / 0.16,0.09,False,6.3,34.8,-4.8,-4.1,-1.81,41/58,1.28,2022:+3.2 2023:+6.3 2024:+7.2 2025:+9.7 2026:+3.8,1.31
Hold JP225 + Mon CADJPY + v4 AUDUSD,0.08 / 0.48 / 0.44,0.08,False,4.2,22.5,-3.1,-1.6,-1.14,36/58,1.31,2022:+2.8 2023:+9.4 2024:+1.2 2025:+3.5 2026:+2.3,1.35
Hold JP225 + Mon CHFJPY + Mon EURJPY,0.07 / 0.47 / 0.46,0.79,False,4.8,25.8,-2.9,-1.6,-1.31,38/58,1.39,2022:+5.8 2023:+8.7 2024:+2.2 2025:+2.9 2026:+2.5,1.66
Hold JP225 + Mon CHFJPY + Mon GBPJPY,0.07 / 0.48 / 0.45,0.66,False,5.7,31.6,-2.5,-1.3,-1.45,42/58,1.67,2022:+5.7 2023:+9.0 2024:+3.6 2025:+4.2 2026:+4.0,2.28
Hold JP225 + Mon CHFJPY + Mon GBPUSD,0.07 / 0.46 / 0.47,0.09,False,4.0,21.3,-2.7,-1.4,-1.27,41/58,1.4,2022:+1.2 2023:+6.9 2024:+1.8 2025:+5.2 2026:+4.0,1.48
Hold JP225 + Mon CHFJPY + Mon GER40,0.09 / 0.64 / 0.27,0.05,False,5.3,28.7,-3.6,-1.9,-1.43,38/58,1.43,2022:+3.0 2023:+6.2 2024:+4.2 2025:+5.8 2026:+5.4,1.47
Hold JP225 + Mon CHFJPY + Mon NAS100,0.10 / 0.66 / 0.24,0.07,False,6.2,34.1,-3.3,-2.1,-1.37,43/58,1.6,2022:+6.1 2023:+10.8 2024:+4.1 2025:+5.1 2026:+2.7,1.88
Hold JP225 + Mon CHFJPY + Mon NZDJPY,0.07 / 0.51 / 0.42,0.62,False,5.0,27.0,-3.1,-1.5,-1.42,38/58,1.39,2022:+3.8 2023:+9.6 2024:+1.9 2025:+3.7 2026:+3.7,1.61
Hold JP225 + Mon CHFJPY + Mon US500,0.08 / 0.59 / 0.32,0.11,False,5.2,28.4,-3.1,-1.8,-1.59,42/58,1.48,2022:+3.6 2023:+10.0 2024:+3.2 2025:+4.9 2026:+2.8,1.68
Hold JP225 + Mon CHFJPY + Mon USDJPY,0.07 / 0.48 / 0.45,0.59,False,4.3,23.0,-2.8,-2.0,-1.12,39/58,1.3,2022:+6.6 2023:+7.0 2024:+3.3 2025:+1.1 2026:+1.4,1.54
Hold JP225 + Mon CHFJPY + Roll AUDJPY,0.04 / 0.29 / 0.67,0.05,True,2.8,14.7,-1.3,-0.6,-0.46,38/59,1.68,2022:+1.7 2023:+5.3 2024:+2.1 2025:+3.1 2026:+1.3,2.15
Hold JP225 + Mon CHFJPY + Roll CADJPY,0.03 / 0.23 / 0.73,0.05,True,2.5,13.0,-1.3,-0.8,-0.37,41/58,1.83,2022:+1.0 2023:+5.3 2024:+2.6 2025:+2.5 2026:+0.8,1.92
Hold JP225 + Mon CHFJPY + Roll EURJPY,0.03 / 0.21 / 0.76,0.05,True,2.4,12.5,-0.9,-0.5,-0.33,39/59,1.99,2022:+1.1 2023:+4.6 2024:+2.6 2025:+2.5 2026:+0.8,2.67
Hold JP225 + Mon CHFJPY + Roll GBPJPY,0.03 / 0.22 / 0.75,0.05,True,3.0,15.8,-0.9,-0.5,-0.36,45/59,2.31,2022:+1.6 2023:+5.4 2024:+3.2 2025:+3.0 2026:+1.3,3.33
Hold JP225 + Mon CHFJPY + Roll USDJPY,0.04 / 0.27 / 0.69,0.05,True,3.2,16.8,-1.6,-1.0,-0.43,45/59,2.03,2022:+1.0 2023:+6.2 2024:+3.1 2025:+3.9 2026:+1.1,2.0
Hold JP225 + Mon CHFJPY + TSMOM XAUUSD,0.11 / 0.75 / 0.14,0.09,False,6.1,34.0,-4.5,-4.0,-1.63,40/58,1.34,2022:+2.4 2023:+7.6 2024:+6.9 2025:+9.2 2026:+3.6,1.36
Hold JP225 + Mon CHFJPY + v4 AUDUSD,0.07 / 0.51 / 0.41,0.08,False,4.3,22.8,-3.2,-1.7,-1.0,38/58,1.38,2022:+2.3 2023:+10.2 2024:+1.4 2025:+3.5 2026:+2.2,1.34
Hold JP225 + Mon EURJPY + Mon GBPJPY,0.07 / 0.48 / 0.45,0.81,False,6.1,33.6,-3.0,-1.1,-1.51,40/58,1.69,2022:+6.8 2023:+8.5 2024:+3.2 2025:+4.7 2026:+5.0,2.03
Hold JP225 + Mon EURJPY + Mon GBPUSD,0.07 / 0.46 / 0.48,0.24,False,4.3,23.0,-3.0,-1.3,-1.26,40/58,1.44,2022:+2.2 2023:+6.5 2024:+1.4 2025:+5.7 2026:+5.0,1.43
Hold JP225 + Mon EURJPY + Mon GER40,0.09 / 0.63 / 0.28,0.17,False,5.7,31.2,-4.0,-2.3,-1.84,41/58,1.47,2022:+4.4 2023:+5.5 2024:+3.6 2025:+6.5 2026:+6.7,1.42
Hold JP225 + Mon EURJPY + Mon NAS100,0.10 / 0.66 / 0.25,0.14,False,6.6,37.0,-3.5,-1.8,-1.26,43/58,1.66,2022:+7.6 2023:+10.2 2024:+3.6 2025:+5.8 2026:+4.0,1.89
Hold JP225 + Mon EURJPY + Mon NZDJPY,0.07 / 0.50 / 0.42,0.67,False,5.3,29.0,-3.6,-1.2,-1.41,36/58,1.45,2022:+4.9 2023:+9.1 2024:+1.5 2025:+4.2 2026:+4.7,1.47
Hold JP225 + Mon EURJPY + Mon US500,0.09 / 0.58 / 0.33,0.21,False,5.6,30.8,-3.1,-1.6,-1.59,42/58,1.53,2022:+4.9 2023:+9.5 2024:+2.7 2025:+5.5 2026:+3.9,1.81
Hold JP225 + Mon EURJPY + Mon USDJPY,0.07 / 0.47 / 0.46,0.62,False,4.6,24.7,-2.9,-1.4,-1.19,39/58,1.37,2022:+7.7 2023:+6.5 2024:+2.9 2025:+1.6 2026:+2.3,1.59
Hold JP225 + Mon EURJPY + Roll AUDJPY,0.04 / 0.28 / 0.68,0.02,True,3.0,15.6,-1.5,-0.5,-0.68,41/59,1.78,2022:+2.3 2023:+5.0 2024:+1.8 2025:+3.3 2026:+1.8,2.0
Hold JP225 + Mon EURJPY + Roll CADJPY,0.03 / 0.23 / 0.74,0.02,True,2.7,13.7,-1.2,-0.6,-0.55,42/58,1.94,2022:+1.4 2023:+5.0 2024:+2.4 2025:+2.7 2026:+1.2,2.25
Hold JP225 + Mon EURJPY + Roll EURJPY,0.03 / 0.20 / 0.77,0.02,True,2.5,13.2,-1.1,-0.3,-0.5,43/59,2.09,2022:+1.5 2023:+4.4 2024:+2.4 2025:+2.7 2026:+1.2,2.27
Hold JP225 + Mon EURJPY + Roll GBPJPY,0.03 / 0.22 / 0.75,0.02,True,3.2,16.5,-1.1,-0.4,-0.53,46/59,2.42,2022:+2.1 2023:+5.1 2024:+3.0 2025:+3.2 2026:+1.7,2.91
Hold JP225 + Mon EURJPY + Roll USDJPY,0.04 / 0.26 / 0.70,0.02,True,3.4,17.7,-1.4,-0.6,-0.64,42/59,2.14,2022:+1.6 2023:+6.0 2024:+2.9 2025:+4.2 2026:+1.6,2.43
Hold JP225 + Mon EURJPY + TSMOM XAUUSD,0.11 / 0.74 / 0.15,0.09,False,6.7,37.3,-4.3,-3.2,-1.96,42/58,1.44,2022:+4.0 2023:+6.9 2024:+6.3 2025:+10.1 2026:+5.1,1.56
Hold JP225 + Mon EURJPY + v4 AUDUSD,0.07 / 0.51 / 0.42,0.08,False,4.6,24.7,-3.4,-1.1,-1.44,39/58,1.48,2022:+3.4 2023:+9.7 2024:+0.9 2025:+4.1 2026:+3.2,1.35
Hold JP225 + Mon GBPJPY + Mon GBPUSD,0.07 / 0.44 / 0.49,0.47,False,5.2,28.5,-3.5,-1.1,-1.42,39/58,1.6,2022:+2.0 2023:+6.7 2024:+2.8 2025:+7.1 2026:+6.6,1.49
Hold JP225 + Mon GBPJPY + Mon GER40,0.10 / 0.62 / 0.29,0.18,False,7.1,39.8,-4.5,-1.9,-1.83,42/58,1.75,2022:+4.3 2023:+5.9 2024:+5.6 2025:+8.5 2026:+9.0,1.58
Hold JP225 + Mon GBPJPY + Mon NAS100,0.10 / 0.65 / 0.25,0.12,False,8.1,46.7,-3.6,-1.8,-1.56,43/58,1.97,2022:+7.6 2023:+10.7 2024:+5.7 2025:+7.9 2026:+6.3,2.25
Hold JP225 + Mon GBPJPY + Mon NZDJPY,0.08 / 0.49 / 0.43,0.71,False,6.4,35.6,-3.2,-1.1,-1.59,40/58,1.68,2022:+4.8 2023:+9.5 2024:+3.0 2025:+5.7 2026:+6.5,2.0
Hold JP225 + Mon GBPJPY + Mon US500,0.09 / 0.57 / 0.34,0.22,False,6.9,38.7,-3.1,-1.5,-1.8,41/58,1.81,2022:+4.8 2023:+9.9 2024:+4.5 2025:+7.3 2026:+6.0,2.23
Hold JP225 + Mon GBPJPY + Mon USDJPY,0.07 / 0.46 / 0.47,0.57,False,5.6,30.6,-2.5,-1.1,-1.12,39/58,1.64,2022:+7.7 2023:+6.7 2024:+4.4 2025:+2.9 2026:+3.8,2.24
Hold JP225 + Mon GBPJPY + Roll AUDJPY,0.04 / 0.27 / 0.69,0.02,True,3.5,18.6,-1.2,-0.5,-0.53,42/59,2.08,2022:+2.3 2023:+5.1 2024:+2.6 2025:+4.1 2026:+2.8,2.92
Hold JP225 + Mon GBPJPY + Roll CADJPY,0.03 / 0.22 / 0.75,0.02,True,3.1,16.1,-1.0,-0.4,-0.43,44/58,2.23,2022:+1.4 2023:+5.1 2024:+3.1 2025:+3.3 2026:+1.9,3.1
Hold JP225 + Mon GBPJPY + Roll EURJPY,0.03 / 0.20 / 0.77,0.02,True,2.9,15.3,-0.8,-0.3,-0.39,43/59,2.39,2022:+1.4 2023:+4.5 2024:+3.0 2025:+3.3 2026:+1.8,3.62
Hold JP225 + Mon GBPJPY + Roll GBPJPY,0.03 / 0.21 / 0.76,0.02,True,3.6,18.9,-0.9,-0.3,-0.41,47/59,2.71,2022:+2.0 2023:+5.3 2024:+3.6 2025:+3.9 2026:+2.4,4.0
Hold JP225 + Mon GBPJPY + Roll USDJPY,0.04 / 0.25 / 0.71,0.02,True,3.9,20.7,-1.1,-0.4,-0.5,45/59,2.43,2022:+1.5 2023:+6.1 2024:+3.7 2025:+5.0 2026:+2.5,3.55
Hold JP225 + Mon GBPJPY + TSMOM XAUUSD,0.11 / 0.74 / 0.15,0.09,False,8.3,48.3,-4.4,-2.8,-1.72,41/58,1.73,2022:+3.9 2023:+7.3 2024:+8.8 2025:+12.7 2026:+7.8,1.89
Hold JP225 + Mon GBPJPY + v4 AUDUSD,0.08 / 0.49 / 0.43,0.08,False,5.7,31.0,-3.0,-0.9,-1.1,45/58,1.78,2022:+3.3 2023:+10.0 2024:+2.4 2025:+5.6 2026:+4.9,1.9
Hold JP225 + Mon GBPUSD + Mon GER40,0.09 / 0.64 / 0.27,0.2,False,4.6,24.7,-5.9,-1.7,-1.53,35/58,1.2,2022:-1.7 2023:+3.3 2024:+3.1 2025:+9.6 2026:+8.8,0.78
Hold JP225 + Mon GBPUSD + Mon NAS100,0.09 / 0.67 / 0.24,0.08,False,5.4,29.8,-3.5,-2.0,-1.74,37/58,1.43,2022:+1.0 2023:+7.6 2024:+3.0 2025:+9.1 2026:+6.2,1.54
Hold JP225 + Mon GBPUSD + Mon NZDJPY,0.07 / 0.51 / 0.41,0.29,False,4.5,23.9,-4.0,-1.2,-1.38,38/58,1.36,2022:-0.0 2023:+7.2 2024:+1.1 2025:+6.7 2026:+6.4,1.12
Hold JP225 + Mon GBPUSD + Mon US500,0.08 / 0.59 / 0.32,0.2,False,4.6,24.7,-4.1,-1.8,-1.63,32/58,1.28,2022:-0.8 2023:+7.2 2024:+2.2 2025:+8.4 2026:+5.9,1.12
Hold JP225 + Mon GBPUSD + Mon USDJPY,0.07 / 0.48 / 0.45,0.04,False,3.8,20.3,-2.2,-0.8,-0.94,40/58,1.63,2022:+2.9 2023:+4.8 2024:+2.5 2025:+3.9 2026:+3.9,1.73
Hold JP225 + Mon GBPUSD + Roll AUDJPY,0.04 / 0.29 / 0.67,0.04,True,2.5,13.1,-2.0,-0.6,-0.71,37/59,1.52,2022:-0.4 2023:+4.0 2024:+1.6 2025:+4.7 2026:+2.8,1.25
Hold JP225 + Mon GBPUSD + Roll CADJPY,0.03 / 0.23 / 0.73,0.04,True,2.3,11.8,-1.9,-0.6,-0.58,38/58,1.68,2022:-0.7 2023:+4.2 2024:+2.2 2025:+3.8 2026:+2.0,1.21
Hold JP225 + Mon GBPUSD + Roll EURJPY,0.03 / 0.21 / 0.76,0.04,True,2.2,11.4,-1.4,-0.5,-0.52,38/59,1.83,2022:-0.4 2023:+3.7 2024:+2.3 2025:+3.7 2026:+1.9,1.57
Hold JP225 + Mon GBPUSD + Roll GBPJPY,0.03 / 0.22 / 0.74,0.04,True,2.8,14.5,-1.4,-0.5,-0.55,42/59,2.15,2022:-0.0 2023:+4.4 2024:+2.8 2025:+4.3 2026:+2.5,2.0
Hold JP225 + Mon GBPUSD + Roll USDJPY,0.04 / 0.27 / 0.69,0.04,True,2.9,15.3,-2.0,-0.6,-0.67,38/59,1.87,2022:-0.9 2023:+5.0 2024:+2.7 2025:+5.5 2026:+2.5,1.45
Hold JP225 + Mon GBPUSD + TSMOM XAUUSD,0.11 / 0.75 / 0.14,0.09,False,5.3,29.0,-6.7,-1.9,-2.14,35/58,1.17,2022:-3.0 2023:+4.2 2024:+5.5 2025:+13.8 2026:+7.6,0.79
Hold JP225 + Mon GBPUSD + v4 AUDUSD,0.07 / 0.52 / 0.41,0.08,False,3.7,19.8,-2.6,-1.2,-1.27,37/58,1.24,2022:-1.4 2023:+7.7 2024:+0.6 2025:+6.6 2026:+4.9,1.42
Hold JP225 + Mon GER40 + Mon NAS100,0.15 / 0.46 / 0.39,0.39,False,8.4,48.9,-5.3,-2.8,-2.61,42/58,1.29,2022:+3.8 2023:+6.8 2024:+7.8 2025:+12.6 2026:+9.8,1.58
Hold JP225 + Mon GER40 + Mon NZDJPY,0.10 / 0.31 / 0.59,0.2,False,6.1,33.6,-4.8,-1.8,-1.9,36/58,1.4,2022:+1.5 2023:+6.5 2024:+3.4 2025:+8.1 2026:+9.0,1.27
Hold JP225 + Mon GER40 + Mon US500,0.13 / 0.38 / 0.49,0.45,False,6.6,37.2,-6.9,-2.4,-2.18,38/58,1.19,2022:+0.6 2023:+6.3 2024:+5.7 2025:+11.0 2026:+8.8,0.96
Hold JP225 + Mon GER40 + Mon USDJPY,0.09 / 0.28 / 0.62,-0.01,False,5.0,27.3,-3.9,-2.0,-1.82,38/58,1.38,2022:+5.5 2023:+3.2 2024:+5.2 2025:+4.1 2026:+5.2,1.28
Hold JP225 + Mon GER40 + Roll AUDJPY,0.05 / 0.15 / 0.80,-0.0,True,2.9,15.1,-1.8,-1.0,-0.83,40/59,1.53,2022:+0.3 2023:+3.0 2024:+2.8 2025:+5.0 2026:+3.3,1.61
Hold JP225 + Mon GER40 + Roll CADJPY,0.04 / 0.11 / 0.85,0.02,True,2.5,13.1,-1.7,-0.6,-0.65,41/58,1.69,2022:-0.3 2023:+3.5 2024:+3.2 2025:+3.9 2026:+2.2,1.47
Hold JP225 + Mon GER40 + Roll EURJPY,0.03 / 0.10 / 0.87,-0.0,True,2.4,12.5,-1.3,-0.7,-0.57,43/59,1.86,2022:-0.0 2023:+3.0 2024:+3.2 2025:+3.8 2026:+2.0,1.85
Hold JP225 + Mon GER40 + Roll GBPJPY,0.04 / 0.11 / 0.85,0.01,True,3.1,16.3,-1.4,-0.6,-0.62,45/59,2.19,2022:+0.5 2023:+3.7 2024:+3.9 2025:+4.5 2026:+2.8,2.21
Hold JP225 + Mon GER40 + Roll USDJPY,0.05 / 0.14 / 0.82,0.01,True,3.4,17.7,-2.3,-0.7,-0.77,43/59,1.9,2022:-0.4 2023:+4.3 2024:+4.0 2025:+5.9 2026:+2.9,1.48
Hold JP225 + Mon GER40 + TSMOM XAUUSD,0.19 / 0.56 / 0.25,0.09,False,8.9,52.3,-9.3,-4.2,-3.2,42/58,1.2,2022:-2.7 2023:+0.7 2024:+13.6 2025:+22.3 2026:+13.2,0.96
Hold JP225 + Mon GER40 + v4 AUDUSD,0.10 / 0.31 / 0.58,0.08,False,5.0,27.3,-4.0,-1.5,-1.78,40/58,1.23,2022:-0.6 2023:+7.2 2024:+2.6 2025:+7.9 2026:+6.8,1.25
Hold JP225 + Mon NAS100 + Mon NZDJPY,0.11 / 0.27 / 0.62,0.26,False,7.1,40.3,-4.3,-2.0,-1.52,40/58,1.54,2022:+4.8 2023:+11.8 2024:+3.3 2025:+7.4 2026:+6.0,1.65
Hold JP225 + Mon NAS100 + Mon US500,0.14 / 0.34 / 0.52,0.93,False,8.0,45.7,-7.4,-3.5,-3.28,39/58,1.2,2022:+4.6 2023:+13.0 2024:+5.7 2025:+10.2 2026:+5.0,1.08
Hold JP225 + Mon NAS100 + Mon USDJPY,0.10 / 0.25 / 0.65,0.05,False,5.9,32.8,-4.2,-1.6,-1.47,40/58,1.54,2022:+8.8 2023:+7.7 2024:+5.3 2025:+3.3 2026:+2.4,1.4
Hold JP225 + Mon NAS100 + Roll AUDJPY,0.05 / 0.13 / 0.82,-0.0,True,3.3,17.4,-1.6,-0.9,-0.65,41/59,1.72,2022:+1.8 2023:+5.3 2024:+2.7 2025:+4.6 2026:+1.8,2.06
Hold JP225 + Mon NAS100 + Roll CADJPY,0.04 / 0.10 / 0.86,0.02,True,2.9,14.8,-1.7,-0.9,-0.51,39/58,1.89,2022:+0.9 2023:+5.3 2024:+3.2 2025:+3.6 2026:+1.1,1.71
Hold JP225 + Mon NAS100 + Roll EURJPY,0.03 / 0.09 / 0.88,-0.0,True,2.7,14.0,-1.0,-0.6,-0.45,40/59,2.05,2022:+1.0 2023:+4.5 2024:+3.1 2025:+3.5 2026:+1.0,2.7
Hold JP225 + Mon NAS100 + Roll GBPJPY,0.04 / 0.09 / 0.87,0.01,True,3.4,18.0,-1.0,-0.7,-0.48,44/59,2.4,2022:+1.6 2023:+5.4 2024:+3.9 2025:+4.2 2026:+1.7,3.4
Hold JP225 + Mon NAS100 + Roll USDJPY,0.05 / 0.12 / 0.84,0.01,True,3.8,19.9,-2.5,-0.9,-0.61,42/59,2.1,2022:+0.9 2023:+6.4 2024:+4.0 2025:+5.6 2026:+1.6,1.52
Hold JP225 + Mon NAS100 + TSMOM XAUUSD,0.21 / 0.52 / 0.27,0.09,False,11.3,69.1,-6.1,-5.0,-3.11,41/58,1.4,2022:+3.0 2023:+9.8 2024:+14.5 2025:+22.2 2026:+7.7,1.85
Hold JP225 + Mon NAS100 + v4 AUDUSD,0.11 / 0.28 / 0.61,0.08,False,6.1,33.5,-5.0,-2.3,-1.43,41/58,1.41,2022:+2.6 2023:+12.6 2024:+2.5 2025:+7.2 2026:+3.7,1.22
Hold JP225 + Mon NZDJPY + Mon US500,0.10 / 0.54 / 0.36,0.33,False,6.0,32.9,-3.9,-1.9,-1.78,38/58,1.42,2022:+2.2 2023:+10.8 2024:+2.4 2025:+6.9 2026:+5.7,1.54
Hold JP225 + Mon NZDJPY + Mon USDJPY,0.08 / 0.43 / 0.50,0.47,False,4.8,25.9,-3.1,-1.2,-1.06,37/58,1.37,2022:+5.7 2023:+7.3 2024:+2.7 2025:+2.3 2026:+3.6,1.55
Hold JP225 + Mon NZDJPY + Roll AUDJPY,0.04 / 0.25 / 0.71,0.01,True,3.0,15.8,-1.5,-0.5,-0.5,37/59,1.72,2022:+1.0 2023:+5.3 2024:+1.6 2025:+3.9 2026:+2.6,2.0
Hold JP225 + Mon NZDJPY + Roll CADJPY,0.03 / 0.20 / 0.77,0.02,True,2.7,13.8,-1.2,-0.6,-0.4,39/58,1.88,2022:+0.4 2023:+5.3 2024:+2.3 2025:+3.1 2026:+1.7,2.25
Hold JP225 + Mon NZDJPY + Roll EURJPY,0.03 / 0.18 / 0.79,0.01,True,2.6,13.2,-1.0,-0.3,-0.36,37/59,2.04,2022:+0.6 2023:+4.7 2024:+2.3 2025:+3.1 2026:+1.6,2.6
Hold JP225 + Mon NZDJPY + Roll GBPJPY,0.03 / 0.19 / 0.78,0.01,True,3.2,16.7,-1.0,-0.4,-0.38,43/59,2.36,2022:+1.1 2023:+5.4 2024:+2.9 2025:+3.6 2026:+2.3,3.2
Hold JP225 + Mon NZDJPY + Roll USDJPY,0.04 / 0.23 / 0.73,0.01,True,3.4,18.0,-1.7,-0.8,-0.47,41/59,2.08,2022:+0.3 2023:+6.3 2024:+2.8 2025:+4.7 2026:+2.3,2.0
Hold JP225 + Mon NZDJPY + TSMOM XAUUSD,0.13 / 0.71 / 0.17,0.09,False,7.3,41.1,-5.4,-2.7,-1.89,38/58,1.4,2022:+0.5 2023:+8.2 2024:+6.3 2025:+12.7 2026:+7.6,1.35
Hold JP225 + Mon NZDJPY + v4 AUDUSD,0.08 / 0.46 / 0.46,0.08,False,4.8,25.9,-3.7,-1.2,-1.3,36/58,1.43,2022:+1.0 2023:+10.8 2024:+0.5 2025:+5.1 2026:+4.7,1.3
Hold JP225 + Mon US500 + Mon USDJPY,0.09 / 0.33 / 0.58,0.04,False,5.0,27.2,-3.6,-1.3,-1.31,40/58,1.44,2022:+5.9 2023:+7.3 2024:+4.1 2025:+3.3 2026:+2.5,1.39
Hold JP225 + Mon US500 + Roll AUDJPY,0.05 / 0.18 / 0.77,-0.0,True,3.0,15.5,-1.5,-0.7,-0.66,37/59,1.62,2022:+0.7 2023:+5.2 2024:+2.3 2025:+4.5 2026:+1.9,2.0
Hold JP225 + Mon US500 + Roll CADJPY,0.04 / 0.14 / 0.82,0.02,True,2.6,13.5,-1.9,-0.9,-0.52,36/58,1.78,2022:+0.1 2023:+5.2 2024:+2.8 2025:+3.5 2026:+1.2,1.37
Hold JP225 + Mon US500 + Roll EURJPY,0.03 / 0.13 / 0.84,-0.0,True,2.5,12.9,-1.1,-0.6,-0.46,39/59,1.94,2022:+0.3 2023:+4.5 2024:+2.8 2025:+3.5 2026:+1.1,2.27
Hold JP225 + Mon US500 + Roll GBPJPY,0.04 / 0.14 / 0.83,0.01,True,3.2,16.5,-1.1,-0.7,-0.5,41/59,2.28,2022:+0.8 2023:+5.3 2024:+3.5 2025:+4.1 2026:+1.8,2.91
Hold JP225 + Mon US500 + Roll USDJPY,0.04 / 0.17 / 0.79,0.01,True,3.4,18.0,-2.6,-0.9,-0.61,39/59,1.99,2022:-0.0 2023:+6.3 2024:+3.5 2025:+5.4 2026:+1.7,1.31
Hold JP225 + Mon US500 + TSMOM XAUUSD,0.16 / 0.62 / 0.22,0.09,False,8.4,48.5,-5.1,-3.9,-2.46,39/58,1.3,2022:-0.9 2023:+8.6 2024:+10.3 2025:+18.0 2026:+6.9,1.65
Hold JP225 + Mon US500 + v4 AUDUSD,0.10 / 0.37 / 0.54,0.08,False,5.0,27.2,-4.8,-2.2,-1.35,41/58,1.31,2022:+0.3 2023:+11.5 2024:+1.7 2025:+6.7 2026:+3.7,1.04
Hold JP225 + Mon USDJPY + Roll AUDJPY,0.04 / 0.27 / 0.68,-0.0,True,2.7,13.9,-1.2,-0.5,-0.48,36/59,1.61,2022:+2.8 2023:+3.9 2024:+2.5 2025:+2.3 2026:+1.2,2.25
Hold JP225 + Mon USDJPY + Roll CADJPY,0.03 / 0.22 / 0.74,0.02,True,2.4,12.4,-0.9,-0.7,-0.39,38/58,1.77,2022:+1.8 2023:+4.2 2024:+2.9 2025:+1.8 2026:+0.7,2.67
Hold JP225 + Mon USDJPY + Roll EURJPY,0.03 / 0.20 / 0.77,-0.0,True,2.3,12.0,-0.8,-0.4,-0.35,40/59,1.93,2022:+1.8 2023:+3.7 2024:+2.9 2025:+1.9 2026:+0.7,2.87
Hold JP225 + Mon USDJPY + Roll GBPJPY,0.03 / 0.21 / 0.76,0.01,True,2.9,15.2,-0.9,-0.4,-0.37,44/59,2.25,2022:+2.4 2023:+4.3 2024:+3.5 2025:+2.4 2026:+1.2,3.22
Hold JP225 + Mon USDJPY + Roll USDJPY,0.04 / 0.26 / 0.70,0.01,True,3.1,16.2,-1.1,-0.8,-0.45,41/59,1.97,2022:+2.0 2023:+5.0 2024:+3.6 2025:+3.2 2026:+1.0,2.82
Hold JP225 + Mon USDJPY + TSMOM XAUUSD,0.11 / 0.74 / 0.15,0.09,False,5.9,32.5,-4.6,-3.8,-1.7,39/58,1.29,2022:+5.3 2023:+4.1 2024:+8.3 2025:+7.2 2026:+3.3,1.28
Hold JP225 + Mon USDJPY + v4 AUDUSD,0.08 / 0.50 / 0.43,0.08,False,4.1,21.6,-2.9,-1.5,-1.09,34/58,1.3,2022:+4.2 2023:+7.8 2024:+2.1 2025:+2.1 2026:+2.0,1.41
Hold JP225 + Roll AUDJPY + Roll CADJPY,0.03 / 0.42 / 0.56,0.77,True,2.0,10.0,-0.7,-0.4,-0.5,39/59,1.56,2022:+0.0 2023:+3.8 2024:+2.2 2025:+2.8 2026:+0.8,2.86
Hold JP225 + Roll AUDJPY + Roll EURJPY,0.02 / 0.38 / 0.59,0.83,True,1.9,9.9,-0.6,-0.4,-0.34,41/59,1.66,2022:+0.2 2023:+3.5 2024:+2.3 2025:+2.8 2026:+0.8,3.17
Hold JP225 + Roll AUDJPY + Roll GBPJPY,0.02 / 0.40 / 0.57,0.81,True,2.4,12.2,-0.6,-0.3,-0.4,43/59,1.93,2022:+0.6 2023:+4.0 2024:+2.7 2025:+3.3 2026:+1.2,4.0
Hold JP225 + Roll AUDJPY + Roll USDJPY,0.03 / 0.46 / 0.51,0.73,True,2.4,12.4,-0.9,-0.5,-0.56,39/59,1.73,2022:-0.0 2023:+4.4 2024:+2.6 2025:+4.0 2026:+1.1,2.67
Hold JP225 + Roll AUDJPY + TSMOM XAUUSD,0.05 / 0.88 / 0.07,0.09,True,3.1,16.3,-1.7,-1.1,-0.81,37/59,1.4,2022:-0.2 2023:+3.4 2024:+4.0 2025:+6.6 2026:+2.2,1.82
Hold JP225 + Roll AUDJPY + v4 AUDUSD,0.04 / 0.71 / 0.24,0.08,True,2.6,13.4,-1.4,-0.5,-0.66,39/59,1.44,2022:+0.2 2023:+5.6 2024:+1.3 2025:+3.8 2026:+1.7,1.86
Hold JP225 + Roll CADJPY + Roll EURJPY,0.02 / 0.45 / 0.53,0.81,True,1.9,9.4,-0.5,-0.3,-0.27,40/59,1.79,2022:-0.1 2023:+3.7 2024:+2.6 2025:+2.5 2026:+0.5,3.8
Hold JP225 + Roll CADJPY + Roll GBPJPY,0.02 / 0.47 / 0.50,0.86,True,2.2,11.4,-0.6,-0.4,-0.38,41/59,2.03,2022:+0.2 2023:+4.1 2024:+3.0 2025:+2.9 2026:+0.9,3.67
Hold JP225 + Roll CADJPY + Roll USDJPY,0.02 / 0.54 / 0.44,0.85,True,2.2,11.5,-1.2,-0.6,-0.51,40/59,1.81,2022:-0.3 2023:+4.5 2024:+2.9 2025:+3.4 2026:+0.7,1.83
Hold JP225 + Roll CADJPY + TSMOM XAUUSD,0.04 / 0.90 / 0.05,0.09,True,2.7,13.9,-1.6,-1.2,-0.62,40/58,1.55,2022:-0.7 2023:+3.8 2024:+4.2 2025:+5.0 2026:+1.3,1.69
Hold JP225 + Roll CADJPY + v4 AUDUSD,0.03 / 0.77 / 0.20,0.08,True,2.3,11.9,-1.7,-0.7,-0.53,39/58,1.59,2022:-0.3 2023:+5.5 2024:+2.0 2025:+3.0 2026:+1.0,1.35
Hold JP225 + Roll EURJPY + Roll GBPJPY,0.02 / 0.51 / 0.47,0.88,True,2.2,11.2,-0.5,-0.2,-0.28,43/59,2.14,2022:+0.3 2023:+3.8 2024:+2.9 2025:+2.9 2026:+0.9,4.4
Hold JP225 + Roll EURJPY + Roll USDJPY,0.02 / 0.57 / 0.40,0.81,True,2.2,11.3,-0.7,-0.4,-0.28,40/59,1.95,2022:-0.2 2023:+4.1 2024:+2.9 2025:+3.4 2026:+0.7,3.14
Hold JP225 + Roll EURJPY + TSMOM XAUUSD,0.04 / 0.92 / 0.05,0.09,True,2.6,13.2,-1.2,-0.7,-0.54,39/59,1.71,2022:-0.4 2023:+3.3 2024:+4.0 2025:+4.7 2026:+1.3,2.17
Hold JP225 + Roll EURJPY + v4 AUDUSD,0.03 / 0.79 / 0.17,0.08,True,2.2,11.5,-1.0,-0.3,-0.47,39/59,1.74,2022:-0.1 2023:+4.9 2024:+2.1 2025:+3.0 2026:+1.0,2.2
Hold JP225 + Roll GBPJPY + Roll USDJPY,0.02 / 0.55 / 0.42,0.85,True,2.6,13.6,-0.7,-0.4,-0.42,43/59,2.19,2022:+0.2 2023:+4.6 2024:+3.3 2025:+3.8 2026:+1.1,3.71
Hold JP225 + Roll GBPJPY + TSMOM XAUUSD,0.04 / 0.91 / 0.05,0.09,True,3.3,17.2,-1.2,-0.8,-0.59,42/59,2.02,2022:+0.2 2023:+4.1 2024:+4.8 2025:+5.6 2026:+2.0,2.75
Hold JP225 + Roll GBPJPY + v4 AUDUSD,0.03 / 0.78 / 0.19,0.08,True,2.9,14.8,-1.1,-0.5,-0.51,43/59,2.05,2022:+0.4 2023:+5.7 2024:+2.6 2025:+3.6 2026:+1.6,2.64
Hold JP225 + Roll USDJPY + TSMOM XAUUSD,0.05 / 0.89 / 0.06,0.09,True,3.6,19.0,-1.9,-1.5,-0.74,39/59,1.74,2022:-1.0 2023:+4.8 2024:+5.2 2025:+7.4 2026:+1.9,1.89
Hold JP225 + Roll USDJPY + v4 AUDUSD,0.04 / 0.73 / 0.23,0.08,True,3.0,15.8,-2.3,-0.8,-0.62,39/59,1.79,2022:-0.5 2023:+6.6 2024:+2.5 2025:+4.6 2026:+1.4,1.3
Hold JP225 + TSMOM XAUUSD + v4 AUDUSD,0.13 / 0.17 / 0.71,0.09,False,6.0,33.1,-4.5,-3.6,-2.08,42/58,1.14,2022:-2.0 2023:+9.1 2024:+5.4 2025:+12.4 2026:+5.0,1.33
Hold UK100 + Hold US500 + Hold XAUUSD,0.41 / 0.31 / 0.28,0.33,False,12.5,78.5,-15.0,-7.4,-4.65,40/58,1.15,2022:-5.8 2023:+12.2 2024:+16.6 2025:+30.9 2026:+4.3,0.83
Hold UK100 + Hold US500 + Mon AUDJPY,0.21 / 0.16 / 0.63,0.33,False,7.5,42.7,-6.3,-2.9,-1.99,36/58,1.36,2022:-0.5 2023:+10.7 2024:+5.0 2025:+9.7 2026:+7.0,1.19
Hold UK100 + Hold US500 + Mon CADJPY,0.20 / 0.15 / 0.66,0.33,False,5.7,31.3,-5.0,-2.8,-1.85,38/58,1.14,2022:+2.1 2023:+8.0 2024:+4.8 2025:+6.5 2026:+2.8,1.14
Hold UK100 + Hold US500 + Mon CHFJPY,0.18 / 0.13 / 0.69,0.33,False,5.6,31.0,-6.3,-2.8,-1.68,39/58,1.24,2022:+1.4 2023:+9.1 2024:+4.7 2025:+6.3 2026:+2.7,0.89
Hold UK100 + Hold US500 + Mon EURJPY,0.18 / 0.13 / 0.68,0.33,False,6.1,33.8,-4.3,-2.1,-1.71,38/58,1.3,2022:+2.9 2023:+8.4 2024:+4.2 2025:+7.1 2026:+4.0,1.42
Hold UK100 + Hold US500 + Mon GBPJPY,0.19 / 0.14 / 0.67,0.33,False,7.6,43.5,-5.1,-2.3,-1.85,42/58,1.54,2022:+2.7 2023:+8.9 2024:+6.4 2025:+9.3 2026:+6.4,1.49
Hold UK100 + Hold US500 + Mon GBPUSD,0.18 / 0.13 / 0.69,0.33,False,4.9,26.5,-6.8,-2.7,-1.75,38/58,1.07,2022:-3.5 2023:+5.9 2024:+3.6 2025:+10.5 2026:+6.3,0.72
Hold UK100 + Hold US500 + Mon GER40,0.30 / 0.22 / 0.49,0.33,False,7.7,43.9,-11.1,-3.0,-2.77,38/58,1.03,2022:-3.7 2023:+3.8 2024:+9.0 2025:+15.3 2026:+10.2,0.69
Hold UK100 + Hold US500 + Mon NAS100,0.32 / 0.24 / 0.45,0.33,False,9.6,56.8,-10.1,-5.6,-2.99,37/58,1.2,2022:+1.0 2023:+12.2 2024:+9.3 2025:+14.7 2026:+5.5,0.95
Hold UK100 + Hold US500 + Mon NZDJPY,0.21 / 0.15 / 0.64,0.33,False,6.6,36.7,-6.6,-3.0,-1.92,39/58,1.25,2022:-0.5 2023:+9.9 2024:+4.0 2025:+9.0 2026:+6.2,1.0
Hold UK100 + Hold US500 + Mon US500,0.26 / 0.19 / 0.55,0.33,False,7.3,41.7,-10.5,-4.8,-2.43,34/58,1.1,2022:-2.0 2023:+10.6 2024:+6.7 2025:+12.5 2026:+5.2,0.7
Hold UK100 + Hold US500 + Mon USDJPY,0.19 / 0.14 / 0.68,0.33,False,5.4,29.5,-4.3,-2.6,-1.74,35/58,1.18,2022:+4.0 2023:+5.9 2024:+5.9 2025:+4.5 2026:+2.4,1.26
Hold UK100 + Hold US500 + Roll AUDJPY,0.09 / 0.07 / 0.84,0.33,True,3.0,15.7,-2.4,-1.1,-0.87,36/59,1.31,2022:-0.6 2023:+4.3 2024:+3.0 2025:+5.2 2026:+1.8,1.25
Hold UK100 + Hold US500 + Roll CADJPY,0.07 / 0.05 / 0.88,0.33,True,2.6,13.5,-2.6,-1.2,-0.67,39/58,1.47,2022:-1.0 2023:+4.5 2024:+3.4 2025:+4.0 2026:+1.0,1.0
Hold UK100 + Hold US500 + Roll EURJPY,0.06 / 0.05 / 0.89,0.33,True,2.5,12.8,-1.8,-0.8,-0.59,38/59,1.59,2022:-0.6 2023:+3.9 2024:+3.3 2025:+3.9 2026:+1.0,1.39
Hold UK100 + Hold US500 + Roll GBPJPY,0.07 / 0.05 / 0.88,0.33,True,3.2,16.7,-1.7,-1.0,-0.64,43/59,1.87,2022:-0.1 2023:+4.7 2024:+4.1 2025:+4.6 2026:+1.7,1.88
Hold UK100 + Hold US500 + Roll USDJPY,0.09 / 0.06 / 0.85,0.33,True,3.5,18.3,-3.3,-1.6,-0.8,41/59,1.63,2022:-1.3 2023:+5.6 2024:+4.3 2025:+6.1 2026:+1.5,1.06
Hold UK100 + Hold US500 + TSMOM XAUUSD,0.40 / 0.30 / 0.30,0.33,False,10.4,62.5,-12.6,-7.5,-4.61,40/58,1.03,2022:-7.2 2023:+5.8 2024:+16.8 2025:+26.9 2026:+8.1,0.83
Hold UK100 + Hold US500 + v4 AUDUSD,0.21 / 0.15 / 0.64,0.33,False,5.4,29.7,-8.1,-3.3,-1.94,35/58,1.05,2022:-2.7 2023:+10.7 2024:+3.1 2025:+8.7 2026:+3.8,0.67
Hold UK100 + Hold XAUUSD + Mon AUDJPY,0.21 / 0.15 / 0.64,0.12,False,8.5,49.2,-5.0,-2.0,-1.67,43/58,1.62,2022:+2.7 2023:+9.1 2024:+5.4 2025:+15.4 2026:+5.2,1.7
Hold UK100 + Hold XAUUSD + Mon CADJPY,0.20 / 0.14 / 0.66,0.12,False,6.6,36.7,-4.7,-3.6,-1.44,38/58,1.4,2022:+5.2 2023:+6.5 2024:+5.1 2025:+11.6 2026:+1.2,1.4
Hold UK100 + Hold XAUUSD + Mon CHFJPY,0.18 / 0.12 / 0.70,0.12,False,6.4,35.8,-5.7,-3.5,-1.38,44/58,1.48,2022:+4.2 2023:+7.8 2024:+5.0 2025:+10.9 2026:+1.2,1.12
Hold UK100 + Hold XAUUSD + Mon EURJPY,0.18 / 0.13 / 0.69,0.12,False,6.9,38.9,-3.5,-2.7,-1.67,42/58,1.57,2022:+5.8 2023:+7.0 2024:+4.4 2025:+11.8 2026:+2.5,1.97
Hold UK100 + Hold XAUUSD + Mon GBPJPY,0.19 / 0.13 / 0.68,0.12,False,8.5,49.2,-3.7,-2.3,-1.62,44/58,1.83,2022:+5.7 2023:+7.5 2024:+6.7 2025:+14.3 2026:+4.8,2.3
Hold UK100 + Hold XAUUSD + Mon GBPUSD,0.18 / 0.12 / 0.70,0.14,False,5.7,31.0,-5.3,-1.9,-1.98,39/58,1.27,2022:-1.0 2023:+4.5 2024:+3.8 2025:+15.2 2026:+4.8,1.08
Hold UK100 + Hold XAUUSD + Mon GER40,0.30 / 0.20 / 0.50,0.12,False,9.1,53.2,-7.7,-2.7,-2.81,37/58,1.28,2022:+0.7 2023:+1.6 2024:+9.6 2025:+23.8 2026:+7.7,1.18
Hold UK100 + Hold XAUUSD + Mon NAS100,0.33 / 0.22 / 0.45,0.12,False,11.2,68.1,-9.1,-4.2,-2.34,40/58,1.51,2022:+6.2 2023:+9.7 2024:+10.0 2025:+23.8 2026:+2.8,1.23
Hold UK100 + Hold XAUUSD + Mon NZDJPY,0.21 / 0.14 / 0.65,0.12,False,7.5,42.6,-5.9,-2.2,-1.58,41/58,1.5,2022:+2.6 2023:+8.3 2024:+4.3 2025:+14.4 2026:+4.5,1.27
Hold UK100 + Hold XAUUSD + Mon US500,0.26 / 0.18 / 0.56,0.12,False,8.6,49.7,-8.6,-3.6,-1.92,40/58,1.4,2022:+2.0 2023:+8.6 2024:+7.2 2025:+19.7 2026:+3.0,1.0
Hold UK100 + Hold XAUUSD + Mon USDJPY,0.19 / 0.13 / 0.68,0.12,False,6.2,34.5,-5.0,-3.3,-1.35,40/58,1.47,2022:+7.0 2023:+4.5 2024:+6.2 2025:+9.1 2026:+0.9,1.24
Hold UK100 + Hold XAUUSD + Roll AUDJPY,0.09 / 0.06 / 0.84,0.12,True,3.4,17.7,-1.8,-0.9,-0.67,39/59,1.56,2022:+0.8 2023:+3.6 2024:+3.1 2025:+7.5 2026:+1.1,1.89
Hold UK100 + Hold XAUUSD + Roll CADJPY,0.07 / 0.05 / 0.88,0.12,True,2.9,15.0,-2.3,-1.0,-0.52,42/58,1.72,2022:+0.1 2023:+4.0 2024:+3.5 2025:+5.8 2026:+0.5,1.26
Hold UK100 + Hold XAUUSD + Roll EURJPY,0.06 / 0.04 / 0.89,0.12,True,2.7,14.2,-1.4,-0.6,-0.45,37/59,1.86,2022:+0.3 2023:+3.4 2024:+3.4 2025:+5.4 2026:+0.5,1.93
Hold UK100 + Hold XAUUSD + Roll GBPJPY,0.07 / 0.05 / 0.89,0.12,True,3.5,18.2,-1.2,-0.7,-0.49,43/59,2.16,2022:+0.9 2023:+4.2 2024:+4.2 2025:+6.3 2026:+1.1,2.92
Hold UK100 + Hold XAUUSD + Roll USDJPY,0.09 / 0.06 / 0.86,0.12,True,3.8,20.3,-2.8,-1.3,-0.62,40/59,1.9,2022:-0.1 2023:+4.9 2024:+4.4 2025:+8.3 2026:+0.8,1.36
Hold UK100 + Hold XAUUSD + TSMOM XAUUSD,0.42 / 0.28 / 0.30,0.68,False,12.2,76.0,-13.3,-9.3,-6.43,36/58,1.05,2022:-1.4 2023:+2.7 2024:+17.6 2025:+39.8 2026:+4.2,0.92
Hold UK100 + Hold XAUUSD + v4 AUDUSD,0.21 / 0.14 / 0.65,0.12,False,6.3,35.3,-7.3,-3.0,-1.57,38/58,1.28,2022:+0.3 2023:+9.1 2024:+3.4 2025:+14.1 2026:+2.1,0.86
Hold UK100 + Mon AUDJPY + Mon CADJPY,0.14 / 0.41 / 0.45,0.8,False,5.2,28.1,-2.9,-1.0,-1.41,38/58,1.33,2022:+5.1 2023:+7.3 2024:+1.5 2025:+4.6 2026:+3.7,1.79
Hold UK100 + Mon AUDJPY + Mon CHFJPY,0.13 / 0.38 / 0.49,0.59,False,5.2,28.1,-3.1,-1.3,-1.36,39/58,1.48,2022:+4.4 2023:+8.1 2024:+1.6 2025:+4.6 2026:+3.6,1.68
Hold UK100 + Mon AUDJPY + Mon EURJPY,0.13 / 0.39 / 0.48,0.67,False,5.5,30.0,-2.8,-0.9,-1.57,39/58,1.52,2022:+5.5 2023:+7.6 2024:+1.2 2025:+5.1 2026:+4.5,1.96
Hold UK100 + Mon AUDJPY + Mon GBPJPY,0.13 / 0.39 / 0.47,0.72,False,6.5,36.4,-3.0,-1.0,-1.52,42/58,1.73,2022:+5.5 2023:+7.9 2024:+2.6 2025:+6.6 2026:+6.2,2.17
Hold UK100 + Mon AUDJPY + Mon GBPUSD,0.13 / 0.38 / 0.49,0.29,False,4.6,25.0,-3.3,-1.4,-1.32,39/58,1.44,2022:+0.8 2023:+5.8 2024:+0.8 2025:+7.5 2026:+6.2,1.39
Hold UK100 + Mon AUDJPY + Mon GER40,0.18 / 0.53 / 0.29,0.19,False,6.3,34.8,-3.9,-1.1,-1.74,35/58,1.43,2022:+2.5 2023:+4.6 2024:+2.9 2025:+9.2 2026:+8.5,1.62
Hold UK100 + Mon AUDJPY + Mon NAS100,0.19 / 0.55 / 0.26,0.28,False,7.3,41.2,-4.1,-2.5,-1.52,42/58,1.61,2022:+5.7 2023:+9.4 2024:+2.8 2025:+8.5 2026:+5.7,1.78
Hold UK100 + Mon AUDJPY + Mon NZDJPY,0.14 / 0.42 / 0.44,0.9,False,5.7,31.6,-3.2,-1.4,-1.56,39/58,1.41,2022:+3.4 2023:+8.5 2024:+0.8 2025:+6.2 2026:+6.1,1.78
Hold UK100 + Mon AUDJPY + Mon US500,0.16 / 0.49 / 0.35,0.35,False,6.1,34.0,-3.7,-2.3,-1.69,44/58,1.49,2022:+3.1 2023:+8.8 2024:+2.0 2025:+7.9 2026:+5.4,1.65
Hold UK100 + Mon AUDJPY + Mon USDJPY,0.13 / 0.39 / 0.48,0.48,False,5.0,27.0,-2.5,-1.4,-1.14,40/58,1.45,2022:+6.4 2023:+5.8 2024:+2.4 2025:+3.2 2026:+3.4,2.0
Hold UK100 + Mon AUDJPY + Roll AUDJPY,0.08 / 0.23 / 0.70,0.06,True,3.2,16.6,-1.3,-0.6,-0.53,39/59,1.82,2022:+1.5 2023:+4.5 2024:+1.5 2025:+4.4 2026:+2.5,2.46
Hold UK100 + Mon AUDJPY + Roll CADJPY,0.06 / 0.18 / 0.75,0.06,True,2.8,14.5,-1.5,-0.8,-0.43,43/58,1.99,2022:+0.7 2023:+4.7 2024:+2.1 2025:+3.5 2026:+1.7,1.87
Hold UK100 + Mon AUDJPY + Roll EURJPY,0.06 / 0.16 / 0.78,0.06,True,2.7,13.8,-0.9,-0.4,-0.38,42/59,2.12,2022:+0.9 2023:+4.1 2024:+2.2 2025:+3.4 2026:+1.6,3.0
Hold UK100 + Mon AUDJPY + Roll GBPJPY,0.06 / 0.18 / 0.77,0.06,True,3.3,17.3,-1.0,-0.6,-0.41,48/59,2.44,2022:+1.4 2023:+4.8 2024:+2.7 2025:+4.0 2026:+2.2,3.3
Hold UK100 + Mon AUDJPY + Roll USDJPY,0.07 / 0.21 / 0.71,0.06,True,3.6,18.7,-1.5,-0.8,-0.5,46/59,2.18,2022:+0.8 2023:+5.6 2024:+2.6 2025:+5.2 2026:+2.2,2.4
Hold UK100 + Mon AUDJPY + TSMOM XAUUSD,0.21 / 0.63 / 0.16,0.07,False,7.4,42.2,-4.4,-2.1,-1.67,42/58,1.49,2022:+1.7 2023:+5.8 2024:+5.6 2025:+13.7 2026:+7.2,1.68
Hold UK100 + Mon AUDJPY + v4 AUDUSD,0.14 / 0.42 / 0.44,0.09,False,5.0,27.1,-3.3,-1.7,-1.43,43/58,1.51,2022:+1.9 2023:+9.1 2024:+0.3 2025:+6.0 2026:+4.4,1.52
Hold UK100 + Mon CADJPY + Mon CHFJPY,0.12 / 0.41 / 0.47,0.66,False,4.2,22.1,-2.3,-1.9,-1.22,36/58,1.24,2022:+5.9 2023:+6.6 2024:+1.6 2025:+2.9 2026:+1.2,1.83
Hold UK100 + Mon CADJPY + Mon EURJPY,0.12 / 0.41 / 0.46,0.71,False,4.4,23.8,-2.3,-1.5,-1.29,36/58,1.3,2022:+7.0 2023:+6.1 2024:+1.2 2025:+3.3 2026:+2.1,1.91
Hold UK100 + Mon CADJPY + Mon GBPJPY,0.13 / 0.42 / 0.45,0.72,False,5.4,29.6,-2.5,-1.3,-1.37,38/58,1.52,2022:+6.9 2023:+6.3 2024:+2.6 2025:+4.7 2026:+3.6,2.16
Hold UK100 + Mon CADJPY + Mon GBPUSD,0.12 / 0.40 / 0.47,0.08,False,3.7,19.4,-2.3,-1.0,-1.19,37/58,1.29,2022:+2.3 2023:+4.4 2024:+0.9 2025:+5.6 2026:+3.6,1.61
Hold UK100 + Mon CADJPY + Mon GER40,0.17 / 0.56 / 0.28,0.13,False,4.8,26.0,-3.2,-1.7,-1.84,34/58,1.21,2022:+4.5 2023:+2.7 2024:+2.9 2025:+6.5 2026:+4.8,1.5
Hold UK100 + Mon CADJPY + Mon NAS100,0.17 / 0.58 / 0.24,0.21,False,5.7,31.3,-4.1,-2.0,-1.64,38/58,1.39,2022:+7.8 2023:+7.1 2024:+2.8 2025:+5.7 2026:+2.1,1.39
Hold UK100 + Mon CADJPY + Mon NZDJPY,0.13 / 0.45 / 0.42,0.76,False,4.6,24.8,-2.6,-1.3,-1.33,38/58,1.24,2022:+5.0 2023:+6.8 2024:+0.9 2025:+4.2 2026:+3.3,1.77
Hold UK100 + Mon CADJPY + Mon US500,0.16 / 0.52 / 0.33,0.26,False,4.8,25.9,-3.6,-1.7,-1.49,37/58,1.28,2022:+5.0 2023:+6.8 2024:+2.0 2025:+5.5 2026:+2.3,1.33
Hold UK100 + Mon CADJPY + Mon USDJPY,0.13 / 0.42 / 0.46,0.74,False,4.0,21.0,-2.6,-1.7,-1.45,36/58,1.15,2022:+7.8 2023:+4.3 2024:+2.3 2025:+1.5 2026:+1.0,1.54
Hold UK100 + Mon CADJPY + Roll AUDJPY,0.07 / 0.25 / 0.68,0.04,True,2.6,13.5,-1.3,-0.5,-0.48,34/59,1.56,2022:+2.4 2023:+3.7 2024:+1.5 2025:+3.3 2026:+1.1,2.0
Hold UK100 + Mon CADJPY + Roll CADJPY,0.06 / 0.20 / 0.74,0.04,True,2.4,12.1,-1.1,-0.6,-0.39,36/58,1.73,2022:+1.5 2023:+4.0 2024:+2.1 2025:+2.7 2026:+0.6,2.18
Hold UK100 + Mon CADJPY + Roll EURJPY,0.05 / 0.18 / 0.77,0.04,True,2.3,11.7,-0.8,-0.4,-0.35,40/59,1.86,2022:+1.6 2023:+3.5 2024:+2.2 2025:+2.7 2026:+0.6,2.87
Hold UK100 + Mon CADJPY + Roll GBPJPY,0.06 / 0.19 / 0.75,0.04,True,2.9,14.9,-0.9,-0.4,-0.37,46/59,2.18,2022:+2.1 2023:+4.2 2024:+2.7 2025:+3.2 2026:+1.1,3.22
Hold UK100 + Mon CADJPY + Roll USDJPY,0.07 / 0.23 / 0.70,0.04,True,3.0,15.8,-1.6,-0.8,-0.45,43/59,1.91,2022:+1.7 2023:+4.8 2024:+2.6 2025:+4.2 2026:+0.9,1.88
Hold UK100 + Mon CADJPY + TSMOM XAUUSD,0.20 / 0.66 / 0.14,0.07,False,5.6,30.8,-4.8,-3.6,-1.54,37/58,1.25,2022:+4.2 2023:+3.5 2024:+5.3 2025:+10.1 2026:+2.9,1.17
Hold UK100 + Mon CADJPY + v4 AUDUSD,0.13 / 0.45 / 0.42,0.09,False,3.9,20.7,-2.8,-1.4,-1.2,35/58,1.27,2022:+3.5 2023:+7.3 2024:+0.3 2025:+4.0 2026:+1.8,1.39
Hold UK100 + Mon CHFJPY + Mon EURJPY,0.12 / 0.45 / 0.44,0.79,False,4.5,24.0,-2.3,-1.4,-1.33,39/58,1.36,2022:+6.2 2023:+6.9 2024:+1.4 2025:+3.4 2026:+2.0,1.96
Hold UK100 + Mon CHFJPY + Mon GBPJPY,0.12 / 0.46 / 0.42,0.66,False,5.4,29.4,-2.4,-1.2,-1.36,42/58,1.63,2022:+6.2 2023:+7.2 2024:+2.7 2025:+4.7 2026:+3.5,2.25
Hold UK100 + Mon CHFJPY + Mon GBPUSD,0.11 / 0.44 / 0.45,0.09,False,3.8,19.9,-2.4,-1.3,-1.18,40/58,1.37,2022:+1.9 2023:+5.3 2024:+1.1 2025:+5.6 2026:+3.5,1.58
Hold UK100 + Mon CHFJPY + Mon GER40,0.15 / 0.59 / 0.25,0.05,False,4.8,26.1,-3.1,-1.4,-1.51,36/58,1.34,2022:+3.8 2023:+4.1 2024:+3.0 2025:+6.3 2026:+4.5,1.55
Hold UK100 + Mon CHFJPY + Mon NAS100,0.16 / 0.62 / 0.22,0.07,False,5.6,31.0,-4.0,-2.2,-1.16,39/58,1.56,2022:+6.7 2023:+8.2 2024:+2.9 2025:+5.7 2026:+2.0,1.4
Hold UK100 + Mon CHFJPY + Mon NZDJPY,0.13 / 0.48 / 0.39,0.62,False,4.6,25.0,-3.0,-1.3,-1.32,39/58,1.37,2022:+4.3 2023:+7.7 2024:+1.1 2025:+4.2 2026:+3.2,1.53
Hold UK100 + Mon CHFJPY + Mon US500,0.14 / 0.55 / 0.30,0.11,False,4.8,26.0,-4.0,-2.1,-1.47,41/58,1.44,2022:+4.3 2023:+7.8 2024:+2.1 2025:+5.4 2026:+2.2,1.2
Hold UK100 + Mon CHFJPY + Mon USDJPY,0.12 / 0.45 / 0.43,0.59,False,4.0,21.4,-2.4,-1.8,-1.22,38/58,1.28,2022:+7.0 2023:+5.3 2024:+2.4 2025:+1.7 2026:+1.0,1.67
Hold UK100 + Mon CHFJPY + Roll AUDJPY,0.07 / 0.28 / 0.65,0.05,True,2.7,14.0,-1.2,-0.6,-0.43,38/59,1.66,2022:+2.1 2023:+4.3 2024:+1.6 2025:+3.4 2026:+1.1,2.25
Hold UK100 + Mon CHFJPY + Roll CADJPY,0.06 / 0.23 / 0.72,0.05,True,2.4,12.5,-1.8,-0.7,-0.38,39/58,1.83,2022:+1.3 2023:+4.5 2024:+2.2 2025:+2.7 2026:+0.6,1.33
Hold UK100 + Mon CHFJPY + Roll EURJPY,0.05 / 0.20 / 0.74,0.05,True,2.3,12.1,-1.1,-0.4,-0.32,41/59,1.97,2022:+1.4 2023:+4.0 2024:+2.2 2025:+2.8 2026:+0.6,2.09
Hold UK100 + Mon CHFJPY + Roll GBPJPY,0.06 / 0.22 / 0.73,0.05,True,2.9,15.2,-0.9,-0.6,-0.34,45/59,2.28,2022:+1.9 2023:+4.6 2024:+2.8 2025:+3.3 2026:+1.1,3.22
Hold UK100 + Mon CHFJPY + Roll USDJPY,0.07 / 0.26 / 0.67,0.05,True,3.1,16.2,-2.0,-0.9,-0.43,44/59,2.02,2022:+1.4 2023:+5.3 2024:+2.6 2025:+4.2 2026:+0.9,1.55
Hold UK100 + Mon CHFJPY + TSMOM XAUUSD,0.18 / 0.69 / 0.13,0.07,False,5.6,30.5,-4.6,-3.6,-1.4,42/58,1.33,2022:+3.4 2023:+5.0 2024:+5.2 2025:+9.5 2026:+2.8,1.22
Hold UK100 + Mon CHFJPY + v4 AUDUSD,0.13 / 0.48 / 0.39,0.09,False,4.0,21.1,-4.1,-1.5,-1.01,37/58,1.35,2022:+3.0 2023:+8.1 2024:+0.6 2025:+4.1 2026:+1.7,0.98
Hold UK100 + Mon EURJPY + Mon GBPJPY,0.12 / 0.45 / 0.43,0.81,False,5.7,31.3,-2.3,-1.2,-1.53,39/58,1.64,2022:+7.2 2023:+6.7 2024:+2.3 2025:+5.2 2026:+4.3,2.48
Hold UK100 + Mon EURJPY + Mon GBPUSD,0.12 / 0.43 / 0.45,0.24,False,4.0,21.4,-2.4,-1.0,-1.23,40/58,1.39,2022:+2.8 2023:+4.8 2024:+0.7 2025:+6.0 2026:+4.3,1.67
Hold UK100 + Mon EURJPY + Mon GER40,0.16 / 0.59 / 0.26,0.17,False,5.2,28.4,-3.6,-2.0,-1.7,37/58,1.37,2022:+5.1 2023:+3.4 2024:+2.4 2025:+7.0 2026:+5.7,1.44
Hold UK100 + Mon EURJPY + Mon NAS100,0.16 / 0.61 / 0.23,0.14,False,6.1,33.5,-3.2,-1.8,-1.14,41/58,1.6,2022:+8.1 2023:+7.6 2024:+2.4 2025:+6.3 2026:+3.2,1.91
Hold UK100 + Mon EURJPY + Mon NZDJPY,0.13 / 0.47 / 0.40,0.67,False,5.0,26.8,-2.4,-1.0,-1.31,36/58,1.42,2022:+5.4 2023:+7.2 2024:+0.6 2025:+4.7 2026:+4.1,2.08
Hold UK100 + Mon EURJPY + Mon US500,0.15 / 0.55 / 0.31,0.21,False,5.2,28.2,-3.3,-1.7,-1.46,42/58,1.47,2022:+5.5 2023:+7.2 2024:+1.6 2025:+6.0 2026:+3.2,1.58
Hold UK100 + Mon EURJPY + Mon USDJPY,0.12 / 0.45 / 0.43,0.62,False,4.3,23.0,-2.1,-1.2,-1.22,39/58,1.34,2022:+8.1 2023:+4.8 2024:+2.0 2025:+2.2 2026:+1.8,2.05
Hold UK100 + Mon EURJPY + Roll AUDJPY,0.07 / 0.27 / 0.66,0.06,True,2.9,14.9,-1.0,-0.4,-0.56,38/59,1.75,2022:+2.7 2023:+4.0 2024:+1.3 2025:+3.7 2026:+1.6,2.9
Hold UK100 + Mon EURJPY + Roll CADJPY,0.06 / 0.22 / 0.72,0.06,True,2.6,13.2,-1.2,-0.6,-0.46,42/58,1.91,2022:+1.8 2023:+4.2 2024:+2.0 2025:+3.0 2026:+1.0,2.17
Hold UK100 + Mon EURJPY + Roll EURJPY,0.05 / 0.20 / 0.75,0.06,True,2.5,12.7,-0.7,-0.4,-0.41,40/59,2.05,2022:+1.8 2023:+3.7 2024:+2.0 2025:+3.0 2026:+1.0,3.57
Hold UK100 + Mon EURJPY + Roll GBPJPY,0.06 / 0.21 / 0.73,0.06,True,3.0,15.9,-0.9,-0.4,-0.44,46/59,2.36,2022:+2.4 2023:+4.4 2024:+2.6 2025:+3.5 2026:+1.5,3.33
Hold UK100 + Mon EURJPY + Roll USDJPY,0.07 / 0.25 / 0.68,0.06,True,3.2,17.0,-1.6,-0.7,-0.53,45/59,2.1,2022:+2.0 2023:+5.0 2024:+2.4 2025:+4.5 2026:+1.4,2.0
Hold UK100 + Mon EURJPY + TSMOM XAUUSD,0.18 / 0.68 / 0.13,0.07,False,6.0,33.3,-3.6,-2.8,-1.68,42/58,1.42,2022:+4.9 2023:+4.3 2024:+4.6 2025:+10.4 2026:+4.1,1.67
Hold UK100 + Mon EURJPY + v4 AUDUSD,0.13 / 0.48 / 0.40,0.09,False,4.3,22.8,-2.9,-1.2,-0.99,37/58,1.44,2022:+4.0 2023:+7.6 2024:+0.1 2025:+4.6 2026:+2.6,1.48
Hold UK100 + Mon GBPJPY + Mon GBPUSD,0.12 / 0.42 / 0.46,0.47,False,4.9,26.5,-2.8,-1.1,-1.33,42/58,1.55,2022:+2.7 2023:+5.1 2024:+1.9 2025:+7.4 2026:+5.9,1.75
Hold UK100 + Mon GBPJPY + Mon GER40,0.16 / 0.57 / 0.27,0.18,False,6.5,36.1,-3.9,-1.6,-1.69,38/58,1.63,2022:+5.0 2023:+3.7 2024:+4.2 2025:+8.9 2026:+7.8,1.67
Hold UK100 + Mon GBPJPY + Mon NAS100,0.17 / 0.60 / 0.23,0.12,False,7.4,42.1,-3.2,-1.9,-1.36,46/58,1.89,2022:+8.1 2023:+8.0 2024:+4.2 2025:+8.3 2026:+5.3,2.31
Hold UK100 + Mon GBPJPY + Mon NZDJPY,0.13 / 0.46 / 0.41,0.71,False,6.0,32.9,-2.6,-1.1,-1.48,43/58,1.63,2022:+5.4 2023:+7.5 2024:+2.0 2025:+6.2 2026:+5.7,2.31
Hold UK100 + Mon GBPJPY + Mon US500,0.15 / 0.53 / 0.32,0.22,False,6.3,35.3,-3.0,-1.9,-1.66,45/58,1.73,2022:+5.4 2023:+7.5 2024:+3.3 2025:+7.7 2026:+5.1,2.1
Hold UK100 + Mon GBPJPY + Mon USDJPY,0.12 / 0.43 / 0.44,0.57,False,5.2,28.4,-2.4,-1.0,-1.21,39/58,1.6,2022:+8.0 2023:+5.0 2024:+3.4 2025:+3.4 2026:+3.3,2.17
Hold UK100 + Mon GBPJPY + Roll AUDJPY,0.07 / 0.26 / 0.67,0.08,True,3.4,17.8,-1.0,-0.4,-0.51,42/59,2.02,2022:+2.7 2023:+4.1 2024:+2.1 2025:+4.4 2026:+2.4,3.4
Hold UK100 + Mon GBPJPY + Roll CADJPY,0.06 / 0.21 / 0.73,0.08,True,3.0,15.6,-1.2,-0.6,-0.41,44/58,2.19,2022:+1.7 2023:+4.3 2024:+2.6 2025:+3.6 2026:+1.7,2.5
Hold UK100 + Mon GBPJPY + Roll EURJPY,0.05 / 0.19 / 0.76,0.08,True,2.8,14.8,-0.7,-0.3,-0.37,45/59,2.33,2022:+1.8 2023:+3.8 2024:+2.6 2025:+3.5 2026:+1.6,4.0
Hold UK100 + Mon GBPJPY + Roll GBPJPY,0.06 / 0.20 / 0.74,0.08,True,3.5,18.2,-1.0,-0.5,-0.39,48/59,2.64,2022:+2.3 2023:+4.5 2024:+3.2 2025:+4.1 2026:+2.2,3.5
Hold UK100 + Mon GBPJPY + Roll USDJPY,0.07 / 0.25 / 0.69,0.08,True,3.7,19.8,-1.3,-0.6,-0.48,44/59,2.38,2022:+1.9 2023:+5.1 2024:+3.2 2025:+5.2 2026:+2.2,2.85
Hold UK100 + Mon GBPJPY + TSMOM XAUUSD,0.19 / 0.67 / 0.14,0.08,False,7.5,43.0,-3.5,-2.4,-1.56,42/58,1.69,2022:+4.8 2023:+4.6 2024:+6.9 2025:+12.8 2026:+6.5,2.14
Hold UK100 + Mon GBPJPY + v4 AUDUSD,0.13 / 0.46 / 0.40,0.09,False,5.3,28.7,-2.4,-1.3,-0.95,41/58,1.72,2022:+3.9 2023:+8.0 2024:+1.5 2025:+6.0 2026:+4.2,2.21
Hold UK100 + Mon GBPUSD + Mon GER40,0.15 / 0.60 / 0.25,0.2,False,4.2,22.4,-5.4,-1.5,-1.42,38/58,1.12,2022:-0.6 2023:+1.4 2024:+2.0 2025:+9.9 2026:+7.7,0.78
Hold UK100 + Mon GBPUSD + Mon NAS100,0.16 / 0.62 / 0.22,0.08,False,5.0,27.0,-3.9,-2.4,-1.42,40/58,1.38,2022:+2.0 2023:+5.3 2024:+1.9 2025:+9.4 2026:+5.2,1.28
Hold UK100 + Mon GBPUSD + Mon NZDJPY,0.12 / 0.48 / 0.39,0.29,False,4.2,22.1,-3.5,-1.4,-1.29,40/58,1.32,2022:+0.8 2023:+5.4 2024:+0.3 2025:+7.1 2026:+5.7,1.2
Hold UK100 + Mon GBPUSD + Mon US500,0.14 / 0.56 / 0.30,0.2,False,4.2,22.6,-4.4,-2.2,-1.43,40/58,1.23,2022:+0.1 2023:+5.2 2024:+1.2 2025:+8.7 2026:+5.1,0.95
Hold UK100 + Mon GBPUSD + Mon USDJPY,0.12 / 0.46 / 0.43,0.08,False,3.6,18.8,-1.8,-0.8,-0.88,40/58,1.57,2022:+3.5 2023:+3.3 2024:+1.7 2025:+4.4 2026:+3.3,2.0
Hold UK100 + Mon GBPUSD + Roll AUDJPY,0.07 / 0.28 / 0.65,0.08,True,2.4,12.5,-1.7,-0.7,-0.69,39/59,1.48,2022:+0.1 2023:+3.1 2024:+1.1 2025:+5.0 2026:+2.5,1.41
Hold UK100 + Mon GBPUSD + Roll CADJPY,0.06 / 0.23 / 0.71,0.08,True,2.2,11.3,-1.7,-0.8,-0.57,39/58,1.65,2022:-0.3 2023:+3.5 2024:+1.8 2025:+4.1 2026:+1.7,1.29
Hold UK100 + Mon GBPUSD + Roll EURJPY,0.05 / 0.20 / 0.74,0.08,True,2.1,11.0,-1.3,-0.5,-0.51,39/59,1.78,2022:-0.1 2023:+3.0 2024:+1.9 2025:+3.9 2026:+1.7,1.62
Hold UK100 + Mon GBPUSD + Roll GBPJPY,0.06 / 0.22 / 0.73,0.08,True,2.7,14.0,-1.3,-0.7,-0.54,43/59,2.1,2022:+0.3 2023:+3.7 2024:+2.4 2025:+4.5 2026:+2.2,2.08
Hold UK100 + Mon GBPUSD + Roll USDJPY,0.07 / 0.26 / 0.67,0.08,True,2.8,14.7,-1.9,-0.8,-0.65,41/59,1.84,2022:-0.5 2023:+4.1 2024:+2.2 2025:+5.7 2026:+2.2,1.47
Hold UK100 + Mon GBPUSD + TSMOM XAUUSD,0.18 / 0.69 / 0.13,0.08,False,4.8,26.0,-5.4,-1.7,-1.98,40/58,1.14,2022:-1.7 2023:+1.9 2024:+4.0 2025:+13.8 2026:+6.4,0.89
Hold UK100 + Mon GBPUSD + v4 AUDUSD,0.13 / 0.49 / 0.39,0.09,False,3.5,18.3,-2.6,-1.7,-1.21,39/58,1.2,2022:-0.6 2023:+5.9 2024:-0.2 2025:+6.9 2026:+4.2,1.35
Hold UK100 + Mon GER40 + Mon NAS100,0.25 / 0.41 / 0.35,0.39,False,7.4,41.8,-6.1,-2.5,-2.31,40/58,1.21,2022:+5.0 2023:+3.4 2024:+5.4 2025:+12.7 2026:+7.9,1.21
Hold UK100 + Mon GER40 + Mon NZDJPY,0.17 / 0.28 / 0.54,0.2,False,5.5,30.2,-4.2,-1.2,-1.75,37/58,1.31,2022:+2.4 2023:+4.1 2024:+2.1 2025:+8.5 2026:+7.8,1.31
Hold UK100 + Mon GER40 + Mon US500,0.21 / 0.35 / 0.44,0.45,False,5.9,32.6,-6.6,-2.2,-1.96,40/58,1.11,2022:+1.8 2023:+3.4 2024:+3.9 2025:+11.2 2026:+7.3,0.89
Hold UK100 + Mon GER40 + Mon USDJPY,0.16 / 0.26 / 0.58,0.04,False,4.6,24.7,-3.6,-1.7,-1.93,38/58,1.28,2022:+6.1 2023:+1.3 2024:+3.9 2025:+4.7 2026:+4.3,1.28
Hold UK100 + Mon GER40 + Roll AUDJPY,0.09 / 0.14 / 0.77,0.04,True,2.8,14.3,-1.7,-0.8,-0.8,35/59,1.44,2022:+0.8 2023:+2.0 2024:+2.2 2025:+5.3 2026:+2.9,1.65
Hold UK100 + Mon GER40 + Roll CADJPY,0.07 / 0.11 / 0.82,0.04,True,2.4,12.6,-1.7,-0.6,-0.63,37/58,1.61,2022:+0.1 2023:+2.7 2024:+2.7 2025:+4.2 2026:+1.9,1.41
Hold UK100 + Mon GER40 + Roll EURJPY,0.06 / 0.10 / 0.84,0.04,True,2.3,12.1,-1.3,-0.5,-0.56,36/59,1.74,2022:+0.4 2023:+2.3 2024:+2.7 2025:+4.0 2026:+1.8,1.77
Hold UK100 + Mon GER40 + Roll GBPJPY,0.06 / 0.11 / 0.83,0.04,True,3.0,15.6,-1.2,-0.5,-0.6,42/59,2.06,2022:+0.9 2023:+2.9 2024:+3.4 2025:+4.7 2026:+2.5,2.5
Hold UK100 + Mon GER40 + Roll USDJPY,0.08 / 0.13 / 0.79,0.04,True,3.2,16.8,-2.3,-0.6,-0.74,40/59,1.8,2022:+0.1 2023:+3.3 2024:+3.4 2025:+6.2 2026:+2.6,1.39
Hold UK100 + Mon GER40 + TSMOM XAUUSD,0.30 / 0.49 / 0.22,0.07,False,7.6,43.3,-8.7,-3.4,-2.77,38/58,1.13,2022:-0.5 2023:-2.5 2024:+9.8 2025:+21.1 2026:+10.4,0.87
Hold UK100 + Mon GER40 + v4 AUDUSD,0.17 / 0.29 / 0.54,0.09,False,4.6,24.5,-3.5,-1.5,-1.63,39/58,1.14,2022:+0.5 2023:+4.7 2024:+1.4 2025:+8.3 2026:+5.7,1.31
Hold UK100 + Mon NAS100 + Mon NZDJPY,0.18 / 0.25 / 0.57,0.26,False,6.5,36.0,-4.4,-2.5,-1.38,40/58,1.5,2022:+5.6 2023:+8.8 2024:+2.0 2025:+7.9 2026:+5.0,1.48
Hold UK100 + Mon NAS100 + Mon US500,0.22 / 0.31 / 0.47,0.93,False,7.1,39.9,-7.8,-4.0,-2.69,40/58,1.16,2022:+5.6 2023:+9.1 2024:+3.8 2025:+10.5 2026:+3.9,0.91
Hold UK100 + Mon NAS100 + Mon USDJPY,0.17 / 0.23 / 0.60,0.05,False,5.4,29.7,-3.3,-1.5,-1.41,40/58,1.49,2022:+9.3 2023:+5.3 2024:+3.9 2025:+4.0 2026:+1.8,1.64
Hold UK100 + Mon NAS100 + Roll AUDJPY,0.09 / 0.12 / 0.79,-0.0,True,3.1,16.5,-1.5,-1.0,-0.52,40/59,1.69,2022:+2.3 2023:+4.1 2024:+2.1 2025:+4.9 2026:+1.5,2.07
Hold UK100 + Mon NAS100 + Roll CADJPY,0.07 / 0.10 / 0.84,-0.01,True,2.7,14.2,-2.0,-1.1,-0.44,40/58,1.87,2022:+1.3 2023:+4.4 2024:+2.7 2025:+3.9 2026:+0.8,1.35
Hold UK100 + Mon NAS100 + Roll EURJPY,0.06 / 0.08 / 0.85,-0.0,True,2.6,13.5,-1.3,-0.7,-0.36,39/59,2.01,2022:+1.4 2023:+3.8 2024:+2.7 2025:+3.7 2026:+0.8,2.0
Hold UK100 + Mon NAS100 + Roll GBPJPY,0.07 / 0.09 / 0.84,0.01,True,3.3,17.3,-1.4,-0.9,-0.39,43/59,2.34,2022:+2.0 2023:+4.5 2024:+3.4 2025:+4.4 2026:+1.4,2.36
Hold UK100 + Mon NAS100 + Roll USDJPY,0.08 / 0.11 / 0.81,-0.01,True,3.6,18.9,-2.9,-1.2,-0.52,42/59,2.06,2022:+1.4 2023:+5.3 2024:+3.4 2025:+5.8 2026:+1.3,1.24
Hold UK100 + Mon NAS100 + TSMOM XAUUSD,0.32 / 0.45 / 0.23,0.07,False,9.5,56.2,-6.1,-4.1,-2.49,41/58,1.37,2022:+4.7 2023:+4.8 2024:+10.2 2025:+21.0 2026:+5.7,1.56
Hold UK100 + Mon NAS100 + v4 AUDUSD,0.18 / 0.25 / 0.56,0.09,False,5.5,30.0,-6.0,-2.9,-1.32,40/58,1.37,2022:+3.6 2023:+9.4 2024:+1.3 2025:+7.7 2026:+2.9,0.92
Hold UK100 + Mon NZDJPY + Mon US500,0.16 / 0.50 / 0.34,0.33,False,5.5,29.8,-4.5,-2.4,-1.63,41/58,1.38,2022:+3.1 2023:+8.2 2024:+1.3 2025:+7.3 2026:+4.8,1.22
Hold UK100 + Mon NZDJPY + Mon USDJPY,0.13 / 0.40 / 0.47,0.47,False,4.5,23.9,-2.5,-1.7,-1.04,37/58,1.34,2022:+6.3 2023:+5.4 2024:+1.8 2025:+2.9 2026:+3.0,1.8
Hold UK100 + Mon NZDJPY + Roll AUDJPY,0.08 / 0.24 / 0.69,0.04,True,2.9,15.0,-1.3,-0.6,-0.49,38/59,1.69,2022:+1.5 2023:+4.3 2024:+1.1 2025:+4.2 2026:+2.2,2.23
Hold UK100 + Mon NZDJPY + Roll CADJPY,0.06 / 0.19 / 0.75,0.04,True,2.6,13.3,-1.6,-0.8,-0.4,38/58,1.86,2022:+0.7 2023:+4.5 2024:+1.8 2025:+3.4 2026:+1.5,1.62
Hold UK100 + Mon NZDJPY + Roll EURJPY,0.05 / 0.17 / 0.77,0.04,True,2.5,12.7,-0.9,-0.4,-0.36,42/59,2.0,2022:+0.9 2023:+4.0 2024:+1.9 2025:+3.3 2026:+1.4,2.78
Hold UK100 + Mon NZDJPY + Roll GBPJPY,0.06 / 0.18 / 0.76,0.04,True,3.1,16.1,-1.0,-0.6,-0.38,46/59,2.32,2022:+1.4 2023:+4.7 2024:+2.5 2025:+3.9 2026:+2.0,3.1
Hold UK100 + Mon NZDJPY + Roll USDJPY,0.07 / 0.22 / 0.71,0.04,True,3.3,17.2,-2.1,-0.9,-0.46,45/59,2.05,2022:+0.8 2023:+5.4 2024:+2.3 2025:+5.0 2026:+2.0,1.57
Hold UK100 + Mon NZDJPY + TSMOM XAUUSD,0.21 / 0.64 / 0.15,0.07,False,6.5,36.2,-3.9,-2.3,-1.6,39/58,1.37,2022:+1.7 2023:+5.2 2024:+4.5 2025:+12.8 2026:+6.3,1.67
Hold UK100 + Mon NZDJPY + v4 AUDUSD,0.14 / 0.43 / 0.43,0.09,False,4.4,23.8,-3.7,-1.7,-1.34,40/58,1.39,2022:+1.8 2023:+8.6 2024:-0.3 2025:+5.6 2026:+4.0,1.19
Hold UK100 + Mon US500 + Mon USDJPY,0.15 / 0.31 / 0.54,0.04,False,4.6,24.8,-2.9,-1.4,-1.26,39/58,1.39,2022:+6.5 2023:+5.2 2024:+3.0 2025:+3.9 2026:+1.9,1.59
Hold UK100 + Mon US500 + Roll AUDJPY,0.08 / 0.17 / 0.74,-0.0,True,2.8,14.7,-1.7,-1.0,-0.54,42/59,1.57,2022:+1.2 2023:+4.1 2024:+1.7 2025:+4.8 2026:+1.6,1.65
Hold UK100 + Mon US500 + Roll CADJPY,0.07 / 0.14 / 0.80,-0.0,True,2.5,12.9,-2.1,-1.1,-0.43,39/58,1.75,2022:+0.5 2023:+4.3 2024:+2.4 2025:+3.8 2026:+1.0,1.19
Hold UK100 + Mon US500 + Roll EURJPY,0.06 / 0.12 / 0.82,-0.0,True,2.4,12.4,-1.4,-0.7,-0.38,40/59,1.89,2022:+0.7 2023:+3.8 2024:+2.4 2025:+3.7 2026:+1.0,1.71
Hold UK100 + Mon US500 + Roll GBPJPY,0.06 / 0.13 / 0.81,0.01,True,3.0,15.9,-1.4,-0.9,-0.41,43/59,2.21,2022:+1.2 2023:+4.5 2024:+3.0 2025:+4.4 2026:+1.5,2.14
Hold UK100 + Mon US500 + Roll USDJPY,0.08 / 0.16 / 0.76,-0.01,True,3.3,17.1,-3.0,-1.2,-0.5,41/59,1.94,2022:+0.4 2023:+5.2 2024:+2.9 2025:+5.7 2026:+1.4,1.1
Hold UK100 + Mon US500 + TSMOM XAUUSD,0.26 / 0.55 / 0.19,0.07,False,7.3,41.2,-5.9,-3.3,-2.03,40/58,1.27,2022:+0.8 2023:+4.7 2024:+7.4 2025:+17.5 2026:+5.3,1.24
Hold UK100 + Mon US500 + v4 AUDUSD,0.16 / 0.34 / 0.50,0.09,False,4.6,24.6,-5.7,-2.7,-1.28,38/58,1.26,2022:+1.3 2023:+8.8 2024:+0.6 2025:+7.2 2026:+3.0,0.81
Hold UK100 + Mon USDJPY + Roll AUDJPY,0.07 / 0.27 / 0.66,-0.0,True,2.6,13.3,-1.4,-0.7,-0.56,40/59,1.59,2022:+3.2 2023:+3.0 2024:+2.0 2025:+2.6 2026:+0.9,1.86
Hold UK100 + Mon USDJPY + Roll CADJPY,0.06 / 0.22 / 0.72,-0.0,True,2.3,11.9,-1.1,-0.6,-0.45,41/58,1.76,2022:+2.1 2023:+3.4 2024:+2.5 2025:+2.1 2026:+0.5,2.09
Hold UK100 + Mon USDJPY + Roll EURJPY,0.05 / 0.19 / 0.75,-0.0,True,2.2,11.5,-0.9,-0.4,-0.41,42/59,1.9,2022:+2.1 2023:+3.0 2024:+2.5 2025:+2.2 2026:+0.5,2.44
Hold UK100 + Mon USDJPY + Roll GBPJPY,0.06 / 0.21 / 0.74,0.01,True,2.8,14.6,-1.0,-0.4,-0.43,45/59,2.22,2022:+2.7 2023:+3.6 2024:+3.1 2025:+2.7 2026:+1.0,2.8
Hold UK100 + Mon USDJPY + Roll USDJPY,0.07 / 0.25 / 0.68,-0.0,True,3.0,15.5,-1.4,-0.8,-0.52,44/59,1.95,2022:+2.4 2023:+4.1 2024:+3.0 2025:+3.5 2026:+0.8,2.14
Hold UK100 + Mon USDJPY + TSMOM XAUUSD,0.19 / 0.68 / 0.14,0.07,False,5.3,29.0,-4.6,-3.4,-1.45,41/58,1.28,2022:+6.0 2023:+1.8 2024:+6.4 2025:+7.7 2026:+2.5,1.15
Hold UK100 + Mon USDJPY + v4 AUDUSD,0.13 / 0.47 / 0.40,0.09,False,3.8,19.9,-2.6,-1.3,-0.99,37/58,1.27,2022:+4.8 2023:+5.9 2024:+1.3 2025:+2.8 2026:+1.5,1.46
Hold UK100 + Roll AUDJPY + Roll CADJPY,0.04 / 0.41 / 0.55,0.77,True,1.9,9.7,-0.9,-0.5,-0.52,39/59,1.56,2022:+0.3 2023:+3.3 2024:+1.9 2025:+3.0 2026:+0.6,2.11
Hold UK100 + Roll AUDJPY + Roll EURJPY,0.04 / 0.37 / 0.58,0.83,True,1.9,9.6,-0.7,-0.3,-0.37,40/59,1.65,2022:+0.5 2023:+3.0 2024:+2.0 2025:+3.0 2026:+0.7,2.71
Hold UK100 + Roll AUDJPY + Roll GBPJPY,0.04 / 0.39 / 0.56,0.81,True,2.3,11.8,-0.6,-0.4,-0.42,46/59,1.91,2022:+0.8 2023:+3.4 2024:+2.4 2025:+3.4 2026:+1.1,3.83
Hold UK100 + Roll AUDJPY + Roll USDJPY,0.05 / 0.45 / 0.50,0.73,True,2.3,12.0,-1.1,-0.6,-0.57,40/59,1.73,2022:+0.3 2023:+3.7 2024:+2.3 2025:+4.2 2026:+0.9,2.09
Hold UK100 + Roll AUDJPY + TSMOM XAUUSD,0.09 / 0.84 / 0.07,0.07,True,3.0,15.4,-1.7,-1.0,-0.72,37/59,1.4,2022:+0.3 2023:+2.3 2024:+3.3 2025:+6.8 2026:+1.9,1.76
Hold UK100 + Roll AUDJPY + v4 AUDUSD,0.08 / 0.69 / 0.24,0.09,True,2.5,12.8,-1.8,-0.8,-0.55,37/59,1.42,2022:+0.6 2023:+4.6 2024:+0.8 2025:+4.1 2026:+1.4,1.39
Hold UK100 + Roll CADJPY + Roll EURJPY,0.04 / 0.45 / 0.52,0.81,True,1.8,9.2,-0.8,-0.4,-0.3,39/59,1.79,2022:+0.1 2023:+3.2 2024:+2.3 2025:+2.7 2026:+0.4,2.25
Hold UK100 + Roll CADJPY + Roll GBPJPY,0.04 / 0.47 / 0.50,0.86,True,2.2,11.1,-0.8,-0.5,-0.4,45/59,2.03,2022:+0.5 2023:+3.6 2024:+2.7 2025:+3.0 2026:+0.7,2.75
Hold UK100 + Roll CADJPY + Roll USDJPY,0.04 / 0.53 / 0.43,0.85,True,2.2,11.2,-1.5,-0.7,-0.53,43/59,1.82,2022:-0.1 2023:+3.9 2024:+2.6 2025:+3.6 2026:+0.6,1.47
Hold UK100 + Roll CADJPY + TSMOM XAUUSD,0.07 / 0.88 / 0.05,0.07,True,2.6,13.3,-1.6,-1.1,-0.56,42/58,1.56,2022:-0.3 2023:+2.9 2024:+3.6 2025:+5.3 2026:+1.1,1.62
Hold UK100 + Roll CADJPY + v4 AUDUSD,0.06 / 0.75 / 0.19,0.09,True,2.2,11.5,-2.1,-0.9,-0.45,38/58,1.58,2022:+0.1 2023:+4.7 2024:+1.6 2025:+3.3 2026:+0.8,1.05
Hold UK100 + Roll EURJPY + Roll GBPJPY,0.04 / 0.50 / 0.46,0.88,True,2.1,10.9,-0.5,-0.3,-0.31,46/59,2.13,2022:+0.6 2023:+3.3 2024:+2.7 2025:+3.0 2026:+0.8,4.2
Hold UK100 + Roll EURJPY + Roll USDJPY,0.04 / 0.56 / 0.40,0.81,True,2.1,11.0,-1.0,-0.5,-0.28,44/59,1.94,2022:+0.1 2023:+3.6 2024:+2.6 2025:+3.5 2026:+0.6,2.1
Hold UK100 + Roll EURJPY + TSMOM XAUUSD,0.06 / 0.89 / 0.05,0.07,True,2.5,12.7,-1.2,-0.7,-0.49,38/59,1.7,2022:+0.0 2023:+2.5 2024:+3.5 2025:+5.0 2026:+1.1,2.08
Hold UK100 + Roll EURJPY + v4 AUDUSD,0.05 / 0.78 / 0.17,0.09,True,2.2,11.1,-1.5,-0.6,-0.4,37/59,1.72,2022:+0.3 2023:+4.1 2024:+1.7 2025:+3.2 2026:+0.8,1.47
Hold UK100 + Roll GBPJPY + Roll USDJPY,0.04 / 0.54 / 0.42,0.85,True,2.6,13.2,-1.0,-0.5,-0.44,47/59,2.18,2022:+0.4 2023:+4.1 2024:+3.0 2025:+4.0 2026:+1.0,2.6
Hold UK100 + Roll GBPJPY + TSMOM XAUUSD,0.07 / 0.88 / 0.05,0.07,True,3.2,16.5,-1.2,-0.7,-0.53,41/59,2.01,2022:+0.6 2023:+3.2 2024:+4.3 2025:+5.8 2026:+1.7,2.67
Hold UK100 + Roll GBPJPY + v4 AUDUSD,0.06 / 0.76 / 0.18,0.09,True,2.8,14.3,-1.4,-0.7,-0.43,43/59,2.03,2022:+0.8 2023:+4.9 2024:+2.2 2025:+3.8 2026:+1.4,2.0
Hold UK100 + Roll USDJPY + TSMOM XAUUSD,0.09 / 0.85 / 0.06,0.07,True,3.4,18.1,-2.0,-1.4,-0.67,40/59,1.73,2022:-0.4 2023:+3.7 2024:+4.5 2025:+7.7 2026:+1.6,1.7
Hold UK100 + Roll USDJPY + v4 AUDUSD,0.07 / 0.71 / 0.22,0.09,True,2.9,15.1,-2.7,-0.9,-0.52,41/59,1.77,2022:-0.0 2023:+5.6 2024:+2.0 2025:+4.9 2026:+1.2,1.07
Hold UK100 + TSMOM XAUUSD + v4 AUDUSD,0.21 / 0.15 / 0.64,0.09,False,5.4,29.2,-4.5,-3.1,-1.68,39/58,1.12,2022:-0.6 2023:+5.9 2024:+3.7 2025:+12.5 2026:+3.9,1.2
Hold US500 + Hold XAUUSD + Mon AUDJPY,0.17 / 0.15 / 0.68,0.13,False,8.9,52.0,-6.2,-2.3,-2.05,43/58,1.58,2022:-0.9 2023:+12.8 2024:+8.2 2025:+14.3 2026:+4.5,1.44
Hold US500 + Hold XAUUSD + Mon CADJPY,0.16 / 0.14 / 0.70,0.1,False,6.8,38.5,-5.1,-3.1,-1.76,39/58,1.38,2022:+1.9 2023:+9.7 2024:+7.7 2025:+10.4 2026:+0.3,1.33
Hold US500 + Hold XAUUSD + Mon CHFJPY,0.14 / 0.13 / 0.73,0.1,False,6.7,37.3,-6.8,-3.1,-1.7,43/58,1.48,2022:+1.3 2023:+10.8 2024:+7.3 2025:+9.8 2026:+0.4,0.99
Hold US500 + Hold XAUUSD + Mon EURJPY,0.14 / 0.13 / 0.73,0.1,False,7.2,40.7,-4.6,-2.4,-1.7,42/58,1.55,2022:+2.8 2023:+10.0 2024:+6.8 2025:+10.8 2026:+1.7,1.57
Hold US500 + Hold XAUUSD + Mon GBPJPY,0.15 / 0.14 / 0.72,0.11,False,8.9,51.8,-4.6,-1.9,-1.98,42/58,1.81,2022:+2.6 2023:+10.6 2024:+9.3 2025:+13.3 2026:+4.2,1.93
Hold US500 + Hold XAUUSD + Mon GBPUSD,0.14 / 0.13 / 0.73,0.14,False,5.9,32.3,-7.5,-2.3,-1.65,39/58,1.25,2022:-4.0 2023:+7.2 2024:+6.0 2025:+14.3 2026:+4.2,0.79
Hold US500 + Hold XAUUSD + Mon GER40,0.24 / 0.22 / 0.54,0.1,False,9.7,57.7,-11.5,-4.0,-2.92,40/58,1.25,2022:-4.4 2023:+6.0 2024:+14.2 2025:+22.9 2026:+6.8,0.84
Hold US500 + Hold XAUUSD + Mon NAS100,0.26 / 0.24 / 0.50,0.14,False,12.0,74.6,-11.6,-4.7,-2.85,43/58,1.39,2022:+0.7 2023:+15.7 2024:+15.0 2025:+22.8 2026:+1.4,1.03
Hold US500 + Hold XAUUSD + Mon NZDJPY,0.16 / 0.15 / 0.69,0.11,False,7.8,44.9,-7.3,-2.7,-1.96,41/58,1.47,2022:-0.8 2023:+11.8 2024:+6.9 2025:+13.3 2026:+3.7,1.07
Hold US500 + Hold XAUUSD + Mon US500,0.21 / 0.19 / 0.60,0.23,False,9.1,53.1,-10.9,-4.0,-2.44,39/58,1.29,2022:-2.5 2023:+13.2 2024:+10.9 2025:+18.6 2026:+1.9,0.83
Hold US500 + Hold XAUUSD + Mon USDJPY,0.15 / 0.13 / 0.72,0.1,False,6.5,36.0,-4.4,-2.9,-1.59,41/58,1.46,2022:+4.0 2023:+7.3 2024:+8.7 2025:+7.9 2026:+0.0,1.48
Hold US500 + Hold XAUUSD + Roll AUDJPY,0.07 / 0.06 / 0.86,0.1,True,3.4,18.0,-2.4,-1.0,-0.76,40/59,1.53,2022:-0.8 2023:+4.9 2024:+4.2 2025:+6.9 2026:+0.7,1.42
Hold US500 + Hold XAUUSD + Roll CADJPY,0.05 / 0.05 / 0.90,0.1,True,2.9,15.2,-2.7,-1.0,-0.59,41/58,1.7,2022:-1.1 2023:+5.0 2024:+4.4 2025:+5.3 2026:+0.1,1.07
Hold US500 + Hold XAUUSD + Roll EURJPY,0.05 / 0.04 / 0.91,0.1,True,2.8,14.3,-1.8,-0.6,-0.52,42/59,1.83,2022:-0.7 2023:+4.3 2024:+4.2 2025:+5.0 2026:+0.2,1.56
Hold US500 + Hold XAUUSD + Roll GBPJPY,0.05 / 0.05 / 0.90,0.1,True,3.5,18.4,-1.6,-0.7,-0.56,45/59,2.14,2022:-0.2 2023:+5.2 2024:+5.0 2025:+5.8 2026:+0.8,2.19
Hold US500 + Hold XAUUSD + Roll USDJPY,0.06 / 0.06 / 0.88,0.1,True,3.9,20.6,-3.3,-1.3,-0.7,42/59,1.86,2022:-1.4 2023:+6.2 2024:+5.5 2025:+7.8 2026:+0.5,1.18
Hold US500 + Hold XAUUSD + TSMOM XAUUSD,0.34 / 0.32 / 0.34,0.68,False,13.5,86.4,-14.0,-9.0,-7.6,39/58,1.06,2022:-8.7 2023:+9.2 2024:+25.7 2025:+40.5 2026:+2.5,0.96
Hold US500 + Hold XAUUSD + v4 AUDUSD,0.16 / 0.15 / 0.69,0.1,False,6.6,37.1,-8.6,-2.6,-1.85,42/58,1.31,2022:-3.2 2023:+12.7 2024:+6.0 2025:+13.1 2026:+1.2,0.77
Hold US500 + Mon AUDJPY + Mon CADJPY,0.11 / 0.42 / 0.47,0.8,False,5.3,28.9,-3.6,-1.2,-1.61,39/58,1.29,2022:+2.9 2023:+9.5 2024:+3.0 2025:+3.6 2026:+3.2,1.47
Hold US500 + Mon AUDJPY + Mon CHFJPY,0.10 / 0.39 / 0.51,0.59,False,5.3,28.8,-3.9,-1.4,-1.58,37/58,1.45,2022:+2.4 2023:+10.2 2024:+3.1 2025:+3.7 2026:+3.1,1.36
Hold US500 + Mon AUDJPY + Mon EURJPY,0.10 / 0.40 / 0.50,0.67,False,5.6,30.9,-3.4,-1.6,-1.58,42/58,1.48,2022:+3.5 2023:+9.7 2024:+2.6 2025:+4.2 2026:+4.1,1.65
Hold US500 + Mon AUDJPY + Mon GBPJPY,0.10 / 0.41 / 0.49,0.72,False,6.7,37.6,-3.6,-1.2,-1.76,43/58,1.68,2022:+3.4 2023:+10.1 2024:+4.2 2025:+5.7 2026:+5.8,1.86
Hold US500 + Mon AUDJPY + Mon GBPUSD,0.10 / 0.39 / 0.51,0.29,False,4.8,25.6,-4.8,-1.6,-1.55,38/58,1.39,2022:-1.3 2023:+7.8 2024:+2.2 2025:+6.7 2026:+5.8,1.0
Hold US500 + Mon AUDJPY + Mon GER40,0.14 / 0.56 / 0.31,0.19,False,6.5,36.2,-6.5,-1.6,-1.76,38/58,1.37,2022:-0.4 2023:+7.3 2024:+5.1 2025:+8.0 2026:+8.0,1.0
Hold US500 + Mon AUDJPY + Mon NAS100,0.14 / 0.58 / 0.27,0.28,False,7.6,43.0,-5.0,-2.7,-1.99,41/58,1.47,2022:+2.7 2023:+12.6 2024:+5.1 2025:+7.3 2026:+5.0,1.52
Hold US500 + Mon AUDJPY + Mon NZDJPY,0.11 / 0.43 / 0.46,0.9,False,5.9,32.6,-4.1,-1.6,-1.74,40/58,1.36,2022:+1.1 2023:+10.9 2024:+2.4 2025:+5.2 2026:+5.6,1.44
Hold US500 + Mon AUDJPY + Mon US500,0.13 / 0.51 / 0.36,0.35,False,6.3,35.2,-5.0,-2.5,-1.99,40/58,1.36,2022:+0.4 2023:+11.5 2024:+3.9 2025:+6.8 2026:+4.9,1.26
Hold US500 + Mon AUDJPY + Mon USDJPY,0.10 / 0.40 / 0.49,0.48,False,5.1,27.7,-3.3,-1.0,-1.24,37/58,1.41,2022:+4.3 2023:+7.8 2024:+3.9 2025:+2.3 2026:+2.9,1.55
Hold US500 + Mon AUDJPY + Roll AUDJPY,0.06 / 0.23 / 0.71,0.13,True,3.2,16.8,-1.8,-0.6,-0.58,38/59,1.74,2022:+0.3 2023:+5.7 2024:+2.3 2025:+3.8 2026:+2.2,1.78
Hold US500 + Mon AUDJPY + Roll CADJPY,0.05 / 0.19 / 0.77,0.13,True,2.8,14.6,-1.8,-0.8,-0.47,43/58,1.91,2022:-0.2 2023:+5.6 2024:+2.8 2025:+3.1 2026:+1.4,1.56
Hold US500 + Mon AUDJPY + Roll EURJPY,0.04 / 0.17 / 0.79,0.13,True,2.7,13.9,-1.3,-0.5,-0.42,40/59,2.03,2022:+0.0 2023:+4.9 2024:+2.8 2025:+3.1 2026:+1.4,2.08
Hold US500 + Mon AUDJPY + Roll GBPJPY,0.04 / 0.18 / 0.78,0.13,True,3.3,17.4,-1.4,-0.6,-0.45,45/59,2.35,2022:+0.5 2023:+5.7 2024:+3.4 2025:+3.6 2026:+2.0,2.36
Hold US500 + Mon AUDJPY + Roll USDJPY,0.05 / 0.22 / 0.73,0.13,True,3.6,19.0,-2.0,-0.8,-0.54,44/59,2.07,2022:-0.4 2023:+6.7 2024:+3.4 2025:+4.7 2026:+1.9,1.8
Hold US500 + Mon AUDJPY + TSMOM XAUUSD,0.17 / 0.67 / 0.16,0.13,False,7.8,44.5,-6.9,-2.0,-1.94,38/58,1.48,2022:-1.7 2023:+9.2 2024:+8.4 2025:+12.6 2026:+6.5,1.13
Hold US500 + Mon AUDJPY + v4 AUDUSD,0.11 / 0.44 / 0.45,0.13,False,5.1,27.9,-4.1,-1.8,-1.49,40/58,1.5,2022:-0.4 2023:+11.5 2024:+1.8 2025:+5.1 2026:+3.9,1.24
Hold US500 + Mon CADJPY + Mon CHFJPY,0.09 / 0.42 / 0.49,0.66,False,4.2,22.6,-3.1,-1.6,-1.43,37/58,1.22,2022:+4.0 2023:+8.5 2024:+3.0 2025:+2.0 2026:+0.7,1.35
Hold US500 + Mon CADJPY + Mon EURJPY,0.09 / 0.43 / 0.48,0.71,False,4.5,24.4,-2.8,-1.7,-1.42,37/58,1.26,2022:+5.0 2023:+8.0 2024:+2.6 2025:+2.4 2026:+1.5,1.61
Hold US500 + Mon CADJPY + Mon GBPJPY,0.10 / 0.44 / 0.47,0.72,False,5.5,30.4,-3.0,-1.5,-1.6,40/58,1.48,2022:+4.9 2023:+8.3 2024:+4.1 2025:+3.8 2026:+3.1,1.83
Hold US500 + Mon CADJPY + Mon GBPUSD,0.09 / 0.42 / 0.49,0.12,False,3.7,19.8,-3.9,-1.2,-1.4,37/58,1.25,2022:+0.3 2023:+6.2 2024:+2.2 2025:+4.8 2026:+3.2,0.95
Hold US500 + Mon CADJPY + Mon GER40,0.13 / 0.58 / 0.29,0.13,False,5.0,26.8,-4.9,-2.0,-1.78,36/58,1.16,2022:+1.9 2023:+5.1 2024:+4.9 2025:+5.3 2026:+4.2,1.02
Hold US500 + Mon CADJPY + Mon NAS100,0.14 / 0.61 / 0.26,0.21,False,5.9,32.4,-5.1,-2.4,-2.08,42/58,1.26,2022:+5.0 2023:+10.0 2024:+4.9 2025:+4.5 2026:+1.4,1.16
Hold US500 + Mon CADJPY + Mon NZDJPY,0.10 / 0.46 / 0.44,0.76,False,4.7,25.5,-3.3,-1.5,-1.57,37/58,1.19,2022:+2.9 2023:+8.9 2024:+2.3 2025:+3.2 2026:+2.8,1.42
Hold US500 + Mon CADJPY + Mon US500,0.12 / 0.54 / 0.34,0.26,False,4.9,26.7,-4.4,-1.9,-1.85,40/58,1.16,2022:+2.5 2023:+9.3 2024:+3.8 2025:+4.4 2026:+1.6,1.11
Hold US500 + Mon CADJPY + Mon USDJPY,0.10 / 0.43 / 0.47,0.74,False,4.0,21.4,-3.0,-1.4,-1.38,34/58,1.12,2022:+5.9 2023:+6.2 2024:+3.8 2025:+0.6 2026:+0.4,1.33
Hold US500 + Mon CADJPY + Roll AUDJPY,0.06 / 0.25 / 0.69,0.08,True,2.6,13.6,-1.4,-0.6,-0.52,33/59,1.5,2022:+1.2 2023:+4.8 2024:+2.3 2025:+2.8 2026:+0.7,1.86
Hold US500 + Mon CADJPY + Roll CADJPY,0.05 / 0.20 / 0.75,0.08,True,2.4,12.2,-1.5,-0.6,-0.42,36/58,1.67,2022:+0.5 2023:+4.9 2024:+2.8 2025:+2.3 2026:+0.3,1.6
Hold US500 + Mon CADJPY + Roll EURJPY,0.04 / 0.18 / 0.78,0.08,True,2.3,11.7,-0.9,-0.4,-0.37,37/59,1.79,2022:+0.7 2023:+4.3 2024:+2.8 2025:+2.3 2026:+0.4,2.56
Hold US500 + Mon CADJPY + Roll GBPJPY,0.04 / 0.19 / 0.76,0.08,True,2.9,15.0,-1.0,-0.4,-0.4,44/59,2.11,2022:+1.2 2023:+5.0 2024:+3.4 2025:+2.8 2026:+0.9,2.9
Hold US500 + Mon CADJPY + Roll USDJPY,0.05 / 0.24 / 0.71,0.08,True,3.1,15.9,-1.7,-0.9,-0.48,41/59,1.83,2022:+0.5 2023:+5.8 2024:+3.4 2025:+3.7 2026:+0.6,1.82
Hold US500 + Mon CADJPY + TSMOM XAUUSD,0.15 / 0.69 / 0.15,0.08,False,5.8,32.2,-5.2,-3.2,-1.8,37/58,1.25,2022:+1.0 2023:+6.5 2024:+7.9 2025:+8.9 2026:+2.2,1.12
Hold US500 + Mon CADJPY + v4 AUDUSD,0.10 / 0.46 / 0.43,0.08,False,4.0,21.2,-3.2,-1.3,-1.25,40/58,1.26,2022:+1.4 2023:+9.5 2024:+1.8 2025:+3.1 2026:+1.2,1.25
Hold US500 + Mon CHFJPY + Mon EURJPY,0.09 / 0.46 / 0.45,0.79,False,4.6,24.6,-2.9,-1.4,-1.41,38/58,1.34,2022:+4.4 2023:+8.7 2024:+2.7 2025:+2.6 2026:+1.5,1.59
Hold US500 + Mon CHFJPY + Mon GBPJPY,0.09 / 0.47 / 0.44,0.66,False,5.5,30.2,-3.2,-1.3,-1.57,42/58,1.6,2022:+4.3 2023:+9.1 2024:+4.1 2025:+3.8 2026:+3.0,1.72
Hold US500 + Mon CHFJPY + Mon GBPUSD,0.09 / 0.45 / 0.46,0.12,False,3.8,20.3,-3.9,-1.4,-1.38,41/58,1.34,2022:+0.0 2023:+7.0 2024:+2.3 2025:+4.8 2026:+3.1,0.97
Hold US500 + Mon CHFJPY + Mon GER40,0.12 / 0.62 / 0.26,0.09,False,5.0,26.9,-4.9,-1.9,-1.32,40/58,1.31,2022:+1.3 2023:+6.4 2024:+4.8 2025:+5.3 2026:+4.0,1.02
Hold US500 + Mon CHFJPY + Mon NAS100,0.12 / 0.64 / 0.23,0.14,False,5.8,32.0,-4.8,-2.4,-1.43,39/58,1.43,2022:+4.1 2023:+10.9 2024:+4.8 2025:+4.5 2026:+1.4,1.21
Hold US500 + Mon CHFJPY + Mon NZDJPY,0.10 / 0.50 / 0.41,0.62,False,4.8,25.6,-3.7,-1.4,-1.54,34/58,1.33,2022:+2.4 2023:+9.7 2024:+2.5 2025:+3.3 2026:+2.7,1.3
Hold US500 + Mon CHFJPY + Mon US500,0.11 / 0.57 / 0.32,0.23,False,4.9,26.8,-4.9,-2.2,-1.72,38/58,1.32,2022:+2.0 2023:+10.1 2024:+3.8 2025:+4.4 2026:+1.6,1.0
Hold US500 + Mon CHFJPY + Mon USDJPY,0.09 / 0.47 / 0.44,0.59,False,4.1,21.8,-2.9,-1.5,-1.16,35/58,1.26,2022:+5.2 2023:+7.1 2024:+3.8 2025:+0.8 2026:+0.5,1.41
Hold US500 + Mon CHFJPY + Roll AUDJPY,0.05 / 0.28 / 0.66,0.05,True,2.7,14.1,-1.6,-0.6,-0.54,39/59,1.62,2022:+1.0 2023:+5.3 2024:+2.4 2025:+2.9 2026:+0.8,1.69
Hold US500 + Mon CHFJPY + Roll CADJPY,0.04 / 0.23 / 0.73,0.05,True,2.4,12.6,-2.1,-0.8,-0.44,41/58,1.79,2022:+0.4 2023:+5.3 2024:+2.8 2025:+2.3 2026:+0.3,1.14
Hold US500 + Mon CHFJPY + Roll EURJPY,0.04 / 0.21 / 0.76,0.05,True,2.4,12.2,-1.3,-0.4,-0.39,40/59,1.92,2022:+0.6 2023:+4.7 2024:+2.8 2025:+2.4 2026:+0.4,1.85
Hold US500 + Mon CHFJPY + Roll GBPJPY,0.04 / 0.22 / 0.74,0.05,True,2.9,15.3,-1.2,-0.6,-0.42,45/59,2.24,2022:+1.0 2023:+5.4 2024:+3.4 2025:+2.9 2026:+0.9,2.42
Hold US500 + Mon CHFJPY + Roll USDJPY,0.05 / 0.26 / 0.68,0.06,True,3.1,16.3,-2.4,-0.8,-0.51,42/59,1.96,2022:+0.3 2023:+6.3 2024:+3.4 2025:+3.7 2026:+0.6,1.29
Hold US500 + Mon CHFJPY + TSMOM XAUUSD,0.14 / 0.72 / 0.14,0.05,False,5.8,31.7,-5.1,-3.2,-1.62,41/58,1.35,2022:+0.5 2023:+7.8 2024:+7.5 2025:+8.4 2026:+2.1,1.14
Hold US500 + Mon CHFJPY + v4 AUDUSD,0.10 / 0.50 / 0.40,0.05,False,4.1,21.6,-4.8,-1.6,-1.05,39/58,1.37,2022:+1.0 2023:+10.2 2024:+2.0 2025:+3.2 2026:+1.2,0.85
Hold US500 + Mon EURJPY + Mon GBPJPY,0.09 / 0.47 / 0.44,0.81,False,5.8,32.1,-2.9,-1.6,-1.56,42/58,1.61,2022:+5.4 2023:+8.6 2024:+3.7 2025:+4.3 2026:+3.9,2.0
Hold US500 + Mon EURJPY + Mon GBPUSD,0.09 / 0.45 / 0.46,0.24,False,4.1,21.8,-3.8,-1.9,-1.37,39/58,1.35,2022:+0.9 2023:+6.6 2024:+1.9 2025:+5.3 2026:+3.9,1.08
Hold US500 + Mon EURJPY + Mon GER40,0.12 / 0.61 / 0.27,0.17,False,5.4,29.3,-4.7,-2.4,-1.71,38/58,1.33,2022:+2.6 2023:+5.7 2024:+4.3 2025:+5.9 2026:+5.2,1.15
Hold US500 + Mon EURJPY + Mon NAS100,0.13 / 0.64 / 0.24,0.14,False,6.3,34.7,-4.0,-2.0,-1.42,42/58,1.46,2022:+5.6 2023:+10.2 2024:+4.3 2025:+5.2 2026:+2.5,1.58
Hold US500 + Mon EURJPY + Mon NZDJPY,0.10 / 0.49 / 0.41,0.67,False,5.1,27.5,-3.1,-1.2,-1.53,37/58,1.37,2022:+3.4 2023:+9.2 2024:+2.0 2025:+3.8 2026:+3.6,1.65
Hold US500 + Mon EURJPY + Mon US500,0.11 / 0.57 / 0.32,0.23,False,5.3,29.0,-3.7,-1.9,-1.72,40/58,1.35,2022:+3.2 2023:+9.5 2024:+3.3 2025:+5.0 2026:+2.7,1.43
Hold US500 + Mon EURJPY + Mon USDJPY,0.09 / 0.46 / 0.45,0.62,False,4.4,23.5,-2.7,-1.4,-1.09,37/58,1.32,2022:+6.2 2023:+6.6 2024:+3.4 2025:+1.3 2026:+1.3,1.63
Hold US500 + Mon EURJPY + Roll AUDJPY,0.05 / 0.28 / 0.67,0.08,True,2.9,15.0,-1.3,-0.8,-0.53,39/59,1.69,2022:+1.6 2023:+5.0 2024:+2.1 2025:+3.1 2026:+1.3,2.23
Hold US500 + Mon EURJPY + Roll CADJPY,0.04 / 0.22 / 0.73,0.08,True,2.6,13.3,-1.3,-0.8,-0.43,40/58,1.86,2022:+0.8 2023:+5.1 2024:+2.6 2025:+2.5 2026:+0.7,2.0
Hold US500 + Mon EURJPY + Roll EURJPY,0.04 / 0.20 / 0.76,0.08,True,2.5,12.8,-0.9,-0.6,-0.39,41/59,1.99,2022:+1.0 2023:+4.5 2024:+2.6 2025:+2.6 2026:+0.8,2.78
Hold US500 + Mon EURJPY + Roll GBPJPY,0.04 / 0.21 / 0.74,0.08,True,3.1,16.0,-1.0,-0.6,-0.41,46/59,2.3,2022:+1.5 2023:+5.2 2024:+3.2 2025:+3.1 2026:+1.3,3.1
Hold US500 + Mon EURJPY + Roll USDJPY,0.05 / 0.26 / 0.69,0.08,True,3.3,17.2,-1.7,-0.8,-0.5,43/59,2.03,2022:+0.9 2023:+6.0 2024:+3.2 2025:+4.0 2026:+1.1,1.94
Hold US500 + Mon EURJPY + TSMOM XAUUSD,0.14 / 0.72 / 0.14,0.08,False,6.3,34.8,-4.9,-2.4,-1.65,40/58,1.43,2022:+2.0 2023:+7.1 2024:+7.0 2025:+9.3 2026:+3.5,1.29
Hold US500 + Mon EURJPY + v4 AUDUSD,0.10 / 0.49 / 0.41,0.08,False,4.4,23.4,-3.3,-1.7,-0.95,36/58,1.44,2022:+2.0 2023:+9.7 2024:+1.5 2025:+3.7 2026:+2.1,1.33
Hold US500 + Mon GBPJPY + Mon GBPUSD,0.09 / 0.43 / 0.47,0.47,False,5.0,27.2,-4.4,-1.5,-1.53,40/58,1.51,2022:+0.8 2023:+6.8 2024:+3.3 2025:+6.6 2026:+5.5,1.14
Hold US500 + Mon GBPJPY + Mon GER40,0.12 / 0.60 / 0.28,0.18,False,6.7,37.4,-5.7,-2.1,-1.7,41/58,1.57,2022:+2.4 2023:+6.0 2024:+6.3 2025:+7.8 2026:+7.4,1.18
Hold US500 + Mon GBPJPY + Mon NAS100,0.13 / 0.62 / 0.25,0.14,False,7.7,43.8,-4.1,-2.1,-1.66,45/58,1.72,2022:+5.5 2023:+10.7 2024:+6.3 2025:+7.2 2026:+4.7,1.88
Hold US500 + Mon GBPJPY + Mon NZDJPY,0.10 / 0.48 / 0.42,0.71,False,6.1,33.9,-3.5,-1.2,-1.71,40/58,1.58,2022:+3.3 2023:+9.6 2024:+3.5 2025:+5.3 2026:+5.3,1.74
Hold US500 + Mon GBPJPY + Mon US500,0.12 / 0.56 / 0.33,0.23,False,6.5,36.5,-3.6,-2.0,-1.94,45/58,1.59,2022:+3.0 2023:+10.0 2024:+5.1 2025:+6.7 2026:+4.6,1.81
Hold US500 + Mon GBPJPY + Mon USDJPY,0.09 / 0.45 / 0.46,0.57,False,5.3,29.2,-2.7,-1.1,-1.25,38/58,1.57,2022:+6.2 2023:+6.9 2024:+4.9 2025:+2.5 2026:+2.8,1.96
Hold US500 + Mon GBPJPY + Roll AUDJPY,0.06 / 0.27 / 0.68,0.11,True,3.4,18.0,-1.6,-0.6,-0.62,43/59,1.96,2022:+1.5 2023:+5.2 2024:+2.9 2025:+3.9 2026:+2.2,2.12
Hold US500 + Mon GBPJPY + Roll CADJPY,0.04 / 0.22 / 0.74,0.11,True,3.0,15.7,-1.6,-0.7,-0.5,44/58,2.12,2022:+0.8 2023:+5.2 2024:+3.3 2025:+3.2 2026:+1.4,1.88
Hold US500 + Mon GBPJPY + Roll EURJPY,0.04 / 0.19 / 0.77,0.11,True,2.9,14.9,-1.2,-0.4,-0.45,44/59,2.25,2022:+0.9 2023:+4.6 2024:+3.2 2025:+3.1 2026:+1.4,2.42
Hold US500 + Mon GBPJPY + Roll GBPJPY,0.04 / 0.21 / 0.75,0.11,True,3.5,18.4,-1.2,-0.5,-0.48,50/59,2.57,2022:+1.4 2023:+5.3 2024:+3.9 2025:+3.7 2026:+2.0,2.92
Hold US500 + Mon GBPJPY + Roll USDJPY,0.05 / 0.25 / 0.70,0.11,True,3.8,20.1,-1.6,-0.6,-0.58,46/59,2.29,2022:+0.8 2023:+6.2 2024:+4.0 2025:+4.8 2026:+1.9,2.37
Hold US500 + Mon GBPJPY + TSMOM XAUUSD,0.15 / 0.71 / 0.15,0.11,False,7.9,45.1,-5.9,-1.9,-1.71,44/58,1.7,2022:+1.7 2023:+7.5 2024:+9.4 2025:+11.8 2026:+6.0,1.34
Hold US500 + Mon GBPJPY + v4 AUDUSD,0.10 / 0.48 / 0.42,0.11,False,5.4,29.5,-3.0,-1.4,-1.12,46/58,1.73,2022:+1.8 2023:+10.1 2024:+3.0 2025:+5.1 2026:+3.8,1.8
Hold US500 + Mon GBPUSD + Mon GER40,0.12 / 0.62 / 0.26,0.2,False,4.3,23.0,-7.2,-1.8,-1.42,35/58,1.08,2022:-3.1 2023:+3.6 2024:+3.7 2025:+9.0 2026:+7.2,0.6
Hold US500 + Mon GBPUSD + Mon NAS100,0.12 / 0.65 / 0.23,0.14,False,5.1,27.8,-4.9,-2.5,-1.78,40/58,1.25,2022:-0.7 2023:+7.8 2024:+3.7 2025:+8.4 2026:+4.7,1.04
Hold US500 + Mon GBPUSD + Mon NZDJPY,0.10 / 0.50 / 0.40,0.29,False,4.2,22.6,-5.0,-1.5,-1.5,37/58,1.27,2022:-1.3 2023:+7.3 2024:+1.7 2025:+6.3 2026:+5.3,0.84
Hold US500 + Mon GBPUSD + Mon US500,0.11 / 0.58 / 0.31,0.23,False,4.3,23.2,-5.7,-2.4,-1.68,35/58,1.12,2022:-2.2 2023:+7.3 2024:+2.8 2025:+7.8 2026:+4.6,0.75
Hold US500 + Mon GBPUSD + Mon USDJPY,0.09 / 0.47 / 0.44,0.12,False,3.6,19.2,-2.9,-1.0,-1.07,42/58,1.52,2022:+1.6 2023:+4.9 2024:+3.0 2025:+3.6 2026:+2.9,1.24
Hold US500 + Mon GBPUSD + Roll AUDJPY,0.05 / 0.28 / 0.66,0.12,True,2.4,12.6,-2.5,-0.8,-0.52,36/59,1.43,2022:-1.1 2023:+4.1 2024:+1.9 2025:+4.5 2026:+2.2,0.96
Hold US500 + Mon GBPUSD + Roll CADJPY,0.04 / 0.23 / 0.72,0.12,True,2.2,11.4,-2.4,-0.8,-0.43,38/58,1.6,2022:-1.3 2023:+4.3 2024:+2.4 2025:+3.7 2026:+1.5,0.92
Hold US500 + Mon GBPUSD + Roll EURJPY,0.04 / 0.21 / 0.75,0.12,True,2.2,11.0,-1.9,-0.6,-0.38,39/59,1.72,2022:-0.9 2023:+3.8 2024:+2.5 2025:+3.6 2026:+1.4,1.16
Hold US500 + Mon GBPUSD + Roll GBPJPY,0.04 / 0.22 / 0.74,0.12,True,2.7,14.1,-1.9,-0.7,-0.41,42/59,2.04,2022:-0.6 2023:+4.4 2024:+3.0 2025:+4.2 2026:+2.0,1.42
Hold US500 + Mon GBPUSD + Roll USDJPY,0.05 / 0.27 / 0.68,0.12,True,2.9,14.8,-2.8,-0.9,-0.49,41/59,1.76,2022:-1.6 2023:+5.1 2024:+3.0 2025:+5.3 2026:+2.0,1.04
Hold US500 + Mon GBPUSD + TSMOM XAUUSD,0.14 / 0.73 / 0.14,0.12,False,5.0,27.0,-7.9,-2.3,-1.61,35/58,1.14,2022:-4.7 2023:+4.4 2024:+6.2 2025:+12.9 2026:+5.9,0.63
Hold US500 + Mon GBPUSD + v4 AUDUSD,0.10 / 0.50 / 0.40,0.12,False,3.5,18.7,-3.5,-1.8,-0.93,40/58,1.2,2022:-2.6 2023:+7.8 2024:+1.1 2025:+6.1 2026:+3.8,1.0
Hold US500 + Mon GER40 + Mon NAS100,0.20 / 0.44 / 0.37,0.39,False,7.7,44.2,-7.9,-3.1,-2.37,39/58,1.1,2022:+0.9 2023:+7.1 2024:+8.7 2025:+11.2 2026:+7.2,0.97
Hold US500 + Mon GER40 + Mon NZDJPY,0.13 / 0.30 / 0.57,0.2,False,5.7,31.3,-6.4,-1.8,-1.76,37/58,1.25,2022:-0.4 2023:+6.7 2024:+4.1 2025:+7.4 2026:+7.3,0.89
Hold US500 + Mon GER40 + Mon US500,0.16 / 0.37 / 0.47,0.45,False,6.1,34.0,-8.9,-2.5,-2.07,37/58,1.01,2022:-1.7 2023:+6.5 2024:+6.5 2025:+9.9 2026:+6.6,0.69
Hold US500 + Mon GER40 + Mon USDJPY,0.12 / 0.27 / 0.60,0.09,False,4.7,25.5,-4.1,-2.2,-1.69,41/58,1.24,2022:+3.6 2023:+3.5 2024:+5.9 2025:+3.6 2026:+3.8,1.15
Hold US500 + Mon GER40 + Roll AUDJPY,0.06 / 0.14 / 0.79,0.09,True,2.8,14.5,-2.8,-0.8,-0.78,39/59,1.38,2022:-0.6 2023:+3.1 2024:+3.1 2025:+4.7 2026:+2.5,1.0
Hold US500 + Mon GER40 + Roll CADJPY,0.05 / 0.11 / 0.84,0.09,True,2.5,12.7,-2.5,-0.7,-0.62,38/58,1.54,2022:-0.9 2023:+3.6 2024:+3.5 2025:+3.7 2026:+1.7,1.0
Hold US500 + Mon GER40 + Roll EURJPY,0.04 / 0.10 / 0.86,0.09,True,2.4,12.1,-2.0,-0.6,-0.54,37/59,1.67,2022:-0.6 2023:+3.1 2024:+3.4 2025:+3.6 2026:+1.6,1.2
Hold US500 + Mon GER40 + Roll GBPJPY,0.05 / 0.11 / 0.84,0.09,True,3.0,15.8,-2.1,-0.6,-0.58,44/59,1.99,2022:-0.1 2023:+3.8 2024:+4.1 2025:+4.3 2026:+2.2,1.43
Hold US500 + Mon GER40 + Roll USDJPY,0.06 / 0.13 / 0.81,0.09,True,3.3,17.0,-3.3,-0.8,-0.73,41/59,1.71,2022:-1.2 2023:+4.4 2024:+4.3 2025:+5.6 2026:+2.2,1.0
Hold US500 + Mon GER40 + TSMOM XAUUSD,0.24 / 0.53 / 0.23,0.09,False,8.1,46.7,-12.2,-4.4,-2.87,39/58,1.12,2022:-5.6 2023:+1.3 2024:+14.4 2025:+20.0 2026:+9.8,0.66
Hold US500 + Mon GER40 + v4 AUDUSD,0.13 / 0.30 / 0.57,0.09,False,4.7,25.4,-4.6,-1.7,-1.63,38/58,1.13,2022:-2.3 2023:+7.3 2024:+3.4 2025:+7.2 2026:+5.1,1.02
Hold US500 + Mon NAS100 + Mon NZDJPY,0.14 / 0.27 / 0.59,0.26,False,6.7,37.5,-5.5,-2.7,-1.83,41/58,1.36,2022:+2.7 2023:+11.8 2024:+4.1 2025:+6.7 2026:+4.3,1.22
Hold US500 + Mon NAS100 + Mon US500,0.17 / 0.33 / 0.50,0.93,False,7.4,41.8,-9.0,-4.4,-3.27,37/58,1.03,2022:+1.9 2023:+12.9 2024:+6.6 2025:+9.1 2026:+3.0,0.82
Hold US500 + Mon NAS100 + Mon USDJPY,0.13 / 0.24 / 0.63,0.14,False,5.6,30.7,-4.3,-1.9,-1.82,41/58,1.36,2022:+6.7 2023:+7.9 2024:+5.9 2025:+2.8 2026:+1.0,1.3
Hold US500 + Mon NAS100 + Roll AUDJPY,0.07 / 0.12 / 0.81,0.14,True,3.2,16.7,-1.9,-1.1,-0.69,40/59,1.51,2022:+0.9 2023:+5.4 2024:+3.1 2025:+4.3 2026:+1.1,1.68
Hold US500 + Mon NAS100 + Roll CADJPY,0.05 / 0.10 / 0.85,0.14,True,2.8,14.3,-2.2,-1.2,-0.54,40/58,1.68,2022:+0.2 2023:+5.3 2024:+3.5 2025:+3.4 2026:+0.5,1.27
Hold US500 + Mon NAS100 + Roll EURJPY,0.05 / 0.09 / 0.87,0.14,True,2.6,13.6,-1.5,-0.7,-0.48,42/59,1.8,2022:+0.4 2023:+4.6 2024:+3.4 2025:+3.3 2026:+0.6,1.73
Hold US500 + Mon NAS100 + Roll GBPJPY,0.05 / 0.09 / 0.86,0.14,True,3.3,17.4,-1.4,-1.0,-0.51,43/59,2.11,2022:+1.0 2023:+5.5 2024:+4.1 2025:+4.0 2026:+1.2,2.36
Hold US500 + Mon NAS100 + Roll USDJPY,0.06 / 0.12 / 0.82,0.14,True,3.6,19.1,-3.0,-1.2,-0.64,40/59,1.84,2022:+0.1 2023:+6.5 2024:+4.3 2025:+5.3 2026:+0.9,1.2
Hold US500 + Mon NAS100 + TSMOM XAUUSD,0.26 / 0.49 / 0.25,0.14,False,10.2,61.1,-7.5,-3.7,-3.0,41/58,1.28,2022:-0.7 2023:+9.9 2024:+15.2 2025:+19.7 2026:+4.6,1.36
Hold US500 + Mon NAS100 + v4 AUDUSD,0.14 / 0.27 / 0.59,0.14,False,5.7,31.1,-6.5,-3.1,-1.48,41/58,1.28,2022:+0.6 2023:+12.6 2024:+3.3 2025:+6.5 2026:+2.2,0.88
Hold US500 + Mon NZDJPY + Mon US500,0.12 / 0.52 / 0.35,0.33,False,5.6,30.8,-5.9,-2.5,-1.93,38/58,1.25,2022:+0.4 2023:+10.8 2024:+3.1 2025:+6.3 2026:+4.3,0.95
Hold US500 + Mon NZDJPY + Mon USDJPY,0.10 / 0.42 / 0.48,0.47,False,4.6,24.5,-3.0,-1.1,-1.2,35/58,1.3,2022:+4.2 2023:+7.4 2024:+3.2 2025:+2.0 2026:+2.5,1.53
Hold US500 + Mon NZDJPY + Roll AUDJPY,0.06 / 0.24 / 0.70,0.11,True,2.9,15.2,-1.8,-0.7,-0.57,38/59,1.62,2022:+0.3 2023:+5.4 2024:+2.0 2025:+3.6 2026:+1.9,1.61
Hold US500 + Mon NZDJPY + Roll CADJPY,0.05 / 0.20 / 0.76,0.11,True,2.6,13.4,-2.0,-0.8,-0.46,41/58,1.78,2022:-0.2 2023:+5.4 2024:+2.5 2025:+2.9 2026:+1.3,1.3
Hold US500 + Mon NZDJPY + Roll EURJPY,0.04 / 0.17 / 0.78,0.11,True,2.5,12.8,-1.4,-0.5,-0.41,38/59,1.91,2022:+0.0 2023:+4.7 2024:+2.5 2025:+2.9 2026:+1.2,1.79
Hold US500 + Mon NZDJPY + Roll GBPJPY,0.04 / 0.19 / 0.77,0.11,True,3.1,16.2,-1.4,-0.7,-0.44,45/59,2.22,2022:+0.5 2023:+5.5 2024:+3.1 2025:+3.5 2026:+1.8,2.21
Hold US500 + Mon NZDJPY + Roll USDJPY,0.05 / 0.23 / 0.72,0.11,True,3.3,17.4,-2.6,-1.0,-0.53,42/59,1.95,2022:-0.4 2023:+6.4 2024:+3.1 2025:+4.5 2026:+1.7,1.27
Hold US500 + Mon NZDJPY + TSMOM XAUUSD,0.16 / 0.68 / 0.16,0.11,False,6.8,38.0,-7.0,-1.8,-1.87,36/58,1.36,2022:-1.7 2023:+8.4 2024:+7.1 2025:+11.6 2026:+5.7,0.97
Hold US500 + Mon NZDJPY + v4 AUDUSD,0.11 / 0.45 / 0.44,0.11,False,4.6,24.4,-4.4,-1.8,-1.4,41/58,1.38,2022:-0.4 2023:+10.9 2024:+1.2 2025:+4.7 2026:+3.4,1.05
Hold US500 + Mon US500 + Mon USDJPY,0.11 / 0.33 / 0.56,0.23,False,4.7,25.5,-3.8,-1.6,-1.62,42/58,1.27,2022:+4.1 2023:+7.4 2024:+4.7 2025:+2.8 2026:+1.3,1.24
Hold US500 + Mon US500 + Roll AUDJPY,0.06 / 0.18 / 0.76,0.23,True,2.9,14.9,-2.4,-1.1,-0.7,40/59,1.41,2022:-0.1 2023:+5.3 2024:+2.7 2025:+4.3 2026:+1.3,1.21
Hold US500 + Mon US500 + Roll CADJPY,0.05 / 0.14 / 0.81,0.23,True,2.5,13.0,-2.6,-1.2,-0.55,39/58,1.57,2022:-0.6 2023:+5.3 2024:+3.1 2025:+3.4 2026:+0.7,0.96
Hold US500 + Mon US500 + Roll EURJPY,0.04 / 0.12 / 0.83,0.23,True,2.4,12.5,-1.9,-0.8,-0.49,40/59,1.7,2022:-0.3 2023:+4.6 2024:+3.1 2025:+3.3 2026:+0.7,1.26
Hold US500 + Mon US500 + Roll GBPJPY,0.05 / 0.13 / 0.82,0.23,True,3.1,16.0,-1.7,-1.0,-0.53,43/59,2.0,2022:+0.2 2023:+5.4 2024:+3.7 2025:+3.9 2026:+1.3,1.82
Hold US500 + Mon US500 + Roll USDJPY,0.06 / 0.16 / 0.78,0.23,True,3.3,17.3,-3.4,-1.2,-0.65,39/59,1.74,2022:-0.8 2023:+6.4 2024:+3.8 2025:+5.2 2026:+1.1,0.97
Hold US500 + Mon US500 + TSMOM XAUUSD,0.21 / 0.59 / 0.20,0.23,False,7.7,43.8,-8.5,-3.2,-2.41,37/58,1.18,2022:-3.6 2023:+8.7 2024:+11.1 2025:+16.3 2026:+4.4,0.91
Hold US500 + Mon US500 + v4 AUDUSD,0.12 / 0.35 / 0.52,0.23,False,4.7,25.4,-6.4,-2.9,-1.4,38/58,1.17,2022:-1.3 2023:+11.5 2024:+2.4 2025:+6.1 2026:+2.3,0.73
Hold US500 + Mon USDJPY + Roll AUDJPY,0.05 / 0.27 / 0.67,0.04,True,2.6,13.4,-1.3,-0.4,-0.41,37/59,1.54,2022:+2.0 2023:+4.0 2024:+2.8 2025:+2.1 2026:+0.6,2.0
Hold US500 + Mon USDJPY + Roll CADJPY,0.04 / 0.22 / 0.74,0.03,True,2.3,12.0,-1.4,-0.5,-0.38,39/58,1.72,2022:+1.2 2023:+4.3 2024:+3.2 2025:+1.7 2026:+0.2,1.64
Hold US500 + Mon USDJPY + Roll EURJPY,0.04 / 0.20 / 0.76,0.05,True,2.3,11.6,-0.8,-0.3,-0.29,38/59,1.85,2022:+1.3 2023:+3.8 2024:+3.1 2025:+1.8 2026:+0.3,2.87
Hold US500 + Mon USDJPY + Roll GBPJPY,0.04 / 0.21 / 0.75,0.05,True,2.8,14.8,-0.9,-0.4,-0.31,42/59,2.17,2022:+1.8 2023:+4.4 2024:+3.7 2025:+2.3 2026:+0.8,3.11
Hold US500 + Mon USDJPY + Roll USDJPY,0.05 / 0.25 / 0.69,0.06,True,3.0,15.6,-1.5,-0.7,-0.44,42/59,1.89,2022:+1.3 2023:+5.1 2024:+3.8 2025:+3.0 2026:+0.5,2.0
Hold US500 + Mon USDJPY + TSMOM XAUUSD,0.14 / 0.71 / 0.14,0.0,False,5.5,30.2,-4.2,-3.0,-1.69,40/58,1.29,2022:+3.1 2023:+4.4 2024:+8.9 2025:+6.5 2026:+1.8,1.31
Hold US500 + Mon USDJPY + v4 AUDUSD,0.10 / 0.49 / 0.41,0.01,False,3.8,20.4,-3.1,-1.0,-0.9,40/58,1.28,2022:+2.8 2023:+7.9 2024:+2.7 2025:+1.8 2026:+0.9,1.23
Hold US500 + Roll AUDJPY + Roll CADJPY,0.03 / 0.41 / 0.55,0.77,True,1.9,9.7,-1.1,-0.5,-0.51,36/59,1.51,2022:-0.4 2023:+3.9 2024:+2.4 2025:+2.7 2026:+0.5,1.73
Hold US500 + Roll AUDJPY + Roll EURJPY,0.03 / 0.38 / 0.59,0.83,True,1.9,9.6,-0.8,-0.4,-0.35,37/59,1.6,2022:-0.2 2023:+3.5 2024:+2.5 2025:+2.7 2026:+0.5,2.37
Hold US500 + Roll AUDJPY + Roll GBPJPY,0.03 / 0.40 / 0.57,0.81,True,2.3,11.9,-0.8,-0.4,-0.42,40/59,1.87,2022:+0.1 2023:+4.0 2024:+2.9 2025:+3.1 2026:+0.9,2.87
Hold US500 + Roll AUDJPY + Roll USDJPY,0.04 / 0.46 / 0.50,0.73,True,2.3,12.1,-1.4,-0.7,-0.57,38/59,1.67,2022:-0.5 2023:+4.4 2024:+2.8 2025:+3.8 2026:+0.7,1.64
Hold US500 + Roll AUDJPY + TSMOM XAUUSD,0.07 / 0.86 / 0.07,0.04,True,3.0,15.6,-2.6,-1.0,-0.82,39/59,1.4,2022:-1.2 2023:+3.5 2024:+4.3 2025:+6.3 2026:+1.5,1.15
Hold US500 + Roll AUDJPY + v4 AUDUSD,0.06 / 0.70 / 0.24,0.04,True,2.5,12.9,-2.1,-0.8,-0.52,38/59,1.42,2022:-0.6 2023:+5.7 2024:+1.6 2025:+3.5 2026:+1.1,1.19
Hold US500 + Roll CADJPY + Roll EURJPY,0.03 / 0.45 / 0.52,0.81,True,1.8,9.2,-1.0,-0.4,-0.29,39/59,1.74,2022:-0.4 2023:+3.7 2024:+2.7 2025:+2.4 2026:+0.2,1.8
Hold US500 + Roll CADJPY + Roll GBPJPY,0.03 / 0.47 / 0.50,0.86,True,2.2,11.2,-0.9,-0.5,-0.4,41/59,1.98,2022:-0.2 2023:+4.2 2024:+3.1 2025:+2.8 2026:+0.6,2.44
Hold US500 + Roll CADJPY + Roll USDJPY,0.03 / 0.53 / 0.44,0.85,True,2.2,11.2,-1.6,-0.8,-0.53,40/59,1.76,2022:-0.8 2023:+4.5 2024:+3.1 2025:+3.3 2026:+0.4,1.38
Hold US500 + Roll CADJPY + TSMOM XAUUSD,0.05 / 0.89 / 0.05,0.03,True,2.6,13.4,-2.3,-0.9,-0.63,39/58,1.56,2022:-1.4 2023:+3.9 2024:+4.5 2025:+4.8 2026:+0.8,1.13
Hold US500 + Roll CADJPY + v4 AUDUSD,0.05 / 0.76 / 0.19,0.03,True,2.2,11.5,-2.3,-0.9,-0.42,38/58,1.59,2022:-0.9 2023:+5.6 2024:+2.3 2025:+2.8 2026:+0.5,0.96
Hold US500 + Roll EURJPY + Roll GBPJPY,0.03 / 0.51 / 0.47,0.88,True,2.1,11.0,-0.7,-0.3,-0.3,40/59,2.08,2022:-0.0 2023:+3.8 2024:+3.1 2025:+2.8 2026:+0.6,3.0
Hold US500 + Roll EURJPY + Roll USDJPY,0.03 / 0.57 / 0.40,0.81,True,2.1,11.0,-1.2,-0.5,-0.29,39/59,1.88,2022:-0.5 2023:+4.1 2024:+3.1 2025:+3.2 2026:+0.4,1.75
Hold US500 + Roll EURJPY + TSMOM XAUUSD,0.05 / 0.91 / 0.05,0.05,True,2.5,12.7,-1.8,-0.5,-0.55,39/59,1.7,2022:-1.0 2023:+3.4 2024:+4.2 2025:+4.6 2026:+0.8,1.39
Hold US500 + Roll EURJPY + v4 AUDUSD,0.04 / 0.79 / 0.17,0.05,True,2.2,11.2,-1.7,-0.6,-0.38,40/59,1.72,2022:-0.6 2023:+4.9 2024:+2.3 2025:+2.8 2026:+0.6,1.29
Hold US500 + Roll GBPJPY + Roll USDJPY,0.03 / 0.55 / 0.42,0.85,True,2.6,13.3,-1.1,-0.5,-0.43,41/59,2.12,2022:-0.2 2023:+4.6 2024:+3.5 2025:+3.7 2026:+0.8,2.36
Hold US500 + Roll GBPJPY + TSMOM XAUUSD,0.05 / 0.90 / 0.05,0.05,True,3.2,16.7,-1.9,-0.6,-0.6,44/59,2.02,2022:-0.5 2023:+4.2 2024:+5.1 2025:+5.3 2026:+1.4,1.68
Hold US500 + Roll GBPJPY + v4 AUDUSD,0.04 / 0.77 / 0.18,0.05,True,2.8,14.4,-1.5,-0.8,-0.4,44/59,2.03,2022:-0.2 2023:+5.7 2024:+2.9 2025:+3.4 2026:+1.1,1.87
Hold US500 + Roll USDJPY + TSMOM XAUUSD,0.06 / 0.87 / 0.06,0.06,True,3.5,18.3,-2.8,-1.1,-0.75,41/59,1.73,2022:-1.8 2023:+4.9 2024:+5.5 2025:+7.1 2026:+1.2,1.25
Hold US500 + Roll USDJPY + v4 AUDUSD,0.05 / 0.72 / 0.22,0.06,True,2.9,15.2,-2.9,-1.0,-0.49,40/59,1.76,2022:-1.2 2023:+6.7 2024:+2.8 2025:+4.4 2026:+0.9,1.0
Hold US500 + TSMOM XAUUSD + v4 AUDUSD,0.16 / 0.16 / 0.68,0.01,False,5.6,30.6,-5.7,-2.6,-1.96,39/58,1.16,2022:-4.0 2023:+9.2 2024:+6.2 2025:+11.4 2026:+3.1,0.98
Hold XAUUSD + Mon AUDJPY + Mon CADJPY,0.10 / 0.43 / 0.48,0.8,False,5.9,32.6,-3.1,-1.5,-1.44,41/58,1.48,2022:+5.1 2023:+8.4 2024:+3.2 2025:+7.1 2026:+2.1,1.9
Hold XAUUSD + Mon AUDJPY + Mon CHFJPY,0.09 / 0.40 / 0.51,0.59,False,5.8,32.2,-3.3,-1.4,-1.42,41/58,1.62,2022:+4.4 2023:+9.2 2024:+3.3 2025:+6.9 2026:+2.0,1.76
Hold XAUUSD + Mon AUDJPY + Mon EURJPY,0.09 / 0.40 / 0.51,0.67,False,6.2,34.4,-3.0,-1.1,-1.56,41/58,1.67,2022:+5.6 2023:+8.7 2024:+2.8 2025:+7.5 2026:+3.0,2.07
Hold XAUUSD + Mon AUDJPY + Mon GBPJPY,0.09 / 0.41 / 0.49,0.72,False,7.3,41.5,-3.2,-1.2,-1.6,40/58,1.89,2022:+5.5 2023:+9.0 2024:+4.4 2025:+9.1 2026:+4.7,2.28
Hold XAUUSD + Mon AUDJPY + Mon GBPUSD,0.09 / 0.39 / 0.52,0.29,False,5.3,28.9,-3.7,-1.0,-1.39,41/58,1.55,2022:+0.6 2023:+6.8 2024:+2.4 2025:+10.0 2026:+4.7,1.43
Hold XAUUSD + Mon AUDJPY + Mon GER40,0.13 / 0.56 / 0.31,0.19,False,7.3,41.4,-4.2,-1.7,-1.78,40/58,1.6,2022:+2.4 2023:+5.9 2024:+5.4 2025:+12.9 2026:+6.5,1.74
Hold XAUUSD + Mon AUDJPY + Mon NAS100,0.13 / 0.59 / 0.28,0.28,False,8.4,49.0,-4.5,-2.1,-1.52,38/58,1.71,2022:+5.8 2023:+11.1 2024:+5.4 2025:+12.4 2026:+3.4,1.87
Hold XAUUSD + Mon AUDJPY + Mon NZDJPY,0.10 / 0.44 / 0.46,0.9,False,6.5,36.5,-3.9,-1.8,-1.57,40/58,1.53,2022:+3.3 2023:+9.7 2024:+2.6 2025:+8.9 2026:+4.4,1.67
Hold XAUUSD + Mon AUDJPY + Mon US500,0.12 / 0.52 / 0.37,0.35,False,7.1,40.0,-4.6,-1.8,-1.79,41/58,1.61,2022:+3.0 2023:+10.2 2024:+4.1 2025:+11.2 2026:+3.5,1.54
Hold XAUUSD + Mon AUDJPY + Mon USDJPY,0.09 / 0.41 / 0.50,0.48,False,5.7,31.2,-2.8,-1.1,-1.12,39/58,1.63,2022:+6.5 2023:+6.8 2024:+4.1 2025:+5.5 2026:+1.8,2.04
Hold XAUUSD + Mon AUDJPY + Roll AUDJPY,0.05 / 0.23 / 0.71,0.05,True,3.5,18.5,-1.3,-0.8,-0.6,42/59,1.96,2022:+1.4 2023:+5.1 2024:+2.4 2025:+5.7 2026:+1.5,2.69
Hold XAUUSD + Mon AUDJPY + Roll CADJPY,0.04 / 0.19 / 0.77,0.05,True,3.1,16.0,-1.6,-0.6,-0.49,43/58,2.13,2022:+0.7 2023:+5.1 2024:+2.9 2025:+4.6 2026:+0.9,1.94
Hold XAUUSD + Mon AUDJPY + Roll EURJPY,0.04 / 0.17 / 0.79,0.05,True,2.9,15.1,-0.9,-0.5,-0.43,43/59,2.28,2022:+0.8 2023:+4.5 2024:+2.9 2025:+4.4 2026:+0.9,3.22
Hold XAUUSD + Mon AUDJPY + Roll GBPJPY,0.04 / 0.18 / 0.78,0.05,True,3.6,18.8,-1.0,-0.5,-0.46,48/59,2.6,2022:+1.4 2023:+5.2 2024:+3.5 2025:+5.1 2026:+1.5,3.6
Hold XAUUSD + Mon AUDJPY + Roll USDJPY,0.05 / 0.22 / 0.73,0.05,True,3.9,20.6,-1.7,-0.6,-0.57,42/59,2.31,2022:+0.7 2023:+6.1 2024:+3.5 2025:+6.5 2026:+1.3,2.29
Hold XAUUSD + Mon AUDJPY + TSMOM XAUUSD,0.15 / 0.68 / 0.17,0.68,False,8.7,50.9,-5.4,-2.4,-3.65,43/58,1.4,2022:+1.5 2023:+7.5 2024:+8.7 2025:+18.7 2026:+4.5,1.61
Hold XAUUSD + Mon AUDJPY + v4 AUDUSD,0.10 / 0.44 / 0.46,0.05,False,5.8,31.7,-3.5,-1.5,-1.28,41/58,1.74,2022:+1.7 2023:+10.3 2024:+2.0 2025:+8.7 2026:+2.7,1.66
Hold XAUUSD + Mon CADJPY + Mon CHFJPY,0.09 / 0.42 / 0.49,0.66,False,4.8,25.7,-2.7,-2.1,-1.28,41/58,1.4,2022:+5.9 2023:+7.5 2024:+3.2 2025:+5.0 2026:-0.4,1.78
Hold XAUUSD + Mon CADJPY + Mon EURJPY,0.09 / 0.43 / 0.48,0.71,False,5.1,27.6,-2.4,-1.5,-1.27,44/58,1.46,2022:+7.1 2023:+7.0 2024:+2.8 2025:+5.5 2026:+0.5,2.12
Hold XAUUSD + Mon CADJPY + Mon GBPJPY,0.09 / 0.44 / 0.47,0.72,False,6.1,33.8,-2.6,-1.3,-1.44,41/58,1.69,2022:+7.0 2023:+7.3 2024:+4.3 2025:+7.0 2026:+2.0,2.35
Hold XAUUSD + Mon CADJPY + Mon GBPUSD,0.09 / 0.42 / 0.49,0.14,False,4.3,22.8,-2.2,-1.1,-1.24,36/58,1.44,2022:+2.2 2023:+5.3 2024:+2.4 2025:+7.9 2026:+2.1,1.95
Hold XAUUSD + Mon CADJPY + Mon GER40,0.12 / 0.59 / 0.29,0.13,False,5.7,31.3,-2.9,-1.8,-1.8,40/58,1.4,2022:+4.6 2023:+3.8 2024:+5.1 2025:+9.7 2026:+2.8,1.97
Hold XAUUSD + Mon CADJPY + Mon NAS100,0.13 / 0.62 / 0.26,0.21,False,6.7,37.4,-3.9,-2.0,-1.63,41/58,1.53,2022:+7.9 2023:+8.6 2024:+5.1 2025:+9.1 2026:-0.1,1.72
Hold XAUUSD + Mon CADJPY + Mon NZDJPY,0.09 / 0.47 / 0.44,0.76,False,5.3,29.0,-2.9,-1.7,-1.4,40/58,1.38,2022:+5.0 2023:+7.9 2024:+2.5 2025:+6.6 2026:+1.6,1.83
Hold XAUUSD + Mon CADJPY + Mon US500,0.11 / 0.54 / 0.35,0.26,False,5.6,30.8,-3.8,-1.7,-1.58,40/58,1.43,2022:+5.0 2023:+8.0 2024:+4.0 2025:+8.4 2026:+0.3,1.47
Hold XAUUSD + Mon CADJPY + Mon USDJPY,0.09 / 0.43 / 0.48,0.74,False,4.6,24.6,-3.1,-1.9,-1.34,40/58,1.33,2022:+7.9 2023:+5.2 2024:+4.0 2025:+3.6 2026:-0.7,1.48
Hold XAUUSD + Mon CADJPY + Roll AUDJPY,0.05 / 0.25 / 0.69,0.02,True,2.9,15.3,-1.1,-0.8,-0.59,41/59,1.73,2022:+2.4 2023:+4.2 2024:+2.4 2025:+4.6 2026:+0.1,2.64
Hold XAUUSD + Mon CADJPY + Roll CADJPY,0.04 / 0.21 / 0.75,0.01,True,2.6,13.5,-1.2,-0.7,-0.48,42/58,1.91,2022:+1.4 2023:+4.4 2024:+2.9 2025:+3.7 2026:-0.2,2.17
Hold XAUUSD + Mon CADJPY + Roll EURJPY,0.04 / 0.18 / 0.78,0.01,True,2.5,12.9,-0.9,-0.5,-0.42,44/59,2.06,2022:+1.5 2023:+3.9 2024:+2.9 2025:+3.6 2026:-0.1,2.78
Hold XAUUSD + Mon CADJPY + Roll GBPJPY,0.04 / 0.20 / 0.76,0.01,True,3.1,16.3,-0.7,-0.5,-0.45,47/59,2.39,2022:+2.1 2023:+4.6 2024:+3.5 2025:+4.2 2026:+0.4,4.43
Hold XAUUSD + Mon CADJPY + Roll USDJPY,0.05 / 0.24 / 0.71,0.02,True,3.3,17.5,-1.5,-0.9,-0.55,46/59,2.09,2022:+1.6 2023:+5.3 2024:+3.5 2025:+5.4 2026:+0.0,2.2
Hold XAUUSD + Mon CADJPY + TSMOM XAUUSD,0.14 / 0.70 / 0.15,0.68,False,6.7,37.5,-6.0,-4.1,-3.38,40/58,1.2,2022:+4.2 2023:+4.9 2024:+8.2 2025:+14.3 2026:+0.3,1.12
Hold XAUUSD + Mon CADJPY + v4 AUDUSD,0.10 / 0.47 / 0.44,-0.04,False,4.6,24.5,-2.8,-1.6,-1.13,40/58,1.52,2022:+3.5 2023:+8.4 2024:+2.0 2025:+6.5 2026:+0.0,1.64
Hold XAUUSD + Mon CHFJPY + Mon EURJPY,0.08 / 0.47 / 0.45,0.79,False,5.1,27.5,-2.9,-1.6,-1.32,39/58,1.51,2022:+6.3 2023:+7.8 2024:+2.9 2025:+5.4 2026:+0.6,1.76
Hold XAUUSD + Mon CHFJPY + Mon GBPJPY,0.08 / 0.48 / 0.44,0.66,False,6.0,33.4,-2.8,-1.3,-1.42,41/58,1.79,2022:+6.2 2023:+8.1 2024:+4.2 2025:+6.8 2026:+2.0,2.14
Hold XAUUSD + Mon CHFJPY + Mon GBPUSD,0.08 / 0.46 / 0.46,0.14,False,4.3,23.0,-2.9,-1.1,-1.24,38/58,1.5,2022:+1.8 2023:+6.1 2024:+2.5 2025:+7.7 2026:+2.1,1.48
Hold XAUUSD + Mon CHFJPY + Mon GER40,0.11 / 0.62 / 0.27,0.04,False,5.6,31.0,-3.9,-1.7,-1.33,36/58,1.53,2022:+3.8 2023:+5.1 2024:+5.0 2025:+9.3 2026:+2.7,1.44
Hold XAUUSD + Mon CHFJPY + Mon NAS100,0.11 / 0.65 / 0.24,0.07,False,6.5,36.5,-4.4,-1.8,-1.3,42/58,1.68,2022:+6.8 2023:+9.6 2024:+5.0 2025:+8.7 2026:-0.0,1.48
Hold XAUUSD + Mon CHFJPY + Mon NZDJPY,0.09 / 0.50 / 0.41,0.62,False,5.3,28.9,-3.7,-1.6,-1.38,41/58,1.51,2022:+4.3 2023:+8.7 2024:+2.6 2025:+6.5 2026:+1.6,1.43
Hold XAUUSD + Mon CHFJPY + Mon US500,0.10 / 0.58 / 0.32,0.11,False,5.6,30.6,-4.5,-1.6,-1.55,42/58,1.59,2022:+4.3 2023:+9.0 2024:+4.0 2025:+8.1 2026:+0.4,1.24
Hold XAUUSD + Mon CHFJPY + Mon USDJPY,0.08 / 0.47 / 0.45,0.59,False,4.6,24.8,-2.6,-2.0,-1.12,41/58,1.46,2022:+7.1 2023:+6.1 2024:+4.0 2025:+3.7 2026:-0.5,1.77
Hold XAUUSD + Mon CHFJPY + Roll AUDJPY,0.05 / 0.28 / 0.67,0.02,True,3.0,15.7,-1.4,-0.8,-0.57,41/59,1.82,2022:+2.1 2023:+4.8 2024:+2.5 2025:+4.6 2026:+0.2,2.14
Hold XAUUSD + Mon CHFJPY + Roll CADJPY,0.04 / 0.23 / 0.73,0.01,True,2.7,13.9,-1.9,-0.8,-0.46,43/58,1.99,2022:+1.3 2023:+4.9 2024:+2.9 2025:+3.7 2026:-0.1,1.42
Hold XAUUSD + Mon CHFJPY + Roll EURJPY,0.04 / 0.21 / 0.76,0.01,True,2.6,13.3,-1.2,-0.5,-0.41,44/59,2.14,2022:+1.3 2023:+4.3 2024:+2.9 2025:+3.6 2026:-0.0,2.17
Hold XAUUSD + Mon CHFJPY + Roll GBPJPY,0.04 / 0.22 / 0.74,0.01,True,3.2,16.6,-1.0,-0.5,-0.44,47/59,2.46,2022:+1.9 2023:+5.0 2024:+3.5 2025:+4.2 2026:+0.4,3.2
Hold XAUUSD + Mon CHFJPY + Roll USDJPY,0.05 / 0.27 / 0.69,0.02,True,3.4,17.8,-2.2,-0.9,-0.53,44/59,2.17,2022:+1.3 2023:+5.8 2024:+3.5 2025:+5.4 2026:+0.1,1.55
Hold XAUUSD + Mon CHFJPY + TSMOM XAUUSD,0.13 / 0.73 / 0.14,0.68,False,6.5,36.5,-5.4,-4.0,-3.05,40/58,1.27,2022:+3.3 2023:+6.3 2024:+7.8 2025:+13.3 2026:+0.5,1.2
Hold XAUUSD + Mon CHFJPY + v4 AUDUSD,0.09 / 0.50 / 0.41,0.01,False,4.6,24.7,-4.3,-1.7,-1.05,40/58,1.58,2022:+2.9 2023:+9.2 2024:+2.1 2025:+6.3 2026:+0.1,1.07
Hold XAUUSD + Mon EURJPY + Mon GBPJPY,0.08 / 0.47 / 0.45,0.81,False,6.4,35.4,-2.5,-1.3,-1.52,41/58,1.81,2022:+7.3 2023:+7.6 2024:+3.8 2025:+7.4 2026:+2.9,2.56
Hold XAUUSD + Mon EURJPY + Mon GBPUSD,0.08 / 0.45 / 0.47,0.24,False,4.6,24.7,-2.4,-1.2,-1.23,37/58,1.52,2022:+2.7 2023:+5.7 2024:+2.1 2025:+8.2 2026:+2.9,1.92
Hold XAUUSD + Mon EURJPY + Mon GER40,0.11 / 0.62 / 0.27,0.17,False,6.1,33.6,-3.5,-1.8,-1.73,43/58,1.56,2022:+5.1 2023:+4.5 2024:+4.5 2025:+10.0 2026:+3.9,1.74
Hold XAUUSD + Mon EURJPY + Mon NAS100,0.12 / 0.64 / 0.24,0.14,False,7.0,39.4,-3.8,-1.6,-1.32,41/58,1.73,2022:+8.3 2023:+8.9 2024:+4.5 2025:+9.5 2026:+1.2,1.84
Hold XAUUSD + Mon EURJPY + Mon NZDJPY,0.09 / 0.50 / 0.42,0.67,False,5.6,30.9,-3.1,-1.4,-1.37,41/58,1.56,2022:+5.5 2023:+8.2 2024:+2.2 2025:+7.1 2026:+2.5,1.81
Hold XAUUSD + Mon EURJPY + Mon US500,0.10 / 0.57 / 0.32,0.21,False,6.0,33.0,-3.8,-1.6,-1.54,40/58,1.63,2022:+5.6 2023:+8.4 2024:+3.5 2025:+8.8 2026:+1.4,1.58
Hold XAUUSD + Mon EURJPY + Mon USDJPY,0.08 / 0.46 / 0.45,0.62,False,4.9,26.5,-2.3,-1.4,-1.2,42/58,1.53,2022:+8.2 2023:+5.7 2024:+3.6 2025:+4.2 2026:+0.3,2.13
Hold XAUUSD + Mon EURJPY + Roll AUDJPY,0.05 / 0.28 / 0.67,0.02,True,3.2,16.6,-0.9,-0.6,-0.57,41/59,1.91,2022:+2.7 2023:+4.5 2024:+2.2 2025:+4.9 2026:+0.7,3.56
Hold XAUUSD + Mon EURJPY + Roll CADJPY,0.04 / 0.23 / 0.73,0.01,True,2.8,14.6,-1.1,-0.5,-0.46,41/58,2.09,2022:+1.7 2023:+4.6 2024:+2.7 2025:+4.0 2026:+0.3,2.55
Hold XAUUSD + Mon EURJPY + Roll EURJPY,0.04 / 0.20 / 0.76,0.01,True,2.7,13.9,-0.8,-0.4,-0.42,41/59,2.24,2022:+1.8 2023:+4.1 2024:+2.7 2025:+3.9 2026:+0.3,3.38
Hold XAUUSD + Mon EURJPY + Roll GBPJPY,0.04 / 0.22 / 0.75,0.01,True,3.3,17.3,-0.7,-0.4,-0.44,44/59,2.56,2022:+2.4 2023:+4.8 2024:+3.3 2025:+4.5 2026:+0.8,4.71
Hold XAUUSD + Mon EURJPY + Roll USDJPY,0.05 / 0.26 / 0.69,0.02,True,3.6,18.7,-1.5,-0.7,-0.54,41/59,2.27,2022:+1.9 2023:+5.5 2024:+3.3 2025:+5.7 2026:+0.5,2.4
Hold XAUUSD + Mon EURJPY + TSMOM XAUUSD,0.13 / 0.73 / 0.14,0.68,False,7.1,39.8,-4.6,-3.1,-3.11,41/58,1.35,2022:+4.9 2023:+5.6 2024:+7.2 2025:+14.3 2026:+1.8,1.54
Hold XAUUSD + Mon EURJPY + v4 AUDUSD,0.09 / 0.50 / 0.41,-0.01,False,4.9,26.6,-2.7,-1.1,-1.07,40/58,1.69,2022:+4.0 2023:+8.7 2024:+1.7 2025:+6.9 2026:+1.0,1.81
Hold XAUUSD + Mon GBPJPY + Mon GBPUSD,0.08 / 0.44 / 0.48,0.47,False,5.5,30.2,-2.9,-1.3,-1.39,41/58,1.68,2022:+2.6 2023:+5.9 2024:+3.4 2025:+9.7 2026:+4.5,1.9
Hold XAUUSD + Mon GBPJPY + Mon GER40,0.12 / 0.61 / 0.28,0.18,False,7.4,42.2,-3.8,-1.5,-1.72,43/58,1.83,2022:+5.0 2023:+4.8 2024:+6.5 2025:+12.2 2026:+6.0,1.95
Hold XAUUSD + Mon GBPJPY + Mon NAS100,0.12 / 0.63 / 0.25,0.12,False,8.5,49.1,-3.5,-1.3,-1.45,46/58,2.03,2022:+8.3 2023:+9.4 2024:+6.6 2025:+11.7 2026:+3.3,2.43
Hold XAUUSD + Mon GBPJPY + Mon NZDJPY,0.09 / 0.48 / 0.43,0.71,False,6.7,37.5,-3.0,-1.2,-1.55,40/58,1.79,2022:+5.4 2023:+8.5 2024:+3.7 2025:+8.6 2026:+4.2,2.23
Hold XAUUSD + Mon GBPJPY + Mon US500,0.11 / 0.56 / 0.33,0.22,False,7.2,40.9,-3.6,-1.4,-1.75,45/58,1.89,2022:+5.5 2023:+8.8 2024:+5.3 2025:+10.7 2026:+3.3,2.0
Hold XAUUSD + Mon GBPJPY + Mon USDJPY,0.09 / 0.45 / 0.46,0.57,False,5.9,32.5,-2.3,-1.2,-1.11,39/58,1.8,2022:+8.2 2023:+5.9 2024:+5.0 2025:+5.6 2026:+1.8,2.57
Hold XAUUSD + Mon GBPJPY + Roll AUDJPY,0.05 / 0.27 / 0.68,0.02,True,3.7,19.7,-1.0,-0.5,-0.58,43/59,2.2,2022:+2.6 2023:+4.6 2024:+3.1 2025:+5.7 2026:+1.6,3.7
Hold XAUUSD + Mon GBPJPY + Roll CADJPY,0.04 / 0.22 / 0.74,0.01,True,3.2,17.0,-1.2,-0.4,-0.47,45/58,2.38,2022:+1.7 2023:+4.7 2024:+3.4 2025:+4.6 2026:+1.0,2.67
Hold XAUUSD + Mon GBPJPY + Roll EURJPY,0.04 / 0.19 / 0.77,0.01,True,3.1,16.1,-0.8,-0.4,-0.42,45/59,2.53,2022:+1.7 2023:+4.2 2024:+3.3 2025:+4.4 2026:+0.9,3.88
Hold XAUUSD + Mon GBPJPY + Roll GBPJPY,0.04 / 0.21 / 0.75,0.01,True,3.7,19.7,-0.7,-0.3,-0.45,47/59,2.85,2022:+2.3 2023:+4.9 2024:+4.0 2025:+5.1 2026:+1.5,5.29
Hold XAUUSD + Mon GBPJPY + Roll USDJPY,0.05 / 0.25 / 0.70,0.02,True,4.1,21.7,-1.2,-0.5,-0.54,45/59,2.56,2022:+1.8 2023:+5.6 2024:+4.1 2025:+6.5 2026:+1.3,3.42
Hold XAUUSD + Mon GBPJPY + TSMOM XAUUSD,0.14 / 0.72 / 0.15,0.68,False,8.7,50.8,-4.5,-2.7,-3.22,44/58,1.59,2022:+4.8 2023:+6.0 2024:+9.8 2025:+17.1 2026:+4.2,1.93
Hold XAUUSD + Mon GBPJPY + v4 AUDUSD,0.09 / 0.49 / 0.42,0.0,False,6.0,33.0,-2.9,-0.8,-1.09,42/58,2.0,2022:+3.9 2023:+9.1 2024:+3.2 2025:+8.5 2026:+2.6,2.07
Hold XAUUSD + Mon GBPUSD + Mon GER40,0.11 / 0.63 / 0.26,0.2,False,5.0,26.9,-5.9,-1.4,-1.43,35/58,1.25,2022:-0.9 2023:+2.3 2024:+4.0 2025:+13.1 2026:+5.9,0.85
Hold XAUUSD + Mon GBPUSD + Mon NAS100,0.11 / 0.65 / 0.23,0.14,False,5.8,32.1,-4.9,-1.8,-1.29,39/58,1.45,2022:+1.8 2023:+6.5 2024:+3.9 2025:+12.7 2026:+3.3,1.18
Hold XAUUSD + Mon GBPUSD + Mon NZDJPY,0.09 / 0.51 / 0.41,0.29,False,4.8,25.7,-3.9,-1.3,-1.35,39/58,1.44,2022:+0.6 2023:+6.3 2024:+1.8 2025:+9.5 2026:+4.2,1.23
Hold XAUUSD + Mon GBPUSD + Mon US500,0.10 / 0.58 / 0.32,0.2,False,5.0,26.8,-5.2,-1.7,-1.51,39/58,1.34,2022:-0.1 2023:+6.2 2024:+3.0 2025:+11.7 2026:+3.4,0.96
Hold XAUUSD + Mon GBPUSD + Mon USDJPY,0.08 / 0.47 / 0.44,0.14,False,4.1,22.0,-1.8,-0.9,-0.94,44/58,1.79,2022:+3.5 2023:+4.0 2024:+3.2 2025:+6.5 2026:+1.9,2.28
Hold XAUUSD + Mon GBPUSD + Roll AUDJPY,0.05 / 0.29 / 0.67,0.14,True,2.7,14.1,-1.9,-0.6,-0.56,40/59,1.59,2022:+0.0 2023:+3.5 2024:+2.0 2025:+6.3 2026:+1.6,1.42
Hold XAUUSD + Mon GBPUSD + Roll CADJPY,0.04 / 0.23 / 0.73,0.14,True,2.4,12.6,-1.9,-0.6,-0.46,40/58,1.75,2022:-0.4 2023:+3.8 2024:+2.5 2025:+5.1 2026:+1.0,1.26
Hold XAUUSD + Mon GBPUSD + Roll EURJPY,0.04 / 0.21 / 0.76,0.14,True,2.4,12.2,-1.4,-0.4,-0.41,40/59,1.89,2022:-0.2 2023:+3.4 2024:+2.5 2025:+4.9 2026:+1.0,1.71
Hold XAUUSD + Mon GBPUSD + Roll GBPJPY,0.04 / 0.22 / 0.74,0.14,True,2.9,15.3,-1.4,-0.4,-0.44,45/59,2.21,2022:+0.3 2023:+4.0 2024:+3.1 2025:+5.5 2026:+1.6,2.07
Hold XAUUSD + Mon GBPUSD + Roll USDJPY,0.05 / 0.27 / 0.69,0.14,True,3.1,16.3,-2.0,-0.5,-0.53,39/59,1.93,2022:-0.6 2023:+4.6 2024:+3.1 2025:+7.0 2026:+1.4,1.55
Hold XAUUSD + Mon GBPUSD + TSMOM XAUUSD,0.13 / 0.73 / 0.14,0.68,False,5.7,31.5,-5.7,-1.9,-3.02,33/58,1.09,2022:-2.1 2023:+3.0 2024:+6.5 2025:+17.9 2026:+4.2,1.0
Hold XAUUSD + Mon GBPUSD + v4 AUDUSD,0.09 / 0.51 / 0.40,0.14,False,4.1,21.6,-3.1,-1.2,-1.05,41/58,1.38,2022:-0.8 2023:+6.8 2024:+1.3 2025:+9.4 2026:+2.7,1.32
Hold XAUUSD + Mon GER40 + Mon NAS100,0.18 / 0.44 / 0.38,0.39,False,9.0,52.5,-7.3,-2.7,-2.41,40/58,1.33,2022:+5.1 2023:+5.0 2024:+9.1 2025:+18.5 2026:+5.0,1.23
Hold XAUUSD + Mon GER40 + Mon NZDJPY,0.12 / 0.30 / 0.57,0.2,False,6.5,36.2,-5.2,-2.1,-1.78,39/58,1.47,2022:+2.3 2023:+5.3 2024:+4.4 2025:+12.1 2026:+5.8,1.25
Hold XAUUSD + Mon GER40 + Mon US500,0.15 / 0.37 / 0.48,0.45,False,7.1,40.3,-7.6,-2.2,-2.02,40/58,1.24,2022:+1.6 2023:+4.8 2024:+6.9 2025:+15.9 2026:+4.8,0.93
Hold XAUUSD + Mon GER40 + Mon USDJPY,0.11 / 0.28 / 0.61,-0.01,False,5.4,29.7,-2.6,-1.4,-1.71,39/58,1.52,2022:+6.2 2023:+2.2 2024:+6.1 2025:+7.7 2026:+2.4,2.08
Hold XAUUSD + Mon GER40 + Roll AUDJPY,0.06 / 0.14 / 0.80,0.02,True,3.1,16.4,-1.6,-0.8,-0.79,40/59,1.6,2022:+0.7 2023:+2.5 2024:+3.3 2025:+6.9 2026:+1.8,1.94
Hold XAUUSD + Mon GER40 + Roll CADJPY,0.05 / 0.11 / 0.84,0.01,True,2.7,14.1,-1.8,-0.7,-0.62,41/58,1.77,2022:+0.0 2023:+3.1 2024:+3.6 2025:+5.3 2026:+1.1,1.5
Hold XAUUSD + Mon GER40 + Roll EURJPY,0.04 / 0.10 / 0.86,0.01,True,2.6,13.4,-1.3,-0.5,-0.54,40/59,1.92,2022:+0.3 2023:+2.6 2024:+3.5 2025:+5.1 2026:+1.1,2.0
Hold XAUUSD + Mon GER40 + Roll GBPJPY,0.04 / 0.11 / 0.85,0.01,True,3.3,17.2,-1.2,-0.5,-0.59,41/59,2.24,2022:+0.8 2023:+3.3 2024:+4.2 2025:+5.8 2026:+1.7,2.75
Hold XAUUSD + Mon GER40 + Roll USDJPY,0.06 / 0.13 / 0.81,0.02,True,3.6,18.8,-2.3,-0.8,-0.73,40/59,1.95,2022:-0.1 2023:+3.8 2024:+4.4 2025:+7.6 2026:+1.6,1.57
Hold XAUUSD + Mon GER40 + TSMOM XAUUSD,0.22 / 0.54 / 0.24,0.68,False,9.5,55.9,-8.7,-2.9,-5.24,39/58,1.09,2022:-1.0 2023:-1.2 2024:+15.0 2025:+29.5 2026:+6.9,1.09
Hold XAUUSD + Mon GER40 + v4 AUDUSD,0.12 / 0.30 / 0.57,-0.01,False,5.5,30.0,-3.7,-1.7,-1.65,45/58,1.37,2022:+0.3 2023:+5.9 2024:+3.7 2025:+11.9 2026:+3.6,1.49
Hold XAUUSD + Mon NAS100 + Mon NZDJPY,0.13 / 0.27 / 0.60,0.26,False,7.5,42.9,-5.2,-2.5,-1.48,36/58,1.6,2022:+5.6 2023:+10.4 2024:+4.4 2025:+11.6 2026:+2.8,1.44
Hold XAUUSD + Mon NAS100 + Mon US500,0.16 / 0.33 / 0.50,0.93,False,8.4,49.0,-9.1,-3.3,-2.56,38/58,1.25,2022:+5.6 2023:+11.1 2024:+7.0 2025:+15.4 2026:+1.0,0.92
Hold XAUUSD + Mon NAS100 + Mon USDJPY,0.12 / 0.24 / 0.64,0.05,False,6.3,35.3,-4.3,-1.5,-1.38,38/58,1.66,2022:+9.5 2023:+6.5 2024:+6.2 2025:+7.0 2026:-0.4,1.47
Hold XAUUSD + Mon NAS100 + Roll AUDJPY,0.06 / 0.13 / 0.81,0.02,True,3.5,18.7,-1.7,-1.0,-0.69,39/59,1.77,2022:+2.2 2023:+4.7 2024:+3.2 2025:+6.5 2026:+0.4,2.06
Hold XAUUSD + Mon NAS100 + Roll CADJPY,0.05 / 0.10 / 0.85,0.01,True,3.0,15.8,-2.0,-0.8,-0.54,40/58,1.94,2022:+1.2 2023:+4.8 2024:+3.6 2025:+5.1 2026:-0.0,1.5
Hold XAUUSD + Mon NAS100 + Roll EURJPY,0.04 / 0.09 / 0.87,0.01,True,2.9,14.9,-1.4,-0.6,-0.47,40/59,2.09,2022:+1.3 2023:+4.2 2024:+3.5 2025:+4.8 2026:+0.1,2.07
Hold XAUUSD + Mon NAS100 + Roll GBPJPY,0.05 / 0.09 / 0.86,0.01,True,3.6,18.9,-1.4,-0.7,-0.51,43/59,2.42,2022:+1.9 2023:+5.0 2024:+4.2 2025:+5.6 2026:+0.6,2.57
Hold XAUUSD + Mon NAS100 + Roll USDJPY,0.06 / 0.12 / 0.83,0.02,True,4.0,21.1,-2.8,-0.9,-0.64,42/59,2.13,2022:+1.3 2023:+5.9 2024:+4.4 2025:+7.3 2026:+0.2,1.43
Hold XAUUSD + Mon NAS100 + TSMOM XAUUSD,0.24 / 0.50 / 0.26,0.68,False,11.7,72.6,-10.6,-4.8,-5.7,39/58,1.24,2022:+4.7 2023:+7.2 2024:+15.9 2025:+30.1 2026:+1.3,1.1
Hold XAUUSD + Mon NAS100 + v4 AUDUSD,0.13 / 0.27 / 0.60,-0.02,False,6.5,36.2,-6.1,-2.2,-1.55,43/58,1.55,2022:+3.5 2023:+11.1 2024:+3.6 2025:+11.4 2026:+0.6,1.07
Hold XAUUSD + Mon NZDJPY + Mon US500,0.11 / 0.53 / 0.36,0.33,False,6.3,35.3,-5.3,-2.2,-1.73,37/58,1.5,2022:+3.0 2023:+9.6 2024:+3.3 2025:+10.5 2026:+2.9,1.19
Hold XAUUSD + Mon NZDJPY + Mon USDJPY,0.09 / 0.42 / 0.49,0.47,False,5.1,27.8,-2.8,-1.4,-1.03,40/58,1.52,2022:+6.3 2023:+6.4 2024:+3.4 2025:+5.2 2026:+1.4,1.82
Hold XAUUSD + Mon NZDJPY + Roll AUDJPY,0.05 / 0.24 / 0.70,0.03,True,3.2,16.9,-1.4,-1.0,-0.6,40/59,1.83,2022:+1.4 2023:+4.8 2024:+2.1 2025:+5.5 2026:+1.3,2.29
Hold XAUUSD + Mon NZDJPY + Roll CADJPY,0.04 / 0.20 / 0.76,0.03,True,2.8,14.7,-1.8,-0.7,-0.48,40/58,2.0,2022:+0.7 2023:+4.9 2024:+2.6 2025:+4.4 2026:+0.7,1.56
Hold XAUUSD + Mon NZDJPY + Roll EURJPY,0.04 / 0.17 / 0.79,0.03,True,2.7,14.0,-1.1,-0.7,-0.43,42/59,2.15,2022:+0.8 2023:+4.3 2024:+2.6 2025:+4.2 2026:+0.8,2.45
Hold XAUUSD + Mon NZDJPY + Roll GBPJPY,0.04 / 0.19 / 0.77,0.03,True,3.3,17.5,-1.1,-0.7,-0.46,48/59,2.47,2022:+1.4 2023:+5.1 2024:+3.2 2025:+4.9 2026:+1.3,3.0
Hold XAUUSD + Mon NZDJPY + Roll USDJPY,0.05 / 0.23 / 0.72,0.03,True,3.6,19.0,-2.1,-0.7,-0.56,42/59,2.18,2022:+0.7 2023:+5.9 2024:+3.2 2025:+6.3 2026:+1.1,1.71
Hold XAUUSD + Mon NZDJPY + TSMOM XAUUSD,0.15 / 0.69 / 0.16,0.68,False,7.7,43.9,-4.9,-2.7,-3.52,37/58,1.29,2022:+1.5 2023:+6.7 2024:+7.4 2025:+17.4 2026:+3.8,1.57
Hold XAUUSD + Mon NZDJPY + v4 AUDUSD,0.10 / 0.45 / 0.45,0.03,False,5.1,28.0,-3.9,-1.8,-1.19,40/58,1.61,2022:+1.7 2023:+9.8 2024:+1.3 2025:+8.2 2026:+2.3,1.31
Hold XAUUSD + Mon US500 + Mon USDJPY,0.11 / 0.33 / 0.57,0.04,False,5.4,29.4,-3.6,-1.3,-1.24,39/58,1.59,2022:+6.6 2023:+6.3 2024:+5.0 2025:+6.6 2026:+0.1,1.5
Hold XAUUSD + Mon US500 + Roll AUDJPY,0.06 / 0.18 / 0.76,0.02,True,3.2,16.7,-2.0,-0.9,-0.65,38/59,1.69,2022:+1.1 2023:+4.6 2024:+2.8 2025:+6.3 2026:+0.6,1.6
Hold XAUUSD + Mon US500 + Roll CADJPY,0.05 / 0.14 / 0.81,0.01,True,2.8,14.4,-2.2,-0.8,-0.51,41/58,1.87,2022:+0.4 2023:+4.8 2024:+3.2 2025:+5.0 2026:+0.1,1.27
Hold XAUUSD + Mon US500 + Roll EURJPY,0.04 / 0.12 / 0.84,0.01,True,2.6,13.7,-1.7,-0.6,-0.45,38/59,2.01,2022:+0.6 2023:+4.1 2024:+3.1 2025:+4.7 2026:+0.2,1.53
Hold XAUUSD + Mon US500 + Roll GBPJPY,0.04 / 0.13 / 0.82,0.01,True,3.3,17.4,-1.5,-0.7,-0.49,42/59,2.34,2022:+1.1 2023:+4.9 2024:+3.8 2025:+5.5 2026:+0.8,2.2
Hold XAUUSD + Mon US500 + Roll USDJPY,0.05 / 0.17 / 0.78,0.02,True,3.6,19.1,-2.9,-0.9,-0.6,41/59,2.05,2022:+0.3 2023:+5.8 2024:+3.9 2025:+7.1 2026:+0.4,1.24
Hold XAUUSD + Mon US500 + TSMOM XAUUSD,0.19 / 0.60 / 0.21,0.68,False,8.9,51.8,-7.6,-3.8,-4.55,37/58,1.18,2022:+0.5 2023:+6.5 2024:+11.6 2025:+24.2 2026:+1.9,1.17
Hold XAUUSD + Mon US500 + v4 AUDUSD,0.11 / 0.36 / 0.53,-0.01,False,5.4,29.6,-5.8,-2.1,-1.36,41/58,1.46,2022:+1.1 2023:+10.2 2024:+2.6 2025:+10.4 2026:+1.0,0.93
Hold XAUUSD + Mon USDJPY + Roll AUDJPY,0.05 / 0.27 / 0.68,0.02,True,2.9,15.0,-1.3,-0.6,-0.57,40/59,1.79,2022:+3.1 2023:+3.5 2024:+2.9 2025:+3.9 2026:+0.0,2.23
Hold XAUUSD + Mon USDJPY + Roll CADJPY,0.04 / 0.22 / 0.74,0.01,True,2.6,13.3,-1.4,-0.7,-0.47,39/58,1.98,2022:+2.1 2023:+3.8 2024:+3.3 2025:+3.1 2026:-0.3,1.86
Hold XAUUSD + Mon USDJPY + Roll EURJPY,0.04 / 0.20 / 0.77,0.01,True,2.5,12.7,-1.1,-0.4,-0.42,42/59,2.13,2022:+2.1 2023:+3.3 2024:+3.2 2025:+3.1 2026:-0.2,2.27
Hold XAUUSD + Mon USDJPY + Roll GBPJPY,0.04 / 0.21 / 0.75,0.01,True,3.1,16.0,-0.9,-0.4,-0.45,46/59,2.47,2022:+2.7 2023:+4.0 2024:+3.8 2025:+3.6 2026:+0.3,3.44
Hold XAUUSD + Mon USDJPY + Roll USDJPY,0.05 / 0.25 / 0.70,0.02,True,3.3,17.2,-1.6,-0.8,-0.54,44/59,2.17,2022:+2.3 2023:+4.5 2024:+3.9 2025:+4.7 2026:-0.1,2.06
Hold XAUUSD + Mon USDJPY + TSMOM XAUUSD,0.13 / 0.72 / 0.14,0.68,False,6.3,35.1,-6.3,-3.8,-3.17,38/58,1.24,2022:+6.2 2023:+2.9 2024:+9.2 2025:+11.5 2026:+0.1,1.0
Hold XAUUSD + Mon USDJPY + v4 AUDUSD,0.09 / 0.49 / 0.42,0.0,False,4.4,23.5,-3.1,-1.5,-1.08,41/58,1.55,2022:+4.8 2023:+6.9 2024:+2.9 2025:+5.0 2026:-0.1,1.42
Hold XAUUSD + Roll AUDJPY + Roll CADJPY,0.03 / 0.41 / 0.56,0.77,True,2.1,10.7,-0.9,-0.5,-0.5,43/59,1.66,2022:+0.3 2023:+3.5 2024:+2.5 2025:+3.8 2026:+0.1,2.33
Hold XAUUSD + Roll AUDJPY + Roll EURJPY,0.03 / 0.38 / 0.59,0.83,True,2.0,10.5,-0.7,-0.4,-0.34,38/59,1.75,2022:+0.4 2023:+3.2 2024:+2.5 2025:+3.7 2026:+0.1,2.86
Hold XAUUSD + Roll AUDJPY + Roll GBPJPY,0.03 / 0.40 / 0.57,0.81,True,2.5,12.8,-0.7,-0.4,-0.4,41/59,2.02,2022:+0.8 2023:+3.7 2024:+2.9 2025:+4.2 2026:+0.5,3.57
Hold XAUUSD + Roll AUDJPY + Roll USDJPY,0.03 / 0.46 / 0.51,0.73,True,2.5,13.1,-1.1,-0.6,-0.56,43/59,1.82,2022:+0.2 2023:+4.0 2024:+2.9 2025:+5.0 2026:+0.3,2.27
Hold XAUUSD + Roll AUDJPY + TSMOM XAUUSD,0.06 / 0.87 / 0.07,0.68,True,3.4,17.7,-2.1,-1.2,-1.53,40/59,1.3,2022:+0.2 2023:+2.8 2024:+4.5 2025:+8.6 2026:+0.7,1.62
Hold XAUUSD + Roll AUDJPY + v4 AUDUSD,0.05 / 0.71 / 0.24,0.02,True,2.8,14.5,-1.9,-0.8,-0.62,40/59,1.62,2022:+0.5 2023:+5.1 2024:+1.7 2025:+5.4 2026:+0.4,1.47
Hold XAUUSD + Roll CADJPY + Roll EURJPY,0.03 / 0.45 / 0.52,0.81,True,2.0,10.0,-0.8,-0.3,-0.29,38/59,1.9,2022:+0.1 2023:+3.4 2024:+2.8 2025:+3.3 2026:-0.0,2.5
Hold XAUUSD + Roll CADJPY + Roll GBPJPY,0.03 / 0.47 / 0.50,0.86,True,2.3,12.0,-0.8,-0.4,-0.39,44/59,2.14,2022:+0.4 2023:+3.9 2024:+3.2 2025:+3.7 2026:+0.3,2.87
Hold XAUUSD + Roll CADJPY + Roll USDJPY,0.03 / 0.53 / 0.44,0.85,True,2.4,12.1,-1.4,-0.5,-0.52,43/59,1.91,2022:-0.1 2023:+4.2 2024:+3.2 2025:+4.3 2026:+0.0,1.71
Hold XAUUSD + Roll CADJPY + TSMOM XAUUSD,0.05 / 0.90 / 0.05,0.68,True,2.9,14.9,-2.0,-1.2,-1.18,36/58,1.44,2022:-0.4 2023:+3.4 2024:+4.6 2025:+6.6 2026:+0.2,1.45
Hold XAUUSD + Roll CADJPY + v4 AUDUSD,0.04 / 0.76 / 0.19,0.01,True,2.5,12.8,-2.3,-0.6,-0.5,38/58,1.79,2022:-0.0 2023:+5.1 2024:+2.3 2025:+4.3 2026:+0.0,1.09
Hold XAUUSD + Roll EURJPY + Roll GBPJPY,0.02 / 0.51 / 0.47,0.88,True,2.3,11.7,-0.5,-0.3,-0.28,42/59,2.24,2022:+0.5 2023:+3.6 2024:+3.1 2025:+3.6 2026:+0.3,4.6
Hold XAUUSD + Roll EURJPY + Roll USDJPY,0.03 / 0.57 / 0.40,0.81,True,2.3,11.8,-1.0,-0.4,-0.31,43/59,2.05,2022:+0.0 2023:+3.8 2024:+3.1 2025:+4.2 2026:+0.1,2.3
Hold XAUUSD + Roll EURJPY + TSMOM XAUUSD,0.04 / 0.91 / 0.05,0.68,True,2.7,14.1,-1.6,-0.7,-1.03,38/59,1.56,2022:-0.1 2023:+2.9 2024:+4.3 2025:+6.1 2026:+0.3,1.69
Hold XAUUSD + Roll EURJPY + v4 AUDUSD,0.04 / 0.79 / 0.17,0.01,True,2.4,12.3,-1.5,-0.6,-0.45,40/59,1.94,2022:+0.2 2023:+4.5 2024:+2.4 2025:+4.2 2026:+0.1,1.6
Hold XAUUSD + Roll GBPJPY + Roll USDJPY,0.03 / 0.55 / 0.42,0.85,True,2.7,14.2,-0.9,-0.4,-0.42,43/59,2.29,2022:+0.4 2023:+4.3 2024:+3.6 2025:+4.7 2026:+0.4,3.0
Hold XAUUSD + Roll GBPJPY + TSMOM XAUUSD,0.05 / 0.90 / 0.05,0.68,True,3.5,18.2,-1.5,-0.8,-1.11,40/59,1.83,2022:+0.5 2023:+3.6 2024:+5.2 2025:+7.0 2026:+0.9,2.33
Hold XAUUSD + Roll GBPJPY + v4 AUDUSD,0.04 / 0.77 / 0.19,0.02,True,3.0,15.7,-1.4,-0.6,-0.48,44/59,2.27,2022:+0.7 2023:+5.3 2024:+3.0 2025:+4.8 2026:+0.6,2.14
Hold XAUUSD + Roll USDJPY + TSMOM XAUUSD,0.06 / 0.88 / 0.06,0.68,True,3.8,20.2,-2.5,-1.5,-1.41,37/59,1.59,2022:-0.6 2023:+4.2 2024:+5.7 2025:+9.3 2026:+0.5,1.52
Hold XAUUSD + Roll USDJPY + v4 AUDUSD,0.05 / 0.73 / 0.23,0.02,True,3.2,16.8,-2.7,-0.6,-0.58,42/59,1.98,2022:-0.1 2023:+6.1 2024:+2.9 2025:+6.2 2026:+0.3,1.19
Hold XAUUSD + TSMOM XAUUSD + v4 AUDUSD,0.15 / 0.16 / 0.69,0.68,False,6.5,36.1,-6.1,-3.5,-3.62,35/58,1.11,2022:-0.9 2023:+7.5 2024:+6.6 2025:+17.2 2026:+1.2,1.07
Mon AUDJPY + Mon CADJPY + Mon CHFJPY,0.29 / 0.33 / 0.38,0.8,False,4.2,22.2,-2.4,-1.3,-1.28,38/58,1.23,2022:+5.7 2023:+7.8 2024:+1.0 2025:+1.6 2026:+1.8,1.75
Mon AUDJPY + Mon CADJPY + Mon EURJPY,0.30 / 0.33 / 0.37,0.8,False,4.4,23.6,-2.2,-1.1,-1.28,37/58,1.26,2022:+6.6 2023:+7.4 2024:+0.7 2025:+1.9 2026:+2.5,2.0
Mon AUDJPY + Mon CADJPY + Mon GBPJPY,0.30 / 0.34 / 0.36,0.8,False,5.2,28.1,-2.4,-1.1,-1.41,40/58,1.44,2022:+6.5 2023:+7.7 2024:+1.7 2025:+3.0 2026:+3.7,2.17
Mon AUDJPY + Mon CADJPY + Mon GBPUSD,0.29 / 0.33 / 0.38,0.8,False,3.8,20.0,-2.3,-0.9,-1.26,39/58,1.31,2022:+2.8 2023:+6.1 2024:+0.4 2025:+3.8 2026:+3.7,1.65
Mon AUDJPY + Mon CADJPY + Mon GER40,0.37 / 0.42 / 0.21,0.8,False,4.7,25.1,-2.2,-1.2,-1.34,36/58,1.26,2022:+4.7 2023:+5.3 2024:+1.8 2025:+3.9 2026:+4.7,2.14
Mon AUDJPY + Mon CADJPY + Mon NAS100,0.39 / 0.43 / 0.18,0.8,False,5.3,28.9,-3.6,-1.3,-1.73,41/58,1.34,2022:+7.0 2023:+8.7 2024:+1.7 2025:+3.3 2026:+2.6,1.47
Mon AUDJPY + Mon CADJPY + Mon NZDJPY,0.32 / 0.35 / 0.33,0.9,False,4.5,24.3,-2.5,-1.7,-1.38,38/58,1.18,2022:+5.0 2023:+8.1 2024:+0.4 2025:+2.5 2026:+3.5,1.8
Mon AUDJPY + Mon CADJPY + Mon US500,0.35 / 0.39 / 0.25,0.8,False,4.7,25.1,-3.2,-1.2,-1.58,42/58,1.26,2022:+5.0 2023:+8.3 2024:+1.1 2025:+3.3 2026:+2.7,1.47
Mon AUDJPY + Mon CADJPY + Mon USDJPY,0.30 / 0.33 / 0.37,0.8,False,4.0,21.3,-2.2,-1.2,-1.24,35/58,1.17,2022:+7.2 2023:+6.1 2024:+1.6 2025:+0.5 2026:+1.6,1.82
Mon AUDJPY + Mon CADJPY + Roll AUDJPY,0.19 / 0.22 / 0.59,0.8,True,2.8,14.7,-1.1,-0.5,-0.55,39/59,1.57,2022:+2.8 2023:+4.9 2024:+1.1 2025:+2.4 2026:+1.5,2.55
Mon AUDJPY + Mon CADJPY + Roll CADJPY,0.16 / 0.18 / 0.66,0.8,True,2.6,13.2,-1.2,-0.4,-0.46,40/58,1.71,2022:+1.9 2023:+5.0 2024:+1.7 2025:+2.0 2026:+0.9,2.17
Mon AUDJPY + Mon CADJPY + Roll EURJPY,0.15 / 0.16 / 0.69,0.8,True,2.5,12.7,-0.8,-0.3,-0.42,39/59,1.83,2022:+1.9 2023:+4.4 2024:+1.8 2025:+2.1 2026:+0.9,3.12
Mon AUDJPY + Mon CADJPY + Roll GBPJPY,0.15 / 0.17 / 0.67,0.8,True,3.0,15.6,-0.8,-0.3,-0.44,43/59,2.1,2022:+2.4 2023:+5.1 2024:+2.3 2025:+2.5 2026:+1.4,3.75
Mon AUDJPY + Mon CADJPY + Roll USDJPY,0.18 / 0.20 / 0.61,0.8,True,3.2,16.6,-1.0,-0.5,-0.52,40/59,1.87,2022:+2.1 2023:+5.8 2024:+2.1 2025:+3.2 2026:+1.3,3.2
Mon AUDJPY + Mon CADJPY + TSMOM XAUUSD,0.42 / 0.47 / 0.10,0.8,False,5.2,28.5,-3.2,-1.1,-1.29,38/58,1.35,2022:+4.5 2023:+6.2 2024:+3.4 2025:+6.1 2026:+3.3,1.62
Mon AUDJPY + Mon CADJPY + v4 AUDUSD,0.32 / 0.35 / 0.33,0.8,False,4.0,21.1,-2.4,-1.0,-1.19,37/58,1.37,2022:+3.9 2023:+8.5 2024:-0.1 2025:+2.4 2026:+2.3,1.67
Mon AUDJPY + Mon CHFJPY + Mon EURJPY,0.28 / 0.36 / 0.35,0.79,False,4.4,23.7,-2.3,-1.0,-1.32,40/58,1.36,2022:+6.0 2023:+8.1 2024:+0.8 2025:+2.1 2026:+2.4,1.91
Mon AUDJPY + Mon CHFJPY + Mon GBPJPY,0.29 / 0.37 / 0.34,0.72,False,5.2,28.1,-2.4,-1.0,-1.39,41/58,1.57,2022:+6.0 2023:+8.3 2024:+1.9 2025:+3.1 2026:+3.6,2.17
Mon AUDJPY + Mon CHFJPY + Mon GBPUSD,0.28 / 0.36 / 0.36,0.59,False,3.8,20.4,-2.2,-0.9,-1.25,38/58,1.43,2022:+2.5 2023:+6.7 2024:+0.6 2025:+3.8 2026:+3.6,1.73
Mon AUDJPY + Mon CHFJPY + Mon GER40,0.35 / 0.45 / 0.19,0.59,False,4.7,25.3,-2.5,-1.1,-1.09,33/58,1.43,2022:+4.1 2023:+6.2 2024:+1.9 2025:+3.9 2026:+4.5,1.88
Mon AUDJPY + Mon CHFJPY + Mon NAS100,0.36 / 0.47 / 0.17,0.59,False,5.3,28.9,-2.9,-1.2,-1.25,40/58,1.52,2022:+6.3 2023:+9.4 2024:+1.8 2025:+3.4 2026:+2.6,1.83
Mon AUDJPY + Mon CHFJPY + Mon NZDJPY,0.30 / 0.39 / 0.31,0.9,False,4.6,24.5,-2.7,-1.5,-1.36,39/58,1.31,2022:+4.5 2023:+8.7 2024:+0.6 2025:+2.6 2026:+3.4,1.7
Mon AUDJPY + Mon CHFJPY + Mon US500,0.33 / 0.43 / 0.24,0.59,False,4.7,25.3,-3.0,-1.2,-1.48,41/58,1.44,2022:+4.4 2023:+8.9 2024:+1.3 2025:+3.4 2026:+2.6,1.57
Mon AUDJPY + Mon CHFJPY + Mon USDJPY,0.28 / 0.37 / 0.35,0.59,False,4.1,21.6,-2.2,-1.1,-1.08,38/58,1.31,2022:+6.6 2023:+6.7 2024:+1.7 2025:+0.7 2026:+1.6,1.86
Mon AUDJPY + Mon CHFJPY + Roll AUDJPY,0.19 / 0.24 / 0.57,0.59,True,2.9,15.1,-1.1,-0.5,-0.57,39/59,1.75,2022:+2.5 2023:+5.4 2024:+1.2 2025:+2.5 2026:+1.5,2.64
Mon AUDJPY + Mon CHFJPY + Roll CADJPY,0.16 / 0.20 / 0.64,0.59,True,2.6,13.5,-1.3,-0.4,-0.48,40/58,1.89,2022:+1.7 2023:+5.4 2024:+1.8 2025:+2.1 2026:+1.0,2.0
Mon AUDJPY + Mon CHFJPY + Roll EURJPY,0.14 / 0.18 / 0.67,0.59,True,2.5,13.0,-0.9,-0.3,-0.43,38/59,2.01,2022:+1.7 2023:+4.8 2024:+1.9 2025:+2.2 2026:+1.0,2.78
Mon AUDJPY + Mon CHFJPY + Roll GBPJPY,0.15 / 0.19 / 0.66,0.59,True,3.1,15.9,-0.8,-0.3,-0.46,44/59,2.29,2022:+2.2 2023:+5.5 2024:+2.3 2025:+2.6 2026:+1.4,3.88
Mon AUDJPY + Mon CHFJPY + Roll USDJPY,0.18 / 0.23 / 0.59,0.59,True,3.2,16.9,-1.2,-0.4,-0.54,45/59,2.05,2022:+1.8 2023:+6.2 2024:+2.1 2025:+3.3 2026:+1.3,2.67
Mon AUDJPY + Mon CHFJPY + TSMOM XAUUSD,0.39 / 0.51 / 0.10,0.59,False,5.2,28.4,-3.2,-1.1,-1.25,36/58,1.5,2022:+3.8 2023:+7.1 2024:+3.4 2025:+6.0 2026:+3.2,1.62
Mon AUDJPY + Mon CHFJPY + v4 AUDUSD,0.30 / 0.39 / 0.31,0.59,False,4.0,21.4,-2.4,-0.9,-1.04,36/58,1.52,2022:+3.4 2023:+9.1 2024:+0.2 2025:+2.5 2026:+2.2,1.67
Mon AUDJPY + Mon EURJPY + Mon GBPJPY,0.29 / 0.36 / 0.35,0.81,False,5.4,29.5,-2.3,-0.9,-1.47,40/58,1.57,2022:+6.8 2023:+7.9 2024:+1.5 2025:+3.4 2026:+4.3,2.35
Mon AUDJPY + Mon EURJPY + Mon GBPUSD,0.28 / 0.35 / 0.37,0.67,False,4.1,21.6,-2.2,-0.9,-1.24,42/58,1.44,2022:+3.2 2023:+6.4 2024:+0.3 2025:+4.2 2026:+4.3,1.86
Mon AUDJPY + Mon EURJPY + Mon GER40,0.36 / 0.45 / 0.20,0.67,False,5.0,27.0,-2.4,-1.2,-1.31,35/58,1.43,2022:+5.1 2023:+5.7 2024:+1.5 2025:+4.4 2026:+5.4,2.08
Mon AUDJPY + Mon EURJPY + Mon NAS100,0.37 / 0.46 / 0.17,0.67,False,5.6,30.7,-2.9,-1.1,-1.24,40/58,1.54,2022:+7.4 2023:+8.9 2024:+1.4 2025:+3.8 2026:+3.4,1.93
Mon AUDJPY + Mon EURJPY + Mon NZDJPY,0.30 / 0.38 / 0.32,0.9,False,4.8,25.9,-2.4,-1.3,-1.36,39/58,1.34,2022:+5.3 2023:+8.4 2024:+0.2 2025:+3.0 2026:+4.1,2.0
Mon AUDJPY + Mon EURJPY + Mon US500,0.34 / 0.42 / 0.24,0.67,False,5.0,26.9,-2.6,-1.0,-1.48,41/58,1.45,2022:+5.4 2023:+8.5 2024:+0.9 2025:+3.8 2026:+3.5,1.92
Mon AUDJPY + Mon EURJPY + Mon USDJPY,0.29 / 0.36 / 0.35,0.67,False,4.3,22.9,-2.0,-0.9,-1.23,41/58,1.34,2022:+7.5 2023:+6.4 2024:+1.4 2025:+1.1 2026:+2.3,2.15
Mon AUDJPY + Mon EURJPY + Roll AUDJPY,0.19 / 0.24 / 0.57,0.67,True,3.0,15.8,-1.0,-0.4,-0.65,39/59,1.79,2022:+3.0 2023:+5.1 2024:+1.0 2025:+2.7 2026:+1.9,3.0
Mon AUDJPY + Mon EURJPY + Roll CADJPY,0.16 / 0.20 / 0.64,0.67,True,2.7,14.2,-1.2,-0.4,-0.54,39/58,1.93,2022:+2.1 2023:+5.2 2024:+1.6 2025:+2.3 2026:+1.3,2.25
Mon AUDJPY + Mon EURJPY + Roll EURJPY,0.14 / 0.18 / 0.68,0.67,True,2.6,13.6,-0.8,-0.3,-0.49,39/59,2.05,2022:+2.1 2023:+4.6 2024:+1.7 2025:+2.3 2026:+1.3,3.25
Mon AUDJPY + Mon EURJPY + Roll GBPJPY,0.15 / 0.19 / 0.66,0.67,True,3.2,16.6,-0.8,-0.3,-0.52,43/59,2.32,2022:+2.7 2023:+5.3 2024:+2.2 2025:+2.8 2026:+1.8,4.0
Mon AUDJPY + Mon EURJPY + Roll USDJPY,0.18 / 0.22 / 0.60,0.67,True,3.4,17.7,-1.0,-0.5,-0.61,43/59,2.09,2022:+2.3 2023:+6.0 2024:+1.9 2025:+3.5 2026:+1.7,3.4
Mon AUDJPY + Mon EURJPY + TSMOM XAUUSD,0.40 / 0.50 / 0.10,0.67,False,5.6,30.5,-3.0,-1.0,-1.56,38/58,1.55,2022:+4.9 2023:+6.6 2024:+3.0 2025:+6.5 2026:+4.2,1.87
Mon AUDJPY + Mon EURJPY + v4 AUDUSD,0.30 / 0.38 / 0.32,0.67,False,4.3,22.8,-2.4,-0.7,-1.04,40/58,1.57,2022:+4.2 2023:+8.8 2024:-0.2 2025:+2.9 2026:+2.9,1.79
Mon AUDJPY + Mon GBPJPY + Mon GBPUSD,0.29 / 0.34 / 0.37,0.72,False,4.8,25.8,-2.6,-1.1,-1.37,42/58,1.58,2022:+3.1 2023:+6.6 2024:+1.3 2025:+5.3 2026:+5.5,1.85
Mon AUDJPY + Mon GBPJPY + Mon GER40,0.36 / 0.44 / 0.20,0.72,False,5.9,32.7,-2.7,-1.1,-1.29,38/58,1.64,2022:+5.0 2023:+5.9 2024:+2.8 2025:+5.7 2026:+7.0,2.19
Mon AUDJPY + Mon GBPJPY + Mon NAS100,0.38 / 0.45 / 0.18,0.72,False,6.6,36.9,-3.0,-1.0,-1.4,46/58,1.75,2022:+7.3 2023:+9.3 2024:+2.8 2025:+5.2 2026:+5.0,2.2
Mon AUDJPY + Mon GBPJPY + Mon NZDJPY,0.31 / 0.37 / 0.32,0.9,False,5.6,30.7,-2.5,-1.3,-1.49,39/58,1.51,2022:+5.3 2023:+8.6 2024:+1.3 2025:+4.1 2026:+5.4,2.24
Mon AUDJPY + Mon GBPJPY + Mon US500,0.34 / 0.41 / 0.24,0.72,False,5.9,32.3,-2.7,-1.0,-1.63,44/58,1.65,2022:+5.3 2023:+8.8 2024:+2.2 2025:+5.0 2026:+4.9,2.19
Mon AUDJPY + Mon GBPJPY + Mon USDJPY,0.29 / 0.35 / 0.36,0.72,False,5.0,27.3,-2.1,-0.9,-1.16,41/58,1.54,2022:+7.5 2023:+6.6 2024:+2.4 2025:+2.0 2026:+3.5,2.38
Mon AUDJPY + Mon GBPJPY + Roll AUDJPY,0.19 / 0.23 / 0.58,0.72,True,3.5,18.4,-1.1,-0.5,-0.64,40/59,2.01,2022:+3.0 2023:+5.2 2024:+1.7 2025:+3.4 2026:+2.7,3.18
Mon AUDJPY + Mon GBPJPY + Roll CADJPY,0.16 / 0.19 / 0.65,0.72,True,3.1,16.3,-1.3,-0.4,-0.53,42/58,2.15,2022:+2.1 2023:+5.3 2024:+2.2 2025:+2.8 2026:+2.0,2.38
Mon AUDJPY + Mon GBPJPY + Roll EURJPY,0.14 / 0.17 / 0.68,0.72,True,3.0,15.5,-0.8,-0.4,-0.48,43/59,2.27,2022:+2.1 2023:+4.7 2024:+2.2 2025:+2.8 2026:+1.9,3.75
Mon AUDJPY + Mon GBPJPY + Roll GBPJPY,0.15 / 0.18 / 0.66,0.72,True,3.5,18.6,-0.9,-0.3,-0.51,46/59,2.54,2022:+2.6 2023:+5.4 2024:+2.7 2025:+3.3 2026:+2.4,3.89
Mon AUDJPY + Mon GBPJPY + Roll USDJPY,0.18 / 0.22 / 0.60,0.72,True,3.8,20.2,-1.1,-0.4,-0.6,45/59,2.31,2022:+2.3 2023:+6.1 2024:+2.6 2025:+4.1 2026:+2.4,3.45
Mon AUDJPY + Mon GBPJPY + TSMOM XAUUSD,0.41 / 0.49 / 0.10,0.72,False,6.6,37.2,-3.3,-1.2,-1.47,38/58,1.77,2022:+4.8 2023:+6.9 2024:+4.5 2025:+8.1 2026:+5.9,2.0
Mon AUDJPY + Mon GBPJPY + v4 AUDUSD,0.31 / 0.37 / 0.32,0.72,False,5.1,27.4,-2.6,-0.6,-1.03,44/58,1.8,2022:+4.2 2023:+9.0 2024:+0.9 2025:+4.0 2026:+4.2,1.96
Mon AUDJPY + Mon GBPUSD + Mon GER40,0.35 / 0.46 / 0.19,0.29,False,4.2,22.5,-3.9,-0.9,-1.1,35/58,1.34,2022:+0.7 2023:+4.1 2024:+1.2 2025:+6.6 2026:+6.9,1.08
Mon AUDJPY + Mon GBPUSD + Mon NAS100,0.36 / 0.47 / 0.17,0.29,False,4.8,26.0,-3.0,-1.3,-1.22,39/58,1.48,2022:+2.7 2023:+7.2 2024:+1.1 2025:+6.2 2026:+5.0,1.6
Mon AUDJPY + Mon GBPUSD + Mon NZDJPY,0.30 / 0.39 / 0.31,0.9,False,4.2,22.2,-2.9,-1.2,-1.34,39/58,1.32,2022:+1.6 2023:+6.9 2024:-0.1 2025:+4.9 2026:+5.4,1.45
Mon AUDJPY + Mon GBPUSD + Mon US500,0.33 / 0.43 / 0.24,0.35,False,4.2,22.6,-3.3,-1.3,-1.45,39/58,1.37,2022:+1.2 2023:+6.9 2024:+0.6 2025:+5.9 2026:+4.9,1.27
Mon AUDJPY + Mon GBPUSD + Mon USDJPY,0.28 / 0.37 / 0.35,0.48,False,3.7,19.5,-1.7,-0.8,-1.0,41/58,1.57,2022:+3.8 2023:+5.1 2024:+1.1 2025:+2.9 2026:+3.5,2.18
Mon AUDJPY + Mon GBPUSD + Roll AUDJPY,0.19 / 0.24 / 0.57,0.29,True,2.7,13.7,-1.4,-0.6,-0.56,41/59,1.74,2022:+0.7 2023:+4.3 2024:+0.8 2025:+3.9 2026:+2.7,1.93
Mon AUDJPY + Mon GBPUSD + Roll CADJPY,0.16 / 0.20 / 0.64,0.29,True,2.4,12.4,-1.3,-0.5,-0.47,44/58,1.9,2022:+0.2 2023:+4.4 2024:+1.4 2025:+3.3 2026:+2.0,1.85
Mon AUDJPY + Mon GBPUSD + Roll EURJPY,0.14 / 0.19 / 0.67,0.29,True,2.3,12.1,-1.0,-0.4,-0.42,41/59,2.03,2022:+0.4 2023:+4.0 2024:+1.6 2025:+3.2 2026:+1.9,2.3
Mon AUDJPY + Mon GBPUSD + Roll GBPJPY,0.15 / 0.20 / 0.65,0.29,True,2.9,14.9,-1.1,-0.4,-0.45,45/59,2.33,2022:+0.8 2023:+4.6 2024:+2.0 2025:+3.7 2026:+2.4,2.64
Mon AUDJPY + Mon GBPUSD + Roll USDJPY,0.18 / 0.23 / 0.59,0.29,True,3.0,15.6,-1.4,-0.5,-0.53,43/59,2.07,2022:+0.2 2023:+5.2 2024:+1.8 2025:+4.6 2026:+2.5,2.14
Mon AUDJPY + Mon GBPUSD + TSMOM XAUUSD,0.39 / 0.51 / 0.10,0.29,False,4.7,25.3,-4.3,-1.0,-1.13,39/58,1.45,2022:+0.0 2023:+4.8 2024:+2.6 2025:+9.1 2026:+5.9,1.09
Mon AUDJPY + Mon GBPUSD + v4 AUDUSD,0.30 / 0.39 / 0.31,0.29,False,3.6,19.2,-2.4,-1.0,-0.89,42/58,1.52,2022:+0.5 2023:+7.3 2024:-0.4 2025:+4.8 2026:+4.2,1.5
Mon AUDJPY + Mon GER40 + Mon NAS100,0.49 / 0.27 / 0.23,0.39,False,6.4,35.4,-3.8,-1.4,-1.56,39/58,1.36,2022:+5.1 2023:+6.5 2024:+3.1 2025:+7.1 2026:+6.7,1.68
Mon AUDJPY + Mon GER40 + Mon NZDJPY,0.38 / 0.21 / 0.40,0.9,False,5.2,28.2,-3.4,-1.6,-1.31,35/58,1.32,2022:+3.1 2023:+6.4 2024:+1.2 2025:+5.3 2026:+6.8,1.53
Mon AUDJPY + Mon GER40 + Mon US500,0.44 / 0.24 / 0.31,0.45,False,5.4,29.7,-4.4,-1.1,-1.43,38/58,1.27,2022:+2.8 2023:+6.2 2024:+2.3 2025:+6.7 2026:+6.4,1.23
Mon AUDJPY + Mon GER40 + Mon USDJPY,0.36 / 0.20 / 0.44,0.48,False,4.5,24.2,-2.2,-1.1,-1.29,38/58,1.39,2022:+5.9 2023:+4.0 2024:+2.6 2025:+2.7 2026:+4.3,2.05
Mon AUDJPY + Mon GER40 + Roll AUDJPY,0.22 / 0.12 / 0.66,0.19,True,3.0,15.5,-1.2,-0.5,-0.69,34/59,1.73,2022:+1.4 2023:+3.5 2024:+1.6 2025:+4.0 2026:+3.1,2.5
Mon AUDJPY + Mon GER40 + Roll CADJPY,0.18 / 0.10 / 0.72,0.19,True,2.7,13.7,-1.2,-0.4,-0.56,37/58,1.89,2022:+0.7 2023:+3.9 2024:+2.2 2025:+3.2 2026:+2.2,2.25
Mon AUDJPY + Mon GER40 + Roll EURJPY,0.16 / 0.09 / 0.75,0.19,True,2.5,13.1,-1.0,-0.4,-0.5,37/59,2.02,2022:+0.9 2023:+3.4 2024:+2.3 2025:+3.2 2026:+2.1,2.5
Mon AUDJPY + Mon GER40 + Roll GBPJPY,0.17 / 0.09 / 0.74,0.19,True,3.1,16.4,-0.9,-0.3,-0.54,41/59,2.34,2022:+1.4 2023:+4.0 2024:+2.8 2025:+3.8 2026:+2.7,3.44
Mon AUDJPY + Mon GER40 + Roll USDJPY,0.20 / 0.11 / 0.68,0.19,True,3.4,17.6,-1.5,-0.4,-0.65,39/59,2.07,2022:+0.7 2023:+4.6 2024:+2.7 2025:+4.8 2026:+2.8,2.27
Mon AUDJPY + Mon GER40 + TSMOM XAUUSD,0.56 / 0.31 / 0.14,0.19,False,6.4,35.7,-4.8,-1.7,-1.76,38/58,1.47,2022:+1.5 2023:+3.1 2024:+5.6 2025:+11.4 2026:+8.2,1.33
Mon AUDJPY + Mon GER40 + v4 AUDUSD,0.39 / 0.21 / 0.40,0.19,False,4.5,24.2,-2.3,-0.7,-1.22,34/58,1.49,2022:+1.7 2023:+6.8 2024:+0.7 2025:+5.2 2026:+5.3,1.96
Mon AUDJPY + Mon NAS100 + Mon NZDJPY,0.40 / 0.19 / 0.42,0.9,False,5.9,32.3,-3.5,-1.3,-1.54,39/58,1.4,2022:+5.4 2023:+9.9 2024:+1.1 2025:+4.8 2026:+4.8,1.69
Mon AUDJPY + Mon NAS100 + Mon US500,0.46 / 0.22 / 0.33,0.93,False,6.2,34.5,-4.5,-2.2,-2.22,40/58,1.26,2022:+5.5 2023:+10.4 2024:+2.2 2025:+6.0 2026:+4.0,1.38
Mon AUDJPY + Mon NAS100 + Mon USDJPY,0.37 / 0.17 / 0.45,0.48,False,5.1,27.9,-3.0,-1.2,-1.55,39/58,1.48,2022:+8.2 2023:+7.2 2024:+2.5 2025:+2.1 2026:+2.4,1.7
Mon AUDJPY + Mon NAS100 + Roll AUDJPY,0.22 / 0.10 / 0.67,0.28,True,3.3,17.4,-1.5,-0.6,-0.66,43/59,1.83,2022:+2.7 2023:+5.4 2024:+1.6 2025:+3.7 2026:+1.9,2.2
Mon AUDJPY + Mon NAS100 + Roll CADJPY,0.18 / 0.08 / 0.74,0.28,True,2.9,15.2,-1.2,-0.7,-0.53,41/58,1.99,2022:+1.7 2023:+5.4 2024:+2.2 2025:+3.0 2026:+1.2,2.42
Mon AUDJPY + Mon NAS100 + Roll EURJPY,0.16 / 0.08 / 0.76,0.28,True,2.8,14.4,-1.0,-0.4,-0.48,41/59,2.12,2022:+1.8 2023:+4.7 2024:+2.2 2025:+2.9 2026:+1.2,2.8
Mon AUDJPY + Mon NAS100 + Roll GBPJPY,0.17 / 0.08 / 0.75,0.28,True,3.4,17.9,-1.0,-0.6,-0.51,45/59,2.43,2022:+2.3 2023:+5.5 2024:+2.8 2025:+3.5 2026:+1.8,3.4
Mon AUDJPY + Mon NAS100 + Roll USDJPY,0.21 / 0.10 / 0.69,0.28,True,3.7,19.4,-1.4,-0.7,-0.62,43/59,2.17,2022:+1.9 2023:+6.4 2024:+2.7 2025:+4.5 2026:+1.7,2.64
Mon AUDJPY + Mon NAS100 + TSMOM XAUUSD,0.58 / 0.27 / 0.14,0.28,False,7.5,42.5,-3.8,-1.2,-1.63,39/58,1.6,2022:+4.9 2023:+8.1 2024:+5.6 2025:+10.9 2026:+5.2,1.97
Mon AUDJPY + Mon NAS100 + v4 AUDUSD,0.40 / 0.19 / 0.41,0.28,False,5.2,28.1,-2.7,-1.6,-1.18,43/58,1.6,2022:+4.0 2023:+10.5 2024:+0.5 2025:+4.6 2026:+3.3,1.93
Mon AUDJPY + Mon NZDJPY + Mon US500,0.36 / 0.38 / 0.26,0.9,False,5.1,28.0,-3.2,-1.3,-1.61,40/58,1.32,2022:+3.5 2023:+9.4 2024:+0.6 2025:+4.6 2026:+4.7,1.59
Mon AUDJPY + Mon NZDJPY + Mon USDJPY,0.31 / 0.32 / 0.37,0.9,False,4.4,23.6,-2.3,-1.3,-1.1,38/58,1.29,2022:+6.0 2023:+7.0 2024:+1.1 2025:+1.6 2026:+3.2,1.91
Mon AUDJPY + Mon NZDJPY + Roll AUDJPY,0.20 / 0.21 / 0.60,0.9,True,3.1,16.0,-1.1,-0.7,-0.6,38/59,1.65,2022:+1.9 2023:+5.4 2024:+0.8 2025:+3.1 2026:+2.5,2.82
Mon AUDJPY + Mon NZDJPY + Roll CADJPY,0.16 / 0.17 / 0.67,0.9,True,2.7,14.3,-1.3,-0.5,-0.5,39/58,1.78,2022:+1.2 2023:+5.4 2024:+1.5 2025:+2.6 2026:+1.8,2.08
Mon AUDJPY + Mon NZDJPY + Roll EURJPY,0.15 / 0.15 / 0.70,0.9,True,2.6,13.7,-0.9,-0.4,-0.45,38/59,1.9,2022:+1.3 2023:+4.8 2024:+1.6 2025:+2.6 2026:+1.7,2.89
Mon AUDJPY + Mon NZDJPY + Roll GBPJPY,0.16 / 0.16 / 0.68,0.9,True,3.2,16.7,-0.9,-0.4,-0.48,44/59,2.16,2022:+1.8 2023:+5.5 2024:+2.0 2025:+3.1 2026:+2.3,3.56
Mon AUDJPY + Mon NZDJPY + Roll USDJPY,0.19 / 0.20 / 0.62,0.9,True,3.4,17.9,-1.2,-0.6,-0.57,41/59,1.94,2022:+1.3 2023:+6.3 2024:+1.8 2025:+3.9 2026:+2.3,2.83
Mon AUDJPY + Mon NZDJPY + TSMOM XAUUSD,0.43 / 0.46 / 0.11,0.9,False,5.8,32.2,-3.4,-1.2,-1.42,39/58,1.43,2022:+2.7 2023:+7.5 2024:+2.7 2025:+7.8 2026:+5.7,1.71
Mon AUDJPY + Mon NZDJPY + v4 AUDUSD,0.32 / 0.34 / 0.34,0.9,False,4.4,23.5,-2.6,-1.3,-1.3,38/58,1.45,2022:+2.5 2023:+9.6 2024:-0.6 2025:+3.6 2026:+4.0,1.69
Mon AUDJPY + Mon US500 + Mon USDJPY,0.34 / 0.24 / 0.42,0.48,False,4.5,24.3,-2.7,-1.2,-1.43,42/58,1.4,2022:+6.1 2023:+7.0 2024:+2.0 2025:+2.2 2026:+2.5,1.67
Mon AUDJPY + Mon US500 + Roll AUDJPY,0.21 / 0.15 / 0.64,0.35,True,3.0,15.8,-1.4,-0.6,-0.63,43/59,1.74,2022:+1.7 2023:+5.3 2024:+1.3 2025:+3.6 2026:+2.0,2.14
Mon AUDJPY + Mon US500 + Roll CADJPY,0.17 / 0.12 / 0.71,0.35,True,2.7,14.0,-1.2,-0.8,-0.51,42/58,1.89,2022:+1.0 2023:+5.3 2024:+1.9 2025:+3.0 2026:+1.3,2.25
Mon AUDJPY + Mon US500 + Roll EURJPY,0.15 / 0.11 / 0.74,0.35,True,2.6,13.4,-1.0,-0.5,-0.46,42/59,2.02,2022:+1.1 2023:+4.7 2024:+2.0 2025:+3.0 2026:+1.3,2.6
Mon AUDJPY + Mon US500 + Roll GBPJPY,0.16 / 0.12 / 0.72,0.35,True,3.2,16.6,-1.0,-0.6,-0.49,46/59,2.32,2022:+1.6 2023:+5.4 2024:+2.5 2025:+3.5 2026:+1.8,3.2
Mon AUDJPY + Mon US500 + Roll USDJPY,0.20 / 0.14 / 0.66,0.35,True,3.4,17.8,-1.6,-0.8,-0.59,44/59,2.06,2022:+1.0 2023:+6.3 2024:+2.3 2025:+4.4 2026:+1.8,2.12
Mon AUDJPY + Mon US500 + TSMOM XAUUSD,0.51 / 0.36 / 0.13,0.35,False,6.3,34.8,-3.4,-1.2,-1.43,39/58,1.51,2022:+2.3 2023:+7.5 2024:+4.3 2025:+9.9 2026:+5.0,1.85
Mon AUDJPY + Mon US500 + v4 AUDUSD,0.36 / 0.26 / 0.38,0.35,False,4.5,24.2,-2.7,-1.6,-1.25,43/58,1.5,2022:+2.2 2023:+9.9 2024:+0.1 2025:+4.5 2026:+3.3,1.67
Mon AUDJPY + Mon USDJPY + Roll AUDJPY,0.19 / 0.23 / 0.58,0.48,True,2.8,14.4,-1.0,-0.6,-0.46,38/59,1.7,2022:+3.4 2023:+4.3 2024:+1.5 2025:+1.8 2026:+1.3,2.8
Mon AUDJPY + Mon USDJPY + Roll CADJPY,0.16 / 0.19 / 0.65,0.48,True,2.5,13.0,-1.1,-0.4,-0.38,38/58,1.85,2022:+2.4 2023:+4.4 2024:+2.1 2025:+1.5 2026:+0.9,2.27
Mon AUDJPY + Mon USDJPY + Roll EURJPY,0.14 / 0.18 / 0.68,0.48,True,2.4,12.6,-0.7,-0.3,-0.35,41/59,1.97,2022:+2.4 2023:+4.0 2024:+2.1 2025:+1.7 2026:+0.9,3.43
Mon AUDJPY + Mon USDJPY + Roll GBPJPY,0.15 / 0.19 / 0.66,0.48,True,3.0,15.4,-0.7,-0.3,-0.37,43/59,2.26,2022:+3.0 2023:+4.6 2024:+2.6 2025:+2.0 2026:+1.3,4.29
Mon AUDJPY + Mon USDJPY + Roll USDJPY,0.18 / 0.22 / 0.60,0.48,True,3.1,16.3,-0.8,-0.4,-0.43,41/59,2.02,2022:+2.7 2023:+5.1 2024:+2.5 2025:+2.6 2026:+1.2,3.88
Mon AUDJPY + Mon USDJPY + TSMOM XAUUSD,0.41 / 0.50 / 0.10,0.48,False,5.0,27.3,-2.8,-1.2,-1.13,41/58,1.47,2022:+5.8 2023:+4.8 2024:+4.2 2025:+4.6 2026:+3.0,1.79
Mon AUDJPY + Mon USDJPY + v4 AUDUSD,0.31 / 0.37 / 0.32,0.48,False,3.9,20.5,-2.1,-0.8,-0.92,37/58,1.47,2022:+4.9 2023:+7.4 2024:+0.7 2025:+1.5 2026:+2.0,1.86
Mon AUDJPY + Roll AUDJPY + Roll CADJPY,0.12 / 0.37 / 0.50,0.77,True,2.1,10.7,-0.8,-0.4,-0.45,41/59,1.86,2022:+0.7 2023:+4.0 2024:+1.6 2025:+2.5 2026:+0.9,2.62
Mon AUDJPY + Roll AUDJPY + Roll EURJPY,0.11 / 0.35 / 0.54,0.83,True,2.1,10.5,-0.8,-0.3,-0.32,39/59,1.95,2022:+0.8 2023:+3.7 2024:+1.7 2025:+2.5 2026:+0.9,2.62
Mon AUDJPY + Roll AUDJPY + Roll GBPJPY,0.12 / 0.36 / 0.52,0.81,True,2.5,12.7,-0.7,-0.3,-0.36,43/59,2.22,2022:+1.2 2023:+4.2 2024:+2.1 2025:+2.9 2026:+1.3,3.57
Mon AUDJPY + Roll AUDJPY + Roll USDJPY,0.14 / 0.41 / 0.45,0.73,True,2.5,12.9,-0.9,-0.4,-0.5,43/59,2.03,2022:+0.7 2023:+4.5 2024:+1.9 2025:+3.5 2026:+1.2,2.78
Mon AUDJPY + Roll AUDJPY + TSMOM XAUUSD,0.23 / 0.71 / 0.06,0.02,True,3.2,16.5,-1.3,-0.4,-0.65,39/59,1.81,2022:+1.1 2023:+3.9 2024:+2.5 2025:+5.2 2026:+2.2,2.46
Mon AUDJPY + Roll AUDJPY + v4 AUDUSD,0.20 / 0.60 / 0.20,0.01,True,2.7,14.0,-1.1,-0.4,-0.52,36/59,1.85,2022:+1.2 2023:+5.7 2024:+0.5 2025:+3.1 2026:+1.7,2.45
Mon AUDJPY + Roll CADJPY + Roll EURJPY,0.10 / 0.42 / 0.48,0.81,True,2.0,10.1,-0.6,-0.3,-0.26,42/59,2.09,2022:+0.5 2023:+3.9 2024:+2.1 2025:+2.3 2026:+0.7,3.33
Mon AUDJPY + Roll CADJPY + Roll GBPJPY,0.11 / 0.43 / 0.46,0.86,True,2.3,11.9,-0.6,-0.3,-0.35,48/59,2.34,2022:+0.8 2023:+4.3 2024:+2.4 2025:+2.6 2026:+1.0,3.83
Mon AUDJPY + Roll CADJPY + Roll USDJPY,0.12 / 0.48 / 0.40,0.85,True,2.3,12.1,-0.8,-0.4,-0.46,44/59,2.11,2022:+0.3 2023:+4.6 2024:+2.3 2025:+3.0 2026:+0.8,2.87
Mon AUDJPY + Roll CADJPY + TSMOM XAUUSD,0.19 / 0.77 / 0.05,0.03,True,2.8,14.4,-1.4,-0.4,-0.52,42/58,1.98,2022:+0.4 2023:+4.2 2024:+3.0 2025:+4.2 2026:+1.5,2.0
Mon AUDJPY + Roll CADJPY + v4 AUDUSD,0.16 / 0.67 / 0.17,0.01,True,2.5,12.7,-1.3,-0.6,-0.43,41/58,2.02,2022:+0.6 2023:+5.6 2024:+1.2 2025:+2.5 2026:+1.2,1.92
Mon AUDJPY + Roll EURJPY + Roll GBPJPY,0.10 / 0.47 / 0.43,0.88,True,2.3,11.7,-0.6,-0.3,-0.27,46/59,2.44,2022:+0.9 2023:+4.0 2024:+2.4 2025:+2.6 2026:+1.0,3.83
Mon AUDJPY + Roll EURJPY + Roll USDJPY,0.11 / 0.52 / 0.37,0.81,True,2.3,11.8,-0.7,-0.3,-0.24,41/59,2.25,2022:+0.5 2023:+4.3 2024:+2.3 2025:+3.0 2026:+0.8,3.29
Mon AUDJPY + Roll EURJPY + TSMOM XAUUSD,0.17 / 0.79 / 0.04,0.01,True,2.7,13.7,-0.9,-0.3,-0.47,40/59,2.13,2022:+0.6 2023:+3.7 2024:+2.9 2025:+4.0 2026:+1.4,3.0
Mon AUDJPY + Roll EURJPY + v4 AUDUSD,0.15 / 0.70 / 0.15,0.01,True,2.4,12.2,-0.8,-0.3,-0.39,40/59,2.17,2022:+0.7 2023:+5.0 2024:+1.4 2025:+2.6 2026:+1.1,3.0
Mon AUDJPY + Roll GBPJPY + Roll USDJPY,0.11 / 0.50 / 0.38,0.85,True,2.7,13.9,-0.6,-0.3,-0.38,48/59,2.49,2022:+0.8 2023:+4.7 2024:+2.7 2025:+3.4 2026:+1.2,4.5
Mon AUDJPY + Roll GBPJPY + TSMOM XAUUSD,0.18 / 0.78 / 0.04,0.01,True,3.3,17.2,-0.9,-0.3,-0.5,45/59,2.46,2022:+1.1 2023:+4.3 2024:+3.6 2025:+4.7 2026:+2.0,3.67
Mon AUDJPY + Roll GBPJPY + v4 AUDUSD,0.16 / 0.68 / 0.16,0.02,True,2.9,15.1,-0.8,-0.5,-0.41,45/59,2.49,2022:+1.2 2023:+5.7 2024:+1.8 2025:+3.0 2026:+1.7,3.62
Mon AUDJPY + Roll USDJPY + TSMOM XAUUSD,0.22 / 0.73 / 0.05,0.04,True,3.6,18.7,-1.2,-0.5,-0.61,43/59,2.16,2022:+0.4 2023:+5.0 2024:+3.6 2025:+6.0 2026:+2.0,3.0
Mon AUDJPY + Roll USDJPY + v4 AUDUSD,0.19 / 0.62 / 0.19,0.01,True,3.1,16.0,-1.5,-0.6,-0.49,46/59,2.22,2022:+0.6 2023:+6.5 2024:+1.6 2025:+3.8 2026:+1.6,2.07
Mon AUDJPY + TSMOM XAUUSD + v4 AUDUSD,0.44 / 0.11 / 0.46,-0.02,False,5.1,27.5,-3.5,-1.0,-1.28,40/58,1.59,2022:+1.1 2023:+8.0 2024:+2.2 2025:+7.7 2026:+4.0,1.46
Mon CADJPY + Mon CHFJPY + Mon EURJPY,0.30 / 0.35 / 0.34,0.79,False,3.7,19.5,-2.2,-1.2,-1.18,37/58,1.16,2022:+7.0 2023:+6.9 2024:+0.9 2025:+0.9 2026:+0.7,1.68
Mon CADJPY + Mon CHFJPY + Mon GBPJPY,0.31 / 0.36 / 0.33,0.72,False,4.4,23.5,-2.0,-1.1,-1.29,41/58,1.37,2022:+7.0 2023:+7.1 2024:+1.9 2025:+1.8 2026:+1.8,2.2
Mon CADJPY + Mon CHFJPY + Mon GBPUSD,0.30 / 0.35 / 0.35,0.66,False,3.1,16.5,-1.7,-1.0,-1.15,40/58,1.27,2022:+3.6 2023:+5.7 2024:+0.6 2025:+2.6 2026:+1.9,1.82
Mon CADJPY + Mon CHFJPY + Mon GER40,0.38 / 0.44 / 0.19,0.66,False,3.8,20.0,-2.5,-1.3,-1.26,37/58,1.2,2022:+5.4 2023:+4.8 2024:+1.9 2025:+2.4 2026:+2.2,1.52
Mon CADJPY + Mon CHFJPY + Mon NAS100,0.39 / 0.45 / 0.16,0.66,False,4.3,23.1,-3.0,-1.2,-1.32,42/58,1.3,2022:+7.6 2023:+7.9 2024:+1.8 2025:+1.8 2026:+0.3,1.43
Mon CADJPY + Mon CHFJPY + Mon NZDJPY,0.32 / 0.37 / 0.30,0.76,False,3.8,20.0,-2.1,-1.5,-1.25,38/58,1.14,2022:+5.6 2023:+7.5 2024:+0.6 2025:+1.4 2026:+1.5,1.81
Mon CADJPY + Mon CHFJPY + Mon US500,0.36 / 0.41 / 0.23,0.66,False,3.8,20.2,-2.7,-1.3,-1.36,43/58,1.23,2022:+5.7 2023:+7.5 2024:+1.3 2025:+1.9 2026:+0.6,1.41
Mon CADJPY + Mon CHFJPY + Mon USDJPY,0.31 / 0.36 / 0.34,0.74,False,3.3,17.5,-3.0,-1.3,-1.36,38/58,1.06,2022:+7.6 2023:+5.6 2024:+1.7 2025:-0.4 2026:-0.1,1.1
Mon CADJPY + Mon CHFJPY + Roll AUDJPY,0.20 / 0.24 / 0.56,0.66,True,2.4,12.6,-1.1,-0.6,-0.59,37/59,1.49,2022:+3.3 2023:+4.7 2024:+1.2 2025:+1.7 2026:+0.3,2.18
Mon CADJPY + Mon CHFJPY + Roll CADJPY,0.17 / 0.20 / 0.63,0.66,True,2.2,11.5,-1.1,-0.4,-0.5,41/58,1.63,2022:+2.3 2023:+4.8 2024:+1.8 2025:+1.4 2026:+0.0,2.0
Mon CADJPY + Mon CHFJPY + Roll EURJPY,0.16 / 0.18 / 0.66,0.66,True,2.2,11.2,-0.7,-0.4,-0.45,37/59,1.75,2022:+2.3 2023:+4.3 2024:+1.9 2025:+1.5 2026:+0.1,3.14
Mon CADJPY + Mon CHFJPY + Roll GBPJPY,0.16 / 0.19 / 0.64,0.66,True,2.7,13.9,-0.7,-0.3,-0.48,42/59,2.02,2022:+2.9 2023:+4.9 2024:+2.3 2025:+1.9 2026:+0.5,3.86
Mon CADJPY + Mon CHFJPY + Roll USDJPY,0.19 / 0.22 / 0.58,0.66,True,2.8,14.5,-1.0,-0.6,-0.56,40/59,1.79,2022:+2.6 2023:+5.5 2024:+2.1 2025:+2.5 2026:+0.2,2.8
Mon CADJPY + Mon CHFJPY + TSMOM XAUUSD,0.42 / 0.49 / 0.09,0.66,False,4.2,22.3,-2.7,-2.1,-1.25,39/58,1.25,2022:+5.3 2023:+5.6 2024:+3.3 2025:+4.1 2026:+0.7,1.56
Mon CADJPY + Mon CHFJPY + v4 AUDUSD,0.32 / 0.37 / 0.30,0.66,False,3.3,17.1,-2.0,-0.9,-0.94,38/58,1.27,2022:+4.6 2023:+7.9 2024:+0.2 2025:+1.3 2026:+0.4,1.65
Mon CADJPY + Mon EURJPY + Mon GBPJPY,0.31 / 0.35 / 0.34,0.81,False,4.6,24.8,-2.0,-1.2,-1.28,40/58,1.39,2022:+7.9 2023:+6.7 2024:+1.5 2025:+2.2 2026:+2.4,2.3
Mon CADJPY + Mon EURJPY + Mon GBPUSD,0.30 / 0.34 / 0.36,0.71,False,3.4,17.6,-1.7,-0.9,-1.15,40/58,1.29,2022:+4.3 2023:+5.3 2024:+0.3 2025:+2.9 2026:+2.5,2.0
Mon CADJPY + Mon EURJPY + Mon GER40,0.38 / 0.43 / 0.19,0.71,False,4.0,21.5,-2.5,-1.6,-1.34,37/58,1.22,2022:+6.4 2023:+4.4 2024:+1.5 2025:+2.8 2026:+3.0,1.6
Mon CADJPY + Mon EURJPY + Mon NAS100,0.39 / 0.44 / 0.17,0.71,False,4.6,24.8,-3.0,-1.4,-1.32,40/58,1.34,2022:+8.7 2023:+7.4 2024:+1.4 2025:+2.2 2026:+1.1,1.53
Mon CADJPY + Mon EURJPY + Mon NZDJPY,0.33 / 0.37 / 0.31,0.76,False,4.0,21.3,-2.1,-1.3,-1.25,36/58,1.18,2022:+6.5 2023:+7.1 2024:+0.3 2025:+1.7 2026:+2.2,1.9
Mon CADJPY + Mon EURJPY + Mon US500,0.36 / 0.41 / 0.23,0.71,False,4.1,21.7,-2.7,-1.5,-1.35,39/58,1.25,2022:+6.7 2023:+7.1 2024:+1.0 2025:+2.3 2026:+1.3,1.52
Mon CADJPY + Mon EURJPY + Mon USDJPY,0.31 / 0.35 / 0.34,0.74,False,3.5,18.7,-2.7,-1.3,-1.27,37/58,1.11,2022:+8.5 2023:+5.3 2024:+1.4 2025:-0.1 2026:+0.5,1.3
Mon CADJPY + Mon EURJPY + Roll AUDJPY,0.21 / 0.23 / 0.56,0.71,True,2.6,13.3,-1.1,-0.6,-0.54,37/59,1.54,2022:+3.8 2023:+4.4 2024:+1.0 2025:+1.9 2026:+0.7,2.36
Mon CADJPY + Mon EURJPY + Roll CADJPY,0.17 / 0.19 / 0.63,0.71,True,2.4,12.1,-1.0,-0.5,-0.46,38/58,1.68,2022:+2.8 2023:+4.6 2024:+1.6 2025:+1.6 2026:+0.4,2.4
Mon CADJPY + Mon EURJPY + Roll EURJPY,0.16 / 0.18 / 0.67,0.71,True,2.3,11.8,-0.8,-0.5,-0.41,38/59,1.8,2022:+2.7 2023:+4.1 2024:+1.7 2025:+1.7 2026:+0.4,2.87
Mon CADJPY + Mon EURJPY + Roll GBPJPY,0.17 / 0.19 / 0.65,0.71,True,2.8,14.5,-0.6,-0.4,-0.44,41/59,2.07,2022:+3.3 2023:+4.7 2024:+2.1 2025:+2.1 2026:+0.8,4.67
Mon CADJPY + Mon EURJPY + Roll USDJPY,0.20 / 0.22 / 0.59,0.71,True,2.9,15.2,-1.0,-0.7,-0.52,39/59,1.84,2022:+3.0 2023:+5.3 2024:+1.9 2025:+2.7 2026:+0.6,2.9
Mon CADJPY + Mon EURJPY + TSMOM XAUUSD,0.43 / 0.48 / 0.09,0.71,False,4.5,24.0,-2.5,-1.5,-1.28,40/58,1.31,2022:+6.4 2023:+5.1 2024:+2.9 2025:+4.6 2026:+1.6,1.8
Mon CADJPY + Mon EURJPY + v4 AUDUSD,0.33 / 0.37 / 0.31,0.71,False,3.5,18.4,-2.0,-1.0,-0.86,38/58,1.33,2022:+5.4 2023:+7.5 2024:-0.1 2025:+1.6 2026:+1.1,1.75
Mon CADJPY + Mon GBPJPY + Mon GBPUSD,0.31 / 0.33 / 0.36,0.72,False,4.0,21.4,-2.1,-1.2,-1.26,40/58,1.44,2022:+4.2 2023:+5.5 2024:+1.3 2025:+3.9 2026:+3.6,1.9
Mon CADJPY + Mon GBPJPY + Mon GER40,0.39 / 0.42 / 0.19,0.72,False,4.9,26.6,-2.3,-1.4,-1.32,36/58,1.44,2022:+6.4 2023:+4.6 2024:+2.8 2025:+4.0 2026:+4.5,2.13
Mon CADJPY + Mon GBPJPY + Mon NAS100,0.40 / 0.43 / 0.17,0.72,False,5.5,30.3,-3.1,-1.2,-1.3,44/58,1.56,2022:+8.7 2023:+7.7 2024:+2.7 2025:+3.5 2026:+2.6,1.77
Mon CADJPY + Mon GBPJPY + Mon NZDJPY,0.33 / 0.36 / 0.31,0.76,False,4.8,25.6,-2.2,-1.2,-1.38,39/58,1.36,2022:+6.4 2023:+7.3 2024:+1.3 2025:+2.7 2026:+3.4,2.18
Mon CADJPY + Mon GBPJPY + Mon US500,0.37 / 0.40 / 0.23,0.72,False,4.9,26.5,-2.8,-1.3,-1.5,44/58,1.47,2022:+6.6 2023:+7.4 2024:+2.2 2025:+3.4 2026:+2.6,1.75
Mon CADJPY + Mon GBPJPY + Mon USDJPY,0.32 / 0.34 / 0.35,0.74,False,4.2,22.7,-1.9,-1.1,-1.22,39/58,1.3,2022:+8.5 2023:+5.4 2024:+2.4 2025:+0.8 2026:+1.6,2.21
Mon CADJPY + Mon GBPJPY + Roll AUDJPY,0.21 / 0.22 / 0.57,0.72,True,3.0,15.8,-0.9,-0.5,-0.58,42/59,1.78,2022:+3.7 2023:+4.5 2024:+1.7 2025:+2.6 2026:+1.5,3.33
Mon CADJPY + Mon GBPJPY + Roll CADJPY,0.17 / 0.19 / 0.64,0.72,True,2.7,14.1,-1.1,-0.4,-0.49,42/58,1.92,2022:+2.7 2023:+4.7 2024:+2.2 2025:+2.1 2026:+1.0,2.45
Mon CADJPY + Mon GBPJPY + Roll EURJPY,0.16 / 0.17 / 0.67,0.72,True,2.6,13.6,-0.7,-0.4,-0.44,41/59,2.03,2022:+2.6 2023:+4.2 2024:+2.2 2025:+2.2 2026:+1.0,3.71
Mon CADJPY + Mon GBPJPY + Roll GBPJPY,0.17 / 0.18 / 0.65,0.72,True,3.2,16.5,-0.7,-0.4,-0.47,45/59,2.31,2022:+3.2 2023:+4.8 2024:+2.7 2025:+2.6 2026:+1.4,4.57
Mon CADJPY + Mon GBPJPY + Roll USDJPY,0.20 / 0.21 / 0.59,0.72,True,3.3,17.6,-0.8,-0.6,-0.55,41/59,2.07,2022:+3.0 2023:+5.4 2024:+2.6 2025:+3.3 2026:+1.3,4.12
Mon CADJPY + Mon GBPJPY + TSMOM XAUUSD,0.44 / 0.47 / 0.10,0.72,False,5.5,30.0,-2.7,-1.3,-1.18,40/58,1.55,2022:+6.4 2023:+5.3 2024:+4.4 2025:+6.1 2026:+3.2,2.04
Mon CADJPY + Mon GBPJPY + v4 AUDUSD,0.33 / 0.36 / 0.31,0.72,False,4.2,22.6,-2.1,-0.8,-0.93,40/58,1.58,2022:+5.4 2023:+7.7 2024:+0.9 2025:+2.6 2026:+2.2,2.0
Mon CADJPY + Mon GBPUSD + Mon GER40,0.37 / 0.44 / 0.19,0.2,False,3.3,17.5,-3.1,-1.0,-1.14,33/58,1.19,2022:+2.1 2023:+2.9 2024:+1.2 2025:+4.9 2026:+4.5,1.06
Mon CADJPY + Mon GBPUSD + Mon NAS100,0.39 / 0.45 / 0.16,0.21,False,3.9,20.5,-2.4,-0.9,-1.11,41/58,1.36,2022:+4.1 2023:+5.8 2024:+1.1 2025:+4.5 2026:+2.6,1.62
Mon CADJPY + Mon GBPUSD + Mon NZDJPY,0.32 / 0.38 / 0.30,0.76,False,3.4,17.9,-2.4,-1.2,-1.23,39/58,1.21,2022:+2.8 2023:+5.8 2024:+0.0 2025:+3.6 2026:+3.4,1.42
Mon CADJPY + Mon GBPUSD + Mon US500,0.36 / 0.42 / 0.23,0.26,False,3.4,17.9,-2.3,-0.9,-1.33,38/58,1.24,2022:+2.6 2023:+5.6 2024:+0.7 2025:+4.3 2026:+2.7,1.48
Mon CADJPY + Mon GBPUSD + Mon USDJPY,0.31 / 0.36 / 0.34,0.74,False,3.0,15.6,-1.5,-0.9,-0.91,41/58,1.33,2022:+4.9 2023:+4.0 2024:+1.1 2025:+1.7 2026:+1.7,2.0
Mon CADJPY + Mon GBPUSD + Roll AUDJPY,0.20 / 0.24 / 0.56,0.02,True,2.2,11.3,-1.1,-0.5,-0.51,37/59,1.61,2022:+1.5 2023:+3.6 2024:+0.8 2025:+3.1 2026:+1.5,2.0
Mon CADJPY + Mon GBPUSD + Roll CADJPY,0.17 / 0.20 / 0.63,0.02,True,2.0,10.5,-1.1,-0.4,-0.42,42/58,1.77,2022:+0.9 2023:+3.9 2024:+1.4 2025:+2.6 2026:+1.0,1.82
Mon CADJPY + Mon GBPUSD + Roll EURJPY,0.16 / 0.18 / 0.66,0.02,True,2.0,10.3,-0.8,-0.4,-0.39,40/59,1.92,2022:+1.0 2023:+3.5 2024:+1.6 2025:+2.6 2026:+1.0,2.5
Mon CADJPY + Mon GBPUSD + Roll GBPJPY,0.16 / 0.19 / 0.64,0.02,True,2.5,12.9,-0.9,-0.4,-0.41,45/59,2.25,2022:+1.4 2023:+4.0 2024:+2.0 2025:+3.0 2026:+1.5,2.78
Mon CADJPY + Mon GBPUSD + Roll USDJPY,0.19 / 0.23 / 0.58,0.02,True,2.6,13.3,-1.0,-0.4,-0.48,43/59,1.97,2022:+0.9 2023:+4.5 2024:+1.8 2025:+3.8 2026:+1.4,2.6
Mon CADJPY + Mon GBPUSD + TSMOM XAUUSD,0.42 / 0.49 / 0.09,0.05,False,3.7,19.5,-3.6,-1.1,-1.04,33/58,1.31,2022:+1.7 2023:+3.4 2024:+2.5 2025:+7.0 2026:+3.3,1.03
Mon CADJPY + Mon GBPUSD + v4 AUDUSD,0.32 / 0.38 / 0.30,0.02,False,2.9,15.1,-1.8,-0.6,-0.8,38/58,1.38,2022:+1.8 2023:+6.1 2024:-0.4 2025:+3.4 2026:+2.3,1.61
Mon CADJPY + Mon GER40 + Mon NAS100,0.52 / 0.26 / 0.22,0.39,False,5.0,27.0,-3.4,-1.6,-1.59,38/58,1.17,2022:+6.9 2023:+4.7 2024:+3.0 2025:+4.7 2026:+3.4,1.47
Mon CADJPY + Mon GER40 + Mon NZDJPY,0.41 / 0.20 / 0.39,0.76,False,4.2,22.2,-2.6,-1.5,-1.35,35/58,1.16,2022:+4.6 2023:+4.9 2024:+1.2 2025:+3.5 2026:+4.2,1.62
Mon CADJPY + Mon GER40 + Mon US500,0.47 / 0.23 / 0.30,0.45,False,4.3,22.7,-3.2,-1.7,-1.43,39/58,1.09,2022:+4.5 2023:+4.6 2024:+2.3 2025:+4.6 2026:+3.4,1.34
Mon CADJPY + Mon GER40 + Mon USDJPY,0.39 / 0.19 / 0.42,0.74,False,3.6,18.9,-2.6,-1.4,-1.57,37/58,1.11,2022:+7.2 2023:+2.8 2024:+2.5 2025:+1.1 2026:+2.0,1.38
Mon CADJPY + Mon GER40 + Roll AUDJPY,0.24 / 0.12 / 0.65,0.13,True,2.5,12.6,-1.2,-0.5,-0.72,36/59,1.49,2022:+2.3 2023:+2.8 2024:+1.6 2025:+3.0 2026:+1.7,2.08
Mon CADJPY + Mon GER40 + Roll CADJPY,0.19 / 0.10 / 0.71,0.13,True,2.2,11.4,-1.0,-0.5,-0.59,37/58,1.65,2022:+1.5 2023:+3.2 2024:+2.2 2025:+2.4 2026:+1.1,2.2
Mon CADJPY + Mon GER40 + Roll EURJPY,0.17 / 0.09 / 0.74,0.13,True,2.2,11.1,-0.9,-0.4,-0.53,38/59,1.79,2022:+1.5 2023:+2.8 2024:+2.3 2025:+2.5 2026:+1.1,2.44
Mon CADJPY + Mon GER40 + Roll GBPJPY,0.19 / 0.09 / 0.72,0.13,True,2.7,14.1,-0.8,-0.4,-0.57,42/59,2.1,2022:+2.1 2023:+3.4 2024:+2.8 2025:+3.0 2026:+1.6,3.38
Mon CADJPY + Mon GER40 + Roll USDJPY,0.22 / 0.11 / 0.67,0.13,True,2.9,14.8,-1.1,-0.7,-0.68,41/59,1.83,2022:+1.6 2023:+3.8 2024:+2.7 2025:+3.8 2026:+1.5,2.64
Mon CADJPY + Mon GER40 + TSMOM XAUUSD,0.58 / 0.29 / 0.13,0.13,False,4.9,26.3,-3.9,-1.9,-1.78,37/58,1.23,2022:+3.7 2023:+1.3 2024:+5.3 2025:+8.4 2026:+4.4,1.26
Mon CADJPY + Mon GER40 + v4 AUDUSD,0.41 / 0.20 / 0.38,0.13,False,3.5,18.5,-2.4,-1.0,-1.26,33/58,1.25,2022:+3.3 2023:+5.3 2024:+0.7 2025:+3.4 2026:+2.8,1.46
Mon CADJPY + Mon NAS100 + Mon NZDJPY,0.42 / 0.18 / 0.40,0.76,False,4.8,25.8,-3.6,-1.3,-1.62,40/58,1.25,2022:+6.9 2023:+8.2 2024:+1.1 2025:+3.0 2026:+2.2,1.33
Mon CADJPY + Mon NAS100 + Mon US500,0.49 / 0.20 / 0.31,0.93,False,5.0,26.8,-4.6,-1.9,-2.29,39/58,1.09,2022:+7.2 2023:+8.4 2024:+2.2 2025:+3.9 2026:+1.1,1.09
Mon CADJPY + Mon NAS100 + Mon USDJPY,0.40 / 0.17 / 0.44,0.74,False,4.1,22.1,-3.1,-1.2,-1.63,38/58,1.2,2022:+9.5 2023:+5.8 2024:+2.5 2025:+0.5 2026:+0.1,1.32
Mon CADJPY + Mon NAS100 + Roll AUDJPY,0.24 / 0.10 / 0.66,0.21,True,2.8,14.4,-1.6,-0.7,-0.73,39/59,1.61,2022:+3.5 2023:+4.6 2024:+1.6 2025:+2.7 2026:+0.5,1.75
Mon CADJPY + Mon NAS100 + Roll CADJPY,0.20 / 0.08 / 0.72,0.21,True,2.5,12.8,-1.3,-0.5,-0.59,38/58,1.77,2022:+2.4 2023:+4.7 2024:+2.2 2025:+2.2 2026:+0.1,1.92
Mon CADJPY + Mon NAS100 + Roll EURJPY,0.18 / 0.07 / 0.75,0.21,True,2.4,12.3,-1.1,-0.4,-0.53,40/59,1.9,2022:+2.4 2023:+4.2 2024:+2.2 2025:+2.2 2026:+0.2,2.18
Mon CADJPY + Mon NAS100 + Roll GBPJPY,0.19 / 0.08 / 0.73,0.21,True,3.0,15.5,-1.1,-0.4,-0.57,43/59,2.21,2022:+3.0 2023:+4.8 2024:+2.8 2025:+2.7 2026:+0.7,2.73
Mon CADJPY + Mon NAS100 + Roll USDJPY,0.23 / 0.10 / 0.68,0.21,True,3.2,16.5,-1.5,-0.6,-0.68,41/59,1.95,2022:+2.7 2023:+5.6 2024:+2.7 2025:+3.5 2026:+0.4,2.13
Mon CADJPY + Mon NAS100 + TSMOM XAUUSD,0.61 / 0.26 / 0.13,0.21,False,5.8,31.9,-3.8,-1.7,-1.59,40/58,1.38,2022:+7.0 2023:+5.8 2024:+5.3 2025:+7.8 2026:+1.5,1.53
Mon CADJPY + Mon NAS100 + v4 AUDUSD,0.42 / 0.18 / 0.40,0.21,False,4.1,21.9,-2.6,-1.1,-1.28,40/58,1.38,2022:+5.5 2023:+8.7 2024:+0.6 2025:+2.8 2026:+0.8,1.58
Mon CADJPY + Mon NZDJPY + Mon US500,0.39 / 0.37 / 0.25,0.76,False,4.2,22.4,-3.2,-1.3,-1.49,39/58,1.17,2022:+4.9 2023:+7.8 2024:+0.6 2025:+3.0 2026:+2.3,1.31
Mon CADJPY + Mon NZDJPY + Mon USDJPY,0.33 / 0.31 / 0.36,0.76,False,3.6,19.1,-2.2,-1.3,-1.21,37/58,1.08,2022:+7.1 2023:+5.8 2024:+1.1 2025:+0.3 2026:+1.3,1.64
Mon CADJPY + Mon NZDJPY + Roll AUDJPY,0.21 / 0.20 / 0.58,0.76,True,2.6,13.4,-1.0,-0.7,-0.54,38/59,1.47,2022:+2.7 2023:+4.7 2024:+0.8 2025:+2.3 2026:+1.3,2.6
Mon CADJPY + Mon NZDJPY + Roll CADJPY,0.18 / 0.17 / 0.65,0.76,True,2.4,12.1,-1.1,-0.4,-0.45,40/58,1.61,2022:+1.9 2023:+4.8 2024:+1.5 2025:+1.9 2026:+0.8,2.18
Mon CADJPY + Mon NZDJPY + Roll EURJPY,0.16 / 0.15 / 0.69,0.76,True,2.3,11.8,-0.7,-0.4,-0.41,38/59,1.73,2022:+1.9 2023:+4.3 2024:+1.6 2025:+2.0 2026:+0.8,3.29
Mon CADJPY + Mon NZDJPY + Roll GBPJPY,0.17 / 0.16 / 0.67,0.76,True,2.8,14.6,-0.7,-0.3,-0.43,43/59,2.0,2022:+2.4 2023:+4.9 2024:+2.0 2025:+2.4 2026:+1.3,4.0
Mon CADJPY + Mon NZDJPY + Roll USDJPY,0.20 / 0.19 / 0.61,0.76,True,2.9,15.3,-1.2,-0.5,-0.51,39/59,1.77,2022:+2.0 2023:+5.6 2024:+1.8 2025:+3.1 2026:+1.1,2.42
Mon CADJPY + Mon NZDJPY + TSMOM XAUUSD,0.46 / 0.44 / 0.10,0.76,False,4.7,25.1,-2.8,-1.2,-1.18,38/58,1.25,2022:+4.4 2023:+5.8 2024:+2.7 2025:+5.7 2026:+2.9,1.68
Mon CADJPY + Mon NZDJPY + v4 AUDUSD,0.35 / 0.33 / 0.32,0.76,False,3.6,18.8,-2.2,-1.2,-1.12,39/58,1.27,2022:+3.8 2023:+8.2 2024:-0.5 2025:+2.2 2026:+1.9,1.64
Mon CADJPY + Mon US500 + Mon USDJPY,0.37 / 0.23 / 0.40,0.74,False,3.6,19.2,-2.8,-1.2,-1.5,40/58,1.14,2022:+7.4 2023:+5.6 2024:+1.9 2025:+0.7 2026:+0.4,1.29
Mon CADJPY + Mon US500 + Roll AUDJPY,0.23 / 0.15 / 0.63,0.26,True,2.5,13.0,-1.5,-0.6,-0.69,39/59,1.52,2022:+2.6 2023:+4.5 2024:+1.3 2025:+2.7 2026:+0.7,1.67
Mon CADJPY + Mon US500 + Roll CADJPY,0.19 / 0.12 / 0.69,0.26,True,2.3,11.8,-1.2,-0.6,-0.57,38/58,1.67,2022:+1.7 2023:+4.7 2024:+1.9 2025:+2.2 2026:+0.3,1.92
Mon CADJPY + Mon US500 + Roll EURJPY,0.17 / 0.11 / 0.72,0.26,True,2.2,11.4,-1.0,-0.4,-0.51,41/59,1.81,2022:+1.7 2023:+4.1 2024:+2.0 2025:+2.3 2026:+0.3,2.2
Mon CADJPY + Mon US500 + Roll GBPJPY,0.18 / 0.11 / 0.70,0.26,True,2.8,14.4,-1.0,-0.4,-0.55,43/59,2.11,2022:+2.3 2023:+4.8 2024:+2.5 2025:+2.7 2026:+0.8,2.8
Mon CADJPY + Mon US500 + Roll USDJPY,0.22 / 0.14 / 0.65,0.26,True,2.9,15.1,-1.7,-0.7,-0.65,40/59,1.85,2022:+1.9 2023:+5.5 2024:+2.3 2025:+3.5 2026:+0.5,1.71
Mon CADJPY + Mon US500 + TSMOM XAUUSD,0.54 / 0.34 / 0.12,0.26,False,4.9,26.3,-3.3,-1.5,-1.41,39/58,1.29,2022:+4.3 2023:+5.5 2024:+4.2 2025:+7.2 2026:+1.7,1.48
Mon CADJPY + Mon US500 + v4 AUDUSD,0.39 / 0.25 / 0.36,0.26,False,3.6,18.9,-2.4,-1.1,-1.18,42/58,1.29,2022:+3.7 2023:+8.3 2024:+0.2 2025:+2.8 2026:+1.0,1.5
Mon CADJPY + Mon USDJPY + Roll AUDJPY,0.21 / 0.23 / 0.57,0.74,True,2.3,11.9,-1.6,-0.7,-0.65,35/59,1.37,2022:+4.1 2023:+3.6 2024:+1.5 2025:+1.0 2026:+0.2,1.44
Mon CADJPY + Mon USDJPY + Roll CADJPY,0.17 / 0.19 / 0.64,0.74,True,2.1,11.0,-1.2,-0.6,-0.54,37/58,1.51,2022:+3.1 2023:+3.8 2024:+2.1 2025:+0.9 2026:-0.1,1.75
Mon CADJPY + Mon USDJPY + Roll EURJPY,0.16 / 0.17 / 0.67,0.74,True,2.1,10.7,-1.1,-0.5,-0.49,37/59,1.63,2022:+3.0 2023:+3.4 2024:+2.1 2025:+1.0 2026:-0.0,1.91
Mon CADJPY + Mon USDJPY + Roll GBPJPY,0.17 / 0.18 / 0.65,0.74,True,2.6,13.4,-0.8,-0.5,-0.52,40/59,1.9,2022:+3.6 2023:+4.0 2024:+2.6 2025:+1.4 2026:+0.4,3.25
Mon CADJPY + Mon USDJPY + Roll USDJPY,0.20 / 0.22 / 0.59,0.74,True,2.7,13.9,-1.1,-0.6,-0.61,39/59,1.67,2022:+3.4 2023:+4.5 2024:+2.5 2025:+1.9 2026:+0.1,2.45
Mon CADJPY + Mon USDJPY + TSMOM XAUUSD,0.43 / 0.47 / 0.09,0.74,False,4.0,21.1,-2.7,-2.0,-1.39,39/58,1.16,2022:+7.3 2023:+3.3 2024:+4.1 2025:+2.8 2026:+0.5,1.48
Mon CADJPY + Mon USDJPY + v4 AUDUSD,0.33 / 0.36 / 0.31,0.74,False,3.1,16.2,-2.5,-1.0,-1.03,40/58,1.16,2022:+6.0 2023:+6.1 2024:+0.7 2025:+0.2 2026:+0.2,1.24
Mon CADJPY + Roll AUDJPY + Roll CADJPY,0.14 / 0.37 / 0.50,0.77,True,1.8,9.2,-0.7,-0.4,-0.44,35/59,1.63,2022:+1.2 2023:+3.6 2024:+1.6 2025:+2.0 2026:+0.2,2.57
Mon CADJPY + Roll AUDJPY + Roll EURJPY,0.13 / 0.34 / 0.53,0.83,True,1.8,9.1,-0.7,-0.3,-0.31,38/59,1.72,2022:+1.3 2023:+3.3 2024:+1.7 2025:+2.0 2026:+0.2,2.57
Mon CADJPY + Roll AUDJPY + Roll GBPJPY,0.13 / 0.36 / 0.51,0.81,True,2.2,11.1,-0.7,-0.3,-0.36,42/59,1.99,2022:+1.7 2023:+3.7 2024:+2.1 2025:+2.4 2026:+0.6,3.14
Mon CADJPY + Roll AUDJPY + Roll USDJPY,0.15 / 0.41 / 0.45,0.73,True,2.2,11.2,-0.8,-0.5,-0.49,39/59,1.8,2022:+1.3 2023:+4.0 2024:+1.9 2025:+2.8 2026:+0.4,2.75
Mon CADJPY + Roll AUDJPY + TSMOM XAUUSD,0.25 / 0.69 / 0.06,0.02,True,2.6,13.4,-1.0,-0.5,-0.63,38/59,1.55,2022:+2.0 2023:+3.1 2024:+2.5 2025:+4.1 2026:+0.8,2.6
Mon CADJPY + Roll AUDJPY + v4 AUDUSD,0.21 / 0.59 / 0.20,0.01,True,2.2,11.5,-1.1,-0.4,-0.42,37/59,1.58,2022:+2.0 2023:+4.9 2024:+0.5 2025:+2.2 2026:+0.5,2.0
Mon CADJPY + Roll CADJPY + Roll EURJPY,0.11 / 0.41 / 0.48,0.81,True,1.7,8.8,-0.6,-0.3,-0.25,39/59,1.86,2022:+0.9 2023:+3.5 2024:+2.1 2025:+1.8 2026:+0.0,2.83
Mon CADJPY + Roll CADJPY + Roll GBPJPY,0.12 / 0.43 / 0.46,0.86,True,2.1,10.6,-0.5,-0.3,-0.35,43/59,2.11,2022:+1.2 2023:+3.9 2024:+2.4 2025:+2.1 2026:+0.3,4.2
Mon CADJPY + Roll CADJPY + Roll USDJPY,0.13 / 0.48 / 0.39,0.85,True,2.1,10.6,-0.9,-0.4,-0.46,44/59,1.89,2022:+0.8 2023:+4.2 2024:+2.3 2025:+2.5 2026:+0.1,2.33
Mon CADJPY + Roll CADJPY + TSMOM XAUUSD,0.20 / 0.75 / 0.04,0.03,True,2.3,12.0,-1.2,-0.7,-0.51,38/58,1.72,2022:+1.2 2023:+3.5 2024:+2.9 2025:+3.3 2026:+0.3,1.92
Mon CADJPY + Roll CADJPY + v4 AUDUSD,0.18 / 0.65 / 0.17,0.01,True,2.1,10.6,-1.1,-0.4,-0.35,37/58,1.75,2022:+1.3 2023:+5.0 2024:+1.3 2025:+1.8 2026:+0.2,1.91
Mon CADJPY + Roll EURJPY + Roll GBPJPY,0.11 / 0.46 / 0.43,0.88,True,2.0,10.4,-0.5,-0.3,-0.27,43/59,2.21,2022:+1.3 2023:+3.6 2024:+2.4 2025:+2.1 2026:+0.4,4.0
Mon CADJPY + Roll EURJPY + Roll USDJPY,0.12 / 0.52 / 0.36,0.81,True,2.0,10.4,-0.6,-0.3,-0.24,42/59,2.02,2022:+0.9 2023:+3.9 2024:+2.3 2025:+2.5 2026:+0.2,3.33
Mon CADJPY + Roll EURJPY + TSMOM XAUUSD,0.18 / 0.78 / 0.04,0.01,True,2.3,11.6,-0.7,-0.4,-0.46,41/59,1.87,2022:+1.3 2023:+3.1 2024:+2.9 2025:+3.3 2026:+0.4,3.29
Mon CADJPY + Roll EURJPY + v4 AUDUSD,0.16 / 0.69 / 0.15,0.01,True,2.0,10.4,-0.7,-0.3,-0.32,37/59,1.9,2022:+1.4 2023:+4.5 2024:+1.4 2025:+1.9 2026:+0.2,2.86
Mon CADJPY + Roll GBPJPY + Roll USDJPY,0.13 / 0.49 / 0.38,0.85,True,2.4,12.4,-0.6,-0.3,-0.38,46/59,2.27,2022:+1.3 2023:+4.3 2024:+2.7 2025:+2.9 2026:+0.5,4.0
Mon CADJPY + Roll GBPJPY + TSMOM XAUUSD,0.20 / 0.76 / 0.04,0.01,True,2.8,14.8,-0.7,-0.4,-0.49,44/59,2.21,2022:+1.8 2023:+3.7 2024:+3.5 2025:+3.8 2026:+0.9,4.0
Mon CADJPY + Roll GBPJPY + v4 AUDUSD,0.17 / 0.67 / 0.16,0.02,True,2.5,13.1,-0.7,-0.3,-0.34,43/59,2.23,2022:+1.9 2023:+5.1 2024:+1.8 2025:+2.3 2026:+0.7,3.57
Mon CADJPY + Roll USDJPY + TSMOM XAUUSD,0.24 / 0.71 / 0.05,0.04,True,3.0,15.7,-1.2,-0.9,-0.59,45/59,1.91,2022:+1.3 2023:+4.2 2024:+3.6 2025:+4.9 2026:+0.6,2.5
Mon CADJPY + Roll USDJPY + v4 AUDUSD,0.20 / 0.61 / 0.19,0.01,True,2.6,13.5,-1.4,-0.5,-0.4,39/59,1.95,2022:+1.4 2023:+5.8 2024:+1.6 2025:+3.0 2026:+0.4,1.86
Mon CADJPY + TSMOM XAUUSD + v4 AUDUSD,0.46 / 0.10 / 0.43,-0.05,False,3.9,20.8,-2.8,-1.6,-1.21,40/58,1.33,2022:+2.8 2023:+6.3 2024:+2.1 2025:+5.5 2026:+1.3,1.39
Mon CHFJPY + Mon EURJPY + Mon GBPJPY,0.34 / 0.34 / 0.32,0.81,False,4.6,24.9,-2.0,-1.1,-1.3,38/58,1.46,2022:+7.2 2023:+7.3 2024:+1.7 2025:+2.3 2026:+2.4,2.3
Mon CHFJPY + Mon EURJPY + Mon GBPUSD,0.34 / 0.33 / 0.34,0.79,False,3.4,18.0,-1.8,-0.8,-1.15,39/58,1.33,2022:+3.9 2023:+5.9 2024:+0.5 2025:+3.0 2026:+2.4,1.89
Mon CHFJPY + Mon EURJPY + Mon GER40,0.42 / 0.41 / 0.18,0.79,False,4.1,21.8,-2.4,-1.3,-1.05,37/58,1.31,2022:+5.8 2023:+5.2 2024:+1.7 2025:+2.9 2026:+2.9,1.71
Mon CHFJPY + Mon EURJPY + Mon NAS100,0.43 / 0.42 / 0.16,0.79,False,4.6,24.9,-2.6,-1.2,-1.11,41/58,1.44,2022:+7.8 2023:+8.1 2024:+1.6 2025:+2.4 2026:+1.2,1.77
Mon CHFJPY + Mon EURJPY + Mon NZDJPY,0.36 / 0.35 / 0.29,0.79,False,4.1,21.6,-2.3,-1.2,-1.24,38/58,1.26,2022:+5.9 2023:+7.7 2024:+0.4 2025:+1.9 2026:+2.1,1.78
Mon CHFJPY + Mon EURJPY + Mon US500,0.40 / 0.39 / 0.22,0.79,False,4.1,22.0,-2.8,-1.3,-1.34,38/58,1.36,2022:+6.0 2023:+7.8 2024:+1.1 2025:+2.4 2026:+1.3,1.46
Mon CHFJPY + Mon EURJPY + Mon USDJPY,0.34 / 0.33 / 0.32,0.79,False,3.6,19.1,-2.1,-1.1,-1.13,39/58,1.19,2022:+7.8 2023:+5.9 2024:+1.5 2025:+0.1 2026:+0.5,1.71
Mon CHFJPY + Mon EURJPY + Roll AUDJPY,0.23 / 0.22 / 0.54,0.79,True,2.7,13.7,-0.9,-0.4,-0.57,38/59,1.61,2022:+3.5 2023:+4.9 2024:+1.1 2025:+2.0 2026:+0.8,3.0
Mon CHFJPY + Mon EURJPY + Roll CADJPY,0.19 / 0.19 / 0.62,0.79,True,2.4,12.5,-1.1,-0.4,-0.48,39/58,1.74,2022:+2.6 2023:+5.0 2024:+1.7 2025:+1.7 2026:+0.4,2.18
Mon CHFJPY + Mon EURJPY + Roll EURJPY,0.18 / 0.17 / 0.65,0.79,True,2.4,12.1,-0.7,-0.4,-0.44,38/59,1.86,2022:+2.5 2023:+4.5 2024:+1.8 2025:+1.8 2026:+0.4,3.43
Mon CHFJPY + Mon EURJPY + Roll GBPJPY,0.19 / 0.18 / 0.63,0.79,True,2.9,14.8,-0.7,-0.3,-0.47,43/59,2.13,2022:+3.1 2023:+5.1 2024:+2.2 2025:+2.2 2026:+0.9,4.14
Mon CHFJPY + Mon EURJPY + Roll USDJPY,0.22 / 0.21 / 0.57,0.79,True,3.0,15.5,-1.1,-0.6,-0.55,40/59,1.9,2022:+2.8 2023:+5.7 2024:+2.0 2025:+2.8 2026:+0.6,2.73
Mon CHFJPY + Mon EURJPY + TSMOM XAUUSD,0.46 / 0.45 / 0.09,0.79,False,4.5,24.2,-2.6,-1.6,-1.32,36/58,1.37,2022:+5.7 2023:+6.0 2024:+3.0 2025:+4.6 2026:+1.6,1.73
Mon CHFJPY + Mon EURJPY + v4 AUDUSD,0.36 / 0.35 / 0.29,0.79,False,3.6,18.8,-2.0,-0.8,-0.9,37/58,1.39,2022:+4.9 2023:+8.1 2024:+0.1 2025:+1.7 2026:+1.1,1.8
Mon CHFJPY + Mon GBPJPY + Mon GBPUSD,0.34 / 0.32 / 0.34,0.66,False,4.1,21.7,-1.9,-1.1,-1.26,42/58,1.53,2022:+3.8 2023:+6.1 2024:+1.4 2025:+3.9 2026:+3.5,2.16
Mon CHFJPY + Mon GBPJPY + Mon GER40,0.42 / 0.39 / 0.18,0.66,False,4.9,26.7,-2.3,-1.2,-1.11,39/58,1.58,2022:+5.7 2023:+5.4 2024:+2.9 2025:+4.1 2026:+4.3,2.13
Mon CHFJPY + Mon GBPJPY + Mon NAS100,0.44 / 0.40 / 0.16,0.66,False,5.5,30.1,-2.4,-1.0,-1.26,43/58,1.72,2022:+7.8 2023:+8.4 2024:+2.8 2025:+3.5 2026:+2.5,2.29
Mon CHFJPY + Mon GBPJPY + Mon NZDJPY,0.36 / 0.34 / 0.30,0.71,False,4.8,25.7,-2.2,-1.1,-1.37,40/58,1.47,2022:+5.9 2023:+8.0 2024:+1.4 2025:+2.8 2026:+3.3,2.18
Mon CHFJPY + Mon GBPJPY + Mon US500,0.40 / 0.37 / 0.22,0.66,False,4.9,26.6,-2.6,-1.1,-1.48,42/58,1.62,2022:+6.0 2023:+8.1 2024:+2.3 2025:+3.5 2026:+2.6,1.88
Mon CHFJPY + Mon GBPJPY + Mon USDJPY,0.35 / 0.32 / 0.33,0.66,False,4.3,22.9,-2.0,-1.0,-1.07,38/58,1.42,2022:+7.8 2023:+6.1 2024:+2.5 2025:+1.0 2026:+1.6,2.15
Mon CHFJPY + Mon GBPJPY + Roll AUDJPY,0.23 / 0.22 / 0.55,0.66,True,3.1,16.1,-1.0,-0.5,-0.6,43/59,1.9,2022:+3.4 2023:+5.0 2024:+1.7 2025:+2.6 2026:+1.5,3.1
Mon CHFJPY + Mon GBPJPY + Roll CADJPY,0.20 / 0.18 / 0.62,0.66,True,2.8,14.5,-1.1,-0.4,-0.51,41/58,2.04,2022:+2.5 2023:+5.1 2024:+2.2 2025:+2.2 2026:+1.0,2.55
Mon CHFJPY + Mon GBPJPY + Roll EURJPY,0.18 / 0.17 / 0.66,0.66,True,2.7,13.9,-0.7,-0.4,-0.46,42/59,2.16,2022:+2.5 2023:+4.5 2024:+2.3 2025:+2.3 2026:+1.0,3.86
Mon CHFJPY + Mon GBPJPY + Roll GBPJPY,0.19 / 0.17 / 0.64,0.66,True,3.2,16.8,-0.7,-0.4,-0.49,47/59,2.44,2022:+3.0 2023:+5.2 2024:+2.7 2025:+2.7 2026:+1.4,4.57
Mon CHFJPY + Mon GBPJPY + Roll USDJPY,0.22 / 0.21 / 0.57,0.66,True,3.4,17.9,-0.9,-0.5,-0.57,46/59,2.2,2022:+2.7 2023:+5.8 2024:+2.6 2025:+3.4 2026:+1.3,3.78
Mon CHFJPY + Mon GBPJPY + TSMOM XAUUSD,0.47 / 0.44 / 0.09,0.66,False,5.5,29.8,-2.7,-1.4,-1.24,39/58,1.65,2022:+5.6 2023:+6.2 2024:+4.4 2025:+6.0 2026:+3.1,2.04
Mon CHFJPY + Mon GBPJPY + v4 AUDUSD,0.37 / 0.34 / 0.30,0.66,False,4.3,22.8,-2.1,-0.6,-0.94,41/58,1.69,2022:+4.8 2023:+8.3 2024:+1.1 2025:+2.7 2026:+2.2,2.05
Mon CHFJPY + Mon GBPUSD + Mon GER40,0.41 / 0.41 / 0.18,0.2,False,3.4,18.0,-3.5,-1.2,-0.95,34/58,1.3,2022:+1.7 2023:+3.8 2024:+1.3 2025:+4.9 2026:+4.3,0.97
Mon CHFJPY + Mon GBPUSD + Mon NAS100,0.42 / 0.43 / 0.15,0.09,False,3.9,20.9,-2.5,-1.2,-1.1,38/58,1.49,2022:+3.6 2023:+6.6 2024:+1.3 2025:+4.5 2026:+2.6,1.56
Mon CHFJPY + Mon GBPUSD + Mon NZDJPY,0.35 / 0.36 / 0.29,0.62,False,3.5,18.4,-2.3,-1.0,-1.22,39/58,1.32,2022:+2.4 2023:+6.4 2024:+0.2 2025:+3.6 2026:+3.3,1.52
Mon CHFJPY + Mon GBPUSD + Mon US500,0.39 / 0.40 / 0.21,0.2,False,3.5,18.4,-2.8,-1.2,-1.32,37/58,1.37,2022:+2.2 2023:+6.4 2024:+0.8 2025:+4.4 2026:+2.6,1.25
Mon CHFJPY + Mon GBPUSD + Mon USDJPY,0.34 / 0.34 / 0.32,0.59,False,3.1,16.1,-1.6,-0.9,-0.92,38/58,1.46,2022:+4.4 2023:+4.7 2024:+1.2 2025:+1.8 2026:+1.7,1.94
Mon CHFJPY + Mon GBPUSD + Roll AUDJPY,0.23 / 0.23 / 0.54,0.09,True,2.3,11.8,-0.9,-0.5,-0.52,38/59,1.68,2022:+1.3 2023:+4.1 2024:+0.9 2025:+3.1 2026:+1.5,2.56
Mon CHFJPY + Mon GBPUSD + Roll CADJPY,0.19 / 0.20 / 0.61,0.09,True,2.1,10.9,-1.0,-0.5,-0.44,41/58,1.85,2022:+0.7 2023:+4.3 2024:+1.5 2025:+2.6 2026:+1.0,2.1
Mon CHFJPY + Mon GBPUSD + Roll EURJPY,0.18 / 0.18 / 0.65,0.09,True,2.1,10.6,-0.8,-0.4,-0.4,42/59,1.99,2022:+0.8 2023:+3.8 2024:+1.6 2025:+2.6 2026:+1.0,2.62
Mon CHFJPY + Mon GBPUSD + Roll GBPJPY,0.19 / 0.19 / 0.63,0.09,True,2.6,13.2,-0.7,-0.4,-0.43,45/59,2.31,2022:+1.3 2023:+4.4 2024:+2.0 2025:+3.1 2026:+1.5,3.71
Mon CHFJPY + Mon GBPUSD + Roll USDJPY,0.22 / 0.22 / 0.56,0.09,True,2.6,13.7,-1.1,-0.5,-0.5,40/59,2.04,2022:+0.7 2023:+4.9 2024:+1.8 2025:+3.8 2026:+1.4,2.36
Mon CHFJPY + Mon GBPUSD + TSMOM XAUUSD,0.45 / 0.46 / 0.09,0.09,False,3.8,19.9,-3.2,-1.1,-0.98,35/58,1.37,2022:+1.3 2023:+4.4 2024:+2.6 2025:+6.9 2026:+3.1,1.19
Mon CHFJPY + Mon GBPUSD + v4 AUDUSD,0.35 / 0.36 / 0.29,0.09,False,3.0,15.6,-1.9,-0.9,-0.81,39/58,1.44,2022:+1.4 2023:+6.8 2024:-0.2 2025:+3.5 2026:+2.3,1.58
Mon CHFJPY + Mon GER40 + Mon NAS100,0.56 / 0.24 / 0.20,0.39,False,5.0,27.1,-3.4,-1.3,-1.34,39/58,1.33,2022:+6.0 2023:+5.8 2024:+3.1 2025:+4.7 2026:+3.2,1.47
Mon CHFJPY + Mon GER40 + Mon NZDJPY,0.45 / 0.19 / 0.36,0.62,False,4.2,22.6,-3.1,-1.3,-1.06,34/58,1.3,2022:+4.0 2023:+5.8 2024:+1.4 2025:+3.6 2026:+4.1,1.35
Mon CHFJPY + Mon GER40 + Mon US500,0.51 / 0.22 / 0.28,0.45,False,4.3,23.1,-3.6,-1.4,-1.3,38/58,1.25,2022:+3.9 2023:+5.6 2024:+2.4 2025:+4.6 2026:+3.3,1.19
Mon CHFJPY + Mon GER40 + Mon USDJPY,0.42 / 0.18 / 0.40,0.59,False,3.7,19.4,-2.6,-1.1,-1.35,41/58,1.26,2022:+6.5 2023:+3.7 2024:+2.6 2025:+1.3 2026:+2.0,1.42
Mon CHFJPY + Mon GER40 + Roll AUDJPY,0.26 / 0.11 / 0.62,0.04,True,2.5,13.1,-1.3,-0.5,-0.56,34/59,1.64,2022:+2.0 2023:+3.4 2024:+1.7 2025:+3.1 2026:+1.7,1.92
Mon CHFJPY + Mon GER40 + Roll CADJPY,0.22 / 0.09 / 0.69,0.04,True,2.3,11.9,-1.1,-0.5,-0.46,36/58,1.81,2022:+1.3 2023:+3.7 2024:+2.3 2025:+2.5 2026:+1.1,2.09
Mon CHFJPY + Mon GER40 + Roll EURJPY,0.20 / 0.08 / 0.72,0.04,True,2.2,11.5,-1.0,-0.4,-0.42,36/59,1.95,2022:+1.3 2023:+3.3 2024:+2.3 2025:+2.5 2026:+1.1,2.2
Mon CHFJPY + Mon GER40 + Roll GBPJPY,0.21 / 0.09 / 0.70,0.04,True,2.8,14.5,-0.9,-0.4,-0.44,41/59,2.28,2022:+1.9 2023:+3.9 2024:+2.8 2025:+3.0 2026:+1.6,3.11
Mon CHFJPY + Mon GER40 + Roll USDJPY,0.25 / 0.11 / 0.64,0.04,True,2.9,15.2,-1.4,-0.6,-0.53,42/59,2.0,2022:+1.4 2023:+4.4 2024:+2.7 2025:+3.9 2026:+1.5,2.07
Mon CHFJPY + Mon GER40 + TSMOM XAUUSD,0.62 / 0.26 / 0.12,0.04,False,4.9,26.4,-3.8,-1.5,-1.33,36/58,1.37,2022:+3.0 2023:+2.8 2024:+5.2 2025:+8.1 2026:+4.1,1.29
Mon CHFJPY + Mon GER40 + v4 AUDUSD,0.45 / 0.19 / 0.36,0.04,False,3.6,19.0,-2.3,-0.9,-0.96,36/58,1.39,2022:+2.8 2023:+6.2 2024:+0.9 2025:+3.5 2026:+2.7,1.57
Mon CHFJPY + Mon NAS100 + Mon NZDJPY,0.46 / 0.17 / 0.37,0.62,False,4.8,25.9,-3.2,-1.2,-1.22,39/58,1.41,2022:+6.2 2023:+8.9 2024:+1.3 2025:+3.1 2026:+2.2,1.5
Mon CHFJPY + Mon NAS100 + Mon US500,0.52 / 0.19 / 0.29,0.93,False,5.0,26.9,-4.4,-2.0,-1.7,39/58,1.24,2022:+6.3 2023:+9.2 2024:+2.3 2025:+4.0 2026:+1.1,1.14
Mon CHFJPY + Mon NAS100 + Mon USDJPY,0.43 / 0.16 / 0.41,0.59,False,4.2,22.4,-2.6,-1.1,-1.18,40/58,1.38,2022:+8.6 2023:+6.6 2024:+2.6 2025:+0.8 2026:+0.2,1.62
Mon CHFJPY + Mon NAS100 + Roll AUDJPY,0.27 / 0.10 / 0.63,0.07,True,2.8,14.8,-1.2,-0.6,-0.48,39/59,1.79,2022:+3.2 2023:+5.1 2024:+1.7 2025:+2.7 2026:+0.6,2.33
Mon CHFJPY + Mon NAS100 + Roll CADJPY,0.22 / 0.08 / 0.70,0.07,True,2.6,13.2,-1.4,-0.7,-0.4,40/58,1.96,2022:+2.2 2023:+5.2 2024:+2.2 2025:+2.2 2026:+0.2,1.86
Mon CHFJPY + Mon NAS100 + Roll EURJPY,0.20 / 0.07 / 0.73,0.07,True,2.5,12.7,-0.9,-0.4,-0.36,42/59,2.1,2022:+2.2 2023:+4.6 2024:+2.3 2025:+2.3 2026:+0.3,2.78
Mon CHFJPY + Mon NAS100 + Roll GBPJPY,0.21 / 0.08 / 0.71,0.07,True,3.0,15.8,-0.9,-0.6,-0.38,43/59,2.43,2022:+2.8 2023:+5.3 2024:+2.8 2025:+2.8 2026:+0.7,3.33
Mon CHFJPY + Mon NAS100 + Roll USDJPY,0.25 / 0.09 / 0.66,0.07,True,3.2,16.9,-1.9,-0.7,-0.45,43/59,2.15,2022:+2.5 2023:+6.0 2024:+2.7 2025:+3.6 2026:+0.4,1.68
Mon CHFJPY + Mon NAS100 + TSMOM XAUUSD,0.64 / 0.23 / 0.12,0.07,False,5.7,31.5,-3.3,-1.8,-1.39,40/58,1.53,2022:+6.0 2023:+7.0 2024:+5.2 2025:+7.5 2026:+1.5,1.73
Mon CHFJPY + Mon NAS100 + v4 AUDUSD,0.46 / 0.17 / 0.37,0.07,False,4.2,22.2,-3.5,-1.5,-0.85,39/58,1.54,2022:+4.8 2023:+9.4 2024:+0.8 2025:+2.9 2026:+0.8,1.2
Mon CHFJPY + Mon NZDJPY + Mon US500,0.42 / 0.34 / 0.23,0.62,False,4.2,22.7,-3.3,-1.2,-1.45,39/58,1.33,2022:+4.4 2023:+8.5 2024:+0.8 2025:+3.1 2026:+2.3,1.27
Mon CHFJPY + Mon NZDJPY + Mon USDJPY,0.36 / 0.30 / 0.34,0.62,False,3.7,19.5,-2.1,-1.2,-1.05,39/58,1.21,2022:+6.5 2023:+6.4 2024:+1.3 2025:+0.5 2026:+1.3,1.76
Mon CHFJPY + Mon NZDJPY + Roll AUDJPY,0.24 / 0.20 / 0.57,0.62,True,2.7,13.8,-1.0,-0.6,-0.56,39/59,1.62,2022:+2.5 2023:+5.2 2024:+0.9 2025:+2.3 2026:+1.3,2.7
Mon CHFJPY + Mon NZDJPY + Roll CADJPY,0.20 / 0.16 / 0.64,0.62,True,2.4,12.5,-1.3,-0.5,-0.47,37/58,1.76,2022:+1.7 2023:+5.2 2024:+1.5 2025:+2.0 2026:+0.8,1.85
Mon CHFJPY + Mon NZDJPY + Roll EURJPY,0.18 / 0.15 / 0.67,0.62,True,2.4,12.1,-0.9,-0.3,-0.43,38/59,1.88,2022:+1.7 2023:+4.7 2024:+1.7 2025:+2.0 2026:+0.8,2.67
Mon CHFJPY + Mon NZDJPY + Roll GBPJPY,0.19 / 0.16 / 0.65,0.62,True,2.9,14.9,-0.7,-0.4,-0.45,43/59,2.16,2022:+2.2 2023:+5.3 2024:+2.1 2025:+2.5 2026:+1.3,4.14
Mon CHFJPY + Mon NZDJPY + Roll USDJPY,0.23 / 0.19 / 0.59,0.62,True,3.0,15.7,-1.4,-0.4,-0.53,41/59,1.92,2022:+1.8 2023:+6.0 2024:+1.9 2025:+3.1 2026:+1.1,2.14
Mon CHFJPY + Mon NZDJPY + TSMOM XAUUSD,0.50 / 0.41 / 0.09,0.62,False,4.7,25.3,-2.9,-1.2,-1.08,38/58,1.37,2022:+3.7 2023:+6.7 2024:+2.8 2025:+5.6 2026:+2.8,1.62
Mon CHFJPY + Mon NZDJPY + v4 AUDUSD,0.38 / 0.31 / 0.31,0.62,False,3.6,19.2,-2.5,-1.1,-0.98,40/58,1.4,2022:+3.3 2023:+8.8 2024:-0.2 2025:+2.3 2026:+1.9,1.44
Mon CHFJPY + Mon US500 + Mon USDJPY,0.40 / 0.22 / 0.38,0.59,False,3.7,19.7,-2.4,-1.1,-1.1,40/58,1.31,2022:+6.7 2023:+6.4 2024:+2.1 2025:+1.0 2026:+0.4,1.54
Mon CHFJPY + Mon US500 + Roll AUDJPY,0.26 / 0.14 / 0.60,0.11,True,2.6,13.5,-1.1,-0.6,-0.58,41/59,1.7,2022:+2.3 2023:+5.1 2024:+1.4 2025:+2.8 2026:+0.7,2.36
Mon CHFJPY + Mon US500 + Roll CADJPY,0.21 / 0.12 / 0.67,0.11,True,2.4,12.2,-1.5,-0.7,-0.48,39/58,1.87,2022:+1.5 2023:+5.1 2024:+2.0 2025:+2.3 2026:+0.3,1.6
Mon CHFJPY + Mon US500 + Roll EURJPY,0.19 / 0.11 / 0.70,0.11,True,2.3,11.8,-1.1,-0.4,-0.43,44/59,2.01,2022:+1.6 2023:+4.5 2024:+2.0 2025:+2.3 2026:+0.4,2.09
Mon CHFJPY + Mon US500 + Roll GBPJPY,0.20 / 0.11 / 0.69,0.11,True,2.8,14.7,-1.0,-0.6,-0.46,46/59,2.33,2022:+2.1 2023:+5.2 2024:+2.5 2025:+2.8 2026:+0.8,2.8
Mon CHFJPY + Mon US500 + Roll USDJPY,0.24 / 0.13 / 0.63,0.11,True,3.0,15.5,-1.9,-0.7,-0.55,42/59,2.05,2022:+1.6 2023:+5.9 2024:+2.4 2025:+3.6 2026:+0.6,1.58
Mon CHFJPY + Mon US500 + TSMOM XAUUSD,0.58 / 0.32 / 0.11,0.11,False,4.9,26.4,-3.4,-1.6,-1.24,41/58,1.45,2022:+3.6 2023:+6.6 2024:+4.2 2025:+7.0 2026:+1.7,1.44
Mon CHFJPY + Mon US500 + v4 AUDUSD,0.42 / 0.23 / 0.34,0.11,False,3.7,19.3,-3.5,-1.4,-0.96,38/58,1.45,2022:+3.2 2023:+9.0 2024:+0.4 2025:+3.0 2026:+1.0,1.06
Mon CHFJPY + Mon USDJPY + Roll AUDJPY,0.23 / 0.22 / 0.55,0.59,True,2.4,12.4,-1.0,-0.6,-0.56,37/59,1.52,2022:+3.8 2023:+4.1 2024:+1.6 2025:+1.1 2026:+0.2,2.4
Mon CHFJPY + Mon USDJPY + Roll CADJPY,0.20 / 0.19 / 0.62,0.59,True,2.2,11.4,-1.0,-0.4,-0.47,39/58,1.66,2022:+2.8 2023:+4.3 2024:+2.1 2025:+1.0 2026:-0.1,2.2
Mon CHFJPY + Mon USDJPY + Roll EURJPY,0.18 / 0.17 / 0.65,0.59,True,2.2,11.1,-0.7,-0.3,-0.43,36/59,1.78,2022:+2.8 2023:+3.8 2024:+2.2 2025:+1.1 2026:+0.0,3.14
Mon CHFJPY + Mon USDJPY + Roll GBPJPY,0.19 / 0.18 / 0.63,0.59,True,2.7,13.7,-0.7,-0.3,-0.46,41/59,2.06,2022:+3.3 2023:+4.4 2024:+2.6 2025:+1.5 2026:+0.4,3.86
Mon CHFJPY + Mon USDJPY + Roll USDJPY,0.22 / 0.21 / 0.57,0.59,True,2.8,14.3,-0.9,-0.5,-0.53,40/59,1.83,2022:+3.1 2023:+4.9 2024:+2.5 2025:+1.9 2026:+0.1,3.11
Mon CHFJPY + Mon USDJPY + TSMOM XAUUSD,0.47 / 0.44 / 0.09,0.59,False,4.0,21.5,-2.5,-2.0,-1.17,38/58,1.28,2022:+6.5 2023:+4.3 2024:+4.1 2025:+2.9 2026:+0.6,1.6
Mon CHFJPY + Mon USDJPY + v4 AUDUSD,0.36 / 0.34 / 0.29,0.59,False,3.2,16.7,-1.7,-0.8,-0.88,36/58,1.28,2022:+5.5 2023:+6.8 2024:+0.9 2025:+0.4 2026:+0.2,1.88
Mon CHFJPY + Roll AUDJPY + Roll CADJPY,0.15 / 0.36 / 0.49,0.77,True,1.9,9.6,-0.7,-0.4,-0.43,36/59,1.72,2022:+1.1 2023:+3.9 2024:+1.7 2025:+2.0 2026:+0.2,2.71
Mon CHFJPY + Roll AUDJPY + Roll EURJPY,0.14 / 0.34 / 0.52,0.83,True,1.9,9.5,-0.5,-0.3,-0.31,40/59,1.82,2022:+1.2 2023:+3.6 2024:+1.8 2025:+2.1 2026:+0.3,3.8
Mon CHFJPY + Roll AUDJPY + Roll GBPJPY,0.15 / 0.35 / 0.50,0.81,True,2.2,11.4,-0.5,-0.4,-0.35,46/59,2.09,2022:+1.5 2023:+4.0 2024:+2.1 2025:+2.4 2026:+0.6,4.4
Mon CHFJPY + Roll AUDJPY + Roll USDJPY,0.17 / 0.40 / 0.44,0.73,True,2.2,11.5,-0.8,-0.5,-0.48,41/59,1.9,2022:+1.1 2023:+4.4 2024:+2.0 2025:+2.9 2026:+0.4,2.75
Mon CHFJPY + Roll AUDJPY + TSMOM XAUUSD,0.28 / 0.66 / 0.05,0.02,True,2.7,13.9,-1.1,-0.6,-0.61,37/59,1.64,2022:+1.8 2023:+3.7 2024:+2.6 2025:+4.1 2026:+0.8,2.45
Mon CHFJPY + Roll AUDJPY + v4 AUDUSD,0.24 / 0.57 / 0.19,0.01,True,2.3,12.0,-1.2,-0.5,-0.49,36/59,1.68,2022:+1.8 2023:+5.4 2024:+0.7 2025:+2.3 2026:+0.6,1.92
Mon CHFJPY + Roll CADJPY + Roll EURJPY,0.13 / 0.40 / 0.47,0.81,True,1.8,9.1,-0.7,-0.3,-0.25,38/59,1.96,2022:+0.8 2023:+3.8 2024:+2.1 2025:+1.9 2026:+0.1,2.57
Mon CHFJPY + Roll CADJPY + Roll GBPJPY,0.13 / 0.42 / 0.45,0.86,True,2.1,10.9,-0.5,-0.3,-0.34,43/59,2.2,2022:+1.1 2023:+4.2 2024:+2.4 2025:+2.1 2026:+0.4,4.2
Mon CHFJPY + Roll CADJPY + Roll USDJPY,0.15 / 0.47 / 0.38,0.85,True,2.1,10.9,-1.1,-0.4,-0.45,41/59,1.98,2022:+0.7 2023:+4.5 2024:+2.3 2025:+2.5 2026:+0.1,1.91
Mon CHFJPY + Roll CADJPY + TSMOM XAUUSD,0.23 / 0.73 / 0.04,0.03,True,2.4,12.4,-1.3,-0.8,-0.5,41/58,1.8,2022:+1.0 2023:+4.0 2024:+3.0 2025:+3.3 2026:+0.4,1.85
Mon CHFJPY + Roll CADJPY + v4 AUDUSD,0.20 / 0.64 / 0.16,0.01,True,2.1,11.0,-1.7,-0.6,-0.41,38/58,1.84,2022:+1.1 2023:+5.4 2024:+1.3 2025:+1.9 2026:+0.2,1.24
Mon CHFJPY + Roll EURJPY + Roll GBPJPY,0.12 / 0.46 / 0.42,0.88,True,2.1,10.7,-0.4,-0.3,-0.26,44/59,2.31,2022:+1.2 2023:+3.9 2024:+2.4 2025:+2.2 2026:+0.4,5.25
Mon CHFJPY + Roll EURJPY + Roll USDJPY,0.14 / 0.51 / 0.36,0.81,True,2.1,10.7,-0.7,-0.3,-0.23,39/59,2.11,2022:+0.8 2023:+4.1 2024:+2.3 2025:+2.6 2026:+0.2,3.0
Mon CHFJPY + Roll EURJPY + TSMOM XAUUSD,0.21 / 0.76 / 0.04,0.01,True,2.3,12.0,-0.8,-0.5,-0.44,41/59,1.96,2022:+1.1 2023:+3.5 2024:+2.9 2025:+3.3 2026:+0.4,2.87
Mon CHFJPY + Roll EURJPY + v4 AUDUSD,0.18 / 0.67 / 0.15,0.01,True,2.1,10.7,-1.0,-0.4,-0.37,39/59,1.99,2022:+1.2 2023:+4.8 2024:+1.5 2025:+2.0 2026:+0.3,2.1
Mon CHFJPY + Roll GBPJPY + Roll USDJPY,0.14 / 0.48 / 0.37,0.85,True,2.5,12.7,-0.7,-0.4,-0.37,46/59,2.36,2022:+1.1 2023:+4.6 2024:+2.7 2025:+2.9 2026:+0.5,3.57
Mon CHFJPY + Roll GBPJPY + TSMOM XAUUSD,0.22 / 0.74 / 0.04,0.01,True,2.9,15.2,-0.8,-0.5,-0.47,46/59,2.29,2022:+1.6 2023:+4.2 2024:+3.5 2025:+3.8 2026:+0.9,3.62
Mon CHFJPY + Roll GBPJPY + v4 AUDUSD,0.19 / 0.65 / 0.16,0.02,True,2.6,13.4,-1.0,-0.5,-0.4,44/59,2.31,2022:+1.7 2023:+5.5 2024:+1.9 2025:+2.4 2026:+0.7,2.6
Mon CHFJPY + Roll USDJPY + TSMOM XAUUSD,0.26 / 0.69 / 0.05,0.04,True,3.1,16.1,-1.3,-1.0,-0.57,42/59,1.99,2022:+1.0 2023:+4.7 2024:+3.6 2025:+4.9 2026:+0.7,2.38
Mon CHFJPY + Roll USDJPY + v4 AUDUSD,0.23 / 0.59 / 0.18,0.01,True,2.7,13.9,-2.0,-0.6,-0.47,39/59,2.04,2022:+1.2 2023:+6.2 2024:+1.6 2025:+3.0 2026:+0.4,1.35
Mon CHFJPY + TSMOM XAUUSD + v4 AUDUSD,0.50 / 0.10 / 0.40,-0.01,False,4.0,21.2,-2.8,-1.7,-1.2,37/58,1.4,2022:+2.3 2023:+7.2 2024:+2.3 2025:+5.4 2026:+1.3,1.43
Mon EURJPY + Mon GBPJPY + Mon GBPUSD,0.33 / 0.32 / 0.35,0.81,False,4.3,22.9,-2.2,-1.0,-1.25,39/58,1.51,2022:+4.6 2023:+5.8 2024:+1.1 2025:+4.3 2026:+4.2,1.95
Mon EURJPY + Mon GBPJPY + Mon GER40,0.42 / 0.40 / 0.18,0.81,False,5.2,28.3,-2.5,-1.7,-1.3,38/58,1.56,2022:+6.7 2023:+5.0 2024:+2.5 2025:+4.5 2026:+5.1,2.08
Mon EURJPY + Mon GBPJPY + Mon NAS100,0.43 / 0.41 / 0.16,0.81,False,5.8,31.9,-2.5,-1.2,-1.25,43/58,1.71,2022:+8.9 2023:+8.0 2024:+2.4 2025:+4.0 2026:+3.3,2.32
Mon EURJPY + Mon GBPJPY + Mon NZDJPY,0.36 / 0.34 / 0.30,0.81,False,5.0,27.1,-2.1,-0.9,-1.36,41/58,1.48,2022:+6.7 2023:+7.6 2024:+1.1 2025:+3.2 2026:+4.0,2.38
Mon EURJPY + Mon GBPJPY + Mon US500,0.40 / 0.38 / 0.22,0.81,False,5.2,28.2,-2.6,-1.3,-1.47,44/58,1.6,2022:+6.9 2023:+7.6 2024:+1.9 2025:+3.9 2026:+3.3,2.0
Mon EURJPY + Mon GBPJPY + Mon USDJPY,0.34 / 0.33 / 0.33,0.81,False,4.5,24.2,-2.0,-1.1,-1.21,40/58,1.44,2022:+8.7 2023:+5.7 2024:+2.2 2025:+1.3 2026:+2.2,2.25
Mon EURJPY + Mon GBPJPY + Roll AUDJPY,0.23 / 0.22 / 0.55,0.81,True,3.2,16.9,-0.9,-0.5,-0.66,41/59,1.9,2022:+3.9 2023:+4.8 2024:+1.5 2025:+2.8 2026:+1.9,3.56
Mon EURJPY + Mon GBPJPY + Roll CADJPY,0.19 / 0.18 / 0.63,0.81,True,2.9,15.1,-1.1,-0.4,-0.55,43/58,2.04,2022:+2.9 2023:+4.8 2024:+2.0 2025:+2.4 2026:+1.3,2.64
Mon EURJPY + Mon GBPJPY + Roll EURJPY,0.17 / 0.17 / 0.66,0.81,True,2.8,14.4,-0.7,-0.4,-0.5,43/59,2.16,2022:+2.8 2023:+4.3 2024:+2.1 2025:+2.4 2026:+1.3,4.0
Mon EURJPY + Mon GBPJPY + Roll GBPJPY,0.18 / 0.18 / 0.64,0.81,True,3.3,17.4,-0.7,-0.4,-0.53,45/59,2.43,2022:+3.4 2023:+5.0 2024:+2.6 2025:+2.9 2026:+1.8,4.71
Mon EURJPY + Mon GBPJPY + Roll USDJPY,0.22 / 0.21 / 0.58,0.81,True,3.5,18.6,-1.0,-0.6,-0.63,45/59,2.2,2022:+3.2 2023:+5.6 2024:+2.4 2025:+3.6 2026:+1.7,3.5
Mon EURJPY + Mon GBPJPY + TSMOM XAUUSD,0.47 / 0.44 / 0.09,0.81,False,5.8,31.7,-2.6,-1.5,-1.52,42/58,1.67,2022:+6.7 2023:+5.7 2024:+4.0 2025:+6.5 2026:+4.0,2.23
Mon EURJPY + Mon GBPJPY + v4 AUDUSD,0.36 / 0.34 / 0.30,0.81,False,4.5,24.1,-2.0,-0.9,-1.04,43/58,1.7,2022:+5.6 2023:+8.0 2024:+0.7 2025:+3.1 2026:+2.9,2.25
Mon EURJPY + Mon GBPUSD + Mon GER40,0.40 / 0.42 / 0.18,0.24,False,3.7,19.4,-3.5,-1.3,-1.12,34/58,1.29,2022:+2.6 2023:+3.3 2024:+1.0 2025:+5.4 2026:+5.1,1.06
Mon EURJPY + Mon GBPUSD + Mon NAS100,0.41 / 0.43 / 0.15,0.24,False,4.2,22.4,-2.4,-1.0,-1.09,39/58,1.48,2022:+4.5 2023:+6.1 2024:+0.9 2025:+4.9 2026:+3.4,1.75
Mon EURJPY + Mon GBPUSD + Mon NZDJPY,0.35 / 0.36 / 0.29,0.67,False,3.7,19.6,-2.2,-0.8,-1.22,40/58,1.33,2022:+3.2 2023:+6.1 2024:-0.1 2025:+4.0 2026:+4.0,1.68
Mon EURJPY + Mon GBPUSD + Mon US500,0.38 / 0.40 / 0.22,0.24,False,3.7,19.7,-2.8,-1.0,-1.31,39/58,1.36,2022:+3.0 2023:+6.0 2024:+0.5 2025:+4.8 2026:+3.4,1.32
Mon EURJPY + Mon GBPUSD + Mon USDJPY,0.33 / 0.35 / 0.32,0.62,False,3.3,17.2,-1.6,-0.7,-0.99,42/58,1.47,2022:+5.2 2023:+4.4 2024:+0.9 2025:+2.1 2026:+2.3,2.06
Mon EURJPY + Mon GBPUSD + Roll AUDJPY,0.22 / 0.23 / 0.54,0.24,True,2.4,12.5,-1.1,-0.5,-0.52,37/59,1.69,2022:+1.8 2023:+3.9 2024:+0.7 2025:+3.3 2026:+1.9,2.18
Mon EURJPY + Mon GBPUSD + Roll CADJPY,0.19 / 0.20 / 0.61,0.24,True,2.2,11.5,-1.1,-0.6,-0.44,40/58,1.85,2022:+1.1 2023:+4.1 2024:+1.3 2025:+2.8 2026:+1.4,2.0
Mon EURJPY + Mon GBPUSD + Roll EURJPY,0.17 / 0.18 / 0.65,0.24,True,2.2,11.2,-0.8,-0.4,-0.4,40/59,1.98,2022:+1.2 2023:+3.7 2024:+1.5 2025:+2.8 2026:+1.3,2.75
Mon EURJPY + Mon GBPUSD + Roll GBPJPY,0.18 / 0.19 / 0.63,0.24,True,2.7,13.8,-0.9,-0.4,-0.42,44/59,2.29,2022:+1.7 2023:+4.2 2024:+1.9 2025:+3.3 2026:+1.8,3.0
Mon EURJPY + Mon GBPUSD + Roll USDJPY,0.21 / 0.22 / 0.57,0.24,True,2.8,14.3,-1.0,-0.5,-0.5,42/59,2.03,2022:+1.2 2023:+4.7 2024:+1.6 2025:+4.0 2026:+1.8,2.8
Mon EURJPY + Mon GBPUSD + TSMOM XAUUSD,0.45 / 0.47 / 0.09,0.24,False,4.0,21.5,-3.4,-1.2,-1.21,37/58,1.39,2022:+2.2 2023:+3.9 2024:+2.2 2025:+7.4 2026:+4.0,1.18
Mon EURJPY + Mon GBPUSD + v4 AUDUSD,0.35 / 0.36 / 0.29,0.24,False,3.2,16.8,-1.9,-1.0,-0.81,41/58,1.46,2022:+2.2 2023:+6.4 2024:-0.5 2025:+3.8 2026:+2.9,1.68
Mon EURJPY + Mon GER40 + Mon NAS100,0.55 / 0.24 / 0.21,0.39,False,5.4,29.3,-3.2,-1.6,-1.54,38/58,1.34,2022:+7.3 2023:+5.2 2024:+2.6 2025:+5.3 2026:+4.3,1.69
Mon EURJPY + Mon GER40 + Mon NZDJPY,0.44 / 0.19 / 0.37,0.67,False,4.5,24.2,-3.0,-1.4,-1.32,35/58,1.32,2022:+5.0 2023:+5.3 2024:+1.0 2025:+4.1 2026:+4.9,1.5
Mon EURJPY + Mon GER40 + Mon US500,0.50 / 0.22 / 0.28,0.45,False,4.6,24.9,-3.8,-1.7,-1.4,37/58,1.25,2022:+5.0 2023:+5.1 2024:+2.0 2025:+5.1 2026:+4.2,1.21
Mon EURJPY + Mon GER40 + Mon USDJPY,0.41 / 0.18 / 0.40,0.62,False,3.9,20.8,-2.4,-1.8,-1.33,41/58,1.29,2022:+7.5 2023:+3.3 2024:+2.3 2025:+1.7 2026:+2.8,1.62
Mon EURJPY + Mon GER40 + Roll AUDJPY,0.26 / 0.11 / 0.63,0.17,True,2.7,14.0,-1.2,-0.9,-0.72,36/59,1.66,2022:+2.6 2023:+3.1 2024:+1.5 2025:+3.3 2026:+2.2,2.25
Mon EURJPY + Mon GER40 + Roll CADJPY,0.21 / 0.09 / 0.69,0.17,True,2.4,12.5,-1.0,-0.7,-0.6,39/58,1.82,2022:+1.7 2023:+3.5 2024:+2.1 2025:+2.7 2026:+1.5,2.4
Mon EURJPY + Mon GER40 + Roll EURJPY,0.19 / 0.08 / 0.72,0.17,True,2.4,12.1,-0.9,-0.6,-0.54,42/59,1.96,2022:+1.8 2023:+3.1 2024:+2.1 2025:+2.7 2026:+1.4,2.67
Mon EURJPY + Mon GER40 + Roll GBPJPY,0.20 / 0.09 / 0.71,0.17,True,2.9,15.1,-1.0,-0.7,-0.57,43/59,2.27,2022:+2.3 2023:+3.7 2024:+2.7 2025:+3.2 2026:+2.0,2.9
Mon EURJPY + Mon GER40 + Roll USDJPY,0.24 / 0.11 / 0.65,0.17,True,3.1,16.0,-1.3,-0.8,-0.68,40/59,2.01,2022:+1.9 2023:+4.1 2024:+2.5 2025:+4.1 2026:+1.9,2.38
Mon EURJPY + Mon GER40 + TSMOM XAUUSD,0.61 / 0.27 / 0.12,0.17,False,5.3,28.8,-4.1,-2.7,-1.71,42/58,1.4,2022:+4.4 2023:+2.1 2024:+4.7 2025:+8.8 2026:+5.3,1.29
Mon EURJPY + Mon GER40 + v4 AUDUSD,0.44 / 0.19 / 0.37,0.17,False,3.9,20.6,-2.1,-1.0,-1.23,36/58,1.42,2022:+3.7 2023:+5.8 2024:+0.5 2025:+3.9 2026:+3.6,1.86
Mon EURJPY + Mon NAS100 + Mon NZDJPY,0.45 / 0.17 / 0.38,0.67,False,5.1,27.7,-3.0,-1.1,-1.21,39/58,1.44,2022:+7.2 2023:+8.5 2024:+0.9 2025:+3.5 2026:+3.0,1.7
Mon EURJPY + Mon NAS100 + Mon US500,0.52 / 0.19 / 0.29,0.93,False,5.3,28.9,-4.3,-1.7,-1.7,40/58,1.26,2022:+7.5 2023:+8.7 2024:+1.8 2025:+4.5 2026:+2.1,1.23
Mon EURJPY + Mon NAS100 + Mon USDJPY,0.43 / 0.16 / 0.41,0.62,False,4.5,24.0,-2.5,-1.1,-1.17,42/58,1.41,2022:+9.7 2023:+6.1 2024:+2.2 2025:+1.2 2026:+0.9,1.8
Mon EURJPY + Mon NAS100 + Roll AUDJPY,0.26 / 0.10 / 0.64,0.14,True,3.0,15.7,-1.2,-0.6,-0.47,38/59,1.83,2022:+3.8 2023:+4.8 2024:+1.4 2025:+3.0 2026:+1.0,2.5
Mon EURJPY + Mon NAS100 + Roll CADJPY,0.22 / 0.08 / 0.70,0.14,True,2.7,13.9,-1.1,-0.6,-0.39,41/58,1.99,2022:+2.7 2023:+4.9 2024:+2.0 2025:+2.4 2026:+0.6,2.45
Mon EURJPY + Mon NAS100 + Roll EURJPY,0.19 / 0.07 / 0.73,0.14,True,2.6,13.3,-0.9,-0.4,-0.35,40/59,2.13,2022:+2.6 2023:+4.4 2024:+2.1 2025:+2.5 2026:+0.6,2.89
Mon EURJPY + Mon NAS100 + Roll GBPJPY,0.21 / 0.08 / 0.72,0.14,True,3.2,16.5,-0.8,-0.4,-0.37,43/59,2.45,2022:+3.3 2023:+5.0 2024:+2.6 2025:+3.0 2026:+1.1,4.0
Mon EURJPY + Mon NAS100 + Roll USDJPY,0.25 / 0.09 / 0.66,0.14,True,3.4,17.7,-1.5,-0.6,-0.44,41/59,2.18,2022:+3.0 2023:+5.8 2024:+2.5 2025:+3.8 2026:+0.9,2.27
Mon EURJPY + Mon NAS100 + TSMOM XAUUSD,0.64 / 0.24 / 0.12,0.14,False,6.2,34.2,-2.8,-1.2,-1.41,41/58,1.59,2022:+7.5 2023:+6.3 2024:+4.7 2025:+8.2 2026:+2.7,2.21
Mon EURJPY + Mon NAS100 + v4 AUDUSD,0.45 / 0.17 / 0.38,0.14,False,4.5,23.9,-2.6,-1.2,-0.81,42/58,1.59,2022:+5.9 2023:+9.0 2024:+0.4 2025:+3.4 2026:+1.7,1.73
Mon EURJPY + Mon NZDJPY + Mon US500,0.42 / 0.35 / 0.23,0.67,False,4.5,24.2,-3.1,-1.1,-1.44,41/58,1.35,2022:+5.3 2023:+8.1 2024:+0.5 2025:+3.5 2026:+3.1,1.45
Mon EURJPY + Mon NZDJPY + Mon USDJPY,0.36 / 0.30 / 0.35,0.67,False,3.9,20.8,-1.9,-1.1,-1.09,39/58,1.25,2022:+7.4 2023:+6.1 2024:+0.9 2025:+0.9 2026:+2.0,2.05
Mon EURJPY + Mon NZDJPY + Roll AUDJPY,0.23 / 0.20 / 0.57,0.67,True,2.8,14.6,-0.9,-0.5,-0.55,37/59,1.67,2022:+3.0 2023:+4.9 2024:+0.7 2025:+2.6 2026:+1.7,3.11
Mon EURJPY + Mon NZDJPY + Roll CADJPY,0.20 / 0.16 / 0.64,0.67,True,2.5,13.1,-1.1,-0.5,-0.46,37/58,1.81,2022:+2.1 2023:+5.0 2024:+1.4 2025:+2.2 2026:+1.2,2.27
Mon EURJPY + Mon NZDJPY + Roll EURJPY,0.18 / 0.15 / 0.67,0.67,True,2.5,12.7,-0.7,-0.4,-0.42,37/59,1.93,2022:+2.1 2023:+4.5 2024:+1.5 2025:+2.2 2026:+1.1,3.57
Mon EURJPY + Mon NZDJPY + Roll GBPJPY,0.19 / 0.16 / 0.65,0.67,True,3.0,15.5,-0.7,-0.4,-0.44,40/59,2.2,2022:+2.6 2023:+5.1 2024:+1.9 2025:+2.6 2026:+1.6,4.29
Mon EURJPY + Mon NZDJPY + Roll USDJPY,0.22 / 0.19 / 0.59,0.67,True,3.1,16.4,-1.2,-0.6,-0.52,39/59,1.97,2022:+2.3 2023:+5.8 2024:+1.7 2025:+3.3 2026:+1.5,2.58
Mon EURJPY + Mon NZDJPY + TSMOM XAUUSD,0.49 / 0.41 / 0.10,0.67,False,5.0,27.2,-2.7,-1.2,-1.28,38/58,1.43,2022:+4.8 2023:+6.2 2024:+2.4 2025:+6.1 2026:+3.7,1.85
Mon EURJPY + Mon NZDJPY + v4 AUDUSD,0.37 / 0.31 / 0.31,0.67,False,3.9,20.6,-2.1,-0.9,-0.88,41/58,1.46,2022:+4.2 2023:+8.4 2024:-0.6 2025:+2.7 2026:+2.6,1.86
Mon EURJPY + Mon US500 + Mon USDJPY,0.39 / 0.22 / 0.38,0.62,False,4.0,21.1,-2.3,-1.2,-1.09,41/58,1.34,2022:+7.6 2023:+6.0 2024:+1.7 2025:+1.3 2026:+1.1,1.74
Mon EURJPY + Mon US500 + Roll AUDJPY,0.25 / 0.14 / 0.61,0.21,True,2.8,14.3,-1.1,-0.6,-0.57,40/59,1.73,2022:+2.9 2023:+4.8 2024:+1.2 2025:+3.0 2026:+1.2,2.55
Mon EURJPY + Mon US500 + Roll CADJPY,0.21 / 0.12 / 0.68,0.21,True,2.5,12.8,-1.3,-0.6,-0.47,39/58,1.89,2022:+2.0 2023:+4.9 2024:+1.8 2025:+2.5 2026:+0.7,1.92
Mon EURJPY + Mon US500 + Roll EURJPY,0.19 / 0.11 / 0.71,0.21,True,2.4,12.4,-1.0,-0.4,-0.42,38/59,2.02,2022:+2.0 2023:+4.3 2024:+1.9 2025:+2.5 2026:+0.7,2.4
Mon EURJPY + Mon US500 + Roll GBPJPY,0.20 / 0.11 / 0.69,0.21,True,3.0,15.4,-0.9,-0.5,-0.45,45/59,2.34,2022:+2.5 2023:+5.0 2024:+2.4 2025:+3.0 2026:+1.2,3.33
Mon EURJPY + Mon US500 + Roll USDJPY,0.24 / 0.13 / 0.63,0.21,True,3.1,16.3,-1.7,-0.7,-0.54,43/59,2.07,2022:+2.1 2023:+5.7 2024:+2.2 2025:+3.8 2026:+1.0,1.82
Mon EURJPY + Mon US500 + TSMOM XAUUSD,0.57 / 0.32 / 0.11,0.21,False,5.3,28.6,-2.8,-1.5,-1.26,39/58,1.49,2022:+4.8 2023:+6.0 2024:+3.7 2025:+7.7 2026:+2.8,1.89
Mon EURJPY + Mon US500 + v4 AUDUSD,0.42 / 0.24 / 0.35,0.21,False,3.9,20.8,-2.7,-1.2,-0.95,40/58,1.49,2022:+4.1 2023:+8.5 2024:+0.0 2025:+3.4 2026:+1.8,1.44
Mon EURJPY + Mon USDJPY + Roll AUDJPY,0.23 / 0.22 / 0.55,0.62,True,2.5,13.1,-1.1,-0.5,-0.54,38/59,1.58,2022:+4.4 2023:+3.8 2024:+1.4 2025:+1.4 2026:+0.6,2.27
Mon EURJPY + Mon USDJPY + Roll CADJPY,0.19 / 0.19 / 0.62,0.62,True,2.3,12.0,-0.9,-0.5,-0.46,38/58,1.72,2022:+3.3 2023:+4.1 2024:+1.9 2025:+1.1 2026:+0.3,2.56
Mon EURJPY + Mon USDJPY + Roll EURJPY,0.17 / 0.17 / 0.66,0.62,True,2.3,11.6,-0.7,-0.4,-0.41,41/59,1.84,2022:+3.2 2023:+3.6 2024:+2.0 2025:+1.3 2026:+0.3,3.29
Mon EURJPY + Mon USDJPY + Roll GBPJPY,0.18 / 0.18 / 0.64,0.62,True,2.8,14.3,-0.6,-0.4,-0.44,45/59,2.12,2022:+3.8 2023:+4.2 2024:+2.5 2025:+1.7 2026:+0.8,4.67
Mon EURJPY + Mon USDJPY + Roll USDJPY,0.22 / 0.21 / 0.57,0.62,True,2.9,15.0,-0.9,-0.6,-0.51,43/59,1.89,2022:+3.6 2023:+4.7 2024:+2.3 2025:+2.2 2026:+0.5,3.22
Mon EURJPY + Mon USDJPY + TSMOM XAUUSD,0.46 / 0.45 / 0.09,0.62,False,4.3,23.2,-2.2,-1.6,-1.21,41/58,1.35,2022:+7.6 2023:+3.8 2024:+3.7 2025:+3.4 2026:+1.4,1.95
Mon EURJPY + Mon USDJPY + v4 AUDUSD,0.36 / 0.35 / 0.30,0.62,False,3.4,17.9,-1.7,-1.0,-0.85,39/58,1.35,2022:+6.3 2023:+6.4 2024:+0.6 2025:+0.7 2026:+0.9,2.0
Mon EURJPY + Roll AUDJPY + Roll CADJPY,0.15 / 0.36 / 0.49,0.77,True,2.0,10.0,-0.7,-0.4,-0.44,40/59,1.79,2022:+1.4 2023:+3.8 2024:+1.6 2025:+2.2 2026:+0.5,2.86
Mon EURJPY + Roll AUDJPY + Roll EURJPY,0.14 / 0.34 / 0.52,0.83,True,1.9,9.9,-0.7,-0.3,-0.31,40/59,1.88,2022:+1.5 2023:+3.5 2024:+1.6 2025:+2.2 2026:+0.5,2.71
Mon EURJPY + Roll AUDJPY + Roll GBPJPY,0.15 / 0.35 / 0.50,0.81,True,2.3,11.9,-0.6,-0.4,-0.35,42/59,2.16,2022:+1.8 2023:+3.9 2024:+2.0 2025:+2.5 2026:+0.9,3.83
Mon EURJPY + Roll AUDJPY + Roll USDJPY,0.16 / 0.40 / 0.44,0.73,True,2.3,12.1,-0.7,-0.5,-0.48,45/59,1.97,2022:+1.5 2023:+4.2 2024:+1.8 2025:+3.0 2026:+0.7,3.29
Mon EURJPY + Roll AUDJPY + TSMOM XAUUSD,0.28 / 0.67 / 0.05,0.02,True,2.9,14.8,-1.0,-0.7,-0.61,41/59,1.73,2022:+2.3 2023:+3.4 2024:+2.3 2025:+4.4 2026:+1.3,2.9
Mon EURJPY + Roll AUDJPY + v4 AUDUSD,0.23 / 0.57 / 0.19,0.01,True,2.5,12.7,-1.1,-0.4,-0.37,38/59,1.77,2022:+2.3 2023:+5.2 2024:+0.4 2025:+2.5 2026:+1.0,2.27
Mon EURJPY + Roll CADJPY + Roll EURJPY,0.12 / 0.41 / 0.47,0.81,True,1.9,9.5,-0.6,-0.3,-0.25,42/59,2.03,2022:+1.1 2023:+3.6 2024:+2.0 2025:+2.0 2026:+0.3,3.17
Mon EURJPY + Roll CADJPY + Roll GBPJPY,0.13 / 0.42 / 0.45,0.86,True,2.2,11.3,-0.5,-0.3,-0.34,46/59,2.27,2022:+1.4 2023:+4.0 2024:+2.3 2025:+2.3 2026:+0.6,4.4
Mon EURJPY + Roll CADJPY + Roll USDJPY,0.14 / 0.47 / 0.38,0.85,True,2.2,11.3,-0.9,-0.4,-0.45,42/59,2.05,2022:+1.0 2023:+4.3 2024:+2.2 2025:+2.7 2026:+0.4,2.44
Mon EURJPY + Roll CADJPY + TSMOM XAUUSD,0.22 / 0.73 / 0.04,0.03,True,2.5,13.1,-1.2,-0.6,-0.5,42/58,1.9,2022:+1.5 2023:+3.8 2024:+2.8 2025:+3.6 2026:+0.8,2.08
Mon EURJPY + Roll CADJPY + v4 AUDUSD,0.20 / 0.64 / 0.16,0.01,True,2.3,11.6,-1.2,-0.5,-0.31,41/58,1.93,2022:+1.5 2023:+5.2 2024:+1.2 2025:+2.1 2026:+0.6,1.92
Mon EURJPY + Roll EURJPY + Roll GBPJPY,0.12 / 0.46 / 0.42,0.88,True,2.2,11.1,-0.5,-0.2,-0.26,44/59,2.37,2022:+1.4 2023:+3.7 2024:+2.3 2025:+2.3 2026:+0.6,4.4
Mon EURJPY + Roll EURJPY + Roll USDJPY,0.13 / 0.51 / 0.36,0.81,True,2.2,11.1,-0.6,-0.3,-0.24,43/59,2.18,2022:+1.1 2023:+4.0 2024:+2.2 2025:+2.7 2026:+0.4,3.67
Mon EURJPY + Roll EURJPY + TSMOM XAUUSD,0.20 / 0.76 / 0.04,0.01,True,2.4,12.6,-0.7,-0.5,-0.45,44/59,2.05,2022:+1.5 2023:+3.3 2024:+2.8 2025:+3.5 2026:+0.8,3.43
Mon EURJPY + Roll EURJPY + v4 AUDUSD,0.18 / 0.67 / 0.15,0.01,True,2.2,11.3,-0.7,-0.3,-0.28,42/59,2.08,2022:+1.6 2023:+4.6 2024:+1.3 2025:+2.2 2026:+0.6,3.14
Mon EURJPY + Roll GBPJPY + Roll USDJPY,0.14 / 0.49 / 0.37,0.85,True,2.5,13.1,-0.6,-0.4,-0.37,46/59,2.43,2022:+1.4 2023:+4.5 2024:+2.6 2025:+3.0 2026:+0.8,4.17
Mon EURJPY + Roll GBPJPY + TSMOM XAUUSD,0.21 / 0.74 / 0.04,0.01,True,3.0,15.9,-0.7,-0.5,-0.48,45/59,2.38,2022:+2.1 2023:+3.9 2024:+3.4 2025:+4.1 2026:+1.3,4.29
Mon EURJPY + Roll GBPJPY + v4 AUDUSD,0.19 / 0.65 / 0.16,0.02,True,2.7,14.0,-0.6,-0.3,-0.3,46/59,2.41,2022:+2.1 2023:+5.3 2024:+1.7 2025:+2.6 2026:+1.1,4.5
Mon EURJPY + Roll USDJPY + TSMOM XAUUSD,0.26 / 0.69 / 0.05,0.04,True,3.2,17.0,-1.0,-0.7,-0.57,45/59,2.08,2022:+1.6 2023:+4.5 2024:+3.4 2025:+5.2 2026:+1.1,3.2
Mon EURJPY + Roll USDJPY + v4 AUDUSD,0.22 / 0.59 / 0.18,0.01,True,2.8,14.6,-1.6,-0.5,-0.35,44/59,2.13,2022:+1.7 2023:+6.0 2024:+1.4 2025:+3.3 2026:+0.9,1.75
Mon EURJPY + TSMOM XAUUSD + v4 AUDUSD,0.49 / 0.10 / 0.41,-0.02,False,4.3,23.0,-2.7,-1.1,-1.14,39/58,1.5,2022:+3.4 2023:+6.7 2024:+1.8 2025:+6.0 2026:+2.2,1.59
Mon GBPJPY + Mon GBPUSD + Mon GER40,0.39 / 0.43 / 0.18,0.47,False,4.5,24.0,-3.6,-1.2,-1.1,35/58,1.45,2022:+2.5 2023:+3.5 2024:+2.2 2025:+6.6 2026:+6.5,1.25
Mon GBPJPY + Mon GBPUSD + Mon NAS100,0.40 / 0.44 / 0.16,0.47,False,5.0,27.4,-2.0,-1.0,-1.23,41/58,1.65,2022:+4.4 2023:+6.4 2024:+2.1 2025:+6.1 2026:+4.8,2.5
Mon GBPJPY + Mon GBPUSD + Mon NZDJPY,0.34 / 0.37 / 0.30,0.71,False,4.4,23.5,-2.7,-1.1,-1.34,41/58,1.48,2022:+3.1 2023:+6.3 2024:+0.9 2025:+5.0 2026:+5.2,1.63
Mon GBPJPY + Mon GBPUSD + Mon US500,0.37 / 0.41 / 0.22,0.47,False,4.5,24.1,-2.7,-1.0,-1.45,40/58,1.52,2022:+2.9 2023:+6.2 2024:+1.6 2025:+5.9 2026:+4.7,1.67
Mon GBPJPY + Mon GBPUSD + Mon USDJPY,0.32 / 0.35 / 0.33,0.57,False,3.9,20.9,-1.9,-1.0,-1.02,42/58,1.65,2022:+5.1 2023:+4.5 2024:+1.9 2025:+3.0 2026:+3.4,2.05
Mon GBPJPY + Mon GBPUSD + Roll AUDJPY,0.22 / 0.24 / 0.55,0.47,True,2.8,14.8,-1.3,-0.6,-0.59,41/59,1.84,2022:+1.7 2023:+3.9 2024:+1.4 2025:+4.0 2026:+2.7,2.15
Mon GBPJPY + Mon GBPUSD + Roll CADJPY,0.18 / 0.20 / 0.62,0.47,True,2.6,13.4,-1.3,-0.4,-0.49,41/58,1.99,2022:+1.0 2023:+4.2 2024:+1.9 2025:+3.3 2026:+2.0,2.0
Mon GBPJPY + Mon GBPUSD + Roll EURJPY,0.16 / 0.18 / 0.65,0.47,True,2.5,12.9,-1.0,-0.5,-0.45,41/59,2.12,2022:+1.1 2023:+3.7 2024:+2.0 2025:+3.3 2026:+1.9,2.5
Mon GBPJPY + Mon GBPUSD + Roll GBPJPY,0.17 / 0.19 / 0.64,0.47,True,3.0,15.7,-1.1,-0.4,-0.48,43/59,2.41,2022:+1.6 2023:+4.3 2024:+2.4 2025:+3.8 2026:+2.4,2.73
Mon GBPJPY + Mon GBPUSD + Roll USDJPY,0.20 / 0.22 / 0.57,0.47,True,3.2,16.6,-1.2,-0.4,-0.56,43/59,2.16,2022:+1.1 2023:+4.8 2024:+2.3 2025:+4.7 2026:+2.4,2.67
Mon GBPJPY + Mon GBPUSD + TSMOM XAUUSD,0.44 / 0.48 / 0.09,0.47,False,4.9,26.8,-4.0,-1.3,-1.12,39/58,1.56,2022:+2.1 2023:+4.1 2024:+3.6 2025:+8.8 2026:+5.6,1.23
Mon GBPJPY + Mon GBPUSD + v4 AUDUSD,0.34 / 0.37 / 0.29,0.47,False,3.9,20.6,-2.0,-0.7,-0.92,47/58,1.64,2022:+2.1 2023:+6.6 2024:+0.5 2025:+4.9 2026:+4.1,1.95
Mon GBPJPY + Mon GER40 + Mon NAS100,0.54 / 0.25 / 0.21,0.39,False,6.6,36.6,-3.0,-1.3,-1.53,43/58,1.59,2022:+7.3 2023:+5.5 2024:+4.3 2025:+7.0 2026:+6.2,2.2
Mon GBPJPY + Mon GER40 + Mon NZDJPY,0.43 / 0.20 / 0.38,0.71,False,5.4,29.6,-3.1,-1.2,-1.3,36/58,1.53,2022:+4.9 2023:+5.6 2024:+2.3 2025:+5.4 2026:+6.5,1.74
Mon GBPJPY + Mon GER40 + Mon US500,0.49 / 0.22 / 0.29,0.45,False,5.7,31.2,-4.0,-1.4,-1.4,39/58,1.48,2022:+4.9 2023:+5.3 2024:+3.5 2025:+6.6 2026:+6.0,1.42
Mon GBPJPY + Mon GER40 + Mon USDJPY,0.40 / 0.19 / 0.41,0.57,False,4.8,25.7,-2.3,-1.6,-1.34,39/58,1.54,2022:+7.4 2023:+3.4 2024:+3.5 2025:+2.9 2026:+4.1,2.09
Mon GBPJPY + Mon GER40 + Roll AUDJPY,0.25 / 0.12 / 0.64,0.18,True,3.2,16.7,-1.3,-0.7,-0.71,40/59,1.93,2022:+2.5 2023:+3.2 2024:+2.3 2025:+4.1 2026:+3.0,2.46
Mon GBPJPY + Mon GER40 + Roll CADJPY,0.20 / 0.09 / 0.70,0.18,True,2.8,14.8,-1.2,-0.6,-0.58,42/58,2.09,2022:+1.6 2023:+3.6 2024:+2.7 2025:+3.3 2026:+2.2,2.33
Mon GBPJPY + Mon GER40 + Roll EURJPY,0.18 / 0.09 / 0.73,0.18,True,2.7,14.1,-1.0,-0.5,-0.52,43/59,2.23,2022:+1.7 2023:+3.1 2024:+2.7 2025:+3.3 2026:+2.0,2.7
Mon GBPJPY + Mon GER40 + Roll GBPJPY,0.20 / 0.09 / 0.71,0.18,True,3.3,17.3,-1.0,-0.6,-0.56,46/59,2.55,2022:+2.2 2023:+3.7 2024:+3.3 2025:+3.8 2026:+2.6,3.3
Mon GBPJPY + Mon GER40 + Roll USDJPY,0.23 / 0.11 / 0.66,0.18,True,3.5,18.7,-1.4,-0.7,-0.67,42/59,2.28,2022:+1.8 2023:+4.2 2024:+3.3 2025:+4.8 2026:+2.7,2.5
Mon GBPJPY + Mon GER40 + TSMOM XAUUSD,0.60 / 0.28 / 0.12,0.18,False,6.6,36.9,-4.4,-2.4,-1.7,42/58,1.68,2022:+4.2 2023:+2.3 2024:+6.7 2025:+10.9 2026:+7.5,1.5
Mon GBPJPY + Mon GER40 + v4 AUDUSD,0.43 / 0.20 / 0.37,0.18,False,4.8,25.8,-1.7,-0.8,-1.21,41/58,1.71,2022:+3.6 2023:+6.0 2024:+1.8 2025:+5.2 2026:+5.1,2.82
Mon GBPJPY + Mon NAS100 + Mon NZDJPY,0.44 / 0.17 / 0.39,0.71,False,6.1,33.5,-3.0,-1.0,-1.37,41/58,1.66,2022:+7.2 2023:+8.8 2024:+2.2 2025:+4.9 2026:+4.6,2.03
Mon GBPJPY + Mon NAS100 + Mon US500,0.50 / 0.20 / 0.30,0.93,False,6.4,35.7,-3.9,-1.7,-1.85,41/58,1.48,2022:+7.5 2023:+9.0 2024:+3.4 2025:+6.1 2026:+3.8,1.64
Mon GBPJPY + Mon NAS100 + Mon USDJPY,0.41 / 0.16 / 0.42,0.57,False,5.4,29.2,-2.6,-1.0,-1.15,45/58,1.68,2022:+9.7 2023:+6.4 2024:+3.5 2025:+2.3 2026:+2.3,2.08
Mon GBPJPY + Mon NAS100 + Roll AUDJPY,0.25 / 0.10 / 0.65,0.12,True,3.5,18.5,-1.2,-0.7,-0.5,43/59,2.13,2022:+3.8 2023:+5.0 2024:+2.2 2025:+3.7 2026:+1.9,2.92
Mon GBPJPY + Mon NAS100 + Roll CADJPY,0.21 / 0.08 / 0.71,0.12,True,3.1,16.2,-1.0,-0.6,-0.41,42/58,2.29,2022:+2.6 2023:+5.0 2024:+2.7 2025:+3.1 2026:+1.2,3.1
Mon GBPJPY + Mon NAS100 + Roll EURJPY,0.19 / 0.07 / 0.74,0.12,True,2.9,15.4,-0.9,-0.5,-0.37,44/59,2.43,2022:+2.6 2023:+4.4 2024:+2.7 2025:+3.0 2026:+1.2,3.22
Mon GBPJPY + Mon NAS100 + Roll GBPJPY,0.20 / 0.08 / 0.72,0.12,True,3.6,18.8,-0.9,-0.5,-0.39,47/59,2.76,2022:+3.2 2023:+5.1 2024:+3.3 2025:+3.6 2026:+1.8,4.0
Mon GBPJPY + Mon NAS100 + Roll USDJPY,0.24 / 0.09 / 0.67,0.12,True,3.9,20.5,-1.3,-0.6,-0.47,42/59,2.48,2022:+2.9 2023:+5.9 2024:+3.2 2025:+4.6 2026:+1.7,3.0
Mon GBPJPY + Mon NAS100 + TSMOM XAUUSD,0.63 / 0.25 / 0.13,0.12,False,7.6,43.3,-2.8,-1.0,-1.46,45/58,1.89,2022:+7.4 2023:+6.7 2024:+6.8 2025:+10.4 2026:+4.8,2.71
Mon GBPJPY + Mon NAS100 + v4 AUDUSD,0.44 / 0.17 / 0.38,0.12,False,5.4,29.5,-2.2,-1.2,-0.86,48/58,1.91,2022:+5.8 2023:+9.3 2024:+1.7 2025:+4.7 2026:+3.1,2.45
Mon GBPJPY + Mon NZDJPY + Mon US500,0.40 / 0.36 / 0.24,0.71,False,5.4,29.3,-2.7,-1.0,-1.6,42/58,1.55,2022:+5.2 2023:+8.4 2024:+1.7 2025:+4.7 2026:+4.5,2.0
Mon GBPJPY + Mon NZDJPY + Mon USDJPY,0.34 / 0.30 / 0.35,0.71,False,4.6,24.9,-2.1,-1.0,-1.12,42/58,1.45,2022:+7.3 2023:+6.3 2024:+2.0 2025:+1.8 2026:+3.1,2.19
Mon GBPJPY + Mon NZDJPY + Roll AUDJPY,0.23 / 0.20 / 0.58,0.71,True,3.3,17.1,-0.9,-0.5,-0.63,39/59,1.9,2022:+2.9 2023:+5.1 2024:+1.4 2025:+3.2 2026:+2.5,3.67
Mon GBPJPY + Mon NZDJPY + Roll CADJPY,0.19 / 0.17 / 0.65,0.71,True,2.9,15.2,-1.1,-0.4,-0.52,40/58,2.04,2022:+2.0 2023:+5.1 2024:+1.9 2025:+2.7 2026:+1.8,2.64
Mon GBPJPY + Mon NZDJPY + Roll EURJPY,0.17 / 0.15 / 0.68,0.71,True,2.8,14.5,-0.7,-0.4,-0.47,39/59,2.15,2022:+2.1 2023:+4.6 2024:+2.0 2025:+2.7 2026:+1.7,4.0
Mon GBPJPY + Mon NZDJPY + Roll GBPJPY,0.18 / 0.16 / 0.66,0.71,True,3.3,17.6,-0.8,-0.3,-0.5,44/59,2.43,2022:+2.6 2023:+5.2 2024:+2.5 2025:+3.2 2026:+2.2,4.12
Mon GBPJPY + Mon NZDJPY + Roll USDJPY,0.21 / 0.19 / 0.60,0.71,True,3.6,18.8,-1.1,-0.4,-0.59,45/59,2.2,2022:+2.2 2023:+5.9 2024:+2.3 2025:+4.0 2026:+2.2,3.27
Mon GBPJPY + Mon NZDJPY + TSMOM XAUUSD,0.48 / 0.42 / 0.10,0.71,False,6.1,33.5,-3.1,-1.2,-1.19,38/58,1.66,2022:+4.7 2023:+6.5 2024:+3.9 2025:+7.7 2026:+5.4,1.97
Mon GBPJPY + Mon NZDJPY + v4 AUDUSD,0.36 / 0.32 / 0.32,0.71,False,4.6,24.9,-2.3,-0.8,-1.01,42/58,1.7,2022:+4.1 2023:+8.7 2024:+0.5 2025:+3.7 2026:+3.9,2.0
Mon GBPJPY + Mon US500 + Mon USDJPY,0.38 / 0.23 / 0.39,0.57,False,4.8,25.7,-2.3,-1.0,-1.2,46/58,1.59,2022:+7.6 2023:+6.2 2024:+2.9 2025:+2.4 2026:+2.4,2.09
Mon GBPJPY + Mon US500 + Roll AUDJPY,0.24 / 0.14 / 0.62,0.22,True,3.2,17.0,-1.2,-0.7,-0.65,42/59,2.0,2022:+2.8 2023:+4.9 2024:+1.9 2025:+3.7 2026:+2.0,2.67
Mon GBPJPY + Mon US500 + Roll CADJPY,0.20 / 0.12 / 0.68,0.22,True,2.9,15.0,-1.1,-0.6,-0.54,42/58,2.16,2022:+1.9 2023:+5.0 2024:+2.4 2025:+3.1 2026:+1.3,2.64
Mon GBPJPY + Mon US500 + Roll EURJPY,0.18 / 0.11 / 0.71,0.22,True,2.8,14.3,-0.8,-0.5,-0.48,43/59,2.29,2022:+1.9 2023:+4.4 2024:+2.4 2025:+3.0 2026:+1.3,3.5
Mon GBPJPY + Mon US500 + Roll GBPJPY,0.19 / 0.11 / 0.70,0.22,True,3.3,17.5,-0.8,-0.5,-0.51,46/59,2.61,2022:+2.5 2023:+5.1 2024:+3.0 2025:+3.5 2026:+1.8,4.12
Mon GBPJPY + Mon US500 + Roll USDJPY,0.23 / 0.14 / 0.64,0.22,True,3.6,18.9,-1.5,-0.6,-0.61,43/59,2.34,2022:+2.1 2023:+5.8 2024:+2.9 2025:+4.5 2026:+1.7,2.4
Mon GBPJPY + Mon US500 + TSMOM XAUUSD,0.56 / 0.33 / 0.11,0.22,False,6.5,36.1,-2.8,-1.1,-1.3,44/58,1.77,2022:+4.7 2023:+6.4 2024:+5.5 2025:+9.6 2026:+4.7,2.32
Mon GBPJPY + Mon US500 + v4 AUDUSD,0.41 / 0.24 / 0.35,0.22,False,4.8,25.7,-2.4,-1.2,-1.09,47/58,1.77,2022:+4.0 2023:+8.8 2024:+1.2 2025:+4.6 2026:+3.2,2.0
Mon GBPJPY + Mon USDJPY + Roll AUDJPY,0.22 / 0.22 / 0.56,0.57,True,3.0,15.5,-0.9,-0.5,-0.46,41/59,1.85,2022:+4.3 2023:+3.9 2024:+2.1 2025:+2.0 2026:+1.4,3.33
Mon GBPJPY + Mon USDJPY + Roll CADJPY,0.18 / 0.19 / 0.63,0.57,True,2.7,13.9,-0.9,-0.4,-0.39,40/58,2.0,2022:+3.2 2023:+4.1 2024:+2.5 2025:+1.7 2026:+0.9,3.0
Mon GBPJPY + Mon USDJPY + Roll EURJPY,0.17 / 0.17 / 0.66,0.57,True,2.6,13.4,-0.7,-0.4,-0.35,44/59,2.12,2022:+3.1 2023:+3.7 2024:+2.5 2025:+1.8 2026:+0.9,3.71
Mon GBPJPY + Mon USDJPY + Roll GBPJPY,0.18 / 0.18 / 0.64,0.57,True,3.1,16.3,-0.6,-0.3,-0.37,47/59,2.4,2022:+3.7 2023:+4.3 2024:+3.0 2025:+2.2 2026:+1.3,5.17
Mon GBPJPY + Mon USDJPY + Roll USDJPY,0.21 / 0.21 / 0.58,0.57,True,3.3,17.3,-0.7,-0.5,-0.44,44/59,2.16,2022:+3.6 2023:+4.8 2024:+3.0 2025:+2.8 2026:+1.2,4.71
Mon GBPJPY + Mon USDJPY + TSMOM XAUUSD,0.45 / 0.46 / 0.09,0.57,False,5.3,28.8,-2.3,-1.3,-1.12,40/58,1.62,2022:+7.5 2023:+4.0 2024:+5.2 2025:+4.7 2026:+2.9,2.3
Mon GBPJPY + Mon USDJPY + v4 AUDUSD,0.35 / 0.35 / 0.30,0.57,False,4.1,21.9,-1.8,-0.8,-0.73,39/58,1.63,2022:+6.3 2023:+6.6 2024:+1.6 2025:+1.7 2026:+2.0,2.28
Mon GBPJPY + Roll AUDJPY + Roll CADJPY,0.14 / 0.37 / 0.49,0.77,True,2.2,11.5,-0.6,-0.4,-0.44,46/59,2.03,2022:+1.4 2023:+3.8 2024:+2.0 2025:+2.6 2026:+1.0,3.67
Mon GBPJPY + Roll AUDJPY + Roll EURJPY,0.13 / 0.34 / 0.53,0.83,True,2.2,11.3,-0.6,-0.4,-0.31,44/59,2.12,2022:+1.4 2023:+3.5 2024:+2.1 2025:+2.6 2026:+0.9,3.67
Mon GBPJPY + Roll AUDJPY + Roll GBPJPY,0.14 / 0.35 / 0.51,0.81,True,2.6,13.4,-0.5,-0.4,-0.35,48/59,2.4,2022:+1.8 2023:+4.0 2024:+2.4 2025:+2.9 2026:+1.3,5.2
Mon GBPJPY + Roll AUDJPY + Roll USDJPY,0.16 / 0.40 / 0.44,0.73,True,2.7,13.7,-0.6,-0.4,-0.48,46/59,2.21,2022:+1.4 2023:+4.3 2024:+2.3 2025:+3.5 2026:+1.2,4.5
Mon GBPJPY + Roll AUDJPY + TSMOM XAUUSD,0.27 / 0.68 / 0.05,0.02,True,3.4,17.8,-1.2,-0.5,-0.62,45/59,2.03,2022:+2.3 2023:+3.5 2024:+3.1 2025:+5.2 2026:+2.2,2.83
Mon GBPJPY + Roll AUDJPY + v4 AUDUSD,0.23 / 0.58 / 0.20,0.01,True,2.9,15.2,-1.0,-0.4,-0.36,43/59,2.08,2022:+2.2 2023:+5.3 2024:+1.1 2025:+3.2 2026:+1.7,2.9
Mon GBPJPY + Roll CADJPY + Roll EURJPY,0.12 / 0.41 / 0.47,0.81,True,2.1,10.7,-0.5,-0.3,-0.25,45/59,2.27,2022:+1.0 2023:+3.7 2024:+2.3 2025:+2.3 2026:+0.7,4.2
Mon GBPJPY + Roll CADJPY + Roll GBPJPY,0.12 / 0.42 / 0.45,0.86,True,2.4,12.6,-0.6,-0.3,-0.34,47/59,2.51,2022:+1.3 2023:+4.1 2024:+2.7 2025:+2.6 2026:+1.0,4.0
Mon GBPJPY + Roll CADJPY + Roll USDJPY,0.14 / 0.47 / 0.39,0.85,True,2.5,12.8,-0.7,-0.4,-0.45,43/59,2.29,2022:+1.0 2023:+4.4 2024:+2.6 2025:+3.1 2026:+0.9,3.57
Mon GBPJPY + Roll CADJPY + TSMOM XAUUSD,0.22 / 0.74 / 0.04,0.03,True,3.0,15.5,-1.2,-0.4,-0.5,45/58,2.19,2022:+1.4 2023:+3.8 2024:+3.5 2025:+4.2 2026:+1.5,2.5
Mon GBPJPY + Roll CADJPY + v4 AUDUSD,0.19 / 0.65 / 0.16,0.01,True,2.6,13.6,-1.1,-0.5,-0.31,45/58,2.25,2022:+1.5 2023:+5.3 2024:+1.7 2025:+2.6 2026:+1.2,2.36
Mon GBPJPY + Roll EURJPY + Roll GBPJPY,0.12 / 0.46 / 0.42,0.88,True,2.4,12.3,-0.5,-0.3,-0.26,46/59,2.61,2022:+1.4 2023:+3.8 2024:+2.7 2025:+2.6 2026:+1.0,4.8
Mon GBPJPY + Roll EURJPY + Roll USDJPY,0.13 / 0.51 / 0.36,0.81,True,2.4,12.5,-0.5,-0.2,-0.24,46/59,2.42,2022:+1.0 2023:+4.1 2024:+2.6 2025:+3.1 2026:+0.9,4.8
Mon GBPJPY + Roll EURJPY + TSMOM XAUUSD,0.19 / 0.77 / 0.04,0.01,True,2.8,14.7,-0.9,-0.4,-0.45,45/59,2.34,2022:+1.5 2023:+3.4 2024:+3.4 2025:+4.1 2026:+1.4,3.11
Mon GBPJPY + Roll EURJPY + v4 AUDUSD,0.17 / 0.68 / 0.15,0.01,True,2.5,13.1,-0.7,-0.3,-0.28,46/59,2.4,2022:+1.5 2023:+4.7 2024:+1.8 2025:+2.6 2026:+1.2,3.57
Mon GBPJPY + Roll GBPJPY + Roll USDJPY,0.13 / 0.49 / 0.38,0.85,True,2.8,14.6,-0.6,-0.3,-0.37,48/59,2.67,2022:+1.4 2023:+4.5 2024:+3.0 2025:+3.4 2026:+1.2,4.67
Mon GBPJPY + Roll GBPJPY + TSMOM XAUUSD,0.21 / 0.75 / 0.04,0.01,True,3.5,18.2,-0.9,-0.4,-0.48,48/59,2.68,2022:+2.0 2023:+4.0 2024:+4.0 2025:+4.7 2026:+2.0,3.89
Mon GBPJPY + Roll GBPJPY + v4 AUDUSD,0.18 / 0.66 / 0.16,0.02,True,3.1,16.0,-0.7,-0.4,-0.29,49/59,2.73,2022:+2.0 2023:+5.4 2024:+2.3 2025:+3.1 2026:+1.7,4.43
Mon GBPJPY + Roll USDJPY + TSMOM XAUUSD,0.25 / 0.70 / 0.05,0.04,True,3.8,19.8,-1.1,-0.5,-0.58,46/59,2.37,2022:+1.5 2023:+4.6 2024:+4.2 2025:+6.0 2026:+2.0,3.45
Mon GBPJPY + Roll USDJPY + v4 AUDUSD,0.21 / 0.60 / 0.19,0.01,True,3.3,17.0,-1.0,-0.4,-0.35,48/59,2.45,2022:+1.6 2023:+6.1 2024:+2.1 2025:+3.9 2026:+1.6,3.3
Mon GBPJPY + TSMOM XAUUSD + v4 AUDUSD,0.48 / 0.10 / 0.42,-0.02,False,5.3,29.1,-2.9,-0.8,-1.17,42/58,1.82,2022:+3.3 2023:+7.0 2024:+3.3 2025:+7.5 2026:+3.8,1.83
Mon GBPUSD + Mon GER40 + Mon NAS100,0.56 / 0.24 / 0.20,0.39,False,4.4,23.6,-4.5,-1.1,-1.29,33/58,1.14,2022:+1.7 2023:+3.3 2024:+2.2 2025:+8.1 2026:+6.2,0.98
Mon GBPUSD + Mon GER40 + Mon NZDJPY,0.45 / 0.19 / 0.36,0.29,False,3.8,19.9,-4.6,-1.1,-1.11,34/58,1.21,2022:+0.7 2023:+3.8 2024:+0.7 2025:+6.3 2026:+6.4,0.83
Mon GBPUSD + Mon GER40 + Mon US500,0.51 / 0.22 / 0.28,0.45,False,3.8,20.0,-5.3,-1.1,-1.19,30/58,1.04,2022:+0.1 2023:+3.3 2024:+1.6 2025:+7.6 2026:+5.9,0.72
Mon GBPUSD + Mon GER40 + Mon USDJPY,0.42 / 0.18 / 0.40,0.2,False,3.3,17.1,-2.4,-1.1,-1.11,38/58,1.47,2022:+3.3 2023:+1.9 2024:+1.9 2025:+3.8 2026:+4.2,1.38
Mon GBPUSD + Mon GER40 + Roll AUDJPY,0.27 / 0.11 / 0.62,0.2,True,2.3,11.7,-2.1,-0.6,-0.61,35/59,1.41,2022:+0.1 2023:+2.2 2024:+1.3 2025:+4.6 2026:+3.0,1.1
Mon GBPUSD + Mon GER40 + Roll CADJPY,0.22 / 0.09 / 0.69,0.2,True,2.1,10.7,-2.0,-0.4,-0.5,36/58,1.56,2022:-0.3 2023:+2.7 2024:+1.9 2025:+3.8 2026:+2.2,1.05
Mon GBPUSD + Mon GER40 + Roll EURJPY,0.20 / 0.08 / 0.72,0.2,True,2.0,10.5,-1.6,-0.4,-0.45,36/59,1.7,2022:-0.1 2023:+2.4 2024:+2.0 2025:+3.7 2026:+2.1,1.25
Mon GBPUSD + Mon GER40 + Roll GBPJPY,0.21 / 0.09 / 0.70,0.2,True,2.6,13.3,-1.6,-0.4,-0.48,39/59,2.01,2022:+0.3 2023:+2.9 2024:+2.5 2025:+4.3 2026:+2.7,1.62
Mon GBPUSD + Mon GER40 + Roll USDJPY,0.25 / 0.11 / 0.64,0.2,True,2.7,13.8,-2.2,-0.4,-0.58,38/59,1.75,2022:-0.5 2023:+3.2 2024:+2.3 2025:+5.3 2026:+2.8,1.23
Mon GBPUSD + Mon GER40 + TSMOM XAUUSD,0.62 / 0.26 / 0.12,0.2,False,4.2,22.6,-6.2,-1.8,-1.42,34/58,1.12,2022:-1.5 2023:+0.1 2024:+4.1 2025:+11.9 2026:+7.4,0.68
Mon GBPUSD + Mon GER40 + v4 AUDUSD,0.45 / 0.19 / 0.36,0.2,False,3.1,16.4,-2.6,-0.8,-1.03,37/58,1.18,2022:-0.5 2023:+4.2 2024:+0.2 2025:+6.1 2026:+5.0,1.19
Mon GBPUSD + Mon NAS100 + Mon NZDJPY,0.46 / 0.17 / 0.37,0.29,False,4.3,23.2,-3.2,-1.4,-1.18,38/58,1.37,2022:+2.7 2023:+6.8 2024:+0.5 2025:+5.8 2026:+4.6,1.34
Mon GBPUSD + Mon NAS100 + Mon US500,0.53 / 0.19 / 0.29,0.93,False,4.4,23.6,-4.8,-2.1,-1.98,36/58,1.09,2022:+2.3 2023:+6.7 2024:+1.4 2025:+7.1 2026:+3.8,0.92
Mon GBPUSD + Mon NAS100 + Mon USDJPY,0.44 / 0.16 / 0.41,0.08,False,3.8,19.9,-1.9,-0.9,-0.81,43/58,1.69,2022:+5.2 2023:+4.6 2024:+1.9 2025:+3.3 2026:+2.4,2.0
Mon GBPUSD + Mon NAS100 + Roll AUDJPY,0.27 / 0.10 / 0.63,0.08,True,2.6,13.3,-1.4,-0.7,-0.59,40/59,1.62,2022:+1.2 2023:+3.9 2024:+1.2 2025:+4.3 2026:+1.9,1.86
Mon GBPUSD + Mon NAS100 + Roll CADJPY,0.22 / 0.08 / 0.70,0.08,True,2.3,12.0,-1.4,-0.8,-0.49,40/58,1.79,2022:+0.6 2023:+4.1 2024:+1.9 2025:+3.5 2026:+1.3,1.64
Mon GBPUSD + Mon NAS100 + Roll EURJPY,0.20 / 0.07 / 0.73,0.08,True,2.3,11.6,-1.1,-0.5,-0.44,39/59,1.93,2022:+0.7 2023:+3.7 2024:+2.0 2025:+3.5 2026:+1.3,2.09
Mon GBPUSD + Mon NAS100 + Roll GBPJPY,0.21 / 0.08 / 0.71,0.08,True,2.8,14.6,-1.0,-0.7,-0.47,43/59,2.25,2022:+1.2 2023:+4.3 2024:+2.5 2025:+4.0 2026:+1.8,2.8
Mon GBPUSD + Mon NAS100 + Roll USDJPY,0.26 / 0.09 / 0.65,0.08,True,3.0,15.4,-1.7,-0.8,-0.56,39/59,1.97,2022:+0.6 2023:+4.9 2024:+2.3 2025:+5.1 2026:+1.7,1.76
Mon GBPUSD + Mon NAS100 + TSMOM XAUUSD,0.65 / 0.23 / 0.12,0.08,False,5.0,27.4,-3.7,-1.3,-1.38,35/58,1.34,2022:+1.1 2023:+4.0 2024:+4.1 2025:+11.4 2026:+4.8,1.35
Mon GBPUSD + Mon NAS100 + v4 AUDUSD,0.46 / 0.17 / 0.37,0.08,False,3.7,19.5,-2.3,-1.6,-1.02,37/58,1.39,2022:+1.4 2023:+7.2 2024:+0.1 2025:+5.7 2026:+3.2,1.61
Mon GBPUSD + Mon NZDJPY + Mon US500,0.43 / 0.34 / 0.23,0.33,False,3.8,20.2,-3.6,-1.4,-1.42,36/58,1.26,2022:+1.2 2023:+6.6 2024:+0.2 2025:+5.6 2026:+4.5,1.06
Mon GBPUSD + Mon NZDJPY + Mon USDJPY,0.36 / 0.29 / 0.34,0.47,False,3.3,17.5,-1.6,-0.8,-0.98,39/58,1.45,2022:+3.8 2023:+4.8 2024:+0.7 2025:+2.6 2026:+3.2,2.06
Mon GBPUSD + Mon NZDJPY + Roll AUDJPY,0.24 / 0.19 / 0.56,0.29,True,2.4,12.5,-1.5,-0.5,-0.55,38/59,1.61,2022:+0.7 2023:+4.1 2024:+0.5 2025:+3.8 2026:+2.5,1.6
Mon GBPUSD + Mon NZDJPY + Roll CADJPY,0.20 / 0.16 / 0.63,0.29,True,2.2,11.4,-1.6,-0.5,-0.46,38/58,1.76,2022:+0.2 2023:+4.3 2024:+1.2 2025:+3.1 2026:+1.8,1.38
Mon GBPUSD + Mon NZDJPY + Roll EURJPY,0.18 / 0.15 / 0.67,0.29,True,2.2,11.1,-1.2,-0.4,-0.42,38/59,1.89,2022:+0.4 2023:+3.8 2024:+1.4 2025:+3.1 2026:+1.7,1.83
Mon GBPUSD + Mon NZDJPY + Roll GBPJPY,0.19 / 0.16 / 0.65,0.29,True,2.7,13.8,-1.2,-0.4,-0.44,42/59,2.2,2022:+0.8 2023:+4.4 2024:+1.8 2025:+3.6 2026:+2.3,2.25
Mon GBPUSD + Mon NZDJPY + Roll USDJPY,0.23 / 0.18 / 0.59,0.29,True,2.8,14.4,-1.7,-0.5,-0.52,39/59,1.94,2022:+0.2 2023:+5.0 2024:+1.5 2025:+4.5 2026:+2.3,1.65
Mon GBPUSD + Mon NZDJPY + TSMOM XAUUSD,0.50 / 0.40 / 0.09,0.29,False,4.2,22.2,-4.4,-1.0,-1.07,37/58,1.32,2022:+0.0 2023:+4.4 2024:+2.0 2025:+8.6 2026:+5.4,0.95
Mon GBPUSD + Mon NZDJPY + v4 AUDUSD,0.38 / 0.31 / 0.31,0.29,False,3.3,17.1,-2.1,-1.0,-0.87,40/58,1.39,2022:+0.5 2023:+7.0 2024:-0.8 2025:+4.5 2026:+3.9,1.57
Mon GBPUSD + Mon US500 + Mon USDJPY,0.40 / 0.22 / 0.38,0.2,False,3.3,17.4,-1.8,-0.8,-1.05,42/58,1.54,2022:+3.6 2023:+4.6 2024:+1.4 2025:+3.3 2026:+2.5,1.83
Mon GBPUSD + Mon US500 + Roll AUDJPY,0.26 / 0.14 / 0.60,0.2,True,2.4,12.1,-1.6,-0.7,-0.6,38/59,1.5,2022:+0.4 2023:+3.9 2024:+1.0 2025:+4.3 2026:+2.0,1.5
Mon GBPUSD + Mon US500 + Roll CADJPY,0.21 / 0.12 / 0.67,0.2,True,2.2,11.1,-1.6,-0.8,-0.5,38/58,1.65,2022:-0.0 2023:+4.1 2024:+1.6 2025:+3.5 2026:+1.4,1.38
Mon GBPUSD + Mon US500 + Roll EURJPY,0.19 / 0.10 / 0.70,0.2,True,2.1,10.8,-1.3,-0.5,-0.45,39/59,1.79,2022:+0.2 2023:+3.7 2024:+1.7 2025:+3.4 2026:+1.3,1.62
Mon GBPUSD + Mon US500 + Roll GBPJPY,0.21 / 0.11 / 0.68,0.2,True,2.6,13.6,-1.3,-0.7,-0.48,41/59,2.1,2022:+0.6 2023:+4.3 2024:+2.2 2025:+4.0 2026:+1.9,2.0
Mon GBPUSD + Mon US500 + Roll USDJPY,0.24 / 0.13 / 0.62,0.2,True,2.7,14.2,-2.0,-0.8,-0.57,38/59,1.84,2022:-0.1 2023:+4.8 2024:+2.0 2025:+5.0 2026:+1.8,1.35
Mon GBPUSD + Mon US500 + TSMOM XAUUSD,0.58 / 0.31 / 0.11,0.2,False,4.3,22.8,-4.5,-1.3,-1.23,34/58,1.23,2022:-0.7 2023:+4.0 2024:+3.2 2025:+10.5 2026:+4.7,0.96
Mon GBPUSD + Mon US500 + v4 AUDUSD,0.43 / 0.23 / 0.34,0.2,False,3.2,16.9,-2.6,-1.6,-1.0,34/58,1.26,2022:+0.0 2023:+6.9 2024:-0.3 2025:+5.5 2026:+3.2,1.23
Mon GBPUSD + Mon USDJPY + Roll AUDJPY,0.23 / 0.22 / 0.55,-0.0,True,2.2,11.2,-0.6,-0.4,-0.36,40/59,1.94,2022:+2.1 2023:+3.0 2024:+1.2 2025:+2.5 2026:+1.4,3.67
Mon GBPUSD + Mon USDJPY + Roll CADJPY,0.20 / 0.18 / 0.62,-0.0,True,2.0,10.4,-0.8,-0.3,-0.3,43/58,2.15,2022:+1.4 2023:+3.4 2024:+1.8 2025:+2.1 2026:+0.9,2.5
Mon GBPUSD + Mon USDJPY + Roll EURJPY,0.18 / 0.17 / 0.65,-0.01,True,2.0,10.2,-0.4,-0.3,-0.27,43/59,2.32,2022:+1.5 2023:+3.0 2024:+1.9 2025:+2.2 2026:+0.9,5.0
Mon GBPUSD + Mon USDJPY + Roll GBPJPY,0.19 / 0.18 / 0.63,-0.01,True,2.5,12.7,-0.5,-0.3,-0.29,49/59,2.72,2022:+1.9 2023:+3.6 2024:+2.3 2025:+2.6 2026:+1.4,5.0
Mon GBPUSD + Mon USDJPY + Roll USDJPY,0.22 / 0.21 / 0.57,-0.01,True,2.5,13.1,-0.6,-0.3,-0.34,45/59,2.38,2022:+1.5 2023:+3.9 2024:+2.2 2025:+3.2 2026:+1.3,4.17
Mon GBPUSD + Mon USDJPY + TSMOM XAUUSD,0.47 / 0.44 / 0.09,0.05,False,3.6,18.8,-2.3,-0.9,-1.0,42/58,1.59,2022:+2.9 2023:+2.3 2024:+3.3 2025:+5.7 2026:+3.0,1.57
Mon GBPUSD + Mon USDJPY + v4 AUDUSD,0.37 / 0.34 / 0.29,0.0,False,2.8,14.7,-1.5,-0.6,-0.56,45/58,1.65,2022:+2.7 2023:+5.1 2024:+0.3 2025:+2.5 2026:+2.1,1.87
Mon GBPUSD + Roll AUDJPY + Roll CADJPY,0.15 / 0.36 / 0.48,0.77,True,1.7,8.8,-1.0,-0.4,-0.43,36/59,1.59,2022:-0.0 2023:+3.2 2024:+1.4 2025:+2.9 2026:+1.0,1.7
Mon GBPUSD + Roll AUDJPY + Roll EURJPY,0.14 / 0.33 / 0.52,0.83,True,1.7,8.7,-0.8,-0.4,-0.31,37/59,1.68,2022:+0.1 2023:+3.0 2024:+1.5 2025:+2.9 2026:+1.0,2.12
Mon GBPUSD + Roll AUDJPY + Roll GBPJPY,0.15 / 0.35 / 0.50,0.81,True,2.1,10.6,-0.8,-0.4,-0.35,39/59,1.95,2022:+0.4 2023:+3.4 2024:+1.9 2025:+3.3 2026:+1.4,2.62
Mon GBPUSD + Roll AUDJPY + Roll USDJPY,0.17 / 0.40 / 0.43,0.73,True,2.1,10.6,-1.0,-0.5,-0.48,37/59,1.76,2022:-0.1 2023:+3.6 2024:+1.7 2025:+3.9 2026:+1.2,2.1
Mon GBPUSD + Roll AUDJPY + TSMOM XAUUSD,0.28 / 0.66 / 0.05,0.05,True,2.4,12.4,-2.2,-0.5,-0.61,36/59,1.45,2022:-0.3 2023:+2.4 2024:+2.1 2025:+5.8 2026:+2.3,1.09
Mon GBPUSD + Roll AUDJPY + v4 AUDUSD,0.24 / 0.56 / 0.19,0.01,True,2.1,10.7,-1.0,-0.5,-0.37,39/59,1.53,2022:+0.0 2023:+4.3 2024:+0.3 2025:+3.7 2026:+1.8,2.1
Mon GBPUSD + Roll CADJPY + Roll EURJPY,0.13 / 0.40 / 0.47,0.81,True,1.7,8.5,-0.8,-0.3,-0.25,37/59,1.82,2022:-0.1 2023:+3.2 2024:+1.9 2025:+2.6 2026:+0.7,2.12
Mon GBPUSD + Roll CADJPY + Roll GBPJPY,0.13 / 0.42 / 0.45,0.86,True,2.0,10.1,-0.8,-0.4,-0.34,41/59,2.07,2022:+0.1 2023:+3.6 2024:+2.2 2025:+2.9 2026:+1.0,2.5
Mon GBPUSD + Roll CADJPY + Roll USDJPY,0.15 / 0.47 / 0.38,0.85,True,2.0,10.1,-1.1,-0.4,-0.45,36/59,1.85,2022:-0.4 2023:+3.8 2024:+2.1 2025:+3.4 2026:+0.9,1.82
Mon GBPUSD + Roll CADJPY + TSMOM XAUUSD,0.23 / 0.72 / 0.04,0.05,True,2.2,11.2,-2.0,-0.5,-0.49,37/58,1.61,2022:-0.7 2023:+3.0 2024:+2.6 2025:+4.7 2026:+1.5,1.1
Mon GBPUSD + Roll CADJPY + v4 AUDUSD,0.20 / 0.64 / 0.16,0.01,True,1.9,9.9,-1.0,-0.6,-0.31,38/58,1.7,2022:-0.4 2023:+4.5 2024:+1.0 2025:+3.1 2026:+1.2,1.9
Mon GBPUSD + Roll EURJPY + Roll GBPJPY,0.13 / 0.46 / 0.42,0.88,True,2.0,10.0,-0.6,-0.3,-0.26,40/59,2.17,2022:+0.3 2023:+3.3 2024:+2.2 2025:+2.9 2026:+1.0,3.33
Mon GBPUSD + Roll EURJPY + Roll USDJPY,0.14 / 0.50 / 0.36,0.81,True,2.0,10.0,-0.8,-0.3,-0.23,35/59,1.98,2022:-0.2 2023:+3.5 2024:+2.1 2025:+3.4 2026:+0.9,2.5
Mon GBPUSD + Roll EURJPY + TSMOM XAUUSD,0.21 / 0.75 / 0.04,0.05,True,2.1,10.9,-1.6,-0.4,-0.44,38/59,1.76,2022:-0.4 2023:+2.6 2024:+2.6 2025:+4.5 2026:+1.5,1.31
Mon GBPUSD + Roll EURJPY + v4 AUDUSD,0.18 / 0.67 / 0.15,0.01,True,1.9,9.8,-0.8,-0.4,-0.28,39/59,1.85,2022:-0.1 2023:+4.0 2024:+1.2 2025:+3.0 2026:+1.2,2.37
Mon GBPUSD + Roll GBPJPY + Roll USDJPY,0.15 / 0.48 / 0.37,0.85,True,2.3,11.9,-0.9,-0.4,-0.37,39/59,2.23,2022:+0.1 2023:+4.0 2024:+2.5 2025:+3.7 2026:+1.3,2.56
Mon GBPUSD + Roll GBPJPY + TSMOM XAUUSD,0.22 / 0.74 / 0.04,0.05,True,2.7,13.9,-1.6,-0.4,-0.47,41/59,2.08,2022:+0.0 2023:+3.2 2024:+3.2 2025:+5.1 2026:+2.1,1.69
Mon GBPUSD + Roll GBPJPY + v4 AUDUSD,0.19 / 0.65 / 0.16,0.02,True,2.4,12.4,-0.8,-0.5,-0.3,43/59,2.18,2022:+0.3 2023:+4.6 2024:+1.6 2025:+3.5 2026:+1.7,3.0
Mon GBPUSD + Roll USDJPY + TSMOM XAUUSD,0.27 / 0.68 / 0.05,0.05,True,2.8,14.6,-2.0,-0.4,-0.57,34/59,1.79,2022:-0.9 2023:+3.6 2024:+3.1 2025:+6.5 2026:+2.0,1.4
Mon GBPUSD + Roll USDJPY + v4 AUDUSD,0.23 / 0.59 / 0.18,0.01,True,2.5,12.7,-1.2,-0.6,-0.35,37/59,1.9,2022:-0.5 2023:+5.2 2024:+1.3 2025:+4.4 2026:+1.6,2.08
Mon GBPUSD + TSMOM XAUUSD + v4 AUDUSD,0.50 / 0.09 / 0.40,0.05,False,3.5,18.3,-2.9,-1.0,-1.12,40/58,1.23,2022:-1.3 2023:+4.9 2024:+1.5 2025:+8.4 2026:+3.9,1.21
Mon GER40 + Mon NAS100 + Mon NZDJPY,0.27 / 0.23 / 0.51,0.39,False,5.7,31.0,-4.0,-1.2,-1.57,35/58,1.25,2022:+5.0 2023:+6.0 2024:+2.3 2025:+6.6 2026:+6.0,1.42
Mon GER40 + Mon NAS100 + Mon US500,0.32 / 0.27 / 0.41,0.93,False,6.0,33.2,-6.8,-2.3,-2.13,38/58,0.95,2022:+4.8 2023:+5.8 2024:+4.0 2025:+8.5 2026:+5.2,0.88
Mon GER40 + Mon NAS100 + Mon USDJPY,0.25 / 0.21 / 0.54,0.39,False,4.8,25.9,-2.7,-1.3,-1.53,39/58,1.26,2022:+8.3 2023:+3.2 2024:+4.0 2025:+3.2 2026:+3.0,1.78
Mon GER40 + Mon NAS100 + Roll AUDJPY,0.14 / 0.12 / 0.75,0.39,True,2.9,15.2,-1.4,-0.9,-0.74,38/59,1.42,2022:+2.1 2023:+3.0 2024:+2.3 2025:+4.5 2026:+2.2,2.07
Mon GER40 + Mon NAS100 + Roll CADJPY,0.11 / 0.09 / 0.80,0.39,True,2.6,13.3,-1.6,-0.6,-0.59,38/58,1.57,2022:+1.2 2023:+3.5 2024:+2.8 2025:+3.5 2026:+1.4,1.62
Mon GER40 + Mon NAS100 + Roll EURJPY,0.10 / 0.08 / 0.82,0.39,True,2.5,12.7,-1.2,-0.7,-0.52,39/59,1.7,2022:+1.3 2023:+3.0 2024:+2.8 2025:+3.5 2026:+1.4,2.08
Mon GER40 + Mon NAS100 + Roll GBPJPY,0.10 / 0.09 / 0.81,0.39,True,3.1,16.3,-1.2,-0.6,-0.56,42/59,1.99,2022:+1.9 2023:+3.7 2024:+3.4 2025:+4.1 2026:+2.0,2.58
Mon GER40 + Mon NAS100 + Roll USDJPY,0.13 / 0.11 / 0.77,0.39,True,3.4,17.6,-2.2,-0.6,-0.69,39/59,1.74,2022:+1.3 2023:+4.2 2024:+3.5 2025:+5.3 2026:+1.9,1.55
Mon GER40 + Mon NAS100 + TSMOM XAUUSD,0.44 / 0.37 / 0.19,0.39,False,7.6,43.6,-6.0,-2.4,-2.37,37/58,1.19,2022:+3.8 2023:+1.2 2024:+9.4 2025:+16.2 2026:+7.4,1.27
Mon GER40 + Mon NAS100 + v4 AUDUSD,0.27 / 0.23 / 0.50,0.39,False,4.8,25.8,-4.2,-1.3,-1.46,41/58,1.19,2022:+3.2 2023:+6.6 2024:+1.7 2025:+6.4 2026:+4.2,1.14
Mon GER40 + Mon NZDJPY + Mon US500,0.24 / 0.45 / 0.31,0.45,False,4.8,26.1,-4.8,-1.2,-1.41,37/58,1.16,2022:+2.8 2023:+5.8 2024:+1.6 2025:+6.2 2026:+5.8,1.0
Mon GER40 + Mon NZDJPY + Mon USDJPY,0.20 / 0.37 / 0.43,0.47,False,4.0,21.5,-2.2,-1.3,-1.3,39/58,1.27,2022:+5.8 2023:+3.7 2024:+2.0 2025:+2.4 2026:+3.9,1.82
Mon GER40 + Mon NZDJPY + Roll AUDJPY,0.12 / 0.23 / 0.65,0.2,True,2.7,14.0,-1.4,-0.5,-0.7,35/59,1.59,2022:+1.4 2023:+3.3 2024:+1.3 2025:+3.8 2026:+2.8,1.93
Mon GER40 + Mon NZDJPY + Roll CADJPY,0.10 / 0.18 / 0.72,0.2,True,2.4,12.6,-1.5,-0.4,-0.57,34/58,1.75,2022:+0.7 2023:+3.7 2024:+2.0 2025:+3.1 2026:+2.0,1.6
Mon GER40 + Mon NZDJPY + Roll EURJPY,0.09 / 0.17 / 0.75,0.2,True,2.4,12.1,-1.3,-0.4,-0.51,35/59,1.88,2022:+0.9 2023:+3.3 2024:+2.0 2025:+3.1 2026:+1.9,1.85
Mon GER40 + Mon NZDJPY + Roll GBPJPY,0.09 / 0.18 / 0.73,0.2,True,2.9,15.2,-1.0,-0.4,-0.55,40/59,2.19,2022:+1.4 2023:+3.9 2024:+2.6 2025:+3.6 2026:+2.5,2.9
Mon GER40 + Mon NZDJPY + Roll USDJPY,0.11 / 0.21 / 0.68,0.2,True,3.1,16.2,-1.9,-0.5,-0.66,36/59,1.93,2022:+0.7 2023:+4.4 2024:+2.4 2025:+4.6 2026:+2.6,1.63
Mon GER40 + Mon NZDJPY + TSMOM XAUUSD,0.30 / 0.57 / 0.13,0.2,False,5.6,30.8,-5.4,-2.0,-1.76,37/58,1.33,2022:+1.5 2023:+2.6 2024:+4.6 2025:+10.7 2026:+7.4,1.04
Mon GER40 + Mon NZDJPY + v4 AUDUSD,0.21 / 0.40 / 0.39,0.2,False,4.0,21.2,-2.6,-1.0,-1.23,33/58,1.35,2022:+1.7 2023:+6.4 2024:+0.1 2025:+4.8 2026:+4.9,1.54
Mon GER40 + Mon US500 + Mon USDJPY,0.22 / 0.29 / 0.49,0.45,False,4.1,21.9,-2.6,-1.5,-1.38,38/58,1.19,2022:+5.9 2023:+3.2 2024:+3.2 2025:+3.2 2026:+3.1,1.58
Mon GER40 + Mon US500 + Roll AUDJPY,0.13 / 0.16 / 0.71,0.45,True,2.6,13.7,-1.8,-0.9,-0.7,35/59,1.34,2022:+1.1 2023:+3.0 2024:+1.9 2025:+4.4 2026:+2.3,1.44
Mon GER40 + Mon US500 + Roll CADJPY,0.10 / 0.13 / 0.76,0.45,True,2.4,12.2,-2.0,-0.6,-0.56,36/58,1.49,2022:+0.4 2023:+3.5 2024:+2.5 2025:+3.5 2026:+1.5,1.2
Mon GER40 + Mon US500 + Roll EURJPY,0.09 / 0.12 / 0.79,0.45,True,2.3,11.7,-1.6,-0.7,-0.5,35/59,1.61,2022:+0.6 2023:+3.0 2024:+2.5 2025:+3.4 2026:+1.5,1.44
Mon GER40 + Mon US500 + Roll GBPJPY,0.10 / 0.13 / 0.78,0.45,True,2.9,15.0,-1.4,-0.6,-0.54,40/59,1.9,2022:+1.1 2023:+3.7 2024:+3.1 2025:+4.0 2026:+2.1,2.07
Mon GER40 + Mon US500 + Roll USDJPY,0.12 / 0.15 / 0.73,0.45,True,3.1,16.0,-2.5,-0.7,-0.65,38/59,1.66,2022:+0.4 2023:+4.2 2024:+3.0 2025:+5.2 2026:+2.0,1.24
Mon GER40 + Mon US500 + TSMOM XAUUSD,0.37 / 0.47 / 0.16,0.45,False,6.1,33.5,-7.0,-2.6,-2.0,36/58,1.11,2022:+0.7 2023:+1.6 2024:+7.1 2025:+14.1 2026:+6.8,0.87
Mon GER40 + Mon US500 + v4 AUDUSD,0.24 / 0.31 / 0.45,0.45,False,4.1,21.6,-4.1,-1.3,-1.31,38/58,1.11,2022:+1.2 2023:+6.3 2024:+1.0 2025:+6.1 2026:+4.1,1.0
Mon GER40 + Mon USDJPY + Roll AUDJPY,0.11 / 0.25 / 0.63,-0.0,True,2.4,12.4,-1.1,-0.8,-0.71,37/59,1.56,2022:+3.0 2023:+2.1 2024:+2.1 2025:+2.3 2026:+1.6,2.18
Mon GER40 + Mon USDJPY + Roll CADJPY,0.09 / 0.21 / 0.70,-0.0,True,2.2,11.3,-0.9,-0.6,-0.58,41/58,1.74,2022:+2.0 2023:+2.7 2024:+2.6 2025:+1.9 2026:+1.0,2.44
Mon GER40 + Mon USDJPY + Roll EURJPY,0.08 / 0.19 / 0.73,-0.0,True,2.1,11.0,-0.8,-0.6,-0.53,41/59,1.88,2022:+2.0 2023:+2.4 2024:+2.6 2025:+2.0 2026:+1.0,2.62
Mon GER40 + Mon USDJPY + Roll GBPJPY,0.09 / 0.20 / 0.71,-0.01,True,2.7,13.9,-0.9,-0.6,-0.56,43/59,2.21,2022:+2.6 2023:+2.9 2024:+3.2 2025:+2.5 2026:+1.5,3.0
Mon GER40 + Mon USDJPY + Roll USDJPY,0.11 / 0.24 / 0.65,-0.0,True,2.8,14.6,-1.0,-0.7,-0.67,43/59,1.93,2022:+2.2 2023:+3.2 2024:+3.1 2025:+3.2 2026:+1.4,2.8
Mon GER40 + Mon USDJPY + TSMOM XAUUSD,0.27 / 0.60 / 0.12,-0.01,False,4.7,25.0,-3.8,-2.5,-1.7,37/58,1.31,2022:+5.4 2023:-0.1 2024:+6.3 2025:+6.5 2026:+3.9,1.24
Mon GER40 + Mon USDJPY + v4 AUDUSD,0.20 / 0.43 / 0.37,0.0,False,3.4,17.9,-2.2,-0.9,-1.22,38/58,1.3,2022:+4.4 2023:+4.1 2024:+1.6 2025:+2.3 2026:+2.5,1.55
Mon GER40 + Roll AUDJPY + Roll CADJPY,0.07 / 0.40 / 0.53,0.77,True,1.8,9.3,-0.9,-0.4,-0.48,40/59,1.53,2022:+0.3 2023:+2.7 2024:+2.0 2025:+2.9 2026:+1.0,2.0
Mon GER40 + Roll AUDJPY + Roll EURJPY,0.07 / 0.37 / 0.57,0.83,True,1.8,9.2,-0.7,-0.5,-0.36,37/59,1.63,2022:+0.4 2023:+2.4 2024:+2.1 2025:+2.9 2026:+1.0,2.57
Mon GER40 + Roll AUDJPY + Roll GBPJPY,0.07 / 0.38 / 0.55,0.81,True,2.2,11.4,-0.7,-0.4,-0.38,41/59,1.9,2022:+0.8 2023:+2.9 2024:+2.5 2025:+3.2 2026:+1.4,3.14
Mon GER40 + Roll AUDJPY + Roll USDJPY,0.08 / 0.44 / 0.48,0.73,True,2.2,11.5,-1.0,-0.4,-0.53,37/59,1.7,2022:+0.3 2023:+3.1 2024:+2.3 2025:+3.9 2026:+1.3,2.2
Mon GER40 + Roll AUDJPY + TSMOM XAUUSD,0.14 / 0.79 / 0.06,0.02,True,2.7,14.2,-2.0,-1.0,-0.78,40/59,1.43,2022:+0.3 2023:+1.2 2024:+3.4 2025:+6.2 2026:+2.6,1.35
Mon GER40 + Roll AUDJPY + v4 AUDUSD,0.12 / 0.66 / 0.22,0.01,True,2.3,11.9,-1.1,-0.6,-0.65,36/59,1.45,2022:+0.6 2023:+3.6 2024:+1.0 2025:+3.7 2026:+2.0,2.09
Mon GER40 + Roll CADJPY + Roll EURJPY,0.06 / 0.44 / 0.51,0.81,True,1.7,8.9,-0.8,-0.3,-0.32,37/59,1.77,2022:+0.1 2023:+2.8 2024:+2.4 2025:+2.5 2026:+0.7,2.12
Mon GER40 + Roll CADJPY + Roll GBPJPY,0.06 / 0.45 / 0.48,0.86,True,2.1,10.7,-0.7,-0.3,-0.37,42/59,2.01,2022:+0.4 2023:+3.1 2024:+2.7 2025:+2.9 2026:+1.1,3.0
Mon GER40 + Roll CADJPY + Roll USDJPY,0.07 / 0.51 / 0.42,0.85,True,2.1,10.7,-1.2,-0.3,-0.49,39/59,1.79,2022:-0.1 2023:+3.4 2024:+2.7 2025:+3.4 2026:+0.9,1.75
Mon GER40 + Roll CADJPY + TSMOM XAUUSD,0.11 / 0.84 / 0.05,0.03,True,2.4,12.5,-1.8,-0.8,-0.62,38/58,1.59,2022:-0.2 2023:+2.1 2024:+3.7 2025:+4.9 2026:+1.7,1.33
Mon GER40 + Roll CADJPY + v4 AUDUSD,0.10 / 0.72 / 0.18,0.01,True,2.1,10.8,-0.9,-0.4,-0.53,37/58,1.62,2022:+0.1 2023:+3.9 2024:+1.7 2025:+3.0 2026:+1.3,2.33
Mon GER40 + Roll EURJPY + Roll GBPJPY,0.06 / 0.49 / 0.45,0.88,True,2.1,10.6,-0.5,-0.4,-0.31,38/59,2.12,2022:+0.6 2023:+2.9 2024:+2.7 2025:+2.9 2026:+1.1,4.2
Mon GER40 + Roll EURJPY + Roll USDJPY,0.06 / 0.55 / 0.39,0.81,True,2.1,10.6,-1.0,-0.3,-0.35,38/59,1.92,2022:+0.1 2023:+3.1 2024:+2.7 2025:+3.3 2026:+0.9,2.1
Mon GER40 + Roll EURJPY + TSMOM XAUUSD,0.10 / 0.86 / 0.04,0.01,True,2.3,12.0,-1.4,-0.7,-0.54,38/59,1.74,2022:+0.0 2023:+1.8 2024:+3.6 2025:+4.6 2026:+1.6,1.64
Mon GER40 + Roll EURJPY + v4 AUDUSD,0.09 / 0.75 / 0.16,0.01,True,2.1,10.6,-0.8,-0.5,-0.47,36/59,1.77,2022:+0.3 2023:+3.4 2024:+1.8 2025:+3.0 2026:+1.3,2.62
Mon GER40 + Roll GBPJPY + Roll USDJPY,0.07 / 0.53 / 0.41,0.85,True,2.5,12.7,-0.9,-0.3,-0.4,42/59,2.17,2022:+0.4 2023:+3.5 2024:+3.1 2025:+3.8 2026:+1.3,2.78
Mon GER40 + Roll GBPJPY + TSMOM XAUUSD,0.11 / 0.85 / 0.05,0.01,True,3.0,15.6,-1.4,-0.8,-0.58,42/59,2.08,2022:+0.5 2023:+2.4 2024:+4.3 2025:+5.4 2026:+2.3,2.14
Mon GER40 + Roll GBPJPY + v4 AUDUSD,0.09 / 0.73 / 0.18,0.02,True,2.6,13.6,-0.7,-0.4,-0.51,40/59,2.09,2022:+0.7 2023:+4.1 2024:+2.3 2025:+3.5 2026:+1.9,3.71
Mon GER40 + Roll USDJPY + TSMOM XAUUSD,0.13 / 0.81 / 0.06,0.04,True,3.2,16.8,-2.3,-0.9,-0.73,40/59,1.78,2022:-0.4 2023:+2.6 2024:+4.5 2025:+7.1 2026:+2.3,1.39
Mon GER40 + Roll USDJPY + v4 AUDUSD,0.11 / 0.68 / 0.21,0.01,True,2.7,14.2,-1.4,-0.4,-0.61,37/59,1.82,2022:-0.0 2023:+4.6 2024:+2.1 2025:+4.5 2026:+1.8,1.93
Mon GER40 + TSMOM XAUUSD + v4 AUDUSD,0.30 / 0.13 / 0.57,-0.03,False,4.6,24.9,-3.1,-1.4,-1.64,40/58,1.19,2022:-0.5 2023:+3.2 2024:+3.9 2025:+10.5 2026:+5.3,1.48
Mon NAS100 + Mon NZDJPY + Mon US500,0.21 / 0.47 / 0.32,0.93,False,5.6,30.5,-4.7,-2.2,-2.09,38/58,1.17,2022:+5.3 2023:+9.8 2024:+1.5 2025:+5.6 2026:+3.4,1.19
Mon NAS100 + Mon NZDJPY + Mon USDJPY,0.17 / 0.38 / 0.45,0.47,False,4.6,24.9,-3.0,-1.2,-1.45,42/58,1.37,2022:+8.0 2023:+6.8 2024:+2.0 2025:+1.8 2026:+2.0,1.53
Mon NAS100 + Mon NZDJPY + Roll AUDJPY,0.10 / 0.23 / 0.67,0.26,True,3.0,15.8,-1.4,-0.6,-0.61,37/59,1.71,2022:+2.6 2023:+5.2 2024:+1.3 2025:+3.5 2026:+1.7,2.14
Mon NAS100 + Mon NZDJPY + Roll CADJPY,0.08 / 0.19 / 0.73,0.26,True,2.7,14.0,-1.4,-0.8,-0.5,40/58,1.87,2022:+1.7 2023:+5.2 2024:+1.9 2025:+2.8 2026:+1.1,1.93
Mon NAS100 + Mon NZDJPY + Roll EURJPY,0.07 / 0.17 / 0.76,0.26,True,2.6,13.4,-1.0,-0.4,-0.44,38/59,2.0,2022:+1.7 2023:+4.6 2024:+2.0 2025:+2.8 2026:+1.0,2.6
Mon NAS100 + Mon NZDJPY + Roll GBPJPY,0.08 / 0.18 / 0.74,0.26,True,3.2,16.7,-1.0,-0.6,-0.47,40/59,2.31,2022:+2.3 2023:+5.3 2024:+2.5 2025:+3.3 2026:+1.6,3.2
Mon NAS100 + Mon NZDJPY + Roll USDJPY,0.10 / 0.22 / 0.69,0.26,True,3.4,17.9,-2.0,-0.8,-0.57,42/59,2.05,2022:+1.9 2023:+6.2 2024:+2.4 2025:+4.3 2026:+1.5,1.7
Mon NAS100 + Mon NZDJPY + TSMOM XAUUSD,0.27 / 0.60 / 0.14,0.26,False,6.6,37.0,-3.6,-1.3,-1.58,35/58,1.48,2022:+4.7 2023:+7.4 2024:+4.6 2025:+10.1 2026:+4.5,1.83
Mon NAS100 + Mon NZDJPY + v4 AUDUSD,0.18 / 0.41 / 0.41,0.26,False,4.6,24.9,-3.3,-1.6,-1.09,41/58,1.48,2022:+3.9 2023:+9.9 2024:-0.0 2025:+4.3 2026:+2.8,1.39
Mon NAS100 + Mon US500 + Mon USDJPY,0.20 / 0.30 / 0.51,0.93,False,4.8,25.7,-3.9,-1.5,-2.06,39/58,1.18,2022:+8.5 2023:+6.8 2024:+3.1 2025:+2.5 2026:+0.9,1.23
Mon NAS100 + Mon US500 + Roll AUDJPY,0.11 / 0.17 / 0.72,0.93,True,3.0,15.6,-2.2,-1.0,-0.93,40/59,1.33,2022:+2.4 2023:+5.0 2024:+1.8 2025:+4.0 2026:+1.0,1.36
Mon NAS100 + Mon US500 + Roll CADJPY,0.09 / 0.13 / 0.78,0.93,True,2.6,13.6,-2.4,-1.1,-0.75,39/58,1.46,2022:+1.5 2023:+5.1 2024:+2.4 2025:+3.2 2026:+0.5,1.08
Mon NAS100 + Mon US500 + Roll EURJPY,0.08 / 0.12 / 0.80,0.93,True,2.5,13.0,-1.7,-0.7,-0.66,39/59,1.57,2022:+1.5 2023:+4.4 2024:+2.5 2025:+3.2 2026:+0.5,1.47
Mon NAS100 + Mon US500 + Roll GBPJPY,0.08 / 0.13 / 0.79,0.93,True,3.2,16.5,-1.9,-0.9,-0.71,43/59,1.83,2022:+2.2 2023:+5.2 2024:+3.1 2025:+3.8 2026:+1.1,1.68
Mon NAS100 + Mon US500 + Roll USDJPY,0.10 / 0.16 / 0.74,0.93,True,3.4,17.8,-3.1,-1.2,-0.87,40/59,1.61,2022:+1.6 2023:+6.1 2024:+3.0 2025:+4.9 2026:+0.8,1.1
Mon NAS100 + Mon US500 + TSMOM XAUUSD,0.33 / 0.50 / 0.17,0.93,False,7.3,41.3,-6.6,-2.6,-2.51,37/58,1.13,2022:+4.5 2023:+7.4 2024:+7.2 2025:+13.5 2026:+3.1,1.11
Mon NAS100 + Mon US500 + v4 AUDUSD,0.21 / 0.32 / 0.47,0.93,False,4.8,25.7,-5.5,-2.5,-1.77,40/58,1.12,2022:+3.7 2023:+10.3 2024:+0.9 2025:+5.4 2026:+1.7,0.87
Mon NAS100 + Mon USDJPY + Roll AUDJPY,0.10 / 0.26 / 0.64,0.05,True,2.7,14.1,-1.3,-0.5,-0.65,39/59,1.7,2022:+4.2 2023:+3.9 2024:+2.1 2025:+2.0 2026:+0.4,2.08
Mon NAS100 + Mon USDJPY + Roll CADJPY,0.08 / 0.21 / 0.71,0.05,True,2.4,12.6,-1.0,-0.4,-0.53,38/58,1.86,2022:+3.0 2023:+4.1 2024:+2.6 2025:+1.6 2026:+0.1,2.4
Mon NAS100 + Mon USDJPY + Roll EURJPY,0.07 / 0.19 / 0.74,0.05,True,2.4,12.2,-0.9,-0.3,-0.48,41/59,2.01,2022:+2.9 2023:+3.6 2024:+2.6 2025:+1.8 2026:+0.1,2.67
Mon NAS100 + Mon USDJPY + Roll GBPJPY,0.08 / 0.20 / 0.72,0.05,True,2.9,15.3,-0.9,-0.3,-0.51,45/59,2.33,2022:+3.6 2023:+4.3 2024:+3.1 2025:+2.2 2026:+0.6,3.22
Mon NAS100 + Mon USDJPY + Roll USDJPY,0.09 / 0.24 / 0.66,0.05,True,3.1,16.2,-1.4,-0.5,-0.61,42/59,2.05,2022:+3.4 2023:+4.9 2024:+3.1 2025:+2.9 2026:+0.3,2.21
Mon NAS100 + Mon USDJPY + TSMOM XAUUSD,0.24 / 0.63 / 0.13,0.05,False,5.5,30.2,-3.0,-1.6,-1.44,35/58,1.47,2022:+8.6 2023:+4.0 2024:+6.4 2025:+5.8 2026:+1.2,1.83
Mon NAS100 + Mon USDJPY + v4 AUDUSD,0.17 / 0.45 / 0.38,0.05,False,4.0,21.1,-2.2,-0.9,-1.12,38/58,1.44,2022:+6.7 2023:+7.3 2024:+1.5 2025:+1.7 2026:+0.6,1.82
Mon NAS100 + Roll AUDJPY + Roll CADJPY,0.06 / 0.40 / 0.54,0.77,True,2.0,10.3,-0.8,-0.5,-0.48,37/59,1.67,2022:+1.0 2023:+3.8 2024:+2.0 2025:+2.6 2026:+0.3,2.5
Mon NAS100 + Roll AUDJPY + Roll EURJPY,0.06 / 0.37 / 0.57,0.83,True,2.0,10.1,-0.7,-0.4,-0.34,38/59,1.76,2022:+1.1 2023:+3.4 2024:+2.0 2025:+2.7 2026:+0.4,2.86
Mon NAS100 + Roll AUDJPY + Roll GBPJPY,0.06 / 0.39 / 0.55,0.81,True,2.4,12.3,-0.6,-0.4,-0.39,44/59,2.03,2022:+1.5 2023:+3.9 2024:+2.4 2025:+3.1 2026:+0.7,4.0
Mon NAS100 + Roll AUDJPY + Roll USDJPY,0.07 / 0.44 / 0.49,0.73,True,2.4,12.6,-1.1,-0.5,-0.53,39/59,1.84,2022:+1.1 2023:+4.3 2024:+2.3 2025:+3.7 2026:+0.5,2.18
Mon NAS100 + Roll AUDJPY + TSMOM XAUUSD,0.12 / 0.81 / 0.07,0.02,True,3.1,16.4,-1.3,-0.8,-0.74,41/59,1.61,2022:+1.8 2023:+3.4 2024:+3.3 2025:+5.9 2026:+1.2,2.38
Mon NAS100 + Roll AUDJPY + v4 AUDUSD,0.10 / 0.67 / 0.23,0.01,True,2.6,13.6,-1.6,-0.7,-0.42,41/59,1.62,2022:+1.8 2023:+5.4 2024:+1.0 2025:+3.4 2026:+0.8,1.62
Mon NAS100 + Roll CADJPY + Roll EURJPY,0.05 / 0.44 / 0.51,0.81,True,1.9,9.7,-0.8,-0.4,-0.27,37/59,1.9,2022:+0.7 2023:+3.6 2024:+2.4 2025:+2.4 2026:+0.2,2.37
Mon NAS100 + Roll CADJPY + Roll GBPJPY,0.05 / 0.46 / 0.49,0.86,True,2.3,11.6,-0.9,-0.5,-0.37,42/59,2.15,2022:+1.1 2023:+4.1 2024:+2.7 2025:+2.7 2026:+0.5,2.56
Mon NAS100 + Roll CADJPY + Roll USDJPY,0.06 / 0.52 / 0.42,0.85,True,2.3,11.7,-1.5,-0.6,-0.5,40/59,1.92,2022:+0.6 2023:+4.4 2024:+2.6 2025:+3.2 2026:+0.3,1.53
Mon NAS100 + Roll CADJPY + TSMOM XAUUSD,0.10 / 0.85 / 0.05,0.03,True,2.7,14.1,-1.3,-0.6,-0.58,40/58,1.78,2022:+0.9 2023:+3.8 2024:+3.7 2025:+4.6 2026:+0.6,2.08
Mon NAS100 + Roll CADJPY + v4 AUDUSD,0.08 / 0.73 / 0.19,0.01,True,2.4,12.2,-1.9,-0.9,-0.35,41/58,1.79,2022:+1.0 2023:+5.4 2024:+1.7 2025:+2.7 2026:+0.4,1.26
Mon NAS100 + Roll EURJPY + Roll GBPJPY,0.05 / 0.50 / 0.46,0.88,True,2.2,11.4,-0.6,-0.4,-0.28,44/59,2.25,2022:+1.1 2023:+3.8 2024:+2.7 2025:+2.7 2026:+0.5,3.67
Mon NAS100 + Roll EURJPY + Roll USDJPY,0.05 / 0.55 / 0.39,0.81,True,2.2,11.4,-1.0,-0.3,-0.26,38/59,2.06,2022:+0.7 2023:+4.0 2024:+2.7 2025:+3.2 2026:+0.3,2.2
Mon NAS100 + Roll EURJPY + TSMOM XAUUSD,0.09 / 0.87 / 0.04,0.01,True,2.6,13.4,-0.9,-0.4,-0.51,40/59,1.93,2022:+1.0 2023:+3.3 2024:+3.6 2025:+4.4 2026:+0.6,2.89
Mon NAS100 + Roll EURJPY + v4 AUDUSD,0.08 / 0.76 / 0.17,0.01,True,2.3,11.8,-1.3,-0.5,-0.31,41/59,1.94,2022:+1.2 2023:+4.8 2024:+1.8 2025:+2.7 2026:+0.4,1.77
Mon NAS100 + Roll GBPJPY + Roll USDJPY,0.06 / 0.53 / 0.41,0.85,True,2.6,13.7,-1.1,-0.5,-0.41,42/59,2.3,2022:+1.1 2023:+4.5 2024:+3.1 2025:+3.6 2026:+0.7,2.36
Mon NAS100 + Roll GBPJPY + TSMOM XAUUSD,0.09 / 0.86 / 0.05,0.01,True,3.3,17.2,-0.9,-0.5,-0.55,45/59,2.27,2022:+1.6 2023:+4.0 2024:+4.3 2025:+5.1 2026:+1.2,3.67
Mon NAS100 + Roll GBPJPY + v4 AUDUSD,0.08 / 0.74 / 0.18,0.02,True,2.9,14.9,-1.3,-0.7,-0.33,46/59,2.26,2022:+1.7 2023:+5.5 2024:+2.3 2025:+3.3 2026:+0.9,2.23
Mon NAS100 + Roll USDJPY + TSMOM XAUUSD,0.12 / 0.82 / 0.06,0.04,True,3.6,18.9,-1.8,-0.6,-0.69,40/59,1.96,2022:+0.9 2023:+4.6 2024:+4.5 2025:+6.7 2026:+1.0,2.0
Mon NAS100 + Roll USDJPY + v4 AUDUSD,0.10 / 0.69 / 0.21,0.01,True,3.0,15.8,-2.5,-0.9,-0.4,43/59,1.99,2022:+1.1 2023:+6.4 2024:+2.1 2025:+4.2 2026:+0.7,1.2
Mon NAS100 + TSMOM XAUUSD + v4 AUDUSD,0.27 / 0.14 / 0.59,-0.03,False,5.6,30.6,-3.7,-1.6,-1.65,45/58,1.38,2022:+2.6 2023:+8.1 2024:+3.8 2025:+9.9 2026:+2.3,1.51
Mon NZDJPY + Mon US500 + Mon USDJPY,0.35 / 0.24 / 0.41,0.47,False,4.1,21.7,-2.7,-1.2,-1.34,41/58,1.3,2022:+6.0 2023:+6.6 2024:+1.4 2025:+1.9 2026:+2.1,1.52
Mon NZDJPY + Mon US500 + Roll AUDJPY,0.22 / 0.15 / 0.63,0.33,True,2.8,14.4,-1.3,-0.6,-0.6,39/59,1.62,2022:+1.7 2023:+5.1 2024:+1.0 2025:+3.4 2026:+1.8,2.15
Mon NZDJPY + Mon US500 + Roll CADJPY,0.18 / 0.12 / 0.70,0.33,True,2.5,12.9,-1.6,-0.8,-0.5,40/58,1.77,2022:+1.0 2023:+5.1 2024:+1.7 2025:+2.8 2026:+1.2,1.56
Mon NZDJPY + Mon US500 + Roll EURJPY,0.16 / 0.11 / 0.73,0.33,True,2.4,12.4,-1.1,-0.5,-0.45,37/59,1.9,2022:+1.1 2023:+4.6 2024:+1.8 2025:+2.8 2026:+1.1,2.18
Mon NZDJPY + Mon US500 + Roll GBPJPY,0.17 / 0.12 / 0.71,0.33,True,3.0,15.5,-1.0,-0.6,-0.48,42/59,2.2,2022:+1.6 2023:+5.3 2024:+2.3 2025:+3.3 2026:+1.7,3.0
Mon NZDJPY + Mon US500 + Roll USDJPY,0.21 / 0.14 / 0.65,0.33,True,3.1,16.5,-2.1,-0.8,-0.57,41/59,1.95,2022:+1.0 2023:+6.0 2024:+2.0 2025:+4.2 2026:+1.6,1.48
Mon NZDJPY + Mon US500 + TSMOM XAUUSD,0.52 / 0.35 / 0.12,0.33,False,5.5,30.4,-4.1,-1.3,-1.39,38/58,1.39,2022:+2.2 2023:+7.0 2024:+3.5 2025:+9.3 2026:+4.4,1.34
Mon NZDJPY + Mon US500 + v4 AUDUSD,0.38 / 0.25 / 0.37,0.33,False,4.0,21.5,-3.3,-1.6,-1.18,42/58,1.39,2022:+2.2 2023:+9.4 2024:-0.4 2025:+4.2 2026:+2.9,1.21
Mon NZDJPY + Mon USDJPY + Roll AUDJPY,0.20 / 0.23 / 0.57,0.47,True,2.5,13.2,-1.0,-0.7,-0.44,37/59,1.58,2022:+3.4 2023:+4.1 2024:+1.3 2025:+1.7 2026:+1.2,2.5
Mon NZDJPY + Mon USDJPY + Roll CADJPY,0.17 / 0.19 / 0.64,0.47,True,2.3,12.0,-1.0,-0.4,-0.37,38/58,1.73,2022:+2.4 2023:+4.3 2024:+1.8 2025:+1.4 2026:+0.7,2.3
Mon NZDJPY + Mon USDJPY + Roll EURJPY,0.15 / 0.17 / 0.68,0.47,True,2.3,11.6,-0.7,-0.4,-0.33,40/59,1.86,2022:+2.4 2023:+3.8 2024:+1.9 2025:+1.5 2026:+0.7,3.29
Mon NZDJPY + Mon USDJPY + Roll GBPJPY,0.16 / 0.18 / 0.66,0.47,True,2.8,14.4,-0.7,-0.4,-0.35,44/59,2.15,2022:+2.9 2023:+4.4 2024:+2.4 2025:+1.9 2026:+1.2,4.0
Mon NZDJPY + Mon USDJPY + Roll USDJPY,0.19 / 0.22 / 0.60,0.47,True,2.9,15.1,-1.0,-0.5,-0.42,39/59,1.9,2022:+2.7 2023:+5.0 2024:+2.2 2025:+2.5 2026:+1.0,2.9
Mon NZDJPY + Mon USDJPY + TSMOM XAUUSD,0.42 / 0.48 / 0.10,0.47,False,4.5,24.1,-2.5,-1.3,-1.11,38/58,1.35,2022:+5.7 2023:+4.4 2024:+3.6 2025:+4.2 2026:+2.6,1.8
Mon NZDJPY + Mon USDJPY + v4 AUDUSD,0.32 / 0.37 / 0.31,0.47,False,3.5,18.3,-1.8,-1.0,-0.86,41/58,1.35,2022:+4.8 2023:+7.0 2024:+0.3 2025:+1.2 2026:+1.7,1.94
Mon NZDJPY + Roll AUDJPY + Roll CADJPY,0.13 / 0.37 / 0.50,0.77,True,2.0,10.0,-0.7,-0.4,-0.45,35/59,1.74,2022:+0.7 2023:+3.9 2024:+1.5 2025:+2.4 2026:+0.8,2.86
Mon NZDJPY + Roll AUDJPY + Roll EURJPY,0.12 / 0.34 / 0.54,0.83,True,1.9,9.8,-0.7,-0.3,-0.31,37/59,1.83,2022:+0.8 2023:+3.6 2024:+1.6 2025:+2.4 2026:+0.8,2.71
Mon NZDJPY + Roll AUDJPY + Roll GBPJPY,0.12 / 0.36 / 0.52,0.81,True,2.3,11.9,-0.7,-0.3,-0.36,41/59,2.11,2022:+1.2 2023:+4.1 2024:+1.9 2025:+2.8 2026:+1.2,3.29
Mon NZDJPY + Roll AUDJPY + Roll USDJPY,0.14 / 0.41 / 0.45,0.73,True,2.3,12.1,-0.8,-0.4,-0.49,40/59,1.91,2022:+0.7 2023:+4.4 2024:+1.7 2025:+3.3 2026:+1.1,2.87
Mon NZDJPY + Roll AUDJPY + TSMOM XAUUSD,0.24 / 0.70 / 0.06,0.02,True,2.9,14.9,-1.4,-0.4,-0.64,39/59,1.68,2022:+1.1 2023:+3.7 2024:+2.2 2025:+5.0 2026:+2.0,2.07
Mon NZDJPY + Roll AUDJPY + v4 AUDUSD,0.20 / 0.59 / 0.20,0.01,True,2.5,12.7,-1.1,-0.4,-0.48,38/59,1.72,2022:+1.2 2023:+5.5 2024:+0.3 2025:+2.9 2026:+1.5,2.27
Mon NZDJPY + Roll CADJPY + Roll EURJPY,0.11 / 0.41 / 0.48,0.81,True,1.9,9.4,-0.6,-0.3,-0.25,38/59,1.98,2022:+0.5 2023:+3.8 2024:+1.9 2025:+2.2 2026:+0.6,3.17
Mon NZDJPY + Roll CADJPY + Roll GBPJPY,0.11 / 0.43 / 0.46,0.86,True,2.2,11.2,-0.7,-0.3,-0.35,43/59,2.22,2022:+0.8 2023:+4.2 2024:+2.2 2025:+2.5 2026:+0.9,3.14
Mon NZDJPY + Roll CADJPY + Roll USDJPY,0.12 / 0.48 / 0.39,0.85,True,2.2,11.3,-1.1,-0.4,-0.46,41/59,2.0,2022:+0.3 2023:+4.5 2024:+2.1 2025:+2.9 2026:+0.7,2.0
Mon NZDJPY + Roll CADJPY + TSMOM XAUUSD,0.20 / 0.76 / 0.05,0.03,True,2.6,13.2,-1.3,-0.4,-0.52,39/58,1.85,2022:+0.4 2023:+4.0 2024:+2.7 2025:+4.0 2026:+1.3,2.0
Mon NZDJPY + Roll CADJPY + v4 AUDUSD,0.17 / 0.66 / 0.17,0.01,True,2.3,11.6,-1.4,-0.6,-0.4,38/58,1.88,2022:+0.6 2023:+5.5 2024:+1.0 2025:+2.4 2026:+1.0,1.64
Mon NZDJPY + Roll EURJPY + Roll GBPJPY,0.10 / 0.47 / 0.43,0.88,True,2.2,11.0,-0.5,-0.3,-0.27,44/59,2.32,2022:+0.9 2023:+3.9 2024:+2.3 2025:+2.5 2026:+0.9,4.4
Mon NZDJPY + Roll EURJPY + Roll USDJPY,0.12 / 0.52 / 0.37,0.81,True,2.2,11.1,-0.7,-0.3,-0.24,40/59,2.13,2022:+0.5 2023:+4.2 2024:+2.1 2025:+2.9 2026:+0.7,3.14
Mon NZDJPY + Roll EURJPY + TSMOM XAUUSD,0.17 / 0.79 / 0.04,0.01,True,2.5,12.6,-1.0,-0.3,-0.46,41/59,2.0,2022:+0.6 2023:+3.5 2024:+2.7 2025:+3.9 2026:+1.2,2.5
Mon NZDJPY + Roll EURJPY + v4 AUDUSD,0.15 / 0.69 / 0.15,0.01,True,2.2,11.3,-0.9,-0.3,-0.36,40/59,2.03,2022:+0.7 2023:+4.9 2024:+1.2 2025:+2.4 2026:+1.0,2.44
Mon NZDJPY + Roll GBPJPY + Roll USDJPY,0.12 / 0.50 / 0.38,0.85,True,2.5,13.1,-0.7,-0.3,-0.38,43/59,2.38,2022:+0.8 2023:+4.6 2024:+2.5 2025:+3.3 2026:+1.1,3.57
Mon NZDJPY + Roll GBPJPY + TSMOM XAUUSD,0.19 / 0.77 / 0.04,0.01,True,3.1,16.0,-1.0,-0.3,-0.49,44/59,2.33,2022:+1.1 2023:+4.2 2024:+3.3 2025:+4.5 2026:+1.8,3.1
Mon NZDJPY + Roll GBPJPY + v4 AUDUSD,0.16 / 0.68 / 0.16,0.02,True,2.7,14.1,-0.8,-0.5,-0.39,45/59,2.36,2022:+1.2 2023:+5.5 2024:+1.6 2025:+2.9 2026:+1.5,3.38
Mon NZDJPY + Roll USDJPY + TSMOM XAUUSD,0.23 / 0.72 / 0.05,0.04,True,3.3,17.2,-1.4,-0.5,-0.6,39/59,2.03,2022:+0.4 2023:+4.8 2024:+3.3 2025:+5.8 2026:+1.7,2.36
Mon NZDJPY + Roll USDJPY + v4 AUDUSD,0.19 / 0.61 / 0.19,0.01,True,2.8,14.7,-1.8,-0.6,-0.46,42/59,2.08,2022:+0.6 2023:+6.3 2024:+1.3 2025:+3.7 2026:+1.4,1.56
Mon NZDJPY + TSMOM XAUUSD + v4 AUDUSD,0.45 / 0.10 / 0.45,-0.04,False,4.5,24.0,-3.0,-0.8,-1.24,41/58,1.46,2022:+1.1 2023:+7.5 2024:+1.5 2025:+7.2 2026:+3.5,1.5
Mon US500 + Mon USDJPY + Roll AUDJPY,0.14 / 0.25 / 0.61,0.04,True,2.5,12.8,-1.2,-0.4,-0.62,42/59,1.63,2022:+3.3 2023:+3.9 2024:+1.8 2025:+2.1 2026:+0.6,2.08
Mon US500 + Mon USDJPY + Roll CADJPY,0.12 / 0.20 / 0.68,0.04,True,2.3,11.6,-1.1,-0.5,-0.51,43/58,1.8,2022:+2.3 2023:+4.1 2024:+2.3 2025:+1.7 2026:+0.2,2.09
Mon US500 + Mon USDJPY + Roll EURJPY,0.11 / 0.18 / 0.71,0.04,True,2.2,11.3,-0.8,-0.3,-0.46,46/59,1.94,2022:+2.3 2023:+3.7 2024:+2.3 2025:+1.8 2026:+0.3,2.75
Mon US500 + Mon USDJPY + Roll GBPJPY,0.11 / 0.19 / 0.69,0.04,True,2.7,14.2,-0.8,-0.4,-0.49,47/59,2.27,2022:+2.8 2023:+4.3 2024:+2.8 2025:+2.2 2026:+0.7,3.38
Mon US500 + Mon USDJPY + Roll USDJPY,0.13 / 0.23 / 0.63,0.04,True,2.9,14.9,-1.5,-0.6,-0.58,43/59,1.99,2022:+2.5 2023:+4.8 2024:+2.8 2025:+2.9 2026:+0.4,1.93
Mon US500 + Mon USDJPY + TSMOM XAUUSD,0.33 / 0.56 / 0.11,0.04,False,4.7,25.1,-2.6,-1.4,-1.28,39/58,1.41,2022:+5.8 2023:+4.0 2024:+5.2 2025:+5.5 2026:+1.4,1.81
Mon US500 + Mon USDJPY + v4 AUDUSD,0.24 / 0.41 / 0.35,0.04,False,3.5,18.3,-2.3,-0.9,-1.04,41/58,1.37,2022:+4.8 2023:+7.0 2024:+1.0 2025:+1.8 2026:+0.8,1.52
Mon US500 + Roll AUDJPY + Roll CADJPY,0.09 / 0.39 / 0.52,0.77,True,1.9,9.6,-0.9,-0.5,-0.47,35/59,1.61,2022:+0.5 2023:+3.8 2024:+1.8 2025:+2.7 2026:+0.4,2.11
Mon US500 + Roll AUDJPY + Roll EURJPY,0.08 / 0.36 / 0.56,0.83,True,1.9,9.5,-0.7,-0.4,-0.33,36/59,1.7,2022:+0.6 2023:+3.5 2024:+1.9 2025:+2.7 2026:+0.5,2.71
Mon US500 + Roll AUDJPY + Roll GBPJPY,0.09 / 0.38 / 0.54,0.81,True,2.3,11.6,-0.6,-0.5,-0.38,43/59,1.97,2022:+1.0 2023:+3.9 2024:+2.2 2025:+3.1 2026:+0.8,3.83
Mon US500 + Roll AUDJPY + Roll USDJPY,0.10 / 0.43 / 0.47,0.73,True,2.3,11.7,-1.2,-0.5,-0.52,38/59,1.78,2022:+0.5 2023:+4.3 2024:+2.1 2025:+3.7 2026:+0.6,1.92
Mon US500 + Roll AUDJPY + TSMOM XAUUSD,0.18 / 0.76 / 0.06,0.02,True,2.8,14.6,-1.3,-0.7,-0.7,39/59,1.55,2022:+0.7 2023:+3.4 2024:+2.9 2025:+5.7 2026:+1.3,2.15
Mon US500 + Roll AUDJPY + v4 AUDUSD,0.15 / 0.64 / 0.22,0.01,True,2.4,12.3,-1.7,-0.8,-0.44,37/59,1.54,2022:+0.9 2023:+5.4 2024:+0.7 2025:+3.4 2026:+1.0,1.41
Mon US500 + Roll CADJPY + Roll EURJPY,0.07 / 0.43 / 0.50,0.81,True,1.8,9.1,-0.8,-0.4,-0.26,34/59,1.85,2022:+0.3 2023:+3.7 2024:+2.2 2025:+2.4 2026:+0.2,2.25
Mon US500 + Roll CADJPY + Roll GBPJPY,0.08 / 0.45 / 0.48,0.86,True,2.1,11.0,-0.9,-0.5,-0.36,40/59,2.09,2022:+0.6 2023:+4.1 2024:+2.5 2025:+2.7 2026:+0.6,2.33
Mon US500 + Roll CADJPY + Roll USDJPY,0.09 / 0.50 / 0.41,0.85,True,2.1,11.0,-1.6,-0.6,-0.48,38/59,1.87,2022:+0.1 2023:+4.4 2024:+2.4 2025:+3.2 2026:+0.4,1.31
Mon US500 + Roll CADJPY + TSMOM XAUUSD,0.14 / 0.81 / 0.05,0.03,True,2.5,12.8,-1.6,-0.6,-0.55,39/58,1.71,2022:+0.1 2023:+3.8 2024:+3.3 2025:+4.5 2026:+0.7,1.56
Mon US500 + Roll CADJPY + v4 AUDUSD,0.12 / 0.70 / 0.18,0.01,True,2.2,11.2,-2.0,-0.9,-0.36,38/58,1.71,2022:+0.4 2023:+5.3 2024:+1.4 2025:+2.7 2026:+0.5,1.1
Mon US500 + Roll EURJPY + Roll GBPJPY,0.07 / 0.48 / 0.44,0.88,True,2.1,10.8,-0.6,-0.4,-0.28,42/59,2.19,2022:+0.7 2023:+3.8 2024:+2.6 2025:+2.7 2026:+0.6,3.5
Mon US500 + Roll EURJPY + Roll USDJPY,0.08 / 0.54 / 0.38,0.81,True,2.1,10.8,-1.1,-0.4,-0.25,37/59,2.0,2022:+0.3 2023:+4.0 2024:+2.5 2025:+3.2 2026:+0.4,1.91
Mon US500 + Roll EURJPY + TSMOM XAUUSD,0.12 / 0.83 / 0.04,0.01,True,2.4,12.3,-1.1,-0.4,-0.49,37/59,1.87,2022:+0.3 2023:+3.3 2024:+3.2 2025:+4.3 2026:+0.7,2.18
Mon US500 + Roll EURJPY + v4 AUDUSD,0.11 / 0.73 / 0.16,0.01,True,2.1,10.9,-1.4,-0.6,-0.33,40/59,1.86,2022:+0.5 2023:+4.7 2024:+1.6 2025:+2.8 2026:+0.5,1.5
Mon US500 + Roll GBPJPY + Roll USDJPY,0.08 / 0.52 / 0.40,0.85,True,2.5,12.9,-1.1,-0.5,-0.39,43/59,2.25,2022:+0.6 2023:+4.5 2024:+2.9 2025:+3.6 2026:+0.7,2.27
Mon US500 + Roll GBPJPY + TSMOM XAUUSD,0.13 / 0.82 / 0.05,0.01,True,3.0,15.8,-1.0,-0.5,-0.52,43/59,2.21,2022:+0.8 2023:+4.0 2024:+3.9 2025:+5.0 2026:+1.3,3.0
Mon US500 + Roll GBPJPY + v4 AUDUSD,0.12 / 0.71 / 0.17,0.02,True,2.7,13.8,-1.3,-0.7,-0.35,44/59,2.18,2022:+1.0 2023:+5.5 2024:+2.0 2025:+3.3 2026:+1.0,2.08
Mon US500 + Roll USDJPY + TSMOM XAUUSD,0.16 / 0.78 / 0.06,0.04,True,3.3,17.1,-2.0,-0.6,-0.65,39/59,1.9,2022:+0.0 2023:+4.6 2024:+4.0 2025:+6.5 2026:+1.1,1.65
Mon US500 + Roll USDJPY + v4 AUDUSD,0.14 / 0.66 / 0.20,0.01,True,2.8,14.5,-2.5,-0.9,-0.42,43/59,1.91,2022:+0.3 2023:+6.3 2024:+1.8 2025:+4.2 2026:+0.8,1.12
Mon US500 + TSMOM XAUUSD + v4 AUDUSD,0.36 / 0.12 / 0.52,-0.02,False,4.6,24.9,-3.6,-1.6,-1.45,39/58,1.31,2022:+0.4 2023:+7.6 2024:+2.8 2025:+9.1 2026:+2.5,1.28
Mon USDJPY + Roll AUDJPY + Roll CADJPY,0.15 / 0.36 / 0.49,0.77,True,1.8,9.1,-0.7,-0.3,-0.44,36/59,1.64,2022:+1.6 2023:+3.2 2024:+1.9 2025:+1.6 2026:+0.1,2.57
Mon USDJPY + Roll AUDJPY + Roll EURJPY,0.14 / 0.34 / 0.53,0.83,True,1.8,9.1,-0.6,-0.3,-0.31,39/59,1.73,2022:+1.7 2023:+2.9 2024:+2.0 2025:+1.7 2026:+0.2,3.0
Mon USDJPY + Roll AUDJPY + Roll GBPJPY,0.14 / 0.35 / 0.50,0.81,True,2.2,11.0,-0.6,-0.3,-0.35,44/59,2.0,2022:+2.1 2023:+3.4 2024:+2.3 2025:+2.0 2026:+0.5,3.67
Mon USDJPY + Roll AUDJPY + Roll USDJPY,0.16 / 0.40 / 0.44,0.73,True,2.2,11.1,-0.8,-0.4,-0.48,44/59,1.81,2022:+1.7 2023:+3.6 2024:+2.2 2025:+2.4 2026:+0.3,2.75
Mon USDJPY + Roll AUDJPY + TSMOM XAUUSD,0.27 / 0.68 / 0.05,0.02,True,2.5,13.2,-1.1,-0.6,-0.62,40/59,1.57,2022:+2.8 2023:+2.4 2024:+3.0 2025:+3.4 2026:+0.7,2.27
Mon USDJPY + Roll AUDJPY + v4 AUDUSD,0.23 / 0.57 / 0.20,0.01,True,2.2,11.3,-1.0,-0.4,-0.36,38/59,1.56,2022:+2.7 2023:+4.3 2024:+1.0 2025:+1.6 2026:+0.4,2.2
Mon USDJPY + Roll CADJPY + Roll EURJPY,0.12 / 0.41 / 0.47,0.81,True,1.7,8.8,-0.5,-0.3,-0.25,39/59,1.87,2022:+1.2 2023:+3.2 2024:+2.3 2025:+1.5 2026:+0.0,3.4
Mon USDJPY + Roll CADJPY + Roll GBPJPY,0.13 / 0.42 / 0.45,0.86,True,2.1,10.5,-0.6,-0.2,-0.34,47/59,2.12,2022:+1.6 2023:+3.6 2024:+2.6 2025:+1.8 2026:+0.3,3.5
Mon USDJPY + Roll CADJPY + Roll USDJPY,0.14 / 0.47 / 0.39,0.85,True,2.0,10.5,-0.8,-0.3,-0.45,42/59,1.9,2022:+1.2 2023:+3.8 2024:+2.5 2025:+2.1 2026:+0.1,2.5
Mon USDJPY + Roll CADJPY + TSMOM XAUUSD,0.22 / 0.74 / 0.04,0.03,True,2.3,11.8,-1.1,-0.7,-0.5,37/58,1.73,2022:+1.8 2023:+2.9 2024:+3.3 2025:+2.7 2026:+0.2,2.09
Mon USDJPY + Roll CADJPY + v4 AUDUSD,0.19 / 0.64 / 0.16,0.01,True,2.0,10.5,-1.1,-0.4,-0.31,37/58,1.73,2022:+1.8 2023:+4.5 2024:+1.6 2025:+1.3 2026:+0.1,1.82
Mon USDJPY + Roll EURJPY + Roll GBPJPY,0.12 / 0.46 / 0.42,0.88,True,2.0,10.3,-0.5,-0.2,-0.26,45/59,2.22,2022:+1.6 2023:+3.3 2024:+2.6 2025:+1.8 2026:+0.3,4.0
Mon USDJPY + Roll EURJPY + Roll USDJPY,0.13 / 0.51 / 0.36,0.81,True,2.0,10.3,-0.6,-0.2,-0.24,43/59,2.03,2022:+1.3 2023:+3.5 2024:+2.5 2025:+2.2 2026:+0.1,3.33
Mon USDJPY + Roll EURJPY + TSMOM XAUUSD,0.20 / 0.76 / 0.04,0.01,True,2.2,11.4,-0.7,-0.4,-0.45,41/59,1.89,2022:+1.8 2023:+2.6 2024:+3.3 2025:+2.7 2026:+0.3,3.14
Mon USDJPY + Roll EURJPY + v4 AUDUSD,0.17 / 0.68 / 0.15,0.01,True,2.0,10.2,-0.6,-0.3,-0.27,39/59,1.88,2022:+1.9 2023:+4.0 2024:+1.7 2025:+1.5 2026:+0.2,3.33
Mon USDJPY + Roll GBPJPY + Roll USDJPY,0.14 / 0.49 / 0.37,0.85,True,2.4,12.3,-0.6,-0.3,-0.37,46/59,2.27,2022:+1.7 2023:+3.9 2024:+2.9 2025:+2.5 2026:+0.4,4.0
Mon USDJPY + Roll GBPJPY + TSMOM XAUUSD,0.21 / 0.75 / 0.04,0.01,True,2.8,14.6,-0.8,-0.5,-0.48,45/59,2.22,2022:+2.4 2023:+3.1 2024:+3.9 2025:+3.3 2026:+0.8,3.5
Mon USDJPY + Roll GBPJPY + v4 AUDUSD,0.18 / 0.66 / 0.16,0.02,True,2.5,12.9,-0.7,-0.3,-0.29,44/59,2.2,2022:+2.4 2023:+4.6 2024:+2.2 2025:+1.9 2026:+0.6,3.57
Mon USDJPY + Roll USDJPY + TSMOM XAUUSD,0.25 / 0.70 / 0.05,0.04,True,3.0,15.4,-1.3,-0.9,-0.58,41/59,1.92,2022:+2.0 2023:+3.5 2024:+4.0 2025:+4.2 2026:+0.5,2.31
Mon USDJPY + Roll USDJPY + v4 AUDUSD,0.22 / 0.60 / 0.19,0.01,True,2.6,13.3,-1.4,-0.3,-0.35,41/59,1.93,2022:+2.0 2023:+5.2 2024:+2.0 2025:+2.4 2026:+0.3,1.86
Mon USDJPY + TSMOM XAUUSD + v4 AUDUSD,0.49 / 0.10 / 0.42,0.0,False,3.8,20.0,-2.4,-1.5,-1.15,39/58,1.32,2022:+4.2 2023:+4.8 2024:+3.0 2025:+4.1 2026:+1.0,1.58
Roll AUDJPY + Roll CADJPY + Roll EURJPY,0.26 / 0.34 / 0.40,0.83,True,1.6,7.9,-0.7,-0.4,-0.33,35/53,1.53,2022:+0.2 2023:+3.1 2024:+2.0 2025:+2.2 2026:+0.2,2.29
Roll AUDJPY + Roll CADJPY + Roll GBPJPY,0.27 / 0.36 / 0.38,0.86,True,1.8,9.3,-0.6,-0.4,-0.44,38/53,1.73,2022:+0.5 2023:+3.4 2024:+2.2 2025:+2.4 2026:+0.4,3.0
Roll AUDJPY + Roll CADJPY + Roll USDJPY,0.29 / 0.39 / 0.32,0.85,True,1.8,9.2,-0.7,-0.5,-0.54,35/53,1.58,2022:+0.1 2023:+3.6 2024:+2.1 2025:+2.8 2026:+0.3,2.57
Roll AUDJPY + Roll CADJPY + TSMOM XAUUSD,0.41 / 0.55 / 0.03,0.77,True,1.9,9.6,-0.8,-0.5,-0.5,40/59,1.5,2022:+0.1 2023:+2.9 2024:+2.5 2025:+3.5 2026:+0.5,2.37
Roll AUDJPY + Roll CADJPY + v4 AUDUSD,0.37 / 0.50 / 0.13,0.77,True,1.7,8.8,-0.9,-0.4,-0.45,39/56,1.53,2022:+0.3 2023:+4.1 2024:+1.3 2025:+2.3 2026:+0.4,1.89
Roll AUDJPY + Roll EURJPY + Roll GBPJPY,0.25 / 0.39 / 0.36,0.88,True,1.8,9.2,-0.6,-0.3,-0.34,40/52,1.8,2022:+0.6 2023:+3.2 2024:+2.2 2025:+2.4 2026:+0.5,3.0
Roll AUDJPY + Roll EURJPY + Roll USDJPY,0.27 / 0.43 / 0.30,0.83,True,1.8,9.1,-0.7,-0.4,-0.35,34/52,1.66,2022:+0.2 2023:+3.4 2024:+2.1 2025:+2.8 2026:+0.3,2.57
Roll AUDJPY + Roll EURJPY + TSMOM XAUUSD,0.38 / 0.59 / 0.03,0.83,True,1.9,9.5,-0.7,-0.4,-0.35,39/59,1.6,2022:+0.2 2023:+2.6 2024:+2.6 2025:+3.4 2026:+0.5,2.71
Roll AUDJPY + Roll EURJPY + v4 AUDUSD,0.34 / 0.54 / 0.12,0.83,True,1.7,8.7,-0.8,-0.3,-0.31,39/56,1.63,2022:+0.4 2023:+3.7 2024:+1.4 2025:+2.4 2026:+0.4,2.12
Roll AUDJPY + Roll GBPJPY + Roll USDJPY,0.28 / 0.41 / 0.31,0.85,True,2.1,10.7,-0.7,-0.5,-0.47,40/52,1.86,2022:+0.5 2023:+3.7 2024:+2.4 2025:+3.1 2026:+0.6,3.0
Roll AUDJPY + Roll GBPJPY + TSMOM XAUUSD,0.40 / 0.57 / 0.03,0.81,True,2.3,11.7,-0.7,-0.5,-0.4,42/59,1.87,2022:+0.6 2023:+3.0 2024:+3.0 2025:+3.9 2026:+0.9,3.29
Roll AUDJPY + Roll GBPJPY + v4 AUDUSD,0.36 / 0.52 / 0.12,0.81,True,2.1,10.7,-0.7,-0.4,-0.36,42/56,1.89,2022:+0.7 2023:+4.2 2024:+1.7 2025:+2.7 2026:+0.7,3.0
Roll AUDJPY + Roll USDJPY + TSMOM XAUUSD,0.46 / 0.50 / 0.04,0.73,True,2.3,11.9,-0.7,-0.6,-0.56,42/59,1.66,2022:+0.0 2023:+3.3 2024:+2.9 2025:+4.7 2026:+0.7,3.29
Roll AUDJPY + Roll USDJPY + v4 AUDUSD,0.41 / 0.45 / 0.14,0.73,True,2.1,10.7,-1.2,-0.5,-0.49,38/56,1.7,2022:+0.2 2023:+4.6 2024:+1.5 2025:+3.3 2026:+0.5,1.75
Roll AUDJPY + TSMOM XAUUSD + v4 AUDUSD,0.70 / 0.06 / 0.24,0.02,True,2.5,12.6,-1.1,-0.6,-0.67,39/59,1.44,2022:+0.2 2023:+4.0 2024:+1.8 2025:+4.9 2026:+1.1,2.27
Roll CADJPY + Roll EURJPY + Roll GBPJPY,0.31 / 0.36 / 0.33,0.88,True,1.8,9.0,-0.5,-0.3,-0.3,38/53,1.9,2022:+0.3 2023:+3.4 2024:+2.5 2025:+2.2 2026:+0.3,3.6
Roll CADJPY + Roll EURJPY + Roll USDJPY,0.34 / 0.39 / 0.27,0.85,True,1.7,8.8,-0.7,-0.4,-0.34,36/53,1.74,2022:+0.0 2023:+3.5 2024:+2.4 2025:+2.5 2026:+0.1,2.43
Roll CADJPY + Roll EURJPY + TSMOM XAUUSD,0.45 / 0.52 / 0.03,0.81,True,1.8,9.1,-0.6,-0.3,-0.31,37/59,1.74,2022:-0.1 2023:+2.9 2024:+2.8 2025:+3.0 2026:+0.3,3.0
Roll CADJPY + Roll EURJPY + v4 AUDUSD,0.41 / 0.48 / 0.11,0.81,True,1.7,8.5,-0.9,-0.3,-0.26,39/56,1.77,2022:+0.1 2023:+3.9 2024:+1.8 2025:+2.1 2026:+0.2,1.89
Roll CADJPY + Roll GBPJPY + Roll USDJPY,0.35 / 0.37 / 0.28,0.86,True,2.0,10.3,-0.7,-0.4,-0.45,37/53,1.92,2022:+0.2 2023:+3.9 2024:+2.7 2025:+2.8 2026:+0.4,2.86
Roll CADJPY + Roll GBPJPY + TSMOM XAUUSD,0.47 / 0.50 / 0.03,0.86,True,2.2,11.1,-0.6,-0.4,-0.39,43/59,1.98,2022:+0.2 2023:+3.3 2024:+3.2 2025:+3.4 2026:+0.6,3.67
Roll CADJPY + Roll GBPJPY + v4 AUDUSD,0.43 / 0.46 / 0.11,0.86,True,2.0,10.2,-0.9,-0.4,-0.35,41/56,2.01,2022:+0.4 2023:+4.3 2024:+2.1 2025:+2.4 2026:+0.5,2.22
Roll CADJPY + Roll USDJPY + TSMOM XAUUSD,0.53 / 0.44 / 0.03,0.85,True,2.2,11.1,-1.0,-0.5,-0.52,40/59,1.75,2022:-0.3 2023:+3.6 2024:+3.2 2025:+4.0 2026:+0.4,2.2
Roll CADJPY + Roll USDJPY + v4 AUDUSD,0.48 / 0.39 / 0.12,0.85,True,2.0,10.2,-1.5,-0.5,-0.46,40/56,1.79,2022:-0.1 2023:+4.7 2024:+1.9 2025:+2.9 2026:+0.3,1.33
Roll CADJPY + TSMOM XAUUSD + v4 AUDUSD,0.76 / 0.05 / 0.19,0.03,True,2.2,11.4,-1.4,-0.5,-0.54,37/58,1.6,2022:-0.3 2023:+4.2 2024:+2.4 2025:+3.9 2026:+0.6,1.57
Roll EURJPY + Roll GBPJPY + Roll USDJPY,0.38 / 0.35 / 0.27,0.88,True,2.0,10.2,-0.5,-0.3,-0.29,38/52,2.01,2022:+0.3 2023:+3.6 2024:+2.7 2025:+2.8 2026:+0.4,4.0
Roll EURJPY + Roll GBPJPY + TSMOM XAUUSD,0.51 / 0.47 / 0.03,0.88,True,2.1,10.9,-0.5,-0.3,-0.3,41/59,2.09,2022:+0.4 2023:+3.0 2024:+3.2 2025:+3.4 2026:+0.6,4.2
Roll EURJPY + Roll GBPJPY + v4 AUDUSD,0.47 / 0.43 / 0.10,0.88,True,2.0,10.1,-0.6,-0.3,-0.27,43/56,2.11,2022:+0.5 2023:+4.0 2024:+2.1 2025:+2.5 2026:+0.5,3.33
Roll EURJPY + Roll USDJPY + TSMOM XAUUSD,0.57 / 0.40 / 0.03,0.81,True,2.1,10.9,-0.7,-0.4,-0.33,40/59,1.88,2022:-0.1 2023:+3.2 2024:+3.2 2025:+3.9 2026:+0.4,3.0
Roll EURJPY + Roll USDJPY + v4 AUDUSD,0.52 / 0.37 / 0.11,0.81,True,2.0,10.0,-1.1,-0.3,-0.25,39/56,1.92,2022:+0.1 2023:+4.3 2024:+2.0 2025:+2.9 2026:+0.3,1.82
Roll EURJPY + TSMOM XAUUSD + v4 AUDUSD,0.79 / 0.04 / 0.17,0.01,True,2.1,11.0,-0.8,-0.4,-0.48,40/59,1.75,2022:-0.0 2023:+3.7 2024:+2.5 2025:+3.8 2026:+0.6,2.62
Roll GBPJPY + Roll USDJPY + TSMOM XAUUSD,0.55 / 0.42 / 0.03,0.85,True,2.5,13.1,-0.5,-0.4,-0.42,42/59,2.13,2022:+0.2 2023:+3.7 2024:+3.6 2025:+4.4 2026:+0.8,5.0
Roll GBPJPY + Roll USDJPY + v4 AUDUSD,0.50 / 0.38 / 0.12,0.85,True,2.3,12.0,-1.1,-0.4,-0.38,41/56,2.16,2022:+0.4 2023:+4.8 2024:+2.3 2025:+3.2 2026:+0.7,2.09
Roll GBPJPY + TSMOM XAUUSD + v4 AUDUSD,0.77 / 0.04 / 0.18,0.02,True,2.7,14.2,-0.9,-0.5,-0.51,41/59,2.08,2022:+0.4 2023:+4.4 2024:+3.0 2025:+4.4 2026:+1.2,3.0
Roll USDJPY + TSMOM XAUUSD + v4 AUDUSD,0.72 / 0.05 / 0.22,0.04,True,2.9,15.0,-1.6,-0.7,-0.63,41/59,1.79,2022:-0.4 2023:+5.0 2024:+3.0 2025:+5.7 2026:+0.9,1.81
