cell,family,symbol,h0,span,known,plus_in,n_in,rate_in,p_binom,mean_m_in_pct,cum_in_pct,worst_m_in_pct,plus_oos,n_oos,cum_oos_pct,sig_bonf,sig_005
MonS USDCHF 20-00UTC,MonS,USDCHF,20,4,False,40,47,85,5.354559107217938e-07,0.13,6.3,-0.62,7,11,0.53,True,True
ThuS USDCHF 20-00UTC,ThuS,USDCHF,20,4,False,40,48,83,1.652633354609634e-06,0.17,8.4,-0.14,9,11,2.14,True,True
WedS USDCHF 20-00UTC,WedS,USDCHF,20,4,False,39,48,81,7.610913055344781e-06,0.2,10.0,-0.34,9,11,2.58,True,True
WedS AUDJPY 20-00UTC,WedS,AUDJPY,20,4,False,38,48,79,3.0848203888211856e-05,0.36,18.8,-0.54,10,11,2.76,True,True
WedS USDJPY 20-00UTC,WedS,USDJPY,20,4,False,37,48,77,0.00011112248131084357,0.32,16.5,-0.5,9,11,2.27,False,True
ThuS USDCHF 00-04UTC,ThuS,USDCHF,0,4,False,37,48,77,0.00011112248131084357,0.14,6.8,-0.44,6,11,0.55,False,True
WedS GBPUSD 00-04UTC,WedS,GBPUSD,0,4,False,37,48,77,0.00011112248131084357,0.12,5.8,-0.54,7,11,0.45,False,True
TueS USDCHF 20-00UTC,TueS,USDCHF,20,4,False,37,48,77,0.00011112248131084357,0.11,5.3,-0.22,8,11,2.59,False,True
FriS GBPUSD 00-08UTC,FriS,GBPUSD,0,8,False,36,47,77,0.0001730005701574555,0.19,9.2,-0.97,8,11,2.12,False,True
MonS AUDUSD 20-00UTC,MonS,AUDUSD,20,4,False,36,47,77,0.0001730005701574555,0.09,4.2,-0.68,10,11,2.11,False,True
WedS GBPJPY 20-00UTC,WedS,GBPJPY,20,4,False,36,48,75,0.00035863483669729135,0.29,14.6,-0.39,11,11,2.24,False,True
WedS EURJPY 20-00UTC,WedS,EURJPY,20,4,False,36,48,75,0.00035863483669729135,0.25,12.9,-0.28,9,11,1.49,False,True
ThuS NZDUSD 20-00UTC,ThuS,NZDUSD,20,4,False,36,48,75,0.00035863483669729135,0.17,8.4,-0.39,7,11,1.72,False,True
FriS NZDUSD 04-08UTC,FriS,NZDUSD,4,4,False,35,47,74,0.0005442691032371272,0.22,10.7,-0.79,9,11,3.43,False,True
TueS US500 00-04UTC,TueS,US500,0,4,False,35,48,73,0.0010440536669982237,0.22,11.1,-0.72,9,11,3.5,False,True
TueS EURUSD 12-16UTC,TueS,EURUSD,12,4,False,35,48,73,0.0010440536669982237,0.18,9.1,-2.12,2,11,-0.79,False,True
ThuS AUDUSD 20-00UTC,ThuS,AUDUSD,20,4,False,35,48,73,0.0010440536669982237,0.14,6.8,-0.44,7,11,1.47,False,True
TueS EURUSD 00-04UTC,TueS,EURUSD,0,4,False,35,48,73,0.0010440536669982237,0.09,4.4,-0.57,9,11,1.38,False,True
TueS GBPUSD 20-00UTC,TueS,GBPUSD,20,4,False,35,48,73,0.0010440536669982237,0.06,2.7,-0.47,6,11,-0.37,False,True
FriS NZDUSD 16-20UTC,FriS,NZDUSD,16,4,False,34,47,72,0.0015438382307593201,0.21,10.5,-1.19,9,11,2.58,False,True
FriS EURUSD 16-20UTC,FriS,EURUSD,16,4,False,34,47,72,0.0015438382307593201,0.12,6.0,-0.82,8,11,1.75,False,True
WedS NZDUSD 20-00UTC,WedS,NZDUSD,20,4,False,34,48,71,0.0027576007427505544,0.21,10.3,-0.59,9,11,2.72,False,True
ThuS NZDUSD 04-08UTC,ThuS,NZDUSD,4,4,False,34,48,71,0.0027576007427505544,0.16,7.7,-0.83,8,11,2.45,False,True
WedS EURUSD 00-04UTC,WedS,EURUSD,0,4,False,34,48,71,0.0027576007427505544,0.11,5.4,-0.8,7,11,1.09,False,True
FriS AUDUSD 04-08UTC,FriS,AUDUSD,4,4,False,33,47,70,0.003971363254741789,0.18,8.8,-0.71,8,11,2.84,False,True
FriS GBPUSD 04-08UTC,FriS,GBPUSD,4,4,False,33,47,70,0.003971363254741789,0.18,8.5,-0.62,7,11,1.63,False,True
Mon USDJPY 12-16UTC,Mon,USDJPY,12,4,False,33,47,70,0.003971363254741789,0.15,7.2,-1.01,6,11,-0.32,False,True
FriS USDCHF 00-04UTC,FriS,USDCHF,0,4,False,33,47,70,0.003971363254741789,0.14,6.6,-0.38,6,11,0.52,False,True
MonS AUDJPY 20-00UTC,MonS,AUDJPY,20,4,False,33,47,70,0.003971363254741789,0.09,4.0,-1.58,7,11,0.9,False,True
WedS USDCHF 12-16UTC,WedS,USDCHF,12,4,False,33,48,69,0.006641640781122504,0.31,15.8,-0.75,5,11,-0.36,False,True
ThuS EURJPY 08-16UTC,ThuS,EURJPY,8,8,False,33,48,69,0.006641640781122504,0.26,13.2,-1.55,8,11,4.45,False,True
TueS AUDUSD 00-08UTC,TueS,AUDUSD,0,8,False,33,48,69,0.006641640781122504,0.21,10.3,-1.89,7,11,4.1,False,True
WedS AUDUSD 08-12UTC,WedS,AUDUSD,8,4,False,33,48,69,0.006641640781122504,0.2,10.0,-1.15,10,11,2.83,False,True
WedS USDCHF 16-00UTC,WedS,USDCHF,16,8,False,33,48,69,0.006641640781122504,0.2,10.2,-1.67,6,11,-0.04,False,True
WedS AUDJPY 08-12UTC,WedS,AUDJPY,8,4,False,33,48,69,0.006641640781122504,0.18,8.7,-1.29,6,11,0.08,False,True
ThuS EURUSD 08-12UTC,ThuS,EURUSD,8,4,False,33,48,69,0.006641640781122504,0.17,8.4,-1.15,8,11,1.99,False,True
TueS AUDUSD 00-04UTC,TueS,AUDUSD,0,4,False,33,48,69,0.006641640781122504,0.15,7.5,-1.13,8,11,3.58,False,True
ThuS USDCHF 16-20UTC,ThuS,USDCHF,16,4,False,33,48,69,0.006641640781122504,0.14,6.8,-1.11,6,11,1.08,False,True
WedS GER40 00-04UTC,WedS,GER40,0,4,False,33,48,69,0.006641640781122504,0.13,6.5,-1.56,7,11,0.64,False,True
TueS USDCHF 16-20UTC,TueS,USDCHF,16,4,False,33,48,69,0.006641640781122504,0.13,6.3,-0.63,6,11,1.11,False,True
WedS EURUSD 00-08UTC,WedS,EURUSD,0,8,False,33,48,69,0.006641640781122504,0.1,5.0,-1.25,8,11,1.28,False,True
TueS USDCHF 00-04UTC,TueS,USDCHF,0,4,False,33,48,69,0.006641640781122504,0.1,4.8,-0.27,8,11,0.92,False,True
TueS US500 04-08UTC,TueS,US500,4,4,False,33,48,69,0.006641640781122504,0.09,4.3,-1.41,8,11,4.13,False,True
FriS AUDUSD 08-12UTC,FriS,AUDUSD,8,4,False,32,47,68,0.00931191830750322,0.32,16.1,-0.66,7,11,1.11,False,True
FriS NZDUSD 00-08UTC,FriS,NZDUSD,0,8,False,32,47,68,0.00931191830750322,0.22,10.6,-1.87,9,11,3.54,False,True
FriS AUDUSD 16-20UTC,FriS,AUDUSD,16,4,False,32,47,68,0.00931191830750322,0.19,9.1,-1.26,9,11,2.1,False,True
MonS NZDUSD 20-00UTC,MonS,NZDUSD,20,4,False,32,47,68,0.00931191830750322,0.1,4.9,-0.92,9,11,2.09,False,True
MonS USDJPY 20-00UTC,MonS,USDJPY,20,4,False,32,47,68,0.00931191830750322,0.09,4.4,-1.26,5,11,-0.11,False,True
MonS NZDUSD 16-00UTC,MonS,NZDUSD,16,8,False,32,47,68,0.00931191830750322,0.08,3.7,-1.16,8,11,0.75,False,True
TueS EURUSD 08-16UTC,TueS,EURUSD,8,8,False,32,48,67,0.01465247336026465,0.28,14.0,-2.38,4,11,-0.66,False,True
TueS AUDUSD 08-12UTC,TueS,AUDUSD,8,4,False,32,48,67,0.01465247336026465,0.23,11.7,-1.19,6,11,0.91,False,True
ThuS EURJPY 08-12UTC,ThuS,EURJPY,8,4,False,32,48,67,0.01465247336026465,0.23,11.4,-0.84,7,11,3.41,False,True
TueS NZDUSD 08-12UTC,TueS,NZDUSD,8,4,False,32,48,67,0.01465247336026465,0.21,10.3,-1.34,9,11,1.56,False,True
TueS GER40 00-04UTC,TueS,GER40,0,4,False,32,48,67,0.01465247336026465,0.18,8.8,-1.44,9,11,6.33,False,True
TueS US500 00-08UTC,TueS,US500,0,8,False,32,48,67,0.01465247336026465,0.18,9.0,-2.2,8,11,6.22,False,True
ThuS USDJPY 00-08UTC,ThuS,USDJPY,0,8,False,32,48,67,0.01465247336026465,0.14,6.6,-1.65,4,11,-2.03,False,True
ThuS AUDJPY 20-00UTC,ThuS,AUDJPY,20,4,False,32,48,67,0.01465247336026465,0.13,6.5,-0.8,6,11,0.98,False,True
ThuS USDJPY 20-00UTC,ThuS,USDJPY,20,4,False,32,48,67,0.01465247336026465,0.09,4.4,-0.63,4,11,0.57,False,True
TueS GBPUSD 00-04UTC,TueS,GBPUSD,0,4,False,32,48,67,0.01465247336026465,0.06,2.7,-0.99,7,11,1.1,False,True
ThuS GBPUSD 20-00UTC,ThuS,GBPUSD,20,4,False,32,48,67,0.01465247336026465,0.04,1.8,-0.85,7,11,0.56,False,True
MonS NZDUSD 12-16UTC,MonS,NZDUSD,12,4,False,31,47,66,0.01999302841302608,0.26,12.8,-1.67,6,11,0.71,False,True
ThuS NZDUSD 16-20UTC,ThuS,NZDUSD,16,4,False,31,47,66,0.01999302841302608,0.14,6.9,-1.31,9,11,2.73,False,True
MonS EURUSD 12-16UTC,MonS,EURUSD,12,4,False,31,47,66,0.01999302841302608,0.12,6.0,-1.25,5,11,0.45,False,True
FriS US500 04-08UTC,FriS,US500,4,4,False,31,47,66,0.01999302841302608,0.11,5.2,-1.49,8,11,3.1,False,True
MonS USDCHF 16-00UTC,MonS,USDCHF,16,8,False,31,47,66,0.01999302841302608,0.11,5.2,-0.47,7,11,1.55,False,True
MonS EURUSD 04-08UTC,MonS,EURUSD,4,4,False,31,47,66,0.01999302841302608,0.08,3.7,-1.14,4,11,0.2,False,True
MonS US500 04-08UTC,MonS,US500,4,4,False,31,47,66,0.01999302841302608,0.05,2.5,-1.72,5,11,-0.98,False,True
TueS US500 12-16UTC,TueS,US500,12,4,False,31,48,65,0.02973168762688516,0.33,16.3,-2.97,6,11,3.26,False,True
WedS USDJPY 16-00UTC,WedS,USDJPY,16,8,False,31,48,65,0.02973168762688516,0.28,14.1,-0.74,4,11,-0.91,False,True
WedS AUDJPY 16-00UTC,WedS,AUDJPY,16,8,False,31,48,65,0.02973168762688516,0.27,13.5,-1.77,8,11,1.74,False,True
WedS USDCHF 08-16UTC,WedS,USDCHF,8,8,False,31,48,65,0.02973168762688516,0.26,13.4,-1.3,3,11,-2.6,False,True
WedS NZDUSD 00-04UTC,WedS,NZDUSD,0,4,False,31,48,65,0.02973168762688516,0.24,12.3,-1.06,7,11,0.66,False,True
WedS NZDUSD 08-12UTC,WedS,NZDUSD,8,4,False,31,48,65,0.02973168762688516,0.24,12.2,-1.07,9,11,2.61,False,True
ThuS USDCHF 16-00UTC,ThuS,USDCHF,16,8,False,31,48,65,0.02973168762688516,0.21,10.6,-1.11,7,11,2.08,False,True
ThuS EURUSD 08-16UTC,ThuS,EURUSD,8,8,False,31,48,65,0.02973168762688516,0.2,9.8,-1.86,8,11,2.01,False,True
TueS NZDUSD 00-04UTC,TueS,NZDUSD,0,4,False,31,48,65,0.02973168762688516,0.17,8.3,-1.56,8,11,3.26,False,True
TueS NZDUSD 00-08UTC,TueS,NZDUSD,0,8,False,31,48,65,0.02973168762688516,0.17,8.1,-2.69,7,11,4.4,False,True
ThuS USDJPY 00-04UTC,ThuS,USDJPY,0,4,False,31,48,65,0.02973168762688516,0.16,7.9,-1.04,5,11,-0.21,False,True
ThuS EURJPY 00-08UTC,ThuS,EURJPY,0,8,False,31,48,65,0.02973168762688516,0.14,6.5,-2.48,3,11,-1.5,False,True
WedS EURUSD 08-12UTC,WedS,EURUSD,8,4,False,31,48,65,0.02973168762688516,0.13,6.3,-0.74,8,11,2.16,False,True
ThuS GER40 16-00UTC,ThuS,GER40,16,8,False,31,48,65,0.02973168762688516,0.13,6.4,-1.58,7,11,2.53,False,True
ThuS GER40 20-00UTC,ThuS,GER40,20,4,False,31,48,65,0.02973168762688516,0.12,6.1,-0.76,6,11,-0.1,False,True
TueS NZDUSD 20-00UTC,TueS,NZDUSD,20,4,False,31,48,65,0.02973168762688516,0.12,6.0,-0.5,8,11,0.46,False,True
ThuS EURUSD 04-08UTC,ThuS,EURUSD,4,4,False,31,48,65,0.02973168762688516,0.1,5.0,-1.32,6,11,0.81,False,True
WedS USDJPY 12-16UTC,WedS,USDJPY,12,4,False,31,48,65,0.02973168762688516,0.09,4.2,-1.47,4,11,-0.97,False,True
WedS EURUSD 04-08UTC,WedS,EURUSD,4,4,False,31,48,65,0.02973168762688516,0.07,3.4,-0.62,8,11,1.0,False,True
WedS AUDUSD 04-08UTC,WedS,AUDUSD,4,4,False,31,48,65,0.02973168762688516,0.06,2.9,-1.27,8,11,-0.06,False,True
WedS GBPUSD 20-00UTC,WedS,GBPUSD,20,4,False,31,48,65,0.02973168762688516,0.05,2.2,-0.48,8,11,0.83,False,True
TueS EURUSD 00-08UTC,TueS,EURUSD,0,8,False,31,48,65,0.02973168762688516,0.04,1.7,-1.57,8,11,1.92,False,True
ThuS EURUSD 20-00UTC,ThuS,EURUSD,20,4,False,31,48,65,0.02973168762688516,0.02,0.8,-0.44,8,11,0.3,False,True
FriS AUDUSD 08-16UTC,FriS,AUDUSD,8,8,False,30,47,64,0.03947034684074424,0.36,18.2,-1.68,5,11,0.27,False,True
FriS AUDJPY 08-16UTC,FriS,AUDJPY,8,8,False,30,47,64,0.03947034684074424,0.32,16.0,-1.77,6,11,0.89,False,True
Mon EURJPY 08-16UTC,Mon,EURJPY,8,8,True,30,47,64,0.03947034684074424,0.26,12.7,-1.12,7,11,0.06,False,True
MonS GER40 00-04UTC,MonS,GER40,0,4,False,30,47,64,0.03947034684074424,0.22,10.9,-0.8,6,11,2.05,False,True
MonS US500 00-04UTC,MonS,US500,0,4,False,30,47,64,0.03947034684074424,0.19,9.4,-0.65,6,11,0.75,False,True
MonS GBPJPY 00-04UTC,MonS,GBPJPY,0,4,False,30,47,64,0.03947034684074424,0.18,8.7,-1.19,6,11,0.78,False,True
MonS AUDUSD 16-20UTC,MonS,AUDUSD,16,4,False,30,47,64,0.03947034684074424,0.15,7.2,-0.69,5,11,-0.67,False,True
FriS EURUSD 04-08UTC,FriS,EURUSD,4,4,False,30,47,64,0.03947034684074424,0.14,6.6,-0.52,8,11,1.06,False,True
FriS NZDUSD 00-04UTC,FriS,NZDUSD,0,4,False,30,47,64,0.03947034684074424,0.14,6.8,-1.19,7,11,1.75,False,True
FriS EURUSD 00-08UTC,FriS,EURUSD,0,8,False,30,47,64,0.03947034684074424,0.12,5.9,-0.75,7,11,1.54,False,True
MonS AUDUSD 16-00UTC,MonS,AUDUSD,16,8,False,30,47,64,0.03947034684074424,0.11,5.2,-1.14,6,11,0.02,False,True
MonS USDCHF 00-04UTC,MonS,USDCHF,0,4,False,30,47,64,0.03947034684074424,0.11,5.5,-0.42,10,11,3.38,False,True
FriS EURUSD 00-04UTC,FriS,EURUSD,0,4,False,30,47,64,0.03947034684074424,0.07,3.2,-0.71,9,11,1.29,False,True
FriS USDCHF 08-12UTC,FriS,USDCHF,8,4,False,30,47,64,0.03947034684074424,0.06,2.9,-1.51,6,11,0.89,False,True
ThuS AUDJPY 08-12UTC,ThuS,AUDJPY,8,4,False,30,48,62,0.055701445530509375,0.26,13.3,-1.11,8,11,4.39,False,False
ThuS AUDUSD 08-16UTC,ThuS,AUDUSD,8,8,False,30,48,62,0.055701445530509375,0.24,11.7,-1.89,6,11,4.05,False,False
ThuS NZDUSD 08-12UTC,ThuS,NZDUSD,8,4,False,30,48,62,0.055701445530509375,0.2,10.1,-1.58,10,11,3.07,False,False
ThuS NZDUSD 08-16UTC,ThuS,NZDUSD,8,8,False,30,48,62,0.055701445530509375,0.19,9.2,-2.33,7,11,3.65,False,False
TueS AUDUSD 04-08UTC,TueS,AUDUSD,4,4,False,30,48,62,0.055701445530509375,0.18,9.1,-1.08,7,11,1.94,False,False
TueS USDCHF 16-00UTC,TueS,USDCHF,16,8,False,30,48,62,0.055701445530509375,0.14,7.1,-0.78,7,11,2.47,False,False
WedS GBPJPY 08-12UTC,WedS,GBPJPY,8,4,False,30,48,62,0.055701445530509375,0.13,6.6,-1.08,2,11,-2.06,False,False
ThuS AUDUSD 16-20UTC,ThuS,AUDUSD,16,4,False,30,48,62,0.055701445530509375,0.12,5.7,-1.5,9,11,2.37,False,False
WedS GER40 04-08UTC,WedS,GER40,4,4,False,30,48,62,0.055701445530509375,0.1,5.0,-2.61,5,11,0.53,False,False
ThuS GBPUSD 04-08UTC,ThuS,GBPUSD,4,4,False,30,48,62,0.055701445530509375,0.09,4.4,-1.07,7,11,0.58,False,False
WedS US500 04-08UTC,WedS,US500,4,4,False,30,48,62,0.055701445530509375,0.09,4.2,-1.99,7,11,0.2,False,False
Tue USDJPY 08-12UTC,Tue,USDJPY,8,4,False,30,48,62,0.055701445530509375,0.01,0.6,-1.64,7,11,0.03,False,False
Mon GBPJPY 08-16UTC,Mon,GBPJPY,8,8,True,29,47,62,0.07193254422027451,0.3,14.7,-2.04,9,11,4.55,False,False
Mon AUDJPY 08-16UTC,Mon,AUDJPY,8,8,True,29,47,62,0.07193254422027451,0.26,12.6,-2.71,8,11,2.31,False,False
FriS NZDUSD 08-12UTC,FriS,NZDUSD,8,4,False,29,47,62,0.07193254422027451,0.26,12.7,-0.75,7,11,1.67,False,False
FriS US500 08-12UTC,FriS,US500,8,4,False,29,47,62,0.07193254422027451,0.25,12.5,-1.0,6,11,1.18,False,False
FriS AUDJPY 08-12UTC,FriS,AUDJPY,8,4,False,29,47,62,0.07193254422027451,0.21,10.1,-0.82,6,11,-0.4,False,False
FriS AUDJPY 12-16UTC,FriS,AUDJPY,12,4,False,29,47,62,0.07193254422027451,0.21,10.1,-1.9,6,11,2.19,False,False
FriS AUDJPY 16-20UTC,FriS,AUDJPY,16,4,False,29,47,62,0.07193254422027451,0.14,6.6,-1.21,6,11,0.49,False,False
MonS GBPUSD 12-16UTC,MonS,GBPUSD,12,4,False,29,47,62,0.07193254422027451,0.13,6.3,-1.15,4,11,-1.34,False,False
FriS USDCHF 00-08UTC,FriS,USDCHF,0,8,False,29,47,62,0.07193254422027451,0.13,6.1,-0.49,7,11,0.73,False,False
MonS US500 00-08UTC,MonS,US500,0,8,False,29,47,62,0.07193254422027451,0.12,5.6,-1.94,5,11,-1.66,False,False
Mon EURJPY 12-16UTC,Mon,EURJPY,12,4,False,29,47,62,0.07193254422027451,0.11,5.2,-1.37,4,11,0.11,False,False
MonS EURUSD 16-20UTC,MonS,EURUSD,16,4,False,29,47,62,0.07193254422027451,0.1,4.7,-0.6,8,11,-0.22,False,False
FriS GBPUSD 00-04UTC,FriS,GBPUSD,0,4,False,29,47,62,0.07193254422027451,0.08,3.9,-0.6,10,11,1.19,False,False
MonS US500 08-12UTC,MonS,US500,8,4,False,29,47,62,0.07193254422027451,0.08,3.6,-1.89,6,11,-3.41,False,False
Mon AUDJPY 04-08UTC,Mon,AUDJPY,4,4,True,29,47,62,0.07193254422027451,0.07,3.2,-2.34,6,11,0.47,False,False
FriS USDCHF 16-20UTC,FriS,USDCHF,16,4,False,29,47,62,0.07193254422027451,0.07,3.4,-0.62,5,11,0.23,False,False
MonS US500 20-00UTC,MonS,US500,20,4,False,29,47,62,0.07193254422027451,-0.03,-1.7,-2.86,9,11,2.53,False,False
Fri US500 12-16UTC,Fri,US500,12,4,False,29,47,62,0.07193254422027451,-0.1,-4.8,-3.43,4,11,-1.28,False,False
ThuS US500 16-00UTC,ThuS,US500,16,8,False,29,48,60,0.09670632643096866,0.24,11.5,-2.52,5,11,2.55,False,False
ThuS AUDUSD 08-12UTC,ThuS,AUDUSD,8,4,False,29,48,60,0.09670632643096866,0.22,10.8,-1.07,10,11,3.15,False,False
TueS NZDUSD 12-16UTC,TueS,NZDUSD,12,4,False,29,48,60,0.09670632643096866,0.21,10.1,-2.41,6,11,0.28,False,False
WedS AUDUSD 00-04UTC,WedS,AUDUSD,0,4,False,29,48,60,0.09670632643096866,0.19,9.5,-1.52,4,11,0.16,False,False
TueS AUDUSD 12-16UTC,TueS,AUDUSD,12,4,False,29,48,60,0.09670632643096866,0.18,8.9,-2.09,5,11,-0.81,False,False
WedS NZDUSD 00-08UTC,WedS,NZDUSD,0,8,False,29,48,60,0.09670632643096866,0.18,9.1,-1.76,6,11,-0.67,False,False
ThuS GER40 08-12UTC,ThuS,GER40,8,4,False,29,48,60,0.09670632643096866,0.17,7.9,-2.11,6,11,1.73,False,False
ThuS NZDUSD 16-00UTC,ThuS,NZDUSD,16,8,False,29,48,60,0.09670632643096866,0.17,8.5,-0.93,7,11,2.89,False,False
WedS GBPUSD 08-12UTC,WedS,GBPUSD,8,4,False,29,48,60,0.09670632643096866,0.14,6.9,-0.78,6,11,0.4,False,False
WedS GBPUSD 00-08UTC,WedS,GBPUSD,0,8,False,29,48,60,0.09670632643096866,0.14,7.0,-0.61,7,11,0.87,False,False
ThuS USDCHF 00-08UTC,ThuS,USDCHF,0,8,False,29,48,60,0.09670632643096866,0.14,6.8,-1.35,6,11,-0.14,False,False
ThuS AUDUSD 16-00UTC,ThuS,AUDUSD,16,8,False,29,48,60,0.09670632643096866,0.13,6.2,-1.3,7,11,2.53,False,False
ThuS EURJPY 00-04UTC,ThuS,EURJPY,0,4,False,29,48,60,0.09670632643096866,0.13,6.6,-1.13,6,11,0.31,False,False
WedS USDCHF 04-08UTC,WedS,USDCHF,4,4,False,29,48,60,0.09670632643096866,0.13,6.2,-0.47,6,11,1.35,False,False
Wed USDJPY 00-04UTC,Wed,USDJPY,0,4,False,29,48,60,0.09670632643096866,0.12,5.7,-1.28,2,11,-0.86,False,False
WedS US500 00-04UTC,WedS,US500,0,4,False,29,48,60,0.09670632643096866,0.11,5.3,-1.38,5,11,-0.29,False,False
ThuS GBPUSD 08-12UTC,ThuS,GBPUSD,8,4,False,29,48,60,0.09670632643096866,0.1,5.1,-1.12,7,11,2.47,False,False
TueS AUDUSD 20-00UTC,TueS,AUDUSD,20,4,False,29,48,60,0.09670632643096866,0.08,3.8,-0.35,5,11,-1.52,False,False
WedS GBPJPY 08-16UTC,WedS,GBPJPY,8,8,False,29,48,60,0.09670632643096866,0.07,3.4,-1.8,3,11,-4.89,False,False
WedS USDCHF 00-08UTC,WedS,USDCHF,0,8,False,29,48,60,0.09670632643096866,0.07,3.4,-1.59,6,11,1.47,False,False
ThuS USDJPY 16-00UTC,ThuS,USDJPY,16,8,False,29,48,60,0.09670632643096866,0.07,3.5,-0.94,5,11,-0.67,False,False
ThuS GBPJPY 12-16UTC,ThuS,GBPJPY,12,4,False,29,48,60,0.09670632643096866,0.06,3.0,-1.71,6,11,1.81,False,False
Wed EURJPY 16-20UTC,Wed,EURJPY,16,4,False,29,48,60,0.09670632643096866,0.05,2.5,-1.14,5,11,0.23,False,False
TueS EURUSD 20-00UTC,TueS,EURUSD,20,4,False,29,48,60,0.09670632643096866,0.05,2.5,-0.3,7,11,-0.54,False,False
TueS EURUSD 04-08UTC,TueS,EURUSD,4,4,False,29,48,60,0.09670632643096866,0.02,1.1,-0.93,8,11,1.37,False,False
TueS USDCHF 08-12UTC,TueS,USDCHF,8,4,False,29,48,60,0.09670632643096866,-0.0,-0.2,-1.54,7,11,0.72,False,False
WedS GER40 16-20UTC,WedS,GER40,16,4,False,29,48,60,0.09670632643096866,-0.02,-1.5,-8.91,4,11,0.17,False,False
Thu GER40 00-08UTC,Thu,GER40,0,8,False,29,48,60,0.09670632643096866,-0.1,-4.9,-5.46,6,11,-1.53,False,False
FriS GER40 00-08UTC,FriS,GER40,0,8,False,28,47,60,0.12148010864166281,0.24,11.6,-2.73,5,11,1.44,False,False
FriS GER40 00-04UTC,FriS,GER40,0,4,False,28,47,60,0.12148010864166281,0.21,10.2,-1.66,8,11,2.76,False,False
FriS EURUSD 08-12UTC,FriS,EURUSD,8,4,False,28,47,60,0.12148010864166281,0.18,8.6,-0.6,8,11,1.65,False,False
FriS GER40 04-08UTC,FriS,GER40,4,4,False,28,47,60,0.12148010864166281,0.16,7.3,-2.68,5,11,0.05,False,False
MonS USDCHF 08-12UTC,MonS,USDCHF,8,4,False,28,47,60,0.12148010864166281,0.16,7.6,-0.9,5,11,-0.07,False,False
FriS GBPUSD 08-12UTC,FriS,GBPUSD,8,4,False,28,47,60,0.12148010864166281,0.15,7.4,-1.0,6,11,1.85,False,False
MonS AUDUSD 12-16UTC,MonS,AUDUSD,12,4,False,28,47,60,0.12148010864166281,0.14,6.6,-1.44,5,11,0.02,False,False
MonS GBPUSD 00-04UTC,MonS,GBPUSD,0,4,False,28,47,60,0.12148010864166281,0.14,6.6,-0.48,5,11,-1.17,False,False
FriS NZDUSD 12-16UTC,FriS,NZDUSD,12,4,False,28,47,60,0.12148010864166281,0.14,6.7,-2.33,5,11,0.46,False,False
MonS AUDUSD 00-04UTC,MonS,AUDUSD,0,4,False,28,47,60,0.12148010864166281,0.13,6.3,-0.9,5,11,-1.86,False,False
Mon GBPJPY 04-08UTC,Mon,GBPJPY,4,4,True,28,47,60,0.12148010864166281,0.13,6.3,-2.33,5,11,0.18,False,False
MonS USDJPY 00-04UTC,MonS,USDJPY,0,4,False,28,47,60,0.12148010864166281,0.13,6.2,-0.98,8,11,2.85,False,False
MonS EURJPY 00-04UTC,MonS,EURJPY,0,4,False,28,47,60,0.12148010864166281,0.12,5.6,-1.18,5,11,0.72,False,False
FriS GBPJPY 08-16UTC,FriS,GBPJPY,8,8,False,28,47,60,0.12148010864166281,0.1,4.6,-1.97,8,11,0.37,False,False
MonS NZDUSD 00-04UTC,MonS,NZDUSD,0,4,False,28,47,60,0.12148010864166281,0.1,4.8,-1.54,5,11,-1.16,False,False
MonS USDCHF 04-08UTC,MonS,USDCHF,4,4,False,28,47,60,0.12148010864166281,0.09,4.5,-1.56,9,11,1.9,False,False
MonS EURUSD 08-16UTC,MonS,EURUSD,8,8,False,28,47,60,0.12148010864166281,0.06,2.7,-1.59,5,11,-0.35,False,False
FriS GBPUSD 16-20UTC,FriS,GBPUSD,16,4,False,28,47,60,0.12148010864166281,0.06,2.7,-1.07,6,11,0.58,False,False
MonS GBPUSD 04-08UTC,MonS,GBPUSD,4,4,False,28,47,60,0.12148010864166281,-0.01,-0.7,-2.11,4,11,0.26,False,False
MonS GER40 20-00UTC,MonS,GER40,20,4,False,28,47,60,0.12148010864166281,-0.02,-0.9,-1.36,7,11,2.1,False,False
ThuS AUDJPY 08-16UTC,ThuS,AUDJPY,8,8,False,28,48,58,0.15616340373663462,0.29,14.6,-2.47,7,11,6.36,False,False
TueS NZDUSD 08-16UTC,TueS,NZDUSD,8,8,False,28,48,58,0.15616340373663462,0.27,13.8,-2.32,7,11,0.17,False,False
ThuS US500 16-20UTC,ThuS,US500,16,4,False,28,48,58,0.15616340373663462,0.24,11.8,-2.15,7,11,4.52,False,False
TueS GER40 12-16UTC,TueS,GER40,12,4,False,28,48,58,0.15616340373663462,0.19,9.3,-2.45,6,11,3.75,False,False
TueS AUDJPY 04-08UTC,TueS,AUDJPY,4,4,False,28,48,58,0.15616340373663462,0.16,8.1,-1.51,5,11,0.62,False,False
TueS GER40 00-08UTC,TueS,GER40,0,8,False,28,48,58,0.15616340373663462,0.16,7.6,-2.76,7,11,4.41,False,False
TueS AUDJPY 08-16UTC,TueS,AUDJPY,8,8,False,28,48,58,0.15616340373663462,0.15,7.1,-1.81,5,11,-2.44,False,False
TueS EURJPY 08-16UTC,TueS,EURJPY,8,8,False,28,48,58,0.15616340373663462,0.15,7.3,-1.58,5,11,-1.6,False,False
WedS AUDUSD 20-00UTC,WedS,AUDUSD,20,4,False,28,48,58,0.15616340373663462,0.14,6.9,-0.59,8,11,1.63,False,False
ThuS GBPJPY 00-04UTC,ThuS,GBPJPY,0,4,False,28,48,58,0.15616340373663462,0.14,6.7,-1.02,6,11,0.4,False,False
TueS NZDUSD 04-08UTC,TueS,NZDUSD,4,4,False,28,48,58,0.15616340373663462,0.14,6.7,-0.97,7,11,2.79,False,False
TueS GBPUSD 08-12UTC,TueS,GBPUSD,8,4,False,28,48,58,0.15616340373663462,0.13,6.1,-1.41,7,11,2.09,False,False
WedS EURJPY 08-12UTC,WedS,EURJPY,8,4,False,28,48,58,0.15616340373663462,0.12,5.7,-1.03,6,11,-0.4,False,False
ThuS GBPUSD 08-16UTC,ThuS,GBPUSD,8,8,False,28,48,58,0.15616340373663462,0.11,5.2,-3.12,7,11,2.87,False,False
TueS GER40 04-08UTC,TueS,GER40,4,4,False,28,48,58,0.15616340373663462,0.11,5.2,-1.34,5,11,-0.41,False,False
TueS USDCHF 04-08UTC,TueS,USDCHF,4,4,False,28,48,58,0.15616340373663462,0.11,5.2,-0.58,6,11,0.91,False,False
TueS USDCHF 00-08UTC,TueS,USDCHF,0,8,False,28,48,58,0.15616340373663462,0.11,5.4,-0.5,7,11,0.61,False,False
ThuS AUDJPY 16-00UTC,ThuS,AUDJPY,16,8,False,28,48,58,0.15616340373663462,0.1,4.9,-1.43,7,11,0.78,False,False
ThuS USDCHF 04-08UTC,ThuS,USDCHF,4,4,False,28,48,58,0.15616340373663462,0.1,4.7,-1.17,6,11,0.43,False,False
ThuS AUDUSD 04-08UTC,ThuS,AUDUSD,4,4,False,28,48,58,0.15616340373663462,0.09,4.3,-1.02,6,11,1.33,False,False
Wed EURJPY 00-08UTC,Wed,EURJPY,0,8,False,28,48,58,0.15616340373663462,0.09,4.2,-2.45,4,11,-1.99,False,False
ThuS EURJPY 12-16UTC,ThuS,EURJPY,12,4,False,28,48,58,0.15616340373663462,0.09,4.4,-1.7,8,11,1.48,False,False
ThuS EURUSD 00-08UTC,ThuS,EURUSD,0,8,False,28,48,58,0.15616340373663462,0.08,3.9,-1.51,7,11,1.41,False,False
ThuS GBPUSD 00-08UTC,ThuS,GBPUSD,0,8,False,28,48,58,0.15616340373663462,0.08,3.8,-1.33,8,11,1.49,False,False
ThuS USDCHF 12-16UTC,ThuS,USDCHF,12,4,False,28,48,58,0.15616340373663462,0.08,3.5,-1.96,7,11,2.02,False,False
WedS AUDJPY 08-16UTC,WedS,AUDJPY,8,8,False,28,48,58,0.15616340373663462,0.07,3.2,-1.99,5,11,-2.41,False,False
WedS AUDUSD 16-20UTC,WedS,AUDUSD,16,4,False,28,48,58,0.15616340373663462,0.07,3.4,-1.76,7,11,3.48,False,False
WedS NZDUSD 04-08UTC,WedS,NZDUSD,4,4,False,28,48,58,0.15616340373663462,0.07,3.5,-1.09,5,11,0.32,False,False
WedS USDJPY 04-08UTC,WedS,USDJPY,4,4,False,28,48,58,0.15616340373663462,0.07,3.2,-0.92,7,11,1.4,False,False
ThuS EURJPY 04-08UTC,ThuS,EURJPY,4,4,False,28,48,58,0.15616340373663462,0.06,2.7,-1.78,4,11,-1.17,False,False
WedS US500 08-12UTC,WedS,US500,8,4,False,28,48,58,0.15616340373663462,0.06,2.7,-2.19,6,11,0.67,False,False
ThuS GBPJPY 04-08UTC,ThuS,GBPJPY,4,4,False,28,48,58,0.15616340373663462,0.05,2.2,-1.2,4,11,-1.38,False,False
Tue USDJPY 08-16UTC,Tue,USDJPY,8,8,False,28,48,58,0.15616340373663462,0.05,2.0,-2.43,6,11,0.04,False,False
TueS EURJPY 04-08UTC,TueS,EURJPY,4,4,False,28,48,58,0.15616340373663462,0.02,0.8,-1.17,6,11,0.29,False,False
ThuS GBPUSD 16-00UTC,ThuS,GBPUSD,16,8,False,28,48,58,0.15616340373663462,0.02,1.0,-1.39,7,11,1.73,False,False
WedS USDJPY 16-20UTC,WedS,USDJPY,16,4,False,28,48,58,0.15616340373663462,0.02,0.8,-2.31,2,11,-2.54,False,False
ThuS GBPJPY 16-00UTC,ThuS,GBPJPY,16,8,False,28,48,58,0.15616340373663462,0.01,0.6,-1.19,7,11,0.26,False,False
WedS AUDJPY 00-04UTC,WedS,AUDJPY,0,4,False,28,48,58,0.15616340373663462,-0.02,-1.2,-3.74,6,11,-0.1,False,False
Tue AUDUSD 16-00UTC,Tue,AUDUSD,16,8,False,28,48,58,0.15616340373663462,-0.04,-1.8,-1.75,6,11,3.28,False,False
Wed EURJPY 04-08UTC,Wed,EURJPY,4,4,False,28,48,58,0.15616340373663462,-0.06,-2.8,-2.81,3,11,-1.52,False,False
Mon USDJPY 08-16UTC,Mon,USDJPY,8,8,True,27,47,57,0.19084669883160643,0.23,11.3,-1.43,4,11,-1.14,False,False
FriS AUDUSD 12-16UTC,FriS,AUDUSD,12,4,False,27,47,57,0.19084669883160643,0.17,8.2,-1.94,5,11,0.54,False,False
FriS AUDUSD 00-08UTC,FriS,AUDUSD,0,8,False,27,47,57,0.19084669883160643,0.17,8.1,-1.64,8,11,3.46,False,False
MonS AUDJPY 00-04UTC,MonS,AUDJPY,0,4,False,27,47,57,0.19084669883160643,0.16,7.9,-1.61,5,11,-0.19,False,False
Mon US500 08-16UTC,Mon,US500,8,8,True,27,47,57,0.19084669883160643,0.13,5.8,-4.16,7,11,8.7,False,False
FriS GBPJPY 00-08UTC,FriS,GBPJPY,0,8,False,27,47,57,0.19084669883160643,0.12,5.8,-1.14,6,11,0.16,False,False
MonS NZDUSD 16-20UTC,MonS,NZDUSD,16,4,False,27,47,57,0.19084669883160643,0.12,5.6,-0.9,8,11,0.33,False,False
Mon AUDJPY 12-16UTC,Mon,AUDJPY,12,4,False,27,47,57,0.19084669883160643,0.11,5.2,-1.79,6,11,0.75,False,False
FriS GER40 12-16UTC,FriS,GER40,12,4,False,27,47,57,0.19084669883160643,0.11,5.2,-2.54,7,11,4.04,False,False
MonS NZDUSD 08-12UTC,MonS,NZDUSD,8,4,False,27,47,57,0.19084669883160643,0.11,5.1,-0.96,6,11,-0.73,False,False
MonS USDCHF 00-08UTC,MonS,USDCHF,0,8,False,27,47,57,0.19084669883160643,0.11,5.3,-1.22,8,11,4.09,False,False
FriS USDJPY 00-04UTC,FriS,USDJPY,0,4,False,27,47,57,0.19084669883160643,0.09,4.3,-1.03,5,11,0.06,False,False
MonS EURUSD 00-04UTC,MonS,EURUSD,0,4,False,27,47,57,0.19084669883160643,0.07,3.5,-0.56,4,11,-1.15,False,False
MonS AUDJPY 16-00UTC,MonS,AUDJPY,16,8,False,27,47,57,0.19084669883160643,0.02,0.9,-1.67,4,11,-1.3,False,False
Fri EURJPY 08-16UTC,Fri,EURJPY,8,8,False,27,47,57,0.19084669883160643,-0.04,-2.0,-2.54,3,11,-1.31,False,False
TueS AUDUSD 08-16UTC,TueS,AUDUSD,8,8,False,27,48,56,0.2354395068108559,0.29,14.5,-1.92,4,11,-1.31,False,False
TueS EURUSD 08-12UTC,TueS,EURUSD,8,4,False,27,48,56,0.2354395068108559,0.17,8.6,-0.96,6,11,0.96,False,False
ThuS GBPJPY 08-12UTC,ThuS,GBPJPY,8,4,False,27,48,56,0.2354395068108559,0.17,8.3,-1.72,6,11,3.95,False,False
ThuS AUDUSD 12-16UTC,ThuS,AUDUSD,12,4,False,27,48,56,0.2354395068108559,0.15,7.1,-2.99,6,11,2.21,False,False
ThuS USDJPY 08-16UTC,ThuS,USDJPY,8,8,False,27,48,56,0.2354395068108559,0.15,6.9,-2.71,6,11,3.22,False,False
ThuS GBPJPY 00-08UTC,ThuS,GBPJPY,0,8,False,27,48,56,0.2354395068108559,0.14,6.5,-2.09,5,11,-1.39,False,False
ThuS USDJPY 08-12UTC,ThuS,USDJPY,8,4,False,27,48,56,0.2354395068108559,0.14,6.9,-0.99,5,11,2.25,False,False
TueS EURJPY 12-16UTC,TueS,EURJPY,12,4,False,27,48,56,0.2354395068108559,0.13,6.3,-1.18,5,11,-1.06,False,False
ThuS GER40 16-20UTC,ThuS,GER40,16,4,False,27,48,56,0.2354395068108559,0.13,6.5,-1.11,6,11,3.58,False,False
TueS AUDJPY 08-12UTC,TueS,AUDJPY,8,4,False,27,48,56,0.2354395068108559,0.12,6.0,-1.07,4,11,-0.24,False,False
TueS AUDJPY 12-16UTC,TueS,AUDJPY,12,4,False,27,48,56,0.2354395068108559,0.12,5.5,-1.32,4,11,-1.32,False,False
Tue AUDJPY 16-00UTC,Tue,AUDJPY,16,8,False,27,48,56,0.2354395068108559,0.12,5.8,-0.92,9,11,3.66,False,False
ThuS AUDJPY 12-16UTC,ThuS,AUDJPY,12,4,False,27,48,56,0.2354395068108559,0.12,5.8,-1.62,6,11,2.72,False,False
Tue EURJPY 16-00UTC,Tue,EURJPY,16,8,False,27,48,56,0.2354395068108559,0.12,5.9,-0.82,7,11,0.92,False,False
ThuS US500 12-16UTC,ThuS,US500,12,4,False,27,48,56,0.2354395068108559,0.12,5.6,-3.12,7,11,4.15,False,False
ThuS EURUSD 12-16UTC,ThuS,EURUSD,12,4,False,27,48,56,0.2354395068108559,0.11,5.1,-2.37,6,11,0.79,False,False
WedS GER40 00-08UTC,WedS,GER40,0,8,False,27,48,56,0.2354395068108559,0.11,5.2,-2.29,4,11,-0.91,False,False
Wed USDJPY 00-08UTC,Wed,USDJPY,0,8,False,27,48,56,0.2354395068108559,0.11,5.3,-2.48,4,11,-1.63,False,False
WedS GER40 20-00UTC,WedS,GER40,20,4,False,27,48,56,0.2354395068108559,0.1,4.8,-0.85,8,11,2.33,False,False
WedS USDCHF 16-20UTC,WedS,USDCHF,16,4,False,27,48,56,0.2354395068108559,0.1,4.9,-2.4,5,11,-1.48,False,False
Wed EURJPY 00-04UTC,Wed,EURJPY,0,4,False,27,48,56,0.2354395068108559,0.09,4.4,-1.11,3,11,-1.03,False,False
WedS GBPUSD 04-08UTC,WedS,GBPUSD,4,4,False,27,48,56,0.2354395068108559,0.09,4.2,-0.58,8,11,1.18,False,False
TueS USDCHF 12-16UTC,TueS,USDCHF,12,4,False,27,48,56,0.2354395068108559,0.09,4.1,-1.3,8,11,2.55,False,False
WedS USDJPY 08-12UTC,WedS,USDJPY,8,4,False,27,48,56,0.2354395068108559,0.07,3.5,-1.09,5,11,-1.64,False,False
WedS AUDUSD 08-16UTC,WedS,AUDUSD,8,8,False,27,48,56,0.2354395068108559,0.06,2.7,-1.92,9,11,1.88,False,False
ThuS GBPUSD 00-04UTC,ThuS,GBPUSD,0,4,False,27,48,56,0.2354395068108559,0.06,2.7,-0.47,6,11,1.46,False,False
TueS EURUSD 16-20UTC,TueS,EURUSD,16,4,False,27,48,56,0.2354395068108559,0.05,2.4,-0.74,8,11,0.61,False,False
ThuS GBPJPY 20-00UTC,ThuS,GBPJPY,20,4,False,27,48,56,0.2354395068108559,0.05,2.4,-0.72,6,11,0.34,False,False
ThuS GBPUSD 16-20UTC,ThuS,GBPUSD,16,4,False,27,48,56,0.2354395068108559,0.05,2.5,-1.48,7,11,1.84,False,False
WedS USDCHF 08-12UTC,WedS,USDCHF,8,4,False,27,48,56,0.2354395068108559,0.05,2.4,-0.9,4,11,-1.08,False,False
WedS USDCHF 00-04UTC,WedS,USDCHF,0,4,False,27,48,56,0.2354395068108559,0.04,1.8,-1.3,8,11,1.42,False,False
ThuS USDCHF 08-16UTC,ThuS,USDCHF,8,8,False,27,48,56,0.2354395068108559,0.04,1.6,-2.09,6,11,1.56,False,False
ThuS USDJPY 04-08UTC,ThuS,USDJPY,4,4,False,27,48,56,0.2354395068108559,0.04,1.7,-1.4,5,11,-1.13,False,False
TueS GBPJPY 08-12UTC,TueS,GBPJPY,8,4,False,27,48,56,0.2354395068108559,0.03,1.5,-1.57,6,11,1.16,False,False
TueS GBPUSD 00-08UTC,TueS,GBPUSD,0,8,False,27,48,56,0.2354395068108559,0.03,1.5,-1.45,8,11,3.51,False,False
Wed AUDJPY 12-16UTC,Wed,AUDJPY,12,4,False,27,48,56,0.2354395068108559,0.02,0.7,-1.58,9,11,1.63,False,False
Wed GBPUSD 12-16UTC,Wed,GBPUSD,12,4,False,27,48,56,0.2354395068108559,0.02,1.1,-1.28,6,11,0.64,False,False
Tue USDCHF 08-16UTC,Tue,USDCHF,8,8,False,27,48,56,0.2354395068108559,0.01,0.5,-1.99,2,11,-2.06,False,False
TueS AUDJPY 20-00UTC,TueS,AUDJPY,20,4,False,27,48,56,0.2354395068108559,0.0,0.0,-1.0,6,11,-1.04,False,False
WedS EURJPY 08-16UTC,WedS,EURJPY,8,8,False,27,48,56,0.2354395068108559,-0.01,-0.4,-2.15,6,11,-1.29,False,False
Tue GER40 08-16UTC,Tue,GER40,8,8,False,27,48,56,0.2354395068108559,-0.01,-1.5,-5.03,4,11,-5.87,False,False
WedS NZDUSD 12-16UTC,WedS,NZDUSD,12,4,False,27,48,56,0.2354395068108559,-0.02,-0.9,-2.45,7,11,1.61,False,False
WedS US500 08-16UTC,WedS,US500,8,8,False,27,48,56,0.2354395068108559,-0.03,-1.9,-3.03,5,11,-0.03,False,False
Tue EURJPY 00-04UTC,Tue,EURJPY,0,4,False,27,48,56,0.2354395068108559,-0.05,-2.3,-2.27,3,11,-1.52,False,False
Thu US500 00-08UTC,Thu,US500,0,8,False,27,48,56,0.2354395068108559,-0.08,-4.1,-3.36,7,11,0.07,False,False
Thu GER40 00-04UTC,Thu,GER40,0,4,False,27,48,56,0.2354395068108559,-0.09,-4.4,-3.48,6,11,-5.86,False,False
FriS NZDUSD 08-16UTC,FriS,NZDUSD,8,8,False,26,47,55,0.2800323147901054,0.26,12.4,-2.22,7,11,0.51,False,False
MonS NZDUSD 08-16UTC,MonS,NZDUSD,8,8,False,26,47,55,0.2800323147901054,0.23,11.0,-1.43,4,11,-1.67,False,False
Mon GBPJPY 08-12UTC,Mon,GBPJPY,8,4,True,26,47,55,0.2800323147901054,0.15,7.2,-1.26,9,11,2.15,False,False
FriS USDJPY 12-16UTC,FriS,USDJPY,12,4,False,26,47,55,0.2800323147901054,0.13,6.0,-2.61,6,11,2.72,False,False
FriS AUDUSD 00-04UTC,FriS,AUDUSD,0,4,False,26,47,55,0.2800323147901054,0.12,5.7,-1.11,7,11,2.0,False,False
MonS GER40 08-12UTC,MonS,GER40,8,4,False,26,47,55,0.2800323147901054,0.12,5.2,-3.67,3,11,-6.82,False,False
FriS USDCHF 08-16UTC,FriS,USDCHF,8,8,False,26,47,55,0.2800323147901054,0.12,5.4,-2.12,7,11,3.05,False,False
FriS EURJPY 16-20UTC,FriS,EURJPY,16,4,False,26,47,55,0.2800323147901054,0.1,4.6,-0.72,5,11,0.4,False,False
Mon GBPJPY 12-16UTC,Mon,GBPJPY,12,4,False,26,47,55,0.2800323147901054,0.1,4.6,-0.86,8,11,1.89,False,False
FriS US500 00-08UTC,FriS,US500,0,8,False,26,47,55,0.2800323147901054,0.1,4.8,-1.05,8,11,3.39,False,False
FriS GBPJPY 00-04UTC,FriS,GBPJPY,0,4,False,26,47,55,0.2800323147901054,0.09,4.4,-0.78,6,11,0.38,False,False
MonS NZDUSD 04-08UTC,MonS,NZDUSD,4,4,False,26,47,55,0.2800323147901054,0.09,4.0,-0.98,7,11,1.09,False,False
FriS USDCHF 04-08UTC,FriS,USDCHF,4,4,False,26,47,55,0.2800323147901054,0.09,4.2,-0.52,7,11,1.4,False,False
FriS EURJPY 08-12UTC,FriS,EURJPY,8,4,False,26,47,55,0.2800323147901054,0.08,3.5,-1.19,7,11,0.3,False,False
FriS GBPJPY 04-08UTC,FriS,GBPJPY,4,4,False,26,47,55,0.2800323147901054,0.08,3.7,-0.92,7,11,0.23,False,False
Mon US500 12-16UTC,Mon,US500,12,4,False,26,47,55,0.2800323147901054,0.08,3.5,-3.51,7,11,3.56,False,False
MonS USDCHF 16-20UTC,MonS,USDCHF,16,4,False,26,47,55,0.2800323147901054,0.08,3.6,-0.56,8,11,2.25,False,False
FriS EURUSD 08-16UTC,FriS,EURUSD,8,8,False,26,47,55,0.2800323147901054,0.07,3.1,-2.47,6,11,0.5,False,False
Mon GER40 12-16UTC,Mon,GER40,12,4,False,26,47,55,0.2800323147901054,0.07,3.0,-2.28,6,11,0.5,False,False
Mon EURJPY 16-00UTC,Mon,EURJPY,16,8,False,26,47,55,0.2800323147901054,0.04,2.0,-0.76,9,11,1.02,False,False
Mon USDJPY 08-12UTC,Mon,USDJPY,8,4,True,26,47,55,0.2800323147901054,0.02,0.9,-1.44,5,11,-1.43,False,False
Mon USDJPY 16-20UTC,Mon,USDJPY,16,4,False,26,47,55,0.2800323147901054,0.02,1.1,-0.5,5,11,-0.48,False,False
MonS EURJPY 00-08UTC,MonS,EURJPY,0,8,False,26,47,55,0.2800323147901054,0.01,0.3,-1.41,6,11,-0.1,False,False
MonS EURUSD 08-12UTC,MonS,EURUSD,8,4,False,26,47,55,0.2800323147901054,0.01,0.6,-1.27,7,11,0.03,False,False
MonS EURUSD 20-00UTC,MonS,EURUSD,20,4,False,26,47,55,0.2800323147901054,0.01,0.6,-0.43,10,11,1.13,False,False
MonS USDJPY 16-00UTC,MonS,USDJPY,16,8,False,26,47,55,0.2800323147901054,0.01,0.3,-1.06,4,11,-0.25,False,False
MonS GBPJPY 00-08UTC,MonS,GBPJPY,0,8,False,26,47,55,0.2800323147901054,-0.01,-0.4,-1.87,5,11,0.12,False,False
Fri USDJPY 00-08UTC,Fri,USDJPY,0,8,False,26,47,55,0.2800323147901054,-0.01,-0.8,-1.84,6,11,1.08,False,False
Fri USDJPY 16-20UTC,Fri,USDJPY,16,4,False,26,47,55,0.2800323147901054,-0.05,-2.6,-1.69,8,11,0.45,False,False
MonS GER40 08-16UTC,MonS,GER40,8,8,False,26,47,55,0.2800323147901054,-0.08,-4.3,-4.33,5,11,-8.74,False,False
ThuS GBPJPY 08-16UTC,ThuS,GBPJPY,8,8,False,26,48,54,0.3327329060383093,0.18,8.9,-2.65,8,11,5.42,False,False
WedS AUDUSD 00-08UTC,WedS,AUDUSD,0,8,False,26,48,54,0.3327329060383093,0.13,6.0,-2.89,5,11,-1.26,False,False
ThuS US500 20-00UTC,ThuS,US500,20,4,False,26,48,54,0.3327329060383093,0.13,6.5,-0.97,4,11,-0.73,False,False
ThuS NZDUSD 12-16UTC,ThuS,NZDUSD,12,4,False,26,48,54,0.3327329060383093,0.12,5.9,-3.06,7,11,2.14,False,False
Wed GBPJPY 16-20UTC,Wed,GBPJPY,16,4,False,26,48,54,0.3327329060383093,0.1,4.8,-1.1,8,11,0.52,False,False
ThuS GER40 12-16UTC,ThuS,GER40,12,4,False,26,48,54,0.3327329060383093,0.1,4.8,-3.15,5,11,-0.22,False,False
WedS USDJPY 08-16UTC,WedS,USDJPY,8,8,False,26,48,54,0.3327329060383093,0.1,4.8,-2.1,3,11,-3.18,False,False
TueS AUDJPY 00-04UTC,TueS,AUDJPY,0,4,False,26,48,54,0.3327329060383093,0.09,4.4,-1.28,9,11,3.53,False,False
TueS GBPUSD 16-00UTC,TueS,GBPUSD,16,8,False,26,48,54,0.3327329060383093,0.09,4.2,-0.64,6,11,-0.91,False,False
WedS NZDUSD 08-16UTC,WedS,NZDUSD,8,8,False,26,48,54,0.3327329060383093,0.09,4.1,-1.93,8,11,2.59,False,False
TueS US500 16-20UTC,TueS,US500,16,4,False,26,48,54,0.3327329060383093,0.09,3.9,-3.08,4,11,-5.72,False,False
Wed AUDJPY 00-08UTC,Wed,AUDJPY,0,8,False,26,48,54,0.3327329060383093,0.08,3.7,-3.05,7,11,0.74,False,False
ThuS US500 08-12UTC,ThuS,US500,8,4,False,26,48,54,0.3327329060383093,0.08,3.9,-1.44,9,11,2.33,False,False
TueS USDJPY 04-08UTC,TueS,USDJPY,4,4,False,26,48,54,0.3327329060383093,0.08,3.7,-0.55,5,11,-0.18,False,False
Thu AUDUSD 00-08UTC,Thu,AUDUSD,0,8,False,26,48,54,0.3327329060383093,0.06,3.0,-1.26,5,11,-1.36,False,False
Wed GBPUSD 16-00UTC,Wed,GBPUSD,16,8,False,26,48,54,0.3327329060383093,0.06,3.0,-1.14,2,11,-3.05,False,False
Tue USDJPY 16-00UTC,Tue,USDJPY,16,8,False,26,48,54,0.3327329060383093,0.06,3.0,-1.12,5,11,-0.67,False,False
ThuS EURUSD 16-20UTC,ThuS,EURUSD,16,4,False,26,48,54,0.3327329060383093,0.05,2.5,-1.12,6,11,0.41,False,False
Tue GBPJPY 16-00UTC,Tue,GBPJPY,16,8,False,26,48,54,0.3327329060383093,0.05,2.6,-1.59,6,11,1.03,False,False
Wed GBPJPY 00-08UTC,Wed,GBPJPY,0,8,False,26,48,54,0.3327329060383093,0.05,2.1,-2.25,4,11,-1.62,False,False
ThuS AUDJPY 00-04UTC,ThuS,AUDJPY,0,4,False,26,48,54,0.3327329060383093,0.04,1.6,-1.77,6,11,-0.01,False,False
TueS GBPUSD 04-08UTC,TueS,GBPUSD,4,4,False,26,48,54,0.3327329060383093,0.04,2.1,-0.89,7,11,3.13,False,False
ThuS USDJPY 16-20UTC,ThuS,USDJPY,16,4,False,26,48,54,0.3327329060383093,0.04,2.0,-0.68,4,11,-0.66,False,False
Tue US500 16-00UTC,Tue,US500,16,8,False,26,48,54,0.3327329060383093,0.03,1.2,-4.36,8,11,9.93,False,False
WedS US500 12-16UTC,WedS,US500,12,4,False,26,48,54,0.3327329060383093,0.03,1.4,-3.49,5,11,0.72,False,False
WedS US500 16-20UTC,WedS,US500,16,4,False,26,48,54,0.3327329060383093,0.03,0.6,-9.01,4,11,1.24,False,False
ThuS EURJPY 20-00UTC,ThuS,EURJPY,20,4,False,26,48,54,0.3327329060383093,0.02,1.1,-0.72,6,11,-0.02,False,False
TueS GER40 20-00UTC,TueS,GER40,20,4,False,26,48,54,0.3327329060383093,0.02,0.8,-1.42,7,11,-3.26,False,False
TueS USDJPY 20-00UTC,TueS,USDJPY,20,4,False,26,48,54,0.3327329060383093,0.02,0.7,-0.65,7,11,1.54,False,False
WedS AUDJPY 16-20UTC,WedS,AUDJPY,16,4,False,26,48,54,0.3327329060383093,-0.0,-0.3,-4.21,4,11,-0.19,False,False
Tue GBPJPY 16-20UTC,Tue,GBPJPY,16,4,False,26,48,54,0.3327329060383093,0.0,-0.0,-1.15,7,11,0.95,False,False
Tue EURJPY 00-08UTC,Tue,EURJPY,0,8,False,26,48,54,0.3327329060383093,-0.01,-0.5,-2.9,3,11,-1.3,False,False
Tue GBPJPY 00-04UTC,Tue,GBPJPY,0,4,False,26,48,54,0.3327329060383093,-0.01,-0.7,-2.29,4,11,-1.27,False,False
Tue GBPJPY 00-08UTC,Tue,GBPJPY,0,8,False,26,48,54,0.3327329060383093,-0.01,-0.5,-2.78,2,11,-2.86,False,False
Wed AUDJPY 04-08UTC,Wed,AUDJPY,4,4,False,26,48,54,0.3327329060383093,-0.03,-1.6,-2.69,6,11,-0.25,False,False
Tue GBPUSD 12-16UTC,Tue,GBPUSD,12,4,False,26,48,54,0.3327329060383093,-0.03,-1.8,-2.63,5,11,-0.31,False,False
Tue USDJPY 00-04UTC,Tue,USDJPY,0,4,False,26,48,54,0.3327329060383093,-0.04,-1.9,-2.14,5,11,-1.07,False,False
Wed GBPUSD 08-16UTC,Wed,GBPUSD,8,8,False,26,48,54,0.3327329060383093,-0.05,-2.5,-1.93,6,11,0.94,False,False
WedS GBPJPY 00-04UTC,WedS,GBPJPY,0,4,False,26,48,54,0.3327329060383093,-0.08,-3.7,-2.19,7,11,0.41,False,False
Tue NZDUSD 16-00UTC,Tue,NZDUSD,16,8,False,26,48,54,0.3327329060383093,-0.08,-3.7,-1.99,4,11,-0.0,False,False
FriS USDCHF 12-16UTC,FriS,USDCHF,12,4,False,25,47,53,0.3854334972865132,0.15,7.2,-1.65,8,11,3.36,False,False
MonS GER40 00-08UTC,MonS,GER40,0,8,False,25,47,53,0.3854334972865132,0.14,6.6,-1.37,4,11,-2.13,False,False
Mon GBPJPY 16-00UTC,Mon,GBPJPY,16,8,False,25,47,53,0.3854334972865132,0.12,5.8,-0.68,6,11,1.2,False,False
FriS GBPUSD 08-16UTC,FriS,GBPUSD,8,8,False,25,47,53,0.3854334972865132,0.12,5.6,-2.13,4,11,-0.47,False,False
FriS US500 00-04UTC,FriS,US500,0,4,False,25,47,53,0.3854334972865132,0.12,5.7,-1.19,6,11,1.68,False,False
FriS AUDJPY 04-08UTC,FriS,AUDJPY,4,4,False,25,47,53,0.3854334972865132,0.07,3.1,-1.43,6,11,1.16,False,False
MonS AUDUSD 08-16UTC,MonS,AUDUSD,8,8,False,25,47,53,0.3854334972865132,0.07,3.2,-1.49,4,11,-2.33,False,False
FriS EURJPY 00-04UTC,FriS,EURJPY,0,4,False,25,47,53,0.3854334972865132,0.07,3.5,-0.96,6,11,0.47,False,False
Mon GER40 16-00UTC,Mon,GER40,16,8,False,25,47,53,0.3854334972865132,0.07,2.9,-2.76,5,11,0.35,False,False
FriS GBPJPY 08-12UTC,FriS,GBPJPY,8,4,False,25,47,53,0.3854334972865132,0.06,2.7,-1.16,5,11,0.54,False,False
Mon AUDJPY 08-12UTC,Mon,AUDJPY,8,4,True,25,47,53,0.3854334972865132,0.05,2.5,-1.19,7,11,0.63,False,False
Mon GBPUSD 08-12UTC,Mon,GBPUSD,8,4,True,25,47,53,0.3854334972865132,0.05,2.3,-0.87,8,11,2.73,False,False
Mon GBPUSD 16-00UTC,Mon,GBPUSD,16,8,False,25,47,53,0.3854334972865132,0.05,2.3,-0.77,5,11,0.11,False,False
MonS NZDUSD 00-08UTC,MonS,NZDUSD,0,8,False,25,47,53,0.3854334972865132,0.05,2.2,-1.98,5,11,-1.71,False,False
Mon EURJPY 04-08UTC,Mon,EURJPY,4,4,True,25,47,53,0.3854334972865132,0.04,2.0,-2.28,7,11,0.28,False,False
MonS GBPUSD 16-20UTC,MonS,GBPUSD,16,4,False,25,47,53,0.3854334972865132,0.04,2.0,-0.7,6,11,-0.95,False,False
FriS GBPUSD 12-16UTC,FriS,GBPUSD,12,4,False,25,47,53,0.3854334972865132,0.04,1.6,-1.99,3,11,-1.6,False,False
MonS EURUSD 16-00UTC,MonS,EURUSD,16,8,False,25,47,53,0.3854334972865132,0.03,1.4,-0.73,8,11,0.08,False,False
MonS EURJPY 16-20UTC,MonS,EURJPY,16,4,False,25,47,53,0.3854334972865132,-0.01,-0.4,-0.59,3,11,-0.68,False,False
FriS USDJPY 08-12UTC,FriS,USDJPY,8,4,False,25,47,53,0.3854334972865132,-0.01,-0.7,-1.22,7,11,-0.43,False,False
Fri EURJPY 12-16UTC,Fri,EURJPY,12,4,False,25,47,53,0.3854334972865132,-0.02,-1.1,-2.05,3,11,-1.51,False,False
FriS EURUSD 12-16UTC,FriS,EURUSD,12,4,False,25,47,53,0.3854334972865132,-0.03,-1.4,-2.7,4,11,-0.33,False,False
Fri EURJPY 04-08UTC,Fri,EURJPY,4,4,False,25,47,53,0.3854334972865132,-0.04,-2.0,-1.23,5,11,0.37,False,False
Fri EURJPY 00-08UTC,Fri,EURJPY,0,8,False,25,47,53,0.3854334972865132,-0.06,-2.8,-2.61,6,11,0.41,False,False
Mon USDCHF 08-16UTC,Mon,USDCHF,8,8,True,25,47,53,0.3854334972865132,-0.06,-2.9,-1.41,6,11,-0.32,False,False
Mon EURUSD 00-08UTC,Mon,EURUSD,0,8,False,25,47,53,0.3854334972865132,-0.07,-3.2,-0.91,8,11,1.78,False,False
Fri AUDJPY 00-08UTC,Fri,AUDJPY,0,8,False,25,47,53,0.3854334972865132,-0.09,-4.2,-3.49,4,11,-1.28,False,False
TueS AUDJPY 00-08UTC,TueS,AUDJPY,0,8,False,25,48,52,0.4427167486432566,0.16,8.0,-2.74,8,11,3.22,False,False
WedS EURJPY 16-00UTC,WedS,EURJPY,16,8,False,25,48,52,0.4427167486432566,0.14,7.1,-1.37,5,11,0.7,False,False
WedS GBPJPY 16-00UTC,WedS,GBPJPY,16,8,False,25,48,52,0.4427167486432566,0.14,6.8,-1.44,7,11,1.33,False,False
ThuS GER40 08-16UTC,ThuS,GER40,8,8,False,25,48,52,0.4427167486432566,0.14,6.2,-3.33,5,11,0.17,False,False
ThuS GER40 04-08UTC,ThuS,GER40,4,4,False,25,48,52,0.4427167486432566,0.13,6.4,-2.51,3,11,-3.17,False,False
WedS NZDUSD 16-00UTC,WedS,NZDUSD,16,8,False,25,48,52,0.4427167486432566,0.12,5.8,-1.24,8,11,4.57,False,False
TueS GBPUSD 16-20UTC,TueS,GBPUSD,16,4,False,25,48,52,0.4427167486432566,0.1,4.9,-0.7,6,11,0.18,False,False
TueS NZDUSD 16-20UTC,TueS,NZDUSD,16,4,False,25,48,52,0.4427167486432566,0.1,4.8,-0.69,8,11,1.15,False,False
TueS AUDUSD 16-20UTC,TueS,AUDUSD,16,4,False,25,48,52,0.4427167486432566,0.09,4.2,-0.75,7,11,-0.34,False,False
TueS GBPUSD 08-16UTC,TueS,GBPUSD,8,8,False,25,48,52,0.4427167486432566,0.09,4.3,-2.8,8,11,1.66,False,False
ThuS US500 08-16UTC,ThuS,US500,8,8,False,25,48,52,0.4427167486432566,0.08,3.3,-3.27,7,11,5.17,False,False
Wed EURUSD 12-16UTC,Wed,EURUSD,12,4,False,25,48,52,0.4427167486432566,0.07,3.5,-1.11,5,11,-1.47,False,False
Tue GER40 16-00UTC,Tue,GER40,16,8,False,25,48,52,0.4427167486432566,0.07,3.5,-2.89,6,11,7.58,False,False
ThuS EURUSD 00-04UTC,ThuS,EURUSD,0,4,False,25,48,52,0.4427167486432566,0.06,2.8,-0.43,7,11,1.36,False,False
ThuS USDCHF 08-12UTC,ThuS,USDCHF,8,4,False,25,48,52,0.4427167486432566,0.06,2.8,-1.48,5,11,0.68,False,False
ThuS USDJPY 12-16UTC,ThuS,USDJPY,12,4,False,25,48,52,0.4427167486432566,0.06,3.0,-1.67,8,11,1.52,False,False
Wed EURUSD 16-00UTC,Wed,EURUSD,16,8,False,25,48,52,0.4427167486432566,0.05,2.5,-1.25,3,11,-2.59,False,False
Wed GER40 08-12UTC,Wed,GER40,8,4,False,25,48,52,0.4427167486432566,0.05,2.0,-2.04,6,11,-0.28,False,False
WedS NZDUSD 16-20UTC,WedS,NZDUSD,16,4,False,25,48,52,0.4427167486432566,0.05,2.4,-1.22,8,11,3.43,False,False
TueS USDJPY 00-08UTC,TueS,USDJPY,0,8,False,25,48,52,0.4427167486432566,0.05,2.5,-1.03,5,11,0.25,False,False
TueS GBPJPY 04-08UTC,TueS,GBPJPY,4,4,False,25,48,52,0.4427167486432566,0.04,2.0,-1.51,5,11,2.07,False,False
Wed GER40 16-00UTC,Wed,GER40,16,8,False,25,48,52,0.4427167486432566,0.04,1.7,-1.78,7,11,-1.16,False,False
Tue AUDJPY 16-20UTC,Tue,AUDJPY,16,4,False,25,48,52,0.4427167486432566,0.03,1.4,-1.34,6,11,1.67,False,False
ThuS AUDJPY 04-08UTC,ThuS,AUDJPY,4,4,False,25,48,52,0.4427167486432566,0.03,1.3,-1.65,4,11,-0.87,False,False
TueS GER40 16-20UTC,TueS,GER40,16,4,False,25,48,52,0.4427167486432566,0.03,1.5,-2.67,5,11,-2.71,False,False
TueS USDJPY 12-16UTC,TueS,USDJPY,12,4,False,25,48,52,0.4427167486432566,0.03,1.3,-2.46,7,11,0.59,False,False
Tue USDJPY 16-20UTC,Tue,USDJPY,16,4,False,25,48,52,0.4427167486432566,0.02,0.9,-0.86,4,11,0.24,False,False
WedS EURUSD 16-20UTC,WedS,EURUSD,16,4,False,25,48,52,0.4427167486432566,0.01,0.3,-1.12,9,11,3.26,False,False
Tue GBPJPY 12-16UTC,Tue,GBPJPY,12,4,False,25,48,52,0.4427167486432566,0.01,0.5,-1.71,5,11,-0.07,False,False
Wed GBPJPY 12-16UTC,Wed,GBPJPY,12,4,False,25,48,52,0.4427167486432566,0.01,0.5,-1.28,7,11,2.5,False,False
ThuS NZDUSD 00-08UTC,ThuS,NZDUSD,0,8,False,25,48,52,0.4427167486432566,0.01,0.3,-1.87,7,11,1.74,False,False
WedS US500 16-00UTC,WedS,US500,16,8,False,25,48,52,0.4427167486432566,-0.0,-0.9,-7.68,6,11,2.27,False,False
WedS AUDUSD 12-16UTC,WedS,AUDUSD,12,4,False,25,48,52,0.4427167486432566,-0.01,-0.7,-2.38,7,11,0.44,False,False
Thu GBPJPY 16-20UTC,Thu,GBPJPY,16,4,False,25,48,52,0.4427167486432566,-0.01,-0.6,-1.77,5,11,-0.36,False,False
ThuS NZDUSD 00-04UTC,ThuS,NZDUSD,0,4,False,25,48,52,0.4427167486432566,-0.01,-0.5,-1.65,6,11,0.74,False,False
TueS US500 08-12UTC,TueS,US500,8,4,False,25,48,52,0.4427167486432566,-0.01,-0.4,-2.85,7,11,1.53,False,False
ThuS AUDJPY 00-08UTC,ThuS,AUDJPY,0,8,False,25,48,52,0.4427167486432566,-0.02,-1.5,-2.21,3,11,-1.76,False,False
TueS EURJPY 20-00UTC,TueS,EURJPY,20,4,False,25,48,52,0.4427167486432566,-0.02,-0.7,-0.74,6,11,0.17,False,False
ThuS EURJPY 16-00UTC,ThuS,EURJPY,16,8,False,25,48,52,0.4427167486432566,-0.02,-1.1,-1.18,4,11,-1.57,False,False
TueS GBPJPY 08-16UTC,TueS,GBPJPY,8,8,False,25,48,52,0.4427167486432566,-0.03,-1.6,-2.0,6,11,0.75,False,False
TueS EURJPY 16-20UTC,TueS,EURJPY,16,4,False,25,48,52,0.4427167486432566,-0.05,-2.4,-1.45,5,11,-0.56,False,False
Thu AUDJPY 16-20UTC,Thu,AUDJPY,16,4,False,25,48,52,0.4427167486432566,-0.06,-3.0,-1.94,5,11,-0.66,False,False
Tue EURJPY 08-12UTC,Tue,EURJPY,8,4,False,25,48,52,0.4427167486432566,-0.08,-3.7,-1.91,6,11,-0.0,False,False
Wed GBPJPY 04-08UTC,Wed,GBPJPY,4,4,False,25,48,52,0.4427167486432566,-0.08,-3.6,-2.47,4,11,-1.74,False,False
Wed AUDUSD 16-00UTC,Wed,AUDUSD,16,8,False,25,48,52,0.4427167486432566,-0.09,-4.2,-1.46,4,11,-3.7,False,False
Thu US500 04-08UTC,Thu,US500,4,4,False,25,48,52,0.4427167486432566,-0.16,-7.4,-3.21,5,11,0.32,False,False
Fri GER40 16-20UTC,Fri,GER40,16,4,False,24,46,52,0.44149795606119824,-0.02,-1.0,-2.95,5,8,0.24,False,False
FriS US500 08-16UTC,FriS,US500,8,8,False,24,47,51,0.5,0.22,10.1,-2.21,6,11,0.99,False,False
FriS GER40 08-16UTC,FriS,GER40,8,8,False,24,47,51,0.5,0.18,8.0,-3.72,6,11,8.09,False,False
FriS AUDJPY 00-04UTC,FriS,AUDJPY,0,4,False,24,47,51,0.5,0.11,5.3,-1.37,7,11,0.98,False,False
Mon EURJPY 08-12UTC,Mon,EURJPY,8,4,True,24,47,51,0.5,0.09,4.3,-0.83,4,11,-0.57,False,False
FriS GBPJPY 12-16UTC,FriS,GBPJPY,12,4,False,24,47,51,0.5,0.09,4.2,-1.72,5,11,0.28,False,False
Mon US500 16-20UTC,Mon,US500,16,4,False,24,47,51,0.5,0.08,3.5,-1.89,7,11,1.98,False,False
MonS AUDUSD 04-08UTC,MonS,AUDUSD,4,4,False,24,47,51,0.5,0.07,3.2,-1.23,5,11,0.2,False,False
MonS GER40 16-20UTC,MonS,GER40,16,4,False,24,47,51,0.5,0.07,3.3,-1.62,5,11,-1.5,False,False
MonS AUDUSD 08-12UTC,MonS,AUDUSD,8,4,False,24,47,51,0.5,0.06,2.8,-0.81,6,11,-0.97,False,False
Mon GBPJPY 16-20UTC,Mon,GBPJPY,16,4,False,24,47,51,0.5,0.06,2.9,-0.47,9,11,1.35,False,False
MonS GBPUSD 00-08UTC,MonS,GBPUSD,0,8,False,24,47,51,0.5,0.05,2.5,-1.3,6,11,-1.61,False,False
Mon USDJPY 04-08UTC,Mon,USDJPY,4,4,True,24,47,51,0.5,0.04,1.8,-2.28,7,11,-0.43,False,False
MonS AUDJPY 16-20UTC,MonS,AUDJPY,16,4,False,24,47,51,0.5,0.03,1.3,-0.63,3,11,-1.31,False,False
MonS GBPUSD 08-16UTC,MonS,GBPUSD,8,8,False,24,47,51,0.5,0.01,0.6,-1.47,2,11,-4.67,False,False
Fri USDJPY 04-08UTC,Fri,USDJPY,4,4,False,24,47,51,0.5,0.01,0.6,-0.94,4,11,0.54,False,False
MonS USDCHF 12-16UTC,MonS,USDCHF,12,4,False,24,47,51,0.5,-0.0,-0.1,-1.01,7,11,1.56,False,False
MonS AUDJPY 00-08UTC,MonS,AUDJPY,0,8,False,24,47,51,0.5,-0.01,-0.5,-1.43,5,11,-1.56,False,False
MonS GBPJPY 20-00UTC,MonS,GBPJPY,20,4,False,24,47,51,0.5,-0.01,-0.6,-1.44,7,11,0.61,False,False
Mon USDJPY 00-08UTC,Mon,USDJPY,0,8,False,24,47,51,0.5,-0.02,-1.2,-2.67,6,11,-2.61,False,False
Fri GBPJPY 16-20UTC,Fri,GBPJPY,16,4,False,24,47,51,0.5,-0.03,-1.6,-1.18,8,11,0.72,False,False
MonS GBPUSD 20-00UTC,MonS,GBPUSD,20,4,False,24,47,51,0.5,-0.03,-1.2,-1.17,9,11,1.56,False,False
Fri USDJPY 08-16UTC,Fri,USDJPY,8,8,False,24,47,51,0.5,-0.05,-2.8,-2.7,6,11,-1.68,False,False
Mon AUDUSD 00-08UTC,Mon,AUDUSD,0,8,False,24,47,51,0.5,-0.07,-3.3,-1.69,8,11,3.09,False,False
Fri GER40 08-12UTC,Fri,GER40,8,4,False,24,47,51,0.5,-0.19,-9.0,-3.33,5,11,-5.2,False,False
MonS US500 16-00UTC,MonS,US500,16,8,False,24,47,51,0.5,-0.2,-9.4,-5.11,6,11,-0.75,False,False
Wed GER40 08-16UTC,Wed,GER40,8,8,False,24,48,50,0.5572832513567434,0.22,10.5,-3.1,5,11,-1.57,False,False
WedS US500 20-00UTC,WedS,US500,20,4,False,24,48,50,0.5572832513567434,0.11,5.1,-1.48,8,11,2.42,False,False
ThuS GBPUSD 12-16UTC,ThuS,GBPUSD,12,4,False,24,48,50,0.5572832513567434,0.08,3.5,-1.96,7,11,1.07,False,False
WedS US500 00-08UTC,WedS,US500,0,8,False,24,48,50,0.5572832513567434,0.07,3.3,-1.62,2,11,-1.93,False,False
Tue GER40 08-12UTC,Tue,GER40,8,4,False,24,48,50,0.5572832513567434,0.05,2.0,-1.96,5,11,-3.61,False,False
ThuS US500 00-04UTC,ThuS,US500,0,4,False,24,48,50,0.5572832513567434,0.05,2.5,-1.09,6,11,1.57,False,False
Wed GBPUSD 16-20UTC,Wed,GBPUSD,16,4,False,24,48,50,0.5572832513567434,0.04,1.9,-0.89,2,11,-2.86,False,False
Thu AUDUSD 00-04UTC,Thu,AUDUSD,0,4,False,24,48,50,0.5572832513567434,0.03,1.2,-1.48,5,11,-1.26,False,False
TueS EURUSD 16-00UTC,TueS,EURUSD,16,8,False,24,48,50,0.5572832513567434,0.02,1.1,-0.71,6,11,-0.77,False,False
WedS EURUSD 20-00UTC,WedS,EURUSD,20,4,False,24,48,50,0.5572832513567434,0.02,0.8,-0.59,6,11,0.23,False,False
Wed EURUSD 08-16UTC,Wed,EURUSD,8,8,False,24,48,50,0.5572832513567434,0.02,1.0,-1.49,3,11,-2.78,False,False
TueS US500 20-00UTC,TueS,US500,20,4,False,24,48,50,0.5572832513567434,0.02,0.7,-1.68,5,11,-2.32,False,False
ThuS EURJPY 16-20UTC,ThuS,EURJPY,16,4,False,24,48,50,0.5572832513567434,0.01,0.5,-1.01,4,11,-1.06,False,False
Thu EURUSD 16-00UTC,Thu,EURUSD,16,8,False,24,48,50,0.5572832513567434,0.01,0.5,-1.01,6,11,0.05,False,False
Tue GBPJPY 20-00UTC,Tue,GBPJPY,20,4,False,24,48,50,0.5572832513567434,0.0,0.2,-0.53,4,11,-0.37,False,False
TueS GBPJPY 20-00UTC,TueS,GBPJPY,20,4,False,24,48,50,0.5572832513567434,-0.0,-0.2,-0.67,7,11,0.37,False,False
Thu EURJPY 16-20UTC,Thu,EURJPY,16,4,False,24,48,50,0.5572832513567434,-0.01,-0.6,-1.59,7,11,1.07,False,False
ThuS EURUSD 16-00UTC,ThuS,EURUSD,16,8,False,24,48,50,0.5572832513567434,-0.01,-0.5,-1.19,5,11,-0.06,False,False
Tue EURUSD 16-00UTC,Tue,EURUSD,16,8,False,24,48,50,0.5572832513567434,-0.02,-1.1,-0.84,5,11,0.75,False,False
Wed EURUSD 20-00UTC,Wed,EURUSD,20,4,False,24,48,50,0.5572832513567434,-0.02,-0.9,-0.63,5,11,-0.24,False,False
WedS EURUSD 08-16UTC,WedS,EURUSD,8,8,False,24,48,50,0.5572832513567434,-0.02,-1.3,-1.48,8,11,2.84,False,False
Tue US500 20-00UTC,Tue,US500,20,4,False,24,48,50,0.5572832513567434,-0.02,-0.9,-1.53,6,11,2.3,False,False
WedS GBPUSD 16-20UTC,WedS,GBPUSD,16,4,False,24,48,50,0.5572832513567434,-0.04,-2.0,-0.99,9,11,2.92,False,False
WedS GER40 12-16UTC,WedS,GER40,12,4,False,24,48,50,0.5572832513567434,-0.04,-2.3,-3.8,8,11,2.65,False,False
TueS GER40 08-12UTC,TueS,GER40,8,4,False,24,48,50,0.5572832513567434,-0.05,-2.7,-4.77,6,11,3.63,False,False
Thu US500 00-04UTC,Thu,US500,0,4,False,24,48,50,0.5572832513567434,-0.05,-2.7,-2.71,5,11,-1.59,False,False
WedS EURJPY 12-16UTC,WedS,EURJPY,12,4,False,24,48,50,0.5572832513567434,-0.07,-3.2,-1.51,6,11,-0.39,False,False
Wed US500 00-08UTC,Wed,US500,0,8,False,24,48,50,0.5572832513567434,-0.07,-3.4,-2.35,9,11,1.94,False,False
Thu GBPUSD 12-16UTC,Thu,GBPUSD,12,4,False,24,48,50,0.5572832513567434,-0.08,-3.8,-1.52,4,11,-1.1,False,False
Wed US500 20-00UTC,Wed,US500,20,4,False,24,48,50,0.5572832513567434,-0.11,-5.3,-1.93,3,11,-2.41,False,False
Tue US500 08-16UTC,Tue,US500,8,8,False,24,48,50,0.5572832513567434,-0.19,-9.3,-6.05,4,11,-3.35,False,False
Mon US500 16-00UTC,Mon,US500,16,8,False,23,47,49,0.6145665027134868,0.21,9.7,-1.74,4,11,0.7,False,False
FriS GER40 08-12UTC,FriS,GER40,8,4,False,23,47,49,0.6145665027134868,0.19,9.0,-1.86,6,11,5.34,False,False
MonS AUDUSD 00-08UTC,MonS,AUDUSD,0,8,False,23,47,49,0.6145665027134868,0.07,3.1,-1.22,3,11,-3.03,False,False
FriS USDJPY 08-16UTC,FriS,USDJPY,8,8,False,23,47,49,0.6145665027134868,0.06,2.3,-3.31,5,11,1.67,False,False
MonS GER40 04-08UTC,MonS,GER40,4,4,False,23,47,49,0.6145665027134868,0.05,2.0,-2.2,3,11,-2.74,False,False
Fri US500 16-20UTC,Fri,US500,16,4,False,23,47,49,0.6145665027134868,0.05,2.1,-3.1,4,11,-3.52,False,False
FriS GBPJPY 16-20UTC,FriS,GBPJPY,16,4,False,23,47,49,0.6145665027134868,0.03,1.5,-0.89,3,11,-0.74,False,False
Mon GBPUSD 20-00UTC,Mon,GBPUSD,20,4,False,23,47,49,0.6145665027134868,0.03,1.2,-0.32,2,11,-1.53,False,False
MonS EURJPY 20-00UTC,MonS,EURJPY,20,4,False,23,47,49,0.6145665027134868,0.02,1.0,-1.29,7,11,0.19,False,False
MonS USDJPY 00-08UTC,MonS,USDJPY,0,8,False,23,47,49,0.6145665027134868,0.02,1.0,-1.45,5,11,2.65,False,False
Mon GBPJPY 20-00UTC,Mon,GBPJPY,20,4,False,23,47,49,0.6145665027134868,0.01,0.5,-0.63,4,11,-0.61,False,False
Mon AUDJPY 00-08UTC,Mon,AUDJPY,0,8,False,23,47,49,0.6145665027134868,0.0,0.1,-2.92,6,11,1.53,False,False
Mon USDCHF 12-16UTC,Mon,USDCHF,12,4,False,23,47,49,0.6145665027134868,0.0,-0.0,-1.13,4,11,-1.57,False,False
Mon EURJPY 20-00UTC,Mon,EURJPY,20,4,False,23,47,49,0.6145665027134868,-0.02,-1.0,-0.53,4,11,-0.19,False,False
Mon GBPUSD 08-16UTC,Mon,GBPUSD,8,8,True,23,47,49,0.6145665027134868,-0.02,-0.8,-1.64,9,11,4.86,False,False
FriS USDJPY 04-08UTC,FriS,USDJPY,4,4,False,23,47,49,0.6145665027134868,-0.02,-0.8,-1.43,7,11,-0.55,False,False
MonS USDJPY 04-08UTC,MonS,USDJPY,4,4,False,23,47,49,0.6145665027134868,-0.04,-2.0,-1.54,4,11,0.42,False,False
Mon GBPUSD 00-08UTC,Mon,GBPUSD,0,8,False,23,47,49,0.6145665027134868,-0.05,-2.5,-1.03,5,11,1.62,False,False
Mon GER40 04-08UTC,Mon,GER40,4,4,True,23,47,49,0.6145665027134868,-0.05,-2.3,-2.44,8,11,2.76,False,False
FriS US500 16-20UTC,FriS,US500,16,4,False,23,47,49,0.6145665027134868,-0.05,-2.8,-2.77,6,11,3.54,False,False
Mon AUDUSD 08-12UTC,Mon,AUDUSD,8,4,True,23,47,49,0.6145665027134868,-0.06,-2.8,-0.97,5,11,0.97,False,False
MonS GBPJPY 16-20UTC,MonS,GBPJPY,16,4,False,23,47,49,0.6145665027134868,-0.06,-2.9,-0.89,2,11,-1.34,False,False
Mon AUDUSD 04-08UTC,Mon,AUDUSD,4,4,True,23,47,49,0.6145665027134868,-0.07,-3.2,-1.1,6,11,-0.22,False,False
Mon GER40 16-20UTC,Mon,GER40,16,4,False,23,47,49,0.6145665027134868,-0.07,-3.5,-3.29,6,11,1.46,False,False
MonS US500 16-20UTC,MonS,US500,16,4,False,23,47,49,0.6145665027134868,-0.08,-3.8,-2.68,4,11,-2.02,False,False
MonS EURJPY 08-12UTC,MonS,EURJPY,8,4,False,23,47,49,0.6145665027134868,-0.09,-4.3,-1.57,6,11,0.57,False,False
Fri GBPJPY 12-16UTC,Fri,GBPJPY,12,4,False,23,47,49,0.6145665027134868,-0.09,-4.3,-1.59,6,11,-0.29,False,False
Fri AUDJPY 00-04UTC,Fri,AUDJPY,0,4,False,23,47,49,0.6145665027134868,-0.11,-5.3,-2.75,4,11,-0.99,False,False
Fri US500 08-16UTC,Fri,US500,8,8,False,23,47,49,0.6145665027134868,-0.22,-10.4,-4.12,5,11,-1.17,False,False
TueS US500 08-16UTC,TueS,US500,8,8,False,23,48,48,0.6672670939616907,0.19,8.9,-3.1,7,11,3.35,False,False
ThuS US500 04-08UTC,ThuS,US500,4,4,False,23,48,48,0.6672670939616907,0.16,7.8,-1.24,6,11,-0.34,False,False
WedS AUDUSD 16-00UTC,WedS,AUDUSD,16,8,False,23,48,48,0.6672670939616907,0.08,4.0,-1.21,7,11,3.81,False,False
TueS EURJPY 08-12UTC,TueS,EURJPY,8,4,False,23,48,48,0.6672670939616907,0.08,3.7,-1.34,5,11,-0.01,False,False
WedS GBPJPY 04-08UTC,WedS,GBPJPY,4,4,False,23,48,48,0.6672670939616907,0.08,3.6,-1.05,7,11,1.75,False,False
ThuS AUDJPY 16-20UTC,ThuS,AUDJPY,16,4,False,23,48,48,0.6672670939616907,0.06,2.9,-1.43,6,11,0.64,False,False
Wed EURJPY 12-16UTC,Wed,EURJPY,12,4,False,23,48,48,0.6672670939616907,0.06,3.1,-1.02,5,11,0.38,False,False
Tue EURJPY 16-20UTC,Tue,EURJPY,16,4,False,23,48,48,0.6672670939616907,0.05,2.4,-0.65,6,11,0.56,False,False
Wed GER40 12-16UTC,Wed,GER40,12,4,False,23,48,48,0.6672670939616907,0.04,1.9,-1.96,3,11,-2.67,False,False
Thu AUDJPY 00-08UTC,Thu,AUDJPY,0,8,False,23,48,48,0.6672670939616907,0.03,1.0,-2.73,8,11,1.75,False,False
Thu EURJPY 16-00UTC,Thu,EURJPY,16,8,False,23,48,48,0.6672670939616907,0.02,1.0,-1.85,7,11,1.59,False,False
Wed AUDUSD 12-16UTC,Wed,AUDUSD,12,4,False,23,48,48,0.6672670939616907,0.01,0.4,-1.66,4,11,-0.46,False,False
Tue EURJPY 20-00UTC,Tue,EURJPY,20,4,False,23,48,48,0.6672670939616907,0.01,0.7,-0.46,5,11,-0.17,False,False
ThuS GBPJPY 16-20UTC,ThuS,GBPJPY,16,4,False,23,48,48,0.6672670939616907,0.01,0.5,-1.04,6,11,0.36,False,False
Thu NZDUSD 00-04UTC,Thu,NZDUSD,0,4,False,23,48,48,0.6672670939616907,0.01,0.4,-1.68,5,11,-0.76,False,False
Tue US500 08-12UTC,Tue,US500,8,4,False,23,48,48,0.6672670939616907,0.01,0.2,-1.59,4,11,-1.53,False,False
Wed EURUSD 16-20UTC,Wed,EURUSD,16,4,False,23,48,48,0.6672670939616907,-0.01,-0.4,-1.5,2,11,-3.17,False,False
TueS GBPJPY 12-16UTC,TueS,GBPJPY,12,4,False,23,48,48,0.6672670939616907,-0.01,-0.7,-1.97,6,11,0.05,False,False
WedS GBPJPY 12-16UTC,WedS,GBPJPY,12,4,False,23,48,48,0.6672670939616907,-0.01,-0.7,-1.72,4,11,-2.46,False,False
Thu NZDUSD 00-08UTC,Thu,NZDUSD,0,8,False,23,48,48,0.6672670939616907,-0.01,-0.6,-1.58,4,11,-1.73,False,False
Wed US500 16-00UTC,Wed,US500,16,8,False,23,48,48,0.6672670939616907,-0.02,-1.7,-3.67,5,11,-2.3,False,False
TueS AUDJPY 16-20UTC,TueS,AUDJPY,16,4,False,23,48,48,0.6672670939616907,-0.03,-1.5,-1.54,5,11,-1.66,False,False
Thu AUDJPY 04-08UTC,Thu,AUDJPY,4,4,False,23,48,48,0.6672670939616907,-0.03,-1.5,-2.28,7,11,0.85,False,False
ThuS AUDUSD 00-04UTC,ThuS,AUDUSD,0,4,False,23,48,48,0.6672670939616907,-0.03,-1.3,-1.75,6,11,1.24,False,False
Tue USDJPY 12-16UTC,Tue,USDJPY,12,4,False,23,48,48,0.6672670939616907,-0.03,-1.5,-2.26,4,11,-0.61,False,False
Tue GBPJPY 04-08UTC,Tue,GBPJPY,4,4,False,23,48,48,0.6672670939616907,-0.04,-2.0,-0.95,6,11,-2.05,False,False
Tue GER40 16-20UTC,Tue,GER40,16,4,False,23,48,48,0.6672670939616907,-0.04,-1.9,-2.62,6,11,2.67,False,False
WedS EURUSD 16-00UTC,WedS,EURUSD,16,8,False,23,48,48,0.6672670939616907,-0.05,-2.6,-1.17,8,11,2.64,False,False
WedS GER40 08-12UTC,WedS,GER40,8,4,False,23,48,48,0.6672670939616907,-0.05,-2.5,-2.96,5,11,0.18,False,False
Wed NZDUSD 16-20UTC,Wed,NZDUSD,16,4,False,23,48,48,0.6672670939616907,-0.05,-2.6,-1.27,3,11,-3.34,False,False
Thu EURUSD 00-04UTC,Thu,EURUSD,0,4,False,23,48,48,0.6672670939616907,-0.06,-2.7,-0.87,4,11,-1.35,False,False
WedS GER40 16-00UTC,WedS,GER40,16,8,False,23,48,48,0.6672670939616907,-0.06,-3.1,-7.15,4,11,1.1,False,False
Thu USDCHF 08-12UTC,Thu,USDCHF,8,4,False,23,48,48,0.6672670939616907,-0.06,-2.9,-2.39,6,11,-0.7,False,False
Tue USDJPY 00-08UTC,Tue,USDJPY,0,8,False,23,48,48,0.6672670939616907,-0.06,-2.7,-2.98,6,11,-0.29,False,False
WedS EURUSD 12-16UTC,WedS,EURUSD,12,4,False,23,48,48,0.6672670939616907,-0.07,-3.5,-1.52,6,11,1.48,False,False
Tue AUDUSD 16-20UTC,Tue,AUDUSD,16,4,False,23,48,48,0.6672670939616907,-0.09,-4.1,-1.62,4,11,0.32,False,False
Tue GBPUSD 08-16UTC,Tue,GBPUSD,8,8,False,23,48,48,0.6672670939616907,-0.09,-4.5,-3.05,3,11,-1.67,False,False
Tue GBPUSD 16-20UTC,Tue,GBPUSD,16,4,False,23,48,48,0.6672670939616907,-0.1,-4.8,-1.2,5,11,-0.19,False,False
Tue NZDUSD 16-20UTC,Tue,NZDUSD,16,4,False,23,48,48,0.6672670939616907,-0.1,-4.6,-1.55,3,11,-1.16,False,False
Thu GER40 04-08UTC,Thu,GER40,4,4,False,23,48,48,0.6672670939616907,-0.13,-6.4,-5.14,8,11,3.2,False,False
Wed GBPJPY 16-00UTC,Wed,GBPJPY,16,8,False,23,48,48,0.6672670939616907,-0.14,-6.5,-2.01,4,11,-1.32,False,False
Thu GER40 08-16UTC,Thu,GER40,8,8,False,23,48,48,0.6672670939616907,-0.14,-7.1,-7.29,6,11,-0.41,False,False
Tue AUDJPY 00-08UTC,Tue,AUDJPY,0,8,False,23,48,48,0.6672670939616907,-0.17,-7.9,-2.81,3,11,-3.21,False,False
WedS GER40 08-16UTC,WedS,GER40,8,8,False,23,48,48,0.6672670939616907,-0.22,-10.5,-3.83,6,11,1.36,False,False
MonS EURUSD 00-08UTC,MonS,EURUSD,0,8,False,22,47,47,0.7199676852098946,0.07,3.2,-1.46,3,11,-1.77,False,False
FriS EURJPY 00-08UTC,FriS,EURJPY,0,8,False,22,47,47,0.7199676852098946,0.06,2.6,-1.28,5,11,-0.43,False,False
MonS USDCHF 08-16UTC,MonS,USDCHF,8,8,False,22,47,47,0.7199676852098946,0.06,2.7,-1.21,5,11,0.26,False,False
FriS EURJPY 04-08UTC,FriS,EURJPY,4,4,False,22,47,47,0.7199676852098946,0.04,1.8,-1.17,6,11,-0.39,False,False
Fri EURUSD 12-16UTC,Fri,EURUSD,12,4,False,22,47,47,0.7199676852098946,0.03,1.2,-1.64,7,11,0.31,False,False
FriS EURJPY 12-16UTC,FriS,EURJPY,12,4,False,22,47,47,0.7199676852098946,0.02,0.8,-1.74,8,11,1.52,False,False
Mon EURJPY 16-20UTC,Mon,EURJPY,16,4,False,22,47,47,0.7199676852098946,0.01,0.3,-0.65,8,11,0.68,False,False
Fri USDJPY 08-12UTC,Fri,USDJPY,8,4,False,22,47,47,0.7199676852098946,0.01,0.6,-1.21,4,11,0.42,False,False
Mon AUDJPY 16-20UTC,Mon,AUDJPY,16,4,False,22,47,47,0.7199676852098946,-0.03,-1.3,-0.96,8,11,1.32,False,False
Mon EURUSD 16-00UTC,Mon,EURUSD,16,8,False,22,47,47,0.7199676852098946,-0.03,-1.5,-0.72,3,11,-0.09,False,False
MonS EURJPY 04-08UTC,MonS,EURJPY,4,4,False,22,47,47,0.7199676852098946,-0.04,-2.2,-1.3,4,11,-0.29,False,False
Mon GBPUSD 16-20UTC,Mon,GBPUSD,16,4,False,22,47,47,0.7199676852098946,-0.04,-2.1,-0.88,5,11,0.95,False,False
Fri GBPUSD 12-16UTC,Fri,GBPUSD,12,4,False,22,47,47,0.7199676852098946,-0.04,-1.9,-1.94,8,11,1.59,False,False
MonS AUDJPY 08-12UTC,MonS,AUDJPY,8,4,False,22,47,47,0.7199676852098946,-0.05,-2.6,-1.32,4,11,-0.64,False,False
MonS GBPUSD 08-12UTC,MonS,GBPUSD,8,4,False,22,47,47,0.7199676852098946,-0.05,-2.3,-1.18,3,11,-2.67,False,False
MonS GBPUSD 16-00UTC,MonS,GBPUSD,16,8,False,22,47,47,0.7199676852098946,-0.05,-2.3,-1.28,6,11,-0.12,False,False
Mon NZDUSD 00-08UTC,Mon,NZDUSD,0,8,False,22,47,47,0.7199676852098946,-0.05,-2.3,-1.78,6,11,1.71,False,False
Fri GBPJPY 08-12UTC,Fri,GBPJPY,8,4,False,22,47,47,0.7199676852098946,-0.06,-2.8,-2.21,6,11,-0.55,False,False
MonS GER40 16-00UTC,MonS,GER40,16,8,False,22,47,47,0.7199676852098946,-0.06,-3.2,-2.77,6,11,-0.41,False,False
Fri AUDJPY 04-08UTC,Fri,AUDJPY,4,4,False,22,47,47,0.7199676852098946,-0.07,-3.2,-1.33,5,11,-1.17,False,False
Mon AUDUSD 08-16UTC,Mon,AUDUSD,8,8,True,22,47,47,0.7199676852098946,-0.07,-3.4,-2.31,7,11,2.35,False,False
Fri EURJPY 00-04UTC,Fri,EURJPY,0,4,False,22,47,47,0.7199676852098946,-0.07,-3.5,-1.7,5,11,-0.48,False,False
MonS GBPJPY 16-00UTC,MonS,GBPJPY,16,8,False,22,47,47,0.7199676852098946,-0.12,-5.6,-1.38,5,11,-1.19,False,False
Fri GBPUSD 08-16UTC,Fri,GBPUSD,8,8,False,22,47,47,0.7199676852098946,-0.12,-5.7,-2.6,7,11,0.44,False,False
Fri US500 00-04UTC,Fri,US500,0,4,False,22,47,47,0.7199676852098946,-0.12,-5.6,-1.99,5,11,-1.68,False,False
Mon GER40 00-08UTC,Mon,GER40,0,8,False,22,47,47,0.7199676852098946,-0.14,-6.7,-1.92,7,11,2.08,False,False
Fri USDCHF 12-16UTC,Fri,USDCHF,12,4,False,22,47,47,0.7199676852098946,-0.15,-7.0,-2.52,3,11,-3.29,False,False
Fri GER40 08-16UTC,Fri,GER40,8,8,False,22,47,47,0.7199676852098946,-0.18,-8.8,-4.13,5,11,-7.77,False,False
Wed GBPJPY 00-04UTC,Wed,GBPJPY,0,4,False,22,48,46,0.7645604931891441,0.08,3.7,-1.01,4,11,-0.42,False,False
TueS NZDUSD 16-00UTC,TueS,NZDUSD,16,8,False,22,48,46,0.7645604931891441,0.08,3.7,-0.92,7,11,-0.06,False,False
WedS GBPUSD 08-16UTC,WedS,GBPUSD,8,8,False,22,48,46,0.7645604931891441,0.05,2.2,-1.12,5,11,-0.96,False,False
TueS USDJPY 00-04UTC,TueS,USDJPY,0,4,False,22,48,46,0.7645604931891441,0.04,1.8,-0.82,6,11,1.06,False,False
Tue GBPJPY 08-16UTC,Tue,GBPJPY,8,8,False,22,48,46,0.7645604931891441,0.03,1.2,-2.04,5,11,-0.78,False,False
TueS GBPUSD 12-16UTC,TueS,GBPUSD,12,4,False,22,48,46,0.7645604931891441,0.03,1.5,-2.93,6,11,0.29,False,False
TueS EURJPY 00-08UTC,TueS,EURJPY,0,8,False,22,48,46,0.7645604931891441,0.01,0.2,-1.74,8,11,1.29,False,False
TueS GBPJPY 00-04UTC,TueS,GBPJPY,0,4,False,22,48,46,0.7645604931891441,0.01,0.6,-0.83,7,11,1.28,False,False
TueS GBPJPY 00-08UTC,TueS,GBPJPY,0,8,False,22,48,46,0.7645604931891441,0.01,0.2,-1.52,9,11,2.89,False,False
Wed AUDJPY 16-20UTC,Wed,AUDJPY,16,4,False,22,48,46,0.7645604931891441,0.0,-0.1,-1.17,7,11,0.18,False,False
TueS GBPJPY 16-20UTC,TueS,GBPJPY,16,4,False,22,48,46,0.7645604931891441,-0.0,-0.1,-1.48,4,11,-0.95,False,False
Thu EURJPY 20-00UTC,Thu,EURJPY,20,4,False,22,48,46,0.7645604931891441,-0.02,-1.1,-0.51,5,11,0.02,False,False
Tue GER40 20-00UTC,Tue,GER40,20,4,False,22,48,46,0.7645604931891441,-0.02,-0.9,-0.94,4,11,3.28,False,False
TueS USDJPY 16-20UTC,TueS,USDJPY,16,4,False,22,48,46,0.7645604931891441,-0.02,-0.9,-0.81,7,11,-0.25,False,False
Tue USDJPY 20-00UTC,Tue,USDJPY,20,4,False,22,48,46,0.7645604931891441,-0.02,-0.8,-0.64,4,11,-1.52,False,False
Wed US500 12-16UTC,Wed,US500,12,4,False,22,48,46,0.7645604931891441,-0.03,-1.9,-2.66,6,11,-0.8,False,False
Thu AUDJPY 00-04UTC,Thu,AUDJPY,0,4,False,22,48,46,0.7645604931891441,-0.04,-1.9,-1.58,5,11,-0.02,False,False
Tue GBPUSD 04-08UTC,Tue,GBPUSD,4,4,False,22,48,46,0.7645604931891441,-0.04,-2.1,-0.86,4,11,-3.06,False,False
Thu USDJPY 16-20UTC,Thu,USDJPY,16,4,False,22,48,46,0.7645604931891441,-0.04,-2.1,-1.74,7,11,0.66,False,False
Thu EURUSD 16-20UTC,Thu,EURUSD,16,4,False,22,48,46,0.7645604931891441,-0.05,-2.5,-0.93,5,11,-0.42,False,False
TueS GBPJPY 16-00UTC,TueS,GBPJPY,16,8,False,22,48,46,0.7645604931891441,-0.05,-2.6,-2.12,5,11,-1.03,False,False
WedS GBPJPY 00-08UTC,WedS,GBPJPY,0,8,False,22,48,46,0.7645604931891441,-0.05,-2.3,-2.17,7,11,1.62,False,False
ThuS AUDUSD 00-08UTC,ThuS,AUDUSD,0,8,False,22,48,46,0.7645604931891441,-0.06,-3.2,-2.39,6,11,1.34,False,False
WedS GBPUSD 16-00UTC,WedS,GBPUSD,16,8,False,22,48,46,0.7645604931891441,-0.06,-3.1,-0.94,9,11,3.12,False,False
TueS USDJPY 16-00UTC,TueS,USDJPY,16,8,False,22,48,46,0.7645604931891441,-0.06,-3.0,-1.39,6,11,0.66,False,False
Thu USDJPY 12-16UTC,Thu,USDJPY,12,4,False,22,48,46,0.7645604931891441,-0.07,-3.3,-2.95,3,11,-1.53,False,False
TueS GER40 16-00UTC,TueS,GER40,16,8,False,22,48,46,0.7645604931891441,-0.08,-3.8,-2.78,5,11,-7.27,False,False
Thu US500 08-12UTC,Thu,US500,8,4,False,22,48,46,0.7645604931891441,-0.08,-4.0,-1.62,2,11,-2.29,False,False
Tue USDJPY 04-08UTC,Tue,USDJPY,4,4,False,22,48,46,0.7645604931891441,-0.08,-3.7,-1.25,5,11,0.17,False,False
Tue AUDJPY 00-04UTC,Tue,AUDJPY,0,4,False,22,48,46,0.7645604931891441,-0.09,-4.5,-2.73,2,11,-3.45,False,False
Tue GBPUSD 16-00UTC,Tue,GBPUSD,16,8,False,22,48,46,0.7645604931891441,-0.09,-4.1,-1.58,5,11,0.88,False,False
Wed NZDUSD 08-16UTC,Wed,NZDUSD,8,8,False,22,48,46,0.7645604931891441,-0.09,-4.3,-1.45,3,11,-2.57,False,False
Tue US500 16-20UTC,Tue,US500,16,4,False,22,48,46,0.7645604931891441,-0.09,-4.3,-4.17,7,11,5.92,False,False
WedS GBPJPY 16-20UTC,WedS,GBPJPY,16,4,False,22,48,46,0.7645604931891441,-0.1,-4.7,-2.59,3,11,-0.53,False,False
Wed USDJPY 08-16UTC,Wed,USDJPY,8,8,False,22,48,46,0.7645604931891441,-0.1,-4.9,-1.54,8,11,3.25,False,False
Thu GER40 12-16UTC,Thu,GER40,12,4,False,22,48,46,0.7645604931891441,-0.11,-5.3,-2.44,6,11,0.06,False,False
Wed AUDUSD 00-08UTC,Wed,AUDUSD,0,8,False,22,48,46,0.7645604931891441,-0.12,-6.0,-2.1,6,11,1.25,False,False
Wed NZDUSD 16-00UTC,Wed,NZDUSD,16,8,False,22,48,46,0.7645604931891441,-0.12,-5.8,-1.91,3,11,-4.42,False,False
Thu NZDUSD 12-16UTC,Thu,NZDUSD,12,4,False,22,48,46,0.7645604931891441,-0.12,-6.0,-2.61,4,11,-2.14,False,False
Thu US500 20-00UTC,Thu,US500,20,4,False,22,48,46,0.7645604931891441,-0.13,-6.3,-1.98,7,11,0.69,False,False
Wed EURJPY 16-00UTC,Wed,EURJPY,16,8,False,22,48,46,0.7645604931891441,-0.14,-6.7,-2.04,6,11,-0.71,False,False
Thu GBPJPY 08-16UTC,Thu,GBPJPY,8,8,False,22,48,46,0.7645604931891441,-0.19,-8.9,-2.38,3,11,-5.19,False,False
FriS GER40 16-20UTC,FriS,GER40,16,4,False,21,46,46,0.7693044089316174,0.02,0.6,-1.6,3,8,-0.28,False,False
FriS AUDJPY 00-08UTC,FriS,AUDJPY,0,8,False,21,47,45,0.8091533011683936,0.09,3.9,-1.99,7,11,1.25,False,False
FriS USDJPY 16-20UTC,FriS,USDJPY,16,4,False,21,47,45,0.8091533011683936,0.05,2.5,-0.9,3,11,-0.48,False,False
FriS USDJPY 00-08UTC,FriS,USDJPY,0,8,False,21,47,45,0.8091533011683936,0.01,0.5,-1.6,5,11,-1.09,False,False
Mon GBPJPY 00-08UTC,Mon,GBPJPY,0,8,False,21,47,45,0.8091533011683936,0.0,0.1,-2.45,6,11,-0.15,False,False
Mon EURJPY 00-08UTC,Mon,EURJPY,0,8,False,21,47,45,0.8091533011683936,-0.01,-0.6,-2.16,5,11,0.08,False,False
Mon EURUSD 08-12UTC,Mon,EURUSD,8,4,True,21,47,45,0.8091533011683936,-0.01,-0.7,-0.71,4,11,-0.04,False,False
Mon EURUSD 20-00UTC,Mon,EURUSD,20,4,False,21,47,45,0.8091533011683936,-0.01,-0.6,-0.56,1,11,-1.12,False,False
Mon USDJPY 16-00UTC,Mon,USDJPY,16,8,False,21,47,45,0.8091533011683936,-0.01,-0.4,-0.58,7,11,0.24,False,False
MonS USDJPY 08-12UTC,MonS,USDJPY,8,4,False,21,47,45,0.8091533011683936,-0.02,-1.0,-0.87,6,11,1.44,False,False
MonS USDJPY 16-20UTC,MonS,USDJPY,16,4,False,21,47,45,0.8091533011683936,-0.02,-1.1,-0.73,6,11,0.47,False,False
MonS EURJPY 16-00UTC,MonS,EURJPY,16,8,False,21,47,45,0.8091533011683936,-0.04,-2.0,-1.25,2,11,-1.01,False,False
Fri EURUSD 08-16UTC,Fri,EURUSD,8,8,False,21,47,45,0.8091533011683936,-0.07,-3.3,-1.76,5,11,-0.53,False,False
Fri EURJPY 08-12UTC,Fri,EURJPY,8,4,False,21,47,45,0.8091533011683936,-0.08,-3.6,-1.8,4,11,-0.31,False,False
Fri GBPJPY 04-08UTC,Fri,GBPJPY,4,4,False,21,47,45,0.8091533011683936,-0.08,-3.8,-1.16,4,11,-0.24,False,False
Mon NZDUSD 04-08UTC,Mon,NZDUSD,4,4,True,21,47,45,0.8091533011683936,-0.08,-4.0,-1.06,4,11,-1.1,False,False
MonS US500 12-16UTC,MonS,US500,12,4,False,21,47,45,0.8091533011683936,-0.08,-3.9,-2.38,4,11,-3.53,False,False
Mon USDCHF 16-20UTC,Mon,USDCHF,16,4,False,21,47,45,0.8091533011683936,-0.08,-3.5,-0.76,3,11,-2.21,False,False
Fri GBPJPY 00-04UTC,Fri,GBPJPY,0,4,False,21,47,45,0.8091533011683936,-0.09,-4.3,-1.84,5,11,-0.39,False,False
Fri USDCHF 04-08UTC,Fri,USDCHF,4,4,False,21,47,45,0.8091533011683936,-0.09,-4.1,-1.01,4,11,-1.38,False,False
Fri EURJPY 16-20UTC,Fri,EURJPY,16,4,False,21,47,45,0.8091533011683936,-0.1,-4.4,-1.12,6,11,-0.41,False,False
MonS GBPJPY 12-16UTC,MonS,GBPJPY,12,4,False,21,47,45,0.8091533011683936,-0.1,-4.6,-1.76,3,11,-1.86,False,False
Fri US500 00-08UTC,Fri,US500,0,8,False,21,47,45,0.8091533011683936,-0.1,-4.8,-1.49,3,11,-3.32,False,False
Mon GER40 08-12UTC,Mon,GER40,8,4,True,21,47,45,0.8091533011683936,-0.11,-5.5,-3.45,8,11,7.08,False,False
Fri USDCHF 08-16UTC,Fri,USDCHF,8,8,False,21,47,45,0.8091533011683936,-0.11,-5.4,-3.07,4,11,-3.01,False,False
Fri AUDUSD 00-04UTC,Fri,AUDUSD,0,4,False,21,47,45,0.8091533011683936,-0.12,-5.5,-1.58,4,11,-1.98,False,False
Fri USDJPY 12-16UTC,Fri,USDJPY,12,4,False,21,47,45,0.8091533011683936,-0.13,-6.2,-3.23,5,11,-2.68,False,False
MonS GBPJPY 08-12UTC,MonS,GBPJPY,8,4,False,21,47,45,0.8091533011683936,-0.15,-6.9,-1.94,2,11,-2.11,False,False
Mon NZDUSD 08-16UTC,Mon,NZDUSD,8,8,True,21,47,45,0.8091533011683936,-0.23,-10.2,-2.44,7,11,1.64,False,False
Fri NZDUSD 08-16UTC,Fri,NZDUSD,8,8,False,21,47,45,0.8091533011683936,-0.26,-11.6,-2.8,4,11,-0.56,False,False
ThuS GER40 00-04UTC,ThuS,GER40,0,4,False,21,48,44,0.8438365962633654,0.09,4.3,-1.01,5,11,6.13,False,False
ThuS US500 00-08UTC,ThuS,US500,0,8,False,21,48,44,0.8438365962633654,0.08,3.9,-1.6,4,11,-0.12,False,False
TueS EURJPY 00-04UTC,TueS,EURJPY,0,4,False,21,48,44,0.8438365962633654,0.05,2.2,-0.87,8,11,1.53,False,False
WedS AUDJPY 04-08UTC,WedS,AUDJPY,4,4,False,21,48,44,0.8438365962633654,0.03,1.5,-1.08,5,11,0.22,False,False
Wed US500 08-16UTC,Wed,US500,8,8,False,21,48,44,0.8438365962633654,0.03,1.2,-2.81,6,11,-0.09,False,False
TueS GER40 08-16UTC,TueS,GER40,8,8,False,21,48,44,0.8438365962633654,0.02,0.0,-4.77,6,11,5.96,False,False
Wed NZDUSD 12-16UTC,Wed,NZDUSD,12,4,False,21,48,44,0.8438365962633654,0.02,0.6,-1.66,4,11,-1.61,False,False
Tue AUDJPY 20-00UTC,Tue,AUDJPY,20,4,False,21,48,44,0.8438365962633654,-0.0,-0.1,-0.81,5,11,1.04,False,False
Wed EURJPY 08-16UTC,Wed,EURJPY,8,8,False,21,48,44,0.8438365962633654,0.0,0.0,-2.68,5,11,1.29,False,False
TueS USDCHF 08-16UTC,TueS,USDCHF,8,8,False,21,48,44,0.8438365962633654,-0.01,-0.8,-1.6,9,11,2.05,False,False
WedS AUDJPY 12-16UTC,WedS,AUDJPY,12,4,False,21,48,44,0.8438365962633654,-0.02,-0.9,-1.35,2,11,-1.63,False,False
Tue GBPJPY 08-12UTC,Tue,GBPJPY,8,4,False,21,48,44,0.8438365962633654,-0.03,-1.6,-1.86,5,11,-1.16,False,False
Tue GBPUSD 00-08UTC,Tue,GBPUSD,0,8,False,21,48,44,0.8438365962633654,-0.03,-1.6,-0.99,3,11,-3.43,False,False
WedS GBPUSD 12-16UTC,WedS,GBPUSD,12,4,False,21,48,44,0.8438365962633654,-0.03,-1.3,-2.77,5,11,-0.66,False,False
TueS US500 16-00UTC,TueS,US500,16,8,False,21,48,44,0.8438365962633654,-0.03,-1.9,-2.13,3,11,-9.22,False,False
Wed US500 16-20UTC,Wed,US500,16,4,False,21,48,44,0.8438365962633654,-0.04,-2.4,-2.36,7,11,-1.29,False,False
Wed USDCHF 00-04UTC,Wed,USDCHF,0,4,False,21,48,44,0.8438365962633654,-0.04,-1.8,-1.2,3,11,-1.4,False,False
Thu USDCHF 08-16UTC,Thu,USDCHF,8,8,False,21,48,44,0.8438365962633654,-0.04,-2.1,-3.35,5,11,-1.59,False,False
Thu USDJPY 04-08UTC,Thu,USDJPY,4,4,False,21,48,44,0.8438365962633654,-0.04,-1.8,-1.39,6,11,1.13,False,False
Tue EURUSD 16-20UTC,Tue,EURUSD,16,4,False,21,48,44,0.8438365962633654,-0.05,-2.4,-0.78,3,11,-0.61,False,False
Thu GBPJPY 20-00UTC,Thu,GBPJPY,20,4,False,21,48,44,0.8438365962633654,-0.05,-2.4,-0.64,5,11,-0.34,False,False
Thu GBPUSD 16-20UTC,Thu,GBPUSD,16,4,False,21,48,44,0.8438365962633654,-0.05,-2.5,-1.04,4,11,-1.83,False,False
Wed USDCHF 08-12UTC,Wed,USDCHF,8,4,False,21,48,44,0.8438365962633654,-0.05,-2.5,-1.16,7,11,1.08,False,False
Wed AUDUSD 08-16UTC,Wed,AUDUSD,8,8,False,21,48,44,0.8438365962633654,-0.06,-3.1,-1.49,2,11,-1.88,False,False
Thu GBPUSD 00-04UTC,Thu,GBPUSD,0,4,False,21,48,44,0.8438365962633654,-0.06,-2.7,-1.14,5,11,-1.45,False,False
Wed USDJPY 08-12UTC,Wed,USDJPY,8,4,False,21,48,44,0.8438365962633654,-0.07,-3.5,-1.27,6,11,1.65,False,False
WedS AUDJPY 00-08UTC,WedS,AUDJPY,0,8,False,21,48,44,0.8438365962633654,-0.08,-3.9,-4.04,4,11,-0.78,False,False
WedS EURJPY 00-04UTC,WedS,EURJPY,0,4,False,21,48,44,0.8438365962633654,-0.09,-4.3,-2.26,8,11,1.04,False,False
Wed GBPUSD 04-08UTC,Wed,GBPUSD,4,4,False,21,48,44,0.8438365962633654,-0.09,-4.1,-0.83,3,11,-1.18,False,False
Thu US500 08-16UTC,Thu,US500,8,8,False,21,48,44,0.8438365962633654,-0.09,-4.5,-2.98,4,11,-5.07,False,False
Tue USDCHF 12-16UTC,Tue,USDCHF,12,4,False,21,48,44,0.8438365962633654,-0.09,-4.1,-1.89,3,11,-2.52,False,False
Wed GER40 20-00UTC,Wed,GER40,20,4,False,21,48,44,0.8438365962633654,-0.1,-4.8,-2.21,3,11,-2.3,False,False
Wed USDCHF 16-20UTC,Wed,USDCHF,16,4,False,21,48,44,0.8438365962633654,-0.1,-4.8,-1.12,6,11,1.48,False,False
Thu EURUSD 12-16UTC,Thu,EURUSD,12,4,False,21,48,44,0.8438365962633654,-0.11,-5.2,-2.02,5,11,-0.81,False,False
Wed GER40 00-08UTC,Wed,GER40,0,8,False,21,48,44,0.8438365962633654,-0.11,-5.4,-3.0,7,11,0.85,False,False
WedS USDJPY 00-08UTC,WedS,USDJPY,0,8,False,21,48,44,0.8438365962633654,-0.11,-5.3,-2.56,7,11,1.61,False,False
Tue AUDJPY 08-12UTC,Tue,AUDJPY,8,4,False,21,48,44,0.8438365962633654,-0.12,-5.8,-1.57,7,11,0.21,False,False
Tue AUDJPY 12-16UTC,Tue,AUDJPY,12,4,False,21,48,44,0.8438365962633654,-0.12,-5.5,-1.79,7,11,1.31,False,False
TueS AUDJPY 16-00UTC,TueS,AUDJPY,16,8,False,21,48,44,0.8438365962633654,-0.12,-5.7,-2.63,2,11,-3.56,False,False
Thu AUDJPY 12-16UTC,Thu,AUDJPY,12,4,False,21,48,44,0.8438365962633654,-0.12,-5.7,-1.38,5,11,-2.72,False,False
TueS EURJPY 16-00UTC,TueS,EURJPY,16,8,False,21,48,44,0.8438365962633654,-0.12,-5.7,-2.19,4,11,-0.91,False,False
Tue EURJPY 12-16UTC,Tue,EURJPY,12,4,False,21,48,44,0.8438365962633654,-0.13,-6.1,-1.55,6,11,1.06,False,False
Thu GBPJPY 00-08UTC,Thu,GBPJPY,0,8,False,21,48,44,0.8438365962633654,-0.13,-6.4,-2.84,6,11,1.4,False,False
Thu US500 12-16UTC,Thu,US500,12,4,False,21,48,44,0.8438365962633654,-0.13,-6.3,-2.87,4,11,-4.14,False,False
Thu GER40 16-20UTC,Thu,GER40,16,4,False,21,48,44,0.8438365962633654,-0.14,-6.4,-1.36,5,11,-3.55,False,False
Thu USDJPY 08-12UTC,Thu,USDJPY,8,4,False,21,48,44,0.8438365962633654,-0.14,-6.7,-3.46,6,11,-2.26,False,False
Tue EURUSD 08-12UTC,Tue,EURUSD,8,4,False,21,48,44,0.8438365962633654,-0.17,-8.0,-1.27,5,11,-0.96,False,False
Tue AUDUSD 08-16UTC,Tue,AUDUSD,8,8,False,21,48,44,0.8438365962633654,-0.29,-13.0,-3.49,7,11,1.27,False,False
Mon GER40 08-16UTC,Mon,GER40,8,8,True,20,47,43,0.8785198913583372,0.08,3.3,-4.02,6,11,9.18,False,False
FriS EURJPY 08-16UTC,FriS,EURJPY,8,8,False,20,47,43,0.8785198913583372,0.04,1.6,-2.2,8,11,1.3,False,False
Mon AUDJPY 16-00UTC,Mon,AUDJPY,16,8,False,20,47,43,0.8785198913583372,-0.02,-1.0,-1.18,7,11,1.31,False,False
Mon EURUSD 00-04UTC,Mon,EURUSD,0,4,False,20,47,43,0.8785198913583372,-0.07,-3.4,-0.69,7,11,1.16,False,False
MonS GER40 12-16UTC,MonS,GER40,12,4,False,20,47,43,0.8785198913583372,-0.07,-3.3,-1.85,5,11,-0.62,False,False
Fri USDJPY 00-04UTC,Fri,USDJPY,0,4,False,20,47,43,0.8785198913583372,-0.09,-4.3,-1.29,6,11,-0.07,False,False
MonS AUDJPY 12-16UTC,MonS,AUDJPY,12,4,False,20,47,43,0.8785198913583372,-0.11,-5.2,-2.51,5,11,-0.77,False,False
Mon NZDUSD 08-12UTC,Mon,NZDUSD,8,4,True,20,47,43,0.8785198913583372,-0.11,-4.9,-0.95,5,11,0.71,False,False
Fri GBPJPY 00-08UTC,Fri,GBPJPY,0,8,False,20,47,43,0.8785198913583372,-0.12,-5.8,-2.76,5,11,-0.18,False,False
Fri GER40 12-16UTC,Fri,GER40,12,4,False,20,47,43,0.8785198913583372,-0.12,-5.6,-3.53,4,11,-4.04,False,False
Mon NZDUSD 16-20UTC,Mon,NZDUSD,16,4,False,20,47,43,0.8785198913583372,-0.12,-5.4,-1.09,3,11,-0.34,False,False
Mon AUDJPY 00-04UTC,Mon,AUDJPY,0,4,False,20,47,43,0.8785198913583372,-0.16,-7.6,-1.66,6,11,0.16,False,False
Fri AUDUSD 12-16UTC,Fri,AUDUSD,12,4,False,20,47,43,0.8785198913583372,-0.17,-8.0,-2.19,6,11,-0.59,False,False
Fri AUDUSD 00-08UTC,Fri,AUDUSD,0,8,False,20,47,43,0.8785198913583372,-0.17,-7.8,-2.23,3,11,-3.38,False,False
MonS USDJPY 08-16UTC,MonS,USDJPY,8,8,False,20,47,43,0.8785198913583372,-0.23,-10.4,-2.32,7,11,1.13,False,False
WedS EURJPY 04-08UTC,WedS,EURJPY,4,4,False,20,48,42,0.9032936735690313,0.06,2.7,-0.8,8,11,1.52,False,False
TueS AUDUSD 16-00UTC,TueS,AUDUSD,16,8,False,20,48,42,0.9032936735690313,0.04,1.7,-1.14,5,11,-3.24,False,False
Wed AUDJPY 00-04UTC,Wed,AUDJPY,0,4,False,20,48,42,0.9032936735690313,0.02,0.9,-1.33,5,11,0.06,False,False
Thu GBPJPY 16-00UTC,Thu,GBPJPY,16,8,False,20,48,42,0.9032936735690313,-0.01,-0.8,-2.05,4,11,-0.28,False,False
Tue EURJPY 04-08UTC,Tue,EURJPY,4,4,False,20,48,42,0.9032936735690313,-0.02,-1.0,-0.77,5,11,-0.3,False,False
Thu GBPUSD 16-00UTC,Thu,GBPUSD,16,8,False,20,48,42,0.9032936735690313,-0.02,-1.1,-1.47,4,11,-1.72,False,False
Wed USDJPY 16-20UTC,Wed,USDJPY,16,4,False,20,48,42,0.9032936735690313,-0.02,-1.0,-1.5,9,11,2.59,False,False
TueS USDJPY 08-16UTC,TueS,USDJPY,8,8,False,20,48,42,0.9032936735690313,-0.04,-2.3,-2.79,5,11,-0.07,False,False
Thu GBPJPY 04-08UTC,Thu,GBPJPY,4,4,False,20,48,42,0.9032936735690313,-0.05,-2.3,-2.0,7,11,1.38,False,False
Thu EURJPY 04-08UTC,Thu,EURJPY,4,4,False,20,48,42,0.9032936735690313,-0.06,-2.8,-2.35,7,11,1.18,False,False
Wed US500 08-12UTC,Wed,US500,8,4,False,20,48,42,0.9032936735690313,-0.06,-2.9,-1.81,5,11,-0.69,False,False
Wed AUDJPY 08-16UTC,Wed,AUDJPY,8,8,False,20,48,42,0.9032936735690313,-0.07,-3.5,-2.27,6,11,2.43,False,False
Wed AUDUSD 16-20UTC,Wed,AUDUSD,16,4,False,20,48,42,0.9032936735690313,-0.07,-3.6,-1.27,4,11,-3.39,False,False
Wed NZDUSD 04-08UTC,Wed,NZDUSD,4,4,False,20,48,42,0.9032936735690313,-0.07,-3.5,-1.36,6,11,-0.33,False,False
Wed USDJPY 04-08UTC,Wed,USDJPY,4,4,False,20,48,42,0.9032936735690313,-0.07,-3.2,-2.78,4,11,-1.41,False,False
Thu EURUSD 00-08UTC,Thu,EURUSD,0,8,False,20,48,42,0.9032936735690313,-0.08,-3.8,-1.16,4,11,-1.4,False,False
Thu GBPUSD 00-08UTC,Thu,GBPUSD,0,8,False,20,48,42,0.9032936735690313,-0.08,-3.8,-1.36,3,11,-1.48,False,False
Thu USDCHF 12-16UTC,Thu,USDCHF,12,4,False,20,48,42,0.9032936735690313,-0.08,-3.7,-2.21,4,11,-2.02,False,False
Thu AUDUSD 04-08UTC,Thu,AUDUSD,4,4,False,20,48,42,0.9032936735690313,-0.09,-4.3,-1.05,5,11,-1.33,False,False
WedS EURJPY 00-08UTC,WedS,EURJPY,0,8,False,20,48,42,0.9032936735690313,-0.09,-4.2,-2.32,7,11,2.0,False,False
Thu EURJPY 12-16UTC,Thu,EURJPY,12,4,False,20,48,42,0.9032936735690313,-0.09,-4.5,-1.25,3,11,-1.48,False,False
Thu AUDJPY 16-00UTC,Thu,AUDJPY,16,8,False,20,48,42,0.9032936735690313,-0.1,-4.8,-2.13,4,11,-0.81,False,False
Thu USDCHF 04-08UTC,Thu,USDCHF,4,4,False,20,48,42,0.9032936735690313,-0.1,-4.6,-1.33,5,11,-0.43,False,False
Thu GBPUSD 08-16UTC,Thu,GBPUSD,8,8,False,20,48,42,0.9032936735690313,-0.11,-5.6,-2.07,4,11,-2.85,False,False
Tue GER40 04-08UTC,Tue,GER40,4,4,False,20,48,42,0.9032936735690313,-0.11,-5.2,-1.63,6,11,0.28,False,False
Tue USDCHF 00-08UTC,Tue,USDCHF,0,8,False,20,48,42,0.9032936735690313,-0.11,-5.2,-0.92,4,11,-0.63,False,False
Wed EURJPY 08-12UTC,Wed,EURJPY,8,4,False,20,48,42,0.9032936735690313,-0.12,-5.5,-1.99,5,11,0.39,False,False
Tue GBPUSD 08-12UTC,Tue,GBPUSD,8,4,False,20,48,42,0.9032936735690313,-0.12,-5.9,-1.52,3,11,-2.06,False,False
Wed AUDUSD 20-00UTC,Wed,AUDUSD,20,4,False,20,48,42,0.9032936735690313,-0.14,-6.5,-0.81,3,11,-1.61,False,False
Thu GBPJPY 00-04UTC,Thu,GBPJPY,0,4,False,20,48,42,0.9032936735690313,-0.14,-6.4,-1.57,5,11,-0.4,False,False
Tue NZDUSD 04-08UTC,Tue,NZDUSD,4,4,False,20,48,42,0.9032936735690313,-0.14,-6.4,-1.08,4,11,-2.74,False,False
Thu AUDUSD 12-16UTC,Thu,AUDUSD,12,4,False,20,48,42,0.9032936735690313,-0.15,-7.0,-2.51,5,11,-2.23,False,False
Tue EURJPY 08-16UTC,Tue,EURJPY,8,8,False,20,48,42,0.9032936735690313,-0.15,-7.1,-2.3,6,11,1.59,False,False
Thu USDJPY 08-16UTC,Thu,USDJPY,8,8,False,20,48,42,0.9032936735690313,-0.15,-7.0,-2.66,5,11,-3.2,False,False
Tue GER40 00-08UTC,Tue,GER40,0,8,False,20,48,42,0.9032936735690313,-0.16,-7.4,-2.08,4,11,-4.4,False,False
Tue AUDJPY 04-08UTC,Tue,AUDJPY,4,4,False,20,48,42,0.9032936735690313,-0.17,-7.7,-1.82,6,11,-0.65,False,False
Thu GBPJPY 08-12UTC,Thu,GBPJPY,8,4,False,20,48,42,0.9032936735690313,-0.17,-7.9,-2.39,5,11,-3.86,False,False
Tue GER40 12-16UTC,Tue,GER40,12,4,False,20,48,42,0.9032936735690313,-0.19,-9.2,-4.76,5,11,-3.74,False,False
Thu US500 16-20UTC,Thu,US500,16,4,False,20,48,42,0.9032936735690313,-0.24,-11.2,-3.37,4,11,-4.45,False,False
Tue NZDUSD 08-16UTC,Tue,NZDUSD,8,8,False,20,48,42,0.9032936735690313,-0.27,-12.5,-4.28,4,11,-0.22,False,False
ThuS GER40 00-08UTC,ThuS,GER40,0,8,False,19,48,40,0.9442985544694906,0.1,4.3,-2.7,5,11,1.48,False,False
Mon GER40 20-00UTC,Mon,GER40,20,4,False,19,47,40,0.9280674557797255,0.02,0.8,-0.79,4,11,-2.07,False,False
Wed GER40 16-20UTC,Wed,GER40,16,4,False,19,48,40,0.9442985544694906,0.02,0.4,-1.14,7,11,-0.22,False,False
Mon GBPUSD 04-08UTC,Mon,GBPUSD,4,4,True,19,47,40,0.9280674557797255,0.01,0.6,-0.6,7,11,-0.28,False,False
Tue USDCHF 08-12UTC,Tue,USDCHF,8,4,False,19,48,40,0.9442985544694906,0.0,0.1,-0.95,4,11,-0.73,False,False
Tue EURUSD 04-08UTC,Tue,EURUSD,4,4,False,19,48,40,0.9442985544694906,-0.02,-1.1,-0.74,3,11,-1.36,False,False
WedS EURJPY 16-20UTC,WedS,EURJPY,16,4,False,19,48,40,0.9442985544694906,-0.05,-2.6,-1.24,6,11,-0.24,False,False
Tue EURUSD 20-00UTC,Tue,EURUSD,20,4,False,19,48,40,0.9442985544694906,-0.05,-2.5,-0.33,4,11,0.54,False,False
Mon EURUSD 08-16UTC,Mon,EURUSD,8,8,True,19,47,40,0.9280674557797255,-0.06,-2.8,-1.26,6,11,0.32,False,False
Fri GBPUSD 16-20UTC,Fri,GBPUSD,16,4,False,19,47,40,0.9280674557797255,-0.06,-2.7,-0.9,5,11,-0.59,False,False
Thu GBPJPY 12-16UTC,Thu,GBPJPY,12,4,False,19,48,40,0.9442985544694906,-0.07,-3.3,-1.42,5,11,-1.81,False,False
Wed USDCHF 00-08UTC,Wed,USDCHF,0,8,False,19,48,40,0.9442985544694906,-0.07,-3.3,-1.16,5,11,-1.47,False,False
Thu USDJPY 16-00UTC,Thu,USDJPY,16,8,False,19,48,40,0.9442985544694906,-0.07,-3.5,-2.11,6,11,0.66,False,False
Tue AUDUSD 20-00UTC,Tue,AUDUSD,20,4,False,19,48,40,0.9442985544694906,-0.08,-3.7,-0.89,6,11,1.52,False,False
Wed GBPJPY 08-16UTC,Wed,GBPJPY,8,8,False,19,48,40,0.9442985544694906,-0.08,-3.7,-3.1,8,11,5.11,False,False
Mon USDCHF 04-08UTC,Mon,USDCHF,4,4,True,19,47,40,0.9280674557797255,-0.09,-4.4,-1.08,2,11,-1.89,False,False
Fri GBPJPY 08-16UTC,Fri,GBPJPY,8,8,False,19,47,40,0.9280674557797255,-0.1,-4.8,-1.98,3,11,-0.39,False,False
Thu GBPUSD 08-12UTC,Thu,GBPUSD,8,4,False,19,48,40,0.9442985544694906,-0.1,-5.0,-1.59,4,11,-2.43,False,False
Wed US500 00-04UTC,Wed,US500,0,4,False,19,48,40,0.9442985544694906,-0.11,-5.1,-1.77,6,11,0.27,False,False
Mon USDCHF 00-08UTC,Mon,USDCHF,0,8,False,19,47,40,0.9280674557797255,-0.11,-5.2,-1.19,3,11,-3.95,False,False
Tue USDCHF 04-08UTC,Tue,USDCHF,4,4,False,19,48,40,0.9442985544694906,-0.11,-5.0,-0.83,5,11,-0.91,False,False
Mon EURJPY 00-04UTC,Mon,EURJPY,0,4,False,19,47,40,0.9280674557797255,-0.12,-5.4,-1.51,6,11,-0.73,False,False
WedS USDJPY 00-04UTC,WedS,USDJPY,0,4,False,19,48,40,0.9442985544694906,-0.12,-5.6,-2.16,9,11,0.85,False,False
Mon AUDUSD 00-04UTC,Mon,AUDUSD,0,4,False,19,47,40,0.9280674557797255,-0.13,-6.1,-1.08,6,11,1.87,False,False
Thu AUDUSD 16-00UTC,Thu,AUDUSD,16,8,False,19,48,40,0.9442985544694906,-0.13,-6.0,-1.64,4,11,-2.51,False,False
Thu EURJPY 00-04UTC,Thu,EURJPY,0,4,False,19,48,40,0.9442985544694906,-0.13,-6.3,-1.45,5,11,-0.32,False,False
MonS GBPJPY 04-08UTC,MonS,GBPJPY,4,4,False,19,47,40,0.9280674557797255,-0.13,-6.1,-2.3,6,11,-0.19,False,False
MonS US500 08-16UTC,MonS,US500,8,8,False,19,47,40,0.9280674557797255,-0.13,-6.2,-3.72,4,11,-8.15,False,False
Wed USDCHF 04-08UTC,Wed,USDCHF,4,4,False,19,48,40,0.9442985544694906,-0.13,-5.9,-0.99,5,11,-1.34,False,False
Mon USDJPY 00-04UTC,Mon,USDJPY,0,4,False,19,47,40,0.9280674557797255,-0.13,-6.0,-1.78,3,11,-2.79,False,False
Mon AUDUSD 12-16UTC,Mon,AUDUSD,12,4,False,19,47,40,0.9280674557797255,-0.14,-6.4,-1.8,6,11,-0.05,False,False
Mon GBPUSD 00-04UTC,Mon,GBPUSD,0,4,False,19,47,40,0.9280674557797255,-0.14,-6.3,-3.16,6,11,1.17,False,False
Wed GBPUSD 08-12UTC,Wed,GBPUSD,8,4,False,19,48,40,0.9442985544694906,-0.14,-6.6,-1.82,5,11,-0.41,False,False
Wed GBPUSD 00-08UTC,Wed,GBPUSD,0,8,False,19,48,40,0.9442985544694906,-0.14,-6.6,-1.27,4,11,-0.88,False,False
Thu USDCHF 00-08UTC,Thu,USDCHF,0,8,False,19,48,40,0.9442985544694906,-0.14,-6.5,-1.58,5,11,0.13,False,False
Tue AUDJPY 08-16UTC,Tue,AUDJPY,8,8,False,19,48,40,0.9442985544694906,-0.15,-7.0,-1.82,6,11,2.43,False,False
Fri GBPUSD 08-12UTC,Fri,GBPUSD,8,4,False,19,47,40,0.9280674557797255,-0.15,-7.0,-2.82,5,11,-1.82,False,False
Fri GER40 04-08UTC,Fri,GER40,4,4,False,19,47,40,0.9280674557797255,-0.15,-7.1,-2.17,6,11,-0.11,False,False
Thu GER40 08-12UTC,Thu,GER40,8,4,False,19,48,40,0.9442985544694906,-0.16,-7.8,-5.7,5,11,-1.8,False,False
Mon USDCHF 08-12UTC,Mon,USDCHF,8,4,True,19,47,40,0.9280674557797255,-0.16,-7.1,-1.68,5,11,0.05,False,False
Thu NZDUSD 16-00UTC,Thu,NZDUSD,16,8,False,19,48,40,0.9442985544694906,-0.17,-8.0,-1.76,4,11,-2.86,False,False
Tue AUDUSD 12-16UTC,Tue,AUDUSD,12,4,False,19,48,40,0.9442985544694906,-0.18,-8.5,-3.31,6,11,0.78,False,False
Fri EURUSD 08-12UTC,Fri,EURUSD,8,4,False,19,47,40,0.9280674557797255,-0.18,-8.0,-1.64,3,11,-1.64,False,False
Wed AUDUSD 00-04UTC,Wed,AUDUSD,0,4,False,19,48,40,0.9442985544694906,-0.19,-8.8,-2.05,6,11,-0.2,False,False
Wed NZDUSD 00-08UTC,Wed,NZDUSD,0,8,False,19,48,40,0.9442985544694906,-0.19,-8.7,-2.78,5,11,0.61,False,False
Tue NZDUSD 12-16UTC,Tue,NZDUSD,12,4,False,19,48,40,0.9442985544694906,-0.2,-9.5,-3.72,4,11,-0.31,False,False
Fri GER40 00-04UTC,Fri,GER40,0,4,False,19,47,40,0.9280674557797255,-0.21,-9.5,-4.59,3,11,-2.71,False,False
Fri GER40 00-08UTC,Fri,GER40,0,8,False,19,47,40,0.9280674557797255,-0.24,-10.7,-2.56,6,11,-1.46,False,False
Thu US500 16-00UTC,Thu,US500,16,8,False,19,48,40,0.9442985544694906,-0.24,-11.2,-5.17,6,11,-2.66,False,False
Thu AUDJPY 08-16UTC,Thu,AUDJPY,8,8,False,19,48,40,0.9442985544694906,-0.29,-13.2,-2.62,4,11,-6.08,False,False
Mon US500 20-00UTC,Mon,US500,20,4,False,18,47,38,0.9605296531592558,0.03,1.5,-1.13,2,11,-2.48,False,False
TueS USDJPY 08-12UTC,TueS,USDJPY,8,4,False,18,48,38,0.9702683123731148,-0.01,-0.7,-1.02,4,11,-0.05,False,False
MonS AUDJPY 04-08UTC,MonS,AUDJPY,4,4,False,18,47,38,0.9605296531592558,-0.07,-3.4,-1.19,5,11,-0.48,False,False
Fri USDCHF 16-20UTC,Fri,USDCHF,16,4,False,18,47,38,0.9605296531592558,-0.07,-3.4,-1.02,5,11,-0.24,False,False
Fri GBPUSD 00-04UTC,Fri,GBPUSD,0,4,False,18,47,38,0.9605296531592558,-0.08,-3.8,-0.64,1,11,-1.18,False,False
Mon US500 08-12UTC,Mon,US500,8,4,True,18,47,38,0.9605296531592558,-0.08,-3.7,-2.27,5,11,3.46,False,False
Thu GBPUSD 04-08UTC,Thu,GBPUSD,4,4,False,18,48,38,0.9702683123731148,-0.09,-4.3,-1.22,4,11,-0.58,False,False
Wed US500 04-08UTC,Wed,US500,4,4,False,18,48,38,0.9702683123731148,-0.09,-4.2,-1.25,4,11,-0.21,False,False
Mon EURUSD 16-20UTC,Mon,EURUSD,16,4,False,18,47,38,0.9605296531592558,-0.1,-4.5,-0.77,3,11,0.21,False,False
Mon NZDUSD 00-04UTC,Mon,NZDUSD,0,4,False,18,47,38,0.9605296531592558,-0.1,-4.7,-1.08,6,11,1.16,False,False
MonS EURJPY 12-16UTC,MonS,EURJPY,12,4,False,18,47,38,0.9605296531592558,-0.11,-5.1,-1.8,7,11,-0.12,False,False
Wed GER40 04-08UTC,Wed,GER40,4,4,False,18,48,38,0.9702683123731148,-0.11,-5.1,-2.36,6,11,-0.59,False,False
Thu AUDUSD 16-20UTC,Thu,AUDUSD,16,4,False,18,48,38,0.9702683123731148,-0.12,-5.5,-1.42,2,11,-2.35,False,False
Mon US500 00-08UTC,Mon,US500,0,8,False,18,47,38,0.9605296531592558,-0.12,-5.6,-1.32,6,11,1.63,False,False
Mon GBPUSD 12-16UTC,Mon,GBPUSD,12,4,False,18,47,38,0.9605296531592558,-0.13,-6.1,-1.29,7,11,1.34,False,False
Fri USDCHF 00-08UTC,Fri,USDCHF,0,8,False,18,47,38,0.9605296531592558,-0.13,-5.9,-1.12,4,11,-0.73,False,False
Fri AUDJPY 16-20UTC,Fri,AUDJPY,16,4,False,18,47,38,0.9605296531592558,-0.14,-6.3,-1.36,5,11,-0.52,False,False
Wed GBPJPY 08-12UTC,Wed,GBPJPY,8,4,False,18,48,38,0.9702683123731148,-0.14,-6.4,-1.91,9,11,2.09,False,False
Fri NZDUSD 12-16UTC,Fri,NZDUSD,12,4,False,18,47,38,0.9605296531592558,-0.14,-6.7,-2.36,6,11,-0.5,False,False
Tue USDCHF 16-00UTC,Tue,USDCHF,16,8,False,18,48,38,0.9702683123731148,-0.14,-6.8,-0.93,4,11,-2.45,False,False
Tue AUDUSD 04-08UTC,Tue,AUDUSD,4,4,False,18,48,38,0.9702683123731148,-0.18,-8.5,-1.66,4,11,-1.93,False,False
Thu NZDUSD 08-16UTC,Thu,NZDUSD,8,8,False,18,48,38,0.9702683123731148,-0.19,-8.9,-2.87,4,11,-3.59,False,False
Thu NZDUSD 08-12UTC,Thu,NZDUSD,8,4,False,18,48,38,0.9702683123731148,-0.2,-9.3,-1.69,1,11,-2.99,False,False
Fri AUDJPY 08-12UTC,Fri,AUDJPY,8,4,False,18,47,38,0.9605296531592558,-0.21,-9.3,-2.49,5,11,0.38,False,False
Fri AUDJPY 12-16UTC,Fri,AUDJPY,12,4,False,18,47,38,0.9605296531592558,-0.21,-9.5,-2.29,5,11,-2.19,False,False
Thu AUDUSD 08-12UTC,Thu,AUDUSD,8,4,False,18,48,38,0.9702683123731148,-0.22,-9.9,-1.6,1,11,-3.07,False,False
Thu AUDUSD 08-16UTC,Thu,AUDUSD,8,8,False,18,48,38,0.9702683123731148,-0.24,-11.0,-2.98,5,11,-3.97,False,False
Fri US500 08-12UTC,Fri,US500,8,4,False,18,47,38,0.9605296531592558,-0.25,-11.4,-2.81,5,11,-1.23,False,False
MonS AUDJPY 08-16UTC,MonS,AUDJPY,8,8,False,18,47,38,0.9605296531592558,-0.26,-11.5,-2.11,3,11,-2.28,False,False
Thu AUDJPY 08-12UTC,Thu,AUDJPY,8,4,False,18,48,38,0.9702683123731148,-0.26,-11.9,-2.46,3,11,-4.26,False,False
MonS GBPJPY 08-16UTC,MonS,GBPJPY,8,8,False,18,47,38,0.9605296531592558,-0.3,-13.1,-2.12,2,11,-4.38,False,False
FriS US500 12-16UTC,FriS,US500,12,4,False,17,47,36,0.9800069715869739,0.09,3.9,-2.13,7,11,1.17,False,False
Fri USDCHF 08-12UTC,Fri,USDCHF,8,4,False,17,47,36,0.9800069715869739,-0.06,-2.9,-1.36,5,11,-0.89,False,False
Fri EURUSD 00-04UTC,Fri,EURUSD,0,4,False,17,47,36,0.9800069715869739,-0.07,-3.1,-0.62,2,11,-1.28,False,False
Mon AUDUSD 16-00UTC,Mon,AUDUSD,16,8,False,17,47,36,0.9800069715869739,-0.11,-5.0,-0.99,5,11,-0.04,False,False
Mon USDCHF 00-04UTC,Mon,USDCHF,0,4,False,17,47,36,0.9800069715869739,-0.11,-5.2,-0.8,1,11,-3.28,False,False
Fri EURUSD 00-08UTC,Fri,EURUSD,0,8,False,17,47,36,0.9800069715869739,-0.12,-5.7,-1.34,4,11,-1.53,False,False
Fri EURUSD 04-08UTC,Fri,EURUSD,4,4,False,17,47,36,0.9800069715869739,-0.14,-6.3,-0.92,3,11,-1.05,False,False
Fri NZDUSD 00-04UTC,Fri,NZDUSD,0,4,False,17,47,36,0.9800069715869739,-0.14,-6.5,-1.19,4,11,-1.74,False,False
Mon AUDUSD 16-20UTC,Mon,AUDUSD,16,4,False,17,47,36,0.9800069715869739,-0.15,-6.8,-1.3,6,11,0.66,False,False
Mon GBPJPY 00-04UTC,Mon,GBPJPY,0,4,False,17,47,36,0.9800069715869739,-0.18,-8.2,-2.43,5,11,-0.79,False,False
Mon US500 00-04UTC,Mon,US500,0,4,False,17,47,36,0.9800069715869739,-0.19,-8.7,-0.99,5,11,-0.78,False,False
Mon GER40 00-04UTC,Mon,GER40,0,4,False,17,47,36,0.9800069715869739,-0.22,-10.1,-2.0,5,11,-2.08,False,False
MonS EURJPY 08-16UTC,MonS,EURJPY,8,8,False,17,47,36,0.9800069715869739,-0.26,-11.5,-1.81,4,11,-0.08,False,False
Fri NZDUSD 08-12UTC,Fri,NZDUSD,8,4,False,17,47,36,0.9800069715869739,-0.26,-11.4,-1.45,4,11,-1.66,False,False
Fri AUDJPY 08-16UTC,Fri,AUDJPY,8,8,False,17,47,36,0.9800069715869739,-0.32,-14.3,-2.85,5,11,-0.95,False,False
Fri AUDUSD 08-16UTC,Fri,AUDUSD,8,8,False,17,47,36,0.9800069715869739,-0.36,-15.9,-2.57,6,11,-0.33,False,False
Thu EURUSD 20-00UTC,Thu,EURUSD,20,4,False,17,48,35,0.9853475266397353,-0.02,-0.8,-0.36,3,11,-0.3,False,False
Tue EURUSD 00-08UTC,Tue,EURUSD,0,8,False,17,48,35,0.9853475266397353,-0.04,-1.7,-0.75,3,11,-1.9,False,False
Wed GBPUSD 20-00UTC,Wed,GBPUSD,20,4,False,17,48,35,0.9853475266397353,-0.05,-2.2,-0.82,3,11,-0.83,False,False
Wed AUDUSD 04-08UTC,Wed,AUDUSD,4,4,False,17,48,35,0.9853475266397353,-0.06,-2.9,-1.59,3,11,0.05,False,False
Wed EURUSD 04-08UTC,Wed,EURUSD,4,4,False,17,48,35,0.9853475266397353,-0.07,-3.3,-0.63,3,11,-1.0,False,False
Wed USDJPY 12-16UTC,Wed,USDJPY,12,4,False,17,48,35,0.9853475266397353,-0.09,-4.3,-1.82,7,11,0.96,False,False
Thu EURUSD 04-08UTC,Thu,EURUSD,4,4,False,17,48,35,0.9853475266397353,-0.1,-4.8,-1.14,5,11,-0.81,False,False
Thu GER40 20-00UTC,Thu,GER40,20,4,False,17,48,35,0.9853475266397353,-0.12,-5.8,-1.01,5,11,0.08,False,False
Tue NZDUSD 20-00UTC,Tue,NZDUSD,20,4,False,17,48,35,0.9853475266397353,-0.12,-5.7,-0.95,3,11,-0.49,False,False
Thu EURJPY 00-08UTC,Thu,EURJPY,0,8,False,17,48,35,0.9853475266397353,-0.13,-6.4,-2.52,8,11,1.51,False,False
Wed EURUSD 08-12UTC,Wed,EURUSD,8,4,False,17,48,35,0.9853475266397353,-0.13,-6.0,-1.11,3,11,-2.12,False,False
Thu GER40 16-00UTC,Thu,GER40,16,8,False,17,48,35,0.9853475266397353,-0.13,-6.3,-1.9,4,11,-2.58,False,False
Thu USDJPY 00-04UTC,Thu,USDJPY,0,4,False,17,48,35,0.9853475266397353,-0.16,-7.5,-1.75,6,11,0.2,False,False
Tue NZDUSD 00-04UTC,Tue,NZDUSD,0,4,False,17,48,35,0.9853475266397353,-0.17,-7.8,-1.36,3,11,-3.18,False,False
Tue NZDUSD 00-08UTC,Tue,NZDUSD,0,8,False,17,48,35,0.9853475266397353,-0.17,-7.8,-1.38,4,11,-4.27,False,False
Thu EURUSD 08-16UTC,Thu,EURUSD,8,8,False,17,48,35,0.9853475266397353,-0.2,-9.3,-2.37,3,11,-2.0,False,False
Thu USDCHF 16-00UTC,Thu,USDCHF,16,8,False,17,48,35,0.9853475266397353,-0.21,-9.7,-1.65,4,11,-2.06,False,False
Wed NZDUSD 08-12UTC,Wed,NZDUSD,8,4,False,17,48,35,0.9853475266397353,-0.24,-11.0,-1.26,2,11,-2.56,False,False
Wed NZDUSD 00-04UTC,Wed,NZDUSD,0,4,False,17,48,35,0.9853475266397353,-0.25,-11.2,-1.64,4,11,-0.7,False,False
Wed USDCHF 08-16UTC,Wed,USDCHF,8,8,False,17,48,35,0.9853475266397353,-0.27,-12.1,-1.9,8,11,2.63,False,False
Wed USDJPY 16-00UTC,Wed,USDJPY,16,8,False,17,48,35,0.9853475266397353,-0.28,-12.6,-2.35,7,11,0.91,False,False
Tue US500 12-16UTC,Tue,US500,12,4,False,17,48,35,0.9853475266397353,-0.32,-14.8,-5.82,5,11,-3.26,False,False
Mon US500 04-08UTC,Mon,US500,4,4,True,16,47,34,0.9906880816924968,-0.05,-2.6,-1.76,6,11,0.97,False,False
Mon EURUSD 04-08UTC,Mon,EURUSD,4,4,True,16,47,34,0.9906880816924968,-0.08,-3.6,-1.06,7,11,-0.21,False,False
Fri US500 04-08UTC,Fri,US500,4,4,False,16,47,34,0.9906880816924968,-0.11,-5.1,-1.47,3,11,-3.04,False,False
Mon USDCHF 16-00UTC,Mon,USDCHF,16,8,False,16,47,34,0.9906880816924968,-0.11,-5.0,-0.68,4,11,-1.54,False,False
Mon EURUSD 12-16UTC,Mon,EURUSD,12,4,False,16,47,34,0.9906880816924968,-0.12,-5.8,-1.08,6,11,-0.47,False,False
Thu NZDUSD 16-20UTC,Thu,NZDUSD,16,4,False,16,47,34,0.9906880816924968,-0.14,-6.6,-1.28,2,11,-2.7,False,False
Mon NZDUSD 12-16UTC,Mon,NZDUSD,12,4,False,16,47,34,0.9906880816924968,-0.26,-11.6,-1.88,5,11,-0.73,False,False
Thu GBPUSD 20-00UTC,Thu,GBPUSD,20,4,False,16,48,33,0.9933583592188775,-0.04,-1.8,-0.5,4,11,-0.56,False,False
Tue GBPUSD 00-04UTC,Tue,GBPUSD,0,4,False,16,48,33,0.9933583592188775,-0.06,-2.7,-0.48,4,11,-1.09,False,False
Thu USDJPY 20-00UTC,Thu,USDJPY,20,4,False,16,48,33,0.9933583592188775,-0.09,-4.3,-0.61,7,11,-0.57,False,False
Thu AUDJPY 20-00UTC,Thu,AUDJPY,20,4,False,16,48,33,0.9933583592188775,-0.13,-6.1,-0.95,5,11,-0.98,False,False
Thu USDJPY 00-08UTC,Thu,USDJPY,0,8,False,16,48,33,0.9933583592188775,-0.14,-6.4,-2.2,7,11,2.06,False,False
Tue GER40 00-04UTC,Tue,GER40,0,4,False,16,48,33,0.9933583592188775,-0.18,-8.2,-1.17,2,11,-6.03,False,False
Tue US500 00-08UTC,Tue,US500,0,8,False,16,48,33,0.9933583592188775,-0.18,-8.4,-1.66,3,11,-5.94,False,False
Tue NZDUSD 08-12UTC,Tue,NZDUSD,8,4,False,16,48,33,0.9933583592188775,-0.21,-9.5,-2.17,2,11,-1.55,False,False
Thu EURJPY 08-12UTC,Thu,EURJPY,8,4,False,16,48,33,0.9933583592188775,-0.23,-10.5,-2.4,4,11,-3.35,False,False
Wed AUDJPY 16-00UTC,Wed,AUDJPY,16,8,False,16,48,33,0.9933583592188775,-0.27,-12.2,-2.01,3,11,-1.73,False,False
Tue EURUSD 08-16UTC,Tue,EURUSD,8,8,False,16,48,33,0.9933583592188775,-0.28,-12.6,-2.93,7,11,0.63,False,False
Mon NZDUSD 16-00UTC,Mon,NZDUSD,16,8,False,15,47,32,0.9960286367452582,-0.08,-3.7,-0.91,3,11,-0.76,False,False
Mon USDJPY 20-00UTC,Mon,USDJPY,20,4,False,15,47,32,0.9960286367452582,-0.09,-4.3,-0.7,6,11,0.11,False,False
Mon NZDUSD 20-00UTC,Mon,NZDUSD,20,4,False,15,47,32,0.9960286367452582,-0.1,-4.7,-0.66,2,11,-2.05,False,False
Fri AUDUSD 16-20UTC,Fri,AUDUSD,16,4,False,15,47,32,0.9960286367452582,-0.19,-8.4,-1.19,2,11,-2.07,False,False
Fri NZDUSD 00-08UTC,Fri,NZDUSD,0,8,False,15,47,32,0.9960286367452582,-0.22,-9.8,-1.94,2,11,-3.46,False,False
Fri AUDUSD 08-12UTC,Fri,AUDUSD,8,4,False,15,47,32,0.9960286367452582,-0.32,-14.0,-1.7,4,11,-1.11,False,False
Tue US500 04-08UTC,Tue,US500,4,4,False,15,48,31,0.9972423992572494,-0.09,-4.2,-1.18,3,11,-4.01,False,False
Wed EURUSD 00-08UTC,Wed,EURUSD,0,8,False,15,48,31,0.9972423992572494,-0.1,-4.9,-2.23,3,11,-1.27,False,False
Tue USDCHF 00-04UTC,Tue,USDCHF,0,4,False,15,48,31,0.9972423992572494,-0.1,-4.6,-0.46,3,11,-0.92,False,False
Wed GER40 00-04UTC,Wed,GER40,0,4,False,15,48,31,0.9972423992572494,-0.13,-6.2,-1.49,4,11,-0.69,False,False
Thu USDCHF 16-20UTC,Thu,USDCHF,16,4,False,15,48,31,0.9972423992572494,-0.14,-6.5,-1.15,5,11,-1.08,False,False
Tue AUDUSD 00-04UTC,Tue,AUDUSD,0,4,False,15,48,31,0.9972423992572494,-0.15,-7.1,-1.33,3,11,-3.48,False,False
Thu EURUSD 08-12UTC,Thu,EURUSD,8,4,False,15,48,31,0.9972423992572494,-0.17,-7.9,-1.61,3,11,-1.96,False,False
Wed AUDJPY 08-12UTC,Wed,AUDJPY,8,4,False,15,48,31,0.9972423992572494,-0.18,-8.2,-1.8,5,11,-0.09,False,False
Wed AUDUSD 08-12UTC,Wed,AUDUSD,8,4,False,15,48,31,0.9972423992572494,-0.2,-9.2,-1.06,1,11,-2.77,False,False
Wed USDCHF 16-00UTC,Wed,USDCHF,16,8,False,15,48,31,0.9972423992572494,-0.2,-9.4,-1.28,5,11,0.02,False,False
Tue AUDUSD 00-08UTC,Tue,AUDUSD,0,8,False,15,48,31,0.9972423992572494,-0.21,-9.6,-1.65,4,11,-4.01,False,False
Tue AUDUSD 08-12UTC,Tue,AUDUSD,8,4,False,15,48,31,0.9972423992572494,-0.23,-10.6,-2.5,5,11,-0.92,False,False
Thu EURJPY 08-16UTC,Thu,EURJPY,8,8,False,15,48,31,0.9972423992572494,-0.26,-12.1,-2.37,3,11,-4.31,False,False
Wed USDCHF 12-16UTC,Wed,USDCHF,12,4,False,15,48,31,0.9972423992572494,-0.31,-13.8,-1.69,6,11,0.34,False,False
Mon AUDJPY 20-00UTC,Mon,AUDJPY,20,4,False,14,47,30,0.9984561617692407,-0.09,-4.0,-0.95,4,11,-0.9,False,False
MonS USDJPY 12-16UTC,MonS,USDJPY,12,4,False,14,47,30,0.9984561617692407,-0.15,-6.9,-1.61,5,11,0.3,False,False
Fri AUDUSD 04-08UTC,Fri,AUDUSD,4,4,False,14,47,30,0.9984561617692407,-0.18,-8.1,-1.41,3,11,-2.78,False,False
Fri GBPUSD 04-08UTC,Fri,GBPUSD,4,4,False,14,47,30,0.9984561617692407,-0.18,-8.0,-1.04,4,11,-1.61,False,False
Wed EURUSD 00-04UTC,Wed,EURUSD,0,4,False,14,48,29,0.9989559463330018,-0.11,-5.2,-2.01,4,11,-1.08,False,False
Tue USDCHF 16-20UTC,Tue,USDCHF,16,4,False,14,48,29,0.9989559463330018,-0.13,-6.0,-0.96,5,11,-1.11,False,False
Thu NZDUSD 04-08UTC,Thu,NZDUSD,4,4,False,14,48,29,0.9989559463330018,-0.16,-7.3,-1.06,3,11,-2.41,False,False
Wed NZDUSD 20-00UTC,Wed,NZDUSD,20,4,False,14,48,29,0.9989559463330018,-0.21,-9.4,-0.95,2,11,-2.66,False,False
Fri USDCHF 00-04UTC,Fri,USDCHF,0,4,False,13,47,28,0.9994557308967629,-0.14,-6.2,-0.93,5,11,-0.53,False,False
Fri NZDUSD 16-20UTC,Fri,NZDUSD,16,4,False,13,47,28,0.9994557308967629,-0.21,-9.6,-1.44,2,11,-2.53,False,False
Tue GBPUSD 20-00UTC,Tue,GBPUSD,20,4,False,13,48,27,0.9996413651633027,-0.06,-2.7,-0.46,5,11,0.36,False,False
Tue EURUSD 00-04UTC,Tue,EURUSD,0,4,False,13,48,27,0.9996413651633027,-0.09,-4.3,-0.53,2,11,-1.37,False,False
Thu AUDUSD 20-00UTC,Thu,AUDUSD,20,4,False,13,48,27,0.9996413651633027,-0.14,-6.4,-0.67,4,11,-1.46,False,False
Tue EURUSD 12-16UTC,Tue,EURUSD,12,4,False,13,48,27,0.9996413651633027,-0.18,-8.5,-2.15,9,11,0.78,False,False
Tue US500 00-04UTC,Tue,US500,0,4,False,13,48,27,0.9996413651633027,-0.22,-10.1,-1.54,2,11,-3.42,False,False
Fri EURUSD 16-20UTC,Fri,EURUSD,16,4,False,12,47,26,0.9998269994298425,-0.12,-5.7,-0.94,3,11,-1.73,False,False
Fri NZDUSD 04-08UTC,Fri,NZDUSD,4,4,False,12,47,26,0.9998269994298425,-0.22,-9.7,-1.49,2,11,-3.33,False,False
Thu NZDUSD 20-00UTC,Thu,NZDUSD,20,4,False,12,48,25,0.9998888775186892,-0.17,-7.8,-0.65,4,11,-1.7,False,False
Wed EURJPY 20-00UTC,Wed,EURJPY,20,4,False,12,48,25,0.9998888775186892,-0.25,-11.5,-1.44,2,11,-1.47,False,False
Wed GBPJPY 20-00UTC,Wed,GBPJPY,20,4,False,12,48,25,0.9998888775186892,-0.28,-12.8,-1.49,0,11,-2.2,False,False
Mon AUDUSD 20-00UTC,Mon,AUDUSD,20,4,False,11,47,23,0.9999507556075358,-0.09,-4.1,-0.62,1,11,-2.07,False,False
Tue USDCHF 20-00UTC,Tue,USDCHF,20,4,False,11,48,23,0.9999691517961118,-0.11,-5.1,-0.42,3,11,-2.54,False,False
Wed GBPUSD 00-04UTC,Wed,GBPUSD,0,4,False,11,48,23,0.9999691517961118,-0.12,-5.6,-1.3,4,11,-0.45,False,False
Thu USDCHF 00-04UTC,Thu,USDCHF,0,4,False,11,48,23,0.9999691517961118,-0.14,-6.4,-0.79,5,11,-0.56,False,False
Fri GBPUSD 00-08UTC,Fri,GBPUSD,0,8,False,11,47,23,0.9999507556075358,-0.19,-8.5,-1.49,3,11,-2.09,False,False
Wed USDJPY 20-00UTC,Wed,USDJPY,20,4,False,11,48,23,0.9999691517961118,-0.32,-14.3,-2.05,2,11,-2.22,False,False
Wed AUDJPY 20-00UTC,Wed,AUDJPY,20,4,False,10,48,21,0.9999923890869447,-0.36,-15.9,-2.59,1,11,-2.69,False,False
Wed USDCHF 20-00UTC,Wed,USDCHF,20,4,False,9,48,19,0.9999983473666454,-0.2,-9.1,-0.86,2,11,-2.52,False,False
Thu USDCHF 20-00UTC,Thu,USDCHF,20,4,False,8,48,17,0.9999996879795781,-0.17,-7.8,-0.64,2,11,-2.1,False,False
Mon USDCHF 20-00UTC,Mon,USDCHF,20,4,False,7,47,15,0.9999999114150668,-0.13,-5.9,-0.45,4,11,-0.53,False,False
