family,symbol,spec,is_plus,is_n,is_rate,is_mean_bps,is_trades,p,oos_plus,oos_n,oos_mean_bps,pre_n,pre_rate,passed
実測コスト格子,AUDJPY,WedS 20-00UTC cost=1.11bps,29,39,0.744,4.36,168,0.0016889239559532143,14,20,5.55,69,0.464,False
実測コスト格子,USDJPY,Mon 12-16UTC cost=0.45bps,28,39,0.718,5.21,168,0.004737652139738202,13,20,0.89,69,0.464,False
実測コスト格子,NZDJPY,Mon 04-08UTC cost=1.65bps,27,39,0.692,1.46,168,0.011851351235236507,6,12,2.8,69,0.565,False
実測コスト格子,USDJPY,Wed 00-04UTC cost=0.54bps,27,39,0.692,4.88,169,0.011851351235236507,8,20,-1.79,69,0.435,False
実測コスト格子,EURJPY,ThuS 08-16UTC cost=0.80bps,27,39,0.692,5.14,169,0.011851351235236507,10,20,4.92,69,0.551,False
実測コスト格子,EURJPY,Mon 08-16UTC cost=0.80bps,27,39,0.692,7.66,168,0.011851351235236507,11,20,1.06,69,0.493,False
実測コスト格子,AUDJPY,Mon 08-16UTC cost=1.01bps,27,39,0.692,8.09,168,0.011851351235236507,13,20,4.12,69,0.58,False
実測コスト格子,EURJPY,Wed 16-20UTC cost=0.77bps,27,39,0.692,2.66,168,0.011851351235236507,8,20,0.0,69,0.565,False
実測コスト格子,EURAUD,Fri 08-16UTC cost=2.06bps,26,39,0.667,2.29,170,0.026625957048963755,8,12,6.26,69,0.406,False
実測コスト格子,CADJPY,WedS 20-00UTC cost=1.67bps,26,39,0.667,3.26,168,0.026625957048963755,9,12,4.93,69,0.449,False
実測コスト格子,EURJPY,ThuS 00-08UTC cost=0.92bps,26,39,0.667,0.61,169,0.026625957048963755,7,20,-2.37,69,0.435,False
実測コスト格子,EURJPY,Mon 12-16UTC cost=0.73bps,26,39,0.667,3.78,168,0.026625957048963755,10,20,0.67,69,0.522,False
実測コスト格子,EURUSD,TueS 12-16UTC cost=0.33bps,26,39,0.667,3.3,170,0.026625957048963755,5,20,-3.96,69,0.536,False
実測コスト格子,GBPJPY,WedS 20-00UTC cost=1.46bps,26,39,0.667,3.67,168,0.026625957048963755,17,20,4.08,69,0.377,False
実測コスト格子,CADJPY,Mon 08-16UTC cost=1.54bps,26,39,0.667,7.65,168,0.026625957048963755,4,12,-0.31,69,0.42,False
実測コスト格子,USDJPY,Tue 08-12UTC cost=0.45bps,25,39,0.641,1.66,170,0.054064510703028645,11,20,-0.42,69,0.507,False
実測コスト格子,USDJPY,Mon 08-16UTC cost=0.45bps,25,39,0.641,8.31,168,0.054064510703028645,11,20,-1.28,69,0.478,False
実測コスト格子,EURAUD,ThuS 00-08UTC cost=2.28bps,25,39,0.641,4.55,169,0.054064510703028645,3,12,-7.6,69,0.391,False
実測コスト格子,EURUSD,Mon 20-00UTC cost=0.39bps,25,39,0.641,0.94,168,0.054064510703028645,10,20,0.44,69,0.464,False
実測コスト格子,EURUSD,TueS 08-16UTC cost=0.36bps,25,39,0.641,5.88,170,0.054064510703028645,7,20,-3.89,69,0.551,False
実測コスト格子,USDJPY,WedS 20-00UTC cost=0.52bps,25,39,0.641,4.52,168,0.054064510703028645,16,20,6.37,69,0.507,False
実測コスト格子,USDCHF,WedS 12-16UTC cost=1.47bps,25,39,0.641,3.69,168,0.054064510703028645,8,20,0.42,69,0.522,False
実測コスト格子,GBPAUD,ThuS 00-08UTC cost=3.04bps,25,39,0.641,3.71,169,0.054064510703028645,4,12,-6.72,69,0.42,False
実測コスト格子,GBPJPY,Mon 08-16UTC cost=1.29bps,25,39,0.641,7.59,168,0.054064510703028645,14,20,6.69,69,0.464,False
実測コスト格子,GBPUSD,ThuS 08-12UTC cost=0.77bps,25,39,0.641,0.41,169,0.054064510703028645,11,20,0.57,69,0.435,False
実測コスト格子,US500,Fri 12-16UTC cost=1.32bps,25,39,0.641,-0.09,166,0.054064510703028645,10,20,-1.64,69,0.58,False
実測コスト格子,CHFJPY,Wed 12-16UTC cost=1.69bps,25,39,0.641,3.16,167,0.054064510703028645,5,12,-0.32,69,0.536,False
実測コスト格子,EURGBP,TueS 08-16UTC cost=1.33bps,25,39,0.641,3.38,170,0.054064510703028645,3,12,-1.85,69,0.536,False
実測コスト格子,EURUSD,Thu 20-00UTC cost=0.39bps,25,39,0.641,0.37,169,0.054064510703028645,11,20,2.37,69,0.449,False
実測コスト格子,NZDJPY,Mon 08-16UTC cost=1.56bps,24,39,0.615,3.2,168,0.09979543345980346,6,12,2.13,69,0.493,False
実測コスト格子,XAUUSD,Fri 00-08UTC cost=2.46bps,24,39,0.615,4.48,170,0.09979543345980346,6,12,-6.81,10,0.4,False
実測コスト格子,US500,Thu 00-08UTC cost=1.41bps,24,39,0.615,-0.53,169,0.09979543345980346,11,20,-0.13,43,0.465,False
実測コスト格子,AUDUSD,Tue 16-00UTC cost=2.11bps,24,39,0.615,-0.08,169,0.09979543345980346,11,20,4.25,69,0.464,False
実測コスト格子,AUDJPY,Mon 04-08UTC cost=1.02bps,24,39,0.615,1.82,168,0.09979543345980346,12,20,4.34,69,0.58,False
実測コスト格子,XAUUSD,MonS 00-08UTC cost=2.46bps,24,39,0.615,5.1,170,0.09979543345980346,4,12,-22.88,9,0.222,False
実測コスト格子,EURUSD,Wed 20-00UTC cost=0.39bps,24,39,0.615,0.57,168,0.09979543345980346,15,20,2.0,69,0.594,False
実測コスト格子,CHFJPY,Wed 16-20UTC cost=1.77bps,24,39,0.615,0.48,168,0.09979543345980346,4,12,-3.34,69,0.449,False
実測コスト格子,EURJPY,TueS 08-16UTC cost=0.80bps,24,39,0.615,2.51,170,0.09979543345980346,9,20,-4.41,69,0.58,False
実測コスト格子,EURUSD,Wed 16-00UTC cost=0.39bps,24,39,0.615,4.2,168,0.09979543345980346,7,20,-3.06,69,0.623,False
実測コスト格子,AUDJPY,Mon 08-12UTC cost=1.01bps,24,39,0.615,2.63,168,0.09979543345980346,13,20,1.81,69,0.551,False
実測コスト格子,CHFJPY,Mon 08-12UTC cost=1.71bps,24,39,0.615,2.29,168,0.09979543345980346,4,12,-1.62,69,0.464,False
実測コスト格子,CHFJPY,Mon 08-16UTC cost=1.72bps,24,39,0.615,4.92,168,0.09979543345980346,7,12,0.99,69,0.478,False
実測コスト格子,EURJPY,Wed 00-08UTC cost=0.92bps,24,39,0.615,3.3,168,0.09979543345980346,9,20,-2.56,69,0.435,False
実測コスト格子,GER40,Thu 00-08UTC cost=2.91bps,24,39,0.615,-2.06,169,0.09979543345980346,10,20,-4.57,42,0.405,False
実測コスト格子,AUDJPY,Mon 12-16UTC cost=1.01bps,24,39,0.615,4.46,168,0.09979543345980346,11,20,1.31,69,0.449,False
実測コスト格子,USDJPY,Tue 16-20UTC cost=0.45bps,24,39,0.615,1.46,170,0.09979543345980346,11,20,1.34,69,0.551,False
実測コスト格子,EURUSD,ThuS 08-16UTC cost=0.36bps,24,39,0.615,2.76,169,0.09979543345980346,12,20,0.84,69,0.507,False
実測コスト格子,US500,Tue 16-00UTC cost=1.32bps,24,39,0.615,3.54,167,0.09979543345980346,14,20,11.04,44,0.477,False
実測コスト格子,AUDJPY,Wed 04-08UTC cost=1.02bps,24,39,0.615,0.14,168,0.09979543345980346,11,20,0.84,69,0.464,False
実測コスト格子,AUDJPY,Wed 12-16UTC cost=1.01bps,24,39,0.615,2.71,168,0.09979543345980346,12,20,1.15,69,0.551,False
実測コスト格子,EURUSD,Wed 08-16UTC cost=0.36bps,24,39,0.615,1.64,168,0.09979543345980346,9,20,0.02,69,0.464,False
実測コスト格子,USDJPY,WedS 12-16UTC cost=0.45bps,24,39,0.615,-0.32,168,0.09979543345980346,11,20,-0.57,69,0.449,False
実測コスト格子,USDJPY,Wed 04-08UTC cost=0.49bps,24,39,0.615,0.01,168,0.09979543345980346,7,20,-2.57,69,0.42,False
実測コスト格子,NAS100,Thu 08-12UTC cost=2.34bps,19,31,0.613,0.68,135,0.14052075752988458,2,13,-7.82,42,0.405,False
実測コスト格子,NAS100,Tue 16-00UTC cost=1.53bps,19,31,0.613,6.28,134,0.14052075752988458,6,13,13.66,42,0.524,False
実測コスト格子,NAS100,Mon 16-20UTC cost=0.96bps,19,31,0.613,3.59,136,0.14052075752988458,10,13,14.05,42,0.643,False
実測コスト格子,NAS100,Fri 16-20UTC cost=0.96bps,19,31,0.613,7.11,136,0.14052075752988458,7,13,-3.69,42,0.452,False
実測コスト格子,NAS100,Mon 12-16UTC cost=1.64bps,19,31,0.613,4.06,136,0.14052075752988458,10,13,13.65,42,0.595,False
実測コスト格子,XAUUSD,Mon 20-00UTC cost=2.49bps,23,39,0.59,0.48,170,0.1683918175949657,6,12,2.73,9,0.222,False
実測コスト格子,XAUUSD,Thu 16-00UTC cost=2.52bps,23,39,0.59,2.74,169,0.1683918175949657,10,12,15.95,9,0.333,False
実測コスト格子,XAUUSD,Wed 16-20UTC cost=2.31bps,23,39,0.59,-1.95,169,0.1683918175949657,6,12,1.66,9,0.556,False
実測コスト格子,USDJPY,Tue 08-16UTC cost=0.45bps,23,39,0.59,2.5,170,0.1683918175949657,11,20,-0.29,69,0.507,False
実測コスト格子,EURJPY,Wed 04-08UTC cost=0.87bps,23,39,0.59,-0.72,168,0.1683918175949657,10,20,-1.71,69,0.464,False
実測コスト格子,USDJPY,Wed 00-08UTC cost=0.52bps,23,39,0.59,5.39,168,0.1683918175949657,8,20,-3.84,69,0.551,False
実測コスト格子,GBPJPY,Wed 16-20UTC cost=1.30bps,23,39,0.59,1.86,168,0.1683918175949657,10,20,2.02,69,0.42,False
実測コスト格子,EURJPY,Tue 16-00UTC cost=0.84bps,23,39,0.59,2.13,169,0.1683918175949657,14,20,4.82,69,0.536,False
実測コスト格子,EURJPY,Wed 00-04UTC cost=0.92bps,23,39,0.59,3.2,169,0.1683918175949657,8,20,-1.72,69,0.391,False
実測コスト格子,EURUSD,Thu 16-20UTC cost=0.33bps,23,39,0.59,0.2,169,0.1683918175949657,10,20,0.6,69,0.478,False
実測コスト格子,EURJPY,Mon 16-00UTC cost=0.84bps,23,39,0.59,1.33,168,0.1683918175949657,14,20,2.58,69,0.435,False
実測コスト格子,EURAUD,Wed 16-00UTC cost=2.16bps,23,39,0.59,2.37,168,0.1683918175949657,2,12,-9.54,69,0.435,False
実測コスト格子,USDCHF,WedS 08-16UTC cost=1.48bps,23,39,0.59,3.03,168,0.1683918175949657,7,20,-3.29,69,0.42,False
実測コスト格子,XAUUSD,Tue 00-04UTC cost=2.54bps,23,39,0.59,0.04,170,0.1683918175949657,10,12,10.52,9,0.556,False
実測コスト格子,NZDJPY,Tue 16-00UTC cost=1.64bps,23,39,0.59,1.74,169,0.1683918175949657,9,12,3.83,69,0.478,False
実測コスト格子,NZDJPY,ThuS 08-16UTC cost=1.56bps,23,39,0.59,4.33,167,0.1683918175949657,6,12,-2.47,69,0.551,False
実測コスト格子,USDJPY,Mon 08-12UTC cost=0.45bps,23,39,0.59,2.66,168,0.1683918175949657,10,20,-2.62,69,0.522,False
実測コスト格子,NZDJPY,Wed 04-08UTC cost=1.65bps,23,39,0.59,-0.09,168,0.1683918175949657,7,12,0.89,69,0.478,False
実測コスト格子,CADJPY,Tue 16-20UTC cost=1.50bps,23,39,0.59,1.5,170,0.1683918175949657,6,12,1.3,69,0.449,False
実測コスト格子,CADJPY,Mon 04-08UTC cost=1.67bps,23,39,0.59,1.1,168,0.1683918175949657,5,12,1.29,69,0.507,False
実測コスト格子,EURJPY,Wed 16-00UTC cost=0.84bps,23,39,0.59,-1.5,168,0.1683918175949657,7,20,-4.32,69,0.609,False
実測コスト格子,EURJPY,ThuS 12-16UTC cost=0.73bps,23,39,0.59,0.54,169,0.1683918175949657,10,20,1.2,69,0.478,False
実測コスト格子,USDJPY,Fri 16-20UTC cost=0.45bps,23,39,0.59,-0.78,170,0.1683918175949657,15,20,2.13,69,0.391,False
実測コスト格子,EURJPY,WedS 20-00UTC cost=0.86bps,23,39,0.59,3.23,168,0.1683918175949657,16,20,3.43,69,0.406,False
実測コスト格子,US500,Thu 08-12UTC cost=1.41bps,23,39,0.59,1.22,169,0.1683918175949657,6,20,-4.31,69,0.493,False
実測コスト格子,GBPAUD,Fri 08-16UTC cost=2.86bps,23,39,0.59,1.22,170,0.1683918175949657,5,12,1.6,69,0.377,False
実測コスト格子,US500,Thu 00-04UTC cost=1.41bps,23,39,0.59,-0.49,169,0.1683918175949657,10,20,0.26,43,0.349,False
実測コスト格子,GBPUSD,Mon 16-00UTC cost=0.83bps,23,39,0.59,1.85,168,0.1683918175949657,9,20,1.11,69,0.464,False
実測コスト格子,EURUSD,Wed 16-20UTC cost=0.33bps,23,39,0.59,3.3,168,0.1683918175949657,6,20,-5.37,69,0.58,False
実測コスト格子,AUDUSD,Thu 00-08UTC cost=2.08bps,23,39,0.59,4.04,169,0.1683918175949657,7,20,-4.67,69,0.464,False
実測コスト格子,EURUSD,Tue 20-00UTC cost=0.39bps,23,39,0.59,0.5,169,0.1683918175949657,9,20,0.93,69,0.507,False
実測コスト格子,EURJPY,Tue 00-08UTC cost=0.92bps,23,39,0.59,0.49,170,0.1683918175949657,8,20,-1.53,69,0.522,False
実測コスト格子,EURJPY,Fri 08-16UTC cost=0.80bps,23,39,0.59,-0.96,170,0.1683918175949657,8,20,-1.2,69,0.406,False
実測コスト格子,GBPUSD,Wed 12-16UTC cost=0.75bps,23,39,0.59,1.85,168,0.1683918175949657,11,20,1.15,69,0.551,False
実測コスト格子,EURJPY,Thu 16-00UTC cost=0.84bps,23,39,0.59,1.27,169,0.1683918175949657,11,20,2.77,69,0.536,False
実測コスト格子,AUDJPY,ThuS 08-16UTC cost=1.01bps,23,39,0.59,5.68,169,0.1683918175949657,11,20,4.28,69,0.594,False
実測コスト格子,AUDUSD,ThuS 08-16UTC cost=2.07bps,23,39,0.59,1.72,169,0.1683918175949657,10,20,-1.35,69,0.551,False
実測コスト格子,AUDUSD,Thu 00-04UTC cost=2.10bps,23,39,0.59,1.98,169,0.1683918175949657,7,20,-2.39,69,0.435,False
実測コスト格子,US500,Mon 12-16UTC cost=1.32bps,23,39,0.59,2.7,166,0.1683918175949657,14,20,8.25,69,0.565,False
実測コスト格子,EURGBP,TueS 12-16UTC cost=1.27bps,23,39,0.59,2.49,170,0.1683918175949657,6,12,-1.51,69,0.536,False
実測コスト格子,US500,Mon 08-16UTC cost=1.32bps,23,39,0.59,2.54,166,0.1683918175949657,15,20,16.6,69,0.507,False
実測コスト格子,CHFJPY,Tue 00-08UTC cost=1.97bps,23,39,0.59,-1.32,170,0.1683918175949657,5,12,-2.84,69,0.522,False
実測コスト格子,GER40,Wed 08-12UTC cost=0.93bps,23,39,0.59,3.91,168,0.1683918175949657,11,20,1.38,69,0.478,False
実測コスト格子,GER40,Fri 12-16UTC cost=1.22bps,23,39,0.59,0.12,166,0.1683918175949657,7,20,-6.49,69,0.507,False
実測コスト格子,AUDJPY,Wed 00-08UTC cost=1.08bps,23,39,0.59,3.45,168,0.1683918175949657,12,20,1.28,69,0.478,False
実測コスト格子,NAS100,Mon 08-16UTC cost=1.65bps,18,31,0.581,1.52,136,0.23656482994556427,10,13,26.04,42,0.5,False
実測コスト格子,NAS100,ThuS 16-00UTC cost=1.53bps,18,31,0.581,4.61,134,0.23656482994556427,6,13,4.89,42,0.524,False
実測コスト格子,NAS100,Thu 08-16UTC cost=1.65bps,18,31,0.581,9.75,135,0.23656482994556427,5,13,-18.83,42,0.452,False
実測コスト格子,NAS100,Wed 20-00UTC cost=1.53bps,18,31,0.581,-0.18,135,0.23656482994556427,5,13,-3.06,42,0.286,False
実測コスト格子,NAS100,Wed 12-16UTC cost=1.64bps,18,31,0.581,0.99,136,0.23656482994556427,7,13,0.46,42,0.595,False
実測コスト格子,NAS100,Thu 00-08UTC cost=2.33bps,18,31,0.581,-0.71,135,0.23656482994556427,7,13,-2.25,42,0.452,False
実測コスト格子,GBPJPY,Mon 04-08UTC cost=1.35bps,22,39,0.564,2.12,168,0.26119869024842046,12,20,2.82,69,0.478,False
実測コスト格子,EURGBP,MonS 08-12UTC cost=1.33bps,22,39,0.564,-0.37,168,0.26119869024842046,8,12,0.61,69,0.449,False
実測コスト格子,CHFJPY,ThuS 08-16UTC cost=1.72bps,22,39,0.564,2.6,169,0.26119869024842046,4,12,-3.7,69,0.391,False
実測コスト格子,GER40,Mon 12-16UTC cost=1.22bps,22,39,0.564,2.22,166,0.26119869024842046,11,20,3.58,69,0.391,False
実測コスト格子,GBPJPY,Wed 12-16UTC cost=1.26bps,22,39,0.564,1.1,168,0.26119869024842046,10,20,0.78,69,0.638,False
実測コスト格子,GBPJPY,Wed 00-08UTC cost=1.46bps,22,39,0.564,2.0,168,0.26119869024842046,8,20,-4.02,69,0.406,False
実測コスト格子,US500,TueS 00-08UTC cost=1.41bps,22,39,0.564,0.23,169,0.26119869024842046,14,20,3.34,43,0.395,False
実測コスト格子,EURGBP,ThuS 12-16UTC cost=1.27bps,22,39,0.564,-1.07,169,0.26119869024842046,7,12,-1.49,69,0.449,False
実測コスト格子,GER40,MonS 08-12UTC cost=0.93bps,22,39,0.564,-0.82,166,0.26119869024842046,5,20,-12.18,69,0.522,False
実測コスト格子,EURUSD,Thu 16-00UTC cost=0.39bps,22,39,0.564,0.9,169,0.26119869024842046,13,20,3.3,69,0.464,False
実測コスト格子,EURUSD,FriS 08-16UTC cost=0.36bps,22,39,0.564,1.18,170,0.26119869024842046,8,20,-4.53,69,0.478,False
実測コスト格子,EURUSD,Wed 12-16UTC cost=0.33bps,22,39,0.564,2.6,168,0.26119869024842046,13,20,2.31,69,0.536,False
実測コスト格子,GER40,Wed 12-16UTC cost=1.22bps,22,39,0.564,2.62,168,0.26119869024842046,7,20,-2.34,69,0.522,False
実測コスト格子,GER40,Wed 08-16UTC cost=1.23bps,22,39,0.564,7.48,168,0.26119869024842046,10,20,-0.04,69,0.478,False
実測コスト格子,EURJPY,Tue 16-20UTC cost=0.77bps,22,39,0.564,1.27,170,0.26119869024842046,12,20,2.54,69,0.42,False
実測コスト格子,EURJPY,TueS 12-16UTC cost=0.73bps,22,39,0.564,2.08,170,0.26119869024842046,6,20,-4.44,69,0.507,False
実測コスト格子,EURUSD,ThuS 12-16UTC cost=0.33bps,22,39,0.564,0.4,169,0.26119869024842046,11,20,-0.34,69,0.493,False
実測コスト格子,EURUSD,WedS 08-12UTC cost=0.39bps,22,39,0.564,0.54,168,0.26119869024842046,11,20,1.87,69,0.594,False
実測コスト格子,GBPUSD,Wed 08-16UTC cost=0.77bps,22,39,0.564,0.8,168,0.26119869024842046,11,20,-0.28,69,0.551,False
実測コスト格子,GBPUSD,Wed 16-20UTC cost=0.78bps,22,39,0.564,2.56,168,0.26119869024842046,6,20,-3.24,69,0.507,False
実測コスト格子,AUDJPY,WedS 08-12UTC cost=1.01bps,22,39,0.564,0.58,168,0.26119869024842046,10,20,-0.39,69,0.42,False
実測コスト格子,GBPUSD,ThuS 08-16UTC cost=0.77bps,22,39,0.564,0.59,169,0.26119869024842046,10,20,0.56,69,0.42,False
実測コスト格子,EURUSD,FriS 04-08UTC cost=0.39bps,22,39,0.564,1.92,170,0.26119869024842046,6,20,-1.66,69,0.478,False
実測コスト格子,GBPUSD,MonS 12-16UTC cost=0.75bps,22,39,0.564,1.01,168,0.26119869024842046,8,20,-3.08,69,0.406,False
実測コスト格子,EURAUD,Fri 12-16UTC cost=2.03bps,22,39,0.564,1.55,170,0.26119869024842046,6,12,1.75,69,0.493,False
実測コスト格子,GBPUSD,FriS 04-08UTC cost=0.81bps,22,39,0.564,1.59,170,0.26119869024842046,11,20,1.26,69,0.551,False
実測コスト格子,GBPUSD,FriS 00-08UTC cost=0.83bps,22,39,0.564,1.64,170,0.26119869024842046,12,20,2.5,70,0.543,False
実測コスト格子,XAUUSD,MonS 08-16UTC cost=2.35bps,22,39,0.564,5.38,170,0.26119869024842046,2,12,-11.96,9,0.333,False
実測コスト格子,AUDJPY,Thu 04-08UTC cost=1.02bps,22,39,0.564,1.52,169,0.26119869024842046,10,20,-0.53,69,0.478,False
実測コスト格子,EURUSD,Mon 00-08UTC cost=0.42bps,22,39,0.564,-0.38,168,0.26119869024842046,13,20,3.29,69,0.507,False
実測コスト格子,AUDJPY,Tue 16-20UTC cost=1.05bps,22,39,0.564,2.15,170,0.26119869024842046,12,20,2.47,69,0.449,False
実測コスト格子,EURJPY,Fri 12-16UTC cost=0.73bps,22,39,0.564,-0.19,170,0.26119869024842046,7,20,-1.71,69,0.42,False
実測コスト格子,EURJPY,Mon 20-00UTC cost=0.86bps,22,39,0.564,0.39,168,0.26119869024842046,9,20,-0.65,69,0.406,False
実測コスト格子,NZDJPY,WedS 16-00UTC cost=1.64bps,22,39,0.564,4.09,168,0.26119869024842046,7,12,-1.47,69,0.406,False
実測コスト格子,USDJPY,Fri 00-08UTC cost=0.52bps,22,39,0.564,-0.21,170,0.26119869024842046,11,20,3.32,70,0.443,False
実測コスト格子,CADJPY,WedS 16-00UTC cost=1.62bps,22,39,0.564,3.73,168,0.26119869024842046,6,12,-3.3,69,0.333,False
実測コスト格子,NZDJPY,TueS 08-16UTC cost=1.56bps,22,39,0.564,-1.14,170,0.26119869024842046,6,12,-4.79,69,0.551,False
実測コスト格子,EURUSD,Tue 16-00UTC cost=0.39bps,22,39,0.564,0.69,169,0.26119869024842046,11,20,2.42,69,0.58,False
実測コスト格子,EURJPY,Tue 00-04UTC cost=0.92bps,22,39,0.564,-1.13,170,0.26119869024842046,8,20,-1.09,69,0.493,False
実測コスト格子,EURJPY,ThuS 04-08UTC cost=0.87bps,22,39,0.564,-0.25,169,0.26119869024842046,6,20,-4.31,69,0.42,False
実測コスト格子,NZDUSD,Thu 00-04UTC cost=2.56bps,22,39,0.564,1.59,169,0.26119869024842046,8,20,-1.76,69,0.42,False
実測コスト格子,USDJPY,Fri 04-08UTC cost=0.49bps,22,39,0.564,0.98,170,0.26119869024842046,11,20,1.63,69,0.522,False
実測コスト格子,USDJPY,Mon 00-08UTC cost=0.52bps,22,39,0.564,0.76,168,0.26119869024842046,10,20,-3.8,69,0.464,False
実測コスト格子,NZDUSD,Thu 00-08UTC cost=2.50bps,22,39,0.564,2.41,169,0.26119869024842046,7,20,-5.88,69,0.42,False
実測コスト格子,NZDJPY,Wed 00-08UTC cost=1.67bps,22,39,0.564,1.92,168,0.26119869024842046,7,12,0.91,69,0.551,False
実測コスト格子,NZDJPY,WedS 20-00UTC cost=1.80bps,22,39,0.564,2.3,168,0.26119869024842046,8,12,3.98,69,0.406,False
実測コスト格子,CADJPY,Tue 00-04UTC cost=1.78bps,22,39,0.564,-1.56,170,0.26119869024842046,5,12,-2.65,69,0.493,False
実測コスト格子,USDJPY,Tue 12-16UTC cost=0.45bps,22,39,0.564,0.39,170,0.26119869024842046,8,20,-0.33,69,0.522,False
実測コスト格子,CHFJPY,Mon 12-16UTC cost=1.69bps,22,39,0.564,0.94,168,0.26119869024842046,6,12,0.94,69,0.522,False
実測コスト格子,EURJPY,Wed 12-16UTC cost=0.73bps,22,39,0.564,2.02,168,0.26119869024842046,12,20,1.99,69,0.522,False
実測コスト格子,US500,Thu 08-16UTC cost=1.32bps,22,39,0.564,3.43,169,0.26119869024842046,7,20,-10.55,69,0.522,False
実測コスト格子,XAUUSD,Wed 20-00UTC cost=2.49bps,22,39,0.564,2.06,169,0.26119869024842046,9,12,4.42,9,0.222,False
実測コスト格子,US500,Thu 04-08UTC cost=1.41bps,22,39,0.564,-1.45,169,0.26119869024842046,12,20,-1.81,43,0.488,False
実測コスト格子,USDCHF,Mon 08-16UTC cost=1.48bps,22,39,0.564,0.83,168,0.26119869024842046,11,20,-2.08,69,0.391,False
実測コスト格子,XAUUSD,Fri 00-04UTC cost=2.54bps,22,39,0.564,2.57,170,0.26119869024842046,4,12,-6.11,10,0.4,False
実測コスト格子,USDCHF,Tue 08-16UTC cost=1.48bps,22,39,0.564,1.88,170,0.26119869024842046,8,20,-3.38,69,0.507,False
実測コスト格子,XAUUSD,Fri 16-00UTC cost=2.52bps,22,39,0.564,-0.09,170,0.26119869024842046,5,12,-6.32,9,0.444,False
実測コスト格子,USDJPY,Thu 16-20UTC cost=0.45bps,22,39,0.564,0.24,169,0.26119869024842046,12,20,1.22,69,0.493,False
実測コスト格子,AUDUSD,FriS 08-16UTC cost=2.07bps,22,39,0.564,3.68,170,0.26119869024842046,8,20,-2.56,69,0.464,False
実測コスト格子,XAUUSD,MonS 04-08UTC cost=2.43bps,22,39,0.564,2.33,170,0.26119869024842046,4,12,-9.97,9,0.111,False
実測コスト格子,NAS100,Thu 12-16UTC cost=1.64bps,17,31,0.548,6.67,135,0.360050065908581,6,13,-13.31,42,0.5,False
実測コスト格子,NAS100,Thu 04-08UTC cost=2.37bps,17,31,0.548,-1.19,135,0.360050065908581,7,13,-0.28,42,0.476,False
実測コスト格子,NAS100,Wed 08-16UTC cost=1.65bps,17,31,0.548,3.63,136,0.360050065908581,8,13,1.88,42,0.595,False
実測コスト格子,NAS100,Thu 00-04UTC cost=2.37bps,17,31,0.548,-1.92,135,0.360050065908581,4,13,-4.39,42,0.071,False
実測コスト格子,NAS100,Tue 20-00UTC cost=1.53bps,17,31,0.548,2.5,134,0.360050065908581,8,13,8.19,42,0.31,False
実測コスト格子,NAS100,Tue 16-20UTC cost=0.96bps,17,31,0.548,2.43,135,0.360050065908581,9,13,4.34,42,0.476,False
実測コスト格子,NAS100,ThuS 16-20UTC cost=0.96bps,17,31,0.548,3.86,135,0.360050065908581,7,13,10.88,42,0.476,False
実測コスト格子,NAS100,Mon 16-00UTC cost=1.53bps,17,31,0.548,9.27,135,0.360050065908581,6,13,11.12,42,0.69,False
実測コスト格子,USDCHF,Fri 04-08UTC cost=1.56bps,21,39,0.538,-0.9,170,0.37462931238042074,7,20,-2.68,69,0.449,False
実測コスト格子,GBPUSD,TueS 08-12UTC cost=0.77bps,21,39,0.538,0.82,170,0.37462931238042074,9,20,0.19,69,0.507,False
実測コスト格子,GBPUSD,TueS 00-08UTC cost=0.83bps,21,39,0.538,-2.09,170,0.37462931238042074,10,20,2.9,69,0.507,False
実測コスト格子,GBPUSD,WedS 00-08UTC cost=0.83bps,21,39,0.538,1.59,168,0.37462931238042074,7,20,-1.59,69,0.638,False
実測コスト格子,GBPUSD,Mon 20-00UTC cost=0.84bps,21,39,0.538,1.26,168,0.37462931238042074,9,20,-0.68,69,0.507,False
実測コスト格子,GBPUSD,ThuS 00-08UTC cost=0.83bps,21,39,0.538,0.05,169,0.37462931238042074,10,20,-0.49,69,0.507,False
実測コスト格子,GBPUSD,TueS 00-04UTC cost=0.87bps,21,39,0.538,-1.32,170,0.37462931238042074,13,20,0.06,69,0.333,False
実測コスト格子,GER40,WedS 04-08UTC cost=1.81bps,21,39,0.538,-0.24,168,0.37462931238042074,7,20,-6.71,42,0.381,False
実測コスト格子,EURUSD,WedS 00-08UTC cost=0.42bps,21,39,0.538,1.24,168,0.37462931238042074,9,20,-2.17,69,0.609,False
実測コスト格子,EURUSD,ThuS 04-08UTC cost=0.39bps,21,39,0.538,0.69,169,0.37462931238042074,10,20,-1.23,69,0.565,False
実測コスト格子,EURUSD,Fri 00-04UTC cost=0.41bps,21,39,0.538,0.11,170,0.37462931238042074,7,20,-1.31,70,0.6,False
実測コスト格子,GBPUSD,WedS 04-08UTC cost=0.81bps,21,39,0.538,0.41,168,0.37462931238042074,8,20,-2.08,69,0.536,False
実測コスト格子,AUDJPY,Tue 16-00UTC cost=1.05bps,21,39,0.538,2.83,169,0.37462931238042074,15,20,8.2,69,0.522,False
実測コスト格子,GBPUSD,Wed 16-00UTC cost=0.83bps,21,39,0.538,2.43,168,0.37462931238042074,8,20,-2.04,69,0.58,False
実測コスト格子,NZDUSD,MonS 12-16UTC cost=2.46bps,21,39,0.538,1.26,168,0.37462931238042074,9,20,-3.87,69,0.391,False
実測コスト格子,US500,Mon 16-20UTC cost=1.26bps,21,39,0.538,1.99,150,0.37462931238042074,11,20,7.87,67,0.537,False
実測コスト格子,CHFJPY,ThuS 12-16UTC cost=1.69bps,21,39,0.538,-0.86,169,0.37462931238042074,4,12,-2.48,69,0.42,False
実測コスト格子,GBPJPY,Mon 16-00UTC cost=1.44bps,21,39,0.538,2.49,168,0.37462931238042074,10,20,2.46,69,0.478,False
実測コスト格子,EURUSD,ThuS 00-08UTC cost=0.42bps,21,39,0.538,0.5,169,0.37462931238042074,10,20,-1.12,69,0.406,False
実測コスト格子,AUDJPY,Thu 00-08UTC cost=1.08bps,21,39,0.538,4.47,169,0.37462931238042074,10,20,-2.86,69,0.435,False
実測コスト格子,EURUSD,MonS 12-16UTC cost=0.33bps,21,39,0.538,0.82,168,0.37462931238042074,11,20,-0.46,69,0.42,False
実測コスト格子,NZDUSD,Tue 16-00UTC cost=2.50bps,21,39,0.538,-0.91,169,0.37462931238042074,8,20,-0.72,69,0.449,False
実測コスト格子,EURUSD,Tue 16-20UTC cost=0.33bps,21,39,0.538,-0.15,170,0.37462931238042074,13,20,1.15,69,0.464,False
実測コスト格子,AUDJPY,TueS 08-16UTC cost=1.01bps,21,39,0.538,0.32,170,0.37462931238042074,6,20,-5.01,69,0.507,False
実測コスト格子,AUDUSD,FriS 08-12UTC cost=2.06bps,21,39,0.538,1.48,170,0.37462931238042074,9,20,0.74,69,0.478,False
実測コスト格子,AUDUSD,FriS 16-20UTC cost=2.08bps,21,39,0.538,-1.07,170,0.37462931238042074,10,20,-0.34,69,0.261,False
実測コスト格子,AUDUSD,Thu 04-08UTC cost=2.06bps,21,39,0.538,0.01,169,0.37462931238042074,7,20,-4.21,69,0.464,False
実測コスト格子,EURJPY,Fri 08-12UTC cost=0.83bps,21,39,0.538,-1.51,170,0.37462931238042074,9,20,-0.25,69,0.42,False
実測コスト格子,EURJPY,ThuS 08-12UTC cost=0.83bps,21,39,0.538,3.83,169,0.37462931238042074,11,20,2.94,69,0.449,False
実測コスト格子,XAUUSD,Tue 12-16UTC cost=2.34bps,21,39,0.538,-0.68,170,0.37462931238042074,4,12,-8.04,9,0.222,False
実測コスト格子,XAUUSD,Tue 04-08UTC cost=2.43bps,21,39,0.538,-1.39,170,0.37462931238042074,4,12,-12.3,9,0.333,False
実測コスト格子,USDCHF,ThuS 16-00UTC cost=1.57bps,21,39,0.538,-0.41,169,0.37462931238042074,13,20,3.49,69,0.435,False
実測コスト格子,GBPAUD,Fri 12-16UTC cost=2.81bps,21,39,0.538,0.09,170,0.37462931238042074,2,12,-2.66,69,0.362,False
実測コスト格子,EURAUD,Tue 04-08UTC cost=2.15bps,21,39,0.538,1.28,170,0.37462931238042074,6,12,-1.43,69,0.493,False
実測コスト格子,USDCHF,WedS 20-00UTC cost=1.60bps,21,39,0.538,0.48,168,0.37462931238042074,15,20,2.11,69,0.522,False
実測コスト格子,USDCHF,WedS 16-00UTC cost=1.57bps,21,39,0.538,2.92,168,0.37462931238042074,10,20,-4.3,69,0.565,False
実測コスト格子,EURAUD,ThuS 00-04UTC cost=2.27bps,21,39,0.538,1.47,169,0.37462931238042074,4,12,-3.9,69,0.319,False
実測コスト格子,EURAUD,TueS 08-16UTC cost=2.06bps,21,39,0.538,-0.25,170,0.37462931238042074,6,12,-2.17,69,0.478,False
実測コスト格子,AUDJPY,Thu 16-20UTC cost=1.05bps,21,39,0.538,-0.55,169,0.37462931238042074,11,20,0.65,69,0.507,False
実測コスト格子,EURUSD,TueS 00-08UTC cost=0.42bps,21,39,0.538,-1.93,170,0.37462931238042074,12,20,1.59,69,0.377,False
実測コスト格子,NZDJPY,Thu 00-04UTC cost=1.74bps,21,39,0.538,1.42,169,0.37462931238042074,4,12,-5.23,69,0.275,False
実測コスト格子,CADJPY,Tue 16-00UTC cost=1.62bps,21,39,0.538,1.56,169,0.37462931238042074,7,12,5.38,69,0.464,False
実測コスト格子,CADJPY,Thu 04-08UTC cost=1.67bps,21,39,0.538,-0.43,169,0.37462931238042074,6,12,0.96,69,0.42,False
実測コスト格子,GBPUSD,MonS 00-04UTC cost=0.87bps,21,39,0.538,1.48,169,0.37462931238042074,6,20,-3.7,69,0.362,False
実測コスト格子,GER40,Fri 08-16UTC cost=1.23bps,21,39,0.538,0.2,166,0.37462931238042074,8,20,-14.91,69,0.493,False
実測コスト格子,AUDJPY,WedS 16-00UTC cost=1.05bps,21,39,0.538,4.19,168,0.37462931238042074,9,20,-0.56,69,0.362,False
実測コスト格子,CHFJPY,FriS 12-16UTC cost=1.69bps,21,39,0.538,-1.28,170,0.37462931238042074,6,12,-1.71,69,0.478,False
実測コスト格子,GBPJPY,Wed 00-04UTC cost=1.50bps,21,39,0.538,2.77,169,0.37462931238042074,4,20,-3.21,69,0.377,False
実測コスト格子,GER40,Thu 00-04UTC cost=3.75bps,21,39,0.538,-3.56,169,0.37462931238042074,10,20,-7.77,42,0.262,False
実測コスト格子,GBPJPY,ThuS 08-16UTC cost=1.29bps,21,39,0.538,3.02,169,0.37462931238042074,10,20,4.6,69,0.507,False
実測コスト格子,GER40,TueS 04-08UTC cost=1.81bps,21,39,0.538,-1.25,169,0.37462931238042074,7,20,-7.16,42,0.357,False
実測コスト格子,GER40,MonS 08-16UTC cost=1.23bps,21,39,0.538,-4.55,166,0.37462931238042074,9,20,-17.34,69,0.536,False
実測コスト格子,US500,Tue 20-00UTC cost=1.33bps,21,39,0.538,0.93,167,0.37462931238042074,12,20,4.57,44,0.455,False
実測コスト格子,GBPJPY,Wed 04-08UTC cost=1.35bps,21,39,0.538,-2.09,168,0.37462931238042074,9,20,-2.21,69,0.435,False
実測コスト格子,EURJPY,Mon 08-12UTC cost=0.83bps,21,39,0.538,3.13,168,0.37462931238042074,9,20,-0.37,69,0.464,False
実測コスト格子,GBPJPY,Fri 16-20UTC cost=1.30bps,21,39,0.538,-0.91,170,0.37462931238042074,11,20,0.27,69,0.348,False
実測コスト格子,CHFJPY,Wed 08-16UTC cost=1.72bps,21,39,0.538,2.48,168,0.37462931238042074,5,12,-1.85,69,0.464,False
実測コスト格子,US500,Fri 16-20UTC cost=1.26bps,21,39,0.538,4.5,162,0.37462931238042074,9,20,-5.17,68,0.529,False
実測コスト格子,GBPJPY,Mon 12-16UTC cost=1.26bps,21,39,0.538,2.59,168,0.37462931238042074,12,20,2.38,69,0.449,False
実測コスト格子,GBPJPY,Mon 08-12UTC cost=1.27bps,21,39,0.538,3.76,168,0.37462931238042074,15,20,3.07,69,0.507,False
実測コスト格子,USDJPY,Tue 00-04UTC cost=0.54bps,21,39,0.538,-0.58,170,0.37462931238042074,11,20,0.42,69,0.493,False
実測コスト格子,USDJPY,ThuS 08-16UTC cost=0.45bps,21,39,0.538,2.28,169,0.37462931238042074,10,20,3.97,69,0.42,False
実測コスト格子,AUDUSD,TueS 00-08UTC cost=2.08bps,21,39,0.538,0.46,170,0.37462931238042074,11,20,0.39,69,0.406,False
実測コスト格子,AUDUSD,Tue 16-20UTC cost=2.08bps,21,39,0.538,-0.81,170,0.37462931238042074,7,20,-0.35,69,0.406,False
実測コスト格子,AUDJPY,Fri 00-08UTC cost=1.08bps,21,39,0.538,-1.24,170,0.37462931238042074,11,20,-0.11,70,0.486,False
実測コスト格子,USDJPY,Mon 16-20UTC cost=0.45bps,21,39,0.538,0.89,168,0.37462931238042074,14,20,2.07,69,0.551,False
実測コスト格子,NZDUSD,ThuS 08-16UTC cost=2.44bps,21,39,0.538,0.34,169,0.37462931238042074,9,20,-4.11,69,0.493,False
実測コスト格子,AUDJPY,FriS 12-16UTC cost=1.01bps,21,39,0.538,2.0,170,0.37462931238042074,11,20,1.4,69,0.565,False
実測コスト格子,NZDUSD,WedS 20-00UTC cost=2.54bps,21,39,0.538,-0.26,168,0.37462931238042074,9,20,-2.04,69,0.435,False
実測コスト格子,NZDJPY,ThuS 12-16UTC cost=1.53bps,21,39,0.538,-0.28,167,0.37462931238042074,5,12,-2.96,69,0.58,False
実測コスト格子,NZDJPY,Mon 00-08UTC cost=1.67bps,21,39,0.538,0.92,168,0.37462931238042074,7,12,1.06,69,0.551,False
実測コスト格子,NZDJPY,MonS 00-04UTC cost=1.74bps,21,39,0.538,-1.22,168,0.37462931238042074,7,12,-0.03,69,0.362,False
実測コスト格子,NZDJPY,Tue 16-20UTC cost=1.64bps,21,39,0.538,0.22,170,0.37462931238042074,5,12,-1.88,69,0.449,False
実測コスト格子,NZDJPY,FriS 12-16UTC cost=1.53bps,21,39,0.538,0.09,170,0.37462931238042074,6,12,1.53,69,0.493,False
実測コスト格子,NZDJPY,FriS 00-08UTC cost=1.67bps,21,39,0.538,-0.84,170,0.37462931238042074,4,12,-1.28,70,0.471,False
実測コスト格子,NZDJPY,Wed 12-16UTC cost=1.53bps,21,39,0.538,2.05,167,0.37462931238042074,5,12,-2.56,69,0.493,False
実測コスト格子,CADJPY,Tue 12-16UTC cost=1.50bps,21,39,0.538,-2.37,170,0.37462931238042074,7,12,2.2,69,0.42,False
実測コスト格子,CHFJPY,Mon 04-08UTC cost=1.83bps,21,39,0.538,0.52,168,0.37462931238042074,5,12,-0.95,69,0.478,False
実測コスト格子,USDJPY,ThuS 00-08UTC cost=0.52bps,21,39,0.538,0.02,169,0.37462931238042074,9,20,-1.34,69,0.507,False
実測コスト格子,USDJPY,Tue 04-08UTC cost=0.49bps,21,39,0.538,-0.5,170,0.37462931238042074,11,20,-0.05,69,0.493,False
実測コスト格子,CADJPY,Mon 00-08UTC cost=1.72bps,21,39,0.538,-0.56,168,0.37462931238042074,5,12,-4.47,69,0.536,False
実測コスト格子,XAUUSD,MonS 00-04UTC cost=2.54bps,21,39,0.538,0.27,170,0.37462931238042074,5,12,-15.37,9,0.111,False
実測コスト格子,XAUUSD,Tue 00-08UTC cost=2.46bps,21,39,0.538,1.14,170,0.37462931238042074,8,12,0.69,9,0.444,False
実測コスト格子,GER40,MonS 00-04UTC cost=3.75bps,21,39,0.538,0.16,166,0.37462931238042074,6,20,-5.54,42,0.381,False
実測コスト格子,GER40,Tue 08-16UTC cost=1.23bps,21,39,0.538,0.74,169,0.37462931238042074,12,20,-1.83,69,0.449,False
実測コスト格子,XAUUSD,Thu 04-08UTC cost=2.43bps,21,39,0.538,-0.22,169,0.37462931238042074,5,12,-8.48,9,0.556,False
実測コスト格子,XAUUSD,Wed 16-00UTC cost=2.52bps,21,39,0.538,2.42,169,0.37462931238042074,9,12,8.33,9,0.556,False
実測コスト格子,XAUUSD,Tue 16-00UTC cost=2.52bps,21,39,0.538,-1.08,170,0.37462931238042074,10,12,7.28,9,0.444,False
実測コスト格子,XAUUSD,Fri 20-00UTC cost=2.49bps,21,39,0.538,-0.09,170,0.37462931238042074,4,12,-0.89,9,0.444,False
実測コスト格子,CADJPY,Mon 12-16UTC cost=1.50bps,21,39,0.538,3.71,168,0.37462931238042074,4,12,1.43,69,0.42,False
実測コスト格子,USDJPY,ThuS 00-04UTC cost=0.54bps,21,39,0.538,0.54,169,0.37462931238042074,9,20,1.41,69,0.565,False
実測コスト格子,CADJPY,Tue 08-12UTC cost=1.57bps,21,39,0.538,-1.6,170,0.37462931238042074,7,12,0.57,69,0.435,False
実測コスト格子,US500,WedS 16-00UTC cost=1.32bps,21,39,0.538,1.44,168,0.37462931238042074,7,20,-13.18,43,0.488,False
実測コスト格子,GER40,Fri 08-12UTC cost=0.93bps,21,39,0.538,-0.82,166,0.37462931238042074,9,20,-9.37,69,0.551,False
実測コスト格子,XAUUSD,Thu 00-08UTC cost=2.46bps,21,39,0.538,-0.32,169,0.37462931238042074,3,12,-11.16,9,0.444,False
実測コスト格子,US500,ThuS 16-20UTC cost=1.26bps,21,39,0.538,-0.3,164,0.37462931238042074,11,20,5.96,68,0.368,False
実測コスト格子,US500,Fri 00-04UTC cost=1.41bps,21,39,0.538,-2.17,167,0.37462931238042074,10,20,0.34,45,0.467,False
実測コスト格子,GER40,Fri 16-20UTC cost=3.00bps,20,38,0.526,-0.43,150,0.43570733968226705,9,16,0.14,65,0.538,False
実測コスト格子,US500,ThuS 16-00UTC cost=1.32bps,20,39,0.513,0.57,166,0.5,8,20,1.25,44,0.386,False
実測コスト格子,GBPJPY,Tue 00-08UTC cost=1.46bps,20,39,0.513,-0.27,170,0.5,7,20,-3.75,69,0.449,False
実測コスト格子,US500,FriS 08-12UTC cost=1.41bps,20,39,0.513,0.65,167,0.5,7,20,1.04,69,0.42,False
実測コスト格子,GBPJPY,MonS 00-08UTC cost=1.46bps,20,39,0.513,-2.21,168,0.5,8,20,-2.57,69,0.449,False
実測コスト格子,GBPJPY,Tue 00-04UTC cost=1.50bps,20,39,0.513,-1.09,170,0.5,9,20,-1.41,69,0.493,False
実測コスト格子,GBPJPY,Tue 16-20UTC cost=1.30bps,20,39,0.513,-0.95,170,0.5,11,20,2.35,69,0.58,False
実測コスト格子,US500,Wed 20-00UTC cost=1.33bps,20,39,0.513,-1.29,166,0.5,10,20,-0.47,42,0.357,False
実測コスト格子,GBPJPY,Thu 16-20UTC cost=1.30bps,20,39,0.513,-0.63,169,0.5,9,20,-0.15,69,0.449,False
実測コスト格子,CHFJPY,ThuS 08-12UTC cost=1.71bps,20,39,0.513,1.78,169,0.5,7,12,-2.88,69,0.435,False
実測コスト格子,CHFJPY,Fri 08-12UTC cost=1.71bps,20,39,0.513,-0.81,170,0.5,6,12,-0.75,69,0.362,False
実測コスト格子,CHFJPY,Fri 00-08UTC cost=1.97bps,20,39,0.513,-1.17,170,0.5,8,12,5.2,70,0.429,False
実測コスト格子,NAS100,Fri 08-16UTC cost=1.65bps,16,31,0.516,-7.06,136,0.5,4,13,-9.29,42,0.524,False
実測コスト格子,NAS100,Fri 16-00UTC cost=1.53bps,16,31,0.516,3.87,134,0.5,7,13,-4.58,42,0.524,False
実測コスト格子,US500,MonS 00-04UTC cost=1.41bps,20,39,0.513,-0.09,166,0.5,9,20,-1.41,42,0.357,False
実測コスト格子,GBPJPY,ThuS 08-12UTC cost=1.27bps,20,39,0.513,2.29,169,0.5,10,20,2.6,69,0.362,False
実測コスト格子,US500,MonS 00-08UTC cost=1.41bps,20,39,0.513,-1.36,166,0.5,6,20,-6.0,42,0.405,False
実測コスト格子,US500,Tue 08-16UTC cost=1.32bps,20,39,0.513,-3.41,169,0.5,10,20,-0.19,69,0.493,False
実測コスト格子,US500,WedS 04-08UTC cost=1.41bps,20,39,0.513,-0.75,168,0.5,5,20,-6.72,44,0.455,False
実測コスト格子,US500,WedS 12-16UTC cost=1.32bps,20,39,0.513,-3.09,168,0.5,8,20,-2.2,69,0.319,False
実測コスト格子,NAS100,Fri 12-16UTC cost=1.64bps,16,31,0.516,-7.97,136,0.5,5,13,-5.8,42,0.548,False
実測コスト格子,US500,Fri 08-16UTC cost=1.32bps,20,39,0.513,-2.2,166,0.5,11,20,-4.06,69,0.609,False
実測コスト格子,EURGBP,Tue 16-00UTC cost=1.38bps,20,39,0.513,0.57,169,0.5,5,12,-2.17,69,0.362,False
実測コスト格子,US500,Mon 16-00UTC cost=1.32bps,20,39,0.513,5.07,165,0.5,12,20,6.55,43,0.628,False
実測コスト格子,US500,TueS 12-16UTC cost=1.32bps,20,39,0.513,3.65,169,0.5,11,20,0.2,69,0.449,False
実測コスト格子,US500,Tue 16-20UTC cost=1.26bps,20,39,0.513,1.11,168,0.5,12,20,5.14,67,0.522,False
実測コスト格子,AUDJPY,WedS 08-16UTC cost=1.01bps,20,39,0.513,-3.15,168,0.5,9,20,-2.54,69,0.348,False
実測コスト格子,AUDJPY,Thu 00-04UTC cost=1.08bps,20,39,0.513,1.91,169,0.5,7,20,-3.37,69,0.362,False
実測コスト格子,AUDJPY,FriS 08-12UTC cost=1.01bps,20,39,0.513,0.47,170,0.5,8,20,0.67,69,0.522,False
実測コスト格子,USDJPY,Mon 04-08UTC cost=0.49bps,20,39,0.513,1.28,168,0.5,13,20,2.13,69,0.58,False
実測コスト格子,AUDUSD,TueS 08-12UTC cost=2.06bps,20,39,0.513,0.75,170,0.5,6,20,-3.44,69,0.449,False
実測コスト格子,US500,Mon 04-08UTC cost=1.41bps,20,39,0.513,-0.15,166,0.5,14,20,3.18,42,0.357,False
実測コスト格子,USDJPY,TueS 20-00UTC cost=0.52bps,20,39,0.513,-0.57,169,0.5,8,20,-1.78,69,0.478,False
実測コスト格子,USDJPY,WedS 16-00UTC cost=0.49bps,20,39,0.513,4.65,168,0.5,9,20,0.55,69,0.522,False
実測コスト格子,USDJPY,ThuS 08-12UTC cost=0.45bps,20,39,0.513,1.82,169,0.5,5,20,2.09,69,0.435,False
実測コスト格子,USDJPY,FriS 12-16UTC cost=0.45bps,20,39,0.513,0.15,170,0.5,11,20,5.25,69,0.551,False
実測コスト格子,CADJPY,Mon 08-12UTC cost=1.57bps,20,39,0.513,2.41,168,0.5,6,12,-3.27,69,0.449,False
実測コスト格子,CADJPY,Mon 16-20UTC cost=1.50bps,20,39,0.513,-0.52,168,0.5,7,12,1.46,69,0.522,False
実測コスト格子,USDJPY,Wed 08-16UTC cost=0.45bps,20,39,0.513,-0.87,168,0.5,11,20,1.71,69,0.551,False
実測コスト格子,NZDUSD,FriS 00-08UTC cost=2.50bps,20,39,0.513,-1.38,170,0.5,13,20,0.71,70,0.429,False
実測コスト格子,NZDUSD,FriS 08-16UTC cost=2.44bps,20,39,0.513,0.39,170,0.5,8,20,-3.36,69,0.464,False
実測コスト格子,AUDUSD,Mon 04-08UTC cost=2.06bps,20,39,0.513,-0.96,168,0.5,12,20,0.71,69,0.362,False
実測コスト格子,AUDUSD,Mon 08-16UTC cost=2.07bps,20,39,0.513,-1.66,168,0.5,10,20,3.96,69,0.551,False
実測コスト格子,USDJPY,Fri 08-16UTC cost=0.45bps,20,39,0.513,1.0,170,0.5,9,20,-4.98,69,0.478,False
実測コスト格子,CADJPY,Tue 08-16UTC cost=1.54bps,20,39,0.513,-2.44,170,0.5,7,12,4.29,69,0.391,False
実測コスト格子,CADJPY,Wed 00-04UTC cost=1.78bps,20,39,0.513,2.92,169,0.5,5,12,-3.73,69,0.406,False
実測コスト格子,CADJPY,Wed 12-16UTC cost=1.50bps,20,39,0.513,0.27,167,0.5,4,12,-3.05,69,0.565,False
実測コスト格子,CADJPY,Wed 00-08UTC cost=1.72bps,20,39,0.513,2.54,168,0.5,6,12,-1.81,69,0.333,False
実測コスト格子,NZDJPY,Tue 08-12UTC cost=1.54bps,20,39,0.513,-1.06,170,0.5,5,12,-1.15,69,0.464,False
実測コスト格子,NZDJPY,Tue 20-00UTC cost=1.80bps,20,39,0.513,-0.33,169,0.5,9,12,3.88,69,0.406,False
実測コスト格子,CADJPY,Fri 00-08UTC cost=1.72bps,20,39,0.513,-1.1,170,0.5,5,12,1.79,70,0.457,False
実測コスト格子,NZDJPY,ThuS 08-12UTC cost=1.54bps,20,39,0.513,2.92,169,0.5,6,12,-1.04,69,0.464,False
実測コスト格子,NZDJPY,Thu 00-08UTC cost=1.67bps,20,39,0.513,2.72,169,0.5,5,12,-6.48,69,0.42,False
実測コスト格子,NZDJPY,WedS 08-12UTC cost=1.54bps,20,39,0.513,0.36,167,0.5,6,12,0.95,69,0.391,False
実測コスト格子,NZDUSD,WedS 00-08UTC cost=2.50bps,20,39,0.513,-0.18,168,0.5,7,20,-6.4,69,0.377,False
実測コスト格子,NZDUSD,Wed 08-16UTC cost=2.44bps,20,39,0.513,0.01,168,0.5,7,20,-3.7,69,0.478,False
実測コスト格子,EURJPY,Fri 16-20UTC cost=0.77bps,20,39,0.513,-1.08,170,0.5,9,20,-1.93,69,0.449,False
実測コスト格子,EURJPY,FriS 00-08UTC cost=0.92bps,20,39,0.513,0.66,170,0.5,6,20,-5.07,70,0.457,False
実測コスト格子,AUDJPY,TueS 00-04UTC cost=1.08bps,20,39,0.513,-0.13,170,0.5,11,20,0.03,69,0.377,False
実測コスト格子,AUDJPY,TueS 12-16UTC cost=1.01bps,20,39,0.513,-0.4,170,0.5,9,20,-3.66,69,0.478,False
実測コスト格子,AUDUSD,ThuS 12-16UTC cost=2.06bps,20,39,0.513,-0.77,169,0.5,8,20,-2.67,69,0.565,False
実測コスト格子,AUDJPY,Mon 00-08UTC cost=1.08bps,20,39,0.513,0.74,168,0.5,10,20,3.11,69,0.536,False
実測コスト格子,AUDJPY,ThuS 16-00UTC cost=1.05bps,20,39,0.513,-1.36,169,0.5,9,20,-0.83,69,0.478,False
実測コスト格子,AUDUSD,TueS 12-16UTC cost=2.06bps,20,39,0.513,-0.66,170,0.5,7,20,-4.59,69,0.493,False
実測コスト格子,AUDJPY,FriS 04-08UTC cost=1.02bps,20,39,0.513,-1.48,170,0.5,9,20,-1.19,69,0.406,False
実測コスト格子,AUDUSD,Wed 16-00UTC cost=2.11bps,20,39,0.513,-2.17,168,0.5,10,20,-1.62,69,0.507,False
実測コスト格子,EURUSD,Mon 08-16UTC cost=0.36bps,20,39,0.513,-0.68,168,0.5,11,20,2.39,69,0.551,False
実測コスト格子,EURUSD,TueS 00-04UTC cost=0.41bps,20,39,0.513,-0.23,170,0.5,13,20,0.72,69,0.348,False
実測コスト格子,EURUSD,TueS 04-08UTC cost=0.39bps,20,39,0.513,-2.07,170,0.5,11,20,0.49,69,0.536,False
実測コスト格子,EURUSD,TueS 08-12UTC cost=0.39bps,20,39,0.513,2.22,170,0.5,9,20,-0.29,69,0.536,False
実測コスト格子,NZDUSD,TueS 12-16UTC cost=2.46bps,20,39,0.513,-0.81,170,0.5,7,20,-3.97,69,0.478,False
実測コスト格子,NZDUSD,TueS 08-16UTC cost=2.44bps,20,39,0.513,0.81,170,0.5,7,20,-4.63,69,0.478,False
実測コスト格子,NZDUSD,WedS 00-04UTC cost=2.56bps,20,39,0.513,0.65,169,0.5,8,20,-3.53,69,0.362,False
実測コスト格子,EURUSD,Mon 08-12UTC cost=0.39bps,20,39,0.513,0.45,168,0.5,9,20,2.22,69,0.493,False
実測コスト格子,EURUSD,Thu 00-04UTC cost=0.41bps,20,39,0.513,-0.23,169,0.5,9,20,-0.5,69,0.551,False
実測コスト格子,NZDUSD,MonS 08-16UTC cost=2.44bps,20,39,0.513,1.53,168,0.5,7,20,-8.5,69,0.348,False
実測コスト格子,GBPUSD,Mon 16-20UTC cost=0.78bps,20,39,0.513,-0.2,168,0.5,9,20,0.99,69,0.464,False
実測コスト格子,EURUSD,WedS 04-08UTC cost=0.39bps,20,39,0.513,-0.09,168,0.5,10,20,-1.7,69,0.594,False
実測コスト格子,EURUSD,FriS 08-12UTC cost=0.39bps,20,39,0.513,2.4,170,0.5,11,20,0.21,69,0.565,False
実測コスト格子,EURUSD,FriS 12-16UTC cost=0.33bps,20,39,0.513,-1.58,170,0.5,8,20,-5.11,69,0.551,False
実測コスト格子,EURUSD,FriS 16-20UTC cost=0.33bps,20,39,0.513,-0.42,170,0.5,15,20,3.41,69,0.377,False
実測コスト格子,GBPUSD,MonS 04-08UTC cost=0.81bps,20,39,0.513,-2.55,168,0.5,7,20,-2.37,69,0.536,False
実測コスト格子,GBPUSD,Mon 08-12UTC cost=0.77bps,20,39,0.513,1.15,168,0.5,15,20,5.81,69,0.493,False
実測コスト格子,GBPUSD,Tue 12-16UTC cost=0.75bps,20,39,0.513,-0.52,170,0.5,12,20,2.11,69,0.449,False
実測コスト格子,GBPUSD,ThuS 16-20UTC cost=0.78bps,20,39,0.513,-0.72,169,0.5,9,20,-0.22,69,0.507,False
実測コスト格子,GBPUSD,FriS 08-12UTC cost=0.77bps,20,39,0.513,1.62,170,0.5,8,20,0.34,69,0.551,False
実測コスト格子,EURAUD,FriS 04-08UTC cost=2.15bps,20,39,0.513,-0.85,170,0.5,2,12,-7.54,69,0.42,False
実測コスト格子,EURAUD,Fri 08-12UTC cost=2.13bps,20,39,0.513,-1.35,170,0.5,4,12,2.39,69,0.42,False
実測コスト格子,GBPAUD,FriS 00-08UTC cost=3.04bps,20,39,0.513,-1.16,170,0.5,5,12,-2.72,70,0.457,False
実測コスト格子,GBPAUD,Wed 16-20UTC cost=2.88bps,20,39,0.513,0.06,167,0.5,2,12,-7.86,69,0.304,False
実測コスト格子,EURAUD,Fri 16-20UTC cost=2.01bps,20,39,0.513,-1.33,170,0.5,4,12,-6.06,69,0.362,False
実測コスト格子,EURAUD,FriS 00-08UTC cost=2.28bps,20,39,0.513,-1.09,170,0.5,4,12,-8.69,70,0.4,False
実測コスト格子,EURAUD,WedS 00-08UTC cost=2.28bps,20,39,0.513,-2.15,168,0.5,6,12,2.22,69,0.435,False
実測コスト格子,EURAUD,Wed 08-16UTC cost=2.06bps,20,39,0.513,-2.55,168,0.5,7,12,3.51,69,0.377,False
実測コスト格子,GBPAUD,ThuS 00-04UTC cost=3.09bps,20,39,0.513,0.94,169,0.5,3,12,-4.49,69,0.333,False
実測コスト格子,GBPAUD,Fri 08-12UTC cost=2.83bps,20,39,0.513,-1.64,170,0.5,5,12,1.49,69,0.348,False
実測コスト格子,XAUUSD,Mon 16-00UTC cost=2.52bps,20,39,0.513,1.22,170,0.5,9,12,7.35,9,0.444,False
実測コスト格子,XAUUSD,TueS 08-12UTC cost=2.34bps,20,39,0.513,-1.52,170,0.5,5,12,-7.04,9,0.333,False
実測コスト格子,EURJPY,Mon 16-20UTC cost=0.77bps,20,39,0.513,0.16,168,0.5,14,20,2.42,69,0.536,False
実測コスト格子,EURJPY,MonS 00-08UTC cost=0.92bps,20,39,0.513,-2.23,168,0.5,10,20,-1.32,69,0.42,False
実測コスト格子,EURJPY,Tue 04-08UTC cost=0.87bps,20,39,0.513,0.75,170,0.5,9,20,-1.31,69,0.464,False
実測コスト格子,EURJPY,Tue 08-12UTC cost=0.83bps,20,39,0.513,-1.32,170,0.5,10,20,-0.92,69,0.449,False
実測コスト格子,EURJPY,Thu 16-20UTC cost=0.77bps,20,39,0.513,0.43,169,0.5,12,20,1.82,69,0.551,False
実測コスト格子,EURJPY,Thu 20-00UTC cost=0.86bps,20,39,0.513,0.05,169,0.5,8,20,0.17,69,0.42,False
実測コスト格子,EURJPY,WedS 08-16UTC cost=0.80bps,20,39,0.513,-2.36,168,0.5,10,20,-3.33,69,0.464,False
実測コスト格子,AUDUSD,FriS 00-08UTC cost=2.08bps,20,39,0.513,-1.68,170,0.5,10,20,0.77,70,0.414,False
実測コスト格子,CHFJPY,Mon 00-08UTC cost=1.97bps,20,39,0.513,0.46,168,0.5,3,12,-4.49,69,0.377,False
実測コスト格子,XAUUSD,Thu 08-12UTC cost=2.34bps,20,39,0.513,2.47,169,0.5,7,12,6.98,9,0.222,False
実測コスト格子,XAUUSD,Wed 12-16UTC cost=2.34bps,20,39,0.513,0.18,169,0.5,6,12,-0.28,9,0.556,False
実測コスト格子,USDCHF,TueS 16-00UTC cost=1.57bps,20,39,0.513,-0.5,169,0.5,9,20,0.73,69,0.464,False
実測コスト格子,XAUUSD,Thu 20-00UTC cost=2.49bps,20,39,0.513,0.77,169,0.5,7,12,8.04,9,0.333,False
実測コスト格子,XAUUSD,Thu 08-16UTC cost=2.35bps,20,39,0.513,-0.12,169,0.5,6,12,10.22,9,0.333,False
実測コスト格子,XAUUSD,FriS 12-16UTC cost=2.34bps,20,39,0.513,-3.37,170,0.5,5,12,-12.32,9,0.444,False
実測コスト格子,GER40,Tue 12-16UTC cost=1.22bps,20,39,0.513,-2.52,169,0.5,9,20,-4.29,69,0.406,False
実測コスト格子,GER40,TueS 00-08UTC cost=2.91bps,20,39,0.513,-0.68,169,0.5,11,20,-3.4,42,0.381,False
実測コスト格子,USDCHF,MonS 00-08UTC cost=1.59bps,20,39,0.513,-0.67,168,0.5,12,20,1.27,69,0.319,False
実測コスト格子,GBPJPY,WedS 08-12UTC cost=1.27bps,20,39,0.513,0.02,168,0.5,9,20,-1.85,69,0.362,False
実測コスト格子,GBPJPY,ThuS 00-04UTC cost=1.50bps,20,39,0.513,-0.25,169,0.5,7,20,0.87,69,0.507,False
実測コスト格子,GBPJPY,ThuS 04-08UTC cost=1.35bps,20,39,0.513,-1.15,169,0.5,6,20,-4.24,69,0.435,False
実測コスト格子,GBPJPY,Fri 12-16UTC cost=1.26bps,20,39,0.513,-1.34,170,0.5,9,20,-3.42,69,0.348,False
実測コスト格子,GBPJPY,FriS 08-16UTC cost=1.29bps,20,39,0.513,-0.84,170,0.5,12,20,0.81,69,0.623,False
実測コスト格子,EURJPY,MonS 00-04UTC cost=0.92bps,20,39,0.513,0.01,169,0.5,10,20,1.66,69,0.464,False
実測コスト格子,EURJPY,Mon 04-08UTC cost=0.87bps,20,39,0.513,1.21,168,0.5,13,20,2.11,69,0.522,False
実測コスト格子,GBPJPY,Tue 16-00UTC cost=1.44bps,20,39,0.513,-0.82,169,0.5,12,20,4.62,69,0.551,False
実測コスト格子,CHFJPY,WedS 08-12UTC cost=1.71bps,20,39,0.513,-0.91,167,0.5,4,12,-0.22,69,0.565,False
実測コスト格子,CHFJPY,WedS 20-00UTC cost=1.97bps,20,39,0.513,1.16,168,0.5,7,12,3.57,69,0.29,False
実測コスト格子,CHFJPY,Wed 00-08UTC cost=1.97bps,20,39,0.513,2.51,168,0.5,7,12,-0.52,69,0.333,False
実測コスト格子,AUDJPY,Fri 00-04UTC cost=1.08bps,20,39,0.513,-1.7,170,0.5,10,20,-0.29,70,0.471,False
実測コスト格子,GBPJPY,ThuS 00-08UTC cost=1.46bps,20,39,0.513,-0.02,169,0.5,6,20,-1.93,69,0.493,False
実測コスト格子,EURJPY,Tue 20-00UTC cost=0.86bps,20,39,0.513,0.13,169,0.5,12,20,1.49,69,0.478,False
実測コスト格子,GER40,Thu 08-12UTC cost=0.93bps,20,39,0.513,-0.13,169,0.5,11,20,-3.11,69,0.391,False
実測コスト格子,GER40,Thu 04-08UTC cost=1.81bps,20,39,0.513,-1.16,169,0.5,12,20,0.57,42,0.524,False
実測コスト格子,GER40,ThuS 12-16UTC cost=1.22bps,20,39,0.513,-2.22,169,0.5,9,20,-2.75,69,0.42,False
実測コスト格子,GER40,Mon 04-08UTC cost=1.81bps,20,39,0.513,1.69,166,0.5,13,20,0.47,42,0.476,False
実測コスト格子,GER40,FriS 04-08UTC cost=1.81bps,20,39,0.513,-2.24,166,0.5,9,20,-2.99,42,0.452,False
実測コスト格子,NAS100,TueS 12-16UTC cost=1.64bps,16,31,0.516,1.24,135,0.5,6,13,-5.94,42,0.5,False
実測コスト格子,GER40,Thu 08-16UTC cost=1.23bps,20,39,0.513,0.6,169,0.5,12,20,-1.87,69,0.449,False
実測コスト格子,EURGBP,FriS 12-16UTC cost=1.27bps,20,39,0.513,-1.86,170,0.5,5,12,-4.87,69,0.42,False
実測コスト格子,EURGBP,FriS 16-20UTC cost=1.30bps,20,39,0.513,-0.42,170,0.5,9,12,2.91,69,0.406,False
実測コスト格子,EURGBP,Fri 00-08UTC cost=1.43bps,20,39,0.513,-0.59,170,0.5,9,12,5.39,70,0.5,False
実測コスト格子,USDCHF,Mon 12-16UTC cost=1.47bps,20,39,0.513,1.58,168,0.5,9,20,-2.14,69,0.333,False
実測コスト格子,NAS100,Mon 20-00UTC cost=1.53bps,16,31,0.516,4.77,135,0.5,5,13,-3.91,42,0.524,False
実測コスト格子,EURGBP,WedS 12-16UTC cost=1.27bps,19,39,0.487,-1.49,167,0.6253706876195793,5,12,-3.3,69,0.522,False
実測コスト格子,XAUUSD,FriS 08-12UTC cost=2.34bps,19,39,0.487,-1.0,170,0.6253706876195793,5,12,0.55,9,0.667,False
実測コスト格子,XAUUSD,Fri 16-20UTC cost=2.31bps,19,39,0.487,-2.28,170,0.6253706876195793,4,12,-7.71,9,0.333,False
実測コスト格子,XAUUSD,Fri 04-08UTC cost=2.43bps,19,39,0.487,-0.6,170,0.6253706876195793,4,12,-3.19,9,0.556,False
実測コスト格子,XAUUSD,ThuS 12-16UTC cost=2.34bps,19,39,0.487,0.21,169,0.6253706876195793,5,12,-5.6,9,0.667,False
実測コスト格子,CHFJPY,Thu 16-00UTC cost=1.94bps,19,39,0.487,-0.06,169,0.6253706876195793,6,12,1.68,69,0.493,False
実測コスト格子,EURUSD,WedS 00-04UTC cost=0.41bps,19,39,0.487,0.89,169,0.6253706876195793,11,20,-0.84,69,0.464,False
実測コスト格子,EURUSD,Wed 04-08UTC cost=0.39bps,19,39,0.487,-0.69,168,0.6253706876195793,10,20,0.92,69,0.333,False
実測コスト格子,EURUSD,Fri 12-16UTC cost=0.33bps,19,39,0.487,0.92,170,0.6253706876195793,11,20,4.45,69,0.42,False
実測コスト格子,GBPUSD,Tue 16-20UTC cost=0.78bps,19,39,0.487,-2.38,170,0.6253706876195793,10,20,1.04,69,0.507,False
実測コスト格子,GBPUSD,TueS 16-20UTC cost=0.78bps,19,39,0.487,0.82,170,0.6253706876195793,8,20,-2.6,69,0.406,False
実測コスト格子,GBPJPY,Tue 12-16UTC cost=1.26bps,19,39,0.487,-0.29,170,0.6253706876195793,12,20,1.69,69,0.493,False
実測コスト格子,GBPJPY,Tue 04-08UTC cost=1.35bps,19,39,0.487,-0.58,170,0.6253706876195793,9,20,-3.73,69,0.406,False
実測コスト格子,GBPJPY,TueS 08-12UTC cost=1.27bps,19,39,0.487,-1.8,170,0.6253706876195793,9,20,-0.31,69,0.493,False
実測コスト格子,EURUSD,ThuS 08-12UTC cost=0.39bps,19,39,0.487,2.0,169,0.6253706876195793,14,20,0.83,69,0.551,False
実測コスト格子,GBPUSD,TueS 08-16UTC cost=0.77bps,19,39,0.487,0.59,170,0.6253706876195793,8,20,-2.66,69,0.565,False
実測コスト格子,GBPUSD,Tue 04-08UTC cost=0.81bps,19,39,0.487,0.0,170,0.6253706876195793,8,20,-3.62,69,0.362,False
実測コスト格子,GBPUSD,Mon 00-08UTC cost=0.83bps,19,39,0.487,-1.38,168,0.6253706876195793,9,20,3.56,69,0.464,False
実測コスト格子,GBPUSD,MonS 00-08UTC cost=0.83bps,19,39,0.487,-0.27,168,0.6253706876195793,9,20,-5.21,69,0.507,False
実測コスト格子,GBPUSD,Thu 16-00UTC cost=0.83bps,19,39,0.487,-0.35,169,0.6253706876195793,10,20,-0.48,69,0.464,False
実測コスト格子,GBPUSD,Thu 12-16UTC cost=0.75bps,19,39,0.487,-0.96,169,0.6253706876195793,11,20,-0.74,69,0.493,False
実測コスト格子,GBPUSD,ThuS 04-08UTC cost=0.81bps,19,39,0.487,-0.13,169,0.6253706876195793,10,20,-1.02,69,0.449,False
実測コスト格子,NZDUSD,Wed 16-20UTC cost=2.49bps,19,39,0.487,-0.7,168,0.6253706876195793,8,20,-2.44,69,0.406,False
実測コスト格子,NZDUSD,Mon 04-08UTC cost=2.50bps,19,39,0.487,-1.06,168,0.6253706876195793,9,20,-1.47,69,0.333,False
実測コスト格子,USDCHF,Fri 08-16UTC cost=1.48bps,19,39,0.487,-0.56,170,0.6253706876195793,6,20,-6.41,69,0.377,False
実測コスト格子,USDCHF,FriS 08-16UTC cost=1.48bps,19,39,0.487,-2.41,170,0.6253706876195793,12,20,3.44,69,0.464,False
実測コスト格子,USDCHF,Fri 12-16UTC cost=1.47bps,19,39,0.487,-1.74,170,0.6253706876195793,9,20,-6.06,69,0.406,False
実測コスト格子,USDCHF,FriS 12-16UTC cost=1.47bps,19,39,0.487,-1.2,170,0.6253706876195793,11,20,3.12,69,0.449,False
実測コスト格子,NZDUSD,TueS 00-08UTC cost=2.50bps,19,39,0.487,-1.1,170,0.6253706876195793,10,20,0.18,69,0.478,False
実測コスト格子,NZDUSD,Tue 16-20UTC cost=2.49bps,19,39,0.487,-1.12,170,0.6253706876195793,10,20,-2.21,69,0.406,False
実測コスト格子,NZDUSD,WedS 16-00UTC cost=2.50bps,19,39,0.487,-2.03,168,0.6253706876195793,9,20,-2.02,69,0.435,False
実測コスト格子,EURUSD,Tue 08-12UTC cost=0.39bps,19,39,0.487,-3.0,170,0.6253706876195793,11,20,-0.49,69,0.406,False
実測コスト格子,EURUSD,MonS 08-16UTC cost=0.36bps,19,39,0.487,-0.04,168,0.6253706876195793,9,20,-3.11,69,0.435,False
実測コスト格子,EURUSD,Mon 16-00UTC cost=0.39bps,19,39,0.487,0.6,168,0.6253706876195793,7,20,1.07,69,0.522,False
実測コスト格子,USDCHF,ThuS 16-20UTC cost=1.50bps,19,39,0.487,-1.76,169,0.6253706876195793,13,20,0.92,69,0.435,False
実測コスト格子,USDCHF,WedS 16-20UTC cost=1.50bps,19,39,0.487,0.92,168,0.6253706876195793,6,20,-7.96,69,0.536,False
実測コスト格子,XAUUSD,Tue 16-20UTC cost=2.31bps,19,39,0.487,-1.63,170,0.6253706876195793,9,12,5.71,9,0.556,False
実測コスト格子,GBPJPY,FriS 04-08UTC cost=1.35bps,19,39,0.487,-0.38,170,0.6253706876195793,10,20,-1.4,69,0.493,False
実測コスト格子,NZDJPY,Mon 08-12UTC cost=1.54bps,19,39,0.487,1.32,168,0.6253706876195793,6,12,-0.62,69,0.464,False
実測コスト格子,NZDJPY,WedS 16-20UTC cost=1.64bps,19,39,0.487,-0.01,168,0.6253706876195793,4,12,-7.24,69,0.391,False
実測コスト格子,NZDJPY,Wed 00-04UTC cost=1.74bps,19,39,0.487,0.38,169,0.6253706876195793,7,12,-1.7,69,0.536,False
実測コスト格子,NZDJPY,FriS 08-16UTC cost=1.56bps,19,39,0.487,0.05,170,0.6253706876195793,6,12,4.03,69,0.551,False
実測コスト格子,EURUSD,MonS 00-04UTC cost=0.41bps,19,39,0.487,-0.03,169,0.6253706876195793,4,20,-3.69,69,0.464,False
実測コスト格子,EURUSD,MonS 04-08UTC cost=0.39bps,19,39,0.487,-0.73,168,0.6253706876195793,7,20,-0.82,69,0.507,False
実測コスト格子,NZDJPY,Tue 04-08UTC cost=1.65bps,19,39,0.487,-2.28,170,0.6253706876195793,5,12,-3.99,69,0.406,False
実測コスト格子,NZDJPY,MonS 12-16UTC cost=1.53bps,19,39,0.487,-3.43,168,0.6253706876195793,5,12,-4.3,69,0.464,False
実測コスト格子,GBPUSD,Fri 08-16UTC cost=0.77bps,19,39,0.487,-2.49,170,0.6253706876195793,11,20,1.74,69,0.377,False
実測コスト格子,GBPUSD,FriS 08-16UTC cost=0.77bps,19,39,0.487,0.96,170,0.6253706876195793,9,20,-3.27,69,0.594,False
実測コスト格子,GBPUSD,Fri 12-16UTC cost=0.75bps,19,39,0.487,-0.08,170,0.6253706876195793,12,20,2.87,69,0.391,False
実測コスト格子,EURAUD,Wed 08-12UTC cost=2.13bps,19,39,0.487,-1.65,167,0.6253706876195793,5,12,-0.99,69,0.188,False
実測コスト格子,GER40,Tue 16-00UTC cost=3.17bps,19,39,0.487,0.96,167,0.6253706876195793,12,20,10.65,42,0.429,False
実測コスト格子,USDCHF,MonS 08-12UTC cost=1.47bps,19,39,0.487,-0.74,168,0.6253706876195793,7,20,-1.55,69,0.362,False
実測コスト格子,CADJPY,ThuS 08-16UTC cost=1.54bps,19,39,0.487,2.39,169,0.6253706876195793,6,12,-3.09,69,0.449,False
実測コスト格子,CADJPY,Thu 00-08UTC cost=1.72bps,19,39,0.487,-0.93,169,0.6253706876195793,5,12,-4.37,69,0.478,False
実測コスト格子,CADJPY,TueS 08-16UTC cost=1.54bps,19,39,0.487,-0.65,170,0.6253706876195793,5,12,-7.38,69,0.522,False
実測コスト格子,CADJPY,ThuS 08-12UTC cost=1.57bps,19,39,0.487,2.2,169,0.6253706876195793,7,12,1.32,69,0.42,False
実測コスト格子,CADJPY,Fri 08-16UTC cost=1.54bps,19,39,0.487,-2.75,170,0.6253706876195793,6,12,-2.07,69,0.42,False
実測コスト格子,CADJPY,Fri 00-04UTC cost=1.78bps,19,39,0.487,-2.36,170,0.6253706876195793,6,12,-1.27,70,0.414,False
実測コスト格子,CADJPY,Tue 00-08UTC cost=1.72bps,19,39,0.487,-2.72,170,0.6253706876195793,2,12,-5.85,69,0.522,False
実測コスト格子,CADJPY,TueS 00-08UTC cost=1.72bps,19,39,0.487,-0.73,170,0.6253706876195793,6,12,2.4,69,0.377,False
実測コスト格子,CADJPY,Fri 12-16UTC cost=1.50bps,19,39,0.487,-1.86,170,0.6253706876195793,6,12,-1.97,69,0.493,False
実測コスト格子,US500,MonS 20-00UTC cost=1.33bps,19,39,0.487,-5.58,150,0.6253706876195793,10,20,-0.73,43,0.442,False
実測コスト格子,CHFJPY,TueS 08-16UTC cost=1.72bps,19,39,0.487,-1.45,170,0.6253706876195793,4,12,-4.93,69,0.435,False
実測コスト格子,CHFJPY,Wed 00-04UTC cost=2.07bps,19,39,0.487,1.33,169,0.6253706876195793,6,12,-0.97,69,0.333,False
実測コスト格子,AUDJPY,Wed 16-20UTC cost=1.05bps,19,39,0.487,-0.83,168,0.6253706876195793,12,20,5.16,69,0.565,False
実測コスト格子,AUDJPY,Wed 08-16UTC cost=1.01bps,19,39,0.487,1.14,168,0.6253706876195793,9,20,0.53,69,0.609,False
実測コスト格子,GER40,Mon 16-00UTC cost=3.17bps,19,39,0.487,-0.59,166,0.6253706876195793,11,20,4.6,42,0.619,False
実測コスト格子,NZDUSD,FriS 16-20UTC cost=2.49bps,19,39,0.487,-1.1,170,0.6253706876195793,10,20,-0.46,69,0.319,False
実測コスト格子,EURAUD,TueS 12-16UTC cost=2.03bps,19,39,0.487,0.05,170,0.6253706876195793,4,12,-4.15,69,0.522,False
実測コスト格子,EURAUD,Tue 00-08UTC cost=2.28bps,19,39,0.487,1.97,170,0.6253706876195793,6,12,-0.36,69,0.42,False
実測コスト格子,EURAUD,Tue 00-04UTC cost=2.27bps,19,39,0.487,-1.44,170,0.6253706876195793,7,12,-1.07,69,0.362,False
実測コスト格子,GER40,ThuS 08-16UTC cost=1.23bps,19,39,0.487,-3.06,169,0.6253706876195793,8,20,-0.59,69,0.536,False
実測コスト格子,USDJPY,FriS 08-16UTC cost=0.45bps,19,39,0.487,-1.9,170,0.6253706876195793,11,20,4.08,69,0.522,False
実測コスト格子,CADJPY,Tue 04-08UTC cost=1.67bps,19,39,0.487,-2.89,170,0.6253706876195793,1,12,-4.93,69,0.42,False
実測コスト格子,USDJPY,WedS 08-16UTC cost=0.45bps,19,39,0.487,-0.03,168,0.6253706876195793,8,20,-2.61,69,0.449,False
実測コスト格子,USDJPY,Thu 20-00UTC cost=0.52bps,19,39,0.487,-0.39,169,0.6253706876195793,9,20,-2.29,69,0.522,False
実測コスト格子,USDJPY,ThuS 12-16UTC cost=0.45bps,19,39,0.487,0.02,169,0.6253706876195793,10,20,1.45,69,0.507,False
実測コスト格子,USDJPY,FriS 00-04UTC cost=0.54bps,19,39,0.487,0.61,170,0.6253706876195793,8,20,-2.27,70,0.486,False
実測コスト格子,USDJPY,Thu 16-00UTC cost=0.49bps,19,39,0.487,0.33,169,0.6253706876195793,9,20,-0.6,69,0.493,False
実測コスト格子,CADJPY,WedS 08-12UTC cost=1.57bps,19,39,0.487,-1.35,167,0.6253706876195793,6,12,-0.33,69,0.377,False
実測コスト格子,AUDUSD,Mon 00-08UTC cost=2.08bps,19,39,0.487,-1.51,168,0.6253706876195793,15,20,5.35,69,0.493,False
実測コスト格子,USDJPY,Wed 16-20UTC cost=0.45bps,19,39,0.487,-0.55,168,0.6253706876195793,12,20,5.36,69,0.522,False
実測コスト格子,USDJPY,WedS 16-20UTC cost=0.45bps,19,39,0.487,-0.35,168,0.6253706876195793,4,20,-6.26,69,0.464,False
実測コスト格子,USDJPY,Tue 16-00UTC cost=0.49bps,19,39,0.487,1.42,169,0.6253706876195793,12,20,2.57,69,0.449,False
実測コスト格子,USDJPY,WedS 08-12UTC cost=0.45bps,19,39,0.487,-0.15,168,0.6253706876195793,8,20,-2.5,69,0.464,False
実測コスト格子,EURAUD,Thu 16-00UTC cost=2.16bps,19,39,0.487,-0.46,169,0.6253706876195793,8,12,2.19,69,0.362,False
実測コスト格子,GBPAUD,Mon 08-16UTC cost=2.86bps,19,39,0.487,-2.83,168,0.6253706876195793,6,12,0.79,69,0.362,False
実測コスト格子,GBPAUD,Tue 00-04UTC cost=3.09bps,19,39,0.487,-1.64,170,0.6253706876195793,5,12,-2.02,69,0.333,False
実測コスト格子,EURGBP,Fri 08-16UTC cost=1.33bps,19,39,0.487,-1.02,170,0.6253706876195793,6,12,2.5,69,0.536,False
実測コスト格子,USDCHF,Thu 04-08UTC cost=1.56bps,19,39,0.487,-0.72,169,0.6253706876195793,9,20,-2.36,69,0.391,False
実測コスト格子,USDCHF,ThuS 08-16UTC cost=1.48bps,19,39,0.487,-3.17,169,0.6253706876195793,8,20,0.41,69,0.478,False
実測コスト格子,USDCHF,ThuS 00-08UTC cost=1.59bps,19,39,0.487,-1.65,169,0.6253706876195793,7,20,-1.61,69,0.493,False
実測コスト格子,USDCHF,TueS 08-12UTC cost=1.47bps,19,39,0.487,-4.35,170,0.6253706876195793,9,20,-1.74,69,0.435,False
実測コスト格子,USDJPY,Fri 08-12UTC cost=0.45bps,19,39,0.487,1.62,170,0.6253706876195793,9,20,0.72,69,0.493,False
実測コスト格子,USDJPY,TueS 00-08UTC cost=0.52bps,19,39,0.487,-0.49,170,0.6253706876195793,9,20,-1.93,69,0.435,False
実測コスト格子,USDJPY,Tue 00-08UTC cost=0.52bps,19,39,0.487,-0.56,170,0.6253706876195793,11,20,0.88,69,0.522,False
実測コスト格子,AUDJPY,TueS 00-08UTC cost=1.08bps,19,39,0.487,1.56,170,0.6253706876195793,9,20,-0.02,69,0.377,False
実測コスト格子,GBPAUD,Fri 16-20UTC cost=2.88bps,19,39,0.487,-1.37,169,0.6253706876195793,5,12,-2.7,69,0.275,False
実測コスト格子,AUDJPY,Wed 00-04UTC cost=1.08bps,19,39,0.487,2.29,169,0.6253706876195793,7,20,-0.57,69,0.435,False
実測コスト格子,GBPAUD,WedS 00-08UTC cost=3.04bps,19,39,0.487,-2.13,168,0.6253706876195793,5,12,4.99,69,0.435,False
実測コスト格子,GBPAUD,WedS 08-16UTC cost=2.86bps,19,39,0.487,-1.9,167,0.6253706876195793,4,12,-6.23,69,0.449,False
実測コスト格子,GBPAUD,Wed 16-00UTC cost=3.01bps,19,39,0.487,0.23,167,0.6253706876195793,2,12,-6.56,69,0.391,False
実測コスト格子,AUDUSD,Fri 00-04UTC cost=2.10bps,19,39,0.487,-1.54,170,0.6253706876195793,8,20,-3.05,70,0.457,False
実測コスト格子,AUDJPY,Thu 16-00UTC cost=1.05bps,19,39,0.487,-0.74,169,0.6253706876195793,10,20,-1.27,69,0.464,False
実測コスト格子,AUDUSD,Wed 00-08UTC cost=2.08bps,19,39,0.487,-3.43,168,0.6253706876195793,9,20,3.61,69,0.42,False
実測コスト格子,AUDJPY,FriS 16-20UTC cost=1.05bps,19,39,0.487,0.17,170,0.6253706876195793,8,20,-1.88,69,0.42,False
実測コスト格子,AUDUSD,Wed 12-16UTC cost=2.06bps,19,39,0.487,1.91,168,0.6253706876195793,11,20,-0.06,69,0.406,False
実測コスト格子,AUDUSD,WedS 08-12UTC cost=2.06bps,19,39,0.487,-0.75,168,0.6253706876195793,11,20,0.54,69,0.333,False
実測コスト格子,AUDUSD,WedS 12-16UTC cost=2.06bps,19,39,0.487,-6.02,168,0.6253706876195793,5,20,-4.05,69,0.449,False
実測コスト格子,AUDJPY,FriS 08-16UTC cost=1.01bps,19,39,0.487,3.48,170,0.6253706876195793,11,20,3.06,69,0.594,False
実測コスト格子,USDJPY,MonS 00-04UTC cost=0.54bps,19,39,0.487,0.06,169,0.6253706876195793,14,20,5.36,69,0.594,False
実測コスト格子,USDJPY,Mon 00-04UTC cost=0.54bps,19,39,0.487,-1.14,169,0.6253706876195793,6,20,-6.44,69,0.348,False
実測コスト格子,AUDJPY,TueS 08-12UTC cost=1.01bps,19,39,0.487,-0.28,170,0.6253706876195793,5,20,-2.36,69,0.478,False
実測コスト格子,AUDJPY,Mon 16-00UTC cost=1.05bps,19,39,0.487,0.33,168,0.6253706876195793,13,20,3.06,69,0.478,False
実測コスト格子,AUDJPY,Tue 00-08UTC cost=1.08bps,19,39,0.487,-3.72,170,0.6253706876195793,8,20,-2.14,69,0.58,False
実測コスト格子,US500,Wed 00-04UTC cost=1.41bps,19,39,0.487,0.21,168,0.6253706876195793,11,20,-1.52,44,0.614,False
実測コスト格子,US500,WedS 16-20UTC cost=1.26bps,19,39,0.487,1.77,166,0.6253706876195793,7,20,-12.06,67,0.418,False
実測コスト格子,EURGBP,Wed 00-08UTC cost=1.43bps,19,39,0.487,-0.53,168,0.6253706876195793,6,12,2.21,69,0.478,False
実測コスト格子,EURGBP,WedS 08-12UTC cost=1.33bps,19,39,0.487,-1.43,167,0.6253706876195793,5,12,-1.57,69,0.565,False
実測コスト格子,US500,Fri 00-08UTC cost=1.41bps,19,39,0.487,-0.81,167,0.6253706876195793,8,20,-2.85,45,0.533,False
実測コスト格子,EURJPY,FriS 00-04UTC cost=0.92bps,19,39,0.487,-0.26,170,0.6253706876195793,8,20,-1.71,70,0.4,False
実測コスト格子,EURJPY,Fri 00-08UTC cost=0.92bps,19,39,0.487,-2.49,170,0.6253706876195793,12,20,3.24,70,0.5,False
実測コスト格子,AUDJPY,MonS 00-04UTC cost=1.08bps,19,39,0.487,0.17,169,0.6253706876195793,10,20,0.07,69,0.362,False
実測コスト格子,AUDJPY,MonS 20-00UTC cost=1.11bps,19,39,0.487,-1.93,168,0.6253706876195793,8,20,-0.22,69,0.464,False
実測コスト格子,AUDJPY,Mon 16-20UTC cost=1.05bps,19,39,0.487,-0.48,168,0.6253706876195793,14,20,3.91,69,0.493,False
実測コスト格子,CHFJPY,Mon 16-00UTC cost=1.94bps,19,39,0.487,-0.51,168,0.6253706876195793,5,12,-0.39,69,0.333,False
実測コスト格子,CHFJPY,Tue 00-04UTC cost=2.07bps,19,39,0.487,-1.74,170,0.6253706876195793,7,12,-0.49,69,0.333,False
実測コスト格子,EURJPY,WedS 08-12UTC cost=0.83bps,19,39,0.487,0.37,168,0.6253706876195793,9,20,-0.64,69,0.507,False
実測コスト格子,CHFJPY,ThuS 00-08UTC cost=1.97bps,19,39,0.487,-1.53,169,0.6253706876195793,4,12,-4.66,69,0.377,False
実測コスト格子,XAUUSD,WedS 00-08UTC cost=2.46bps,19,39,0.487,-3.33,169,0.6253706876195793,3,12,-20.96,9,0.111,False
実測コスト格子,GBPJPY,Mon 16-20UTC cost=1.30bps,19,39,0.487,0.64,168,0.6253706876195793,13,20,3.0,69,0.464,False
実測コスト格子,US500,WedS 08-12UTC cost=1.41bps,19,39,0.487,-3.36,168,0.6253706876195793,6,20,-2.73,69,0.304,False
実測コスト格子,US500,Wed 16-20UTC cost=1.26bps,19,39,0.487,-4.29,166,0.6253706876195793,12,20,9.54,67,0.537,False
実測コスト格子,USDCHF,Wed 00-04UTC cost=1.68bps,19,39,0.487,0.48,169,0.6253706876195793,8,20,-2.91,69,0.377,False
実測コスト格子,US500,ThuS 12-16UTC cost=1.32bps,19,39,0.487,-3.41,169,0.6253706876195793,13,20,4.7,69,0.42,False
実測コスト格子,US500,Wed 00-08UTC cost=1.41bps,19,39,0.487,-0.45,168,0.6253706876195793,15,20,3.77,44,0.523,False
実測コスト格子,US500,Wed 08-16UTC cost=1.32bps,19,39,0.487,2.4,168,0.6253706876195793,9,20,0.84,69,0.594,False
実測コスト格子,EURGBP,Wed 12-16UTC cost=1.27bps,19,39,0.487,-1.06,167,0.6253706876195793,7,12,0.75,69,0.42,False
実測コスト格子,US500,TueS 08-12UTC cost=1.41bps,19,39,0.487,-4.29,169,0.6253706876195793,7,20,-4.08,69,0.377,False
実測コスト格子,US500,TueS 00-04UTC cost=1.41bps,19,39,0.487,0.95,169,0.6253706876195793,11,20,1.35,43,0.372,False
実測コスト格子,US500,Tue 08-12UTC cost=1.41bps,19,39,0.487,1.47,169,0.6253706876195793,11,20,1.26,69,0.507,False
実測コスト格子,NAS100,TueS 00-04UTC cost=2.37bps,15,31,0.484,0.6,135,0.639949934091419,6,13,-1.07,42,0.119,False
実測コスト格子,NAS100,MonS 00-08UTC cost=2.33bps,15,31,0.484,-3.49,136,0.639949934091419,5,13,-7.82,42,0.31,False
実測コスト格子,NAS100,Tue 08-16UTC cost=1.65bps,15,31,0.484,-0.28,135,0.639949934091419,6,13,2.41,42,0.452,False
実測コスト格子,NAS100,Thu 20-00UTC cost=1.53bps,15,31,0.484,-2.71,134,0.639949934091419,10,13,5.39,42,0.333,False
実測コスト格子,NAS100,Wed 00-08UTC cost=2.33bps,15,31,0.484,-1.0,136,0.639949934091419,10,13,5.9,42,0.5,False
実測コスト格子,NAS100,FriS 08-16UTC cost=1.65bps,15,31,0.484,3.76,136,0.639949934091419,7,13,5.99,42,0.476,False
実測コスト格子,NAS100,TueS 08-16UTC cost=1.65bps,15,31,0.484,-3.02,135,0.639949934091419,7,13,-5.71,42,0.429,False
実測コスト格子,NAS100,TueS 00-08UTC cost=2.33bps,15,31,0.484,-1.0,135,0.639949934091419,7,13,-2.98,42,0.357,False
実測コスト格子,NAS100,WedS 04-08UTC cost=2.37bps,15,31,0.484,-1.39,136,0.639949934091419,1,13,-10.56,42,0.357,False
実測コスト格子,NAS100,Wed 16-00UTC cost=1.53bps,15,31,0.484,-3.67,135,0.639949934091419,10,13,22.15,42,0.571,False
実測コスト格子,NAS100,WedS 08-12UTC cost=2.34bps,15,31,0.484,-5.01,136,0.639949934091419,2,13,-3.86,42,0.286,False
実測コスト格子,NAS100,FriS 00-08UTC cost=2.33bps,15,31,0.484,-2.28,136,0.639949934091419,5,13,-3.8,43,0.395,False
実測コスト格子,NAS100,FriS 20-00UTC cost=1.53bps,15,31,0.484,-0.41,134,0.639949934091419,4,13,-0.91,42,0.214,False
実測コスト格子,XAUUSD,Tue 08-16UTC cost=2.35bps,18,39,0.462,-1.54,170,0.7388013097515795,5,12,-3.32,9,0.333,False
実測コスト格子,EURGBP,MonS 08-16UTC cost=1.33bps,18,39,0.462,-1.04,168,0.7388013097515795,9,12,1.83,69,0.507,False
実測コスト格子,XAUUSD,Wed 08-12UTC cost=2.34bps,18,39,0.462,-1.21,169,0.7388013097515795,4,12,-6.42,9,0.222,False
実測コスト格子,EURGBP,Thu 16-20UTC cost=1.30bps,18,39,0.462,-0.74,169,0.7388013097515795,4,12,-0.68,69,0.478,False
実測コスト格子,US500,Thu 16-20UTC cost=1.26bps,18,39,0.462,-2.22,164,0.7388013097515795,8,20,-8.48,68,0.529,False
実測コスト格子,US500,Thu 20-00UTC cost=1.33bps,18,39,0.462,-2.45,161,0.7388013097515795,13,20,2.77,44,0.523,False
実測コスト格子,AUDJPY,Mon 00-04UTC cost=1.08bps,18,39,0.462,-2.33,169,0.7388013097515795,9,20,-2.23,69,0.565,False
実測コスト格子,EURJPY,Fri 04-08UTC cost=0.87bps,18,39,0.462,-1.79,170,0.7388013097515795,12,20,2.49,69,0.449,False
実測コスト格子,EURJPY,FriS 04-08UTC cost=0.87bps,18,39,0.462,0.05,170,0.7388013097515795,7,20,-4.23,69,0.464,False
実測コスト格子,AUDUSD,Fri 00-08UTC cost=2.08bps,18,39,0.462,-2.49,170,0.7388013097515795,7,20,-4.94,70,0.457,False
実測コスト格子,CHFJPY,MonS 00-04UTC cost=2.07bps,18,39,0.462,-2.15,168,0.7388013097515795,8,12,1.34,69,0.464,False
実測コスト格子,CHFJPY,Tue 04-08UTC cost=1.83bps,18,39,0.462,-1.53,170,0.7388013097515795,3,12,-4.28,69,0.464,False
実測コスト格子,CHFJPY,TueS 08-12UTC cost=1.71bps,18,39,0.462,-1.06,170,0.7388013097515795,7,12,-1.58,69,0.435,False
実測コスト格子,EURJPY,Mon 00-08UTC cost=0.92bps,18,39,0.462,0.4,168,0.7388013097515795,9,20,-0.51,69,0.536,False
実測コスト格子,EURJPY,ThuS 00-04UTC cost=0.92bps,18,39,0.462,-0.0,169,0.7388013097515795,9,20,1.2,69,0.493,False
実測コスト格子,GBPUSD,Fri 00-04UTC cost=0.87bps,18,39,0.462,-0.92,170,0.7388013097515795,6,20,-2.12,70,0.543,False
実測コスト格子,GBPUSD,Tue 08-16UTC cost=0.77bps,18,39,0.462,-2.12,170,0.7388013097515795,9,20,1.13,69,0.391,False
実測コスト格子,GBPUSD,TueS 04-08UTC cost=0.81bps,18,39,0.462,-1.62,170,0.7388013097515795,11,20,2.0,69,0.551,False
実測コスト格子,GBPUSD,TueS 12-16UTC cost=0.75bps,18,39,0.462,-0.98,170,0.7388013097515795,7,20,-3.61,69,0.522,False
実測コスト格子,GBPUSD,Mon 08-16UTC cost=0.77bps,18,39,0.462,-0.62,168,0.7388013097515795,15,20,8.15,69,0.478,False
実測コスト格子,EURUSD,Thu 04-08UTC cost=0.39bps,18,39,0.462,-1.47,169,0.7388013097515795,10,20,0.45,69,0.435,False
実測コスト格子,US500,Thu 12-16UTC cost=1.32bps,18,39,0.462,0.77,169,0.7388013097515795,7,20,-7.34,69,0.565,False
実測コスト格子,GBPJPY,TueS 12-16UTC cost=1.26bps,18,39,0.462,-2.23,170,0.7388013097515795,7,20,-4.21,69,0.449,False
実測コスト格子,GBPUSD,TueS 16-00UTC cost=0.83bps,18,39,0.462,0.44,169,0.7388013097515795,10,20,-3.96,69,0.333,False
実測コスト格子,GBPUSD,WedS 00-04UTC cost=0.87bps,18,39,0.462,0.23,169,0.7388013097515795,9,20,-0.37,69,0.522,False
実測コスト格子,GBPUSD,Wed 08-12UTC cost=0.77bps,18,39,0.462,-1.78,168,0.7388013097515795,7,20,-2.18,69,0.536,False
実測コスト格子,GBPUSD,WedS 08-12UTC cost=0.77bps,18,39,0.462,0.25,168,0.7388013097515795,11,20,0.65,69,0.449,False
実測コスト格子,EURUSD,Fri 08-12UTC cost=0.39bps,18,39,0.462,-3.18,170,0.7388013097515795,7,20,-0.99,69,0.42,False
実測コスト格子,NZDUSD,Fri 08-12UTC cost=2.43bps,18,39,0.462,-4.43,170,0.7388013097515795,7,20,-4.65,69,0.406,False
実測コスト格子,EURAUD,MonS 08-16UTC cost=2.06bps,18,39,0.462,-1.66,168,0.7388013097515795,6,12,-2.5,69,0.449,False
実測コスト格子,NZDUSD,Mon 00-08UTC cost=2.50bps,18,39,0.462,-1.14,168,0.7388013097515795,12,20,3.84,69,0.58,False
実測コスト格子,NZDUSD,WedS 08-12UTC cost=2.43bps,18,39,0.462,-0.6,168,0.7388013097515795,8,20,0.5,69,0.348,False
実測コスト格子,NZDUSD,Wed 12-16UTC cost=2.46bps,18,39,0.462,1.82,168,0.7388013097515795,9,20,-0.79,69,0.406,False
実測コスト格子,GBPUSD,Wed 20-00UTC cost=0.84bps,18,39,0.462,-0.93,168,0.7388013097515795,11,20,0.5,69,0.478,False
実測コスト格子,GBPUSD,ThuS 12-16UTC cost=0.75bps,18,39,0.462,-0.54,169,0.7388013097515795,9,20,-0.76,69,0.507,False
実測コスト格子,EURJPY,Wed 08-16UTC cost=0.80bps,18,39,0.462,0.77,168,0.7388013097515795,8,20,1.74,69,0.464,False
実測コスト格子,AUDJPY,Tue 04-08UTC cost=1.02bps,18,39,0.462,-2.74,170,0.7388013097515795,11,20,-0.98,69,0.435,False
実測コスト格子,GBPAUD,Thu 08-16UTC cost=2.86bps,18,39,0.462,-0.25,167,0.7388013097515795,5,12,-0.83,69,0.478,False
実測コスト格子,GBPAUD,ThuS 08-16UTC cost=2.86bps,18,39,0.462,-5.48,167,0.7388013097515795,6,12,-4.9,69,0.435,False
実測コスト格子,GBPAUD,ThuS 04-08UTC cost=2.90bps,18,39,0.462,-0.18,169,0.7388013097515795,4,12,-5.09,69,0.507,False
実測コスト格子,USDCHF,Wed 04-08UTC cost=1.56bps,18,39,0.462,-2.13,168,0.7388013097515795,8,20,-2.23,69,0.536,False
実測コスト格子,USDCHF,Tue 12-16UTC cost=1.47bps,18,39,0.462,-0.98,170,0.7388013097515795,6,20,-3.64,69,0.449,False
実測コスト格子,GBPAUD,WedS 08-12UTC cost=2.83bps,18,39,0.462,-3.31,167,0.7388013097515795,4,12,-3.83,69,0.435,False
実測コスト格子,AUDJPY,WedS 00-04UTC cost=1.08bps,18,39,0.462,-4.45,169,0.7388013097515795,10,20,-1.59,69,0.493,False
実測コスト格子,AUDJPY,ThuS 08-12UTC cost=1.01bps,18,39,0.462,3.82,169,0.7388013097515795,12,20,2.91,69,0.551,False
実測コスト格子,AUDJPY,WedS 16-20UTC cost=1.05bps,18,39,0.462,-1.27,168,0.7388013097515795,7,20,-7.26,69,0.304,False
実測コスト格子,GBPJPY,Tue 08-16UTC cost=1.29bps,18,39,0.462,0.21,170,0.7388013097515795,9,20,0.69,69,0.449,False
実測コスト格子,GBPJPY,TueS 08-16UTC cost=1.29bps,18,39,0.462,-2.79,170,0.7388013097515795,11,20,-3.27,69,0.507,False
実測コスト格子,EURUSD,MonS 16-20UTC cost=0.33bps,18,39,0.462,0.01,168,0.7388013097515795,11,20,-0.96,69,0.391,False
実測コスト格子,NZDUSD,Wed 16-00UTC cost=2.50bps,18,39,0.462,-2.98,168,0.7388013097515795,9,20,-2.99,69,0.478,False
実測コスト格子,EURUSD,Tue 04-08UTC cost=0.39bps,18,39,0.462,1.29,170,0.7388013097515795,8,20,-1.27,69,0.42,False
実測コスト格子,EURUSD,TueS 16-20UTC cost=0.33bps,18,39,0.462,-0.51,170,0.7388013097515795,7,20,-1.81,69,0.493,False
実測コスト格子,NZDUSD,ThuS 16-20UTC cost=2.49bps,18,39,0.462,-1.98,169,0.7388013097515795,8,20,-2.11,69,0.42,False
実測コスト格子,NZDUSD,ThuS 20-00UTC cost=2.54bps,18,39,0.462,-1.48,169,0.7388013097515795,7,20,-2.99,69,0.391,False
実測コスト格子,NZDJPY,Thu 16-20UTC cost=1.64bps,18,39,0.462,-2.25,166,0.7388013097515795,6,12,-2.97,69,0.377,False
実測コスト格子,NZDJPY,ThuS 20-00UTC cost=1.80bps,18,39,0.462,-1.92,168,0.7388013097515795,5,12,-0.01,69,0.42,False
実測コスト格子,NZDUSD,ThuS 16-00UTC cost=2.50bps,18,39,0.462,-0.94,169,0.7388013097515795,8,20,-2.58,69,0.478,False
実測コスト格子,NZDUSD,FriS 00-04UTC cost=2.56bps,18,39,0.462,-3.04,170,0.7388013097515795,11,20,-2.09,70,0.471,False
実測コスト格子,NZDJPY,WedS 00-04UTC cost=1.74bps,18,39,0.462,-3.86,169,0.7388013097515795,5,12,-1.78,69,0.377,False
実測コスト格子,NZDJPY,Fri 08-16UTC cost=1.56bps,18,39,0.462,-3.17,170,0.7388013097515795,5,12,-7.15,69,0.362,False
実測コスト格子,NZDJPY,ThuS 04-08UTC cost=1.65bps,18,39,0.462,-2.86,169,0.7388013097515795,6,12,-0.45,69,0.333,False
実測コスト格子,NZDJPY,WedS 08-16UTC cost=1.56bps,18,39,0.462,-3.48,168,0.7388013097515795,8,12,1.98,69,0.42,False
実測コスト格子,GBPJPY,FriS 08-12UTC cost=1.27bps,18,39,0.462,-0.92,170,0.7388013097515795,8,20,-1.32,69,0.522,False
実測コスト格子,GBPJPY,Thu 20-00UTC cost=1.46bps,18,39,0.462,-0.82,169,0.7388013097515795,6,20,-2.4,69,0.449,False
実測コスト格子,XAUUSD,Mon 08-12UTC cost=2.34bps,18,39,0.462,-2.75,170,0.7388013097515795,9,12,9.24,9,0.444,False
実測コスト格子,XAUUSD,MonS 12-16UTC cost=2.34bps,18,39,0.462,4.98,170,0.7388013097515795,4,12,-0.3,9,0.222,False
実測コスト格子,XAUUSD,Thu 00-04UTC cost=2.54bps,18,39,0.462,-2.62,169,0.7388013097515795,5,12,-5.17,9,0.444,False
実測コスト格子,GBPJPY,Fri 00-04UTC cost=1.50bps,18,39,0.462,-2.74,170,0.7388013097515795,9,20,-1.02,70,0.486,False
実測コスト格子,GBPJPY,FriS 00-08UTC cost=1.46bps,18,39,0.462,0.75,170,0.7388013097515795,8,20,-1.99,70,0.457,False
実測コスト格子,USDCHF,Wed 00-08UTC cost=1.59bps,18,39,0.462,-0.0,168,0.7388013097515795,8,20,-3.49,69,0.536,False
実測コスト格子,USDCHF,ThuS 00-04UTC cost=1.68bps,18,39,0.462,-0.9,169,0.7388013097515795,8,20,-2.53,69,0.493,False
実測コスト格子,GBPJPY,WedS 16-00UTC cost=1.44bps,18,39,0.462,0.53,168,0.7388013097515795,11,20,0.83,69,0.464,False
実測コスト格子,AUDJPY,ThuS 12-16UTC cost=1.01bps,18,39,0.462,0.87,169,0.7388013097515795,10,20,0.35,69,0.507,False
実測コスト格子,AUDUSD,Thu 08-12UTC cost=2.06bps,18,39,0.462,-4.57,169,0.7388013097515795,5,20,-3.39,69,0.319,False
実測コスト格子,AUDUSD,ThuS 08-12UTC cost=2.06bps,18,39,0.462,0.46,169,0.7388013097515795,11,20,-0.72,69,0.493,False
実測コスト格子,AUDJPY,FriS 00-04UTC cost=1.08bps,18,39,0.462,-0.46,170,0.7388013097515795,8,20,-1.87,70,0.457,False
実測コスト格子,AUDJPY,Tue 00-04UTC cost=1.08bps,18,39,0.462,-2.03,170,0.7388013097515795,7,20,-2.19,69,0.551,False
実測コスト格子,AUDUSD,Fri 12-16UTC cost=2.06bps,18,39,0.462,-4.27,170,0.7388013097515795,9,20,1.22,69,0.507,False
実測コスト格子,AUDUSD,FriS 12-16UTC cost=2.06bps,18,39,0.462,0.16,170,0.7388013097515795,6,20,-5.33,69,0.406,False
実測コスト格子,AUDUSD,ThuS 16-00UTC cost=2.11bps,18,39,0.462,-1.6,169,0.7388013097515795,9,20,-1.98,69,0.507,False
実測コスト格子,AUDUSD,FriS 00-04UTC cost=2.10bps,18,39,0.462,-2.66,170,0.7388013097515795,10,20,-1.15,70,0.4,False
実測コスト格子,GBPAUD,WedS 04-08UTC cost=2.90bps,18,39,0.462,-1.01,168,0.7388013097515795,6,12,1.92,69,0.406,False
実測コスト格子,EURAUD,Wed 16-20UTC cost=2.01bps,18,39,0.462,1.22,168,0.7388013097515795,3,12,-11.3,69,0.362,False
実測コスト格子,EURAUD,Mon 12-16UTC cost=2.03bps,18,39,0.462,-2.73,168,0.7388013097515795,5,12,-2.28,69,0.464,False
実測コスト格子,NZDJPY,Mon 12-16UTC cost=1.53bps,18,39,0.462,0.37,168,0.7388013097515795,5,12,1.24,69,0.493,False
実測コスト格子,EURAUD,MonS 00-04UTC cost=2.27bps,18,39,0.462,-2.7,169,0.7388013097515795,7,12,-1.34,69,0.536,False
実測コスト格子,NZDJPY,Thu 16-00UTC cost=1.64bps,18,39,0.462,-2.24,167,0.7388013097515795,3,12,-4.77,69,0.377,False
実測コスト格子,NZDJPY,ThuS 16-00UTC cost=1.64bps,18,39,0.462,-1.03,167,0.7388013097515795,6,12,1.5,69,0.449,False
実測コスト格子,NZDJPY,FriS 00-04UTC cost=1.74bps,18,39,0.462,-1.1,170,0.7388013097515795,5,12,-1.33,70,0.457,False
実測コスト格子,NZDJPY,FriS 04-08UTC cost=1.65bps,18,39,0.462,-1.46,170,0.7388013097515795,5,12,-1.66,69,0.391,False
実測コスト格子,NZDJPY,Fri 08-12UTC cost=1.54bps,18,39,0.462,-1.53,170,0.7388013097515795,7,12,-4.09,69,0.406,False
実測コスト格子,NZDJPY,Tue 00-08UTC cost=1.67bps,18,39,0.462,-3.1,170,0.7388013097515795,4,12,-5.33,69,0.464,False
実測コスト格子,NZDJPY,TueS 00-08UTC cost=1.67bps,18,39,0.462,-0.23,170,0.7388013097515795,6,12,2.0,69,0.449,False
実測コスト格子,NZDJPY,Mon 16-00UTC cost=1.64bps,18,39,0.462,0.71,168,0.7388013097515795,6,12,0.83,69,0.435,False
実測コスト格子,NZDJPY,Tue 00-04UTC cost=1.74bps,18,39,0.462,-2.57,170,0.7388013097515795,3,12,-3.07,69,0.551,False
実測コスト格子,NZDJPY,TueS 00-04UTC cost=1.74bps,18,39,0.462,-0.91,170,0.7388013097515795,7,12,-0.41,69,0.348,False
実測コスト格子,CADJPY,ThuS 16-00UTC cost=1.62bps,18,39,0.462,-1.22,169,0.7388013097515795,9,12,2.99,69,0.435,False
実測コスト格子,USDCHF,MonS 04-08UTC cost=1.56bps,18,39,0.462,-0.91,168,0.7388013097515795,11,20,-1.34,69,0.333,False
実測コスト格子,EURAUD,TueS 16-00UTC cost=2.16bps,18,39,0.462,-0.96,169,0.7388013097515795,7,12,-0.37,69,0.377,False
実測コスト格子,EURAUD,WedS 04-08UTC cost=2.15bps,18,39,0.462,-1.16,168,0.7388013097515795,6,12,1.4,69,0.42,False
実測コスト格子,GER40,Thu 16-20UTC cost=3.00bps,18,39,0.462,-3.16,169,0.7388013097515795,9,20,-4.82,63,0.429,False
実測コスト格子,GER40,Thu 12-16UTC cost=1.22bps,18,39,0.462,-0.21,169,0.7388013097515795,10,20,0.32,69,0.536,False
実測コスト格子,EURAUD,WedS 08-12UTC cost=2.13bps,18,39,0.462,-2.61,167,0.7388013097515795,3,12,-3.27,69,0.609,False
実測コスト格子,GER40,WedS 00-08UTC cost=2.91bps,18,39,0.462,-0.62,168,0.7388013097515795,5,20,-10.0,42,0.333,False
実測コスト格子,GER40,Wed 16-00UTC cost=3.17bps,18,39,0.462,-3.4,168,0.7388013097515795,14,20,8.59,42,0.333,False
実測コスト格子,GER40,TueS 08-12UTC cost=0.93bps,18,39,0.462,-4.2,169,0.7388013097515795,6,20,-3.39,69,0.478,False
実測コスト格子,GER40,Mon 00-08UTC cost=2.91bps,18,39,0.462,-3.32,166,0.7388013097515795,11,20,1.1,42,0.452,False
実測コスト格子,USDJPY,Mon 16-00UTC cost=0.49bps,18,39,0.462,0.76,168,0.7388013097515795,12,20,1.56,69,0.478,False
実測コスト格子,GBPJPY,Thu 16-00UTC cost=1.44bps,18,39,0.462,-0.13,169,0.7388013097515795,7,20,-1.23,69,0.391,False
実測コスト格子,AUDUSD,Tue 08-16UTC cost=2.07bps,18,39,0.462,-6.29,170,0.7388013097515795,12,20,1.85,69,0.377,False
実測コスト格子,AUDUSD,Wed 08-16UTC cost=2.07bps,18,39,0.462,0.59,168,0.7388013097515795,6,20,-2.67,69,0.507,False
実測コスト格子,USDJPY,MonS 16-00UTC cost=0.49bps,18,39,0.462,-1.75,168,0.7388013097515795,8,20,-2.55,69,0.406,False
実測コスト格子,GER40,FriS 00-08UTC cost=2.91bps,18,39,0.462,-0.94,166,0.7388013097515795,8,20,-2.94,43,0.395,False
実測コスト格子,CADJPY,Fri 16-20UTC cost=1.50bps,18,39,0.462,-2.35,170,0.7388013097515795,7,12,-0.75,69,0.391,False
実測コスト格子,CADJPY,FriS 08-16UTC cost=1.54bps,18,39,0.462,-0.34,170,0.7388013097515795,6,12,-1.02,69,0.464,False
実測コスト格子,CADJPY,FriS 00-04UTC cost=1.78bps,18,39,0.462,-1.21,170,0.7388013097515795,4,12,-2.3,70,0.457,False
実測コスト格子,CHFJPY,ThuS 04-08UTC cost=1.83bps,18,39,0.462,-1.55,169,0.7388013097515795,2,12,-7.66,69,0.304,False
実測コスト格子,CADJPY,Fri 04-08UTC cost=1.67bps,18,39,0.462,-0.46,170,0.7388013097515795,6,12,1.33,69,0.464,False
実測コスト格子,CADJPY,Fri 08-12UTC cost=1.57bps,18,39,0.462,-2.4,170,0.7388013097515795,6,12,-1.63,69,0.449,False
実測コスト格子,CADJPY,FriS 08-12UTC cost=1.57bps,18,39,0.462,-0.75,170,0.7388013097515795,5,12,-1.52,69,0.464,False
実測コスト格子,NZDJPY,Tue 12-16UTC cost=1.53bps,18,39,0.462,-2.43,170,0.7388013097515795,6,12,1.31,69,0.406,False
実測コスト格子,USDCHF,Thu 08-12UTC cost=1.47bps,18,39,0.462,-0.18,169,0.7388013097515795,11,20,-2.41,69,0.435,False
実測コスト格子,USDCHF,ThuS 12-16UTC cost=1.47bps,18,39,0.462,-1.85,169,0.7388013097515795,8,20,-0.49,69,0.449,False
実測コスト格子,GER40,TueS 08-16UTC cost=1.23bps,18,39,0.462,-3.2,169,0.7388013097515795,8,20,-0.63,69,0.507,False
実測コスト格子,US500,Mon 08-12UTC cost=1.41bps,18,39,0.462,-1.57,166,0.7388013097515795,12,20,6.91,69,0.609,False
実測コスト格子,EURGBP,Fri 12-16UTC cost=1.27bps,18,39,0.462,-0.69,170,0.7388013097515795,6,12,2.32,69,0.478,False
実測コスト格子,NZDUSD,Fri 08-16UTC cost=2.44bps,18,39,0.462,-5.28,170,0.7388013097515795,10,20,-1.53,69,0.449,False
実測コスト格子,GER40,FriS 08-16UTC cost=1.23bps,18,39,0.462,-2.66,166,0.7388013097515795,12,20,12.45,69,0.478,False
実測コスト格子,EURGBP,Tue 08-12UTC cost=1.33bps,18,39,0.462,-2.29,170,0.7388013097515795,7,12,-1.06,69,0.377,False
実測コスト格子,US500,Wed 12-16UTC cost=1.32bps,18,39,0.462,0.45,168,0.7388013097515795,11,20,-0.44,69,0.623,False
実測コスト格子,GBPJPY,Mon 20-00UTC cost=1.46bps,18,39,0.462,0.54,168,0.7388013097515795,9,20,-1.89,69,0.435,False
実測コスト格子,GBPJPY,MonS 00-04UTC cost=1.50bps,18,39,0.462,1.29,169,0.7388013097515795,11,20,1.55,69,0.406,False
実測コスト格子,EURGBP,WedS 08-16UTC cost=1.33bps,18,39,0.462,-1.93,168,0.7388013097515795,6,12,-3.6,69,0.58,False
実測コスト格子,CHFJPY,Fri 04-08UTC cost=1.83bps,18,39,0.462,-0.87,170,0.7388013097515795,10,12,3.08,69,0.406,False
実測コスト格子,EURAUD,ThuS 04-08UTC cost=2.15bps,18,39,0.462,0.95,169,0.7388013097515795,3,12,-5.86,69,0.435,False
実測コスト格子,EURGBP,ThuS 08-16UTC cost=1.33bps,18,39,0.462,0.19,169,0.7388013097515795,7,12,-0.46,69,0.536,False
実測コスト格子,USDCHF,Thu 00-08UTC cost=1.59bps,18,39,0.462,-1.53,169,0.7388013097515795,9,20,-1.57,69,0.319,False
実測コスト格子,USDCHF,Tue 00-08UTC cost=1.59bps,18,39,0.462,-2.07,170,0.7388013097515795,10,20,-0.61,69,0.449,False
実測コスト格子,USDCHF,Tue 08-12UTC cost=1.47bps,18,39,0.462,1.41,170,0.7388013097515795,7,20,-1.2,69,0.478,False
実測コスト格子,GER40,Tue 16-20UTC cost=3.00bps,18,39,0.462,-1.63,168,0.7388013097515795,11,20,4.56,64,0.422,False
実測コスト格子,CADJPY,Mon 16-00UTC cost=1.62bps,18,39,0.462,-0.72,168,0.7388013097515795,5,12,-0.4,69,0.449,False
実測コスト格子,AUDUSD,MonS 12-16UTC cost=2.06bps,18,39,0.462,-1.87,168,0.7388013097515795,9,20,-3.03,69,0.348,False
実測コスト格子,AUDUSD,Mon 12-16UTC cost=2.06bps,18,39,0.462,-2.24,168,0.7388013097515795,8,20,-1.08,69,0.478,False
実測コスト格子,GER40,Tue 20-00UTC cost=4.50bps,18,39,0.462,-1.81,167,0.7388013097515795,6,20,1.68,41,0.415,False
実測コスト格子,USDJPY,Thu 08-12UTC cost=0.45bps,18,39,0.462,-2.72,169,0.7388013097515795,11,20,-2.99,69,0.478,False
実測コスト格子,USDJPY,Thu 12-16UTC cost=0.45bps,18,39,0.462,-0.92,169,0.7388013097515795,10,20,-2.35,69,0.449,False
実測コスト格子,CADJPY,ThuS 00-04UTC cost=1.78bps,18,39,0.462,-1.33,169,0.7388013097515795,6,12,3.55,69,0.493,False
実測コスト格子,USDCHF,TueS 20-00UTC cost=1.60bps,18,39,0.462,-0.88,169,0.7388013097515795,6,20,-0.75,69,0.348,False
実測コスト格子,USDJPY,Wed 16-00UTC cost=0.49bps,18,39,0.462,-5.64,168,0.7388013097515795,11,20,-1.54,69,0.391,False
実測コスト格子,USDJPY,Thu 04-08UTC cost=0.49bps,18,39,0.462,0.03,169,0.7388013097515795,12,20,2.15,69,0.565,False
実測コスト格子,USDJPY,ThuS 04-08UTC cost=0.49bps,18,39,0.462,-1.02,169,0.7388013097515795,7,20,-3.14,69,0.377,False
実測コスト格子,USDJPY,Fri 12-16UTC cost=0.45bps,18,39,0.462,-1.05,170,0.7388013097515795,9,20,-6.15,69,0.42,False
実測コスト格子,EURAUD,ThuS 12-16UTC cost=2.03bps,18,39,0.462,-2.65,169,0.7388013097515795,6,12,-2.54,69,0.362,False
実測コスト格子,USDJPY,Tue 20-00UTC cost=0.52bps,18,39,0.462,-0.48,169,0.7388013097515795,11,20,0.73,69,0.449,False
実測コスト格子,EURAUD,ThuS 08-16UTC cost=2.06bps,18,39,0.462,-2.88,169,0.7388013097515795,6,12,-3.18,69,0.435,False
実測コスト格子,EURAUD,Thu 08-16UTC cost=2.06bps,18,39,0.462,-1.23,169,0.7388013097515795,6,12,-0.93,69,0.522,False
実測コスト格子,GER40,Tue 08-12UTC cost=0.93bps,18,39,0.462,2.34,169,0.7388013097515795,14,20,1.53,69,0.507,False
実測コスト格子,GBPAUD,MonS 12-16UTC cost=2.81bps,18,39,0.462,-1.36,168,0.7388013097515795,5,12,-3.76,69,0.391,False
実測コスト格子,GBPAUD,Tue 04-08UTC cost=2.90bps,18,39,0.462,-0.36,170,0.7388013097515795,3,12,-3.83,69,0.377,False
実測コスト格子,EURAUD,Thu 16-20UTC cost=2.01bps,18,39,0.462,-1.31,169,0.7388013097515795,3,12,-0.76,69,0.377,False
実測コスト格子,US500,MonS 16-00UTC cost=1.32bps,18,39,0.462,-7.71,165,0.7388013097515795,7,20,-9.19,43,0.349,False
実測コスト格子,US500,Tue 04-08UTC cost=1.41bps,18,39,0.462,-0.69,169,0.7388013097515795,10,20,-3.41,43,0.465,False
実測コスト格子,GBPJPY,Wed 16-00UTC cost=1.44bps,18,39,0.462,-3.41,168,0.7388013097515795,6,20,-3.71,69,0.42,False
実測コスト格子,XAUUSD,Thu 12-16UTC cost=2.34bps,18,39,0.462,-4.89,169,0.7388013097515795,6,12,0.92,9,0.333,False
実測コスト格子,XAUUSD,Thu 16-20UTC cost=2.31bps,18,39,0.462,-0.29,169,0.7388013097515795,9,12,5.61,9,0.333,False
実測コスト格子,XAUUSD,TueS 08-16UTC cost=2.35bps,18,39,0.462,-3.17,170,0.7388013097515795,6,12,-1.39,9,0.667,False
実測コスト格子,CHFJPY,Fri 12-16UTC cost=1.69bps,18,39,0.462,-2.11,170,0.7388013097515795,6,12,-1.68,69,0.42,False
実測コスト格子,EURAUD,Thu 08-12UTC cost=2.13bps,18,39,0.462,-1.93,169,0.7388013097515795,4,12,-1.53,69,0.42,False
実測コスト格子,AUDUSD,TueS 08-16UTC cost=2.07bps,18,39,0.462,2.15,170,0.7388013097515795,6,20,-5.99,69,0.464,False
実測コスト格子,USDJPY,TueS 16-00UTC cost=0.49bps,18,39,0.462,-2.41,169,0.7388013097515795,7,20,-3.56,69,0.536,False
実測コスト格子,AUDUSD,MonS 16-00UTC cost=2.11bps,18,39,0.462,-2.27,168,0.7388013097515795,9,20,-4.27,69,0.493,False
実測コスト格子,AUDUSD,TueS 00-04UTC cost=2.10bps,18,39,0.462,-1.21,170,0.7388013097515795,12,20,0.01,69,0.377,False
実測コスト格子,US500,WedS 08-16UTC cost=1.32bps,18,39,0.462,-5.04,168,0.7388013097515795,11,20,-3.48,69,0.362,False
実測コスト格子,US500,Wed 16-00UTC cost=1.32bps,18,39,0.462,-4.08,168,0.7388013097515795,13,20,10.54,43,0.442,False
実測コスト格子,EURGBP,Tue 16-20UTC cost=1.30bps,18,39,0.462,0.42,170,0.7388013097515795,2,12,-2.02,69,0.319,False
実測コスト格子,EURGBP,Tue 04-08UTC cost=1.40bps,18,39,0.462,-0.45,170,0.7388013097515795,7,12,0.39,69,0.551,False
実測コスト格子,XAUUSD,FriS 08-16UTC cost=2.35bps,18,39,0.462,-2.08,170,0.7388013097515795,7,12,-9.43,9,0.556,False
実測コスト格子,XAUUSD,Fri 08-12UTC cost=2.34bps,18,39,0.462,-3.68,170,0.7388013097515795,5,12,-5.23,9,0.222,False
実測コスト格子,XAUUSD,WedS 04-08UTC cost=2.43bps,18,39,0.462,-3.36,169,0.7388013097515795,2,12,-16.05,9,0.333,False
実測コスト格子,XAUUSD,WedS 08-16UTC cost=2.35bps,18,39,0.462,-6.02,169,0.7388013097515795,5,12,-0.3,9,0.333,False
実測コスト格子,CHFJPY,Fri 16-20UTC cost=1.77bps,18,39,0.462,-2.28,170,0.7388013097515795,5,12,-2.66,69,0.362,False
実測コスト格子,NAS100,MonS 20-00UTC cost=1.53bps,14,31,0.452,-7.83,135,0.7634351700544357,5,13,0.85,42,0.19,False
実測コスト格子,NAS100,Tue 04-08UTC cost=2.37bps,14,31,0.452,-0.73,135,0.7634351700544357,6,13,-0.41,42,0.5,False
実測コスト格子,NAS100,Mon 00-08UTC cost=2.33bps,14,31,0.452,-1.16,136,0.7634351700544357,7,13,3.17,42,0.667,False
実測コスト格子,NAS100,MonS 08-12UTC cost=2.34bps,14,31,0.452,0.17,136,0.7634351700544357,1,13,-14.64,42,0.429,False
実測コスト格子,NAS100,Wed 00-04UTC cost=2.37bps,14,31,0.452,-0.07,136,0.7634351700544357,5,13,-2.32,42,0.143,False
実測コスト格子,NAS100,TueS 16-20UTC cost=0.96bps,14,31,0.452,-4.35,135,0.7634351700544357,4,13,-6.26,42,0.476,False
実測コスト格子,NAS100,Tue 08-12UTC cost=2.34bps,14,31,0.452,1.88,135,0.7634351700544357,5,13,-2.59,42,0.357,False
実測コスト格子,NAS100,WedS 16-20UTC cost=0.96bps,14,31,0.452,3.26,136,0.7634351700544357,4,13,-26.16,42,0.429,False
実測コスト格子,NAS100,Wed 16-20UTC cost=0.96bps,14,31,0.452,-5.18,136,0.7634351700544357,9,13,24.24,42,0.548,False
実測コスト格子,NAS100,Fri 08-12UTC cost=2.34bps,14,31,0.452,-1.38,136,0.7634351700544357,7,13,-5.86,42,0.476,False
実測コスト格子,NAS100,FriS 04-08UTC cost=2.37bps,14,31,0.452,-3.2,136,0.7634351700544357,6,13,2.45,42,0.405,False
実測コスト格子,NAS100,MonS 00-04UTC cost=2.37bps,14,31,0.452,-2.75,136,0.7634351700544357,6,13,-0.74,42,0.19,False
実測コスト格子,NAS100,Mon 00-04UTC cost=2.37bps,14,31,0.452,-1.99,136,0.7634351700544357,4,13,-4.0,42,0.19,False
実測コスト格子,XAUUSD,Fri 12-16UTC cost=2.34bps,17,39,0.436,-1.31,170,0.8316081824050343,7,12,7.64,9,0.333,False
実測コスト格子,XAUUSD,FriS 16-20UTC cost=2.31bps,17,39,0.436,-2.34,170,0.8316081824050343,6,12,3.09,9,0.667,False
実測コスト格子,US500,Thu 16-00UTC cost=1.32bps,17,39,0.436,-3.21,166,0.8316081824050343,10,20,-3.89,44,0.568,False
実測コスト格子,EURGBP,Wed 16-20UTC cost=1.30bps,17,39,0.436,-1.06,168,0.8316081824050343,1,12,-5.79,69,0.478,False
実測コスト格子,US500,WedS 00-08UTC cost=1.41bps,17,39,0.436,-2.37,168,0.8316081824050343,5,20,-6.59,44,0.295,False
実測コスト格子,EURGBP,Thu 04-08UTC cost=1.40bps,17,39,0.436,-1.7,169,0.8316081824050343,5,12,0.14,69,0.493,False
実測コスト格子,USDJPY,Wed 08-12UTC cost=0.45bps,17,39,0.436,-0.75,168,0.8316081824050343,9,20,1.6,69,0.464,False
実測コスト格子,AUDUSD,MonS 00-08UTC cost=2.08bps,17,39,0.436,-2.66,168,0.8316081824050343,2,20,-9.52,69,0.319,False
実測コスト格子,AUDUSD,MonS 08-16UTC cost=2.07bps,17,39,0.436,-2.48,168,0.8316081824050343,7,20,-8.1,69,0.362,False
実測コスト格子,EURAUD,ThuS 08-12UTC cost=2.13bps,17,39,0.436,-2.33,169,0.8316081824050343,3,12,-2.73,69,0.435,False
実測コスト格子,EURAUD,Thu 12-16UTC cost=2.03bps,17,39,0.436,-1.4,169,0.8316081824050343,5,12,-1.51,69,0.507,False
実測コスト格子,USDJPY,FriS 04-08UTC cost=0.49bps,17,39,0.436,-1.97,170,0.8316081824050343,6,20,-2.62,69,0.464,False
実測コスト格子,GBPAUD,MonS 00-08UTC cost=3.04bps,17,39,0.436,-2.06,168,0.8316081824050343,8,12,-0.69,69,0.449,False
実測コスト格子,GER40,ThuS 16-00UTC cost=3.17bps,17,39,0.436,-2.96,165,0.8316081824050343,7,20,-2.5,42,0.405,False
実測コスト格子,GBPUSD,Thu 00-04UTC cost=0.87bps,17,39,0.436,-1.06,169,0.8316081824050343,9,20,-1.26,69,0.449,False
実測コスト格子,EURAUD,Tue 08-12UTC cost=2.13bps,17,39,0.436,-1.86,170,0.8316081824050343,3,12,-4.15,69,0.362,False
実測コスト格子,GBPUSD,Tue 00-08UTC cost=0.83bps,17,39,0.436,0.44,170,0.8316081824050343,9,20,-4.55,69,0.406,False
実測コスト格子,EURAUD,MonS 00-08UTC cost=2.28bps,17,39,0.436,-1.93,168,0.8316081824050343,6,12,2.81,69,0.551,False
実測コスト格子,USDCHF,Fri 00-08UTC cost=1.59bps,17,39,0.436,-1.86,170,0.8316081824050343,7,20,-2.01,70,0.4,False
実測コスト格子,NZDUSD,Wed 04-08UTC cost=2.50bps,17,39,0.436,-1.42,168,0.8316081824050343,10,20,0.41,69,0.377,False
実測コスト格子,EURAUD,Mon 00-08UTC cost=2.28bps,17,39,0.436,-2.63,168,0.8316081824050343,3,12,-7.37,69,0.348,False
実測コスト格子,NZDUSD,WedS 12-16UTC cost=2.46bps,17,39,0.436,-6.74,168,0.8316081824050343,6,20,-4.13,69,0.449,False
実測コスト格子,NZDUSD,Mon 16-20UTC cost=2.49bps,17,39,0.436,-2.12,168,0.8316081824050343,8,20,-0.58,69,0.275,False
実測コスト格子,NZDUSD,Mon 08-12UTC cost=2.43bps,17,39,0.436,-2.68,168,0.8316081824050343,11,20,2.23,69,0.377,False
実測コスト格子,EURGBP,Wed 20-00UTC cost=1.41bps,17,39,0.436,-0.52,168,0.8316081824050343,6,12,-0.86,69,0.449,False
実測コスト格子,EURUSD,Thu 08-12UTC cost=0.39bps,17,39,0.436,-2.78,169,0.8316081824050343,5,20,-1.61,69,0.391,False
実測コスト格子,NZDUSD,TueS 08-12UTC cost=2.43bps,17,39,0.436,-0.85,170,0.8316081824050343,7,20,-3.11,69,0.435,False
実測コスト格子,NZDUSD,Mon 08-16UTC cost=2.44bps,17,39,0.436,-6.42,168,0.8316081824050343,13,20,3.61,69,0.58,False
実測コスト格子,EURGBP,MonS 12-16UTC cost=1.27bps,17,39,0.436,-1.95,168,0.8316081824050343,6,12,-0.06,69,0.42,False
実測コスト格子,EURUSD,Tue 00-08UTC cost=0.42bps,17,39,0.436,1.09,170,0.8316081824050343,6,20,-2.43,69,0.551,False
実測コスト格子,NZDUSD,WedS 08-16UTC cost=2.44bps,17,39,0.436,-4.9,168,0.8316081824050343,11,20,-1.19,69,0.391,False
実測コスト格子,GBPJPY,Tue 08-12UTC cost=1.27bps,17,39,0.436,-0.75,170,0.8316081824050343,9,20,-2.24,69,0.435,False
実測コスト格子,AUDJPY,TueS 04-08UTC cost=1.02bps,17,39,0.436,0.7,170,0.8316081824050343,8,20,-1.06,69,0.464,False
実測コスト格子,AUDJPY,Tue 08-12UTC cost=1.01bps,17,39,0.436,-1.73,170,0.8316081824050343,13,20,0.35,69,0.493,False
実測コスト格子,AUDJPY,Tue 12-16UTC cost=1.01bps,17,39,0.436,-1.61,170,0.8316081824050343,11,20,1.65,69,0.464,False
実測コスト格子,EURUSD,MonS 00-08UTC cost=0.42bps,17,39,0.436,-0.46,168,0.8316081824050343,7,20,-4.13,69,0.42,False
実測コスト格子,EURUSD,MonS 16-00UTC cost=0.39bps,17,39,0.436,-1.38,168,0.8316081824050343,12,20,-1.85,69,0.391,False
実測コスト格子,EURJPY,FriS 08-12UTC cost=0.83bps,17,39,0.436,-0.14,170,0.8316081824050343,10,20,-1.4,69,0.536,False
実測コスト格子,AUDJPY,Tue 20-00UTC cost=1.11bps,17,39,0.436,-0.42,169,0.8316081824050343,13,20,4.6,69,0.449,False
実測コスト格子,AUDJPY,TueS 20-00UTC cost=1.11bps,17,39,0.436,-1.8,169,0.8316081824050343,2,20,-6.82,69,0.391,False
実測コスト格子,GBPAUD,WedS 12-16UTC cost=2.81bps,17,39,0.436,-2.05,166,0.8316081824050343,4,12,-5.17,69,0.333,False
実測コスト格子,GBPAUD,Tue 00-08UTC cost=3.04bps,17,39,0.436,0.94,170,0.8316081824050343,5,12,-2.9,69,0.304,False
実測コスト格子,GBPAUD,Tue 08-16UTC cost=2.86bps,17,39,0.436,0.16,170,0.8316081824050343,4,12,-3.19,69,0.449,False
実測コスト格子,GBPAUD,Wed 00-04UTC cost=3.09bps,17,39,0.436,-2.11,168,0.8316081824050343,1,12,-6.31,69,0.391,False
実測コスト格子,GBPAUD,Tue 12-16UTC cost=2.81bps,17,39,0.436,-1.08,170,0.8316081824050343,6,12,-0.98,69,0.435,False
実測コスト格子,GBPAUD,TueS 16-20UTC cost=2.88bps,17,39,0.436,0.2,170,0.8316081824050343,3,12,-4.97,69,0.319,False
実測コスト格子,GBPAUD,FriS 00-04UTC cost=3.09bps,17,39,0.436,-2.56,170,0.8316081824050343,5,12,-3.18,70,0.257,False
実測コスト格子,EURJPY,Wed 08-12UTC cost=0.83bps,17,39,0.436,-2.02,168,0.8316081824050343,8,20,-1.01,69,0.493,False
実測コスト格子,AUDUSD,Mon 08-12UTC cost=2.06bps,17,39,0.436,-1.46,168,0.8316081824050343,12,20,3.01,69,0.406,False
実測コスト格子,CADJPY,MonS 00-04UTC cost=1.78bps,17,39,0.436,-0.13,169,0.8316081824050343,8,12,3.91,69,0.391,False
実測コスト格子,USDCHF,Tue 04-08UTC cost=1.56bps,17,39,0.436,-1.85,170,0.8316081824050343,10,20,-1.31,69,0.377,False
実測コスト格子,GBPUSD,Thu 16-20UTC cost=0.78bps,17,39,0.436,-0.84,169,0.8316081824050343,9,20,-1.34,69,0.435,False
実測コスト格子,GBPUSD,WedS 16-00UTC cost=0.83bps,17,39,0.436,-4.08,168,0.8316081824050343,11,20,0.39,69,0.406,False
実測コスト格子,CADJPY,WedS 08-16UTC cost=1.54bps,17,39,0.436,-2.69,168,0.8316081824050343,7,12,1.27,69,0.391,False
実測コスト格子,USDJPY,Thu 00-04UTC cost=0.54bps,17,39,0.436,-1.62,169,0.8316081824050343,9,20,-2.49,69,0.406,False
実測コスト格子,USDJPY,Thu 08-16UTC cost=0.45bps,17,39,0.436,-3.18,169,0.8316081824050343,10,20,-4.87,69,0.565,False
実測コスト格子,GER40,Tue 00-08UTC cost=2.91bps,17,39,0.436,-5.14,169,0.8316081824050343,8,20,-2.42,42,0.524,False
実測コスト格子,GER40,TueS 00-04UTC cost=3.75bps,17,39,0.436,-2.08,169,0.8316081824050343,9,20,1.09,42,0.381,False
実測コスト格子,USDCHF,ThuS 08-12UTC cost=1.47bps,17,39,0.436,-2.76,169,0.8316081824050343,5,20,-0.53,69,0.42,False
実測コスト格子,USDCHF,Mon 16-20UTC cost=1.50bps,17,39,0.436,-1.06,168,0.8316081824050343,10,20,-2.12,69,0.42,False
実測コスト格子,EURJPY,TueS 00-04UTC cost=0.92bps,17,39,0.436,-0.7,170,0.8316081824050343,8,20,-0.74,69,0.406,False
実測コスト格子,US500,Mon 20-00UTC cost=1.33bps,17,39,0.436,2.91,150,0.8316081824050343,7,20,-1.94,43,0.558,False
実測コスト格子,CHFJPY,Wed 04-08UTC cost=1.83bps,17,39,0.436,-0.69,168,0.8316081824050343,4,12,-1.48,69,0.391,False
実測コスト格子,EURGBP,Fri 08-12UTC cost=1.33bps,17,39,0.436,-1.61,170,0.8316081824050343,5,12,-1.09,69,0.493,False
実測コスト格子,EURAUD,MonS 04-08UTC cost=2.15bps,17,39,0.436,-1.39,168,0.8316081824050343,7,12,2.01,69,0.435,False
実測コスト格子,NZDJPY,Fri 00-08UTC cost=1.67bps,17,39,0.436,-2.49,170,0.8316081824050343,5,12,-2.05,70,0.443,False
実測コスト格子,AUDUSD,WedS 20-00UTC cost=2.13bps,17,39,0.436,-1.66,168,0.8316081824050343,5,20,-2.26,69,0.348,False
実測コスト格子,EURGBP,FriS 08-12UTC cost=1.33bps,17,39,0.436,-1.06,170,0.8316081824050343,5,12,-1.58,69,0.406,False
実測コスト格子,EURJPY,TueS 08-12UTC cost=0.83bps,17,39,0.436,-0.33,170,0.8316081824050343,9,20,-0.73,69,0.435,False
実測コスト格子,AUDUSD,MonS 00-04UTC cost=2.10bps,17,39,0.436,-1.51,169,0.8316081824050343,5,20,-6.78,69,0.261,False
実測コスト格子,NZDUSD,Fri 12-16UTC cost=2.46bps,17,39,0.436,-3.3,170,0.8316081824050343,8,20,0.67,69,0.478,False
実測コスト格子,US500,Mon 00-04UTC cost=1.41bps,17,39,0.436,-2.73,166,0.8316081824050343,8,20,-1.41,42,0.524,False
実測コスト格子,US500,Mon 00-08UTC cost=1.41bps,17,39,0.436,-1.46,166,0.8316081824050343,11,20,3.18,42,0.571,False
実測コスト格子,US500,MonS 16-20UTC cost=1.26bps,17,39,0.436,-4.51,150,0.8316081824050343,5,20,-10.39,67,0.373,False
実測コスト格子,XAUUSD,TueS 12-16UTC cost=2.34bps,17,39,0.436,-4.0,170,0.8316081824050343,7,12,3.36,9,0.778,False
実測コスト格子,AUDJPY,ThuS 20-00UTC cost=1.11bps,17,39,0.436,-0.92,169,0.8316081824050343,12,20,0.81,69,0.435,False
実測コスト格子,CADJPY,FriS 00-08UTC cost=1.72bps,17,39,0.436,-2.35,170,0.8316081824050343,4,12,-5.24,70,0.5,False
実測コスト格子,AUDJPY,Thu 20-00UTC cost=1.11bps,17,39,0.436,-1.3,169,0.8316081824050343,7,20,-3.03,69,0.42,False
実測コスト格子,CADJPY,TueS 12-16UTC cost=1.50bps,17,39,0.436,-0.63,170,0.8316081824050343,5,12,-5.2,69,0.493,False
実測コスト格子,CADJPY,ThuS 16-20UTC cost=1.50bps,17,39,0.436,-1.72,169,0.8316081824050343,5,12,-1.24,69,0.478,False
実測コスト格子,GBPJPY,Fri 04-08UTC cost=1.35bps,17,39,0.436,-2.32,170,0.8316081824050343,7,20,-1.3,69,0.449,False
実測コスト格子,GBPJPY,Fri 08-12UTC cost=1.27bps,17,39,0.436,-1.63,170,0.8316081824050343,10,20,-1.23,69,0.377,False
実測コスト格子,GBPJPY,Fri 08-16UTC cost=1.29bps,17,39,0.436,-1.74,170,0.8316081824050343,6,20,-3.39,69,0.348,False
実測コスト格子,GBPJPY,FriS 00-04UTC cost=1.50bps,17,39,0.436,-0.26,170,0.8316081824050343,6,20,-1.98,70,0.386,False
実測コスト格子,GBPJPY,FriS 12-16UTC cost=1.26bps,17,39,0.436,-1.18,170,0.8316081824050343,9,20,0.9,69,0.536,False
実測コスト格子,NZDJPY,Mon 00-04UTC cost=1.74bps,17,39,0.436,-2.26,168,0.8316081824050343,5,12,-3.45,69,0.58,False
実測コスト格子,XAUUSD,MonS 16-20UTC cost=2.31bps,17,39,0.436,-3.08,170,0.8316081824050343,4,12,-6.97,9,0.333,False
実測コスト格子,GBPJPY,Thu 00-04UTC cost=1.50bps,17,39,0.436,-2.75,169,0.8316081824050343,8,20,-3.87,69,0.29,False
実測コスト格子,EURUSD,Mon 12-16UTC cost=0.33bps,17,39,0.436,-1.48,168,0.8316081824050343,9,20,-0.2,69,0.565,False
実測コスト格子,NZDUSD,Thu 12-16UTC cost=2.46bps,17,39,0.436,-3.05,169,0.8316081824050343,9,20,-1.31,69,0.406,False
実測コスト格子,NZDUSD,ThuS 08-12UTC cost=2.43bps,17,39,0.436,-0.23,169,0.8316081824050343,9,20,-2.93,69,0.464,False
実測コスト格子,NZDUSD,FriS 08-12UTC cost=2.43bps,17,39,0.436,-0.43,170,0.8316081824050343,8,20,-0.21,69,0.464,False
実測コスト格子,NZDUSD,FriS 04-08UTC cost=2.50bps,17,39,0.436,-0.91,170,0.8316081824050343,10,20,0.26,69,0.333,False
実測コスト格子,NZDJPY,ThuS 00-08UTC cost=1.67bps,17,39,0.436,-6.05,169,0.8316081824050343,7,12,3.15,69,0.493,False
実測コスト格子,NZDUSD,ThuS 12-16UTC cost=2.46bps,17,39,0.436,-1.87,169,0.8316081824050343,8,20,-3.61,69,0.449,False
実測コスト格子,NZDJPY,Thu 04-08UTC cost=1.65bps,17,39,0.436,-0.44,169,0.8316081824050343,5,12,-2.85,69,0.464,False
実測コスト格子,EURAUD,Wed 12-16UTC cost=2.03bps,17,39,0.436,-2.67,167,0.8316081824050343,8,12,2.41,69,0.464,False
実測コスト格子,EURAUD,Wed 20-00UTC cost=2.21bps,17,39,0.436,-0.91,168,0.8316081824050343,4,12,-0.28,69,0.449,False
実測コスト格子,NZDJPY,TueS 04-08UTC cost=1.65bps,17,39,0.436,-1.02,170,0.8316081824050343,5,12,0.69,69,0.493,False
実測コスト格子,USDJPY,MonS 16-20UTC cost=0.45bps,17,39,0.436,-1.79,168,0.8316081824050343,6,20,-2.97,69,0.348,False
実測コスト格子,AUDUSD,WedS 08-16UTC cost=2.07bps,17,39,0.436,-4.73,168,0.8316081824050343,12,20,-1.47,69,0.435,False
実測コスト格子,AUDJPY,FriS 00-08UTC cost=1.08bps,17,39,0.436,-0.92,170,0.8316081824050343,9,20,-2.05,70,0.486,False
実測コスト格子,GBPUSD,FriS 12-16UTC cost=0.75bps,17,39,0.436,-1.42,170,0.8316081824050343,7,20,-4.37,69,0.551,False
実測コスト格子,GER40,Mon 08-16UTC cost=1.23bps,17,39,0.436,2.09,166,0.8316081824050343,11,20,14.88,69,0.391,False
実測コスト格子,EURUSD,Mon 16-20UTC cost=0.33bps,17,39,0.436,-0.67,168,0.8316081824050343,8,20,0.3,69,0.536,False
実測コスト格子,NZDUSD,Wed 00-08UTC cost=2.50bps,17,39,0.436,-4.83,168,0.8316081824050343,9,20,1.39,69,0.536,False
実測コスト格子,CADJPY,WedS 12-16UTC cost=1.50bps,17,39,0.436,-3.27,167,0.8316081824050343,8,12,0.05,69,0.362,False
実測コスト格子,CADJPY,Wed 16-20UTC cost=1.50bps,17,39,0.436,-1.93,168,0.8316081824050343,9,12,6.47,69,0.609,False
実測コスト格子,GBPJPY,Thu 08-16UTC cost=1.29bps,17,39,0.436,-5.6,169,0.8316081824050343,9,20,-7.18,69,0.464,False
実測コスト格子,CHFJPY,Tue 16-00UTC cost=1.94bps,17,39,0.436,0.82,169,0.8316081824050343,7,12,4.05,69,0.362,False
実測コスト格子,AUDUSD,Wed 16-20UTC cost=2.08bps,17,39,0.436,-1.69,168,0.8316081824050343,10,20,-1.64,69,0.493,False
実測コスト格子,AUDJPY,Fri 16-20UTC cost=1.05bps,17,39,0.436,-2.27,170,0.8316081824050343,10,20,-0.22,69,0.449,False
実測コスト格子,EURAUD,Mon 00-04UTC cost=2.27bps,17,39,0.436,-1.83,169,0.8316081824050343,3,12,-3.19,69,0.203,False
実測コスト格子,EURAUD,WedS 00-04UTC cost=2.27bps,17,39,0.436,-3.09,169,0.8316081824050343,4,12,-1.32,69,0.377,False
実測コスト格子,EURAUD,Wed 00-04UTC cost=2.27bps,17,39,0.436,-1.44,169,0.8316081824050343,4,12,-3.21,69,0.435,False
実測コスト格子,GER40,TueS 12-16UTC cost=1.22bps,17,39,0.436,0.09,169,0.8316081824050343,11,20,1.86,69,0.522,False
実測コスト格子,AUDJPY,Fri 04-08UTC cost=1.02bps,17,39,0.436,-0.56,170,0.8316081824050343,11,20,-0.85,69,0.536,False
実測コスト格子,USDJPY,Mon 20-00UTC cost=0.52bps,17,39,0.436,-0.6,168,0.8316081824050343,9,20,-1.01,69,0.406,False
実測コスト格子,AUDUSD,WedS 16-00UTC cost=2.11bps,17,39,0.436,-2.06,168,0.8316081824050343,8,20,-2.61,69,0.377,False
実測コスト格子,AUDJPY,ThuS 04-08UTC cost=1.02bps,17,39,0.436,-3.56,169,0.8316081824050343,8,20,-1.51,69,0.435,False
実測コスト格子,AUDJPY,ThuS 00-04UTC cost=1.08bps,17,39,0.436,-4.07,169,0.8316081824050343,10,20,1.21,69,0.565,False
実測コスト格子,AUDJPY,ThuS 00-08UTC cost=1.08bps,17,39,0.436,-6.63,169,0.8316081824050343,9,20,0.7,69,0.507,False
実測コスト格子,AUDUSD,Thu 16-00UTC cost=2.11bps,17,39,0.436,-2.63,169,0.8316081824050343,9,20,-2.25,69,0.362,False
実測コスト格子,AUDJPY,MonS 16-00UTC cost=1.05bps,17,39,0.436,-2.43,168,0.8316081824050343,4,20,-5.16,69,0.464,False
実測コスト格子,GER40,Mon 16-20UTC cost=3.00bps,17,39,0.436,-3.74,163,0.8316081824050343,12,20,4.61,65,0.477,False
実測コスト格子,GBPAUD,Wed 08-16UTC cost=2.86bps,17,39,0.436,-3.83,167,0.8316081824050343,6,12,0.5,69,0.478,False
実測コスト格子,GER40,WedS 16-20UTC cost=3.00bps,17,39,0.436,-1.89,167,0.8316081824050343,7,20,-14.99,63,0.317,False
実測コスト格子,GBPUSD,Fri 08-12UTC cost=0.77bps,17,39,0.436,-3.15,170,0.8316081824050343,11,20,-1.87,69,0.377,False
実測コスト格子,CHFJPY,ThuS 16-20UTC cost=1.77bps,17,39,0.436,-2.27,169,0.8316081824050343,0,12,-6.95,69,0.304,False
実測コスト格子,GBPJPY,ThuS 12-16UTC cost=1.26bps,17,39,0.436,-0.49,169,0.8316081824050343,8,20,0.75,69,0.406,False
実測コスト格子,GBPJPY,Wed 08-16UTC cost=1.29bps,17,39,0.436,-0.23,168,0.8316081824050343,10,20,1.32,69,0.565,False
実測コスト格子,GBPUSD,Tue 16-00UTC cost=0.83bps,17,39,0.436,-2.09,169,0.8316081824050343,10,20,2.31,69,0.609,False
実測コスト格子,EURUSD,Wed 00-04UTC cost=0.41bps,17,39,0.436,-1.7,169,0.8316081824050343,8,20,0.03,69,0.42,False
実測コスト格子,EURUSD,WedS 12-16UTC cost=0.33bps,17,39,0.436,-3.26,168,0.8316081824050343,7,20,-2.97,69,0.464,False
実測コスト格子,GBPUSD,Mon 04-08UTC cost=0.81bps,17,39,0.436,0.93,168,0.8316081824050343,10,20,0.75,69,0.377,False
実測コスト格子,GBPUSD,MonS 08-12UTC cost=0.77bps,17,39,0.436,-2.68,168,0.8316081824050343,3,20,-7.34,69,0.449,False
実測コスト格子,CHFJPY,Fri 08-16UTC cost=1.72bps,17,39,0.436,-1.26,170,0.8316081824050343,4,12,-0.75,69,0.391,False
実測コスト格子,CHFJPY,FriS 08-16UTC cost=1.72bps,17,39,0.436,-2.19,170,0.8316081824050343,6,12,-2.7,69,0.507,False
実測コスト格子,US500,Wed 08-12UTC cost=1.41bps,17,39,0.436,0.54,168,0.8316081824050343,12,20,-0.09,69,0.507,False
実測コスト格子,EURGBP,Wed 08-16UTC cost=1.33bps,17,39,0.436,-0.74,168,0.8316081824050343,6,12,0.93,69,0.319,False
実測コスト格子,EURGBP,Wed 16-00UTC cost=1.38bps,17,39,0.436,-0.25,168,0.8316081824050343,4,12,-5.22,69,0.522,False
実測コスト格子,EURGBP,TueS 08-12UTC cost=1.33bps,17,39,0.436,-0.38,170,0.8316081824050343,4,12,-1.61,69,0.536,False
実測コスト格子,US500,WedS 20-00UTC cost=1.33bps,17,39,0.436,-1.38,166,0.8316081824050343,10,20,-2.2,42,0.595,False
実測コスト格子,GBPUSD,Fri 16-20UTC cost=0.78bps,17,39,0.436,0.0,170,0.8316081824050343,7,20,-1.77,69,0.464,False
実測コスト格子,CADJPY,Thu 16-20UTC cost=1.50bps,17,39,0.436,-1.28,169,0.8316081824050343,4,12,-1.76,69,0.435,False
実測コスト格子,USDCHF,Mon 08-12UTC cost=1.47bps,17,39,0.436,-2.2,168,0.8316081824050343,9,20,-1.39,69,0.464,False
実測コスト格子,CADJPY,ThuS 00-08UTC cost=1.72bps,17,39,0.436,-2.52,169,0.8316081824050343,6,12,0.92,69,0.464,False
実測コスト格子,CADJPY,Thu 08-16UTC cost=1.54bps,17,39,0.436,-5.48,169,0.8316081824050343,6,12,-0.0,69,0.464,False
実測コスト格子,CADJPY,Thu 12-16UTC cost=1.50bps,17,39,0.436,-1.67,169,0.8316081824050343,7,12,2.95,69,0.435,False
実測コスト格子,EURUSD,Mon 04-08UTC cost=0.39bps,17,39,0.436,-0.05,168,0.8316081824050343,13,20,0.04,69,0.464,False
実測コスト格子,NZDJPY,Fri 16-20UTC cost=1.64bps,17,39,0.436,-3.35,170,0.8316081824050343,6,12,0.9,69,0.377,False
実測コスト格子,NZDJPY,FriS 16-20UTC cost=1.64bps,17,39,0.436,0.08,170,0.8316081824050343,5,12,-4.17,69,0.464,False
実測コスト格子,NZDJPY,Wed 16-20UTC cost=1.64bps,17,39,0.436,-3.26,168,0.8316081824050343,7,12,3.97,69,0.551,False
実測コスト格子,NZDJPY,Tue 08-16UTC cost=1.56bps,17,39,0.436,-1.98,170,0.8316081824050343,4,12,1.67,69,0.406,False
実測コスト格子,NZDJPY,Fri 00-04UTC cost=1.74bps,17,39,0.436,-2.38,170,0.8316081824050343,5,12,-2.15,70,0.4,False
実測コスト格子,NZDJPY,FriS 08-12UTC cost=1.54bps,17,39,0.436,-1.56,170,0.8316081824050343,4,12,1.0,69,0.493,False
実測コスト格子,EURUSD,Mon 00-04UTC cost=0.41bps,17,39,0.436,-0.78,169,0.8316081824050343,14,20,2.88,69,0.507,False
実測コスト格子,XAUUSD,ThuS 08-16UTC cost=2.35bps,17,39,0.436,-4.59,169,0.8316081824050343,5,12,-14.93,9,0.556,False
実測コスト格子,XAUUSD,Fri 08-16UTC cost=2.35bps,17,39,0.436,-2.63,170,0.8316081824050343,4,12,4.72,9,0.333,False
実測コスト格子,EURUSD,FriS 00-08UTC cost=0.42bps,17,39,0.436,1.37,170,0.8316081824050343,8,20,-0.78,70,0.414,False
実測コスト格子,EURUSD,Thu 12-16UTC cost=0.33bps,17,39,0.436,-1.06,169,0.8316081824050343,8,20,-0.32,69,0.478,False
実測コスト格子,GBPUSD,MonS 08-16UTC cost=0.77bps,17,39,0.436,-0.91,168,0.8316081824050343,4,20,-9.68,69,0.464,False
実測コスト格子,GBPUSD,ThuS 16-00UTC cost=0.83bps,17,39,0.436,-1.3,169,0.8316081824050343,9,20,-1.17,69,0.478,False
実測コスト格子,GBPUSD,FriS 00-04UTC cost=0.87bps,17,39,0.436,-0.82,170,0.8316081824050343,10,20,0.38,70,0.286,False
実測コスト格子,EURJPY,Thu 00-04UTC cost=0.92bps,17,39,0.436,-1.83,169,0.8316081824050343,8,20,-3.03,69,0.406,False
実測コスト格子,AUDJPY,Mon 20-00UTC cost=1.11bps,17,39,0.436,-0.29,168,0.8316081824050343,9,20,-2.0,69,0.377,False
実測コスト格子,EURGBP,Wed 04-08UTC cost=1.40bps,17,39,0.436,-0.41,168,0.8316081824050343,6,12,-0.06,69,0.391,False
実測コスト格子,EURJPY,Fri 00-04UTC cost=0.92bps,17,39,0.436,-1.57,170,0.8316081824050343,11,20,-0.12,70,0.5,False
実測コスト格子,US500,ThuS 08-16UTC cost=1.32bps,17,39,0.436,-6.07,169,0.8316081824050343,13,20,7.91,69,0.435,False
実測コスト格子,US500,TueS 08-16UTC cost=1.32bps,17,39,0.436,0.77,169,0.8316081824050343,9,20,-2.45,69,0.406,False
実測コスト格子,XAUUSD,WedS 12-16UTC cost=2.34bps,17,39,0.436,-4.86,169,0.8316081824050343,4,12,-4.4,9,0.333,False
実測コスト格子,EURGBP,MonS 16-00UTC cost=1.38bps,17,39,0.436,0.49,168,0.8316081824050343,7,12,-0.93,69,0.449,False
実測コスト格子,NZDUSD,Tue 04-08UTC cost=2.50bps,17,39,0.436,-3.08,170,0.8316081824050343,9,20,-2.73,69,0.29,False
実測コスト格子,NAS100,Fri 04-08UTC cost=2.37bps,13,31,0.419,-1.54,136,0.8594792424701154,6,13,-7.19,42,0.405,False
実測コスト格子,NAS100,FriS 12-16UTC cost=1.64bps,13,31,0.419,4.7,136,0.8594792424701154,7,13,2.53,42,0.405,False
実測コスト格子,NAS100,Mon 04-08UTC cost=2.37bps,13,31,0.419,-1.6,136,0.8594792424701154,8,13,4.76,42,0.595,False
実測コスト格子,NAS100,Tue 12-16UTC cost=1.64bps,13,31,0.419,-4.51,135,0.8594792424701154,7,13,2.67,42,0.452,False
実測コスト格子,NAS100,ThuS 08-16UTC cost=1.65bps,13,31,0.419,-13.05,135,0.8594792424701154,8,13,15.53,42,0.5,False
実測コスト格子,NAS100,Tue 00-08UTC cost=2.33bps,13,31,0.419,-3.65,135,0.8594792424701154,5,13,-1.67,42,0.571,False
実測コスト格子,NAS100,WedS 00-04UTC cost=2.37bps,13,31,0.419,-4.67,136,0.8594792424701154,4,13,-2.42,42,0.19,False
実測コスト格子,NAS100,ThuS 12-16UTC cost=1.64bps,13,31,0.419,-9.94,135,0.8594792424701154,7,13,10.04,42,0.476,False
実測コスト格子,NAS100,WedS 00-08UTC cost=2.33bps,13,31,0.419,-3.65,136,0.8594792424701154,2,13,-10.55,42,0.333,False
実測コスト格子,NAS100,Mon 08-12UTC cost=2.34bps,13,31,0.419,-4.85,136,0.8594792424701154,9,13,9.96,42,0.476,False
実測コスト格子,NAS100,FriS 16-00UTC cost=1.53bps,13,31,0.419,-6.93,134,0.8594792424701154,5,13,1.52,42,0.381,False
実測コスト格子,NAS100,Wed 08-12UTC cost=2.34bps,13,31,0.419,0.33,136,0.8594792424701154,8,13,-0.82,42,0.476,False
実測コスト格子,NAS100,WedS 16-00UTC cost=1.53bps,13,31,0.419,0.61,135,0.8594792424701154,3,13,-25.21,42,0.429,False
実測コスト格子,NAS100,WedS 12-16UTC cost=1.64bps,13,31,0.419,-4.26,136,0.8594792424701154,5,13,-3.73,42,0.381,False
実測コスト格子,NAS100,Thu 16-20UTC cost=0.96bps,13,31,0.419,-5.78,135,0.8594792424701154,6,13,-12.8,42,0.5,False
実測コスト格子,US500,Tue 12-16UTC cost=1.32bps,16,39,0.41,-6.29,169,0.9002045665401965,9,20,-2.84,69,0.449,False
実測コスト格子,US500,Fri 04-08UTC cost=1.41bps,16,39,0.41,-0.03,167,0.9002045665401965,8,20,-4.63,44,0.409,False
実測コスト格子,US500,Fri 08-12UTC cost=1.41bps,16,39,0.41,-3.47,167,0.9002045665401965,12,20,-3.86,69,0.478,False
実測コスト格子,XAUUSD,WedS 08-12UTC cost=2.34bps,16,39,0.41,-3.47,169,0.9002045665401965,5,12,1.74,9,0.667,False
実測コスト格子,EURJPY,FriS 08-16UTC cost=0.80bps,16,39,0.41,-0.63,170,0.9002045665401965,12,20,-0.39,69,0.58,False
実測コスト格子,EURJPY,WedS 12-16UTC cost=0.73bps,16,39,0.41,-3.49,168,0.9002045665401965,7,20,-3.46,69,0.435,False
実測コスト格子,EURGBP,WedS 04-08UTC cost=1.40bps,16,39,0.41,-2.38,168,0.9002045665401965,5,12,-2.73,69,0.464,False
実測コスト格子,EURJPY,FriS 16-20UTC cost=0.77bps,16,39,0.41,-0.45,170,0.9002045665401965,10,20,0.4,69,0.493,False
実測コスト格子,EURGBP,ThuS 08-12UTC cost=1.33bps,16,39,0.41,-0.0,169,0.9002045665401965,5,12,-0.23,69,0.493,False
実測コスト格子,CHFJPY,Tue 08-12UTC cost=1.71bps,16,39,0.41,-2.36,170,0.9002045665401965,4,12,-1.84,69,0.449,False
実測コスト格子,CHFJPY,Tue 12-16UTC cost=1.69bps,16,39,0.41,-1.33,170,0.9002045665401965,8,12,1.64,69,0.449,False
実測コスト格子,CHFJPY,MonS 12-16UTC cost=1.69bps,16,39,0.41,-4.33,168,0.9002045665401965,5,12,-4.33,69,0.391,False
実測コスト格子,EURJPY,ThuS 16-20UTC cost=0.77bps,16,39,0.41,-1.96,169,0.9002045665401965,6,20,-3.35,69,0.391,False
実測コスト格子,AUDUSD,Fri 08-16UTC cost=2.07bps,16,39,0.41,-7.82,170,0.9002045665401965,11,20,-1.58,69,0.42,False
実測コスト格子,AUDJPY,MonS 16-20UTC cost=1.05bps,16,39,0.41,-1.62,168,0.9002045665401965,3,20,-6.01,69,0.435,False
実測コスト格子,EURUSD,ThuS 16-20UTC cost=0.33bps,16,39,0.41,-0.86,169,0.9002045665401965,9,20,-1.26,69,0.493,False
実測コスト格子,EURUSD,Thu 00-08UTC cost=0.42bps,16,39,0.41,-1.34,169,0.9002045665401965,10,20,0.28,69,0.58,False
実測コスト格子,GBPUSD,Thu 00-08UTC cost=0.83bps,16,39,0.41,-1.7,169,0.9002045665401965,8,20,-1.16,69,0.42,False
実測コスト格子,GBPUSD,Thu 08-16UTC cost=0.77bps,16,39,0.41,-2.12,169,0.9002045665401965,9,20,-2.09,69,0.522,False
実測コスト格子,US500,Wed 04-08UTC cost=1.41bps,16,39,0.41,-2.07,168,0.9002045665401965,13,20,3.9,44,0.477,False
実測コスト格子,EURUSD,Fri 00-08UTC cost=0.42bps,16,39,0.41,-2.21,170,0.9002045665401965,8,20,-0.06,70,0.529,False
実測コスト格子,US500,MonS 08-16UTC cost=1.32bps,16,39,0.41,-5.18,166,0.9002045665401965,4,20,-19.24,69,0.435,False
実測コスト格子,US500,TueS 04-08UTC cost=1.41bps,16,39,0.41,-2.13,169,0.9002045665401965,9,20,0.59,43,0.349,False
実測コスト格子,EURGBP,Thu 08-12UTC cost=1.33bps,16,39,0.41,-2.67,169,0.9002045665401965,5,12,-2.44,69,0.391,False
実測コスト格子,CHFJPY,FriS 00-08UTC cost=1.97bps,16,39,0.41,-2.76,170,0.9002045665401965,1,12,-9.13,70,0.443,False
実測コスト格子,GBPJPY,Thu 04-08UTC cost=1.35bps,16,39,0.41,-1.55,169,0.9002045665401965,12,20,1.54,69,0.507,False
実測コスト格子,GBPJPY,WedS 08-16UTC cost=1.29bps,16,39,0.41,-2.35,168,0.9002045665401965,8,20,-3.9,69,0.348,False
実測コスト格子,EURUSD,FriS 00-04UTC cost=0.41bps,16,39,0.41,-0.92,170,0.9002045665401965,12,20,0.5,70,0.343,False
実測コスト格子,EURUSD,Fri 04-08UTC cost=0.39bps,16,39,0.41,-2.7,170,0.9002045665401965,13,20,0.88,69,0.478,False
実測コスト格子,XAUUSD,ThuS 00-08UTC cost=2.46bps,16,39,0.41,-4.6,169,0.9002045665401965,8,12,6.24,9,0.556,False
実測コスト格子,CHFJPY,Fri 00-04UTC cost=2.07bps,16,39,0.41,-2.25,170,0.9002045665401965,7,12,0.18,70,0.4,False
実測コスト格子,CHFJPY,Thu 12-16UTC cost=1.69bps,16,39,0.41,-2.53,169,0.9002045665401965,6,12,-0.91,69,0.478,False
実測コスト格子,CHFJPY,Thu 16-20UTC cost=1.77bps,16,39,0.41,-1.27,169,0.9002045665401965,7,12,3.41,69,0.435,False
実測コスト格子,NZDJPY,Fri 12-16UTC cost=1.53bps,16,39,0.41,-3.15,170,0.9002045665401965,5,12,-4.59,69,0.377,False
実測コスト格子,USDCHF,MonS 12-16UTC cost=1.47bps,16,39,0.41,-4.52,168,0.9002045665401965,9,20,-0.8,69,0.565,False
実測コスト格子,CADJPY,FriS 12-16UTC cost=1.50bps,16,39,0.41,-1.14,170,0.9002045665401965,6,12,-1.03,69,0.449,False
実測コスト格子,NZDJPY,MonS 16-00UTC cost=1.64bps,16,39,0.41,-3.98,168,0.9002045665401965,5,12,-4.1,69,0.348,False
実測コスト格子,CADJPY,Thu 16-00UTC cost=1.62bps,16,39,0.41,-2.02,169,0.9002045665401965,3,12,-6.23,69,0.435,False
実測コスト格子,GBPUSD,FriS 16-20UTC cost=0.78bps,16,39,0.41,-1.56,170,0.9002045665401965,12,20,0.21,69,0.435,False
実測コスト格子,EURAUD,Tue 08-16UTC cost=2.06bps,16,39,0.41,-3.86,170,0.9002045665401965,6,12,-1.94,69,0.377,False
実測コスト格子,GER40,ThuS 04-08UTC cost=1.81bps,16,39,0.41,-2.47,169,0.9002045665401965,7,20,-4.2,42,0.381,False
実測コスト格子,CADJPY,ThuS 12-16UTC cost=1.50bps,16,39,0.41,-1.33,169,0.9002045665401965,5,12,-5.95,69,0.536,False
実測コスト格子,USDCHF,Mon 00-04UTC cost=1.68bps,16,39,0.41,-1.96,168,0.9002045665401965,4,20,-4.3,69,0.391,False
実測コスト格子,GER40,ThuS 16-20UTC cost=3.00bps,16,39,0.41,-2.84,169,0.9002045665401965,9,20,-1.18,63,0.349,False
実測コスト格子,NZDJPY,Mon 20-00UTC cost=1.80bps,16,39,0.41,0.21,168,0.9002045665401965,4,12,-3.1,69,0.406,False
実測コスト格子,GER40,WedS 16-00UTC cost=3.17bps,16,39,0.41,-2.93,168,0.9002045665401965,6,20,-14.92,42,0.405,False
実測コスト格子,AUDUSD,ThuS 04-08UTC cost=2.06bps,16,39,0.41,-4.12,169,0.9002045665401965,9,20,0.1,69,0.391,False
実測コスト格子,AUDUSD,Thu 12-16UTC cost=2.06bps,16,39,0.41,-3.34,169,0.9002045665401965,12,20,-1.44,69,0.362,False
実測コスト格子,EURAUD,MonS 12-16UTC cost=2.03bps,16,39,0.41,-1.32,168,0.9002045665401965,4,12,-1.77,69,0.493,False
実測コスト格子,AUDJPY,Fri 08-12UTC cost=1.01bps,16,39,0.41,-2.48,170,0.9002045665401965,11,20,-2.68,69,0.42,False
実測コスト格子,AUDJPY,WedS 00-08UTC cost=1.08bps,16,39,0.41,-5.61,168,0.9002045665401965,7,20,-3.44,69,0.507,False
実測コスト格子,USDJPY,MonS 20-00UTC cost=0.52bps,16,39,0.41,-0.45,168,0.9002045665401965,10,20,-0.04,69,0.478,False
実測コスト格子,AUDJPY,ThuS 16-20UTC cost=1.05bps,16,39,0.41,-1.55,169,0.9002045665401965,8,20,-2.75,69,0.42,False
実測コスト格子,GER40,ThuS 08-12UTC cost=0.93bps,16,39,0.41,-1.73,169,0.9002045665401965,9,20,1.25,69,0.58,False
実測コスト格子,AUDJPY,Thu 08-16UTC cost=1.01bps,16,39,0.41,-7.69,169,0.9002045665401965,8,20,-6.29,69,0.391,False
実測コスト格子,EURAUD,Mon 08-12UTC cost=2.13bps,16,39,0.41,-1.83,168,0.9002045665401965,4,12,-1.42,69,0.391,False
実測コスト格子,EURAUD,WedS 12-16UTC cost=2.03bps,16,39,0.41,-1.38,167,0.9002045665401965,3,12,-6.46,69,0.42,False
実測コスト格子,AUDUSD,Wed 00-04UTC cost=2.10bps,16,39,0.41,-4.09,169,0.9002045665401965,10,20,-0.34,69,0.406,False
実測コスト格子,AUDJPY,Fri 12-16UTC cost=1.01bps,16,39,0.41,-4.01,170,0.9002045665401965,9,20,-3.41,69,0.377,False
実測コスト格子,NZDJPY,MonS 16-20UTC cost=1.64bps,16,39,0.41,-1.97,168,0.9002045665401965,3,12,-5.4,69,0.464,False
実測コスト格子,AUDUSD,Tue 20-00UTC cost=2.13bps,16,39,0.41,-1.41,169,0.9002045665401965,12,20,2.49,69,0.377,False
実測コスト格子,USDJPY,MonS 00-08UTC cost=0.52bps,16,39,0.41,-1.81,168,0.9002045665401965,10,20,2.75,69,0.478,False
実測コスト格子,GER40,Mon 08-12UTC cost=0.93bps,16,39,0.41,-1.04,166,0.9002045665401965,14,20,10.32,69,0.478,False
実測コスト格子,GER40,MonS 00-08UTC cost=2.91bps,16,39,0.41,-2.5,166,0.9002045665401965,6,20,-6.92,42,0.405,False
実測コスト格子,GBPAUD,Thu 12-16UTC cost=2.81bps,16,39,0.41,-1.63,167,0.9002045665401965,4,12,-2.36,69,0.42,False
実測コスト格子,CADJPY,MonS 00-08UTC cost=1.72bps,16,39,0.41,-2.89,168,0.9002045665401965,5,12,1.02,69,0.377,False
実測コスト格子,USDCHF,Mon 00-08UTC cost=1.59bps,16,39,0.41,-2.51,168,0.9002045665401965,7,20,-4.45,69,0.449,False
実測コスト格子,USDJPY,MonS 08-12UTC cost=0.45bps,16,39,0.41,-3.56,168,0.9002045665401965,9,20,1.72,69,0.377,False
実測コスト格子,AUDUSD,WedS 00-08UTC cost=2.08bps,16,39,0.41,-0.74,168,0.9002045665401965,4,20,-7.78,69,0.507,False
実測コスト格子,GBPJPY,ThuS 16-00UTC cost=1.44bps,16,39,0.41,-2.75,169,0.9002045665401965,10,20,-1.65,69,0.449,False
実測コスト格子,AUDUSD,WedS 16-20UTC cost=2.08bps,16,39,0.41,-2.48,168,0.9002045665401965,8,20,-2.53,69,0.449,False
実測コスト格子,CHFJPY,Wed 16-00UTC cost=1.94bps,16,39,0.41,-2.8,168,0.9002045665401965,3,12,-8.94,69,0.522,False
実測コスト格子,NZDUSD,Thu 04-08UTC cost=2.50bps,16,39,0.41,-1.73,169,0.9002045665401965,5,20,-6.54,69,0.435,False
実測コスト格子,NZDUSD,Thu 08-12UTC cost=2.43bps,16,39,0.41,-4.63,169,0.9002045665401965,7,20,-1.93,69,0.275,False
実測コスト格子,CADJPY,WedS 16-20UTC cost=1.50bps,16,39,0.41,-1.07,168,0.9002045665401965,3,12,-9.47,69,0.304,False
実測コスト格子,GBPJPY,ThuS 20-00UTC cost=1.46bps,16,39,0.41,-2.09,169,0.9002045665401965,9,20,-0.51,69,0.333,False
実測コスト格子,NZDJPY,ThuS 16-20UTC cost=1.64bps,16,39,0.41,-1.02,166,0.9002045665401965,5,12,-0.3,69,0.42,False
実測コスト格子,NZDJPY,Wed 08-16UTC cost=1.56bps,16,39,0.41,0.36,168,0.9002045665401965,4,12,-5.1,69,0.551,False
実測コスト格子,NZDJPY,ThuS 00-04UTC cost=1.74bps,16,39,0.41,-4.9,169,0.9002045665401965,7,12,1.75,69,0.623,False
実測コスト格子,NZDJPY,MonS 08-12UTC cost=1.54bps,16,39,0.41,-4.41,168,0.9002045665401965,3,12,-2.47,69,0.435,False
実測コスト格子,XAUUSD,TueS 16-20UTC cost=2.31bps,16,39,0.41,-2.99,170,0.9002045665401965,3,12,-10.33,9,0.333,False
実測コスト格子,CADJPY,TueS 16-00UTC cost=1.62bps,16,39,0.41,-4.8,169,0.9002045665401965,3,12,-8.62,69,0.507,False
実測コスト格子,CADJPY,WedS 04-08UTC cost=1.67bps,16,39,0.41,-1.25,168,0.9002045665401965,3,12,-3.53,69,0.406,False
実測コスト格子,CADJPY,TueS 20-00UTC cost=1.67bps,16,39,0.41,-1.88,169,0.9002045665401965,4,12,-5.85,69,0.377,False
実測コスト格子,NZDJPY,TueS 08-12UTC cost=1.54bps,16,39,0.41,-2.03,170,0.9002045665401965,4,12,-1.94,69,0.362,False
実測コスト格子,USDCHF,Wed 08-12UTC cost=1.47bps,16,39,0.41,-0.83,168,0.9002045665401965,12,20,2.24,69,0.565,False
実測コスト格子,USDCHF,WedS 08-12UTC cost=1.47bps,16,39,0.41,-2.11,168,0.9002045665401965,8,20,-5.18,69,0.319,False
実測コスト格子,GBPJPY,Wed 08-12UTC cost=1.27bps,16,39,0.41,-2.57,168,0.9002045665401965,10,20,-0.7,69,0.565,False
実測コスト格子,NZDUSD,FriS 12-16UTC cost=2.46bps,16,39,0.41,-1.62,170,0.9002045665401965,7,20,-5.59,69,0.406,False
実測コスト格子,NZDJPY,TueS 12-16UTC cost=1.53bps,16,39,0.41,-0.63,170,0.9002045665401965,5,12,-4.37,69,0.522,False
実測コスト格子,GER40,WedS 08-12UTC cost=0.93bps,16,39,0.41,-5.77,168,0.9002045665401965,9,20,-3.24,69,0.478,False
実測コスト格子,US500,MonS 08-12UTC cost=1.41bps,16,39,0.41,-1.25,166,0.9002045665401965,5,20,-9.73,69,0.333,False
実測コスト格子,GBPJPY,Thu 00-08UTC cost=1.46bps,16,39,0.41,-2.89,169,0.9002045665401965,11,20,-0.98,69,0.377,False
実測コスト格子,AUDUSD,Mon 00-04UTC cost=2.10bps,16,39,0.41,-2.69,169,0.9002045665401965,11,20,2.58,69,0.58,False
実測コスト格子,GER40,FriS 08-12UTC cost=0.93bps,16,39,0.41,-1.04,166,0.9002045665401965,10,20,7.51,69,0.435,False
実測コスト格子,GER40,Fri 00-08UTC cost=2.91bps,16,39,0.41,-4.88,166,0.9002045665401965,10,20,-2.88,43,0.488,False
実測コスト格子,GBPAUD,Wed 08-12UTC cost=2.83bps,16,39,0.41,-2.36,167,0.9002045665401965,6,12,-1.84,69,0.42,False
実測コスト格子,EURJPY,Thu 12-16UTC cost=0.73bps,16,39,0.41,-2.01,169,0.9002045665401965,9,20,-2.67,69,0.435,False
実測コスト格子,GBPUSD,WedS 20-00UTC cost=0.84bps,16,39,0.41,-0.75,168,0.9002045665401965,6,20,-2.18,69,0.348,False
実測コスト格子,CADJPY,Thu 00-04UTC cost=1.78bps,16,39,0.41,-2.24,169,0.9002045665401965,2,12,-7.12,69,0.319,False
実測コスト格子,USDJPY,ThuS 20-00UTC cost=0.52bps,16,39,0.41,-0.66,169,0.9002045665401965,11,20,1.24,69,0.362,False
実測コスト格子,EURGBP,ThuS 00-08UTC cost=1.43bps,16,39,0.41,-1.52,169,0.9002045665401965,4,12,-3.15,69,0.333,False
実測コスト格子,CHFJPY,Tue 08-16UTC cost=1.72bps,16,39,0.41,-2.0,170,0.9002045665401965,6,12,1.48,69,0.449,False
実測コスト格子,EURJPY,Tue 12-16UTC cost=0.73bps,16,39,0.41,-3.55,170,0.9002045665401965,13,20,2.97,69,0.406,False
実測コスト格子,USDCHF,Thu 08-16UTC cost=1.48bps,16,39,0.41,0.2,169,0.9002045665401965,11,20,-3.38,69,0.493,False
実測コスト格子,USDCHF,Thu 12-16UTC cost=1.47bps,16,39,0.41,-1.09,169,0.9002045665401965,11,20,-2.45,69,0.464,False
実測コスト格子,EURGBP,FriS 08-16UTC cost=1.33bps,16,39,0.41,-1.65,170,0.9002045665401965,6,12,-5.17,69,0.42,False
実測コスト格子,EURJPY,TueS 04-08UTC cost=0.87bps,16,39,0.41,-2.49,170,0.9002045665401965,8,20,-0.43,69,0.42,False
実測コスト格子,EURGBP,Thu 16-00UTC cost=1.38bps,16,39,0.41,-0.8,169,0.9002045665401965,8,12,2.12,69,0.464,False
実測コスト格子,USDCHF,Thu 16-00UTC cost=1.57bps,16,39,0.41,-2.74,169,0.9002045665401965,7,20,-6.64,69,0.42,False
実測コスト格子,USDCHF,ThuS 04-08UTC cost=1.56bps,16,39,0.41,-2.4,169,0.9002045665401965,6,20,-0.76,69,0.377,False
実測コスト格子,CADJPY,MonS 16-00UTC cost=1.62bps,16,39,0.41,-2.52,168,0.9002045665401965,6,12,-2.84,69,0.377,False
実測コスト格子,AUDJPY,Thu 08-12UTC cost=1.01bps,16,39,0.41,-5.83,169,0.9002045665401965,7,20,-4.92,69,0.406,False
実測コスト格子,USDJPY,FriS 00-08UTC cost=0.52bps,16,39,0.41,-0.84,170,0.9002045665401965,8,20,-4.37,70,0.5,False
実測コスト格子,AUDJPY,Tue 08-16UTC cost=1.01bps,16,39,0.41,-2.33,170,0.9002045665401965,12,20,3.0,69,0.464,False
実測コスト格子,AUDJPY,MonS 00-08UTC cost=1.08bps,16,39,0.41,-2.9,168,0.9002045665401965,8,20,-5.27,69,0.377,False
実測コスト格子,AUDUSD,MonS 16-20UTC cost=2.08bps,16,39,0.41,-1.27,168,0.9002045665401965,8,20,-4.55,69,0.333,False
実測コスト格子,NZDUSD,Tue 00-04UTC cost=2.56bps,16,39,0.41,-3.4,170,0.9002045665401965,6,20,-5.04,69,0.493,False
実測コスト格子,NZDUSD,Tue 08-16UTC cost=2.44bps,16,39,0.41,-5.7,170,0.9002045665401965,10,20,-0.26,69,0.42,False
実測コスト格子,NZDUSD,TueS 00-04UTC cost=2.56bps,16,39,0.41,-1.73,170,0.9002045665401965,11,20,-0.09,69,0.333,False
実測コスト格子,EURUSD,ThuS 16-00UTC cost=0.39bps,16,39,0.41,-1.68,169,0.9002045665401965,7,20,-4.08,69,0.464,False
実測コスト格子,EURUSD,Fri 16-20UTC cost=0.33bps,16,39,0.41,-0.24,170,0.9002045665401965,4,20,-4.07,69,0.594,False
実測コスト格子,EURUSD,Fri 08-16UTC cost=0.36bps,16,39,0.41,-1.9,170,0.9002045665401965,12,20,3.81,69,0.478,False
実測コスト格子,EURUSD,MonS 08-12UTC cost=0.39bps,16,39,0.41,-1.23,168,0.9002045665401965,10,20,-3.0,69,0.478,False
実測コスト格子,GBPJPY,Fri 00-08UTC cost=1.46bps,16,39,0.41,-3.66,170,0.9002045665401965,9,20,-0.92,70,0.486,False
実測コスト格子,EURJPY,Mon 00-04UTC cost=0.92bps,16,39,0.41,-1.84,169,0.9002045665401965,9,20,-3.49,69,0.377,False
実測コスト格子,GBPJPY,TueS 16-00UTC cost=1.44bps,16,39,0.41,-2.06,169,0.9002045665401965,5,20,-7.5,69,0.406,False
実測コスト格子,GBPAUD,Wed 12-16UTC cost=2.81bps,16,39,0.41,-3.56,166,0.9002045665401965,6,12,-0.44,69,0.493,False
実測コスト格子,XAUUSD,WedS 00-04UTC cost=2.54bps,16,39,0.41,-2.48,169,0.9002045665401965,6,12,-7.38,9,0.333,False
実測コスト格子,USDJPY,FriS 08-12UTC cost=0.45bps,16,39,0.41,-2.52,170,0.9002045665401965,8,20,-1.62,69,0.464,False
実測コスト格子,EURGBP,MonS 04-08UTC cost=1.40bps,16,39,0.41,-0.16,168,0.9002045665401965,6,12,1.41,69,0.348,False
実測コスト格子,EURGBP,Mon 08-12UTC cost=1.33bps,16,39,0.41,-2.3,168,0.9002045665401965,3,12,-3.28,69,0.493,False
実測コスト格子,EURGBP,Mon 12-16UTC cost=1.27bps,16,39,0.41,-0.6,168,0.9002045665401965,3,12,-2.49,69,0.522,False
実測コスト格子,EURGBP,Tue 00-08UTC cost=1.43bps,16,39,0.41,-1.02,170,0.9002045665401965,6,12,0.48,69,0.551,False
実測コスト格子,AUDUSD,TueS 04-08UTC cost=2.06bps,16,39,0.41,-0.4,170,0.9002045665401965,8,20,-1.68,69,0.478,False
実測コスト格子,AUDUSD,Tue 12-16UTC cost=2.06bps,16,39,0.41,-3.45,170,0.9002045665401965,10,20,0.48,69,0.42,False
実測コスト格子,XAUUSD,Wed 08-16UTC cost=2.35bps,16,39,0.41,1.31,169,0.9002045665401965,7,12,-4.41,9,0.667,False
実測コスト格子,EURGBP,Mon 00-08UTC cost=1.43bps,16,39,0.41,-0.53,168,0.9002045665401965,5,12,-3.92,69,0.42,False
実測コスト格子,EURAUD,FriS 00-04UTC cost=2.27bps,16,39,0.41,-2.36,170,0.9002045665401965,5,12,-3.29,70,0.386,False
実測コスト格子,USDCHF,FriS 00-08UTC cost=1.59bps,16,39,0.41,-1.32,170,0.9002045665401965,8,20,-1.17,70,0.4,False
実測コスト格子,GBPUSD,Wed 04-08UTC cost=0.81bps,16,39,0.41,-2.03,168,0.9002045665401965,10,20,0.46,69,0.377,False
実測コスト格子,USDCHF,FriS 00-04UTC cost=1.68bps,16,39,0.41,-0.75,170,0.9002045665401965,6,20,-2.38,70,0.414,False
実測コスト格子,USDCHF,Fri 08-12UTC cost=1.47bps,16,39,0.41,-0.27,170,0.9002045665401965,8,20,-1.8,69,0.522,False
実測コスト格子,GBPUSD,Wed 00-08UTC cost=0.83bps,16,39,0.41,-3.24,168,0.9002045665401965,9,20,-0.06,69,0.304,False
実測コスト格子,NZDUSD,Mon 00-04UTC cost=2.56bps,16,39,0.41,-2.64,168,0.9002045665401965,10,20,2.75,69,0.565,False
実測コスト格子,GBPUSD,ThuS 00-04UTC cost=0.87bps,16,39,0.41,-0.68,169,0.9002045665401965,10,20,-0.48,69,0.406,False
実測コスト格子,GBPUSD,Thu 04-08UTC cost=0.81bps,16,39,0.41,-1.49,169,0.9002045665401965,9,20,-0.6,69,0.522,False
実測コスト格子,GBPUSD,WedS 16-20UTC cost=0.78bps,16,39,0.41,-4.12,168,0.9002045665401965,12,20,1.68,69,0.478,False
実測コスト格子,NZDUSD,MonS 08-12UTC cost=2.43bps,16,39,0.41,-2.18,168,0.9002045665401965,5,20,-7.09,69,0.435,False
実測コスト格子,NZDUSD,Wed 08-12UTC cost=2.43bps,16,39,0.41,-4.26,168,0.9002045665401965,5,20,-5.36,69,0.478,False
実測コスト格子,EURAUD,TueS 16-20UTC cost=2.01bps,16,39,0.41,-0.78,170,0.9002045665401965,4,12,-3.4,69,0.362,False
実測コスト格子,EURAUD,Mon 16-00UTC cost=2.16bps,16,39,0.41,-1.42,168,0.9002045665401965,3,12,-2.66,69,0.464,False
実測コスト格子,USDJPY,ThuS 16-00UTC cost=0.49bps,16,39,0.41,-1.32,169,0.9002045665401965,10,20,-0.39,69,0.449,False
実測コスト格子,USDJPY,Fri 00-04UTC cost=0.54bps,16,39,0.41,-1.69,170,0.9002045665401965,12,20,1.19,70,0.471,False
実測コスト格子,EURAUD,Tue 12-16UTC cost=2.03bps,16,39,0.41,-4.1,170,0.9002045665401965,7,12,0.1,69,0.391,False
実測コスト格子,CADJPY,Wed 08-16UTC cost=1.54bps,16,39,0.41,-0.4,168,0.9002045665401965,5,12,-4.36,69,0.565,False
実測コスト格子,USDJPY,TueS 00-04UTC cost=0.54bps,16,39,0.41,-0.5,170,0.9002045665401965,8,20,-1.5,69,0.391,False
実測コスト格子,CADJPY,Wed 08-12UTC cost=1.57bps,16,39,0.41,-1.8,167,0.9002045665401965,4,12,-2.82,69,0.551,False
実測コスト格子,USDJPY,TueS 12-16UTC cost=0.45bps,16,39,0.41,-1.29,170,0.9002045665401965,12,20,-0.57,69,0.435,False
実測コスト格子,NAS100,WedS 08-16UTC cost=1.65bps,12,31,0.387,-6.93,136,0.9251936078071594,4,13,-5.18,42,0.405,False
実測コスト格子,NAS100,Fri 00-04UTC cost=2.37bps,12,31,0.387,-3.22,136,0.9251936078071594,8,13,3.93,43,0.163,False
実測コスト格子,NAS100,FriS 00-04UTC cost=2.37bps,12,31,0.387,-1.52,136,0.9251936078071594,3,13,-8.67,43,0.256,False
実測コスト格子,NAS100,WedS 20-00UTC cost=1.53bps,12,31,0.387,-2.88,135,0.9251936078071594,7,13,0.0,42,0.381,False
実測コスト格子,NAS100,MonS 16-00UTC cost=1.53bps,12,31,0.387,-12.33,135,0.9251936078071594,4,13,-14.18,42,0.19,False
実測コスト格子,NAS100,ThuS 20-00UTC cost=1.53bps,12,31,0.387,-0.35,134,0.9251936078071594,3,13,-8.45,42,0.286,False
実測コスト格子,NAS100,TueS 16-00UTC cost=1.53bps,12,31,0.387,-9.34,134,0.9251936078071594,5,13,-16.72,42,0.452,False
実測コスト格子,NAS100,TueS 20-00UTC cost=1.53bps,12,31,0.387,-5.56,134,0.9251936078071594,4,13,-11.25,42,0.357,False
実測コスト格子,NAS100,ThuS 00-08UTC cost=2.33bps,12,31,0.387,-3.94,135,0.9251936078071594,6,13,-2.4,42,0.452,False
実測コスト格子,NAS100,MonS 08-16UTC cost=1.65bps,12,31,0.387,-4.82,136,0.9251936078071594,2,13,-29.34,42,0.429,False
実測コスト格子,NAS100,TueS 04-08UTC cost=2.37bps,12,31,0.387,-4.01,135,0.9251936078071594,5,13,-4.33,42,0.381,False
実測コスト格子,NAS100,FriS 08-12UTC cost=2.34bps,12,31,0.387,-3.3,136,0.9251936078071594,5,13,1.18,42,0.381,False
実測コスト格子,XAUUSD,Tue 20-00UTC cost=2.49bps,15,39,0.385,-1.73,170,0.9459354892969714,6,12,-1.65,9,0.333,False
実測コスト格子,XAUUSD,TueS 00-08UTC cost=2.46bps,15,39,0.385,-6.06,170,0.9459354892969714,4,12,-5.61,9,0.444,False
実測コスト格子,EURGBP,Thu 00-04UTC cost=1.43bps,15,39,0.385,-1.02,169,0.9459354892969714,4,12,-1.34,69,0.435,False
実測コスト格子,US500,FriS 00-04UTC cost=1.41bps,15,39,0.385,-0.65,167,0.9459354892969714,7,20,-3.16,45,0.444,False
実測コスト格子,EURGBP,Mon 00-04UTC cost=1.43bps,15,39,0.385,0.86,169,0.9459354892969714,5,12,-1.12,69,0.391,False
実測コスト格子,CHFJPY,FriS 04-08UTC cost=1.83bps,15,39,0.385,-2.79,170,0.9459354892969714,0,12,-6.74,69,0.435,False
実測コスト格子,CHFJPY,FriS 08-12UTC cost=1.71bps,15,39,0.385,-2.61,170,0.9459354892969714,4,12,-2.67,69,0.522,False
実測コスト格子,US500,FriS 16-20UTC cost=1.26bps,15,39,0.385,-7.02,162,0.9459354892969714,10,20,2.65,68,0.426,False
実測コスト格子,GBPJPY,WedS 00-08UTC cost=1.46bps,15,39,0.385,-4.91,168,0.9459354892969714,10,20,1.11,69,0.565,False
実測コスト格子,GBPJPY,TueS 00-08UTC cost=1.46bps,15,39,0.385,-2.64,170,0.9459354892969714,9,20,0.84,69,0.478,False
実測コスト格子,GBPJPY,TueS 00-04UTC cost=1.50bps,15,39,0.385,-1.91,170,0.9459354892969714,8,20,-1.59,69,0.406,False
実測コスト格子,US500,ThuS 08-12UTC cost=1.41bps,15,39,0.385,-4.04,169,0.9459354892969714,13,20,1.49,69,0.435,False
実測コスト格子,GBPJPY,TueS 16-20UTC cost=1.30bps,15,39,0.385,-1.66,170,0.9459354892969714,5,20,-4.96,69,0.319,False
実測コスト格子,GBPUSD,TueS 20-00UTC cost=0.84bps,15,39,0.385,-1.1,169,0.9459354892969714,9,20,-2.15,69,0.406,False
実測コスト格子,EURGBP,TueS 04-08UTC cost=1.40bps,15,39,0.385,-2.34,170,0.9459354892969714,5,12,-3.18,69,0.304,False
実測コスト格子,GBPJPY,Mon 00-08UTC cost=1.46bps,15,39,0.385,-0.7,168,0.9459354892969714,12,20,-0.34,69,0.464,False
実測コスト格子,GBPJPY,Tue 20-00UTC cost=1.46bps,15,39,0.385,-1.22,169,0.9459354892969714,11,20,0.94,69,0.42,False
実測コスト格子,EURGBP,ThuS 04-08UTC cost=1.40bps,15,39,0.385,-1.09,169,0.9459354892969714,3,12,-2.93,69,0.377,False
実測コスト格子,EURGBP,TueS 00-08UTC cost=1.43bps,15,39,0.385,-1.83,170,0.9459354892969714,4,12,-3.33,69,0.29,False
実測コスト格子,NZDJPY,WedS 00-08UTC cost=1.67bps,15,39,0.385,-5.25,168,0.9459354892969714,4,12,-4.24,69,0.406,False
実測コスト格子,NZDJPY,MonS 20-00UTC cost=1.80bps,15,39,0.385,-3.81,168,0.9459354892969714,4,12,-0.5,69,0.406,False
実測コスト格子,NZDJPY,MonS 00-08UTC cost=1.67bps,15,39,0.385,-4.25,168,0.9459354892969714,4,12,-4.39,69,0.42,False
実測コスト格子,NZDUSD,Fri 00-04UTC cost=2.56bps,15,39,0.385,-2.09,170,0.9459354892969714,7,20,-3.04,70,0.4,False
実測コスト格子,CHFJPY,WedS 08-16UTC cost=1.72bps,15,39,0.385,-5.93,168,0.9459354892969714,7,12,-1.6,69,0.362,False
実測コスト格子,US500,MonS 12-16UTC cost=1.32bps,15,39,0.385,-5.34,166,0.9459354892969714,4,20,-10.89,69,0.377,False
実測コスト格子,CHFJPY,Tue 16-20UTC cost=1.77bps,15,39,0.385,0.32,170,0.9459354892969714,7,12,2.59,69,0.333,False
実測コスト格子,EURJPY,TueS 00-08UTC cost=0.92bps,15,39,0.385,-2.32,170,0.9459354892969714,10,20,-0.3,69,0.391,False
実測コスト格子,USDCHF,TueS 16-20UTC cost=1.50bps,15,39,0.385,-1.26,170,0.9459354892969714,10,20,-0.04,69,0.391,False
実測コスト格子,USDCHF,MonS 16-00UTC cost=1.57bps,15,39,0.385,-1.19,168,0.9459354892969714,7,20,-1.42,69,0.377,False
実測コスト格子,USDCHF,FriS 16-20UTC cost=1.50bps,15,39,0.385,-1.25,170,0.9459354892969714,3,20,-4.73,69,0.493,False
実測コスト格子,EURAUD,Mon 08-16UTC cost=2.06bps,15,39,0.385,-2.45,168,0.9459354892969714,5,12,-1.61,69,0.435,False
実測コスト格子,USDCHF,FriS 08-12UTC cost=1.47bps,15,39,0.385,-2.67,170,0.9459354892969714,11,20,-1.14,69,0.348,False
実測コスト格子,AUDJPY,WedS 12-16UTC cost=1.01bps,15,39,0.385,-4.72,168,0.9459354892969714,6,20,-3.16,69,0.391,False
実測コスト格子,XAUUSD,Wed 00-08UTC cost=2.46bps,15,39,0.385,-1.59,169,0.9459354892969714,7,12,16.04,9,0.667,False
実測コスト格子,XAUUSD,Mon 08-16UTC cost=2.35bps,15,39,0.385,-10.09,170,0.9459354892969714,8,12,7.25,9,0.667,False
実測コスト格子,NZDUSD,MonS 00-08UTC cost=2.50bps,15,39,0.385,-3.87,168,0.9459354892969714,4,20,-8.85,69,0.319,False
実測コスト格子,CHFJPY,Mon 16-20UTC cost=1.77bps,15,39,0.385,-1.04,168,0.9459354892969714,8,12,2.33,69,0.42,False
実測コスト格子,EURJPY,WedS 04-08UTC cost=0.87bps,15,39,0.385,-1.02,168,0.9459354892969714,8,20,-0.03,69,0.464,False
実測コスト格子,EURJPY,Thu 04-08UTC cost=0.87bps,15,39,0.385,-1.49,169,0.9459354892969714,14,20,2.57,69,0.464,False
実測コスト格子,EURJPY,Thu 08-12UTC cost=0.83bps,15,39,0.385,-5.48,169,0.9459354892969714,8,20,-4.59,69,0.464,False
実測コスト格子,EURJPY,WedS 16-00UTC cost=0.84bps,15,39,0.385,-0.18,168,0.9459354892969714,11,20,2.64,69,0.348,False
実測コスト格子,EURJPY,ThuS 16-00UTC cost=0.84bps,15,39,0.385,-2.95,169,0.9459354892969714,5,20,-4.45,69,0.449,False
実測コスト格子,EURJPY,FriS 12-16UTC cost=0.73bps,15,39,0.385,-1.28,170,0.9459354892969714,12,20,0.24,69,0.565,False
実測コスト格子,CHFJPY,MonS 16-20UTC cost=1.77bps,15,39,0.385,-2.5,168,0.9459354892969714,3,12,-5.87,69,0.275,False
実測コスト格子,CHFJPY,Mon 00-04UTC cost=2.07bps,15,39,0.385,-1.99,168,0.9459354892969714,3,12,-5.48,69,0.217,False
実測コスト格子,CHFJPY,TueS 12-16UTC cost=1.69bps,15,39,0.385,-2.06,170,0.9459354892969714,4,12,-5.03,69,0.42,False
実測コスト格子,GBPAUD,TueS 08-16UTC cost=2.86bps,15,39,0.385,-5.89,170,0.9459354892969714,5,12,-2.54,69,0.391,False
実測コスト格子,GBPAUD,TueS 16-00UTC cost=3.01bps,15,39,0.385,0.41,168,0.9459354892969714,5,12,-1.87,69,0.348,False
実測コスト格子,NZDJPY,Wed 08-12UTC cost=1.54bps,15,39,0.385,-3.45,167,0.9459354892969714,4,12,-4.04,69,0.522,False
実測コスト格子,NZDJPY,WedS 12-16UTC cost=1.53bps,15,39,0.385,-5.11,167,0.9459354892969714,7,12,-0.5,69,0.435,False
実測コスト格子,NZDUSD,ThuS 04-08UTC cost=2.50bps,15,39,0.385,-3.28,169,0.9459354892969714,10,20,1.53,69,0.319,False
実測コスト格子,XAUUSD,MonS 08-12UTC cost=2.34bps,15,39,0.385,-1.93,170,0.9459354892969714,3,12,-13.92,9,0.556,False
実測コスト格子,XAUUSD,Mon 16-20UTC cost=2.31bps,15,39,0.385,-1.54,170,0.9459354892969714,7,12,2.35,9,0.222,False
実測コスト格子,CHFJPY,Thu 00-04UTC cost=2.07bps,15,39,0.385,-2.23,169,0.9459354892969714,3,12,-4.95,69,0.319,False
実測コスト格子,NZDJPY,Thu 20-00UTC cost=1.80bps,15,39,0.385,-1.68,168,0.9459354892969714,4,12,-3.59,69,0.391,False
実測コスト格子,NZDJPY,Fri 04-08UTC cost=1.65bps,15,39,0.385,-1.84,170,0.9459354892969714,7,12,-1.64,69,0.493,False
実測コスト格子,NZDUSD,Mon 12-16UTC cost=2.46bps,15,39,0.385,-6.18,168,0.9459354892969714,8,20,-1.05,69,0.478,False
実測コスト格子,NZDUSD,MonS 16-20UTC cost=2.49bps,15,39,0.385,-2.86,168,0.9459354892969714,7,20,-4.4,69,0.464,False
実測コスト格子,EURUSD,Tue 00-04UTC cost=0.41bps,15,39,0.385,-0.58,170,0.9459354892969714,7,20,-1.53,69,0.623,False
実測コスト格子,NZDUSD,Thu 16-00UTC cost=2.50bps,15,39,0.385,-4.07,169,0.9459354892969714,10,20,-2.43,69,0.377,False
実測コスト格子,EURUSD,TueS 20-00UTC cost=0.39bps,15,39,0.385,-1.28,169,0.9459354892969714,8,20,-1.71,69,0.333,False
実測コスト格子,EURAUD,Fri 00-04UTC cost=2.27bps,15,39,0.385,-2.17,170,0.9459354892969714,5,12,-1.24,70,0.457,False
実測コスト格子,EURAUD,TueS 08-12UTC cost=2.13bps,15,39,0.385,-2.4,170,0.9459354892969714,7,12,-0.11,69,0.464,False
実測コスト格子,EURAUD,TueS 04-08UTC cost=2.15bps,15,39,0.385,-5.57,170,0.9459354892969714,4,12,-2.86,69,0.333,False
実測コスト格子,CADJPY,TueS 08-12UTC cost=1.57bps,15,39,0.385,-1.55,170,0.9459354892969714,3,12,-3.72,69,0.522,False
実測コスト格子,CADJPY,MonS 16-20UTC cost=1.50bps,15,39,0.385,-2.48,168,0.9459354892969714,4,12,-4.46,69,0.348,False
実測コスト格子,AUDUSD,FriS 04-08UTC cost=2.06bps,15,39,0.385,-1.09,170,0.9459354892969714,9,20,-0.14,69,0.362,False
実測コスト格子,GER40,Fri 00-04UTC cost=3.75bps,15,39,0.385,-6.08,166,0.9459354892969714,7,20,-4.86,43,0.349,False
実測コスト格子,GER40,Fri 04-08UTC cost=1.81bps,15,39,0.385,-1.39,166,0.9459354892969714,11,20,-0.64,42,0.452,False
実測コスト格子,GER40,FriS 12-16UTC cost=1.22bps,15,39,0.385,-2.55,166,0.9459354892969714,10,20,4.06,69,0.435,False
実測コスト格子,AUDUSD,Thu 16-20UTC cost=2.08bps,15,39,0.385,-2.29,169,0.9459354892969714,6,20,-2.09,69,0.391,False
実測コスト格子,AUDUSD,Fri 08-12UTC cost=2.06bps,15,39,0.385,-5.59,170,0.9459354892969714,8,20,-4.85,69,0.362,False
実測コスト格子,AUDJPY,Wed 16-00UTC cost=1.05bps,15,39,0.385,-6.29,168,0.9459354892969714,7,20,-1.54,69,0.507,False
実測コスト格子,GBPAUD,Thu 08-12UTC cost=2.83bps,15,39,0.385,-1.61,169,0.9459354892969714,4,12,-1.26,69,0.449,False
実測コスト格子,GBPAUD,ThuS 12-16UTC cost=2.81bps,15,39,0.385,-3.98,167,0.9459354892969714,6,12,-3.25,69,0.362,False
実測コスト格子,AUDJPY,Fri 08-16UTC cost=1.01bps,15,39,0.385,-5.49,170,0.9459354892969714,8,20,-5.07,69,0.362,False
実測コスト格子,AUDUSD,ThuS 16-20UTC cost=2.08bps,15,39,0.385,-1.88,169,0.9459354892969714,8,20,-2.08,69,0.42,False
実測コスト格子,AUDJPY,Thu 12-16UTC cost=1.01bps,15,39,0.385,-2.88,169,0.9459354892969714,10,20,-2.36,69,0.391,False
実測コスト格子,GER40,WedS 12-16UTC cost=1.22bps,15,39,0.385,-5.05,168,0.9459354892969714,12,20,-0.09,69,0.435,False
実測コスト格子,GER40,Mon 20-00UTC cost=4.50bps,15,39,0.385,-0.97,163,0.9459354892969714,6,20,-4.04,41,0.537,False
実測コスト格子,CADJPY,Thu 20-00UTC cost=1.67bps,15,39,0.385,-2.28,169,0.9459354892969714,3,12,-6.01,69,0.435,False
実測コスト格子,GER40,MonS 04-08UTC cost=1.81bps,15,39,0.385,-5.32,166,0.9459354892969714,5,20,-4.1,42,0.476,False
実測コスト格子,USDJPY,MonS 04-08UTC cost=0.49bps,15,39,0.385,-2.27,168,0.9459354892969714,7,20,-3.12,69,0.333,False
実測コスト格子,GER40,TueS 16-20UTC cost=3.00bps,15,39,0.385,-4.37,168,0.9459354892969714,6,20,-10.56,64,0.422,False
実測コスト格子,USDCHF,TueS 04-08UTC cost=1.56bps,15,39,0.385,-1.27,170,0.9459354892969714,8,20,-1.81,69,0.435,False
実測コスト格子,USDCHF,MonS 08-16UTC cost=1.48bps,15,39,0.385,-3.8,168,0.9459354892969714,8,20,-0.89,69,0.551,False
実測コスト格子,CADJPY,Wed 04-08UTC cost=1.67bps,15,39,0.385,-2.08,168,0.9459354892969714,6,12,0.2,69,0.435,False
実測コスト格子,EURAUD,TueS 00-08UTC cost=2.28bps,15,39,0.385,-6.53,170,0.9459354892969714,6,12,-4.2,69,0.493,False
実測コスト格子,GER40,Tue 04-08UTC cost=1.81bps,15,39,0.385,-2.38,169,0.9459354892969714,12,20,3.53,42,0.429,False
実測コスト格子,CADJPY,ThuS 20-00UTC cost=1.67bps,15,39,0.385,-1.05,169,0.9459354892969714,8,12,2.68,69,0.435,False
実測コスト格子,USDCHF,Mon 04-08UTC cost=1.56bps,15,39,0.385,-2.21,168,0.9459354892969714,7,20,-1.78,69,0.42,False
実測コスト格子,GBPAUD,MonS 04-08UTC cost=2.90bps,15,39,0.385,-3.55,168,0.9459354892969714,7,12,-1.54,69,0.377,False
実測コスト格子,GBPAUD,Mon 08-12UTC cost=2.83bps,15,39,0.385,-1.35,168,0.9459354892969714,4,12,-0.13,69,0.406,False
実測コスト格子,AUDUSD,WedS 00-04UTC cost=2.10bps,15,39,0.385,-0.11,169,0.9459354892969714,7,20,-3.86,69,0.464,False
実測コスト格子,AUDUSD,Wed 20-00UTC cost=2.13bps,15,39,0.385,-2.6,168,0.9459354892969714,8,20,-2.0,69,0.275,False
実測コスト格子,GBPAUD,Mon 16-00UTC cost=3.01bps,15,39,0.385,-0.55,168,0.9459354892969714,4,12,-3.22,69,0.42,False
実測コスト格子,AUDUSD,MonS 08-12UTC cost=2.06bps,15,39,0.385,-2.65,168,0.9459354892969714,4,20,-7.12,69,0.348,False
実測コスト格子,AUDUSD,MonS 04-08UTC cost=2.06bps,15,39,0.385,-3.15,168,0.9459354892969714,5,20,-4.82,69,0.42,False
実測コスト格子,USDJPY,ThuS 16-20UTC cost=0.45bps,15,39,0.385,-1.14,169,0.9459354892969714,7,20,-2.12,69,0.478,False
実測コスト格子,EURGBP,Thu 08-16UTC cost=1.33bps,15,39,0.385,-2.86,169,0.9459354892969714,4,12,-2.21,69,0.406,False
実測コスト格子,USDJPY,Wed 12-16UTC cost=0.45bps,15,39,0.385,-0.58,168,0.9459354892969714,9,20,-0.33,69,0.522,False
実測コスト格子,AUDUSD,Tue 08-12UTC cost=2.06bps,15,39,0.385,-4.86,170,0.9459354892969714,9,20,-0.67,69,0.42,False
実測コスト格子,EURAUD,ThuS 16-20UTC cost=2.01bps,15,39,0.385,-2.71,169,0.9459354892969714,4,12,-3.26,69,0.377,False
実測コスト格子,AUDUSD,Wed 08-12UTC cost=2.06bps,15,39,0.385,-3.36,168,0.9459354892969714,5,20,-4.65,69,0.507,False
実測コスト格子,EURAUD,ThuS 16-00UTC cost=2.16bps,15,39,0.385,-3.86,169,0.9459354892969714,3,12,-6.51,69,0.29,False
実測コスト格子,USDJPY,WedS 00-08UTC cost=0.52bps,15,39,0.385,-6.44,168,0.9459354892969714,12,20,2.79,69,0.42,False
実測コスト格子,EURAUD,Wed 00-08UTC cost=2.28bps,15,39,0.385,-2.41,168,0.9459354892969714,3,12,-6.78,69,0.435,False
実測コスト格子,EURAUD,WedS 08-16UTC cost=2.06bps,15,39,0.385,-1.56,168,0.9459354892969714,3,12,-7.62,69,0.507,False
実測コスト格子,USDCHF,WedS 04-08UTC cost=1.56bps,15,39,0.385,-0.99,168,0.9459354892969714,9,20,-0.89,69,0.261,False
実測コスト格子,USDCHF,Tue 16-20UTC cost=1.50bps,15,39,0.385,-1.74,170,0.9459354892969714,6,20,-2.96,69,0.406,False
実測コスト格子,GBPAUD,WedS 00-04UTC cost=3.09bps,15,39,0.385,-4.07,168,0.9459354892969714,5,12,0.13,69,0.362,False
実測コスト格子,GBPAUD,FriS 04-08UTC cost=2.90bps,15,39,0.385,-1.54,170,0.9459354892969714,6,12,-2.48,69,0.478,False
実測コスト格子,EURGBP,ThuS 16-00UTC cost=1.38bps,15,39,0.385,-1.96,169,0.9459354892969714,2,12,-4.88,69,0.377,False
実測コスト格子,AUDUSD,Mon 16-20UTC cost=2.08bps,15,39,0.385,-2.9,168,0.9459354892969714,9,20,0.38,69,0.29,False
実測コスト格子,GBPAUD,MonS 00-04UTC cost=3.09bps,15,39,0.385,-1.65,169,0.9459354892969714,6,12,-2.1,69,0.493,False
実測コスト格子,USDJPY,Thu 00-08UTC cost=0.52bps,15,39,0.385,-1.07,169,0.9459354892969714,9,20,0.29,69,0.42,False
実測コスト格子,USDJPY,TueS 08-16UTC cost=0.45bps,15,39,0.385,-3.4,170,0.9459354892969714,9,20,-0.61,69,0.464,False
実測コスト格子,USDJPY,TueS 04-08UTC cost=0.49bps,15,39,0.385,-0.49,170,0.9459354892969714,7,20,-0.94,69,0.391,False
実測コスト格子,CADJPY,MonS 08-12UTC cost=1.57bps,15,39,0.385,-5.56,168,0.9459354892969714,5,12,0.12,69,0.449,False
実測コスト格子,XAUUSD,Tue 08-12UTC cost=2.34bps,15,39,0.385,-3.16,170,0.9459354892969714,7,12,2.36,9,0.444,False
実測コスト格子,USDCHF,Wed 16-20UTC cost=1.50bps,15,39,0.385,-3.92,168,0.9459354892969714,12,20,4.96,69,0.406,False
実測コスト格子,GBPJPY,Thu 08-12UTC cost=1.27bps,15,39,0.385,-4.84,169,0.9459354892969714,9,20,-5.15,69,0.522,False
実測コスト格子,CHFJPY,Thu 20-00UTC cost=1.97bps,15,39,0.385,-0.59,169,0.9459354892969714,2,12,-3.52,69,0.449,False
実測コスト格子,XAUUSD,ThuS 16-20UTC cost=2.31bps,15,39,0.385,-4.33,169,0.9459354892969714,2,12,-10.23,9,0.444,False
実測コスト格子,CHFJPY,FriS 00-04UTC cost=2.07bps,15,39,0.385,-1.89,170,0.9459354892969714,3,12,-4.32,70,0.443,False
実測コスト格子,GBPAUD,Wed 00-08UTC cost=3.04bps,15,39,0.385,-3.96,168,0.9459354892969714,2,12,-11.08,69,0.435,False
実測コスト格子,EURGBP,Fri 04-08UTC cost=1.40bps,15,39,0.385,-1.24,170,0.9459354892969714,11,12,4.44,69,0.478,False
実測コスト格子,EURGBP,FriS 00-08UTC cost=1.43bps,15,39,0.385,-2.26,170,0.9459354892969714,0,12,-8.24,70,0.343,False
実測コスト格子,GBPUSD,WedS 12-16UTC cost=0.75bps,15,39,0.385,-3.35,168,0.9459354892969714,9,20,-2.65,69,0.406,False
実測コスト格子,NZDUSD,Tue 08-12UTC cost=2.43bps,15,39,0.385,-4.01,170,0.9459354892969714,6,20,-1.75,69,0.435,False
実測コスト格子,NZDUSD,Tue 12-16UTC cost=2.46bps,15,39,0.385,-4.11,170,0.9459354892969714,12,20,-0.95,69,0.348,False
実測コスト格子,EURUSD,WedS 08-16UTC cost=0.36bps,15,39,0.385,-2.36,168,0.9459354892969714,11,20,-0.74,69,0.507,False
実測コスト格子,NZDUSD,TueS 04-08UTC cost=2.50bps,15,39,0.385,-1.93,170,0.9459354892969714,8,20,-2.28,69,0.464,False
実測コスト格子,EURUSD,WedS 16-00UTC cost=0.39bps,15,39,0.385,-4.98,168,0.9459354892969714,12,20,2.28,69,0.362,False
実測コスト格子,NZDUSD,Tue 20-00UTC cost=2.54bps,15,39,0.385,-2.42,169,0.9459354892969714,9,20,-1.04,69,0.362,False
実測コスト格子,GBPUSD,Thu 20-00UTC cost=0.84bps,15,39,0.385,-0.3,169,0.9459354892969714,9,20,0.06,69,0.377,False
実測コスト格子,GBPUSD,Tue 08-12UTC cost=0.77bps,15,39,0.385,-2.35,170,0.9459354892969714,9,20,-1.72,69,0.42,False
実測コスト格子,USDCHF,Thu 16-20UTC cost=1.50bps,15,39,0.385,-1.24,169,0.9459354892969714,7,20,-3.92,69,0.478,False
実測コスト格子,GBPJPY,WedS 04-08UTC cost=1.35bps,15,39,0.385,-0.61,168,0.9459354892969714,8,20,-0.49,69,0.42,False
実測コスト格子,EURUSD,Thu 08-16UTC cost=0.36bps,15,39,0.385,-3.48,169,0.9459354892969714,7,20,-1.56,69,0.464,False
実測コスト格子,GBPUSD,Wed 00-04UTC cost=0.87bps,15,39,0.385,-1.97,169,0.9459354892969714,6,20,-1.37,69,0.406,False
実測コスト格子,GBPUSD,Mon 00-04UTC cost=0.87bps,15,39,0.385,-3.22,169,0.9459354892969714,10,20,1.96,69,0.536,False
実測コスト格子,GBPUSD,Mon 12-16UTC cost=0.75bps,15,39,0.385,-2.51,168,0.9459354892969714,11,20,1.58,69,0.565,False
実測コスト格子,GBPUSD,WedS 08-16UTC cost=0.77bps,15,39,0.385,-2.33,168,0.9459354892969714,9,20,-1.25,69,0.391,False
実測コスト格子,US500,ThuS 04-08UTC cost=1.41bps,15,39,0.385,-1.37,169,0.9459354892969714,8,20,-1.01,43,0.395,False
実測コスト格子,EURUSD,ThuS 00-04UTC cost=0.41bps,15,39,0.385,-0.58,169,0.9459354892969714,10,20,-0.31,69,0.348,False
実測コスト格子,US500,TueS 16-20UTC cost=1.26bps,15,39,0.385,-3.63,168,0.9459354892969714,7,20,-7.66,67,0.448,False
実測コスト格子,US500,TueS 20-00UTC cost=1.33bps,15,39,0.385,-3.6,167,0.9459354892969714,4,20,-7.24,44,0.432,False
実測コスト格子,NAS100,MonS 04-08UTC cost=2.37bps,11,31,0.355,-3.14,136,0.9646222270093858,3,13,-9.5,42,0.333,False
実測コスト格子,NAS100,Wed 04-08UTC cost=2.37bps,11,31,0.355,-3.35,136,0.9646222270093858,8,13,5.82,42,0.524,False
実測コスト格子,NAS100,Fri 00-08UTC cost=2.33bps,11,31,0.355,-2.37,136,0.9646222270093858,7,13,-0.85,43,0.465,False
実測コスト格子,NAS100,FriS 16-20UTC cost=0.96bps,11,31,0.355,-9.03,136,0.9646222270093858,6,13,1.77,42,0.524,False
実測コスト格子,NAS100,Fri 20-00UTC cost=1.53bps,11,31,0.355,-2.65,134,0.9646222270093858,5,13,-2.15,42,0.333,False
実測コスト格子,NAS100,Thu 16-00UTC cost=1.53bps,11,31,0.355,-7.67,134,0.9646222270093858,7,13,-7.95,42,0.452,False
実測コスト格子,NAS100,ThuS 04-08UTC cost=2.37bps,11,31,0.355,-3.55,135,0.9646222270093858,4,13,-4.46,42,0.429,False
実測コスト格子,NAS100,Tue 00-04UTC cost=2.37bps,11,31,0.355,-5.34,135,0.9646222270093858,6,13,-3.67,42,0.214,False
実測コスト格子,NAS100,TueS 08-12UTC cost=2.34bps,11,31,0.355,-6.56,135,0.9646222270093858,6,13,-2.09,42,0.381,False
実測コスト格子,EURGBP,ThuS 16-20UTC cost=1.30bps,14,39,0.359,-1.87,169,0.9733740429510362,3,12,-1.93,69,0.333,False
実測コスト格子,US500,Tue 00-08UTC cost=1.41bps,14,39,0.359,-3.05,169,0.9733740429510362,6,20,-6.16,43,0.558,False
実測コスト格子,GBPUSD,Tue 00-04UTC cost=0.87bps,14,39,0.359,-0.42,170,0.9733740429510362,6,20,-1.8,69,0.551,False
実測コスト格子,EURGBP,WedS 00-08UTC cost=1.43bps,14,39,0.359,-2.32,168,0.9733740429510362,3,12,-5.06,69,0.42,False
実測コスト格子,NZDUSD,TueS 16-20UTC cost=2.49bps,14,39,0.359,-3.86,170,0.9733740429510362,9,20,-2.77,69,0.42,False
実測コスト格子,GBPUSD,Thu 08-12UTC cost=0.77bps,14,39,0.359,-1.94,169,0.9733740429510362,9,20,-2.1,69,0.536,False
実測コスト格子,EURGBP,Thu 12-16UTC cost=1.27bps,14,39,0.359,-1.48,169,0.9733740429510362,4,12,-1.06,69,0.522,False
実測コスト格子,EURUSD,WedS 16-20UTC cost=0.33bps,14,39,0.359,-3.96,168,0.9733740429510362,13,20,4.71,69,0.406,False
実測コスト格子,NZDUSD,MonS 16-00UTC cost=2.50bps,14,39,0.359,-3.78,168,0.9733740429510362,8,20,-4.38,69,0.493,False
実測コスト格子,GBPJPY,Thu 12-16UTC cost=1.26bps,14,39,0.359,-2.03,169,0.9733740429510362,11,20,-3.27,69,0.493,False
実測コスト格子,GBPJPY,WedS 16-20UTC cost=1.30bps,14,39,0.359,-4.47,168,0.9733740429510362,9,20,-4.63,69,0.406,False
実測コスト格子,GBPJPY,FriS 16-20UTC cost=1.30bps,14,39,0.359,-1.7,170,0.9733740429510362,5,20,-2.88,69,0.478,False
実測コスト格子,GBPUSD,MonS 16-20UTC cost=0.78bps,14,39,0.359,-1.36,168,0.9733740429510362,6,20,-2.55,69,0.362,False
実測コスト格子,EURUSD,Wed 08-12UTC cost=0.39bps,14,39,0.359,-1.32,168,0.9733740429510362,8,20,-2.65,69,0.333,False
実測コスト格子,NZDUSD,Wed 00-04UTC cost=2.56bps,14,39,0.359,-5.78,169,0.9733740429510362,9,20,-1.6,69,0.42,False
実測コスト格子,NZDUSD,Tue 00-08UTC cost=2.50bps,14,39,0.359,-3.91,170,0.9733740429510362,8,20,-5.19,69,0.391,False
実測コスト格子,GBPJPY,ThuS 16-20UTC cost=1.30bps,14,39,0.359,-1.98,169,0.9733740429510362,9,20,-2.46,69,0.435,False
実測コスト格子,EURJPY,MonS 08-12UTC cost=0.83bps,14,39,0.359,-4.78,168,0.9733740429510362,8,20,-1.28,69,0.449,False
実測コスト格子,AUDUSD,Wed 04-08UTC cost=2.06bps,14,39,0.359,-1.36,168,0.9733740429510362,9,20,1.88,69,0.348,False
実測コスト格子,AUDUSD,Tue 04-08UTC cost=2.06bps,14,39,0.359,-3.71,170,0.9733740429510362,9,20,-2.43,69,0.42,False
実測コスト格子,USDCHF,ThuS 20-00UTC cost=1.60bps,14,39,0.359,-0.19,169,0.9733740429510362,9,20,1.04,69,0.348,False
実測コスト格子,EURAUD,Thu 20-00UTC cost=2.21bps,14,39,0.359,-1.2,169,0.9733740429510362,6,12,0.9,69,0.348,False
実測コスト格子,AUDUSD,Mon 16-00UTC cost=2.11bps,14,39,0.359,-1.96,168,0.9733740429510362,8,20,0.04,69,0.304,False
実測コスト格子,CADJPY,MonS 12-16UTC cost=1.50bps,14,39,0.359,-6.71,168,0.9733740429510362,4,12,-4.43,69,0.493,False
実測コスト格子,EURAUD,Fri 00-08UTC cost=2.28bps,14,39,0.359,-3.47,170,0.9733740429510362,8,12,4.13,70,0.471,False
実測コスト格子,GER40,Thu 16-00UTC cost=3.17bps,14,39,0.359,-3.37,165,0.9733740429510362,8,20,-3.83,42,0.5,False
実測コスト格子,CADJPY,Mon 00-04UTC cost=1.78bps,14,39,0.359,-3.44,169,0.9733740429510362,2,12,-7.48,69,0.435,False
実測コスト格子,EURGBP,FriS 04-08UTC cost=1.40bps,14,39,0.359,-1.55,170,0.9733740429510362,0,12,-7.23,69,0.406,False
実測コスト格子,XAUUSD,FriS 16-00UTC cost=2.52bps,14,39,0.359,-4.95,170,0.9733740429510362,5,12,1.28,9,0.556,False
実測コスト格子,EURJPY,MonS 04-08UTC cost=0.87bps,14,39,0.359,-2.95,168,0.9733740429510362,6,20,-3.85,69,0.42,False
実測コスト格子,USDCHF,Tue 16-00UTC cost=1.57bps,14,39,0.359,-2.65,169,0.9733740429510362,7,20,-3.88,69,0.319,False
実測コスト格子,CHFJPY,Thu 08-12UTC cost=1.71bps,14,39,0.359,-5.2,169,0.9733740429510362,4,12,-0.54,69,0.435,False
実測コスト格子,AUDUSD,WedS 04-08UTC cost=2.06bps,14,39,0.359,-2.75,168,0.9733740429510362,3,20,-5.99,69,0.406,False
実測コスト格子,GBPAUD,FriS 08-12UTC cost=2.83bps,14,39,0.359,-4.03,170,0.9733740429510362,4,12,-7.16,69,0.435,False
実測コスト格子,EURAUD,FriS 08-12UTC cost=2.13bps,14,39,0.359,-2.91,170,0.9733740429510362,4,12,-6.65,69,0.42,False
実測コスト格子,GBPAUD,Mon 00-08UTC cost=3.04bps,14,39,0.359,-4.03,168,0.9733740429510362,2,12,-5.4,69,0.348,False
実測コスト格子,USDJPY,TueS 08-12UTC cost=0.45bps,14,39,0.359,-2.56,170,0.9733740429510362,8,20,-0.48,69,0.493,False
実測コスト格子,NZDUSD,WedS 16-20UTC cost=2.49bps,14,39,0.359,-4.28,168,0.9733740429510362,8,20,-2.54,69,0.377,False
実測コスト格子,GER40,FriS 00-04UTC cost=3.75bps,14,39,0.359,-1.42,166,0.9733740429510362,10,20,-2.64,43,0.465,False
実測コスト格子,EURAUD,Tue 20-00UTC cost=2.21bps,14,39,0.359,-2.14,169,0.9733740429510362,0,12,-5.39,69,0.319,False
実測コスト格子,EURUSD,TueS 16-00UTC cost=0.39bps,14,39,0.359,-1.47,169,0.9733740429510362,8,20,-3.2,69,0.406,False
実測コスト格子,NZDJPY,Thu 12-16UTC cost=1.53bps,14,39,0.359,-2.78,167,0.9733740429510362,5,12,-0.1,69,0.377,False
実測コスト格子,NZDUSD,Fri 04-08UTC cost=2.50bps,14,39,0.359,-4.1,170,0.9733740429510362,6,20,-5.27,69,0.362,False
実測コスト格子,NZDJPY,Thu 08-12UTC cost=1.54bps,14,39,0.359,-6.01,169,0.9733740429510362,4,12,-2.05,69,0.42,False
実測コスト格子,CADJPY,Thu 08-12UTC cost=1.57bps,14,39,0.359,-5.35,169,0.9733740429510362,5,12,-4.47,69,0.507,False
実測コスト格子,EURJPY,MonS 20-00UTC cost=0.86bps,14,39,0.359,-2.1,168,0.9733740429510362,7,20,-1.06,69,0.377,False
実測コスト格子,GER40,Wed 16-20UTC cost=3.00bps,14,39,0.359,-4.11,167,0.9733740429510362,12,20,8.99,63,0.429,False
実測コスト格子,GER40,Wed 20-00UTC cost=4.50bps,14,39,0.359,-3.74,167,0.9733740429510362,8,20,-4.92,41,0.293,False
実測コスト格子,USDCHF,MonS 00-04UTC cost=1.68bps,14,39,0.359,-1.4,168,0.9733740429510362,11,20,0.94,69,0.29,False
実測コスト格子,CADJPY,FriS 04-08UTC cost=1.67bps,14,39,0.359,-2.87,170,0.9733740429510362,5,12,-4.66,69,0.348,False
実測コスト格子,CADJPY,FriS 16-20UTC cost=1.50bps,14,39,0.359,-0.65,170,0.9733740429510362,4,12,-2.25,69,0.406,False
実測コスト格子,CADJPY,Tue 20-00UTC cost=1.67bps,14,39,0.359,-1.45,169,0.9733740429510362,7,12,2.52,69,0.348,False
実測コスト格子,USDCHF,MonS 20-00UTC cost=1.60bps,14,39,0.359,-0.77,168,0.9733740429510362,8,20,-2.05,69,0.275,False
実測コスト格子,EURJPY,ThuS 20-00UTC cost=0.86bps,14,39,0.359,-1.76,169,0.9733740429510362,8,20,-1.88,69,0.362,False
実測コスト格子,NZDJPY,TueS 20-00UTC cost=1.80bps,14,39,0.359,-3.27,169,0.9733740429510362,2,12,-7.48,69,0.391,False
実測コスト格子,CADJPY,ThuS 04-08UTC cost=1.67bps,14,39,0.359,-2.9,169,0.9733740429510362,3,12,-4.29,69,0.391,False
実測コスト格子,NZDJPY,Mon 16-20UTC cost=1.64bps,14,39,0.359,-1.3,168,0.9733740429510362,7,12,2.13,69,0.377,False
実測コスト格子,EURAUD,MonS 08-12UTC cost=2.13bps,14,39,0.359,-2.43,168,0.9733740429510362,4,12,-2.84,69,0.362,False
実測コスト格子,GBPAUD,MonS 08-16UTC cost=2.86bps,14,39,0.359,-2.9,168,0.9733740429510362,4,12,-6.52,69,0.493,False
実測コスト格子,GBPAUD,TueS 04-08UTC cost=2.90bps,14,39,0.359,-5.43,170,0.9733740429510362,6,12,-1.96,69,0.406,False
実測コスト格子,GBPAUD,MonS 08-12UTC cost=2.83bps,14,39,0.359,-4.32,168,0.9733740429510362,3,12,-5.54,69,0.449,False
実測コスト格子,USDJPY,WedS 04-08UTC cost=0.49bps,14,39,0.359,-1.0,168,0.9733740429510362,13,20,1.58,69,0.493,False
実測コスト格子,EURGBP,Thu 00-08UTC cost=1.43bps,14,39,0.359,-1.33,169,0.9733740429510362,5,12,0.3,69,0.522,False
実測コスト格子,EURGBP,Fri 00-04UTC cost=1.43bps,14,39,0.359,-0.74,170,0.9733740429510362,6,12,-0.44,70,0.471,False
実測コスト格子,AUDJPY,Wed 08-12UTC cost=1.01bps,14,39,0.359,-2.59,168,0.9733740429510362,8,20,-1.62,69,0.493,False
実測コスト格子,AUDJPY,WedS 04-08UTC cost=1.02bps,14,39,0.359,-2.18,168,0.9733740429510362,8,20,-2.88,69,0.478,False
実測コスト格子,NZDUSD,ThuS 00-08UTC cost=2.50bps,14,39,0.359,-7.42,169,0.9733740429510362,11,20,0.87,69,0.507,False
実測コスト格子,NZDUSD,Thu 16-20UTC cost=2.49bps,14,39,0.359,-3.0,169,0.9733740429510362,8,20,-2.87,69,0.348,False
実測コスト格子,USDCHF,Fri 16-20UTC cost=1.50bps,14,39,0.359,-1.75,170,0.9733740429510362,11,20,1.73,69,0.333,False
実測コスト格子,NZDUSD,Thu 08-16UTC cost=2.44bps,14,39,0.359,-5.23,169,0.9733740429510362,9,20,-0.78,69,0.435,False
実測コスト格子,EURJPY,TueS 20-00UTC cost=0.86bps,14,39,0.359,-1.84,169,0.9733740429510362,4,20,-3.2,69,0.362,False
実測コスト格子,GER40,MonS 12-16UTC cost=1.22bps,14,39,0.359,-4.65,166,0.9733740429510362,7,20,-6.01,69,0.551,False
実測コスト格子,AUDUSD,ThuS 00-08UTC cost=2.08bps,14,39,0.359,-8.21,169,0.9733740429510362,11,20,0.5,69,0.435,False
実測コスト格子,AUDUSD,Thu 20-00UTC cost=2.13bps,14,39,0.359,-2.44,169,0.9733740429510362,9,20,-2.26,69,0.319,False
実測コスト格子,NZDUSD,WedS 04-08UTC cost=2.50bps,14,39,0.359,-3.59,168,0.9733740429510362,7,20,-5.42,69,0.42,False
実測コスト格子,XAUUSD,TueS 16-00UTC cost=2.52bps,14,39,0.359,-3.96,170,0.9733740429510362,2,12,-12.32,9,0.444,False
実測コスト格子,CHFJPY,ThuS 16-00UTC cost=1.94bps,14,39,0.359,-3.81,169,0.9733740429510362,2,12,-5.55,69,0.275,False
実測コスト格子,EURGBP,Wed 08-12UTC cost=1.33bps,14,39,0.359,-1.24,167,0.9733740429510362,6,12,-1.1,69,0.319,False
実測コスト格子,GBPUSD,Tue 20-00UTC cost=0.84bps,14,39,0.359,-0.58,169,0.9733740429510362,8,20,0.47,69,0.377,False
実測コスト格子,EURGBP,Mon 04-08UTC cost=1.40bps,14,39,0.359,-2.63,168,0.9733740429510362,4,12,-4.2,69,0.507,False
実測コスト格子,CHFJPY,Tue 20-00UTC cost=1.97bps,14,39,0.359,-1.36,169,0.9733740429510362,5,12,-0.34,69,0.319,False
実測コスト格子,CHFJPY,TueS 00-08UTC cost=1.97bps,14,39,0.359,-2.61,170,0.9733740429510362,6,12,-1.09,69,0.406,False
実測コスト格子,EURJPY,Tue 08-16UTC cost=0.80bps,14,39,0.359,-4.1,170,0.9733740429510362,11,20,2.82,69,0.348,False
実測コスト格子,CHFJPY,ThuS 00-04UTC cost=2.07bps,14,39,0.359,-1.91,169,0.9733740429510362,7,12,0.81,69,0.493,False
実測コスト格子,GER40,Wed 00-08UTC cost=2.91bps,14,39,0.359,-5.2,168,0.9733740429510362,13,20,4.18,42,0.595,False
実測コスト格子,NZDJPY,WedS 04-08UTC cost=1.65bps,14,39,0.359,-3.21,168,0.9733740429510362,2,12,-4.19,69,0.449,False
実測コスト格子,NZDJPY,Wed 16-00UTC cost=1.64bps,14,39,0.359,-7.36,168,0.9733740429510362,3,12,-1.8,69,0.522,False
実測コスト格子,XAUUSD,ThuS 00-04UTC cost=2.54bps,14,39,0.359,-2.45,169,0.9733740429510362,6,12,0.1,9,0.556,False
実測コスト格子,GER40,Wed 04-08UTC cost=1.81bps,14,39,0.359,-3.39,168,0.9733740429510362,11,20,3.08,42,0.548,False
実測コスト格子,NZDUSD,MonS 04-08UTC cost=2.50bps,14,39,0.359,-3.95,168,0.9733740429510362,6,20,-3.54,69,0.406,False
実測コスト格子,US500,MonS 04-08UTC cost=1.41bps,14,39,0.359,-2.67,166,0.9733740429510362,4,20,-6.0,42,0.476,False
実測コスト格子,USDCHF,Mon 16-00UTC cost=1.57bps,14,39,0.359,-1.96,168,0.9733740429510362,11,20,-1.73,69,0.435,False
実測コスト格子,NZDUSD,MonS 00-04UTC cost=2.56bps,14,39,0.359,-2.49,168,0.9733740429510362,7,20,-7.88,69,0.203,False
実測コスト格子,GBPAUD,Tue 08-12UTC cost=2.83bps,14,39,0.359,-1.53,170,0.9733740429510362,5,12,-4.98,69,0.362,False
実測コスト格子,CHFJPY,MonS 00-08UTC cost=1.97bps,14,39,0.359,-4.39,168,0.9733740429510362,6,12,0.56,69,0.42,False
実測コスト格子,XAUUSD,WedS 16-20UTC cost=2.31bps,14,39,0.359,-2.67,169,0.9733740429510362,3,12,-6.28,9,0.444,False
実測コスト格子,US500,FriS 00-08UTC cost=1.41bps,14,39,0.359,-2.01,167,0.9733740429510362,11,20,0.03,45,0.422,False
実測コスト格子,US500,FriS 08-16UTC cost=1.32bps,14,39,0.359,-0.44,166,0.9733740429510362,9,20,1.42,69,0.362,False
実測コスト格子,XAUUSD,Wed 00-04UTC cost=2.54bps,14,39,0.359,-2.59,169,0.9733740429510362,6,12,2.31,9,0.556,False
実測コスト格子,EURGBP,Mon 08-16UTC cost=1.33bps,14,39,0.359,-1.63,168,0.9733740429510362,3,12,-4.5,69,0.406,False
実測コスト格子,US500,ThuS 00-08UTC cost=1.41bps,14,39,0.359,-2.29,169,0.9733740429510362,8,20,-2.69,43,0.512,False
実測コスト格子,GBPJPY,Mon 00-04UTC cost=1.50bps,14,39,0.359,-4.29,169,0.9733740429510362,6,20,-4.55,69,0.406,False
実測コスト格子,EURGBP,MonS 16-20UTC cost=1.30bps,14,39,0.359,-0.26,168,0.9733740429510362,6,12,-0.46,69,0.42,False
実測コスト格子,US500,ThuS 20-00UTC cost=1.33bps,14,39,0.359,-0.22,161,0.9733740429510362,6,20,-5.44,44,0.318,False
実測コスト格子,NAS100,MonS 16-20UTC cost=0.96bps,10,31,0.323,-5.51,136,0.9852753132581711,3,13,-15.97,42,0.31,False
実測コスト格子,AUDUSD,TueS 16-20UTC cost=2.08bps,13,39,0.333,-3.36,170,0.9881486487647635,7,20,-3.82,69,0.362,False
実測コスト格子,CADJPY,TueS 04-08UTC cost=1.67bps,13,39,0.333,-0.44,170,0.9881486487647635,8,12,1.6,69,0.435,False
実測コスト格子,GER40,ThuS 00-08UTC cost=2.91bps,13,39,0.333,-3.76,169,0.9881486487647635,8,20,-1.25,42,0.476,False
実測コスト格子,GER40,WedS 20-00UTC cost=4.50bps,13,39,0.333,-5.26,167,0.9881486487647635,3,20,-4.08,41,0.415,False
実測コスト格子,GER40,WedS 08-16UTC cost=1.23bps,13,39,0.333,-9.94,168,0.9881486487647635,10,20,-2.42,69,0.435,False
実測コスト格子,EURGBP,Wed 00-04UTC cost=1.43bps,13,39,0.333,-1.4,169,0.9881486487647635,7,12,0.87,69,0.478,False
実測コスト格子,CADJPY,TueS 00-04UTC cost=1.78bps,13,39,0.333,-2.01,170,0.9881486487647635,5,12,-0.92,69,0.333,False
実測コスト格子,NZDUSD,Mon 16-00UTC cost=2.50bps,13,39,0.333,-1.23,168,0.9881486487647635,7,20,-0.63,69,0.319,False
実測コスト格子,GBPJPY,TueS 20-00UTC cost=1.46bps,13,39,0.333,-1.69,169,0.9881486487647635,5,20,-3.85,69,0.377,False
実測コスト格子,EURUSD,Wed 00-08UTC cost=0.42bps,13,39,0.333,-2.08,168,0.9881486487647635,11,20,1.33,69,0.333,False
実測コスト格子,EURUSD,ThuS 20-00UTC cost=0.39bps,13,39,0.333,-1.15,169,0.9881486487647635,7,20,-3.15,69,0.536,False
実測コスト格子,US500,WedS 00-04UTC cost=1.41bps,13,39,0.333,-3.03,168,0.9881486487647635,6,20,-1.3,44,0.318,False
実測コスト格子,US500,Tue 00-04UTC cost=1.41bps,13,39,0.333,-3.77,169,0.9881486487647635,6,20,-4.17,43,0.535,False
実測コスト格子,GBPUSD,ThuS 20-00UTC cost=0.84bps,13,39,0.333,-1.38,169,0.9881486487647635,8,20,-1.74,69,0.406,False
実測コスト格子,GBPUSD,MonS 16-00UTC cost=0.83bps,13,39,0.333,-3.5,168,0.9881486487647635,7,20,-2.76,69,0.464,False
実測コスト格子,XAUUSD,TueS 04-08UTC cost=2.43bps,13,39,0.333,-3.47,170,0.9881486487647635,6,12,7.44,9,0.444,False
実測コスト格子,EURUSD,WedS 20-00UTC cost=0.39bps,13,39,0.333,-1.35,168,0.9881486487647635,4,20,-2.78,69,0.333,False
実測コスト格子,NZDUSD,TueS 16-00UTC cost=2.50bps,13,39,0.333,-4.1,169,0.9881486487647635,8,20,-4.29,69,0.333,False
実測コスト格子,XAUUSD,FriS 04-08UTC cost=2.43bps,13,39,0.333,-4.26,170,0.9881486487647635,7,12,-1.67,9,0.222,False
実測コスト格子,AUDUSD,Tue 00-08UTC cost=2.08bps,13,39,0.333,-4.63,170,0.9881486487647635,6,20,-4.56,69,0.464,False
実測コスト格子,USDCHF,Wed 16-00UTC cost=1.57bps,13,39,0.333,-6.07,168,0.9881486487647635,9,20,1.15,69,0.377,False
実測コスト格子,USDCHF,WedS 00-08UTC cost=1.59bps,13,39,0.333,-3.18,168,0.9881486487647635,7,20,0.31,69,0.232,False
実測コスト格子,USDCHF,Wed 08-16UTC cost=1.48bps,13,39,0.333,-6.0,168,0.9881486487647635,11,20,0.32,69,0.522,False
実測コスト格子,GBPAUD,TueS 08-12UTC cost=2.83bps,13,39,0.333,-4.14,170,0.9881486487647635,7,12,-0.69,69,0.464,False
実測コスト格子,GBPAUD,TueS 12-16UTC cost=2.81bps,13,39,0.333,-4.53,170,0.9881486487647635,4,12,-4.63,69,0.348,False
実測コスト格子,XAUUSD,Mon 12-16UTC cost=2.34bps,13,39,0.333,-9.66,170,0.9881486487647635,6,12,-4.38,9,0.667,False
実測コスト格子,USDCHF,Wed 12-16UTC cost=1.47bps,13,39,0.333,-6.63,168,0.9881486487647635,8,20,-3.36,69,0.377,False
実測コスト格子,XAUUSD,Mon 00-08UTC cost=2.46bps,13,39,0.333,-10.02,170,0.9881486487647635,8,12,17.96,9,0.778,False
実測コスト格子,EURUSD,Tue 08-16UTC cost=0.36bps,13,39,0.333,-6.6,170,0.9881486487647635,13,20,3.17,69,0.435,False
実測コスト格子,NZDUSD,ThuS 00-04UTC cost=2.56bps,13,39,0.333,-6.72,169,0.9881486487647635,10,20,-3.37,69,0.464,False
実測コスト格子,NZDUSD,Mon 20-00UTC cost=2.54bps,13,39,0.333,-1.63,168,0.9881486487647635,7,20,-2.58,69,0.464,False
実測コスト格子,AUDUSD,Fri 16-20UTC cost=2.08bps,13,39,0.333,-3.1,170,0.9881486487647635,5,20,-3.83,69,0.464,False
実測コスト格子,AUDUSD,Fri 04-08UTC cost=2.06bps,13,39,0.333,-3.02,170,0.9881486487647635,8,20,-3.97,69,0.406,False
実測コスト格子,AUDUSD,ThuS 20-00UTC cost=2.13bps,13,39,0.333,-1.82,169,0.9881486487647635,7,20,-2.0,69,0.348,False
実測コスト格子,GER40,MonS 16-20UTC cost=3.00bps,13,39,0.333,-2.26,163,0.9881486487647635,5,20,-10.61,65,0.369,False
実測コスト格子,AUDUSD,Thu 08-16UTC cost=2.07bps,13,39,0.333,-5.86,169,0.9881486487647635,10,20,-2.79,69,0.377,False
実測コスト格子,AUDJPY,TueS 16-00UTC cost=1.05bps,13,39,0.333,-4.93,169,0.9881486487647635,4,20,-10.3,69,0.406,False
実測コスト格子,EURJPY,MonS 16-20UTC cost=0.77bps,13,39,0.333,-1.69,168,0.9881486487647635,4,20,-3.95,69,0.348,False
実測コスト格子,CHFJPY,MonS 08-16UTC cost=1.72bps,13,39,0.333,-8.37,168,0.9881486487647635,5,12,-4.44,69,0.435,False
実測コスト格子,NZDJPY,MonS 08-16UTC cost=1.56bps,13,39,0.333,-6.32,168,0.9881486487647635,3,12,-5.25,69,0.42,False
実測コスト格子,NZDJPY,TueS 16-20UTC cost=1.64bps,13,39,0.333,-3.49,170,0.9881486487647635,5,12,-1.39,69,0.464,False
実測コスト格子,EURAUD,Mon 04-08UTC cost=2.15bps,13,39,0.333,-2.9,168,0.9881486487647635,4,12,-6.3,69,0.377,False
実測コスト格子,GBPUSD,Fri 04-08UTC cost=0.81bps,13,39,0.333,-3.21,170,0.9881486487647635,8,20,-2.88,69,0.391,False
実測コスト格子,CADJPY,WedS 00-08UTC cost=1.72bps,13,39,0.333,-5.99,168,0.9881486487647635,4,12,-1.64,69,0.464,False
実測コスト格子,GBPAUD,Mon 12-16UTC cost=2.81bps,13,39,0.333,-4.25,168,0.9881486487647635,5,12,-1.85,69,0.406,False
実測コスト格子,GBPAUD,Mon 20-00UTC cost=3.09bps,13,39,0.333,-1.88,168,0.9881486487647635,2,12,-2.62,69,0.319,False
実測コスト格子,USDJPY,FriS 16-20UTC cost=0.45bps,13,39,0.333,-0.12,170,0.9881486487647635,4,20,-3.03,69,0.565,False
実測コスト格子,NZDUSD,Fri 00-08UTC cost=2.50bps,13,39,0.333,-3.63,170,0.9881486487647635,5,20,-5.72,70,0.457,False
実測コスト格子,GBPAUD,Thu 16-00UTC cost=3.01bps,13,39,0.333,-2.2,167,0.9881486487647635,5,12,-2.24,69,0.362,False
実測コスト格子,GBPAUD,Fri 00-04UTC cost=3.09bps,13,39,0.333,-3.62,170,0.9881486487647635,4,12,-3.0,70,0.386,False
実測コスト格子,USDJPY,TueS 16-20UTC cost=0.45bps,13,39,0.333,-2.36,170,0.9881486487647635,6,20,-2.24,69,0.42,False
実測コスト格子,CADJPY,MonS 20-00UTC cost=1.67bps,13,39,0.333,-1.59,168,0.9881486487647635,7,12,0.09,69,0.42,False
実測コスト格子,USDCHF,TueS 00-04UTC cost=1.68bps,13,39,0.333,-1.49,170,0.9881486487647635,7,20,-2.41,69,0.348,False
実測コスト格子,USDCHF,FriS 04-08UTC cost=1.56bps,13,39,0.333,-2.22,170,0.9881486487647635,13,20,-0.44,69,0.377,False
実測コスト格子,USDCHF,TueS 00-08UTC cost=1.59bps,13,39,0.333,-1.11,170,0.9881486487647635,7,20,-2.57,69,0.478,False
実測コスト格子,EURGBP,WedS 16-20UTC cost=1.30bps,13,39,0.333,-1.55,168,0.9881486487647635,5,12,3.18,69,0.348,False
実測コスト格子,GER40,WedS 00-04UTC cost=3.75bps,13,39,0.333,-3.04,168,0.9881486487647635,6,20,-5.97,42,0.31,False
実測コスト格子,XAUUSD,ThuS 08-12UTC cost=2.34bps,13,39,0.333,-7.15,169,0.9881486487647635,4,12,-11.66,9,0.667,False
実測コスト格子,XAUUSD,WedS 16-00UTC cost=2.52bps,13,39,0.333,-7.46,169,0.9881486487647635,3,12,-13.37,9,0.333,False
実測コスト格子,CHFJPY,WedS 16-00UTC cost=1.94bps,13,39,0.333,-1.07,168,0.9881486487647635,8,12,5.07,69,0.29,False
実測コスト格子,CHFJPY,Wed 08-12UTC cost=1.71bps,13,39,0.333,-2.51,167,0.9881486487647635,6,12,-3.2,69,0.362,False
実測コスト格子,XAUUSD,Mon 00-04UTC cost=2.54bps,13,39,0.333,-5.34,170,0.9881486487647635,7,12,10.3,9,0.667,False
実測コスト格子,AUDJPY,MonS 08-12UTC cost=1.01bps,13,39,0.333,-4.64,168,0.9881486487647635,7,20,-3.82,69,0.406,False
実測コスト格子,EURAUD,Mon 20-00UTC cost=2.21bps,13,39,0.333,-1.75,168,0.9881486487647635,4,12,-1.23,69,0.319,False
実測コスト格子,EURJPY,Thu 00-08UTC cost=0.92bps,13,39,0.333,-2.44,169,0.9881486487647635,13,20,0.54,69,0.478,False
実測コスト格子,CHFJPY,TueS 04-08UTC cost=1.83bps,13,39,0.333,-2.13,170,0.9881486487647635,7,12,0.62,69,0.348,False
実測コスト格子,AUDJPY,MonS 12-16UTC cost=1.01bps,13,39,0.333,-6.47,168,0.9881486487647635,6,20,-3.32,69,0.478,False
実測コスト格子,NZDUSD,TueS 20-00UTC cost=2.54bps,13,39,0.333,-2.65,169,0.9881486487647635,7,20,-4.03,69,0.304,False
実測コスト格子,GBPJPY,MonS 04-08UTC cost=1.35bps,13,39,0.333,-4.82,168,0.9881486487647635,5,20,-5.52,69,0.406,False
実測コスト格子,GBPJPY,MonS 08-12UTC cost=1.27bps,13,39,0.333,-6.31,168,0.9881486487647635,5,20,-5.62,69,0.406,False
実測コスト格子,EURGBP,TueS 16-20UTC cost=1.30bps,13,39,0.333,-3.03,170,0.9881486487647635,7,12,-0.59,69,0.522,False
実測コスト格子,US500,ThuS 00-04UTC cost=1.41bps,13,39,0.333,-2.33,169,0.9881486487647635,6,20,-3.08,43,0.488,False
実測コスト格子,GBPJPY,MonS 12-16UTC cost=1.26bps,13,39,0.333,-5.11,168,0.9881486487647635,7,20,-4.9,69,0.449,False
実測コスト格子,CHFJPY,Thu 08-16UTC cost=1.72bps,13,39,0.333,-6.05,169,0.9881486487647635,6,12,0.25,69,0.507,False
実測コスト格子,EURGBP,MonS 00-08UTC cost=1.43bps,13,39,0.333,-2.32,168,0.9881486487647635,7,12,1.07,69,0.435,False
実測コスト格子,EURGBP,Tue 08-16UTC cost=1.33bps,13,39,0.333,-6.05,170,0.9881486487647635,6,12,-0.82,69,0.406,False
実測コスト格子,GBPJPY,MonS 16-20UTC cost=1.30bps,13,39,0.333,-3.25,168,0.9881486487647635,3,20,-5.61,69,0.319,False
実測コスト格子,US500,FriS 04-08UTC cost=1.41bps,13,39,0.333,-2.79,167,0.9881486487647635,8,20,1.81,44,0.455,False
実測コスト格子,US500,FriS 12-16UTC cost=1.32bps,13,39,0.333,-2.55,166,0.9881486487647635,10,20,-1.0,69,0.362,False
実測コスト格子,XAUUSD,Wed 04-08UTC cost=2.43bps,13,39,0.333,-1.5,169,0.9881486487647635,9,12,11.19,9,0.333,False
実測コスト格子,CHFJPY,FriS 16-20UTC cost=1.77bps,13,39,0.333,-1.26,170,0.9881486487647635,5,12,-0.88,69,0.435,False
実測コスト格子,GER40,FriS 16-20UTC cost=3.00bps,12,38,0.316,-5.57,150,0.9930735173693392,6,16,-6.14,65,0.246,False
実測コスト格子,NAS100,MonS 12-16UTC cost=1.64bps,9,31,0.29,-7.33,136,0.9946630797348917,3,13,-16.92,42,0.405,False
実測コスト格子,NAS100,ThuS 00-04UTC cost=2.37bps,9,31,0.29,-2.82,135,0.9946630797348917,6,13,-0.35,42,0.214,False
実測コスト格子,EURGBP,WedS 00-04UTC cost=1.43bps,12,39,0.308,-1.45,169,0.9952623478602618,2,12,-3.72,69,0.261,False
実測コスト格子,XAUUSD,ThuS 16-00UTC cost=2.52bps,12,39,0.308,-7.78,169,0.9952623478602618,0,12,-20.99,9,0.556,False
実測コスト格子,XAUUSD,TueS 00-04UTC cost=2.54bps,12,39,0.308,-5.11,170,0.9952623478602618,1,12,-15.59,9,0.333,False
実測コスト格子,USDCHF,TueS 08-16UTC cost=1.48bps,12,39,0.308,-4.85,170,0.9952623478602618,11,20,0.41,69,0.406,False
実測コスト格子,EURGBP,ThuS 00-04UTC cost=1.43bps,12,39,0.308,-1.83,169,0.9952623478602618,3,12,-1.51,69,0.29,False
実測コスト格子,GBPAUD,ThuS 16-20UTC cost=2.88bps,12,39,0.308,-2.86,166,0.9952623478602618,4,12,-3.46,69,0.391,False
実測コスト格子,GBPAUD,ThuS 16-00UTC cost=3.01bps,12,39,0.308,-3.83,167,0.9952623478602618,3,12,-3.79,69,0.348,False
実測コスト格子,GBPAUD,Fri 00-08UTC cost=3.04bps,12,39,0.308,-4.93,170,0.9952623478602618,4,12,-3.37,70,0.314,False
実測コスト格子,USDCHF,TueS 12-16UTC cost=1.47bps,12,39,0.308,-1.96,170,0.9952623478602618,12,20,0.7,69,0.478,False
実測コスト格子,USDCHF,MonS 16-20UTC cost=1.50bps,12,39,0.308,-1.94,168,0.9952623478602618,8,20,-0.88,69,0.348,False
実測コスト格子,GBPAUD,TueS 00-08UTC cost=3.04bps,12,39,0.308,-7.03,170,0.9952623478602618,6,12,-3.19,69,0.536,False
実測コスト格子,XAUUSD,MonS 16-00UTC cost=2.52bps,12,39,0.308,-6.26,170,0.9952623478602618,3,12,-12.39,9,0.333,False
実測コスト格子,EURGBP,TueS 00-04UTC cost=1.43bps,12,39,0.308,-0.89,170,0.9952623478602618,3,12,-1.55,69,0.362,False
実測コスト格子,EURAUD,Tue 16-00UTC cost=2.16bps,12,39,0.308,-3.36,169,0.9952623478602618,3,12,-3.95,69,0.435,False
実測コスト格子,EURAUD,FriS 16-20UTC cost=2.01bps,12,39,0.308,-2.69,170,0.9952623478602618,6,12,2.04,69,0.42,False
実測コスト格子,EURAUD,TueS 20-00UTC cost=2.21bps,12,39,0.308,-2.27,169,0.9952623478602618,7,12,0.98,69,0.275,False
実測コスト格子,EURAUD,TueS 00-04UTC cost=2.27bps,12,39,0.308,-3.09,170,0.9952623478602618,5,12,-3.46,69,0.406,False
実測コスト格子,GBPUSD,MonS 20-00UTC cost=0.84bps,12,39,0.308,-2.94,168,0.9952623478602618,7,20,-1.0,69,0.319,False
実測コスト格子,EURAUD,WedS 16-20UTC cost=2.01bps,12,39,0.308,-5.24,168,0.9952623478602618,6,12,7.28,69,0.493,False
実測コスト格子,GER40,TueS 16-00UTC cost=3.17bps,12,39,0.308,-7.29,167,0.9952623478602618,5,20,-16.98,42,0.476,False
実測コスト格子,EURAUD,Mon 16-20UTC cost=2.01bps,12,39,0.308,-1.73,168,0.9952623478602618,2,12,-3.49,69,0.406,False
実測コスト格子,GBPAUD,Mon 04-08UTC cost=2.90bps,12,39,0.308,-2.24,168,0.9952623478602618,3,12,-4.25,69,0.348,False
実測コスト格子,USDJPY,Wed 20-00UTC cost=0.52bps,12,39,0.308,-5.57,168,0.9952623478602618,4,20,-7.42,69,0.435,False
実測コスト格子,CADJPY,Mon 20-00UTC cost=1.67bps,12,39,0.308,-1.74,168,0.9952623478602618,3,12,-3.42,69,0.304,False
実測コスト格子,AUDUSD,TueS 16-00UTC cost=2.11bps,12,39,0.308,-4.15,169,0.9952623478602618,7,20,-8.48,69,0.362,False
実測コスト格子,NZDJPY,Wed 20-00UTC cost=1.80bps,12,39,0.308,-5.9,168,0.9952623478602618,2,12,-7.58,69,0.464,False
実測コスト格子,NZDUSD,Fri 16-20UTC cost=2.49bps,12,39,0.308,-3.88,170,0.9952623478602618,5,20,-4.52,69,0.42,False
実測コスト格子,NZDJPY,Thu 08-16UTC cost=1.56bps,12,39,0.308,-7.45,167,0.9952623478602618,5,12,-0.65,69,0.391,False
実測コスト格子,XAUUSD,Mon 04-08UTC cost=2.43bps,12,39,0.308,-7.19,170,0.9952623478602618,7,12,5.11,9,0.556,False
実測コスト格子,CADJPY,MonS 08-16UTC cost=1.54bps,12,39,0.308,-10.74,168,0.9952623478602618,6,12,-2.78,69,0.522,False
実測コスト格子,GBPJPY,TueS 04-08UTC cost=1.35bps,12,39,0.308,-2.12,170,0.9952623478602618,9,20,1.03,69,0.536,False
実測コスト格子,GBPJPY,MonS 08-16UTC cost=1.29bps,12,39,0.308,-10.17,168,0.9952623478602618,4,20,-9.27,69,0.507,False
実測コスト格子,CHFJPY,MonS 16-00UTC cost=1.94bps,12,39,0.308,-3.36,168,0.9952623478602618,4,12,-3.48,69,0.362,False
実測コスト格子,CHFJPY,Thu 00-08UTC cost=1.97bps,12,39,0.308,-2.4,169,0.9952623478602618,8,12,0.73,69,0.493,False
実測コスト格子,CHFJPY,MonS 08-12UTC cost=1.71bps,12,39,0.308,-5.71,168,0.9952623478602618,5,12,-1.8,69,0.391,False
実測コスト格子,CHFJPY,TueS 00-04UTC cost=2.07bps,12,39,0.308,-2.4,170,0.9952623478602618,4,12,-3.65,69,0.319,False
実測コスト格子,EURJPY,WedS 16-20UTC cost=0.77bps,12,39,0.308,-4.19,168,0.9952623478602618,6,20,-1.53,69,0.304,False
実測コスト格子,CHFJPY,WedS 04-08UTC cost=1.83bps,12,39,0.308,-2.97,168,0.9952623478602618,3,12,-2.18,69,0.406,False
実測コスト格子,CHFJPY,TueS 16-00UTC cost=1.94bps,12,39,0.308,-4.69,169,0.9952623478602618,3,12,-7.92,69,0.377,False
実測コスト格子,CHFJPY,WedS 16-20UTC cost=1.77bps,12,39,0.308,-4.02,168,0.9952623478602618,5,12,-0.2,69,0.333,False
実測コスト格子,CHFJPY,TueS 20-00UTC cost=1.97bps,12,39,0.308,-2.57,169,0.9952623478602618,3,12,-3.59,69,0.319,False
実測コスト格子,EURJPY,WedS 00-04UTC cost=0.92bps,12,39,0.308,-5.03,169,0.9952623478602618,11,20,-0.11,69,0.493,False
実測コスト格子,US500,TueS 16-00UTC cost=1.32bps,12,39,0.308,-6.18,167,0.9952623478602618,5,20,-13.68,44,0.477,False
実測コスト格子,GBPJPY,MonS 20-00UTC cost=1.46bps,12,39,0.308,-3.45,168,0.9952623478602618,7,20,-1.02,69,0.319,False
実測コスト格子,GBPJPY,WedS 12-16UTC cost=1.26bps,12,39,0.308,-3.62,168,0.9952623478602618,9,20,-3.3,69,0.319,False
実測コスト格子,AUDUSD,TueS 20-00UTC cost=2.13bps,12,39,0.308,-2.85,169,0.9952623478602618,4,20,-6.75,69,0.333,False
実測コスト格子,EURJPY,MonS 16-00UTC cost=0.84bps,12,39,0.308,-3.01,168,0.9952623478602618,6,20,-4.26,69,0.435,False
実測コスト格子,EURJPY,TueS 16-00UTC cost=0.84bps,12,39,0.308,-3.81,169,0.9952623478602618,5,20,-6.5,69,0.377,False
実測コスト格子,EURGBP,Fri 16-20UTC cost=1.30bps,12,39,0.308,-2.19,170,0.9952623478602618,2,12,-5.52,69,0.42,False
実測コスト格子,EURJPY,WedS 00-08UTC cost=0.92bps,12,39,0.308,-5.13,168,0.9952623478602618,9,20,0.73,69,0.493,False
実測コスト格子,GBPAUD,Wed 04-08UTC cost=2.90bps,11,39,0.282,-4.78,168,0.9983110760440468,3,12,-7.71,69,0.348,False
実測コスト格子,GER40,Thu 20-00UTC cost=4.50bps,11,39,0.282,-4.61,165,0.9983110760440468,8,20,-2.66,41,0.317,False
実測コスト格子,GER40,MonS 16-00UTC cost=3.17bps,11,39,0.282,-5.74,166,0.9983110760440468,6,20,-10.93,42,0.31,False
実測コスト格子,GBPAUD,WedS 16-20UTC cost=2.88bps,11,39,0.282,-5.82,167,0.9983110760440468,6,12,2.1,69,0.449,False
実測コスト格子,EURGBP,Tue 12-16UTC cost=1.27bps,11,39,0.282,-5.04,170,0.9983110760440468,5,12,-1.04,69,0.377,False
実測コスト格子,USDCHF,Thu 00-04UTC cost=1.68bps,11,39,0.282,-2.46,169,0.9983110760440468,11,20,-0.83,69,0.333,False
実測コスト格子,GBPAUD,Fri 04-08UTC cost=2.90bps,11,39,0.282,-4.25,170,0.9983110760440468,5,12,-3.31,69,0.232,False
実測コスト格子,XAUUSD,ThuS 04-08UTC cost=2.43bps,11,39,0.282,-4.64,169,0.9983110760440468,7,12,3.62,9,0.111,False
実測コスト格子,EURGBP,Tue 20-00UTC cost=1.41bps,11,39,0.282,-1.12,169,0.9983110760440468,5,12,-1.48,69,0.348,False
実測コスト格子,EURGBP,TueS 16-00UTC cost=1.38bps,11,39,0.282,-3.33,169,0.9983110760440468,5,12,-0.59,69,0.435,False
実測コスト格子,EURGBP,MonS 00-04UTC cost=1.43bps,11,39,0.282,-3.71,169,0.9983110760440468,4,12,-1.73,69,0.391,False
実測コスト格子,NZDUSD,Wed 20-00UTC cost=2.54bps,11,39,0.282,-4.81,168,0.9983110760440468,7,20,-3.03,69,0.406,False
実測コスト格子,CADJPY,TueS 16-20UTC cost=1.50bps,11,39,0.282,-4.5,170,0.9983110760440468,5,12,-4.3,69,0.493,False
実測コスト格子,AUDUSD,Mon 20-00UTC cost=2.13bps,11,39,0.282,-1.16,168,0.9983110760440468,5,20,-2.46,69,0.29,False
実測コスト格子,NZDJPY,TueS 16-00UTC cost=1.64bps,11,39,0.282,-5.01,169,0.9983110760440468,3,12,-7.1,69,0.377,False
実測コスト格子,GBPAUD,TueS 20-00UTC cost=3.09bps,11,39,0.282,-2.55,168,0.9983110760440468,5,12,0.15,69,0.246,False
実測コスト格子,GBPAUD,Thu 04-08UTC cost=2.90bps,11,39,0.282,-5.61,169,0.9983110760440468,6,12,-0.7,69,0.333,False
実測コスト格子,USDCHF,Tue 00-04UTC cost=1.68bps,11,39,0.282,-1.87,170,0.9983110760440468,9,20,-0.95,69,0.377,False
実測コスト格子,GBPAUD,ThuS 08-12UTC cost=2.83bps,11,39,0.282,-4.06,169,0.9983110760440468,3,12,-4.41,69,0.348,False
実測コスト格子,EURGBP,WedS 16-00UTC cost=1.38bps,11,39,0.282,-2.51,168,0.9983110760440468,5,12,2.46,69,0.304,False
実測コスト格子,XAUUSD,FriS 00-08UTC cost=2.46bps,11,39,0.282,-9.4,170,0.9983110760440468,5,12,1.89,10,0.5,False
実測コスト格子,GBPUSD,Fri 00-08UTC cost=0.83bps,11,39,0.282,-3.29,170,0.9983110760440468,4,20,-4.15,70,0.414,False
実測コスト格子,USDCHF,Fri 00-04UTC cost=1.68bps,11,39,0.282,-2.61,170,0.9983110760440468,11,20,-0.98,70,0.371,False
実測コスト格子,GBPAUD,Wed 20-00UTC cost=3.09bps,11,39,0.282,-2.82,168,0.9983110760440468,3,12,-1.55,69,0.333,False
実測コスト格子,EURAUD,MonS 16-20UTC cost=2.01bps,11,39,0.282,-2.29,168,0.9983110760440468,6,12,-0.53,69,0.246,False
実測コスト格子,EURAUD,Thu 00-08UTC cost=2.28bps,11,39,0.282,-9.11,169,0.9983110760440468,7,12,3.04,69,0.42,False
実測コスト格子,GBPAUD,WedS 20-00UTC cost=3.09bps,11,39,0.282,-3.36,168,0.9983110760440468,3,12,-4.63,69,0.145,False
実測コスト格子,AUDJPY,MonS 04-08UTC cost=1.02bps,11,39,0.282,-3.86,168,0.9983110760440468,6,20,-6.38,69,0.377,False
実測コスト格子,EURJPY,MonS 08-16UTC cost=0.80bps,11,39,0.282,-9.25,168,0.9983110760440468,7,20,-2.65,69,0.464,False
実測コスト格子,CADJPY,Wed 16-00UTC cost=1.62bps,11,39,0.282,-6.97,168,0.9983110760440468,6,12,0.06,69,0.522,False
実測コスト格子,NZDJPY,MonS 04-08UTC cost=1.65bps,11,39,0.282,-4.76,168,0.9983110760440468,3,12,-6.1,69,0.319,False
実測コスト格子,EURUSD,Tue 12-16UTC cost=0.33bps,11,39,0.282,-3.96,170,0.9983110760440468,14,20,3.3,69,0.449,False
実測コスト格子,CHFJPY,Thu 04-08UTC cost=1.83bps,11,39,0.282,-2.11,169,0.9983110760440468,9,12,4.0,69,0.464,False
実測コスト格子,EURGBP,Mon 16-20UTC cost=1.30bps,11,39,0.282,-2.35,168,0.9983110760440468,3,12,-2.15,69,0.348,False
実測コスト格子,CHFJPY,ThuS 20-00UTC cost=1.97bps,11,39,0.282,-3.34,169,0.9983110760440468,6,12,-0.41,69,0.246,False
実測コスト格子,GBPJPY,WedS 00-04UTC cost=1.50bps,11,39,0.282,-5.77,169,0.9983110760440468,10,20,0.21,69,0.551,False
実測コスト格子,AUDUSD,Tue 00-04UTC cost=2.10bps,11,39,0.282,-2.99,170,0.9983110760440468,7,20,-4.21,69,0.507,False
実測コスト格子,USDJPY,WedS 00-04UTC cost=0.54bps,11,39,0.282,-5.96,169,0.9983110760440468,11,20,0.71,69,0.464,False
実測コスト格子,EURGBP,Thu 20-00UTC cost=1.41bps,11,39,0.282,-1.4,169,0.9983110760440468,8,12,1.47,69,0.29,False
実測コスト格子,AUDUSD,ThuS 00-04UTC cost=2.10bps,11,39,0.282,-6.18,169,0.9983110760440468,10,20,-1.81,69,0.435,False
実測コスト格子,NAS100,ThuS 08-12UTC cost=2.34bps,8,31,0.258,-5.36,135,0.9983365535736084,9,13,3.14,42,0.452,False
実測コスト格子,CHFJPY,WedS 12-16UTC cost=1.69bps,10,39,0.256,-6.55,167,0.9994674901827239,5,12,-3.07,69,0.362,False
実測コスト格子,CHFJPY,WedS 00-08UTC cost=1.97bps,10,39,0.256,-6.44,168,0.9994674901827239,4,12,-3.41,69,0.522,False
実測コスト格子,NZDUSD,MonS 20-00UTC cost=2.54bps,10,39,0.256,-3.44,168,0.9994674901827239,8,20,-2.49,69,0.304,False
実測コスト格子,EURAUD,Fri 04-08UTC cost=2.15bps,10,39,0.256,-3.44,170,0.9994674901827239,8,12,3.25,69,0.362,False
実測コスト格子,EURAUD,FriS 08-16UTC cost=2.06bps,10,39,0.256,-6.4,170,0.9994674901827239,4,12,-10.37,69,0.478,False
実測コスト格子,GBPAUD,Mon 16-20UTC cost=2.88bps,10,39,0.256,-1.63,168,0.9994674901827239,4,12,-3.56,69,0.348,False
実測コスト格子,GBPJPY,MonS 16-00UTC cost=1.44bps,10,39,0.256,-5.37,168,0.9994674901827239,4,20,-5.34,69,0.42,False
実測コスト格子,EURUSD,MonS 20-00UTC cost=0.39bps,10,39,0.256,-1.72,168,0.9994674901827239,8,20,-1.22,69,0.435,False
実測コスト格子,AUDJPY,MonS 08-16UTC cost=1.01bps,10,39,0.256,-10.1,168,0.9994674901827239,6,20,-6.13,69,0.348,False
実測コスト格子,AUDJPY,TueS 16-20UTC cost=1.05bps,10,39,0.256,-4.25,170,0.9994674901827239,7,20,-4.57,69,0.435,False
実測コスト格子,USDJPY,MonS 08-16UTC cost=0.45bps,10,39,0.256,-9.21,168,0.9994674901827239,9,20,0.38,69,0.507,False
実測コスト格子,CADJPY,MonS 04-08UTC cost=1.67bps,10,39,0.256,-4.43,168,0.9994674901827239,5,12,-4.62,69,0.333,False
実測コスト格子,USDJPY,MonS 12-16UTC cost=0.45bps,10,39,0.256,-6.11,168,0.9994674901827239,6,20,-1.79,69,0.522,False
実測コスト格子,EURGBP,FriS 00-04UTC cost=1.43bps,10,39,0.256,-2.11,170,0.9994674901827239,3,12,-2.41,70,0.286,False
実測コスト格子,CHFJPY,Mon 20-00UTC cost=1.97bps,10,39,0.256,-1.28,168,0.9994674901827239,3,12,-4.52,69,0.203,False
実測コスト格子,EURJPY,Thu 08-16UTC cost=0.80bps,10,39,0.256,-6.73,169,0.9994674901827239,9,20,-6.51,69,0.42,False
実測コスト格子,EURJPY,Wed 20-00UTC cost=0.86bps,10,39,0.256,-4.94,168,0.9994674901827239,3,20,-5.14,69,0.493,False
実測コスト格子,CHFJPY,MonS 04-08UTC cost=1.83bps,10,39,0.256,-4.18,168,0.9994674901827239,4,12,-2.71,69,0.333,False
実測コスト格子,EURGBP,Tue 00-04UTC cost=1.43bps,10,39,0.256,-1.96,170,0.9994674901827239,4,12,-1.3,69,0.377,False
実測コスト格子,EURAUD,Wed 04-08UTC cost=2.15bps,10,39,0.256,-3.13,168,0.9994674901827239,3,12,-5.69,69,0.319,False
実測コスト格子,GER40,Tue 00-04UTC cost=3.75bps,10,39,0.256,-5.42,169,0.9994674901827239,5,20,-8.59,42,0.452,False
実測コスト格子,GBPAUD,Thu 16-20UTC cost=2.88bps,10,39,0.256,-2.9,166,0.9994674901827239,5,12,-2.3,69,0.362,False
実測コスト格子,EURAUD,Thu 04-08UTC cost=2.15bps,10,39,0.256,-5.24,169,0.9994674901827239,6,12,1.57,69,0.362,False
実測コスト格子,GER40,ThuS 00-04UTC cost=3.75bps,10,39,0.256,-3.94,169,0.9994674901827239,6,20,0.27,42,0.429,False
実測コスト格子,GBPAUD,TueS 00-04UTC cost=3.09bps,10,39,0.256,-4.54,170,0.9994674901827239,3,12,-4.16,69,0.391,False
実測コスト格子,EURAUD,FriS 12-16UTC cost=2.03bps,10,39,0.256,-5.6,170,0.9994674901827239,3,12,-5.8,69,0.406,False
実測コスト格子,XAUUSD,TueS 20-00UTC cost=2.49bps,10,39,0.256,-3.25,170,0.9994674901827239,3,12,-3.33,9,0.444,False
実測コスト格子,GBPAUD,FriS 08-16UTC cost=2.86bps,10,39,0.256,-6.95,170,0.9994674901827239,6,12,-7.33,69,0.478,False
実測コスト格子,GBPAUD,WedS 16-00UTC cost=3.01bps,9,39,0.231,-6.26,167,0.9998529615622829,5,12,0.53,69,0.406,False
実測コスト格子,GER40,ThuS 20-00UTC cost=4.50bps,9,39,0.231,-4.39,165,0.9998529615622829,3,20,-6.34,41,0.244,False
実測コスト格子,EURAUD,Tue 16-20UTC cost=2.01bps,9,39,0.231,-3.24,170,0.9998529615622829,6,12,-0.62,69,0.377,False
実測コスト格子,EURAUD,WedS 20-00UTC cost=2.21bps,9,39,0.231,-3.5,168,0.9998529615622829,4,12,-4.13,69,0.159,False
実測コスト格子,GBPAUD,FriS 16-20UTC cost=2.88bps,9,39,0.231,-4.39,169,0.9998529615622829,3,12,-3.06,69,0.362,False
実測コスト格子,EURGBP,MonS 20-00UTC cost=1.41bps,9,39,0.231,-0.59,168,0.9998529615622829,2,12,-1.81,69,0.406,False
実測コスト格子,CHFJPY,Wed 20-00UTC cost=1.97bps,9,39,0.231,-5.09,168,0.9998529615622829,1,12,-7.5,69,0.333,False
実測コスト格子,CHFJPY,WedS 00-04UTC cost=2.07bps,9,39,0.231,-5.47,169,0.9998529615622829,2,12,-3.17,69,0.478,False
実測コスト格子,CHFJPY,TueS 16-20UTC cost=1.77bps,9,39,0.231,-3.86,170,0.9998529615622829,2,12,-6.13,69,0.435,False
実測コスト格子,EURGBP,ThuS 20-00UTC cost=1.41bps,9,39,0.231,-1.42,169,0.9998529615622829,0,12,-4.29,69,0.406,False
実測コスト格子,XAUUSD,FriS 00-04UTC cost=2.54bps,9,39,0.231,-7.64,170,0.9998529615622829,5,12,1.04,10,0.5,False
実測コスト格子,USDCHF,WedS 00-04UTC cost=1.68bps,9,39,0.231,-3.84,169,0.9998529615622829,8,20,-0.45,69,0.246,False
実測コスト格子,GER40,Mon 00-04UTC cost=3.75bps,9,39,0.231,-7.66,166,0.9998529615622829,10,20,-1.96,42,0.357,False
実測コスト格子,GBPAUD,Thu 00-08UTC cost=3.04bps,9,39,0.231,-9.8,169,0.9998529615622829,6,12,0.63,69,0.406,False
実測コスト格子,GER40,Wed 00-04UTC cost=3.75bps,9,39,0.231,-4.46,168,0.9998529615622829,8,20,-1.53,42,0.476,False
実測コスト格子,EURAUD,MonS 16-00UTC cost=2.16bps,9,39,0.231,-2.9,168,0.9998529615622829,5,12,-1.66,69,0.275,False
実測コスト格子,EURAUD,ThuS 20-00UTC cost=2.21bps,9,39,0.231,-3.21,169,0.9998529615622829,1,12,-5.31,69,0.232,False
実測コスト格子,EURAUD,Thu 00-04UTC cost=2.27bps,9,39,0.231,-6.0,169,0.9998529615622829,6,12,-0.63,69,0.493,False
実測コスト格子,NZDUSD,Thu 20-00UTC cost=2.54bps,9,39,0.231,-3.59,169,0.9998529615622829,9,20,-2.08,69,0.333,False
実測コスト格子,CADJPY,Wed 20-00UTC cost=1.67bps,9,39,0.231,-6.59,168,0.9998529615622829,1,12,-8.26,69,0.304,False
実測コスト格子,EURJPY,TueS 16-20UTC cost=0.77bps,9,39,0.231,-2.8,170,0.9998529615622829,5,20,-4.07,69,0.42,False
実測コスト格子,AUDJPY,Wed 20-00UTC cost=1.11bps,9,39,0.231,-6.58,168,0.9998529615622829,2,20,-7.77,69,0.406,False
実測コスト格子,GBPAUD,Thu 00-04UTC cost=3.09bps,9,39,0.231,-7.12,169,0.9998529615622829,6,12,-1.69,69,0.377,False
実測コスト格子,GBPAUD,Mon 00-04UTC cost=3.09bps,9,39,0.231,-4.53,169,0.9998529615622829,3,12,-4.08,69,0.217,False
実測コスト格子,USDCHF,Tue 20-00UTC cost=1.60bps,9,39,0.231,-2.33,169,0.9998529615622829,9,20,-2.46,69,0.246,False
実測コスト格子,EURAUD,WedS 16-00UTC cost=2.16bps,8,39,0.205,-6.69,168,0.9999648726079613,6,12,5.22,69,0.391,False
実測コスト格子,CHFJPY,MonS 20-00UTC cost=1.97bps,8,39,0.205,-2.65,168,0.9999648726079613,6,12,0.59,69,0.319,False
実測コスト格子,EURJPY,MonS 12-16UTC cost=0.73bps,8,39,0.205,-5.25,168,0.9999648726079613,10,20,-2.14,69,0.435,False
実測コスト格子,GBPAUD,FriS 12-16UTC cost=2.81bps,8,39,0.205,-5.7,170,0.9999648726079613,4,12,-2.95,69,0.478,False
実測コスト格子,USDCHF,Wed 20-00UTC cost=1.60bps,8,39,0.205,-3.69,168,0.9999648726079613,5,20,-5.32,69,0.203,False
実測コスト格子,XAUUSD,FriS 20-00UTC cost=2.49bps,8,39,0.205,-4.89,170,0.9999648726079613,4,12,-4.09,9,0.0,False
実測コスト格子,GBPAUD,Thu 20-00UTC cost=3.09bps,8,39,0.205,-2.23,168,0.9999648726079613,3,12,-2.89,69,0.319,False
実測コスト格子,USDCHF,Mon 20-00UTC cost=1.60bps,8,39,0.205,-2.44,168,0.9999648726079613,6,20,-1.16,69,0.261,False
実測コスト格子,XAUUSD,WedS 20-00UTC cost=2.49bps,7,39,0.179,-7.04,169,0.9999928503693809,2,12,-9.4,9,0.333,False
実測コスト格子,GBPJPY,Wed 20-00UTC cost=1.46bps,7,39,0.179,-6.58,168,0.9999928503693809,1,20,-6.99,69,0.435,False
実測コスト格子,EURGBP,Mon 16-00UTC cost=1.38bps,7,39,0.179,-3.25,168,0.9999928503693809,4,12,-1.83,69,0.377,False
実測コスト格子,AUDUSD,MonS 20-00UTC cost=2.13bps,7,39,0.179,-3.1,168,0.9999928503693809,6,20,-1.8,69,0.406,False
実測コスト格子,CADJPY,WedS 00-04UTC cost=1.78bps,7,39,0.179,-6.49,169,0.9999928503693809,4,12,0.16,69,0.478,False
実測コスト格子,EURGBP,TueS 20-00UTC cost=1.41bps,7,39,0.179,-1.7,169,0.9999928503693809,4,12,-1.34,69,0.261,False
実測コスト格子,EURAUD,MonS 20-00UTC cost=2.21bps,7,39,0.179,-2.66,168,0.9999928503693809,3,12,-3.18,69,0.232,False
実測コスト格子,GBPAUD,ThuS 20-00UTC cost=3.09bps,7,39,0.179,-3.95,168,0.9999928503693809,3,12,-3.29,69,0.275,False
実測コスト格子,USDCHF,Thu 20-00UTC cost=1.60bps,7,39,0.179,-3.02,169,0.9999928503693809,3,20,-4.25,69,0.275,False
実測コスト格子,GER40,TueS 20-00UTC cost=4.50bps,7,39,0.179,-7.19,167,0.9999928503693809,4,20,-10.68,41,0.244,False
実測コスト格子,XAUUSD,ThuS 20-00UTC cost=2.49bps,7,39,0.179,-5.75,169,0.9999928503693809,2,12,-13.02,9,0.667,False
実測コスト格子,GBPAUD,MonS 16-20UTC cost=2.88bps,7,39,0.179,-4.13,168,0.9999928503693809,4,12,-2.2,69,0.319,False
実測コスト格子,GBPAUD,Tue 20-00UTC cost=3.09bps,6,39,0.154,-3.63,168,0.9999987850460457,2,12,-6.33,69,0.232,False
実測コスト格子,GBPAUD,Tue 16-20UTC cost=2.88bps,6,39,0.154,-5.96,170,0.9999987850460457,4,12,-0.79,69,0.391,False
実測コスト格子,EURGBP,Mon 20-00UTC cost=1.41bps,6,39,0.154,-2.23,168,0.9999987850460457,5,12,-1.01,69,0.217,False
実測コスト格子,GER40,MonS 20-00UTC cost=4.50bps,6,39,0.154,-8.03,163,0.9999987850460457,6,20,-4.96,41,0.244,False
実測コスト格子,GBPAUD,MonS 20-00UTC cost=3.09bps,6,39,0.154,-4.3,168,0.9999987850460457,2,12,-3.56,69,0.145,False
実測コスト格子,GBPAUD,Tue 16-00UTC cost=3.01bps,6,39,0.154,-6.44,168,0.9999987850460457,4,12,-4.16,69,0.391,False
実測コスト格子,GBPAUD,MonS 16-00UTC cost=3.01bps,5,39,0.128,-5.48,168,0.9999998323419277,5,12,-2.81,69,0.333,False
実測コスト格子,EURGBP,WedS 20-00UTC cost=1.41bps,5,39,0.128,-2.3,168,0.9999998323419277,4,12,-1.96,69,0.261,False
実測コスト格子,XAUUSD,MonS 20-00UTC cost=2.49bps,4,39,0.103,-5.46,170,0.9999999819556251,2,12,-7.71,9,0.0,False
実測コスト格子,EURAUD,FriS 16-00UTC cost=2.16bps,0,0,,,0,1.0,0,0,,0,,False
実測コスト格子,US500,FriS 20-00UTC cost=1.33bps,0,0,,,0,1.0,0,0,,0,,False
実測コスト格子,US500,Fri 16-00UTC cost=1.32bps,0,0,,,0,1.0,0,0,,0,,False
実測コスト格子,US500,FriS 16-00UTC cost=1.32bps,0,0,,,0,1.0,0,0,,0,,False
実測コスト格子,US500,Fri 20-00UTC cost=1.33bps,0,0,,,0,1.0,0,0,,0,,False
実測コスト格子,GBPAUD,FriS 16-00UTC cost=3.01bps,0,0,,,0,1.0,0,0,,0,,False
実測コスト格子,GBPAUD,Fri 20-00UTC cost=3.09bps,0,0,,,0,1.0,0,0,,0,,False
実測コスト格子,GBPAUD,FriS 20-00UTC cost=3.09bps,0,0,,,0,1.0,0,0,,0,,False
実測コスト格子,GBPAUD,Fri 16-00UTC cost=3.01bps,0,0,,,0,1.0,0,0,,0,,False
実測コスト格子,GER40,Fri 16-00UTC cost=3.17bps,0,0,,,0,1.0,0,0,,0,,False
実測コスト格子,GER40,FriS 20-00UTC cost=4.50bps,0,0,,,0,1.0,0,0,,0,,False
実測コスト格子,GER40,Fri 20-00UTC cost=4.50bps,0,0,,,0,1.0,0,0,,0,,False
実測コスト格子,GER40,FriS 16-00UTC cost=3.17bps,0,0,,,0,1.0,0,0,,0,,False
実測コスト格子,EURAUD,FriS 20-00UTC cost=2.21bps,0,0,,,0,1.0,0,0,,0,,False
実測コスト格子,EURAUD,Fri 20-00UTC cost=2.21bps,0,0,,,0,1.0,0,0,,0,,False
実測コスト格子,EURAUD,Fri 16-00UTC cost=2.16bps,0,0,,,0,1.0,0,0,,0,,False
実測コスト格子,EURUSD,Fri 20-00UTC cost=0.39bps,0,0,,,0,1.0,0,0,,0,,False
実測コスト格子,USDCHF,FriS 16-00UTC cost=1.57bps,0,0,,,0,1.0,0,0,,0,,False
実測コスト格子,USDCHF,Fri 16-00UTC cost=1.57bps,0,0,,,0,1.0,0,0,,0,,False
実測コスト格子,USDCHF,Fri 20-00UTC cost=1.60bps,0,0,,,0,1.0,0,0,,0,,False
実測コスト格子,USDCHF,FriS 20-00UTC cost=1.60bps,0,0,,,0,1.0,0,0,,0,,False
実測コスト格子,GBPUSD,Fri 20-00UTC cost=0.84bps,0,0,,,0,1.0,0,0,,0,,False
実測コスト格子,GBPUSD,FriS 16-00UTC cost=0.83bps,0,0,,,0,1.0,0,0,,0,,False
実測コスト格子,GBPUSD,Fri 16-00UTC cost=0.83bps,0,0,,,0,1.0,0,0,,0,,False
実測コスト格子,GBPUSD,FriS 20-00UTC cost=0.84bps,0,0,,,0,1.0,0,0,,0,,False
実測コスト格子,AUDJPY,Fri 16-00UTC cost=1.05bps,0,0,,,0,1.0,0,0,,0,,False
実測コスト格子,USDJPY,Fri 16-00UTC cost=0.49bps,0,0,,,0,1.0,0,0,,0,,False
実測コスト格子,USDJPY,FriS 16-00UTC cost=0.49bps,0,0,,,0,1.0,0,0,,0,,False
実測コスト格子,USDJPY,Fri 20-00UTC cost=0.52bps,0,0,,,0,1.0,0,0,,0,,False
実測コスト格子,USDJPY,FriS 20-00UTC cost=0.52bps,0,0,,,0,1.0,0,0,,0,,False
実測コスト格子,AUDJPY,Fri 20-00UTC cost=1.11bps,0,0,,,0,1.0,0,0,,0,,False
実測コスト格子,AUDJPY,FriS 20-00UTC cost=1.11bps,0,0,,,0,1.0,0,0,,0,,False
実測コスト格子,CADJPY,FriS 16-00UTC cost=1.62bps,0,0,,,0,1.0,0,0,,0,,False
実測コスト格子,CADJPY,Fri 16-00UTC cost=1.62bps,0,0,,,0,1.0,0,0,,0,,False
実測コスト格子,NZDJPY,Fri 16-00UTC cost=1.64bps,0,0,,,0,1.0,0,0,,0,,False
実測コスト格子,NZDJPY,FriS 16-00UTC cost=1.64bps,0,0,,,0,1.0,0,0,,0,,False
実測コスト格子,NZDJPY,FriS 20-00UTC cost=1.80bps,0,0,,,0,1.0,0,0,,0,,False
実測コスト格子,NZDJPY,Fri 20-00UTC cost=1.80bps,0,0,,,0,1.0,0,0,,0,,False
実測コスト格子,EURUSD,FriS 20-00UTC cost=0.39bps,0,0,,,0,1.0,0,0,,0,,False
実測コスト格子,EURUSD,Fri 16-00UTC cost=0.39bps,0,0,,,0,1.0,0,0,,0,,False
実測コスト格子,EURUSD,FriS 16-00UTC cost=0.39bps,0,0,,,0,1.0,0,0,,0,,False
実測コスト格子,EURGBP,Fri 20-00UTC cost=1.41bps,0,0,,,0,1.0,0,0,,0,,False
実測コスト格子,CADJPY,Fri 20-00UTC cost=1.67bps,0,0,,,0,1.0,0,0,,0,,False
実測コスト格子,CADJPY,FriS 20-00UTC cost=1.67bps,0,0,,,0,1.0,0,0,,0,,False
実測コスト格子,NZDUSD,Fri 20-00UTC cost=2.54bps,0,0,,,0,1.0,0,0,,0,,False
実測コスト格子,NZDUSD,FriS 20-00UTC cost=2.54bps,0,0,,,0,1.0,0,0,,0,,False
実測コスト格子,NZDUSD,FriS 16-00UTC cost=2.50bps,0,0,,,0,1.0,0,0,,0,,False
実測コスト格子,NZDUSD,Fri 16-00UTC cost=2.50bps,0,0,,,0,1.0,0,0,,0,,False
実測コスト格子,EURJPY,Fri 16-00UTC cost=0.84bps,0,0,,,0,1.0,0,0,,0,,False
実測コスト格子,EURJPY,FriS 20-00UTC cost=0.86bps,0,0,,,0,1.0,0,0,,0,,False
実測コスト格子,EURJPY,Fri 20-00UTC cost=0.86bps,0,0,,,0,1.0,0,0,,0,,False
実測コスト格子,AUDUSD,FriS 20-00UTC cost=2.13bps,0,0,,,0,1.0,0,0,,0,,False
実測コスト格子,AUDUSD,Fri 20-00UTC cost=2.13bps,0,0,,,0,1.0,0,0,,0,,False
実測コスト格子,EURGBP,FriS 16-00UTC cost=1.38bps,0,0,,,0,1.0,0,0,,0,,False
実測コスト格子,EURGBP,Fri 16-00UTC cost=1.38bps,0,0,,,0,1.0,0,0,,0,,False
実測コスト格子,AUDJPY,FriS 16-00UTC cost=1.05bps,0,0,,,0,1.0,0,0,,0,,False
実測コスト格子,EURGBP,FriS 20-00UTC cost=1.41bps,0,0,,,0,1.0,0,0,,0,,False
実測コスト格子,AUDUSD,Fri 16-00UTC cost=2.11bps,0,0,,,0,1.0,0,0,,0,,False
実測コスト格子,AUDUSD,FriS 16-00UTC cost=2.11bps,0,0,,,0,1.0,0,0,,0,,False
実測コスト格子,EURJPY,FriS 16-00UTC cost=0.84bps,0,0,,,0,1.0,0,0,,0,,False
実測コスト格子,GBPJPY,Fri 16-00UTC cost=1.44bps,0,0,,,0,1.0,0,0,,0,,False
実測コスト格子,GBPJPY,FriS 16-00UTC cost=1.44bps,0,0,,,0,1.0,0,0,,0,,False
実測コスト格子,GBPJPY,Fri 20-00UTC cost=1.46bps,0,0,,,0,1.0,0,0,,0,,False
実測コスト格子,GBPJPY,FriS 20-00UTC cost=1.46bps,0,0,,,0,1.0,0,0,,0,,False
実測コスト格子,CHFJPY,Fri 16-00UTC cost=1.94bps,0,0,,,0,1.0,0,0,,0,,False
実測コスト格子,CHFJPY,FriS 20-00UTC cost=1.97bps,0,0,,,0,1.0,0,0,,0,,False
実測コスト格子,CHFJPY,Fri 20-00UTC cost=1.97bps,0,0,,,0,1.0,0,0,,0,,False
実測コスト格子,CHFJPY,FriS 16-00UTC cost=1.94bps,0,0,,,0,1.0,0,0,,0,,False
